trade_id,market_id,round_id,direction,quantity,price_impact,abs_price_impact
1,1,1,no,2,-0.013885317746004877,0.013885317746004877
2,1,1,no,12,-0.08212987558051194,0.08212987558051194
3,1,1,yes,15,0.10295919127477754,0.10295919127477754
4,1,1,no,20,-0.13590866289823395,0.13590866289823395
5,1,1,yes,6,0.03965528885854669,0.03965528885854669
6,1,1,yes,1,0.006739169629111863,0.006739169629111863
7,1,1,yes,11,0.075626208514054,0.075626208514054
8,1,1,no,1,-0.006941319797744205,0.006941319797744205
9,1,1,no,1,-0.006935967626738038,0.006935967626738038
10,2,2,no,11,-0.07580005361580039,0.07580005361580039
11,2,2,yes,1,0.006798721047609868,0.006798721047609868
12,2,2,yes,1,0.006824831682392396,0.006824831682392396
13,2,2,yes,3,0.020606017668998278,0.020606017668998278
14,2,2,yes,1,0.006903969863395976,0.006903969863395976
15,2,2,yes,1,0.006917278298890717,0.006917278298890717
16,2,2,no,1,-0.006917278298890717,0.006917278298890717
17,3,7,yes,1,0.006943997948260727,0.006943997948260727
18,3,7,yes,11,0.075626208514054,0.075626208514054
19,3,7,yes,1,0.0067391696291118075,0.0067391696291118075
20,3,7,no,1,-0.0067391696291118075,0.0067391696291118075
21,3,7,yes,20,0.1260906185671209,0.1260906185671209
22,3,7,yes,1,0.005701604461620269,0.005701604461620269
23,3,7,no,9,-0.05360606072523866,0.05360606072523866
24,3,7,no,1,-0.006254119513938505,0.006254119513938505
25,3,7,no,14,-0.09232574836608065,0.09232574836608065
26,3,7,no,1,-0.0068484456234291224,0.0068484456234291224
27,3,7,yes,15,0.09917419398950977,0.09917419398950977
28,3,7,yes,18,0.10297333001094955,0.10297333001094955
29,3,7,no,1,-0.0051393804018998734,0.0051393804018998734
30,3,7,no,3,-0.015851353919253408,0.015851353919253408
31,3,7,no,1,-0.0054262663116700915,0.0054262663116700915
32,3,7,no,2,-0.011062038985387268,0.011062038985387268
33,3,7,yes,1,0.005565672514303843,0.005565672514303843
34,3,7,no,20,-0.12287687418042981,0.12287687418042981
35,3,7,no,3,-0.020115131516176943,0.020115131516176943
36,3,7,yes,20,0.1260906185671209,0.1260906185671209
37,3,7,yes,2,0.011335714615182013,0.011335714615182013
38,3,7,yes,16,0.0804182617016499,0.0804182617016499
39,3,7,no,3,-0.013646312183794751,0.013646312183794751
40,3,7,no,1,-0.004697221546987929,0.004697221546987929
41,3,7,no,3,-0.014536260571609061,0.014536260571609061
42,3,7,no,13,-0.07047572307846839,0.07047572307846839
43,3,7,no,1,-0.0058976716028927845,0.0058976716028927845
44,3,7,no,8,-0.04932756727378351,0.04932756727378351
45,3,7,no,9,-0.059263838626416376,0.059263838626416376
46,3,7,no,1,-0.006770152846514388,0.006770152846514388
47,3,7,yes,17,0.10940092304951532,0.10940092304951532
48,3,7,yes,2,0.011858307300091742,0.011858307300091742
49,3,7,no,7,-0.042557034713528674,0.042557034713528674
50,3,7,no,1,-0.006308029388134018,0.006308029388134018
51,3,7,yes,5,0.030984479311648272,0.030984479311648272
52,3,7,no,1,-0.006082521453160905,0.006082521453160905
53,3,7,yes,15,0.0843794015405962,0.0843794015405962
54,3,7,no,13,-0.07227460259751262,0.07227460259751262
55,3,7,no,5,-0.030698727413436933,0.030698727413436933
56,3,7,no,3,-0.019078689993518028,0.019078689993518028
57,3,7,no,1,-0.0064588943083874195,0.0064588943083874195
58,3,7,no,11,-0.07363660968760433,0.07363660968760433
59,3,7,yes,10,0.06713127593948565,0.06713127593948565
60,3,7,no,8,-0.05345799863366407,0.05345799863366407
61,3,7,yes,7,0.046908258975322914,0.046908258975322914
62,3,7,yes,2,0.013055073406459838,0.013055073406459838
63,3,7,yes,1,0.0064588943083874195,0.0064588943083874195
64,3,7,yes,19,0.1117007080123088,0.1117007080123088
65,3,7,yes,7,0.03494700034481535,0.03494700034481535
66,3,7,no,13,-0.06770883812442896,0.06770883812442896
67,3,7,no,10,-0.05986018023917716,0.05986018023917716
68,3,7,no,4,-0.025537584301905447,0.025537584301905447
69,3,7,no,3,-0.0196471231064127,0.0196471231064127
70,3,7,yes,8,0.05143882692225665,0.05143882692225665
71,3,7,no,1,-0.006254119513938505,0.006254119513938505
72,3,7,yes,13,0.07655632937812618,0.07655632937812618
73,3,7,yes,6,0.0314833930260926,0.0314833930260926
74,3,7,no,5,-0.026057126714422507,0.026057126714422507
75,3,7,no,1,-0.0054262663116700915,0.0054262663116700915
76,3,7,no,1,-0.005496366471083425,0.005496366471083425
77,3,7,yes,13,0.06582926051503357,0.06582926051503357
78,3,7,no,16,-0.08273064764451943,0.08273064764451943
79,3,7,no,8,-0.04790445626361839,0.04790445626361839
80,3,7,no,1,-0.006254119513938505,0.006254119513938505
81,3,7,no,12,-0.07870219563607839,0.07870219563607839
82,3,7,yes,1,0.006770152846514388,0.006770152846514388
83,3,7,yes,3,0.020115131516176943,0.020115131516176943
84,3,7,yes,1,0.006632203865068909,0.006632203865068909
85,3,7,no,2,-0.013302348517043816,0.013302348517043816
86,3,7,yes,20,0.12398134631810087,0.12398134631810087
87,3,7,yes,5,0.027127727626051867,0.027127727626051867
88,3,7,no,16,-0.09262201801879077,0.09262201801879077
89,3,7,no,5,-0.03204291805002413,0.03204291805002413
90,3,7,yes,1,0.00650533374811868,0.00650533374811868
91,3,7,no,20,-0.13590866289823395,0.13590866289823395
92,3,7,no,5,-0.034626485268539176,0.034626485268539176
93,3,7,yes,1,0.006903969863395976,0.006903969863395976
94,3,7,yes,1,0.006917278298890717,0.006917278298890717
95,3,7,yes,4,0.027749235054513155,0.027749235054513155
96,3,7,yes,11,0.07580005361580033,0.07580005361580033
97,3,7,yes,1,0.006770152846514388,0.006770152846514388
98,3,7,no,11,-0.075626208514054,0.075626208514054
99,3,7,yes,1,0.00694131979774415,0.00694131979774415
100,3,7,yes,13,0.08880002023248679,0.08880002023248679
101,3,7,yes,1,0.006632203865068909,0.006632203865068909
102,3,7,yes,1,0.006592049699952862,0.006592049699952862
103,3,7,yes,1,0.006549739658341158,0.006549739658341158
104,3,7,no,20,-0.13634464894785947,0.13634464894785947
105,3,7,no,9,-0.06191473586979551,0.06191473586979551
106,3,7,yes,20,0.13797655450159846,0.13797655450159846
107,3,7,yes,8,0.053733090657715366,0.053733090657715366
108,3,7,yes,15,0.09275123348592218,0.09275123348592218
109,3,7,yes,1,0.005701604461620269,0.005701604461620269
110,3,7,no,1,-0.005701604461620269,0.005701604461620269
111,3,7,no,10,-0.06046660516569091,0.06046660516569091
112,3,7,yes,1,0.006308029388134018,0.006308029388134018
113,3,7,no,1,-0.006308029388134018,0.006308029388134018
114,3,7,yes,17,0.09893004740692479,0.09893004740692479
115,3,7,yes,17,0.07859041155074509,0.07859041155074509
116,3,7,no,1,-0.00403373492910708,0.00403373492910708
117,3,7,no,1,-0.0041064676986638515,0.0041064676986638515
118,3,7,no,3,-0.012759153207483886,0.012759153207483886
119,3,7,no,1,-0.004400521639892241,0.004400521639892241
120,3,7,yes,15,0.05840906321187256,0.05840906321187256
121,3,7,no,1,-0.003401615024017257,0.003401615024017257
122,3,7,no,3,-0.010614495771219867,0.010614495771219867
123,3,7,no,1,-0.0036768586438180595,0.0036768586438180595
124,3,7,no,15,-0.06383103394439382,0.06383103394439382
125,3,7,yes,5,0.023114940171576448,0.023114940171576448
126,3,7,no,2,-0.00902332867231248,0.00902332867231248
127,3,7,no,4,-0.018937089866771117,0.018937089866771117
128,3,7,no,3,-0.014978803544355657,0.014978803544355657
129,3,7,no,16,-0.09052069408926966,0.09052069408926966
130,3,7,no,1,-0.0061985164077413835,0.0061985164077413835
131,3,7,yes,1,0.0061985164077413835,0.0061985164077413835
132,3,7,no,1,0.00614129254867346,0.00614129254867346
133,3,7,yes,1,0.006082521453160905,0.006082521453160905
134,3,7,no,1,-0.006082521453160905,0.006082521453160905
135,3,7,yes,2,0.012104798943083583,0.012104798943083583
136,3,7,yes,1,0.005960635697198957,0.005960635697198957
137,3,7,no,5,-0.030405243596697384,0.030405243596697384
138,3,7,no,1,-0.006254119513938505,0.006254119513938505
139,3,7,yes,20,0.11303275779199706,0.11303275779199706
140,3,7,yes,2,0.009764854130815293,0.009764854130815293
141,3,7,yes,6,0.02751546181146869,0.02751546181146869
142,3,7,no,2,-0.008875099945389042,0.008875099945389042
143,3,7,yes,4,0.017454694866068543,0.017454694866068543
144,3,7,no,1,-0.004252962151704676,0.004252962151704676
145,3,7,no,1,0.004252962151704676,0.004252962151704676
146,3,7,yes,1,0.004179558286804386,0.004179558286804386
147,3,7,no,19,-0.09201226403472218,0.09201226403472218
148,3,7,no,1,0.005496366471083425,0.005496366471083425
149,3,7,no,2,-0.011062038985387268,0.011062038985387268
150,3,7,no,2,-0.011335714615182013,0.011335714615182013
151,3,7,yes,1,0.005701604461620269,0.005701604461620269
152,3,7,no,1,-0.005701604461620269,0.005701604461620269
153,3,7,yes,1,0.005701604461620269,0.005701604461620269
154,3,7,no,8,-0.047407544317497274,0.047407544317497274
155,3,7,yes,1,0.00614129254867346,0.00614129254867346
156,3,7,no,12,-0.07708098439571531,0.07708098439571531
157,3,7,yes,8,0.052179026537227946,0.052179026537227946
158,3,7,yes,1,0.006308029388134018,0.006308029388134018
159,3,7,yes,17,0.09783394960904968,0.09783394960904968
160,3,7,no,14,-0.07924002113869633,0.07924002113869633
161,3,7,no,1,-0.00614129254867346,0.00614129254867346
162,3,7,yes,13,0.07488540531527821,0.07488540531527821
163,3,7,yes,18,0.08387438833257777,0.08387438833257777
164,3,7,yes,1,0.003961402534739644,0.003961402534739644
165,3,7,no,8,-0.033735858315383505,0.033735858315383505
166,3,7,no,1,-0.004548750366815679,0.004548750366815679
167,3,7,no,10,-0.049551182185118225,0.049551182185118225
168,3,7,no,1,-0.00535544554716183,0.00535544554716183
169,3,7,yes,5,0.026057126714422507,0.026057126714422507
170,3,7,no,9,-0.04817954216504161,0.04817954216504161
171,3,7,no,20,-0.12505305339962935,0.12505305339962935
172,3,7,no,1,-0.0067391696291118075,0.0067391696291118075
173,3,7,yes,1,0.0067391696291118075,0.0067391696291118075
174,3,7,yes,3,0.020008165752134044,0.020008165752134044
175,3,7,no,4,-0.02674733538124585,0.02674733538124585
176,3,7,yes,2,0.013444986864202035,0.013444986864202035
177,3,7,yes,1,0.0066701446519749075,0.0066701446519749075
178,3,7,yes,1,0.006632203865068909,0.006632203865068909
179,3,7,yes,1,0.006592049699952862,0.006592049699952862
180,3,7,yes,2,0.013055073406459838,0.013055073406459838
181,3,7,yes,1,0.0064588943083874195,0.0064588943083874195
182,3,7,yes,1,0.006410485830370405,0.006410485830370405
183,3,7,no,1,-0.006410485830370405,0.006410485830370405
184,3,7,yes,10,0.0616357247070467,0.0616357247070467
185,3,7,no,1,-0.0058976716028927845,0.0058976716028927845
186,3,7,yes,6,0.03440059979640686,0.03440059979640686
187,3,7,no,1,-0.005565672514303843,0.005565672514303843
188,3,7,no,13,-0.07816249455588653,0.07816249455588653
189,3,7,yes,1,0.006360174775013605,0.006360174775013605
190,3,7,no,1,0.006308029388134018,0.006308029388134018
191,3,7,yes,1,0.006254119513938505,0.006254119513938505
192,3,7,yes,7,0.042136376247851826,0.042136376247851826
193,3,7,yes,1,0.0057680800157665635,0.0057680800157665635
649,3,8,yes,2,0.007995137463846724,0.007995137463846724
194,3,7,yes,1,0.005701604461620269,0.005701604461620269
195,3,7,no,1,-0.005701604461620269,0.005701604461620269
196,3,7,no,1,0.005701604461620269,0.005701604461620269
197,3,7,no,16,-0.09845283794754245,0.09845283794754245
198,3,7,yes,20,0.12057525339816155,0.12057525339816155
199,3,7,yes,1,0.00535544554716183,0.00535544554716183
200,3,7,yes,3,0.01563528877399145,0.01563528877399145
201,3,7,no,13,-0.07227460259751262,0.07227460259751262
202,3,7,yes,7,0.04036123549360582,0.04036123549360582
650,3,8,no,2,-0.007995137463846724,0.007995137463846724
203,3,7,yes,1,-0.005565672514303843,0.005565672514303843
651,3,8,no,9,0.03374130564181532,0.03374130564181532
652,3,8,no,1,-0.0034694475658122448,0.0034694475658122448
204,3,7,yes,1,0.005565672514303843,0.005565672514303843
205,3,7,yes,6,0.0319133671039068,0.0319133671039068
206,3,7,yes,7,0.033915893411126774,0.033915893411126774
207,3,7,no,1,-0.00462298351148227,0.00462298351148227
208,3,7,no,16,-0.08387574414880372,0.08387574414880372
209,3,7,no,10,-0.061058699924937954,0.061058699924937954
210,3,7,yes,1,0.006360174775013605,0.006360174775013605
211,3,7,yes,1,0.006308029388134018,0.006308029388134018
212,3,7,yes,2,0.012452635921679889,0.012452635921679889
213,3,7,yes,1,0.00614129254867346,0.00614129254867346
214,3,7,yes,17,0.09443882932164371,0.09443882932164371
215,3,7,no,8,-0.04197279488495431,0.04197279488495431
216,3,7,yes,4,0.021562055111748024,0.021562055111748024
653,3,8,no,1,-0.003537950757597441,0.003537950757597441
217,3,7,yes,1,0.0052119315902589,0.0052119315902589
218,3,7,yes,7,0.03443229030154438,0.03443229030154438
219,3,7,no,1,-0.004697221546987929,0.004697221546987929
220,3,7,yes,18,0.07335098191863798,0.07335098191863798
221,3,7,yes,1,0.003401615024017257,0.003401615024017257
222,3,7,no,20,-0.081524003383449,0.081524003383449
223,3,7,no,14,-0.07440711616102202,0.07440711616102202
224,3,7,yes,1,0.0057680800157665635,0.0057680800157665635
654,3,8,yes,12,-0.048000049864445615,0.048000049864445615
225,3,7,yes,1,0.005701604461620269,0.005701604461620269
226,3,7,no,1,-0.005701604461620269,0.005701604461620269
655,3,8,yes,5,0.02126614254603998,0.02126614254603998
227,3,7,no,1,0.005701604461620269,0.005701604461620269
656,3,8,yes,1,-0.0041064676986638515,0.0041064676986638515
657,3,8,no,4,-0.017159674847376127,0.017159674847376127
228,3,7,yes,11,0.05809195331612804,0.05809195331612804
658,3,8,yes,1,-0.004474578305496801,0.004474578305496801
229,3,7,no,1,-0.0049193757633081425,0.0049193757633081425
230,3,7,yes,7,0.03287979430239174,0.03287979430239174
231,3,7,yes,13,0.051538000622043056,0.051538000622043056
659,3,8,yes,1,0.004474578305496801,0.004474578305496801
232,3,7,no,1,-0.003537950757597441,0.003537950757597441
233,3,7,no,1,-0.0036070974478101814,0.0036070974478101814
234,3,7,no,13,-0.053416281088947914,0.053416281088947914
235,3,7,yes,15,0.06056132929435554,0.06056132929435554
236,3,7,yes,2,-0.0071450482054076225,0.0071450482054076225
237,3,7,no,5,-0.019093074941488375,0.019093074941488375
238,3,7,yes,9,0.0331091857367255,0.0331091857367255
239,3,7,no,1,-0.003401615024017257,0.003401615024017257
240,3,7,no,1,-0.0034694475658122448,0.0034694475658122448
241,3,7,no,20,-0.0844177949244348,0.0844177949244348
242,3,7,no,3,-0.015198808182947388,0.015198808182947388
243,3,7,yes,1,0.0051393804018998734,0.0051393804018998734
244,3,7,no,5,-0.026417000632823373,0.026417000632823373
660,3,8,no,4,-0.01834353373078268,0.01834353373078268
245,3,7,no,1,-0.005496366471083425,0.005496366471083425
246,3,7,yes,13,-0.07736799229517677,0.07736799229517677
661,3,8,yes,1,0.004697221546987929,0.004697221546987929
247,3,7,yes,7,0.04296739249876991,0.04296739249876991
248,3,7,yes,1,0.0058976716028927845,0.0058976716028927845
662,3,8,no,3,-0.014314106355288847,0.014314106355288847
663,3,8,no,1,-0.0049193757633081425,0.0049193757633081425
664,3,8,no,1,0.0049193757633081425,0.0049193757633081425
665,3,8,no,12,0.05326029601423066,0.05326029601423066
249,3,7,no,5,0.028502928193514077,0.028502928193514077
250,3,7,yes,1,0.005496366471083425,0.005496366471083425
251,3,7,no,1,-0.005496366471083425,0.005496366471083425
252,3,7,yes,19,0.09201226403472218,0.09201226403472218
666,3,8,no,1,-0.00403373492910708,0.00403373492910708
253,3,7,no,8,-0.03550320857815881,0.03550320857815881
254,3,7,no,10,-0.05101268898547995,0.05101268898547995
667,3,8,yes,1,0.00403373492910708,0.00403373492910708
255,3,7,yes,1,0.0054262663116700915,0.0054262663116700915
668,3,8,yes,1,0.003961402534739644,0.003961402534739644
256,3,7,no,2,-0.010922632782753516,0.010922632782753516
257,3,7,yes,1,0.005496366471083425,0.005496366471083425
258,3,7,yes,2,0.010781711858831922,0.010781711858831922
259,3,7,no,2,-0.010781711858831922,0.010781711858831922
669,3,8,no,1,-0.003961402534739644,0.003961402534739644
260,3,7,yes,10,0.05101268898547995,0.05101268898547995
261,3,7,yes,1,0.004697221546987929,0.004697221546987929
262,3,7,yes,14,0.058039264600430185,0.058039264600430185
263,3,7,no,1,-0.0036768586438180595,0.0036768586438180595
264,3,7,yes,1,-0.0037472034806167454,0.0037472034806167454
670,3,8,yes,1,-0.00403373492910708,0.00403373492910708
265,3,7,yes,4,0.014569110329842427,0.014569110329842427
266,3,7,no,1,-0.003537950757597441,0.003537950757597441
267,3,7,no,6,-0.022700172389298556,0.022700172389298556
268,3,7,no,1,-0.00403373492910708,0.00403373492910708
671,3,8,no,1,0.00403373492910708,0.00403373492910708
269,3,7,no,5,-0.02126614254603998,0.02126614254603998
270,3,7,no,1,-0.004474578305496801,0.004474578305496801
271,3,7,no,1,-0.004548750366815679,0.004548750366815679
272,3,7,yes,1,-0.00462298351148227,0.00462298351148227
273,3,7,no,20,-0.1075897899870798,0.1075897899870798
274,3,7,yes,1,0.006022277489922678,0.006022277489922678
275,3,7,yes,1,0.005960635697198957,0.005960635697198957
276,3,7,yes,1,0.0058976716028927845,0.0058976716028927845
277,3,7,yes,6,0.0339992946645975,0.0339992946645975
672,3,8,no,1,-0.00403373492910708,0.00403373492910708
278,3,7,yes,1,-0.005496366471083425,0.005496366471083425
673,3,8,yes,1,0.00403373492910708,0.00403373492910708
279,3,7,no,2,-0.011199782667865588,0.011199782667865588
674,3,8,no,1,0.003961402534739644,0.003961402534739644
280,3,7,yes,3,0.016696149138949012,0.016696149138949012
281,3,7,yes,1,0.0054262663116700915,0.0054262663116700915
282,3,7,no,2,-0.010922632782753516,0.010922632782753516
283,3,7,no,3,-0.016901387129485856,0.016901387129485856
284,3,7,yes,16,0.08273064764451943,0.08273064764451943
285,3,7,yes,4,0.017750483081179547,0.017750483081179547
675,3,8,yes,1,-0.003961402534739644,0.003961402534739644
286,3,7,no,1,-0.004326632768974825,0.004326632768974825
676,3,8,no,1,-0.00403373492910708,0.00403373492910708
287,3,7,no,2,-0.008875099945389042,0.008875099945389042
288,3,7,no,8,-0.03846464377794245,0.03846464377794245
289,3,7,yes,3,-0.01563528877399145,0.01563528877399145
290,3,7,yes,1,0.005283976781832678,0.005283976781832678
677,3,8,no,1,-0.0041064676986638515,0.0041064676986638515
291,3,7,no,2,-0.010639422328994508,0.010639422328994508
292,3,7,no,3,-0.01648830529705736,0.01648830529705736
1437,3,9,no,12,0.05769105571549027,0.05769105571549027
678,3,8,no,1,-0.004179558286804386,0.004179558286804386
1438,3,9,yes,1,0.004326632768974825,0.004326632768974825
679,3,8,no,1,0.004179558286804386,0.004179558286804386
1439,3,9,no,1,-0.004326632768974825,0.004326632768974825
680,3,8,yes,3,-0.012759153207483886,0.012759153207483886
1440,3,9,yes,15,-0.07375674435615487,0.07375674435615487
1441,3,9,yes,1,-0.005496366471083425,0.005496366471083425
293,3,7,yes,1,0.005565672514303843,0.005565672514303843
1442,3,9,yes,1,0.005496366471083425,0.005496366471083425
294,3,7,yes,1,0.005496366471083425,0.005496366471083425
1443,3,9,yes,4,0.0212776202309235,0.0212776202309235
1444,3,9,no,2,-0.010495908372091578,0.010495908372091578
681,3,8,no,18,-0.09045289349510388,0.09045289349510388
1445,3,9,no,3,-0.016278078329915346,0.016278078329915346
682,3,8,yes,10,0.0531725775528199,0.0531725775528199
1446,3,9,no,17,-0.10310288095706688,0.10310288095706688
295,3,7,no,2,0.010781711858831922,0.010781711858831922
683,3,8,yes,1,0.0049193757633081425,0.0049193757633081425
1447,3,9,no,7,0.044495553971704016,0.044495553971704016
1448,3,9,no,2,-0.012452635921679889,0.012452635921679889
684,3,8,yes,1,0.00484547836750715,0.00484547836750715
1449,3,9,yes,1,0.006254119513938505,0.006254119513938505
685,3,8,yes,5,0.023114940171576448,0.023114940171576448
1450,3,9,yes,10,-0.06474117543930047,0.06474117543930047
1451,3,9,yes,1,0.0066701446519749075,0.0066701446519749075
686,3,8,no,2,-0.00902332867231248,0.00902332867231248
1452,3,9,yes,1,0.006632203865068909,0.006632203865068909
1453,3,9,no,1,-0.006632203865068909,0.006632203865068909
1454,3,9,no,1,0.006632203865068909,0.006632203865068909
687,3,8,no,8,0.03432320614745954,0.03432320614745954
688,3,8,no,3,-0.012319760914575317,0.012319760914575317
1455,3,9,yes,1,0.006592049699952862,0.006592049699952862
1456,3,9,yes,4,-0.026600215452086906,0.026600215452086906
296,3,7,yes,6,0.030614092318347108,0.030614092318347108
1457,3,9,yes,1,0.006705817235090228,0.006705817235090228
1458,3,9,yes,1,0.0066701446519749075,0.0066701446519749075
1459,3,9,yes,2,0.01322425356502177,0.01322425356502177
1460,3,9,yes,1,0.006549739658341158,0.006549739658341158
689,3,8,yes,16,-0.07691007296516428,0.07691007296516428
297,3,7,no,9,-0.046892170648262455,0.046892170648262455
1461,3,9,yes,2,0.0129642280565061,0.0129642280565061
1462,3,9,yes,16,0.0956350193716442,0.0956350193716442
690,3,8,yes,4,0.02099073432115328,0.02099073432115328
691,3,8,yes,1,-0.0051393804018998734,0.0051393804018998734
692,3,8,no,7,-0.03797376936987251,0.03797376936987251
693,3,8,yes,6,0.03276183777961361,0.03276183777961361
694,3,8,no,2,-0.010639422328994508,0.010639422328994508
695,3,8,no,1,0.00535544554716183,0.00535544554716183
696,3,8,no,14,0.06730166526629777,0.06730166526629777
697,3,8,no,1,-0.004326632768974825,0.004326632768974825
1463,3,9,no,1,-0.005496366471083425,0.005496366471083425
698,3,8,no,1,-0.004400521639892241,0.004400521639892241
298,3,7,no,1,-0.005565672514303843,0.005565672514303843
699,3,8,no,9,0.03696889029220063,0.03696889029220063
1464,3,9,no,2,-0.011199782667865588,0.011199782667865588
700,3,8,yes,1,0.0037472034806167454,0.0037472034806167454
701,3,8,yes,4,-0.015416216297670315,0.015416216297670315
1465,3,9,yes,1,0.005634110153561744,0.005634110153561744
1466,3,9,no,4,-0.022937255679210233,0.022937255679210233
1467,3,9,yes,12,-0.0745999527635528,0.0745999527635528
702,3,8,no,12,-0.05326029601423066,0.05326029601423066
1468,3,9,yes,13,0.08043341381181446,0.08043341381181446
299,3,7,no,1,-0.005634110153561744,0.005634110153561744
703,3,8,yes,1,0.00484547836750715,0.00484547836750715
1469,3,9,yes,1,0.0057680800157665635,0.0057680800157665635
704,3,8,no,2,-0.009764854130815293,0.009764854130815293
1470,3,9,yes,12,0.06379355777774831,0.06379355777774831
1471,3,9,no,8,-0.04139580417717903,0.04139580417717903
1472,3,9,yes,1,-0.005496366471083425,0.005496366471083425
705,3,8,no,1,-0.0049930353877782885,0.0049930353877782885
1473,3,9,no,2,-0.011199782667865588,0.011199782667865588
1474,3,9,yes,1,0.005634110153561744,0.005634110153561744
1475,3,9,yes,12,-0.07180231978087293,0.07180231978087293
1476,3,9,no,20,-0.13430890211773983,0.13430890211773983
706,3,8,no,4,0.01952929595938735,0.01952929595938735
1477,3,9,yes,4,0.027685165470795026,0.027685165470795026
1478,3,9,yes,14,0.09385307604156079,0.09385307604156079
707,3,8,yes,1,0.004697221546987929,0.004697221546987929
708,3,8,yes,1,0.00462298351148227,0.00462298351148227
300,3,7,yes,1,0.005634110153561744,0.005634110153561744
1479,3,9,yes,5,0.031531325915197916,0.031531325915197916
301,3,7,no,1,-0.005634110153561744,0.005634110153561744
302,3,7,yes,1,-0.005701604461620269,0.005701604461620269
1480,3,9,yes,1,0.00614129254867346,0.00614129254867346
709,3,8,no,20,-0.10619049600863939,0.10619049600863939
710,3,8,no,6,-0.03700675680157095,0.03700675680157095
1481,3,9,no,20,-0.13152569450543217,0.13152569450543217
711,3,8,no,12,0.07180231978087293,0.07180231978087293
712,3,8,no,9,0.047538467399258155,0.047538467399258155
1482,3,9,yes,8,-0.05545580096280478,0.05545580096280478
1483,3,9,yes,1,0.006941319797744205,0.006941319797744205
713,3,8,yes,11,0.05003946914976787,0.05003946914976787
1484,3,9,yes,5,0.03469323300277388,0.03469323300277388
1485,3,9,yes,11,0.07493610292397845,0.07493610292397845
1486,3,9,yes,5,0.03273822127986903,0.03273822127986903
1487,3,9,no,3,-0.019513967714847258,0.019513967714847258
714,3,8,yes,2,-0.008432520438509061,0.008432520438509061
715,3,8,yes,1,0.004252962151704676,0.004252962151704676
716,3,8,no,16,0.05837134450064141,0.05837134450064141
1488,3,9,yes,1,0.006549739658341158,0.006549739658341158
1489,3,9,no,1,0.00650533374811868,0.00650533374811868
717,3,8,no,1,-0.003137471938287395,0.003137471938287395
718,3,8,no,1,-0.0032023859348871975,0.0032023859348871975
719,3,8,no,1,-0.003268061499241748,0.003268061499241748
720,3,8,no,1,-0.003334478476924252,0.003334478476924252
303,3,7,yes,1,-0.0057680800157665635,0.0057680800157665635
1490,3,9,yes,1,0.0064588943083874195,0.0064588943083874195
721,3,8,yes,1,-0.003401615024017257,0.003401615024017257
722,3,8,no,1,-0.0034694475658122448,0.0034694475658122448
723,3,8,no,1,-0.003537950757597441,0.003537950757597441
304,3,7,no,3,-0.0176917683483534,0.0176917683483534
724,3,8,yes,5,-0.018738769854558912,0.018738769854558912
305,3,7,no,1,0.005960635697198957,0.005960635697198957
1491,3,9,no,3,-0.019513967714847258,0.019513967714847258
1492,3,9,yes,1,0.006549739658341158,0.006549739658341158
1493,3,9,no,1,0.00650533374811868,0.00650533374811868
306,3,7,yes,7,0.039896966267490286,0.039896966267490286
1494,3,9,no,1,0.0064588943083874195,0.0064588943083874195
725,3,8,no,20,-0.09319123641447924,0.09319123641447924
726,3,8,no,7,-0.03942556097626759,0.03942556097626759
1495,3,9,yes,1,0.006410485830370405,0.006410485830370405
1496,3,9,yes,5,-0.032516503245170525,0.032516503245170525
1497,3,9,yes,9,0.057637343329998036,0.057637343329998036
1498,3,9,no,5,-0.031531325915197916,0.031531325915197916
727,3,8,yes,5,0.028502928193514077,0.028502928193514077
728,3,8,yes,7,-0.04036123549360582,0.04036123549360582
1499,3,9,no,2,-0.0129642280565061,0.0129642280565061
1500,3,9,no,1,0.00650533374811868,0.00650533374811868
729,3,8,yes,1,0.005960635697198957,0.005960635697198957
1501,3,9,yes,6,0.037990220223585336,0.037990220223585336
730,3,8,yes,7,0.039896966267490286,0.039896966267490286
731,3,8,yes,20,-0.12174103678644432,0.12174103678644432
732,3,8,yes,6,-0.04031620927537005,0.04031620927537005
733,3,8,yes,7,0.046908258975322914,0.046908258975322914
734,3,8,yes,1,0.006549739658341158,0.006549739658341158
1502,3,9,yes,18,-0.11849635720028162,0.11849635720028162
735,3,8,yes,1,0.00650533374811868,0.00650533374811868
736,3,8,yes,18,-0.12202066700171255,0.12202066700171255
737,3,8,yes,1,0.00694131979774415,0.00694131979774415
1503,3,9,no,1,0.006869527289091959,0.006869527289091959
738,3,8,no,1,0.006935967626738093,0.006935967626738093
739,3,8,no,3,-0.02082128537274297,0.02082128537274297
740,3,8,yes,3,0.02082128537274297,0.02082128537274297
1504,3,9,no,13,0.08650598982636215,0.08650598982636215
741,3,8,yes,1,0.00692794968177024,0.00692794968177024
307,3,7,no,7,-0.039896966267490286,0.039896966267490286
742,3,8,yes,1,0.006917278298890772,0.006917278298890772
1505,3,9,no,1,-0.006410485830370405,0.006410485830370405
308,3,7,no,2,0.011731132651154441,0.011731132651154441
309,3,7,yes,1,0.0057680800157665635,0.0057680800157665635
743,3,8,yes,2,-0.013845227980661012,0.013845227980661012
744,3,8,yes,1,0.00692794968177024,0.00692794968177024
1506,3,9,yes,1,0.006410485830370405,0.006410485830370405
1507,3,9,no,8,-0.05252466899730457,0.05252466899730457
745,3,8,no,2,0.013821248162286692,0.013821248162286692
746,3,8,yes,6,0.04099972324551482,0.04099972324551482
747,3,8,yes,10,0.06562401340142998,0.06562401340142998
1508,3,9,yes,1,0.006705817235090228,0.006705817235090228
748,3,8,yes,6,0.03700675680157095,0.03700675680157095
1509,3,9,no,12,0.07708098439571531,0.07708098439571531
1510,3,9,no,1,0.006082521453160905,0.006082521453160905
749,3,8,no,2,0.011858307300091742,0.011858307300091742
750,3,8,no,1,-0.0058976716028927845,0.0058976716028927845
310,3,7,no,2,-0.01160154106402822,0.01160154106402822
311,3,7,no,3,-0.01788058479001442,0.01788058479001442
312,3,7,yes,14,0.0782968800874353,0.0782968800874353
313,3,7,no,1,-0.0051393804018998734,0.0051393804018998734
751,3,8,no,2,-0.011982913187121635,0.011982913187121635
752,3,8,no,1,-0.006082521453160905,0.006082521453160905
1511,3,9,no,1,0.006022277489922678,0.006022277489922678
1512,3,9,yes,1,-0.006022277489922678,0.006022277489922678
753,3,8,no,2,-0.012339808956414844,0.012339808956414844
754,3,8,yes,15,0.08636789850485227,0.08636789850485227
755,3,8,no,1,-0.005283976781832678,0.005283976781832678
314,3,7,no,1,0.0051393804018998734,0.0051393804018998734
756,3,8,no,1,-0.00535544554716183,0.00535544554716183
757,3,8,yes,2,-0.010922632782753516,0.010922632782753516
315,3,7,yes,1,0.005066392393269226,0.005066392393269226
316,3,7,no,2,-0.010205772795169099,0.010205772795169099
758,3,8,no,2,-0.011199782667865588,0.011199782667865588
759,3,8,no,6,-0.03518373031566291,0.03518373031566291
760,3,8,yes,7,0.04081784046922465,0.04081784046922465
761,3,8,no,1,-0.005634110153561744,0.005634110153561744
1513,3,9,no,5,0.02948212585404264,0.02948212585404264
762,3,8,yes,2,0.011199782667865588,0.011199782667865588
1514,3,9,no,6,-0.035564647307203545,0.035564647307203545
763,3,8,yes,4,0.021562055111748024,0.021562055111748024
317,3,7,no,11,-0.061174586498413785,0.061174586498413785
318,3,7,no,1,0.0058976716028927845,0.0058976716028927845
764,3,8,yes,18,-0.1052902221819384,0.1052902221819384
765,3,8,yes,12,0.07252838440232479,0.07252838440232479
319,3,7,yes,13,0.07047572307846839,0.07047572307846839
320,3,7,no,13,-0.07047572307846839,0.07047572307846839
766,3,8,no,20,-0.12505305339962935,0.12505305339962935
767,3,8,no,9,-0.06156014103691332,0.06156014103691332
768,3,8,yes,1,0.006917278298890772,0.006917278298890772
769,3,8,no,15,-0.1036678459215945,0.1036678459215945
770,3,8,yes,18,0.12432938783055947,0.12432938783055947
1515,3,9,yes,1,0.006082521453160905,0.006082521453160905
771,3,8,yes,1,0.0068484456234291224,0.0068484456234291224
772,3,8,yes,1,0.0068248316823924515,0.0068248316823924515
1516,3,9,yes,5,-0.030984479311648272,0.030984479311648272
773,3,8,yes,1,0.0067987210476098126,0.0067987210476098126
774,3,8,no,14,0.09115483155775828,0.09115483155775828
1517,3,9,yes,19,-0.12737293449100173,0.12737293449100173
2100,3,10,no,1,0.00614129254867346,0.00614129254867346
1518,3,9,yes,1,0.00692794968177024,0.00692794968177024
775,3,8,yes,11,-0.07093969184704185,0.07093969184704185
776,3,8,no,3,-0.020215139710716423,0.020215139710716423
321,3,7,yes,5,0.028502928193514077,0.028502928193514077
777,3,8,yes,18,0.11536155874671428,0.11536155874671428
322,3,7,yes,2,-0.011199782667865588,0.011199782667865588
778,3,8,yes,3,0.017499212666921005,0.017499212666921005
1519,3,9,yes,1,0.006917278298890772,0.006917278298890772
1520,3,9,no,2,0.013792014619873005,0.013792014619873005
1521,3,9,no,2,-0.013792014619873005,0.013792014619873005
1522,3,9,no,12,0.08124307819010945,0.08124307819010945
779,3,8,no,9,-0.054158575777556894,0.054158575777556894
1523,3,9,yes,1,0.006549739658341158,0.006549739658341158
1524,3,9,yes,1,0.00650533374811868,0.00650533374811868
780,3,8,no,8,-0.051816911273387056,0.051816911273387056
323,3,7,no,1,-0.005701604461620269,0.005701604461620269
781,3,8,no,16,0.10020740703517739,0.10020740703517739
2101,3,10,no,1,-0.00614129254867346,0.00614129254867346
782,3,8,no,6,-0.03593785984011044,0.03593785984011044
2102,3,10,no,1,0.00614129254867346,0.00614129254867346
783,3,8,yes,2,-0.012452635921679889,0.012452635921679889
784,3,8,no,9,0.054158575777556894,0.054158575777556894
785,3,8,no,2,-0.01160154106402822,0.01160154106402822
786,3,8,no,1,-0.0058976716028927845,0.0058976716028927845
787,3,8,no,2,-0.011982913187121635,0.011982913187121635
1525,3,9,no,1,0.0064588943083874195,0.0064588943083874195
788,3,8,no,3,-0.01842233040957575,0.01842233040957575
789,3,8,no,8,0.04790445626361839,0.04790445626361839
324,3,7,no,1,-0.0057680800157665635,0.0057680800157665635
790,3,8,no,2,-0.01160154106402822,0.01160154106402822
791,3,8,no,1,-0.0058976716028927845,0.0058976716028927845
1526,3,9,yes,1,0.006410485830370405,0.006410485830370405
325,3,7,no,2,-0.011731132651154441,0.011731132651154441
326,3,7,no,2,-0.011982913187121635,0.011982913187121635
1527,3,9,no,2,-0.012869380138757824,0.012869380138757824
792,3,8,no,3,0.017499212666921005,0.017499212666921005
327,3,7,yes,2,0.011982913187121635,0.011982913187121635
793,3,8,no,3,-0.017499212666921005,0.017499212666921005
1528,3,9,no,20,-0.13590866289823395,0.13590866289823395
1529,3,9,no,7,-0.04838405731410833,0.04838405731410833
328,3,7,no,1,0.0058976716028927845,0.0058976716028927845
794,3,8,yes,4,0.023200817128541273,0.023200817128541273
329,3,7,yes,3,0.01730314552564849,0.01730314552564849
795,3,8,no,2,-0.011469684477386832,0.011469684477386832
1530,3,9,yes,11,0.07614934063511197,0.07614934063511197
1531,3,9,no,1,0.00692794968177024,0.00692794968177024
1532,3,9,yes,1,0.006917278298890772,0.006917278298890772
796,3,8,yes,1,0.0057680800157665635,0.0057680800157665635
2103,3,10,no,1,0.006082521453160905,0.006082521453160905
797,3,8,no,9,-0.054158575777556894,0.054158575777556894
798,3,8,yes,10,0.05986018023917716,0.05986018023917716
330,3,7,no,20,-0.12505305339962935,0.12505305339962935
331,3,7,no,5,-0.03398132082905758,0.03398132082905758
1533,3,9,no,9,0.061348679973112774,0.061348679973112774
1534,3,9,yes,1,0.0066701446519749075,0.0066701446519749075
1535,3,9,no,1,0.006632203865068909,0.006632203865068909
332,3,7,yes,1,0.0068484456234291224,0.0068484456234291224
333,3,7,yes,1,0.0068248316823924515,0.0068248316823924515
1536,3,9,yes,1,0.006592049699952862,0.006592049699952862
1537,3,9,yes,5,0.03228462832023127,0.03228462832023127
334,3,7,yes,9,0.05996333238178275,0.05996333238178275
335,3,7,yes,7,0.044131512772258796,0.044131512772258796
1538,3,9,yes,1,-0.006360174775013605,0.006360174775013605
1539,3,9,yes,2,-0.012869380138757824,0.012869380138757824
336,3,7,no,5,-0.03126213263350097,0.03126213263350097
2104,3,10,no,1,0.006022277489922678,0.006022277489922678
1540,3,9,yes,1,0.0064588943083874195,0.0064588943083874195
1541,3,9,yes,1,-0.0064588943083874195,0.0064588943083874195
337,3,7,yes,2,0.012668204163147623,0.012668204163147623
338,3,7,yes,3,0.01859392847035335,0.01859392847035335
2105,3,10,yes,1,0.005960635697198957,0.005960635697198957
1542,3,9,no,19,-0.12896466494997327,0.12896466494997327
799,3,8,yes,7,-0.041266251768823814,0.041266251768823814
800,3,8,no,2,-0.012339808956414844,0.012339808956414844
1543,3,9,yes,1,0.006943997948260727,0.006943997948260727
1544,3,9,yes,12,0.0823653781431658,0.0823653781431658
801,3,8,yes,1,0.0061985164077413835,0.0061985164077413835
802,3,8,yes,1,0.00614129254867346,0.00614129254867346
2106,3,10,yes,4,-0.024206727188956,0.024206727188956
339,3,7,yes,10,0.057962400907772826,0.057962400907772826
2107,3,10,no,8,0.047407544317497274,0.047407544317497274
1545,3,9,yes,20,0.12505305339962935,0.12505305339962935
1546,3,9,yes,1,0.005634110153561744,0.005634110153561744
1547,3,9,yes,12,-0.07180231978087293,0.07180231978087293
2108,3,10,no,11,-0.06616820962731118,0.06616820962731118
803,3,8,yes,1,0.006082521453160905,0.006082521453160905
1548,3,9,yes,2,-0.01277066060538401,0.01277066060538401
340,3,7,no,1,-0.005496366471083425,0.005496366471083425
1549,3,9,yes,11,-0.07324705837256262,0.07324705837256262
2109,3,10,no,3,0.018760665309813906,0.018760665309813906
804,3,8,no,3,-0.01842233040957575,0.01842233040957575
805,3,8,no,9,0.05360606072523866,0.05360606072523866
1550,3,9,yes,1,-0.0068484456234291224,0.0068484456234291224
1551,3,9,no,1,-0.006869527289091959,0.006869527289091959
806,3,8,no,1,-0.005701604461620269,0.005701604461620269
1552,3,9,yes,12,-0.08312504132668086,0.08312504132668086
341,3,7,no,19,-0.1162446703153609,0.1162446703153609
1553,3,9,yes,1,0.006917278298890717,0.006917278298890717
1554,3,9,yes,8,0.055498470109026365,0.055498470109026365
1555,3,9,yes,1,0.006917278298890772,0.006917278298890772
2110,3,10,yes,3,0.018246091491757044,0.018246091491757044
807,3,8,no,1,-0.0057680800157665635,0.0057680800157665635
808,3,8,no,1,-0.005833461048261657,0.005833461048261657
2111,3,10,no,1,0.005960635697198957,0.005960635697198957
342,3,7,yes,15,0.09357520317010848,0.09357520317010848
343,3,7,yes,1,0.0057680800157665635,0.0057680800157665635
1556,3,9,no,1,-0.006917278298890772,0.006917278298890772
1557,3,9,yes,2,-0.013863917308508333,0.013863917308508333
1558,3,9,yes,5,-0.03470660311874779,0.03470660311874779
1559,3,9,yes,1,0.006935967626738038,0.006935967626738038
1560,3,9,yes,18,0.12320285958956545,0.12320285958956545
2112,3,10,no,1,0.0058976716028927845,0.0058976716028927845
809,3,8,yes,1,0.005833461048261657,0.005833461048261657
2113,3,10,yes,5,0.028502928193514077,0.028502928193514077
2114,3,10,yes,1,0.005496366471083425,0.005496366471083425
1561,3,9,yes,1,0.006592049699952862,0.006592049699952862
2115,3,10,no,2,-0.011062038985387268,0.011062038985387268
2116,3,10,no,12,-0.07180231978087293,0.07180231978087293
1562,3,9,no,4,-0.026600215452086906,0.026600215452086906
1563,3,9,yes,1,0.006705817235090228,0.006705817235090228
810,3,8,yes,14,0.07440711616102202,0.07440711616102202
1564,3,9,no,5,0.03294947162345652,0.03294947162345652
1565,3,9,no,2,-0.013055073406459838,0.013055073406459838
811,3,8,no,1,-0.00484547836750715,0.00484547836750715
2117,3,10,no,1,0.006308029388134018,0.006308029388134018
1566,3,9,yes,5,0.03228462832023127,0.03228462832023127
344,3,7,yes,1,-0.0057680800157665635,0.0057680800157665635
812,3,8,no,12,-0.06379355777774831,0.06379355777774831
1567,3,9,yes,1,-0.006360174775013605,0.006360174775013605
1568,3,9,no,2,-0.012869380138757824,0.012869380138757824
1569,3,9,no,1,-0.00650533374811868,0.00650533374811868
813,3,8,no,2,-0.01160154106402822,0.01160154106402822
814,3,8,no,9,-0.0552252388766763,0.0552252388766763
815,3,8,no,15,0.0892245335412738,0.0892245335412738
345,3,7,yes,2,0.011469684477386832,0.011469684477386832
816,3,8,yes,1,-0.005496366471083425,0.005496366471083425
346,3,7,no,6,0.03276183777961361,0.03276183777961361
817,3,8,no,4,0.021562055111748024,0.021562055111748024
2118,3,10,yes,2,-0.012668204163147623,0.012668204163147623
2119,3,10,yes,1,0.006360174775013605,0.006360174775013605
347,3,7,no,2,-0.010639422328994508,0.010639422328994508
2120,3,10,yes,1,0.006308029388134018,0.006308029388134018
818,3,8,no,12,-0.06794556809527652,0.06794556809527652
819,3,8,yes,2,0.011982913187121635,0.011982913187121635
2121,3,10,yes,1,0.006254119513938505,0.006254119513938505
2122,3,10,no,9,0.05360606072523866,0.05360606072523866
1570,3,9,no,15,-0.10163804582911162,0.10163804582911162
1571,3,9,no,1,0.00692794968177024,0.00692794968177024
348,3,7,no,1,-0.0054262663116700915,0.0054262663116700915
1572,3,9,yes,1,-0.00692794968177024,0.00692794968177024
820,3,8,yes,1,-0.005960635697198957,0.005960635697198957
349,3,7,yes,7,0.03647642841387089,0.03647642841387089
821,3,8,no,2,0.011858307300091742,0.011858307300091742
350,3,7,no,1,-0.0049930353877782885,0.0049930353877782885
1573,3,9,yes,4,0.027637242600534018,0.027637242600534018
2123,3,10,yes,13,-0.07893887023269519,0.07893887023269519
2124,3,10,yes,1,0.006410485830370405,0.006410485830370405
2125,3,10,no,1,0.006360174775013605,0.006360174775013605
351,3,7,no,1,-0.005066392393269226,0.005066392393269226
352,3,7,yes,3,-0.01563528877399145,0.01563528877399145
822,3,8,yes,3,-0.01788058479001442,0.01788058479001442
823,3,8,yes,1,0.006022277489922678,0.006022277489922678
1574,3,9,yes,6,0.04085084811814954,0.04085084811814954
1575,3,9,no,16,0.10185223627108808,0.10185223627108808
1576,3,9,no,11,-0.06870228116066002,0.06870228116066002
824,3,8,no,7,-0.043366931576584555,0.043366931576584555
2126,3,10,no,12,0.07180231978087293,0.07180231978087293
2127,3,10,no,9,-0.05304165447105902,0.05304165447105902
2128,3,10,no,1,-0.0061985164077413835,0.0061985164077413835
2129,3,10,no,1,0.0061985164077413835,0.0061985164077413835
1577,3,9,yes,17,-0.11551533325359387,0.11551533325359387
825,3,8,no,1,0.006360174775013605,0.006360174775013605
1578,3,9,yes,8,0.05523250293753734,0.05523250293753734
2130,3,10,yes,1,0.00614129254867346,0.00614129254867346
826,3,8,yes,1,-0.006360174775013605,0.006360174775013605
353,3,7,no,9,-0.05067867812632221,0.05067867812632221
1579,3,9,no,1,0.0068248316823924515,0.0068248316823924515
827,3,8,yes,10,0.061058699924937954,0.061058699924937954
2131,3,10,yes,1,0.006082521453160905,0.006082521453160905
828,3,8,no,5,-0.02979656729143698,0.02979656729143698
1580,3,9,yes,1,0.0067987210476098126,0.0067987210476098126
2132,3,10,yes,5,0.02948212585404264,0.02948212585404264
1581,3,9,no,2,-0.013623552730002264,0.013623552730002264
1582,3,9,no,12,0.07965754420293303,0.07965754420293303
2133,3,10,no,1,0.005701604461620269,0.005701604461620269
829,3,8,no,9,0.0524660344366894,0.0524660344366894
830,3,8,yes,1,-0.005565672514303843,0.005565672514303843
2452,3,11,no,1,0.0011199259363910974,0.0011199259363910974
2134,3,10,no,5,-0.02916145282574023,0.02916145282574023
2453,3,11,no,1,0.001091761376548539,0.001091761376548539
831,3,8,no,2,-0.011335714615182013,0.011335714615182013
2135,3,10,no,13,0.07227460259751262,0.07227460259751262
354,3,7,no,1,0.0058976716028927845,0.0058976716028927845
1583,3,9,no,3,-0.019374713886876505,0.019374713886876505
1584,3,9,yes,2,0.0129642280565061,0.0129642280565061
1585,3,9,no,1,0.006410485830370405,0.006410485830370405
1586,3,9,no,2,-0.012869380138757824,0.012869380138757824
355,3,7,yes,2,-0.011858307300091742,0.011858307300091742
356,3,7,yes,2,0.011858307300091742,0.011858307300091742
2454,3,11,yes,1,-0.001091761376548539,0.001091761376548539
832,3,8,no,1,0.005701604461620269,0.005701604461620269
833,3,8,no,1,-0.005701604461620269,0.005701604461620269
834,3,8,no,13,-0.07969616007946234,0.07969616007946234
1587,3,9,yes,5,0.03179170381584395,0.03179170381584395
357,3,7,yes,2,0.01160154106402822,0.01160154106402822
835,3,8,yes,2,0.012869380138757824,0.012869380138757824
836,3,8,no,1,0.006360174775013605,0.006360174775013605
837,3,8,yes,3,0.018760665309813906,0.018760665309813906
1588,3,9,no,1,-0.006254119513938505,0.006254119513938505
838,3,8,yes,3,-0.018760665309813906,0.018760665309813906
1589,3,9,yes,1,0.006254119513938505,0.006254119513938505
1590,3,9,no,10,-0.06474117543930047,0.06474117543930047
2136,3,10,no,9,-0.048814754233392654,0.048814754233392654
2137,3,10,yes,3,-0.017499212666921005,0.017499212666921005
2138,3,10,yes,1,-0.005960635697198957,0.005960635697198957
839,3,8,yes,1,0.006308029388134018,0.006308029388134018
840,3,8,yes,1,0.006254119513938505,0.006254119513938505
2139,3,10,yes,1,0.005960635697198957,0.005960635697198957
1591,3,9,yes,1,-0.006705817235090228,0.006705817235090228
358,3,7,no,1,-0.0057680800157665635,0.0057680800157665635
841,3,8,no,1,0.0061985164077413835,0.0061985164077413835
2140,3,10,yes,5,0.028834927282103018,0.028834927282103018
842,3,8,yes,12,0.06952995976811638,0.06952995976811638
2141,3,10,no,1,0.005565672514303843,0.005565672514303843
1592,3,9,no,5,0.033149955110428064,0.033149955110428064
1593,3,9,yes,2,-0.01314178935829402,0.01314178935829402
1594,3,9,no,19,-0.1301388272163035,0.1301388272163035
1595,3,9,yes,15,0.10339149183505764,0.10339149183505764
843,3,8,yes,17,-0.1010612856833143,0.1010612856833143
844,3,8,yes,1,0.006410485830370405,0.006410485830370405
2142,3,10,no,4,-0.02266946714525242,0.02266946714525242
1596,3,9,no,1,-0.006770152846514388,0.006770152846514388
1597,3,9,yes,1,-0.0067987210476098126,0.0067987210476098126
1598,3,9,no,12,0.07919288729555418,0.07919288729555418
845,3,8,no,2,-0.012869380138757824,0.012869380138757824
846,3,8,yes,1,0.0064588943083874195,0.0064588943083874195
847,3,8,yes,1,-0.0064588943083874195,0.0064588943083874195
1599,3,9,no,14,-0.09286616460137576,0.09286616460137576
1600,3,9,yes,15,0.09917419398950977,0.09917419398950977
1601,3,9,no,8,-0.051816911273387056,0.051816911273387056
1602,3,9,no,1,-0.0066701446519749075,0.0066701446519749075
2143,3,10,no,2,0.011469684477386832,0.011469684477386832
848,3,8,yes,9,0.05623631171534238,0.05623631171534238
849,3,8,yes,1,0.005960635697198957,0.005960635697198957
1603,3,9,yes,1,-0.006705817235090228,0.006705817235090228
1604,3,9,no,1,-0.0067391696291118075,0.0067391696291118075
1605,3,9,yes,1,0.0067391696291118075,0.0067391696291118075
1606,3,9,no,1,0.006705817235090228,0.006705817235090228
850,3,8,no,8,0.04532323257916038,0.04532323257916038
1607,3,9,yes,1,0.0066701446519749075,0.0066701446519749075
851,3,8,no,10,-0.05730614576628201,0.05730614576628201
852,3,8,no,11,0.06266159131344384,0.06266159131344384
853,3,8,no,1,-0.00535544554716183,0.00535544554716183
1608,3,9,yes,2,0.01322425356502177,0.01322425356502177
854,3,8,yes,1,-0.0054262663116700915,0.0054262663116700915
855,3,8,yes,1,0.0054262663116700915,0.0054262663116700915
1609,3,9,yes,2,-0.01322425356502177,0.01322425356502177
1610,3,9,yes,5,0.03273822127986903,0.03273822127986903
2455,3,11,no,7,0.007086130528340728,0.007086130528340728
359,3,7,no,7,-0.042136376247851826,0.042136376247851826
1611,3,9,no,1,-0.0064588943083874195,0.0064588943083874195
856,3,8,no,1,-0.0054262663116700915,0.0054262663116700915
857,3,8,no,1,-0.005496366471083425,0.005496366471083425
858,3,8,no,11,-0.06480584339310425,0.06480584339310425
2144,3,10,yes,1,0.005634110153561744,0.005634110153561744
859,3,8,yes,1,0.0061985164077413835,0.0061985164077413835
2456,3,11,no,2,-0.0018962644805712303,0.0018962644805712303
360,3,7,no,1,0.0061985164077413835,0.0061985164077413835
361,3,7,no,1,-0.0061985164077413835,0.0061985164077413835
860,3,8,no,2,-0.012452635921679889,0.012452635921679889
861,3,8,yes,7,0.042557034713528674,0.042557034713528674
1612,3,9,no,1,-0.00650533374811868,0.00650533374811868
862,3,8,no,3,-0.01788058479001442,0.01788058479001442
1613,3,9,yes,2,-0.01314178935829402,0.01314178935829402
362,3,7,yes,9,0.05360606072523866,0.05360606072523866
2145,3,10,yes,1,-0.005634110153561744,0.005634110153561744
2457,3,11,yes,7,-0.007458537569678847,0.007458537569678847
2458,3,11,no,1,0.0011487455855182516,0.0011487455855182516
863,3,8,yes,3,-0.01842233040957575,0.01842233040957575
363,3,7,yes,3,-0.01730314552564849,0.01730314552564849
2459,3,11,no,2,0.0022116873129396364,0.0022116873129396364
864,3,8,yes,1,0.0061985164077413835,0.0061985164077413835
865,3,8,no,2,-0.012452635921679889,0.012452635921679889
866,3,8,no,20,-0.13368096387913575,0.13368096387913575
867,3,8,no,2,-0.013877287424482243,0.013877287424482243
868,3,8,yes,1,0.00694131979774415,0.00694131979774415
869,3,8,no,1,-0.00694131979774415,0.00694131979774415
2146,3,10,yes,1,0.005634110153561744,0.005634110153561744
870,3,8,no,7,-0.048514481165060575,0.048514481165060575
871,3,8,yes,19,0.13087985930822638,0.13087985930822638
1614,3,9,yes,1,0.006592049699952862,0.006592049699952862
872,3,8,yes,1,0.006705817235090228,0.006705817235090228
873,3,8,yes,6,0.039408365931843936,0.039408365931843936
1615,3,9,no,1,0.006549739658341158,0.006549739658341158
2147,3,10,no,1,-0.005634110153561744,0.005634110153561744
874,3,8,yes,1,0.006410485830370405,0.006410485830370405
1616,3,9,yes,20,-0.13634464894785947,0.13634464894785947
1617,3,9,yes,1,-0.006935967626738038,0.006935967626738038
1618,3,9,yes,3,0.020821285372742915,0.020821285372742915
1619,3,9,yes,1,0.006943997948260727,0.006943997948260727
1620,3,9,no,1,-0.006943997948260727,0.006943997948260727
1621,3,9,yes,3,0.02082128537274297,0.02082128537274297
875,3,8,no,12,-0.07965754420293303,0.07965754420293303
1622,3,9,yes,8,0.05497876824305736,0.05497876824305736
364,3,7,yes,9,0.0500649833052621,0.0500649833052621
365,3,7,no,1,-0.005283976781832678,0.005283976781832678
876,3,8,yes,3,0.020393705576516652,0.020393705576516652
1623,3,9,yes,3,-0.020471998353431387,0.020471998353431387
366,3,7,no,1,-0.00535544554716183,0.00535544554716183
877,3,8,no,3,-0.020393705576516652,0.020393705576516652
1624,3,9,no,9,-0.06227205321062962,0.06227205321062962
1625,3,9,yes,1,0.006943997948260672,0.006943997948260672
878,3,8,yes,1,0.0068248316823924515,0.0068248316823924515
879,3,8,no,1,-0.0068248316823924515,0.0068248316823924515
1626,3,9,no,1,-0.006943997948260672,0.006943997948260672
1627,3,9,yes,1,0.006943997948260672,0.006943997948260672
1628,3,9,yes,13,0.08930937609142653,0.08930937609142653
880,3,8,no,1,-0.0068484456234291224,0.0068484456234291224
1629,3,9,no,18,-0.1239758894448304,0.1239758894448304
1630,3,9,yes,1,-0.006903969863395976,0.006903969863395976
1631,3,9,yes,2,-0.013757572045569155,0.013757572045569155
367,3,7,yes,2,0.010639422328994508,0.010639422328994508
368,3,7,no,1,-0.005283976781832678,0.005283976781832678
1632,3,9,yes,1,0.0068695272890921255,0.0068695272890921255
881,3,8,yes,18,0.11776812245986312,0.11776812245986312
1633,3,9,no,2,0.013792014619873005,0.013792014619873005
1634,3,9,no,4,0.0277225154051432,0.0277225154051432
1635,3,9,yes,3,0.02082931569426555,0.02082931569426555
2460,3,11,no,20,-0.027987177685588782,0.027987177685588782
2461,3,11,no,7,-0.013483834651733195,0.013483834651733195
1636,3,9,yes,1,0.006935967626738093,0.006935967626738093
2462,3,11,no,1,0.0020648105407110595,0.0020648105407110595
2463,3,11,yes,1,-0.0020648105407110595,0.0020648105407110595
882,3,8,no,1,-0.00614129254867346,0.00614129254867346
2464,3,11,no,1,0.0020648105407110595,0.0020648105407110595
883,3,8,yes,13,-0.08438467871124389,0.08438467871124389
2465,3,11,yes,1,0.002017172974494219,0.002017172974494219
1637,3,9,yes,2,0.013845227980661012,0.013845227980661012
884,3,8,yes,4,0.02674733538124585,0.02674733538124585
885,3,8,yes,1,0.006592049699952862,0.006592049699952862
2466,3,11,no,20,-0.05040514395239937,0.05040514395239937
886,3,8,yes,1,0.006549739658341158,0.006549739658341158
1638,3,9,yes,8,0.054642862738022546,0.054642862738022546
887,3,8,no,5,-0.033149955110428064,0.033149955110428064
2148,3,10,no,1,-0.005701604461620269,0.005701604461620269
888,3,8,yes,1,0.006705817235090228,0.006705817235090228
889,3,8,yes,6,0.039408365931843936,0.039408365931843936
1639,3,9,no,3,-0.020308043523236008,0.020308043523236008
1640,3,9,yes,11,-0.07594533051645119,0.07594533051645119
2467,3,11,yes,5,0.014741511788290529,0.014741511788290529
1641,3,9,no,1,0.006943997948260672,0.006943997948260672
369,3,7,no,8,-0.04478100652342942,0.04478100652342942
2468,3,11,yes,1,0.0027649078318606746,0.0027649078318606746
890,3,8,yes,12,-0.08009550399599175,0.08009550399599175
1642,3,9,yes,3,0.02082128537274297,0.02082128537274297
891,3,8,yes,1,0.0068484456234291224,0.0068484456234291224
370,3,7,yes,7,-0.042557034713528674,0.042557034713528674
892,3,8,yes,9,0.060282830316056524,0.060282830316056524
1643,3,9,no,1,0.00692794968177024,0.00692794968177024
1644,3,9,yes,6,0.04125209751367731,0.04125209751367731
371,3,7,yes,18,0.10297333001094955,0.10297333001094955
893,3,8,yes,3,-0.01977399322336293,0.01977399322336293
894,3,8,yes,1,-0.0066701446519749075,0.0066701446519749075
1645,3,9,yes,18,-0.12432938783055952,0.12432938783055952
1646,3,9,no,2,-0.013673277305821518,0.013673277305821518
895,3,8,no,1,0.0066701446519749075,0.0066701446519749075
1647,3,9,yes,14,0.09675056762270373,0.09675056762270373
1648,3,9,yes,1,0.006917278298890772,0.006917278298890772
372,3,7,no,10,-0.05458283424915922,0.05458283424915922
2149,3,10,no,10,0.05388114662666188,0.05388114662666188
2150,3,10,no,14,0.06317270716531709,0.06317270716531709
1649,3,9,no,1,-0.006917278298890772,0.006917278298890772
2151,3,10,yes,6,-0.02529987747514706,0.02529987747514706
2469,3,11,yes,13,0.030881551357753945,0.030881551357753945
896,3,8,no,9,0.05807103078732556,0.05807103078732556
2152,3,10,yes,1,-0.004474578305496801,0.004474578305496801
897,3,8,no,3,-0.018922323677086128,0.018922323677086128
2470,3,11,no,8,0.01487659748595016,0.01487659748595016
2153,3,10,no,1,-0.004548750366815679,0.004548750366815679
1650,3,9,yes,6,0.04125209751367731,0.04125209751367731
373,3,7,no,4,-0.023714045838276077,0.023714045838276077
1651,3,9,yes,1,0.0067987210476098126,0.0067987210476098126
898,3,8,no,1,0.006360174775013605,0.006360174775013605
899,3,8,yes,12,-0.07919288729555418,0.07919288729555418
900,3,8,yes,1,0.0067987210476098126,0.0067987210476098126
2154,3,10,yes,1,0.004548750366815679,0.004548750366815679
2155,3,10,yes,3,0.013201732714363867,0.013201732714363867
901,3,8,yes,15,-0.10354928867031349,0.10354928867031349
902,3,8,yes,1,0.00692794968177024,0.00692794968177024
2156,3,10,no,1,-0.004326632768974825,0.004326632768974825
903,3,8,no,14,-0.09508830617077046,0.09508830617077046
2157,3,10,yes,5,-0.02274405537067492,0.02274405537067492
904,3,8,no,1,0.006592049699952696,0.006592049699952696
2158,3,10,no,9,-0.04558642267380986,0.04558642267380986
905,3,8,yes,1,0.006632203865068964,0.006632203865068964
2159,3,10,no,12,0.059455378099095735,0.059455378099095735
906,3,8,yes,17,0.1165706557244966,0.1165706557244966
907,3,8,yes,1,0.006935967626738093,0.006935967626738093
908,3,8,yes,6,0.0413552155130551,0.0413552155130551
2471,3,11,no,3,0.004882518954656412,0.004882518954656412
909,3,8,no,8,0.053733090657715366,0.053733090657715366
2160,3,10,no,1,0.004474578305496801,0.004474578305496801
1652,3,9,yes,1,-0.0067987210476098126,0.0067987210476098126
374,3,7,yes,2,0.011982913187121635,0.011982913187121635
2472,3,11,no,1,0.0015497472996396366,0.0015497472996396366
1653,3,9,no,1,-0.0068248316823924515,0.0068248316823924515
1654,3,9,no,2,-0.013717972912521081,0.013717972912521081
910,3,8,no,1,0.006549739658341158,0.006549739658341158
911,3,8,no,3,-0.01977399322336293,0.01977399322336293
1655,3,9,yes,6,-0.04151453002501626,0.04151453002501626
1656,3,9,yes,13,0.08907119537825603,0.08907119537825603
1657,3,9,no,15,0.09514641903599785,0.09514641903599785
1658,3,9,no,2,-0.011982913187121635,0.011982913187121635
1659,3,9,no,4,-0.024676449923514254,0.024676449923514254
1660,3,9,yes,2,-0.012668204163147623,0.012668204163147623
2161,3,10,yes,1,-0.004474578305496801,0.004474578305496801
2162,3,10,no,1,-0.004548750366815679,0.004548750366815679
912,3,8,yes,1,0.006632203865068909,0.006632203865068909
913,3,8,no,1,-0.006632203865068909,0.006632203865068909
914,3,8,no,1,-0.0066701446519749075,0.0066701446519749075
2163,3,10,no,3,-0.014091611499263967,0.014091611499263967
1661,3,9,no,1,-0.006410485830370405,0.006410485830370405
2164,3,10,no,1,-0.00484547836750715,0.00484547836750715
1662,3,9,no,13,-0.0869650312850837,0.0869650312850837
2165,3,10,no,7,-0.03596953786550894,0.03596953786550894
2473,3,11,no,1,0.0015122014532749084,0.0015122014532749084
2166,3,10,yes,2,0.010639422328994508,0.010639422328994508
1663,3,9,no,11,0.0740008032285776,0.0740008032285776
915,3,8,yes,1,-0.006705817235090228,0.006705817235090228
2167,3,10,yes,2,0.010351311992158774,0.010351311992158774
916,3,8,no,1,-0.0067391696291118075,0.0067391696291118075
2168,3,10,no,1,-0.0051393804018998734,0.0051393804018998734
1664,3,9,no,6,-0.03988912473953987,0.03988912473953987
917,3,8,no,1,0.0067391696291118075,0.0067391696291118075
1665,3,9,yes,12,-0.08257020646231472,0.08257020646231472
1666,3,9,yes,1,0.006943997948260727,0.006943997948260727
2169,3,10,no,2,0.010205772795169099,0.010205772795169099
2474,3,11,no,9,0.012046472042115286,0.012046472042115286
918,3,8,no,1,-0.0067391696291118075,0.0067391696291118075
1667,3,9,yes,9,0.062057334619929794,0.062057334619929794
1668,3,9,yes,1,0.0067987210476098126,0.0067987210476098126
919,3,8,no,1,0.0067391696291118075,0.0067391696291118075
2170,3,10,no,1,0.0049930353877782885,0.0049930353877782885
1669,3,9,no,1,0.006770152846514388,0.006770152846514388
920,3,8,no,1,0.006705817235090228,0.006705817235090228
1670,3,9,no,1,-0.006770152846514388,0.006770152846514388
1671,3,9,yes,1,-0.0067987210476098126,0.0067987210476098126
2171,3,10,yes,1,0.0049193757633081425,0.0049193757633081425
1672,3,9,yes,1,0.0067987210476098126,0.0067987210476098126
2475,3,11,no,20,-0.030879950642265674,0.030879950642265674
2476,3,11,no,1,-0.00197041361887651,0.00197041361887651
1673,3,9,no,1,0.006770152846514388,0.006770152846514388
2477,3,11,yes,12,-0.02754549484165847,0.02754549484165847
1674,3,9,no,10,0.06562401340142998,0.06562401340142998
2478,3,11,no,19,-0.06106031907248022,0.06106031907248022
2479,3,11,yes,9,0.03186081208856473,0.03186081208856473
1675,3,9,no,1,-0.006360174775013605,0.006360174775013605
1676,3,9,no,2,-0.012869380138757824,0.012869380138757824
2480,3,11,no,1,0.0032023859348871975,0.0032023859348871975
2481,3,11,no,1,-0.0032023859348871975,0.0032023859348871975
2482,3,11,no,7,0.02108136966146512,0.02108136966146512
2172,3,10,no,1,-0.0049193757633081425,0.0049193757633081425
1677,3,9,no,1,-0.00650533374811868,0.00650533374811868
375,3,7,yes,6,0.03440059979640686,0.03440059979640686
1678,3,9,no,1,-0.006549739658341158,0.006549739658341158
2483,3,11,yes,7,0.01814276090511935,0.01814276090511935
921,3,8,yes,2,-0.013444986864202035,0.013444986864202035
2484,3,11,yes,7,0.015503698284495271,0.015503698284495271
1679,3,9,no,5,-0.033339385081198714,0.033339385081198714
922,3,8,no,4,-0.027242151199945774,0.027242151199945774
2173,3,10,yes,1,-0.0049930353877782885,0.0049930353877782885
1680,3,9,no,1,0.0067391696291118075,0.0067391696291118075
1681,3,9,yes,1,0.006705817235090228,0.006705817235090228
923,3,8,yes,12,0.08009550399599175,0.08009550399599175
924,3,8,yes,12,-0.08009550399599175,0.08009550399599175
1682,3,9,no,20,-0.1375856765433166,0.1375856765433166
1683,3,9,yes,2,0.013821248162286692,0.013821248162286692
1684,3,9,no,1,0.00692794968177024,0.00692794968177024
2174,3,10,no,7,0.03339825138467323,0.03339825138467323
925,3,8,yes,1,0.0068484456234291224,0.0068484456234291224
376,3,7,no,1,-0.005565672514303843,0.005565672514303843
1685,3,9,no,5,0.03470660311874779,0.03470660311874779
2485,3,11,yes,3,-0.006340878183320076,0.006340878183320076
2175,3,10,no,1,-0.004548750366815679,0.004548750366815679
377,3,7,no,1,-0.005634110153561744,0.005634110153561744
1686,3,9,yes,1,0.006935967626738093,0.006935967626738093
926,3,8,yes,1,-0.0068484456234291224,0.0068484456234291224
927,3,8,yes,5,0.03398132082905758,0.03398132082905758
928,3,8,no,1,0.006705817235090228,0.006705817235090228
1687,3,9,yes,6,0.0413552155130551,0.0413552155130551
1688,3,9,no,1,0.0068248316823924515,0.0068248316823924515
2176,3,10,no,3,-0.014091611499263967,0.014091611499263967
929,3,8,no,10,-0.06826595827200355,0.06826595827200355
1689,3,9,yes,3,0.020308043523236008,0.020308043523236008
930,3,8,no,3,-0.020805237106252483,0.020805237106252483
1690,3,9,no,13,0.08378680163080554,0.08378680163080554
2486,3,11,no,5,-0.011585955052864971,0.011585955052864971
931,3,8,yes,1,0.00694131979774415,0.00694131979774415
1691,3,9,yes,2,-0.012339808956414844,0.012339808956414844
1692,3,9,no,8,-0.05143882692225665,0.05143882692225665
1693,3,9,no,2,-0.013302348517043816,0.013302348517043816
932,3,8,yes,1,0.006935967626738093,0.006935967626738093
933,3,8,yes,1,0.00692794968177024,0.00692794968177024
934,3,8,no,1,0.006917278298890772,0.006917278298890772
1694,3,9,no,2,-0.013444986864202035,0.013444986864202035
935,3,8,yes,2,0.013792014619873005,0.013792014619873005
2487,3,11,no,1,0.002423134951689776,0.002423134951689776
936,3,8,no,3,-0.020709292918763778,0.020709292918763778
937,3,8,yes,4,0.027578820207855737,0.027578820207855737
2177,3,10,yes,1,0.004771406440793768,0.004771406440793768
2488,3,11,yes,8,-0.020967679078546464,0.020967679078546464
1695,3,9,no,1,-0.006770152846514388,0.006770152846514388
1696,3,9,yes,1,0.006770152846514388,0.006770152846514388
1697,3,9,no,1,-0.006770152846514388,0.006770152846514388
2489,3,11,yes,3,0.008295582634236576,0.008295582634236576
2490,3,11,no,11,0.0261109841880941,0.0261109841880941
938,3,8,no,1,-0.006869527289091959,0.006869527289091959
378,3,7,yes,1,0.005634110153561744,0.005634110153561744
939,3,8,yes,1,-0.006888044756477085,0.006888044756477085
2491,3,11,no,8,0.015233428967319385,0.015233428967319385
940,3,8,no,12,-0.08314096643359975,0.08314096643359975
1698,3,9,no,1,-0.0067987210476098126,0.0067987210476098126
941,3,8,no,2,0.013821248162286692,0.013821248162286692
2178,3,10,yes,1,0.004697221546987929,0.004697221546987929
942,3,8,yes,1,0.00692794968177024,0.00692794968177024
2179,3,10,no,1,-0.004697221546987929,0.004697221546987929
943,3,8,yes,8,0.0554877987261469,0.0554877987261469
944,3,8,yes,1,-0.006917278298890772,0.006917278298890772
2180,3,10,no,12,0.05149432483025651,0.05149432483025651
945,3,8,yes,13,0.08816035648900022,0.08816035648900022
2181,3,10,no,19,-0.08644132517507186,0.08644132517507186
946,3,8,no,1,-0.006592049699952862,0.006592049699952862
2492,3,11,no,4,-0.007256504358461702,0.007256504358461702
1699,3,9,yes,1,0.0067987210476098126,0.0067987210476098126
2182,3,10,yes,5,0.02533011553651443,0.02533011553651443
947,3,8,no,1,-0.006632203865068909,0.006632203865068909
2183,3,10,yes,1,0.00484547836750715,0.00484547836750715
948,3,8,no,5,-0.03368400541030114,0.03368400541030114
949,3,8,no,9,-0.062057334619929794,0.062057334619929794
2184,3,10,no,9,0.040274615018952575,0.040274615018952575
1700,3,9,yes,1,0.006770152846514388,0.006770152846514388
2185,3,10,no,14,-0.06523827733271526,0.06523827733271526
3020,4,12,no,5,-0.03466651335340387,0.03466651335340387
2493,3,11,yes,1,0.0018795089279035615,0.0018795089279035615
1701,3,9,no,2,-0.0135688738941242,0.0135688738941242
3021,4,12,yes,7,0.04855183109940875,0.04855183109940875
3022,4,12,no,12,-0.0828866503141954,0.0828866503141954
1702,3,9,no,11,-0.07594533051645119,0.07594533051645119
3023,4,12,yes,11,0.07594533051645125,0.07594533051645125
1703,3,9,yes,1,0.006943997948260672,0.006943997948260672
3024,4,12,no,1,-0.006943997948260727,0.006943997948260727
1704,3,9,yes,1,0.006943997948260727,0.006943997948260727
2494,3,11,yes,1,-0.0018795089279035615,0.0018795089279035615
1705,3,9,yes,3,-0.020829315694265604,0.020829315694265604
1706,3,9,no,1,0.006941319797744205,0.006941319797744205
1707,3,9,yes,1,0.006943997948260672,0.006943997948260672
379,3,7,no,14,-0.08457298038625694,0.08457298038625694
950,3,8,yes,3,0.020805237106252483,0.020805237106252483
1708,3,9,yes,13,0.08930937609142653,0.08930937609142653
2495,3,11,yes,1,0.0018795089279035615,0.0018795089279035615
1709,3,9,no,1,0.006705817235090228,0.006705817235090228
951,3,8,yes,2,0.013821248162286692,0.013821248162286692
380,3,7,no,5,-0.03273822127986903,0.03273822127986903
2496,3,11,no,1,-0.0018795089279035615,0.0018795089279035615
381,3,7,no,1,-0.0066701446519749075,0.0066701446519749075
1710,3,9,yes,3,0.019894398216996678,0.019894398216996678
952,3,8,no,2,0.013757572045569044,0.013757572045569044
1711,3,9,no,11,-0.07433910832671353,0.07433910832671353
382,3,7,no,6,-0.04068713806414781,0.04068713806414781
2497,3,11,no,1,-0.0019245274747758945,0.0019245274747758945
2186,3,10,yes,1,-0.0052119315902589,0.0052119315902589
383,3,7,no,1,0.0068484456234291224,0.0068484456234291224
2187,3,10,no,1,0.0052119315902589,0.0052119315902589
2498,3,11,no,1,0.0019245274747758945,0.0019245274747758945
384,3,7,no,1,0.0068248316823924515,0.0068248316823924515
953,3,8,yes,2,-0.013757572045569044,0.013757572045569044
954,3,8,no,1,-0.00690396986339592,0.00690396986339592
385,3,7,yes,1,0.0067987210476098126,0.0067987210476098126
1712,3,9,yes,17,-0.11737053683260029,0.11737053683260029
1713,3,9,yes,1,0.006798721047609868,0.006798721047609868
386,3,7,yes,7,0.04665927758605426,0.04665927758605426
955,3,8,yes,3,-0.020781195607399106,0.020781195607399106
956,3,8,yes,1,0.006935967626738093,0.006935967626738093
2188,3,10,no,3,-0.015851353919253408,0.015851353919253408
1714,3,9,yes,16,0.11057181578499042,0.11057181578499042
387,3,7,yes,1,0.00650533374811868,0.00650533374811868
388,3,7,yes,9,0.05623631171534238,0.05623631171534238
1715,3,9,no,2,-0.013821248162286692,0.013821248162286692
957,3,8,no,7,0.04818004719544755,0.04818004719544755
1716,3,9,yes,1,0.006917278298890772,0.006917278298890772
1717,3,9,no,10,0.06801882462508768,0.06801882462508768
1718,3,9,yes,2,-0.013375961887065135,0.013375961887065135
389,3,7,yes,2,0.011858307300091742,0.011858307300091742
958,3,8,yes,14,-0.09675056762270368,0.09675056762270368
1719,3,9,no,20,-0.1377679040647034,0.1377679040647034
1720,3,9,no,1,-0.0068695272890921255,0.0068695272890921255
959,3,8,yes,1,0.00692794968177024,0.00692794968177024
2499,3,11,no,1,-0.0019245274747758945,0.0019245274747758945
960,3,8,yes,1,0.006935967626738038,0.006935967626738038
961,3,8,yes,1,0.006941319797744205,0.006941319797744205
1721,3,9,yes,2,0.013757572045569155,0.013757572045569155
390,3,7,yes,1,0.005833461048261657,0.005833461048261657
962,3,8,yes,1,0.006943997948260672,0.006943997948260672
963,3,8,yes,2,0.013885317746004877,0.013885317746004877
391,3,7,no,1,-0.005833461048261657,0.005833461048261657
964,3,8,no,16,-0.10990051107252169,0.10990051107252169
965,3,8,yes,11,0.0751939079537739,0.0751939079537739
966,3,8,no,1,0.006935967626738038,0.006935967626738038
967,3,8,no,1,0.006941319797744205,0.006941319797744205
968,3,8,no,1,-0.006941319797744205,0.006941319797744205
1722,3,9,yes,1,0.006903969863395976,0.006903969863395976
2189,3,10,yes,1,0.00535544554716183,0.00535544554716183
1723,3,9,yes,1,0.006917278298890717,0.006917278298890717
969,3,8,yes,1,-0.006935967626738038,0.006935967626738038
970,3,8,no,1,0.006935967626738038,0.006935967626738038
2500,3,11,yes,10,-0.021914419829555776,0.021914419829555776
1724,3,9,no,8,0.055498470109026365,0.055498470109026365
2190,3,10,no,4,0.020701681167260677,0.020701681167260677
971,3,8,no,1,0.006941319797744205,0.006941319797744205
972,3,8,yes,5,0.03469323300277388,0.03469323300277388
973,3,8,yes,13,0.08816035648900022,0.08816035648900022
974,3,8,no,4,-0.026600215452086906,0.026600215452086906
2501,3,11,no,20,-0.06109650503011588,0.06109650503011588
2502,3,11,no,2,-0.0075653026733435436,0.0075653026733435436
2503,3,11,yes,4,0.014849258764971784,0.014849258764971784
1725,3,9,no,16,0.10767432420384748,0.10767432420384748
1726,3,9,no,15,-0.10075704590495671,0.10075704590495671
392,3,7,yes,9,0.0500649833052621,0.0500649833052621
975,3,8,no,1,-0.0067391696291118075,0.0067391696291118075
1727,3,9,yes,11,-0.07623699657020383,0.07623699657020383
1728,3,9,yes,16,0.11057181578499037,0.11057181578499037
2504,3,11,yes,1,0.003537950757597441,0.003537950757597441
393,3,7,no,1,-0.005283976781832678,0.005283976781832678
2191,3,10,no,2,-0.010205772795169099,0.010205772795169099
2505,3,11,no,1,0.0034694475658122448,0.0034694475658122448
1729,3,9,yes,1,-0.0068248316823924515,0.0068248316823924515
2506,3,11,no,2,0.006736093500941509,0.006736093500941509
394,3,7,no,4,-0.02184375084421919,0.02184375084421919
2507,3,11,no,1,0.003268061499241748,0.003268061499241748
2192,3,10,yes,13,-0.07315749968553542,0.07315749968553542
976,3,8,no,6,-0.04099972324551482,0.04099972324551482
395,3,7,no,8,-0.04690036192238556,0.04690036192238556
977,3,8,yes,12,0.08088884798505469,0.08088884798505469
978,3,8,no,6,-0.03988912473953987,0.03988912473953987
396,3,7,yes,5,0.02979656729143698,0.02979656729143698
979,3,8,no,1,0.0067391696291118075,0.0067391696291118075
2193,3,10,yes,1,0.006022277489922678,0.006022277489922678
2194,3,10,yes,1,0.005960635697198957,0.005960635697198957
1730,3,9,yes,4,-0.027509987532394087,0.027509987532394087
2195,3,10,no,8,0.04532323257916038,0.04532323257916038
980,3,8,no,1,-0.0067391696291118075,0.0067391696291118075
2508,3,11,yes,13,0.036800995614894694,0.036800995614894694
981,3,8,no,1,-0.006770152846514388,0.006770152846514388
982,3,8,no,1,-0.0067987210476098126,0.0067987210476098126
3025,4,12,no,10,-0.06900133256819052,0.06900133256819052
2196,3,10,no,1,-0.0054262663116700915,0.0054262663116700915
2509,3,11,no,14,-0.04006905711413644,0.04006905711413644
1731,3,9,yes,1,-0.006917278298890772,0.006917278298890772
3026,4,12,yes,1,0.006824831682392396,0.006824831682392396
2197,3,10,no,1,-0.005496366471083425,0.005496366471083425
3027,4,12,yes,1,0.0068484456234291224,0.0068484456234291224
3028,4,12,yes,1,0.0068695272890921255,0.0068695272890921255
1732,3,9,yes,7,0.04805081856128712,0.04805081856128712
2510,3,11,no,10,0.02982009562151633,0.02982009562151633
2511,3,11,no,20,-0.06626375983516608,0.06626375983516608
2512,3,11,no,2,-0.008140202627770932,0.008140202627770932
1733,3,9,yes,12,0.07870219563607839,0.07870219563607839
983,3,8,no,12,-0.0828866503141954,0.0828866503141954
1734,3,9,no,6,-0.038592657708365286,0.038592657708365286
2513,3,11,no,1,0.0041064676986638515,0.0041064676986638515
1735,3,9,no,11,-0.07433910832671353,0.07433910832671353
3029,4,12,yes,1,0.00688804475647703,0.00688804475647703
2514,3,11,yes,1,0.00403373492910708,0.00403373492910708
3030,4,12,yes,1,0.006903969863395976,0.006903969863395976
2515,3,11,no,7,0.026238123146895997,0.026238123146895997
2516,3,11,yes,1,0.0034694475658122448,0.0034694475658122448
397,3,7,yes,1,0.0057680800157665635,0.0057680800157665635
984,3,8,no,1,0.006941319797744205,0.006941319797744205
1736,3,9,yes,12,-0.08314096643359975,0.08314096643359975
1737,3,9,yes,2,0.013821248162286692,0.013821248162286692
3031,4,12,yes,5,0.03466651335340387,0.03466651335340387
2517,3,11,yes,1,0.003401615024017257,0.003401615024017257
985,3,8,yes,1,0.006943997948260672,0.006943997948260672
1738,3,9,yes,1,0.00692794968177024,0.00692794968177024
2518,3,11,no,1,0.003334478476924252,0.003334478476924252
2519,3,11,no,12,0.03505763204768397,0.03505763204768397
1739,3,9,no,2,0.013877287424482243,0.013877287424482243
2520,3,11,no,6,0.014384347710193368,0.014384347710193368
986,3,8,yes,7,0.04845852797327699,0.04845852797327699
2521,3,11,no,1,-0.0022642190665268513,0.0022642190665268513
2198,3,10,yes,2,-0.011199782667865588,0.011199782667865588
398,3,7,yes,6,-0.035564647307203545,0.035564647307203545
2199,3,10,no,1,0.005634110153561744,0.005634110153561744
1740,3,9,yes,12,0.082744051564061,0.082744051564061
987,3,8,no,1,-0.006888044756477085,0.006888044756477085
399,3,7,yes,11,0.06338866721944292,0.06338866721944292
400,3,7,no,1,-0.0054262663116700915,0.0054262663116700915
1741,3,9,no,4,-0.027341525642523345,0.027341525642523345
401,3,7,yes,5,0.026417000632823373,0.026417000632823373
402,3,7,no,1,-0.0051393804018998734,0.0051393804018998734
988,3,8,yes,4,-0.027685165470795026,0.027685165470795026
403,3,7,yes,1,0.0051393804018998734,0.0051393804018998734
404,3,7,no,2,-0.010351311992158774,0.010351311992158774
1742,3,9,no,14,0.09337551711545411,0.09337551711545411
2200,3,10,yes,4,0.02184375084421919,0.02184375084421919
2201,3,10,no,1,0.005283976781832678,0.005283976781832678
405,3,7,no,1,-0.005283976781832678,0.005283976781832678
1743,3,9,no,5,-0.032516503245170525,0.032516503245170525
1744,3,9,no,1,-0.006632203865068909,0.006632203865068909
2202,3,10,yes,1,0.0052119315902589,0.0052119315902589
989,3,8,yes,1,0.006935967626738093,0.006935967626738093
1745,3,9,no,1,-0.0066701446519749075,0.0066701446519749075
990,3,8,no,1,0.00692794968177024,0.00692794968177024
2522,3,11,yes,1,0.0022642190665268513,0.0022642190665268513
991,3,8,yes,1,0.006917278298890772,0.006917278298890772
992,3,8,no,7,-0.04855183109940886,0.04855183109940886
993,3,8,yes,7,0.04855183109940886,0.04855183109940886
994,3,8,no,1,-0.006917278298890772,0.006917278298890772
1746,3,9,no,1,-0.006705817235090228,0.006705817235090228
995,3,8,no,3,-0.020805237106252483,0.020805237106252483
2523,3,11,no,15,-0.039834060385461,0.039834060385461
996,3,8,yes,1,0.00694131979774415,0.00694131979774415
997,3,8,yes,11,0.07542405834542165,0.07542405834542165
998,3,8,no,11,0.0714469926743907,0.0714469926743907
999,3,8,yes,3,-0.018922323677086128,0.018922323677086128
1000,3,8,no,1,-0.006410485830370405,0.006410485830370405
2524,3,11,no,20,-0.07582603936670995,0.07582603936670995
2525,3,11,no,3,-0.013868955425285878,0.013868955425285878
1001,3,8,yes,1,-0.0064588943083874195,0.0064588943083874195
2526,3,11,no,8,-0.040230977126648026,0.040230977126648026
1002,3,8,no,11,-0.07363660968760433,0.07363660968760433
2527,3,11,no,2,0.010495908372091578,0.010495908372091578
2203,3,10,yes,2,0.010205772795169099,0.010205772795169099
1003,3,8,yes,3,0.020471998353431387,0.020471998353431387
2204,3,10,yes,2,0.009912411151086431,0.009912411151086431
1747,3,9,no,5,0.033149955110428064,0.033149955110428064
2528,3,11,yes,1,0.0051393804018998734,0.0051393804018998734
2529,3,11,yes,12,0.055919338644010996,0.055919338644010996
2530,3,11,no,5,0.02017067453890209,0.02017067453890209
406,3,7,no,1,-0.00535544554716183,0.00535544554716183
2531,3,11,no,1,0.003818099192726798,0.003818099192726798
1004,3,8,yes,2,-0.013623552730002264,0.013623552730002264
2532,3,11,yes,1,0.0037472034806167454,0.0037472034806167454
1005,3,8,yes,8,-0.05523250293753734,0.05523250293753734
407,3,7,yes,4,0.02099073432115328,0.02099073432115328
2533,3,11,yes,1,0.0036768586438180595,0.0036768586438180595
1006,3,8,yes,2,0.013877287424482243,0.013877287424482243
408,3,7,yes,5,-0.026417000632823373,0.026417000632823373
1748,3,9,no,1,-0.006549739658341158,0.006549739658341158
2534,3,11,no,7,0.02382103670629032,0.02382103670629032
1749,3,9,no,1,-0.006592049699952862,0.006592049699952862
1007,3,8,no,1,0.00692794968177024,0.00692794968177024
1750,3,9,yes,2,0.01314178935829402,0.01314178935829402
1008,3,8,yes,1,0.006917278298890772,0.006917278298890772
1751,3,9,no,2,-0.01314178935829402,0.01314178935829402
2535,3,11,yes,5,0.015054065553150808,0.015054065553150808
1752,3,9,yes,1,-0.006632203865068909,0.006632203865068909
2205,3,10,no,8,0.036687572947950664,0.036687572947950664
1753,3,9,no,8,-0.054226810005214676,0.054226810005214676
2206,3,10,no,1,0.004252962151704676,0.004252962151704676
1009,3,8,yes,1,0.00690396986339592,0.00690396986339592
1010,3,8,yes,7,0.047738892874626626,0.047738892874626626
2536,3,11,no,20,-0.07028793811550482,0.07028793811550482
2537,3,11,no,3,-0.012980116560571742,0.012980116560571742
2538,3,11,no,1,0.004400521639892241,0.004400521639892241
2207,3,10,yes,5,-0.022003445232884222,0.022003445232884222
1011,3,8,no,1,-0.0067391696291118075,0.0067391696291118075
2208,3,10,no,1,-0.00462298351148227,0.00462298351148227
2209,3,10,no,3,-0.014314106355288847,0.014314106355288847
2539,3,11,yes,2,0.0085795949206795,0.0085795949206795
1754,3,9,yes,3,0.020542804594913533,0.020542804594913533
2210,3,10,no,18,0.07596046840352921,0.07596046840352921
2540,3,11,no,3,0.012319760914575317,0.012319760914575317
2541,3,11,yes,16,0.05508239915646773,0.05508239915646773
2211,3,10,no,8,-0.030840375017069488,0.030840375017069488
2212,3,10,yes,5,-0.02163425315287293,0.02163425315287293
2213,3,10,no,1,0.004474578305496801,0.004474578305496801
2542,3,11,no,1,-0.0029474764738243175,0.0029474764738243175
1755,3,9,no,1,-0.0068248316823924515,0.0068248316823924515
1012,3,8,no,2,-0.0135688738941242,0.0135688738941242
2214,3,10,yes,2,-0.00902332867231248,0.00902332867231248
2215,3,10,yes,1,0.004548750366815679,0.004548750366815679
1756,3,9,no,7,-0.04829118313979319,0.04829118313979319
2216,3,10,no,6,-0.02840521599689494,0.02840521599689494
1013,3,8,no,1,-0.0068248316823924515,0.0068248316823924515
1757,3,9,yes,10,0.06868488871630984,0.06868488871630984
1758,3,9,no,6,-0.04099972324551482,0.04099972324551482
1759,3,9,yes,2,-0.013821248162286692,0.013821248162286692
409,3,7,yes,1,0.0054262663116700915,0.0054262663116700915
2543,3,11,yes,1,-0.0030100010790551357,0.0030100010790551357
2544,3,11,no,15,-0.05315865653269536,0.05315865653269536
2545,3,11,no,10,0.03714292066583258,0.03714292066583258
1760,3,9,no,3,-0.020805237106252483,0.020805237106252483
1761,3,9,yes,1,0.00694131979774415,0.00694131979774415
2217,3,10,yes,4,-0.020410739773206288,0.020410739773206288
2546,3,11,yes,1,0.003334478476924252,0.003334478476924252
2218,3,10,no,1,0.0052119315902589,0.0052119315902589
2219,3,10,yes,2,0.010205772795169099,0.010205772795169099
2547,3,11,yes,1,0.003268061499241748,0.003268061499241748
1762,3,9,yes,7,0.04829118313979319,0.04829118313979319
1763,3,9,yes,20,-0.13797655450159846,0.13797655450159846
1764,3,9,yes,4,-0.02688528436269133,0.02688528436269133
1765,3,9,yes,8,0.05422681000521484,0.05422681000521484
410,3,7,no,5,-0.027824019912239373,0.027824019912239373
2548,3,11,no,12,0.03432310510818093,0.03432310510818093
1766,3,9,yes,8,0.055402525921537604,0.055402525921537604
2549,3,11,yes,1,-0.002533534559738704,0.002533534559738704
1767,3,9,yes,9,0.062057334619929794,0.062057334619929794
2220,3,10,no,1,0.0049930353877782885,0.0049930353877782885
1768,3,9,yes,2,0.0135688738941242,0.0135688738941242
2550,3,11,no,5,-0.01353311906040422,0.01353311906040422
2221,3,10,yes,1,0.0049193757633081425,0.0049193757633081425
2551,3,11,yes,1,0.0028249181734271156,0.0028249181734271156
2222,3,10,no,1,-0.0049193757633081425,0.0049193757633081425
2223,3,10,no,7,0.03287979430239174,0.03287979430239174
2224,3,10,no,1,-0.004474578305496801,0.004474578305496801
1769,3,9,yes,1,-0.006770152846514388,0.006770152846514388
1014,3,8,yes,4,0.02713287520562846,0.02713287520562846
2225,3,10,no,1,-0.004548750366815679,0.004548750366815679
1770,3,9,no,1,-0.0067987210476098126,0.0067987210476098126
2226,3,10,no,1,0.004548750366815679,0.004548750366815679
2227,3,10,no,1,-0.004548750366815679,0.004548750366815679
1015,3,8,yes,1,-0.0067391696291118075,0.0067391696291118075
2228,3,10,yes,7,0.03028947121835246,0.03028947121835246
2229,3,10,no,1,-0.0041064676986638515,0.0041064676986638515
1016,3,8,no,2,0.013444986864202035,0.013444986864202035
2230,3,10,no,1,-0.004179558286804386,0.004179558286804386
2552,3,11,yes,2,-0.005710696217888889,0.005710696217888889
2553,3,11,yes,3,0.008475604049749563,0.008475604049749563
1771,3,9,yes,1,0.0067987210476098126,0.0067987210476098126
1017,3,8,no,1,-0.006705817235090228,0.006705817235090228
1772,3,9,yes,1,-0.0067987210476098126,0.0067987210476098126
411,3,7,yes,11,-0.06682677994070452,0.06682677994070452
1773,3,9,yes,1,0.0067987210476098126,0.0067987210476098126
1774,3,9,yes,1,0.006770152846514388,0.006770152846514388
412,3,7,yes,1,0.006360174775013605,0.006360174775013605
2231,3,10,no,1,-0.004252962151704676,0.004252962151704676
2232,3,10,no,10,-0.046599984099037095,0.046599984099037095
413,3,7,no,1,0.006308029388134018,0.006308029388134018
1018,3,8,yes,8,0.05252466899730457,0.05252466899730457
2554,3,11,yes,1,0.0027057566289487855,0.0027057566289487855
1019,3,8,no,4,-0.025924453545217663,0.025924453545217663
1020,3,8,yes,1,-0.006592049699952862,0.006592049699952862
1021,3,8,yes,11,-0.07465102849015659,0.07465102849015659
414,3,7,yes,6,0.03665936311063589,0.03665936311063589
2233,3,10,no,10,0.046599984099037095,0.046599984099037095
2234,3,10,no,8,-0.036687572947950664,0.036687572947950664
2555,3,11,yes,3,-0.008295582634236576,0.008295582634236576
2235,3,10,yes,1,0.00484547836750715,0.00484547836750715
1022,3,8,yes,20,-0.1373518513318957,0.1373518513318957
1023,3,8,yes,8,-0.05181691127338689,0.05181691127338689
2556,3,11,no,3,-0.008843255597341226,0.008843255597341226
1024,3,8,yes,1,0.006308029388133907,0.006308029388133907
1025,3,8,no,1,0.006360174775013716,0.006360174775013716
2557,3,11,no,20,-0.07442479907873534,0.07442479907873534
2558,3,11,no,6,-0.027960418539083598,0.027960418539083598
1026,3,8,yes,10,0.0660339914729306,0.0660339914729306
1027,3,8,no,1,0.006798721047609868,0.006798721047609868
1028,3,8,yes,1,0.006824831682392396,0.006824831682392396
1029,3,8,yes,1,0.0068484456234291224,0.0068484456234291224
2236,3,10,no,8,0.03609505673214819,0.03609505673214819
2559,3,11,no,7,0.03236094017897584,0.03236094017897584
1030,3,8,yes,1,0.0068695272890921255,0.0068695272890921255
1031,3,8,yes,1,0.00688804475647703,0.00688804475647703
1032,3,8,no,20,-0.13152569450543222,0.13152569450543222
1033,3,8,yes,1,0.00614129254867346,0.00614129254867346
2560,3,11,yes,8,0.03256836865230839,0.03256836865230839
2237,3,10,yes,1,-0.004252962151704676,0.004252962151704676
1034,3,8,no,1,-0.00614129254867346,0.00614129254867346
1035,3,8,yes,1,0.00614129254867346,0.00614129254867346
1036,3,8,yes,5,0.03153132591519786,0.03153132591519786
1037,3,8,no,2,0.01296422805650621,0.01296422805650621
2561,3,11,yes,2,0.007424062124434805,0.007424062124434805
1038,3,8,yes,15,0.10163804582911162,0.10163804582911162
2238,3,10,yes,2,0.008432520438509061,0.008432520438509061
2239,3,10,no,20,-0.09757793654902602,0.09757793654902602
2240,3,10,no,3,-0.017103794630948577,0.017103794630948577
1775,3,9,no,2,-0.0135688738941242,0.0135688738941242
2562,3,11,yes,2,0.0071450482054076225,0.0071450482054076225
2241,3,10,yes,1,0.0057680800157665635,0.0057680800157665635
1776,3,9,yes,5,0.03368400541030114,0.03368400541030114
415,3,7,no,1,-0.005960635697198957,0.005960635697198957
1039,3,8,no,4,0.027765283321003642,0.027765283321003642
2242,3,10,no,2,0.011335714615182013,0.011335714615182013
1777,3,9,yes,1,-0.0066701446519749075,0.0066701446519749075
1040,3,8,yes,1,0.00694131979774415,0.00694131979774415
1041,3,8,yes,3,0.020781195607399106,0.020781195607399106
2563,3,11,yes,4,0.013473602565995502,0.013473602565995502
1042,3,8,yes,11,-0.07623699657020383,0.07623699657020383
1778,3,9,no,13,-0.08907119537825603,0.08907119537825603
1043,3,8,yes,1,0.006903969863395976,0.006903969863395976
2243,3,10,no,12,0.062074727970867216,0.062074727970867216
1044,3,8,yes,7,0.04855183109940875,0.04855183109940875
2244,3,10,no,3,-0.014536260571609061,0.014536260571609061
1045,3,8,no,1,0.006935967626738093,0.006935967626738093
1779,3,9,no,1,-0.006943997948260727,0.006943997948260727
1780,3,9,no,1,0.006943997948260727,0.006943997948260727
1046,3,8,no,8,-0.05548779872614684,0.05548779872614684
2245,3,10,no,1,0.0049193757633081425,0.0049193757633081425
1047,3,8,yes,1,0.006917278298890717,0.006917278298890717
2246,3,10,no,1,0.00484547836750715,0.00484547836750715
1048,3,8,no,1,0.00692794968177024,0.00692794968177024
1049,3,8,yes,1,0.006935967626738038,0.006935967626738038
1781,3,9,no,15,0.10237354389529985,0.10237354389529985
1782,3,9,no,1,-0.006632203865068909,0.006632203865068909
1783,3,9,yes,1,-0.0066701446519749075,0.0066701446519749075
2247,3,10,yes,1,-0.00484547836750715,0.00484547836750715
1050,3,8,yes,1,0.006941319797744205,0.006941319797744205
1784,3,9,yes,2,-0.013444986864202035,0.013444986864202035
2564,3,11,yes,1,0.0032023859348871975,0.0032023859348871975
2248,3,10,no,1,0.00484547836750715,0.00484547836750715
1785,3,9,no,1,0.0067391696291118075,0.0067391696291118075
1051,3,8,no,1,0.006943997948260672,0.006943997948260672
1052,3,8,yes,1,-0.006943997948260672,0.006943997948260672
1786,3,9,no,1,-0.0067391696291118075,0.0067391696291118075
1053,3,8,no,4,-0.0277225154051432,0.0277225154051432
2565,3,11,no,20,-0.07723731779523824,0.07723731779523824
2566,3,11,no,3,-0.014091611499263967,0.014091611499263967
2567,3,11,yes,5,0.023114940171576448,0.023114940171576448
1054,3,8,yes,1,0.006917278298890717,0.006917278298890717
1055,3,8,no,1,-0.006917278298890717,0.006917278298890717
2568,3,11,yes,1,0.004400521639892241,0.004400521639892241
1787,3,9,no,6,0.03988912473953987,0.03988912473953987
416,3,7,yes,1,0.005960635697198957,0.005960635697198957
1056,3,8,yes,1,0.006917278298890717,0.006917278298890717
1057,3,8,yes,9,0.06241574840791714,0.06241574840791714
2569,3,11,yes,1,0.004326632768974825,0.004326632768974825
1788,3,9,no,13,-0.08779281784845061,0.08779281784845061
2570,3,11,yes,1,0.004252962151704676,0.004252962151704676
1058,3,8,yes,4,-0.027722515405143255,0.027722515405143255
1059,3,8,yes,1,0.00694131979774415,0.00694131979774415
2571,3,11,yes,1,0.004179558286804386,0.004179558286804386
2249,3,10,no,1,-0.00484547836750715,0.00484547836750715
417,3,7,no,1,0.0058976716028927845,0.0058976716028927845
2572,3,11,no,1,0.0041064676986638515,0.0041064676986638515
1060,3,8,yes,1,-0.00694131979774415,0.00694131979774415
418,3,7,yes,1,-0.0058976716028927845,0.0058976716028927845
1061,3,8,no,2,-0.013887995896521399,0.013887995896521399
1789,3,9,yes,1,0.00690396986339592,0.00690396986339592
2573,3,11,no,1,0.00403373492910708,0.00403373492910708
2250,3,10,yes,1,0.00484547836750715,0.00484547836750715
2251,3,10,no,8,0.03609505673214819,0.03609505673214819
1790,3,9,no,1,0.006888044756477085,0.006888044756477085
1062,3,8,no,3,0.02082931569426555,0.02082931569426555
2574,3,11,yes,1,0.003961402534739644,0.003961402534739644
2252,3,10,no,14,-0.06627065063616977,0.06627065063616977
2575,3,11,no,1,-0.003961402534739644,0.003961402534739644
1063,3,8,yes,2,0.013863917308508333,0.013863917308508333
419,3,7,yes,2,0.011731132651154441,0.011731132651154441
2253,3,10,no,1,0.0052119315902589,0.0052119315902589
2576,3,11,yes,3,0.01166901281705357,0.01166901281705357
1064,3,8,no,1,0.006917278298890772,0.006917278298890772
1065,3,8,no,1,-0.006917278298890772,0.006917278298890772
1791,3,9,yes,1,-0.006888044756477085,0.006888044756477085
2577,3,11,yes,1,0.0037472034806167454,0.0037472034806167454
2578,3,11,no,1,0.0036768586438180595,0.0036768586438180595
2579,3,11,no,1,-0.0036768586438180595,0.0036768586438180595
2580,3,11,no,3,0.010821906849225682,0.010821906849225682
1066,3,8,no,1,-0.00692794968177024,0.00692794968177024
1792,3,9,no,1,-0.00690396986339592,0.00690396986339592
420,3,7,no,3,-0.0176917683483534,0.0176917683483534
2581,3,11,no,1,0.0034694475658122448,0.0034694475658122448
2254,3,10,yes,1,0.0051393804018998734,0.0051393804018998734
2582,3,11,yes,2,0.006736093500941509,0.006736093500941509
2255,3,10,no,1,0.005066392393269226,0.005066392393269226
1067,3,8,yes,1,-0.006935967626738093,0.006935967626738093
1068,3,8,no,4,-0.027770635492009754,0.027770635492009754
1069,3,8,yes,1,-0.006935967626738038,0.006935967626738038
1070,3,8,no,1,0.006935967626738038,0.006935967626738038
1793,3,9,no,1,-0.006917278298890772,0.006917278298890772
1071,3,8,no,2,0.013885317746004877,0.013885317746004877
421,3,7,no,1,-0.006022277489922678,0.006022277489922678
422,3,7,no,3,-0.01842233040957575,0.01842233040957575
2583,3,11,yes,2,0.006470447434128945,0.006470447434128945
1794,3,9,no,14,-0.09675056762270373,0.09675056762270373
1795,3,9,yes,9,0.06205733461992985,0.06205733461992985
423,3,7,yes,1,-0.006254119513938505,0.006254119513938505
1072,3,8,yes,2,0.013885317746004877,0.013885317746004877
1796,3,9,no,12,0.082744051564061,0.082744051564061
1797,3,9,no,20,-0.13797655450159846,0.13797655450159846
1798,3,9,no,15,0.10374698410259803,0.10374698410259803
2256,3,10,yes,3,0.014757889518593581,0.014757889518593581
2257,3,10,no,1,0.004771406440793768,0.004771406440793768
2258,3,10,no,1,0.004697221546987929,0.004697221546987929
1799,3,9,no,1,0.006888044756477085,0.006888044756477085
1800,3,9,yes,2,-0.013792014619873005,0.013792014619873005
424,3,7,yes,1,0.006254119513938505,0.006254119513938505
2259,3,10,yes,1,0.00462298351148227,0.00462298351148227
1073,3,8,no,1,-0.00694131979774415,0.00694131979774415
2584,3,11,yes,1,-0.0032023859348871975,0.0032023859348871975
425,3,7,yes,1,0.0061985164077413835,0.0061985164077413835
1074,3,8,no,1,-0.006943997948260727,0.006943997948260727
2260,3,10,no,5,0.022003445232884222,0.022003445232884222
2585,3,11,no,3,-0.010004155000183257,0.010004155000183257
1801,3,9,yes,1,0.00690396986339592,0.00690396986339592
2261,3,10,no,2,-0.0085795949206795,0.0085795949206795
2262,3,10,no,2,-0.008875099945389042,0.008875099945389042
1802,3,9,yes,1,0.006888044756477085,0.006888044756477085
1803,3,9,no,2,-0.013792014619873005,0.013792014619873005
2586,3,11,no,4,0.013206540935070454,0.013206540935070454
2263,3,10,no,7,-0.03339825138467323,0.03339825138467323
1075,3,8,no,1,0.006943997948260727,0.006943997948260727
1076,3,8,no,1,0.00694131979774415,0.00694131979774415
1804,3,9,yes,8,-0.0554877987261469,0.0554877987261469
1805,3,9,no,10,0.0692798133460199,0.0692798133460199
1806,3,9,yes,8,0.054226810005214676,0.054226810005214676
1807,3,9,no,15,-0.10268533797849166,0.10268533797849166
1808,3,9,no,13,0.08930937609142653,0.08930937609142653
1809,3,9,yes,7,-0.047738892874626626,0.047738892874626626
1810,3,9,yes,1,0.006888044756477085,0.006888044756477085
2587,3,11,no,1,-0.0032023859348871975,0.0032023859348871975
1811,3,9,no,7,-0.04845852797327699,0.04845852797327699
1812,3,9,no,1,0.006943997948260727,0.006943997948260727
1813,3,9,no,6,0.04151453002501626,0.04151453002501626
1814,3,9,yes,7,-0.04845852797327699,0.04845852797327699
1815,3,9,yes,3,0.02082128537274297,0.02082128537274297
1816,3,9,no,5,0.03450676988962598,0.03450676988962598
1817,3,9,no,9,-0.06227205321062962,0.06227205321062962
1818,3,9,yes,11,0.07594533051645119,0.07594533051645119
2264,3,10,no,4,0.01952929595938735,0.01952929595938735
1819,3,9,no,1,-0.0068248316823924515,0.0068248316823924515
2265,3,10,no,1,0.004697221546987929,0.004697221546987929
1820,3,9,yes,4,0.02713287520562846,0.02713287520562846
1821,3,9,no,1,-0.0067391696291118075,0.0067391696291118075
1822,3,9,yes,6,0.03988912473953987,0.03988912473953987
1823,3,9,no,1,-0.006549739658341158,0.006549739658341158
1077,3,8,no,1,-0.00694131979774415,0.00694131979774415
2266,3,10,yes,1,0.00462298351148227,0.00462298351148227
2267,3,10,no,1,0.004548750366815679,0.004548750366815679
1824,3,9,no,12,-0.08124307819010945,0.08124307819010945
2268,3,10,no,1,0.004474578305496801,0.004474578305496801
1078,3,8,yes,1,-0.006943997948260727,0.006943997948260727
426,3,7,no,7,-0.044495553971704016,0.044495553971704016
2269,3,10,yes,1,-0.004474578305496801,0.004474578305496801
427,3,7,yes,1,0.00650533374811868,0.00650533374811868
2588,3,11,no,1,-0.003268061499241748,0.003268061499241748
428,3,7,yes,1,0.0064588943083874195,0.0064588943083874195
2589,3,11,no,4,-0.013743491824351195,0.013743491824351195
429,3,7,yes,1,0.006410485830370405,0.006410485830370405
2270,3,10,yes,5,0.02163425315287293,0.02163425315287293
2271,3,10,yes,18,-0.08651589756363876,0.08651589756363876
2272,3,10,yes,2,0.010781711858831922,0.010781711858831922
2273,3,10,no,3,0.01563528877399145,0.01563528877399145
1079,3,8,yes,1,0.006943997948260727,0.006943997948260727
2274,3,10,no,1,0.005066392393269226,0.005066392393269226
2590,3,11,yes,9,0.029434750293344858,0.029434750293344858
1080,3,8,yes,1,-0.006943997948260727,0.006943997948260727
1081,3,8,yes,1,-0.006943997948260672,0.006943997948260672
2591,3,11,no,1,0.0029474764738243175,0.0029474764738243175
1082,3,8,yes,1,0.006943997948260672,0.006943997948260672
2592,3,11,yes,2,-0.005957477552879453,0.005957477552879453
2275,3,10,yes,1,0.0049930353877782885,0.0049930353877782885
2593,3,11,no,3,0.008843255597341226,0.008843255597341226
1083,3,8,yes,1,-0.006943997948260672,0.006943997948260672
1825,3,9,no,10,0.06801882462508768,0.06801882462508768
2276,3,10,no,1,-0.0049930353877782885,0.0049930353877782885
1826,3,9,yes,1,-0.0066701446519749075,0.0066701446519749075
1827,3,9,no,4,-0.027013860758326236,0.027013860758326236
2594,3,11,no,1,0.0028249181734271156,0.0028249181734271156
1084,3,8,no,1,-0.006941319797744205,0.006941319797744205
2277,3,10,yes,7,0.03339825138467323,0.03339825138467323
1085,3,8,yes,1,-0.006935967626738038,0.006935967626738038
1086,3,8,yes,1,0.006935967626738038,0.006935967626738038
430,3,7,no,2,-0.012869380138757824,0.012869380138757824
1828,3,9,yes,1,-0.0068248316823924515,0.0068248316823924515
1829,3,9,yes,7,0.0471410409577625,0.0471410409577625
2278,3,10,no,1,0.004474578305496801,0.004474578305496801
1830,3,9,no,1,-0.006632203865068909,0.006632203865068909
431,3,7,yes,9,0.05623631171534238,0.05623631171534238
1831,3,9,no,1,-0.0066701446519749075,0.0066701446519749075
1832,3,9,no,1,0.0066701446519749075,0.0066701446519749075
2595,3,11,no,13,-0.041700020432868246,0.041700020432868246
2279,3,10,no,4,0.017159674847376127,0.017159674847376127
1833,3,9,no,1,-0.0066701446519749075,0.0066701446519749075
1834,3,9,no,1,-0.006705817235090228,0.006705817235090228
1835,3,9,no,4,-0.02713287520562846,0.02713287520562846
2280,3,10,no,4,-0.017159674847376127,0.017159674847376127
2281,3,10,no,1,-0.004474578305496801,0.004474578305496801
2596,3,11,no,9,0.030031846662099904,0.030031846662099904
1087,3,8,yes,5,0.03470660311874785,0.03470660311874785
2597,3,11,yes,1,-0.003073338017522187,0.003073338017522187
2282,3,10,yes,1,0.004474578305496801,0.004474578305496801
2598,3,11,yes,1,0.003073338017522187,0.003073338017522187
1836,3,9,no,1,-0.0068484456234291224,0.0068484456234291224
2599,3,11,no,7,-0.02288679845669228,0.02288679845669228
2283,3,10,yes,1,0.004400521639892241,0.004400521639892241
1088,3,8,no,16,0.1081433795772303,0.1081433795772303
2600,3,11,no,2,0.006871062589829502,0.006871062589829502
2284,3,10,yes,1,0.004326632768974825,0.004326632768974825
2285,3,10,no,5,-0.022373466592661817,0.022373466592661817
1837,3,9,no,2,0.013673277305821574,0.013673277305821574
2286,3,10,no,12,0.05061520247599538,0.05061520247599538
1838,3,9,yes,3,0.020308043523236008,0.020308043523236008
1089,3,8,no,1,-0.00650533374811868,0.00650533374811868
1090,3,8,yes,1,0.00650533374811868,0.00650533374811868
1091,3,8,no,11,-0.07363660968760433,0.07363660968760433
1839,3,9,no,8,-0.054642862738022546,0.054642862738022546
1840,3,9,no,9,0.061348679973112774,0.061348679973112774
1841,3,9,no,1,-0.006705817235090228,0.006705817235090228
432,3,7,no,11,-0.06929138512180222,0.06929138512180222
2601,3,11,yes,2,0.006602539976166,0.006602539976166
433,3,7,no,4,0.025924453545217663,0.025924453545217663
2287,3,10,no,1,-0.003818099192726798,0.003818099192726798
2288,3,10,no,1,-0.0038895110895871277,0.0038895110895871277
2289,3,10,no,6,0.022276720612156353,0.022276720612156353
2602,3,11,no,2,0.0063398578731745925,0.0063398578731745925
1842,3,9,no,1,-0.0067391696291118075,0.0067391696291118075
2603,3,11,yes,3,-0.00960791937241634,0.00960791937241634
2290,3,10,no,2,-0.0071450482054076225,0.0071450482054076225
2291,3,10,no,3,-0.011242161317161603,0.011242161317161603
1843,3,9,no,20,0.1260906185671209,0.1260906185671209
1844,3,9,no,6,0.0331794654594012,0.0331794654594012
1845,3,9,no,2,-0.010781711858831922,0.010781711858831922
434,3,7,no,3,-0.019374713886876505,0.019374713886876505
2604,3,11,no,11,-0.04047739914275683,0.04047739914275683
435,3,7,yes,1,0.00650533374811868,0.00650533374811868
1846,3,9,yes,15,-0.0892245335412738,0.0892245335412738
436,3,7,yes,1,0.0064588943083874195,0.0064588943083874195
2605,3,11,yes,1,0.00403373492910708,0.00403373492910708
2606,3,11,no,1,-0.00403373492910708,0.00403373492910708
1092,3,8,yes,8,0.053989486581191626,0.053989486581191626
1847,3,9,yes,1,0.006360174775013605,0.006360174775013605
1093,3,8,yes,1,-0.006632203865068909,0.006632203865068909
1848,3,9,no,1,-0.006360174775013605,0.006360174775013605
1094,3,8,yes,1,-0.0066701446519749075,0.0066701446519749075
1095,3,8,no,2,-0.013444986864202035,0.013444986864202035
2292,3,10,yes,13,-0.05626573127105028,0.05626573127105028
1096,3,8,no,1,0.0067391696291118075,0.0067391696291118075
2293,3,10,yes,1,0.004771406440793768,0.004771406440793768
2294,3,10,yes,1,0.004697221546987929,0.004697221546987929
2607,3,11,yes,1,0.00403373492910708,0.00403373492910708
1097,3,8,yes,2,-0.013509322475626195,0.013509322475626195
2295,3,10,no,11,0.04679710328326858,0.04679710328326858
1849,3,9,yes,12,-0.07965754420293303,0.07965754420293303
1098,3,8,no,8,-0.05497876824305736,0.05497876824305736
1850,3,9,yes,20,0.12898511147671654,0.12898511147671654
1851,3,9,no,1,-0.005960635697198957,0.005960635697198957
2296,3,10,yes,6,-0.024423636690606765,0.024423636690606765
1852,3,9,yes,1,-0.006022277489922678,0.006022277489922678
2297,3,10,no,9,0.03566579800776837,0.03566579800776837
1853,3,9,no,1,-0.006082521453160905,0.006082521453160905
2608,3,11,no,11,0.0397117257128915,0.0397117257128915
1854,3,9,no,1,-0.00614129254867346,0.00614129254867346
2609,3,11,yes,1,0.0032023859348871975,0.0032023859348871975
2298,3,10,no,14,-0.058039264600430185,0.058039264600430185
1099,3,8,yes,1,0.00692794968177024,0.00692794968177024
1100,3,8,yes,1,0.006917278298890772,0.006917278298890772
437,3,7,no,1,-0.0064588943083874195,0.0064588943083874195
2610,3,11,yes,16,-0.05948683471405869,0.05948683471405869
2299,3,10,yes,7,0.03080598703117088,0.03080598703117088
1101,3,8,yes,1,0.00690396986339592,0.00690396986339592
1855,3,9,no,10,-0.06426954719506695,0.06426954719506695
1856,3,9,no,1,0.006632203865068909,0.006632203865068909
2611,3,11,yes,1,0.004252962151704676,0.004252962151704676
1102,3,8,yes,8,-0.05545580096280478,0.05545580096280478
2612,3,11,yes,9,0.035019933303873874,0.035019933303873874
1103,3,8,yes,1,0.006941319797744205,0.006941319797744205
1857,3,9,no,12,-0.08156830678904736,0.08156830678904736
1858,3,9,no,11,0.07493610292397845,0.07493610292397845
2300,3,10,yes,3,0.012101605162510576,0.012101605162510576
2301,3,10,no,2,0.007707610282313926,0.007707610282313926
2613,3,11,no,1,0.003537950757597441,0.003537950757597441
2302,3,10,no,8,0.02804271289583793,0.02804271289583793
2303,3,10,yes,3,0.00941319589069678,0.00941319589069678
2304,3,10,no,5,-0.01601573586686278,0.01601573586686278
1104,3,8,no,9,0.06227205321062962,0.06227205321062962
1105,3,8,no,1,-0.006869527289091959,0.006869527289091959
2305,3,10,no,12,-0.04542894665130082,0.04542894665130082
2614,3,11,no,6,-0.022276720612156353,0.022276720612156353
1106,3,8,no,8,-0.05540252592153766,0.05540252592153766
1107,3,8,no,1,0.006943997948260672,0.006943997948260672
1108,3,8,yes,1,-0.006943997948260672,0.006943997948260672
2306,3,10,yes,1,0.004179558286804386,0.004179558286804386
1109,3,8,no,3,0.02082931569426555,0.02082931569426555
1859,3,9,no,1,0.006632203865068909,0.006632203865068909
2307,3,10,no,1,0.0041064676986638515,0.0041064676986638515
2308,3,10,yes,1,0.00403373492910708,0.00403373492910708
1860,3,9,yes,1,-0.006632203865068909,0.006632203865068909
2615,3,11,no,15,-0.06713410970005673,0.06713410970005673
1861,3,9,no,13,0.08251563868682399,0.08251563868682399
1862,3,9,no,17,-0.10940092304951532,0.10940092304951532
2309,3,10,yes,10,-0.04364341120592974,0.04364341120592974
1863,3,9,no,1,0.006770152846514388,0.006770152846514388
2616,3,11,yes,1,0.0049930353877782885,0.0049930353877782885
2617,3,11,yes,1,0.0049193757633081425,0.0049193757633081425
2618,3,11,no,5,0.023485840233586797,0.023485840233586797
438,3,7,yes,15,0.09103187469464435,0.09103187469464435
2310,3,10,no,12,0.05149432483025651,0.05149432483025651
2311,3,10,no,1,0.003818099192726798,0.003818099192726798
1110,3,8,yes,1,0.006935967626738093,0.006935967626738093
439,3,7,yes,1,-0.005634110153561744,0.005634110153561744
2619,3,11,no,12,0.048867530722132235,0.048867530722132235
440,3,7,no,1,-0.005701604461620269,0.005701604461620269
1111,3,8,yes,1,0.00692794968177024,0.00692794968177024
1864,3,9,yes,4,0.02674733538124585,0.02674733538124585
2312,3,10,yes,1,-0.003818099192726798,0.003818099192726798
441,3,7,no,2,-0.01160154106402822,0.01160154106402822
442,3,7,no,7,-0.042557034713528674,0.042557034713528674
1112,3,8,no,1,0.006917278298890772,0.006917278298890772
443,3,7,no,11,-0.071932042789564,0.071932042789564
444,3,7,yes,1,0.0067391696291118075,0.0067391696291118075
445,3,7,yes,1,0.006705817235090228,0.006705817235090228
446,3,7,no,1,0.0066701446519749075,0.0066701446519749075
2620,3,11,no,14,-0.058039264600430185,0.058039264600430185
447,3,7,yes,1,0.006632203865068909,0.006632203865068909
2313,3,10,yes,3,0.011242161317161603,0.011242161317161603
2314,3,10,yes,2,0.0071450482054076225,0.0071450482054076225
2621,3,11,yes,6,0.026626428744366493,0.026626428744366493
2315,3,10,no,13,-0.051538000622043056,0.051538000622043056
2316,3,10,no,12,0.048000049864445615,0.048000049864445615
2317,3,10,no,1,0.003537950757597441,0.003537950757597441
1113,3,8,yes,1,0.00690396986339592,0.00690396986339592
2622,3,11,no,1,-0.004252962151704676,0.004252962151704676
2318,3,10,no,4,-0.014569110329842427,0.014569110329842427
448,3,7,yes,1,0.006592049699952862,0.006592049699952862
2623,3,11,yes,1,0.004252962151704676,0.004252962151704676
1865,3,9,yes,1,0.006592049699952862,0.006592049699952862
449,3,7,yes,1,0.006549739658341158,0.006549739658341158
450,3,7,yes,1,0.00650533374811868,0.00650533374811868
1866,3,9,yes,1,0.006549739658341158,0.006549739658341158
1114,3,8,yes,1,0.006888044756477085,0.006888044756477085
2319,3,10,no,6,0.02144017291967193,0.02144017291967193
2320,3,10,no,10,0.030448817469491796,0.030448817469491796
451,3,7,yes,1,0.0064588943083874195,0.0064588943083874195
2321,3,10,yes,1,-0.0027649078318606746,0.0027649078318606746
2322,3,10,yes,1,0.0027649078318606746,0.0027649078318606746
2323,3,10,no,1,-0.0027649078318606746,0.0027649078318606746
2324,3,10,no,2,0.00547066446080946,0.00547066446080946
452,3,7,yes,16,0.0956350193716442,0.0956350193716442
2325,3,10,yes,1,0.0026474728616409093,0.0026474728616409093
453,3,7,no,9,-0.05187987945461192,0.05187987945461192
2624,3,11,no,2,-0.0085795949206795,0.0085795949206795
454,3,7,no,1,-0.006082521453160905,0.006082521453160905
455,3,7,no,14,-0.09052597125991735,0.09052597125991735
1867,3,9,no,2,-0.01314178935829402,0.01314178935829402
456,3,7,no,8,0.05285335279604597,0.05285335279604597
2326,3,10,no,2,-0.005353229490589695,0.005353229490589695
2327,3,10,yes,3,-0.008475604049749563,0.008475604049749563
2328,3,10,no,1,-0.0029474764738243175,0.0029474764738243175
2625,3,11,yes,20,-0.10192257797249071,0.10192257797249071
2626,3,11,yes,3,-0.0176917683483534,0.0176917683483534
1868,3,9,yes,15,-0.10237354389529985,0.10237354389529985
2329,3,10,no,5,-0.015691258468993663,0.015691258468993663
1115,3,8,yes,7,0.04755666535323977,0.04755666535323977
1869,3,9,yes,10,0.0688560556675396,0.0688560556675396
2627,3,11,no,11,0.06192329060535384,0.06192329060535384
2628,3,11,yes,1,0.0052119315902589,0.0052119315902589
1116,3,8,no,14,-0.09601519332651676,0.09601519332651676
2629,3,11,yes,4,0.02011818394625553,0.02011818394625553
2630,3,11,yes,1,0.00484547836750715,0.00484547836750715
2330,3,10,yes,4,-0.013743491824351195,0.013743491824351195
2631,3,11,no,1,-0.00484547836750715,0.00484547836750715
2632,3,11,no,1,0.00484547836750715,0.00484547836750715
2633,3,11,no,2,-0.009764854130815293,0.009764854130815293
1870,3,9,yes,1,0.006770152846514388,0.006770152846514388
2634,3,11,no,7,0.03287979430239174,0.03287979430239174
1117,3,8,no,1,0.006943997948260727,0.006943997948260727
1118,3,8,no,1,0.00694131979774415,0.00694131979774415
2331,3,10,yes,1,0.003537950757597441,0.003537950757597441
1119,3,8,no,1,0.006935967626738093,0.006935967626738093
2332,3,10,no,11,-0.04281084621317599,0.04281084621317599
2635,3,11,no,6,-0.027960418539083598,0.027960418539083598
1120,3,8,yes,1,0.00692794968177024,0.00692794968177024
2333,3,10,yes,1,0.004252962151704676,0.004252962151704676
2636,3,11,no,1,0.00484547836750715,0.00484547836750715
2637,3,11,no,1,-0.00484547836750715,0.00484547836750715
1121,3,8,no,9,0.06156014103691332,0.06156014103691332
2638,3,11,yes,1,0.00484547836750715,0.00484547836750715
2639,3,11,no,5,-0.02496366231376268,0.02496366231376268
2640,3,11,yes,1,0.0051393804018998734,0.0051393804018998734
2334,3,10,no,1,0.004179558286804386,0.004179558286804386
1122,3,8,yes,2,0.013375961887065135,0.013375961887065135
2335,3,10,yes,1,0.0041064676986638515,0.0041064676986638515
2641,3,11,yes,1,0.005066392393269226,0.005066392393269226
1871,3,9,no,1,-0.006770152846514388,0.006770152846514388
2642,3,11,yes,6,0.02884950101785755,0.02884950101785755
1123,3,8,no,1,-0.0066701446519749075,0.0066701446519749075
1124,3,8,no,1,-0.006705817235090228,0.006705817235090228
2643,3,11,no,1,-0.00462298351148227,0.00462298351148227
1125,3,8,no,1,-0.0067391696291118075,0.0067391696291118075
1126,3,8,yes,1,-0.006770152846514388,0.006770152846514388
2336,3,10,no,4,-0.016865620906147738,0.016865620906147738
2337,3,10,no,11,0.043599528224553374,0.043599528224553374
1872,3,9,no,1,0.006770152846514388,0.006770152846514388
2644,3,11,no,1,0.00462298351148227,0.00462298351148227
457,3,7,yes,10,0.0616357247070467,0.0616357247070467
458,3,7,no,2,-0.011858307300091742,0.011858307300091742
2338,3,10,no,6,-0.022700172389298556,0.022700172389298556
2645,3,11,no,1,-0.00462298351148227,0.00462298351148227
2646,3,11,yes,1,0.00462298351148227,0.00462298351148227
2339,3,10,yes,2,0.007850913624326772,0.007850913624326772
1127,3,8,yes,5,0.03351748822776024,0.03351748822776024
1128,3,8,yes,7,-0.0471410409577625,0.0471410409577625
459,3,7,no,4,-0.024444607899498427,0.024444607899498427
2647,3,11,no,1,0.004548750366815679,0.004548750366815679
1873,3,9,yes,1,-0.006770152846514388,0.006770152846514388
1874,3,9,yes,1,-0.0067987210476098126,0.0067987210476098126
2340,3,10,no,1,0.003818099192726798,0.003818099192726798
460,3,7,yes,1,0.0061985164077413835,0.0061985164077413835
1129,3,8,yes,1,-0.0068484456234291224,0.0068484456234291224
1875,3,9,no,1,-0.0068248316823924515,0.0068248316823924515
2341,3,10,yes,1,0.0037472034806167454,0.0037472034806167454
1130,3,8,no,1,-0.006869527289091959,0.006869527289091959
1131,3,8,no,1,0.006869527289091959,0.006869527289091959
1132,3,8,yes,1,0.0068484456234291224,0.0068484456234291224
2342,3,10,yes,2,0.007283956091628241,0.007283956091628241
2343,3,10,no,8,0.026424749214289722,0.026424749214289722
2344,3,10,yes,1,-0.003073338017522187,0.003073338017522187
1133,3,8,yes,2,0.013623552730002264,0.013623552730002264
461,3,7,no,1,-0.0061985164077413835,0.0061985164077413835
2345,3,10,yes,12,-0.04209018105132645,0.04209018105132645
2346,3,10,yes,2,0.007707610282313926,0.007707610282313926
2347,3,10,no,7,0.02477465139659618,0.02477465139659618
1876,3,9,no,1,0.0068248316823924515,0.0068248316823924515
1134,3,8,no,9,-0.061914735869795456,0.061914735869795456
1877,3,9,yes,3,0.020308043523236008,0.020308043523236008
1135,3,8,yes,1,0.006935967626738093,0.006935967626738093
1136,3,8,no,1,0.00692794968177024,0.00692794968177024
1878,3,9,yes,2,0.013375961887065135,0.013375961887065135
462,3,7,yes,13,0.07572847617585776,0.07572847617585776
1137,3,8,yes,1,0.006917278298890772,0.006917278298890772
463,3,7,no,17,0.08108963125196866,0.08108963125196866
2648,3,11,no,7,-0.03339825138467323,0.03339825138467323
464,3,7,no,15,-0.07045020892297416,0.07045020892297416
1138,3,8,yes,5,-0.03466651335340398,0.03466651335340398
465,3,7,no,1,-0.005283976781832678,0.005283976781832678
1139,3,8,no,4,0.02774923505451321,0.02774923505451321
1140,3,8,yes,3,0.020709292918763778,0.020709292918763778
466,3,7,no,2,-0.010781711858831922,0.010781711858831922
1879,3,9,no,1,0.006632203865068909,0.006632203865068909
467,3,7,no,1,-0.005496366471083425,0.005496366471083425
468,3,7,no,1,-0.005565672514303843,0.005565672514303843
1880,3,9,no,4,-0.02674733538124585,0.02674733538124585
2649,3,11,no,1,0.0049930353877782885,0.0049930353877782885
2348,3,10,yes,1,0.003268061499241748,0.003268061499241748
2349,3,10,no,1,-0.003268061499241748,0.003268061499241748
469,3,7,no,1,-0.005634110153561744,0.005634110153561744
2350,3,10,no,1,0.003268061499241748,0.003268061499241748
470,3,7,no,4,-0.023200817128541273,0.023200817128541273
2650,3,11,yes,1,0.0049193757633081425,0.0049193757633081425
2351,3,10,no,2,0.0063398578731745925,0.0063398578731745925
1141,3,8,no,8,-0.05540252592153766,0.05540252592153766
471,3,7,no,5,-0.030405243596697384,0.030405243596697384
2352,3,10,no,1,0.003073338017522187,0.003073338017522187
472,3,7,yes,1,0.0061985164077413835,0.0061985164077413835
473,3,7,no,1,0.00614129254867346,0.00614129254867346
2353,3,10,no,1,0.0030100010790551357,0.0030100010790551357
1881,3,9,no,1,0.0067391696291118075,0.0067391696291118075
1882,3,9,yes,1,0.006705817235090228,0.006705817235090228
1883,3,9,no,1,0.0066701446519749075,0.0066701446519749075
2651,3,11,no,1,-0.0049193757633081425,0.0049193757633081425
2354,3,10,no,1,-0.0030100010790551357,0.0030100010790551357
1142,3,8,yes,11,0.07594533051645119,0.07594533051645119
474,3,7,no,12,-0.07708098439571531,0.07708098439571531
475,3,7,no,9,0.058487055925361964,0.058487055925361964
1143,3,8,no,1,-0.0068248316823924515,0.0068248316823924515
2652,3,11,no,1,0.0049193757633081425,0.0049193757633081425
476,3,7,yes,1,0.006254119513938505,0.006254119513938505
3032,5,17,no,17,-0.11590959154351338,0.11590959154351338
3033,5,17,yes,1,0.006592049699952696,0.006592049699952696
3034,5,17,yes,1,0.006632203865068964,0.006632203865068964
2653,3,11,no,1,0.00484547836750715,0.00484547836750715
3035,5,17,yes,1,0.0066701446519749075,0.0066701446519749075
3036,5,17,yes,1,0.006705817235090283,0.006705817235090283
1884,3,9,no,1,0.006632203865068909,0.006632203865068909
3037,5,17,yes,1,0.006739169629111863,0.006739169629111863
3038,5,17,yes,1,0.006770152846514277,0.006770152846514277
477,3,7,no,4,-0.025332809507456533,0.025332809507456533
478,3,7,no,11,-0.07324705837256262,0.07324705837256262
3039,5,17,no,1,-0.006770152846514277,0.006770152846514277
479,3,7,yes,1,0.0068248316823924515,0.0068248316823924515
480,3,7,yes,1,0.0067987210476098126,0.0067987210476098126
3040,5,17,yes,1,0.006770152846514277,0.006770152846514277
3041,5,17,yes,1,0.006798721047609868,0.006798721047609868
3042,5,17,no,2,-0.013568873894124145,0.013568873894124145
481,3,7,no,1,0.006770152846514388,0.006770152846514388
482,3,7,yes,6,0.03988912473953987,0.03988912473953987
3043,5,17,no,13,-0.08438467871124394,0.08438467871124394
3044,5,17,no,1,-0.00614129254867346,0.00614129254867346
1885,3,9,no,1,-0.006632203865068909,0.006632203865068909
483,3,7,yes,7,0.044495553971704016,0.044495553971704016
3045,5,17,yes,1,0.00614129254867346,0.00614129254867346
2355,3,10,no,1,-0.003073338017522187,0.003073338017522187
3046,5,17,no,2,-0.012223814001834421,0.012223814001834421
3047,5,17,yes,1,0.006082521453160961,0.006082521453160961
2356,3,10,yes,1,0.003073338017522187,0.003073338017522187
2357,3,10,no,1,0.0030100010790551357,0.0030100010790551357
2358,3,10,no,1,-0.0030100010790551357,0.0030100010790551357
3048,5,17,yes,7,0.04413151277225885,0.04413151277225885
3049,5,17,yes,1,0.00650533374811868,0.00650533374811868
3050,5,17,yes,1,0.006549739658341158,0.006549739658341158
2654,3,11,yes,20,-0.11034497600113247,0.11034497600113247
2655,3,11,yes,2,-0.012452635921679889,0.012452635921679889
2656,3,11,yes,1,0.006254119513938505,0.006254119513938505
2657,3,11,yes,1,0.0061985164077413835,0.0061985164077413835
1144,3,8,no,10,0.0667881640641752,0.0667881640641752
1145,3,8,no,1,-0.00650533374811868,0.00650533374811868
1146,3,8,no,1,-0.006549739658341158,0.006549739658341158
2658,3,11,yes,1,0.00614129254867346,0.00614129254867346
3051,5,17,yes,1,0.006592049699952696,0.006592049699952696
484,3,7,yes,1,0.00614129254867346,0.00614129254867346
2659,3,11,no,4,0.023963106243175325,0.023963106243175325
3052,5,17,yes,1,0.006632203865068964,0.006632203865068964
2660,3,11,no,12,0.0654826876906901,0.0654826876906901
3053,5,17,yes,10,0.06801882462508785,0.06801882462508785
3054,5,17,no,2,-0.013792014619873005,0.013792014619873005
3055,5,17,no,1,-0.0068695272890921255,0.0068695272890921255
3056,5,17,no,3,-0.020471998353431387,0.020471998353431387
3057,5,17,yes,1,0.006798721047609868,0.006798721047609868
3058,5,17,yes,1,0.006824831682392396,0.006824831682392396
3059,5,17,yes,6,0.04135521551305521,0.04135521551305521
2661,3,11,yes,1,0.0049930353877782885,0.0049930353877782885
1886,3,9,no,1,0.006632203865068909,0.006632203865068909
2359,3,10,yes,1,-0.003073338017522187,0.003073338017522187
1147,3,8,no,2,-0.01322425356502177,0.01322425356502177
3060,5,17,no,11,-0.0751939079537739,0.0751939079537739
485,3,7,yes,20,0.10897508989325277,0.10897508989325277
486,3,7,yes,1,0.004697221546987929,0.004697221546987929
487,3,7,yes,1,-0.004697221546987929,0.004697221546987929
2662,3,11,no,12,-0.06464226203020673,0.06464226203020673
1148,3,8,no,1,-0.0066701446519749075,0.0066701446519749075
2663,3,11,no,11,0.05964922664242844,0.05964922664242844
3061,5,17,no,2,-0.013302348517043872,0.013302348517043872
488,3,7,no,2,-0.009616884808300918,0.009616884808300918
2664,3,11,no,15,-0.08336327248070452,0.08336327248070452
3062,5,17,no,1,-0.006592049699952696,0.006592049699952696
3063,5,17,no,15,-0.09275123348592218,0.09275123348592218
1149,3,8,no,1,-0.006705817235090228,0.006705817235090228
2665,3,11,no,1,0.006022277489922678,0.006022277489922678
1150,3,8,no,2,-0.013509322475626195,0.013509322475626195
489,3,7,no,4,-0.02011818394625553,0.02011818394625553
2360,3,10,yes,4,-0.012942397849340592,0.012942397849340592
2666,3,11,no,7,0.04036123549360582,0.04036123549360582
3064,5,17,yes,2,0.011601541064028276,0.011601541064028276
490,3,7,no,11,-0.061174586498413785,0.061174586498413785
1151,3,8,no,3,-0.020471998353431387,0.020471998353431387
2361,3,10,no,7,0.021973213419742232,0.021973213419742232
3065,5,17,yes,1,0.005897671602892618,0.005897671602892618
3066,5,17,yes,1,0.005960635697199068,0.005960635697199068
2667,3,11,no,1,-0.005565672514303843,0.005565672514303843
3067,5,17,no,1,-0.005960635697199068,0.005960635697199068
1887,3,9,no,1,0.006592049699952862,0.006592049699952862
3068,5,17,yes,2,0.011982913187121635,0.011982913187121635
2668,3,11,yes,1,0.005565672514303843,0.005565672514303843
2362,3,10,no,7,-0.021973213419742232,0.021973213419742232
1152,3,8,yes,7,0.04735728271612272,0.04735728271612272
1153,3,8,yes,1,-0.0066701446519749075,0.0066701446519749075
3069,5,17,no,1,-0.006022277489922567,0.006022277489922567
2669,3,11,yes,2,0.010922632782753516,0.010922632782753516
3070,5,17,no,1,-0.005960635697199068,0.005960635697199068
3071,5,17,yes,1,0.005960635697199068,0.005960635697199068
3072,5,17,no,2,-0.011858307300091686,0.011858307300091686
1154,3,8,no,1,-0.006705817235090228,0.006705817235090228
1888,3,9,yes,1,0.006549739658341158,0.006549739658341158
2670,3,11,yes,2,0.010639422328994508,0.010639422328994508
3073,5,17,yes,1,0.005897671602892618,0.005897671602892618
2363,3,10,no,1,0.003334478476924252,0.003334478476924252
2364,3,10,yes,1,0.003268061499241748,0.003268061499241748
3074,5,17,yes,1,0.005960635697199068,0.005960635697199068
3075,5,17,no,20,-0.10619049600863945,0.10619049600863945
3076,5,17,no,1,-0.004548750366815624,0.004548750366815624
2671,3,11,no,9,-0.0500649833052621,0.0500649833052621
491,3,7,no,14,-0.08847627438402295,0.08847627438402295
3077,5,17,yes,1,0.004548750366815624,0.004548750366815624
3078,5,17,yes,12,0.06033289404395015,0.06033289404395015
1155,3,8,no,1,0.006705817235090228,0.006705817235090228
492,3,7,yes,1,0.006632203865068909,0.006632203865068909
2672,3,11,no,1,0.005833461048261657,0.005833461048261657
3079,5,17,yes,9,0.051879879454611866,0.051879879454611866
2365,3,10,no,1,0.0032023859348871975,0.0032023859348871975
493,3,7,yes,4,0.02610601741480012,0.02610601741480012
3080,5,17,no,9,-0.051879879454611866,0.051879879454611866
494,3,7,yes,14,0.08457298038625694,0.08457298038625694
2673,3,11,yes,9,0.049443453847259344,0.049443453847259344
495,3,7,no,6,-0.034795562979301975,0.034795562979301975
2366,3,10,no,6,0.017878983726577924,0.017878983726577924
3081,5,17,yes,13,0.07655632937812629,0.07655632937812629
3082,5,17,no,2,-0.01245263592168,0.01245263592168
3083,5,17,no,1,-0.00614129254867346,0.00614129254867346
2367,3,10,no,1,-0.0028249181734271156,0.0028249181734271156
3084,5,17,yes,8,0.05063684652037753,0.05063684652037753
1156,3,8,no,1,0.0066701446519749075,0.0066701446519749075
3085,5,17,yes,1,0.006549739658341158,0.006549739658341158
1157,3,8,no,7,-0.04735728271612272,0.04735728271612272
3086,5,17,yes,10,0.0674510635702365,0.0674510635702365
2674,3,11,yes,1,0.0051393804018998734,0.0051393804018998734
3087,5,17,no,4,-0.027341525642523512,0.027341525642523512
1158,3,8,yes,1,0.0068484456234291224,0.0068484456234291224
3088,5,17,no,11,-0.07239416624794431,0.07239416624794431
3089,5,17,yes,1,0.006360174775013716,0.006360174775013716
2675,3,11,no,14,-0.0782968800874353,0.0782968800874353
496,3,7,no,1,-0.006022277489922678,0.006022277489922678
3090,5,17,yes,1,0.006410485830370238,0.006410485830370238
2676,3,11,yes,1,0.006022277489922678,0.006022277489922678
3091,5,17,no,1,-0.006410485830370238,0.006410485830370238
3092,5,17,yes,10,0.0660339914729306,0.0660339914729306
3093,5,17,no,2,-0.01350932247562614,0.01350932247562614
2677,3,11,no,12,0.06713522219561274,0.06713522219561274
3094,5,17,yes,1,0.006739169629111863,0.006739169629111863
3095,5,17,yes,13,0.0895142044105754,0.0895142044105754
3096,5,17,no,2,-0.013887995896521399,0.013887995896521399
3097,5,17,no,1,-0.006941319797744205,0.006941319797744205
3098,5,17,no,20,-0.13430890211773983,0.13430890211773983
3099,5,17,no,5,-0.030984479311648327,0.030984479311648327
3100,5,17,yes,10,0.06326910763187965,0.06326910763187965
3101,5,17,yes,12,0.08124307819010951,0.08124307819010951
3102,5,17,no,5,-0.03433481921478665,0.03433481921478665
3103,5,17,yes,9,0.06205733461992985,0.06205733461992985
1159,3,8,no,2,0.013623552730002264,0.013623552730002264
3104,5,17,no,1,-0.006941319797744205,0.006941319797744205
2678,3,11,no,10,-0.055276914895521,0.055276914895521
3105,5,17,no,1,-0.006935967626738038,0.006935967626738038
2679,3,11,yes,1,-0.0058976716028927845,0.0058976716028927845
3106,5,17,no,7,-0.048180047195447606,0.048180047195447606
3107,5,17,no,8,-0.05345799863366402,0.05345799863366402
3108,5,17,yes,11,0.07400080322857766,0.07400080322857766
3109,5,17,no,1,-0.0068695272890921255,0.0068695272890921255
1889,3,9,no,4,0.02573488866189011,0.02573488866189011
1890,3,9,no,1,-0.006360174775013605,0.006360174775013605
3110,5,17,no,1,-0.0068484456234291224,0.0068484456234291224
2368,3,10,no,1,0.0028249181734271156,0.0028249181734271156
2369,3,10,no,9,-0.02768390963763112,0.02768390963763112
2680,3,11,no,13,-0.08184407051895404,0.08184407051895404
3111,5,17,no,1,-0.006824831682392396,0.006824831682392396
2681,3,11,no,1,0.006592049699952862,0.006592049699952862
2682,3,11,yes,1,0.006549739658341158,0.006549739658341158
2683,3,11,no,2,0.0129642280565061,0.0129642280565061
3112,5,17,no,1,-0.006798721047609868,0.006798721047609868
1891,3,9,yes,1,-0.006410485830370405,0.006410485830370405
3113,5,17,no,13,-0.08495631515001678,0.08495631515001678
3114,5,17,no,4,-0.024444607899498427,0.024444607899498427
2370,3,10,yes,1,0.003334478476924252,0.003334478476924252
1892,3,9,no,1,-0.0064588943083874195,0.0064588943083874195
1893,3,9,no,15,0.09103187469464435,0.09103187469464435
497,3,7,yes,1,0.006022277489922678,0.006022277489922678
2684,3,11,yes,1,0.006410485830370405,0.006410485830370405
1894,3,9,yes,1,-0.005634110153561744,0.005634110153561744
1895,3,9,yes,1,0.005634110153561744,0.005634110153561744
3115,5,17,yes,1,0.006022277489922567,0.006022277489922567
1896,3,9,yes,1,-0.005634110153561744,0.005634110153561744
3116,5,17,yes,1,0.006082521453160961,0.006082521453160961
2685,3,11,yes,4,0.02512084008482751,0.02512084008482751
1897,3,9,no,1,-0.005701604461620269,0.005701604461620269
3117,5,17,yes,1,0.00614129254867346,0.00614129254867346
2686,3,11,yes,6,0.03593785984011044,0.03593785984011044
498,3,7,yes,5,0.02916145282574023,0.02916145282574023
1898,3,9,yes,2,-0.01160154106402822,0.01160154106402822
1899,3,9,yes,1,-0.0058976716028927845,0.0058976716028927845
2371,3,10,yes,1,-0.003334478476924252,0.003334478476924252
1900,3,9,no,1,0.0058976716028927845,0.0058976716028927845
2687,3,11,no,1,0.0057680800157665635,0.0057680800157665635
1901,3,9,yes,5,0.028502928193514077,0.028502928193514077
3118,5,17,yes,3,0.018760665309813906,0.018760665309813906
3119,5,17,no,1,-0.006308029388133907,0.006308029388133907
2688,3,11,yes,2,0.011335714615182013,0.011335714615182013
499,3,7,no,9,-0.05360606072523866,0.05360606072523866
2689,3,11,no,2,0.011062038985387268,0.011062038985387268
3120,5,17,no,2,-0.01245263592168,0.01245263592168
500,3,7,no,13,0.07572847617585776,0.07572847617585776
3121,5,17,yes,1,0.006198516407741439,0.006198516407741439
501,3,7,no,12,-0.06952995976811638,0.06952995976811638
3122,5,17,yes,1,0.006254119513938561,0.006254119513938561
502,3,7,yes,1,0.00614129254867346,0.00614129254867346
1902,3,9,yes,14,-0.08372816707019037,0.08372816707019037
2372,3,10,no,13,0.038392110524608225,0.038392110524608225
3123,5,17,yes,1,0.006308029388133907,0.006308029388133907
1160,3,8,no,3,0.020215139710716423,0.020215139710716423
3124,5,17,no,2,-0.012562148902072467,0.012562148902072467
1903,3,9,no,1,-0.006410485830370405,0.006410485830370405
3125,5,17,yes,1,0.006254119513938561,0.006254119513938561
3126,5,17,yes,1,0.006308029388133907,0.006308029388133907
3127,5,17,yes,16,0.10662373664694486,0.10662373664694486
3128,5,17,no,1,-0.00688804475647703,0.00688804475647703
3129,5,17,no,20,-0.13072017120211615,0.13072017120211615
3130,5,17,no,3,-0.017880584790014253,0.017880584790014253
1904,3,9,no,14,0.08457298038625694,0.08457298038625694
3131,5,17,yes,1,0.005897671602892618,0.005897671602892618
1905,3,9,no,1,-0.005634110153561744,0.005634110153561744
1906,3,9,yes,2,-0.011469684477386832,0.011469684477386832
503,3,7,yes,1,-0.00614129254867346,0.00614129254867346
3132,5,17,yes,15,0.09514641903599785,0.09514641903599785
3133,5,17,no,7,-0.045818851762214174,0.045818851762214174
3134,5,17,no,12,-0.0725283844023249,0.0725283844023249
3135,5,17,yes,11,0.06616820962731118,0.06616820962731118
1907,3,9,no,1,-0.005833461048261657,0.005833461048261657
2373,3,10,no,4,0.009803830394951918,0.009803830394951918
1908,3,9,no,3,0.01730314552564849,0.01730314552564849
2690,3,11,no,15,-0.0892245335412738,0.0892245335412738
2374,3,10,no,1,-0.0023692703768096735,0.0023692703768096735
2691,3,11,no,1,0.006360174775013605,0.006360174775013605
3136,5,17,yes,1,0.006360174775013716,0.006360174775013716
3137,5,17,yes,2,0.012869380138757769,0.012869380138757769
1161,3,8,no,1,0.0066701446519749075,0.0066701446519749075
2692,3,11,yes,1,0.006308029388134018,0.006308029388134018
2693,3,11,yes,1,-0.006308029388134018,0.006308029388134018
2694,3,11,yes,1,0.006308029388134018,0.006308029388134018
1162,3,8,yes,4,-0.02688528436269133,0.02688528436269133
1909,3,9,yes,2,0.011199782667865588,0.011199782667865588
2375,3,10,yes,1,0.0023692703768096735,0.0023692703768096735
3138,5,17,yes,1,0.00650533374811868,0.00650533374811868
3139,5,17,yes,1,0.006549739658341158,0.006549739658341158
1910,3,9,no,2,-0.011199782667865588,0.011199782667865588
2695,3,11,yes,1,0.006254119513938505,0.006254119513938505
3140,5,17,yes,1,0.006592049699952696,0.006592049699952696
3141,5,17,yes,2,0.013302348517043872,0.013302348517043872
3142,5,17,yes,7,0.047556665353239935,0.047556665353239935
1911,3,9,yes,5,0.027477860997780934,0.027477860997780934
504,3,7,no,1,0.00614129254867346,0.00614129254867346
1912,3,9,yes,1,0.005283976781832678,0.005283976781832678
2376,3,10,no,3,-0.007270295835213214,0.007270295835213214
1913,3,9,no,15,-0.08636789850485227,0.08636789850485227
2377,3,10,no,1,-0.002533534559738704,0.002533534559738704
3143,5,17,no,1,-0.0068695272890921255,0.0068695272890921255
3144,5,17,no,1,-0.0068484456234291224,0.0068484456234291224
2378,3,10,yes,1,0.002533534559738704,0.002533534559738704
2379,3,10,no,1,0.0024778905067137647,0.0024778905067137647
2380,3,10,no,10,0.021914419829555776,0.021914419829555776
2381,3,10,no,1,-0.00197041361887651,0.00197041361887651
2696,3,11,no,1,-0.006254119513938505,0.006254119513938505
3145,5,17,yes,1,-0.006824831682392396,0.006824831682392396
2697,3,11,no,1,-0.006308029388134018,0.006308029388134018
3146,5,17,no,1,-0.006798721047609868,0.006798721047609868
2382,3,10,no,10,-0.02242189671739303,0.02242189671739303
1914,3,9,no,1,-0.006254119513938505,0.006254119513938505
505,3,7,yes,14,0.07924002113869633,0.07924002113869633
3147,5,17,no,6,-0.04010953792771299,0.04010953792771299
1915,3,9,yes,3,0.01859392847035335,0.01859392847035335
1916,3,9,no,1,0.006082521453160905,0.006082521453160905
1917,3,9,yes,1,-0.006082521453160905,0.006082521453160905
3148,5,17,no,1,-0.006549739658341158,0.006549739658341158
506,3,7,yes,6,-0.03233965921631077,0.03233965921631077
507,3,7,no,12,-0.07180231978087293,0.07180231978087293
2698,3,11,yes,4,0.024901957858487367,0.024901957858487367
3149,5,17,no,5,-0.03204291805002407,0.03204291805002407
1918,3,9,no,2,0.012104798943083583,0.012104798943083583
3150,5,17,no,14,-0.08198259568979632,0.08198259568979632
3151,5,17,yes,14,0.08198259568979632,0.08198259568979632
2699,3,11,yes,1,-0.00614129254867346,0.00614129254867346
1163,3,8,yes,4,0.02688528436269133,0.02688528436269133
2383,3,10,no,5,0.011850813150454664,0.011850813150454664
3152,5,17,no,20,-0.1130327577919972,0.1130327577919972
3153,5,17,no,2,-0.009764854130815348,0.009764854130815348
3154,5,17,yes,19,0.10420368345245909,0.10420368345245909
2700,3,11,no,1,-0.0061985164077413835,0.0061985164077413835
2384,3,10,no,6,-0.014384347710193368,0.014384347710193368
3155,5,17,yes,1,0.00614129254867346,0.00614129254867346
508,3,7,yes,8,0.04886506410166269,0.04886506410166269
2385,3,10,yes,1,0.002533534559738704,0.002533534559738704
3156,5,17,yes,1,0.006198516407741439,0.006198516407741439
3157,5,17,yes,1,0.006254119513938561,0.006254119513938561
2701,3,11,yes,1,0.0061985164077413835,0.0061985164077413835
1919,3,9,no,5,-0.030698727413436933,0.030698727413436933
3158,5,17,yes,1,0.006308029388133907,0.006308029388133907
2702,3,11,yes,4,0.024206727188956,0.024206727188956
1164,3,8,no,1,0.006632203865068909,0.006632203865068909
3159,5,17,no,8,-0.04886506410166258,0.04886506410166258
2703,3,11,yes,1,-0.005960635697198957,0.005960635697198957
2704,3,11,yes,1,0.005960635697198957,0.005960635697198957
1920,3,9,no,4,-0.025537584301905447,0.025537584301905447
1165,3,8,no,1,-0.006632203865068909,0.006632203865068909
1166,3,8,no,1,-0.0066701446519749075,0.0066701446519749075
1921,3,9,yes,1,0.0064588943083874195,0.0064588943083874195
1167,3,8,no,1,0.0066701446519749075,0.0066701446519749075
3160,5,17,no,1,-0.005833461048261823,0.005833461048261823
3161,5,17,yes,1,0.005833461048261823,0.005833461048261823
3162,5,17,yes,1,0.005897671602892618,0.005897671602892618
509,3,7,yes,7,0.03942556097626759,0.03942556097626759
2386,3,10,yes,1,0.0024778905067137647,0.0024778905067137647
2387,3,10,no,1,-0.0024778905067137647,0.0024778905067137647
510,3,7,no,12,-0.06952995976811638,0.06952995976811638
3163,5,17,yes,1,0.005960635697199068,0.005960635697199068
511,3,7,yes,6,0.03593785984011044,0.03593785984011044
1168,3,8,no,1,-0.0066701446519749075,0.0066701446519749075
2705,3,11,yes,1,0.0058976716028927845,0.0058976716028927845
3164,5,17,yes,14,0.08918578333879879,0.08918578333879879
1169,3,8,no,1,0.0066701446519749075,0.0066701446519749075
1170,3,8,no,1,-0.0066701446519749075,0.0066701446519749075
1922,3,9,no,1,0.006410485830370405,0.006410485830370405
2388,3,10,no,14,0.030031698526960193,0.030031698526960193
2389,3,10,yes,7,-0.013805115985759286,0.013805115985759286
3165,5,17,no,1,-0.0066701446519749075,0.0066701446519749075
3166,5,17,no,1,-0.006632203865068964,0.006632203865068964
2390,3,10,no,3,0.006195314176192124,0.006195314176192124
2391,3,10,no,1,-0.002017172974494219,0.002017172974494219
1923,3,9,yes,1,0.006360174775013605,0.006360174775013605
3167,5,17,yes,7,-0.045184707408317926,0.045184707408317926
2706,3,11,no,1,0.005833461048261657,0.005833461048261657
3168,5,17,no,1,-0.006254119513938561,0.006254119513938561
2707,3,11,yes,1,0.0057680800157665635,0.0057680800157665635
3169,5,17,yes,2,0.012562148902072467,0.012562148902072467
3170,5,17,no,19,-0.10928135939908365,0.10928135939908365
3171,5,17,no,1,-0.005066392393269115,0.005066392393269115
3172,5,17,no,1,0.005066392393269115,0.005066392393269115
1171,3,8,yes,1,0.0066701446519749075,0.0066701446519749075
1924,3,9,no,1,-0.006360174775013605,0.006360174775013605
3173,5,17,yes,1,0.005139380401899957,0.005139380401899957
3174,5,17,yes,1,0.005211931590258845,0.005211931590258845
2708,3,11,no,4,-0.023459848364119962,0.023459848364119962
3175,5,17,no,17,-0.07859041155074498,0.07859041155074498
2709,3,11,no,1,0.005960635697198957,0.005960635697198957
3176,5,17,yes,10,0.0436434112059296,0.0436434112059296
3177,5,17,yes,17,0.09090965525297026,0.09090965525297026
3178,5,17,yes,9,0.05573805310415392,0.05573805310415392
1925,3,9,no,2,-0.012869380138757824,0.012869380138757824
512,3,7,yes,1,0.0057680800157665635,0.0057680800157665635
1172,3,8,yes,6,-0.040508837092693595,0.040508837092693595
2392,3,10,no,10,-0.022938258302637515,0.022938258302637515
3179,5,17,no,4,-0.025332809507456422,0.025332809507456422
3180,5,17,yes,13,0.08495631515001678,0.08495631515001678
3181,5,17,no,1,-0.006770152846514277,0.006770152846514277
513,3,7,no,1,-0.0057680800157665635,0.0057680800157665635
3182,5,17,no,1,-0.006739169629111863,0.006739169629111863
3183,5,17,no,9,-0.058884843772318174,0.058884843772318174
3184,5,17,no,6,-0.037006756801570895,0.037006756801570895
3185,5,17,no,1,0.006022277489922567,0.006022277489922567
3186,5,17,no,3,-0.017880584790014253,0.017880584790014253
2710,3,11,no,7,0.039896966267490286,0.039896966267490286
3187,5,17,yes,5,0.030104398791848674,0.030104398791848674
1173,3,8,no,1,-0.0068484456234291224,0.0068484456234291224
3188,5,17,no,1,-0.00614129254867346,0.00614129254867346
3189,5,17,yes,6,0.03767261846387132,0.03767261846387132
2711,3,11,yes,9,-0.05187987945461192,0.05187987945461192
2712,3,11,yes,1,0.006022277489922678,0.006022277489922678
3190,5,17,yes,4,0.026106017414800065,0.026106017414800065
2713,3,11,yes,2,-0.012104798943083583,0.012104798943083583
2714,3,11,no,8,-0.050636846520377476,0.050636846520377476
3191,5,17,no,1,-0.006592049699952696,0.006592049699952696
2715,3,11,yes,7,0.044495553971704016,0.044495553971704016
2716,3,11,yes,18,0.10058012187031717,0.10058012187031717
2393,3,10,no,9,0.020873447761926456,0.020873447761926456
1926,3,9,yes,3,0.01922955491377143,0.01922955491377143
3192,5,17,no,19,-0.11514898708649152,0.11514898708649152
2717,3,11,no,1,-0.0049930353877782885,0.0049930353877782885
3193,5,17,no,1,-0.005426266311670036,0.005426266311670036
3194,5,17,yes,2,0.010922632782753405,0.010922632782753405
3195,5,17,no,1,-0.005496366471083369,0.005496366471083369
3196,5,17,yes,5,0.02816583361633579,0.02816583361633579
1174,3,8,yes,1,0.0068484456234291224,0.0068484456234291224
514,3,7,yes,1,0.0057680800157665635,0.0057680800157665635
2394,3,10,yes,1,0.0020648105407110595,0.0020648105407110595
3197,5,17,yes,1,0.005833461048261823,0.005833461048261823
2718,3,11,no,1,-0.005066392393269226,0.005066392393269226
3198,5,17,yes,1,0.005897671602892618,0.005897671602892618
3199,5,17,no,1,0.005960635697199068,0.005960635697199068
2719,3,11,no,18,-0.10297333001094955,0.10297333001094955
2720,3,11,yes,1,0.006254119513938505,0.006254119513938505
3200,5,17,no,18,-0.09687029095016933,0.09687029095016933
3201,5,17,no,1,0.004771406440793768,0.004771406440793768
3202,5,17,yes,6,0.030175593904021608,0.030175593904021608
2395,3,10,yes,1,-0.0020648105407110595,0.0020648105407110595
3203,5,17,yes,1,0.005283976781832733,0.005283976781832733
2396,3,10,no,4,0.007976924608857683,0.007976924608857683
2721,3,11,yes,1,0.0061985164077413835,0.0061985164077413835
2722,3,11,no,2,-0.012452635921679889,0.012452635921679889
2723,3,11,yes,9,0.054158575777556894,0.054158575777556894
2724,3,11,no,1,0.005701604461620269,0.005701604461620269
2725,3,11,no,1,-0.005701604461620269,0.005701604461620269
1927,3,9,no,1,-0.006360174775013605,0.006360174775013605
3204,5,17,yes,3,0.01627807832991529,0.01627807832991529
3205,5,17,yes,1,0.00556567251430401,0.00556567251430401
3206,5,17,yes,12,0.07180231978087281,0.07180231978087281
1928,3,9,no,3,-0.019374713886876505,0.019374713886876505
515,3,7,no,1,-0.0057680800157665635,0.0057680800157665635
1175,3,8,no,1,-0.0068484456234291224,0.0068484456234291224
1929,3,9,no,1,-0.006549739658341158,0.006549739658341158
516,3,7,no,5,-0.02979656729143698,0.02979656729143698
3207,5,17,no,6,-0.037006756801570895,0.037006756801570895
3208,5,17,yes,13,0.08251563868682388,0.08251563868682388
3209,5,17,no,1,-0.006632203865068964,0.006632203865068964
3210,5,17,no,1,-0.006592049699952696,0.006592049699952696
2397,3,10,yes,1,0.0018795089279035615,0.0018795089279035615
1930,3,9,yes,5,0.03228462832023127,0.03228462832023127
3211,5,17,yes,9,0.06058153628114438,0.06058153628114438
3212,5,17,yes,4,-0.027242151199945663,0.027242151199945663
2398,3,10,no,1,-0.0018795089279035615,0.0018795089279035615
517,3,7,yes,1,0.006082521453160905,0.006082521453160905
3213,5,17,no,1,-0.006739169629111863,0.006739169629111863
3214,5,17,yes,1,-0.006705817235090283,0.006705817235090283
3215,5,17,yes,1,-0.0066701446519749075,0.0066701446519749075
3216,5,17,no,20,-0.12287687418042981,0.12287687418042981
3217,5,17,no,2,-0.010922632782753405,0.010922632782753405
3218,5,17,yes,8,0.045323232579160266,0.045323232579160266
3219,5,17,yes,1,0.005960635697199068,0.005960635697199068
3220,5,17,yes,10,0.06274164546346106,0.06274164546346106
3221,5,17,no,1,-0.00650533374811868,0.00650533374811868
518,3,7,no,1,0.006022277489922678,0.006022277489922678
2726,3,11,no,1,0.005701604461620269,0.005701604461620269
3222,5,17,yes,1,0.00650533374811868,0.00650533374811868
3223,5,17,yes,19,0.12940332915011526,0.12940332915011526
3224,5,17,no,8,-0.055402525921537604,0.055402525921537604
1931,3,9,no,2,0.012562148902072523,0.012562148902072523
1932,3,9,no,1,0.0061985164077413835,0.0061985164077413835
2399,3,10,no,1,0.0018795089279035615,0.0018795089279035615
2400,3,10,no,1,0.001835351788011197,0.001835351788011197
3225,5,17,no,1,-0.0068695272890921255,0.0068695272890921255
3226,5,17,no,1,-0.0068484456234291224,0.0068484456234291224
3227,5,17,no,1,-0.006824831682392396,0.006824831682392396
1176,3,8,yes,1,0.0068484456234291224,0.0068484456234291224
3228,5,17,no,1,-0.006798721047609868,0.006798721047609868
3229,5,17,no,1,-0.006770152846514277,0.006770152846514277
2727,3,11,no,1,0.005634110153561744,0.005634110153561744
3230,5,17,yes,1,-0.006739169629111863,0.006739169629111863
2401,3,10,no,1,-0.001835351788011197,0.001835351788011197
2402,3,10,no,8,-0.016345533588494332,0.016345533588494332
3231,5,17,no,1,-0.006705817235090283,0.006705817235090283
519,3,7,no,2,0.011858307300091742,0.011858307300091742
2728,3,11,no,10,0.0524578431625663,0.0524578431625663
1933,3,9,no,2,0.012223814001834366,0.012223814001834366
2729,3,11,yes,2,-0.009912411151086431,0.009912411151086431
3232,5,17,yes,1,-0.0066701446519749075,0.0066701446519749075
3233,5,17,yes,9,-0.05807103078732545,0.05807103078732545
3234,5,17,no,19,-0.10677863827805864,0.10677863827805864
2730,3,11,no,1,-0.005066392393269226,0.005066392393269226
3235,5,17,no,1,-0.004919375763308059,0.004919375763308059
2403,3,10,yes,1,0.0022130324091240716,0.0022130324091240716
2731,3,11,no,3,-0.01563528877399145,0.01563528877399145
3236,5,17,yes,2,0.009912411151086403,0.009912411151086403
1177,3,8,yes,1,0.0068248316823924515,0.0068248316823924515
3237,5,17,yes,2,0.010205772795169071,0.010205772795169071
3238,5,17,no,4,0.0212776202309235,0.0212776202309235
3239,5,17,yes,2,0.011062038985387379,0.011062038985387379
1934,3,9,yes,11,-0.0698611573318324,0.0698611573318324
3240,5,17,no,1,-0.00556567251430401,0.00556567251430401
3241,5,17,yes,4,0.02266946714525242,0.02266946714525242
1935,3,9,yes,1,0.006592049699952862,0.006592049699952862
3242,5,17,yes,1,0.005833461048261823,0.005833461048261823
2732,3,11,no,2,-0.010781711858831922,0.010781711858831922
2404,3,10,no,1,0.002162736981622171,0.002162736981622171
2733,3,11,no,8,0.04139580417717903,0.04139580417717903
3243,5,17,no,1,-0.005833461048261823,0.005833461048261823
3244,5,17,yes,3,0.01769176834835351,0.01769176834835351
3245,5,17,yes,1,0.006022277489922567,0.006022277489922567
3246,5,17,yes,1,0.006082521453160961,0.006082521453160961
2405,3,10,no,10,0.019054738687648065,0.019054738687648065
2734,3,11,no,4,-0.02011818394625553,0.02011818394625553
1178,3,8,yes,2,-0.013673277305821574,0.013673277305821574
2406,3,10,no,1,-0.0017079790593418354,0.0017079790593418354
1936,3,9,no,6,0.038592657708365286,0.038592657708365286
3247,5,17,no,3,-0.018065434640282596,0.018065434640282596
2735,3,11,yes,1,0.0051393804018998734,0.0051393804018998734
1179,3,8,no,7,0.04735728271612272,0.04735728271612272
3248,5,17,no,11,-0.06117458649841373,0.06117458649841373
3249,5,17,yes,1,0.005211931590258845,0.005211931590258845
2736,3,11,yes,1,-0.0051393804018998734,0.0051393804018998734
3250,5,17,no,1,0.005283976781832733,0.005283976781832733
520,3,7,no,4,0.022937255679210233,0.022937255679210233
3251,5,17,yes,1,0.005355445547161886,0.005355445547161886
3252,5,17,yes,10,0.0573061457662819,0.0573061457662819
1180,3,8,no,4,-0.02688528436269133,0.02688528436269133
2407,3,10,no,8,-0.015233428967319385,0.015233428967319385
2737,3,11,no,3,-0.015851353919253408,0.015851353919253408
1937,3,9,yes,3,0.01859392847035335,0.01859392847035335
3253,5,17,no,1,-0.006022277489922567,0.006022277489922567
3254,5,17,yes,1,-0.005960635697199068,0.005960635697199068
3255,5,17,no,1,-0.005897671602892618,0.005897671602892618
1938,3,9,no,1,-0.00614129254867346,0.00614129254867346
3256,5,17,no,1,-0.005833461048261823,0.005833461048261823
2738,3,11,yes,7,-0.03942556097626759,0.03942556097626759
2739,3,11,yes,3,0.01730314552564849,0.01730314552564849
2740,3,11,yes,1,-0.005701604461620269,0.005701604461620269
521,3,7,yes,1,-0.005634110153561744,0.005634110153561744
522,3,7,no,1,-0.005701604461620269,0.005701604461620269
2741,3,11,no,1,-0.0057680800157665635,0.0057680800157665635
3257,5,17,yes,12,0.07392808006369589,0.07392808006369589
2742,3,11,no,8,-0.04839049576179033,0.04839049576179033
2743,3,11,no,4,0.024676449923514254,0.024676449923514254
2744,3,11,no,4,0.023714045838276077,0.023714045838276077
3258,5,17,no,2,-0.012869380138757769,0.012869380138757769
1181,3,8,no,2,0.013509322475626195,0.013509322475626195
2745,3,11,no,1,-0.005833461048261657,0.005833461048261657
1182,3,8,no,1,0.006705817235090228,0.006705817235090228
1939,3,9,no,1,-0.0061985164077413835,0.0061985164077413835
3259,5,17,yes,1,0.006410485830370238,0.006410485830370238
3260,5,17,no,8,-0.04977741740695485,0.04977741740695485
2408,3,10,no,1,0.0020648105407110595,0.0020648105407110595
2409,3,10,yes,1,0.002017172974494219,0.002017172974494219
3261,5,17,no,6,-0.03479556297930192,0.03479556297930192
1183,3,8,yes,1,0.0066701446519749075,0.0066701446519749075
3262,5,17,yes,1,0.005634110153561633,0.005634110153561633
3263,5,17,yes,13,0.07893887023269514,0.07893887023269514
2746,3,11,no,8,-0.04886506410166269,0.04886506410166269
2747,3,11,yes,1,0.006308029388134018,0.006308029388134018
3264,5,17,yes,9,0.05962350564256036,0.05962350564256036
3265,5,17,no,1,-0.006770152846514277,0.006770152846514277
3266,5,17,yes,15,-0.09660849271307836,0.09660849271307836
3267,5,17,yes,4,0.02467644992351442,0.02467644992351442
3268,5,17,no,14,-0.08198259568979632,0.08198259568979632
2748,3,11,yes,4,0.024676449923514254,0.024676449923514254
3269,5,17,yes,9,0.051283868276359335,0.051283868276359335
2749,3,11,no,1,0.006022277489922678,0.006022277489922678
3270,5,17,yes,12,0.07588343482175491,0.07588343482175491
3271,5,17,no,7,-0.045184707408317926,0.045184707408317926
3272,5,17,yes,1,0.006308029388133907,0.006308029388133907
3273,5,17,no,11,-0.06616820962731118,0.06616820962731118
3274,5,17,yes,13,0.07893887023269514,0.07893887023269514
3275,5,17,no,2,-0.012770660605383954,0.012770660605383954
2750,3,11,no,3,-0.018246091491757044,0.018246091491757044
3276,5,17,no,1,-0.006308029388133907,0.006308029388133907
3277,5,17,no,1,-0.006254119513938561,0.006254119513938561
3278,5,17,no,5,-0.030405243596697495,0.030405243596697495
3829,5,19,yes,13,0.01617393589720347,0.01617393589720347
3279,5,17,no,19,-0.10022986031144038,0.10022986031144038
3280,5,17,no,4,-0.01775048308117949,0.01775048308117949
2751,3,11,yes,1,0.00614129254867346,0.00614129254867346
3281,5,17,no,1,0.004326632768974686,0.004326632768974686
2752,3,11,no,9,0.0524660344366894,0.0524660344366894
3282,5,17,no,1,0.004400521639892407,0.004400521639892407
3749,5,18,yes,12,0.015109695339608507,0.015109695339608507
523,3,7,yes,1,0.005701604461620269,0.005701604461620269
3283,5,17,yes,13,0.06392995640459251,0.06392995640459251
3284,5,17,no,1,-0.005355445547161886,0.005355445547161886
1940,3,9,no,1,0.0061985164077413835,0.0061985164077413835
3285,5,17,yes,2,0.010781711858831922,0.010781711858831922
3286,5,17,no,9,-0.04624128254468626,0.04624128254468626
1184,3,8,no,1,0.006632203865068909,0.006632203865068909
3287,5,17,no,13,-0.056265731271050085,0.056265731271050085
3288,5,17,no,1,0.003889511089587072,0.003889511089587072
524,3,7,no,1,-0.005701604461620269,0.005701604461620269
3289,5,17,no,5,-0.01873876985455894,0.01873876985455894
1941,3,9,yes,6,-0.037990220223585336,0.037990220223585336
3290,5,17,yes,2,0.007283956091628269,0.007283956091628269
3291,5,17,yes,1,0.003747203480616801,0.003747203480616801
3292,5,17,yes,1,0.003818099192726798,0.003818099192726798
3293,5,17,yes,1,0.003889511089587072,0.003889511089587072
3294,5,17,no,13,-0.04516351906884872,0.04516351906884872
3295,5,17,yes,8,0.026424749214289778,0.026424749214289778
2410,3,10,yes,1,0.00197041361887651,0.00197041361887651
1942,3,9,yes,3,0.01922955491377143,0.01922955491377143
1185,3,8,yes,1,0.006592049699952862,0.006592049699952862
3296,5,17,yes,1,0.003607097447810126,0.003607097447810126
3750,5,18,no,4,-0.005549519757678492,0.005549519757678492
3297,5,17,yes,1,0.0036768586438181428,0.0036768586438181428
3298,5,17,no,2,0.007565302673343599,0.007565302673343599
2753,3,11,yes,1,-0.005565672514303843,0.005565672514303843
3299,5,17,yes,1,0.003889511089587072,0.003889511089587072
1943,3,9,yes,2,0.012562148902072523,0.012562148902072523
3300,5,17,yes,14,0.06214107431227836,0.06214107431227836
3301,5,17,yes,1,0.004993035387778344,0.004993035387778344
3302,5,17,yes,1,0.005066392393269115,0.005066392393269115
3303,5,17,no,2,-0.010059427781047459,0.010059427781047459
3304,5,17,no,1,-0.004919375763308059,0.004919375763308059
3305,5,17,yes,1,0.004919375763308059,0.004919375763308059
3306,5,17,yes,15,0.08233403037856021,0.08233403037856021
3307,5,17,no,2,-0.011858307300091686,0.011858307300091686
1186,3,8,no,11,-0.07433910832671353,0.07433910832671353
3308,5,17,yes,1,0.005897671602892618,0.005897671602892618
1187,3,8,yes,1,0.006888044756477085,0.006888044756477085
3309,5,17,no,3,-0.017499212666920894,0.017499212666920894
3310,5,17,yes,13,0.07969616007946234,0.07969616007946234
2411,3,10,no,1,0.0019245274747758945,0.0019245274747758945
2754,3,11,no,1,-0.005634110153561744,0.005634110153561744
3311,5,17,no,1,-0.0064588943083875305,0.0064588943083875305
2412,3,10,no,9,0.015396749672099586,0.015396749672099586
1188,3,8,yes,10,0.06745106357023645,0.06745106357023645
3830,5,19,yes,19,0.0351146361159735,0.0351146361159735
1944,3,9,no,1,0.0061985164077413835,0.0061985164077413835
3312,5,17,no,1,-0.006410485830370238,0.006410485830370238
3313,5,17,yes,1,-0.006360174775013716,0.006360174775013716
3314,5,17,no,2,-0.012562148902072467,0.012562148902072467
3315,5,17,no,1,-0.006198516407741439,0.006198516407741439
2413,3,10,no,1,0.0015122014532749084,0.0015122014532749084
2755,3,11,no,1,-0.005701604461620269,0.005701604461620269
1945,3,9,yes,1,0.00614129254867346,0.00614129254867346
3316,5,17,no,1,-0.00614129254867346,0.00614129254867346
3831,5,19,no,1,-0.0022642190665268375,0.0022642190665268375
3317,5,17,no,1,-0.006082521453160961,0.006082521453160961
3318,5,17,no,1,-0.006022277489922567,0.006022277489922567
2756,3,11,yes,4,-0.023459848364119962,0.023459848364119962
1946,3,9,no,1,-0.00614129254867346,0.00614129254867346
2757,3,11,yes,1,0.005960635697198957,0.005960635697198957
3319,5,17,no,1,-0.005960635697199068,0.005960635697199068
3832,5,19,no,1,-0.0022130324091241965,0.0022130324091241965
3751,5,18,no,1,-0.0013030658355085226,0.0013030658355085226
3320,5,17,no,17,-0.09090965525297026,0.09090965525297026
3321,5,17,yes,1,0.004771406440793768,0.004771406440793768
3322,5,17,yes,1,0.004845478367507289,0.004845478367507289
3752,5,18,no,1,-0.0012708013868579435,0.0012708013868579435
3323,5,17,yes,1,0.004919375763308059,0.004919375763308059
3833,5,19,no,1,-0.0021627369816222125,0.0021627369816222125
1947,3,9,yes,1,0.00614129254867346,0.00614129254867346
3834,5,19,no,5,-0.010090255269844473,0.010090255269844473
3324,5,17,no,18,-0.07727274671902717,0.07727274671902717
3325,5,17,yes,2,0.007424062124434944,0.007424062124434944
3835,5,19,yes,15,0.03408790879695166,0.03408790879695166
3836,5,19,no,13,-0.030192967703299295,0.030192967703299295
3326,5,17,no,15,-0.049124082557303245,0.049124082557303245
3837,5,19,no,1,-0.0019704136188763294,0.0019704136188763294
2758,3,11,no,2,-0.011982913187121635,0.011982913187121635
2759,3,11,no,4,-0.024676449923514254,0.024676449923514254
1189,3,8,yes,1,0.006549739658341158,0.006549739658341158
2414,3,10,no,10,-0.016908951125374494,0.016908951125374494
3327,5,17,yes,2,0.005710696217888833,0.005710696217888833
3328,5,17,no,1,0.0029474764738244563,0.0029474764738244563
3329,5,17,no,1,0.003010001079055108,0.003010001079055108
3330,5,17,yes,11,0.03745590878653485,0.03745590878653485
3838,5,19,no,6,-0.010889010892579487,0.010889010892579487
3331,5,17,yes,8,0.032568368652308194,0.032568368652308194
3332,5,17,yes,1,0.004400521639892407,0.004400521639892407
2760,3,11,yes,1,0.006254119513938505,0.006254119513938505
3333,5,17,no,2,-0.008727154408867094,0.008727154408867094
3334,5,17,no,1,-0.004252962151704648,0.004252962151704648
3335,5,17,no,13,-0.048763425128225096,0.048763425128225096
3839,5,19,no,2,0.0034575733749280385,0.0034575733749280385
3336,5,17,yes,20,0.08008707541957935,0.08008707541957935
3337,5,17,yes,1,0.004771406440793768,0.004771406440793768
2415,3,10,no,1,0.0018795089279035615,0.0018795089279035615
3338,5,17,yes,15,0.08024057720928388,0.08024057720928388
1190,3,8,yes,4,0.02573488866189011,0.02573488866189011
3339,5,17,no,8,-0.044781006523429534,0.044781006523429534
3753,5,18,no,1,-0.0012392483170125188,0.0012392483170125188
3840,5,19,no,20,0.0450654833006366,0.0450654833006366
3841,5,19,no,9,0.02768390963763112,0.02768390963763112
2761,3,11,no,1,0.0061985164077413835,0.0061985164077413835
3340,5,17,yes,1,0.005355445547161886,0.005355445547161886
3341,5,17,no,1,-0.005355445547161886,0.005355445547161886
1191,3,8,yes,8,-0.052179026537227946,0.052179026537227946
3754,5,18,no,4,-0.004655298666002526,0.004655298666002526
1192,3,8,yes,1,0.0066701446519749075,0.0066701446519749075
3842,5,19,no,12,-0.03580204696008135,0.03580204696008135
2762,3,11,no,1,0.00614129254867346,0.00614129254867346
1193,3,8,no,1,-0.0066701446519749075,0.0066701446519749075
3342,5,17,no,5,-0.025694716555038993,0.025694716555038993
3343,5,17,no,1,-0.004919375763308059,0.004919375763308059
3843,5,19,no,10,-0.0234635113264533,0.0234635113264533
1194,3,8,no,1,-0.006705817235090228,0.006705817235090228
3344,5,17,no,2,-0.009616884808301057,0.009616884808301057
525,3,7,no,8,0.04367537383149278,0.04367537383149278
3844,5,19,yes,9,0.02087344776192658,0.02087344776192658
3845,5,19,yes,20,0.063650382637007,0.063650382637007
3846,5,19,yes,6,0.02442363669060671,0.02442363669060671
1195,3,8,no,1,0.006705817235090228,0.006705817235090228
526,3,7,yes,1,-0.0052119315902589,0.0052119315902589
1196,3,8,no,2,0.013302348517043816,0.013302348517043816
3847,5,19,yes,1,0.004326632768974686,0.004326632768974686
3848,5,19,yes,1,-0.004326632768974686,0.004326632768974686
3849,5,19,no,1,-0.004252962151704648,0.004252962151704648
3850,5,19,no,1,-0.004179558286804497,0.004179558286804497
3851,5,19,no,1,-0.0041064676986638515,0.0041064676986638515
3345,5,17,no,1,-0.004697221546987984,0.004697221546987984
3346,5,17,no,6,-0.02662642874436627,0.02662642874436627
2416,3,10,no,1,0.001835351788011197,0.001835351788011197
3347,5,17,yes,4,0.017454694866068515,0.017454694866068515
2763,3,11,yes,1,-0.00614129254867346,0.00614129254867346
3348,5,17,yes,1,0.004548750366815624,0.004548750366815624
3852,5,19,yes,6,0.025740720851536864,0.025740720851536864
3755,5,18,yes,13,0.01700557667981615,0.01700557667981615
2417,3,10,no,10,0.016108988346201336,0.016108988346201336
3853,5,19,no,1,-0.004474578305496774,0.004474578305496774
3349,5,17,yes,13,0.06582926051503352,0.06582926051503352
3756,5,18,no,13,-0.01700557667981615,0.01700557667981615
3854,5,19,no,2,-0.008727154408867094,0.008727154408867094
2764,3,11,yes,1,-0.0061985164077413835,0.0061985164077413835
3350,5,17,no,2,-0.010922632782753405,0.010922632782753405
3855,5,19,no,1,-0.004252962151704648,0.004252962151704648
2765,3,11,no,1,0.0061985164077413835,0.0061985164077413835
527,3,7,no,6,-0.03276183777961361,0.03276183777961361
3351,5,17,no,2,-0.010639422328994619,0.010639422328994619
3352,5,17,no,1,-0.005211931590258845,0.005211931590258845
3856,5,19,yes,2,0.008579594920679334,0.008579594920679334
1197,3,8,no,3,0.0196471231064127,0.0196471231064127
3857,5,19,yes,12,-0.04713747898215065,0.04713747898215065
2418,3,10,yes,1,0.001404237401461228,0.001404237401461228
3858,5,19,no,1,-0.0034694475658122448,0.0034694475658122448
3859,5,19,no,1,-0.0034016150240174237,0.0034016150240174237
1198,3,8,no,7,-0.04639445848765855,0.04639445848765855
2766,3,11,yes,2,-0.012452635921679889,0.012452635921679889
2419,3,10,no,13,0.015378678738760865,0.015378678738760865
3860,5,19,no,12,-0.03580204696008135,0.03580204696008135
1199,3,8,yes,4,0.02674733538124585,0.02674733538124585
3861,5,19,no,13,0.039203661984098775,0.039203661984098775
2420,3,10,no,1,-0.0010110847812303536,0.0010110847812303536
3862,5,19,no,1,-0.0034016150240174237,0.0034016150240174237
3353,5,17,yes,1,-0.005139380401899957,0.005139380401899957
2421,3,10,no,13,-0.01577183135899174,0.01577183135899174
2767,3,11,yes,2,0.012452635921679889,0.012452635921679889
2768,3,11,yes,1,0.00614129254867346,0.00614129254867346
3863,5,19,no,7,-0.021973213419742288,0.021973213419742288
3864,5,19,yes,8,0.02537482844375971,0.02537482844375971
2769,3,11,no,1,0.006082521453160905,0.006082521453160905
3865,5,19,no,2,-0.006736093500941537,0.006736093500941537
3354,5,17,yes,10,0.054582834249159246,0.054582834249159246
2422,3,10,no,8,-0.012567344703654393,0.012567344703654393
3866,5,19,yes,2,0.006736093500941537,0.006736093500941537
3867,5,19,yes,13,-0.039203661984098775,0.039203661984098775
3868,5,19,no,1,-0.0025900635645267206,0.0025900635645267206
3355,5,17,yes,6,-0.033592099928005825,0.033592099928005825
3757,5,18,no,1,-0.0010917613765485043,0.0010917613765485043
2423,3,10,yes,1,0.0017079790593418354,0.0017079790593418354
3356,5,17,no,1,-0.005355445547161886,0.005355445547161886
3357,5,17,no,5,-0.025694716555038993,0.025694716555038993
3358,5,17,no,19,-0.0808798441668373,0.0808798441668373
3359,5,17,yes,1,0.003607097447810126,0.003607097447810126
3360,5,17,yes,11,0.044392952416635545,0.044392952416635545
3869,5,19,no,1,-0.002533534559738787,0.002533534559738787
3361,5,17,no,1,0.004474578305496774,0.004474578305496774
3362,5,17,yes,5,0.023485840233586797,0.023485840233586797
3363,5,17,yes,5,0.02533011553651432,0.02533011553651432
3870,5,19,yes,14,0.04092564508434686,0.04092564508434686
3871,5,19,no,2,0.0068710625898296684,0.0068710625898296684
3364,5,17,no,1,-0.005211931590258845,0.005211931590258845
3365,5,17,no,1,-0.005139380401899957,0.005139380401899957
3872,5,19,no,1,-0.0034694475658122448,0.0034694475658122448
3366,5,17,no,9,-0.04293922208343909,0.04293922208343909
3367,5,17,yes,1,0.004474578305496774,0.004474578305496774
3368,5,17,yes,9,0.04360402417984227,0.04360402417984227
1200,3,8,yes,1,-0.006632203865068909,0.006632203865068909
1201,3,8,yes,1,0.006632203865068909,0.006632203865068909
2770,3,11,yes,1,-0.006082521453160905,0.006082521453160905
528,3,7,no,11,0.05809195331612804,0.05809195331612804
3873,5,19,no,8,-0.02537482844375971,0.02537482844375971
3369,5,17,no,1,-0.005139380401899957,0.005139380401899957
529,3,7,yes,1,-0.0049193757633081425,0.0049193757633081425
1948,3,9,yes,1,-0.00614129254867346,0.00614129254867346
1202,3,8,no,6,0.03887667802018413,0.03887667802018413
1949,3,9,yes,1,0.00614129254867346,0.00614129254867346
1203,3,8,no,1,-0.006360174775013605,0.006360174775013605
530,3,7,no,8,-0.04197279488495431,0.04197279488495431
2771,3,11,no,2,-0.012339808956414844,0.012339808956414844
531,3,7,no,1,-0.005565672514303843,0.005565672514303843
3758,5,18,yes,1,0.0010917613765485043,0.0010917613765485043
3874,5,19,no,1,-0.002885778044461579,0.002885778044461579
3875,5,19,no,1,-0.0028249181734272544,0.0028249181734272544
3876,5,19,no,1,-0.002764907831860508,0.002764907831860508
3370,5,17,yes,15,0.08437940154059628,0.08437940154059628
3371,5,17,yes,5,-0.029796567291437037,0.029796567291437037
3372,5,17,no,19,-0.09752205633259833,0.09752205633259833
3373,5,17,no,11,-0.044392952416635545,0.044392952416635545
1204,3,8,no,1,-0.006410485830370405,0.006410485830370405
3374,5,17,no,15,-0.04717068489367783,0.04717068489367783
532,3,7,yes,1,0.005565672514303843,0.005565672514303843
1205,3,8,yes,1,-0.0064588943083874195,0.0064588943083874195
3375,5,17,yes,1,0.0027057566289490215,0.0027057566289490215
3376,5,17,no,5,0.014433081602628905,0.014433081602628905
3377,5,17,yes,13,0.04516351906884872,0.04516351906884872
1206,3,8,yes,3,0.01922955491377143,0.01922955491377143
1207,3,8,no,6,-0.03887667802018413,0.03887667802018413
1950,3,9,yes,1,0.006082521453160905,0.006082521453160905
2772,3,11,no,2,-0.012562148902072523,0.012562148902072523
3378,5,17,yes,1,0.003961402534739644,0.003961402534739644
3379,5,17,yes,4,0.016572723066279993,0.016572723066279993
3380,5,17,yes,5,0.022373466592661623,0.022373466592661623
3877,5,19,yes,9,0.027114338992567516,0.027114338992567516
3381,5,17,yes,4,0.0192334821185971,0.0192334821185971
3382,5,17,no,8,-0.03728031594228404,0.03728031594228404
3383,5,17,no,15,-0.05734302004890443,0.05734302004890443
3384,5,17,yes,5,0.017350589272161293,0.017350589272161293
1208,3,8,no,11,0.0698611573318324,0.0698611573318324
1209,3,8,no,1,-0.006082521453160905,0.006082521453160905
1210,3,8,no,11,-0.0704108397437404,0.0704108397437404
3385,5,17,no,1,0.0036768586438181428,0.0036768586438181428
3878,5,19,no,10,-0.029820095621516537,0.029820095621516537
3386,5,17,no,2,-0.007283956091628269,0.007283956091628269
2773,3,11,yes,12,-0.07919288729555418,0.07919288729555418
2424,3,10,no,1,0.0016671954327225347,0.0016671954327225347
3879,5,19,no,8,0.023349648187387592,0.023349648187387592
2774,3,11,yes,3,0.020308043523236008,0.020308043523236008
2775,3,11,yes,1,0.006705817235090228,0.006705817235090228
2776,3,11,no,2,0.013302348517043816,0.013302348517043816
1211,3,8,yes,1,0.006632203865068909,0.006632203865068909
3880,5,19,no,1,-0.003137471938287534,0.003137471938287534
2425,3,10,no,5,0.007752713538329625,0.007752713538329625
3387,5,17,yes,10,0.03927289545557858,0.03927289545557858
3759,5,18,no,1,-0.0010917613765485043,0.0010917613765485043
3760,5,18,yes,2,0.0022116873129396156,0.0022116873129396156
2777,3,11,yes,1,0.006592049699952862,0.006592049699952862
533,3,7,yes,1,0.005496366471083425,0.005496366471083425
3388,5,17,yes,1,0.004326632768974686,0.004326632768974686
1212,3,8,yes,5,0.032516503245170525,0.032516503245170525
3881,5,19,yes,1,-0.0030733380175221314,0.0030733380175221314
3389,5,17,no,16,-0.060611081548146234,0.060611081548146234
2778,3,11,yes,1,0.006549739658341158,0.006549739658341158
2779,3,11,no,11,0.06870228116066002,0.06870228116066002
2780,3,11,no,20,-0.12898511147671654,0.12898511147671654
1213,3,8,yes,10,-0.06603399147293076,0.06603399147293076
3882,5,19,no,14,-0.0367607223679387,0.0367607223679387
3761,5,18,no,1,0.0011487455855182932,0.0011487455855182932
3390,5,17,yes,1,0.0032680614992418033,0.0032680614992418033
3391,5,17,yes,1,0.003334478476924113,0.003334478476924113
2426,3,10,no,1,0.0014394566732603975,0.0014394566732603975
534,3,7,no,2,0.010781711858831922,0.010781711858831922
3392,5,17,no,1,0.0034016150240174237,0.0034016150240174237
3393,5,17,yes,5,0.0180385578956547,0.0180385578956547
2781,3,11,yes,1,0.0068248316823924515,0.0068248316823924515
2427,3,10,no,12,0.01473447922394322,0.01473447922394322
3883,5,19,no,7,-0.014466024660590882,0.014466024660590882
2782,3,11,no,12,0.07919288729555418,0.07919288729555418
3884,5,19,yes,2,0.0038949410936523626,0.0038949410936523626
3762,5,18,no,6,-0.0064731103723316835,0.0064731103723316835
3394,5,17,no,1,-0.003747203480616801,0.003747203480616801
3395,5,17,yes,8,0.03198893936395031,0.03198893936395031
3396,5,17,yes,1,0.004326632768974686,0.004326632768974686
1214,3,8,yes,1,-0.0067987210476098126,0.0067987210476098126
3397,5,17,yes,1,0.004400521639892407,0.004400521639892407
3398,5,17,yes,12,0.05857451085743062,0.05857451085743062
3399,5,17,no,6,-0.030614092318347053,0.030614092318347053
3400,5,17,no,1,-0.004845478367507289,0.004845478367507289
3401,5,17,no,1,-0.004771406440793768,0.004771406440793768
3885,5,19,no,1,-0.0019704136188763294,0.0019704136188763294
1215,3,8,no,1,0.0067987210476098126,0.0067987210476098126
3886,5,19,yes,1,0.0019704136188763294,0.0019704136188763294
535,3,7,no,8,0.040230977126648026,0.040230977126648026
536,3,7,no,1,-0.004771406440793768,0.004771406440793768
3402,5,17,no,1,-0.004697221546987984,0.004697221546987984
1216,3,8,no,5,-0.03422957039900043,0.03422957039900043
3403,5,17,no,10,-0.04290759219368126,0.04290759219368126
537,3,7,no,1,-0.00484547836750715,0.00484547836750715
1217,3,8,yes,10,0.06774705862676067,0.06774705862676067
538,3,7,yes,1,0.00484547836750715,0.00484547836750715
2783,3,11,yes,1,0.006308029388134018,0.006308029388134018
3404,5,17,yes,2,-0.00770761028231387,0.00770761028231387
3405,5,17,yes,1,0.003818099192726798,0.003818099192726798
3887,5,19,yes,2,0.0040819835152052925,0.0040819835152052925
3406,5,17,no,6,-0.021856657088381498,0.021856657088381498
539,3,7,no,1,-0.00484547836750715,0.00484547836750715
1951,3,9,no,1,0.006022277489922678,0.006022277489922678
3407,5,17,yes,1,0.0034694475658122448,0.0034694475658122448
540,3,7,no,1,-0.0049193757633081425,0.0049193757633081425
541,3,7,no,3,-0.015198808182947388,0.015198808182947388
3408,5,17,yes,13,0.051538000622043056,0.051538000622043056
3409,5,17,no,2,0.009023328672312397,0.009023328672312397
3410,5,17,no,1,-0.004548750366815624,0.004548750366815624
3411,5,17,yes,11,0.05409993255193385,0.05409993255193385
3412,5,17,no,2,-0.010495908372091578,0.010495908372091578
1952,3,9,no,1,0.005960635697198957,0.005960635697198957
3413,5,17,no,2,-0.010205772795169071,0.010205772795169071
3414,5,17,no,12,-0.05503250453754621,0.05503250453754621
3415,5,17,yes,9,0.04027461501895252,0.04027461501895252
2784,3,11,no,4,0.024676449923514254,0.024676449923514254
3888,5,19,yes,1,0.0021133306609868174,0.0021133306609868174
3416,5,17,yes,1,0.004845478367507289,0.004845478367507289
3889,5,19,yes,1,0.0021627369816222125,0.0021627369816222125
5262,5,20,yes,12,0.08088884798505469,0.08088884798505469
1953,3,9,no,1,-0.005960635697198957,0.005960635697198957
3890,5,19,yes,1,0.0022130324091241965,0.0022130324091241965
542,3,7,no,1,-0.0052119315902589,0.0052119315902589
3891,5,19,yes,5,0.011850813150454567,0.011850813150454567
5263,5,20,no,9,-0.060282830316056524,0.060282830316056524
3417,5,17,no,5,-0.023485840233586797,0.023485840233586797
5264,5,20,no,14,0.09232574836608065,0.09232574836608065
3418,5,17,no,14,-0.05601257892753983,0.05601257892753983
2785,3,11,no,6,0.03518373031566291,0.03518373031566291
2428,3,10,yes,1,-0.0010642405575950198,0.0010642405575950198
5265,5,20,yes,1,-0.006308029388134018,0.006308029388134018
5266,5,20,yes,2,0.012562148902072523,0.012562148902072523
3419,5,17,yes,2,0.0071450482054075115,0.0071450482054075115
3420,5,17,no,1,-0.003607097447810126,0.003607097447810126
3421,5,17,yes,1,0.003607097447810126,0.003607097447810126
2786,3,11,yes,7,-0.041266251768823814,0.041266251768823814
3422,5,17,no,7,-0.02382103670629024,0.02382103670629024
3423,5,17,yes,11,0.03895270911303905,0.03895270911303905
3424,5,17,yes,9,0.03828460868219913,0.03828460868219913
1954,3,9,yes,1,0.005960635697198957,0.005960635697198957
5267,5,20,no,14,-0.0917550361976267,0.0917550361976267
5268,5,20,no,1,0.0067987210476098126,0.0067987210476098126
3892,5,19,no,4,0.01047682761485523,0.01047682761485523
5269,5,20,no,1,-0.0067987210476098126,0.0067987210476098126
5270,5,20,yes,1,0.0067987210476098126,0.0067987210476098126
1218,3,8,yes,1,0.006592049699952862,0.006592049699952862
2787,3,11,yes,17,-0.110919676836434,0.110919676836434
2788,3,11,no,1,0.0068248316823924515,0.0068248316823924515
3893,5,19,no,1,-0.0027057566289490215,0.0027057566289490215
2789,3,11,yes,1,0.0067987210476098126,0.0067987210476098126
3425,5,17,no,1,-0.004548750366815624,0.004548750366815624
3894,5,19,no,2,-0.005237536426167422,0.005237536426167422
3426,5,17,no,5,0.023485840233586797,0.023485840233586797
2429,3,10,no,2,-0.0022116873129396364,0.0022116873129396364
5271,5,20,yes,4,0.02688528436269133,0.02688528436269133
5272,5,20,no,12,0.07649336119690131,0.07649336119690131
3427,5,17,no,1,-0.004845478367507289,0.004845478367507289
543,3,7,no,1,-0.005283976781832678,0.005283976781832678
5273,5,20,no,1,-0.006082521453160905,0.006082521453160905
1219,3,8,no,4,0.025924453545217663,0.025924453545217663
2790,3,11,no,2,0.013509322475626195,0.013509322475626195
1220,3,8,no,1,-0.006410485830370405,0.006410485830370405
2791,3,11,yes,4,0.026600215452086906,0.026600215452086906
5274,5,20,no,1,-0.00614129254867346,0.00614129254867346
3428,5,17,no,8,-0.03609505673214802,0.03609505673214802
5275,5,20,yes,1,-0.0061985164077413835,0.0061985164077413835
2792,3,11,no,10,-0.06745106357023645,0.06745106357023645
5276,5,20,no,20,-0.13300713371130402,0.13300713371130402
5277,5,20,no,2,-0.013863917308508333,0.013863917308508333
2793,3,11,yes,1,0.006869527289091959,0.006869527289091959
1221,3,8,no,1,-0.0064588943083874195,0.0064588943083874195
5278,5,20,no,1,-0.00694131979774415,0.00694131979774415
2794,3,11,no,1,-0.006869527289091959,0.006869527289091959
5279,5,20,yes,4,0.027722515405143255,0.027722515405143255
5280,5,20,yes,1,0.00690396986339592,0.00690396986339592
3895,5,19,no,8,-0.018760117100939763,0.018760117100939763
2795,3,11,no,1,0.006869527289091959,0.006869527289091959
5281,5,20,no,1,0.006888044756477085,0.006888044756477085
3429,5,17,no,1,-0.004179558286804497,0.004179558286804497
3430,5,17,yes,8,0.03550320857815875,0.03550320857815875
5282,5,20,yes,12,0.08050613697669629,0.08050613697669629
2796,3,11,yes,4,0.027242151199945774,0.027242151199945774
544,3,7,no,5,0.025694716555038966,0.025694716555038966
2797,3,11,yes,1,0.0067391696291118075,0.0067391696291118075
5283,5,20,no,10,-0.0667881640641752,0.0667881640641752
3431,5,17,no,1,-0.004697221546987984,0.004697221546987984
2798,3,11,no,2,0.013375961887065135,0.013375961887065135
1222,3,8,yes,1,0.0064588943083874195,0.0064588943083874195
2799,3,11,no,7,0.04550888188525304,0.04550888188525304
545,3,7,no,7,-0.03647642841387089,0.03647642841387089
2800,3,11,yes,4,0.024901957858487367,0.024901957858487367
5284,5,20,yes,5,0.03383869244071869,0.03383869244071869
3432,5,17,no,2,-0.009171733878297755,0.009171733878297755
546,3,7,no,2,-0.011062038985387268,0.011062038985387268
1223,3,8,yes,1,-0.0064588943083874195,0.0064588943083874195
3433,5,17,yes,5,0.023485840233586797,0.023485840233586797
5285,5,20,no,7,-0.04755666535323977,0.04755666535323977
5286,5,20,yes,3,0.020542804594913533,0.020542804594913533
2801,3,11,no,1,-0.00614129254867346,0.00614129254867346
1955,3,9,no,1,0.0058976716028927845,0.0058976716028927845
1224,3,8,yes,2,0.012869380138757824,0.012869380138757824
547,3,7,no,3,-0.017103794630948577,0.017103794630948577
5287,5,20,yes,12,-0.0828866503141954,0.0828866503141954
3434,5,17,no,1,-0.004845478367507289,0.004845478367507289
5288,5,20,no,1,0.006941319797744205,0.006941319797744205
5289,5,20,yes,1,0.006943997948260672,0.006943997948260672
3896,5,19,no,1,0.0021627369816222125,0.0021627369816222125
2802,3,11,no,1,-0.0061985164077413835,0.0061985164077413835
3897,5,19,yes,1,0.0022130324091241965,0.0022130324091241965
3435,5,17,no,8,0.04081501623301623,0.04081501623301623
5290,5,20,no,1,0.006943997948260727,0.006943997948260727
5291,5,20,yes,6,0.04151453002501626,0.04151453002501626
2803,3,11,no,2,-0.012562148902072523,0.012562148902072523
3436,5,17,no,1,-0.005355445547161886,0.005355445547161886
2804,3,11,no,1,-0.006360174775013605,0.006360174775013605
5292,5,20,no,4,-0.027637242600534018,0.027637242600534018
3437,5,17,yes,7,-0.03545957068585434,0.03545957068585434
5293,5,20,yes,6,0.0413552155130551,0.0413552155130551
3898,5,19,no,20,0.05617807325881885,0.05617807325881885
3899,5,19,no,1,-0.0034016150240174237,0.0034016150240174237
5294,5,20,yes,1,0.0068248316823924515,0.0068248316823924515
2805,3,11,no,1,-0.006410485830370405,0.006410485830370405
5295,5,20,yes,12,0.07919288729555418,0.07919288729555418
548,3,7,yes,3,0.017103794630948577,0.017103794630948577
1225,3,8,no,1,0.006360174775013605,0.006360174775013605
1956,3,9,yes,1,-0.0058976716028927845,0.0058976716028927845
3900,5,19,yes,4,0.01401611079523718,0.01401611079523718
1957,3,9,yes,1,0.0058976716028927845,0.0058976716028927845
5296,5,20,no,12,-0.07919288729555418,0.07919288729555418
5297,5,20,yes,5,0.03368400541030114,0.03368400541030114
2430,3,10,no,1,0.0011199259363910974,0.0011199259363910974
3901,5,19,yes,8,0.0314128358560638,0.0314128358560638
3902,5,19,no,1,-0.004179558286804497,0.004179558286804497
3903,5,19,no,2,-0.008140202627770848,0.008140202627770848
1958,3,9,yes,1,0.005833461048261657,0.005833461048261657
3904,5,19,yes,2,0.008140202627770848,0.008140202627770848
3438,5,17,no,4,-0.018640361866079508,0.018640361866079508
1226,3,8,no,1,-0.006360174775013605,0.006360174775013605
3905,5,19,no,1,-0.0041064676986638515,0.0041064676986638515
3906,5,19,no,1,-0.004033734929106997,0.004033734929106997
3907,5,19,no,1,-0.003961402534739644,0.003961402534739644
1959,3,9,no,1,-0.005833461048261657,0.005833461048261657
2431,3,10,no,3,0.003193354069192078,0.003193354069192078
3908,5,19,no,9,-0.03248226167891011,0.03248226167891011
3439,5,17,no,1,-0.004474578305496774,0.004474578305496774
5298,5,20,no,1,0.006632203865068909,0.006632203865068909
3440,5,17,no,12,-0.04800004986444567,0.04800004986444567
3441,5,17,yes,1,0.003607097447810126,0.003607097447810126
3442,5,17,yes,7,0.027233277569259307,0.027233277569259307
3909,5,19,yes,9,-0.027114338992567516,0.027114338992567516
5299,5,20,no,20,0.12174103678644432,0.12174103678644432
5300,5,20,no,2,0.010781711858831922,0.010781711858831922
549,3,7,yes,1,-0.005634110153561744,0.005634110153561744
5301,5,20,yes,1,-0.00535544554716183,0.00535544554716183
3443,5,17,yes,9,0.04027461501895252,0.04027461501895252
3910,5,19,yes,3,0.008475604049749341,0.008475604049749341
2806,3,11,yes,6,0.03767261846387138,0.03767261846387138
1960,3,9,no,1,-0.0058976716028927845,0.0058976716028927845
1227,3,8,yes,1,0.006360174775013605,0.006360174775013605
3444,5,17,yes,2,0.009764854130815348,0.009764854130815348
1228,3,8,no,1,-0.006360174775013605,0.006360174775013605
5302,5,20,no,5,-0.027824019912239373,0.027824019912239373
5303,5,20,no,1,-0.0057680800157665635,0.0057680800157665635
5304,5,20,no,2,-0.011731132651154441,0.011731132651154441
5305,5,20,no,14,-0.08847627438402295,0.08847627438402295
5306,5,20,no,1,-0.0066701446519749075,0.0066701446519749075
550,3,7,yes,2,0.011199782667865588,0.011199782667865588
1229,3,8,no,3,0.018922323677086128,0.018922323677086128
3911,5,19,no,1,-0.002885778044461579,0.002885778044461579
3445,5,17,no,1,-0.004919375763308059,0.004919375763308059
1230,3,8,no,1,-0.006254119513938505,0.006254119513938505
3912,5,19,no,14,-0.034406566822330786,0.034406566822330786
3446,5,17,yes,9,0.046892170648262343,0.046892170648262343
3447,5,17,no,1,-0.005496366471083369,0.005496366471083369
3448,5,17,no,8,-0.041395804177178974,0.041395804177178974
5307,5,20,yes,14,0.0891857833387989,0.0891857833387989
3913,5,19,yes,1,0.0021133306609868174,0.0021133306609868174
3914,5,19,yes,14,0.03517901420580555,0.03517901420580555
1231,3,8,yes,1,-0.006308029388134018,0.006308029388134018
5308,5,20,no,10,-0.06274164546346106,0.06274164546346106
5309,5,20,no,8,-0.05345799863366407,0.05345799863366407
1232,3,8,no,1,-0.006360174775013605,0.006360174775013605
3449,5,17,no,1,-0.004845478367507289,0.004845478367507289
3915,5,19,yes,20,0.07165512222274792,0.07165512222274792
3916,5,19,yes,1,0.004326632768974686,0.004326632768974686
3917,5,19,no,3,-0.012759153207483831,0.012759153207483831
3450,5,17,yes,1,0.004845478367507289,0.004845478367507289
3918,5,19,yes,13,-0.0478519283406624,0.0478519283406624
3919,5,19,yes,10,0.03575032317815191,0.03575032317815191
2807,3,11,no,13,-0.08378680163080554,0.08378680163080554
5310,5,20,yes,2,0.0135688738941242,0.0135688738941242
3920,5,19,no,1,-0.003889511089587072,0.003889511089587072
3921,5,19,no,1,-0.003818099192726798,0.003818099192726798
3922,5,19,no,2,-0.007424062124434944,0.007424062124434944
2808,3,11,yes,1,0.006705817235090228,0.006705817235090228
5311,5,20,no,1,0.0067391696291118075,0.0067391696291118075
5312,5,20,yes,1,0.006705817235090228,0.006705817235090228
3451,5,17,yes,1,0.004919375763308059,0.004919375763308059
3452,5,17,no,1,-0.004919375763308059,0.004919375763308059
1961,3,9,no,1,-0.005960635697198957,0.005960635697198957
1962,3,9,yes,4,-0.024444607899498427,0.024444607899498427
5313,5,20,yes,6,0.039408365931843936,0.039408365931843936
3923,5,19,no,7,-0.02382103670629024,0.02382103670629024
3924,5,19,yes,1,0.003202385934887142,0.003202385934887142
3925,5,19,no,1,-0.003202385934887142,0.003202385934887142
551,3,7,no,2,-0.011199782667865588,0.011199782667865588
2809,3,11,yes,1,0.0066701446519749075,0.0066701446519749075
3453,5,17,yes,17,-0.07235337095571912,0.07235337095571912
552,3,7,no,10,0.0531725775528199,0.0531725775528199
5314,5,20,no,1,-0.0064588943083874195,0.0064588943083874195
3926,5,19,no,13,0.04694784657688569,0.04694784657688569
3927,5,19,no,1,-0.004033734929106997,0.004033734929106997
3928,5,19,yes,7,0.02977445578064386,0.02977445578064386
3929,5,19,no,1,-0.004474578305496774,0.004474578305496774
553,3,7,no,1,0.0049193757633081425,0.0049193757633081425
5315,5,20,no,9,0.05623631171534238,0.05623631171534238
5316,5,20,no,1,-0.006022277489922678,0.006022277489922678
3930,5,19,yes,1,-0.004400521639892407,0.004400521639892407
554,3,7,no,8,-0.04139580417717903,0.04139580417717903
2810,3,11,no,1,-0.0066701446519749075,0.0066701446519749075
2811,3,11,yes,1,0.0066701446519749075,0.0066701446519749075
2812,3,11,yes,1,0.006632203865068909,0.006632203865068909
3454,5,17,yes,3,0.011242161317161742,0.011242161317161742
5317,5,20,no,1,-0.006082521453160905,0.006082521453160905
3455,5,17,no,14,-0.04723148553214121,0.04723148553214121
3456,5,17,no,1,-0.002885778044461579,0.002885778044461579
3931,5,19,no,10,-0.03999243077674314,0.03999243077674314
3457,5,17,no,1,-0.0028249181734272544,0.0028249181734272544
3458,5,17,yes,5,0.014741511788290529,0.014741511788290529
2813,3,11,yes,5,0.032516503245170525,0.032516503245170525
5318,5,20,yes,5,0.02979656729143698,0.02979656729143698
3459,5,17,yes,1,0.003137471938287534,0.003137471938287534
5319,5,20,no,2,-0.011731132651154441,0.011731132651154441
555,3,7,yes,2,0.010781711858831922,0.010781711858831922
3460,5,17,yes,11,0.03895270911303905,0.03895270911303905
3932,5,19,no,1,0.0036768586438181428,0.0036768586438181428
1233,3,8,no,1,-0.006410485830370405,0.006410485830370405
2432,3,10,yes,1,-0.0010373521350485193,0.0010373521350485193
3933,5,19,yes,20,0.08879469625815645,0.08879469625815645
3934,5,19,yes,2,0.010495908372091578,0.010495908372091578
3461,5,17,no,18,-0.05959660067147762,0.05959660067147762
3462,5,17,yes,1,0.002764907831860508,0.002764907831860508
5320,5,20,no,2,-0.011982913187121635,0.011982913187121635
3463,5,17,yes,2,0.005710696217888833,0.005710696217888833
3935,5,19,yes,13,-0.06297503249732303,0.06297503249732303
3936,5,19,yes,1,-0.004326632768974686,0.004326632768974686
5321,5,20,yes,3,0.01788058479001442,0.01788058479001442
5322,5,20,no,3,-0.01788058479001442,0.01788058479001442
2814,3,11,no,4,0.02512084008482751,0.02512084008482751
3937,5,19,no,1,-0.004252962151704648,0.004252962151704648
3464,5,17,no,5,-0.013828833540339064,0.013828833540339064
3465,5,17,yes,10,0.029199506983915435,0.029199506983915435
5323,5,20,no,14,-0.08986932308396645,0.08986932308396645
5324,5,20,no,1,-0.0067391696291118075,0.0067391696291118075
556,3,7,no,1,-0.00535544554716183,0.00535544554716183
557,3,7,no,9,0.04558642267380986,0.04558642267380986
3938,5,19,no,6,-0.02398877373162886,0.02398877373162886
5325,5,20,yes,5,-0.03411167848903773,0.03411167848903773
3466,5,17,yes,1,0.0032680614992418033,0.0032680614992418033
3467,5,17,yes,1,0.003334478476924113,0.003334478476924113
5326,5,20,yes,1,0.006869527289091959,0.006869527289091959
3468,5,17,no,2,-0.0066025399761659165,0.0066025399761659165
2815,3,11,no,3,-0.018760665309813906,0.018760665309813906
5327,5,20,yes,1,0.0068484456234291224,0.0068484456234291224
3939,5,19,no,2,-0.007424062124434944,0.007424062124434944
3469,5,17,yes,12,0.04374546064199855,0.04374546064199855
5328,5,20,no,1,-0.0068484456234291224,0.0068484456234291224
3940,5,19,no,13,-0.0417000204328683,0.0417000204328683
3470,5,17,yes,3,0.012538988137172996,0.012538988137172996
558,3,7,no,1,-0.004771406440793768,0.004771406440793768
3471,5,17,no,1,-0.004252962151704648,0.004252962151704648
2816,3,11,no,3,-0.01922955491377143,0.01922955491377143
559,3,7,no,1,-0.00484547836750715,0.00484547836750715
5329,5,20,yes,1,0.0068484456234291224,0.0068484456234291224
5330,5,20,yes,11,0.07324705837256262,0.07324705837256262
3941,5,19,no,7,-0.01814276090511921,0.01814276090511921
560,3,7,yes,1,0.00484547836750715,0.00484547836750715
5331,5,20,no,3,-0.019513967714847258,0.019513967714847258
561,3,7,no,1,-0.00484547836750715,0.00484547836750715
3472,5,17,no,1,-0.004179558286804497,0.004179558286804497
2817,3,11,no,5,-0.03294947162345652,0.03294947162345652
1234,3,8,yes,1,0.006410485830370405,0.006410485830370405
3942,5,19,yes,1,0.0024231349516898176,0.0024231349516898176
3473,5,17,yes,1,0.004179558286804497,0.004179558286804497
2818,3,11,yes,3,0.019894398216996678,0.019894398216996678
2819,3,11,yes,10,-0.06745106357023645,0.06745106357023645
3943,5,19,no,11,-0.023838947304331795,0.023838947304331795
5332,5,20,no,4,-0.026600215452086906,0.026600215452086906
3474,5,17,no,1,-0.004179558286804497,0.004179558286804497
1963,3,9,yes,13,-0.08495631515001689,0.08495631515001689
1964,3,9,yes,1,0.006770152846514388,0.006770152846514388
2820,3,11,yes,1,0.006869527289091959,0.006869527289091959
3944,5,19,yes,11,0.023838947304331795,0.023838947304331795
2821,3,11,no,8,0.053989486581191626,0.053989486581191626
5333,5,20,no,1,-0.0067391696291118075,0.0067391696291118075
1965,3,9,yes,1,0.0067391696291118075,0.0067391696291118075
1235,3,8,no,2,0.012668204163147623,0.012668204163147623
5334,5,20,yes,1,0.0067391696291118075,0.0067391696291118075
5335,5,20,yes,9,-0.06156014103691332,0.06156014103691332
5336,5,20,no,19,-0.13043457303300493,0.13043457303300493
3945,5,19,yes,1,0.0024778905067136536,0.0024778905067136536
3475,5,17,no,13,-0.0478519283406624,0.0478519283406624
5337,5,20,no,7,0.04735728271612272,0.04735728271612272
1966,3,9,yes,7,-0.047738892874626626,0.047738892874626626
1967,3,9,yes,1,0.006888044756477085,0.006888044756477085
3476,5,17,yes,1,0.0032680614992418033,0.0032680614992418033
3946,5,19,yes,18,0.05494175587958404,0.05494175587958404
3477,5,17,yes,8,0.028592750589323035,0.028592750589323035
3478,5,17,yes,1,0.003889511089587072,0.003889511089587072
5338,5,20,yes,9,0.06227205321062973,0.06227205321062973
562,3,7,no,1,-0.0049193757633081425,0.0049193757633081425
3479,5,17,yes,11,0.047604813740669244,0.047604813740669244
5339,5,20,yes,1,0.00694131979774415,0.00694131979774415
5340,5,20,yes,1,0.006935967626738093,0.006935967626738093
1968,3,9,yes,14,0.09337551711545411,0.09337551711545411
5341,5,20,yes,1,0.00692794968177024,0.00692794968177024
2822,3,11,yes,1,0.006592049699952862,0.006592049699952862
3480,5,17,no,5,-0.02274405537067492,0.02274405537067492
5342,5,20,yes,2,0.013821248162286692,0.013821248162286692
3481,5,17,yes,1,0.004400521639892407,0.004400521639892407
5343,5,20,no,1,0.006888044756477085,0.006888044756477085
563,3,7,no,1,-0.0049930353877782885,0.0049930353877782885
2823,3,11,yes,12,-0.08124307819010945,0.08124307819010945
3947,5,19,no,1,-0.003607097447810126,0.003607097447810126
1969,3,9,no,5,0.03126213263350097,0.03126213263350097
2824,3,11,yes,1,0.00690396986339592,0.00690396986339592
1970,3,9,no,1,-0.00614129254867346,0.00614129254867346
5344,5,20,no,1,-0.006888044756477085,0.006888044756477085
2825,3,11,no,1,-0.00690396986339592,0.00690396986339592
2826,3,11,yes,2,0.013792014619873005,0.013792014619873005
3948,5,19,no,2,0.007283956091628269,0.007283956091628269
3949,5,19,no,1,-0.0036768586438181428,0.0036768586438181428
3482,5,17,no,1,-0.004400521639892407,0.004400521639892407
3950,5,19,no,14,-0.04446492826472881,0.04446492826472881
5345,5,20,no,5,-0.034626485268539176,0.034626485268539176
5346,5,20,yes,5,0.034626485268539176,0.034626485268539176
5347,5,20,no,11,0.07433910832671353,0.07433910832671353
2827,3,11,yes,1,0.006869527289091959,0.006869527289091959
3951,5,19,yes,20,0.06759173813532426,0.06759173813532426
3952,5,19,yes,2,0.008286025985468348,0.008286025985468348
2828,3,11,no,8,0.053989486581191626,0.053989486581191626
5348,5,20,no,1,-0.006592049699952862,0.006592049699952862
564,3,7,no,4,-0.020701681167260677,0.020701681167260677
3953,5,19,no,5,-0.02017067453890206,0.02017067453890206
3954,5,19,no,4,-0.014849258764971868,0.014849258764971868
3955,5,19,no,1,-0.0035379507575973856,0.0035379507575973856
5349,5,20,no,14,-0.0954322240975557,0.0954322240975557
565,3,7,yes,20,-0.11938095928698222,0.11938095928698222
566,3,7,yes,8,-0.05345799863366407,0.05345799863366407
3483,5,17,yes,1,0.004400521639892407,0.004400521639892407
3956,5,19,no,1,-0.0034694475658122448,0.0034694475658122448
5350,5,20,yes,4,0.027685165470795026,0.027685165470795026
2829,3,11,no,1,-0.006632203865068909,0.006632203865068909
5351,5,20,yes,1,0.006888044756477085,0.006888044756477085
567,3,7,yes,7,0.046908258975322914,0.046908258975322914
5352,5,20,no,2,-0.013792014619873005,0.013792014619873005
3957,5,19,yes,5,0.0180385578956547,0.0180385578956547
568,3,7,yes,5,0.03228462832023127,0.03228462832023127
5353,5,20,no,4,-0.027722515405143255,0.027722515405143255
3958,5,19,no,13,-0.04341338633941441,0.04341338633941441
569,3,7,no,10,0.06046660516569091,0.06046660516569091
5354,5,20,yes,1,0.00694131979774415,0.00694131979774415
5355,5,20,yes,1,0.006935967626738093,0.006935967626738093
1236,3,8,yes,1,0.006254119513938505,0.006254119513938505
3959,5,19,no,6,-0.016418897104865784,0.016418897104865784
570,3,7,no,10,-0.06046660516569091,0.06046660516569091
3960,5,19,yes,20,0.063650382637007,0.063650382637007
3961,5,19,yes,1,0.003889511089587072,0.003889511089587072
3962,5,19,yes,6,0.024860758369994324,0.024860758369994324
571,3,7,yes,1,0.006308029388134018,0.006308029388134018
5356,5,20,yes,1,0.00692794968177024,0.00692794968177024
3963,5,19,no,9,-0.036315572132924995,0.036315572132924995
1237,3,8,no,1,0.0061985164077413835,0.0061985164077413835
572,3,7,yes,10,0.05986018023917716,0.05986018023917716
5357,5,20,no,2,-0.013863917308508333,0.013863917308508333
2830,3,11,no,5,0.03273822127986903,0.03273822127986903
3484,5,17,no,1,-0.004400521639892407,0.004400521639892407
3964,5,19,no,1,-0.0036768586438181428,0.0036768586438181428
5358,5,20,yes,10,0.06868488871630984,0.06868488871630984
2831,3,11,yes,2,-0.0129642280565061,0.0129642280565061
5359,5,20,yes,4,0.02674733538124585,0.02674733538124585
1238,3,8,yes,1,-0.0061985164077413835,0.0061985164077413835
2832,3,11,no,1,-0.006549739658341158,0.006549739658341158
2833,3,11,no,1,-0.006592049699952862,0.006592049699952862
5360,5,20,no,7,-0.0471410409577625,0.0471410409577625
5361,5,20,no,3,0.020393705576516652,0.020393705576516652
1239,3,8,yes,1,0.0061985164077413835,0.0061985164077413835
5362,5,20,no,5,-0.03411167848903773,0.03411167848903773
573,3,7,yes,2,-0.011469684477386832,0.011469684477386832
3965,5,19,no,1,-0.003607097447810126,0.003607097447810126
3966,5,19,no,1,0.003607097447810126,0.003607097447810126
3967,5,19,yes,3,0.011242161317161742,0.011242161317161742
5363,5,20,yes,4,0.027341525642523345,0.027341525642523345
3485,5,17,no,7,-0.028750269459581396,0.028750269459581396
1240,3,8,no,1,-0.0061985164077413835,0.0061985164077413835
3486,5,17,no,2,-0.007565302673343599,0.007565302673343599
3968,5,19,yes,1,0.003889511089587072,0.003889511089587072
3487,5,17,yes,11,0.045190672078314176,0.045190672078314176
5364,5,20,no,2,-0.013623552730002264,0.013623552730002264
5365,5,20,yes,1,0.0068248316823924515,0.0068248316823924515
3488,5,17,no,1,-0.004474578305496774,0.004474578305496774
3489,5,17,no,8,-0.0331507910994738,0.0331507910994738
3490,5,17,yes,1,0.003889511089587072,0.003889511089587072
3969,5,19,yes,1,0.003961402534739644,0.003961402534739644
3763,5,18,yes,1,0.0010110847812301663,0.0010110847812301663
5366,5,20,no,4,0.027013860758326236,0.027013860758326236
1241,3,8,no,6,0.03630291519959017,0.03630291519959017
1242,3,8,yes,11,-0.06809461901543412,0.06809461901543412
3491,5,17,yes,1,0.003961402534739644,0.003961402534739644
2433,3,10,no,6,-0.006811300600146009,0.006811300600146009
574,3,7,yes,12,0.06464226203020673,0.06464226203020673
5367,5,20,yes,12,-0.08212987558051188,0.08212987558051188
5368,5,20,no,1,0.006935967626738093,0.006935967626738093
3492,5,17,no,1,-0.003961402534739644,0.003961402534739644
5369,5,20,no,1,0.00692794968177024,0.00692794968177024
2434,3,10,no,1,0.0012083954815764741,0.0012083954815764741
5370,5,20,yes,1,0.006917278298890772,0.006917278298890772
5371,5,20,yes,4,0.027509987532394087,0.027509987532394087
575,3,7,no,1,-0.0049930353877782885,0.0049930353877782885
5372,5,20,no,1,-0.0068484456234291224,0.0068484456234291224
3970,5,19,yes,11,0.04841481764672337,0.04841481764672337
2834,3,11,yes,1,0.006592049699952862,0.006592049699952862
3493,5,17,yes,1,0.003961402534739644,0.003961402534739644
576,3,7,no,5,-0.026057126714422507,0.026057126714422507
3971,5,19,no,1,-0.004771406440793768,0.004771406440793768
1243,3,8,no,3,0.01922955491377143,0.01922955491377143
1244,3,8,yes,1,0.006308029388134018,0.006308029388134018
3972,5,19,no,1,-0.004697221546987984,0.004697221546987984
3973,5,19,no,1,-0.004622983511482132,0.004622983511482132
5373,5,20,no,1,-0.006869527289091959,0.006869527289091959
2835,3,11,no,1,-0.006592049699952862,0.006592049699952862
3974,5,19,yes,1,0.004622983511482132,0.004622983511482132
3975,5,19,yes,6,0.02929290989964456,0.02929290989964456
5374,5,20,no,7,-0.04845852797327699,0.04845852797327699
3976,5,19,no,1,-0.005066392393269115,0.005066392393269115
2435,3,10,no,1,0.0011782316625166267,0.0011782316625166267
5375,5,20,yes,2,0.013885317746004877,0.013885317746004877
5376,5,20,yes,2,0.013863917308508333,0.013863917308508333
3977,5,19,yes,17,0.09558708648253886,0.09558708648253886
5377,5,20,no,1,0.006917278298890772,0.006917278298890772
5378,5,20,yes,4,0.027509987532394087,0.027509987532394087
3494,5,17,yes,1,0.004033734929106997,0.004033734929106997
3978,5,19,yes,2,0.01245263592168,0.01245263592168
3495,5,17,no,1,-0.004033734929106997,0.004033734929106997
2436,3,10,yes,14,-0.019501975979480335,0.019501975979480335
3979,5,19,yes,1,-0.006254119513938561,0.006254119513938561
1245,3,8,no,3,0.01859392847035335,0.01859392847035335
3980,5,19,yes,2,-0.0123398089564149,0.0123398089564149
3981,5,19,yes,20,-0.10897508989325286,0.10897508989325286
3982,5,19,yes,1,0.004771406440793768,0.004771406440793768
6230,5,21,yes,14,0.0367607223679387,0.0367607223679387
3983,5,19,no,12,-0.05237622018146301,0.05237622018146301
2836,3,11,yes,1,-0.006632203865068909,0.006632203865068909
2837,3,11,yes,1,0.006632203865068909,0.006632203865068909
3984,5,19,no,13,-0.04516351906884872,0.04516351906884872
5379,5,20,yes,20,-0.13797655450159846,0.13797655450159846
5380,5,20,yes,4,-0.02688528436269133,0.02688528436269133
3985,5,19,no,1,-0.003010001079055108,0.003010001079055108
1246,3,8,yes,1,-0.00614129254867346,0.00614129254867346
5381,5,20,yes,1,0.0066701446519749075,0.0066701446519749075
5382,5,20,yes,1,0.006705817235090283,0.006705817235090283
5383,5,20,yes,1,0.006739169629111863,0.006739169629111863
3986,5,19,yes,9,0.029434750293344886,0.029434750293344886
6231,5,21,yes,14,0.04912492160358836,0.04912492160358836
577,3,7,no,9,-0.051283868276359335,0.051283868276359335
578,3,7,no,3,0.0176917683483534,0.0176917683483534
5384,5,20,yes,16,0.11031944151682788,0.11031944151682788
6232,5,21,yes,1,0.004033734929106997,0.004033734929106997
5385,5,20,yes,1,0.006917278298890772,0.006917278298890772
5386,5,20,yes,1,0.00690396986339592,0.00690396986339592
6233,5,21,no,4,-0.01570274774616051,0.01570274774616051
579,3,7,no,3,-0.0176917683483534,0.0176917683483534
6234,5,21,no,1,-0.003747203480616801,0.003747203480616801
5387,5,20,no,4,-0.027685165470795026,0.027685165470795026
6235,5,21,yes,4,0.015416216297670315,0.015416216297670315
5388,5,20,no,1,-0.00694131979774415,0.00694131979774415
580,3,7,no,12,0.06713522219561274,0.06713522219561274
3987,5,19,no,5,-0.01701155332359297,0.01701155332359297
6236,5,21,yes,7,-0.02623812314689597,0.02623812314689597
1247,3,8,yes,1,-0.0061985164077413835,0.0061985164077413835
5389,5,20,yes,1,0.00694131979774415,0.00694131979774415
5390,5,20,no,1,0.006935967626738093,0.006935967626738093
3988,5,19,yes,1,0.0032680614992418033,0.0032680614992418033
3496,5,17,no,1,-0.003961402534739644,0.003961402534739644
2437,3,10,no,8,0.011966180580625152,0.011966180580625152
2438,3,10,no,7,0.008684540984373434,0.008684540984373434
5391,5,20,yes,7,0.04818004719544755,0.04818004719544755
3989,5,19,yes,1,0.003334478476924113,0.003334478476924113
1248,3,8,yes,1,-0.006254119513938505,0.006254119513938505
3990,5,19,yes,3,0.010409013347427054,0.010409013347427054
2838,3,11,no,1,-0.006632203865068909,0.006632203865068909
3764,5,18,no,2,0.0021015926926436085,0.0021015926926436085
6237,5,21,yes,6,-0.01981346043917026,0.01981346043917026
2439,3,10,yes,1,0.0011199259363910974,0.0011199259363910974
3991,5,19,no,1,-0.0035379507575973856,0.0035379507575973856
5392,5,20,no,12,-0.0828866503141954,0.0828866503141954
2440,3,10,yes,1,0.001091761376548539,0.001091761376548539
3992,5,19,yes,1,0.0035379507575973856,0.0035379507575973856
3993,5,19,yes,8,0.030840375017069432,0.030840375017069432
3994,5,19,no,6,-0.023556418925441164,0.023556418925441164
1249,3,8,no,2,-0.012668204163147623,0.012668204163147623
5393,5,20,no,1,0.006941319797744205,0.006941319797744205
5394,5,20,yes,1,0.006943997948260672,0.006943997948260672
5395,5,20,no,1,0.006943997948260727,0.006943997948260727
3497,5,17,no,3,-0.011454813762930671,0.011454813762930671
3498,5,17,yes,1,0.003747203480616801,0.003747203480616801
5396,5,20,yes,1,0.00694131979774415,0.00694131979774415
3995,5,19,yes,17,0.07359588807520903,0.07359588807520903
3996,5,19,no,7,-0.03287979430239163,0.03287979430239163
5397,5,20,no,10,-0.06921337300837388,0.06921337300837388
3997,5,19,no,2,-0.008727154408867094,0.008727154408867094
5398,5,20,yes,1,0.0068695272890921255,0.0068695272890921255
3998,5,19,no,1,-0.004252962151704648,0.004252962151704648
3499,5,17,no,1,-0.003747203480616801,0.003747203480616801
5399,5,20,yes,6,0.041514530025016205,0.041514530025016205
3500,5,17,no,5,0.019449951226777312,0.019449951226777312
5400,5,20,no,2,0.013887995896521399,0.013887995896521399
581,3,7,yes,3,0.015198808182947388,0.015198808182947388
2839,3,11,no,3,-0.020115131516176943,0.020115131516176943
5401,5,20,no,1,0.00694131979774415,0.00694131979774415
5402,5,20,no,5,0.03457321022727211,0.03457321022727211
3999,5,19,yes,1,0.004252962151704648,0.004252962151704648
4000,5,19,no,2,-0.008432520438509145,0.008432520438509145
4001,5,19,yes,1,0.004179558286804497,0.004179558286804497
2840,3,11,yes,2,0.013444986864202035,0.013444986864202035
4002,5,19,yes,10,-0.038557884061471315,0.038557884061471315
582,3,7,no,9,-0.047538467399258155,0.047538467399258155
6238,5,21,yes,9,0.030635367288395915,0.030635367288395915
4003,5,19,yes,1,0.0035379507575973856,0.0035379507575973856
2841,3,11,no,1,-0.006705817235090228,0.006705817235090228
1971,3,9,no,1,-0.0061985164077413835,0.0061985164077413835
6239,5,21,no,2,-0.007283956091628269,0.007283956091628269
1250,3,8,yes,1,0.006360174775013605,0.006360174775013605
1972,3,9,yes,1,0.0061985164077413835,0.0061985164077413835
5403,5,20,yes,11,-0.07620776302779014,0.07620776302779014
6240,5,21,no,1,-0.0035379507575973856,0.0035379507575973856
6241,5,21,no,1,-0.0034694475658122448,0.0034694475658122448
5404,5,20,yes,14,0.09675056762270368,0.09675056762270368
3501,5,17,no,14,-0.05008531851517323,0.05008531851517323
3502,5,17,yes,5,0.016344012873358016,0.016344012873358016
1251,3,8,no,3,-0.01922955491377143,0.01922955491377143
3503,5,17,yes,1,0.0034694475658122448,0.0034694475658122448
6242,5,21,no,1,0.0034694475658122448,0.0034694475658122448
5405,5,20,yes,2,-0.013673277305821574,0.013673277305821574
5406,5,20,no,11,-0.07614934063511186,0.07614934063511186
5407,5,20,yes,1,0.006935967626738038,0.006935967626738038
3504,5,17,yes,2,0.0071450482054075115,0.0071450482054075115
3505,5,17,yes,2,0.007424062124434944,0.007424062124434944
5408,5,20,yes,4,0.027770635492009754,0.027770635492009754
2842,3,11,no,1,-0.0067391696291118075,0.0067391696291118075
1252,3,8,no,1,0.0064588943083874195,0.0064588943083874195
5409,5,20,no,7,0.04829118313979319,0.04829118313979319
2843,3,11,yes,1,0.0067391696291118075,0.0067391696291118075
1253,3,8,no,3,-0.019513967714847258,0.019513967714847258
3506,5,17,no,14,-0.04629916438387599,0.04629916438387599
2844,3,11,no,3,-0.020308043523236008,0.020308043523236008
3507,5,17,no,2,-0.005589826005287762,0.005589826005287762
3508,5,17,yes,1,0.002764907831860508,0.002764907831860508
1973,3,9,yes,5,0.030104398791848785,0.030104398791848785
3509,5,17,no,6,-0.015719625953429392,0.015719625953429392
1254,3,8,yes,3,0.019513967714847258,0.019513967714847258
3510,5,17,yes,1,0.0024778905067136536,0.0024778905067136536
4004,5,19,no,2,0.007283956091628269,0.007283956091628269
6243,5,21,no,8,0.030271858076002967,0.030271858076002967
3511,5,17,yes,11,0.0311207191732938,0.0311207191732938
5410,5,20,no,2,-0.013717972912521081,0.013717972912521081
3512,5,17,no,1,-0.003137471938287534,0.003137471938287534
583,3,7,no,1,-0.005634110153561744,0.005634110153561744
3513,5,17,yes,1,0.003137471938287534,0.003137471938287534
2845,3,11,no,1,0.0067987210476098126,0.0067987210476098126
5411,5,20,no,1,-0.006888044756477085,0.006888044756477085
3514,5,17,yes,1,0.003202385934887142,0.003202385934887142
3515,5,17,no,1,-0.003202385934887142,0.003202385934887142
6244,5,21,no,1,-0.004033734929106997,0.004033734929106997
3516,5,17,yes,1,0.003202385934887142,0.003202385934887142
2846,3,11,yes,1,0.006770152846514388,0.006770152846514388
5412,5,20,yes,1,0.006888044756477085,0.006888044756477085
1974,3,9,no,6,0.0339992946645975,0.0339992946645975
3517,5,17,yes,1,0.0032680614992418033,0.0032680614992418033
6245,5,21,no,4,-0.015416216297670315,0.015416216297670315
3518,5,17,yes,7,0.024774651396596237,0.024774651396596237
4005,5,19,no,6,-0.021027447915979436,0.021027447915979436
4006,5,19,yes,1,0.003334478476924113,0.003334478476924113
1975,3,9,yes,1,-0.005496366471083425,0.005496366471083425
1976,3,9,no,10,-0.05860732698536286,0.05860732698536286
5413,5,20,yes,4,0.027341525642523345,0.027341525642523345
1977,3,9,yes,1,0.00614129254867346,0.00614129254867346
6246,5,21,yes,10,0.0407160937728174,0.0407160937728174
1978,3,9,yes,1,0.006082521453160905,0.006082521453160905
6247,5,21,no,4,-0.01715967484737624,0.01715967484737624
6248,5,21,yes,20,-0.06893329800212761,0.06893329800212761
5414,5,20,no,4,-0.027341525642523345,0.027341525642523345
6249,5,21,yes,1,-0.002764907831860508,0.002764907831860508
584,3,7,no,1,-0.005701604461620269,0.005701604461620269
6250,5,21,yes,7,0.02064389155843857,0.02064389155843857
5415,5,20,yes,16,0.10604372127860173,0.10604372127860173
5416,5,20,yes,5,-0.03204291805002413,0.03204291805002413
5417,5,20,no,11,-0.0740008032285776,0.0740008032285776
4007,5,19,yes,20,0.081524003383449,0.081524003383449
4008,5,19,yes,6,0.030175593904021608,0.030175593904021608
4009,5,19,no,1,-0.005211931590258845,0.005211931590258845
6251,5,21,yes,13,-0.03602174463169727,0.03602174463169727
6252,5,21,no,6,0.015377853073258702,0.015377853073258702
4010,5,19,yes,20,0.11691263960256765,0.11691263960256765
4011,5,19,yes,4,0.026106017414800065,0.026106017414800065
4012,5,19,no,1,-0.006592049699952696,0.006592049699952696
1979,3,9,no,1,-0.006082521453160905,0.006082521453160905
4013,5,19,no,5,-0.03228462832023132,0.03228462832023132
6253,5,21,yes,1,-0.0027057566289490215,0.0027057566289490215
4014,5,19,yes,2,-0.012562148902072467,0.012562148902072467
3519,5,17,yes,1,0.003818099192726798,0.003818099192726798
3520,5,17,no,1,-0.003818099192726798,0.003818099192726798
1980,3,9,no,1,-0.00614129254867346,0.00614129254867346
4015,5,19,no,1,-0.006198516407741439,0.006198516407741439
4016,5,19,yes,3,0.018760665309813906,0.018760665309813906
5418,5,20,no,16,0.10604372127860173,0.10604372127860173
5419,5,20,no,20,-0.13368096387913575,0.13368096387913575
5420,5,20,no,4,-0.027765283321003642,0.027765283321003642
3521,5,17,yes,1,0.003818099192726798,0.003818099192726798
5421,5,20,no,3,0.02082931569426555,0.02082931569426555
5422,5,20,no,1,0.006935967626738093,0.006935967626738093
5423,5,20,no,11,0.07519390795377379,0.07519390795377379
4017,5,19,yes,15,0.09973569189046783,0.09973569189046783
5424,5,20,yes,1,-0.006705817235090228,0.006705817235090228
5425,5,20,yes,2,0.013375961887065135,0.013375961887065135
5426,5,20,yes,3,-0.020115131516176943,0.020115131516176943
585,3,7,yes,1,0.005701604461620269,0.005701604461620269
4018,5,19,no,11,-0.07400080322857766,0.07400080322857766
4019,5,19,yes,12,0.08088884798505469,0.08088884798505469
4020,5,19,no,20,-0.13152569450543222,0.13152569450543222
4021,5,19,no,1,-0.006082521453160961,0.006082521453160961
4022,5,19,no,14,-0.07829688008743532,0.07829688008743532
4023,5,19,no,14,-0.06420536462947918,0.06420536462947918
4024,5,19,no,14,0.06420536462947918,0.06420536462947918
6254,5,21,yes,11,0.03315457409844065,0.03315457409844065
5427,5,20,yes,10,0.06562401340142998,0.06562401340142998
4025,5,19,no,1,-0.005066392393269115,0.005066392393269115
4026,5,19,no,1,-0.004993035387778344,0.004993035387778344
4027,5,19,yes,1,0.004993035387778344,0.004993035387778344
2847,3,11,no,3,-0.020393705576516652,0.020393705576516652
5428,5,20,no,1,-0.006360174775013605,0.006360174775013605
5429,5,20,no,2,-0.012869380138757824,0.012869380138757824
4028,5,19,yes,3,0.015417704385427916,0.015417704385427916
5430,5,20,no,1,-0.00650533374811868,0.00650533374811868
5431,5,20,no,1,-0.006549739658341158,0.006549739658341158
4029,5,19,no,1,-0.005211931590258845,0.005211931590258845
4030,5,19,yes,1,0.005211931590258845,0.005211931590258845
5432,5,20,yes,5,-0.033339385081198714,0.033339385081198714
4031,5,19,no,1,-0.005211931590258845,0.005211931590258845
3522,5,17,no,1,-0.003818099192726798,0.003818099192726798
586,3,7,no,9,-0.05360606072523866,0.05360606072523866
587,3,7,yes,4,0.024444607899498427,0.024444607899498427
1255,3,8,no,8,0.04977741740695496,0.04977741740695496
4032,5,19,no,1,-0.005139380401899957,0.005139380401899957
588,3,7,yes,1,0.005960635697198957,0.005960635697198957
1256,3,8,no,12,-0.07588343482175508,0.07588343482175508
2848,3,11,yes,1,0.0068248316823924515,0.0068248316823924515
4033,5,19,yes,13,-0.060098896930815326,0.060098896930815326
1981,3,9,yes,11,0.06410369345644629,0.06410369345644629
5433,5,20,no,8,-0.05482097140780151,0.05482097140780151
4034,5,19,yes,1,0.004179558286804497,0.004179558286804497
4035,5,19,yes,20,0.0990324884157833,0.0990324884157833
4036,5,19,yes,1,0.005701604461620324,0.005701604461620324
4037,5,19,no,1,-0.005701604461620324,0.005701604461620324
6255,5,21,yes,1,-0.003334478476924113,0.003334478476924113
2849,3,11,yes,2,0.0135688738941242,0.0135688738941242
4038,5,19,yes,1,-0.005634110153561633,0.005634110153561633
1982,3,9,no,3,-0.016696149138949012,0.016696149138949012
4039,5,19,no,17,-0.08481878334154233,0.08481878334154233
3523,5,17,no,1,-0.003747203480616801,0.003747203480616801
5434,5,20,yes,1,0.006917278298890772,0.006917278298890772
5435,5,20,yes,6,0.04113354026239635,0.04113354026239635
5436,5,20,yes,5,0.03351748822776024,0.03351748822776024
5437,5,20,no,11,0.0698611573318324,0.0698611573318324
1257,3,8,yes,1,0.006592049699952862,0.006592049699952862
5438,5,20,no,1,-0.006082521453160905,0.006082521453160905
5439,5,20,yes,9,-0.057186586178718635,0.057186586178718635
2850,3,11,no,3,-0.020393705576516652,0.020393705576516652
6256,5,21,no,4,-0.01268125738993861,0.01268125738993861
2851,3,11,yes,3,0.020393705576516652,0.020393705576516652
3524,5,17,yes,1,-0.0036768586438181428,0.0036768586438181428
3525,5,17,yes,2,-0.0071450482054075115,0.0071450482054075115
5440,5,20,no,13,-0.08816035648900022,0.08816035648900022
2852,3,11,no,5,-0.03411167848903773,0.03411167848903773
4040,5,19,no,1,-0.004326632768974686,0.004326632768974686
1983,3,9,no,3,-0.01730314552564849,0.01730314552564849
5441,5,20,yes,2,0.013821248162286692,0.013821248162286692
4041,5,19,yes,19,0.09477952626407865,0.09477952626407865
3765,5,18,yes,1,0.0010917613765485043,0.0010917613765485043
1984,3,9,no,1,-0.0058976716028927845,0.0058976716028927845
3526,5,17,no,4,0.014569110329842455,0.014569110329842455
5442,5,20,no,9,0.06111485476169176,0.06111485476169176
2853,3,11,yes,1,0.006869527289091959,0.006869527289091959
2854,3,11,no,2,-0.013757572045569044,0.013757572045569044
5443,5,20,yes,1,-0.0066701446519749075,0.0066701446519749075
1985,3,9,no,1,-0.005960635697198957,0.005960635697198957
4042,5,19,no,7,-0.03797376936987251,0.03797376936987251
6257,5,21,yes,1,0.0030733380175221314,0.0030733380175221314
5444,5,20,no,6,-0.04068713806414781,0.04068713806414781
3766,5,18,yes,1,0.0011199259363911113,0.0011199259363911113
4043,5,19,no,10,-0.048078602485339045,0.048078602485339045
4044,5,19,yes,3,0.013646312183794529,0.013646312183794529
1258,3,8,no,1,0.006549739658341158,0.006549739658341158
3767,5,18,yes,2,0.0023269772480348574,0.0023269772480348574
4045,5,19,yes,11,0.055709910532468015,0.055709910532468015
589,3,7,no,9,0.05067867812632221,0.05067867812632221
4046,5,19,no,1,-0.005426266311670036,0.005426266311670036
4047,5,19,no,1,0.005426266311670036,0.005426266311670036
4048,5,19,no,7,-0.036476428413870915,0.036476428413870915
4049,5,19,no,11,-0.05003946914976787,0.05003946914976787
1986,3,9,no,1,0.005960635697198957,0.005960635697198957
2855,3,11,no,1,0.006888044756477085,0.006888044756477085
1987,3,9,no,1,-0.005960635697198957,0.005960635697198957
2856,3,11,no,4,0.027341525642523345,0.027341525642523345
2441,3,10,no,4,-0.004538664560974515,0.004538664560974515
1259,3,8,yes,1,0.00650533374811868,0.00650533374811868
4050,5,19,yes,4,0.01715967484737624,0.01715967484737624
4051,5,19,yes,20,0.10335551738086016,0.10335551738086016
4052,5,19,yes,1,0.005897671602892618,0.005897671602892618
3527,5,17,no,14,-0.04629916438387599,0.04629916438387599
3528,5,17,yes,9,0.02826060648822129,0.02826060648822129
5445,5,20,yes,4,0.027242151199945774,0.027242151199945774
1260,3,8,yes,1,0.0064588943083874195,0.0064588943083874195
4053,5,19,no,1,-0.005897671602892618,0.005897671602892618
4054,5,19,no,1,-0.005833461048261823,0.005833461048261823
1261,3,8,no,1,0.006410485830370405,0.006410485830370405
1988,3,9,yes,1,-0.006022277489922678,0.006022277489922678
4055,5,19,yes,1,-0.0057680800157664525,0.0057680800157664525
4056,5,19,no,1,0.0057680800157664525,0.0057680800157664525
1262,3,8,no,2,0.012668204163147623,0.012668204163147623
4057,5,19,no,10,-0.054582834249159246,0.054582834249159246
4058,5,19,no,4,-0.019824281911862807,0.019824281911862807
1263,3,8,no,1,-0.006308029388134018,0.006308029388134018
4059,5,19,yes,5,0.024963662313762763,0.024963662313762763
4060,5,19,no,1,-0.005139380401899957,0.005139380401899957
3529,5,17,no,11,-0.03385043249350905,0.03385043249350905
5446,5,20,yes,1,0.0067391696291118075,0.0067391696291118075
3530,5,17,yes,1,0.002764907831860508,0.002764907831860508
5447,5,20,yes,2,0.013375961887065135,0.013375961887065135
3531,5,17,yes,10,0.031085524661648545,0.031085524661648545
4061,5,19,yes,1,0.005139380401899957,0.005139380401899957
4062,5,19,yes,12,-0.05680575689420614,0.05680575689420614
3532,5,17,yes,1,0.0034694475658122448,0.0034694475658122448
3533,5,17,no,12,-0.0373198800593213,0.0373198800593213
4063,5,19,yes,2,0.008727154408867094,0.008727154408867094
4064,5,19,no,2,-0.008727154408867094,0.008727154408867094
3534,5,17,yes,14,0.04446492826472881,0.04446492826472881
4065,5,19,yes,1,0.004326632768974686,0.004326632768974686
2857,3,11,no,1,-0.0067987210476098126,0.0067987210476098126
5448,5,20,no,1,-0.0066701446519749075,0.0066701446519749075
5449,5,20,yes,7,0.04581885176221434,0.04581885176221434
1989,3,9,no,1,-0.006082521453160905,0.006082521453160905
3535,5,17,no,1,-0.003607097447810126,0.003607097447810126
4066,5,19,yes,1,-0.004326632768974686,0.004326632768974686
3536,5,17,no,14,-0.043563587445867705,0.043563587445867705
4067,5,19,no,1,-0.004252962151704648,0.004252962151704648
3537,5,17,yes,1,0.0027057566289490215,0.0027057566289490215
5450,5,20,yes,1,-0.006410485830370405,0.006410485830370405
5451,5,20,no,1,-0.0064588943083874195,0.0064588943083874195
4068,5,19,no,2,0.008579594920679334,0.008579594920679334
1264,3,8,no,9,0.05469852514992435,0.05469852514992435
3538,5,17,yes,13,0.04085783081691868,0.04085783081691868
1990,3,9,no,3,0.01806543464028254,0.01806543464028254
5452,5,20,no,5,-0.03294947162345652,0.03294947162345652
5453,5,20,no,2,-0.013444986864202035,0.013444986864202035
1265,3,8,no,1,-0.005833461048261657,0.005833461048261657
5454,5,20,no,2,-0.0135688738941242,0.0135688738941242
3768,5,18,no,7,-0.007651342034848248,0.007651342034848248
5455,5,20,yes,9,0.05996333238178275,0.05996333238178275
590,3,7,yes,1,0.005283976781832678,0.005283976781832678
2442,3,10,no,1,0.0011782316625166267,0.0011782316625166267
3539,5,17,no,13,-0.04085783081691868,0.04085783081691868
6258,5,21,yes,7,-0.02021217624910006,0.02021217624910006
591,3,7,yes,2,0.010351311992158774,0.010351311992158774
5456,5,20,no,1,-0.00650533374811868,0.00650533374811868
4069,5,19,no,7,-0.028750269459581396,0.028750269459581396
4070,5,19,yes,1,0.003889511089587072,0.003889511089587072
592,3,7,no,12,-0.06631396690031366,0.06631396690031366
3540,5,17,yes,4,0.011423080523573798,0.011423080523573798
3541,5,17,no,4,-0.011423080523573798,0.011423080523573798
5457,5,20,no,11,-0.0740008032285776,0.0740008032285776
3542,5,17,yes,12,0.0373198800593213,0.0373198800593213
4071,5,19,yes,1,0.003961402534739644,0.003961402534739644
5458,5,20,yes,1,0.006869527289091959,0.006869527289091959
1266,3,8,no,1,-0.0058976716028927845,0.0058976716028927845
1267,3,8,yes,1,-0.005960635697198957,0.005960635697198957
4072,5,19,yes,1,0.004033734929106997,0.004033734929106997
1268,3,8,no,1,-0.006022277489922678,0.006022277489922678
4073,5,19,yes,16,0.07455667662163798,0.07455667662163798
593,3,7,yes,8,0.04532323257916038,0.04532323257916038
594,3,7,yes,1,0.00535544554716183,0.00535544554716183
1269,3,8,yes,1,0.006022277489922678,0.006022277489922678
4074,5,19,no,1,0.005283976781832733,0.005283976781832733
3543,5,17,no,1,-0.0034694475658122448,0.0034694475658122448
4075,5,19,yes,1,-0.005283976781832733,0.005283976781832733
4076,5,19,no,1,-0.005211931590258845,0.005211931590258845
4077,5,19,no,10,-0.048078602485339045,0.048078602485339045
3544,5,17,no,1,-0.0034016150240174237,0.0034016150240174237
1270,3,8,no,6,-0.03700675680157095,0.03700675680157095
3545,5,17,yes,5,-0.016015735866862724,0.016015735866862724
5459,5,20,no,3,-0.020661541908964964,0.020661541908964964
3546,5,17,no,2,-0.005957477552879564,0.005957477552879564
2443,3,10,no,1,0.0011487455855182516,0.0011487455855182516
5460,5,20,yes,1,0.00690396986339592,0.00690396986339592
6259,5,21,yes,3,-0.007771070985906209,0.007771070985906209
3547,5,17,yes,1,0.0029474764738244563,0.0029474764738244563
5461,5,20,no,1,-0.00690396986339592,0.00690396986339592
3548,5,17,no,1,-0.0029474764738244563,0.0029474764738244563
3549,5,17,yes,1,0.0029474764738244563,0.0029474764738244563
5462,5,20,yes,1,-0.006917278298890772,0.006917278298890772
595,3,7,yes,1,0.005283976781832678,0.005283976781832678
4078,5,19,no,12,-0.04800004986444567,0.04800004986444567
5463,5,20,yes,1,0.006917278298890772,0.006917278298890772
4079,5,19,no,1,0.003607097447810126,0.003607097447810126
1271,3,8,no,4,-0.02573488866189011,0.02573488866189011
2858,3,11,no,1,0.0067987210476098126,0.0067987210476098126
2859,3,11,no,1,-0.0067987210476098126,0.0067987210476098126
2444,3,10,no,5,0.005324364786813529,0.005324364786813529
4080,5,19,no,2,0.007424062124434944,0.007424062124434944
3550,5,17,yes,1,-0.0029474764738244563,0.0029474764738244563
4081,5,19,yes,9,0.0369688902922006,0.0369688902922006
4082,5,19,yes,8,0.037872829690169973,0.037872829690169973
4083,5,19,yes,3,0.015417704385427916,0.015417704385427916
4084,5,19,no,14,-0.06627065063616963,0.06627065063616963
4085,5,19,no,1,0.004252962151704648,0.004252962151704648
3551,5,17,yes,12,0.03966618285879761,0.03966618285879761
4086,5,19,no,5,-0.020534125601019637,0.020534125601019637
4087,5,19,no,1,0.003961402534739644,0.003961402534739644
1272,3,8,yes,18,-0.1224593312018546,0.1224593312018546
3552,5,17,no,5,-0.017692969439055323,0.017692969439055323
6260,5,21,yes,1,0.002533534559738787,0.002533534559738787
1273,3,8,yes,4,0.02774923505451321,0.02774923505451321
1991,3,9,yes,1,0.0058976716028927845,0.0058976716028927845
1274,3,8,yes,1,0.006917278298890772,0.006917278298890772
5464,5,20,no,7,-0.04855183109940886,0.04855183109940886
3553,5,17,no,9,-0.02768390963763112,0.02768390963763112
3554,5,17,no,13,-0.03158164864890353,0.03158164864890353
3555,5,17,yes,1,0.0021133306609868174,0.0021133306609868174
596,3,7,no,1,-0.005283976781832678,0.005283976781832678
3556,5,17,yes,10,0.023997653527107185,0.023997653527107185
5465,5,20,no,5,0.03470660311874785,0.03470660311874785
1275,3,8,yes,2,0.013792014619873005,0.013792014619873005
5466,5,20,yes,5,0.03450676988962598,0.03450676988962598
5467,5,20,yes,1,0.0068484456234291224,0.0068484456234291224
4088,5,19,yes,4,0.016572723066279993,0.016572723066279993
6261,5,21,no,4,0.010708200886976951,0.010708200886976951
4089,5,19,no,1,-0.004252962151704648,0.004252962151704648
4090,5,19,no,1,0.004252962151704648,0.004252962151704648
1276,3,8,yes,1,0.006869527289091959,0.006869527289091959
3557,5,17,no,1,0.0027057566289490215,0.0027057566289490215
1277,3,8,yes,10,0.06713127593948565,0.06713127593948565
2860,3,11,no,10,0.06642222669017017,0.06642222669017017
4091,5,19,yes,3,0.013201732714363867,0.013201732714363867
6262,5,21,no,1,-0.002764907831860508,0.002764907831860508
3558,5,17,no,1,-0.0027057566289490215,0.0027057566289490215
5468,5,20,yes,10,0.0667881640641752,0.0667881640641752
5469,5,20,yes,4,-0.02627932697148161,0.02627932697148161
2861,3,11,yes,1,-0.0064588943083874195,0.0064588943083874195
3559,5,17,yes,9,0.026552034122274734,0.026552034122274734
5470,5,20,no,11,0.0704108397437404,0.0704108397437404
2862,3,11,no,1,-0.00650533374811868,0.00650533374811868
5471,5,20,yes,1,-0.00614129254867346,0.00614129254867346
1278,3,8,yes,1,0.00650533374811868,0.00650533374811868
2863,3,11,yes,1,-0.006549739658341158,0.006549739658341158
5472,5,20,no,3,-0.018760665309813906,0.018760665309813906
2864,3,11,no,3,-0.019894398216996678,0.019894398216996678
5473,5,20,no,1,-0.006360174775013605,0.006360174775013605
5474,5,20,no,1,-0.006410485830370405,0.006410485830370405
5475,5,20,no,7,-0.046114183166934164,0.046114183166934164
4092,5,19,no,1,-0.004474578305496774,0.004474578305496774
4093,5,19,yes,15,0.07485258918734591,0.07485258918734591
3769,5,18,yes,1,0.0010110847812301663,0.0010110847812301663
4094,5,19,no,1,-0.005496366471083369,0.005496366471083369
1992,3,9,no,12,0.0654826876906901,0.0654826876906901
3560,5,17,no,1,-0.003202385934887142,0.003202385934887142
3561,5,17,yes,1,-0.003137471938287534,0.003137471938287534
4095,5,19,yes,14,-0.06935622271626254,0.06935622271626254
1993,3,9,no,1,-0.005066392393269226,0.005066392393269226
3562,5,17,yes,1,0.003137471938287534,0.003137471938287534
1994,3,9,no,2,-0.010351311992158774,0.010351311992158774
1995,3,9,no,1,-0.005283976781832678,0.005283976781832678
4096,5,19,yes,2,0.009023328672312397,0.009023328672312397
1996,3,9,no,1,-0.00535544554716183,0.00535544554716183
4097,5,19,no,2,0.009320205058470116,0.009320205058470116
6263,5,21,yes,1,0.002764907831860508,0.002764907831860508
3563,5,17,no,2,-0.006210809955809665,0.006210809955809665
1279,3,8,no,2,0.012869380138757824,0.012869380138757824
5476,5,20,no,1,-0.0067391696291118075,0.0067391696291118075
6264,5,21,no,1,-0.002764907831860508,0.002764907831860508
5477,5,20,yes,1,0.0067391696291118075,0.0067391696291118075
4098,5,19,no,16,-0.06634358359522818,0.06634358359522818
5478,5,20,yes,4,-0.02713287520562846,0.02713287520562846
4099,5,19,yes,1,0.003607097447810126,0.003607097447810126
4100,5,19,yes,5,0.019093074941488458,0.019093074941488458
1997,3,9,no,12,-0.06952995976811638,0.06952995976811638
3564,5,17,no,8,-0.02237637465774535,0.02237637465774535
3565,5,17,yes,1,0.0025900635645267206,0.0025900635645267206
1998,3,9,yes,3,0.018246091491757044,0.018246091491757044
1280,3,8,yes,5,0.03126213263350097,0.03126213263350097
5479,5,20,no,8,-0.05523250293753734,0.05523250293753734
1999,3,9,yes,1,0.005960635697198957,0.005960635697198957
2000,3,9,yes,1,0.0058976716028927845,0.0058976716028927845
5480,5,20,yes,3,0.020805237106252483,0.020805237106252483
2001,3,9,no,1,0.005833461048261657,0.005833461048261657
6265,5,21,yes,7,-0.01774712345006839,0.01774712345006839
5481,5,20,yes,1,0.006917278298890772,0.006917278298890772
3566,5,17,yes,7,0.019786311093218628,0.019786311093218628
5482,5,20,yes,13,-0.08999456861577299,0.08999456861577299
5483,5,20,yes,4,0.027578820207855848,0.027578820207855848
5484,5,20,no,1,0.00692794968177024,0.00692794968177024
5485,5,20,yes,1,0.006935967626738038,0.006935967626738038
6266,5,21,yes,1,-0.002316298248714571,0.002316298248714571
1281,3,8,no,1,-0.00614129254867346,0.00614129254867346
5486,5,20,yes,1,0.006941319797744205,0.006941319797744205
5487,5,20,yes,10,0.06912049883405874,0.06912049883405874
6267,5,21,no,5,0.012120128643666517,0.012120128643666517
4101,5,19,yes,2,0.008140202627770848,0.008140202627770848
5488,5,20,no,11,-0.07606181863180295,0.07606181863180295
5489,5,20,no,1,0.006941319797744205,0.006941319797744205
4102,5,19,no,4,-0.015991116252097565,0.015991116252097565
5490,5,20,yes,1,0.006943997948260672,0.006943997948260672
597,3,7,yes,1,0.005283976781832678,0.005283976781832678
5491,5,20,yes,1,0.006943997948260727,0.006943997948260727
5492,5,20,yes,6,0.04151453002501626,0.04151453002501626
5493,5,20,yes,6,0.04085084811814954,0.04085084811814954
3567,5,17,no,7,-0.019786311093218628,0.019786311093218628
2865,3,11,no,1,-0.006705817235090228,0.006705817235090228
3568,5,17,no,10,-0.0234635113264533,0.0234635113264533
3569,5,17,no,1,-0.0020648105407109485,0.0020648105407109485
2866,3,11,no,1,-0.0067391696291118075,0.0067391696291118075
598,3,7,no,1,-0.005283976781832678,0.005283976781832678
4103,5,19,no,1,0.003889511089587072,0.003889511089587072
3570,5,17,no,1,-0.002017172974494344,0.002017172974494344
5494,5,20,no,1,-0.0067391696291118075,0.0067391696291118075
4104,5,19,yes,1,0.003961402534739644,0.003961402534739644
6268,5,21,yes,3,-0.007434560018142258,0.007434560018142258
2002,3,9,yes,1,0.0057680800157665635,0.0057680800157665635
1282,3,8,no,1,0.00614129254867346,0.00614129254867346
4105,5,19,yes,12,0.05326029601423066,0.05326029601423066
3571,5,17,no,5,-0.009401851136527778,0.009401851136527778
6269,5,21,no,1,-0.0023692703768096873,0.0023692703768096873
2867,3,11,yes,1,0.0067391696291118075,0.0067391696291118075
5495,5,20,yes,20,-0.13789826172468372,0.13789826172468372
5496,5,20,yes,4,-0.027242151199945663,0.027242151199945663
3572,5,17,no,1,-0.0017495943155862448,0.0017495943155862448
5497,5,20,no,17,0.11723671981571865,0.11723671981571865
5498,5,20,no,1,-0.006917278298890772,0.006917278298890772
6270,5,21,yes,6,-0.013134427907685584,0.013134427907685584
6271,5,21,yes,1,-0.002017172974494344,0.002017172974494344
4106,5,19,no,6,-0.02796041853908357,0.02796041853908357
6272,5,21,yes,1,0.002017172974494344,0.002017172974494344
4107,5,19,no,7,0.03287979430239163,0.03287979430239163
5499,5,20,yes,1,0.006917278298890772,0.006917278298890772
4108,5,19,yes,14,0.07637339468136115,0.07637339468136115
2868,3,11,yes,6,0.039655288858546744,0.039655288858546744
2869,3,11,yes,1,-0.00650533374811868,0.00650533374811868
3573,5,17,yes,1,0.0017495943155862448,0.0017495943155862448
4109,5,19,no,7,-0.03989696626749023,0.03989696626749023
5500,5,20,no,1,-0.006917278298890772,0.006917278298890772
4110,5,19,yes,4,0.022397753600569337,0.022397753600569337
6273,5,21,yes,3,0.0063408781833199784,0.0063408781833199784
5501,5,20,no,1,0.006917278298890772,0.006917278298890772
4111,5,19,yes,1,-0.005701604461620324,0.005701604461620324
3574,5,17,yes,14,0.02934585734720721,0.02934585734720721
4112,5,19,no,1,-0.005634110153561633,0.005634110153561633
3575,5,17,no,9,-0.019944006210679432,0.019944006210679432
4113,5,19,yes,5,-0.027127727626052034,0.027127727626052034
2870,3,11,no,1,-0.006549739658341158,0.006549739658341158
5502,5,20,no,5,-0.03466651335340398,0.03466651335340398
4114,5,19,no,1,-0.005211931590258845,0.005211931590258845
3576,5,17,no,6,-0.011151445452114023,0.011151445452114023
3577,5,17,yes,1,0.0017495943155862448,0.0017495943155862448
3578,5,17,no,1,0.0017920493269606846,0.0017920493269606846
4115,5,19,yes,2,0.010495908372091578,0.010495908372091578
5503,5,20,yes,2,0.013885317746004877,0.013885317746004877
5504,5,20,no,1,0.006935967626738093,0.006935967626738093
1283,3,8,yes,1,-0.00614129254867346,0.00614129254867346
4116,5,19,no,1,-0.005283976781832733,0.005283976781832733
5505,5,20,no,9,0.06174892108957175,0.06174892108957175
4117,5,19,no,4,0.021562055111748024,0.021562055111748024
1284,3,8,yes,6,0.03593785984011044,0.03593785984011044
4118,5,19,no,1,-0.005496366471083369,0.005496366471083369
1285,3,8,no,1,-0.005833461048261657,0.005833461048261657
4119,5,19,yes,1,0.005496366471083369,0.005496366471083369
4120,5,19,no,1,-0.005496366471083369,0.005496366471083369
1286,3,8,no,1,-0.0058976716028927845,0.0058976716028927845
4121,5,19,no,1,-0.005426266311670036,0.005426266311670036
3579,5,17,yes,1,0.0018353517880112385,0.0018353517880112385
3580,5,17,yes,1,0.0018795089279034921,0.0018795089279034921
3581,5,17,yes,4,0.007976924608857655,0.007976924608857655
4122,5,19,yes,1,0.005426266311670036,0.005426266311670036
1287,3,8,no,1,0.0058976716028927845,0.0058976716028927845
5506,5,20,yes,4,-0.027242151199945774,0.027242151199945774
1288,3,8,yes,9,-0.0552252388766763,0.0552252388766763
5507,5,20,yes,1,0.0068484456234291224,0.0068484456234291224
5508,5,20,no,9,-0.06217650088579807,0.06217650088579807
599,3,7,yes,1,0.005283976781832678,0.005283976781832678
5509,5,20,no,2,0.013885317746004877,0.013885317746004877
6274,5,21,yes,5,-0.010328464776690652,0.010328464776690652
4123,5,19,no,2,0.011062038985387379,0.011062038985387379
4124,5,19,no,1,-0.00556567251430401,0.00556567251430401
6275,5,21,yes,1,-0.0019245274747760333,0.0019245274747760333
3582,5,17,yes,1,0.0021133306609868174,0.0021133306609868174
5510,5,20,no,2,0.013863917308508333,0.013863917308508333
2003,3,9,yes,1,0.005701604461620269,0.005701604461620269
2004,3,9,no,1,0.005634110153561744,0.005634110153561744
1289,3,8,yes,1,0.006360174775013605,0.006360174775013605
6276,5,21,yes,3,0.005912114068146707,0.005912114068146707
6277,5,21,no,1,-0.002017172974494344,0.002017172974494344
4125,5,19,yes,10,-0.05173764901576963,0.05173764901576963
1290,3,8,yes,1,0.006308029388134018,0.006308029388134018
5511,5,20,no,5,0.03442726583128486,0.03442726583128486
4126,5,19,yes,12,0.06293743168363528,0.06293743168363528
4127,5,19,no,5,-0.027477860997780934,0.027477860997780934
2871,3,11,yes,2,0.013055073406459838,0.013055073406459838
6278,5,21,no,1,-0.0019704136188763294,0.0019704136188763294
4128,5,19,no,8,0.044781006523429534,0.044781006523429534
1291,3,8,yes,1,-0.006308029388134018,0.006308029388134018
4129,5,19,no,1,-0.005833461048261823,0.005833461048261823
2872,3,11,no,1,-0.00650533374811868,0.00650533374811868
4130,5,19,no,10,-0.054582834249159246,0.054582834249159246
3583,5,17,no,1,-0.0021133306609868174,0.0021133306609868174
6279,5,21,yes,1,-0.0019245274747760333,0.0019245274747760333
5512,5,20,no,1,-0.0068484456234291224,0.0068484456234291224
4131,5,19,yes,2,0.010351311992158801,0.010351311992158801
4132,5,19,no,1,-0.005211931590258845,0.005211931590258845
4133,5,19,no,13,-0.061058719045910786,0.061058719045910786
3584,5,17,yes,1,0.0021133306609868174,0.0021133306609868174
4134,5,19,no,2,-0.008286025985468348,0.008286025985468348
3585,5,17,yes,1,0.0021627369816222125,0.0021627369816222125
4135,5,19,yes,3,0.012538988137172996,0.012538988137172996
2873,3,11,no,1,0.00650533374811868,0.00650533374811868
3586,5,17,yes,14,0.03596375369800779,0.03596375369800779
4136,5,19,no,1,0.004326632768974686,0.004326632768974686
5513,5,20,no,3,-0.020661541908964964,0.020661541908964964
2005,3,9,yes,15,-0.09103187469464435,0.09103187469464435
4137,5,19,yes,1,0.004400521639892407,0.004400521639892407
2006,3,9,yes,14,0.08539776454108261,0.08539776454108261
5514,5,20,no,3,-0.020781195607399106,0.020781195607399106
4138,5,19,yes,1,0.004474578305496774,0.004474578305496774
1292,3,8,no,1,0.006308029388134018,0.006308029388134018
5515,5,20,no,1,-0.00694131979774415,0.00694131979774415
5516,5,20,no,1,-0.006943997948260727,0.006943997948260727
6280,5,21,no,11,0.023838947304331795,0.023838947304331795
5517,5,20,yes,1,0.006943997948260727,0.006943997948260727
2874,3,11,no,1,-0.00650533374811868,0.00650533374811868
4139,5,19,yes,4,0.018640361866079508,0.018640361866079508
3770,5,18,yes,1,0.0010373521350486442,0.0010373521350486442
5518,5,20,no,11,0.075626208514054,0.075626208514054
2007,3,9,no,1,0.005634110153561744,0.005634110153561744
5519,5,20,no,9,-0.06174892108957175,0.06174892108957175
5520,5,20,no,1,-0.006935967626738093,0.006935967626738093
4140,5,19,no,4,0.019824281911862807,0.019824281911862807
1293,3,8,no,1,-0.006308029388134018,0.006308029388134018
6281,5,21,yes,3,0.007601488630979161,0.007601488630979161
4141,5,19,yes,1,0.005139380401899957,0.005139380401899957
4142,5,19,no,12,-0.05680575689420614,0.05680575689420614
5521,5,20,yes,1,0.006935967626738093,0.006935967626738093
3587,5,17,no,1,-0.0029474764738244563,0.0029474764738244563
4143,5,19,yes,3,0.013201732714363867,0.013201732714363867
5522,5,20,yes,1,0.00692794968177024,0.00692794968177024
2875,3,11,no,1,0.00650533374811868,0.00650533374811868
5523,5,20,yes,1,0.006917278298890772,0.006917278298890772
5524,5,20,no,1,-0.006917278298890772,0.006917278298890772
6282,5,21,yes,6,-0.014710192208193237,0.014710192208193237
4144,5,19,no,1,-0.004474578305496774,0.004474578305496774
5525,5,20,no,2,-0.013863917308508333,0.013863917308508333
3588,5,17,no,12,-0.03080324481505914,0.03080324481505914
4145,5,19,yes,2,0.009023328672312397,0.009023328672312397
2876,3,11,no,3,-0.0196471231064127,0.0196471231064127
4146,5,19,yes,14,0.07139493302933753,0.07139493302933753
4147,5,19,no,1,-0.00556567251430401,0.00556567251430401
4148,5,19,no,1,-0.005496366471083369,0.005496366471083369
3589,5,17,no,1,0.0022642190665268375,0.0022642190665268375
4149,5,19,no,2,-0.010781711858831922,0.010781711858831922
5526,5,20,yes,1,0.006935967626738093,0.006935967626738093
4150,5,19,yes,3,0.01627807832991529,0.01627807832991529
5527,5,20,no,1,0.00692794968177024,0.00692794968177024
6283,5,21,yes,4,-0.008753319118260064,0.008753319118260064
4151,5,19,yes,14,-0.07037801088184914,0.07037801088184914
4152,5,19,no,2,0.009171733878297755,0.009171733878297755
6284,5,21,yes,1,0.0021133306609868174,0.0021133306609868174
3590,5,17,yes,1,0.002316298248714571,0.002316298248714571
5528,5,20,yes,6,0.04125209751367731,0.04125209751367731
6285,5,21,no,1,0.0021627369816222125,0.0021627369816222125
1294,3,8,yes,1,-0.006360174775013605,0.006360174775013605
5529,5,20,yes,1,-0.0068248316823924515,0.0068248316823924515
1295,3,8,no,14,0.08372816707019037,0.08372816707019037
3591,5,17,yes,4,0.009803830394951946,0.009803830394951946
3771,5,18,yes,1,0.0010642405575949643,0.0010642405575949643
1296,3,8,no,1,-0.005565672514303843,0.005565672514303843
5530,5,20,no,1,-0.0068484456234291224,0.0068484456234291224
2877,3,11,no,4,-0.02674733538124585,0.02674733538124585
5531,5,20,no,5,-0.03450676988962598,0.03450676988962598
6286,5,21,yes,1,0.0022130324091241965,0.0022130324091241965
3592,5,17,no,5,-0.012120128643666517,0.012120128643666517
1297,3,8,no,1,-0.005634110153561744,0.005634110153561744
1298,3,8,no,1,-0.005701604461620269,0.005701604461620269
1299,3,8,no,1,-0.0057680800157665635,0.0057680800157665635
2878,3,11,yes,1,0.0067391696291118075,0.0067391696291118075
4153,5,19,no,7,-0.030805987031170767,0.030805987031170767
4154,5,19,yes,14,0.06523827733271528,0.06523827733271528
1300,3,8,no,1,-0.005833461048261657,0.005833461048261657
3593,5,17,yes,12,0.03148650222235676,0.03148650222235676
3594,5,17,no,1,-0.0029474764738244563,0.0029474764738244563
2879,3,11,yes,1,0.006705817235090228,0.006705817235090228
5532,5,20,yes,1,-0.006935967626738093,0.006935967626738093
1301,3,8,no,1,-0.0058976716028927845,0.0058976716028927845
5533,5,20,no,1,-0.00694131979774415,0.00694131979774415
4155,5,19,yes,3,0.015851353919253464,0.015851353919253464
4156,5,19,no,11,-0.05490662773228011,0.05490662773228011
5534,5,20,no,1,-0.006943997948260727,0.006943997948260727
3595,5,17,no,2,-0.005710696217888833,0.005710696217888833
4157,5,19,yes,2,0.009320205058470116,0.009320205058470116
6287,5,21,yes,4,-0.008553910592444175,0.008553910592444175
1302,3,8,yes,1,-0.005960635697198957,0.005960635697198957
4158,5,19,yes,5,0.024595688352656575,0.024595688352656575
5535,5,20,no,1,-0.006943997948260672,0.006943997948260672
3596,5,17,no,1,-0.002764907831860508,0.002764907831860508
4159,5,19,no,7,0.037479039618210835,0.037479039618210835
3597,5,17,no,6,-0.015377853073258702,0.015377853073258702
4160,5,19,yes,11,-0.05730332153007364,0.05730332153007364
5536,5,20,no,1,0.006943997948260672,0.006943997948260672
4161,5,19,yes,1,0.004845478367507289,0.004845478367507289
5537,5,20,yes,7,-0.04845852797327688,0.04845852797327688
3772,5,18,yes,16,0.02123517396548001,0.02123517396548001
1303,3,8,no,1,-0.006022277489922678,0.006022277489922678
3598,5,17,no,11,-0.02329532128054547,0.02329532128054547
5538,5,20,yes,15,0.10378658323564582,0.10378658323564582
3599,5,17,yes,11,0.02329532128054547,0.02329532128054547
4162,5,19,yes,9,0.046892170648262343,0.046892170648262343
5539,5,20,no,1,-0.006869527289091959,0.006869527289091959
4163,5,19,no,1,-0.005496366471083369,0.005496366471083369
5540,5,20,no,10,-0.0692798133460199,0.0692798133460199
4164,5,19,no,1,-0.005426266311670036,0.005426266311670036
5541,5,20,yes,1,0.006935967626738038,0.006935967626738038
5542,5,20,yes,7,0.04855183109940886,0.04855183109940886
3600,5,17,yes,1,0.0024231349516898176,0.0024231349516898176
4165,5,19,no,1,-0.005355445547161886,0.005355445547161886
1304,3,8,no,4,0.023714045838276077,0.023714045838276077
4166,5,19,no,2,0.010781711858831922,0.010781711858831922
1305,3,8,yes,1,-0.005833461048261657,0.005833461048261657
3601,5,17,yes,1,0.0024778905067136536,0.0024778905067136536
2008,3,9,yes,1,-0.005634110153561744,0.005634110153561744
4167,5,19,no,2,-0.010781711858831922,0.010781711858831922
3602,5,17,yes,10,0.027983247235006267,0.027983247235006267
4168,5,19,no,1,0.005355445547161886,0.005355445547161886
5543,5,20,no,1,-0.006917278298890772,0.006917278298890772
1306,3,8,no,3,-0.01788058479001442,0.01788058479001442
4169,5,19,no,1,-0.005355445547161886,0.005355445547161886
6288,5,21,yes,9,0.020404723742898742,0.020404723742898742
3603,5,17,no,10,-0.027983247235006267,0.027983247235006267
4170,5,19,no,1,-0.005283976781832733,0.005283976781832733
600,3,7,no,1,0.0052119315902589,0.0052119315902589
1307,3,8,yes,1,0.006022277489922678,0.006022277489922678
5544,5,20,no,1,-0.00692794968177024,0.00692794968177024
5545,5,20,yes,5,0.03450676988962598,0.03450676988962598
6289,5,21,yes,6,-0.014063845559578764,0.014063845559578764
5546,5,20,no,1,-0.006869527289091959,0.006869527289091959
4171,5,19,yes,2,0.010639422328994619,0.010639422328994619
3604,5,17,yes,1,0.002533534559738787,0.002533534559738787
4172,5,19,no,1,0.005426266311670036,0.005426266311670036
3605,5,17,no,7,-0.01659738011931755,0.01659738011931755
5547,5,20,no,6,-0.04151453002501626,0.04151453002501626
3773,5,18,yes,1,0.001627234912458149,0.001627234912458149
3774,5,18,no,1,-0.001627234912458149,0.001627234912458149
5548,5,20,yes,2,0.013877287424482243,0.013877287424482243
4173,5,19,no,4,-0.0212776202309235,0.0212776202309235
4174,5,19,no,20,0.11691263960256765,0.11691263960256765
4175,5,19,no,5,0.03273822127986903,0.03273822127986903
4176,5,19,no,1,-0.006632203865068964,0.006632203865068964
4177,5,19,no,10,-0.06377863587867139,0.06377863587867139
4178,5,19,yes,1,-0.006082521453160961,0.006082521453160961
6290,5,21,yes,4,0.009162820101175292,0.009162820101175292
4179,5,19,yes,1,-0.006022277489922567,0.006022277489922567
4180,5,19,no,1,-0.005960635697199068,0.005960635697199068
4181,5,19,yes,3,0.018065434640282596,0.018065434640282596
4182,5,19,yes,6,-0.03556464730720349,0.03556464730720349
3606,5,17,no,1,-0.0021627369816222125,0.0021627369816222125
4183,5,19,yes,10,-0.05388114662666191,0.05388114662666191
4184,5,19,yes,12,-0.05503250453754621,0.05503250453754621
4185,5,19,yes,11,0.05003946914976787,0.05003946914976787
4186,5,19,yes,20,0.1130327577919972,0.1130327577919972
4187,5,19,no,11,-0.06549429039273891,0.06549429039273891
6291,5,21,yes,4,0.010024623582668979,0.010024623582668979
6292,5,21,yes,18,0.057242219879753475,0.057242219879753475
6293,5,21,no,1,-0.003747203480616801,0.003747203480616801
4188,5,19,yes,1,-0.00556567251430401,0.00556567251430401
4189,5,19,no,9,0.05246603443668946,0.05246603443668946
6294,5,21,no,1,-0.0036768586438181428,0.0036768586438181428
6295,5,21,yes,8,-0.026958508644577772,0.026958508644577772
4190,5,19,yes,6,-0.03556464730720349,0.03556464730720349
3607,5,17,no,12,-0.02234916903282875,0.02234916903282875
4191,5,19,yes,4,-0.022397753600569337,0.022397753600569337
3608,5,17,no,1,-0.001588088609475631,0.001588088609475631
6296,5,21,no,14,-0.037569841318934,0.037569841318934
5549,5,20,no,1,-0.006935967626738093,0.006935967626738093
3609,5,17,yes,11,0.019759116440606614,0.019759116440606614
4192,5,19,yes,5,0.02816583361633579,0.02816583361633579
2880,3,11,yes,1,0.0066701446519749075,0.0066701446519749075
2009,3,9,no,8,0.043113149771772385,0.043113149771772385
4193,5,19,no,1,-0.0057680800157664525,0.0057680800157664525
1308,3,8,yes,6,0.034795562979301975,0.034795562979301975
1309,3,8,yes,1,-0.005634110153561744,0.005634110153561744
4194,5,19,yes,1,-0.005701604461620324,0.005701604461620324
5550,5,20,yes,1,-0.00694131979774415,0.00694131979774415
2010,3,9,yes,1,-0.0051393804018998734,0.0051393804018998734
3775,5,18,no,1,-0.001588088609475631,0.001588088609475631
1310,3,8,no,8,0.043113149771772385,0.043113149771772385
1311,3,8,yes,1,-0.0051393804018998734,0.0051393804018998734
1312,3,8,no,1,-0.0052119315902589,0.0052119315902589
1313,3,8,no,1,-0.005283976781832678,0.005283976781832678
4195,5,19,no,1,-0.005634110153561633,0.005634110153561633
5551,5,20,yes,1,0.00694131979774415,0.00694131979774415
1314,3,8,yes,13,-0.07488540531527821,0.07488540531527821
4196,5,19,no,1,-0.00556567251430401,0.00556567251430401
3610,5,17,no,3,-0.005912114068146707,0.005912114068146707
5552,5,20,no,1,-0.00694131979774415,0.00694131979774415
4197,5,19,no,1,0.00556567251430401,0.00556567251430401
5553,5,20,no,2,0.013877287424482243,0.013877287424482243
4198,5,19,no,1,-0.00556567251430401,0.00556567251430401
3611,5,17,yes,12,0.02631683781104545,0.02631683781104545
2011,3,9,yes,1,0.0051393804018998734,0.0051393804018998734
2012,3,9,yes,9,-0.048814754233392654,0.048814754233392654
3776,5,18,no,1,-0.0015497472996397268,0.0015497472996397268
601,3,7,no,1,0.0051393804018998734,0.0051393804018998734
3612,5,17,no,8,-0.018339913202187794,0.018339913202187794
3613,5,17,no,8,-0.015233428967319315,0.015233428967319315
4199,5,19,yes,8,-0.041972794884954284,0.041972794884954284
4200,5,19,no,15,0.08233403037856021,0.08233403037856021
3614,5,17,yes,1,0.0017495943155862448,0.0017495943155862448
4201,5,19,no,9,-0.051283868276359335,0.051283868276359335
4202,5,19,yes,17,0.10106128568331418,0.10106128568331418
5554,5,20,yes,1,-0.006935967626738093,0.006935967626738093
4203,5,19,yes,20,0.13542355925836075,0.13542355925836075
4204,5,19,no,20,0.1354235592583607,0.1354235592583607
4205,5,19,no,1,0.006410485830370405,0.006410485830370405
6297,5,21,yes,4,0.00958659408392773,0.00958659408392773
3777,5,18,no,8,-0.011111029696801104,0.011111029696801104
3615,5,17,no,10,-0.015721176420701873,0.015721176420701873
3778,5,18,no,12,-0.012980677511355614,0.012980677511355614
3616,5,17,no,1,-0.0013697729675739914,0.0013697729675739914
4206,5,19,no,5,-0.032516503245170525,0.032516503245170525
6298,5,21,yes,13,0.037591166607422746,0.037591166607422746
4207,5,19,no,17,-0.11626153979182124,0.11626153979182124
4208,5,19,no,14,-0.09574134003023105,0.09574134003023105
4209,5,19,no,2,-0.01322425356502166,0.01322425356502166
3617,5,17,yes,1,0.0013697729675739914,0.0013697729675739914
3618,5,17,yes,16,0.027140200531723994,0.027140200531723994
1315,3,8,no,1,-0.0061985164077413835,0.0061985164077413835
5555,5,20,yes,15,0.10202427379750856,0.10202427379750856
5556,5,20,no,2,-0.01322425356502177,0.01322425356502177
4210,5,19,yes,16,0.10896559359525271,0.10896559359525271
3619,5,17,no,1,-0.002017172974494344,0.002017172974494344
4211,5,19,yes,17,-0.11551533325359387,0.11551533325359387
5557,5,20,no,1,-0.0066701446519749075,0.0066701446519749075
6299,5,21,no,2,-0.006470447434128945,0.006470447434128945
4212,5,19,no,1,0.006549739658341158,0.006549739658341158
6300,5,21,no,1,-0.003137471938287534,0.003137471938287534
5558,5,20,no,1,-0.006705817235090228,0.006705817235090228
2013,3,9,no,1,-0.0057680800157665635,0.0057680800157665635
5559,5,20,yes,1,-0.0067391696291118075,0.0067391696291118075
1316,3,8,no,1,-0.006254119513938505,0.006254119513938505
3620,5,17,no,1,-0.0019704136188763294,0.0019704136188763294
4213,5,19,yes,1,0.006592049699952696,0.006592049699952696
4214,5,19,no,1,-0.006592049699952696,0.006592049699952696
4215,5,19,no,5,-0.03228462832023132,0.03228462832023132
4216,5,19,no,13,-0.07736799229517682,0.07736799229517682
3621,5,17,no,1,-0.0019245274747760333,0.0019245274747760333
5560,5,20,no,1,-0.006770152846514388,0.006770152846514388
1317,3,8,yes,2,0.012452635921679889,0.012452635921679889
4217,5,19,yes,4,0.02266946714525242,0.02266946714525242
3622,5,17,no,11,-0.01838439238885578,0.01838439238885578
3623,5,17,yes,1,0.0014754412634813557,0.0014754412634813557
4218,5,19,yes,1,0.005833461048261823,0.005833461048261823
6301,5,21,yes,1,-0.0030733380175221314,0.0030733380175221314
3624,5,17,no,12,-0.015493375226541359,0.015493375226541359
4219,5,19,no,2,0.011858307300091686,0.011858307300091686
6302,5,21,yes,7,0.022886798456692392,0.022886798456692392
6303,5,21,yes,8,-0.0258967995357475,0.0258967995357475
1318,3,8,no,1,-0.0061985164077413835,0.0061985164077413835
5561,5,20,no,6,-0.04113354026239635,0.04113354026239635
2881,3,11,no,16,0.10020740703517739,0.10020740703517739
3625,5,17,yes,1,0.0011199259363911113,0.0011199259363911113
4220,5,19,no,1,-0.005960635697199068,0.005960635697199068
3626,5,17,no,12,-0.011716281638989284,0.011716281638989284
4221,5,19,yes,20,0.12898511147671654,0.12898511147671654
4222,5,19,yes,4,0.027509987532394253,0.027509987532394253
5562,5,20,no,1,0.00690396986339592,0.00690396986339592
3627,5,17,yes,6,0.00540648965482882,0.00540648965482882
4223,5,19,yes,1,-0.006903969863395976,0.006903969863395976
2882,3,11,yes,1,-0.005833461048261657,0.005833461048261657
3628,5,17,yes,9,0.009845164713771878,0.009845164713771878
4224,5,19,yes,1,0.006903969863395976,0.006903969863395976
4225,5,19,no,1,-0.006903969863395976,0.006903969863395976
6304,5,21,yes,1,0.003010001079055108,0.003010001079055108
4226,5,19,no,10,-0.06774705862676084,0.06774705862676084
4227,5,19,no,1,-0.006592049699952696,0.006592049699952696
3629,5,17,no,1,0.0012392483170125188,0.0012392483170125188
2883,3,11,yes,6,0.0339992946645975,0.0339992946645975
4228,5,19,no,1,-0.006549739658341158,0.006549739658341158
2884,3,11,no,1,-0.005496366471083425,0.005496366471083425
3630,5,17,yes,1,0.0012708013868579435,0.0012708013868579435
4229,5,19,yes,1,-0.00650533374811868,0.00650533374811868
6305,5,21,yes,1,-0.003010001079055108,0.003010001079055108
2885,3,11,yes,1,-0.005565672514303843,0.005565672514303843
4230,5,19,no,1,-0.0064588943083875305,0.0064588943083875305
4231,5,19,no,1,-0.006410485830370238,0.006410485830370238
2886,3,11,no,1,-0.005634110153561744,0.005634110153561744
4232,5,19,yes,1,0.006410485830370238,0.006410485830370238
2887,3,11,no,4,-0.023200817128541273,0.023200817128541273
2888,3,11,no,1,-0.005960635697198957,0.005960635697198957
4233,5,19,no,1,0.0064588943083875305,0.0064588943083875305
2889,3,11,yes,13,-0.08251563868682399,0.08251563868682399
2890,3,11,yes,1,0.006632203865068909,0.006632203865068909
1319,3,8,yes,3,0.01842233040957575,0.01842233040957575
6306,5,21,no,1,0.003010001079055108,0.003010001079055108
4234,5,19,no,1,-0.0064588943083875305,0.0064588943083875305
3631,5,17,yes,1,0.0013030658355085226,0.0013030658355085226
4235,5,19,yes,1,-0.006410485830370238,0.006410485830370238
1320,3,8,no,1,0.006022277489922678,0.006022277489922678
2891,3,11,yes,1,0.006592049699952862,0.006592049699952862
5563,5,20,yes,1,-0.00690396986339592,0.00690396986339592
5564,5,20,no,1,-0.006917278298890772,0.006917278298890772
602,3,7,no,2,-0.010351311992158774,0.010351311992158774
3632,5,17,yes,1,0.0013360527153829932,0.0013360527153829932
3633,5,17,no,8,-0.009804466920764504,0.009804466920764504
3634,5,17,yes,6,0.007165348369872988,0.007165348369872988
4236,5,19,yes,1,-0.006360174775013716,0.006360174775013716
4237,5,19,no,4,-0.024901957858487367,0.024901957858487367
1321,3,8,yes,1,0.005960635697198957,0.005960635697198957
3635,5,17,yes,3,0.004008891518465507,0.004008891518465507
4238,5,19,yes,5,0.03126213263350108,0.03126213263350108
4239,5,19,yes,5,-0.03126213263350108,0.03126213263350108
2014,3,9,yes,1,0.0057680800157665635,0.0057680800157665635
4240,5,19,yes,2,0.0123398089564149,0.0123398089564149
3636,5,17,no,11,-0.013330241822481964,0.013330241822481964
4241,5,19,no,15,-0.08636789850485238,0.08636789850485238
603,3,7,yes,5,0.02533011553651443,0.02533011553651443
604,3,7,yes,1,-0.0049193757633081425,0.0049193757633081425
3637,5,17,yes,5,0.005602905118569437,0.005602905118569437
4242,5,19,yes,4,0.021562055111748024,0.021562055111748024
4243,5,19,yes,2,0.011199782667865643,0.011199782667865643
3638,5,17,no,1,-0.0011782316625165642,0.0011782316625165642
4244,5,19,yes,20,0.12505305339962935,0.12505305339962935
4245,5,19,yes,2,0.01350932247562614,0.01350932247562614
6307,5,21,no,1,-0.003010001079055108,0.003010001079055108
4246,5,19,no,1,-0.006770152846514277,0.006770152846514277
2892,3,11,no,2,0.013055073406459838,0.013055073406459838
4247,5,19,no,10,-0.06562401340143004,0.06562401340143004
5565,5,20,no,1,-0.00692794968177024,0.00692794968177024
5566,5,20,no,7,-0.048570520427256125,0.048570520427256125
5567,5,20,no,1,0.00692794968177024,0.00692794968177024
4248,5,19,no,1,-0.006308029388133907,0.006308029388133907
1322,3,8,yes,2,0.011731132651154441,0.011731132651154441
3639,5,17,yes,1,0.0011782316625165642,0.0011782316625165642
5568,5,20,yes,1,0.006935967626738038,0.006935967626738038
4249,5,19,no,10,-0.059860180239177274,0.059860180239177274
3640,5,17,yes,11,0.015108420795029907,0.015108420795029907
4250,5,19,no,8,0.047407544317497274,0.047407544317497274
1323,3,8,no,5,0.028165833616335845,0.028165833616335845
1324,3,8,no,1,0.0054262663116700915,0.0054262663116700915
1325,3,8,yes,1,0.00535544554716183,0.00535544554716183
5569,5,20,yes,1,0.006941319797744205,0.006941319797744205
2015,3,9,no,1,-0.0057680800157665635,0.0057680800157665635
1326,3,8,yes,4,-0.02184375084421919,0.02184375084421919
2016,3,9,no,1,-0.005833461048261657,0.005833461048261657
3641,5,17,no,1,-0.0015497472996397268,0.0015497472996397268
1327,3,8,yes,2,0.011062038985387268,0.011062038985387268
4251,5,19,yes,13,0.08438467871124394,0.08438467871124394
1328,3,8,no,1,-0.005496366471083425,0.005496366471083425
4252,5,19,yes,7,-0.04639445848765855,0.04639445848765855
2893,3,11,no,1,-0.00650533374811868,0.00650533374811868
5570,5,20,no,5,-0.034626485268539176,0.034626485268539176
3642,5,17,no,11,-0.014736905157906745,0.014736905157906745
3643,5,17,no,3,0.0036258754611056404,0.0036258754611056404
2017,3,9,no,1,0.005833461048261657,0.005833461048261657
3644,5,17,yes,1,0.0012708013868579435,0.0012708013868579435
5571,5,20,yes,1,0.006903969863395976,0.006903969863395976
5572,5,20,no,1,0.006917278298890717,0.006917278298890717
5573,5,20,yes,8,0.055498470109026365,0.055498470109026365
6308,5,21,yes,11,-0.029170203973642186,0.029170203973642186
6309,5,21,yes,1,-0.002316298248714571,0.002316298248714571
4253,5,19,yes,2,0.013055073406459838,0.013055073406459838
4254,5,19,yes,1,-0.006549739658341158,0.006549739658341158
3645,5,17,yes,8,0.011389975609582888,0.011389975609582888
3646,5,17,no,9,-0.012660776996440831,0.012660776996440831
4255,5,19,no,3,-0.01937471388687645,0.01937471388687645
4256,5,19,yes,1,-0.006360174775013716,0.006360174775013716
4257,5,19,no,1,-0.006308029388133907,0.006308029388133907
3647,5,17,no,13,-0.013892678254371675,0.013892678254371675
4258,5,19,no,1,0.006308029388133907,0.006308029388133907
1329,3,8,no,1,-0.005565672514303843,0.005565672514303843
2894,3,11,yes,1,0.00650533374811868,0.00650533374811868
2018,3,9,yes,1,-0.005833461048261657,0.005833461048261657
1330,3,8,no,7,-0.04081784046922465,0.04081784046922465
3648,5,17,yes,12,0.012653429937359156,0.012653429937359156
2895,3,11,no,2,0.012869380138757824,0.012869380138757824
4259,5,19,no,12,-0.07180231978087281,0.07180231978087281
6310,5,21,yes,1,0.002316298248714571,0.002316298248714571
5574,5,20,no,1,-0.00692794968177024,0.00692794968177024
1331,3,8,no,8,0.046383512983528496,0.046383512983528496
4260,5,19,yes,5,-0.027127727626052034,0.027127727626052034
4261,5,19,no,1,0.005283976781832733,0.005283976781832733
4262,5,19,yes,1,0.005355445547161886,0.005355445547161886
4263,5,19,no,1,0.005426266311670036,0.005426266311670036
2896,3,11,no,17,0.10000624540010572,0.10000624540010572
2897,3,11,no,5,-0.027477860997780934,0.027477860997780934
5575,5,20,yes,2,-0.013877287424482243,0.013877287424482243
1332,3,8,yes,3,0.016278078329915346,0.016278078329915346
1333,3,8,no,4,-0.02184375084421919,0.02184375084421919
2898,3,11,no,2,-0.011469684477386832,0.011469684477386832
5576,5,20,yes,1,0.00694131979774415,0.00694131979774415
6311,5,21,no,1,-0.002316298248714571,0.002316298248714571
2899,3,11,no,1,-0.005833461048261657,0.005833461048261657
4264,5,19,yes,6,0.03399929466459761,0.03399929466459761
4265,5,19,yes,1,0.005897671602892618,0.005897671602892618
3649,5,17,no,13,-0.013542100146462469,0.013542100146462469
3650,5,17,yes,7,0.006730799546316474,0.006730799546316474
6312,5,21,no,6,0.014710192208193237,0.014710192208193237
4266,5,19,yes,4,0.024206727188956056,0.024206727188956056
2900,3,11,no,1,-0.0058976716028927845,0.0058976716028927845
2901,3,11,no,1,-0.005960635697198957,0.005960635697198957
4267,5,19,yes,4,-0.024206727188956056,0.024206727188956056
4268,5,19,no,9,-0.05067867812632215,0.05067867812632215
6313,5,21,no,2,-0.005123598124265508,0.005123598124265508
4269,5,19,yes,2,-0.010495908372091578,0.010495908372091578
2902,3,11,no,1,-0.006022277489922678,0.006022277489922678
5577,5,20,no,7,-0.04855183109940875,0.04855183109940875
4270,5,19,yes,8,0.043675373831492836,0.043675373831492836
5578,5,20,yes,1,0.006917278298890717,0.006917278298890717
6314,5,21,yes,1,0.002533534559738787,0.002533534559738787
2903,3,11,yes,1,0.006022277489922678,0.006022277489922678
5579,5,20,yes,1,0.00692794968177024,0.00692794968177024
5580,5,20,no,1,0.006935967626738038,0.006935967626738038
4271,5,19,yes,1,0.0057680800157664525,0.0057680800157664525
6315,5,21,no,1,-0.002533534559738787,0.002533534559738787
4272,5,19,yes,3,0.01769176834835351,0.01769176834835351
1334,3,8,no,1,0.005565672514303843,0.005565672514303843
6316,5,21,yes,1,-0.0024778905067136536,0.0024778905067136536
2019,3,9,yes,2,0.01160154106402822,0.01160154106402822
5581,5,20,yes,1,0.006941319797744205,0.006941319797744205
605,3,7,yes,1,0.0049193757633081425,0.0049193757633081425
4273,5,19,no,10,-0.05663931382352122,0.05663931382352122
4274,5,19,yes,4,0.0218437508442193,0.0218437508442193
2904,3,11,no,1,-0.006022277489922678,0.006022277489922678
5582,5,20,no,1,-0.006941319797744205,0.006941319797744205
5583,5,20,yes,1,0.006941319797744205,0.006941319797744205
4275,5,19,yes,1,0.005634110153561633,0.005634110153561633
5584,5,20,yes,11,0.07594533051645119,0.07594533051645119
5585,5,20,yes,1,-0.0068248316823924515,0.0068248316823924515
4276,5,19,yes,12,0.0725283844023249,0.0725283844023249
606,3,7,yes,1,-0.0049193757633081425,0.0049193757633081425
2905,3,11,no,3,-0.01842233040957575,0.01842233040957575
1335,3,8,no,1,-0.005565672514303843,0.005565672514303843
3651,5,17,yes,15,0.019161578613959618,0.019161578613959618
4277,5,19,no,11,-0.06682677994070457,0.06682677994070457
5586,5,20,no,1,-0.0068484456234291224,0.0068484456234291224
5587,5,20,yes,1,-0.006869527289091959,0.006869527289091959
4278,5,19,yes,1,0.0057680800157664525,0.0057680800157664525
1336,3,8,no,13,-0.07816249455588653,0.07816249455588653
1337,3,8,yes,1,0.006360174775013605,0.006360174775013605
1338,3,8,no,1,0.006308029388134018,0.006308029388134018
2020,3,9,yes,1,-0.0057680800157665635,0.0057680800157665635
1339,3,8,yes,1,0.006254119513938505,0.006254119513938505
4279,5,19,no,1,0.005833461048261823,0.005833461048261823
3652,5,17,no,11,-0.014736905157906745,0.014736905157906745
4280,5,19,no,13,-0.07047572307846853,0.07047572307846853
607,3,7,no,2,0.009764854130815293,0.009764854130815293
4281,5,19,yes,2,0.010059427781047459,0.010059427781047459
4282,5,19,no,1,-0.005066392393269115,0.005066392393269115
5588,5,20,yes,11,-0.07620776302779014,0.07620776302779014
4283,5,19,no,20,0.11434775179235276,0.11434775179235276
4284,5,19,no,5,0.03228462832023132,0.03228462832023132
5589,5,20,yes,1,0.00692794968177024,0.00692794968177024
5590,5,20,no,1,0.006935967626738038,0.006935967626738038
6317,5,21,no,2,-0.004792405328499505,0.004792405328499505
4285,5,19,no,1,-0.006549739658341158,0.006549739658341158
608,3,7,yes,1,0.004771406440793768,0.004771406440793768
1340,3,8,yes,6,0.03630291519959017,0.03630291519959017
3653,5,17,no,1,-0.0011487455855182932,0.0011487455855182932
5591,5,20,yes,20,-0.13430890211773983,0.13430890211773983
5592,5,20,yes,6,-0.037006756801570895,0.037006756801570895
4286,5,19,no,1,-0.00650533374811868,0.00650533374811868
5593,5,20,yes,19,0.12302447577951747,0.12302447577951747
4287,5,19,no,1,-0.0064588943083875305,0.0064588943083875305
5594,5,20,yes,1,0.0068484456234291224,0.0068484456234291224
5595,5,20,yes,1,0.0068695272890921255,0.0068695272890921255
4288,5,19,no,1,-0.006410485830370238,0.006410485830370238
1341,3,8,yes,1,0.005833461048261657,0.005833461048261657
4289,5,19,no,13,-0.07816249455588653,0.07816249455588653
3654,5,17,no,8,-0.00820605646473168,0.00820605646473168
3655,5,17,yes,1,0.0009358963557673378,0.0009358963557673378
5596,5,20,no,1,0.00688804475647703,0.00688804475647703
2906,3,11,yes,1,0.0061985164077413835,0.0061985164077413835
3656,5,17,yes,8,0.008418905694482635,0.008418905694482635
3657,5,17,no,5,-0.005462025591101517,0.005462025591101517
4290,5,19,yes,1,0.005634110153561633,0.005634110153561633
6318,5,21,yes,1,-0.002316298248714571,0.002316298248714571
4291,5,19,yes,5,0.029161452825740286,0.029161452825740286
4292,5,19,yes,17,0.10940092304951521,0.10940092304951521
5597,5,20,yes,1,0.006903969863395976,0.006903969863395976
4293,5,19,no,1,-0.006770152846514277,0.006770152846514277
5598,5,20,yes,1,0.006917278298890717,0.006917278298890717
3658,5,17,yes,9,0.010358702439065101,0.010358702439065101
5599,5,20,yes,1,0.00692794968177024,0.00692794968177024
4294,5,19,no,2,0.013568873894124145,0.013568873894124145
4295,5,19,no,5,-0.0336840054103012,0.0336840054103012
1342,3,8,no,1,0.0057680800157665635,0.0057680800157665635
4296,5,19,no,1,-0.006632203865068964,0.006632203865068964
4297,5,19,no,8,-0.051438826922256486,0.051438826922256486
609,3,7,yes,3,0.013868955425285878,0.013868955425285878
4298,5,19,yes,2,0.012562148902072467,0.012562148902072467
1343,3,8,yes,1,-0.0057680800157665635,0.0057680800157665635
1344,3,8,yes,2,0.011469684477386832,0.011469684477386832
3659,5,17,yes,4,0.005413128919926756,0.005413128919926756
5600,5,20,no,18,-0.12101275971598807,0.12101275971598807
5601,5,20,no,1,0.006410485830370238,0.006410485830370238
5602,5,20,yes,2,0.01296422805650621,0.01296422805650621
4299,5,19,yes,5,0.03228462832023132,0.03228462832023132
5603,5,20,yes,1,0.006549739658341158,0.006549739658341158
6319,5,21,yes,1,0.002316298248714571,0.002316298248714571
4300,5,19,yes,2,0.01322425356502166,0.01322425356502166
4301,5,19,no,1,-0.006632203865068964,0.006632203865068964
4302,5,19,no,1,-0.006592049699952696,0.006592049699952696
5604,5,20,yes,8,-0.05104529363004523,0.05104529363004523
4303,5,19,no,1,-0.006549739658341158,0.006549739658341158
5605,5,20,yes,4,0.025120840084827623,0.025120840084827623
5606,5,20,no,14,0.09337551711545411,0.09337551711545411
5607,5,20,yes,1,-0.0068695272890921255,0.0068695272890921255
5608,5,20,yes,1,0.0068695272890921255,0.0068695272890921255
4304,5,19,yes,9,0.06028283031605641,0.06028283031605641
6320,5,21,yes,1,-0.002316298248714571,0.002316298248714571
2907,3,11,no,1,0.00614129254867346,0.00614129254867346
4305,5,19,no,6,-0.040508837092693595,0.040508837092693595
5609,5,20,no,11,-0.07400080322857766,0.07400080322857766
5610,5,20,no,8,-0.05063684652037753,0.05063684652037753
5611,5,20,yes,1,0.00614129254867346,0.00614129254867346
5612,5,20,yes,6,0.03799022022358539,0.03799022022358539
5613,5,20,no,1,0.00650533374811868,0.00650533374811868
4306,5,19,no,11,-0.07041083974374035,0.07041083974374035
5614,5,20,yes,2,0.013141789358293854,0.013141789358293854
5615,5,20,no,1,0.006632203865068964,0.006632203865068964
610,3,7,no,1,-0.004548750366815679,0.004548750366815679
5616,5,20,yes,1,0.0066701446519749075,0.0066701446519749075
5617,5,20,no,10,0.06826595827200366,0.06826595827200366
4307,5,19,yes,1,-0.006082521453160961,0.006082521453160961
2021,3,9,yes,1,0.0057680800157665635,0.0057680800157665635
5618,5,20,no,1,-0.006917278298890717,0.006917278298890717
4308,5,19,yes,1,0.006082521453160961,0.006082521453160961
3660,5,17,no,1,-0.0014042374014612488,0.0014042374014612488
2908,3,11,no,2,-0.012339808956414844,0.012339808956414844
2022,3,9,yes,9,-0.054158575777556894,0.054158575777556894
4309,5,19,no,10,-0.057962400907772826,0.057962400907772826
1345,3,8,no,1,0.005634110153561744,0.005634110153561744
2023,3,9,no,4,0.024676449923514254,0.024676449923514254
4310,5,19,yes,2,0.011062038985387379,0.011062038985387379
4311,5,19,no,6,0.03479556297930192,0.03479556297930192
1346,3,8,yes,1,0.005565672514303843,0.005565672514303843
2909,3,11,no,1,0.0061985164077413835,0.0061985164077413835
4312,5,19,no,5,0.030698727413436988,0.030698727413436988
4313,5,19,no,1,0.006308029388133907,0.006308029388133907
5619,5,20,no,7,-0.047903693108910794,0.047903693108910794
4314,5,19,no,9,-0.054698525149924404,0.054698525149924404
4315,5,19,yes,13,0.08043341381181457,0.08043341381181457
3661,5,17,no,1,-0.0013697729675739914,0.0013697729675739914
5620,5,20,yes,10,0.06868488871630979,0.06868488871630979
4316,5,19,no,1,-0.00650533374811868,0.00650533374811868
4317,5,19,no,2,-0.012869380138757769,0.012869380138757769
2910,3,11,no,1,-0.0061985164077413835,0.0061985164077413835
611,3,7,no,1,0.004548750366815679,0.004548750366815679
1347,3,8,no,2,-0.011199782667865588,0.011199782667865588
5621,5,20,yes,1,0.006941319797744205,0.006941319797744205
3662,5,17,no,13,-0.014994332968533856,0.014994332968533856
5622,5,20,no,2,-0.013877287424482243,0.013877287424482243
4318,5,19,yes,1,0.006410485830370238,0.006410485830370238
1348,3,8,no,1,0.005634110153561744,0.005634110153561744
4319,5,19,yes,11,0.07324705837256262,0.07324705837256262
4320,5,19,no,1,-0.006824831682392396,0.006824831682392396
4321,5,19,yes,20,0.13800266513638104,0.13800266513638104
4322,5,19,yes,5,0.03368400541030114,0.03368400541030114
4323,5,19,no,4,-0.02688528436269133,0.02688528436269133
4324,5,19,no,2,-0.013623552730002264,0.013623552730002264
4325,5,19,yes,19,0.12302447577951758,0.12302447577951758
4326,5,19,no,8,-0.04977741740695496,0.04977741740695496
2024,3,9,yes,1,-0.006082521453160905,0.006082521453160905
612,3,7,no,1,-0.004548750366815679,0.004548750366815679
4327,5,19,no,7,-0.046114183166934164,0.046114183166934164
4328,5,19,no,1,-0.0067391696291118075,0.0067391696291118075
4329,5,19,no,1,-0.006770152846514388,0.006770152846514388
613,3,7,no,1,-0.00462298351148227,0.00462298351148227
4330,5,19,no,1,-0.0067987210476098126,0.0067987210476098126
4331,5,19,yes,1,-0.0068248316823924515,0.0068248316823924515
4332,5,19,yes,10,-0.06912049883405874,0.06912049883405874
4333,5,19,yes,1,-0.006941319797744205,0.006941319797744205
4334,5,19,no,12,-0.08212987558051194,0.08212987558051194
5623,5,20,no,9,-0.06174892108957175,0.06174892108957175
5624,5,20,no,11,0.075626208514054,0.075626208514054
614,3,7,no,7,0.03080598703117088,0.03080598703117088
615,3,7,no,12,-0.055032504537546156,0.055032504537546156
616,3,7,no,9,0.04227335133006227,0.04227335133006227
4335,5,19,no,11,-0.0709396918470418,0.0709396918470418
4336,5,19,yes,6,0.03799022022358539,0.03799022022358539
6321,5,21,yes,1,-0.0022642190665268375,0.0022642190665268375
5625,5,20,no,1,-0.006941319797744205,0.006941319797744205
2025,3,9,no,6,-0.03767261846387138,0.03767261846387138
2026,3,9,yes,1,0.006410485830370405,0.006410485830370405
5626,5,20,yes,1,0.006941319797744205,0.006941319797744205
5627,5,20,yes,4,0.027765283321003642,0.027765283321003642
5628,5,20,no,8,-0.05548779872614684,0.05548779872614684
2027,3,9,yes,1,0.006360174775013605,0.006360174775013605
5629,5,20,no,9,-0.06134867997311294,0.06134867997311294
1349,3,8,no,4,0.02184375084421919,0.02184375084421919
5630,5,20,no,2,0.013444986864202146,0.013444986864202146
5631,5,20,no,5,0.03411167848903779,0.03411167848903779
2028,3,9,yes,1,0.006308029388134018,0.006308029388134018
2029,3,9,yes,1,0.006254119513938505,0.006254119513938505
6322,5,21,yes,1,-0.0022130324091241965,0.0022130324091241965
2030,3,9,yes,8,0.04790445626361839,0.04790445626361839
5632,5,20,no,1,0.00688804475647703,0.00688804475647703
5633,5,20,no,10,0.06931971827131306,0.06931971827131306
2031,3,9,no,1,0.005701604461620269,0.005701604461620269
1350,3,8,no,1,-0.00535544554716183,0.00535544554716183
5634,5,20,no,1,-0.00692794968177024,0.00692794968177024
5635,5,20,no,1,-0.006935967626738093,0.006935967626738093
1351,3,8,yes,1,0.00535544554716183,0.00535544554716183
6323,5,21,yes,4,-0.008358051157814322,0.008358051157814322
5636,5,20,no,9,-0.062343845719281754,0.062343845719281754
5637,5,20,no,1,0.00688804475647703,0.00688804475647703
1352,3,8,no,1,-0.00535544554716183,0.00535544554716183
5638,5,20,no,1,-0.00688804475647703,0.00688804475647703
1353,3,8,no,14,0.06833047804448478,0.06833047804448478
4337,5,19,yes,1,0.00650533374811868,0.00650533374811868
4338,5,19,yes,1,0.006549739658341158,0.006549739658341158
1354,3,8,no,16,0.06061108154814632,0.06061108154814632
1355,3,8,no,15,-0.05628444877917149,0.05628444877917149
5639,5,20,yes,11,0.07620776302779009,0.07620776302779009
617,3,7,no,6,0.024860758369994462,0.024860758369994462
5640,5,20,yes,2,0.013821248162286692,0.013821248162286692
618,3,7,no,1,-0.003961402534739644,0.003961402534739644
619,3,7,no,1,-0.00403373492910708,0.00403373492910708
5641,5,20,yes,1,-0.00690396986339592,0.00690396986339592
6324,5,21,yes,1,0.002017172974494344,0.002017172974494344
5642,5,20,yes,4,-0.027722515405143255,0.027722515405143255
1356,3,8,yes,5,0.020534125601019637,0.020534125601019637
1357,3,8,yes,1,-0.003961402534739644,0.003961402534739644
1358,3,8,no,11,-0.04841481764672351,0.04841481764672351
4339,5,19,yes,1,0.006592049699952696,0.006592049699952696
2911,3,11,yes,1,0.0061985164077413835,0.0061985164077413835
3779,5,18,no,1,0.0009358963557673378,0.0009358963557673378
4340,5,19,yes,2,0.013302348517043872,0.013302348517043872
5643,5,20,yes,19,0.12847956131009997,0.12847956131009997
5644,5,20,yes,2,-0.0129642280565061,0.0129642280565061
4341,5,19,yes,4,0.02701386075832629,0.02701386075832629
1359,3,8,no,4,-0.019824281911862807,0.019824281911862807
2912,3,11,no,1,-0.0061985164077413835,0.0061985164077413835
5645,5,20,no,5,-0.033149955110428064,0.033149955110428064
620,3,7,no,1,-0.0041064676986638515,0.0041064676986638515
5646,5,20,yes,6,-0.04085084811814954,0.04085084811814954
4342,5,19,no,1,-0.006798721047609868,0.006798721047609868
5647,5,20,no,1,-0.006888044756477085,0.006888044756477085
4343,5,19,no,4,-0.02688528436269133,0.02688528436269133
1360,3,8,no,1,0.005066392393269226,0.005066392393269226
4344,5,19,no,1,-0.006632203865068964,0.006632203865068964
5648,5,20,no,1,-0.00690396986339592,0.00690396986339592
5649,5,20,no,1,-0.006917278298890772,0.006917278298890772
2032,3,9,yes,9,0.04817954216504161,0.04817954216504161
621,3,7,no,1,-0.004179558286804386,0.004179558286804386
5650,5,20,yes,1,0.006917278298890772,0.006917278298890772
4345,5,19,yes,2,0.013302348517043872,0.013302348517043872
622,3,7,yes,1,0.004179558286804386,0.004179558286804386
4346,5,19,yes,14,0.09601519332651681,0.09601519332651681
4347,5,19,yes,2,-0.013885317746004877,0.013885317746004877
5651,5,20,yes,1,0.00690396986339592,0.00690396986339592
2033,3,9,no,1,-0.005066392393269226,0.005066392393269226
5652,5,20,yes,10,-0.06931971827131306,0.06931971827131306
2034,3,9,no,5,-0.026417000632823373,0.026417000632823373
4348,5,19,no,1,-0.006935967626738038,0.006935967626738038
4349,5,19,no,13,-0.08849625647081777,0.08849625647081777
4350,5,19,no,4,0.026747335381246018,0.026747335381246018
4351,5,19,no,1,-0.006739169629111863,0.006739169629111863
4352,5,19,yes,7,0.04773889287462668,0.04773889287462668
5653,5,20,yes,7,-0.048050818561287234,0.048050818561287234
4353,5,19,no,1,-0.00688804475647703,0.00688804475647703
4354,5,19,no,1,-0.0068695272890921255,0.0068695272890921255
5654,5,20,yes,10,0.06885605566753972,0.06885605566753972
5655,5,20,no,1,-0.006941319797744205,0.006941319797744205
4355,5,19,yes,6,0.041442737516364125,0.041442737516364125
4356,5,19,no,7,-0.04829118313979325,0.04829118313979325
4357,5,19,no,6,-0.040508837092693595,0.040508837092693595
5656,5,20,no,5,-0.034573210227272,0.034573210227272
2035,3,9,no,2,-0.011062038985387268,0.011062038985387268
5657,5,20,yes,1,0.00688804475647703,0.00688804475647703
5658,5,20,no,1,-0.00688804475647703,0.00688804475647703
2913,3,11,no,10,0.0592401708788004,0.0592401708788004
1361,3,8,no,1,-0.005066392393269226,0.005066392393269226
2914,3,11,yes,1,-0.005634110153561744,0.005634110153561744
4358,5,19,no,1,-0.006632203865068964,0.006632203865068964
2915,3,11,no,1,-0.005701604461620269,0.005701604461620269
4359,5,19,yes,3,0.020008165752134155,0.020008165752134155
623,3,7,yes,4,-0.017159674847376127,0.017159674847376127
2445,3,10,no,1,-0.0010110847812303536,0.0010110847812303536
5659,5,20,yes,1,0.00688804475647703,0.00688804475647703
3663,5,17,yes,4,0.004098104671220848,0.004098104671220848
4360,5,19,yes,1,0.006739169629111863,0.006739169629111863
1362,3,8,yes,4,-0.02099073432115328,0.02099073432115328
2916,3,11,no,1,-0.0057680800157665635,0.0057680800157665635
5660,5,20,no,6,0.04157048321679985,0.04157048321679985
4361,5,19,no,11,0.075626208514054,0.075626208514054
2917,3,11,yes,15,-0.09357520317010848,0.09357520317010848
1363,3,8,yes,1,-0.0054262663116700915,0.0054262663116700915
2918,3,11,no,1,0.006592049699952862,0.006592049699952862
4362,5,19,no,5,-0.034626485268539176,0.034626485268539176
2919,3,11,yes,1,0.006549739658341158,0.006549739658341158
4363,5,19,no,1,-0.00688804475647703,0.00688804475647703
5661,5,20,yes,1,0.006943997948260727,0.006943997948260727
2920,3,11,no,7,0.044495553971704016,0.044495553971704016
4364,5,19,no,1,-0.0068695272890921255,0.0068695272890921255
1364,3,8,yes,15,-0.0892245335412738,0.0892245335412738
4365,5,19,no,10,-0.06713127593948554,0.06713127593948554
1365,3,8,no,1,0.006360174775013605,0.006360174775013605
1366,3,8,yes,1,0.006308029388134018,0.006308029388134018
1367,3,8,yes,1,0.006254119513938505,0.006254119513938505
5662,5,20,yes,15,-0.10295919127477754,0.10295919127477754
2921,3,11,yes,2,0.012223814001834366,0.012223814001834366
4366,5,19,no,8,-0.05063684652037753,0.05063684652037753
1368,3,8,yes,10,0.0592401708788004,0.0592401708788004
5663,5,20,no,1,0.006705817235090283,0.006705817235090283
4367,5,19,yes,5,0.03126213263350108,0.03126213263350108
2036,3,9,yes,2,0.011062038985387268,0.011062038985387268
624,3,7,yes,6,-0.027960418539083598,0.027960418539083598
4368,5,19,yes,20,0.13489004714047031,0.13489004714047031
4369,5,19,yes,8,0.05540252592153766,0.05540252592153766
5664,5,20,no,1,-0.006705817235090283,0.006705817235090283
5665,5,20,no,7,0.047556665353239935,0.047556665353239935
5666,5,20,yes,5,0.034573210227272,0.034573210227272
1369,3,8,no,1,-0.005634110153561744,0.005634110153561744
4370,5,19,yes,2,-0.013792014619873005,0.013792014619873005
625,3,7,yes,4,-0.02011818394625553,0.02011818394625553
4371,5,19,no,5,-0.03466651335340398,0.03466651335340398
6325,5,21,yes,10,-0.018171027831130983,0.018171027831130983
626,3,7,no,9,0.04360402417984233,0.04360402417984233
4372,5,19,yes,4,0.02774923505451321,0.02774923505451321
2037,3,9,no,1,-0.005496366471083425,0.005496366471083425
2038,3,9,no,1,-0.005565672514303843,0.005565672514303843
1370,3,8,yes,2,0.011199782667865588,0.011199782667865588
2922,3,11,yes,1,0.006022277489922678,0.006022277489922678
4373,5,19,yes,8,0.05482097140780151,0.05482097140780151
4374,5,19,no,16,-0.11031944151682788,0.11031944151682788
4375,5,19,yes,1,-0.006917278298890717,0.006917278298890717
4376,5,19,no,1,-0.006903969863395976,0.006903969863395976
1371,3,8,yes,3,0.016278078329915346,0.016278078329915346
5667,5,20,yes,3,0.020829315694265604,0.020829315694265604
6326,5,21,yes,6,0.010379404835080784,0.010379404835080784
627,3,7,yes,4,0.017454694866068543,0.017454694866068543
1372,3,8,no,10,-0.056639313823521165,0.056639313823521165
2923,3,11,yes,4,0.023459848364119962,0.023459848364119962
1373,3,8,no,1,0.005960635697198957,0.005960635697198957
6327,5,21,no,1,-0.0018353517880112385,0.0018353517880112385
2039,3,9,no,4,-0.022937255679210233,0.022937255679210233
4377,5,19,no,1,-0.00688804475647703,0.00688804475647703
1374,3,8,yes,8,0.04532323257916038,0.04532323257916038
4378,5,19,yes,1,0.00688804475647703,0.00688804475647703
5668,5,20,no,1,-0.006943997948260727,0.006943997948260727
4379,5,19,no,4,-0.027430849351390674,0.027430849351390674
2924,3,11,yes,1,-0.0057680800157665635,0.0057680800157665635
4380,5,19,no,9,-0.0599633323817827,0.0599633323817827
1375,3,8,no,1,0.00535544554716183,0.00535544554716183
4381,5,19,no,2,0.013055073406459838,0.013055073406459838
2925,3,11,no,1,0.0057680800157665635,0.0057680800157665635
4382,5,19,no,1,0.006592049699952696,0.006592049699952696
1376,3,8,no,1,-0.00535544554716183,0.00535544554716183
6328,5,21,yes,1,-0.0017920493269606846,0.0017920493269606846
5669,5,20,no,12,-0.08257020646231467,0.08257020646231467
2040,3,9,yes,5,-0.030104398791848785,0.030104398791848785
5670,5,20,yes,1,0.006770152846514277,0.006770152846514277
5671,5,20,no,2,0.013623552730002264,0.013623552730002264
2926,3,11,no,3,-0.017499212666921005,0.017499212666921005
5672,5,20,no,9,0.062176500885798125,0.062176500885798125
5673,5,20,yes,1,-0.006943997948260672,0.006943997948260672
4383,5,19,yes,1,0.006632203865068964,0.006632203865068964
4384,5,19,no,18,0.12350662335123469,0.12350662335123469
5674,5,20,no,14,-0.09574134003023105,0.09574134003023105
5675,5,20,no,2,0.01337596188706519,0.01337596188706519
4385,5,19,no,1,-0.006935967626738093,0.006935967626738093
4386,5,19,no,1,0.006935967626738093,0.006935967626738093
4387,5,19,no,1,-0.006935967626738093,0.006935967626738093
628,3,7,yes,4,0.01628116344931496,0.01628116344931496
4388,5,19,no,1,-0.00694131979774415,0.00694131979774415
5676,5,20,no,1,-0.006705817235090283,0.006705817235090283
629,3,7,no,1,-0.003961402534739644,0.003961402534739644
2041,3,9,yes,13,0.07488540531527821,0.07488540531527821
4389,5,19,no,5,-0.03469323300277388,0.03469323300277388
630,3,7,no,1,-0.00403373492910708,0.00403373492910708
4390,5,19,no,8,-0.05482097140780151,0.05482097140780151
5677,5,20,yes,1,0.006705817235090283,0.006705817235090283
4391,5,19,yes,1,0.006770152846514277,0.006770152846514277
631,3,7,yes,1,0.00403373492910708,0.00403373492910708
4392,5,19,no,2,0.013623552730002264,0.013623552730002264
5678,5,20,no,1,0.006739169629111863,0.006739169629111863
3780,5,18,yes,4,0.003994232238429762,0.003994232238429762
4393,5,19,no,13,-0.08601771897794658,0.08601771897794658
5679,5,20,yes,8,-0.05285335279604608,0.05285335279604608
4394,5,19,no,1,-0.006308029388133907,0.006308029388133907
2042,3,9,no,2,-0.010781711858831922,0.010781711858831922
2043,3,9,no,7,-0.039896966267490286,0.039896966267490286
4395,5,19,yes,1,0.006308029388133907,0.006308029388133907
5680,5,20,yes,1,0.0064588943083875305,0.0064588943083875305
5681,5,20,yes,1,0.00650533374811868,0.00650533374811868
632,3,7,no,1,0.003961402534739644,0.003961402534739644
6329,5,21,yes,1,0.0017920493269606846,0.0017920493269606846
4396,5,19,yes,2,0.012770660605383954,0.012770660605383954
4397,5,19,yes,1,0.0064588943083875305,0.0064588943083875305
5682,5,20,yes,5,0.03314995511042801,0.03314995511042801
5683,5,20,no,1,0.006739169629111863,0.006739169629111863
4398,5,19,yes,20,0.13590866289823395,0.13590866289823395
4399,5,19,yes,2,0.013877287424482243,0.013877287424482243
4400,5,19,no,2,-0.013877287424482243,0.013877287424482243
2927,3,11,no,1,-0.005960635697198957,0.005960635697198957
2044,3,9,no,2,-0.011982913187121635,0.011982913187121635
5684,5,20,yes,1,0.006770152846514277,0.006770152846514277
2045,3,9,yes,6,0.03518373031566291,0.03518373031566291
5685,5,20,yes,1,0.006798721047609868,0.006798721047609868
2046,3,9,yes,1,0.005634110153561744,0.005634110153561744
1377,3,8,no,8,0.04081501623301609,0.04081501623301609
4401,5,19,no,1,-0.006943997948260727,0.006943997948260727
5686,5,20,no,2,0.013673277305821518,0.013673277305821518
4402,5,19,no,1,-0.006943997948260672,0.006943997948260672
633,3,7,yes,2,0.007707610282313926,0.007707610282313926
1378,3,8,no,1,-0.00484547836750715,0.00484547836750715
4403,5,19,no,1,-0.006941319797744205,0.006941319797744205
1379,3,8,no,1,-0.0049193757633081425,0.0049193757633081425
4404,5,19,no,1,-0.006935967626738038,0.006935967626738038
4405,5,19,yes,1,-0.00692794968177024,0.00692794968177024
4406,5,19,no,1,-0.006917278298890717,0.006917278298890717
2928,3,11,no,3,-0.018246091491757044,0.018246091491757044
1380,3,8,yes,1,0.0049193757633081425,0.0049193757633081425
634,3,7,no,2,-0.007707610282313926,0.007707610282313926
2047,3,9,no,2,-0.011335714615182013,0.011335714615182013
4407,5,19,yes,2,0.013845227980660957,0.013845227980660957
4408,5,19,no,1,-0.00692794968177024,0.00692794968177024
4409,5,19,yes,2,0.013863917308508278,0.013863917308508278
4410,5,19,no,6,-0.041442737516364125,0.041442737516364125
2929,3,11,yes,1,0.00614129254867346,0.00614129254867346
2930,3,11,no,3,0.01806543464028254,0.01806543464028254
2931,3,11,no,7,0.039896966267490286,0.039896966267490286
4411,5,19,no,14,0.0968985384791689,0.0968985384791689
6330,5,21,yes,1,-0.0017920493269606846,0.0017920493269606846
4412,5,19,no,1,-0.00690396986339592,0.00690396986339592
4413,5,19,no,1,-0.006917278298890772,0.006917278298890772
4414,5,19,no,4,-0.02774923505451321,0.02774923505451321
1381,3,8,no,1,-0.0049193757633081425,0.0049193757633081425
2932,3,11,yes,1,-0.005496366471083425,0.005496366471083425
6331,5,21,yes,6,-0.009889839629224219,0.009889839629224219
4415,5,19,yes,1,-0.006943997948260672,0.006943997948260672
1382,3,8,yes,4,-0.020410739773206288,0.020410739773206288
4416,5,19,yes,1,0.006943997948260672,0.006943997948260672
2933,3,11,no,1,0.005496366471083425,0.005496366471083425
4417,5,19,no,1,-0.006943997948260672,0.006943997948260672
5687,5,20,no,1,-0.0068484456234291224,0.0068484456234291224
5688,5,20,yes,15,0.10374698410259803,0.10374698410259803
5689,5,20,no,4,-0.027685165470795026,0.027685165470795026
4418,5,19,yes,12,0.082744051564061,0.082744051564061
5690,5,20,no,8,-0.055455800962804724,0.055455800962804724
4419,5,19,yes,1,-0.0067987210476098126,0.0067987210476098126
1383,3,8,no,7,0.03494700034481535,0.03494700034481535
2048,3,9,no,1,0.005701604461620269,0.005701604461620269
4420,5,19,no,14,-0.09675056762270368,0.09675056762270368
4421,5,19,yes,1,0.00692794968177024,0.00692794968177024
2934,3,11,no,1,-0.005496366471083425,0.005496366471083425
2935,3,11,no,1,-0.005565672514303843,0.005565672514303843
4422,5,19,yes,6,-0.04135521551305521,0.04135521551305521
4423,5,19,no,10,-0.06678816406417509,0.06678816406417509
4424,5,19,yes,2,0.013055073406459838,0.013055073406459838
4425,5,19,yes,1,0.006592049699952696,0.006592049699952696
4426,5,19,yes,12,0.08156830678904753,0.08156830678904753
1384,3,8,no,1,-0.004771406440793768,0.004771406440793768
1385,3,8,yes,1,0.004771406440793768,0.004771406440793768
5691,5,20,yes,1,-0.00688804475647703,0.00688804475647703
1386,3,8,yes,1,0.004697221546987929,0.004697221546987929
4427,5,19,no,1,-0.006917278298890717,0.006917278298890717
4428,5,19,no,13,-0.08779281784845067,0.08779281784845067
1387,3,8,yes,7,-0.03443229030154438,0.03443229030154438
2936,3,11,no,4,-0.022937255679210233,0.022937255679210233
5692,5,20,yes,9,-0.06085901387028381,0.06085901387028381
4429,5,19,yes,5,0.03314995511042801,0.03314995511042801
2049,3,9,yes,8,-0.047407544317497274,0.047407544317497274
4430,5,19,yes,7,0.04773889287462668,0.04773889287462668
5693,5,20,yes,1,0.006632203865068964,0.006632203865068964
2937,3,11,yes,1,0.005833461048261657,0.005833461048261657
5694,5,20,yes,10,0.06801882462508785,0.06801882462508785
2050,3,9,yes,1,0.00614129254867346,0.00614129254867346
2051,3,9,no,1,-0.00614129254867346,0.00614129254867346
4431,5,19,no,1,-0.00688804475647703,0.00688804475647703
2938,3,11,no,1,0.0057680800157665635,0.0057680800157665635
2052,3,9,no,10,0.05860732698536286,0.05860732698536286
5695,5,20,no,1,-0.006903969863395976,0.006903969863395976
1388,3,8,no,8,0.03905527381302665,0.03905527381302665
1389,3,8,yes,1,0.004548750366815679,0.004548750366815679
1390,3,8,no,1,-0.004548750366815679,0.004548750366815679
1391,3,8,no,3,-0.014091611499263967,0.014091611499263967
4432,5,19,no,4,0.027637242600533962,0.027637242600533962
4433,5,19,no,1,-0.00692794968177024,0.00692794968177024
4434,5,19,no,1,-0.006917278298890717,0.006917278298890717
4435,5,19,no,3,-0.02066154190896513,0.02066154190896513
4436,5,19,no,4,-0.027242151199945663,0.027242151199945663
5696,5,20,no,16,-0.10662373664694486,0.10662373664694486
5697,5,20,yes,2,0.012770660605383954,0.012770660605383954
4437,5,19,yes,1,0.006770152846514277,0.006770152846514277
1392,3,8,yes,1,0.004771406440793768,0.004771406440793768
4438,5,19,yes,8,-0.05316461133417283,0.05316461133417283
635,3,7,yes,3,0.011454813762930671,0.011454813762930671
5698,5,20,yes,2,0.01296422805650621,0.01296422805650621
4439,5,19,yes,20,0.13590866289823395,0.13590866289823395
4440,5,19,yes,3,0.020805237106252483,0.020805237106252483
4441,5,19,no,6,-0.04163455280051809,0.04163455280051809
4442,5,19,no,4,-0.02768516547079497,0.02768516547079497
5699,5,20,yes,4,0.026444137875337725,0.026444137875337725
4443,5,19,yes,4,0.02768516547079497,0.02768516547079497
4444,5,19,no,2,-0.013863917308508278,0.013863917308508278
4445,5,19,no,2,-0.013821248162286692,0.013821248162286692
1393,3,8,no,1,0.004697221546987929,0.004697221546987929
5700,5,20,yes,1,0.006705817235090283,0.006705817235090283
636,3,7,no,6,0.021027447915979436,0.021027447915979436
1394,3,8,yes,11,-0.05570991053246788,0.05570991053246788
5701,5,20,yes,14,0.09625337403968726,0.09625337403968726
6332,5,21,yes,1,-0.0015122014532747904,0.0015122014532747904
637,3,7,no,5,-0.017350589272161376,0.017350589272161376
4446,5,19,yes,8,0.055455800962804724,0.055455800962804724
4447,5,19,no,7,-0.04855183109940875,0.04855183109940875
1395,3,8,yes,1,0.0054262663116700915,0.0054262663116700915
4448,5,19,no,1,-0.006903969863395976,0.006903969863395976
4449,5,19,yes,1,0.006903969863395976,0.006903969863395976
6333,5,21,yes,9,0.015029442197470932,0.015029442197470932
638,3,7,yes,1,0.0036070974478101814,0.0036070974478101814
5702,5,20,no,1,-0.006943997948260727,0.006943997948260727
5703,5,20,yes,2,-0.013885317746004877,0.013885317746004877
4450,5,19,no,3,-0.02066154190896513,0.02066154190896513
5704,5,20,yes,1,0.006941319797744205,0.006941319797744205
5705,5,20,no,9,-0.06205733461992985,0.06205733461992985
1396,3,8,no,1,-0.0054262663116700915,0.0054262663116700915
5706,5,20,yes,1,0.006824831682392396,0.006824831682392396
4451,5,19,no,1,0.0068695272890921255,0.0068695272890921255
4452,5,19,yes,1,-0.0068695272890921255,0.0068695272890921255
5707,5,20,no,4,-0.027132875205628404,0.027132875205628404
5708,5,20,no,12,0.08236537814316586,0.08236537814316586
5709,5,20,no,3,-0.020805237106252483,0.020805237106252483
6334,5,21,yes,1,0.0018795089279034921,0.0018795089279034921
3664,5,17,yes,1,0.0010917613765485043,0.0010917613765485043
3665,5,17,no,1,-0.0010917613765485043,0.0010917613765485043
6335,5,21,yes,4,0.007976924608857655,0.007976924608857655
1397,3,8,yes,2,-0.011062038985387268,0.011062038985387268
6336,5,21,yes,1,-0.0020648105407109485,0.0020648105407109485
4453,5,19,no,3,0.02066154190896513,0.02066154190896513
4454,5,19,no,1,-0.006903969863395976,0.006903969863395976
2053,3,9,yes,5,0.026773986702006924,0.026773986702006924
639,3,7,no,1,-0.0036070974478101814,0.0036070974478101814
1398,3,8,yes,1,0.005565672514303843,0.005565672514303843
1399,3,8,yes,2,0.010922632782753516,0.010922632782753516
1400,3,8,no,1,0.00535544554716183,0.00535544554716183
5710,5,20,no,10,-0.06826595827200366,0.06826595827200366
5711,5,20,yes,1,0.006705817235090283,0.006705817235090283
6337,5,21,no,1,0.0020648105407109485,0.0020648105407109485
4455,5,19,yes,1,0.006903969863395976,0.006903969863395976
2054,3,9,no,1,-0.0052119315902589,0.0052119315902589
5712,5,20,yes,3,0.020308043523236008,0.020308043523236008
4456,5,19,no,12,0.08312504132668086,0.08312504132668086
1401,3,8,no,1,-0.00535544554716183,0.00535544554716183
5713,5,20,yes,1,0.006824831682392396,0.006824831682392396
4457,5,19,yes,12,-0.08312504132668086,0.08312504132668086
5714,5,20,no,1,-0.006824831682392396,0.006824831682392396
4458,5,19,no,20,0.13735185133189554,0.13735185133189554
6338,5,21,yes,12,-0.021823926981317562,0.021823926981317562
4459,5,19,no,12,-0.0818640526057487,0.0818640526057487
4460,5,19,yes,1,0.00692794968177024,0.00692794968177024
4461,5,19,no,12,-0.08307729031688221,0.08307729031688221
5715,5,20,yes,5,0.03433481921478665,0.03433481921478665
4462,5,19,yes,1,0.0068695272890921255,0.0068695272890921255
6339,5,21,no,1,0.001588088609475631,0.001588088609475631
2055,3,9,no,8,-0.044231522257000444,0.044231522257000444
4463,5,19,yes,4,0.027637242600533962,0.027637242600533962
4464,5,19,yes,3,0.020821285372742915,0.020821285372742915
5716,5,20,yes,1,0.006917278298890717,0.006917278298890717
5717,5,20,yes,14,-0.09471009614734138,0.09471009614734138
4465,5,19,no,5,-0.03466651335340387,0.03466651335340387
5718,5,20,yes,4,0.026444137875337725,0.026444137875337725
4466,5,19,yes,3,0.020781195607398995,0.020781195607398995
5719,5,20,yes,1,0.006705817235090283,0.006705817235090283
5720,5,20,yes,2,0.01350932247562614,0.01350932247562614
640,3,7,no,1,-0.0036768586438180595,0.0036768586438180595
4467,5,19,yes,1,0.006941319797744205,0.006941319797744205
2056,3,9,no,4,-0.023714045838276077,0.023714045838276077
2057,3,9,yes,1,0.006022277489922678,0.006022277489922678
4468,5,19,no,1,-0.006941319797744205,0.006941319797744205
4469,5,19,yes,14,0.0964555242083196,0.0964555242083196
2939,3,11,yes,1,0.005701604461620269,0.005701604461620269
4470,5,19,yes,1,-0.006770152846514388,0.006770152846514388
4471,5,19,no,1,-0.0067987210476098126,0.0067987210476098126
4472,5,19,no,12,-0.0828866503141954,0.0828866503141954
2058,3,9,no,1,-0.006022277489922678,0.006022277489922678
5721,5,20,no,9,-0.05962350564256036,0.05962350564256036
2059,3,9,yes,1,0.006022277489922678,0.006022277489922678
1402,3,8,yes,5,-0.027824019912239373,0.027824019912239373
5722,5,20,yes,1,0.0064588943083875305,0.0064588943083875305
5723,5,20,yes,2,0.013055073406459838,0.013055073406459838
4473,5,19,no,4,-0.02768516547079497,0.02768516547079497
5724,5,20,yes,4,0.02660021545208685,0.02660021545208685
5725,5,20,no,1,-0.006705817235090283,0.006705817235090283
5726,5,20,no,4,0.02701386075832629,0.02701386075832629
4474,5,19,yes,1,0.006903969863395976,0.006903969863395976
4475,5,19,yes,6,0.0416105113016646,0.0416105113016646
4476,5,19,no,1,-0.006943997948260727,0.006943997948260727
4477,5,19,yes,1,0.006943997948260727,0.006943997948260727
4478,5,19,no,11,-0.07594533051645125,0.07594533051645125
4479,5,19,no,7,0.048180047195447606,0.048180047195447606
5727,5,20,no,6,-0.04031620927537016,0.04031620927537016
5728,5,20,yes,1,0.006632203865068964,0.006632203865068964
4480,5,19,no,11,0.07614934063511186,0.07614934063511186
1403,3,8,no,4,-0.023459848364119962,0.023459848364119962
5729,5,20,yes,1,0.0066701446519749075,0.0066701446519749075
4481,5,19,yes,4,0.027242151199945774,0.027242151199945774
4482,5,19,no,5,-0.03411167848903773,0.03411167848903773
4483,5,19,no,1,-0.006888044756477085,0.006888044756477085
5730,5,20,yes,2,0.013444986864202146,0.013444986864202146
4484,5,19,no,1,-0.00690396986339592,0.00690396986339592
4485,5,19,no,1,0.00690396986339592,0.00690396986339592
4486,5,19,no,2,-0.013821248162286692,0.013821248162286692
5731,5,20,yes,5,0.03411167848903779,0.03411167848903779
1404,3,8,yes,1,0.005960635697198957,0.005960635697198957
4487,5,19,yes,1,-0.00692794968177024,0.00692794968177024
1405,3,8,yes,13,0.07138035929358288,0.07138035929358288
1406,3,8,yes,3,-0.015417704385428,0.015417704385428
641,3,7,yes,1,0.0036768586438180595,0.0036768586438180595
642,3,7,no,10,-0.03999243077674319,0.03999243077674319
4488,5,19,no,1,-0.006935967626738093,0.006935967626738093
2446,3,10,no,10,-0.011661768274573547,0.011661768274573547
6340,5,21,yes,2,-0.003137835909115358,0.003137835909115358
4489,5,19,no,11,-0.076061818631803,0.076061818631803
3781,5,18,no,1,0.0010642405575949643,0.0010642405575949643
2060,3,9,yes,5,-0.030698727413436933,0.030698727413436933
4490,5,19,no,10,0.06912049883405885,0.06912049883405885
4491,5,19,no,1,0.00694131979774415,0.00694131979774415
3666,5,17,yes,1,0.0010917613765485043,0.0010917613765485043
2940,3,11,no,7,0.03797376936987251,0.03797376936987251
2941,3,11,yes,7,-0.03797376936987251,0.03797376936987251
4492,5,19,no,3,-0.02082931569426555,0.02082931569426555
5732,5,20,yes,1,-0.0068695272890921255,0.0068695272890921255
4493,5,19,yes,3,0.02082931569426555,0.02082931569426555
6341,5,21,no,1,-0.0015122014532747904,0.0015122014532747904
4494,5,19,yes,1,-0.00694131979774415,0.00694131979774415
4495,5,19,yes,1,0.00694131979774415,0.00694131979774415
2447,3,10,no,9,0.010624416139525028,0.010624416139525028
643,3,7,no,3,0.012759153207483886,0.012759153207483886
4496,5,19,no,1,-0.00694131979774415,0.00694131979774415
4497,5,19,no,6,-0.0416105113016646,0.0416105113016646
4498,5,19,no,2,-0.013792014619873005,0.013792014619873005
2942,3,11,yes,1,0.005634110153561744,0.005634110153561744
5733,5,20,yes,1,-0.0068484456234291224,0.0068484456234291224
2061,3,9,no,1,0.006254119513938505,0.006254119513938505
6342,5,21,yes,3,0.004650037362390148,0.004650037362390148
4499,5,19,no,1,0.00688804475647703,0.00688804475647703
2062,3,9,no,11,-0.0714469926743907,0.0714469926743907
2063,3,9,yes,1,0.006705817235090228,0.006705817235090228
2064,3,9,yes,2,0.013302348517043816,0.013302348517043816
3667,5,17,no,10,-0.009752695235321511,0.009752695235321511
6343,5,21,yes,1,-0.001588088609475631,0.001588088609475631
2065,3,9,yes,2,0.01314178935829402,0.01314178935829402
4500,5,19,yes,12,0.08314096643359975,0.08314096643359975
4501,5,19,yes,1,-0.00690396986339592,0.00690396986339592
4502,5,19,yes,6,0.04113354026239635,0.04113354026239635
4503,5,19,no,9,-0.061914735869795456,0.061914735869795456
4504,5,19,no,1,0.006935967626738093,0.006935967626738093
4505,5,19,no,10,-0.06927981334601985,0.06927981334601985
2943,3,11,no,1,-0.005634110153561744,0.005634110153561744
644,3,7,yes,15,-0.07045020892297416,0.07045020892297416
645,3,7,yes,8,0.03964422189180328,0.03964422189180328
646,3,7,yes,11,0.04679710328326858,0.04679710328326858
1407,3,8,yes,1,0.0052119315902589,0.0052119315902589
5734,5,20,no,9,-0.06028283031605641,0.06028283031605641
4506,5,19,no,3,0.020709292918763722,0.020709292918763722
2066,3,9,no,11,0.06870228116066002,0.06870228116066002
647,3,7,no,4,-0.015991116252097703,0.015991116252097703
5735,5,20,yes,6,0.03988912473953987,0.03988912473953987
4507,5,19,yes,5,0.03469323300277388,0.03469323300277388
4508,5,19,no,4,-0.027765283321003642,0.027765283321003642
1408,3,8,no,6,0.02973506875455645,0.02973506875455645
4509,5,19,no,2,0.013877287424482243,0.013877287424482243
4510,5,19,yes,8,0.05540252592153766,0.05540252592153766
2944,3,11,yes,1,-0.005701604461620269,0.005701604461620269
6344,5,21,yes,1,-0.0015497472996397268,0.0015497472996397268
1409,3,8,yes,1,0.004697221546987929,0.004697221546987929
5736,5,20,yes,6,0.04099972324551482,0.04099972324551482
4511,5,19,no,1,-0.006888044756477085,0.006888044756477085
1410,3,8,no,1,-0.004697221546987929,0.004697221546987929
5737,5,20,yes,2,-0.013757572045569155,0.013757572045569155
6345,5,21,yes,1,-0.0015122014532747904,0.0015122014532747904
1411,3,8,yes,1,-0.004771406440793768,0.004771406440793768
5738,5,20,no,1,-0.0068484456234291224,0.0068484456234291224
4512,5,19,no,9,-0.06239176858954282,0.06239176858954282
2067,3,9,no,5,-0.030405243596697384,0.030405243596697384
2945,3,11,no,1,-0.0057680800157665635,0.0057680800157665635
5739,5,20,no,1,-0.006824831682392396,0.006824831682392396
2068,3,9,yes,1,0.0061985164077413835,0.0061985164077413835
4513,5,19,no,1,-0.00692794968177024,0.00692794968177024
1412,3,8,yes,1,0.004771406440793768,0.004771406440793768
648,3,7,no,1,0.0041064676986638515,0.0041064676986638515
2069,3,9,yes,1,0.00614129254867346,0.00614129254867346
2946,3,11,yes,1,-0.005833461048261657,0.005833461048261657
4514,5,19,no,5,-0.03442726583128497,0.03442726583128497
5740,5,20,no,2,-0.013568873894124145,0.013568873894124145
4515,5,19,yes,1,0.0068484456234291224,0.0068484456234291224
4516,5,19,no,2,-0.013673277305821518,0.013673277305821518
4517,5,19,no,2,0.013673277305821518,0.013673277305821518
6346,5,21,no,1,-0.0014754412634813557,0.0014754412634813557
4518,5,19,yes,10,0.06921337300837388,0.06921337300837388
2947,3,11,no,1,-0.0058976716028927845,0.0058976716028927845
4519,5,19,no,17,0.1150793472039684,0.1150793472039684
4520,5,19,no,1,-0.00650533374811868,0.00650533374811868
4521,5,19,no,8,-0.05345799863366407,0.05345799863366407
1413,3,8,yes,1,0.004697221546987929,0.004697221546987929
4522,5,19,yes,1,0.0067987210476098126,0.0067987210476098126
5741,5,20,no,6,-0.03988912473953987,0.03988912473953987
5742,5,20,yes,7,-0.04449555397170407,0.04449555397170407
6347,5,21,no,1,0.0014754412634813557,0.0014754412634813557
4523,5,19,yes,1,-0.0067987210476098126,0.0067987210476098126
4524,5,19,no,1,-0.0068248316823924515,0.0068248316823924515
1414,3,8,no,1,0.00462298351148227,0.00462298351148227
1415,3,8,yes,1,0.004548750366815679,0.004548750366815679
4525,5,19,no,1,-0.0068484456234291224,0.0068484456234291224
5743,5,20,yes,1,0.006198516407741439,0.006198516407741439
5744,5,20,no,9,0.05807103078732545,0.05807103078732545
5745,5,20,no,1,0.0066701446519749075,0.0066701446519749075
4526,5,19,no,3,-0.020661541908964964,0.020661541908964964
2948,3,11,no,7,-0.04296739249876991,0.04296739249876991
5746,5,20,no,15,-0.09514641903599785,0.09514641903599785
2949,3,11,no,13,0.07736799229517677,0.07736799229517677
4527,5,19,no,1,-0.006917278298890772,0.006917278298890772
5747,5,20,yes,1,-0.005897671602892618,0.005897671602892618
5748,5,20,yes,1,0.005897671602892618,0.005897671602892618
2950,3,11,no,1,-0.005565672514303843,0.005565672514303843
4528,5,19,no,14,-0.09675056762270373,0.09675056762270373
5749,5,20,yes,5,0.030405243596697495,0.030405243596697495
5750,5,20,yes,1,0.006254119513938561,0.006254119513938561
1416,3,8,no,1,-0.004548750366815679,0.004548750366815679
5751,5,20,no,1,0.006308029388133907,0.006308029388133907
5752,5,20,yes,1,-0.006308029388133907,0.006308029388133907
2070,3,9,no,3,-0.01859392847035335,0.01859392847035335
4529,5,19,yes,1,0.006824831682392396,0.006824831682392396
5753,5,20,no,4,0.02553758430190539,0.02553758430190539
5754,5,20,yes,1,0.00650533374811868,0.00650533374811868
2071,3,9,no,1,0.006254119513938505,0.006254119513938505
4530,5,19,no,1,0.0068484456234291224,0.0068484456234291224
4531,5,19,no,8,0.055328055262369,0.055328055262369
2951,3,11,yes,16,-0.09753720844276303,0.09753720844276303
2952,3,11,no,1,0.00650533374811868,0.00650533374811868
6348,5,21,yes,1,-0.0014754412634813557,0.0014754412634813557
4532,5,19,yes,1,-0.006943997948260672,0.006943997948260672
5755,5,20,no,6,0.03988912473953987,0.03988912473953987
5756,5,20,no,14,-0.0905259712599174,0.0905259712599174
5757,5,20,yes,1,0.00614129254867346,0.00614129254867346
4533,5,19,no,3,0.02082931569426555,0.02082931569426555
2953,3,11,no,1,-0.00650533374811868,0.00650533374811868
4534,5,19,yes,14,0.0954322240975557,0.0954322240975557
2954,3,11,yes,11,0.06870228116066002,0.06870228116066002
5758,5,20,yes,1,0.006198516407741439,0.006198516407741439
5759,5,20,yes,3,0.018922323677086184,0.018922323677086184
5760,5,20,no,1,0.006410485830370238,0.006410485830370238
5761,5,20,yes,8,0.05285335279604608,0.05285335279604608
5762,5,20,no,5,-0.033339385081198714,0.033339385081198714
4535,5,19,yes,1,-0.006632203865068909,0.006632203865068909
4536,5,19,no,1,-0.0066701446519749075,0.0066701446519749075
4537,5,19,yes,3,0.019894398216996678,0.019894398216996678
4538,5,19,no,1,-0.006592049699952862,0.006592049699952862
4539,5,19,no,8,-0.053989486581191626,0.053989486581191626
5763,5,20,no,12,-0.07525202081900129,0.07525202081900129
5764,5,20,no,1,0.005960635697199068,0.005960635697199068
4540,5,19,no,1,-0.006869527289091959,0.006869527289091959
4541,5,19,yes,1,-0.006888044756477085,0.006888044756477085
1417,3,8,no,12,-0.06033289404395015,0.06033289404395015
1418,3,8,no,2,0.010781711858831922,0.010781711858831922
4542,5,19,no,1,-0.00690396986339592,0.00690396986339592
1419,3,8,no,1,0.005283976781832678,0.005283976781832678
2072,3,9,no,1,0.0061985164077413835,0.0061985164077413835
4543,5,19,no,2,0.013792014619873005,0.013792014619873005
2955,3,11,yes,1,0.0058976716028927845,0.0058976716028927845
4544,5,19,no,1,-0.006888044756477085,0.006888044756477085
5765,5,20,no,5,0.030698727413436988,0.030698727413436988
6349,5,21,yes,1,-0.0014394566732602587,0.0014394566732602587
4545,5,19,yes,1,-0.00690396986339592,0.00690396986339592
5766,5,20,no,1,-0.006254119513938561,0.006254119513938561
5767,5,20,no,7,-0.04213637624785194,0.04213637624785194
5768,5,20,no,1,-0.0057680800157664525,0.0057680800157664525
4546,5,19,no,1,-0.006917278298890772,0.006917278298890772
1420,3,8,no,6,-0.03276183777961361,0.03276183777961361
4547,5,19,no,1,0.006917278298890772,0.006917278298890772
5769,5,20,yes,1,0.0057680800157664525,0.0057680800157664525
5770,5,20,no,1,0.005833461048261823,0.005833461048261823
2956,3,11,yes,3,0.01730314552564849,0.01730314552564849
5771,5,20,yes,16,0.10104409063889047,0.10104409063889047
1421,3,8,yes,1,0.005634110153561744,0.005634110153561744
4548,5,19,no,4,-0.027722515405143255,0.027722515405143255
1422,3,8,yes,13,0.06677194951785514,0.06677194951785514
1423,3,8,no,1,-0.004697221546987929,0.004697221546987929
1424,3,8,no,1,-0.004771406440793768,0.004771406440793768
4549,5,19,no,10,0.0688560556675396,0.0688560556675396
4550,5,19,yes,5,0.03351748822776024,0.03351748822776024
4551,5,19,no,1,0.006592049699952862,0.006592049699952862
4552,5,19,no,1,-0.006592049699952862,0.006592049699952862
4553,5,19,no,1,-0.006632203865068909,0.006632203865068909
6350,5,21,yes,1,-0.0014042374014612488,0.0014042374014612488
5772,5,20,no,3,-0.019894398216996567,0.019894398216996567
4554,5,19,no,1,0.006632203865068909,0.006632203865068909
4555,5,19,yes,2,0.01314178935829402,0.01314178935829402
6351,5,21,yes,1,0.0014042374014612488,0.0014042374014612488
4556,5,19,no,3,-0.01977399322336293,0.01977399322336293
5773,5,20,no,19,-0.11514898708649152,0.11514898708649152
4557,5,19,no,1,-0.0066701446519749075,0.0066701446519749075
5774,5,20,yes,3,0.016696149138949012,0.016696149138949012
5775,5,20,yes,4,-0.02212241545061905,0.02212241545061905
4558,5,19,yes,13,-0.08907119537825603,0.08907119537825603
5776,5,20,yes,1,0.005426266311670036,0.005426266311670036
4559,5,19,no,3,0.020805237106252483,0.020805237106252483
4560,5,19,no,1,-0.00692794968177024,0.00692794968177024
5777,5,20,yes,1,0.005496366471083369,0.005496366471083369
5778,5,20,no,1,0.00556567251430401,0.00556567251430401
5779,5,20,no,1,0.005634110153561633,0.005634110153561633
5780,5,20,yes,1,0.005701604461620324,0.005701604461620324
5781,5,20,no,1,0.0057680800157664525,0.0057680800157664525
5782,5,20,yes,2,0.011731132651154441,0.011731132651154441
6352,5,21,yes,1,-0.0014042374014612488,0.0014042374014612488
3782,5,18,yes,1,0.0010917613765485043,0.0010917613765485043
5783,5,20,yes,1,-0.005897671602892618,0.005897671602892618
5784,5,20,yes,1,0.005897671602892618,0.005897671602892618
5785,5,20,yes,1,0.005960635697199068,0.005960635697199068
5786,5,20,no,1,0.006022277489922567,0.006022277489922567
6353,5,21,yes,11,0.017513225747662557,0.017513225747662557
5787,5,20,yes,1,0.006082521453160961,0.006082521453160961
5788,5,20,yes,1,0.00614129254867346,0.00614129254867346
4561,5,19,yes,1,0.00692794968177024,0.00692794968177024
5789,5,20,yes,4,0.025120840084827623,0.025120840084827623
3783,5,18,no,12,-0.01141831522935707,0.01141831522935707
2957,3,11,yes,3,-0.01730314552564849,0.01730314552564849
5790,5,20,yes,4,0.025924453545217607,0.025924453545217607
4562,5,19,yes,2,0.013821248162286692,0.013821248162286692
5791,5,20,yes,17,-0.10408694810110414,0.10408694810110414
4563,5,19,no,1,0.006888044756477085,0.006888044756477085
4564,5,19,yes,5,0.03411167848903773,0.03411167848903773
5792,5,20,yes,3,0.01710379463094841,0.01710379463094841
4565,5,19,no,1,-0.006770152846514388,0.006770152846514388
4566,5,19,yes,1,-0.0067987210476098126,0.0067987210476098126
4567,5,19,yes,5,-0.03433481921478654,0.03433481921478654
2958,3,11,yes,1,-0.0058976716028927845,0.0058976716028927845
5793,5,20,no,2,0.011731132651154441,0.011731132651154441
1425,3,8,no,1,-0.00484547836750715,0.00484547836750715
4568,5,19,yes,1,0.00690396986339592,0.00690396986339592
5794,5,20,no,11,0.06870228116066013,0.06870228116066013
2959,3,11,no,2,-0.011982913187121635,0.011982913187121635
2073,3,9,no,1,-0.0061985164077413835,0.0061985164077413835
4569,5,19,yes,1,0.006888044756477085,0.006888044756477085
2960,3,11,no,1,-0.006082521453160905,0.006082521453160905
6354,5,21,yes,2,-0.0035416436425469294,0.0035416436425469294
2074,3,9,no,1,0.0061985164077413835,0.0061985164077413835
4570,5,19,yes,1,0.006869527289091959,0.006869527289091959
6355,5,21,yes,1,-0.0017079790593417937,0.0017079790593417937
5795,5,20,no,1,0.006549739658341158,0.006549739658341158
5796,5,20,no,1,-0.006549739658341158,0.006549739658341158
2448,3,10,no,1,-0.0010642405575950198,0.0010642405575950198
2075,3,9,no,1,0.00614129254867346,0.00614129254867346
4571,5,19,no,1,-0.006869527289091959,0.006869527289091959
4572,5,19,no,1,0.006869527289091959,0.006869527289091959
4573,5,19,yes,1,0.0068484456234291224,0.0068484456234291224
2961,3,11,yes,1,0.006082521453160905,0.006082521453160905
2449,3,10,no,1,-0.001091761376548539,0.001091761376548539
4574,5,19,no,3,-0.020606017668998167,0.020606017668998167
1426,3,8,yes,12,-0.06379355777774831,0.06379355777774831
5797,5,20,no,1,-0.00650533374811868,0.00650533374811868
1427,3,8,no,1,0.005701604461620269,0.005701604461620269
1428,3,8,no,14,0.07240605967141689,0.07240605967141689
1429,3,8,no,1,0.00462298351148227,0.00462298351148227
4575,5,19,yes,3,0.020606017668998167,0.020606017668998167
4576,5,19,yes,2,0.013623552730002264,0.013623552730002264
1430,3,8,no,1,-0.00462298351148227,0.00462298351148227
4577,5,19,no,2,0.013509322475626195,0.013509322475626195
4578,5,19,no,6,-0.04085084811814954,0.04085084811814954
2450,3,10,no,1,0.001091761376548539,0.001091761376548539
4579,5,19,no,2,-0.013792014619873005,0.013792014619873005
4580,5,19,yes,6,0.04113354026239635,0.04113354026239635
5798,5,20,yes,1,-0.0064588943083875305,0.0064588943083875305
5799,5,20,no,2,-0.012770660605383954,0.012770660605383954
4581,5,19,yes,1,-0.0067987210476098126,0.0067987210476098126
1431,3,8,yes,1,0.00462298351148227,0.00462298351148227
4582,5,19,no,6,-0.04125209751367731,0.04125209751367731
4583,5,19,yes,4,0.027578820207855737,0.027578820207855737
5800,5,20,yes,4,-0.024901957858487367,0.024901957858487367
5801,5,20,no,1,-0.006082521453160961,0.006082521453160961
4584,5,19,no,1,-0.006869527289091959,0.006869527289091959
6356,5,21,yes,9,-0.013633376013347825,0.013633376013347825
1432,3,8,no,1,0.004548750366815679,0.004548750366815679
5802,5,20,yes,8,0.05021403422541981,0.05021403422541981
1433,3,8,yes,1,0.004474578305496801,0.004474578305496801
4585,5,19,no,14,0.09337551711545411,0.09337551711545411
4586,5,19,yes,1,-0.006410485830370405,0.006410485830370405
5803,5,20,no,1,-0.0064588943083875305,0.0064588943083875305
2962,3,11,no,1,-0.006082521453160905,0.006082521453160905
4587,5,19,no,1,-0.0064588943083874195,0.0064588943083874195
1434,3,8,yes,1,-0.004474578305496801,0.004474578305496801
4588,5,19,no,1,-0.00650533374811868,0.00650533374811868
4589,5,19,yes,6,0.03829703756396263,0.03829703756396263
4590,5,19,no,10,-0.06474117543930047,0.06474117543930047
2963,3,11,yes,1,-0.00614129254867346,0.00614129254867346
2076,3,9,no,1,0.006082521453160905,0.006082521453160905
4591,5,19,no,1,-0.006705817235090228,0.006705817235090228
4592,5,19,yes,6,0.039655288858546744,0.039655288858546744
4593,5,19,yes,1,-0.00650533374811868,0.00650533374811868
4594,5,19,yes,3,0.019374713886876505,0.019374713886876505
5804,5,20,yes,2,-0.012770660605383954,0.012770660605383954
4595,5,19,no,6,-0.039148707110239434,0.039148707110239434
4596,5,19,no,7,-0.04735728271612272,0.04735728271612272
2077,3,9,no,3,-0.01842233040957575,0.01842233040957575
1435,3,8,yes,11,-0.054099932551933905,0.054099932551933905
2964,3,11,yes,1,0.00614129254867346,0.00614129254867346
1436,3,8,yes,1,0.005283976781832678,0.005283976781832678
2078,3,9,yes,8,-0.05143882692225665,0.05143882692225665
6357,5,21,yes,8,-0.009804466920764504,0.009804466920764504
2079,3,9,no,1,0.006592049699952862,0.006592049699952862
2080,3,9,no,1,0.006549739658341158,0.006549739658341158
2081,3,9,yes,1,0.00650533374811868,0.00650533374811868
4597,5,19,no,1,0.0068484456234291224,0.0068484456234291224
5805,5,20,yes,1,0.006360174775013716,0.006360174775013716
5806,5,20,no,7,-0.04336693157658461,0.04336693157658461
5807,5,20,yes,13,-0.07227460259751275,0.07227460259751275
5808,5,20,yes,1,0.005139380401899957,0.005139380401899957
2082,3,9,no,12,0.07392808006369578,0.07392808006369578
5809,5,20,yes,11,0.06117458649841373,0.06117458649841373
2083,3,9,no,12,-0.07392808006369578,0.07392808006369578
5810,5,20,no,1,0.005960635697199068,0.005960635697199068
5811,5,20,yes,1,0.006022277489922567,0.006022277489922567
6358,5,21,yes,10,-0.009752695235321511,0.009752695235321511
4598,5,19,no,1,-0.0068484456234291224,0.0068484456234291224
5812,5,20,yes,1,0.006082521453160961,0.006082521453160961
5813,5,20,no,13,0.08378680163080554,0.08378680163080554
4599,5,19,no,1,-0.006869527289091959,0.006869527289091959
2084,3,9,no,1,0.0064588943083874195,0.0064588943083874195
5814,5,20,yes,1,-0.006705817235090283,0.006705817235090283
4600,5,19,no,16,0.10604372127860173,0.10604372127860173
4601,5,19,no,1,-0.006308029388134018,0.006308029388134018
4602,5,19,no,7,0.04296739249876991,0.04296739249876991
3668,5,17,yes,10,0.009752695235321511,0.009752695235321511
5815,5,20,yes,1,-0.0066701446519749075,0.0066701446519749075
4603,5,19,no,1,0.0058976716028927845,0.0058976716028927845
4604,5,19,no,1,-0.0058976716028927845,0.0058976716028927845
2085,3,9,no,2,0.01277066060538401,0.01277066060538401
5816,5,20,no,1,-0.006632203865068964,0.006632203865068964
5817,5,20,no,10,-0.06377863587867139,0.06377863587867139
4605,5,19,no,9,-0.05573805310415392,0.05573805310415392
5818,5,20,no,1,-0.006082521453160961,0.006082521453160961
5819,5,20,no,9,-0.051879879454611866,0.051879879454611866
4606,5,19,no,1,-0.0064588943083874195,0.0064588943083874195
5820,5,20,yes,1,0.005496366471083369,0.005496366471083369
4607,5,19,no,11,-0.07363660968760433,0.07363660968760433
5821,5,20,yes,1,0.00556567251430401,0.00556567251430401
4608,5,19,yes,1,0.0068484456234291224,0.0068484456234291224
4609,5,19,no,3,-0.020606017668998167,0.020606017668998167
5822,5,20,no,1,-0.00556567251430401,0.00556567251430401
5823,5,20,no,1,0.00556567251430401,0.00556567251430401
5824,5,20,yes,9,0.05304165447105891,0.05304165447105891
4610,5,19,no,1,0.006888044756477085,0.006888044756477085
5825,5,20,yes,1,0.006198516407741439,0.006198516407741439
2965,3,11,no,1,-0.00614129254867346,0.00614129254867346
5826,5,20,yes,1,0.006254119513938561,0.006254119513938561
5827,5,20,yes,1,0.006308029388133907,0.006308029388133907
6359,5,21,yes,1,0.0008658937548615686,0.0008658937548615686
2086,3,9,yes,1,0.006308029388134018,0.006308029388134018
4611,5,19,yes,1,0.006869527289091959,0.006869527289091959
6360,5,21,yes,1,0.0008886702091033122,0.0008886702091033122
2966,3,11,yes,4,-0.02512084008482751,0.02512084008482751
2967,3,11,yes,1,0.006360174775013605,0.006360174775013605
2087,3,9,yes,1,0.006254119513938505,0.006254119513938505
2968,3,11,no,1,-0.006360174775013605,0.006360174775013605
2088,3,9,yes,7,0.042136376247851826,0.042136376247851826
4612,5,19,yes,1,-0.006869527289091959,0.006869527289091959
4613,5,19,no,1,-0.006888044756477085,0.006888044756477085
2089,3,9,no,8,-0.04839049576179033,0.04839049576179033
3669,5,17,no,2,-0.0021560019341434686,0.0021560019341434686
2090,3,9,no,5,0.030698727413436933,0.030698727413436933
4614,5,19,yes,4,0.027430849351390618,0.027430849351390618
2091,3,9,yes,3,0.0176917683483534,0.0176917683483534
5828,5,20,no,1,-0.006308029388133907,0.006308029388133907
5829,5,20,yes,8,0.05181691127338689,0.05181691127338689
2969,3,11,no,1,0.006360174775013605,0.006360174775013605
5830,5,20,yes,4,-0.026279326971481498,0.026279326971481498
2970,3,11,no,6,0.03700675680157095,0.03700675680157095
2971,3,11,no,13,-0.08251563868682399,0.08251563868682399
2972,3,11,yes,5,0.03273822127986903,0.03273822127986903
5831,5,20,no,1,-0.0064588943083875305,0.0064588943083875305
2092,3,9,no,2,-0.011731132651154441,0.011731132651154441
2973,3,11,yes,3,0.019078689993518028,0.019078689993518028
4615,5,19,no,9,-0.062057334619929794,0.062057334619929794
5832,5,20,yes,5,-0.03153132591519786,0.03153132591519786
2974,3,11,no,1,-0.006308029388134018,0.006308029388134018
2975,3,11,no,1,-0.006360174775013605,0.006360174775013605
4616,5,19,yes,7,0.04838405731410822,0.04838405731410822
5833,5,20,yes,8,-0.047407544317497274,0.047407544317497274
2976,3,11,no,1,0.006360174775013605,0.006360174775013605
5834,5,20,yes,12,0.0725283844023249,0.0725283844023249
2093,3,9,no,8,0.04532323257916038,0.04532323257916038
2094,3,9,yes,1,-0.0054262663116700915,0.0054262663116700915
4617,5,19,yes,1,0.0068484456234291224,0.0068484456234291224
4618,5,19,no,10,0.0667881640641752,0.0667881640641752
2095,3,9,yes,7,-0.039896966267490286,0.039896966267490286
4619,5,19,yes,9,-0.05996333238178275,0.05996333238178275
4620,5,19,no,1,-0.0068248316823924515,0.0068248316823924515
2977,3,11,no,1,0.006308029388134018,0.006308029388134018
6361,5,21,yes,5,0.004804777202164517,0.004804777202164517
6362,5,21,yes,5,0.005462025591101517,0.005462025591101517
5835,5,20,no,13,-0.07816249455588653,0.07816249455588653
5836,5,20,yes,1,0.005634110153561633,0.005634110153561633
3670,5,17,yes,1,0.0010642405575949643,0.0010642405575949643
4621,5,19,no,1,-0.0068484456234291224,0.0068484456234291224
5837,5,20,yes,7,0.041266251768823814,0.041266251768823814
4622,5,19,no,11,0.07363660968760433,0.07363660968760433
5838,5,20,yes,1,-0.006082521453160961,0.006082521453160961
2978,3,11,no,1,-0.006308029388134018,0.006308029388134018
4623,5,19,no,7,-0.04639445848765855,0.04639445848765855
4624,5,19,yes,4,0.02674733538124585,0.02674733538124585
4625,5,19,yes,1,-0.006632203865068909,0.006632203865068909
6363,5,21,no,1,-0.0011487455855182932,0.0011487455855182932
4626,5,19,no,7,-0.04735728271612272,0.04735728271612272
5839,5,20,yes,3,0.01842233040957586,0.01842233040957586
4627,5,19,yes,1,0.0068484456234291224,0.0068484456234291224
5840,5,20,no,1,-0.006198516407741439,0.006198516407741439
2979,3,11,yes,1,-0.006360174775013605,0.006360174775013605
2980,3,11,yes,4,0.02512084008482751,0.02512084008482751
4628,5,19,yes,6,0.040508837092693595,0.040508837092693595
5841,5,20,yes,7,0.04449555397170407,0.04449555397170407
2981,3,11,no,2,-0.012452635921679889,0.012452635921679889
5842,5,20,no,7,0.04665927758605415,0.04665927758605415
6364,5,21,yes,16,0.02231791699772122,0.02231791699772122
2096,3,9,no,1,0.0058976716028927845,0.0058976716028927845
4629,5,19,no,1,0.006632203865068909,0.006632203865068909
6365,5,21,yes,1,-0.0016671954327226735,0.0016671954327226735
4630,5,19,no,5,-0.03351748822776024,0.03351748822776024
5843,5,20,no,12,-0.07870219563607822,0.07870219563607822
4631,5,19,yes,2,0.013509322475626195,0.013509322475626195
4632,5,19,yes,1,0.006705817235090228,0.006705817235090228
4633,5,19,no,2,0.013302348517043816,0.013302348517043816
4634,5,19,yes,1,0.006592049699952862,0.006592049699952862
4635,5,19,no,9,-0.06058153628114449,0.06058153628114449
5844,5,20,no,1,-0.006254119513938561,0.006254119513938561
4636,5,19,yes,2,0.013673277305821574,0.013673277305821574
4637,5,19,no,1,-0.0068248316823924515,0.0068248316823924515
2982,3,11,yes,10,-0.06519287316045219,0.06519287316045219
4638,5,19,yes,4,-0.027509987532394087,0.027509987532394087
2983,3,11,yes,1,0.006705817235090228,0.006705817235090228
2097,3,9,no,1,0.005833461048261657,0.005833461048261657
2984,3,11,no,10,0.06474117543930047,0.06474117543930047
5845,5,20,yes,1,-0.006198516407741439,0.006198516407741439
5846,5,20,yes,1,-0.00614129254867346,0.00614129254867346
5847,5,20,no,6,-0.03556464730720349,0.03556464730720349
5848,5,20,yes,1,0.0057680800157664525,0.0057680800157664525
5849,5,20,yes,1,0.005833461048261823,0.005833461048261823
4639,5,19,yes,4,0.027509987532394087,0.027509987532394087
6366,5,21,yes,3,-0.004765070821573507,0.004765070821573507
4640,5,19,no,5,-0.03442726583128486,0.03442726583128486
4641,5,19,yes,1,0.006917278298890772,0.006917278298890772
6367,5,21,yes,8,0.013517240744196142,0.013517240744196142
6368,5,21,yes,1,-0.0018353517880112385,0.0018353517880112385
5850,5,20,yes,4,0.023963106243175214,0.023963106243175214
5851,5,20,no,1,-0.006082521453160961,0.006082521453160961
4642,5,19,no,12,-0.08312504132668086,0.08312504132668086
4643,5,19,yes,1,0.00688804475647703,0.00688804475647703
2985,3,11,no,3,0.01842233040957575,0.01842233040957575
4644,5,19,yes,8,0.055455800962804724,0.055455800962804724
2986,3,11,yes,1,0.006022277489922678,0.006022277489922678
4645,5,19,no,13,0.08880002023248679,0.08880002023248679
5852,5,20,no,7,-0.04081784046922449,0.04081784046922449
6369,5,21,yes,12,0.025130673068556708,0.025130673068556708
5853,5,20,yes,1,-0.00556567251430401,0.00556567251430401
5854,5,20,yes,1,0.00556567251430401,0.00556567251430401
4646,5,19,yes,8,-0.054226810005214676,0.054226810005214676
5855,5,20,yes,5,0.02883492728210285,0.02883492728210285
4647,5,19,yes,1,0.006869527289091959,0.006869527289091959
2098,3,9,no,4,-0.023714045838276077,0.023714045838276077
3784,5,18,yes,1,0.0008219595267588975,0.0008219595267588975
5856,5,20,no,5,0.030405243596697495,0.030405243596697495
5857,5,20,yes,15,0.09857986788001905,0.09857986788001905
5858,5,20,yes,1,0.0068484456234291224,0.0068484456234291224
4648,5,19,no,18,0.11776812245986312,0.11776812245986312
5859,5,20,yes,1,-0.0068484456234291224,0.0068484456234291224
4649,5,19,no,7,-0.044131512772258796,0.044131512772258796
6370,5,21,yes,1,0.0024231349516898176,0.0024231349516898176
5860,5,20,yes,1,-0.006824831682392396,0.006824831682392396
6371,5,21,no,1,-0.0024231349516898176,0.0024231349516898176
6372,5,21,no,1,-0.0023692703768096873,0.0023692703768096873
4650,5,19,yes,7,-0.04639445848765855,0.04639445848765855
5861,5,20,yes,1,-0.006798721047609868,0.006798721047609868
4651,5,19,no,17,0.10859140590019989,0.10859140590019989
5862,5,20,yes,11,-0.07239416624794431,0.07239416624794431
6373,5,21,yes,3,-0.006793549724365605,0.006793549724365605
4652,5,19,no,1,-0.005960635697198957,0.005960635697198957
4653,5,19,no,4,-0.024444607899498427,0.024444607899498427
4654,5,19,no,1,-0.006254119513938505,0.006254119513938505
5863,5,20,yes,12,0.07919288729555418,0.07919288729555418
6374,5,21,yes,13,-0.02451190601445096,0.02451190601445096
6375,5,21,no,14,0.026724938423575158,0.026724938423575158
5864,5,20,yes,14,-0.09175503619762665,0.09175503619762665
6376,5,21,yes,1,-0.0022130324091241965,0.0022130324091241965
4655,5,19,yes,1,0.006254119513938505,0.006254119513938505
4656,5,19,no,1,-0.006254119513938505,0.006254119513938505
4657,5,19,yes,7,-0.04518470740831815,0.04518470740831815
4658,5,19,no,10,-0.06774705862676067,0.06774705862676067
4659,5,19,no,1,-0.00690396986339592,0.00690396986339592
6377,5,21,no,1,-0.0021627369816222125,0.0021627369816222125
6378,5,21,yes,5,0.011325557082797505,0.011325557082797505
4660,5,19,yes,8,0.054642862738022546,0.054642862738022546
2987,3,11,yes,2,0.011858307300091742,0.011858307300091742
5865,5,20,no,1,-0.006198516407741439,0.006198516407741439
4661,5,19,no,9,-0.06156014103691332,0.06156014103691332
4662,5,19,yes,6,0.04125209751367731,0.04125209751367731
6379,5,21,yes,5,0.01267209644430968,0.01267209644430968
5866,5,20,yes,12,0.07764550908213208,0.07764550908213208
5867,5,20,no,8,-0.05252466899730446,0.05252466899730446
6380,5,21,yes,1,-0.002647472861640701,0.002647472861640701
4663,5,19,yes,2,0.0135688738941242,0.0135688738941242
4664,5,19,no,1,0.0067391696291118075,0.0067391696291118075
6381,5,21,no,1,-0.0025900635645267206,0.0025900635645267206
2099,3,9,no,2,-0.012223814001834366,0.012223814001834366
6382,5,21,yes,1,-0.002533534559738787,0.002533534559738787
4665,5,19,yes,8,0.05252466899730457,0.05252466899730457
4666,5,19,no,10,-0.06603399147293076,0.06603399147293076
5868,5,20,no,12,-0.0725283844023249,0.0725283844023249
5869,5,20,yes,7,0.041266251768823814,0.041266251768823814
2988,3,11,yes,6,0.0339992946645975,0.0339992946645975
2989,3,11,no,1,0.0054262663116700915,0.0054262663116700915
6383,5,21,no,1,-0.0024778905067136536,0.0024778905067136536
6384,5,21,yes,13,0.0368009956148946,0.0368009956148946
4667,5,19,no,7,0.04665927758605426,0.04665927758605426
6385,5,21,yes,9,-0.026552034122274734,0.026552034122274734
6386,5,21,yes,5,0.014128837152522819,0.014128837152522819
4668,5,19,no,1,-0.006549739658341158,0.006549739658341158
4669,5,19,yes,1,-0.006592049699952862,0.006592049699952862
2990,3,11,no,6,-0.033592099928005936,0.033592099928005936
6387,5,21,yes,1,0.003010001079055108,0.003010001079055108
4670,5,19,no,9,-0.060859013870283585,0.060859013870283585
6388,5,21,yes,6,-0.017138838231577927,0.017138838231577927
6389,5,21,no,4,-0.010248961492619862,0.010248961492619862
4671,5,19,yes,1,0.006869527289091959,0.006869527289091959
6390,5,21,yes,11,0.03046113774171992,0.03046113774171992
5870,5,20,yes,4,0.024901957858487367,0.024901957858487367
6391,5,21,yes,8,-0.02285964911074076,0.02285964911074076
5871,5,20,no,9,-0.054698525149924404,0.054698525149924404
5872,5,20,no,1,-0.0057680800157664525,0.0057680800157664525
6392,5,21,no,1,-0.0025900635645267206,0.0025900635645267206
2991,3,11,no,15,-0.09357520317010848,0.09357520317010848
4672,5,19,no,1,-0.006869527289091959,0.006869527289091959
6393,5,21,no,4,-0.009803830394951946,0.009803830394951946
2992,3,11,yes,1,0.006592049699952862,0.006592049699952862
5873,5,20,no,1,0.0057680800157664525,0.0057680800157664525
5874,5,20,yes,1,0.005833461048261823,0.005833461048261823
4673,5,19,yes,13,0.0869650312850837,0.0869650312850837
2993,3,11,yes,4,-0.026600215452086906,0.026600215452086906
4674,5,19,no,1,-0.0064588943083874195,0.0064588943083874195
2994,3,11,yes,1,0.006705817235090228,0.006705817235090228
2995,3,11,yes,6,0.039408365931843936,0.039408365931843936
3671,5,17,yes,1,0.0010917613765485043,0.0010917613765485043
4675,5,19,yes,11,-0.07363660968760433,0.07363660968760433
5875,5,20,yes,1,0.005897671602892618,0.005897671602892618
3672,5,17,no,1,-0.0010917613765485043,0.0010917613765485043
4676,5,19,yes,7,0.04735728271612272,0.04735728271612272
5876,5,20,yes,2,0.011982913187121635,0.011982913187121635
4677,5,19,yes,13,0.08251563868682399,0.08251563868682399
4678,5,19,no,16,-0.10263077020300093,0.10263077020300093
5877,5,20,yes,11,-0.06266159131344379,0.06266159131344379
2996,3,11,yes,3,0.019078689993518028,0.019078689993518028
5878,5,20,yes,9,0.05067867812632215,0.05067867812632215
6394,5,21,yes,1,0.0023692703768096873,0.0023692703768096873
3673,5,17,yes,2,0.0022116873129396156,0.0022116873129396156
4679,5,19,yes,1,0.0067391696291118075,0.0067391696291118075
5879,5,20,no,10,-0.055962654908154885,0.055962654908154885
5880,5,20,no,4,-0.02041073977320626,0.02041073977320626
4680,5,19,no,4,-0.02713287520562846,0.02713287520562846
2997,3,11,yes,2,0.012452635921679889,0.012452635921679889
5881,5,20,no,1,0.004993035387778344,0.004993035387778344
5882,5,20,yes,1,0.005066392393269115,0.005066392393269115
5883,5,20,no,4,0.02099073432115342,0.02099073432115342
6395,5,21,no,9,0.023853457123008043,0.023853457123008043
6396,5,21,no,1,-0.002885778044461579,0.002885778044461579
5884,5,20,yes,1,0.005426266311670036,0.005426266311670036
5885,5,20,yes,1,0.005496366471083369,0.005496366471083369
6397,5,21,no,1,-0.0028249181734272544,0.0028249181734272544
5886,5,20,yes,1,0.00556567251430401,0.00556567251430401
5887,5,20,yes,1,0.005634110153561633,0.005634110153561633
6398,5,21,no,1,-0.002764907831860508,0.002764907831860508
6399,5,21,no,1,-0.0027057566289490215,0.0027057566289490215
4681,5,19,yes,1,0.0068248316823924515,0.0068248316823924515
4682,5,19,no,12,0.07919288729555418,0.07919288729555418
4683,5,19,yes,7,0.04296739249876991,0.04296739249876991
4684,5,19,no,4,-0.024206727188956,0.024206727188956
4685,5,19,no,1,-0.0061985164077413835,0.0061985164077413835
2998,3,11,yes,2,0.012223814001834366,0.012223814001834366
4686,5,19,no,8,-0.05143882692225665,0.05143882692225665
6400,5,21,no,1,-0.002647472861640701,0.002647472861640701
4687,5,19,no,1,-0.006632203865068909,0.006632203865068909
5888,5,20,yes,1,-0.005634110153561633,0.005634110153561633
5889,5,20,no,1,0.005634110153561633,0.005634110153561633
5890,5,20,yes,1,0.005701604461620324,0.005701604461620324
4688,5,19,no,1,0.006632203865068909,0.006632203865068909
3785,5,18,yes,2,0.00170955422213823,0.00170955422213823
6401,5,21,yes,9,-0.021350180665466484,0.021350180665466484
3674,5,17,yes,5,0.006045422433481877,0.006045422433481877
5891,5,20,yes,1,0.0057680800157664525,0.0057680800157664525
3675,5,17,yes,2,0.0026391185508915158,0.0026391185508915158
3786,5,18,yes,6,0.00569344741126783,0.00569344741126783
5892,5,20,no,4,-0.02266946714525242,0.02266946714525242
4689,5,19,no,1,0.006592049699952862,0.006592049699952862
4690,5,19,no,11,-0.07433910832671353,0.07433910832671353
3676,5,17,no,1,-0.0013360527153829932,0.0013360527153829932
4691,5,19,no,9,0.06111485476169176,0.06111485476169176
6402,5,21,yes,13,0.03229323616134397,0.03229323616134397
5893,5,20,yes,1,0.00556567251430401,0.00556567251430401
2999,3,11,no,1,-0.006082521453160905,0.006082521453160905
6403,5,21,yes,1,-0.0028249181734272544,0.0028249181734272544
5894,5,20,yes,4,-0.0218437508442193,0.0218437508442193
4692,5,19,yes,1,0.006632203865068909,0.006632203865068909
6404,5,21,yes,1,-0.002764907831860508,0.002764907831860508
6405,5,21,yes,1,0.002764907831860508,0.002764907831860508
5895,5,20,yes,1,0.005355445547161886,0.005355445547161886
4693,5,19,yes,7,0.04518470740831815,0.04518470740831815
4694,5,19,no,10,-0.06519287316045219,0.06519287316045219
5896,5,20,no,7,0.03942556097626765,0.03942556097626765
5897,5,20,yes,1,-0.005833461048261823,0.005833461048261823
6406,5,21,no,1,-0.002764907831860508,0.002764907831860508
6407,5,21,yes,1,-0.0027057566289490215,0.0027057566289490215
5898,5,20,yes,5,0.029796567291437037,0.029796567291437037
3677,5,17,no,9,-0.01062441613952498,0.01062441613952498
5899,5,20,no,1,-0.006082521453160961,0.006082521453160961
5900,5,20,yes,1,-0.006022277489922567,0.006022277489922567
5901,5,20,yes,10,-0.05663931382352122,0.05663931382352122
3678,5,17,yes,1,0.0010642405575949643,0.0010642405575949643
3787,5,18,yes,4,0.004313280005583224,0.004313280005583224
6408,5,21,no,1,0.0027057566289490215,0.0027057566289490215
5902,5,20,yes,3,0.01627807832991529,0.01627807832991529
5903,5,20,yes,4,0.02266946714525242,0.02266946714525242
4695,5,19,no,7,-0.047738892874626626,0.047738892874626626
6409,5,21,yes,14,-0.032898724332248316,0.032898724332248316
6410,5,21,yes,6,-0.011151445452114023,0.011151445452114023
5904,5,20,no,1,-0.0057680800157664525,0.0057680800157664525
5905,5,20,no,2,-0.011335714615181958,0.011335714615181958
4696,5,19,yes,2,0.013757572045569044,0.013757572045569044
4697,5,19,yes,11,0.07363660968760433,0.07363660968760433
4698,5,19,yes,1,-0.00650533374811868,0.00650533374811868
3788,5,18,no,12,-0.011716281638989284,0.011716281638989284
4699,5,19,yes,1,-0.006549739658341158,0.006549739658341158
4700,5,19,no,4,-0.026600215452086906,0.026600215452086906
6411,5,21,yes,1,0.0017495943155862448,0.0017495943155862448
4701,5,19,no,6,0.039655288858546744,0.039655288858546744
4702,5,19,yes,4,-0.02627932697148161,0.02627932697148161
3000,3,11,yes,3,-0.01859392847035335,0.01859392847035335
6412,5,21,yes,1,0.0017920493269606846,0.0017920493269606846
4703,5,19,yes,13,0.08251563868682399,0.08251563868682399
4704,5,19,no,2,-0.012104798943083583,0.012104798943083583
4705,5,19,no,1,0.006082521453160905,0.006082521453160905
4706,5,19,yes,3,0.01788058479001442,0.01788058479001442
3001,3,11,no,4,-0.025537584301905447,0.025537584301905447
3002,3,11,yes,1,0.0064588943083874195,0.0064588943083874195
3789,5,18,yes,11,0.010596355702598172,0.010596355702598172
4707,5,19,yes,2,-0.011858307300091742,0.011858307300091742
4708,5,19,no,1,-0.006022277489922678,0.006022277489922678
3003,3,11,no,2,0.01277066060538401,0.01277066060538401
4709,5,19,no,6,0.03518373031566291,0.03518373031566291
4710,5,19,yes,1,-0.005701604461620269,0.005701604461620269
4711,5,19,no,2,-0.01160154106402822,0.01160154106402822
6413,5,21,yes,9,0.018180885376505612,0.018180885376505612
4712,5,19,no,13,-0.08114969242189396,0.08114969242189396
3679,5,17,yes,1,0.0010917613765485043,0.0010917613765485043
4713,5,19,yes,1,0.006549739658341158,0.006549739658341158
3790,5,18,yes,6,0.007165348369872988,0.007165348369872988
5906,5,20,yes,1,0.005634110153561633,0.005634110153561633
3004,3,11,yes,1,0.006308029388134018,0.006308029388134018
3791,5,18,no,10,-0.011369787220295267,0.011369787220295267
4714,5,19,yes,1,0.00650533374811868,0.00650533374811868
4715,5,19,no,1,0.0064588943083874195,0.0064588943083874195
4716,5,19,no,1,-0.0064588943083874195,0.0064588943083874195
3005,3,11,yes,1,0.006254119513938505,0.006254119513938505
6414,5,21,no,1,-0.0022130324091241965,0.0022130324091241965
6415,5,21,yes,17,0.045184564732872565,0.045184564732872565
5907,5,20,yes,1,-0.005634110153561633,0.005634110153561633
4717,5,19,yes,2,-0.013055073406459838,0.013055073406459838
6416,5,21,no,1,-0.003137471938287534,0.003137471938287534
3006,3,11,yes,3,-0.018922323677086128,0.018922323677086128
6417,5,21,yes,6,0.01981346043917026,0.01981346043917026
4718,5,19,no,1,-0.006592049699952862,0.006592049699952862
6418,5,21,no,1,-0.0034694475658122448,0.0034694475658122448
5908,5,20,no,1,-0.00556567251430401,0.00556567251430401
3680,5,17,no,1,-0.0010917613765485043,0.0010917613765485043
4719,5,19,no,1,0.006592049699952862,0.006592049699952862
6419,5,21,yes,2,-0.006736093500941537,0.006736093500941537
3792,5,18,yes,16,0.019697814076963638,0.019697814076963638
6420,5,21,yes,1,0.003334478476924113,0.003334478476924113
5909,5,20,yes,10,0.05860732698536292,0.05860732698536292
6421,5,21,yes,2,0.0068710625898296684,0.0068710625898296684
4720,5,19,no,20,0.12057525339816155,0.12057525339816155
4721,5,19,no,3,0.015851353919253408,0.015851353919253408
5910,5,20,yes,1,0.006198516407741439,0.006198516407741439
4722,5,19,no,1,-0.0052119315902589,0.0052119315902589
4723,5,19,no,1,-0.005283976781832678,0.005283976781832678
3681,5,17,yes,15,0.01964708535600438,0.01964708535600438
4724,5,19,no,1,-0.00535544554716183,0.00535544554716183
5911,5,20,no,1,-0.006198516407741439,0.006198516407741439
5912,5,20,no,1,-0.00614129254867346,0.00614129254867346
6422,5,21,yes,1,-0.0034694475658122448,0.0034694475658122448
6423,5,21,no,1,-0.0034016150240174237,0.0034016150240174237
4725,5,19,no,1,-0.0054262663116700915,0.0054262663116700915
4726,5,19,no,1,-0.005496366471083425,0.005496366471083425
4727,5,19,no,8,-0.046383512983528496,0.046383512983528496
6424,5,21,yes,6,0.021440172919672124,0.021440172919672124
5913,5,20,no,1,-0.006082521453160961,0.006082521453160961
6425,5,21,yes,7,-0.024774651396596237,0.024774651396596237
6426,5,21,yes,1,-0.0032680614992418033,0.0032680614992418033
5914,5,20,no,1,-0.006022277489922567,0.006022277489922567
4728,5,19,no,8,-0.0502140342254197,0.0502140342254197
3793,5,18,yes,1,0.0015122014532747904,0.0015122014532747904
4729,5,19,no,13,0.07969616007946234,0.07969616007946234
4730,5,19,no,7,-0.041705939855877006,0.041705939855877006
4731,5,19,no,1,-0.0061985164077413835,0.0061985164077413835
5915,5,20,no,10,-0.05663931382352122,0.05663931382352122
4732,5,19,yes,1,0.0061985164077413835,0.0061985164077413835
5916,5,20,yes,14,-0.06730166526629772,0.06730166526629772
4733,5,19,yes,4,0.024206727188956,0.024206727188956
4734,5,19,no,6,-0.03665936311063589,0.03665936311063589
5917,5,20,yes,8,0.036687572947950664,0.036687572947950664
6427,5,21,no,1,-0.003202385934887142,0.003202385934887142
4735,5,19,yes,1,-0.006308029388134018,0.006308029388134018
6428,5,21,yes,1,-0.003137471938287534,0.003137471938287534
5918,5,20,no,1,0.004919375763308059,0.004919375763308059
5919,5,20,no,1,-0.004919375763308059,0.004919375763308059
4736,5,19,no,11,-0.07239416624794437,0.07239416624794437
4737,5,19,yes,12,0.07870219563607839,0.07870219563607839
4738,5,19,no,1,-0.006308029388134018,0.006308029388134018
5920,5,20,yes,1,0.004919375763308059,0.004919375763308059
4739,5,19,yes,5,0.030984479311648272,0.030984479311648272
4740,5,19,yes,15,-0.09660849271307825,0.09660849271307825
2451,3,10,no,2,-0.0022116873129396364,0.0022116873129396364
6429,5,21,no,3,-0.009030815570401696,0.009030815570401696
5921,5,20,no,3,0.015198808182947415,0.015198808182947415
6430,5,21,yes,9,-0.023853457123008043,0.023853457123008043
5922,5,20,yes,12,0.0671352221956128,0.0671352221956128
6431,5,21,no,2,0.004901025458403471,0.004901025458403471
5923,5,20,yes,1,-0.005960635697199068,0.005960635697199068
4741,5,19,yes,5,0.033339385081198714,0.033339385081198714
5924,5,20,yes,2,-0.011731132651154441,0.011731132651154441
3682,5,17,no,6,-0.008750857058691372,0.008750857058691372
6432,5,21,yes,1,-0.0024778905067136536,0.0024778905067136536
4742,5,19,no,1,-0.006592049699952862,0.006592049699952862
3683,5,17,no,9,-0.010896228297313008,0.010896228297313008
6433,5,21,yes,2,0.005011425066452441,0.005011425066452441
3794,5,18,yes,13,0.02337367428095729,0.02337367428095729
4743,5,19,no,1,0.006592049699952862,0.006592049699952862
3795,5,18,yes,1,-0.0020648105407109485,0.0020648105407109485
5925,5,20,yes,2,-0.011469684477386777,0.011469684477386777
4744,5,19,no,6,-0.0401095379277131,0.0401095379277131
3796,5,18,no,8,-0.01487659748595016,0.01487659748595016
3797,5,18,no,11,-0.01627249456423934,0.01627249456423934
4745,5,19,no,1,0.006770152846514388,0.006770152846514388
4746,5,19,no,1,0.0067391696291118075,0.0067391696291118075
5926,5,20,no,4,-0.02212241545061905,0.02212241545061905
3798,5,18,yes,1,0.0013030658355085226,0.0013030658355085226
3007,3,11,no,2,-0.012869380138757824,0.012869380138757824
4747,5,19,yes,6,0.039655288858546744,0.039655288858546744
5927,5,20,no,20,-0.09319123641447924,0.09319123641447924
5928,5,20,no,1,-0.003889511089587072,0.003889511089587072
3008,3,11,no,2,-0.013055073406459838,0.013055073406459838
5929,5,20,yes,1,0.003889511089587072,0.003889511089587072
5930,5,20,yes,6,0.024860758369994324,0.024860758369994324
3009,3,11,yes,1,0.006549739658341158,0.006549739658341158
3010,3,11,yes,1,0.00650533374811868,0.00650533374811868
6434,5,21,yes,1,0.0025900635645267206,0.0025900635645267206
4748,5,19,yes,1,-0.00650533374811868,0.00650533374811868
6435,5,21,yes,1,-0.0025900635645267206,0.0025900635645267206
3684,5,17,yes,1,0.0010917613765485043,0.0010917613765485043
5931,5,20,no,6,0.02751546181146869,0.02751546181146869
3011,3,11,yes,1,0.0064588943083874195,0.0064588943083874195
3799,5,18,no,7,-0.008468414205381511,0.008468414205381511
5932,5,20,yes,1,0.004845478367507289,0.004845478367507289
3800,5,18,yes,1,0.0011199259363911113,0.0011199259363911113
5933,5,20,no,15,-0.06492930883128417,0.06492930883128417
5934,5,20,yes,1,0.003818099192726798,0.003818099192726798
5935,5,20,yes,1,0.003889511089587072,0.003889511089587072
5936,5,20,yes,4,0.01628116344931499,0.01628116344931499
6436,5,21,yes,15,0.04526317311443774,0.04526317311443774
6437,5,21,no,1,-0.0034694475658122448,0.0034694475658122448
5937,5,20,no,1,0.004252962151704648,0.004252962151704648
3801,5,18,yes,1,0.0011487455855182932,0.0011487455855182932
3685,5,17,no,6,-0.006150234172573231,0.006150234172573231
6438,5,21,no,1,-0.0034016150240174237,0.0034016150240174237
6439,5,21,yes,1,-0.003334478476924113,0.003334478476924113
6440,5,21,yes,8,0.028592750589323035,0.028592750589323035
4749,5,19,no,1,-0.006549739658341158,0.006549739658341158
6441,5,21,yes,7,-0.025258272112398922,0.025258272112398922
5938,5,20,yes,1,0.004326632768974686,0.004326632768974686
5939,5,20,no,1,-0.004326632768974686,0.004326632768974686
5940,5,20,yes,1,-0.004252962151704648,0.004252962151704648
6442,5,21,no,1,-0.003334478476924113,0.003334478476924113
5941,5,20,yes,2,0.008579594920679334,0.008579594920679334
4750,5,19,yes,15,0.09275123348592218,0.09275123348592218
4751,5,19,no,1,-0.0057680800157665635,0.0057680800157665635
4752,5,19,yes,13,-0.08043341381181446,0.08043341381181446
6443,5,21,yes,1,-0.0032680614992418033,0.0032680614992418033
5942,5,20,no,7,-0.028750269459581396,0.028750269459581396
5943,5,20,yes,18,0.08122939358481285,0.08122939358481285
5944,5,20,no,1,-0.005139380401899957,0.005139380401899957
5945,5,20,yes,1,0.005139380401899957,0.005139380401899957
3802,5,18,no,9,-0.009354802050249973,0.009354802050249973
6444,5,21,no,1,0.0032680614992418033,0.0032680614992418033
5946,5,20,yes,2,-0.010205772795169071,0.010205772795169071
3012,3,11,no,1,0.006410485830370405,0.006410485830370405
5947,5,20,yes,1,0.005066392393269115,0.005066392393269115
5948,5,20,no,7,-0.03391589341112669,0.03391589341112669
5949,5,20,yes,12,0.06033289404395015,0.06033289404395015
6445,5,21,no,1,-0.0032680614992418033,0.0032680614992418033
5950,5,20,no,1,-0.005426266311670036,0.005426266311670036
3013,3,11,yes,4,-0.025924453545217663,0.025924453545217663
5951,5,20,no,9,-0.045586422673809995,0.045586422673809995
5952,5,20,yes,1,0.004771406440793768,0.004771406440793768
3686,5,17,yes,1,0.0009603681248038787,0.0009603681248038787
4753,5,19,no,1,-0.006549739658341158,0.006549739658341158
5953,5,20,yes,2,0.009764854130815348,0.009764854130815348
3687,5,17,yes,4,0.004098104671220848,0.004098104671220848
5954,5,20,no,1,0.004993035387778344,0.004993035387778344
6446,5,21,yes,6,-0.01825645148803795,0.01825645148803795
5955,5,20,yes,2,-0.009912411151086403,0.009912411151086403
6447,5,21,yes,3,-0.008295582634236784,0.008295582634236784
5956,5,20,no,1,0.004919375763308059,0.004919375763308059
4754,5,19,no,20,-0.13673087691625635,0.13673087691625635
4755,5,19,yes,1,0.006935967626738038,0.006935967626738038
4756,5,19,no,1,0.006941319797744205,0.006941319797744205
4757,5,19,no,1,0.006943997948260672,0.006943997948260672
4758,5,19,yes,1,0.006943997948260727,0.006943997948260727
4759,5,19,no,2,0.013877287424482243,0.013877287424482243
4760,5,19,no,1,0.00692794968177024,0.00692794968177024
4761,5,19,yes,1,0.006917278298890772,0.006917278298890772
5957,5,20,no,2,-0.009764854130815348,0.009764854130815348
4762,5,19,no,1,0.00690396986339592,0.00690396986339592
4763,5,19,yes,1,0.006888044756477085,0.006888044756477085
6448,5,21,no,1,-0.002647472861640701,0.002647472861640701
4764,5,19,yes,1,0.006869527289091959,0.006869527289091959
4765,5,19,yes,1,0.0068484456234291224,0.0068484456234291224
3014,3,11,yes,3,0.019513967714847258,0.019513967714847258
5958,5,20,yes,2,0.009764854130815348,0.009764854130815348
6449,5,21,no,8,0.02285964911074076,0.02285964911074076
6450,5,21,yes,8,0.026958508644577772,0.026958508644577772
4766,5,19,no,1,0.0068248316823924515,0.0068248316823924515
4767,5,19,yes,2,0.0135688738941242,0.0135688738941242
6451,5,21,yes,6,-0.020618650771403096,0.020618650771403096
5959,5,20,yes,2,0.010059427781047459,0.010059427781047459
4768,5,19,no,6,0.03988912473953987,0.03988912473953987
5960,5,20,yes,7,-0.03391589341112669,0.03391589341112669
5961,5,20,no,1,-0.004548750366815624,0.004548750366815624
3688,5,17,yes,1,0.0010917613765485043,0.0010917613765485043
3689,5,17,no,13,-0.012219095443195428,0.012219095443195428
4769,5,19,yes,9,0.05671936797353838,0.05671936797353838
4770,5,19,no,6,-0.03734465408666188,0.03734465408666188
3015,3,11,no,1,-0.0064588943083874195,0.0064588943083874195
5962,5,20,no,9,0.04360402417984227,0.04360402417984227
4771,5,19,yes,1,0.006360174775013605,0.006360174775013605
5963,5,20,yes,15,-0.06934474503137913,0.06934474503137913
5964,5,20,yes,1,-0.004033734929106997,0.004033734929106997
4772,5,19,no,8,-0.052179026537227946,0.052179026537227946
5965,5,20,yes,11,0.04841481764672337,0.04841481764672337
5966,5,20,yes,1,0.004845478367507289,0.004845478367507289
6452,5,21,yes,14,0.0520314866274669,0.0520314866274669
6453,5,21,yes,8,-0.0314128358560638,0.0314128358560638
4773,5,19,yes,2,0.013302348517043816,0.013302348517043816
5967,5,20,yes,1,0.004919375763308059,0.004919375763308059
5968,5,20,yes,1,0.004993035387778344,0.004993035387778344
6454,5,21,no,1,-0.003607097447810126,0.003607097447810126
6455,5,21,no,1,-0.0035379507575973856,0.0035379507575973856
4774,5,19,yes,4,0.02610601741480012,0.02610601741480012
3016,3,11,yes,1,0.0064588943083874195,0.0064588943083874195
5969,5,20,no,6,-0.028849501017857576,0.028849501017857576
5970,5,20,no,8,-0.034323206147459484,0.034323206147459484
6456,5,21,yes,12,-0.0373198800593213,0.0373198800593213
5971,5,20,yes,3,0.012319760914575345,0.012319760914575345
5972,5,20,yes,4,0.017454694866068515,0.017454694866068515
3690,5,17,no,16,0.015665998627621396,0.015665998627621396
3691,5,17,yes,6,0.007727336703912527,0.007727336703912527
4775,5,19,no,8,-0.05285335279604597,0.05285335279604597
4776,5,19,yes,1,0.0067391696291118075,0.0067391696291118075
5973,5,20,no,6,-0.025740720851536864,0.025740720851536864
5974,5,20,yes,7,0.030289471218352487,0.030289471218352487
5975,5,20,yes,1,0.004622983511482132,0.004622983511482132
3692,5,17,no,1,-0.0013697729675739914,0.0013697729675739914
5976,5,20,no,5,-0.022373466592661623,0.022373466592661623
5977,5,20,yes,8,0.036687572947950664,0.036687572947950664
6457,5,21,yes,1,-0.0027057566289490215,0.0027057566289490215
4777,5,19,yes,3,0.020008165752134044,0.020008165752134044
3017,3,11,no,1,0.006410485830370405,0.006410485830370405
6458,5,21,yes,1,0.0027057566289490215,0.0027057566289490215
3693,5,17,yes,4,-0.005149168254761978,0.005149168254761978
3018,3,11,yes,1,0.006360174775013605,0.006360174775013605
6459,5,21,no,1,0.002764907831860508,0.002764907831860508
3694,5,17,yes,1,0.0012392483170125188,0.0012392483170125188
5978,5,20,yes,1,-0.004845478367507289,0.004845478367507289
5979,5,20,no,1,-0.004771406440793768,0.004771406440793768
4778,5,19,no,9,-0.060859013870283585,0.060859013870283585
4779,5,19,yes,1,0.006869527289091959,0.006869527289091959
4780,5,19,yes,1,0.0068484456234291224,0.0068484456234291224
4781,5,19,no,1,0.0068248316823924515,0.0068248316823924515
4782,5,19,yes,1,0.0067987210476098126,0.0067987210476098126
4783,5,19,no,1,0.006770152846514388,0.006770152846514388
3695,5,17,no,1,-0.0012392483170125188,0.0012392483170125188
3696,5,17,no,1,0.0012392483170125188,0.0012392483170125188
4784,5,19,no,1,-0.006770152846514388,0.006770152846514388
4785,5,19,yes,3,0.020215139710716423,0.020215139710716423
4786,5,19,yes,7,0.04581885176221434,0.04581885176221434
5980,5,20,yes,1,0.004771406440793768,0.004771406440793768
5981,5,20,no,11,-0.04841481764672337,0.04841481764672337
6460,5,21,yes,2,0.005710696217888833,0.005710696217888833
3697,5,17,yes,13,0.01925127501043908,0.01925127501043908
3019,3,11,yes,1,0.006308029388134018,0.006308029388134018
4787,5,19,no,5,0.03126213263350097,0.03126213263350097
4788,5,19,no,1,-0.00614129254867346,0.00614129254867346
3698,5,17,no,12,-0.017980473623581135,0.017980473623581135
5982,5,20,no,10,0.0436434112059296,0.0436434112059296
4789,5,19,no,1,-0.0061985164077413835,0.0061985164077413835
4790,5,19,no,1,-0.006254119513938505,0.006254119513938505
5983,5,20,yes,1,0.004771406440793768,0.004771406440793768
6461,5,21,yes,1,0.0029474764738244563,0.0029474764738244563
4791,5,19,yes,3,0.01859392847035335,0.01859392847035335
5984,5,20,no,16,0.0861382488121765,0.0861382488121765
5985,5,20,no,1,-0.005897671602892618,0.005897671602892618
4792,5,19,no,1,-0.00614129254867346,0.00614129254867346
4793,5,19,yes,5,0.030104398791848785,0.030104398791848785
4794,5,19,no,4,0.022937255679210233,0.022937255679210233
4795,5,19,no,10,-0.0592401708788004,0.0592401708788004
6462,5,21,no,2,-0.005833254518286035,0.005833254518286035
5986,5,20,no,1,-0.005833461048261823,0.005833461048261823
4796,5,19,no,6,-0.03829703756396263,0.03829703756396263
5987,5,20,no,3,-0.01710379463094841,0.01710379463094841
4797,5,19,no,8,-0.05345799863366407,0.05345799863366407
3699,5,17,no,6,-0.007165348369872988,0.007165348369872988
5988,5,20,yes,1,-0.00556567251430401,0.00556567251430401
5989,5,20,yes,13,0.07736799229517682,0.07736799229517682
5990,5,20,no,4,-0.024901957858487367,0.024901957858487367
4798,5,19,yes,1,0.0067987210476098126,0.0067987210476098126
4799,5,19,no,3,-0.020471998353431387,0.020471998353431387
4800,5,19,yes,15,-0.10378658323564582,0.10378658323564582
5991,5,20,no,1,-0.006082521453160961,0.006082521453160961
6463,5,21,yes,1,-0.0028249181734272544,0.0028249181734272544
5992,5,20,yes,1,-0.006022277489922567,0.006022277489922567
5993,5,20,yes,13,-0.07227460259751275,0.07227460259751275
3700,5,17,no,1,0.0011199259363911113,0.0011199259363911113
4801,5,19,no,1,0.00688804475647703,0.00688804475647703
4802,5,19,yes,1,0.006903969863395976,0.006903969863395976
3701,5,17,no,1,-0.0011199259363911113,0.0011199259363911113
4803,5,19,yes,1,0.006917278298890717,0.006917278298890717
3702,5,17,no,9,-0.008886801480459942,0.008886801480459942
4804,5,19,no,2,0.013863917308508278,0.013863917308508278
4805,5,19,no,8,0.05545580096280478,0.05545580096280478
4806,5,19,yes,1,-0.00690396986339592,0.00690396986339592
4807,5,19,no,1,0.00690396986339592,0.00690396986339592
5994,5,20,yes,5,0.026417000632823456,0.026417000632823456
5995,5,20,yes,3,-0.016065688640664655,0.016065688640664655
5996,5,20,no,6,-0.030175593904021608,0.030175593904021608
5997,5,20,no,19,0.10420368345245909,0.10420368345245909
3703,5,17,yes,1,0.0008886702091033122,0.0008886702091033122
4808,5,19,yes,1,0.006888044756477085,0.006888044756477085
5998,5,20,no,4,-0.023963106243175214,0.023963106243175214
3704,5,17,yes,7,0.006906369894808126,0.006906369894808126
4809,5,19,yes,9,0.060859013870283585,0.060859013870283585
5999,5,20,no,1,-0.005833461048261823,0.005833461048261823
6000,5,20,yes,9,-0.04944345384725929,0.04944345384725929
4810,5,19,yes,1,0.006592049699952862,0.006592049699952862
4811,5,19,yes,2,0.013055073406459838,0.013055073406459838
4812,5,19,yes,6,-0.039655288858546744,0.039655288858546744
6001,5,20,yes,8,-0.03905527381302665,0.03905527381302665
6002,5,20,yes,1,0.004622983511482132,0.004622983511482132
6003,5,20,no,3,-0.013646312183794529,0.013646312183794529
6464,5,21,no,1,-0.002764907831860508,0.002764907831860508
6004,5,20,yes,1,0.004474578305496774,0.004474578305496774
3803,5,18,yes,11,0.011741429194343095,0.011741429194343095
4813,5,19,no,2,0.013375961887065135,0.013375961887065135
3705,5,17,no,4,0.004538664560974473,0.004538664560974473
6005,5,20,yes,9,0.04360402417984227,0.04360402417984227
3706,5,17,no,9,-0.0095971373569992,0.0095971373569992
4814,5,19,yes,1,0.006632203865068909,0.006632203865068909
4815,5,19,yes,1,0.006592049699952862,0.006592049699952862
4816,5,19,no,4,0.025924453545217663,0.025924453545217663
4817,5,19,no,1,-0.006410485830370405,0.006410485830370405
6465,5,21,no,1,-0.0027057566289490215,0.0027057566289490215
3707,5,17,no,1,0.0009603681248038787,0.0009603681248038787
4818,5,19,no,1,0.006410485830370405,0.006410485830370405
4819,5,19,yes,1,0.006360174775013605,0.006360174775013605
3708,5,17,no,7,0.007458537569678757,0.007458537569678757
3709,5,17,no,6,-0.0064731103723316835,0.0064731103723316835
6006,5,20,yes,1,-0.005139380401899957,0.005139380401899957
6466,5,21,yes,1,-0.002647472861640701,0.002647472861640701
4820,5,19,no,1,-0.006360174775013605,0.006360174775013605
6007,5,20,no,8,-0.038464643777942314,0.038464643777942314
6008,5,20,yes,8,-0.033735858315383505,0.033735858315383505
4821,5,19,no,1,-0.006410485830370405,0.006410485830370405
6009,5,20,yes,1,0.003961402534739644,0.003961402534739644
3804,5,18,yes,1,0.0012392483170125188,0.0012392483170125188
6010,5,20,yes,1,0.004033734929106997,0.004033734929106997
3805,5,18,yes,9,0.012660776996440831,0.012660776996440831
6011,5,20,yes,13,0.05913897223621006,0.05913897223621006
6012,5,20,no,1,-0.004993035387778344,0.004993035387778344
3710,5,17,yes,12,0.014008905771186783,0.014008905771186783
4822,5,19,yes,1,0.006410485830370405,0.006410485830370405
3711,5,17,no,1,-0.0013360527153829932,0.0013360527153829932
3806,5,18,no,5,-0.0073810840911173806,0.0073810840911173806
6467,5,21,yes,1,-0.0025900635645267206,0.0025900635645267206
3712,5,17,no,1,-0.0013030658355085226,0.0013030658355085226
4823,5,19,no,11,0.06682677994070452,0.06682677994070452
6468,5,21,yes,7,0.01936637357869024,0.01936637357869024
4824,5,19,no,16,-0.09934328318587504,0.09934328318587504
6469,5,21,yes,9,-0.02437779864514268,0.02437779864514268
4825,5,19,no,19,0.1162446703153609,0.1162446703153609
4826,5,19,no,10,-0.05860732698536286,0.05860732698536286
4827,5,19,no,2,-0.012452635921679889,0.012452635921679889
6470,5,21,yes,1,0.0024778905067136536,0.0024778905067136536
4828,5,19,no,1,-0.006308029388134018,0.006308029388134018
4829,5,19,no,1,-0.006360174775013605,0.006360174775013605
6013,5,20,no,10,-0.04585991086296337,0.04585991086296337
6014,5,20,yes,1,0.004252962151704648,0.004252962151704648
6015,5,20,no,10,-0.03927289545557858,0.03927289545557858
3807,5,18,yes,1,0.0014042374014612488,0.0014042374014612488
4830,5,19,no,2,0.012668204163147623,0.012668204163147623
3808,5,18,no,1,-0.0014042374014612488,0.0014042374014612488
6471,5,21,yes,1,0.002533534559738787,0.002533534559738787
4831,5,19,yes,2,0.012452635921679889,0.012452635921679889
4832,5,19,no,1,-0.0061985164077413835,0.0061985164077413835
6016,5,20,yes,1,0.003607097447810126,0.003607097447810126
4833,5,19,yes,6,0.03630291519959017,0.03630291519959017
6017,5,20,yes,1,0.0036768586438181428,0.0036768586438181428
6018,5,20,yes,3,0.011454813762930671,0.011454813762930671
6019,5,20,no,1,-0.003889511089587072,0.003889511089587072
4834,5,19,no,1,-0.0058976716028927845,0.0058976716028927845
4835,5,19,no,1,-0.005960635697198957,0.005960635697198957
6020,5,20,no,1,0.003889511089587072,0.003889511089587072
4836,5,19,no,6,-0.03700675680157095,0.03700675680157095
4837,5,19,yes,13,0.07736799229517677,0.07736799229517677
3809,5,18,no,6,-0.007727336703912527,0.007727336703912527
6021,5,20,yes,1,0.003961402534739644,0.003961402534739644
4838,5,19,no,1,-0.005565672514303843,0.005565672514303843
4839,5,19,yes,1,0.005565672514303843,0.005565672514303843
4840,5,19,yes,2,-0.011199782667865588,0.011199782667865588
6022,5,20,yes,1,0.004033734929106997,0.004033734929106997
6023,5,20,yes,1,-0.004033734929106997,0.004033734929106997
4841,5,19,no,9,-0.05360606072523866,0.05360606072523866
6472,5,21,yes,1,-0.002533534559738787,0.002533534559738787
6024,5,20,yes,1,0.004033734929106997,0.004033734929106997
4842,5,19,yes,4,0.024444607899498427,0.024444607899498427
4843,5,19,no,13,-0.08251563868682399,0.08251563868682399
3713,5,17,no,9,-0.010358702439065101,0.010358702439065101
4844,5,19,yes,1,0.006632203865068909,0.006632203865068909
4845,5,19,yes,7,0.04518470740831815,0.04518470740831815
3714,5,17,no,1,0.0010373521350486442,0.0010373521350486442
6025,5,20,no,1,-0.004033734929106997,0.004033734929106997
6473,5,21,no,1,-0.0024778905067136536,0.0024778905067136536
6474,5,21,yes,4,-0.009372922643740914,0.009372922643740914
4846,5,19,no,1,0.006254119513938505,0.006254119513938505
6026,5,20,yes,1,0.004033734929106997,0.004033734929106997
6027,5,20,yes,2,0.008286025985468348,0.008286025985468348
4847,5,19,no,1,0.0061985164077413835,0.0061985164077413835
6028,5,20,no,1,-0.004179558286804497,0.004179558286804497
4848,5,19,no,6,0.03593785984011044,0.03593785984011044
4849,5,19,no,14,-0.08698315347015562,0.08698315347015562
3810,5,18,no,1,-0.0011782316625165642,0.0011782316625165642
4850,5,19,yes,2,0.013055073406459838,0.013055073406459838
3715,5,17,yes,1,0.0010642405575949643,0.0010642405575949643
6029,5,20,no,6,0.026183003519688636,0.026183003519688636
4851,5,19,yes,1,0.0064588943083874195,0.0064588943083874195
6030,5,20,no,8,-0.034323206147459484,0.034323206147459484
6031,5,20,no,1,0.004033734929106997,0.004033734929106997
4852,5,19,yes,8,0.04977741740695496,0.04977741740695496
6032,5,20,no,6,0.025740720851536864,0.025740720851536864
4853,5,19,no,10,-0.06274164546346106,0.06274164546346106
6033,5,20,no,7,-0.02977445578064386,0.02977445578064386
4854,5,19,no,1,-0.006549739658341158,0.006549739658341158
6034,5,20,no,1,0.004033734929106997,0.004033734929106997
4855,5,19,yes,6,-0.0401095379277131,0.0401095379277131
4856,5,19,yes,1,0.006770152846514388,0.006770152846514388
4857,5,19,yes,1,0.0067391696291118075,0.0067391696291118075
4858,5,19,no,6,0.039655288858546744,0.039655288858546744
4859,5,19,no,1,-0.00650533374811868,0.00650533374811868
6475,5,21,no,1,-0.0022130324091241965,0.0022130324091241965
6035,5,20,yes,1,0.0041064676986638515,0.0041064676986638515
4860,5,19,yes,6,0.03829703756396263,0.03829703756396263
6036,5,20,yes,2,0.008432520438509145,0.008432520438509145
6476,5,21,no,1,-0.0021627369816222125,0.0021627369816222125
4861,5,19,yes,4,0.024444607899498427,0.024444607899498427
4862,5,19,no,1,-0.006022277489922678,0.006022277489922678
4863,5,19,no,1,-0.006082521453160905,0.006082521453160905
4864,5,19,no,1,-0.00614129254867346,0.00614129254867346
6477,5,21,yes,1,-0.0021133306609868174,0.0021133306609868174
4865,5,19,yes,1,-0.0061985164077413835,0.0061985164077413835
4866,5,19,yes,2,0.012339808956414844,0.012339808956414844
4867,5,19,no,6,-0.03767261846387138,0.03767261846387138
3811,5,18,no,11,-0.011155473002369347,0.011155473002369347
4868,5,19,no,1,-0.0064588943083874195,0.0064588943083874195
3812,5,18,yes,1,0.0008886702091033122,0.0008886702091033122
4869,5,19,no,1,0.0064588943083874195,0.0064588943083874195
6037,5,20,no,10,-0.03927289545557858,0.03927289545557858
4870,5,19,no,5,0.031531325915197916,0.031531325915197916
6478,5,21,yes,1,-0.0020648105407109485,0.0020648105407109485
6038,5,20,no,1,0.003607097447810126,0.003607097447810126
4871,5,19,no,1,0.00614129254867346,0.00614129254867346
6039,5,20,yes,5,-0.017350589272161293,0.017350589272161293
6040,5,20,yes,1,0.003334478476924113,0.003334478476924113
4872,5,19,no,8,-0.050636846520377476,0.050636846520377476
6041,5,20,yes,2,0.0068710625898296684,0.0068710625898296684
6042,5,20,yes,1,-0.0034694475658122448,0.0034694475658122448
6043,5,20,yes,1,0.0034694475658122448,0.0034694475658122448
4873,5,19,yes,2,-0.01314178935829402,0.01314178935829402
6044,5,20,yes,1,0.0035379507575973856,0.0035379507575973856
3716,5,17,yes,1,0.0010917613765485043,0.0010917613765485043
4874,5,19,no,7,-0.0471410409577625,0.0471410409577625
4875,5,19,yes,13,0.08601771897794663,0.08601771897794663
6045,5,20,no,12,0.04800004986444567,0.04800004986444567
6046,5,20,yes,1,-0.004400521639892407,0.004400521639892407
4876,5,19,no,7,-0.04550888188525304,0.04550888188525304
3717,5,17,no,1,-0.0010917613765485043,0.0010917613765485043
6047,5,20,yes,12,0.0576910557154903,0.0576910557154903
4877,5,19,yes,1,0.006632203865068909,0.006632203865068909
6048,5,20,yes,3,-0.015417704385427916,0.015417704385427916
3813,5,18,yes,2,0.0018478970987833993,0.0018478970987833993
6049,5,20,yes,1,-0.004993035387778344,0.004993035387778344
6050,5,20,yes,11,0.05887418201444025,0.05887418201444025
6051,5,20,no,1,-0.005701604461620324,0.005701604461620324
6052,5,20,yes,1,-0.005634110153561633,0.005634110153561633
4878,5,19,no,1,0.006592049699952862,0.006592049699952862
6053,5,20,no,17,-0.08481878334154233,0.08481878334154233
6054,5,20,yes,11,-0.04359952822455326,0.04359952822455326
3718,5,17,yes,3,0.0033604328984579088,0.0033604328984579088
6055,5,20,no,1,0.003607097447810126,0.003607097447810126
6056,5,20,yes,4,0.015131672406748814,0.015131672406748814
6057,5,20,yes,1,0.003961402534739644,0.003961402534739644
6058,5,20,no,1,-0.003961402534739644,0.003961402534739644
3719,5,17,no,1,-0.0011487455855182932,0.0011487455855182932
4879,5,19,no,1,-0.006592049699952862,0.006592049699952862
6059,5,20,yes,1,0.003961402534739644,0.003961402534739644
6479,5,21,yes,6,0.013134427907685584,0.013134427907685584
4880,5,19,no,1,0.006592049699952862,0.006592049699952862
4881,5,19,no,2,-0.01322425356502177,0.01322425356502177
4882,5,19,no,1,0.006632203865068909,0.006632203865068909
6060,5,20,yes,1,0.004033734929106997,0.004033734929106997
6061,5,20,yes,1,0.0041064676986638515,0.0041064676986638515
3720,5,17,no,1,-0.0011199259363911113,0.0011199259363911113
4883,5,19,yes,1,0.006592049699952862,0.006592049699952862
4884,5,19,no,12,0.07525202081900118,0.07525202081900118
6062,5,20,no,6,-0.023556418925441164,0.023556418925441164
3721,5,17,no,1,-0.0010917613765485043,0.0010917613765485043
6063,5,20,yes,6,0.023556418925441164,0.023556418925441164
6064,5,20,yes,11,-0.041249388364496486,0.041249388364496486
6065,5,20,yes,11,0.041249388364496486,0.041249388364496486
4885,5,19,no,12,0.06631396690031366,0.06631396690031366
4886,5,19,no,10,-0.05458283424915922,0.05458283424915922
4887,5,19,yes,7,-0.042136376247851826,0.042136376247851826
4888,5,19,no,6,-0.03829703756396263,0.03829703756396263
4889,5,19,yes,1,0.00650533374811868,0.00650533374811868
6066,5,20,no,3,-0.012101605162510493,0.012101605162510493
4890,5,19,yes,3,0.01922955491377143,0.01922955491377143
4891,5,19,yes,5,0.030984479311648272,0.030984479311648272
4892,5,19,yes,1,-0.006082521453160905,0.006082521453160905
4893,5,19,yes,1,-0.00614129254867346,0.00614129254867346
4894,5,19,no,15,-0.09795355260536809,0.09795355260536809
4895,5,19,yes,2,0.0135688738941242,0.0135688738941242
4896,5,19,yes,9,0.059263838626416376,0.059263838626416376
4897,5,19,yes,1,0.006360174775013605,0.006360174775013605
6067,5,20,yes,1,0.003961402534739644,0.003961402534739644
6480,5,21,yes,1,0.0023692703768096873,0.0023692703768096873
6068,5,20,no,1,-0.003961402534739644,0.003961402534739644
6069,5,20,yes,7,0.02926128000988673,0.02926128000988673
4898,5,19,no,2,-0.01277066060538401,0.01277066060538401
4899,5,19,yes,1,-0.0064588943083874195,0.0064588943083874195
6070,5,20,yes,1,0.004474578305496774,0.004474578305496774
6071,5,20,no,1,-0.004474578305496774,0.004474578305496774
6481,5,21,yes,1,-0.0023692703768096873,0.0023692703768096873
6482,5,21,yes,1,-0.002316298248714571,0.002316298248714571
4900,5,19,no,1,0.0064588943083874195,0.0064588943083874195
4901,5,19,yes,1,0.006410485830370405,0.006410485830370405
4902,5,19,no,1,0.006360174775013605,0.006360174775013605
4903,5,19,no,1,-0.006360174775013605,0.006360174775013605
6072,5,20,yes,13,0.06392995640459251,0.06392995640459251
6073,5,20,no,3,-0.015851353919253464,0.015851353919253464
4904,5,19,yes,1,0.006360174775013605,0.006360174775013605
6074,5,20,yes,1,-0.005139380401899957,0.005139380401899957
4905,5,19,yes,5,-0.03228462832023127,0.03228462832023127
6075,5,20,no,13,-0.060098896930815326,0.060098896930815326
6483,5,21,yes,1,0.002316298248714571,0.002316298248714571
3814,5,18,yes,6,0.006150234172573231,0.006150234172573231
6076,5,20,yes,1,0.004179558286804497,0.004179558286804497
4906,5,19,no,1,0.006549739658341158,0.006549739658341158
6077,5,20,yes,4,-0.01628116344931499,0.01628116344931499
4907,5,19,yes,1,0.00650533374811868,0.00650533374811868
3815,5,18,no,8,-0.00799813127135663,0.00799813127135663
6484,5,21,yes,5,-0.011069617366974635,0.011069617366974635
4908,5,19,yes,1,0.0064588943083874195,0.0064588943083874195
6078,5,20,yes,1,0.003961402534739644,0.003961402534739644
6485,5,21,yes,5,-0.009856433536761147,0.009856433536761147
4909,5,19,no,3,0.019078689993518028,0.019078689993518028
6486,5,21,yes,13,0.02819634673894894,0.02819634673894894
6079,5,20,yes,9,0.038946189658941616,0.038946189658941616
6487,5,21,yes,2,-0.004901025458403471,0.004901025458403471
6488,5,21,no,1,-0.0023692703768096873,0.0023692703768096873
6080,5,20,yes,11,-0.04679710328326833,0.04679710328326833
6489,5,21,yes,1,0.0023692703768096873,0.0023692703768096873
4910,5,19,no,1,-0.006308029388134018,0.006308029388134018
4911,5,19,yes,1,0.006308029388134018,0.006308029388134018
6490,5,21,yes,1,-0.0023692703768096873,0.0023692703768096873
6081,5,20,yes,1,0.003889511089587072,0.003889511089587072
4912,5,19,no,2,0.012452635921679889,0.012452635921679889
6082,5,20,yes,15,0.0671341097000567,0.0671341097000567
6083,5,20,no,1,-0.004993035387778344,0.004993035387778344
4913,5,19,no,7,-0.044495553971704016,0.044495553971704016
4914,5,19,yes,1,0.00650533374811868,0.00650533374811868
4915,5,19,no,16,0.0965975472089482,0.0965975472089482
3722,5,17,yes,7,0.008257109746421493,0.008257109746421493
4916,5,19,no,4,-0.02266946714525242,0.02266946714525242
6084,5,20,no,1,0.004993035387778344,0.004993035387778344
4917,5,19,no,2,-0.011731132651154441,0.011731132651154441
6085,5,20,yes,6,-0.028849501017857576,0.028849501017857576
6086,5,20,no,3,-0.013423850312204805,0.013423850312204805
4918,5,19,yes,11,0.061174586498413785,0.061174586498413785
4919,5,19,yes,2,-0.010495908372091578,0.010495908372091578
4920,5,19,no,1,-0.00535544554716183,0.00535544554716183
6087,5,20,yes,11,-0.04359952822455326,0.04359952822455326
4921,5,19,yes,1,-0.0054262663116700915,0.0054262663116700915
4922,5,19,no,1,-0.005496366471083425,0.005496366471083425
6088,5,20,yes,11,0.04359952822455326,0.04359952822455326
4923,5,19,yes,1,0.005496366471083425,0.005496366471083425
6491,5,21,yes,4,0.009803830394951946,0.009803830394951946
6089,5,20,yes,2,0.008875099945389181,0.008875099945389181
4924,5,19,no,1,-0.005496366471083425,0.005496366471083425
4925,5,19,no,1,-0.005565672514303843,0.005565672514303843
4926,5,19,no,3,-0.017103794630948577,0.017103794630948577
4927,5,19,yes,1,0.0057680800157665635,0.0057680800157665635
3723,5,17,no,9,-0.010358702439065101,0.010358702439065101
4928,5,19,yes,1,0.005701604461620269,0.005701604461620269
4929,5,19,no,1,-0.005701604461620269,0.005701604461620269
4930,5,19,no,2,-0.01160154106402822,0.01160154106402822
4931,5,19,no,1,-0.0058976716028927845,0.0058976716028927845
6090,5,20,no,15,-0.059482026493352075,0.059482026493352075
4932,5,19,no,1,0.0058976716028927845,0.0058976716028927845
6091,5,20,yes,4,0.014291354415037899,0.014291354415037899
6092,5,20,yes,7,-0.02429550941522124,0.02429550941522124
6093,5,20,no,1,0.0032680614992418033,0.0032680614992418033
6094,5,20,yes,3,0.010205541066753782,0.010205541066753782
4933,5,19,no,1,-0.0058976716028927845,0.0058976716028927845
6492,5,21,yes,6,-0.014384347710193354,0.014384347710193354
6493,5,21,yes,1,0.0022642190665268375,0.0022642190665268375
4934,5,19,yes,1,-0.005960635697198957,0.005960635697198957
4935,5,19,yes,1,0.005960635697198957,0.005960635697198957
6494,5,21,yes,1,0.002316298248714571,0.002316298248714571
6095,5,20,yes,5,0.018387209522569253,0.018387209522569253
4936,5,19,no,2,0.011731132651154441,0.011731132651154441
4937,5,19,no,10,-0.061058699924937954,0.061058699924937954
4938,5,19,yes,6,0.03734465408666188,0.03734465408666188
6495,5,21,no,8,0.020512031281928897,0.020512031281928897
4939,5,19,yes,13,-0.08316350584887622,0.08316350584887622
6496,5,21,yes,1,-0.002764907831860508,0.002764907831860508
4940,5,19,no,6,0.039408365931843936,0.039408365931843936
4941,5,19,yes,1,0.006410485830370405,0.006410485830370405
6096,5,20,no,7,-0.025258272112398922,0.025258272112398922
6097,5,20,yes,1,0.0034016150240174237,0.0034016150240174237
4942,5,19,no,1,-0.006410485830370405,0.006410485830370405
6098,5,20,yes,1,0.0034694475658122448,0.0034694475658122448
4943,5,19,yes,5,0.031531325915197916,0.031531325915197916
4944,5,19,no,8,-0.051045293630045174,0.051045293630045174
6099,5,20,no,1,0.0035379507575973856,0.0035379507575973856
4945,5,19,yes,1,-0.006592049699952862,0.006592049699952862
4946,5,19,yes,1,0.006592049699952862,0.006592049699952862
4947,5,19,no,1,0.006549739658341158,0.006549739658341158
6497,5,21,no,1,-0.0027057566289490215,0.0027057566289490215
4948,5,19,no,7,0.044495553971704016,0.044495553971704016
6100,5,20,yes,1,0.003607097447810126,0.003607097447810126
6101,5,20,yes,8,0.0314128358560638,0.0314128358560638
6102,5,20,no,7,-0.02773597721224566,0.02773597721224566
6498,5,21,yes,1,-0.002647472861640701,0.002647472861640701
6499,5,21,yes,1,-0.0025900635645267206,0.0025900635645267206
6500,5,21,yes,1,-0.002533534559738787,0.002533534559738787
6103,5,20,no,2,-0.007283956091628269,0.007283956091628269
4949,5,19,no,13,-0.08438467871124389,0.08438467871124389
4950,5,19,no,1,0.0067391696291118075,0.0067391696291118075
4951,5,19,no,6,0.039655288858546744,0.039655288858546744
6104,5,20,no,5,-0.01701155332359297,0.01701155332359297
4952,5,19,yes,11,0.06809461901543412,0.06809461901543412
6501,5,21,no,1,-0.0024778905067136536,0.0024778905067136536
4953,5,19,no,13,0.07047572307846839,0.07047572307846839
4954,5,19,no,1,-0.0049930353877782885,0.0049930353877782885
4955,5,19,yes,4,0.01952929595938735,0.01952929595938735
4956,5,19,no,8,-0.040230977126648026,0.040230977126648026
4957,5,19,no,7,-0.038947545475167766,0.038947545475167766
6105,5,20,yes,1,0.0032680614992418033,0.0032680614992418033
6502,5,21,yes,1,0.0024778905067136536,0.0024778905067136536
4958,5,19,no,1,-0.005833461048261657,0.005833461048261657
4959,5,19,no,1,-0.0058976716028927845,0.0058976716028927845
4960,5,19,yes,1,0.0058976716028927845,0.0058976716028927845
6106,5,20,yes,1,0.003334478476924113,0.003334478476924113
6107,5,20,yes,1,0.0034016150240174237,0.0034016150240174237
4961,5,19,yes,1,0.005833461048261657,0.005833461048261657
4962,5,19,no,14,-0.08698315347015562,0.08698315347015562
4963,5,19,yes,9,0.057186586178718635,0.057186586178718635
4964,5,19,yes,5,0.02979656729143698,0.02979656729143698
4965,5,19,no,3,0.017103794630948577,0.017103794630948577
4966,5,19,no,5,-0.028834927282103018,0.028834927282103018
4967,5,19,no,1,0.0058976716028927845,0.0058976716028927845
4968,5,19,yes,1,-0.0058976716028927845,0.0058976716028927845
4969,5,19,yes,2,0.011731132651154441,0.011731132651154441
4970,5,19,yes,4,0.02266946714525242,0.02266946714525242
4971,5,19,yes,1,-0.005565672514303843,0.005565672514303843
4972,5,19,no,1,-0.005634110153561744,0.005634110153561744
4973,5,19,no,4,0.022122415450619104,0.022122415450619104
4974,5,19,no,1,-0.0054262663116700915,0.0054262663116700915
4975,5,19,no,1,-0.005496366471083425,0.005496366471083425
4976,5,19,no,1,0.005496366471083425,0.005496366471083425
6108,5,20,yes,9,-0.02826060648822129,0.02826060648822129
4977,5,19,yes,1,0.0054262663116700915,0.0054262663116700915
4978,5,19,no,1,0.00535544554716183,0.00535544554716183
6503,5,21,yes,6,0.016066653620142993,0.016066653620142993
4979,5,19,no,1,-0.00535544554716183,0.00535544554716183
6109,5,20,yes,7,-0.018544544126856646,0.018544544126856646
4980,5,19,no,1,-0.0054262663116700915,0.0054262663116700915
4981,5,19,no,1,-0.005496366471083425,0.005496366471083425
4982,5,19,yes,1,-0.005565672514303843,0.005565672514303843
6110,5,20,yes,1,0.0024778905067136536,0.0024778905067136536
6111,5,20,yes,1,0.002533534559738787,0.002533534559738787
4983,5,19,yes,1,0.005565672514303843,0.005565672514303843
3724,5,17,yes,1,0.0010373521350486442,0.0010373521350486442
6504,5,21,yes,16,-0.03848855033753608,0.03848855033753608
4984,5,19,yes,1,0.005496366471083425,0.005496366471083425
6112,5,20,yes,9,0.02544971267526748,0.02544971267526748
6113,5,20,no,18,-0.04632316043719406,0.04632316043719406
4985,5,19,no,2,-0.011062038985387268,0.011062038985387268
6114,5,20,no,1,0.0021133306609868174,0.0021133306609868174
6505,5,21,yes,1,-0.0019704136188763294,0.0019704136188763294
6506,5,21,yes,2,0.003987586593370673,0.003987586593370673
6115,5,20,yes,7,0.016226582541200976,0.016226582541200976
4986,5,19,no,8,0.04254543201147987,0.04254543201147987
4987,5,19,yes,6,-0.0314833930260926,0.0314833930260926
6507,5,21,yes,6,0.013134427907685584,0.013134427907685584
4988,5,19,no,1,-0.005496366471083425,0.005496366471083425
4989,5,19,no,1,0.005496366471083425,0.005496366471083425
3725,5,17,yes,10,0.011960468854907973,0.011960468854907973
4990,5,19,no,4,-0.02239775360056928,0.02239775360056928
4991,5,19,yes,2,0.011335714615182013,0.011335714615182013
6508,5,21,yes,1,0.0023692703768096873,0.0023692703768096873
4992,5,19,no,1,-0.005634110153561744,0.005634110153561744
6116,5,20,yes,1,0.002533534559738787,0.002533534559738787
6117,5,20,yes,8,0.02237637465774535,0.02237637465774535
4993,5,19,yes,1,0.005634110153561744,0.005634110153561744
4994,5,19,no,1,0.005565672514303843,0.005565672514303843
6118,5,20,yes,1,0.0030733380175221314,0.0030733380175221314
4995,5,19,no,1,-0.005565672514303843,0.005565672514303843
4996,5,19,no,1,-0.005634110153561744,0.005634110153561744
6119,5,20,no,1,0.003137471938287534,0.003137471938287534
4997,5,19,no,5,0.027477860997780934,0.027477860997780934
4998,5,19,no,7,0.03545957068585426,0.03545957068585426
6120,5,20,yes,1,-0.003137471938287534,0.003137471938287534
4999,5,19,no,1,-0.00484547836750715,0.00484547836750715
3726,5,17,no,1,-0.0013360527153829932,0.0013360527153829932
6121,5,20,no,1,-0.0030733380175221314,0.0030733380175221314
5000,5,19,no,1,-0.0049193757633081425,0.0049193757633081425
5001,5,19,no,2,-0.010059427781047514,0.010059427781047514
5002,5,19,no,5,-0.026417000632823373,0.026417000632823373
5003,5,19,yes,2,0.010781711858831922,0.010781711858831922
5004,5,19,no,10,-0.056639313823521165,0.056639313823521165
3727,5,17,yes,1,-0.0013030658355085226,0.0013030658355085226
5005,5,19,yes,2,0.011858307300091742,0.011858307300091742
6509,5,21,yes,1,0.0024231349516898176,0.0024231349516898176
6122,5,20,yes,1,0.0030733380175221314,0.0030733380175221314
5006,5,19,yes,5,0.028502928193514077,0.028502928193514077
3728,5,17,yes,17,0.02716150545681883,0.02716150545681883
5007,5,19,yes,1,0.005496366471083425,0.005496366471083425
3729,5,17,no,1,-0.0019245274747760333,0.0019245274747760333
5008,5,19,yes,1,-0.005496366471083425,0.005496366471083425
6510,5,21,no,10,-0.021914419829555762,0.021914419829555762
5009,5,19,yes,13,-0.07736799229517677,0.07736799229517677
5010,5,19,yes,4,0.024901957858487367,0.024901957858487367
5011,5,19,no,5,0.02979656729143698,0.02979656729143698
5012,5,19,no,4,0.02266946714525242,0.02266946714525242
6511,5,21,yes,5,-0.009181031833237693,0.009181031833237693
5013,5,19,no,11,0.05650905545656337,0.05650905545656337
5014,5,19,yes,14,-0.07341044258604923,0.07341044258604923
5015,5,19,yes,3,-0.017499212666921005,0.017499212666921005
6512,5,21,no,1,0.0017495943155862448,0.0017495943155862448
3816,5,18,yes,1,0.0009120007430160615,0.0009120007430160615
3730,5,17,no,1,-0.0018795089279034921,0.0018795089279034921
6123,5,20,no,12,-0.03288427269340974,0.03288427269340974
5016,5,19,yes,2,0.011731132651154441,0.011731132651154441
5017,5,19,no,16,0.08387574414880372,0.08387574414880372
5018,5,19,yes,1,-0.004697221546987929,0.004697221546987929
6124,5,20,yes,1,0.0024231349516898176,0.0024231349516898176
6125,5,20,no,7,0.018544544126856646,0.018544544126856646
5019,5,19,yes,10,-0.05101268898547995,0.05101268898547995
3731,5,17,no,8,-0.013517240744196142,0.013517240744196142
6126,5,20,yes,1,0.002885778044461579,0.002885778044461579
5020,5,19,yes,6,0.0314833930260926,0.0314833930260926
5021,5,19,no,12,-0.0654826876906901,0.0654826876906901
5022,5,19,yes,1,-0.0058976716028927845,0.0058976716028927845
3732,5,17,no,1,-0.0015122014532747904,0.0015122014532747904
6127,5,20,yes,19,0.06740216007104327,0.06740216007104327
5023,5,19,no,2,-0.011982913187121635,0.011982913187121635
6128,5,20,yes,1,-0.004179558286804497,0.004179558286804497
6513,5,21,yes,1,0.0017920493269606846,0.0017920493269606846
5024,5,19,yes,1,0.006022277489922678,0.006022277489922678
3817,5,18,no,1,0.0009358963557673378,0.0009358963557673378
6129,5,20,no,1,-0.0041064676986638515,0.0041064676986638515
6514,5,21,yes,3,0.005639388190690764,0.005639388190690764
6515,5,21,yes,2,0.003987586593370673,0.003987586593370673
5025,5,19,yes,5,-0.030698727413436933,0.030698727413436933
5026,5,19,yes,1,0.006254119513938505,0.006254119513938505
6130,5,20,yes,4,-0.01570274774616051,0.01570274774616051
5027,5,19,yes,1,0.0061985164077413835,0.0061985164077413835
6131,5,20,no,3,-0.01103115957224507,0.01103115957224507
6132,5,20,yes,1,-0.0035379507575973856,0.0035379507575973856
5028,5,19,no,6,-0.037990220223585336,0.037990220223585336
5029,5,19,yes,1,0.0064588943083874195,0.0064588943083874195
5030,5,19,yes,3,-0.019513967714847258,0.019513967714847258
5031,5,19,no,1,0.006549739658341158,0.006549739658341158
5032,5,19,yes,1,0.00650533374811868,0.00650533374811868
5033,5,19,yes,1,0.0064588943083874195,0.0064588943083874195
3733,5,17,yes,2,0.0030619487529145173,0.0030619487529145173
6133,5,20,yes,10,0.038557884061471315,0.038557884061471315
5034,5,19,yes,2,0.01277066060538401,0.01277066060538401
6134,5,20,no,1,-0.004179558286804497,0.004179558286804497
6135,5,20,yes,12,-0.0445838668414206,0.0445838668414206
3818,5,18,yes,10,0.010805532838575757,0.010805532838575757
6516,5,21,yes,1,-0.002017172974494344,0.002017172974494344
6136,5,20,yes,11,-0.03246756848315724,0.03246756848315724
3819,5,18,no,1,-0.0012083954815765574,0.0012083954815765574
5035,5,19,yes,2,-0.01277066060538401,0.01277066060538401
3734,5,17,yes,6,0.010132141656545177,0.010132141656545177
3820,5,18,no,9,-0.0095971373569992,0.0095971373569992
5036,5,19,yes,6,0.03767261846387138,0.03767261846387138
6137,5,20,yes,1,0.002647472861640701,0.002647472861640701
5037,5,19,yes,9,0.0524660344366894,0.0524660344366894
5038,5,19,no,9,0.046892170648262455,0.046892170648262455
5039,5,19,yes,3,0.014314106355288847,0.014314106355288847
5040,5,19,no,1,-0.004697221546987929,0.004697221546987929
5041,5,19,no,6,-0.02973506875455645,0.02973506875455645
5042,5,19,no,8,-0.04367537383149278,0.04367537383149278
5043,5,19,no,5,-0.02948212585404264,0.02948212585404264
6138,5,20,yes,12,0.036556189122458074,0.036556189122458074
5044,5,19,yes,1,0.006022277489922678,0.006022277489922678
3735,5,17,no,4,-0.006916818134611397,0.006916818134611397
5045,5,19,no,1,0.005960635697198957,0.005960635697198957
6517,5,21,yes,1,-0.0019704136188763294,0.0019704136188763294
3736,5,17,yes,5,0.008752169922622635,0.008752169922622635
6139,5,20,yes,8,0.029707570712708214,0.029707570712708214
5046,5,19,yes,2,0.011731132651154441,0.011731132651154441
5047,5,19,yes,5,0.028165833616335845,0.028165833616335845
3737,5,17,no,1,-0.0018353517880112385,0.0018353517880112385
3738,5,17,no,1,-0.0017920493269606846,0.0017920493269606846
5048,5,19,no,7,0.03647642841387089,0.03647642841387089
6140,5,20,yes,4,-0.015416216297670315,0.015416216297670315
5049,5,19,yes,9,-0.047538467399258155,0.047538467399258155
6141,5,20,yes,5,-0.017692969439055323,0.017692969439055323
5050,5,19,no,1,-0.005634110153561744,0.005634110153561744
5051,5,19,yes,1,0.005634110153561744,0.005634110153561744
6142,5,20,no,2,-0.0066025399761659165,0.0066025399761659165
5052,5,19,yes,4,0.02184375084421919,0.02184375084421919
5053,5,19,no,1,0.005283976781832678,0.005283976781832678
6143,5,20,yes,1,0.0032680614992418033,0.0032680614992418033
5054,5,19,yes,1,0.0052119315902589,0.0052119315902589
5055,5,19,no,1,-0.0052119315902589,0.0052119315902589
5056,5,19,no,1,-0.005283976781832678,0.005283976781832678
5057,5,19,yes,1,0.005283976781832678,0.005283976781832678
5058,5,19,yes,3,-0.0160656886406646,0.0160656886406646
5059,5,19,no,4,-0.02239775360056928,0.02239775360056928
5060,5,19,no,1,-0.0057680800157665635,0.0057680800157665635
6518,5,21,yes,1,0.0019704136188763294,0.0019704136188763294
6519,5,21,yes,1,0.002017172974494344,0.002017172974494344
3739,5,17,yes,4,0.0074314375176514486,0.0074314375176514486
6520,5,21,yes,12,0.02817579472880495,0.02817579472880495
5061,5,19,yes,1,0.0057680800157665635,0.0057680800157665635
3740,5,17,no,10,-0.017321277146875667,0.017321277146875667
3741,5,17,no,1,-0.0015122014532747904,0.0015122014532747904
3742,5,17,yes,1,-0.0014754412634813557,0.0014754412634813557
3743,5,17,no,8,-0.010571030778634034,0.010571030778634034
3744,5,17,no,1,-0.0011782316625165642,0.0011782316625165642
6521,5,21,yes,1,0.0027057566289490215,0.0027057566289490215
6522,5,21,yes,1,-0.0027057566289490215,0.0027057566289490215
3745,5,17,no,12,-0.012021366757230915,0.012021366757230915
5062,5,19,yes,1,0.005701604461620269,0.005701604461620269
6144,5,20,yes,5,-0.01569125846899372,0.01569125846899372
5063,5,19,yes,1,0.005634110153561744,0.005634110153561744
6145,5,20,yes,11,0.036718706384973154,0.036718706384973154
3746,5,17,yes,1,0.0008658937548615686,0.0008658937548615686
5064,5,19,no,1,-0.005634110153561744,0.005634110153561744
5065,5,19,yes,1,-0.005701604461620269,0.005701604461620269
5066,5,19,yes,1,0.005701604461620269,0.005701604461620269
6523,5,21,yes,1,0.0027057566289490215,0.0027057566289490215
6146,5,20,yes,16,0.06867651231190097,0.06867651231190097
6147,5,20,no,1,-0.004845478367507289,0.004845478367507289
6148,5,20,no,2,-0.009468627987781753,0.009468627987781753
6149,5,20,no,4,-0.018046833823686936,0.018046833823686936
6150,5,20,yes,12,-0.04713747898215065,0.04713747898215065
6151,5,20,no,1,-0.0034694475658122448,0.0034694475658122448
6524,5,21,yes,1,-0.0027057566289490215,0.0027057566289490215
6525,5,21,yes,9,0.026552034122274734,0.026552034122274734
6152,5,20,yes,1,-0.0034016150240174237,0.0034016150240174237
6153,5,20,no,1,0.0034016150240174237,0.0034016150240174237
6526,5,21,no,1,-0.003202385934887142,0.003202385934887142
5067,5,19,no,2,-0.011469684477386832,0.011469684477386832
6527,5,21,yes,9,-0.025997121049028293,0.025997121049028293
6154,5,20,no,1,0.0034694475658122448,0.0034694475658122448
5068,5,19,no,7,-0.042136376247851826,0.042136376247851826
6528,5,21,yes,5,0.013828833540339064,0.013828833540339064
6529,5,21,yes,2,0.005957477552879564,0.005957477552879564
5069,5,19,yes,5,0.030405243596697384,0.030405243596697384
6530,5,21,no,11,-0.029810934675887607,0.029810934675887607
6155,5,20,yes,14,0.05601257892753983,0.05601257892753983
6156,5,20,yes,10,-0.041443468597697375,0.041443468597697375
6157,5,20,no,5,-0.0180385578956547,0.0180385578956547
6531,5,21,yes,11,-0.02329532128054547,0.02329532128054547
6532,5,21,yes,3,0.005774450021555855,0.005774450021555855
5070,5,19,no,1,0.0058976716028927845,0.0058976716028927845
3747,5,17,yes,1,0.0008886702091033122,0.0008886702091033122
6158,5,20,no,1,-0.0034016150240174237,0.0034016150240174237
6533,5,21,yes,20,0.05040514395239935,0.05040514395239935
5071,5,19,no,1,-0.0058976716028927845,0.0058976716028927845
6534,5,21,yes,7,-0.02021217624910006,0.02021217624910006
5072,5,19,no,5,-0.030405243596697384,0.030405243596697384
6159,5,20,yes,3,0.010409013347427054,0.010409013347427054
5073,5,19,yes,1,0.0061985164077413835,0.0061985164077413835
6535,5,21,yes,13,0.04002563668827032,0.04002563668827032
6536,5,21,no,1,-0.0034694475658122448,0.0034694475658122448
6537,5,21,yes,1,-0.0034016150240174237,0.0034016150240174237
5074,5,19,yes,9,0.05304165447105902,0.05304165447105902
5075,5,19,no,1,0.005565672514303843,0.005565672514303843
6538,5,21,no,1,-0.003334478476924113,0.003334478476924113
6539,5,21,no,1,-0.0032680614992418033,0.0032680614992418033
5076,5,19,no,6,-0.03440059979640686,0.03440059979640686
6540,5,21,no,1,-0.003202385934887142,0.003202385934887142
5077,5,19,no,18,-0.11536155874671428,0.11536155874671428
5078,5,19,yes,13,0.08495631515001689,0.08495631515001689
5079,5,19,yes,1,0.0061985164077413835,0.0061985164077413835
5080,5,19,yes,12,0.06952995976811638,0.06952995976811638
5081,5,19,no,1,-0.0054262663116700915,0.0054262663116700915
5082,5,19,no,1,0.0054262663116700915,0.0054262663116700915
5083,5,19,no,1,0.00535544554716183,0.00535544554716183
5084,5,19,no,5,-0.027477860997780934,0.027477860997780934
6541,5,21,yes,1,0.003202385934887142,0.003202385934887142
6542,5,21,no,10,0.03575032317815191,0.03575032317815191
5085,5,19,yes,1,0.005634110153561744,0.005634110153561744
6543,5,21,yes,12,-0.042090181051326586,0.042090181051326586
6544,5,21,no,2,-0.006083339096577239,0.006083339096577239
6160,5,20,yes,1,0.003607097447810126,0.003607097447810126
6545,5,21,yes,1,0.003010001079055108,0.003010001079055108
6546,5,21,no,2,0.006210809955809665,0.006210809955809665
5086,5,19,no,6,0.03233965921631077,0.03233965921631077
5087,5,19,yes,6,-0.03233965921631077,0.03233965921631077
6161,5,20,yes,20,0.08733217450007463,0.08733217450007463
6547,5,21,yes,11,-0.0311207191732938,0.0311207191732938
5088,5,19,no,7,0.03747903961821064,0.03747903961821064
6162,5,20,yes,5,-0.024595688352656575,0.024595688352656575
6163,5,20,no,3,-0.01386895542528574,0.01386895542528574
5089,5,19,no,1,-0.0051393804018998734,0.0051393804018998734
5090,5,19,no,6,-0.03233965921631077,0.03233965921631077
6164,5,20,no,7,-0.02977445578064386,0.02977445578064386
5091,5,19,no,6,0.03233965921631077,0.03233965921631077
3748,5,17,yes,7,0.006906369894808126,0.006906369894808126
5092,5,19,yes,1,-0.0052119315902589,0.0052119315902589
5093,5,19,yes,12,-0.06794556809527652,0.06794556809527652
5094,5,19,no,2,0.011982913187121635,0.011982913187121635
5095,5,19,yes,1,0.0058976716028927845,0.0058976716028927845
5096,5,19,yes,3,0.01730314552564849,0.01730314552564849
5097,5,19,no,1,-0.005701604461620269,0.005701604461620269
6165,5,20,yes,8,0.034323206147459484,0.034323206147459484
6166,5,20,no,11,-0.045992218964513,0.045992218964513
6548,5,21,yes,1,0.002533534559738787,0.002533534559738787
5098,5,19,no,8,-0.04790445626361839,0.04790445626361839
6167,5,20,yes,1,0.003818099192726798,0.003818099192726798
5099,5,19,yes,4,0.024444607899498427,0.024444607899498427
6549,5,21,no,1,-0.002533534559738787,0.002533534559738787
5100,5,19,no,1,0.005960635697198957,0.005960635697198957
5101,5,19,no,1,-0.005960635697198957,0.005960635697198957
5102,5,19,yes,1,0.005960635697198957,0.005960635697198957
6550,5,21,yes,12,-0.02631683781104545,0.02631683781104545
6168,5,20,no,2,-0.007565302673343599,0.007565302673343599
3821,5,18,yes,3,0.002956880103381118,0.002956880103381118
5103,5,19,no,1,-0.005960635697198957,0.005960635697198957
6551,5,21,yes,1,0.0019245274747760333,0.0019245274747760333
5104,5,19,no,1,-0.006022277489922678,0.006022277489922678
6169,5,20,no,1,-0.0036768586438181428,0.0036768586438181428
6170,5,20,no,6,-0.020618650771403096,0.020618650771403096
3822,5,18,yes,4,0.004313280005583224,0.004313280005583224
3823,5,18,yes,1,-0.0011199259363911113,0.0011199259363911113
5105,5,19,no,1,-0.006082521453160905,0.006082521453160905
3824,5,18,yes,9,-0.008886801480459942,0.008886801480459942
5106,5,19,yes,1,-0.00614129254867346,0.00614129254867346
3825,5,18,yes,1,0.0008886702091033122,0.0008886702091033122
5107,5,19,yes,1,0.00614129254867346,0.00614129254867346
6171,5,20,no,1,0.0032680614992418033,0.0032680614992418033
5108,5,19,no,1,0.006082521453160905,0.006082521453160905
6552,5,21,no,1,-0.0019245274747760333,0.0019245274747760333
5109,5,19,no,11,-0.0698611573318324,0.0698611573318324
6553,5,21,yes,8,-0.013847002372459907,0.013847002372459907
5110,5,19,yes,1,0.006592049699952862,0.006592049699952862
6172,5,20,no,1,-0.0032680614992418033,0.0032680614992418033
5111,5,19,yes,1,0.006549739658341158,0.006549739658341158
6554,5,21,yes,5,0.008340092329584492,0.008340092329584492
6173,5,20,yes,4,0.013473602565995585,0.013473602565995585
5112,5,19,yes,1,0.00650533374811868,0.00650533374811868
6174,5,20,yes,5,-0.016675988500882727,0.016675988500882727
5113,5,19,yes,1,0.0064588943083874195,0.0064588943083874195
5114,5,19,no,2,0.01277066060538401,0.01277066060538401
5115,5,19,yes,1,0.006308029388134018,0.006308029388134018
5116,5,19,no,1,-0.006308029388134018,0.006308029388134018
5117,5,19,yes,3,0.018760665309813906,0.018760665309813906
5118,5,19,no,1,-0.0061985164077413835,0.0061985164077413835
6555,5,21,no,1,-0.0017495943155862448,0.0017495943155862448
5119,5,19,yes,11,0.06480584339310425,0.06480584339310425
5120,5,19,no,12,0.0612062770035513,0.0612062770035513
5121,5,19,yes,1,0.00462298351148227,0.00462298351148227
5122,5,19,no,12,-0.06033289404395015,0.06033289404395015
6556,5,21,yes,1,-0.0017079790593417937,0.0017079790593417937
5123,5,19,no,1,-0.005496366471083425,0.005496366471083425
6557,5,21,yes,8,0.01487659748595016,0.01487659748595016
5124,5,19,no,3,-0.016901387129485856,0.016901387129485856
5125,5,19,yes,4,0.02239775360056928,0.02239775360056928
5126,5,19,no,1,-0.005496366471083425,0.005496366471083425
5127,5,19,no,11,-0.06480584339310425,0.06480584339310425
5128,5,19,yes,1,0.0061985164077413835,0.0061985164077413835
5129,5,19,no,1,-0.0061985164077413835,0.0061985164077413835
6558,5,21,yes,11,-0.019759116440606614,0.019759116440606614
5130,5,19,no,5,0.030405243596697384,0.030405243596697384
6559,5,21,yes,1,0.001588088609475631,0.001588088609475631
5131,5,19,no,14,0.07637339468136117,0.07637339468136117
5132,5,19,no,9,-0.047538467399258155,0.047538467399258155
5133,5,19,yes,7,-0.04081784046922465,0.04081784046922465
6560,5,21,yes,1,-0.001588088609475631,0.001588088609475631
6561,5,21,yes,7,0.011967493444556415,0.011967493444556415
6562,5,21,yes,9,0.01860975265502121,0.01860975265502121
5134,5,19,no,1,-0.006082521453160905,0.006082521453160905
5135,5,19,yes,5,0.02979656729143698,0.02979656729143698
5136,5,19,no,4,-0.023714045838276077,0.023714045838276077
6563,5,21,yes,1,0.002316298248714571,0.002316298248714571
6175,5,20,yes,11,-0.0311207191732938,0.0311207191732938
3826,5,18,yes,1,0.0009120007430160615,0.0009120007430160615
6176,5,20,no,6,0.016066653620142993,0.016066653620142993
5137,5,19,yes,4,-0.024676449923514254,0.024676449923514254
5138,5,19,yes,9,0.054158575777556894,0.054158575777556894
5139,5,19,no,1,-0.0057680800157665635,0.0057680800157665635
6177,5,20,yes,14,0.04629916438387599,0.04629916438387599
6564,5,21,no,13,-0.02630304633429395,0.02630304633429395
6178,5,20,yes,1,-0.003747203480616801,0.003747203480616801
6179,5,20,no,1,-0.0036768586438181428,0.0036768586438181428
6565,5,21,no,1,-0.0017079790593417937,0.0017079790593417937
6566,5,21,no,1,-0.0016671954327226735,0.0016671954327226735
5140,5,19,no,12,-0.07392808006369578,0.07392808006369578
6567,5,21,yes,1,-0.001627234912458149,0.001627234912458149
3827,5,18,yes,4,0.003892776459148456,0.003892776459148456
5141,5,19,yes,1,0.0064588943083874195,0.0064588943083874195
5142,5,19,no,1,0.006410485830370405,0.006410485830370405
6568,5,21,yes,1,0.001627234912458149,0.001627234912458149
5143,5,19,no,15,0.0892245335412738,0.0892245335412738
5144,5,19,no,1,-0.005496366471083425,0.005496366471083425
5145,5,19,no,6,-0.03440059979640686,0.03440059979640686
5146,5,19,yes,6,0.03440059979640686,0.03440059979640686
5147,5,19,no,1,-0.005565672514303843,0.005565672514303843
6180,5,20,no,1,-0.003607097447810126,0.003607097447810126
6181,5,20,no,1,-0.0035379507575973856,0.0035379507575973856
5148,5,19,yes,15,0.0759436833961531,0.0759436833961531
6569,5,21,yes,1,-0.001627234912458149,0.001627234912458149
5149,5,19,no,1,-0.004548750366815679,0.004548750366815679
5150,5,19,no,1,-0.00462298351148227,0.00462298351148227
5151,5,19,no,9,-0.044928198673635955,0.044928198673635955
5152,5,19,no,13,-0.07488540531527821,0.07488540531527821
5153,5,19,yes,10,0.05860732698536286,0.05860732698536286
5154,5,19,yes,13,0.06582926051503357,0.06582926051503357
6182,5,20,yes,1,0.0035379507575973856,0.0035379507575973856
5155,5,19,no,1,-0.00462298351148227,0.00462298351148227
5156,5,19,no,8,-0.03964422189180328,0.03964422189180328
5157,5,19,no,1,-0.005283976781832678,0.005283976781832678
5158,5,19,no,1,-0.00535544554716183,0.00535544554716183
5159,5,19,yes,1,0.00535544554716183,0.00535544554716183
6183,5,20,no,1,-0.0035379507575973856,0.0035379507575973856
5160,5,19,no,1,-0.00535544554716183,0.00535544554716183
5161,5,19,no,10,-0.05730614576628201,0.05730614576628201
5162,5,19,no,1,0.006022277489922678,0.006022277489922678
6184,5,20,yes,1,-0.0034694475658122448,0.0034694475658122448
6570,5,21,yes,9,-0.012978064219058519,0.012978064219058519
3828,5,18,yes,1,0.0010373521350486442,0.0010373521350486442
5163,5,19,yes,5,0.02916145282574023,0.02916145282574023
5164,5,19,no,1,-0.005701604461620269,0.005701604461620269
5165,5,19,no,8,-0.04790445626361839,0.04790445626361839
5166,5,19,no,1,0.0061985164077413835,0.0061985164077413835
5167,5,19,yes,3,0.018246091491757044,0.018246091491757044
5168,5,19,no,9,-0.05623631171534238,0.05623631171534238
5169,5,19,no,8,-0.05316461133417294,0.05316461133417294
5170,5,19,no,1,-0.0067987210476098126,0.0067987210476098126
5171,5,19,yes,17,0.11017736660720245,0.11017736660720245
5172,5,19,no,14,-0.08986932308396645,0.08986932308396645
5173,5,19,yes,1,0.006705817235090228,0.006705817235090228
5174,5,19,no,2,-0.013444986864202035,0.013444986864202035
6571,5,21,yes,5,0.006852585593187015,0.006852585593187015
5175,5,19,no,5,-0.03411167848903773,0.03411167848903773
5176,5,19,no,1,-0.006888044756477085,0.006888044756477085
5177,5,19,yes,1,0.006888044756477085,0.006888044756477085
5178,5,19,yes,3,0.020542804594913533,0.020542804594913533
5179,5,19,no,8,-0.055116014822185644,0.055116014822185644
5180,5,19,no,18,0.12153824151235582,0.12153824151235582
5181,5,19,no,1,0.006410485830370405,0.006410485830370405
5182,5,19,no,3,-0.019374713886876505,0.019374713886876505
5183,5,19,no,1,0.00650533374811868,0.00650533374811868
6572,5,21,yes,2,0.002987642716756146,0.002987642716756146
5184,5,19,yes,1,0.0064588943083874195,0.0064588943083874195
5185,5,19,yes,9,0.05573805310415392,0.05573805310415392
5186,5,19,yes,6,-0.03665936311063589,0.03665936311063589
5187,5,19,yes,1,0.006254119513938505,0.006254119513938505
5188,5,19,yes,4,0.024444607899498427,0.024444607899498427
5189,5,19,no,6,-0.03700675680157095,0.03700675680157095
5190,5,19,no,6,-0.03887667802018413,0.03887667802018413
5191,5,19,no,1,0.006592049699952862,0.006592049699952862
5192,5,19,no,2,-0.01322425356502177,0.01322425356502177
6185,5,20,yes,1,0.0034694475658122448,0.0034694475658122448
5193,5,19,yes,2,0.01322425356502177,0.01322425356502177
5194,5,19,yes,1,0.006549739658341158,0.006549739658341158
5195,5,19,yes,3,0.019374713886876505,0.019374713886876505
6573,5,21,yes,3,-0.004427099390016405,0.004427099390016405
5196,5,19,yes,13,0.07816249455588653,0.07816249455588653
5197,5,19,no,3,-0.017103794630948577,0.017103794630948577
5198,5,19,no,9,-0.05469852514992435,0.05469852514992435
5199,5,19,no,1,-0.006360174775013605,0.006360174775013605
5200,5,19,yes,1,0.006360174775013605,0.006360174775013605
5201,5,19,no,12,-0.07919288729555418,0.07919288729555418
5202,5,19,no,1,0.0067987210476098126,0.0067987210476098126
5203,5,19,yes,1,0.006770152846514388,0.006770152846514388
5204,5,19,no,1,-0.006770152846514388,0.006770152846514388
5205,5,19,yes,5,0.03351748822776024,0.03351748822776024
6574,5,21,yes,1,0.0014394566732602587,0.0014394566732602587
6186,5,20,yes,1,-0.0034694475658122448,0.0034694475658122448
5206,5,19,no,5,-0.03351748822776024,0.03351748822776024
5207,5,19,no,9,0.05962350564256036,0.05962350564256036
5208,5,19,no,9,-0.05962350564256036,0.05962350564256036
5209,5,19,yes,2,0.013509322475626195,0.013509322475626195
5210,5,19,yes,1,0.006705817235090228,0.006705817235090228
5211,5,19,yes,1,0.0066701446519749075,0.0066701446519749075
5212,5,19,no,1,0.006632203865068909,0.006632203865068909
6187,5,20,no,1,-0.0034016150240174237,0.0034016150240174237
6575,5,21,yes,11,-0.014017933963060003,0.014017933963060003
5213,5,19,yes,1,0.006592049699952862,0.006592049699952862
5214,5,19,no,8,0.051045293630045174,0.051045293630045174
5215,5,19,no,1,-0.0061985164077413835,0.0061985164077413835
5216,5,19,yes,5,-0.03179170381584395,0.03179170381584395
5217,5,19,yes,4,0.025537584301905447,0.025537584301905447
5218,5,19,yes,7,0.042557034713528674,0.042557034713528674
6576,5,21,yes,10,-0.009752695235321511,0.009752695235321511
5219,5,19,no,1,-0.0058976716028927845,0.0058976716028927845
6577,5,21,no,4,0.00360246106274828,0.00360246106274828
5220,5,19,no,1,-0.005960635697198957,0.005960635697198957
5221,5,19,no,5,-0.030698727413436933,0.030698727413436933
5222,5,19,no,1,-0.006308029388134018,0.006308029388134018
5223,5,19,no,1,-0.006360174775013605,0.006360174775013605
6188,5,20,yes,4,0.01401611079523718,0.01401611079523718
5224,5,19,no,15,-0.1002635618719312,0.1002635618719312
5225,5,19,yes,4,0.027430849351390618,0.027430849351390618
5226,5,19,yes,1,0.0067987210476098126,0.0067987210476098126
5227,5,19,yes,10,0.06603399147293076,0.06603399147293076
5228,5,19,no,20,-0.13489004714047037,0.13489004714047037
5229,5,19,no,4,-0.027765283321003642,0.027765283321003642
5230,5,19,no,13,0.08982261794093344,0.08982261794093344
6578,5,21,no,1,0.0009603681248038787,0.0009603681248038787
5231,5,19,yes,1,0.0067987210476098126,0.0067987210476098126
5232,5,19,no,1,0.006770152846514388,0.006770152846514388
5233,5,19,yes,1,0.0067391696291118075,0.0067391696291118075
5234,5,19,yes,2,0.013375961887065135,0.013375961887065135
5235,5,19,yes,11,0.0704108397437404,0.0704108397437404
5236,5,19,no,2,-0.012339808956414844,0.012339808956414844
5237,5,19,no,3,-0.018922323677086128,0.018922323677086128
5238,5,19,no,16,-0.10716753173532712,0.10716753173532712
5239,5,19,no,1,0.00690396986339592,0.00690396986339592
5240,5,19,yes,1,0.006888044756477085,0.006888044756477085
5241,5,19,no,2,0.013717972912521081,0.013717972912521081
5242,5,19,no,5,-0.03442726583128486,0.03442726583128486
5243,5,19,no,1,0.006917278298890772,0.006917278298890772
5244,5,19,yes,5,0.03433481921478654,0.03433481921478654
5245,5,19,yes,1,0.0067987210476098126,0.0067987210476098126
6189,5,20,no,17,-0.05240822131984525,0.05240822131984525
5246,5,19,yes,2,0.013509322475626195,0.013509322475626195
6190,5,20,yes,13,0.03839211052460807,0.03839211052460807
5247,5,19,yes,1,0.006705817235090228,0.006705817235090228
5248,5,19,no,1,-0.006705817235090228,0.006705817235090228
6191,5,20,yes,3,-0.009804925911053058,0.009804925911053058
5249,5,19,yes,1,0.006705817235090228,0.006705817235090228
6579,5,21,no,1,0.0009854271973470732,0.0009854271973470732
5250,5,19,no,11,0.07093969184704185,0.07093969184704185
5251,5,19,no,9,-0.057637343329998036,0.057637343329998036
5252,5,19,yes,18,-0.12320285958956545,0.12320285958956545
5253,5,19,yes,1,0.006941319797744205,0.006941319797744205
6192,5,20,yes,1,0.003202385934887142,0.003202385934887142
5254,5,19,yes,1,0.006943997948260672,0.006943997948260672
5255,5,19,yes,1,0.006943997948260727,0.006943997948260727
5256,5,19,no,1,0.00694131979774415,0.00694131979774415
6193,5,20,no,1,-0.003202385934887142,0.003202385934887142
5257,5,19,yes,1,0.006935967626738093,0.006935967626738093
5258,5,19,no,1,0.00692794968177024,0.00692794968177024
5259,5,19,no,2,0.013821248162286692,0.013821248162286692
5260,5,19,yes,1,0.006888044756477085,0.006888044756477085
6194,5,20,yes,9,-0.025997121049028293,0.025997121049028293
6195,5,20,yes,1,-0.0025900635645267206,0.0025900635645267206
6196,5,20,yes,12,-0.026925844896008203,0.026925844896008203
5261,5,19,no,1,-0.006888044756477085,0.006888044756477085
6197,5,20,yes,8,0.017122014501056257,0.017122014501056257
6198,5,20,yes,9,0.02333694945535615,0.02333694945535615
6199,5,20,no,1,-0.0028249181734272544,0.0028249181734272544
6200,5,20,yes,1,-0.002764907831860508,0.002764907831860508
6201,5,20,yes,4,0.011423080523573798,0.011423080523573798
6202,5,20,no,4,-0.011423080523573798,0.011423080523573798
6203,5,20,no,1,-0.0027057566289490215,0.0027057566289490215
6580,5,21,yes,2,0.0020484369162788105,0.0020484369162788105
6204,5,20,yes,1,0.0027057566289490215,0.0027057566289490215
6205,5,20,yes,12,-0.028816740817043024,0.028816740817043024
6206,5,20,yes,1,0.0021133306609868174,0.0021133306609868174
6207,5,20,no,1,-0.0021133306609868174,0.0021133306609868174
6208,5,20,no,1,0.0021133306609868174,0.0021133306609868174
6209,5,20,yes,6,-0.011969764197747965,0.011969764197747965
6210,5,20,yes,1,0.0018795089279034921,0.0018795089279034921
6211,5,20,no,6,0.012252992251466685,0.012252992251466685
6212,5,20,yes,12,0.030130499179721756,0.030130499179721756
6213,5,20,yes,2,-0.005589826005287762,0.005589826005287762
6214,5,20,yes,1,0.002764907831860508,0.002764907831860508
6215,5,20,yes,2,-0.0054706644608095295,0.0054706644608095295
6216,5,20,no,15,-0.03408790879695166,0.03408790879695166
6217,5,20,no,1,-0.0018795089279034921,0.0018795089279034921
6218,5,20,no,1,-0.0018353517880112385,0.0018353517880112385
6219,5,20,yes,1,0.0018353517880112385,0.0018353517880112385
6220,5,20,yes,1,0.0018795089279034921,0.0018795089279034921
6221,5,20,yes,10,0.021415812352641977,0.021415812352641977
6222,5,20,yes,8,0.020967679078546464,0.020967679078546464
6223,5,20,yes,7,-0.018544544126856646,0.018544544126856646
6224,5,20,no,1,-0.0024231349516898176,0.0024231349516898176
6225,5,20,yes,1,0.0024231349516898176,0.0024231349516898176
6226,5,20,yes,1,-0.0024231349516898176,0.0024231349516898176
6227,5,20,yes,1,-0.0023692703768096873,0.0023692703768096873
6228,5,20,yes,1,-0.002316298248714571,0.002316298248714571
6581,5,21,yes,4,0.004424673456052873,0.004424673456052873
6582,5,21,yes,1,-0.0011487455855182932,0.0011487455855182932
6583,5,21,yes,11,-0.010872621171712622,0.010872621171712622
6584,5,21,no,12,0.012021366757230915,0.012021366757230915
6585,5,21,yes,2,0.0023866271440931217,0.0023866271440931217
6586,5,21,no,15,0.022240117643037842,0.022240117643037842
6587,5,21,no,1,-0.0017495943155862448,0.0017495943155862448
6588,5,21,no,1,-0.0017079790593417937,0.0017079790593417937
6229,5,20,yes,1,-0.0022642190665268375,0.0022642190665268375
6589,5,21,yes,1,-0.0016671954327226735,0.0016671954327226735
6590,5,21,yes,1,0.0016671954327226735,0.0016671954327226735
6591,5,21,yes,2,0.0034575733749280385,0.0034575733749280385
6592,5,21,yes,7,-0.01140204108249901,0.01140204108249901
6593,5,21,no,1,-0.0014754412634813557,0.0014754412634813557
6594,5,21,no,1,0.0014754412634813557,0.0014754412634813557
6595,5,21,no,1,0.0015122014532747904,0.0015122014532747904
6596,5,21,yes,1,0.0015497472996397268,0.0015497472996397268
6597,5,21,yes,1,-0.0015497472996397268,0.0015497472996397268
6598,5,21,yes,1,-0.0015122014532747904,0.0015122014532747904
6599,5,21,yes,1,0.0015122014532747904,0.0015122014532747904
6600,5,21,yes,1,-0.0015122014532747904,0.0015122014532747904
6601,5,21,no,1,0.0015122014532747904,0.0015122014532747904
