id,round_id,participant_id,direction,quantity,cost,price_before,price_after,q_yes_after,q_no_after,executed_at
1,2,P09,no,20,11.3714,0.5,0.364576,0.0,20.0,2026-05-29 13:31:17.802783+00
2,2,P09,no,20,13.9199,0.364576,0.247664,0.0,40.0,2026-05-29 13:31:19.027173+00
3,2,P05,yes,20,6.0801,0.247664,0.364576,20.0,40.0,2026-05-29 13:31:21.100107+00
4,2,P09,yes,15,6.2153,0.364576,0.465333,35.0,40.0,2026-05-29 13:31:23.790991+00
5,2,P01,yes,15,7.7594,0.465333,0.569001,50.0,40.0,2026-05-29 13:31:24.157138+00
6,2,P09,yes,15,9.2818,0.569001,0.666955,65.0,40.0,2026-05-29 13:31:25.013907+00
7,2,P01,yes,15,10.6634,0.666955,0.752336,80.0,40.0,2026-05-29 13:31:25.220078+00
8,2,P01,yes,15,11.8259,0.752336,0.821681,95.0,40.0,2026-05-29 13:31:25.491467+00
9,2,P01,yes,15,12.7432,0.821681,0.87484,110.0,40.0,2026-05-29 13:31:25.695387+00
10,2,P07,yes,20,18.0263,0.87484,0.924142,130.0,40.0,2026-05-29 13:31:25.896025+00
11,2,P01,yes,15,14.0572,0.924142,0.948664,145.0,40.0,2026-05-29 13:31:25.954868+00
12,2,P01,yes,15,14.3647,0.948664,0.965555,160.0,40.0,2026-05-29 13:31:26.204494+00
13,1,P02,yes,1,0.5035,0.5,0.506944,1.0,0.0,2026-05-29 13:31:26.415828+00
14,1,P01,yes,3,1.5521,0.506944,0.527749,4.0,0.0,2026-05-29 13:31:27.256241+00
15,1,P02,yes,1,0.5312,0.527749,0.534667,5.0,0.0,2026-05-29 13:31:27.442388+00
16,1,P08,yes,18,10.7197,0.534667,0.654502,23.0,0.0,2026-05-29 13:31:28.217311+00
17,1,P06,yes,1,0.6576,0.654502,0.660756,24.0,0.0,2026-05-29 13:31:28.693818+00
18,1,P02,yes,1,0.6639,0.660756,0.666955,25.0,0.0,2026-05-29 13:31:29.005684+00
19,2,P04,yes,1,0.966,0.965555,0.966467,161.0,40.0,2026-05-29 13:31:29.057106+00
20,1,P01,yes,3,2.0284,0.666955,0.685201,28.0,0.0,2026-05-29 13:31:29.629368+00
21,1,P08,yes,20,14.8131,0.685201,0.791391,48.0,0.0,2026-05-29 13:31:30.722915+00
22,1,P08,yes,20,16.6476,0.791391,0.868629,68.0,0.0,2026-05-29 13:31:30.914873+00
23,1,P08,yes,20,17.9255,0.868629,0.920154,88.0,0.0,2026-05-29 13:31:31.080207+00
24,1,P01,yes,3,2.7694,0.920154,0.926066,91.0,0.0,2026-05-29 13:31:31.227627+00
25,1,P02,yes,1,0.927,0.926066,0.927946,92.0,0.0,2026-05-29 13:31:31.306313+00
26,1,P01,yes,3,2.792,0.927946,0.933323,95.0,0.0,2026-05-29 13:31:31.428943+00
27,1,P04,yes,20,18.962,0.933323,0.960625,115.0,0.0,2026-05-29 13:31:31.671534+00
28,2,P01,yes,5,-4.8206,0.966467,0.961662,156.0,40.0,2026-05-29 13:31:32.694238+00
29,1,P08,yes,20,19.3907,0.960625,0.977023,135.0,0.0,2026-05-29 13:31:32.736762+00
30,2,P01,yes,5,-4.7949,0.961662,0.9562,151.0,40.0,2026-05-29 13:31:32.860655+00
31,2,P01,yes,5,-4.7658,0.9562,0.95,146.0,40.0,2026-05-29 13:31:33.006285+00
32,2,P01,yes,5,-4.7328,0.95,0.942975,141.0,40.0,2026-05-29 13:31:33.167909+00
33,2,P01,yes,5,-4.6954,0.942975,0.935031,136.0,40.0,2026-05-29 13:31:33.307946+00
34,2,P01,yes,5,-4.6532,0.935031,0.926066,131.0,40.0,2026-05-29 13:31:33.475451+00
35,1,P08,yes,20,19.6457,0.977023,0.986686,155.0,0.0,2026-05-29 13:31:33.577287+00
36,2,P01,yes,5,-4.6056,0.926066,0.915976,126.0,40.0,2026-05-29 13:31:33.638228+00
37,2,P01,yes,5,-4.5521,0.915976,0.904651,121.0,40.0,2026-05-29 13:31:33.782593+00
38,1,P04,yes,20,19.7951,0.986686,0.992318,175.0,0.0,2026-05-29 13:31:33.934589+00
39,2,P09,no,20,2.4638,0.904651,0.844808,121.0,60.0,2026-05-29 13:31:34.275509+00
40,1,P02,yes,1,0.9924,0.992318,0.992526,176.0,0.0,2026-05-29 13:31:34.297263+00
41,2,P01,yes,5,-4.177,0.844808,0.825715,116.0,60.0,2026-05-29 13:31:34.346649+00
42,1,P02,yes,1,0.9926,0.992526,0.99273,177.0,0.0,2026-05-29 13:31:34.524905+00
43,1,P06,yes,1,0.9928,0.99273,0.992928,178.0,0.0,2026-05-29 13:31:34.765575+00
44,2,P01,yes,5,-4.0771,0.825715,0.804815,111.0,60.0,2026-05-29 13:31:34.806491+00
45,2,P01,yes,5,-3.968,0.804815,0.782071,106.0,60.0,2026-05-29 13:31:35.012053+00
46,2,P01,yes,5,-3.8496,0.782071,0.757476,101.0,60.0,2026-05-29 13:31:35.215032+00
47,2,P01,yes,5,-3.7221,0.757476,0.731059,96.0,60.0,2026-05-29 13:31:35.522363+00
48,1,P02,yes,1,0.993,0.992928,0.99312,179.0,0.0,2026-05-29 13:31:35.54483+00
49,2,P01,yes,5,-3.5856,0.731059,0.702893,91.0,60.0,2026-05-29 13:31:35.72837+00
50,1,P07,no,4,0.0291,0.99312,0.992318,179.0,4.0,2026-05-29 13:31:35.760347+00
51,1,P02,yes,1,0.9924,0.992318,0.992526,180.0,4.0,2026-05-29 13:31:35.782676+00
52,2,P01,yes,5,-3.4406,0.702893,0.673096,86.0,60.0,2026-05-29 13:31:35.933739+00
53,2,P02,yes,5,3.4406,0.673096,0.702893,91.0,60.0,2026-05-29 13:31:36.092109+00
54,2,P01,yes,5,-3.4406,0.702893,0.673096,86.0,60.0,2026-05-29 13:31:36.139297+00
55,2,P02,yes,5,3.4406,0.673096,0.702893,91.0,60.0,2026-05-29 13:31:36.254798+00
56,2,P01,yes,5,-3.4406,0.702893,0.673096,86.0,60.0,2026-05-29 13:31:36.354163+00
57,2,P01,yes,5,-3.2879,0.673096,0.641834,81.0,60.0,2026-05-29 13:31:36.650107+00
58,2,P09,yes,20,14.0362,0.641834,0.757476,101.0,60.0,2026-05-29 13:31:36.674899+00
59,1,P02,yes,1,0.9926,0.992526,0.99273,181.0,4.0,2026-05-29 13:31:36.744211+00
60,1,P02,yes,1,0.9928,0.99273,0.992928,182.0,4.0,2026-05-29 13:31:36.967615+00
61,2,P02,yes,5,3.8496,0.757476,0.782071,106.0,60.0,2026-05-29 13:31:37.073122+00
62,2,P09,yes,20,16.4902,0.782071,0.862158,126.0,60.0,2026-05-29 13:31:37.120175+00
63,2,P09,yes,20,17.8202,0.862158,0.915976,146.0,60.0,2026-05-29 13:31:37.347312+00
64,1,P02,yes,1,0.993,0.992928,0.99312,183.0,4.0,2026-05-29 13:31:37.458237+00
65,1,P02,yes,1,0.9932,0.99312,0.993307,184.0,4.0,2026-05-29 13:31:37.87982+00
66,2,P02,yes,5,4.6056,0.915976,0.926066,151.0,60.0,2026-05-29 13:31:38.07573+00
67,1,P02,yes,1,0.9934,0.993307,0.993489,185.0,4.0,2026-05-29 13:31:38.643283+00
68,1,P02,yes,1,0.9936,0.993489,0.993667,186.0,4.0,2026-05-29 13:31:39.325848+00
69,1,P02,yes,1,0.9938,0.993667,0.993839,187.0,4.0,2026-05-29 13:31:40.008832+00
70,1,P02,yes,1,0.9939,0.993839,0.994007,188.0,4.0,2026-05-29 13:31:40.18793+00
71,1,P05,yes,20,19.9079,0.994007,0.996553,208.0,4.0,2026-05-29 13:31:40.665208+00
72,1,P02,yes,1,0.9966,0.996553,0.996647,209.0,4.0,2026-05-29 13:31:40.730709+00
73,1,P01,yes,1,0.9967,0.996647,0.996738,210.0,4.0,2026-05-29 13:31:40.94954+00
74,1,P08,no,3,0.0102,0.996738,0.996456,210.0,7.0,2026-05-29 13:31:40.979319+00
75,2,P09,no,20,1.9249,0.926066,0.87785,151.0,80.0,2026-05-29 13:31:41.34787+00
76,1,P01,yes,1,0.9965,0.996456,0.996553,211.0,7.0,2026-05-29 13:31:41.553997+00
77,2,P09,no,20,3.127,0.87785,0.804815,151.0,100.0,2026-05-29 13:31:41.822675+00
78,1,P01,yes,1,0.9966,0.996553,0.996647,212.0,7.0,2026-05-29 13:31:42.189527+00
79,1,P01,yes,1,0.9967,0.996647,0.996738,213.0,7.0,2026-05-29 13:31:42.453985+00
80,1,P01,yes,1,0.9968,0.996738,0.996827,214.0,7.0,2026-05-29 13:31:42.6913+00
81,1,P01,yes,1,0.9969,0.996827,0.996914,215.0,7.0,2026-05-29 13:31:42.857592+00
82,1,P02,yes,1,0.997,0.996914,0.996998,216.0,7.0,2026-05-29 13:31:42.901674+00
83,1,P01,yes,1,0.997,0.996998,0.99708,217.0,7.0,2026-05-29 13:31:43.027949+00
84,1,P04,yes,20,19.9552,0.99708,0.998323,237.0,7.0,2026-05-29 13:31:43.152022+00
85,1,P01,yes,1,0.9983,0.998323,0.998369,238.0,7.0,2026-05-29 13:31:43.208581+00
86,1,P01,yes,1,0.9984,0.998369,0.998413,239.0,7.0,2026-05-29 13:31:43.37488+00
87,1,P01,yes,1,0.9984,0.998413,0.998457,240.0,7.0,2026-05-29 13:31:43.556718+00
88,1,P04,yes,20,19.9763,0.998457,0.999114,260.0,7.0,2026-05-29 13:31:43.806838+00
89,2,P06,yes,1,0.807,0.804815,0.809142,152.0,100.0,2026-05-29 13:31:44.027455+00
90,1,P02,yes,1,0.9991,0.999114,0.999138,261.0,7.0,2026-05-29 13:31:44.13764+00
92,1,P02,yes,1,0.9995,0.999505,0.999519,282.0,7.0,2026-05-29 13:31:44.871701+00
105,2,P01,yes,1,0.8316,0.829676,0.833566,158.0,100.0,2026-05-29 13:31:48.426274+00
106,1,P02,yes,1,0.9996,0.999581,0.999593,291.0,10.0,2026-05-29 13:31:48.452714+00
1277,25,P05,yes,1,0.5035,0.5,0.506944,1.0,0.0,2026-05-29 13:59:10.303922+00
1278,24,P08,yes,1,0.5035,0.5,0.506944,1.0,0.0,2026-05-29 13:59:10.39073+00
1282,25,P04,no,1,0.4896,0.513885,0.506944,3.0,2.0,2026-05-29 13:59:10.680838+00
1289,25,P05,yes,1,0.5381,0.534667,0.54157,9.0,3.0,2026-05-29 13:59:11.577524+00
1293,25,P05,yes,1,0.5656,0.562177,0.569001,13.0,3.0,2026-05-29 13:59:12.160587+00
1294,25,P08,yes,1,0.5724,0.569001,0.5758,14.0,3.0,2026-05-29 13:59:12.248963+00
1296,25,P09,no,20,9.7241,0.58257,0.444672,15.0,23.0,2026-05-29 13:59:12.327922+00
1298,25,P05,yes,1,0.455,0.451541,0.45843,17.0,23.0,2026-05-29 13:59:12.441295+00
1300,25,P08,yes,1,0.4688,0.465333,0.472251,19.0,23.0,2026-05-29 13:59:12.618939+00
1302,25,P08,yes,1,0.4826,0.479179,0.486115,21.0,23.0,2026-05-29 13:59:12.769375+00
1306,24,P02,no,20,8.4935,0.641834,0.506944,21.0,20.0,2026-05-29 13:59:12.9692+00
1308,25,P05,yes,1,0.5104,0.506944,0.513885,25.0,23.0,2026-05-29 13:59:13.159726+00
1312,24,P05,yes,6,3.1664,0.506944,0.548459,27.0,20.0,2026-05-29 13:59:13.63553+00
1319,25,P05,yes,1,0.5519,0.548459,0.555328,33.0,25.0,2026-05-29 13:59:14.428125+00
1328,25,P01,no,10,5.1386,0.520821,0.451541,38.0,45.0,2026-05-29 13:59:15.618619+00
1338,25,P02,yes,20,3.5906,0.141176,0.2227,60.0,105.0,2026-05-29 13:59:16.589073+00
1348,24,P04,no,20,16.7992,0.199585,0.12516,30.0,100.0,2026-05-29 13:59:17.5886+00
1363,25,P06,yes,1,0.034,0.033533,0.034445,85.0,205.0,2026-05-29 13:59:18.890499+00
1370,25,P08,yes,1,0.0289,0.028532,0.029312,89.0,215.0,2026-05-29 13:59:19.534924+00
1375,25,P08,yes,1,0.0534,0.052706,0.05411,112.0,215.0,2026-05-29 13:59:19.981056+00
1377,24,P08,yes,1,0.0135,0.013314,0.013684,26.0,180.0,2026-05-29 13:59:20.108515+00
1389,25,P02,yes,20,4.1968,0.166434,0.25816,177.0,215.0,2026-05-29 13:59:21.221456+00
1400,25,P08,yes,1,0.2828,0.280003,0.285638,182.0,215.0,2026-05-29 13:59:22.366869+00
1406,25,P08,yes,1,0.2942,0.291339,0.297107,184.0,215.0,2026-05-29 13:59:23.500912+00
1408,24,P04,no,10,9.8244,0.020058,0.015267,40.0,190.0,2026-05-29 13:59:23.604829+00
1413,25,P08,yes,1,0.3,0.297107,0.302941,185.0,215.0,2026-05-29 13:59:24.388282+00
1424,25,P06,yes,1,0.3239,0.320821,0.326904,189.0,215.0,2026-05-29 13:59:25.75316+00
1429,24,P08,yes,1,0.0155,0.015267,0.01569,61.0,210.0,2026-05-29 13:59:26.769911+00
1433,24,P05,yes,12,0.3934,0.027772,0.038338,94.0,210.0,2026-05-29 13:59:28.297115+00
1435,24,P08,yes,4,0.2738,0.064969,0.072054,118.0,210.0,2026-05-29 13:59:28.938222+00
1440,24,P04,no,2,1.6896,0.158869,0.151585,150.0,212.0,2026-05-29 13:59:29.605257+00
1441,24,P02,yes,20,3.8416,0.151585,0.237458,170.0,212.0,2026-05-29 13:59:29.800169+00
1445,24,P08,yes,4,1.5894,0.38409,0.410691,199.0,212.0,2026-05-29 13:59:30.327217+00
1446,24,P01,yes,1,0.4141,0.410691,0.41743,200.0,212.0,2026-05-29 13:59:30.645771+00
1448,24,P02,yes,20,9.7241,0.41743,0.555328,220.0,212.0,2026-05-29 13:59:31.879131+00
1455,24,P01,yes,1,0.5859,0.58257,0.589309,245.0,232.0,2026-05-29 13:59:32.819433+00
1465,25,P01,yes,1,0.2942,0.291339,0.297107,204.0,235.0,2026-05-29 13:59:34.42597+00
1467,25,P01,yes,1,0.3059,0.302941,0.308838,206.0,235.0,2026-05-29 13:59:34.76914+00
1472,25,P01,yes,1,0.3361,0.333045,0.339244,211.0,235.0,2026-05-29 13:59:35.618941+00
1475,25,P01,yes,1,0.355,0.351806,0.358166,214.0,235.0,2026-05-29 13:59:36.084909+00
1482,25,P01,yes,1,0.2662,0.263515,0.268941,219.0,255.0,2026-05-29 13:59:36.95807+00
1485,25,P01,yes,1,0.2828,0.280003,0.285638,222.0,255.0,2026-05-29 13:59:37.41085+00
1489,25,P01,yes,1,0.3,0.297107,0.302941,225.0,255.0,2026-05-29 13:59:37.893264+00
1496,25,P01,yes,1,0.3424,0.339244,0.345498,232.0,255.0,2026-05-29 13:59:39.043463+00
1501,24,P01,yes,4,3.0092,0.74184,0.762542,275.0,233.0,2026-05-29 13:59:39.729403+00
1504,25,P01,yes,1,0.3874,0.38409,0.390682,239.0,255.0,2026-05-29 13:59:40.225091+00
1513,25,P07,no,20,12.5639,0.437823,0.308838,246.0,275.0,2026-05-29 13:59:41.51369+00
1518,25,P02,yes,20,-3.5098,0.217929,0.137842,229.0,295.0,2026-05-29 13:59:42.120436+00
1521,25,P01,yes,1,0.1463,0.144578,0.148047,232.0,295.0,2026-05-29 13:59:42.482852+00
1527,25,P03,yes,8,1.6705,0.190858,0.227546,251.0,295.0,2026-05-29 13:59:43.390513+00
1529,24,P04,no,1,0.0942,0.90702,0.904651,315.0,234.0,2026-05-29 13:59:44.525796+00
1534,24,P05,yes,4,-3.6722,0.922171,0.913813,322.0,237.0,2026-05-29 13:59:47.357549+00
1537,25,P04,yes,1,0.235,0.232465,0.237458,233.0,275.0,2026-05-29 13:59:50.138605+00
1540,24,P05,yes,6,-5.6098,0.939913,0.929781,331.0,238.0,2026-05-29 13:59:52.443545+00
1541,25,P08,yes,1,0.2451,0.242524,0.247664,235.0,275.0,2026-05-29 13:59:53.385959+00
1544,25,P02,yes,20,-4.9773,0.302941,0.199585,225.0,275.0,2026-05-29 13:59:57.032423+00
1553,24,P05,yes,6,-5.7571,0.962673,0.9562,349.0,238.0,2026-05-29 14:00:00.928545+00
1565,25,P09,no,20,16.4094,0.2227,0.141176,231.0,296.0,2026-05-29 14:00:07.324324+00
1570,24,P06,no,20,9.5862,0.589309,0.451541,354.0,361.0,2026-05-29 14:00:08.417038+00
1577,24,P06,no,20,16.6476,0.208609,0.131371,354.0,422.0,2026-05-29 14:00:09.569102+00
1580,25,P08,no,1,0.5381,0.465333,0.45843,291.0,297.0,2026-05-29 14:00:10.27307+00
1590,24,P08,yes,1,0.073,0.072054,0.073934,355.0,446.0,2026-05-29 14:00:12.788251+00
1591,24,P08,yes,1,0.0749,0.073934,0.075858,356.0,446.0,2026-05-29 14:00:12.947037+00
1593,24,P08,yes,1,0.0768,0.075858,0.077829,357.0,446.0,2026-05-29 14:00:13.124796+00
1596,24,P08,yes,1,0.083,0.081911,0.084024,360.0,446.0,2026-05-29 14:00:13.429371+00
1603,24,P08,yes,1,0.099,0.097773,0.10025,367.0,446.0,2026-05-29 14:00:14.599392+00
1610,24,P08,yes,1,0.1267,0.12516,0.128234,377.0,446.0,2026-05-29 14:00:15.322216+00
1616,24,P08,yes,1,0.1463,0.144578,0.148047,383.0,446.0,2026-05-29 14:00:16.346469+00
1618,24,P08,yes,1,0.1534,0.151585,0.155192,385.0,446.0,2026-05-29 14:00:16.519362+00
1625,24,P08,yes,1,0.1804,0.178319,0.182426,392.0,446.0,2026-05-29 14:00:18.508882+00
1627,24,P08,yes,1,0.1887,0.186605,0.190858,394.0,446.0,2026-05-29 14:00:18.876791+00
1631,25,P07,yes,20,7.8269,0.326904,0.45843,332.0,338.0,2026-05-29 14:00:19.288887+00
1633,24,P08,yes,1,0.2109,0.208609,0.213232,399.0,446.0,2026-05-29 14:00:19.803393+00
1634,24,P08,yes,1,0.2156,0.213232,0.217929,400.0,446.0,2026-05-29 14:00:19.990341+00
1639,24,P06,yes,20,8.2249,0.345498,0.479179,443.0,446.0,2026-05-29 14:00:21.163476+00
1644,24,P01,yes,1,0.4896,0.486115,0.493056,445.0,446.0,2026-05-29 14:00:25.50372+00
1658,25,P05,yes,1,-0.0788,0.079846,0.077829,281.0,370.0,2026-05-29 14:00:27.930162+00
1662,25,P02,yes,20,4.9773,0.199585,0.302941,320.0,350.0,2026-05-29 14:00:28.460446+00
1670,25,P05,yes,1,-0.6941,0.697059,0.691162,379.0,350.0,2026-05-29 14:00:30.124949+00
1676,25,P05,yes,1,-0.6639,0.666955,0.660756,374.0,350.0,2026-05-29 14:00:30.922968+00
1678,25,P05,yes,1,-0.6576,0.660756,0.654502,373.0,350.0,2026-05-29 14:00:31.075467+00
1682,25,P05,yes,1,-0.6386,0.641834,0.635424,370.0,350.0,2026-05-29 14:00:31.492172+00
1686,25,P08,yes,1,-0.6192,0.622459,0.61591,367.0,350.0,2026-05-29 14:00:31.730587+00
1697,25,P07,no,20,10.2759,0.555328,0.41743,358.0,370.0,2026-05-29 14:00:32.413024+00
1703,25,P08,yes,1,-0.2662,0.268941,0.263515,353.0,390.0,2026-05-29 14:00:32.847429+00
91,1,P04,yes,20,19.9868,0.999138,0.999505,281.0,7.0,2026-05-29 13:31:44.721095+00
93,1,P01,yes,1,0.9995,0.999519,0.999532,283.0,7.0,2026-05-29 13:31:45.420205+00
95,1,P01,yes,1,0.9995,0.999532,0.999545,284.0,7.0,2026-05-29 13:31:45.902295+00
103,1,P02,yes,1,0.9996,0.999557,0.999569,289.0,10.0,2026-05-29 13:31:48.087808+00
107,1,P02,yes,1,0.9996,0.999593,0.999604,292.0,10.0,2026-05-29 13:31:48.882686+00
1279,25,P05,yes,1,0.5104,0.506944,0.513885,2.0,0.0,2026-05-29 13:59:10.461994+00
1284,25,P04,no,1,0.4896,0.513885,0.506944,4.0,3.0,2026-05-29 13:59:10.821097+00
1286,25,P05,yes,1,0.5174,0.513885,0.520821,6.0,3.0,2026-05-29 13:59:11.091631+00
1291,25,P05,yes,1,0.5519,0.548459,0.555328,11.0,3.0,2026-05-29 13:59:11.860722+00
1295,25,P05,yes,1,0.5792,0.5758,0.58257,15.0,3.0,2026-05-29 13:59:12.295771+00
1309,25,P08,yes,1,0.5174,0.513885,0.520821,26.0,23.0,2026-05-29 13:59:13.317641+00
1311,25,P05,yes,1,0.5312,0.527749,0.534667,28.0,23.0,2026-05-29 13:59:13.508958+00
1313,25,P05,yes,1,0.5381,0.534667,0.54157,29.0,23.0,2026-05-29 13:59:13.694177+00
1315,25,P05,yes,1,0.5519,0.548459,0.555328,31.0,23.0,2026-05-29 13:59:14.058312+00
1320,24,P02,no,20,10.4138,0.548459,0.410691,27.0,40.0,2026-05-29 13:59:14.544369+00
1323,25,P05,yes,1,0.5724,0.569001,0.5758,36.0,25.0,2026-05-29 13:59:14.974484+00
1329,25,P01,no,10,5.8244,0.451541,0.38409,38.0,55.0,2026-05-29 13:59:15.762517+00
1340,25,P01,no,10,8.4084,0.178319,0.141176,60.0,125.0,2026-05-29 13:59:16.81221+00
1342,25,P01,no,10,9.02,0.110727,0.086187,60.0,145.0,2026-05-29 13:59:17.127114+00
1345,24,P02,no,20,12.6924,0.430999,0.302941,30.0,60.0,2026-05-29 13:59:17.374862+00
1347,25,P01,no,10,9.4131,0.066677,0.051336,60.0,165.0,2026-05-29 13:59:17.518455+00
1349,24,P04,no,20,18.0263,0.12516,0.075858,30.0,120.0,2026-05-29 13:59:17.738822+00
1362,25,P01,no,10,9.6155,0.0438,0.033533,84.0,205.0,2026-05-29 13:59:18.846692+00
1369,25,P06,yes,1,0.0282,0.027772,0.028532,88.0,215.0,2026-05-29 13:59:19.287758+00
1371,25,P06,yes,1,0.0297,0.029312,0.030113,90.0,215.0,2026-05-29 13:59:19.726197+00
1372,25,P08,yes,1,0.0305,0.030113,0.030935,91.0,215.0,2026-05-29 13:59:19.766761+00
1376,25,P06,yes,1,0.0548,0.05411,0.055549,113.0,215.0,2026-05-29 13:59:20.017604+00
1378,25,P08,yes,1,0.0563,0.055549,0.057025,114.0,215.0,2026-05-29 13:59:20.200078+00
1379,25,P06,yes,1,0.0578,0.057025,0.058537,115.0,215.0,2026-05-29 13:59:20.354154+00
1388,24,P08,yes,1,0.0155,0.015267,0.01569,31.0,180.0,2026-05-29 13:59:21.176262+00
1396,25,P06,yes,1,0.2717,0.268941,0.274438,180.0,215.0,2026-05-29 13:59:22.000379+00
1398,25,P08,yes,1,0.2772,0.274438,0.280003,181.0,215.0,2026-05-29 13:59:22.154172+00
1399,24,P08,yes,1,0.0182,0.017986,0.018483,37.0,180.0,2026-05-29 13:59:22.282605+00
1402,24,P01,yes,1,-0.0187,0.018994,0.018483,37.0,180.0,2026-05-29 13:59:22.881763+00
1404,24,P08,yes,1,0.0187,0.018483,0.018994,38.0,180.0,2026-05-29 13:59:23.168813+00
1411,24,P08,yes,1,0.0163,0.016125,0.016572,43.0,190.0,2026-05-29 13:59:24.210946+00
1419,25,P08,yes,1,0.3118,0.308838,0.314799,187.0,215.0,2026-05-29 13:59:25.113831+00
1428,24,P06,no,20,19.594,0.026311,0.015267,60.0,210.0,2026-05-29 13:59:26.530669+00
1436,24,P08,yes,4,0.3036,0.072054,0.079846,122.0,210.0,2026-05-29 13:59:29.098985+00
1444,24,P02,yes,20,6.4364,0.263515,0.38409,195.0,212.0,2026-05-29 13:59:30.307314+00
1447,25,P04,yes,1,0.2717,0.268941,0.274438,200.0,235.0,2026-05-29 13:59:31.728529+00
1451,24,P01,yes,1,0.4276,0.4242,0.430999,222.0,232.0,2026-05-29 13:59:32.284268+00
1456,24,P02,yes,20,13.0722,0.589309,0.714362,265.0,232.0,2026-05-29 13:59:33.18035+00
1466,25,P01,yes,1,0.3,0.297107,0.302941,205.0,235.0,2026-05-29 13:59:34.610198+00
1469,25,P01,yes,1,0.3178,0.314799,0.320821,208.0,235.0,2026-05-29 13:59:35.096839+00
1473,25,P01,yes,1,0.3424,0.339244,0.345498,212.0,235.0,2026-05-29 13:59:35.777641+00
1480,25,P01,yes,1,0.2555,0.252876,0.25816,217.0,255.0,2026-05-29 13:59:36.620531+00
1484,25,P01,yes,1,0.2772,0.274438,0.280003,221.0,255.0,2026-05-29 13:59:37.26019+00
1488,25,P01,yes,1,0.2942,0.291339,0.297107,224.0,255.0,2026-05-29 13:59:37.736867+00
1492,25,P01,yes,1,0.3178,0.314799,0.320821,228.0,255.0,2026-05-29 13:59:38.408735+00
1494,25,P01,yes,1,0.33,0.326904,0.333045,230.0,255.0,2026-05-29 13:59:38.726687+00
1499,25,P01,yes,1,0.3614,0.358166,0.364576,235.0,255.0,2026-05-29 13:59:39.544443+00
1502,25,P01,yes,1,0.3743,0.371035,0.377541,237.0,255.0,2026-05-29 13:59:39.877562+00
1506,25,P01,yes,1,0.4006,0.397315,0.403985,241.0,255.0,2026-05-29 13:59:40.585667+00
1508,25,P01,yes,1,0.4073,0.403985,0.410691,242.0,255.0,2026-05-29 13:59:40.746635+00
1510,25,P01,yes,1,0.4208,0.41743,0.4242,244.0,255.0,2026-05-29 13:59:41.092901+00
1512,25,P01,yes,1,0.4344,0.430999,0.437823,246.0,255.0,2026-05-29 13:59:41.405419+00
1517,25,P01,yes,1,0.2156,0.213232,0.217929,249.0,295.0,2026-05-29 13:59:41.969467+00
1522,25,P01,yes,1,0.1498,0.148047,0.151585,233.0,295.0,2026-05-29 13:59:42.651505+00
1526,25,P03,yes,8,1.3958,0.158869,0.190858,243.0,295.0,2026-05-29 13:59:43.214475+00
1528,25,P04,yes,1,0.23,0.227546,0.232465,252.0,295.0,2026-05-29 13:59:44.089581+00
1531,24,P09,no,2,0.1479,0.927946,0.924142,326.0,236.0,2026-05-29 13:59:44.818759+00
1536,24,P01,yes,15,13.9269,0.913813,0.941463,337.0,237.0,2026-05-29 13:59:49.172734+00
1547,25,P05,yes,1,0.2063,0.20406,0.208609,227.0,275.0,2026-05-29 13:59:59.073149+00
1550,25,P05,yes,1,0.2203,0.217929,0.2227,230.0,275.0,2026-05-29 14:00:00.034562+00
1559,24,P06,no,20,1.038,0.960625,0.933323,354.0,259.0,2026-05-29 14:00:06.001112+00
1561,24,P09,no,2,0.227,0.889273,0.883683,354.0,281.0,2026-05-29 14:00:06.85268+00
1563,24,P06,no,20,2.9837,0.883683,0.813395,354.0,301.0,2026-05-29 14:00:07.285074+00
1571,25,P05,yes,20,7.9589,0.333045,0.465333,291.0,296.0,2026-05-29 14:00:08.701938+00
1573,24,P06,no,20,14.7062,0.320821,0.213232,354.0,401.0,2026-05-29 14:00:09.171526+00
1578,24,P08,no,1,0.8702,0.131371,0.128234,354.0,423.0,2026-05-29 14:00:09.738149+00
1579,24,P08,no,1,0.8733,0.128234,0.12516,354.0,424.0,2026-05-29 14:00:09.885414+00
1592,25,P09,no,20,12.0411,0.465333,0.333045,312.0,337.0,2026-05-29 14:00:13.007998+00
1595,24,P09,yes,1,0.0809,0.079846,0.081911,359.0,446.0,2026-05-29 14:00:13.291292+00
1602,24,P08,yes,1,0.0966,0.095349,0.097773,366.0,446.0,2026-05-29 14:00:14.430232+00
1609,24,P09,yes,1,0.1237,0.12215,0.12516,376.0,446.0,2026-05-29 14:00:15.302187+00
1613,24,P08,yes,1,0.1362,0.134574,0.137842,380.0,446.0,2026-05-29 14:00:15.815841+00
1615,24,P08,yes,1,0.1429,0.141176,0.144578,382.0,446.0,2026-05-29 14:00:16.174397+00
1617,24,P09,yes,1,0.1498,0.148047,0.151585,384.0,446.0,2026-05-29 14:00:16.45557+00
1619,24,P08,yes,1,0.157,0.155192,0.158869,386.0,446.0,2026-05-29 14:00:16.695277+00
1622,24,P08,yes,1,0.1684,0.166434,0.170324,389.0,446.0,2026-05-29 14:00:17.405642+00
1626,24,P08,yes,1,0.1845,0.182426,0.186605,393.0,446.0,2026-05-29 14:00:18.684955+00
1628,24,P08,yes,1,0.193,0.190858,0.195185,395.0,446.0,2026-05-29 14:00:19.058421+00
1630,24,P08,yes,1,0.2018,0.199585,0.20406,397.0,446.0,2026-05-29 14:00:19.242574+00
1632,24,P08,yes,1,0.2063,0.20406,0.208609,398.0,446.0,2026-05-29 14:00:19.400963+00
1635,24,P08,yes,1,0.2203,0.217929,0.2227,401.0,446.0,2026-05-29 14:00:20.168905+00
1637,24,P06,yes,20,5.6228,0.227546,0.339244,422.0,446.0,2026-05-29 14:00:20.770243+00
1641,25,P04,no,1,0.6126,0.390682,0.38409,332.0,349.0,2026-05-29 14:00:23.499867+00
1643,25,P06,no,1,0.6192,0.38409,0.377541,332.0,350.0,2026-05-29 14:00:25.473949+00
94,2,P03,yes,3,2.4464,0.809142,0.821681,155.0,100.0,2026-05-29 13:31:45.824085+00
96,1,P01,yes,1,0.9996,0.999545,0.999557,285.0,7.0,2026-05-29 13:31:46.17249+00
98,1,P01,yes,1,0.9996,0.999569,0.999581,287.0,7.0,2026-05-29 13:31:46.934673+00
100,2,P01,yes,1,0.8237,0.821681,0.825715,156.0,100.0,2026-05-29 13:31:47.330001+00
102,2,P06,yes,1,0.8277,0.825715,0.829676,157.0,100.0,2026-05-29 13:31:47.913649+00
1280,25,P04,no,1,0.4896,0.513885,0.506944,2.0,1.0,2026-05-29 13:59:10.513827+00
1285,25,P05,yes,1,0.5104,0.506944,0.513885,5.0,3.0,2026-05-29 13:59:10.940942+00
1287,25,P05,yes,1,0.5243,0.520821,0.527749,7.0,3.0,2026-05-29 13:59:11.262212+00
1303,24,P06,yes,20,11.5065,0.506944,0.641834,21.0,0.0,2026-05-29 13:59:12.882962+00
1305,25,P08,yes,1,0.4965,0.493056,0.5,23.0,23.0,2026-05-29 13:59:12.951276+00
1307,25,P08,yes,1,0.5035,0.5,0.506944,24.0,23.0,2026-05-29 13:59:13.114864+00
1318,25,P04,no,1,0.4481,0.555328,0.548459,32.0,25.0,2026-05-29 13:59:14.323021+00
1322,25,P05,yes,1,0.5656,0.562177,0.569001,35.0,25.0,2026-05-29 13:59:14.780039+00
1327,25,P05,yes,1,0.5174,0.513885,0.520821,38.0,35.0,2026-05-29 13:59:15.578823+00
1332,25,P05,yes,1,0.33,0.326904,0.333045,40.0,65.0,2026-05-29 13:59:15.958067+00
1334,24,P08,yes,1,0.4208,0.41743,0.4242,29.0,40.0,2026-05-29 13:59:16.143493+00
1336,25,P01,no,10,8.0011,0.2227,0.178319,40.0,95.0,2026-05-29 13:59:16.361697+00
1343,24,P01,yes,1,0.4276,0.4242,0.430999,30.0,40.0,2026-05-29 13:59:17.211245+00
1346,24,P04,no,20,15.0227,0.302941,0.199585,30.0,80.0,2026-05-29 13:59:17.422146+00
1361,25,P08,yes,1,0.0432,0.042651,0.0438,84.0,195.0,2026-05-29 13:59:18.820486+00
1366,25,P01,no,10,9.6897,0.035381,0.027032,86.0,215.0,2026-05-29 13:59:19.059947+00
1368,25,P08,yes,1,0.0274,0.027032,0.027772,87.0,215.0,2026-05-29 13:59:19.223053+00
1373,25,P02,yes,20,0.818,0.030935,0.052706,111.0,215.0,2026-05-29 13:59:19.783864+00
1380,24,P08,yes,1,0.0139,0.013684,0.014064,27.0,180.0,2026-05-29 13:59:20.515842+00
1382,25,P06,yes,1,0.099,0.097773,0.10025,136.0,215.0,2026-05-29 13:59:20.666314+00
1384,25,P02,yes,20,2.586,0.10025,0.162616,156.0,215.0,2026-05-29 13:59:20.777556+00
1386,25,P06,yes,1,0.1645,0.162616,0.166434,157.0,215.0,2026-05-29 13:59:20.963499+00
1390,25,P06,yes,1,0.2608,0.25816,0.263515,178.0,215.0,2026-05-29 13:59:21.260988+00
1392,24,P08,yes,1,0.0163,0.016125,0.016572,33.0,180.0,2026-05-29 13:59:21.479149+00
1394,24,P08,yes,1,0.0168,0.016572,0.017031,34.0,180.0,2026-05-29 13:59:21.673214+00
1407,24,P08,yes,1,0.0198,0.019519,0.020058,40.0,180.0,2026-05-29 13:59:23.541308+00
1409,24,P08,yes,1,0.0155,0.015267,0.01569,41.0,190.0,2026-05-29 13:59:23.845199+00
1414,25,P06,yes,1,0.3059,0.302941,0.308838,186.0,215.0,2026-05-29 13:59:24.524141+00
1416,24,P01,yes,1,-0.0173,0.017502,0.017031,44.0,190.0,2026-05-29 13:59:24.749549+00
1420,24,P08,yes,1,0.0239,0.023609,0.024258,57.0,190.0,2026-05-29 13:59:25.195904+00
1427,24,P08,yes,1,0.026,0.025608,0.026311,60.0,190.0,2026-05-29 13:59:26.424998+00
1430,25,P07,no,20,13.4425,0.390682,0.268941,199.0,235.0,2026-05-29 13:59:27.756663+00
1431,24,P01,yes,1,0.0159,0.01569,0.016125,62.0,210.0,2026-05-29 13:59:28.002219+00
1438,24,P02,yes,20,2.2898,0.0884,0.144578,146.0,210.0,2026-05-29 13:59:29.373147+00
1443,24,P01,yes,1,0.2608,0.25816,0.263515,175.0,212.0,2026-05-29 13:59:30.212451+00
1454,24,P01,yes,1,0.5792,0.5758,0.58257,244.0,232.0,2026-05-29 13:59:32.628878+00
1458,24,P01,yes,1,0.7115,0.708661,0.714362,266.0,233.0,2026-05-29 13:59:33.663032+00
1460,25,P01,yes,1,0.2772,0.274438,0.280003,201.0,235.0,2026-05-29 13:59:33.919778+00
1470,25,P01,yes,1,0.3239,0.320821,0.326904,209.0,235.0,2026-05-29 13:59:35.286852+00
1471,25,P01,yes,1,0.33,0.326904,0.333045,210.0,235.0,2026-05-29 13:59:35.470064+00
1477,25,P07,no,20,14.0362,0.358166,0.242524,214.0,255.0,2026-05-29 13:59:36.146713+00
1479,25,P01,yes,1,0.2503,0.247664,0.252876,216.0,255.0,2026-05-29 13:59:36.453101+00
1487,25,P01,yes,1,0.2885,0.285638,0.291339,223.0,255.0,2026-05-29 13:59:37.579011+00
1493,25,P01,yes,1,0.3239,0.320821,0.326904,229.0,255.0,2026-05-29 13:59:38.561051+00
1495,25,P01,yes,1,0.3361,0.333045,0.339244,231.0,255.0,2026-05-29 13:59:38.883482+00
1507,24,P06,yes,20,16.1584,0.762542,0.848415,295.0,233.0,2026-05-29 13:59:40.667762+00
1509,25,P01,yes,1,0.4141,0.410691,0.41743,243.0,255.0,2026-05-29 13:59:40.909324+00
1511,25,P01,yes,1,0.4276,0.4242,0.430999,245.0,255.0,2026-05-29 13:59:41.253417+00
1516,25,P01,yes,1,0.2109,0.208609,0.213232,248.0,295.0,2026-05-29 13:59:41.794656+00
1524,25,P01,yes,1,0.157,0.155192,0.158869,235.0,295.0,2026-05-29 13:59:42.96736+00
1532,24,P04,no,1,0.0768,0.924142,0.922171,326.0,237.0,2026-05-29 13:59:45.308541+00
1535,25,P02,yes,20,-5.7351,0.345498,0.232465,232.0,275.0,2026-05-29 13:59:48.840753+00
1555,24,P04,no,1,0.0378,0.962673,0.961662,355.0,239.0,2026-05-29 14:00:03.923558+00
1557,24,P01,yes,6,5.7438,0.953813,0.960625,354.0,239.0,2026-05-29 14:00:04.965642+00
1562,25,P02,yes,20,-5.6228,0.339244,0.227546,231.0,275.0,2026-05-29 14:00:07.15661+00
1569,25,P05,yes,20,5.5117,0.2227,0.333045,271.0,296.0,2026-05-29 14:00:08.266973+00
1576,24,P08,no,1,0.7891,0.213232,0.208609,354.0,402.0,2026-05-29 14:00:09.546337+00
1581,24,P06,no,20,18.0263,0.12516,0.075858,354.0,444.0,2026-05-29 14:00:10.292699+00
1582,25,P09,no,20,12.1731,0.45843,0.326904,291.0,317.0,2026-05-29 14:00:10.506241+00
1586,25,P07,yes,20,10.5515,0.45843,0.596015,331.0,317.0,2026-05-29 14:00:11.514167+00
1588,25,P03,yes,9,-5.0281,0.589309,0.527749,321.0,317.0,2026-05-29 14:00:12.54137+00
1594,24,P08,yes,1,0.0788,0.077829,0.079846,358.0,446.0,2026-05-29 14:00:13.251017+00
1599,24,P08,yes,1,0.0895,0.0884,0.090664,363.0,446.0,2026-05-29 14:00:13.907521+00
1601,24,P08,yes,1,0.0942,0.09298,0.095349,365.0,446.0,2026-05-29 14:00:14.261011+00
1606,24,P08,yes,1,0.1067,0.105374,0.108022,370.0,446.0,2026-05-29 14:00:15.128592+00
1608,25,P06,no,1,0.67,0.333045,0.326904,312.0,338.0,2026-05-29 14:00:15.257038+00
1611,24,P08,yes,1,0.1298,0.128234,0.131371,378.0,446.0,2026-05-29 14:00:15.449002+00
1621,24,P08,yes,1,0.1645,0.162616,0.166434,388.0,446.0,2026-05-29 14:00:17.092577+00
1636,24,P08,yes,1,0.2251,0.2227,0.227546,402.0,446.0,2026-05-29 14:00:20.344862+00
1640,25,P09,no,10,5.7568,0.45843,0.390682,332.0,348.0,2026-05-29 14:00:23.244414+00
1647,24,P01,yes,1,0.5104,0.506944,0.513885,448.0,446.0,2026-05-29 14:00:26.722222+00
1649,25,P01,yes,10,-2.8592,0.314799,0.25816,312.0,350.0,2026-05-29 14:00:27.07304+00
1652,24,P01,yes,1,0.5104,0.506944,0.513885,449.0,447.0,2026-05-29 14:00:27.304771+00
1660,25,P02,yes,20,3.2759,0.128234,0.20406,301.0,350.0,2026-05-29 14:00:28.130346+00
1665,25,P02,yes,20,12.6924,0.569001,0.697059,380.0,350.0,2026-05-29 14:00:29.335986+00
1667,24,P08,no,1,0.4826,0.520821,0.513885,451.0,449.0,2026-05-29 14:00:29.591851+00
1677,24,P08,no,1,0.6386,0.364576,0.358166,451.0,472.0,2026-05-29 14:00:30.944126+00
1679,24,P08,no,1,0.645,0.358166,0.351806,451.0,473.0,2026-05-29 14:00:31.140175+00
1681,25,P05,yes,1,-0.645,0.648194,0.641834,371.0,350.0,2026-05-29 14:00:31.35838+00
1683,24,P08,no,1,0.6514,0.351806,0.345498,451.0,474.0,2026-05-29 14:00:31.52671+00
1685,25,P05,yes,1,-0.6257,0.628965,0.622459,368.0,350.0,2026-05-29 14:00:31.640805+00
1687,25,P05,yes,1,-0.6126,0.61591,0.609318,366.0,350.0,2026-05-29 14:00:31.80732+00
1689,25,P05,yes,1,-0.5994,0.602685,0.596015,364.0,350.0,2026-05-29 14:00:31.958171+00
1695,25,P08,yes,1,-0.5656,0.569001,0.562177,359.0,350.0,2026-05-29 14:00:32.375406+00
97,1,P01,yes,1,0.9996,0.999557,0.999569,286.0,7.0,2026-05-29 13:31:46.726656+00
99,1,P08,no,3,0.0013,0.999581,0.999545,287.0,10.0,2026-05-29 13:31:47.102932+00
101,1,P02,yes,1,0.9996,0.999545,0.999557,288.0,10.0,2026-05-29 13:31:47.650498+00
104,1,P02,yes,1,0.9996,0.999569,0.999581,290.0,10.0,2026-05-29 13:31:48.272396+00
108,3,P08,yes,5,2.5867,0.5,0.534667,5.0,0.0,2026-05-29 13:34:32.233475+00
109,4,P06,yes,1,0.5035,0.5,0.506944,1.0,0.0,2026-05-29 13:34:33.466762+00
110,3,P04,no,20,10.6889,0.534667,0.397315,5.0,20.0,2026-05-29 13:34:33.848146+00
111,4,P06,yes,1,0.5104,0.506944,0.513885,2.0,0.0,2026-05-29 13:34:34.870462+00
112,3,P04,no,20,13.3201,0.397315,0.274438,5.0,40.0,2026-05-29 13:34:35.047371+00
113,3,P01,yes,1,0.2772,0.274438,0.280003,6.0,40.0,2026-05-29 13:34:35.630726+00
114,3,P04,no,20,15.4246,0.280003,0.182426,6.0,60.0,2026-05-29 13:34:35.648516+00
115,4,P09,yes,1,0.5174,0.513885,0.520821,3.0,0.0,2026-05-29 13:34:35.862531+00
116,3,P04,no,20,17.0859,0.182426,0.113492,6.0,80.0,2026-05-29 13:34:36.09497+00
117,3,P04,no,20,18.2149,0.113492,0.068427,6.0,100.0,2026-05-29 13:34:36.580748+00
118,4,P06,yes,1,0.5243,0.520821,0.527749,4.0,0.0,2026-05-29 13:34:36.602669+00
119,3,P04,no,20,18.9344,0.068427,0.04044,6.0,120.0,2026-05-29 13:34:37.015513+00
120,4,P03,no,5,2.4479,0.527749,0.493056,4.0,5.0,2026-05-29 13:34:37.221387+00
121,4,P02,no,8,4.277,0.493056,0.437823,4.0,13.0,2026-05-29 13:34:37.473126+00
122,4,P06,yes,1,0.4412,0.437823,0.444672,5.0,13.0,2026-05-29 13:34:37.61617+00
123,3,P08,no,5,4.8107,0.04044,0.035381,6.0,125.0,2026-05-29 13:34:38.653359+00
124,3,P06,yes,10,0.4055,0.035381,0.046187,16.0,125.0,2026-05-29 13:34:38.84928+00
125,4,P06,yes,1,0.4481,0.444672,0.451541,6.0,13.0,2026-05-29 13:34:38.897405+00
126,4,P09,yes,20,10.4138,0.451541,0.589309,26.0,13.0,2026-05-29 13:34:38.975098+00
127,4,P09,yes,20,13.0722,0.589309,0.714362,46.0,13.0,2026-05-29 13:34:39.25793+00
128,4,P09,yes,20,15.3263,0.714362,0.813395,66.0,13.0,2026-05-29 13:34:39.471284+00
129,4,P09,yes,20,17.0163,0.813395,0.883683,86.0,13.0,2026-05-29 13:34:39.749105+00
130,4,P09,yes,20,18.1694,0.883683,0.929781,106.0,13.0,2026-05-29 13:34:39.970165+00
131,4,P09,yes,20,18.906,0.929781,0.958469,126.0,13.0,2026-05-29 13:34:40.153835+00
132,3,P08,no,5,4.7837,0.046187,0.04044,16.0,130.0,2026-05-29 13:34:41.333268+00
133,4,P07,yes,20,19.357,0.958469,0.975742,146.0,13.0,2026-05-29 13:34:41.729014+00
134,4,P05,yes,20,19.6258,0.975742,0.985936,166.0,13.0,2026-05-29 13:34:42.069053+00
135,3,P04,no,6,5.7758,0.04044,0.034445,16.0,136.0,2026-05-29 13:34:43.297243+00
136,3,P02,no,3,2.9007,0.034445,0.031779,16.0,139.0,2026-05-29 13:34:43.420542+00
137,4,P04,no,1,0.0143,0.985936,0.985546,166.0,14.0,2026-05-29 13:34:43.908481+00
138,4,P02,no,17,0.3127,0.985546,0.977023,166.0,31.0,2026-05-29 13:34:44.090794+00
139,3,P01,yes,2,0.0653,0.031779,0.033533,18.0,139.0,2026-05-29 13:34:45.676066+00
140,4,P05,yes,20,19.6457,0.977023,0.986686,186.0,31.0,2026-05-29 13:34:46.495116+00
141,3,P02,no,10,9.706,0.033533,0.025608,18.0,149.0,2026-05-29 13:34:47.987669+00
142,3,P01,yes,3,0.08,0.025608,0.027772,21.0,149.0,2026-05-29 13:34:48.603168+00
143,3,P08,yes,5,0.1487,0.027772,0.031779,26.0,149.0,2026-05-29 13:34:49.360989+00
144,3,P08,yes,5,0.1701,0.031779,0.036341,31.0,149.0,2026-05-29 13:34:49.570769+00
145,3,P01,yes,3,0.1135,0.036341,0.039375,34.0,149.0,2026-05-29 13:34:49.636545+00
146,4,P06,yes,1,-0.9865,0.986686,0.986316,185.0,31.0,2026-05-29 13:34:49.669484+00
147,3,P01,yes,3,0.123,0.039375,0.042651,37.0,149.0,2026-05-29 13:34:49.873395+00
148,3,P01,yes,3,0.1332,0.042651,0.046187,40.0,149.0,2026-05-29 13:34:50.078061+00
149,3,P08,yes,5,0.2469,0.046187,0.052706,45.0,149.0,2026-05-29 13:34:51.183477+00
150,3,P06,yes,20,1.3827,0.052706,0.0884,65.0,149.0,2026-05-29 13:34:51.668703+00
151,4,P07,yes,20,19.7894,0.986316,0.992103,205.0,31.0,2026-05-29 13:34:51.742327+00
152,3,P08,yes,5,0.4711,0.0884,0.10025,70.0,149.0,2026-05-29 13:34:52.039798+00
153,3,P08,yes,5,0.5338,0.10025,0.113492,75.0,149.0,2026-05-29 13:34:52.27345+00
154,3,P08,yes,5,0.6037,0.113492,0.128234,80.0,149.0,2026-05-29 13:34:52.465267+00
155,3,P01,yes,4,0.5385,0.128234,0.141176,84.0,149.0,2026-05-29 13:34:52.755626+00
156,3,P01,yes,4,0.5924,0.141176,0.155192,88.0,149.0,2026-05-29 13:34:53.05817+00
157,3,P08,yes,5,0.823,0.155192,0.174285,93.0,149.0,2026-05-29 13:34:53.499672+00
158,3,P08,yes,5,0.9229,0.174285,0.195185,98.0,149.0,2026-05-29 13:34:53.705949+00
159,3,P01,yes,4,0.8164,0.195185,0.213232,102.0,149.0,2026-05-29 13:34:53.763945+00
160,3,P08,yes,5,1.126,0.213232,0.237458,107.0,149.0,2026-05-29 13:34:53.885023+00
161,3,P01,yes,4,0.9908,0.237458,0.25816,111.0,149.0,2026-05-29 13:34:53.923758+00
162,4,P06,yes,1,-0.992,0.992103,0.991882,204.0,31.0,2026-05-29 13:34:53.98235+00
163,3,P08,yes,5,1.3588,0.25816,0.285638,116.0,149.0,2026-05-29 13:34:54.071836+00
164,3,P01,yes,4,1.1886,0.285638,0.308838,120.0,149.0,2026-05-29 13:34:54.113886+00
165,3,P08,yes,5,1.6196,0.308838,0.339244,125.0,149.0,2026-05-29 13:34:54.432318+00
166,3,P01,yes,4,1.4074,0.339244,0.364576,129.0,149.0,2026-05-29 13:34:54.787819+00
167,3,P01,yes,4,1.5103,0.364576,0.390682,133.0,149.0,2026-05-29 13:34:54.995177+00
168,3,P04,yes,1,0.394,0.390682,0.397315,134.0,149.0,2026-05-29 13:34:56.832078+00
169,3,P08,yes,5,2.0704,0.397315,0.430999,139.0,149.0,2026-05-29 13:34:56.850553+00
170,4,P06,yes,1,-0.9918,0.991882,0.991656,203.0,31.0,2026-05-29 13:34:56.939706+00
171,4,P09,yes,20,-19.7775,0.991656,0.985546,183.0,31.0,2026-05-29 13:34:57.262412+00
172,4,P06,yes,1,-0.9853,0.985546,0.985145,182.0,31.0,2026-05-29 13:34:57.919138+00
173,4,P02,no,20,0.3951,0.985145,0.974392,182.0,51.0,2026-05-29 13:34:58.405786+00
174,3,P01,yes,5,2.2406,0.430999,0.465333,144.0,149.0,2026-05-29 13:34:58.809721+00
175,3,P05,yes,3,1.4272,0.465333,0.486115,147.0,149.0,2026-05-29 13:34:59.396615+00
176,3,P01,yes,5,2.5174,0.486115,0.520821,152.0,149.0,2026-05-29 13:34:59.705525+00
177,4,P06,yes,1,-0.974,0.974392,0.973689,181.0,51.0,2026-05-29 13:35:00.171196+00
178,4,P05,no,5,0.1409,0.973689,0.969887,181.0,56.0,2026-05-29 13:35:00.26466+00
179,4,P09,yes,20,-19.2035,0.969887,0.948664,161.0,56.0,2026-05-29 13:35:00.758757+00
180,4,P09,yes,20,-18.6526,0.948664,0.913813,141.0,56.0,2026-05-29 13:35:02.028391+00
181,4,P07,yes,20,-17.7658,0.913813,0.858824,121.0,56.0,2026-05-29 13:35:03.403659+00
182,3,P05,yes,3,1.5936,0.520821,0.54157,155.0,149.0,2026-05-29 13:35:03.445677+00
183,4,P09,yes,20,-16.4094,0.858824,0.7773,101.0,56.0,2026-05-29 13:35:05.249106+00
184,4,P09,yes,20,-14.4883,0.7773,0.666955,81.0,56.0,2026-05-29 13:35:05.438176+00
185,4,P09,yes,20,-12.0411,0.666955,0.534667,61.0,56.0,2026-05-29 13:35:05.571825+00
186,4,P07,yes,20,-9.3111,0.534667,0.397315,41.0,56.0,2026-05-29 13:35:06.192246+00
187,4,P01,yes,1,0.4006,0.397315,0.403985,42.0,56.0,2026-05-29 13:35:07.486162+00
188,4,P02,no,1,-0.5927,0.403985,0.410691,42.0,55.0,2026-05-29 13:35:07.695578+00
189,4,P01,yes,1,0.4141,0.410691,0.41743,43.0,55.0,2026-05-29 13:35:08.509101+00
190,3,P08,no,5,2.3786,0.54157,0.506944,155.0,154.0,2026-05-29 13:35:09.102858+00
191,4,P08,no,1,0.5859,0.41743,0.410691,43.0,56.0,2026-05-29 13:35:09.179231+00
192,3,P01,yes,5,2.6214,0.506944,0.54157,160.0,154.0,2026-05-29 13:35:10.076179+00
193,4,P01,yes,10,4.4476,0.410691,0.479179,53.0,56.0,2026-05-29 13:35:10.407852+00
195,3,P02,no,8,-3.723,0.506944,0.562177,160.0,151.0,2026-05-29 13:35:10.932781+00
199,4,P01,yes,10,6.4798,0.61591,0.679179,83.0,56.0,2026-05-29 13:35:12.571578+00
200,4,P01,yes,10,7.0838,0.679179,0.736485,93.0,56.0,2026-05-29 13:35:13.986998+00
202,3,P08,no,5,2.275,0.562177,0.527749,165.0,161.0,2026-05-29 13:35:15.496669+00
209,3,P01,yes,4,2.3571,0.5758,0.602685,173.0,158.0,2026-05-29 13:35:19.887877+00
215,3,P02,yes,1,0.5381,0.534667,0.54157,174.0,168.0,2026-05-29 13:35:26.119909+00
223,4,P04,no,3,0.3801,0.87785,0.868629,135.0,67.0,2026-05-29 13:35:32.991463+00
224,4,P05,yes,20,-16.6476,0.868629,0.791391,115.0,67.0,2026-05-29 13:35:33.206117+00
234,3,P01,yes,3,1.8575,0.609318,0.628965,192.0,173.0,2026-05-29 13:35:38.543926+00
236,4,P01,yes,10,7.1408,0.685201,0.74184,105.0,67.0,2026-05-29 13:35:40.867822+00
239,4,P01,yes,10,8.2138,0.800415,0.841131,115.0,55.0,2026-05-29 13:35:41.955066+00
240,4,P03,yes,4,3.3935,0.841131,0.855422,119.0,55.0,2026-05-29 13:35:43.504531+00
249,3,P01,yes,3,1.798,0.589309,0.609318,209.0,193.0,2026-05-29 13:35:49.104463+00
256,3,P01,yes,3,1.8575,0.609318,0.628965,214.0,195.0,2026-05-29 13:35:54.108811+00
258,3,P01,yes,3,1.9158,0.628965,0.648194,217.0,195.0,2026-05-29 13:35:55.594553+00
261,5,P02,yes,3,-1.9728,0.666955,0.648194,217.0,195.0,2026-05-29 13:36:57.142645+00
267,5,P01,yes,2,1.3583,0.673096,0.685201,223.0,195.0,2026-05-29 13:37:01.580223+00
270,6,P01,yes,1,-0.7,0.702893,0.697059,122.0,92.0,2026-05-29 13:37:03.401947+00
274,6,P01,yes,1,-0.6761,0.679179,0.673096,118.0,92.0,2026-05-29 13:37:04.119366+00
1281,25,P05,yes,1,0.5104,0.506944,0.513885,3.0,1.0,2026-05-29 13:59:10.625342+00
1288,25,P05,yes,1,0.5312,0.527749,0.534667,8.0,3.0,2026-05-29 13:59:11.408487+00
1304,25,P05,yes,1,0.4896,0.486115,0.493056,22.0,23.0,2026-05-29 13:59:12.901502+00
1317,25,P05,yes,1,0.5519,0.548459,0.555328,32.0,24.0,2026-05-29 13:59:14.227016+00
1325,25,P05,yes,1,0.5792,0.5758,0.58257,37.0,25.0,2026-05-29 13:59:15.190071+00
1326,25,P01,no,10,4.5162,0.58257,0.513885,37.0,35.0,2026-05-29 13:59:15.497642+00
1331,25,P01,no,10,6.4162,0.390682,0.326904,39.0,65.0,2026-05-29 13:59:15.909195+00
1333,25,P01,no,10,6.9679,0.333045,0.274438,40.0,75.0,2026-05-29 13:59:16.067647+00
1335,25,P01,no,10,7.5203,0.274438,0.2227,40.0,85.0,2026-05-29 13:59:16.199235+00
1337,25,P01,no,10,8.4084,0.178319,0.141176,40.0,105.0,2026-05-29 13:59:16.501977+00
1351,25,P08,yes,1,0.052,0.051336,0.052706,61.0,165.0,2026-05-29 13:59:18.02075+00
1353,25,P02,yes,20,1.3827,0.052706,0.0884,81.0,165.0,2026-05-29 13:59:18.075865+00
1355,25,P06,yes,1,0.0693,0.068427,0.070219,82.0,175.0,2026-05-29 13:59:18.469444+00
1357,24,P06,yes,20,-0.406,0.026311,0.015267,10.0,160.0,2026-05-29 13:59:18.605534+00
1359,25,P01,no,10,9.5117,0.055549,0.042651,83.0,195.0,2026-05-29 13:59:18.701378+00
1364,24,P05,yes,13,0.1378,0.008817,0.012603,23.0,180.0,2026-05-29 13:59:19.024839+00
1405,24,P08,yes,1,0.0193,0.018994,0.019519,39.0,180.0,2026-05-29 13:59:23.366791+00
1412,24,P08,yes,1,0.0168,0.016572,0.017031,44.0,190.0,2026-05-29 13:59:24.370738+00
1417,24,P08,yes,1,0.0173,0.017031,0.017502,45.0,190.0,2026-05-29 13:59:24.836242+00
1421,25,P06,yes,1,0.3178,0.314799,0.320821,188.0,215.0,2026-05-29 13:59:25.32476+00
1423,24,P08,yes,1,0.0253,0.024924,0.025608,59.0,190.0,2026-05-29 13:59:25.629981+00
1425,25,P03,yes,5,1.7121,0.326904,0.358166,194.0,215.0,2026-05-29 13:59:26.128095+00
1437,24,P08,yes,4,0.3362,0.079846,0.0884,126.0,210.0,2026-05-29 13:59:29.256614+00
1449,24,P06,no,20,10.2759,0.555328,0.41743,220.0,232.0,2026-05-29 13:59:31.987367+00
1452,24,P01,yes,1,0.4344,0.430999,0.437823,223.0,232.0,2026-05-29 13:59:32.459747+00
1459,24,P01,yes,1,0.7172,0.714362,0.719997,267.0,233.0,2026-05-29 13:59:33.86088+00
1461,24,P01,yes,1,0.7228,0.719997,0.725562,268.0,233.0,2026-05-29 13:59:34.075827+00
1463,24,P01,yes,1,0.7283,0.725562,0.731059,269.0,233.0,2026-05-29 13:59:34.259753+00
1468,25,P01,yes,1,0.3118,0.308838,0.314799,207.0,235.0,2026-05-29 13:59:34.954076+00
1474,25,P01,yes,1,0.3486,0.345498,0.351806,213.0,235.0,2026-05-29 13:59:35.926981+00
1481,25,P01,yes,1,0.2608,0.25816,0.263515,218.0,255.0,2026-05-29 13:59:36.793021+00
1491,25,P01,yes,1,0.3118,0.308838,0.314799,227.0,255.0,2026-05-29 13:59:38.228493+00
1498,25,P01,yes,1,0.355,0.351806,0.358166,234.0,255.0,2026-05-29 13:59:39.375012+00
1500,25,P01,yes,1,0.3678,0.364576,0.371035,236.0,255.0,2026-05-29 13:59:39.710727+00
1503,25,P01,yes,1,0.3808,0.377541,0.38409,238.0,255.0,2026-05-29 13:59:40.043287+00
1514,25,P09,no,20,14.9186,0.308838,0.20406,246.0,295.0,2026-05-29 13:59:41.537154+00
1519,25,P01,yes,1,0.1395,0.137842,0.141176,230.0,295.0,2026-05-29 13:59:42.146129+00
1520,25,P01,yes,1,0.1429,0.141176,0.144578,231.0,295.0,2026-05-29 13:59:42.296915+00
1525,24,P06,yes,20,17.5954,0.848415,0.90702,315.0,233.0,2026-05-29 13:59:42.985545+00
1533,25,P09,no,20,-14.2649,0.232465,0.345498,252.0,275.0,2026-05-29 13:59:46.384747+00
1538,24,P08,no,1,0.0593,0.941463,0.939913,337.0,238.0,2026-05-29 13:59:50.410113+00
1542,25,P09,yes,10,2.7473,0.247664,0.302941,245.0,275.0,2026-05-29 13:59:55.488209+00
1543,24,P01,yes,8,7.4927,0.929781,0.942975,339.0,238.0,2026-05-29 13:59:56.904638+00
1546,24,P05,yes,4,-3.7596,0.942975,0.936698,335.0,238.0,2026-05-29 13:59:57.733153+00
1549,25,P05,yes,1,0.2156,0.213232,0.217929,229.0,275.0,2026-05-29 13:59:59.525542+00
1552,25,P05,yes,1,0.2251,0.2227,0.227546,231.0,275.0,2026-05-29 14:00:00.289379+00
1566,24,P06,no,20,4.6737,0.813395,0.714362,354.0,321.0,2026-05-29 14:00:07.680006+00
1572,24,P06,no,20,12.3042,0.451541,0.320821,354.0,381.0,2026-05-29 14:00:08.817421+00
1574,25,P05,yes,20,10.6889,0.465333,0.602685,311.0,296.0,2026-05-29 14:00:09.190187+00
1583,24,P08,no,1,0.9251,0.075858,0.073934,354.0,445.0,2026-05-29 14:00:10.748818+00
1585,25,P05,yes,20,7.8269,0.326904,0.45843,311.0,317.0,2026-05-29 14:00:11.412795+00
1589,25,P03,yes,9,-4.4688,0.527749,0.465333,312.0,317.0,2026-05-29 14:00:12.706548+00
1598,24,P08,yes,1,0.0873,0.086187,0.0884,362.0,446.0,2026-05-29 14:00:13.746966+00
1600,24,P08,yes,1,0.0918,0.090664,0.09298,364.0,446.0,2026-05-29 14:00:14.100679+00
1604,24,P08,yes,1,0.1015,0.10025,0.102784,368.0,446.0,2026-05-29 14:00:14.763992+00
1605,24,P08,yes,1,0.1041,0.102784,0.105374,369.0,446.0,2026-05-29 14:00:14.935725+00
1607,24,P05,yes,5,0.5748,0.108022,0.12215,375.0,446.0,2026-05-29 14:00:15.206345+00
1612,24,P08,yes,1,0.133,0.131371,0.134574,379.0,446.0,2026-05-29 14:00:15.640011+00
1614,24,P08,yes,1,0.1395,0.137842,0.141176,381.0,446.0,2026-05-29 14:00:15.97725+00
1620,24,P08,yes,1,0.1607,0.158869,0.162616,387.0,446.0,2026-05-29 14:00:16.870993+00
1624,24,P08,yes,1,0.1763,0.174285,0.178319,391.0,446.0,2026-05-29 14:00:18.285986+00
1638,24,P08,yes,1,0.3424,0.339244,0.345498,423.0,446.0,2026-05-29 14:00:20.833225+00
1648,25,P01,yes,10,-3.4572,0.377541,0.314799,322.0,350.0,2026-05-29 14:00:26.896452+00
1671,25,P05,yes,1,-0.6882,0.691162,0.685201,378.0,350.0,2026-05-29 14:00:30.294854+00
1680,25,P05,yes,1,-0.6514,0.654502,0.648194,372.0,350.0,2026-05-29 14:00:31.209926+00
1684,25,P08,yes,1,-0.6322,0.635424,0.628965,369.0,350.0,2026-05-29 14:00:31.567507+00
1688,25,P08,yes,1,-0.606,0.609318,0.602685,365.0,350.0,2026-05-29 14:00:31.88789+00
1690,25,P08,yes,1,-0.5927,0.596015,0.589309,363.0,350.0,2026-05-29 14:00:32.055738+00
1693,24,P06,no,20,14.2649,0.345498,0.232465,451.0,494.0,2026-05-29 14:00:32.238297+00
194,3,P08,no,5,2.3786,0.54157,0.506944,160.0,159.0,2026-05-29 13:35:10.542373+00
197,4,P09,yes,20,10.963,0.479179,0.61591,73.0,56.0,2026-05-29 13:35:11.592564+00
201,4,P02,no,11,-2.5885,0.736485,0.791391,93.0,45.0,2026-05-29 13:35:14.572031+00
205,3,P01,yes,4,2.1662,0.527749,0.555328,169.0,161.0,2026-05-29 13:35:16.817297+00
208,3,P02,no,3,-1.3033,0.555328,0.5758,169.0,158.0,2026-05-29 13:35:17.677545+00
210,4,P07,yes,20,18.7855,0.922171,0.953813,153.0,44.0,2026-05-29 13:35:20.457667+00
211,4,P09,yes,20,-18.7855,0.953813,0.922171,133.0,44.0,2026-05-29 13:35:21.419407+00
214,3,P08,no,5,2.2406,0.569001,0.534667,173.0,168.0,2026-05-29 13:35:25.814663+00
216,3,P01,yes,4,2.2213,0.54157,0.569001,178.0,168.0,2026-05-29 13:35:26.653732+00
225,4,P09,no,20,5.1869,0.791391,0.685201,115.0,87.0,2026-05-29 13:35:33.980935+00
228,4,P07,yes,20,-9.7241,0.555328,0.41743,75.0,87.0,2026-05-29 13:35:35.167801+00
242,3,P08,yes,1,0.5243,0.520821,0.527749,197.0,193.0,2026-05-29 13:35:43.693038+00
243,3,P05,yes,2,-1.0416,0.527749,0.513885,195.0,193.0,2026-05-29 13:35:44.965327+00
250,3,P01,yes,3,1.8575,0.609318,0.628965,212.0,193.0,2026-05-29 13:35:49.57294+00
251,3,P05,yes,2,-1.2449,0.628965,0.61591,210.0,193.0,2026-05-29 13:35:49.912903+00
255,3,P01,yes,3,1.798,0.589309,0.609318,211.0,195.0,2026-05-29 13:35:53.246148+00
259,3,P01,yes,3,1.9728,0.648194,0.666955,220.0,195.0,2026-05-29 13:35:56.436235+00
265,5,P08,yes,1,0.67,0.666955,0.673096,221.0,195.0,2026-05-29 13:37:01.080419+00
1283,25,P05,yes,1,0.5104,0.506944,0.513885,4.0,2.0,2026-05-29 13:59:10.778044+00
1290,25,P05,yes,1,0.545,0.54157,0.548459,10.0,3.0,2026-05-29 13:59:11.708772+00
1292,25,P05,yes,1,0.5588,0.555328,0.562177,12.0,3.0,2026-05-29 13:59:12.0068+00
1297,25,P08,yes,1,0.4481,0.444672,0.451541,16.0,23.0,2026-05-29 13:59:12.420721+00
1299,25,P05,yes,1,0.4619,0.45843,0.465333,18.0,23.0,2026-05-29 13:59:12.597019+00
1301,25,P05,yes,1,0.4757,0.472251,0.479179,20.0,23.0,2026-05-29 13:59:12.741493+00
1310,25,P05,yes,1,0.5243,0.520821,0.527749,27.0,23.0,2026-05-29 13:59:13.342282+00
1314,25,P05,yes,1,0.545,0.54157,0.548459,30.0,23.0,2026-05-29 13:59:13.878728+00
1316,25,P04,no,1,0.4481,0.555328,0.548459,31.0,24.0,2026-05-29 13:59:14.135069+00
1321,25,P05,yes,1,0.5588,0.555328,0.562177,34.0,25.0,2026-05-29 13:59:14.593812+00
1324,24,P01,yes,1,0.4141,0.410691,0.41743,28.0,40.0,2026-05-29 13:59:15.123308+00
1330,25,P05,yes,1,0.3874,0.38409,0.390682,39.0,55.0,2026-05-29 13:59:15.780177+00
1339,25,P01,no,10,8.0011,0.2227,0.178319,60.0,115.0,2026-05-29 13:59:16.671997+00
1341,25,P01,no,10,8.7458,0.141176,0.110727,60.0,135.0,2026-05-29 13:59:16.960003+00
1344,25,P01,no,10,9.2395,0.086187,0.066677,60.0,155.0,2026-05-29 13:59:17.301521+00
1350,24,P04,no,20,18.8167,0.075858,0.044978,30.0,140.0,2026-05-29 13:59:17.961724+00
1352,24,P04,no,20,19.3031,0.044978,0.026311,30.0,160.0,2026-05-29 13:59:18.055146+00
1354,25,P01,no,10,9.2198,0.0884,0.068427,81.0,175.0,2026-05-29 13:59:18.344089+00
1356,25,P01,no,10,9.3816,0.070219,0.05411,82.0,185.0,2026-05-29 13:59:18.515275+00
1358,25,P08,yes,1,0.0548,0.05411,0.055549,83.0,185.0,2026-05-29 13:59:18.625011+00
1360,24,P02,no,20,19.765,0.015267,0.008817,10.0,180.0,2026-05-29 13:59:18.718942+00
1365,25,P08,yes,1,0.0349,0.034445,0.035381,86.0,205.0,2026-05-29 13:59:19.04297+00
1367,24,P08,yes,1,0.0128,0.012603,0.012954,24.0,180.0,2026-05-29 13:59:19.205633+00
1374,24,P08,yes,1,0.0131,0.012954,0.013314,25.0,180.0,2026-05-29 13:59:19.902144+00
1381,25,P09,yes,20,1.5325,0.058537,0.097773,135.0,215.0,2026-05-29 13:59:20.617818+00
1383,24,P08,yes,1,0.0143,0.014064,0.014454,28.0,180.0,2026-05-29 13:59:20.686148+00
1385,24,P08,yes,1,0.0147,0.014454,0.014855,29.0,180.0,2026-05-29 13:59:20.839249+00
1387,24,P08,yes,1,0.0151,0.014855,0.015267,30.0,180.0,2026-05-29 13:59:21.001311+00
1391,24,P08,yes,1,0.0159,0.01569,0.016125,32.0,180.0,2026-05-29 13:59:21.336853+00
1393,25,P06,yes,1,0.2662,0.263515,0.268941,179.0,215.0,2026-05-29 13:59:21.619006+00
1395,24,P08,yes,1,0.0173,0.017031,0.017502,35.0,180.0,2026-05-29 13:59:21.833685+00
1397,24,P08,yes,1,0.0177,0.017502,0.017986,36.0,180.0,2026-05-29 13:59:22.04019+00
1401,24,P08,yes,1,0.0187,0.018483,0.018994,38.0,180.0,2026-05-29 13:59:22.864078+00
1403,25,P06,yes,1,0.2885,0.285638,0.291339,183.0,215.0,2026-05-29 13:59:23.050462+00
1410,24,P08,yes,1,0.0159,0.01569,0.016125,42.0,190.0,2026-05-29 13:59:24.03928+00
1415,24,P08,yes,1,0.0173,0.017031,0.017502,45.0,190.0,2026-05-29 13:59:24.581054+00
1418,24,P05,yes,11,0.2245,0.017502,0.023609,56.0,190.0,2026-05-29 13:59:25.090514+00
1422,24,P08,yes,1,0.0246,0.024258,0.024924,58.0,190.0,2026-05-29 13:59:25.417978+00
1426,25,P03,yes,5,1.8716,0.358166,0.390682,199.0,215.0,2026-05-29 13:59:26.401888+00
1432,24,P02,yes,20,0.4287,0.016125,0.027772,82.0,210.0,2026-05-29 13:59:28.274799+00
1434,24,P02,yes,20,1.011,0.038338,0.064969,114.0,210.0,2026-05-29 13:59:28.883078+00
1439,24,P08,yes,4,0.6065,0.144578,0.158869,150.0,210.0,2026-05-29 13:59:29.419994+00
1442,24,P08,yes,4,0.9908,0.237458,0.25816,174.0,212.0,2026-05-29 13:59:30.103443+00
1450,24,P01,yes,1,0.4208,0.41743,0.4242,221.0,232.0,2026-05-29 13:59:32.077143+00
1453,24,P02,yes,20,10.138,0.437823,0.5758,243.0,232.0,2026-05-29 13:59:32.477697+00
1457,24,P04,no,1,0.2885,0.714362,0.708661,265.0,233.0,2026-05-29 13:59:33.405775+00
1462,25,P01,yes,1,0.2828,0.280003,0.285638,202.0,235.0,2026-05-29 13:59:34.093483+00
1464,25,P01,yes,1,0.2885,0.285638,0.291339,203.0,235.0,2026-05-29 13:59:34.277846+00
1476,24,P01,yes,1,0.7338,0.731059,0.736485,270.0,233.0,2026-05-29 13:59:36.128113+00
1478,25,P01,yes,1,0.2451,0.242524,0.247664,215.0,255.0,2026-05-29 13:59:36.30375+00
1483,25,P01,yes,1,0.2717,0.268941,0.274438,220.0,255.0,2026-05-29 13:59:37.100329+00
1486,24,P01,yes,1,0.7392,0.736485,0.74184,271.0,233.0,2026-05-29 13:59:37.478037+00
1490,25,P01,yes,1,0.3059,0.302941,0.308838,226.0,255.0,2026-05-29 13:59:38.068674+00
1497,25,P01,yes,1,0.3486,0.345498,0.351806,233.0,255.0,2026-05-29 13:59:39.210438+00
1505,25,P01,yes,1,0.394,0.390682,0.397315,240.0,255.0,2026-05-29 13:59:40.405427+00
1515,25,P01,yes,1,0.2063,0.20406,0.208609,247.0,295.0,2026-05-29 13:59:41.567991+00
1523,25,P01,yes,1,0.1534,0.151585,0.155192,234.0,295.0,2026-05-29 13:59:42.772782+00
1530,24,P01,yes,11,10.0847,0.904651,0.927946,326.0,234.0,2026-05-29 13:59:44.638429+00
1539,25,P08,yes,1,0.24,0.237458,0.242524,234.0,275.0,2026-05-29 13:59:52.219885+00
1545,25,P05,yes,1,0.2018,0.199585,0.20406,226.0,275.0,2026-05-29 13:59:57.624726+00
1548,25,P05,yes,1,0.2109,0.208609,0.213232,228.0,275.0,2026-05-29 13:59:59.2746+00
1551,24,P06,yes,20,19.0153,0.936698,0.962673,355.0,238.0,2026-05-29 14:00:00.159953+00
1554,24,P01,yes,6,5.7571,0.9562,0.962673,355.0,238.0,2026-05-29 14:00:03.194183+00
1556,24,P05,yes,7,-6.705,0.961662,0.953813,348.0,239.0,2026-05-29 14:00:04.741419+00
1558,25,P05,yes,20,5.6228,0.227546,0.339244,251.0,275.0,2026-05-29 14:00:05.932241+00
1560,24,P06,no,20,1.7405,0.933323,0.889273,354.0,279.0,2026-05-29 14:00:06.769525+00
1564,25,P06,no,1,0.7749,0.227546,0.2227,231.0,276.0,2026-05-29 14:00:07.304761+00
1567,25,P05,yes,20,3.5906,0.141176,0.2227,251.0,296.0,2026-05-29 14:00:07.783175+00
1568,24,P06,no,20,6.9278,0.714362,0.589309,354.0,341.0,2026-05-29 14:00:08.049282+00
1575,25,P02,yes,20,-10.6889,0.602685,0.465333,291.0,296.0,2026-05-29 14:00:09.222486+00
196,3,P01,yes,5,2.8958,0.562177,0.596015,165.0,151.0,2026-05-29 13:35:11.172496+00
203,4,P01,yes,10,8.1309,0.791391,0.833566,103.0,45.0,2026-05-29 13:35:15.574473+00
204,4,P04,no,1,-0.1645,0.833566,0.837384,103.0,44.0,2026-05-29 13:35:16.642069+00
207,4,P07,yes,20,17.9764,0.871766,0.922171,133.0,44.0,2026-05-29 13:35:17.660521+00
212,4,P06,yes,1,0.9232,0.922171,0.924142,134.0,44.0,2026-05-29 13:35:22.446394+00
218,3,P01,yes,4,2.3302,0.569001,0.596015,182.0,168.0,2026-05-29 13:35:28.205501+00
220,3,P01,yes,2,1.1651,0.5758,0.589309,184.0,171.0,2026-05-29 13:35:31.013132+00
221,3,P02,yes,2,1.192,0.589309,0.602685,186.0,171.0,2026-05-29 13:35:31.613349+00
226,3,P02,no,2,0.808,0.602685,0.589309,186.0,173.0,2026-05-29 13:35:34.536421+00
227,4,P07,yes,20,-12.4345,0.685201,0.555328,95.0,87.0,2026-05-29 13:35:34.955817+00
229,4,P02,no,20,-10.2759,0.41743,0.555328,75.0,67.0,2026-05-29 13:35:35.571775+00
230,3,P08,yes,1,0.5927,0.589309,0.596015,187.0,173.0,2026-05-29 13:35:35.818936+00
231,4,P01,yes,10,5.8917,0.555328,0.622459,85.0,67.0,2026-05-29 13:35:36.020309+00
232,3,P01,yes,2,1.2054,0.596015,0.609318,189.0,173.0,2026-05-29 13:35:36.363148+00
237,3,P06,no,20,8.6286,0.635424,0.5,193.0,193.0,2026-05-29 13:35:41.031184+00
238,4,P02,no,12,-2.7359,0.74184,0.800415,105.0,55.0,2026-05-29 13:35:41.527192+00
245,3,P01,yes,3,1.635,0.534667,0.555328,201.0,193.0,2026-05-29 13:35:46.49034+00
246,4,P04,yes,3,2.5814,0.855422,0.865426,122.0,55.0,2026-05-29 13:35:48.204728+00
248,3,P02,yes,2,1.1651,0.5758,0.589309,206.0,193.0,2026-05-29 13:35:48.852625+00
252,3,P05,yes,2,-1.2186,0.61591,0.602685,208.0,193.0,2026-05-29 13:35:51.635909+00
263,6,P07,no,20,4.9773,0.800415,0.697059,122.0,92.0,2026-05-29 13:37:00.890613+00
264,5,P05,yes,3,1.9728,0.648194,0.666955,220.0,195.0,2026-05-29 13:37:01.047936+00
268,6,P06,yes,1,0.7058,0.702893,0.708661,124.0,92.0,2026-05-29 13:37:02.766175+00
271,6,P01,yes,1,-0.6941,0.697059,0.691162,121.0,92.0,2026-05-29 13:37:03.549554+00
272,6,P01,yes,1,-0.6882,0.691162,0.685201,120.0,92.0,2026-05-29 13:37:03.717877+00
1584,24,P08,no,1,0.927,0.073934,0.072054,354.0,446.0,2026-05-29 14:00:10.95306+00
1587,25,P04,yes,1,-0.5927,0.596015,0.589309,330.0,317.0,2026-05-29 14:00:12.12297+00
1597,24,P08,yes,1,0.0851,0.084024,0.086187,361.0,446.0,2026-05-29 14:00:13.572336+00
1623,24,P08,yes,1,0.1723,0.170324,0.174285,390.0,446.0,2026-05-29 14:00:17.824424+00
1629,24,P09,yes,1,0.1974,0.195185,0.199585,396.0,446.0,2026-05-29 14:00:19.180618+00
1642,24,P01,yes,1,0.4826,0.479179,0.486115,444.0,446.0,2026-05-29 14:00:24.87516+00
1651,25,P01,yes,10,-2.3277,0.25816,0.208609,302.0,350.0,2026-05-29 14:00:27.23528+00
1654,25,P07,no,20,17.351,0.166434,0.102784,292.0,370.0,2026-05-29 14:00:27.503381+00
1656,24,P01,yes,1,0.5174,0.513885,0.520821,450.0,447.0,2026-05-29 14:00:27.611064+00
1657,24,P01,yes,1,0.5243,0.520821,0.527749,451.0,447.0,2026-05-29 14:00:27.849345+00
1663,25,P02,yes,20,7.3076,0.302941,0.430999,340.0,350.0,2026-05-29 14:00:28.776523+00
1673,25,P05,yes,1,-0.6761,0.679179,0.673096,376.0,350.0,2026-05-29 14:00:30.628663+00
1675,24,P06,no,20,11.3714,0.5,0.364576,451.0,471.0,2026-05-29 14:00:30.86801+00
1692,25,P08,yes,1,-0.5792,0.58257,0.5758,361.0,350.0,2026-05-29 14:00:32.220288+00
1694,25,P05,yes,1,-0.5724,0.5758,0.569001,360.0,350.0,2026-05-29 14:00:32.257765+00
1699,25,P08,yes,1,-0.4073,0.410691,0.403985,356.0,370.0,2026-05-29 14:00:32.573316+00
1701,25,P05,yes,1,-0.2772,0.280003,0.274438,355.0,390.0,2026-05-29 14:00:32.690205+00
1704,25,P05,yes,1,-0.2608,0.263515,0.25816,352.0,390.0,2026-05-29 14:00:33.031408+00
1706,24,P08,yes,1,0.235,0.232465,0.237458,452.0,494.0,2026-05-29 14:00:34.530166+00
1709,24,P08,yes,1,0.2503,0.247664,0.252876,455.0,494.0,2026-05-29 14:00:35.056172+00
1716,27,P08,yes,1,0.2828,0.280003,0.285638,461.0,494.0,2026-05-29 14:01:01.038754+00
1723,27,P01,yes,1,0.3424,0.339244,0.345498,471.0,494.0,2026-05-29 14:01:07.531208+00
1732,27,P06,no,20,17.4757,0.158869,0.097773,474.0,554.0,2026-05-29 14:01:09.003456+00
1735,27,P08,no,1,0.9034,0.097773,0.095349,474.0,555.0,2026-05-29 14:01:10.255616+00
1741,27,P08,yes,1,0.1015,0.10025,0.102784,480.0,558.0,2026-05-29 14:01:12.341639+00
1745,26,P06,yes,1,0.2717,0.268941,0.274438,375.0,410.0,2026-05-29 14:01:13.318308+00
1747,26,P06,yes,1,0.2772,0.274438,0.280003,376.0,410.0,2026-05-29 14:01:14.212391+00
1749,26,P06,yes,1,0.2828,0.280003,0.285638,377.0,410.0,2026-05-29 14:01:14.503279+00
1759,27,P06,yes,20,9.862,0.4242,0.562177,567.0,558.0,2026-05-29 14:01:17.579557+00
1771,27,P08,no,1,0.3,0.702893,0.697059,591.0,561.0,2026-05-29 14:01:21.49655+00
1780,27,P08,no,1,0.3118,0.691162,0.685201,593.0,565.0,2026-05-29 14:01:23.164947+00
1785,27,P08,no,1,0.3118,0.691162,0.685201,595.0,567.0,2026-05-29 14:01:24.289483+00
1787,27,P01,yes,1,0.6822,0.679179,0.685201,596.0,568.0,2026-05-29 14:01:24.658252+00
1795,27,P01,yes,1,0.5859,0.58257,0.589309,585.0,572.0,2026-05-29 14:01:26.808314+00
1796,27,P09,yes,1,0.5927,0.589309,0.596015,586.0,572.0,2026-05-29 14:01:28.228584+00
1802,27,P01,yes,1,0.5588,0.555328,0.562177,582.0,573.0,2026-05-29 14:01:31.628629+00
1811,27,P01,yes,1,0.6882,0.685201,0.691162,605.0,576.0,2026-05-29 14:01:36.876185+00
1818,26,P05,yes,20,-6.0801,0.364576,0.247664,380.0,420.0,2026-05-29 14:01:42.444491+00
1825,26,P04,no,5,-2.1042,0.562177,0.596015,399.0,385.0,2026-05-29 14:01:46.700037+00
1830,27,P08,yes,1,0.4757,0.472251,0.479179,608.0,611.0,2026-05-29 14:01:47.054409+00
1835,26,P05,yes,20,-16.3272,0.855422,0.772454,359.0,315.0,2026-05-29 14:01:47.792946+00
1841,26,P05,yes,20,-13.1967,0.719997,0.596015,299.0,285.0,2026-05-29 14:01:48.390202+00
1846,26,P06,yes,1,-0.6576,0.660756,0.654502,278.0,255.0,2026-05-29 14:01:48.960096+00
1851,26,P06,yes,1,-0.807,0.809142,0.804815,277.0,226.0,2026-05-29 14:01:49.889091+00
1857,26,P02,yes,20,-9.3111,0.534667,0.397315,212.0,227.0,2026-05-29 14:01:50.975454+00
1862,27,P08,yes,5,2.4826,0.479179,0.513885,613.0,611.0,2026-05-29 14:01:52.145415+00
1867,26,P08,yes,1,0.0918,0.090664,0.09298,155.0,237.0,2026-05-29 14:01:55.341567+00
1871,26,P08,yes,1,0.157,0.155192,0.158869,157.0,217.0,2026-05-29 14:01:55.754364+00
1878,27,P08,no,5,3.319,0.351806,0.320821,614.0,641.0,2026-05-29 14:01:56.372133+00
2601,34,P02,yes,20,7.5655,0.314799,0.444672,150.0,158.0,2026-05-29 14:10:31.022592+00
2606,35,P06,yes,19,15.3117,0.762542,0.844808,401.0,340.0,2026-05-29 14:10:31.527724+00
2608,34,P08,yes,1,0.33,0.326904,0.333045,153.0,178.0,2026-05-29 14:10:31.696705+00
2612,35,P02,no,1,0.1607,0.841131,0.837384,401.0,342.0,2026-05-29 14:10:31.949433+00
2617,34,P01,no,10,6.9679,0.333045,0.274438,193.0,228.0,2026-05-29 14:10:32.365717+00
2619,34,P08,yes,1,0.2772,0.274438,0.280003,194.0,228.0,2026-05-29 14:10:32.794642+00
2622,35,P02,no,1,0.1763,0.825715,0.821681,401.0,346.0,2026-05-29 14:10:33.076926+00
2624,34,P02,yes,20,6.8033,0.280003,0.403985,214.0,228.0,2026-05-29 14:10:33.33918+00
2633,34,P04,yes,1,0.5519,0.548459,0.555328,236.0,228.0,2026-05-29 14:10:34.371528+00
2635,35,P02,no,1,0.2109,0.791391,0.786768,401.0,354.0,2026-05-29 14:10:34.411471+00
2640,35,P02,no,1,0.23,0.772454,0.767535,401.0,358.0,2026-05-29 14:10:35.123558+00
2642,35,P02,no,1,0.24,0.762542,0.757476,401.0,360.0,2026-05-29 14:10:35.322411+00
2643,34,P06,yes,3,2.0999,0.691162,0.708661,260.0,228.0,2026-05-29 14:10:36.522654+00
2646,35,P04,no,20,8.6286,0.635424,0.5,401.0,401.0,2026-05-29 14:10:37.952081+00
198,3,P08,no,5,2.1042,0.596015,0.562177,165.0,156.0,2026-05-29 13:35:11.876121+00
206,4,P01,yes,10,8.5514,0.837384,0.871766,113.0,44.0,2026-05-29 13:35:16.968693+00
213,3,P08,no,5,2.0704,0.602685,0.569001,173.0,163.0,2026-05-29 13:35:23.577944+00
217,4,P06,yes,1,0.9251,0.924142,0.926066,135.0,44.0,2026-05-29 13:35:28.100468+00
219,3,P06,no,3,1.2422,0.596015,0.5758,182.0,171.0,2026-05-29 13:35:28.552288+00
222,4,P09,no,20,1.9249,0.926066,0.87785,135.0,64.0,2026-05-29 13:35:31.960495+00
233,4,P01,yes,10,6.5428,0.622459,0.685201,95.0,67.0,2026-05-29 13:35:37.284514+00
235,3,P08,yes,1,0.6322,0.628965,0.635424,193.0,173.0,2026-05-29 13:35:40.850229+00
241,3,P02,yes,3,1.5312,0.5,0.520821,196.0,193.0,2026-05-29 13:35:43.648356+00
244,3,P01,yes,3,1.5728,0.513885,0.534667,198.0,193.0,2026-05-29 13:35:45.610465+00
247,3,P01,yes,3,1.6967,0.555328,0.5758,204.0,193.0,2026-05-29 13:35:48.537999+00
253,4,P08,no,1,0.1362,0.865426,0.862158,122.0,56.0,2026-05-29 13:35:51.992527+00
254,3,P02,no,2,0.808,0.602685,0.589309,208.0,195.0,2026-05-29 13:35:52.550019+00
257,4,P02,no,1,-0.1362,0.862158,0.865426,122.0,55.0,2026-05-29 13:35:54.35596+00
260,4,P03,no,3,-0.3895,0.865426,0.87484,122.0,52.0,2026-05-29 13:35:57.278106+00
262,6,P09,no,20,3.2008,0.87484,0.800415,122.0,72.0,2026-05-29 13:36:57.862692+00
266,6,P04,yes,1,0.7,0.697059,0.702893,123.0,92.0,2026-05-29 13:37:01.526386+00
269,6,P01,yes,1,-0.7058,0.708661,0.702893,123.0,92.0,2026-05-29 13:37:02.821185+00
273,6,P01,yes,1,-0.6822,0.685201,0.679179,119.0,92.0,2026-05-29 13:37:03.884981+00
275,6,P01,yes,1,-0.67,0.673096,0.666955,117.0,92.0,2026-05-29 13:37:04.461699+00
276,6,P06,yes,1,0.67,0.666955,0.673096,118.0,92.0,2026-05-29 13:37:04.607692+00
277,6,P01,yes,1,-0.67,0.673096,0.666955,117.0,92.0,2026-05-29 13:37:04.835439+00
278,6,P01,yes,1,-0.6639,0.666955,0.660756,116.0,92.0,2026-05-29 13:37:05.043039+00
279,6,P01,yes,1,-0.6576,0.660756,0.654502,115.0,92.0,2026-05-29 13:37:05.24587+00
280,5,P02,no,2,0.6417,0.685201,0.673096,223.0,197.0,2026-05-29 13:37:05.682209+00
281,6,P01,yes,1,-0.6514,0.654502,0.648194,114.0,92.0,2026-05-29 13:37:05.726672+00
282,5,P01,yes,1,0.6761,0.673096,0.679179,224.0,197.0,2026-05-29 13:37:06.270566+00
283,6,P03,yes,4,-2.5416,0.648194,0.622459,110.0,92.0,2026-05-29 13:37:06.38118+00
284,5,P01,yes,1,0.6822,0.679179,0.685201,225.0,197.0,2026-05-29 13:37:07.013437+00
285,5,P05,yes,3,2.0823,0.685201,0.702893,228.0,197.0,2026-05-29 13:37:07.759353+00
286,6,P06,yes,1,0.6257,0.622459,0.628965,111.0,92.0,2026-05-29 13:37:10.077403+00
287,6,P07,no,20,-6.1976,0.628965,0.747124,111.0,72.0,2026-05-29 13:37:10.949191+00
288,6,P04,no,1,0.2555,0.747124,0.74184,111.0,73.0,2026-05-29 13:37:11.190485+00
289,5,P01,yes,1,0.7058,0.702893,0.708661,229.0,197.0,2026-05-29 13:37:12.12941+00
290,5,P08,yes,1,0.7115,0.708661,0.714362,230.0,197.0,2026-05-29 13:37:13.229858+00
291,5,P08,yes,1,0.7172,0.714362,0.719997,231.0,197.0,2026-05-29 13:37:14.212476+00
292,5,P05,yes,2,-1.4287,0.719997,0.708661,229.0,197.0,2026-05-29 13:37:15.551438+00
293,6,P06,yes,1,-0.7392,0.74184,0.736485,110.0,73.0,2026-05-29 13:37:15.581114+00
294,6,P06,yes,1,-0.7338,0.736485,0.731059,109.0,73.0,2026-05-29 13:37:17.413673+00
295,5,P08,yes,1,0.7115,0.708661,0.714362,230.0,197.0,2026-05-29 13:37:17.539087+00
296,6,P06,yes,1,-0.7283,0.731059,0.725562,108.0,73.0,2026-05-29 13:37:18.080559+00
297,5,P05,yes,2,-1.4173,0.714362,0.702893,228.0,197.0,2026-05-29 13:37:18.810187+00
298,5,P02,yes,3,2.1345,0.702893,0.719997,231.0,197.0,2026-05-29 13:37:18.968101+00
299,6,P06,yes,1,-0.7228,0.725562,0.719997,107.0,73.0,2026-05-29 13:37:18.988091+00
300,6,P06,yes,1,-0.7172,0.719997,0.714362,106.0,73.0,2026-05-29 13:37:19.647793+00
301,6,P03,no,8,2.472,0.714362,0.666955,106.0,81.0,2026-05-29 13:37:20.310874+00
302,5,P05,yes,2,-1.4287,0.719997,0.708661,229.0,197.0,2026-05-29 13:37:22.311109+00
303,5,P06,yes,4,-2.7881,0.708661,0.685201,225.0,197.0,2026-05-29 13:37:23.063385+00
304,5,P01,yes,1,0.6882,0.685201,0.691162,226.0,197.0,2026-05-29 13:37:23.723393+00
305,5,P01,yes,1,0.6941,0.691162,0.697059,227.0,197.0,2026-05-29 13:37:24.298224+00
306,5,P01,yes,1,0.7,0.697059,0.702893,228.0,197.0,2026-05-29 13:37:24.528251+00
307,5,P01,yes,1,0.7058,0.702893,0.708661,229.0,197.0,2026-05-29 13:37:24.739052+00
308,5,P01,yes,2,1.4287,0.708661,0.719997,231.0,197.0,2026-05-29 13:37:26.544913+00
309,5,P01,yes,2,1.4511,0.719997,0.731059,233.0,197.0,2026-05-29 13:37:27.67389+00
310,5,P01,yes,2,1.4729,0.731059,0.74184,235.0,197.0,2026-05-29 13:37:27.889879+00
311,5,P01,yes,2,1.4942,0.74184,0.752336,237.0,197.0,2026-05-29 13:37:28.085838+00
312,5,P08,yes,1,0.7549,0.752336,0.757476,238.0,197.0,2026-05-29 13:37:28.738219+00
313,6,P08,yes,1,0.67,0.666955,0.673096,107.0,81.0,2026-05-29 13:37:29.187768+00
314,5,P09,no,1,0.2451,0.757476,0.752336,238.0,198.0,2026-05-29 13:37:29.508367+00
315,5,P04,yes,1,-0.7497,0.752336,0.747124,237.0,198.0,2026-05-29 13:37:30.364678+00
316,5,P08,yes,1,0.7497,0.747124,0.752336,238.0,198.0,2026-05-29 13:37:30.436744+00
317,5,P05,no,3,0.7666,0.752336,0.736485,238.0,201.0,2026-05-29 13:37:30.557143+00
318,6,P04,yes,1,-0.67,0.673096,0.666955,106.0,81.0,2026-05-29 13:37:31.234666+00
319,6,P03,yes,3,2.0284,0.666955,0.685201,109.0,81.0,2026-05-29 13:37:31.252106+00
320,5,P08,yes,1,0.7392,0.736485,0.74184,239.0,201.0,2026-05-29 13:37:32.393512+00
321,5,P02,yes,1,0.7445,0.74184,0.747124,240.0,201.0,2026-05-29 13:37:34.502664+00
322,5,P04,no,3,0.7826,0.747124,0.731059,240.0,204.0,2026-05-29 13:37:35.494112+00
323,5,P05,no,3,0.8317,0.731059,0.714362,240.0,207.0,2026-05-29 13:37:35.515856+00
324,5,P06,no,20,6.9278,0.714362,0.589309,240.0,227.0,2026-05-29 13:37:35.566252+00
325,6,P02,no,8,2.7151,0.685201,0.635424,109.0,89.0,2026-05-29 13:37:35.940159+00
326,6,P07,yes,20,13.9199,0.635424,0.752336,129.0,89.0,2026-05-29 13:37:37.043151+00
327,5,P07,yes,1,0.5927,0.589309,0.596015,241.0,227.0,2026-05-29 13:37:37.873161+00
328,5,P01,yes,2,1.2054,0.596015,0.609318,243.0,227.0,2026-05-29 13:37:38.116256+00
329,5,P01,yes,2,1.2318,0.609318,0.622459,245.0,227.0,2026-05-29 13:37:38.473162+00
330,5,P01,yes,2,1.2579,0.622459,0.635424,247.0,227.0,2026-05-29 13:37:38.629005+00
331,5,P01,yes,2,1.2837,0.635424,0.648194,249.0,227.0,2026-05-29 13:37:38.833161+00
332,5,P05,no,3,1.0842,0.648194,0.628965,249.0,230.0,2026-05-29 13:37:39.14091+00
333,5,P01,yes,2,1.2708,0.628965,0.641834,251.0,230.0,2026-05-29 13:37:39.796382+00
334,6,P05,no,5,-1.1751,0.752336,0.7773,129.0,84.0,2026-05-29 13:37:41.003808+00
335,5,P01,yes,2,1.2964,0.641834,0.654502,253.0,230.0,2026-05-29 13:37:41.212365+00
336,5,P08,yes,1,0.6576,0.654502,0.660756,254.0,230.0,2026-05-29 13:37:41.277557+00
337,5,P08,yes,1,0.6639,0.660756,0.666955,255.0,230.0,2026-05-29 13:37:41.614182+00
338,6,P02,no,11,2.7569,0.7773,0.719997,129.0,95.0,2026-05-29 13:37:41.893487+00
339,5,P02,yes,2,-1.3215,0.666955,0.654502,253.0,230.0,2026-05-29 13:37:43.538509+00
340,5,P05,no,2,-0.6785,0.654502,0.666955,253.0,228.0,2026-05-29 13:37:45.181506+00
341,6,P04,yes,1,-0.7172,0.719997,0.714362,128.0,95.0,2026-05-29 13:37:45.623932+00
342,5,P01,yes,2,1.3462,0.666955,0.679179,255.0,228.0,2026-05-29 13:37:46.411256+00
343,5,P08,yes,1,0.6822,0.679179,0.685201,256.0,228.0,2026-05-29 13:37:46.792835+00
344,6,P06,yes,1,0.7172,0.714362,0.719997,129.0,95.0,2026-05-29 13:37:49.839791+00
349,6,P06,yes,1,0.7445,0.74184,0.747124,134.0,95.0,2026-05-29 13:37:51.582874+00
361,5,P07,yes,1,0.7115,0.708661,0.714362,262.0,229.0,2026-05-29 13:37:59.687915+00
368,6,P09,yes,20,12.9466,0.58257,0.708661,157.0,125.0,2026-05-29 13:38:05.055213+00
374,5,P08,yes,5,2.9632,0.5758,0.609318,264.0,248.0,2026-05-29 13:38:11.128193+00
379,6,P02,no,20,-3.9282,0.757476,0.844808,172.0,111.0,2026-05-29 13:38:13.586356+00
380,5,P02,yes,3,-1.818,0.61591,0.596015,262.0,248.0,2026-05-29 13:38:15.234427+00
382,5,P08,yes,5,3.0629,0.596015,0.628965,267.0,248.0,2026-05-29 13:38:15.627301+00
390,7,P05,no,4,1.4584,0.648194,0.622459,267.0,249.0,2026-05-29 13:38:51.897691+00
391,7,P08,yes,5,3.1929,0.622459,0.654502,272.0,249.0,2026-05-29 13:38:53.695246+00
399,7,P02,yes,4,2.6677,0.654502,0.679179,276.0,249.0,2026-05-29 13:39:01.689124+00
407,8,P06,no,1,0.3059,0.697059,0.691162,195.0,166.0,2026-05-29 13:39:09.323572+00
413,7,P08,no,10,2.2785,0.79594,0.747124,303.0,264.0,2026-05-29 13:39:15.194+00
417,8,P06,yes,1,-0.77,0.772454,0.767535,190.0,147.0,2026-05-29 13:39:18.107448+00
418,7,P01,no,1,0.2555,0.747124,0.74184,303.0,265.0,2026-05-29 13:39:18.816775+00
429,8,P08,yes,1,0.7445,0.74184,0.747124,190.0,151.0,2026-05-29 13:39:31.371207+00
432,7,P08,no,5,0.4046,0.924142,0.913813,363.0,278.0,2026-05-29 13:39:32.777313+00
434,7,P08,no,5,0.5207,0.902227,0.889273,363.0,288.0,2026-05-29 13:39:36.139146+00
446,7,P07,yes,5,4.5406,0.902227,0.913813,388.0,303.0,2026-05-29 13:39:50.389486+00
450,8,P04,no,3,0.5412,0.825715,0.813395,180.0,127.0,2026-05-29 13:39:53.706953+00
451,8,P05,no,20,4.6737,0.813395,0.714362,180.0,147.0,2026-05-29 13:39:54.973918+00
452,8,P01,yes,20,-13.0722,0.714362,0.589309,160.0,147.0,2026-05-29 13:39:55.288883+00
459,7,P06,no,13,-0.5212,0.952574,0.966467,421.0,300.0,2026-05-29 13:40:02.894801+00
462,8,P09,yes,20,-13.3201,0.725562,0.602685,141.0,126.0,2026-05-29 13:40:09.575376+00
1645,24,P01,yes,1,0.4965,0.493056,0.5,446.0,446.0,2026-05-29 14:00:25.722271+00
1646,24,P01,yes,1,0.5035,0.5,0.506944,447.0,446.0,2026-05-29 14:00:26.513269+00
1650,24,P08,no,1,0.4896,0.513885,0.506944,448.0,447.0,2026-05-29 14:00:27.130256+00
1653,25,P01,yes,10,-1.8691,0.208609,0.166434,292.0,350.0,2026-05-29 14:00:27.401384+00
1655,25,P01,yes,10,-0.9088,0.102784,0.079846,282.0,370.0,2026-05-29 14:00:27.589727+00
1659,25,P09,no,20,-17.9764,0.077829,0.128234,281.0,350.0,2026-05-29 14:00:27.988288+00
1661,25,P05,yes,1,-0.2018,0.20406,0.199585,300.0,350.0,2026-05-29 14:00:28.15094+00
1664,25,P02,yes,20,10.0,0.430999,0.569001,360.0,350.0,2026-05-29 14:00:29.10846+00
1666,24,P08,no,1,0.4757,0.527749,0.520821,451.0,448.0,2026-05-29 14:00:29.403006+00
1668,24,P08,no,1,0.4896,0.513885,0.506944,451.0,450.0,2026-05-29 14:00:29.787646+00
1669,24,P08,no,1,0.4965,0.506944,0.5,451.0,451.0,2026-05-29 14:00:29.917842+00
1672,25,P05,yes,1,-0.6822,0.685201,0.679179,377.0,350.0,2026-05-29 14:00:30.457584+00
1674,25,P05,yes,1,-0.67,0.673096,0.666955,375.0,350.0,2026-05-29 14:00:30.785992+00
1691,25,P05,yes,1,-0.5859,0.589309,0.58257,362.0,350.0,2026-05-29 14:00:32.092691+00
1696,25,P05,yes,1,-0.5588,0.562177,0.555328,358.0,350.0,2026-05-29 14:00:32.393888+00
1712,24,P08,yes,1,0.2662,0.263515,0.268941,458.0,494.0,2026-05-29 14:00:36.205989+00
1714,24,P08,yes,1,0.2772,0.274438,0.280003,460.0,494.0,2026-05-29 14:00:37.223013+00
1717,27,P08,yes,1,0.2885,0.285638,0.291339,462.0,494.0,2026-05-29 14:01:03.209354+00
1719,27,P08,yes,1,0.3239,0.320821,0.326904,468.0,494.0,2026-05-29 14:01:03.929837+00
1720,27,P08,yes,1,0.33,0.326904,0.333045,469.0,494.0,2026-05-29 14:01:06.238966+00
1725,27,P01,yes,1,0.235,0.232465,0.237458,472.0,514.0,2026-05-29 14:01:07.703642+00
1727,26,P09,yes,20,-4.2893,0.263515,0.170324,333.0,390.0,2026-05-29 14:01:07.899763+00
1733,26,P04,yes,1,-0.2662,0.268941,0.263515,353.0,390.0,2026-05-29 14:01:09.329941+00
1739,26,P09,no,20,13.5636,0.38409,0.263515,373.0,410.0,2026-05-29 14:01:10.941479+00
1744,26,P06,yes,1,0.2662,0.263515,0.268941,374.0,410.0,2026-05-29 14:01:13.068+00
1746,27,P08,yes,1,0.1094,0.108022,0.110727,483.0,558.0,2026-05-29 14:01:13.74+00
1754,27,P06,yes,20,6.8033,0.280003,0.403985,544.0,558.0,2026-05-29 14:01:16.834169+00
1756,26,P05,yes,1,0.3,0.297107,0.302941,380.0,410.0,2026-05-29 14:01:16.994844+00
1764,27,P01,yes,1,0.7,0.697059,0.702893,589.0,558.0,2026-05-29 14:01:18.865332+00
1770,27,P08,no,1,0.2942,0.708661,0.702893,591.0,560.0,2026-05-29 14:01:21.323646+00
1775,27,P08,no,1,0.3118,0.691162,0.685201,592.0,564.0,2026-05-29 14:01:22.503936+00
1781,26,P03,no,5,3.6412,0.285638,0.25816,382.0,420.0,2026-05-29 14:01:23.229447+00
1789,27,P08,no,1,0.394,0.609318,0.602685,584.0,569.0,2026-05-29 14:01:24.893935+00
1792,27,P08,no,1,0.4141,0.589309,0.58257,584.0,572.0,2026-05-29 14:01:25.408639+00
1794,26,P09,yes,20,6.4364,0.263515,0.38409,403.0,420.0,2026-05-29 14:01:26.642266+00
1801,27,P08,no,1,0.4412,0.562177,0.555328,581.0,573.0,2026-05-29 14:01:31.387555+00
1810,27,P08,no,1,0.3118,0.691162,0.685201,604.0,576.0,2026-05-29 14:01:36.759019+00
1816,27,P08,no,1,0.394,0.609318,0.602685,606.0,591.0,2026-05-29 14:01:40.057015+00
1817,27,P01,yes,1,0.606,0.602685,0.609318,607.0,591.0,2026-05-29 14:01:41.782956+00
1824,26,P01,no,10,-4.723,0.493056,0.562177,399.0,390.0,2026-05-29 14:01:46.544354+00
1829,26,P01,no,10,-3.7123,0.596015,0.660756,379.0,355.0,2026-05-29 14:01:47.034227+00
1834,26,P01,no,10,-1.6291,0.817574,0.855422,379.0,315.0,2026-05-29 14:01:47.719742+00
1840,26,P01,no,10,-3.091,0.660756,0.719997,319.0,285.0,2026-05-29 14:01:48.248077+00
1845,26,P01,no,10,-3.7123,0.596015,0.660756,279.0,255.0,2026-05-29 14:01:48.800933+00
1850,26,P08,no,1,0.1887,0.813395,0.809142,278.0,226.0,2026-05-29 14:01:49.60794+00
1856,26,P06,yes,1,-0.5381,0.54157,0.534667,232.0,227.0,2026-05-29 14:01:50.852515+00
1861,26,P02,yes,20,-2.2342,0.141176,0.086187,152.0,237.0,2026-05-29 14:01:52.035104+00
1868,26,P08,yes,1,0.0942,0.09298,0.095349,156.0,237.0,2026-05-29 14:01:55.551356+00
1873,26,P08,yes,1,0.2503,0.247664,0.252876,158.0,197.0,2026-05-29 14:01:55.955969+00
1875,26,P08,yes,1,0.3743,0.371035,0.377541,159.0,177.0,2026-05-29 14:01:56.103584+00
2610,34,P01,no,10,6.9679,0.333045,0.274438,153.0,188.0,2026-05-29 14:10:31.763544+00
2615,34,P02,yes,20,6.6799,0.274438,0.397315,193.0,208.0,2026-05-29 14:10:32.082375+00
2625,35,P02,no,1,0.1845,0.817574,0.813395,401.0,348.0,2026-05-29 14:10:33.390219+00
2632,35,P02,no,1,0.2063,0.79594,0.791391,401.0,353.0,2026-05-29 14:10:34.225939+00
2634,34,P02,yes,20,12.4345,0.555328,0.685201,256.0,228.0,2026-05-29 14:10:34.392169+00
2636,34,P04,yes,1,0.6882,0.685201,0.691162,257.0,228.0,2026-05-29 14:10:34.541138+00
2644,35,P01,no,1,0.2451,0.757476,0.752336,401.0,361.0,2026-05-29 14:10:36.867529+00
2647,35,P04,no,20,11.3714,0.5,0.364576,401.0,421.0,2026-05-29 14:10:38.175428+00
2651,35,P02,no,15,10.3141,0.358166,0.268941,421.0,457.0,2026-05-29 14:10:39.480618+00
2653,34,P09,yes,20,-12.9466,0.708661,0.58257,240.0,228.0,2026-05-29 14:10:40.776218+00
2659,35,P01,yes,1,0.5656,0.562177,0.569001,469.0,459.0,2026-05-29 14:10:48.100513+00
2666,34,P01,no,10,-3.7123,0.596015,0.660756,242.0,218.0,2026-05-29 14:10:54.2423+00
2671,34,P01,no,10,-1.9989,0.7773,0.821681,243.0,188.0,2026-05-29 14:10:54.693623+00
2677,34,P01,no,10,-0.7605,0.913813,0.933323,243.0,148.0,2026-05-29 14:10:55.401634+00
2687,35,P07,yes,20,1.4188,0.05411,0.090664,511.0,594.0,2026-05-29 14:10:56.379266+00
345,6,P06,yes,1,0.7228,0.719997,0.725562,130.0,95.0,2026-05-29 13:37:50.205221+00
346,6,P06,yes,1,0.7283,0.725562,0.731059,131.0,95.0,2026-05-29 13:37:50.584833+00
347,6,P06,yes,1,0.7338,0.731059,0.736485,132.0,95.0,2026-05-29 13:37:51.034041+00
354,6,P06,yes,1,0.6761,0.673096,0.679179,137.0,110.0,2026-05-29 13:37:54.166149+00
356,5,P09,yes,1,0.7058,0.702893,0.708661,260.0,228.0,2026-05-29 13:37:55.663086+00
359,6,P03,no,6,1.9988,0.685201,0.648194,138.0,116.0,2026-05-29 13:37:56.415987+00
365,5,P05,yes,3,-2.0999,0.708661,0.691162,259.0,230.0,2026-05-29 13:38:03.158932+00
366,6,P06,yes,1,-0.7115,0.714362,0.708661,157.0,125.0,2026-05-29 13:38:03.396096+00
370,6,P08,yes,1,0.7172,0.714362,0.719997,158.0,124.0,2026-05-29 13:38:05.860417+00
372,6,P04,no,7,1.7896,0.762542,0.725562,166.0,131.0,2026-05-29 13:38:08.28285+00
384,5,P05,no,3,-1.0842,0.628965,0.648194,267.0,245.0,2026-05-29 13:38:16.219366+00
392,8,P01,yes,10,-6.909,0.719997,0.660756,155.0,131.0,2026-05-29 13:38:53.789236+00
398,8,P01,yes,10,6.7285,0.641834,0.702893,175.0,144.0,2026-05-29 13:39:01.207737+00
403,8,P07,no,20,4.8747,0.804815,0.702893,195.0,164.0,2026-05-29 13:39:05.06048+00
404,7,P06,yes,20,14.1512,0.648194,0.762542,296.0,254.0,2026-05-29 13:39:05.915977+00
414,8,P06,yes,1,-0.7844,0.786768,0.782071,193.0,147.0,2026-05-29 13:39:15.855532+00
423,8,P03,yes,1,-0.765,0.767535,0.762542,189.0,147.0,2026-05-29 13:39:27.161363+00
424,7,P08,yes,5,3.9451,0.7773,0.800415,323.0,273.0,2026-05-29 13:39:27.635055+00
430,8,P07,yes,20,15.8942,0.747124,0.837384,210.0,151.0,2026-05-29 13:39:31.933834+00
438,8,P07,yes,20,-14.9186,0.79594,0.691162,180.0,151.0,2026-05-29 13:39:38.783276+00
447,7,P08,no,5,0.4594,0.913813,0.902227,388.0,308.0,2026-05-29 13:39:51.335772+00
457,8,P02,no,1,-0.2772,0.719997,0.725562,161.0,126.0,2026-05-29 13:40:01.495524+00
1698,25,P05,yes,1,-0.4141,0.41743,0.410691,357.0,370.0,2026-05-29 14:00:32.554126+00
1710,24,P08,yes,1,0.2555,0.252876,0.25816,456.0,494.0,2026-05-29 14:00:35.204994+00
1711,24,P08,yes,1,0.2608,0.25816,0.263515,457.0,494.0,2026-05-29 14:00:35.711571+00
1721,27,P01,yes,1,0.3361,0.333045,0.339244,470.0,494.0,2026-05-29 14:01:06.948894+00
1724,27,P06,no,20,14.2649,0.345498,0.232465,471.0,514.0,2026-05-29 14:01:07.624571+00
1726,27,P01,yes,1,0.24,0.237458,0.242524,473.0,514.0,2026-05-29 14:01:07.88034+00
1728,26,P05,yes,1,0.1723,0.170324,0.174285,334.0,390.0,2026-05-29 14:01:08.043103+00
1730,27,P06,no,20,15.9837,0.247664,0.158869,474.0,534.0,2026-05-29 14:01:08.279611+00
1736,27,P08,no,1,0.9058,0.095349,0.09298,474.0,556.0,2026-05-29 14:01:10.46701+00
1738,27,P08,no,1,0.9105,0.090664,0.0884,474.0,558.0,2026-05-29 14:01:10.799801+00
1742,27,P08,yes,1,0.1041,0.102784,0.105374,481.0,558.0,2026-05-29 14:01:12.576065+00
1748,27,P08,yes,1,0.1121,0.110727,0.113492,484.0,558.0,2026-05-29 14:01:14.399857+00
1751,26,P05,yes,1,0.2942,0.291339,0.297107,379.0,410.0,2026-05-29 14:01:15.242879+00
1752,27,P06,yes,20,2.9141,0.113492,0.182426,504.0,558.0,2026-05-29 14:01:15.474745+00
1763,27,P06,yes,20,12.6924,0.569001,0.697059,588.0,558.0,2026-05-29 14:01:18.800352+00
1765,27,P01,yes,1,0.7058,0.702893,0.708661,590.0,558.0,2026-05-29 14:01:19.622067+00
1769,27,P08,no,1,0.2885,0.714362,0.708661,591.0,559.0,2026-05-29 14:01:21.184759+00
1774,27,P08,no,1,0.3059,0.697059,0.691162,592.0,563.0,2026-05-29 14:01:21.849107+00
1776,26,P05,yes,1,0.3178,0.314799,0.320821,383.0,410.0,2026-05-29 14:01:22.694226+00
1777,26,P08,yes,1,-0.3178,0.320821,0.314799,382.0,410.0,2026-05-29 14:01:23.000463+00
1782,27,P01,yes,1,0.6882,0.685201,0.691162,594.0,565.0,2026-05-29 14:01:23.26394+00
1791,27,P08,no,1,0.4073,0.596015,0.589309,584.0,571.0,2026-05-29 14:01:25.229608+00
1793,26,P05,yes,1,0.2608,0.25816,0.263515,383.0,420.0,2026-05-29 14:01:26.027783+00
1799,27,P01,yes,1,0.5519,0.548459,0.555328,580.0,572.0,2026-05-29 14:01:30.054987+00
1800,27,P01,yes,1,0.5588,0.555328,0.562177,581.0,572.0,2026-05-29 14:01:30.92617+00
1808,27,P06,yes,20,12.6924,0.569001,0.697059,604.0,574.0,2026-05-29 14:01:34.88796+00
1809,27,P08,no,1,0.3059,0.697059,0.691162,604.0,575.0,2026-05-29 14:01:36.021639+00
1813,27,P01,yes,1,0.6882,0.685201,0.691162,606.0,577.0,2026-05-29 14:01:38.165986+00
1819,27,P06,no,20,9.1739,0.609318,0.472251,607.0,611.0,2026-05-29 14:01:42.46768+00
1826,26,P01,no,10,-3.7123,0.596015,0.660756,399.0,375.0,2026-05-29 14:01:46.720064+00
1837,26,P05,yes,20,-15.4246,0.817574,0.719997,339.0,305.0,2026-05-29 14:01:48.056598+00
1842,26,P01,no,10,-3.7123,0.596015,0.660756,299.0,275.0,2026-05-29 14:01:48.417435+00
1847,26,P01,no,10,-3.1506,0.654502,0.714362,278.0,245.0,2026-05-29 14:01:48.978353+00
1852,26,P08,no,1,0.1974,0.804815,0.800415,277.0,227.0,2026-05-29 14:01:49.908571+00
1853,26,P03,yes,4,-3.1654,0.800415,0.782071,273.0,227.0,2026-05-29 14:01:50.470622+00
1858,26,P02,yes,20,-6.6799,0.397315,0.274438,192.0,227.0,2026-05-29 14:01:51.158219+00
1863,27,P01,yes,1,0.5174,0.513885,0.520821,614.0,611.0,2026-05-29 14:01:52.165786+00
1866,26,P08,yes,1,0.0895,0.0884,0.090664,154.0,237.0,2026-05-29 14:01:55.139797+00
1872,26,P07,no,20,-15.9837,0.158869,0.247664,157.0,197.0,2026-05-29 14:01:55.932279+00
1874,26,P09,no,20,-13.8024,0.252876,0.371035,158.0,177.0,2026-05-29 14:01:56.084132+00
2621,35,P01,no,1,0.1723,0.829676,0.825715,401.0,345.0,2026-05-29 14:10:32.997142+00
2623,35,P02,no,1,0.1804,0.821681,0.817574,401.0,347.0,2026-05-29 14:10:33.241312+00
2628,35,P02,no,1,0.1974,0.804815,0.800415,401.0,351.0,2026-05-29 14:10:33.890326+00
2638,35,P02,no,1,0.2203,0.782071,0.7773,401.0,356.0,2026-05-29 14:10:34.754641+00
2645,35,P04,no,20,6.0801,0.752336,0.635424,401.0,381.0,2026-05-29 14:10:37.723518+00
2650,35,P08,yes,20,5.9638,0.242524,0.358166,421.0,442.0,2026-05-29 14:10:39.438859+00
2654,35,P08,yes,20,6.4364,0.263515,0.38409,441.0,458.0,2026-05-29 14:10:41.825244+00
2665,35,P02,no,20,7.0534,0.708661,0.58257,491.0,479.0,2026-05-29 14:10:54.181112+00
2669,34,P01,no,10,-2.5318,0.719997,0.772454,242.0,198.0,2026-05-29 14:10:54.549044+00
2674,34,P01,no,10,-1.2542,0.858824,0.889273,243.0,168.0,2026-05-29 14:10:55.017106+00
2676,35,P02,no,20,14.2649,0.345498,0.232465,491.0,534.0,2026-05-29 14:10:55.252828+00
2680,34,P01,no,10,-0.5869,0.933323,0.948664,243.0,138.0,2026-05-29 14:10:55.606761+00
2682,34,P01,no,10,-0.451,0.948664,0.960625,243.0,128.0,2026-05-29 14:10:55.775531+00
2689,34,P01,no,10,-0.2012,0.977023,0.982498,223.0,78.0,2026-05-29 14:10:56.567965+00
2693,35,P09,yes,1,0.0548,0.05411,0.055549,512.0,614.0,2026-05-29 14:10:56.91701+00
2699,34,P08,yes,1,-0.9568,0.957349,0.9562,179.0,68.0,2026-05-29 14:10:58.204205+00
2704,34,P02,yes,20,-15.1253,0.804815,0.702893,119.0,88.0,2026-05-29 14:10:59.188491+00
2708,34,P05,yes,1,-0.5656,0.569001,0.562177,117.0,108.0,2026-05-29 14:11:00.176484+00
2719,35,P01,yes,1,0.6822,0.679179,0.685201,632.0,604.0,2026-05-29 14:11:04.263109+00
2728,34,P01,no,1,0.3424,0.660756,0.654502,135.0,112.0,2026-05-29 14:11:08.538987+00
2732,34,P01,no,1,0.3678,0.635424,0.628965,135.0,116.0,2026-05-29 14:11:09.468404+00
2738,35,P02,no,20,8.7643,0.628965,0.493056,638.0,639.0,2026-05-29 14:11:13.649874+00
2905,36,P05,no,1,0.4006,0.602685,0.596015,226.0,212.0,2026-05-29 14:13:12.863371+00
2984,39,P02,yes,1,0.67,0.666955,0.673096,249.0,223.0,2026-05-29 14:13:50.89075+00
2990,39,P05,no,1,0.24,0.762542,0.757476,249.0,208.0,2026-05-29 14:13:54.074973+00
2994,38,P01,yes,1,-0.6192,0.622459,0.61591,706.0,689.0,2026-05-29 14:13:55.48624+00
2995,39,P05,no,1,0.2503,0.752336,0.747124,249.0,210.0,2026-05-29 14:13:56.227357+00
348,6,P06,yes,1,0.7392,0.736485,0.74184,133.0,95.0,2026-05-29 13:37:51.28923+00
350,6,P06,yes,1,0.7497,0.747124,0.752336,135.0,95.0,2026-05-29 13:37:51.92244+00
352,5,P05,yes,3,2.0823,0.685201,0.702893,259.0,228.0,2026-05-29 13:37:52.981012+00
353,6,P06,yes,1,0.67,0.666955,0.673096,136.0,110.0,2026-05-29 13:37:53.652659+00
355,6,P06,yes,1,0.6822,0.679179,0.685201,138.0,110.0,2026-05-29 13:37:54.444016+00
358,5,P08,yes,1,0.7058,0.702893,0.708661,261.0,229.0,2026-05-29 13:37:56.239833+00
360,6,P09,no,11,4.2635,0.648194,0.5758,138.0,127.0,2026-05-29 13:37:56.982652+00
362,6,P08,no,2,-0.8349,0.5758,0.589309,138.0,125.0,2026-05-29 13:37:59.928031+00
363,5,P01,no,1,0.2885,0.714362,0.708661,262.0,230.0,2026-05-29 13:38:00.495348+00
364,6,P05,yes,20,13.0722,0.589309,0.714362,158.0,125.0,2026-05-29 13:38:01.116243+00
367,6,P07,yes,20,-12.9466,0.708661,0.58257,137.0,125.0,2026-05-29 13:38:03.85178+00
369,6,P02,no,1,-0.2885,0.708661,0.714362,157.0,124.0,2026-05-29 13:38:05.095318+00
371,6,P01,yes,8,5.9332,0.719997,0.762542,166.0,124.0,2026-05-29 13:38:06.087926+00
376,5,P09,yes,1,0.6126,0.609318,0.61591,265.0,248.0,2026-05-29 13:38:11.737105+00
378,6,P01,yes,8,5.8904,0.714362,0.757476,172.0,131.0,2026-05-29 13:38:13.165683+00
381,6,P06,yes,1,-0.843,0.844808,0.841131,171.0,111.0,2026-05-29 13:38:15.252797+00
383,6,P09,yes,20,-15.9837,0.841131,0.752336,151.0,111.0,2026-05-29 13:38:15.8215+00
385,6,P05,no,20,6.0801,0.752336,0.635424,151.0,131.0,2026-05-29 13:38:17.030369+00
386,6,P06,yes,1,-0.6322,0.635424,0.628965,150.0,131.0,2026-05-29 13:38:17.68653+00
387,6,P01,yes,8,5.2349,0.628965,0.679179,158.0,131.0,2026-05-29 13:38:18.055717+00
388,6,P06,yes,1,-0.6761,0.679179,0.673096,157.0,131.0,2026-05-29 13:38:18.713339+00
393,8,P01,yes,10,-6.2877,0.660756,0.596015,145.0,131.0,2026-05-29 13:38:54.535924+00
400,8,P01,yes,10,7.3077,0.702893,0.757476,185.0,144.0,2026-05-29 13:39:02.008003+00
402,7,P08,no,5,1.681,0.679179,0.648194,276.0,254.0,2026-05-29 13:39:04.625318+00
406,7,P02,yes,5,3.874,0.762542,0.786768,301.0,254.0,2026-05-29 13:39:07.433772+00
408,8,P09,no,20,-5.0814,0.691162,0.79594,195.0,146.0,2026-05-29 13:39:10.378777+00
410,7,P01,yes,1,0.7891,0.786768,0.791391,302.0,254.0,2026-05-29 13:39:10.49519+00
411,7,P01,yes,1,0.7937,0.791391,0.79594,303.0,254.0,2026-05-29 13:39:11.402446+00
412,8,P04,yes,1,-0.7891,0.791391,0.786768,194.0,147.0,2026-05-29 13:39:12.578246+00
416,8,P06,yes,1,-0.7749,0.7773,0.772454,191.0,147.0,2026-05-29 13:39:17.500752+00
419,7,P02,no,7,1.9415,0.74184,0.702893,303.0,272.0,2026-05-29 13:39:19.226801+00
421,7,P08,yes,5,3.5573,0.697059,0.725562,308.0,273.0,2026-05-29 13:39:23.930086+00
422,7,P02,yes,10,7.5203,0.725562,0.7773,318.0,273.0,2026-05-29 13:39:25.719782+00
425,8,P09,no,20,5.8488,0.762542,0.648194,189.0,167.0,2026-05-29 13:39:28.13783+00
433,7,P08,no,5,0.4594,0.913813,0.902227,363.0,283.0,2026-05-29 13:39:34.911587+00
440,7,P08,no,5,0.5891,0.889273,0.87484,363.0,293.0,2026-05-29 13:39:44.706088+00
441,8,P09,no,20,-5.0814,0.691162,0.79594,180.0,131.0,2026-05-29 13:39:45.100575+00
444,7,P08,no,5,0.4594,0.913813,0.902227,383.0,303.0,2026-05-29 13:39:49.075907+00
445,8,P09,no,20,-3.2759,0.79594,0.871766,180.0,111.0,2026-05-29 13:39:49.266648+00
453,7,P06,yes,13,11.917,0.902227,0.929781,401.0,308.0,2026-05-29 13:39:56.91364+00
454,8,P07,no,20,-6.9278,0.589309,0.714362,160.0,127.0,2026-05-29 13:39:58.143221+00
456,7,P02,yes,20,18.906,0.929781,0.958469,421.0,308.0,2026-05-29 13:39:59.738457+00
458,7,P08,no,5,0.2221,0.958469,0.952574,421.0,313.0,2026-05-29 13:40:01.896749+00
460,7,P08,no,5,0.1794,0.966467,0.961662,421.0,305.0,2026-05-29 13:40:05.919512+00
461,7,P05,no,1,-0.0378,0.961662,0.962673,421.0,304.0,2026-05-29 13:40:06.103004+00
1700,25,P09,no,20,13.1967,0.403985,0.280003,356.0,390.0,2026-05-29 14:00:32.599395+00
1702,25,P08,yes,1,-0.2717,0.274438,0.268941,354.0,390.0,2026-05-29 14:00:32.719921+00
1705,25,P04,no,1,-0.7392,0.25816,0.263515,352.0,389.0,2026-05-29 14:00:33.740546+00
1707,24,P08,yes,1,0.24,0.237458,0.242524,453.0,494.0,2026-05-29 14:00:34.705119+00
1713,24,P08,yes,1,0.2717,0.268941,0.274438,459.0,494.0,2026-05-29 14:00:36.493459+00
1718,27,P05,yes,5,1.5297,0.291339,0.320821,467.0,494.0,2026-05-29 14:01:03.27374+00
1729,27,P08,yes,1,0.2451,0.242524,0.247664,474.0,514.0,2026-05-29 14:01:08.149292+00
1731,26,P02,yes,20,4.3832,0.174285,0.268941,354.0,390.0,2026-05-29 14:01:08.959369+00
1737,27,P08,no,1,0.9082,0.09298,0.090664,474.0,557.0,2026-05-29 14:01:10.641546+00
1743,27,P08,yes,1,0.1067,0.105374,0.108022,482.0,558.0,2026-05-29 14:01:12.725105+00
1755,27,P01,yes,1,0.4073,0.403985,0.410691,545.0,558.0,2026-05-29 14:01:16.892938+00
1757,27,P01,yes,1,0.4141,0.410691,0.41743,546.0,558.0,2026-05-29 14:01:17.092508+00
1761,27,P01,yes,1,0.5656,0.562177,0.569001,568.0,558.0,2026-05-29 14:01:17.627997+00
1762,26,P08,yes,1,-0.3059,0.308838,0.302941,380.0,410.0,2026-05-29 14:01:18.707679+00
1768,27,P01,yes,1,0.7115,0.708661,0.714362,591.0,558.0,2026-05-29 14:01:21.059775+00
1773,27,P08,no,1,0.3,0.702893,0.697059,592.0,562.0,2026-05-29 14:01:21.674998+00
1779,27,P01,yes,1,0.6882,0.685201,0.691162,593.0,564.0,2026-05-29 14:01:23.108656+00
1784,27,P08,no,1,0.3059,0.697059,0.691162,595.0,566.0,2026-05-29 14:01:24.118586+00
1786,27,P08,no,1,0.3178,0.685201,0.679179,595.0,568.0,2026-05-29 14:01:24.516313+00
1797,26,P05,yes,1,-0.3808,0.38409,0.377541,402.0,420.0,2026-05-29 14:01:28.497975+00
1803,26,P05,yes,1,-0.3743,0.377541,0.371035,401.0,420.0,2026-05-29 14:01:32.37173+00
1806,27,P01,yes,1,0.5588,0.555328,0.562177,583.0,574.0,2026-05-29 14:01:33.852362+00
1812,27,P08,no,1,0.3118,0.691162,0.685201,605.0,577.0,2026-05-29 14:01:36.950366+00
1815,27,P08,no,1,0.3874,0.61591,0.609318,606.0,590.0,2026-05-29 14:01:38.657073+00
1823,26,P01,no,10,-5.415,0.4242,0.493056,399.0,400.0,2026-05-29 14:01:46.385297+00
1828,26,P01,no,10,-4.3792,0.527749,0.596015,379.0,365.0,2026-05-29 14:01:46.851477+00
1833,26,P01,no,10,-2.0437,0.772454,0.817574,379.0,325.0,2026-05-29 14:01:47.53527+00
1839,26,P05,yes,20,-14.3772,0.772454,0.660756,319.0,295.0,2026-05-29 14:01:48.229044+00
1844,26,P01,no,10,-4.3792,0.527749,0.596015,279.0,265.0,2026-05-29 14:01:48.603052+00
1849,26,P01,no,10,-2.0892,0.767535,0.813395,278.0,225.0,2026-05-29 14:01:49.358238+00
1855,26,P02,yes,20,-12.1731,0.673096,0.54157,233.0,227.0,2026-05-29 14:01:50.815782+00
1860,26,P09,no,10,8.4084,0.178319,0.141176,172.0,237.0,2026-05-29 14:01:51.988894+00
1864,27,P06,no,20,10.963,0.520821,0.38409,614.0,631.0,2026-05-29 14:01:54.151293+00
1870,26,P09,no,20,-17.5362,0.095349,0.155192,156.0,217.0,2026-05-29 14:01:55.724555+00
1877,26,P09,no,20,-10.963,0.38409,0.520821,160.0,157.0,2026-05-29 14:01:56.3526+00
2648,35,P04,no,20,13.9199,0.364576,0.247664,401.0,441.0,2026-05-29 14:10:38.790129+00
2652,35,P01,no,1,0.7338,0.268941,0.263515,421.0,458.0,2026-05-29 14:10:40.012746+00
2655,35,P05,yes,6,2.4242,0.38409,0.4242,447.0,458.0,2026-05-29 14:10:42.279141+00
2656,35,P01,no,1,0.5792,0.4242,0.41743,447.0,459.0,2026-05-29 14:10:44.71153+00
2657,35,P02,yes,20,9.7241,0.41743,0.555328,467.0,459.0,2026-05-29 14:10:46.933058+00
2660,35,P02,yes,20,12.6924,0.569001,0.697059,489.0,459.0,2026-05-29 14:10:48.447908+00
2661,35,P01,yes,1,0.7,0.697059,0.702893,490.0,459.0,2026-05-29 14:10:49.275674+00
2662,35,P01,yes,1,0.7058,0.702893,0.708661,491.0,459.0,2026-05-29 14:10:50.394033+00
2663,34,P05,yes,1,0.5859,0.58257,0.589309,241.0,228.0,2026-05-29 14:10:51.117974+00
351,6,P02,no,15,4.3366,0.752336,0.666955,135.0,110.0,2026-05-29 13:37:52.733951+00
357,5,P01,no,1,0.2942,0.708661,0.702893,260.0,229.0,2026-05-29 13:37:55.809309+00
373,5,P06,no,18,6.5741,0.691162,0.5758,259.0,248.0,2026-05-29 13:38:09.552987+00
375,6,P06,yes,1,-0.7228,0.725562,0.719997,165.0,131.0,2026-05-29 13:38:11.445196+00
377,6,P06,yes,1,-0.7172,0.719997,0.714362,164.0,131.0,2026-05-29 13:38:12.55078+00
389,6,P01,yes,8,5.5751,0.673096,0.719997,165.0,131.0,2026-05-29 13:38:19.031186+00
394,8,P04,no,1,0.4073,0.596015,0.589309,145.0,132.0,2026-05-29 13:38:54.796353+00
395,8,P09,yes,20,13.0722,0.589309,0.714362,165.0,132.0,2026-05-29 13:38:55.57582+00
396,8,P03,no,6,1.8182,0.714362,0.679179,165.0,138.0,2026-05-29 13:38:56.28344+00
397,8,P03,no,6,2.036,0.679179,0.641834,165.0,144.0,2026-05-29 13:38:59.832489+00
401,8,P01,yes,10,7.8176,0.757476,0.804815,195.0,144.0,2026-05-29 13:39:03.415666+00
405,8,P06,no,1,0.3,0.702893,0.697059,195.0,165.0,2026-05-29 13:39:06.742448+00
409,8,P06,no,1,0.2063,0.79594,0.791391,195.0,147.0,2026-05-29 13:39:10.474501+00
415,8,P06,yes,1,-0.7797,0.782071,0.7773,192.0,147.0,2026-05-29 13:39:16.623014+00
420,7,P01,no,1,0.3,0.702893,0.697059,303.0,273.0,2026-05-29 13:39:20.004901+00
426,7,P06,yes,20,16.7992,0.800415,0.87484,343.0,273.0,2026-05-29 13:39:28.217182+00
427,8,P06,no,3,-1.0272,0.648194,0.666955,189.0,164.0,2026-05-29 13:39:28.447292+00
428,8,P02,no,13,-3.8308,0.666955,0.74184,189.0,151.0,2026-05-29 13:39:30.783643+00
431,7,P02,yes,20,18.0263,0.87484,0.924142,363.0,273.0,2026-05-29 13:39:32.299236+00
435,8,P01,yes,10,-8.1727,0.837384,0.79594,200.0,151.0,2026-05-29 13:39:37.566099+00
436,7,P08,no,5,0.5891,0.889273,0.87484,363.0,293.0,2026-05-29 13:39:37.822378+00
437,7,P06,no,10,-1.1097,0.87484,0.902227,363.0,283.0,2026-05-29 13:39:38.201594+00
439,7,P08,no,5,0.5207,0.902227,0.889273,363.0,288.0,2026-05-29 13:39:40.509715+00
442,7,P02,yes,20,18.0263,0.87484,0.924142,383.0,293.0,2026-05-29 13:39:45.690682+00
443,7,P08,no,5,0.4046,0.924142,0.913813,383.0,298.0,2026-05-29 13:39:45.932483+00
448,8,P08,no,3,0.399,0.871766,0.862158,180.0,114.0,2026-05-29 13:39:53.007581+00
449,8,P02,no,10,1.5548,0.862158,0.825715,180.0,124.0,2026-05-29 13:39:53.118754+00
455,8,P04,yes,1,0.7172,0.714362,0.719997,161.0,127.0,2026-05-29 13:39:58.650273+00
463,7,P08,no,5,0.1997,0.962673,0.957349,421.0,309.0,2026-05-29 13:40:09.917349+00
464,8,P07,yes,20,13.3201,0.602685,0.725562,161.0,126.0,2026-05-29 13:40:10.672491+00
465,8,P02,no,9,-2.2545,0.725562,0.772454,161.0,117.0,2026-05-29 13:40:11.25064+00
466,8,P08,yes,4,3.1281,0.772454,0.791391,165.0,117.0,2026-05-29 13:40:11.511221+00
467,7,P07,yes,5,4.8003,0.957349,0.962673,426.0,309.0,2026-05-29 13:40:11.819276+00
468,9,P08,yes,5,4.8253,0.962673,0.967355,431.0,309.0,2026-05-29 13:40:34.843452+00
469,10,P06,no,1,0.2109,0.791391,0.786768,165.0,118.0,2026-05-29 13:40:37.37837+00
470,10,P06,no,1,0.2156,0.786768,0.782071,165.0,119.0,2026-05-29 13:40:37.726058+00
471,10,P06,no,1,0.2203,0.782071,0.7773,165.0,120.0,2026-05-29 13:40:38.134553+00
472,10,P06,no,1,0.2251,0.7773,0.772454,165.0,121.0,2026-05-29 13:40:38.429537+00
473,10,P06,no,1,0.23,0.772454,0.767535,165.0,122.0,2026-05-29 13:40:38.783315+00
474,10,P06,no,1,0.235,0.767535,0.762542,165.0,123.0,2026-05-29 13:40:39.122241+00
475,10,P06,no,1,0.24,0.762542,0.757476,165.0,124.0,2026-05-29 13:40:39.47997+00
476,10,P06,no,1,0.2451,0.757476,0.752336,165.0,125.0,2026-05-29 13:40:39.867366+00
477,10,P06,no,1,0.2503,0.752336,0.747124,165.0,126.0,2026-05-29 13:40:40.218577+00
478,10,P06,no,1,0.2555,0.747124,0.74184,165.0,127.0,2026-05-29 13:40:41.289797+00
479,10,P07,yes,20,15.8032,0.74184,0.833566,185.0,127.0,2026-05-29 13:40:43.291123+00
480,9,P01,no,1,-0.0322,0.967355,0.968221,431.0,308.0,2026-05-29 13:40:45.298453+00
481,9,P07,yes,7,6.7973,0.968221,0.973689,438.0,308.0,2026-05-29 13:40:46.990509+00
482,9,P08,yes,5,4.877,0.973689,0.977023,443.0,308.0,2026-05-29 13:40:48.681902+00
483,9,P01,no,1,-0.0227,0.977023,0.977638,443.0,307.0,2026-05-29 13:40:48.806647+00
484,10,P01,yes,20,-15.8032,0.833566,0.74184,165.0,127.0,2026-05-29 13:40:49.621849+00
485,9,P01,no,1,-0.0221,0.977638,0.978237,443.0,306.0,2026-05-29 13:40:49.73638+00
486,10,P01,yes,20,-13.6836,0.74184,0.622459,145.0,127.0,2026-05-29 13:40:50.323788+00
487,10,P01,yes,20,-11.0996,0.622459,0.486115,125.0,127.0,2026-05-29 13:40:50.989605+00
488,10,P04,yes,1,0.4896,0.486115,0.493056,126.0,127.0,2026-05-29 13:40:51.470584+00
489,9,P01,no,1,-0.0215,0.978237,0.978821,443.0,305.0,2026-05-29 13:40:51.647627+00
490,10,P01,yes,20,-8.4935,0.493056,0.358166,106.0,127.0,2026-05-29 13:40:52.382614+00
491,10,P04,yes,1,0.3614,0.358166,0.364576,107.0,127.0,2026-05-29 13:40:52.734567+00
492,10,P09,no,20,-11.3714,0.364576,0.5,107.0,107.0,2026-05-29 13:40:54.332733+00
493,10,P07,yes,20,11.3714,0.5,0.635424,127.0,107.0,2026-05-29 13:40:55.116807+00
494,10,P06,no,1,-0.3614,0.635424,0.641834,127.0,106.0,2026-05-29 13:40:55.321001+00
495,10,P05,no,20,-5.9638,0.641834,0.757476,127.0,86.0,2026-05-29 13:40:55.48017+00
496,10,P08,yes,6,4.6341,0.757476,0.786768,133.0,86.0,2026-05-29 13:40:56.349826+00
497,9,P01,no,1,0.0215,0.978821,0.978237,443.0,306.0,2026-05-29 13:40:57.048088+00
498,9,P08,no,5,0.1165,0.978237,0.975076,443.0,311.0,2026-05-29 13:40:59.033571+00
499,9,P01,yes,1,0.9754,0.975076,0.975742,444.0,311.0,2026-05-29 13:41:01.991833+00
500,9,P08,yes,5,4.8866,0.975742,0.978821,449.0,311.0,2026-05-29 13:41:03.353144+00
501,10,P04,yes,1,-0.7844,0.786768,0.782071,132.0,86.0,2026-05-29 13:41:08.7524+00
502,9,P06,yes,13,12.7682,0.978821,0.985145,462.0,311.0,2026-05-29 13:41:09.749332+00
503,9,P07,yes,1,-0.9849,0.985145,0.984733,461.0,311.0,2026-05-29 13:41:10.945158+00
504,10,P09,no,20,5.4021,0.782071,0.673096,132.0,106.0,2026-05-29 13:41:11.311162+00
505,9,P05,no,3,0.0477,0.984733,0.983428,461.0,314.0,2026-05-29 13:41:11.588512+00
506,9,P09,no,1,0.0168,0.983428,0.982969,461.0,315.0,2026-05-29 13:41:12.652842+00
507,10,P01,yes,1,0.6761,0.673096,0.679179,133.0,106.0,2026-05-29 13:41:12.745477+00
508,9,P05,no,4,0.072,0.982969,0.981006,461.0,319.0,2026-05-29 13:41:14.985972+00
509,9,P09,no,1,0.0193,0.981006,0.980481,461.0,320.0,2026-05-29 13:41:15.306541+00
510,10,P01,yes,1,0.6822,0.679179,0.685201,134.0,106.0,2026-05-29 13:41:16.330435+00
511,10,P09,no,20,-5.1869,0.685201,0.791391,134.0,86.0,2026-05-29 13:41:17.524585+00
512,10,P06,no,1,-0.2063,0.791391,0.79594,134.0,85.0,2026-05-29 13:41:17.876288+00
513,9,P07,yes,1,-0.9802,0.980481,0.979942,460.0,320.0,2026-05-29 13:41:17.972871+00
514,10,P01,yes,1,0.7982,0.79594,0.800415,135.0,85.0,2026-05-29 13:41:18.005405+00
515,10,P01,yes,1,0.8026,0.800415,0.804815,136.0,85.0,2026-05-29 13:41:18.275652+00
516,10,P01,yes,1,0.807,0.804815,0.809142,137.0,85.0,2026-05-29 13:41:18.486231+00
517,9,P06,yes,17,16.7272,0.979942,0.987397,477.0,320.0,2026-05-29 13:41:18.630088+00
518,10,P02,no,20,4.7735,0.809142,0.708661,137.0,105.0,2026-05-29 13:41:18.649272+00
519,10,P01,yes,1,0.7115,0.708661,0.714362,138.0,105.0,2026-05-29 13:41:18.686702+00
520,10,P01,yes,1,0.7172,0.714362,0.719997,139.0,105.0,2026-05-29 13:41:19.201291+00
521,10,P01,yes,1,0.7228,0.719997,0.725562,140.0,105.0,2026-05-29 13:41:19.470323+00
522,10,P06,no,1,-0.2717,0.725562,0.731059,140.0,104.0,2026-05-29 13:41:21.405748+00
523,9,P08,yes,5,4.9411,0.987397,0.989013,482.0,320.0,2026-05-29 13:41:21.97866+00
524,10,P09,no,20,6.5575,0.731059,0.609318,140.0,124.0,2026-05-29 13:41:22.660294+00
529,9,P08,no,5,0.0513,0.990424,0.989013,487.0,325.0,2026-05-29 13:41:27.404502+00
531,9,P02,no,10,-0.0837,0.990424,0.99273,492.0,315.0,2026-05-29 13:41:31.88997+00
543,9,P09,no,1,0.0089,0.991183,0.990937,492.0,323.0,2026-05-29 13:41:43.740248+00
547,10,P02,no,20,-7.8269,0.54157,0.673096,159.0,133.0,2026-05-29 13:41:45.003542+00
550,10,P09,no,20,-4.5754,0.719997,0.817574,159.0,105.0,2026-05-29 13:41:50.826778+00
553,9,P09,no,1,0.0097,0.990424,0.990157,491.0,325.0,2026-05-29 13:41:53.918342+00
555,9,P09,no,1,0.01,0.990157,0.989883,491.0,326.0,2026-05-29 13:41:55.336184+00
561,10,P02,no,20,-5.4021,0.673096,0.782071,171.0,125.0,2026-05-29 13:42:02.151178+00
562,10,P04,no,1,-0.2156,0.782071,0.786768,171.0,124.0,2026-05-29 13:42:02.640586+00
563,12,P01,yes,10,-7.6224,0.786768,0.736485,161.0,124.0,2026-05-29 13:42:27.100702+00
568,12,P06,no,1,-0.5174,0.479179,0.486115,121.0,123.0,2026-05-29 13:42:28.690408+00
570,12,P06,no,1,-0.5792,0.41743,0.4242,111.0,122.0,2026-05-29 13:42:29.526109+00
578,12,P09,no,20,-6.3164,0.622459,0.74184,111.0,73.0,2026-05-29 13:42:38.415753+00
582,11,P02,no,20,0.2483,0.990684,0.983875,505.0,357.0,2026-05-29 13:42:52.233819+00
585,11,P07,yes,20,-19.5828,0.98431,0.972968,486.0,357.0,2026-05-29 13:42:56.110423+00
595,11,P06,no,20,2.9837,0.883683,0.813395,491.0,438.0,2026-05-29 13:43:08.062779+00
598,12,P01,yes,10,7.6723,0.74184,0.791391,141.0,93.0,2026-05-29 13:43:15.880545+00
1708,24,P08,yes,1,0.2451,0.242524,0.247664,454.0,494.0,2026-05-29 14:00:34.89517+00
1715,25,P06,no,1,0.7392,0.263515,0.25816,352.0,390.0,2026-05-29 14:00:38.108541+00
1722,26,P05,yes,1,0.2608,0.25816,0.263515,353.0,390.0,2026-05-29 14:01:07.493686+00
1734,26,P02,yes,20,6.4364,0.263515,0.38409,373.0,390.0,2026-05-29 14:01:09.942164+00
1740,27,P05,yes,5,0.4711,0.0884,0.10025,479.0,558.0,2026-05-29 14:01:12.179174+00
1750,26,P06,yes,1,0.2885,0.285638,0.291339,378.0,410.0,2026-05-29 14:01:15.126259+00
1753,27,P06,yes,20,4.5754,0.182426,0.280003,524.0,558.0,2026-05-29 14:01:16.320952+00
1758,27,P01,yes,1,0.4208,0.41743,0.4242,547.0,558.0,2026-05-29 14:01:17.306775+00
1760,26,P05,yes,1,0.3059,0.302941,0.308838,381.0,410.0,2026-05-29 14:01:17.600607+00
1766,26,P05,yes,1,0.3059,0.302941,0.308838,381.0,410.0,2026-05-29 14:01:20.095409+00
1767,26,P05,yes,1,0.3118,0.308838,0.314799,382.0,410.0,2026-05-29 14:01:20.982913+00
1772,27,P01,yes,1,0.7,0.697059,0.702893,592.0,561.0,2026-05-29 14:01:21.631371+00
1778,26,P03,no,5,3.4996,0.314799,0.285638,382.0,415.0,2026-05-29 14:01:23.048005+00
1783,27,P01,yes,1,0.6941,0.691162,0.697059,595.0,565.0,2026-05-29 14:01:23.457324+00
1788,27,P02,yes,12,-7.7746,0.685201,0.609318,584.0,568.0,2026-05-29 14:01:24.810643+00
1790,27,P08,no,1,0.4006,0.602685,0.596015,584.0,570.0,2026-05-29 14:01:25.08715+00
1798,27,P02,yes,7,-4.0064,0.596015,0.548459,579.0,572.0,2026-05-29 14:01:28.767249+00
1804,26,P08,yes,1,-0.3678,0.371035,0.364576,400.0,420.0,2026-05-29 14:01:32.658416+00
1805,27,P08,no,1,0.4412,0.562177,0.555328,582.0,574.0,2026-05-29 14:01:33.136138+00
1807,27,P01,yes,1,0.5656,0.562177,0.569001,584.0,574.0,2026-05-29 14:01:34.605376+00
1814,27,P02,no,12,4.1498,0.691162,0.61591,606.0,589.0,2026-05-29 14:01:38.463166+00
1820,26,P03,yes,1,-0.2451,0.247664,0.242524,379.0,420.0,2026-05-29 14:01:42.770824+00
1821,26,P02,yes,20,5.9638,0.242524,0.358166,399.0,420.0,2026-05-29 14:01:43.794312+00
1822,26,P01,no,10,-6.0915,0.358166,0.4242,399.0,410.0,2026-05-29 14:01:45.892456+00
1827,26,P05,yes,20,-11.9085,0.660756,0.527749,379.0,375.0,2026-05-29 14:01:46.759886+00
1831,26,P01,no,10,-3.091,0.660756,0.719997,379.0,345.0,2026-05-29 14:01:47.260436+00
1832,26,P01,no,10,-2.5318,0.719997,0.772454,379.0,335.0,2026-05-29 14:01:47.37695+00
1836,26,P01,no,10,-2.0437,0.772454,0.817574,359.0,305.0,2026-05-29 14:01:47.884269+00
1838,26,P01,no,10,-2.5318,0.719997,0.772454,339.0,295.0,2026-05-29 14:01:48.075971+00
1843,26,P05,yes,20,-11.9085,0.660756,0.527749,279.0,275.0,2026-05-29 14:01:48.543343+00
1848,26,P01,no,10,-2.5846,0.714362,0.767535,278.0,235.0,2026-05-29 14:01:49.143949+00
1854,26,P02,yes,20,-14.5979,0.782071,0.673096,253.0,227.0,2026-05-29 14:01:50.669615+00
1859,26,P02,yes,20,-4.4786,0.274438,0.178319,172.0,227.0,2026-05-29 14:01:51.618173+00
1865,26,P08,yes,1,0.0873,0.086187,0.0884,153.0,237.0,2026-05-29 14:01:54.973369+00
1869,27,P08,no,5,3.1608,0.38409,0.351806,614.0,636.0,2026-05-29 14:01:55.670631+00
1876,26,P08,yes,1,0.3808,0.377541,0.38409,160.0,177.0,2026-05-29 14:01:56.311195+00
2658,35,P01,yes,1,0.5588,0.555328,0.562177,468.0,459.0,2026-05-29 14:10:47.600375+00
2664,34,P05,yes,1,0.5927,0.589309,0.596015,242.0,228.0,2026-05-29 14:10:51.858585+00
2670,34,P05,yes,1,0.7749,0.772454,0.7773,243.0,198.0,2026-05-29 14:10:54.589393+00
2675,34,P01,no,10,-0.98,0.889273,0.913813,243.0,158.0,2026-05-29 14:10:55.19123+00
2678,35,P02,no,20,16.2435,0.232465,0.148047,491.0,554.0,2026-05-29 14:10:55.420869+00
2684,34,P01,no,10,-0.5869,0.933323,0.948664,223.0,118.0,2026-05-29 14:10:55.91436+00
2686,34,P01,no,10,-0.3454,0.960625,0.969887,223.0,98.0,2026-05-29 14:10:56.250503+00
2691,34,P02,yes,20,-19.5349,0.982498,0.969887,203.0,78.0,2026-05-29 14:10:56.627791+00
2695,34,P08,yes,1,-0.9601,0.960625,0.95956,182.0,68.0,2026-05-29 14:10:57.556814+00
2703,34,P07,yes,20,-16.873,0.87785,0.804815,139.0,88.0,2026-05-29 14:10:59.164732+00
2705,35,P08,yes,20,3.8416,0.151585,0.237458,572.0,614.0,2026-05-29 14:10:59.208147+00
2923,36,P09,yes,10,-8.4084,0.858824,0.821681,236.0,181.0,2026-05-29 14:13:18.795261+00
2999,39,P05,no,1,0.2608,0.74184,0.736485,249.0,212.0,2026-05-29 14:13:57.977839+00
3015,38,P08,yes,20,12.4345,0.555328,0.685201,709.0,681.0,2026-05-29 14:14:08.939247+00
3026,39,P02,no,20,4.7735,0.809142,0.708661,249.0,217.0,2026-05-29 14:14:16.505271+00
3027,38,P01,yes,1,0.7115,0.708661,0.714362,714.0,681.0,2026-05-29 14:14:16.953396+00
3032,39,P05,no,1,0.2942,0.708661,0.702893,249.0,218.0,2026-05-29 14:14:19.942105+00
3036,39,P05,no,1,0.3118,0.691162,0.685201,249.0,221.0,2026-05-29 14:14:20.391299+00
3037,39,P05,no,1,0.3178,0.685201,0.679179,249.0,222.0,2026-05-29 14:14:20.542234+00
3039,39,P05,no,1,0.3239,0.679179,0.673096,249.0,223.0,2026-05-29 14:14:20.693417+00
3041,39,P05,no,1,0.3361,0.666955,0.660756,249.0,225.0,2026-05-29 14:14:21.648443+00
3042,38,P01,yes,1,0.9359,0.935031,0.936698,778.0,681.0,2026-05-29 14:14:21.784411+00
3044,39,P05,no,1,0.3486,0.654502,0.648194,249.0,227.0,2026-05-29 14:14:22.006923+00
3045,39,P05,no,1,0.355,0.648194,0.641834,249.0,228.0,2026-05-29 14:14:22.173824+00
3049,39,P05,no,1,0.3743,0.628965,0.622459,249.0,231.0,2026-05-29 14:14:22.776128+00
3050,38,P01,yes,1,0.9391,0.938325,0.939913,780.0,681.0,2026-05-29 14:14:22.909771+00
3053,39,P05,no,1,0.394,0.609318,0.602685,249.0,234.0,2026-05-29 14:14:23.32656+00
3055,39,P08,yes,1,0.67,0.666955,0.673096,260.0,234.0,2026-05-29 14:14:24.510866+00
3056,38,P08,no,20,1.5722,0.939913,0.89975,780.0,701.0,2026-05-29 14:14:24.801091+00
3063,38,P07,yes,1,0.7844,0.782071,0.786768,789.0,742.0,2026-05-29 14:14:35.461872+00
3064,38,P07,yes,1,0.7891,0.786768,0.791391,790.0,742.0,2026-05-29 14:14:36.626884+00
3065,39,P05,no,20,-4.3832,0.731059,0.825715,260.0,204.0,2026-05-29 14:14:37.34493+00
3066,38,P01,yes,1,0.7937,0.791391,0.79594,791.0,742.0,2026-05-29 14:14:38.90475+00
3070,38,P01,yes,1,0.8113,0.809142,0.813395,795.0,742.0,2026-05-29 14:14:41.235514+00
3071,38,P01,yes,1,0.8155,0.813395,0.817574,796.0,742.0,2026-05-29 14:14:41.428006+00
525,9,P08,yes,5,4.9487,0.989013,0.990424,487.0,320.0,2026-05-29 13:41:22.91263+00
532,9,P08,no,5,0.039,0.99273,0.991656,492.0,320.0,2026-05-29 13:41:35.404955+00
534,10,P01,yes,10,8.1309,0.791391,0.833566,180.0,122.0,2026-05-29 13:41:39.678009+00
536,10,P01,yes,10,8.8343,0.868629,0.897216,200.0,122.0,2026-05-29 13:41:40.346103+00
537,9,P09,no,1,0.0085,0.991656,0.991423,492.0,321.0,2026-05-29 13:41:41.66116+00
541,10,P09,no,20,4.2893,0.829676,0.736485,179.0,142.0,2026-05-29 13:41:43.076294+00
545,10,P06,no,1,-0.5174,0.479179,0.486115,159.0,161.0,2026-05-29 13:41:44.701298+00
546,10,P03,no,8,-3.889,0.486115,0.54157,159.0,153.0,2026-05-29 13:41:44.796435+00
549,9,P09,no,1,0.0092,0.990937,0.990684,492.0,324.0,2026-05-29 13:41:46.475189+00
554,10,P02,no,20,2.9141,0.886508,0.817574,179.0,125.0,2026-05-29 13:41:54.586301+00
559,10,P08,yes,8,-6.4017,0.817574,0.782071,171.0,125.0,2026-05-29 13:41:59.797591+00
565,12,P01,yes,10,-6.4798,0.679179,0.61591,141.0,124.0,2026-05-29 13:42:27.61454+00
566,12,P01,yes,10,-5.8244,0.61591,0.548459,131.0,124.0,2026-05-29 13:42:27.812071+00
574,12,P05,no,20,-9.3111,0.465333,0.602685,111.0,96.0,2026-05-29 13:42:32.947503+00
580,12,P09,no,20,6.3164,0.74184,0.622459,111.0,93.0,2026-05-29 13:42:49.630435+00
581,11,P05,yes,1,0.9906,0.990424,0.990684,505.0,337.0,2026-05-29 13:42:51.153549+00
596,11,P07,yes,6,4.9536,0.813395,0.837384,497.0,438.0,2026-05-29 13:43:11.232869+00
1879,27,P08,no,5,3.4703,0.320821,0.291339,614.0,646.0,2026-05-29 14:01:59.102055+00
1880,26,P02,yes,20,-9.037,0.520821,0.38409,140.0,157.0,2026-05-29 14:02:01.421666+00
1885,26,P08,yes,1,-0.33,0.333045,0.326904,136.0,162.0,2026-05-29 14:02:02.157948+00
1890,26,P05,yes,20,7.8269,0.326904,0.45843,156.0,162.0,2026-05-29 14:02:08.142457+00
1903,26,P04,no,6,3.0416,0.513885,0.472251,183.0,187.0,2026-05-29 14:02:17.539097+00
1906,26,P06,no,1,-0.5174,0.479179,0.486115,183.0,185.0,2026-05-29 14:02:21.109415+00
1912,26,P04,no,6,4.2856,0.302941,0.268941,161.0,197.0,2026-05-29 14:02:24.487202+00
1918,29,P05,yes,20,-4.4786,0.274438,0.178319,141.0,196.0,2026-05-29 14:02:47.103265+00
1921,29,P02,yes,20,4.6737,0.186605,0.285638,163.0,196.0,2026-05-29 14:02:49.161995+00
1930,28,P08,no,6,3.8121,0.38409,0.345498,634.0,657.0,2026-05-29 14:02:58.362512+00
1939,29,P01,yes,10,7.9108,0.767535,0.813395,246.0,193.0,2026-05-29 14:03:02.780088+00
1944,29,P06,yes,10,-7.9108,0.813395,0.767535,256.0,213.0,2026-05-29 14:03:03.241074+00
1946,29,P01,yes,10,8.1309,0.791391,0.833566,271.0,213.0,2026-05-29 14:03:03.378186+00
1951,29,P08,yes,1,-0.645,0.648194,0.641834,274.0,253.0,2026-05-29 14:03:04.472427+00
1955,29,P08,yes,1,-0.6322,0.635424,0.628965,272.0,253.0,2026-05-29 14:03:04.802445+00
1956,28,P08,no,6,4.7477,0.2227,0.195185,636.0,687.0,2026-05-29 14:03:04.948657+00
1958,29,P08,yes,1,-0.6192,0.622459,0.61591,270.0,253.0,2026-05-29 14:03:05.114067+00
1969,28,P08,yes,1,0.2109,0.208609,0.213232,640.0,687.0,2026-05-29 14:03:07.767555+00
1972,28,P01,yes,1,0.2251,0.2227,0.227546,643.0,687.0,2026-05-29 14:03:08.634422+00
1978,29,P01,no,10,6.4162,0.390682,0.326904,269.0,295.0,2026-05-29 14:03:11.261989+00
1996,29,P06,no,1,0.645,0.358166,0.351806,286.0,308.0,2026-05-29 14:03:25.43171+00
1998,29,P04,yes,1,-0.3424,0.345498,0.339244,285.0,309.0,2026-05-29 14:03:29.587986+00
2004,29,P05,yes,1,-0.4688,0.472251,0.465333,304.0,309.0,2026-05-29 14:03:37.511746+00
2012,29,P05,yes,1,-0.4276,0.430999,0.4242,299.0,310.0,2026-05-29 14:03:38.459994+00
2018,28,P08,yes,6,1.1982,0.186605,0.213232,673.0,720.0,2026-05-29 14:03:40.69286+00
2024,29,P05,yes,20,9.3111,0.397315,0.534667,295.0,290.0,2026-05-29 14:03:43.608488+00
2026,28,P01,yes,1,0.3059,0.302941,0.308838,691.0,720.0,2026-05-29 14:03:44.720644+00
2027,29,P05,yes,1,-0.4688,0.472251,0.465333,285.0,290.0,2026-05-29 14:03:45.682819+00
2029,29,P04,no,1,0.545,0.45843,0.451541,284.0,291.0,2026-05-29 14:03:45.969702+00
2036,29,P07,yes,20,-7.3076,0.430999,0.302941,241.0,271.0,2026-05-29 14:04:00.825962+00
2047,29,P08,no,1,-0.4344,0.562177,0.569001,237.0,227.0,2026-05-29 14:04:09.27903+00
2052,31,P01,yes,10,-3.9085,0.4242,0.358166,207.0,228.0,2026-05-29 14:04:33.773139+00
2057,31,P01,yes,10,-2.1824,0.242524,0.195185,177.0,228.0,2026-05-29 14:04:34.290296+00
2064,30,P08,yes,1,0.1723,0.170324,0.174285,694.0,750.0,2026-05-29 14:04:35.372056+00
2066,30,P08,yes,1,0.1804,0.178319,0.182426,696.0,750.0,2026-05-29 14:04:36.920635+00
2067,31,P09,no,20,-18.8472,0.0438,0.073934,117.0,208.0,2026-05-29 14:04:37.345117+00
2073,31,P02,yes,20,7.18,0.297107,0.4242,157.0,168.0,2026-05-29 14:04:39.268365+00
2077,30,P01,no,1,0.7844,0.217929,0.213232,699.0,746.0,2026-05-29 14:04:40.19388+00
2078,30,P08,yes,1,0.2156,0.213232,0.217929,700.0,746.0,2026-05-29 14:04:40.394413+00
2085,31,P05,yes,1,-0.5243,0.527749,0.520821,154.0,151.0,2026-05-29 14:04:42.910039+00
2087,31,P01,no,1,0.4896,0.513885,0.506944,153.0,152.0,2026-05-29 14:04:43.106859+00
2096,31,P01,no,1,0.5519,0.451541,0.444672,149.0,157.0,2026-05-29 14:04:43.945012+00
2101,31,P05,yes,1,-0.4208,0.4242,0.41743,147.0,159.0,2026-05-29 14:04:44.275478+00
2105,30,P01,no,1,0.8605,0.141176,0.137842,681.0,747.0,2026-05-29 14:04:45.514054+00
2108,31,P01,no,10,7.5203,0.274438,0.2227,147.0,192.0,2026-05-29 14:04:47.623131+00
2110,31,P01,no,10,8.4084,0.178319,0.141176,147.0,212.0,2026-05-29 14:04:47.98523+00
2112,31,P01,no,10,9.02,0.110727,0.086187,147.0,232.0,2026-05-29 14:04:48.27722+00
2114,31,P01,no,10,9.4131,0.066677,0.051336,147.0,252.0,2026-05-29 14:04:48.627869+00
2116,31,P01,no,10,9.4852,0.058537,0.044978,152.0,262.0,2026-05-29 14:04:48.846319+00
2120,31,P05,yes,20,3.5906,0.141176,0.2227,217.0,262.0,2026-05-29 14:04:49.611453+00
2121,31,P05,yes,20,5.5117,0.2227,0.333045,237.0,262.0,2026-05-29 14:04:49.867667+00
2128,30,P09,yes,3,-0.2365,0.081911,0.075858,658.0,748.0,2026-05-29 14:04:53.337165+00
2131,31,P01,no,10,6.1573,0.41743,0.351806,257.0,279.0,2026-05-29 14:04:54.11567+00
2133,31,P01,no,10,7.3619,0.291339,0.237458,257.0,299.0,2026-05-29 14:04:54.468776+00
2136,31,P01,no,10,8.2938,0.190858,0.151585,257.0,319.0,2026-05-29 14:04:54.819601+00
2143,31,P02,yes,20,1.8773,0.072054,0.119203,267.0,339.0,2026-05-29 14:04:55.879323+00
2150,31,P01,no,1,-0.5792,0.41743,0.4242,327.0,338.0,2026-05-29 14:04:59.635005+00
2162,31,P01,no,1,-0.6882,0.308838,0.314799,300.0,328.0,2026-05-29 14:05:01.249501+00
2166,31,P01,no,1,-0.67,0.326904,0.333045,300.0,325.0,2026-05-29 14:05:01.742498+00
2183,31,P01,no,1,-0.7,0.297107,0.302941,280.0,310.0,2026-05-29 14:05:04.251125+00
2185,31,P01,no,1,-0.6882,0.308838,0.314799,280.0,308.0,2026-05-29 14:05:04.619754+00
2668,35,P08,no,15,7.0335,0.58257,0.479179,491.0,494.0,2026-05-29 14:10:54.510817+00
2673,35,P02,no,20,11.7751,0.479179,0.345498,491.0,514.0,2026-05-29 14:10:54.958731+00
2683,34,P02,yes,20,-18.962,0.960625,0.933323,223.0,128.0,2026-05-29 14:10:55.863721+00
2685,34,P01,no,10,-0.451,0.948664,0.960625,223.0,108.0,2026-05-29 14:10:56.074663+00
2690,35,P02,no,20,18.5812,0.090664,0.05411,511.0,614.0,2026-05-29 14:10:56.589741+00
2694,34,P02,yes,20,-19.3907,0.977023,0.960625,183.0,68.0,2026-05-29 14:10:57.462619+00
2698,34,P08,yes,1,-0.9579,0.958469,0.957349,180.0,68.0,2026-05-29 14:10:57.957365+00
2702,34,P09,no,20,1.9249,0.926066,0.87785,159.0,88.0,2026-05-29 14:10:58.941998+00
2706,34,P09,no,20,7.18,0.702893,0.5758,119.0,108.0,2026-05-29 14:10:59.758856+00
2712,35,P04,yes,16,6.4698,0.351806,0.45843,608.0,614.0,2026-05-29 14:11:01.223889+00
2718,34,P09,yes,20,12.3042,0.548459,0.679179,135.0,108.0,2026-05-29 14:11:04.147849+00
526,10,P07,yes,20,13.4425,0.609318,0.731059,160.0,124.0,2026-05-29 13:41:23.668209+00
530,9,P07,yes,5,4.9487,0.989013,0.990424,492.0,325.0,2026-05-29 13:41:29.61114+00
535,10,P01,yes,10,8.5167,0.833566,0.868629,190.0,122.0,2026-05-29 13:41:40.005381+00
542,10,P09,no,20,6.4364,0.736485,0.61591,179.0,162.0,2026-05-29 13:41:43.626899+00
548,10,P03,no,8,-2.4249,0.673096,0.719997,159.0,125.0,2026-05-29 13:41:45.661057+00
551,10,P07,yes,20,17.0859,0.817574,0.886508,179.0,105.0,2026-05-29 13:41:51.668964+00
552,9,P07,yes,1,-0.9906,0.990684,0.990424,491.0,324.0,2026-05-29 13:41:53.830917+00
556,9,P02,yes,13,12.8894,0.989883,0.992928,504.0,326.0,2026-05-29 13:41:55.353266+00
564,12,P01,yes,10,-7.0838,0.736485,0.679179,151.0,124.0,2026-05-29 13:42:27.293397+00
567,12,P01,yes,10,-5.1386,0.548459,0.479179,121.0,124.0,2026-05-29 13:42:28.146646+00
569,12,P01,yes,10,-4.5162,0.486115,0.41743,111.0,123.0,2026-05-29 13:42:28.827753+00
572,12,P04,no,4,-2.2213,0.430999,0.45843,111.0,117.0,2026-05-29 13:42:30.767911+00
575,12,P08,no,3,-1.1622,0.602685,0.622459,111.0,93.0,2026-05-29 13:42:33.920284+00
579,11,P08,no,5,0.0447,0.991656,0.990424,504.0,337.0,2026-05-29 13:42:48.839778+00
584,11,P08,yes,1,0.9841,0.983875,0.98431,506.0,357.0,2026-05-29 13:42:55.183432+00
586,11,P08,yes,1,0.9733,0.972968,0.973689,487.0,357.0,2026-05-29 13:42:56.268856+00
588,11,P01,yes,1,0.9747,0.974392,0.975076,489.0,357.0,2026-05-29 13:42:56.976194+00
591,11,P01,yes,1,0.959,0.958469,0.95956,491.0,377.0,2026-05-29 13:43:00.164476+00
592,11,P02,no,20,1.0656,0.95956,0.931573,491.0,397.0,2026-05-29 13:43:00.49154+00
597,11,P08,no,1,0.1645,0.837384,0.833566,497.0,439.0,2026-05-29 13:43:13.09186+00
1881,26,P08,yes,1,-0.3808,0.38409,0.377541,139.0,157.0,2026-05-29 14:02:01.619446+00
1886,27,P08,yes,5,1.5297,0.291339,0.320821,619.0,646.0,2026-05-29 14:02:04.044256+00
1891,26,P01,yes,10,4.9307,0.45843,0.527749,166.0,162.0,2026-05-29 14:02:08.617704+00
1902,26,P08,yes,1,-0.5174,0.520821,0.513885,183.0,181.0,2026-05-29 14:02:17.478474+00
1907,26,P08,yes,1,-0.4826,0.486115,0.479179,182.0,185.0,2026-05-29 14:02:21.644913+00
1917,29,P04,no,1,-0.7283,0.268941,0.274438,161.0,196.0,2026-05-29 14:02:46.676885+00
1940,29,P01,yes,10,8.3327,0.813395,0.851953,256.0,193.0,2026-05-29 14:03:02.960314+00
1945,29,P03,yes,5,3.8981,0.767535,0.791391,261.0,213.0,2026-05-29 14:03:03.280523+00
1947,29,P03,yes,5,4.2145,0.833566,0.851953,276.0,213.0,2026-05-29 14:03:03.410798+00
1952,28,P08,no,6,4.3857,0.285638,0.252876,636.0,675.0,2026-05-29 14:03:04.545257+00
1962,29,P08,yes,1,-0.4619,0.465333,0.45843,248.0,254.0,2026-05-29 14:03:05.560419+00
1967,28,P08,yes,1,0.2018,0.199585,0.20406,638.0,687.0,2026-05-29 14:03:07.429521+00
1970,28,P08,yes,1,0.2156,0.213232,0.217929,641.0,687.0,2026-05-29 14:03:07.976703+00
1976,29,P02,yes,20,6.4364,0.263515,0.38409,268.0,285.0,2026-05-29 14:03:10.490892+00
1981,29,P05,yes,20,9.1739,0.390682,0.527749,309.0,305.0,2026-05-29 14:03:13.950344+00
1986,29,P08,yes,1,-0.6386,0.641834,0.635424,307.0,287.0,2026-05-29 14:03:15.972653+00
1992,29,P09,no,20,-14.0362,0.242524,0.358166,286.0,307.0,2026-05-29 14:03:19.340426+00
1994,28,P05,no,6,4.6045,0.247664,0.217929,647.0,693.0,2026-05-29 14:03:23.249613+00
1995,28,P09,no,1,0.7844,0.217929,0.213232,647.0,694.0,2026-05-29 14:03:24.423173+00
1999,29,P02,yes,20,-5.6228,0.339244,0.227546,265.0,309.0,2026-05-29 14:03:30.374422+00
2001,28,P02,no,20,16.5696,0.213232,0.134574,647.0,714.0,2026-05-29 14:03:32.18327+00
2007,29,P05,yes,1,-0.455,0.45843,0.451541,303.0,310.0,2026-05-29 14:03:37.673525+00
2008,29,P05,yes,1,-0.4481,0.451541,0.444672,302.0,310.0,2026-05-29 14:03:37.981617+00
2010,29,P05,yes,1,-0.4412,0.444672,0.437823,301.0,310.0,2026-05-29 14:03:38.126407+00
2015,29,P05,yes,1,-0.4073,0.410691,0.403985,296.0,310.0,2026-05-29 14:03:38.925031+00
2021,28,P08,yes,6,1.6806,0.263515,0.297107,689.0,720.0,2026-05-29 14:03:42.21231+00
2022,29,P09,no,20,-13.3201,0.274438,0.397315,275.0,290.0,2026-05-29 14:03:43.306025+00
2032,29,P08,yes,1,-0.4344,0.437823,0.430999,281.0,291.0,2026-05-29 14:03:46.592738+00
2038,29,P04,no,2,-1.3823,0.302941,0.314799,241.0,269.0,2026-05-29 14:04:02.187806+00
2042,29,P09,no,20,-12.3042,0.320821,0.451541,241.0,248.0,2026-05-29 14:04:05.861501+00
2043,29,P03,yes,4,-1.7514,0.451541,0.4242,237.0,248.0,2026-05-29 14:04:07.662869+00
2044,29,P05,yes,20,-7.18,0.4242,0.297107,217.0,248.0,2026-05-29 14:04:08.100581+00
2046,29,P09,no,20,-10.138,0.4242,0.562177,237.0,228.0,2026-05-29 14:04:09.135093+00
2048,29,P04,no,1,0.4344,0.569001,0.562177,237.0,228.0,2026-05-29 14:04:10.125253+00
2055,30,P08,yes,1,0.1684,0.166434,0.170324,693.0,750.0,2026-05-29 14:04:34.108135+00
2063,31,P01,yes,10,-0.5014,0.057025,0.0438,117.0,228.0,2026-05-29 14:04:35.217897+00
2070,31,P07,no,20,-16.873,0.12215,0.195185,117.0,168.0,2026-05-29 14:04:38.331139+00
2072,31,P02,yes,20,4.8747,0.195185,0.297107,137.0,168.0,2026-05-29 14:04:38.545735+00
2075,30,P08,yes,1,0.2109,0.208609,0.213232,698.0,745.0,2026-05-29 14:04:39.861441+00
2076,30,P08,yes,1,0.2156,0.213232,0.217929,699.0,745.0,2026-05-29 14:04:40.176082+00
2081,31,P04,no,1,0.455,0.548459,0.54157,157.0,151.0,2026-05-29 14:04:40.882309+00
2089,31,P05,yes,1,-0.4965,0.5,0.493056,152.0,153.0,2026-05-29 14:04:43.425231+00
2091,31,P05,yes,1,-0.4826,0.486115,0.479179,151.0,154.0,2026-05-29 14:04:43.593677+00
2093,31,P05,yes,1,-0.4688,0.472251,0.465333,150.0,155.0,2026-05-29 14:04:43.758916+00
2098,31,P01,no,1,0.5588,0.444672,0.437823,149.0,158.0,2026-05-29 14:04:44.085036+00
2103,31,P01,no,1,0.5927,0.410691,0.403985,147.0,161.0,2026-05-29 14:04:44.534276+00
2109,31,P01,no,10,8.0011,0.2227,0.178319,147.0,202.0,2026-05-29 14:04:47.883095+00
2118,31,P05,yes,20,1.3474,0.051336,0.086187,177.0,262.0,2026-05-29 14:04:49.025699+00
2125,31,P08,no,1,-0.5312,0.465333,0.472251,257.0,261.0,2026-05-29 14:04:51.136909+00
2137,31,P01,no,10,8.6515,0.151585,0.119203,257.0,329.0,2026-05-29 14:04:54.991627+00
2139,31,P01,no,10,9.1789,0.09298,0.072054,257.0,349.0,2026-05-29 14:04:55.322318+00
2140,31,P07,no,20,-18.1227,0.072054,0.119203,257.0,329.0,2026-05-29 14:04:55.463691+00
2144,31,P02,yes,20,3.0547,0.119203,0.190858,287.0,339.0,2026-05-29 14:04:56.807586+00
2145,30,P01,no,1,0.9251,0.075858,0.073934,658.0,749.0,2026-05-29 14:04:57.558249+00
2146,31,P02,yes,20,4.7735,0.190858,0.291339,307.0,339.0,2026-05-29 14:04:58.269427+00
2148,30,P01,no,1,0.927,0.073934,0.072054,658.0,750.0,2026-05-29 14:04:58.766792+00
2153,31,P01,no,1,-0.5588,0.437823,0.444672,327.0,335.0,2026-05-29 14:05:00.12876+00
2155,31,P05,yes,20,-7.6958,0.451541,0.320821,307.0,334.0,2026-05-29 14:05:00.309669+00
2157,31,P01,no,1,-0.67,0.326904,0.333045,307.0,332.0,2026-05-29 14:05:00.604405+00
2159,31,P01,no,1,-0.6576,0.339244,0.345498,307.0,330.0,2026-05-29 14:05:00.933874+00
2163,31,P01,no,1,-0.6822,0.314799,0.320821,300.0,327.0,2026-05-29 14:05:01.410175+00
2165,30,P01,no,1,0.9289,0.072054,0.070219,658.0,751.0,2026-05-29 14:05:01.620321+00
2176,31,P01,no,1,-0.6126,0.38409,0.390682,300.0,316.0,2026-05-29 14:05:03.250819+00
2178,31,P01,no,1,-0.5994,0.397315,0.403985,300.0,314.0,2026-05-29 14:05:03.570097+00
2696,34,P08,yes,1,-0.959,0.95956,0.958469,181.0,68.0,2026-05-29 14:10:57.747442+00
2701,35,P08,yes,20,2.4046,0.09298,0.151585,552.0,614.0,2026-05-29 14:10:58.456804+00
2711,34,P05,yes,1,-0.5519,0.555328,0.548459,115.0,108.0,2026-05-29 14:11:00.573777+00
2724,34,P01,no,1,0.3239,0.679179,0.673096,135.0,109.0,2026-05-29 14:11:08.075289+00
527,10,P03,no,1,-0.2662,0.731059,0.736485,160.0,123.0,2026-05-29 13:41:24.030053+00
528,10,P06,no,1,-0.2608,0.736485,0.74184,160.0,122.0,2026-05-29 13:41:25.802433+00
533,10,P01,yes,10,7.6723,0.74184,0.791391,170.0,122.0,2026-05-29 13:41:39.063549+00
538,10,P07,yes,20,-17.351,0.897216,0.833566,180.0,122.0,2026-05-29 13:41:41.807268+00
539,10,P08,yes,1,-0.8316,0.833566,0.829676,179.0,122.0,2026-05-29 13:41:41.961738+00
540,9,P09,no,1,0.0087,0.991423,0.991183,492.0,322.0,2026-05-29 13:41:43.049658+00
544,10,P05,yes,20,-10.963,0.61591,0.479179,159.0,162.0,2026-05-29 13:41:44.397242+00
557,9,P09,no,1,0.0072,0.992928,0.99273,504.0,327.0,2026-05-29 13:41:56.681139+00
558,9,P08,no,5,0.039,0.99273,0.991656,504.0,332.0,2026-05-29 13:41:58.19787+00
560,10,P09,no,20,5.4021,0.782071,0.673096,171.0,145.0,2026-05-29 13:42:01.270967+00
571,12,P06,no,1,-0.5724,0.4242,0.430999,111.0,121.0,2026-05-29 13:42:30.243685+00
573,12,P06,no,1,-0.5381,0.45843,0.465333,111.0,116.0,2026-05-29 13:42:31.33633+00
576,12,P09,no,20,-6.3164,0.622459,0.74184,111.0,73.0,2026-05-29 13:42:34.193906+00
577,12,P02,no,20,6.3164,0.74184,0.622459,111.0,93.0,2026-05-29 13:42:37.166632+00
583,12,P09,yes,20,13.6836,0.622459,0.74184,131.0,93.0,2026-05-29 13:42:53.604596+00
587,11,P08,yes,1,0.974,0.973689,0.974392,488.0,357.0,2026-05-29 13:42:56.627134+00
589,11,P08,yes,1,0.9754,0.975076,0.975742,490.0,357.0,2026-05-29 13:42:57.312493+00
590,11,P06,no,20,0.643,0.975742,0.958469,490.0,377.0,2026-05-29 13:42:59.12187+00
593,11,P08,no,1,0.0693,0.931573,0.929781,491.0,398.0,2026-05-29 13:43:01.765234+00
594,11,P02,no,20,1.8306,0.929781,0.883683,491.0,418.0,2026-05-29 13:43:04.759689+00
599,12,P01,yes,10,8.1309,0.791391,0.833566,151.0,93.0,2026-05-29 13:43:16.880662+00
600,12,P01,yes,10,8.5167,0.833566,0.868629,161.0,93.0,2026-05-29 13:43:18.49489+00
601,12,P08,yes,4,-3.4485,0.868629,0.855422,157.0,93.0,2026-05-29 13:43:18.513724+00
602,12,P04,no,1,0.1463,0.855422,0.851953,157.0,94.0,2026-05-29 13:43:19.086061+00
603,12,P04,no,1,0.1498,0.851953,0.848415,157.0,95.0,2026-05-29 13:43:19.716076+00
604,12,P04,no,1,0.1534,0.848415,0.844808,157.0,96.0,2026-05-29 13:43:19.8932+00
605,11,P05,no,5,-0.7855,0.833566,0.851953,497.0,434.0,2026-05-29 13:43:20.514369+00
606,12,P04,no,1,0.157,0.844808,0.841131,157.0,97.0,2026-05-29 13:43:20.632254+00
607,12,P07,yes,20,-15.9837,0.841131,0.752336,137.0,97.0,2026-05-29 13:43:20.879461+00
608,12,P07,yes,20,-13.9199,0.752336,0.635424,117.0,97.0,2026-05-29 13:43:21.049561+00
609,12,P01,yes,10,6.6672,0.635424,0.697059,127.0,97.0,2026-05-29 13:43:21.108591+00
610,12,P07,yes,20,-12.6924,0.697059,0.569001,107.0,97.0,2026-05-29 13:43:21.272784+00
611,12,P07,yes,20,-10.0,0.569001,0.430999,87.0,97.0,2026-05-29 13:43:21.449602+00
612,12,P03,no,5,-2.7594,0.430999,0.465333,87.0,92.0,2026-05-29 13:43:22.16074+00
613,12,P03,no,5,-2.5867,0.465333,0.5,87.0,87.0,2026-05-29 13:43:22.525236+00
614,12,P01,yes,10,5.3461,0.5,0.569001,97.0,87.0,2026-05-29 13:43:23.892617+00
615,12,P01,yes,10,6.0253,0.569001,0.635424,107.0,87.0,2026-05-29 13:43:24.047332+00
616,12,P01,yes,10,6.6672,0.635424,0.697059,117.0,87.0,2026-05-29 13:43:24.2284+00
617,12,P01,yes,10,7.2527,0.697059,0.752336,127.0,87.0,2026-05-29 13:43:24.449828+00
618,12,P01,yes,10,7.7699,0.752336,0.800415,137.0,87.0,2026-05-29 13:43:24.638311+00
619,12,P01,yes,10,8.2138,0.800415,0.841131,147.0,87.0,2026-05-29 13:43:24.788055+00
620,12,P09,yes,20,-15.9837,0.841131,0.752336,127.0,87.0,2026-05-29 13:43:25.559904+00
621,12,P05,yes,20,-13.9199,0.752336,0.635424,107.0,87.0,2026-05-29 13:43:26.010476+00
622,11,P02,yes,10,-8.3327,0.851953,0.813395,487.0,434.0,2026-05-29 13:43:28.280356+00
623,12,P08,yes,1,0.6386,0.635424,0.641834,108.0,87.0,2026-05-29 13:43:30.48499+00
624,12,P07,yes,20,14.0362,0.641834,0.757476,128.0,87.0,2026-05-29 13:43:30.609039+00
625,12,P02,no,20,-3.9282,0.757476,0.844808,128.0,67.0,2026-05-29 13:43:30.805664+00
626,12,P04,yes,1,-0.843,0.844808,0.841131,127.0,67.0,2026-05-29 13:43:32.507462+00
627,12,P01,yes,1,-0.8393,0.841131,0.837384,126.0,67.0,2026-05-29 13:43:32.74372+00
628,12,P04,yes,1,-0.8355,0.837384,0.833566,125.0,67.0,2026-05-29 13:43:33.491087+00
629,12,P08,yes,1,-0.8316,0.833566,0.829676,124.0,67.0,2026-05-29 13:43:35.233763+00
630,12,P05,no,1,0.1723,0.829676,0.825715,124.0,68.0,2026-05-29 13:43:36.820318+00
631,12,P01,yes,10,-8.0451,0.825715,0.782071,114.0,68.0,2026-05-29 13:43:37.471188+00
632,12,P01,yes,10,-7.5717,0.782071,0.731059,104.0,68.0,2026-05-29 13:43:37.620528+00
633,12,P01,yes,10,-7.0262,0.731059,0.673096,94.0,68.0,2026-05-29 13:43:37.787966+00
634,12,P01,yes,10,-6.4162,0.673096,0.609318,84.0,68.0,2026-05-29 13:43:37.964244+00
635,12,P01,yes,10,-5.7568,0.609318,0.54157,74.0,68.0,2026-05-29 13:43:38.179379+00
636,11,P05,no,3,-0.5412,0.813395,0.825715,487.0,431.0,2026-05-29 13:43:38.321344+00
637,12,P06,no,1,-0.455,0.54157,0.548459,74.0,67.0,2026-05-29 13:43:39.250294+00
638,12,P09,no,20,-7.6958,0.548459,0.679179,74.0,47.0,2026-05-29 13:43:41.476885+00
639,12,P01,yes,10,-6.4798,0.679179,0.61591,64.0,47.0,2026-05-29 13:43:41.956777+00
640,12,P01,yes,10,-5.8244,0.61591,0.548459,54.0,47.0,2026-05-29 13:43:42.112435+00
641,12,P01,yes,10,-5.1386,0.548459,0.479179,44.0,47.0,2026-05-29 13:43:42.265961+00
642,12,P01,yes,10,-4.4476,0.479179,0.410691,34.0,47.0,2026-05-29 13:43:42.411072+00
643,12,P01,yes,10,-3.7773,0.410691,0.345498,24.0,47.0,2026-05-29 13:43:42.561316+00
644,12,P04,no,1,-0.6514,0.345498,0.351806,24.0,46.0,2026-05-29 13:43:43.637983+00
645,12,P09,no,20,-11.6412,0.351806,0.486115,24.0,26.0,2026-05-29 13:43:44.073403+00
646,12,P04,no,1,-0.5104,0.486115,0.493056,24.0,25.0,2026-05-29 13:43:45.025562+00
647,12,P07,yes,20,-8.4935,0.493056,0.358166,4.0,25.0,2026-05-29 13:43:45.057285+00
648,12,P04,no,1,-0.6386,0.358166,0.364576,4.0,24.0,2026-05-29 13:43:45.997756+00
649,14,P04,yes,1,0.5035,0.5,0.506944,1.0,0.0,2026-05-29 13:48:13.788653+00
650,14,P04,yes,1,0.5104,0.506944,0.513885,2.0,0.0,2026-05-29 13:48:14.529902+00
651,14,P09,yes,1,0.5174,0.513885,0.520821,3.0,0.0,2026-05-29 13:48:14.626009+00
652,14,P04,yes,1,0.5243,0.520821,0.527749,4.0,0.0,2026-05-29 13:48:14.722957+00
653,14,P04,yes,1,0.5312,0.527749,0.534667,5.0,0.0,2026-05-29 13:48:14.888973+00
654,13,P09,yes,5,2.5867,0.5,0.534667,5.0,0.0,2026-05-29 13:48:15.094422+00
655,14,P09,yes,20,12.0411,0.534667,0.666955,25.0,0.0,2026-05-29 13:48:15.588745+00
656,14,P02,yes,1,0.67,0.666955,0.673096,26.0,0.0,2026-05-29 13:48:16.030225+00
657,13,P05,yes,7,3.911,0.534667,0.58257,12.0,0.0,2026-05-29 13:48:16.063334+00
658,14,P09,yes,20,14.5979,0.673096,0.782071,46.0,0.0,2026-05-29 13:48:16.082593+00
659,14,P09,yes,20,16.4902,0.782071,0.862158,66.0,0.0,2026-05-29 13:48:16.592267+00
660,13,P08,yes,1,0.5859,0.58257,0.589309,13.0,0.0,2026-05-29 13:48:16.725083+00
661,14,P09,yes,20,17.8202,0.862158,0.915976,86.0,0.0,2026-05-29 13:48:17.121356+00
662,14,P08,yes,5,4.6056,0.915976,0.926066,91.0,0.0,2026-05-29 13:48:17.151345+00
663,13,P06,yes,19,12.3607,0.589309,0.708661,32.0,0.0,2026-05-29 13:48:17.182099+00
664,13,P01,yes,1,0.7115,0.708661,0.714362,33.0,0.0,2026-05-29 13:48:18.638179+00
665,14,P02,yes,20,18.8472,0.926066,0.9562,111.0,0.0,2026-05-29 13:48:19.09319+00
666,13,P01,yes,1,0.7172,0.714362,0.719997,34.0,0.0,2026-05-29 13:48:19.694642+00
667,13,P06,yes,20,15.4246,0.719997,0.817574,54.0,0.0,2026-05-29 13:48:20.624575+00
668,13,P04,yes,20,17.0859,0.817574,0.886508,74.0,0.0,2026-05-29 13:48:20.925351+00
673,13,P04,yes,20,19.3907,0.960625,0.977023,135.0,0.0,2026-05-29 13:48:21.340975+00
687,14,P09,no,20,7.0534,0.708661,0.58257,52.0,40.0,2026-05-29 13:48:25.302023+00
689,13,P01,yes,1,0.9903,0.990157,0.990424,168.0,1.0,2026-05-29 13:48:25.825051+00
692,14,P01,yes,7,4.2415,0.58257,0.628965,73.0,54.0,2026-05-29 13:48:26.696107+00
700,14,P02,yes,6,5.2665,0.868629,0.886508,128.0,54.0,2026-05-29 13:48:27.911166+00
705,13,P05,no,11,0.0601,0.995326,0.993667,195.0,13.0,2026-05-29 13:48:32.374616+00
707,13,P08,no,1,0.0064,0.993667,0.993489,195.0,14.0,2026-05-29 13:48:33.376617+00
709,14,P04,yes,1,-0.7115,0.714362,0.708661,126.0,94.0,2026-05-29 13:48:33.770803+00
710,14,P05,no,20,7.0534,0.708661,0.58257,126.0,114.0,2026-05-29 13:48:34.195998+00
718,14,P06,yes,1,0.8277,0.825715,0.829676,171.0,114.0,2026-05-29 13:48:35.148993+00
720,14,P01,yes,7,6.0683,0.855422,0.87785,185.0,114.0,2026-05-29 13:48:35.803263+00
723,13,P08,no,5,0.0473,0.991183,0.989883,198.0,33.0,2026-05-29 13:48:36.845404+00
729,13,P06,no,20,0.4287,0.983875,0.972228,201.0,73.0,2026-05-29 13:48:41.039219+00
738,13,P08,no,5,1.6196,0.691162,0.660756,202.0,178.0,2026-05-29 13:48:52.630396+00
745,13,P05,no,4,-0.95,0.752336,0.772454,223.0,179.0,2026-05-29 13:49:01.407687+00
746,13,P08,yes,5,3.9218,0.772454,0.79594,228.0,179.0,2026-05-29 13:49:01.93384+00
754,13,P08,yes,5,4.4392,0.880797,0.894626,256.0,179.0,2026-05-29 13:49:07.460523+00
757,13,P08,yes,5,4.5289,0.89975,0.9116,263.0,179.0,2026-05-29 13:49:10.716496+00
759,13,P01,yes,1,0.8763,0.87484,0.87785,264.0,193.0,2026-05-29 13:49:12.477223+00
761,13,P02,no,20,2.586,0.89975,0.837384,272.0,213.0,2026-05-29 13:49:14.642737+00
764,14,P05,no,20,-4.8747,0.702893,0.804815,167.0,116.0,2026-05-29 13:49:25.347287+00
770,14,P01,yes,10,-8.2541,0.844808,0.804815,167.0,116.0,2026-05-29 13:49:32.881272+00
775,14,P01,yes,10,-5.415,0.5758,0.506944,117.0,116.0,2026-05-29 13:49:33.560997+00
778,14,P03,yes,5,1.9371,0.371035,0.403985,102.0,116.0,2026-05-29 13:49:34.267888+00
1882,26,P04,no,5,3.1929,0.377541,0.345498,139.0,162.0,2026-05-29 14:02:01.725121+00
1892,26,P01,yes,10,5.6208,0.527749,0.596015,176.0,162.0,2026-05-29 14:02:09.045341+00
1909,26,P08,yes,1,-0.4344,0.437823,0.430999,181.0,191.0,2026-05-29 14:02:22.644897+00
1919,29,P06,yes,1,0.1804,0.178319,0.182426,142.0,196.0,2026-05-29 14:02:48.27446+00
1922,29,P06,yes,1,0.2885,0.285638,0.291339,164.0,196.0,2026-05-29 14:02:49.729924+00
1924,29,P06,yes,1,0.3118,0.308838,0.314799,165.0,193.0,2026-05-29 14:02:50.544066+00
1925,29,P06,yes,1,0.3178,0.314799,0.320821,166.0,193.0,2026-05-29 14:02:51.38278+00
1927,28,P06,no,10,-6.1573,0.351806,0.41743,633.0,645.0,2026-05-29 14:02:57.505462+00
1932,28,P08,no,6,4.0012,0.351806,0.314799,635.0,663.0,2026-05-29 14:02:58.90198+00
1935,29,P01,yes,10,4.8614,0.451541,0.520821,196.0,193.0,2026-05-29 14:03:02.252994+00
1938,29,P01,yes,10,7.4154,0.714362,0.767535,236.0,193.0,2026-05-29 14:03:02.583998+00
1941,28,P08,no,6,4.1818,0.320821,0.285638,636.0,669.0,2026-05-29 14:03:03.045447+00
1948,29,P09,no,20,3.7565,0.851953,0.767535,276.0,233.0,2026-05-29 14:03:03.590835+00
1953,29,P08,yes,1,-0.6386,0.641834,0.635424,273.0,253.0,2026-05-29 14:03:04.651083+00
1957,29,P08,yes,1,-0.6257,0.628965,0.622459,271.0,253.0,2026-05-29 14:03:04.96811+00
1959,29,P04,no,1,0.3874,0.61591,0.609318,270.0,254.0,2026-05-29 14:03:05.13233+00
1960,29,P02,yes,20,-10.8261,0.609318,0.472251,250.0,254.0,2026-05-29 14:03:05.325198+00
1963,29,P07,no,20,12.1731,0.45843,0.326904,248.0,274.0,2026-05-29 14:03:06.7392+00
1966,29,P09,yes,20,-5.2938,0.320821,0.213232,228.0,275.0,2026-05-29 14:03:07.322187+00
1968,28,P08,yes,1,0.2063,0.20406,0.208609,639.0,687.0,2026-05-29 14:03:07.592432+00
1971,28,P08,yes,1,0.2203,0.217929,0.2227,642.0,687.0,2026-05-29 14:03:08.20123+00
1974,28,P08,yes,1,0.23,0.227546,0.232465,644.0,687.0,2026-05-29 14:03:10.228595+00
1977,29,P08,yes,1,0.3874,0.38409,0.390682,269.0,285.0,2026-05-29 14:03:10.67485+00
1979,29,P01,no,10,7.0262,0.326904,0.268941,269.0,305.0,2026-05-29 14:03:12.904626+00
1983,29,P04,no,2,0.691,0.660756,0.648194,309.0,287.0,2026-05-29 14:03:14.657724+00
1988,29,P09,no,20,8.6286,0.635424,0.5,307.0,307.0,2026-05-29 14:03:16.298845+00
1990,29,P09,no,20,11.5065,0.493056,0.358166,306.0,327.0,2026-05-29 14:03:17.258963+00
1991,29,P02,yes,20,-5.9638,0.358166,0.242524,286.0,327.0,2026-05-29 14:03:17.70798+00
1993,28,P01,yes,1,0.2451,0.242524,0.247664,647.0,687.0,2026-05-29 14:03:22.040995+00
2000,29,P09,yes,20,5.6228,0.227546,0.339244,285.0,309.0,2026-05-29 14:03:31.453051+00
2002,29,P02,yes,20,8.0915,0.339244,0.472251,305.0,309.0,2026-05-29 14:03:34.029558+00
2003,28,P05,no,5,4.3662,0.134574,0.119203,647.0,719.0,2026-05-29 14:03:36.408811+00
2006,28,P09,no,1,0.8822,0.119203,0.116317,647.0,720.0,2026-05-29 14:03:37.594326+00
2014,29,P05,yes,1,-0.4141,0.41743,0.410691,297.0,310.0,2026-05-29 14:03:38.760338+00
2020,29,P02,yes,20,-6.6799,0.397315,0.274438,275.0,310.0,2026-05-29 14:03:40.880331+00
2030,29,P05,yes,1,-0.4481,0.451541,0.444672,283.0,291.0,2026-05-29 14:03:46.061271+00
2040,29,P02,yes,20,7.6958,0.320821,0.451541,261.0,268.0,2026-05-29 14:04:02.87564+00
2041,29,P07,yes,20,-7.6958,0.451541,0.320821,241.0,268.0,2026-05-29 14:04:04.789016+00
2053,30,P05,no,5,-4.2145,0.148047,0.166434,692.0,750.0,2026-05-29 14:04:33.896061+00
2058,31,P01,yes,10,-1.7459,0.195185,0.155192,167.0,228.0,2026-05-29 14:04:34.451821+00
2060,31,P01,yes,10,-1.0826,0.12215,0.095349,147.0,228.0,2026-05-29 14:04:34.760665+00
2061,31,P01,yes,10,-0.8423,0.095349,0.073934,137.0,228.0,2026-05-29 14:04:34.900167+00
2069,31,P09,no,20,-18.0751,0.073934,0.12215,117.0,188.0,2026-05-29 14:04:38.061135+00
2079,31,P04,no,1,0.4412,0.562177,0.555328,157.0,149.0,2026-05-29 14:04:40.466145+00
2082,30,P02,yes,20,-3.5098,0.217929,0.137842,680.0,746.0,2026-05-29 14:04:41.916485+00
2095,31,P05,yes,1,-0.455,0.45843,0.451541,149.0,156.0,2026-05-29 14:04:43.926011+00
2100,31,P01,no,1,0.5724,0.430999,0.4242,148.0,159.0,2026-05-29 14:04:44.219175+00
2106,31,P01,no,10,6.3522,0.397315,0.333045,147.0,172.0,2026-05-29 14:04:47.308972+00
2111,31,P01,no,10,8.7458,0.141176,0.110727,147.0,222.0,2026-05-29 14:04:48.143764+00
2115,31,P03,yes,5,0.2743,0.051336,0.058537,152.0,252.0,2026-05-29 14:04:48.809428+00
2124,30,P01,no,1,0.917,0.084024,0.081911,661.0,748.0,2026-05-29 14:04:50.485917+00
2126,31,P08,no,1,-0.5243,0.472251,0.479179,257.0,260.0,2026-05-29 14:04:51.637003+00
2130,30,P05,no,1,-0.9232,0.075858,0.077829,658.0,747.0,2026-05-29 14:04:54.096858+00
2132,31,P01,no,10,6.7893,0.351806,0.291339,257.0,289.0,2026-05-29 14:04:54.285321+00
2134,30,P01,no,1,0.9232,0.077829,0.075858,658.0,748.0,2026-05-29 14:04:54.572463+00
2141,31,P01,no,10,8.9439,0.119203,0.09298,257.0,339.0,2026-05-29 14:04:55.53617+00
2147,31,P09,yes,10,3.2107,0.291339,0.351806,317.0,339.0,2026-05-29 14:04:58.529915+00
2152,31,P01,no,1,-0.5656,0.430999,0.437823,327.0,336.0,2026-05-29 14:04:59.966352+00
2168,31,P01,no,1,-0.6576,0.339244,0.345498,300.0,323.0,2026-05-29 14:05:02.056724+00
2171,31,P01,no,1,-0.6386,0.358166,0.364576,300.0,320.0,2026-05-29 14:05:02.564705+00
2174,31,P01,no,1,-0.6192,0.377541,0.38409,300.0,317.0,2026-05-29 14:05:03.074232+00
2180,31,P01,no,1,-0.5859,0.410691,0.41743,300.0,312.0,2026-05-29 14:05:03.943017+00
2182,31,P01,no,1,-0.7058,0.291339,0.297107,280.0,311.0,2026-05-29 14:05:04.092605+00
669,14,P09,yes,20,-18.8472,0.9562,0.926066,91.0,0.0,2026-05-29 13:48:21.030561+00
677,13,P01,yes,1,0.9872,0.987046,0.987397,157.0,0.0,2026-05-29 13:48:21.963019+00
679,13,P01,yes,1,0.9876,0.987397,0.987738,158.0,0.0,2026-05-29 13:48:22.347756+00
681,14,P09,yes,20,-12.82,0.702893,0.5758,31.0,20.0,2026-05-29 13:48:22.930046+00
683,13,P01,yes,1,0.9879,0.987738,0.98807,159.0,0.0,2026-05-29 13:48:23.708529+00
684,13,P08,no,1,0.0121,0.98807,0.987738,159.0,1.0,2026-05-29 13:48:24.399771+00
685,14,P02,yes,1,0.7058,0.702893,0.708661,52.0,20.0,2026-05-29 13:48:24.941299+00
695,14,P01,yes,7,4.899,0.679179,0.719997,88.0,54.0,2026-05-29 13:48:26.953675+00
703,13,P08,no,1,0.0047,0.995326,0.995195,194.0,2.0,2026-05-29 13:48:28.430981+00
713,14,P02,yes,15,10.2244,0.635424,0.725562,149.0,114.0,2026-05-29 13:48:34.479358+00
714,13,P01,yes,3,2.9813,0.993489,0.994007,198.0,14.0,2026-05-29 13:48:34.807761+00
716,14,P01,yes,7,5.4568,0.762542,0.79594,163.0,114.0,2026-05-29 13:48:34.980305+00
726,14,P09,yes,20,-17.2867,0.894626,0.829676,171.0,114.0,2026-05-29 13:48:38.567491+00
740,13,P01,yes,1,0.6639,0.660756,0.666955,203.0,178.0,2026-05-29 13:48:54.90165+00
742,13,P01,yes,1,0.6386,0.635424,0.641834,204.0,183.0,2026-05-29 13:48:55.614929+00
749,13,P02,yes,10,8.4084,0.821681,0.858824,244.0,179.0,2026-05-29 13:49:04.318121+00
751,13,P08,yes,5,4.3348,0.858824,0.87484,249.0,179.0,2026-05-29 13:49:04.658191+00
752,13,P01,yes,1,0.8763,0.87484,0.87785,250.0,179.0,2026-05-29 13:49:05.443313+00
760,13,P07,yes,8,7.1129,0.87785,0.89975,272.0,193.0,2026-05-29 13:49:13.635951+00
765,14,P07,yes,20,16.873,0.804815,0.87785,187.0,116.0,2026-05-29 13:49:25.533047+00
773,14,P01,yes,10,-6.7285,0.702893,0.641834,137.0,116.0,2026-05-29 13:49:33.279663+00
780,14,P05,yes,20,12.1731,0.54157,0.673096,142.0,116.0,2026-05-29 13:49:34.770308+00
1883,26,P08,yes,1,-0.3424,0.345498,0.339244,138.0,162.0,2026-05-29 14:02:01.769738+00
1888,27,P01,yes,1,0.33,0.326904,0.333045,621.0,646.0,2026-05-29 14:02:05.353384+00
1894,26,P02,yes,20,-10.5515,0.596015,0.45843,156.0,162.0,2026-05-29 14:02:09.329599+00
1895,27,P08,yes,5,2.275,0.437823,0.472251,627.0,631.0,2026-05-29 14:02:09.793206+00
1896,26,P01,yes,10,4.9307,0.45843,0.527749,166.0,162.0,2026-05-29 14:02:09.834385+00
1898,26,P09,no,20,10.963,0.520821,0.38409,165.0,182.0,2026-05-29 14:02:10.039608+00
1899,26,P05,yes,20,9.037,0.38409,0.520821,185.0,182.0,2026-05-29 14:02:15.6111+00
1901,26,P08,yes,1,-0.5243,0.527749,0.520821,184.0,181.0,2026-05-29 14:02:16.920938+00
1905,26,P06,no,1,-0.5243,0.472251,0.479179,183.0,186.0,2026-05-29 14:02:19.909125+00
1914,27,P08,no,6,2.9584,0.527749,0.486115,647.0,649.0,2026-05-29 14:02:25.241909+00
1916,28,P08,no,6,3.8121,0.38409,0.345498,632.0,655.0,2026-05-29 14:02:44.055416+00
1923,29,P04,no,3,-2.0999,0.291339,0.308838,164.0,193.0,2026-05-29 14:02:50.011567+00
1928,28,P01,yes,1,0.4208,0.41743,0.4242,634.0,645.0,2026-05-29 14:02:57.667197+00
1931,28,P01,yes,1,0.3486,0.345498,0.351806,635.0,657.0,2026-05-29 14:02:58.447986+00
1934,29,P05,yes,20,7.6958,0.320821,0.451541,186.0,193.0,2026-05-29 14:03:00.650348+00
1937,29,P05,yes,20,13.0722,0.589309,0.714362,226.0,193.0,2026-05-29 14:03:02.49508+00
1942,29,P09,no,20,3.7565,0.851953,0.767535,256.0,213.0,2026-05-29 14:03:03.123431+00
1949,29,P09,no,20,5.7351,0.767535,0.654502,276.0,253.0,2026-05-29 14:03:04.174199+00
1954,28,P08,no,6,4.5746,0.252876,0.2227,636.0,681.0,2026-05-29 14:03:04.743844+00
1973,29,P02,yes,20,5.2938,0.213232,0.320821,248.0,275.0,2026-05-29 14:03:09.641018+00
1980,29,P05,yes,20,6.5575,0.268941,0.390682,289.0,305.0,2026-05-29 14:03:13.301928+00
1985,28,P08,yes,1,0.235,0.232465,0.237458,645.0,687.0,2026-05-29 14:03:15.361347+00
1989,29,P08,yes,1,-0.4965,0.5,0.493056,306.0,307.0,2026-05-29 14:03:16.627146+00
1997,29,P06,no,1,0.6514,0.351806,0.345498,286.0,309.0,2026-05-29 14:03:26.615356+00
2005,29,P08,no,1,0.5381,0.465333,0.45843,304.0,310.0,2026-05-29 14:03:37.570427+00
2009,28,P06,yes,10,1.3164,0.116317,0.148047,657.0,720.0,2026-05-29 14:03:38.048173+00
2011,29,P05,yes,1,-0.4344,0.437823,0.430999,300.0,310.0,2026-05-29 14:03:38.293326+00
2016,29,P05,yes,1,-0.4006,0.403985,0.397315,295.0,310.0,2026-05-29 14:03:39.058842+00
2023,28,P01,yes,1,0.3,0.297107,0.302941,690.0,720.0,2026-05-29 14:03:43.382263+00
2031,29,P05,yes,1,-0.4412,0.444672,0.437823,282.0,291.0,2026-05-29 14:03:46.226498+00
2033,29,P05,yes,20,-7.3076,0.430999,0.302941,261.0,291.0,2026-05-29 14:03:56.687796+00
2034,29,P09,no,20,-12.6924,0.302941,0.430999,261.0,271.0,2026-05-29 14:03:57.753801+00
2039,29,P01,no,1,-0.6822,0.314799,0.320821,241.0,268.0,2026-05-29 14:04:02.31128+00
2045,29,P02,yes,20,7.18,0.297107,0.4242,237.0,248.0,2026-05-29 14:04:09.094644+00
2049,29,P05,yes,20,-9.862,0.562177,0.4242,217.0,228.0,2026-05-29 14:04:10.798706+00
2051,30,P08,yes,1,0.1463,0.144578,0.148047,692.0,755.0,2026-05-29 14:04:33.589094+00
2056,31,P01,yes,10,-2.6923,0.297107,0.242524,187.0,228.0,2026-05-29 14:04:34.127633+00
2068,30,P08,yes,1,0.1845,0.182426,0.186605,697.0,750.0,2026-05-29 14:04:37.366501+00
2080,31,P04,no,1,0.4481,0.555328,0.548459,157.0,150.0,2026-05-29 14:04:40.694636+00
2083,31,P05,yes,1,-0.5381,0.54157,0.534667,156.0,151.0,2026-05-29 14:04:42.602873+00
2090,31,P01,no,1,0.5104,0.493056,0.486115,152.0,154.0,2026-05-29 14:04:43.441625+00
2092,31,P01,no,1,0.5243,0.479179,0.472251,151.0,155.0,2026-05-29 14:04:43.612739+00
2094,31,P01,no,1,0.5381,0.465333,0.45843,150.0,156.0,2026-05-29 14:04:43.77768+00
2099,31,P05,yes,1,-0.4344,0.437823,0.430999,148.0,158.0,2026-05-29 14:04:44.116445+00
2113,31,P01,no,10,9.2395,0.086187,0.066677,147.0,242.0,2026-05-29 14:04:48.448672+00
2117,31,P03,yes,5,0.2405,0.044978,0.051336,157.0,262.0,2026-05-29 14:04:48.967792+00
2119,31,P05,yes,20,2.2342,0.086187,0.141176,197.0,262.0,2026-05-29 14:04:49.395287+00
2122,30,P06,yes,20,-2.1798,0.137842,0.084024,661.0,747.0,2026-05-29 14:04:49.887236+00
2127,31,P08,no,1,-0.5174,0.479179,0.486115,257.0,259.0,2026-05-29 14:04:51.848479+00
2135,31,P01,no,10,7.8646,0.237458,0.190858,257.0,309.0,2026-05-29 14:04:54.649647+00
2142,31,P09,yes,10,-0.8211,0.09298,0.072054,247.0,339.0,2026-05-29 14:04:55.602283+00
2154,31,P01,no,1,-0.5519,0.444672,0.451541,327.0,334.0,2026-05-29 14:05:00.285912+00
2161,31,P01,no,1,-0.6941,0.302941,0.308838,300.0,329.0,2026-05-29 14:05:01.093363+00
2164,31,P01,no,1,-0.6761,0.320821,0.326904,300.0,326.0,2026-05-29 14:05:01.584928+00
2172,31,P01,no,1,-0.6322,0.364576,0.371035,300.0,319.0,2026-05-29 14:05:02.733591+00
2173,31,P01,no,1,-0.6257,0.371035,0.377541,300.0,318.0,2026-05-29 14:05:02.901682+00
2177,31,P01,no,1,-0.606,0.390682,0.397315,300.0,315.0,2026-05-29 14:05:03.400544+00
2179,31,P01,no,1,-0.5927,0.403985,0.410691,300.0,313.0,2026-05-29 14:05:03.759385+00
2709,35,P08,yes,20,5.8488,0.237458,0.351806,592.0,614.0,2026-05-29 14:11:00.374152+00
2710,34,P05,yes,1,-0.5588,0.562177,0.555328,116.0,108.0,2026-05-29 14:11:00.399691+00
2714,35,P06,no,10,-3.7123,0.596015,0.660756,628.0,604.0,2026-05-29 14:11:01.85229+00
2716,35,P01,yes,1,0.67,0.666955,0.673096,630.0,604.0,2026-05-29 14:11:03.296206+00
2720,35,P01,yes,1,0.6882,0.685201,0.691162,633.0,604.0,2026-05-29 14:11:04.511174+00
2722,35,P01,yes,1,0.7,0.697059,0.702893,635.0,604.0,2026-05-29 14:11:05.675033+00
2730,34,P01,no,1,0.355,0.648194,0.641834,135.0,114.0,2026-05-29 14:11:08.991939+00
2734,35,P04,no,15,4.9576,0.714362,0.622459,637.0,619.0,2026-05-29 14:11:09.90759+00
2736,34,P05,no,12,-4.1498,0.61591,0.691162,135.0,106.0,2026-05-29 14:11:11.635428+00
670,13,P04,yes,20,18.2149,0.886508,0.931573,94.0,0.0,2026-05-29 13:48:21.057325+00
682,14,P07,yes,20,12.82,0.5758,0.702893,51.0,20.0,2026-05-29 13:48:23.641439+00
694,14,P01,yes,7,4.6027,0.635424,0.679179,81.0,54.0,2026-05-29 13:48:26.810768+00
696,14,P01,yes,7,5.1732,0.719997,0.757476,95.0,54.0,2026-05-29 13:48:27.103675+00
698,14,P01,yes,7,5.4231,0.757476,0.791391,102.0,54.0,2026-05-29 13:48:27.286306+00
702,14,P05,no,20,2.9141,0.886508,0.817574,128.0,74.0,2026-05-29 13:48:28.385916+00
704,13,P01,yes,1,0.9953,0.995195,0.995326,195.0,2.0,2026-05-29 13:48:28.79926+00
712,14,P01,yes,7,4.2877,0.589309,0.635424,134.0,114.0,2026-05-29 13:48:34.46198+00
741,13,P08,no,5,1.7435,0.666955,0.635424,203.0,183.0,2026-05-29 13:48:55.333273+00
743,14,P02,yes,15,11.3135,0.714362,0.791391,167.0,119.0,2026-05-29 13:48:55.879202+00
744,13,P06,yes,19,13.2813,0.641834,0.752336,223.0,183.0,2026-05-29 13:49:00.989813+00
748,13,P01,yes,1,0.8196,0.817574,0.821681,234.0,179.0,2026-05-29 13:49:03.564981+00
753,13,P01,yes,1,0.8793,0.87785,0.880797,251.0,179.0,2026-05-29 13:49:07.418462+00
756,13,P01,yes,1,0.8985,0.897216,0.89975,258.0,179.0,2026-05-29 13:49:10.423704+00
763,14,P09,no,15,3.8427,0.782071,0.702893,167.0,136.0,2026-05-29 13:49:23.894038+00
766,13,P06,yes,2,1.6433,0.817574,0.825715,274.0,218.0,2026-05-29 13:49:27.613055+00
768,13,P08,yes,2,1.7308,0.862158,0.868629,286.0,218.0,2026-05-29 13:49:29.691238+00
772,14,P01,yes,10,-7.3077,0.757476,0.702893,147.0,116.0,2026-05-29 13:49:33.147354+00
777,14,P01,yes,10,-4.0413,0.437823,0.371035,97.0,116.0,2026-05-29 13:49:33.912396+00
781,14,P03,yes,5,3.4406,0.673096,0.702893,147.0,116.0,2026-05-29 13:49:34.842111+00
1884,26,P08,yes,1,-0.3361,0.339244,0.333045,137.0,162.0,2026-05-29 14:02:01.940314+00
1887,27,P01,yes,1,0.3239,0.320821,0.326904,620.0,646.0,2026-05-29 14:02:05.132174+00
1889,27,P01,yes,1,0.3361,0.333045,0.339244,622.0,646.0,2026-05-29 14:02:07.304497+00
1893,27,P02,no,15,-9.1835,0.339244,0.437823,622.0,631.0,2026-05-29 14:02:09.200678+00
1897,26,P06,yes,1,-0.5243,0.527749,0.520821,165.0,162.0,2026-05-29 14:02:09.951974+00
1900,26,P06,no,1,-0.4757,0.520821,0.527749,185.0,181.0,2026-05-29 14:02:16.477436+00
1904,27,P06,yes,20,10.8261,0.472251,0.609318,647.0,631.0,2026-05-29 14:02:19.304017+00
1908,26,P04,no,6,3.2493,0.479179,0.437823,182.0,191.0,2026-05-29 14:02:22.395922+00
1910,26,P05,yes,20,-7.3076,0.430999,0.302941,161.0,191.0,2026-05-29 14:02:22.70769+00
1911,27,P08,no,6,2.4644,0.609318,0.569001,647.0,637.0,2026-05-29 14:02:23.208091+00
1913,27,P08,no,6,2.7094,0.569001,0.527749,647.0,643.0,2026-05-29 14:02:24.768872+00
1915,27,P02,yes,15,-6.5196,0.486115,0.38409,632.0,649.0,2026-05-29 14:02:25.728365+00
1920,29,P06,yes,1,0.1845,0.182426,0.186605,143.0,196.0,2026-05-29 14:02:48.947565+00
1926,28,P01,yes,1,0.3486,0.345498,0.351806,633.0,655.0,2026-05-29 14:02:56.274145+00
1929,28,P08,no,6,3.5758,0.4242,0.38409,634.0,651.0,2026-05-29 14:02:57.930279+00
1933,28,P01,yes,1,0.3178,0.314799,0.320821,636.0,663.0,2026-05-29 14:02:59.482148+00
1936,29,P01,yes,10,5.5524,0.520821,0.589309,206.0,193.0,2026-05-29 14:03:02.400937+00
1943,29,P01,yes,10,7.9108,0.767535,0.813395,266.0,213.0,2026-05-29 14:03:03.178108+00
1950,29,P08,yes,1,-0.6514,0.654502,0.648194,275.0,253.0,2026-05-29 14:03:04.31143+00
1961,29,P08,yes,1,-0.4688,0.472251,0.465333,249.0,254.0,2026-05-29 14:03:05.343325+00
1964,29,P04,no,1,0.6761,0.326904,0.320821,248.0,275.0,2026-05-29 14:03:07.188112+00
1965,28,P08,yes,1,0.1974,0.195185,0.199585,637.0,687.0,2026-05-29 14:03:07.273803+00
1975,29,P01,no,10,7.0838,0.320821,0.263515,248.0,285.0,2026-05-29 14:03:10.46909+00
1982,29,P09,no,20,-8.0915,0.527749,0.660756,309.0,285.0,2026-05-29 14:03:14.1957+00
1984,29,P08,yes,1,-0.645,0.648194,0.641834,308.0,287.0,2026-05-29 14:03:15.299149+00
1987,28,P08,yes,1,0.24,0.237458,0.242524,646.0,687.0,2026-05-29 14:03:16.145584+00
2013,29,P05,yes,1,-0.4208,0.4242,0.41743,298.0,310.0,2026-05-29 14:03:38.607408+00
2017,28,P06,yes,10,1.6673,0.148047,0.186605,667.0,720.0,2026-05-29 14:03:40.471101+00
2019,28,P06,yes,10,2.3776,0.213232,0.263515,683.0,720.0,2026-05-29 14:03:40.829483+00
2025,29,P03,yes,9,-4.5312,0.534667,0.472251,286.0,290.0,2026-05-29 14:03:44.600557+00
2028,29,P05,yes,1,-0.4619,0.465333,0.45843,284.0,290.0,2026-05-29 14:03:45.877091+00
2035,28,P06,no,20,14.9186,0.308838,0.20406,691.0,740.0,2026-05-29 14:03:58.734414+00
2037,28,P06,no,20,16.7241,0.20406,0.128234,691.0,760.0,2026-05-29 14:04:00.847007+00
2050,30,P05,no,5,-4.3187,0.128234,0.144578,691.0,755.0,2026-05-29 14:04:32.252615+00
2054,31,P01,yes,10,-3.2715,0.358166,0.297107,197.0,228.0,2026-05-29 14:04:33.950124+00
2059,31,P01,yes,10,-1.3812,0.155192,0.12215,157.0,228.0,2026-05-29 14:04:34.609108+00
2062,31,P01,yes,10,-0.6514,0.073934,0.057025,127.0,228.0,2026-05-29 14:04:35.075506+00
2065,30,P08,yes,1,0.1763,0.174285,0.178319,695.0,750.0,2026-05-29 14:04:35.593592+00
2071,30,P06,no,5,-4.0127,0.186605,0.208609,697.0,745.0,2026-05-29 14:04:38.35367+00
2074,31,P09,no,20,-10.138,0.4242,0.562177,157.0,148.0,2026-05-29 14:04:39.473438+00
2084,31,P05,yes,1,-0.5312,0.534667,0.527749,155.0,151.0,2026-05-29 14:04:42.760046+00
2086,31,P05,yes,1,-0.5174,0.520821,0.513885,153.0,151.0,2026-05-29 14:04:43.07353+00
2088,31,P01,no,1,0.4965,0.506944,0.5,153.0,153.0,2026-05-29 14:04:43.273961+00
2097,30,P08,yes,1,0.1395,0.137842,0.141176,681.0,746.0,2026-05-29 14:04:44.025452+00
2102,31,P01,no,1,0.5859,0.41743,0.410691,147.0,160.0,2026-05-29 14:04:44.374117+00
2104,31,P01,no,1,0.5994,0.403985,0.397315,147.0,162.0,2026-05-29 14:04:44.760276+00
2107,31,P01,no,10,6.9679,0.333045,0.274438,147.0,182.0,2026-05-29 14:04:47.451747+00
2123,31,P05,yes,20,7.9589,0.333045,0.465333,257.0,262.0,2026-05-29 14:04:50.02608+00
2129,31,P01,no,10,5.4838,0.486115,0.41743,257.0,269.0,2026-05-29 14:04:53.885376+00
2138,31,P01,no,10,8.9439,0.119203,0.09298,257.0,339.0,2026-05-29 14:04:55.162385+00
2149,31,P09,yes,10,3.8427,0.351806,0.41743,327.0,339.0,2026-05-29 14:04:59.252217+00
2151,31,P01,no,1,-0.5724,0.4242,0.430999,327.0,337.0,2026-05-29 14:04:59.793622+00
2156,31,P01,no,1,-0.6761,0.320821,0.326904,307.0,333.0,2026-05-29 14:05:00.44482+00
2158,31,P01,no,1,-0.6639,0.333045,0.339244,307.0,331.0,2026-05-29 14:05:00.776141+00
2160,31,P03,yes,7,-2.2678,0.345498,0.302941,300.0,330.0,2026-05-29 14:05:00.953265+00
2167,31,P01,no,1,-0.6639,0.333045,0.339244,300.0,324.0,2026-05-29 14:05:01.900439+00
2169,31,P01,no,1,-0.6514,0.345498,0.351806,300.0,322.0,2026-05-29 14:05:02.236947+00
2170,31,P01,no,1,-0.645,0.351806,0.358166,300.0,321.0,2026-05-29 14:05:02.409863+00
2175,30,P01,no,1,0.9307,0.070219,0.068427,658.0,752.0,2026-05-29 14:05:03.113439+00
2181,31,P05,yes,20,-7.0534,0.41743,0.291339,280.0,312.0,2026-05-29 14:05:03.960071+00
2725,35,P01,yes,1,0.7115,0.708661,0.714362,637.0,604.0,2026-05-29 14:11:08.10403+00
2727,34,P01,no,1,0.3361,0.666955,0.660756,135.0,111.0,2026-05-29 14:11:08.375455+00
2731,34,P01,no,1,0.3614,0.641834,0.635424,135.0,115.0,2026-05-29 14:11:09.254539+00
2737,35,P01,yes,1,0.6257,0.622459,0.628965,638.0,619.0,2026-05-29 14:11:11.800359+00
2924,36,P03,yes,4,-3.2534,0.821681,0.804815,232.0,181.0,2026-05-29 14:13:19.329355+00
2932,39,P05,no,1,0.23,0.772454,0.767535,232.0,189.0,2026-05-29 14:13:38.824915+00
2940,39,P05,no,1,0.2717,0.731059,0.725562,232.0,197.0,2026-05-29 14:13:41.437724+00
2941,39,P05,no,1,0.2772,0.725562,0.719997,232.0,198.0,2026-05-29 14:13:41.925926+00
2946,39,P05,no,1,0.3059,0.697059,0.691162,232.0,203.0,2026-05-29 14:13:42.807544+00
671,13,P04,yes,20,18.9344,0.931573,0.95956,114.0,0.0,2026-05-29 13:48:21.191284+00
675,14,P09,yes,20,-18.0751,0.926066,0.87785,71.0,0.0,2026-05-29 13:48:21.510303+00
676,13,P01,yes,1,0.9869,0.986686,0.987046,156.0,0.0,2026-05-29 13:48:21.640213+00
691,14,P01,yes,7,3.911,0.534667,0.58257,66.0,54.0,2026-05-29 13:48:26.53562+00
693,14,P04,yes,1,0.6322,0.628965,0.635424,74.0,54.0,2026-05-29 13:48:26.77865+00
706,14,P04,yes,1,-0.8155,0.817574,0.813395,127.0,74.0,2026-05-29 13:48:33.142964+00
708,14,P09,no,20,4.6737,0.813395,0.714362,127.0,94.0,2026-05-29 13:48:33.531318+00
715,14,P01,yes,7,5.2104,0.725562,0.762542,156.0,114.0,2026-05-29 13:48:34.828097+00
717,14,P01,yes,7,5.6779,0.79594,0.825715,170.0,114.0,2026-05-29 13:48:35.128838+00
721,14,P01,yes,7,6.2144,0.87785,0.897216,192.0,114.0,2026-05-29 13:48:36.287801+00
724,13,P01,yes,3,2.9709,0.989883,0.990684,201.0,33.0,2026-05-29 13:48:37.0546+00
739,14,P07,yes,20,-15.3263,0.813395,0.714362,152.0,119.0,2026-05-29 13:48:54.668875+00
747,13,P08,yes,5,4.0346,0.79594,0.817574,233.0,179.0,2026-05-29 13:49:02.942323+00
750,14,P04,no,2,0.4265,0.791391,0.782071,167.0,121.0,2026-05-29 13:49:04.360614+00
762,13,P08,no,5,0.8619,0.837384,0.817574,272.0,218.0,2026-05-29 13:49:19.927945+00
774,14,P01,yes,10,-6.0915,0.641834,0.5758,127.0,116.0,2026-05-29 13:49:33.422777+00
779,14,P09,yes,20,9.4485,0.403985,0.54157,122.0,116.0,2026-05-29 13:49:34.585945+00
2184,31,P01,no,1,-0.6941,0.302941,0.308838,280.0,309.0,2026-05-29 14:05:04.407178+00
2726,34,P01,no,1,0.33,0.673096,0.666955,135.0,110.0,2026-05-29 14:11:08.241363+00
2735,34,P01,no,1,0.3808,0.622459,0.61591,135.0,118.0,2026-05-29 14:11:09.946637+00
2739,35,P02,no,20,11.5065,0.493056,0.358166,638.0,659.0,2026-05-29 14:11:14.060704+00
2926,39,P05,no,1,0.2018,0.800415,0.79594,232.0,183.0,2026-05-29 14:13:37.715261+00
3002,38,P01,no,1,0.3808,0.622459,0.61591,707.0,690.0,2026-05-29 14:14:02.114026+00
3005,38,P06,no,10,-3.5838,0.609318,0.673096,707.0,681.0,2026-05-29 14:14:04.683085+00
3007,38,P02,yes,20,-12.1731,0.673096,0.54157,687.0,681.0,2026-05-29 14:14:05.467392+00
3017,39,P03,yes,1,0.807,0.804815,0.809142,249.0,197.0,2026-05-29 14:14:09.327517+00
3018,39,P02,no,20,4.7735,0.809142,0.708661,249.0,217.0,2026-05-29 14:14:10.225542+00
3029,38,P01,yes,1,0.7228,0.719997,0.725562,716.0,681.0,2026-05-29 14:14:18.187942+00
3033,39,P05,no,1,0.3,0.702893,0.697059,249.0,219.0,2026-05-29 14:14:20.124571+00
3048,39,P05,no,1,0.3678,0.635424,0.628965,249.0,230.0,2026-05-29 14:14:22.576128+00
3058,38,P08,no,20,2.5243,0.902227,0.841131,781.0,721.0,2026-05-29 14:14:26.738377+00
3060,39,P09,no,10,-2.9738,0.673096,0.731059,260.0,224.0,2026-05-29 14:14:28.463851+00
3061,38,P02,no,20,4.1058,0.837384,0.747124,781.0,742.0,2026-05-29 14:14:30.20668+00
3069,38,P01,yes,1,0.807,0.804815,0.809142,794.0,742.0,2026-05-29 14:14:39.868528+00
3072,38,P01,yes,1,0.8196,0.817574,0.821681,797.0,742.0,2026-05-29 14:14:41.611329+00
3073,38,P01,yes,1,0.8237,0.821681,0.825715,798.0,742.0,2026-05-29 14:14:41.779268+00
3075,39,P01,yes,1,-0.7283,0.731059,0.725562,259.0,224.0,2026-05-29 14:14:44.173777+00
3077,38,P01,yes,4,3.3341,0.825715,0.841131,802.0,742.0,2026-05-29 14:14:45.797952+00
3081,39,P06,yes,1,-0.7058,0.708661,0.702893,256.0,225.0,2026-05-29 14:14:48.004672+00
3082,39,P02,no,20,-4.8747,0.702893,0.804815,256.0,205.0,2026-05-29 14:14:48.244945+00
3083,38,P08,yes,20,17.7658,0.858824,0.913813,827.0,742.0,2026-05-29 14:14:48.443285+00
3084,39,P05,no,1,0.1974,0.804815,0.800415,256.0,206.0,2026-05-29 14:14:49.815021+00
3088,39,P06,yes,1,-0.7844,0.786768,0.782071,255.0,209.0,2026-05-29 14:14:50.565086+00
3090,39,P05,no,1,0.2251,0.7773,0.772454,255.0,211.0,2026-05-29 14:14:51.191607+00
3094,39,P05,no,1,0.2451,0.757476,0.752336,255.0,215.0,2026-05-29 14:14:51.856934+00
3099,38,P09,yes,1,-0.9452,0.94589,0.944451,846.0,744.0,2026-05-29 14:14:56.101092+00
3107,39,P01,yes,1,-0.7283,0.731059,0.725562,251.0,216.0,2026-05-29 14:15:00.915125+00
3115,38,P05,no,1,0.0609,0.939913,0.938325,846.0,748.0,2026-05-29 14:15:03.434056+00
3116,39,P04,yes,13,-10.0033,0.800415,0.736485,233.0,196.0,2026-05-29 14:15:04.440405+00
3117,41,P05,no,20,6.4364,0.736485,0.61591,233.0,216.0,2026-05-29 14:15:33.263292+00
3121,41,P02,no,20,-11.6412,0.351806,0.486115,234.0,236.0,2026-05-29 14:15:34.262896+00
3144,40,P01,yes,8,7.3602,0.9116,0.927946,880.0,788.0,2026-05-29 14:15:50.844035+00
3149,41,P01,no,1,0.1974,0.804815,0.800415,269.0,219.0,2026-05-29 14:15:51.488622+00
3151,41,P01,no,1,0.2063,0.79594,0.791391,269.0,221.0,2026-05-29 14:15:51.831816+00
3153,41,P01,no,1,0.2156,0.786768,0.782071,269.0,223.0,2026-05-29 14:15:52.189796+00
3156,41,P01,no,1,0.2772,0.725562,0.719997,259.0,225.0,2026-05-29 14:15:52.540444+00
3160,41,P01,no,1,0.3,0.702893,0.697059,259.0,229.0,2026-05-29 14:15:53.230213+00
3164,41,P01,no,1,0.3239,0.679179,0.673096,259.0,233.0,2026-05-29 14:15:53.914885+00
3165,41,P07,yes,20,14.5979,0.673096,0.782071,279.0,233.0,2026-05-29 14:15:54.045306+00
3167,41,P01,no,1,0.2251,0.7773,0.772454,279.0,235.0,2026-05-29 14:15:54.288088+00
3169,41,P01,no,1,0.23,0.772454,0.767535,279.0,236.0,2026-05-29 14:15:54.504916+00
3170,41,P02,yes,1,-0.765,0.767535,0.762542,278.0,236.0,2026-05-29 14:15:58.021351+00
3171,40,P01,yes,4,3.3935,0.841131,0.855422,892.0,828.0,2026-05-29 14:15:59.641913+00
3172,41,P01,no,1,0.24,0.762542,0.757476,278.0,237.0,2026-05-29 14:16:02.804826+00
3173,41,P05,no,1,-0.24,0.757476,0.762542,278.0,236.0,2026-05-29 14:16:04.083584+00
3175,41,P05,no,1,-0.235,0.762542,0.767535,278.0,235.0,2026-05-29 14:16:04.310604+00
3176,41,P05,no,1,-0.23,0.767535,0.772454,278.0,234.0,2026-05-29 14:16:04.507462+00
3177,41,P05,no,1,-0.2251,0.772454,0.7773,278.0,233.0,2026-05-29 14:16:04.707886+00
3178,41,P05,no,1,-0.2203,0.7773,0.782071,278.0,232.0,2026-05-29 14:16:04.890519+00
3179,41,P05,no,1,-0.2156,0.782071,0.786768,278.0,231.0,2026-05-29 14:16:05.077871+00
3180,41,P05,no,1,-0.2109,0.786768,0.791391,278.0,230.0,2026-05-29 14:16:05.272939+00
3181,41,P05,no,1,-0.2063,0.791391,0.79594,278.0,229.0,2026-05-29 14:16:05.476331+00
3182,40,P02,yes,1,-0.8502,0.851953,0.848415,890.0,828.0,2026-05-29 14:16:05.51456+00
3183,41,P05,no,1,-0.2018,0.79594,0.800415,278.0,228.0,2026-05-29 14:16:05.691435+00
3184,41,P05,no,1,-0.1974,0.800415,0.804815,278.0,227.0,2026-05-29 14:16:05.89038+00
3185,41,P05,no,1,-0.193,0.804815,0.809142,278.0,226.0,2026-05-29 14:16:06.077133+00
3186,41,P05,no,1,-0.1887,0.809142,0.813395,278.0,225.0,2026-05-29 14:16:06.273548+00
3187,40,P02,yes,1,-0.8466,0.848415,0.844808,889.0,828.0,2026-05-29 14:16:06.74528+00
3188,41,P05,no,1,-0.1845,0.813395,0.817574,278.0,224.0,2026-05-29 14:16:07.078175+00
3189,41,P05,no,1,-0.1804,0.817574,0.821681,278.0,223.0,2026-05-29 14:16:08.184159+00
3190,41,P05,no,1,-0.1763,0.821681,0.825715,278.0,222.0,2026-05-29 14:16:08.783309+00
3191,41,P05,no,1,-0.1723,0.825715,0.829676,278.0,221.0,2026-05-29 14:16:09.500215+00
3192,41,P05,no,1,-0.1684,0.829676,0.833566,278.0,220.0,2026-05-29 14:16:10.04501+00
3193,41,P05,no,1,-0.1645,0.833566,0.837384,278.0,219.0,2026-05-29 14:16:10.312059+00
3194,41,P04,yes,1,-0.8355,0.837384,0.833566,277.0,219.0,2026-05-29 14:16:10.341075+00
3195,41,P05,no,1,-0.1645,0.833566,0.837384,277.0,218.0,2026-05-29 14:16:10.506951+00
3196,41,P05,no,1,-0.1607,0.837384,0.841131,277.0,217.0,2026-05-29 14:16:10.708608+00
3197,41,P05,no,1,-0.157,0.841131,0.844808,277.0,216.0,2026-05-29 14:16:10.94108+00
3198,41,P05,no,1,-0.1534,0.844808,0.848415,277.0,215.0,2026-05-29 14:16:11.244434+00
672,13,P01,yes,1,0.9601,0.95956,0.960625,115.0,0.0,2026-05-29 13:48:21.219117+00
674,13,P04,yes,20,19.6457,0.977023,0.986686,155.0,0.0,2026-05-29 13:48:21.491016+00
678,14,P09,yes,20,-16.873,0.87785,0.804815,51.0,0.0,2026-05-29 13:48:22.010401+00
680,14,P05,no,20,4.8747,0.804815,0.702893,51.0,20.0,2026-05-29 13:48:22.852117+00
686,13,P07,yes,8,7.9119,0.987738,0.990157,167.0,1.0,2026-05-29 13:48:25.034464+00
688,14,P03,no,14,6.5162,0.58257,0.486115,52.0,54.0,2026-05-29 13:48:25.523895+00
690,14,P01,yes,7,3.5728,0.486115,0.534667,59.0,54.0,2026-05-29 13:48:26.410277+00
697,13,P04,yes,6,5.947,0.990424,0.991882,174.0,1.0,2026-05-29 13:48:27.226743+00
699,14,P09,yes,20,16.6476,0.791391,0.868629,122.0,54.0,2026-05-29 13:48:27.626341+00
701,13,P06,yes,20,19.8752,0.991882,0.995326,194.0,1.0,2026-05-29 13:48:28.009622+00
711,14,P06,yes,1,0.5859,0.58257,0.589309,127.0,114.0,2026-05-29 13:48:34.245526+00
719,14,P01,yes,7,5.8998,0.829676,0.855422,178.0,114.0,2026-05-29 13:48:35.344504+00
722,13,P05,no,14,0.1024,0.994007,0.991183,198.0,28.0,2026-05-29 13:48:36.510521+00
725,14,P04,yes,1,-0.8959,0.897216,0.894626,191.0,114.0,2026-05-29 13:48:37.379556+00
727,14,P08,no,5,0.9022,0.829676,0.809142,171.0,119.0,2026-05-29 13:48:39.114209+00
728,13,P06,no,20,0.2483,0.990684,0.983875,201.0,53.0,2026-05-29 13:48:40.075066+00
730,13,P06,no,20,0.7352,0.972228,0.952574,201.0,93.0,2026-05-29 13:48:41.823439+00
731,13,P06,no,20,1.2466,0.952574,0.920154,201.0,113.0,2026-05-29 13:48:42.713095+00
732,13,P06,no,20,2.0745,0.920154,0.868629,201.0,133.0,2026-05-29 13:48:46.516868+00
733,14,P06,yes,1,0.8113,0.809142,0.813395,172.0,119.0,2026-05-29 13:48:47.244659+00
734,13,P08,no,5,0.6979,0.868629,0.851953,201.0,138.0,2026-05-29 13:48:48.730622+00
735,13,P06,no,20,3.7565,0.851953,0.767535,201.0,158.0,2026-05-29 13:48:49.623921+00
736,13,P04,yes,1,0.77,0.767535,0.772454,202.0,158.0,2026-05-29 13:48:50.774592+00
737,13,P02,no,15,4.0032,0.772454,0.691162,202.0,173.0,2026-05-29 13:48:51.48531+00
755,13,P01,yes,1,0.8959,0.894626,0.897216,257.0,179.0,2026-05-29 13:49:09.414265+00
758,13,P02,no,14,1.4818,0.9116,0.87484,263.0,193.0,2026-05-29 13:49:11.085415+00
767,13,P02,yes,10,8.4452,0.825715,0.862158,284.0,218.0,2026-05-29 13:49:29.178626+00
769,14,P01,yes,10,-8.6188,0.87785,0.844808,177.0,116.0,2026-05-29 13:49:32.747738+00
771,14,P01,yes,10,-7.8176,0.804815,0.757476,157.0,116.0,2026-05-29 13:49:33.019107+00
776,14,P01,yes,10,-4.723,0.506944,0.437823,107.0,116.0,2026-05-29 13:49:33.676878+00
782,14,P09,yes,20,15.1253,0.702893,0.804815,167.0,116.0,2026-05-29 13:49:35.102813+00
783,14,P08,yes,4,3.2534,0.804815,0.821681,171.0,116.0,2026-05-29 13:49:35.22613+00
784,14,P04,yes,1,0.8237,0.821681,0.825715,172.0,116.0,2026-05-29 13:49:35.408094+00
785,14,P02,yes,1,-0.8237,0.825715,0.821681,171.0,116.0,2026-05-29 13:49:35.461595+00
786,13,P09,no,5,0.6979,0.868629,0.851953,286.0,223.0,2026-05-29 13:49:37.687884+00
787,14,P09,yes,20,-15.5214,0.821681,0.725562,151.0,116.0,2026-05-29 13:49:39.472045+00
788,14,P02,yes,13,9.8735,0.725562,0.791391,164.0,116.0,2026-05-29 13:49:40.989484+00
789,14,P06,yes,1,0.7937,0.791391,0.79594,165.0,116.0,2026-05-29 13:49:41.161453+00
790,16,P04,yes,1,0.7982,0.79594,0.800415,166.0,116.0,2026-05-29 13:50:11.84235+00
791,15,P08,yes,5,4.3021,0.851953,0.868629,291.0,223.0,2026-05-29 13:50:14.080609+00
792,16,P09,no,10,2.2301,0.800415,0.752336,166.0,126.0,2026-05-29 13:50:14.101275+00
793,15,P08,yes,5,4.3814,0.868629,0.883683,296.0,223.0,2026-05-29 13:50:16.345179+00
794,16,P09,yes,10,7.7699,0.752336,0.800415,176.0,126.0,2026-05-29 13:50:17.35715+00
795,15,P08,yes,5,4.4529,0.883683,0.897216,301.0,223.0,2026-05-29 13:50:19.728911+00
796,15,P01,yes,1,0.8985,0.897216,0.89975,302.0,223.0,2026-05-29 13:50:21.319783+00
797,16,P09,yes,20,-15.0227,0.800415,0.697059,156.0,126.0,2026-05-29 13:50:22.47572+00
798,16,P01,yes,10,7.2527,0.697059,0.752336,166.0,126.0,2026-05-29 13:50:24.191125+00
799,15,P01,yes,1,0.901,0.89975,0.902227,303.0,223.0,2026-05-29 13:50:24.436023+00
800,16,P09,yes,20,15.9837,0.752336,0.841131,186.0,126.0,2026-05-29 13:50:24.98362+00
801,15,P01,yes,1,0.9034,0.902227,0.904651,304.0,223.0,2026-05-29 13:50:26.332637+00
802,15,P08,yes,5,4.5521,0.904651,0.915976,309.0,223.0,2026-05-29 13:50:26.457236+00
803,15,P01,yes,1,0.917,0.915976,0.918089,310.0,223.0,2026-05-29 13:50:27.769461+00
804,16,P02,yes,20,-15.9837,0.841131,0.752336,166.0,126.0,2026-05-29 13:50:27.905138+00
805,15,P01,yes,1,0.9191,0.918089,0.920154,311.0,223.0,2026-05-29 13:50:27.965823+00
806,15,P01,yes,1,0.9212,0.920154,0.922171,312.0,223.0,2026-05-29 13:50:29.86498+00
807,15,P05,no,5,0.4151,0.922171,0.9116,312.0,228.0,2026-05-29 13:50:31.728458+00
808,15,P05,yes,1,-0.9105,0.9116,0.909336,311.0,228.0,2026-05-29 13:50:36.903093+00
809,16,P02,yes,20,15.9837,0.752336,0.841131,186.0,126.0,2026-05-29 13:50:37.586812+00
810,16,P05,no,20,4.0163,0.841131,0.752336,186.0,146.0,2026-05-29 13:50:38.980999+00
811,15,P02,no,20,2.3466,0.909336,0.851953,311.0,248.0,2026-05-29 13:50:39.645909+00
812,16,P09,no,20,-4.0163,0.752336,0.841131,186.0,126.0,2026-05-29 13:50:40.135152+00
813,16,P04,no,1,0.1607,0.841131,0.837384,186.0,127.0,2026-05-29 13:50:41.171177+00
814,15,P08,no,5,0.7855,0.851953,0.833566,311.0,253.0,2026-05-29 13:50:43.50271+00
815,16,P04,no,1,0.1645,0.837384,0.833566,186.0,128.0,2026-05-29 13:50:44.951692+00
816,16,P08,no,3,0.517,0.833566,0.821681,186.0,131.0,2026-05-29 13:50:45.50368+00
817,16,P05,yes,20,-15.5214,0.821681,0.725562,166.0,131.0,2026-05-29 13:50:45.810426+00
818,15,P08,no,5,0.8818,0.833566,0.813395,311.0,258.0,2026-05-29 13:50:47.573189+00
819,15,P02,yes,5,4.1182,0.813395,0.833566,316.0,258.0,2026-05-29 13:50:48.33334+00
820,16,P02,yes,20,15.5214,0.725562,0.821681,186.0,131.0,2026-05-29 13:50:52.091897+00
821,16,P06,yes,1,-0.8196,0.821681,0.817574,185.0,131.0,2026-05-29 13:50:54.180858+00
822,16,P01,yes,18,-13.9735,0.817574,0.731059,167.0,131.0,2026-05-29 13:50:55.703758+00
823,15,P01,yes,1,0.8355,0.833566,0.837384,317.0,258.0,2026-05-29 13:50:56.056789+00
824,15,P06,yes,1,-0.8355,0.837384,0.833566,316.0,258.0,2026-05-29 13:50:57.098621+00
825,15,P01,yes,1,0.8355,0.833566,0.837384,317.0,258.0,2026-05-29 13:50:57.244597+00
826,15,P08,yes,10,8.5514,0.837384,0.871766,327.0,258.0,2026-05-29 13:50:57.27406+00
827,15,P01,yes,1,0.8733,0.871766,0.87484,328.0,258.0,2026-05-29 13:50:57.971214+00
828,15,P01,yes,1,0.8763,0.87484,0.87785,329.0,258.0,2026-05-29 13:50:58.712778+00
829,16,P05,no,20,-4.3832,0.731059,0.825715,167.0,111.0,2026-05-29 13:50:59.769393+00
830,16,P06,yes,1,-0.8237,0.825715,0.821681,166.0,111.0,2026-05-29 13:51:00.686121+00
831,15,P01,yes,1,0.8793,0.87785,0.880797,330.0,258.0,2026-05-29 13:51:01.024898+00
832,15,P02,yes,10,8.9439,0.880797,0.90702,340.0,258.0,2026-05-29 13:51:01.425658+00
833,16,P06,yes,1,-0.8196,0.821681,0.817574,165.0,111.0,2026-05-29 13:51:02.109031+00
834,15,P01,yes,1,0.9082,0.90702,0.909336,341.0,258.0,2026-05-29 13:51:02.546966+00
835,16,P06,yes,1,-0.8155,0.817574,0.813395,164.0,111.0,2026-05-29 13:51:03.880945+00
836,15,P08,yes,10,9.1996,0.909336,0.929781,351.0,258.0,2026-05-29 13:51:06.860898+00
837,16,P09,yes,11,-8.6759,0.813395,0.762542,153.0,111.0,2026-05-29 13:51:07.008794+00
838,16,P07,yes,20,16.1584,0.762542,0.848415,173.0,111.0,2026-05-29 13:51:08.211055+00
839,15,P01,yes,1,0.9307,0.929781,0.931573,352.0,258.0,2026-05-29 13:51:09.453218+00
840,16,P04,yes,1,-0.8466,0.848415,0.844808,172.0,111.0,2026-05-29 13:51:14.4833+00
841,16,P02,yes,20,-16.0718,0.844808,0.757476,152.0,111.0,2026-05-29 13:51:14.643385+00
845,15,P08,no,10,0.686,0.939913,0.922171,357.0,268.0,2026-05-29 13:51:22.215315+00
846,15,P01,yes,3,2.7753,0.922171,0.927946,360.0,268.0,2026-05-29 13:51:23.327003+00
848,16,P01,yes,10,8.2541,0.804815,0.844808,172.0,111.0,2026-05-29 13:51:24.075095+00
850,16,P01,yes,10,8.9174,0.87785,0.904651,192.0,111.0,2026-05-29 13:51:24.477662+00
857,16,P01,yes,10,9.6452,0.95956,0.969065,235.0,111.0,2026-05-29 13:51:25.875534+00
863,16,P02,yes,20,-18.9344,0.95956,0.931573,205.0,111.0,2026-05-29 13:51:28.010839+00
869,16,P09,yes,20,-17.0163,0.883683,0.813395,165.0,112.0,2026-05-29 13:51:30.947186+00
874,16,P06,no,1,0.1362,0.865426,0.862158,181.0,115.0,2026-05-29 13:51:34.497035+00
876,16,P06,no,1,0.1395,0.862158,0.858824,181.0,116.0,2026-05-29 13:51:35.496904+00
883,17,P06,no,1,-0.1645,0.833566,0.837384,191.0,132.0,2026-05-29 13:52:10.801817+00
886,18,P01,yes,1,0.8702,0.868629,0.871766,377.0,308.0,2026-05-29 13:52:18.722233+00
889,18,P01,yes,1,0.8906,0.889273,0.891978,384.0,308.0,2026-05-29 13:52:19.637773+00
890,17,P06,yes,1,0.8393,0.837384,0.841131,192.0,132.0,2026-05-29 13:52:22.307771+00
895,17,P01,yes,10,-6.0253,0.635424,0.569001,142.0,132.0,2026-05-29 13:52:25.394984+00
900,17,P01,yes,10,-3.3328,0.364576,0.302941,102.0,132.0,2026-05-29 13:52:26.061919+00
904,17,P09,yes,10,4.6539,0.430999,0.5,132.0,132.0,2026-05-29 13:52:26.495388+00
905,17,P04,yes,1,0.5035,0.5,0.506944,133.0,132.0,2026-05-29 13:52:26.866215+00
907,17,P08,no,5,-2.0368,0.5758,0.609318,143.0,127.0,2026-05-29 13:52:27.193365+00
913,17,P06,yes,1,0.917,0.915976,0.918089,214.0,127.0,2026-05-29 13:52:29.631849+00
916,17,P08,no,1,0.0851,0.915976,0.913813,214.0,129.0,2026-05-29 13:52:32.338987+00
918,17,P08,no,1,0.0895,0.9116,0.909336,214.0,131.0,2026-05-29 13:52:32.840079+00
922,17,P08,no,1,0.099,0.902227,0.89975,214.0,135.0,2026-05-29 13:52:33.654456+00
923,17,P08,no,1,0.1015,0.89975,0.897216,214.0,136.0,2026-05-29 13:52:34.32108+00
928,17,P08,no,1,0.1094,0.891978,0.889273,214.0,139.0,2026-05-29 13:52:40.269944+00
929,17,P03,no,4,0.4654,0.889273,0.87785,214.0,143.0,2026-05-29 13:52:41.434561+00
930,17,P02,yes,20,-16.873,0.87785,0.804815,194.0,143.0,2026-05-29 13:52:41.660579+00
931,17,P03,no,4,0.8164,0.804815,0.786768,194.0,147.0,2026-05-29 13:52:42.504104+00
2186,30,P01,yes,1,0.0693,0.068427,0.070219,659.0,752.0,2026-05-29 14:05:06.457995+00
2192,31,P01,no,12,-4.6911,0.569001,0.648194,282.0,260.0,2026-05-29 14:05:08.684729+00
2198,31,P04,no,1,0.0942,0.90702,0.904651,282.0,201.0,2026-05-29 14:05:09.518268+00
2201,31,P04,no,1,0.1178,0.883683,0.880797,262.0,190.0,2026-05-29 14:05:09.694878+00
2203,31,P01,no,12,-2.0024,0.809142,0.855422,242.0,178.0,2026-05-29 14:05:09.793486+00
2212,30,P01,yes,1,0.0711,0.070219,0.072054,660.0,752.0,2026-05-29 14:05:10.178274+00
2218,31,P01,no,12,-6.9075,0.38409,0.465333,142.0,147.0,2026-05-29 14:05:10.834211+00
2220,30,P01,yes,1,0.073,0.072054,0.073934,661.0,752.0,2026-05-29 14:05:11.886009+00
2221,30,P02,no,3,2.7866,0.073934,0.068427,661.0,755.0,2026-05-29 14:05:13.318274+00
2230,30,P01,yes,1,0.0507,0.05,0.051336,644.0,749.0,2026-05-29 14:05:28.091234+00
2238,30,P09,yes,3,0.1645,0.052706,0.057025,648.0,749.0,2026-05-29 14:05:37.094106+00
2242,30,P07,no,20,19.4956,0.032645,0.018994,648.0,790.0,2026-05-29 14:05:53.226898+00
2252,31,P03,yes,7,0.9775,0.128234,0.151585,55.0,117.0,2026-05-29 14:05:58.465096+00
2264,32,P08,yes,1,0.099,0.097773,0.10025,58.0,137.0,2026-05-29 14:06:14.555828+00
2268,32,P01,no,10,9.4574,0.061675,0.047426,59.0,167.0,2026-05-29 14:06:15.165388+00
2271,32,P01,no,10,9.7567,0.027772,0.021179,59.0,197.0,2026-05-29 14:06:15.732473+00
2279,32,P05,yes,20,6.4364,0.263515,0.38409,160.0,177.0,2026-05-29 14:06:20.324716+00
2289,33,P06,no,20,19.9053,0.006161,0.003544,628.0,831.0,2026-05-29 14:06:29.272108+00
2290,32,P08,yes,1,0.157,0.155192,0.158869,137.0,197.0,2026-05-29 14:06:30.74607+00
2295,32,P05,yes,1,0.1763,0.174285,0.178319,142.0,197.0,2026-05-29 14:06:31.707676+00
2297,32,P09,yes,10,2.0437,0.182426,0.227546,153.0,197.0,2026-05-29 14:06:32.019987+00
2306,32,P05,yes,1,0.2717,0.268941,0.274438,162.0,197.0,2026-05-29 14:06:33.306711+00
2311,32,P05,yes,1,0.2772,0.274438,0.280003,163.0,197.0,2026-05-29 14:06:33.792703+00
2316,32,P05,yes,1,0.3,0.297107,0.302941,167.0,197.0,2026-05-29 14:06:34.424696+00
2321,32,P05,yes,1,0.33,0.326904,0.333045,172.0,197.0,2026-05-29 14:06:35.256994+00
2323,32,P05,yes,1,0.3424,0.339244,0.345498,174.0,197.0,2026-05-29 14:06:35.59199+00
2332,32,P05,yes,1,-0.2203,0.2227,0.217929,153.0,199.0,2026-05-29 14:06:46.723094+00
2347,33,P07,no,20,19.9815,0.001202,0.00069,629.0,891.0,2026-05-29 14:06:58.693013+00
2353,32,P02,yes,20,3.4304,0.134574,0.213232,152.0,199.0,2026-05-29 14:07:02.017766+00
2354,32,P05,yes,20,-3.4304,0.213232,0.134574,132.0,199.0,2026-05-29 14:07:03.767704+00
2356,33,P07,no,20,19.9966,0.000221,0.000127,628.0,951.0,2026-05-29 14:07:04.39662+00
2357,32,P02,yes,20,3.3524,0.131371,0.208609,151.0,199.0,2026-05-29 14:07:05.22226+00
2358,33,P07,no,20,19.9981,0.000127,7.3e-05,628.0,971.0,2026-05-29 14:07:05.388066+00
2362,33,P07,no,20,19.9998,1.4e-05,8.0e-06,628.0,1051.0,2026-05-29 14:07:11.008083+00
2376,32,P08,yes,1,-0.3059,0.308838,0.302941,150.0,180.0,2026-05-29 14:07:24.250948+00
2381,32,P05,yes,20,-4.9773,0.302941,0.199585,150.0,200.0,2026-05-29 14:07:30.027257+00
2382,33,P07,no,20,20.0,1.0e-06,1.0e-06,640.0,1146.0,2026-05-29 14:07:32.60861+00
2383,33,P05,yes,5,0.0,1.0e-06,1.0e-06,645.0,1146.0,2026-05-29 14:07:34.221201+00
2388,33,P01,yes,1,0.0,1.0e-06,1.0e-06,652.0,1166.0,2026-05-29 14:07:39.925306+00
2740,34,P05,yes,20,-12.5639,0.691162,0.562177,115.0,106.0,2026-05-29 14:11:18.628701+00
2749,34,P05,yes,1,0.6639,0.660756,0.666955,131.0,106.0,2026-05-29 14:11:27.807659+00
2764,36,P05,no,1,0.4208,0.58257,0.5758,130.0,119.0,2026-05-29 14:12:02.942852+00
2767,36,P05,no,1,0.4412,0.562177,0.555328,130.0,122.0,2026-05-29 14:12:04.108285+00
2775,37,P01,yes,1,0.9251,0.924142,0.926066,665.0,574.0,2026-05-29 14:12:08.885085+00
2779,37,P01,yes,1,0.9754,0.975076,0.975742,667.0,534.0,2026-05-29 14:12:09.947707+00
2788,36,P01,yes,1,0.5656,0.562177,0.569001,152.0,142.0,2026-05-29 14:12:12.986953+00
2790,36,P01,yes,1,0.5724,0.569001,0.5758,153.0,142.0,2026-05-29 14:12:13.13495+00
2797,37,P01,yes,1,0.9934,0.993307,0.993489,675.0,494.0,2026-05-29 14:12:13.881887+00
2802,37,P01,yes,1,0.9886,0.988393,0.988707,675.0,514.0,2026-05-29 14:12:14.751409+00
2807,37,P08,no,20,0.491,0.981517,0.968221,657.0,534.0,2026-05-29 14:12:15.804995+00
2812,36,P04,yes,20,13.1967,0.596015,0.719997,196.0,162.0,2026-05-29 14:12:21.977327+00
2818,36,P01,yes,1,-0.7058,0.708661,0.702893,193.0,162.0,2026-05-29 14:12:24.480469+00
2823,36,P01,yes,1,-0.6761,0.679179,0.673096,188.0,162.0,2026-05-29 14:12:25.930834+00
2825,36,P01,yes,1,-0.6639,0.666955,0.660756,186.0,162.0,2026-05-29 14:12:26.538977+00
2831,37,P04,no,2,0.1813,0.9116,0.90702,618.0,536.0,2026-05-29 14:12:27.287318+00
2931,39,P05,no,1,0.2251,0.7773,0.772454,232.0,188.0,2026-05-29 14:13:38.656538+00
2938,39,P05,no,1,0.2608,0.74184,0.736485,232.0,195.0,2026-05-29 14:13:41.025787+00
2944,39,P05,no,1,0.2942,0.708661,0.702893,232.0,201.0,2026-05-29 14:13:42.47303+00
2954,39,P01,yes,1,0.7,0.697059,0.702893,237.0,206.0,2026-05-29 14:13:43.502272+00
2959,39,P05,no,1,0.2885,0.714362,0.708661,240.0,208.0,2026-05-29 14:13:44.006999+00
2965,39,P01,yes,1,0.7392,0.736485,0.74184,246.0,208.0,2026-05-29 14:13:44.841154+00
842,16,P09,yes,10,7.8176,0.757476,0.804815,162.0,111.0,2026-05-29 13:51:16.59471+00
844,15,P06,yes,2,1.8766,0.936698,0.939913,357.0,258.0,2026-05-29 13:51:21.655637+00
855,16,P08,yes,7,-6.6631,0.9562,0.947294,215.0,111.0,2026-05-29 13:51:25.670536+00
860,16,P09,yes,10,9.6452,0.95956,0.969065,235.0,111.0,2026-05-29 13:51:26.080269+00
875,15,P08,no,10,1.0048,0.9116,0.886508,372.0,298.0,2026-05-29 13:51:35.309461+00
877,16,P05,no,20,3.5906,0.858824,0.7773,181.0,136.0,2026-05-29 13:51:35.522369+00
881,17,P06,no,1,-0.1723,0.825715,0.829676,191.0,134.0,2026-05-29 13:52:04.725367+00
882,17,P06,no,1,-0.1684,0.829676,0.833566,191.0,133.0,2026-05-29 13:52:06.421239+00
887,18,P08,yes,5,4.3963,0.871766,0.886508,382.0,308.0,2026-05-29 13:52:18.951604+00
888,18,P01,yes,1,0.8879,0.886508,0.889273,383.0,308.0,2026-05-29 13:52:19.423357+00
891,17,P01,yes,10,-8.2138,0.841131,0.800415,182.0,132.0,2026-05-29 13:52:24.826449+00
893,17,P01,yes,10,-7.2527,0.752336,0.697059,162.0,132.0,2026-05-29 13:52:25.121087+00
897,17,P01,yes,10,-4.6539,0.5,0.430999,122.0,132.0,2026-05-29 13:52:25.728857+00
902,17,P01,yes,10,-3.3328,0.364576,0.302941,102.0,132.0,2026-05-29 13:52:26.227439+00
906,17,P09,yes,10,5.415,0.506944,0.5758,143.0,132.0,2026-05-29 13:52:26.941962+00
911,17,P09,yes,10,8.7759,0.862158,0.891978,203.0,127.0,2026-05-29 13:52:28.199738+00
912,17,P09,yes,10,9.0443,0.891978,0.915976,213.0,127.0,2026-05-29 13:52:29.156224+00
915,17,P08,no,1,0.083,0.918089,0.915976,214.0,128.0,2026-05-29 13:52:31.922071+00
920,17,P08,no,1,0.0942,0.90702,0.904651,214.0,133.0,2026-05-29 13:52:33.246055+00
924,17,P08,no,1,0.1041,0.897216,0.894626,214.0,137.0,2026-05-29 13:52:34.538982+00
925,17,P06,yes,1,0.8959,0.894626,0.897216,215.0,137.0,2026-05-29 13:52:34.801173+00
2187,31,P06,yes,1,0.3178,0.314799,0.320821,281.0,308.0,2026-05-29 14:05:07.869807+00
2191,31,P06,yes,1,0.5656,0.562177,0.569001,282.0,272.0,2026-05-29 14:05:08.658075+00
2193,31,P01,no,12,-3.782,0.648194,0.719997,282.0,248.0,2026-05-29 14:05:08.825439+00
2197,31,P01,no,12,-1.3005,0.87484,0.90702,282.0,200.0,2026-05-29 14:05:09.469611+00
2202,31,P05,yes,20,-16.9453,0.880797,0.809142,242.0,190.0,2026-05-29 14:05:09.712681+00
2208,31,P05,yes,20,-13.3201,0.725562,0.602685,202.0,187.0,2026-05-29 14:05:10.044145+00
2210,31,P02,yes,20,-7.9589,0.465333,0.333045,182.0,207.0,2026-05-29 14:05:10.127202+00
2216,31,P01,no,12,-6.2493,0.437823,0.520821,162.0,159.0,2026-05-29 14:05:10.625215+00
2222,30,P06,yes,20,-1.0656,0.068427,0.04044,641.0,755.0,2026-05-29 14:05:13.741507+00
2224,31,P07,no,20,-12.0411,0.333045,0.465333,142.0,147.0,2026-05-29 14:05:17.952342+00
2229,30,P06,no,10,-9.5608,0.038338,0.05,643.0,749.0,2026-05-29 14:05:27.075416+00
2234,31,P09,no,20,-12.0411,0.333045,0.465333,102.0,107.0,2026-05-29 14:05:30.851917+00
2237,31,P09,yes,20,-5.5117,0.333045,0.2227,62.0,107.0,2026-05-29 14:05:34.640408+00
2244,31,P05,yes,1,0.3424,0.339244,0.345498,64.0,87.0,2026-05-29 14:05:54.843051+00
2246,31,P05,yes,1,0.355,0.351806,0.358166,66.0,87.0,2026-05-29 14:05:55.195196+00
2260,33,P06,yes,20,-0.2927,0.018994,0.010987,628.0,790.0,2026-05-29 14:06:14.088398+00
2262,32,P01,no,10,9.3315,0.075858,0.058537,57.0,157.0,2026-05-29 14:06:14.453534+00
2266,32,P01,no,10,9.0912,0.102784,0.079846,59.0,147.0,2026-05-29 14:06:14.807517+00
2267,32,P01,no,10,9.296,0.079846,0.061675,59.0,157.0,2026-05-29 14:06:14.982788+00
2270,32,P01,no,10,9.6813,0.036341,0.027772,59.0,187.0,2026-05-29 14:06:15.519446+00
2274,32,P08,yes,1,0.0368,0.036341,0.037327,60.0,177.0,2026-05-29 14:06:18.983153+00
2276,32,P05,yes,20,1.6544,0.063302,0.105374,100.0,177.0,2026-05-29 14:06:19.776445+00
2284,32,P08,yes,1,-0.3614,0.364576,0.358166,156.0,177.0,2026-05-29 14:06:23.378847+00
2286,32,P07,no,20,14.1512,0.351806,0.237458,155.0,197.0,2026-05-29 14:06:25.266611+00
2287,32,P05,yes,20,-3.8416,0.237458,0.151585,135.0,197.0,2026-05-29 14:06:27.544851+00
2288,32,P08,yes,1,0.1534,0.151585,0.155192,136.0,197.0,2026-05-29 14:06:28.971337+00
2292,32,P05,yes,1,0.1645,0.162616,0.166434,139.0,197.0,2026-05-29 14:06:31.207317+00
2299,32,P05,yes,1,0.235,0.232465,0.237458,155.0,197.0,2026-05-29 14:06:32.207137+00
2300,32,P05,yes,1,0.24,0.237458,0.242524,156.0,197.0,2026-05-29 14:06:32.357126+00
2302,32,P05,yes,1,0.2503,0.247664,0.252876,158.0,197.0,2026-05-29 14:06:32.673886+00
2308,32,P08,yes,1,-0.2772,0.280003,0.274438,162.0,197.0,2026-05-29 14:06:33.476937+00
2313,33,P07,no,20,19.9456,0.003544,0.002037,628.0,851.0,2026-05-29 14:06:34.026779+00
2322,32,P05,yes,1,0.3361,0.333045,0.339244,173.0,197.0,2026-05-29 14:06:35.428978+00
2325,32,P05,yes,1,0.355,0.351806,0.358166,176.0,197.0,2026-05-29 14:06:35.958747+00
2335,32,P05,yes,1,-0.2109,0.213232,0.208609,151.0,199.0,2026-05-29 14:06:48.632222+00
2336,32,P09,yes,10,2.3277,0.208609,0.25816,161.0,199.0,2026-05-29 14:06:50.873249+00
2340,32,P05,yes,1,-0.24,0.242524,0.237458,157.0,199.0,2026-05-29 14:06:52.29114+00
2341,32,P05,yes,1,-0.235,0.237458,0.232465,156.0,199.0,2026-05-29 14:06:52.423821+00
2345,32,P05,yes,1,-0.2156,0.217929,0.213232,152.0,199.0,2026-05-29 14:06:53.074127+00
2349,32,P05,yes,20,-3.3524,0.208609,0.131371,131.0,199.0,2026-05-29 14:06:59.046634+00
2355,32,P08,yes,1,-0.133,0.134574,0.131371,131.0,199.0,2026-05-29 14:07:04.074244+00
2367,33,P05,yes,6,0.0,5.0e-06,5.0e-06,634.0,1071.0,2026-05-29 14:07:14.888908+00
2369,32,P05,yes,1,-0.133,0.134574,0.131371,111.0,179.0,2026-05-29 14:07:15.124526+00
2372,33,P07,no,20,19.9999,6.0e-06,4.0e-06,640.0,1091.0,2026-05-29 14:07:22.778233+00
2373,32,P05,yes,20,3.2759,0.128234,0.20406,131.0,180.0,2026-05-29 14:07:23.257639+00
2379,32,P09,no,20,15.0227,0.302941,0.199585,150.0,200.0,2026-05-29 14:07:26.177871+00
2387,33,P05,yes,5,0.0,1.0e-06,1.0e-06,651.0,1166.0,2026-05-29 14:07:39.12862+00
2741,34,P01,yes,10,5.9587,0.562177,0.628965,125.0,106.0,2026-05-29 14:11:19.616705+00
2744,34,P05,yes,1,0.6322,0.628965,0.635424,126.0,106.0,2026-05-29 14:11:27.093266+00
2746,34,P08,yes,1,0.645,0.641834,0.648194,128.0,106.0,2026-05-29 14:11:27.294551+00
2748,34,P05,yes,1,0.6576,0.654502,0.660756,130.0,106.0,2026-05-29 14:11:27.658619+00
2754,36,P06,yes,1,-0.6386,0.641834,0.635424,130.0,110.0,2026-05-29 14:12:00.284075+00
2756,36,P05,no,1,0.3743,0.628965,0.622459,130.0,112.0,2026-05-29 14:12:00.680919+00
2761,36,P05,no,1,0.4006,0.602685,0.596015,130.0,116.0,2026-05-29 14:12:02.007869+00
2769,37,P02,no,20,-10.0,0.430999,0.569001,664.0,654.0,2026-05-29 14:12:07.18519+00
2771,37,P02,no,20,-4.9773,0.697059,0.800415,664.0,614.0,2026-05-29 14:12:08.161932+00
2773,37,P02,no,20,-3.2008,0.800415,0.87484,664.0,594.0,2026-05-29 14:12:08.513524+00
2777,37,P01,yes,1,0.9568,0.9562,0.957349,666.0,554.0,2026-05-29 14:12:09.367313+00
2789,37,P01,yes,1,0.9926,0.992526,0.99273,671.0,494.0,2026-05-29 14:12:13.04841+00
2791,37,P01,yes,1,0.9928,0.99273,0.992928,672.0,494.0,2026-05-29 14:12:13.249203+00
2793,36,P01,yes,1,0.5859,0.58257,0.589309,155.0,142.0,2026-05-29 14:12:13.433617+00
2798,36,P01,yes,1,0.5994,0.596015,0.602685,157.0,142.0,2026-05-29 14:12:14.165723+00
2804,37,P06,yes,10,-9.8736,0.989013,0.985546,666.0,514.0,2026-05-29 14:12:15.009153+00
2810,37,P01,yes,1,0.9466,0.94589,0.947294,638.0,534.0,2026-05-29 14:12:21.278148+00
2814,36,P05,yes,1,0.7228,0.719997,0.725562,197.0,162.0,2026-05-29 14:12:22.465614+00
2816,36,P01,yes,1,-0.7172,0.719997,0.714362,195.0,162.0,2026-05-29 14:12:24.071359+00
2820,36,P01,yes,1,-0.6941,0.697059,0.691162,191.0,162.0,2026-05-29 14:12:24.836052+00
2824,36,P05,yes,1,-0.67,0.673096,0.666955,187.0,162.0,2026-05-29 14:12:26.332592+00
843,15,P01,yes,3,2.8025,0.931573,0.936698,355.0,258.0,2026-05-29 13:51:18.287722+00
849,16,P01,yes,10,8.6188,0.844808,0.87785,182.0,111.0,2026-05-29 13:51:24.273494+00
856,16,P01,yes,10,9.5368,0.947294,0.95956,225.0,111.0,2026-05-29 13:51:25.709605+00
861,16,P01,yes,10,9.7289,0.969065,0.976391,245.0,111.0,2026-05-29 13:51:26.277193+00
864,15,P02,yes,1,0.8985,0.897216,0.89975,367.0,288.0,2026-05-29 13:51:28.698646+00
867,16,P09,yes,20,-18.2149,0.931573,0.886508,185.0,111.0,2026-05-29 13:51:29.663948+00
870,16,P03,yes,4,-3.2191,0.813395,0.79594,161.0,112.0,2026-05-29 13:51:32.054495+00
871,16,P06,no,1,0.2063,0.79594,0.791391,161.0,113.0,2026-05-29 13:51:32.773113+00
879,16,P09,yes,10,8.0011,0.7773,0.821681,191.0,136.0,2026-05-29 13:51:35.758154+00
880,17,P06,no,1,-0.1763,0.821681,0.825715,191.0,135.0,2026-05-29 13:51:58.44131+00
885,18,P01,yes,1,0.867,0.865426,0.868629,376.0,308.0,2026-05-29 13:52:15.772763+00
894,17,P01,yes,10,-6.6672,0.697059,0.635424,152.0,132.0,2026-05-29 13:52:25.258232+00
898,18,P05,yes,1,-0.8906,0.891978,0.889273,383.0,308.0,2026-05-29 13:52:25.895581+00
903,17,P02,yes,20,7.3076,0.302941,0.430999,122.0,132.0,2026-05-29 13:52:26.276245+00
909,17,P09,yes,10,7.5717,0.731059,0.782071,173.0,127.0,2026-05-29 13:52:27.574951+00
914,18,P02,no,11,1.3971,0.889273,0.855422,383.0,319.0,2026-05-29 13:52:30.750403+00
926,17,P04,yes,1,-0.8959,0.897216,0.894626,214.0,137.0,2026-05-29 13:52:36.777387+00
927,17,P08,no,1,0.1067,0.894626,0.891978,214.0,138.0,2026-05-29 13:52:37.390321+00
2188,31,P01,no,12,-7.6984,0.320821,0.397315,281.0,296.0,2026-05-29 14:05:08.209001+00
2190,31,P01,no,12,-5.7507,0.479179,0.562177,281.0,272.0,2026-05-29 14:05:08.517092+00
2194,31,P01,no,12,-2.9772,0.719997,0.782071,282.0,236.0,2026-05-29 14:05:08.984932+00
2196,31,P01,no,12,-1.7398,0.833566,0.87484,282.0,212.0,2026-05-29 14:05:09.309816+00
2205,31,P04,no,1,0.23,0.772454,0.767535,242.0,199.0,2026-05-29 14:05:09.836807+00
2211,31,P01,no,12,-7.5442,0.333045,0.410691,182.0,195.0,2026-05-29 14:05:10.144065+00
2217,31,P02,yes,20,-9.037,0.520821,0.38409,142.0,159.0,2026-05-29 14:05:10.644792+00
2219,31,P09,no,20,12.0411,0.465333,0.333045,142.0,167.0,2026-05-29 14:05:11.431291+00
2223,30,P02,no,4,3.8466,0.04044,0.036341,641.0,759.0,2026-05-29 14:05:14.947501+00
2226,31,P02,yes,20,-7.9589,0.465333,0.333045,122.0,147.0,2026-05-29 14:05:22.743577+00
2227,31,P07,no,20,-12.0411,0.333045,0.465333,122.0,127.0,2026-05-29 14:05:23.888028+00
2232,31,P05,no,20,14.4883,0.333045,0.2227,102.0,147.0,2026-05-29 14:05:29.808667+00
2239,30,P01,no,1,0.9437,0.057025,0.055549,648.0,750.0,2026-05-29 14:05:37.754989+00
2240,31,P09,no,20,-14.4883,0.2227,0.333045,62.0,87.0,2026-05-29 14:05:38.601043+00
2241,30,P07,no,20,19.1373,0.055549,0.032645,648.0,770.0,2026-05-29 14:05:41.321096+00
2243,31,P05,yes,1,0.3361,0.333045,0.339244,63.0,87.0,2026-05-29 14:05:54.683189+00
2256,32,P01,no,10,8.2541,0.195185,0.155192,56.0,117.0,2026-05-29 14:06:12.718075+00
2257,32,P01,no,10,8.6188,0.155192,0.12215,56.0,127.0,2026-05-29 14:06:12.879622+00
2259,32,P01,no,10,9.1577,0.095349,0.073934,56.0,147.0,2026-05-29 14:06:13.198973+00
2269,32,P01,no,10,9.5835,0.047426,0.036341,59.0,177.0,2026-05-29 14:06:15.337613+00
2272,32,P09,no,20,-19.438,0.021179,0.036341,59.0,177.0,2026-05-29 14:06:16.037667+00
2282,32,P08,yes,1,-0.3743,0.377541,0.371035,158.0,177.0,2026-05-29 14:06:22.938279+00
2294,32,P05,yes,1,0.1723,0.170324,0.174285,141.0,197.0,2026-05-29 14:06:31.540877+00
2303,32,P05,yes,1,0.2555,0.252876,0.25816,159.0,197.0,2026-05-29 14:06:32.842858+00
2305,32,P05,yes,1,0.2662,0.263515,0.268941,161.0,197.0,2026-05-29 14:06:33.142108+00
2310,32,P08,yes,1,-0.2772,0.280003,0.274438,162.0,197.0,2026-05-29 14:06:33.675134+00
2315,32,P05,yes,1,0.2942,0.291339,0.297107,166.0,197.0,2026-05-29 14:06:34.274585+00
2317,32,P05,yes,1,0.3059,0.302941,0.308838,168.0,197.0,2026-05-29 14:06:34.593881+00
2320,32,P05,yes,1,0.3239,0.320821,0.326904,171.0,197.0,2026-05-29 14:06:35.108848+00
2327,32,P09,yes,20,-5.8488,0.351806,0.237458,156.0,198.0,2026-05-29 14:06:36.936057+00
2328,32,P06,no,1,0.765,0.237458,0.232465,156.0,199.0,2026-05-29 14:06:38.51511+00
2331,32,P05,yes,1,-0.2251,0.227546,0.2227,154.0,199.0,2026-05-29 14:06:46.090795+00
2338,32,P05,yes,1,-0.2503,0.252876,0.247664,159.0,199.0,2026-05-29 14:06:51.964864+00
2343,32,P05,yes,1,-0.2251,0.227546,0.2227,154.0,199.0,2026-05-29 14:06:52.741316+00
2350,33,P07,no,20,19.9897,0.000671,0.000385,628.0,911.0,2026-05-29 14:06:59.628927+00
2351,32,P08,yes,1,0.133,0.131371,0.134574,132.0,199.0,2026-05-29 14:07:01.456626+00
2360,33,P07,no,20,19.9994,4.2e-05,2.4e-05,628.0,1011.0,2026-05-29 14:07:09.430327+00
2363,32,P02,yes,20,-3.3524,0.208609,0.131371,131.0,199.0,2026-05-29 14:07:11.114114+00
2364,33,P07,no,20,19.9999,8.0e-06,5.0e-06,628.0,1071.0,2026-05-29 14:07:12.173618+00
2365,32,P08,yes,1,0.133,0.131371,0.134574,132.0,199.0,2026-05-29 14:07:13.043636+00
2375,32,P05,yes,20,5.0814,0.20406,0.308838,151.0,180.0,2026-05-29 14:07:24.026054+00
2380,32,P09,yes,20,4.9773,0.199585,0.302941,170.0,200.0,2026-05-29 14:07:29.033606+00
2389,33,P01,yes,1,0.0,1.0e-06,1.0e-06,653.0,1166.0,2026-05-29 14:07:40.107966+00
2742,35,P04,yes,6,2.2656,0.358166,0.397315,644.0,659.0,2026-05-29 14:11:24.053988+00
2743,35,P08,no,15,9.7629,0.397315,0.302941,644.0,674.0,2026-05-29 14:11:26.733197+00
2751,36,P05,no,1,0.3424,0.660756,0.654502,131.0,108.0,2026-05-29 14:11:58.873544+00
2752,36,P05,no,1,0.3486,0.654502,0.648194,131.0,109.0,2026-05-29 14:11:59.395725+00
2768,36,P08,yes,1,0.5588,0.555328,0.562177,131.0,122.0,2026-05-29 14:12:07.077969+00
2770,37,P02,no,20,-7.3076,0.569001,0.697059,664.0,634.0,2026-05-29 14:12:07.597582+00
2772,36,P04,yes,20,12.5639,0.562177,0.691162,151.0,122.0,2026-05-29 14:12:08.398806+00
2776,37,P02,no,20,-1.1528,0.926066,0.9562,665.0,554.0,2026-05-29 14:12:09.226747+00
2781,37,P02,no,20,-0.3742,0.975742,0.985936,667.0,514.0,2026-05-29 14:12:10.359149+00
2783,37,P01,yes,1,0.992,0.991882,0.992103,668.0,494.0,2026-05-29 14:12:10.845216+00
2785,37,P01,yes,1,0.992,0.991882,0.992103,668.0,494.0,2026-05-29 14:12:12.544892+00
2792,36,P01,yes,1,0.5792,0.5758,0.58257,154.0,142.0,2026-05-29 14:12:13.267485+00
2794,37,P01,yes,1,0.993,0.992928,0.99312,673.0,494.0,2026-05-29 14:12:13.577697+00
2801,37,P08,no,20,0.1786,0.993307,0.988393,674.0,514.0,2026-05-29 14:12:14.664852+00
2811,37,P05,yes,1,-0.9466,0.947294,0.94589,637.0,534.0,2026-05-29 14:12:21.767886+00
2822,36,P01,yes,1,-0.6822,0.685201,0.679179,189.0,162.0,2026-05-29 14:12:25.230017+00
2826,36,P06,no,1,0.3424,0.660756,0.654502,186.0,163.0,2026-05-29 14:12:26.576507+00
2830,36,P01,yes,1,-0.6386,0.641834,0.635424,183.0,163.0,2026-05-29 14:12:27.267186+00
2836,36,P05,yes,1,0.6192,0.61591,0.622459,182.0,164.0,2026-05-29 14:12:29.907391+00
2839,36,P05,yes,1,0.6386,0.635424,0.641834,185.0,164.0,2026-05-29 14:12:30.458936+00
2843,36,P05,yes,1,0.6576,0.654502,0.660756,188.0,164.0,2026-05-29 14:12:31.63917+00
2850,37,P05,no,6,0.5309,0.918089,0.904651,627.0,546.0,2026-05-29 14:12:34.111463+00
2854,36,P05,yes,1,-0.6882,0.691162,0.685201,192.0,164.0,2026-05-29 14:12:35.679965+00
2864,37,P08,yes,20,11.5065,0.506944,0.641834,667.0,646.0,2026-05-29 14:12:53.340894+00
2869,36,P01,no,10,5.0,0.534667,0.465333,189.0,194.0,2026-05-29 14:12:58.147402+00
2871,36,P04,yes,20,13.3201,0.602685,0.725562,229.0,194.0,2026-05-29 14:12:58.833059+00
2874,36,P01,no,1,-0.33,0.666955,0.673096,229.0,203.0,2026-05-29 14:13:04.417958+00
2879,36,P01,no,1,-0.3,0.697059,0.702893,229.0,198.0,2026-05-29 14:13:05.263739+00
847,15,P02,no,20,1.8773,0.927946,0.880797,360.0,288.0,2026-05-29 13:51:23.549176+00
853,15,P06,yes,6,5.3351,0.880797,0.897216,366.0,288.0,2026-05-29 13:51:25.479972+00
858,16,P02,yes,20,-19.182,0.969065,0.947294,215.0,111.0,2026-05-29 13:51:25.997092+00
862,16,P02,yes,20,-19.374,0.976391,0.95956,225.0,111.0,2026-05-29 13:51:27.009508+00
866,15,P02,yes,1,0.9105,0.909336,0.9116,372.0,288.0,2026-05-29 13:51:28.845135+00
868,16,P04,no,1,0.1149,0.886508,0.883683,185.0,112.0,2026-05-29 13:51:30.894005+00
878,15,P02,yes,3,2.6718,0.886508,0.894626,375.0,298.0,2026-05-29 13:51:35.54281+00
892,17,P01,yes,10,-7.7699,0.800415,0.752336,172.0,132.0,2026-05-29 13:52:24.970041+00
896,17,P01,yes,10,-5.3461,0.569001,0.5,132.0,132.0,2026-05-29 13:52:25.552437+00
901,17,P09,yes,10,3.3328,0.302941,0.364576,112.0,132.0,2026-05-29 13:52:26.083214+00
908,17,P07,yes,20,13.4425,0.609318,0.731059,163.0,127.0,2026-05-29 13:52:27.514872+00
919,17,P08,no,1,0.0918,0.909336,0.90702,214.0,132.0,2026-05-29 13:52:33.058663+00
2189,31,P01,no,12,-6.7444,0.397315,0.479179,281.0,284.0,2026-05-29 14:05:08.367359+00
2195,31,P01,no,12,-2.2956,0.782071,0.833566,282.0,224.0,2026-05-29 14:05:09.153924+00
2204,31,P09,no,20,3.6728,0.855422,0.772454,242.0,198.0,2026-05-29 14:05:09.814432+00
2207,31,P01,no,12,-3.7106,0.654502,0.725562,222.0,187.0,2026-05-29 14:05:09.958209+00
2209,31,P09,no,20,9.3111,0.602685,0.465333,202.0,207.0,2026-05-29 14:05:10.106009+00
2214,31,P01,no,12,-8.1458,0.285638,0.358166,162.0,183.0,2026-05-29 14:05:10.283891+00
2215,31,P01,no,12,-7.2295,0.358166,0.437823,162.0,171.0,2026-05-29 14:05:10.451776+00
2225,30,P08,yes,1,0.0368,0.036341,0.037327,642.0,759.0,2026-05-29 14:05:19.305313+00
2228,30,P01,yes,1,0.0378,0.037327,0.038338,643.0,759.0,2026-05-29 14:05:26.68866+00
2235,30,P01,yes,1,0.052,0.051336,0.052706,645.0,749.0,2026-05-29 14:05:31.219795+00
2248,31,P05,yes,1,0.3678,0.364576,0.371035,68.0,87.0,2026-05-29 14:05:55.524451+00
2249,31,P02,yes,20,-6.1976,0.371035,0.252876,48.0,87.0,2026-05-29 14:05:56.696779+00
2251,31,P07,no,20,16.7241,0.20406,0.128234,48.0,117.0,2026-05-29 14:05:57.282834+00
2253,31,P08,yes,1,0.1534,0.151585,0.155192,56.0,117.0,2026-05-29 14:05:58.546827+00
2254,32,P05,no,20,-16.0718,0.155192,0.242524,56.0,97.0,2026-05-29 14:06:11.86803+00
2261,32,P08,yes,1,0.0749,0.073934,0.075858,57.0,147.0,2026-05-29 14:06:14.306601+00
2263,32,P07,no,20,-18.4675,0.058537,0.097773,57.0,137.0,2026-05-29 14:06:14.531563+00
2265,32,P08,yes,1,0.1015,0.10025,0.102784,59.0,137.0,2026-05-29 14:06:14.747313+00
2273,33,P07,no,20,19.831,0.010987,0.006333,628.0,810.0,2026-05-29 14:06:16.821231+00
2275,32,P05,yes,20,0.9847,0.037327,0.063302,80.0,177.0,2026-05-29 14:06:19.59296+00
2277,32,P05,yes,20,2.7133,0.105374,0.170324,120.0,177.0,2026-05-29 14:06:19.991893+00
2280,33,P01,no,1,0.9938,0.006333,0.006161,628.0,811.0,2026-05-29 14:06:20.602398+00
2283,32,P08,yes,1,-0.3678,0.371035,0.364576,157.0,177.0,2026-05-29 14:06:23.184961+00
2285,32,P08,yes,1,-0.355,0.358166,0.351806,155.0,177.0,2026-05-29 14:06:23.586261+00
2293,32,P05,yes,1,0.1684,0.166434,0.170324,140.0,197.0,2026-05-29 14:06:31.376059+00
2304,32,P05,yes,1,0.2608,0.25816,0.263515,160.0,197.0,2026-05-29 14:06:32.991992+00
2309,32,P05,yes,1,0.2772,0.274438,0.280003,163.0,197.0,2026-05-29 14:06:33.623855+00
2314,32,P05,yes,1,0.2885,0.285638,0.291339,165.0,197.0,2026-05-29 14:06:34.107526+00
2318,32,P05,yes,1,0.3118,0.308838,0.314799,169.0,197.0,2026-05-29 14:06:34.756408+00
2319,32,P05,yes,1,0.3178,0.314799,0.320821,170.0,197.0,2026-05-29 14:06:34.923858+00
2326,32,P06,no,1,0.645,0.358166,0.351806,176.0,198.0,2026-05-29 14:06:36.467156+00
2333,32,P05,yes,1,-0.2156,0.217929,0.213232,152.0,199.0,2026-05-29 14:06:47.776924+00
2334,33,P08,yes,1,0.0012,0.00117,0.001202,629.0,871.0,2026-05-29 14:06:48.307649+00
2342,32,P05,yes,1,-0.23,0.232465,0.227546,155.0,199.0,2026-05-29 14:06:52.55833+00
2359,33,P07,no,20,19.9989,7.3e-05,4.2e-05,628.0,991.0,2026-05-29 14:07:08.711127+00
2361,33,P07,no,20,19.9996,2.4e-05,1.4e-05,628.0,1031.0,2026-05-29 14:07:10.311721+00
2370,33,P05,yes,6,0.0,5.0e-06,6.0e-06,640.0,1071.0,2026-05-29 14:07:19.180366+00
2371,32,P06,no,1,0.8702,0.131371,0.128234,111.0,180.0,2026-05-29 14:07:22.727175+00
2377,33,P07,no,20,20.0,2.0e-06,1.0e-06,640.0,1131.0,2026-05-29 14:07:24.960484+00
2378,33,P06,no,5,-5.0,1.0e-06,1.0e-06,640.0,1126.0,2026-05-29 14:07:26.035407+00
2384,33,P07,no,20,20.0,1.0e-06,1.0e-06,645.0,1166.0,2026-05-29 14:07:34.627276+00
2385,32,P05,yes,20,-3.2008,0.199585,0.12516,130.0,200.0,2026-05-29 14:07:37.57785+00
2386,33,P01,yes,1,0.0,1.0e-06,1.0e-06,646.0,1166.0,2026-05-29 14:07:38.301367+00
2745,34,P05,yes,1,0.6386,0.635424,0.641834,127.0,106.0,2026-05-29 14:11:27.274295+00
2747,34,P05,yes,1,0.6514,0.648194,0.654502,129.0,106.0,2026-05-29 14:11:27.492269+00
2750,36,P05,no,1,0.3361,0.666955,0.660756,131.0,107.0,2026-05-29 14:11:58.130876+00
2755,36,P05,no,1,0.3678,0.635424,0.628965,130.0,111.0,2026-05-29 14:12:00.357413+00
2758,37,P08,yes,20,7.3076,0.302941,0.430999,664.0,674.0,2026-05-29 14:12:01.558069+00
2760,36,P05,no,1,0.394,0.609318,0.602685,130.0,115.0,2026-05-29 14:12:01.813215+00
2762,36,P05,no,1,0.4073,0.596015,0.589309,130.0,117.0,2026-05-29 14:12:02.15688+00
2766,36,P05,no,1,0.4344,0.569001,0.562177,130.0,121.0,2026-05-29 14:12:03.90707+00
2780,36,P07,no,20,7.4361,0.691162,0.562177,151.0,142.0,2026-05-29 14:12:10.089434+00
2784,37,P05,yes,1,-0.992,0.992103,0.991882,667.0,494.0,2026-05-29 14:12:12.042705+00
2796,37,P01,yes,1,0.9932,0.99312,0.993307,674.0,494.0,2026-05-29 14:12:13.733109+00
2800,37,P09,yes,1,-0.9934,0.993489,0.993307,674.0,494.0,2026-05-29 14:12:14.23872+00
2803,37,P01,yes,1,0.9889,0.988707,0.989013,676.0,514.0,2026-05-29 14:12:14.94945+00
2806,36,P07,no,20,6.6799,0.725562,0.602685,177.0,162.0,2026-05-29 14:12:15.563444+00
2809,37,P02,yes,20,-19.16,0.968221,0.94589,637.0,534.0,2026-05-29 14:12:21.17598+00
2813,37,P02,yes,20,-18.5812,0.94589,0.909336,617.0,534.0,2026-05-29 14:12:22.056037+00
2815,36,P01,yes,1,-0.7228,0.725562,0.719997,196.0,162.0,2026-05-29 14:12:23.860358+00
2817,36,P01,yes,1,-0.7115,0.714362,0.708661,194.0,162.0,2026-05-29 14:12:24.324623+00
2819,36,P01,yes,1,-0.7,0.702893,0.697059,192.0,162.0,2026-05-29 14:12:24.648731+00
2832,36,P01,yes,1,-0.6322,0.635424,0.628965,182.0,163.0,2026-05-29 14:12:27.682015+00
2833,36,P06,no,1,0.3743,0.628965,0.622459,182.0,164.0,2026-05-29 14:12:28.327782+00
2841,36,P05,yes,1,0.645,0.641834,0.648194,186.0,164.0,2026-05-29 14:12:31.282909+00
2844,36,P03,yes,6,4.0745,0.660756,0.697059,194.0,164.0,2026-05-29 14:12:31.789686+00
2849,36,P05,yes,1,-0.7115,0.714362,0.708661,196.0,164.0,2026-05-29 14:12:33.942207+00
2853,36,P05,yes,1,-0.6941,0.697059,0.691162,193.0,164.0,2026-05-29 14:12:35.137577+00
2862,37,P02,no,20,11.2357,0.506944,0.371035,627.0,646.0,2026-05-29 14:12:48.156295+00
2876,36,P01,no,1,-0.3178,0.679179,0.685201,229.0,201.0,2026-05-29 14:13:04.749161+00
2885,37,P07,yes,1,0.7549,0.752336,0.757476,710.0,669.0,2026-05-29 14:13:07.818389+00
2892,36,P05,no,1,0.3178,0.685201,0.679179,227.0,200.0,2026-05-29 14:13:09.672631+00
2897,36,P05,no,1,0.3486,0.654502,0.648194,226.0,204.0,2026-05-29 14:13:10.306643+00
2904,36,P05,no,1,0.394,0.609318,0.602685,226.0,211.0,2026-05-29 14:13:12.658299+00
2912,36,P04,yes,20,12.82,0.5758,0.702893,246.0,215.0,2026-05-29 14:13:13.590633+00
2913,36,P01,no,10,-2.6923,0.702893,0.757476,246.0,205.0,2026-05-29 14:13:15.057935+00
2920,36,P08,no,1,0.133,0.868629,0.865426,246.0,179.0,2026-05-29 14:13:16.942804+00
851,16,P01,yes,10,9.1577,0.904651,0.926066,202.0,111.0,2026-05-29 13:51:24.697977+00
852,16,P01,yes,10,9.3486,0.926066,0.942975,212.0,111.0,2026-05-29 13:51:25.327916+00
854,16,P01,yes,10,9.4986,0.942975,0.9562,222.0,111.0,2026-05-29 13:51:25.508922+00
859,16,P01,yes,10,9.5368,0.947294,0.95956,225.0,111.0,2026-05-29 13:51:26.061935+00
865,15,P01,yes,4,3.6185,0.89975,0.909336,371.0,288.0,2026-05-29 13:51:28.718051+00
872,16,P06,no,1,0.2109,0.791391,0.786768,161.0,114.0,2026-05-29 13:51:33.5673+00
873,16,P07,yes,20,16.5696,0.786768,0.865426,181.0,114.0,2026-05-29 13:51:34.477153+00
884,18,P08,no,10,1.1946,0.894626,0.865426,375.0,308.0,2026-05-29 13:52:11.273989+00
899,17,P01,yes,10,-3.9747,0.430999,0.364576,112.0,132.0,2026-05-29 13:52:25.914989+00
910,17,P02,yes,20,16.4902,0.782071,0.862158,193.0,127.0,2026-05-29 13:52:27.813968+00
917,17,P08,no,1,0.0873,0.913813,0.9116,214.0,130.0,2026-05-29 13:52:32.647377+00
921,17,P08,no,1,0.0966,0.904651,0.902227,214.0,134.0,2026-05-29 13:52:33.422579+00
932,18,P08,yes,5,4.3187,0.855422,0.871766,388.0,319.0,2026-05-29 13:52:44.814191+00
933,18,P07,yes,1,-0.8702,0.871766,0.868629,387.0,319.0,2026-05-29 13:52:45.200996+00
934,18,P02,yes,20,17.9255,0.868629,0.920154,407.0,319.0,2026-05-29 13:52:45.295622+00
935,18,P06,no,10,0.9088,0.920154,0.897216,407.0,329.0,2026-05-29 13:52:47.762818+00
936,17,P09,yes,10,8.0884,0.786768,0.829676,204.0,147.0,2026-05-29 13:52:48.203595+00
937,18,P01,yes,1,0.8985,0.897216,0.89975,408.0,329.0,2026-05-29 13:52:48.608561+00
938,18,P01,yes,1,0.901,0.89975,0.902227,409.0,329.0,2026-05-29 13:52:49.545872+00
939,18,P01,yes,1,0.9034,0.902227,0.904651,410.0,329.0,2026-05-29 13:52:49.80732+00
940,18,P01,yes,1,0.9058,0.904651,0.90702,411.0,329.0,2026-05-29 13:52:50.572386+00
941,18,P01,yes,1,0.9082,0.90702,0.909336,412.0,329.0,2026-05-29 13:52:50.761398+00
942,18,P01,yes,1,0.9105,0.909336,0.9116,413.0,329.0,2026-05-29 13:52:50.972893+00
943,17,P01,yes,10,8.4813,0.829676,0.865426,214.0,147.0,2026-05-29 13:52:53.46864+00
944,17,P01,yes,10,8.8054,0.865426,0.894626,224.0,147.0,2026-05-29 13:52:53.648142+00
945,17,P01,yes,10,9.068,0.894626,0.918089,234.0,147.0,2026-05-29 13:52:53.861694+00
946,17,P01,yes,10,9.2776,0.918089,0.936698,244.0,147.0,2026-05-29 13:52:54.450151+00
947,18,P01,yes,1,0.9127,0.9116,0.913813,414.0,329.0,2026-05-29 13:52:54.468351+00
948,17,P01,yes,10,9.443,0.936698,0.951303,254.0,147.0,2026-05-29 13:52:54.63566+00
949,17,P01,yes,10,9.5723,0.951303,0.962673,264.0,147.0,2026-05-29 13:52:54.870244+00
950,17,P02,yes,20,-19.0153,0.962673,0.936698,244.0,147.0,2026-05-29 13:52:54.97905+00
951,17,P04,no,1,0.0641,0.936698,0.935031,244.0,148.0,2026-05-29 13:52:57.541337+00
952,17,P04,no,1,0.0658,0.935031,0.933323,244.0,149.0,2026-05-29 13:52:58.811855+00
953,17,P04,no,1,0.0675,0.933323,0.931573,244.0,150.0,2026-05-29 13:52:59.610024+00
954,17,P09,yes,20,-18.2149,0.931573,0.886508,224.0,150.0,2026-05-29 13:53:00.05864+00
955,17,P08,yes,1,-0.8851,0.886508,0.883683,223.0,150.0,2026-05-29 13:53:00.242278+00
956,17,P07,yes,20,-17.0163,0.883683,0.813395,203.0,150.0,2026-05-29 13:53:00.532168+00
957,17,P09,no,20,-2.9837,0.813395,0.883683,203.0,130.0,2026-05-29 13:53:02.886009+00
958,17,P02,yes,10,-8.6836,0.883683,0.851953,193.0,130.0,2026-05-29 13:53:05.840988+00
959,18,P09,no,1,0.0873,0.913813,0.9116,414.0,330.0,2026-05-29 13:53:06.780368+00
960,17,P06,yes,1,0.8537,0.851953,0.855422,194.0,130.0,2026-05-29 13:53:11.826136+00
961,18,P09,no,5,0.4711,0.9116,0.89975,414.0,335.0,2026-05-29 13:53:14.244599+00
962,18,P08,no,10,1.1374,0.89975,0.871766,414.0,345.0,2026-05-29 13:53:16.891995+00
963,18,P01,yes,1,0.8733,0.871766,0.87484,415.0,345.0,2026-05-29 13:53:23.66581+00
964,18,P01,yes,1,0.8763,0.87484,0.87785,416.0,345.0,2026-05-29 13:53:24.402576+00
965,17,P06,yes,1,0.8571,0.855422,0.858824,195.0,130.0,2026-05-29 13:53:25.831028+00
966,20,P06,yes,1,0.8605,0.858824,0.862158,196.0,130.0,2026-05-29 13:53:50.19439+00
967,21,P01,yes,1,0.8793,0.87785,0.880797,417.0,345.0,2026-05-29 13:53:53.229388+00
968,20,P06,yes,1,0.8638,0.862158,0.865426,197.0,130.0,2026-05-29 13:53:53.644314+00
969,21,P01,yes,1,0.8822,0.880797,0.883683,418.0,345.0,2026-05-29 13:53:54.767597+00
970,20,P09,no,10,-1.1946,0.865426,0.894626,197.0,120.0,2026-05-29 13:54:00.610627+00
971,20,P05,no,3,0.3282,0.894626,0.886508,197.0,123.0,2026-05-29 13:54:01.365147+00
972,21,P01,yes,1,0.8851,0.883683,0.886508,419.0,345.0,2026-05-29 13:54:05.128317+00
973,21,P01,yes,1,0.8879,0.886508,0.889273,420.0,345.0,2026-05-29 13:54:06.290987+00
974,20,P05,no,3,0.3533,0.886508,0.87785,197.0,126.0,2026-05-29 13:54:09.236729+00
975,21,P01,yes,1,0.8906,0.889273,0.891978,421.0,345.0,2026-05-29 13:54:09.625067+00
976,21,P01,yes,1,0.8933,0.891978,0.894626,422.0,345.0,2026-05-29 13:54:10.680853+00
977,21,P08,yes,5,4.5047,0.894626,0.90702,427.0,345.0,2026-05-29 13:54:11.090669+00
978,21,P01,yes,1,0.9082,0.90702,0.909336,428.0,345.0,2026-05-29 13:54:11.306952+00
979,21,P01,yes,1,0.9105,0.909336,0.9116,429.0,345.0,2026-05-29 13:54:12.004049+00
980,21,P01,yes,1,0.9127,0.9116,0.913813,430.0,345.0,2026-05-29 13:54:12.666213+00
981,21,P01,yes,1,0.9149,0.913813,0.915976,431.0,345.0,2026-05-29 13:54:13.321729+00
982,20,P05,no,1,0.1237,0.87785,0.87484,197.0,127.0,2026-05-29 13:54:13.398133+00
983,21,P01,yes,1,0.917,0.915976,0.918089,432.0,345.0,2026-05-29 13:54:14.047202+00
984,21,P06,no,20,2.1266,0.918089,0.865426,432.0,365.0,2026-05-29 13:54:14.32431+00
985,21,P01,yes,1,0.867,0.865426,0.868629,433.0,365.0,2026-05-29 13:54:14.575365+00
986,21,P02,yes,20,17.9255,0.868629,0.920154,453.0,365.0,2026-05-29 13:54:14.901605+00
987,21,P01,yes,1,0.9212,0.920154,0.922171,454.0,365.0,2026-05-29 13:54:16.255131+00
988,21,P08,yes,5,4.6348,0.922171,0.931573,459.0,365.0,2026-05-29 13:54:18.701474+00
989,21,P01,yes,1,0.9325,0.931573,0.933323,460.0,365.0,2026-05-29 13:54:18.741218+00
990,21,P06,no,20,1.7405,0.933323,0.889273,460.0,385.0,2026-05-29 13:54:18.890086+00
991,20,P01,yes,10,-8.5854,0.87484,0.841131,187.0,127.0,2026-05-29 13:54:19.156402+00
992,21,P06,no,20,2.8459,0.889273,0.821681,460.0,405.0,2026-05-29 13:54:19.727317+00
993,21,P01,yes,1,0.8237,0.821681,0.825715,461.0,405.0,2026-05-29 13:54:20.121746+00
994,21,P06,no,20,4.3832,0.825715,0.731059,461.0,425.0,2026-05-29 13:54:21.091673+00
995,21,P07,yes,5,3.7221,0.731059,0.757476,466.0,425.0,2026-05-29 13:54:21.688888+00
996,20,P04,no,1,-0.157,0.841131,0.844808,187.0,126.0,2026-05-29 13:54:24.819422+00
997,20,P07,yes,20,17.5362,0.844808,0.904651,207.0,126.0,2026-05-29 13:54:25.317461+00
998,20,P04,no,1,-0.0942,0.904651,0.90702,207.0,125.0,2026-05-29 13:54:25.403311+00
999,20,P06,yes,1,-0.9058,0.90702,0.904651,206.0,125.0,2026-05-29 13:54:25.935909+00
1000,20,P09,yes,10,-8.9174,0.904651,0.87785,196.0,125.0,2026-05-29 13:54:26.247892+00
1001,21,P01,yes,1,0.76,0.757476,0.762542,467.0,425.0,2026-05-29 13:54:26.30137+00
1002,20,P06,yes,1,-0.8763,0.87785,0.87484,195.0,125.0,2026-05-29 13:54:27.138923+00
1003,20,P06,yes,1,-0.8733,0.87484,0.871766,194.0,125.0,2026-05-29 13:54:28.320922+00
1004,21,P08,no,10,2.6381,0.762542,0.708661,467.0,435.0,2026-05-29 13:54:31.192046+00
1005,20,P05,no,1,0.1298,0.871766,0.868629,194.0,126.0,2026-05-29 13:54:32.682625+00
1006,20,P05,no,1,0.133,0.868629,0.865426,194.0,127.0,2026-05-29 13:54:33.861821+00
1007,20,P06,yes,1,-0.8638,0.865426,0.862158,193.0,127.0,2026-05-29 13:54:34.055254+00
1008,20,P05,no,1,0.1395,0.862158,0.858824,193.0,128.0,2026-05-29 13:54:34.37568+00
1009,21,P06,yes,2,1.4287,0.708661,0.719997,469.0,435.0,2026-05-29 13:54:34.393874+00
1010,20,P09,no,6,0.9101,0.858824,0.837384,193.0,134.0,2026-05-29 13:54:34.92732+00
2199,31,P01,no,12,-0.9864,0.904651,0.929781,282.0,189.0,2026-05-29 14:05:09.626557+00
2200,31,P02,yes,20,-18.1694,0.929781,0.883683,262.0,189.0,2026-05-29 14:05:09.672845+00
2206,31,P05,yes,20,-14.2649,0.767535,0.654502,222.0,199.0,2026-05-29 14:05:09.874896+00
2213,31,P05,yes,20,-6.9278,0.410691,0.285638,162.0,195.0,2026-05-29 14:05:10.223246+00
2231,31,P02,yes,20,-7.9589,0.465333,0.333045,102.0,127.0,2026-05-29 14:05:28.795101+00
2233,31,P07,no,20,-14.4883,0.2227,0.333045,102.0,127.0,2026-05-29 14:05:30.53616+00
2236,31,P02,yes,20,-7.9589,0.465333,0.333045,82.0,107.0,2026-05-29 14:05:34.257975+00
2245,31,P05,yes,1,0.3486,0.345498,0.351806,65.0,87.0,2026-05-29 14:05:55.009242+00
2247,31,P05,yes,1,0.3614,0.358166,0.364576,67.0,87.0,2026-05-29 14:05:55.34224+00
2250,31,P01,no,10,7.7215,0.252876,0.20406,48.0,97.0,2026-05-29 14:05:57.126322+00
2255,32,P01,no,10,7.8176,0.242524,0.195185,56.0,107.0,2026-05-29 14:06:12.559271+00
2258,32,P01,no,10,8.9174,0.12215,0.095349,56.0,137.0,2026-05-29 14:06:13.026614+00
2278,32,P05,yes,20,4.2893,0.170324,0.263515,140.0,177.0,2026-05-29 14:06:20.159988+00
2281,32,P08,yes,1,-0.3808,0.38409,0.377541,159.0,177.0,2026-05-29 14:06:22.429211+00
2291,32,P05,yes,1,0.1607,0.158869,0.162616,138.0,197.0,2026-05-29 14:06:31.025696+00
2296,32,P05,yes,1,0.1804,0.178319,0.182426,143.0,197.0,2026-05-29 14:06:31.873793+00
2298,32,P05,yes,1,0.23,0.227546,0.232465,154.0,197.0,2026-05-29 14:06:32.041891+00
2301,32,P05,yes,1,0.2451,0.242524,0.247664,157.0,197.0,2026-05-29 14:06:32.523438+00
2307,32,P05,yes,1,0.2772,0.274438,0.280003,163.0,197.0,2026-05-29 14:06:33.458979+00
2312,32,P05,yes,1,0.2828,0.280003,0.285638,164.0,197.0,2026-05-29 14:06:33.957039+00
2324,32,P05,yes,1,0.3486,0.345498,0.351806,175.0,197.0,2026-05-29 14:06:35.774438+00
2329,33,P07,no,20,19.9687,0.002037,0.00117,628.0,871.0,2026-05-29 14:06:44.178326+00
2330,32,P05,yes,1,-0.23,0.232465,0.227546,155.0,199.0,2026-05-29 14:06:45.628161+00
2337,32,P05,yes,1,-0.2555,0.25816,0.252876,160.0,199.0,2026-05-29 14:06:50.919809+00
2339,32,P05,yes,1,-0.2451,0.247664,0.242524,158.0,199.0,2026-05-29 14:06:52.1269+00
2344,32,P05,yes,1,-0.2203,0.2227,0.217929,153.0,199.0,2026-05-29 14:06:52.908994+00
2346,32,P05,yes,1,-0.2109,0.213232,0.208609,151.0,199.0,2026-05-29 14:06:53.224321+00
2348,33,P05,yes,1,-0.0007,0.00069,0.000671,628.0,891.0,2026-05-29 14:06:58.854747+00
2352,33,P07,no,20,19.9941,0.000385,0.000221,628.0,931.0,2026-05-29 14:07:01.926645+00
2366,32,P07,no,20,-16.5696,0.134574,0.213232,132.0,179.0,2026-05-29 14:07:13.414841+00
2368,32,P02,yes,20,-3.4304,0.213232,0.134574,112.0,179.0,2026-05-29 14:07:14.924848+00
2374,33,P07,no,20,19.9999,4.0e-06,2.0e-06,640.0,1111.0,2026-05-29 14:07:23.958792+00
2753,36,P05,no,1,0.355,0.648194,0.641834,131.0,110.0,2026-05-29 14:11:59.639365+00
2757,36,P05,no,1,0.3808,0.622459,0.61591,130.0,113.0,2026-05-29 14:12:01.428762+00
2759,36,P05,no,1,0.3874,0.61591,0.609318,130.0,114.0,2026-05-29 14:12:01.638954+00
2763,36,P05,no,1,0.4141,0.589309,0.58257,130.0,118.0,2026-05-29 14:12:02.375439+00
2765,36,P05,no,1,0.4276,0.5758,0.569001,130.0,120.0,2026-05-29 14:12:03.683636+00
2774,37,P02,no,20,-1.9737,0.87484,0.924142,664.0,574.0,2026-05-29 14:12:08.749122+00
2778,37,P02,no,20,-0.6605,0.957349,0.975076,666.0,534.0,2026-05-29 14:12:09.697581+00
2782,37,P02,no,20,-0.2165,0.985936,0.991882,667.0,494.0,2026-05-29 14:12:10.781714+00
2786,37,P01,yes,1,0.9922,0.992103,0.992318,669.0,494.0,2026-05-29 14:12:12.737992+00
2787,37,P01,yes,1,0.9924,0.992318,0.992526,670.0,494.0,2026-05-29 14:12:12.901346+00
2795,36,P01,yes,1,0.5927,0.589309,0.596015,156.0,142.0,2026-05-29 14:12:13.657488+00
2799,36,P04,yes,20,13.3201,0.602685,0.725562,177.0,142.0,2026-05-29 14:12:14.221843+00
2805,37,P05,yes,9,-8.8525,0.985546,0.981517,657.0,514.0,2026-05-29 14:12:15.051714+00
2808,36,P06,yes,1,-0.5994,0.602685,0.596015,176.0,162.0,2026-05-29 14:12:18.042848+00
2821,36,P01,yes,1,-0.6882,0.691162,0.685201,190.0,162.0,2026-05-29 14:12:25.007974+00
2827,37,P06,yes,1,0.9105,0.909336,0.9116,618.0,534.0,2026-05-29 14:12:26.599984+00
2829,36,P05,yes,1,-0.645,0.648194,0.641834,184.0,163.0,2026-05-29 14:12:27.189324+00
2838,36,P05,yes,1,0.6322,0.628965,0.635424,184.0,164.0,2026-05-29 14:12:30.290172+00
2855,37,P02,no,20,2.4638,0.904651,0.844808,627.0,566.0,2026-05-29 14:12:36.261104+00
2863,37,P02,yes,20,8.7643,0.371035,0.506944,647.0,646.0,2026-05-29 14:12:53.31517+00
2872,37,P01,yes,1,0.8466,0.844808,0.848415,708.0,646.0,2026-05-29 14:12:59.475413+00
2877,36,P01,no,1,-0.3118,0.685201,0.691162,229.0,200.0,2026-05-29 14:13:04.908826+00
2881,37,P05,no,3,0.4711,0.848415,0.837384,708.0,649.0,2026-05-29 14:13:06.216998+00
2883,37,P07,yes,1,0.8393,0.837384,0.841131,709.0,649.0,2026-05-29 14:13:06.823882+00
2886,37,P08,no,20,5.9638,0.757476,0.641834,710.0,689.0,2026-05-29 14:13:07.86373+00
2894,36,P05,no,1,0.33,0.673096,0.666955,227.0,202.0,2026-05-29 14:13:09.990897+00
2902,36,P05,no,1,0.3808,0.622459,0.61591,226.0,209.0,2026-05-29 14:13:12.324877+00
2910,36,P05,no,1,0.4208,0.58257,0.5758,226.0,215.0,2026-05-29 14:13:13.374191+00
2918,36,P08,no,1,0.1267,0.87484,0.871766,246.0,177.0,2026-05-29 14:13:16.395209+00
2929,39,P05,no,1,0.2156,0.786768,0.782071,232.0,186.0,2026-05-29 14:13:38.241188+00
2933,39,P05,no,1,0.235,0.767535,0.762542,232.0,190.0,2026-05-29 14:13:39.209359+00
2934,39,P05,no,1,0.24,0.762542,0.757476,232.0,191.0,2026-05-29 14:13:39.393091+00
2935,39,P05,no,1,0.2451,0.757476,0.752336,232.0,192.0,2026-05-29 14:13:40.475046+00
2937,39,P05,no,1,0.2555,0.747124,0.74184,232.0,194.0,2026-05-29 14:13:40.839885+00
2939,39,P05,no,1,0.2662,0.736485,0.731059,232.0,196.0,2026-05-29 14:13:41.207013+00
2943,39,P05,no,1,0.2885,0.714362,0.708661,232.0,200.0,2026-05-29 14:13:42.290023+00
2945,39,P05,no,1,0.3,0.702893,0.697059,232.0,202.0,2026-05-29 14:13:42.658465+00
2947,39,P01,yes,1,0.6941,0.691162,0.697059,233.0,203.0,2026-05-29 14:13:42.892229+00
2948,39,P05,no,1,0.3059,0.697059,0.691162,233.0,204.0,2026-05-29 14:13:42.97555+00
2949,39,P01,yes,1,0.6941,0.691162,0.697059,234.0,204.0,2026-05-29 14:13:43.056717+00
2950,39,P05,no,1,0.3059,0.697059,0.691162,234.0,205.0,2026-05-29 14:13:43.141451+00
2951,39,P01,yes,1,0.6941,0.691162,0.697059,235.0,205.0,2026-05-29 14:13:43.2161+00
2955,39,P01,yes,1,0.7058,0.702893,0.708661,238.0,206.0,2026-05-29 14:13:43.648536+00
2956,39,P05,no,1,0.2942,0.708661,0.702893,238.0,207.0,2026-05-29 14:13:43.681537+00
2960,39,P01,yes,1,0.7115,0.708661,0.714362,241.0,208.0,2026-05-29 14:13:44.076715+00
2961,39,P01,yes,1,0.7172,0.714362,0.719997,242.0,208.0,2026-05-29 14:13:44.230499+00
2962,39,P01,yes,1,0.7228,0.719997,0.725562,243.0,208.0,2026-05-29 14:13:44.365736+00
2966,39,P05,no,1,0.2608,0.74184,0.736485,246.0,209.0,2026-05-29 14:13:44.873689+00
2967,39,P01,yes,1,0.7392,0.736485,0.74184,247.0,209.0,2026-05-29 14:13:45.019045+00
2971,39,P05,no,1,0.2662,0.736485,0.731059,248.0,212.0,2026-05-29 14:13:45.99015+00
2975,39,P05,no,1,0.2828,0.719997,0.714362,248.0,215.0,2026-05-29 14:13:49.07514+00
2976,39,P05,no,1,0.2885,0.714362,0.708661,248.0,216.0,2026-05-29 14:13:49.256167+00
2978,39,P01,no,1,0.3,0.702893,0.697059,248.0,218.0,2026-05-29 14:13:49.856711+00
2981,39,P01,no,1,0.3178,0.685201,0.679179,248.0,221.0,2026-05-29 14:13:50.383054+00
2982,39,P01,no,1,0.3239,0.679179,0.673096,248.0,222.0,2026-05-29 14:13:50.554857+00
1011,20,P05,no,1,0.1645,0.837384,0.833566,193.0,135.0,2026-05-29 13:54:34.977968+00
2390,34,P05,yes,1,0.5035,0.5,0.506944,1.0,0.0,2026-05-29 14:10:00.803604+00
2400,34,P05,yes,1,0.5724,0.569001,0.5758,11.0,0.0,2026-05-29 14:10:02.307682+00
2402,34,P05,yes,1,0.5859,0.58257,0.589309,13.0,0.0,2026-05-29 14:10:02.591424+00
2404,34,P05,yes,1,0.5994,0.596015,0.602685,15.0,0.0,2026-05-29 14:10:02.901051+00
2408,34,P05,yes,1,0.6257,0.622459,0.628965,19.0,0.0,2026-05-29 14:10:03.458945+00
2410,34,P05,yes,1,0.6386,0.635424,0.641834,21.0,0.0,2026-05-29 14:10:03.780073+00
2416,35,P06,yes,20,14.2649,0.654502,0.767535,43.0,0.0,2026-05-29 14:10:05.788619+00
2421,35,P02,yes,20,17.7102,0.855422,0.9116,84.0,0.0,2026-05-29 14:10:06.433791+00
2425,34,P06,no,1,0.2608,0.74184,0.736485,41.0,4.0,2026-05-29 14:10:06.813931+00
2428,35,P02,yes,20,19.7229,0.982014,0.989601,164.0,0.0,2026-05-29 14:10:07.054178+00
2433,34,P06,no,1,0.2828,0.719997,0.714362,41.0,8.0,2026-05-29 14:10:07.445926+00
2435,34,P06,no,1,0.3059,0.697059,0.691162,41.0,12.0,2026-05-29 14:10:07.759647+00
2439,34,P06,no,1,0.4412,0.562177,0.555328,41.0,33.0,2026-05-29 14:10:08.072892+00
2441,35,P01,yes,1,0.9989,0.998894,0.998924,246.0,0.0,2026-05-29 14:10:08.266561+00
2446,34,P06,no,1,0.3239,0.679179,0.673096,61.0,35.0,2026-05-29 14:10:08.853321+00
2452,34,P01,yes,1,0.6761,0.673096,0.679179,63.0,36.0,2026-05-29 14:10:09.380175+00
2459,35,P01,yes,1,0.9997,0.999645,0.999655,290.0,3.0,2026-05-29 14:10:10.671672+00
2464,35,P06,no,20,0.0156,0.999416,0.998982,291.0,43.0,2026-05-29 14:10:11.535225+00
2468,35,P06,no,20,0.0474,0.998227,0.996914,291.0,83.0,2026-05-29 14:10:12.235339+00
2471,35,P06,no,20,0.1393,0.99478,0.990937,292.0,123.0,2026-05-29 14:10:13.073652+00
2473,34,P06,no,1,0.3743,0.628965,0.622459,63.0,45.0,2026-05-29 14:10:13.431354+00
2477,35,P02,no,1,0.01,0.990157,0.989883,292.0,127.0,2026-05-29 14:10:14.374333+00
2482,34,P09,yes,10,6.5428,0.622459,0.685201,73.0,45.0,2026-05-29 14:10:14.878575+00
2489,35,P08,no,1,0.0215,0.978821,0.978237,292.0,155.0,2026-05-29 14:10:15.250614+00
2499,35,P04,yes,20,-15.2265,0.809142,0.708661,232.0,200.0,2026-05-29 14:10:15.801159+00
2504,35,P02,no,1,0.4412,0.562177,0.555328,232.0,224.0,2026-05-29 14:10:16.255574+00
2509,35,P06,no,20,10.6889,0.534667,0.397315,232.0,247.0,2026-05-29 14:10:16.514385+00
2514,34,P05,no,1,0.2251,0.7773,0.772454,95.0,51.0,2026-05-29 14:10:16.840125+00
2516,35,P06,no,20,13.6836,0.377541,0.25816,232.0,270.0,2026-05-29 14:10:16.920287+00
2523,35,P02,no,1,0.765,0.237458,0.232465,232.0,275.0,2026-05-29 14:10:17.763982+00
2533,35,P02,no,1,0.77,0.232465,0.227546,235.0,279.0,2026-05-29 14:10:18.343473+00
2538,35,P06,no,20,16.3272,0.227546,0.144578,237.0,301.0,2026-05-29 14:10:18.674667+00
2540,35,P02,no,1,0.8537,0.148047,0.144578,238.0,302.0,2026-05-29 14:10:18.915062+00
2544,35,P08,yes,1,0.1429,0.141176,0.144578,240.0,304.0,2026-05-29 14:10:19.360105+00
2546,35,P08,yes,1,0.1429,0.141176,0.144578,241.0,305.0,2026-05-29 14:10:19.531481+00
2551,34,P05,no,1,0.2555,0.747124,0.74184,95.0,57.0,2026-05-29 14:10:20.85093+00
2553,35,P06,no,20,17.8202,0.137842,0.084024,242.0,328.0,2026-05-29 14:10:22.801214+00
2555,34,P06,yes,3,2.2334,0.736485,0.752336,98.0,58.0,2026-05-29 14:10:23.890197+00
2562,35,P02,yes,1,0.1607,0.158869,0.162616,269.0,328.0,2026-05-29 14:10:24.889731+00
2569,35,P04,yes,20,7.3076,0.302941,0.430999,318.0,328.0,2026-05-29 14:10:25.519819+00
2571,35,P02,yes,1,0.4412,0.437823,0.444672,320.0,328.0,2026-05-29 14:10:25.783816+00
2577,34,P01,no,10,2.7473,0.752336,0.697059,98.0,68.0,2026-05-29 14:10:28.06216+00
2581,34,P01,no,10,5.3461,0.5,0.430999,98.0,108.0,2026-05-29 14:10:29.056554+00
2583,35,P02,no,1,0.1845,0.817574,0.813395,382.0,329.0,2026-05-29 14:10:29.224646+00
2588,35,P02,no,1,0.1974,0.804815,0.800415,382.0,332.0,2026-05-29 14:10:29.525561+00
2593,35,P02,no,1,0.2109,0.791391,0.786768,382.0,335.0,2026-05-29 14:10:29.954347+00
2595,35,P02,no,1,0.2156,0.786768,0.782071,382.0,336.0,2026-05-29 14:10:30.111843+00
2597,35,P02,no,1,0.2203,0.782071,0.7773,382.0,337.0,2026-05-29 14:10:30.256363+00
2598,34,P01,no,10,6.5428,0.377541,0.314799,130.0,158.0,2026-05-29 14:10:30.525137+00
2600,35,P02,no,1,0.23,0.772454,0.767535,382.0,339.0,2026-05-29 14:10:30.941897+00
2605,34,P08,yes,1,0.3874,0.38409,0.390682,152.0,168.0,2026-05-29 14:10:31.510372+00
2609,35,P02,no,1,0.157,0.844808,0.841131,401.0,341.0,2026-05-29 14:10:31.744321+00
2614,34,P01,no,10,6.9679,0.333045,0.274438,173.0,208.0,2026-05-29 14:10:32.032478+00
2620,35,P02,no,1,0.1684,0.833566,0.829676,401.0,344.0,2026-05-29 14:10:32.91439+00
2626,35,P02,no,1,0.1887,0.813395,0.809142,401.0,349.0,2026-05-29 14:10:33.554231+00
2629,34,P09,yes,20,9.4485,0.403985,0.54157,234.0,228.0,2026-05-29 14:10:34.079078+00
2631,34,P04,yes,1,0.545,0.54157,0.548459,235.0,228.0,2026-05-29 14:10:34.205712+00
2639,35,P02,no,1,0.2251,0.7773,0.772454,401.0,357.0,2026-05-29 14:10:34.954493+00
2641,35,P01,no,1,0.235,0.767535,0.762542,401.0,359.0,2026-05-29 14:10:35.153034+00
2649,35,P01,no,1,0.7549,0.247664,0.242524,401.0,442.0,2026-05-29 14:10:38.902083+00
2667,34,P01,no,10,-3.091,0.660756,0.719997,242.0,208.0,2026-05-29 14:10:54.380919+00
2672,34,P01,no,10,-1.5916,0.821681,0.858824,243.0,178.0,2026-05-29 14:10:54.857936+00
2679,35,P02,no,20,17.6534,0.148047,0.090664,491.0,574.0,2026-05-29 14:10:55.579624+00
2681,35,P02,no,20,18.5812,0.090664,0.05411,491.0,594.0,2026-05-29 14:10:55.756427+00
2688,34,P01,no,10,-0.2639,0.969887,0.977023,223.0,88.0,2026-05-29 14:10:56.407907+00
2692,34,P01,no,10,-0.2639,0.969887,0.977023,203.0,68.0,2026-05-29 14:10:56.725354+00
2697,35,P07,yes,20,1.4558,0.055549,0.09298,532.0,614.0,2026-05-29 14:10:57.780958+00
2700,34,P02,yes,20,-18.8472,0.9562,0.926066,159.0,68.0,2026-05-29 14:10:58.285318+00
2707,34,P05,yes,1,-0.5724,0.5758,0.569001,118.0,108.0,2026-05-29 14:11:00.010543+00
2713,35,P02,yes,20,10.5515,0.45843,0.596015,628.0,614.0,2026-05-29 14:11:01.819777+00
2715,35,P01,yes,1,0.6639,0.660756,0.666955,629.0,604.0,2026-05-29 14:11:02.757582+00
2717,35,P01,yes,1,0.6761,0.673096,0.679179,631.0,604.0,2026-05-29 14:11:03.861823+00
2721,35,P01,yes,1,0.6941,0.691162,0.697059,634.0,604.0,2026-05-29 14:11:04.706334+00
2723,35,P01,yes,1,0.7058,0.702893,0.708661,636.0,604.0,2026-05-29 14:11:06.483985+00
2729,34,P01,no,1,0.3486,0.654502,0.648194,135.0,113.0,2026-05-29 14:11:08.706967+00
2733,34,P01,no,1,0.3743,0.628965,0.622459,135.0,117.0,2026-05-29 14:11:09.724378+00
2828,36,P01,yes,1,-0.6514,0.654502,0.648194,185.0,163.0,2026-05-29 14:12:27.041854+00
2834,36,P01,yes,1,-0.6192,0.622459,0.61591,181.0,164.0,2026-05-29 14:12:28.459604+00
2835,37,P05,no,4,0.3912,0.90702,0.897216,618.0,540.0,2026-05-29 14:12:29.752108+00
2840,37,P06,yes,9,8.1721,0.897216,0.918089,627.0,540.0,2026-05-29 14:12:30.71518+00
2842,36,P05,yes,1,0.6514,0.648194,0.654502,187.0,164.0,2026-05-29 14:12:31.462452+00
2846,36,P05,yes,1,-0.7283,0.731059,0.725562,199.0,164.0,2026-05-29 14:12:33.442463+00
2848,36,P05,yes,1,-0.7172,0.719997,0.714362,197.0,164.0,2026-05-29 14:12:33.789836+00
2852,36,P05,yes,1,-0.7,0.702893,0.697059,194.0,164.0,2026-05-29 14:12:34.963947+00
2857,36,P05,yes,1,-0.6761,0.679179,0.673096,190.0,164.0,2026-05-29 14:12:38.634186+00
2859,37,P02,no,20,3.9282,0.844808,0.757476,627.0,586.0,2026-05-29 14:12:44.127307+00
2865,37,P02,yes,20,14.0362,0.641834,0.757476,687.0,646.0,2026-05-29 14:12:53.822359+00
2868,36,P01,no,10,4.3111,0.602685,0.534667,189.0,184.0,2026-05-29 14:12:57.748403+00
1012,20,P05,no,1,0.1684,0.833566,0.829676,193.0,136.0,2026-05-29 13:54:35.544634+00
1013,20,P05,no,1,0.1723,0.829676,0.825715,193.0,137.0,2026-05-29 13:54:36.460352+00
2391,34,P05,yes,1,0.5104,0.506944,0.513885,2.0,0.0,2026-05-29 14:10:00.968294+00
2397,34,P05,yes,1,0.5519,0.548459,0.555328,8.0,0.0,2026-05-29 14:10:01.908608+00
2837,36,P05,yes,1,0.6257,0.622459,0.628965,183.0,164.0,2026-05-29 14:12:30.111888+00
2845,36,P03,yes,6,4.2856,0.697059,0.731059,200.0,164.0,2026-05-29 14:12:31.943729+00
2847,36,P05,yes,1,-0.7228,0.725562,0.719997,198.0,164.0,2026-05-29 14:12:33.629628+00
2851,36,P05,yes,1,-0.7058,0.708661,0.702893,195.0,164.0,2026-05-29 14:12:34.34598+00
2856,36,P05,yes,1,-0.6822,0.685201,0.679179,191.0,164.0,2026-05-29 14:12:38.293607+00
2858,36,P05,yes,1,-0.67,0.673096,0.666955,189.0,164.0,2026-05-29 14:12:38.757744+00
2860,37,P08,no,20,5.9638,0.757476,0.641834,627.0,606.0,2026-05-29 14:12:44.174569+00
2861,37,P02,no,20,8.4935,0.641834,0.506944,627.0,626.0,2026-05-29 14:12:46.558237+00
2866,37,P02,yes,20,16.0718,0.757476,0.844808,707.0,646.0,2026-05-29 14:12:54.162109+00
2867,36,P01,no,10,3.6478,0.666955,0.602685,189.0,174.0,2026-05-29 14:12:57.537863+00
2873,36,P01,no,10,3.0321,0.725562,0.666955,229.0,204.0,2026-05-29 14:12:59.902866+00
2875,36,P01,no,1,-0.3239,0.673096,0.679179,229.0,202.0,2026-05-29 14:13:04.590478+00
2953,39,P01,yes,1,0.6941,0.691162,0.697059,236.0,206.0,2026-05-29 14:13:43.365919+00
2958,39,P01,yes,1,0.7115,0.708661,0.714362,240.0,207.0,2026-05-29 14:13:43.945846+00
2964,39,P01,yes,1,0.7338,0.731059,0.736485,245.0,208.0,2026-05-29 14:13:44.69007+00
2969,39,P01,yes,1,0.7392,0.736485,0.74184,248.0,210.0,2026-05-29 14:13:45.229265+00
2972,39,P05,no,1,0.2717,0.731059,0.725562,248.0,213.0,2026-05-29 14:13:46.189172+00
2973,39,P05,no,1,0.2772,0.725562,0.719997,248.0,214.0,2026-05-29 14:13:48.428447+00
2979,39,P01,no,1,0.3059,0.697059,0.691162,248.0,219.0,2026-05-29 14:13:50.043944+00
2987,39,P05,no,1,0.2251,0.7773,0.772454,249.0,205.0,2026-05-29 14:13:53.477338+00
2993,38,P01,yes,1,-0.6257,0.628965,0.622459,707.0,689.0,2026-05-29 14:13:54.478811+00
2996,38,P01,yes,1,-0.6126,0.61591,0.609318,705.0,689.0,2026-05-29 14:13:56.431521+00
3008,39,P08,yes,1,-0.8026,0.804815,0.800415,247.0,197.0,2026-05-29 14:14:05.500413+00
3010,38,P08,yes,20,12.3042,0.548459,0.679179,708.0,681.0,2026-05-29 14:14:07.016613+00
3013,38,P02,yes,20,-12.4345,0.685201,0.555328,689.0,681.0,2026-05-29 14:14:07.584616+00
3014,39,P07,no,20,-4.9773,0.697059,0.800415,247.0,197.0,2026-05-29 14:14:08.920418+00
3016,39,P03,yes,1,0.8026,0.800415,0.804815,248.0,197.0,2026-05-29 14:14:09.155192+00
3021,38,P01,yes,1,0.6941,0.691162,0.697059,711.0,681.0,2026-05-29 14:14:13.176075+00
3025,38,P01,yes,1,0.7058,0.702893,0.708661,713.0,681.0,2026-05-29 14:14:15.719229+00
3028,38,P01,yes,1,0.7172,0.714362,0.719997,715.0,681.0,2026-05-29 14:14:17.15584+00
3031,38,P07,yes,20,17.1541,0.821681,0.889273,756.0,681.0,2026-05-29 14:14:18.943518+00
3034,39,P05,no,1,0.3059,0.697059,0.691162,249.0,220.0,2026-05-29 14:14:20.240643+00
3038,38,P01,yes,1,0.9342,0.933323,0.935031,777.0,681.0,2026-05-29 14:14:20.571912+00
3040,39,P05,no,1,0.33,0.673096,0.666955,249.0,224.0,2026-05-29 14:14:20.823087+00
3043,39,P05,no,1,0.3424,0.660756,0.654502,249.0,226.0,2026-05-29 14:14:21.82305+00
3047,39,P05,no,1,0.3614,0.641834,0.635424,249.0,229.0,2026-05-29 14:14:22.393729+00
3062,38,P06,yes,7,5.3543,0.747124,0.782071,788.0,742.0,2026-05-29 14:14:34.855264+00
3079,39,P05,no,1,0.2885,0.714362,0.708661,257.0,225.0,2026-05-29 14:14:46.407197+00
3080,38,P01,yes,5,4.2506,0.841131,0.858824,807.0,742.0,2026-05-29 14:14:47.713699+00
3086,39,P05,no,1,0.2063,0.79594,0.791391,256.0,208.0,2026-05-29 14:14:50.156458+00
3087,39,P05,no,1,0.2109,0.791391,0.786768,256.0,209.0,2026-05-29 14:14:50.322515+00
3089,39,P05,no,1,0.2203,0.782071,0.7773,255.0,210.0,2026-05-29 14:14:50.996547+00
3092,39,P05,no,1,0.235,0.767535,0.762542,255.0,213.0,2026-05-29 14:14:51.556628+00
3093,39,P05,no,1,0.24,0.762542,0.757476,255.0,214.0,2026-05-29 14:14:51.721573+00
3097,38,P05,no,1,0.052,0.948664,0.947294,847.0,743.0,2026-05-29 14:14:52.93637+00
3098,38,P05,no,1,0.0534,0.947294,0.94589,847.0,744.0,2026-05-29 14:14:54.641521+00
3101,38,P05,no,1,0.0563,0.944451,0.942975,846.0,745.0,2026-05-29 14:14:57.669018+00
3103,39,P01,yes,1,-0.7392,0.74184,0.736485,253.0,216.0,2026-05-29 14:15:00.195079+00
3105,39,P06,yes,1,0.7338,0.731059,0.736485,253.0,216.0,2026-05-29 14:15:00.549297+00
3106,39,P01,yes,1,-0.7338,0.736485,0.731059,252.0,216.0,2026-05-29 14:15:00.641805+00
3108,39,P01,yes,1,-0.7228,0.725562,0.719997,250.0,216.0,2026-05-29 14:15:01.125155+00
3110,38,P05,no,1,0.0593,0.941463,0.939913,846.0,747.0,2026-05-29 14:15:01.536959+00
3113,39,P01,yes,1,-0.7,0.702893,0.697059,246.0,216.0,2026-05-29 14:15:02.325701+00
3114,39,P05,no,20,-4.9773,0.697059,0.800415,246.0,196.0,2026-05-29 14:15:03.056963+00
3118,41,P06,yes,1,0.6192,0.61591,0.622459,234.0,216.0,2026-05-29 14:15:33.638637+00
3119,41,P05,no,20,8.9004,0.622459,0.486115,234.0,236.0,2026-05-29 14:15:33.658046+00
3122,41,P04,yes,20,11.0996,0.486115,0.622459,254.0,236.0,2026-05-29 14:15:34.450973+00
3123,41,P06,yes,1,0.6257,0.622459,0.628965,255.0,236.0,2026-05-29 14:15:34.685819+00
3124,41,P07,yes,20,13.8024,0.628965,0.747124,275.0,236.0,2026-05-29 14:15:34.827089+00
3125,41,P03,yes,5,3.7997,0.747124,0.772454,280.0,236.0,2026-05-29 14:15:34.997242+00
3126,41,P02,no,20,-3.6728,0.772454,0.855422,280.0,216.0,2026-05-29 14:15:35.047867+00
3127,41,P03,yes,5,4.3187,0.855422,0.871766,285.0,216.0,2026-05-29 14:15:35.199938+00
3128,41,P09,yes,10,-8.5514,0.871766,0.837384,275.0,216.0,2026-05-29 14:15:38.481514+00
3129,41,P05,no,20,4.1058,0.837384,0.747124,275.0,236.0,2026-05-29 14:15:38.640495+00
3131,40,P01,yes,1,0.9391,0.938325,0.939913,847.0,748.0,2026-05-29 14:15:39.842514+00
3133,41,P01,yes,1,-0.7445,0.747124,0.74184,274.0,236.0,2026-05-29 14:15:46.260784+00
3134,41,P01,yes,1,-0.7392,0.74184,0.736485,273.0,236.0,2026-05-29 14:15:46.438693+00
3137,41,P01,yes,1,-0.7228,0.725562,0.719997,270.0,236.0,2026-05-29 14:15:46.91374+00
3138,41,P01,yes,1,-0.7172,0.719997,0.714362,269.0,236.0,2026-05-29 14:15:47.097557+00
3140,40,P07,yes,20,19.182,0.947294,0.969065,872.0,748.0,2026-05-29 14:15:48.896634+00
3142,40,P06,no,20,1.3827,0.947294,0.9116,872.0,788.0,2026-05-29 14:15:50.351438+00
3146,40,P06,no,20,1.8773,0.927946,0.880797,880.0,808.0,2026-05-29 14:15:51.192514+00
3148,40,P02,no,20,3.0547,0.880797,0.809142,880.0,828.0,2026-05-29 14:15:51.34014+00
3152,41,P01,no,1,0.2109,0.791391,0.786768,269.0,222.0,2026-05-29 14:15:52.00934+00
3154,41,P04,yes,10,-7.5717,0.782071,0.731059,259.0,223.0,2026-05-29 14:15:52.221186+00
3155,41,P01,no,1,0.2717,0.731059,0.725562,259.0,224.0,2026-05-29 14:15:52.350174+00
3157,41,P01,no,1,0.2828,0.719997,0.714362,259.0,226.0,2026-05-29 14:15:52.698563+00
3158,41,P01,no,1,0.2885,0.714362,0.708661,259.0,227.0,2026-05-29 14:15:52.893976+00
3159,41,P01,no,1,0.2942,0.708661,0.702893,259.0,228.0,2026-05-29 14:15:53.056196+00
3161,41,P01,no,1,0.3059,0.697059,0.691162,259.0,230.0,2026-05-29 14:15:53.40354+00
3162,41,P01,no,1,0.3118,0.691162,0.685201,259.0,231.0,2026-05-29 14:15:53.581293+00
3163,41,P01,no,1,0.3178,0.685201,0.679179,259.0,232.0,2026-05-29 14:15:53.755912+00
3166,41,P01,no,1,0.2203,0.782071,0.7773,279.0,234.0,2026-05-29 14:15:54.098897+00
3168,40,P01,yes,8,6.6042,0.809142,0.841131,888.0,828.0,2026-05-29 14:15:54.326618+00
3174,40,P02,yes,1,-0.8537,0.855422,0.851953,891.0,828.0,2026-05-29 14:16:04.169608+00
1014,20,P07,yes,20,17.2211,0.825715,0.891978,213.0,137.0,2026-05-29 13:54:37.039711+00
1015,20,P04,no,1,-0.1067,0.891978,0.894626,213.0,136.0,2026-05-29 13:54:37.177874+00
1016,20,P05,no,1,0.1067,0.894626,0.891978,213.0,137.0,2026-05-29 13:54:37.594241+00
1017,21,P09,no,2,0.5713,0.719997,0.708661,469.0,437.0,2026-05-29 13:54:37.680464+00
1018,20,P02,no,20,2.7789,0.891978,0.825715,213.0,157.0,2026-05-29 13:54:38.643275+00
1019,20,P07,yes,20,17.2211,0.825715,0.891978,233.0,157.0,2026-05-29 13:54:39.748751+00
1020,21,P09,no,3,0.9001,0.708661,0.691162,469.0,440.0,2026-05-29 13:54:40.642848+00
1021,21,P08,yes,6,4.2514,0.691162,0.725562,475.0,440.0,2026-05-29 13:54:41.050594+00
1022,21,P06,no,10,3.0321,0.725562,0.666955,475.0,450.0,2026-05-29 13:54:45.674088+00
1023,21,P02,yes,15,10.6634,0.666955,0.752336,490.0,450.0,2026-05-29 13:54:46.419337+00
1024,21,P01,yes,1,0.7549,0.752336,0.757476,491.0,450.0,2026-05-29 13:54:51.114481+00
1025,21,P02,yes,5,3.8496,0.757476,0.782071,496.0,450.0,2026-05-29 13:54:51.662054+00
1026,21,P06,no,20,5.4021,0.782071,0.673096,496.0,470.0,2026-05-29 13:54:59.257312+00
1027,20,P08,no,1,-0.1067,0.891978,0.894626,233.0,156.0,2026-05-29 13:54:59.775706+00
1028,20,P05,no,20,-1.6544,0.894626,0.936698,233.0,136.0,2026-05-29 13:54:59.984029+00
1029,20,P01,yes,15,-13.8409,0.936698,0.90702,218.0,136.0,2026-05-29 13:55:03.050939+00
1030,20,P07,yes,20,-17.5954,0.90702,0.848415,198.0,136.0,2026-05-29 13:55:03.439744+00
1031,20,P01,yes,15,-12.2843,0.848415,0.786768,183.0,136.0,2026-05-29 13:55:03.543714+00
1032,20,P09,yes,20,-14.7062,0.786768,0.679179,163.0,136.0,2026-05-29 13:55:04.186017+00
1033,20,P05,no,20,-5.2938,0.679179,0.786768,163.0,116.0,2026-05-29 13:55:04.427911+00
1034,20,P05,no,20,-3.4304,0.786768,0.865426,163.0,96.0,2026-05-29 13:55:05.060058+00
1035,20,P08,no,1,-0.133,0.865426,0.868629,163.0,95.0,2026-05-29 13:55:05.314094+00
1036,20,P02,no,1,-0.1298,0.868629,0.871766,163.0,94.0,2026-05-29 13:55:06.762992+00
1037,21,P06,yes,5,-3.2879,0.673096,0.641834,491.0,470.0,2026-05-29 13:55:09.478821+00
1038,20,P08,no,1,-0.1267,0.871766,0.87484,163.0,93.0,2026-05-29 13:55:13.924518+00
1039,21,P01,yes,1,-0.6386,0.641834,0.635424,490.0,470.0,2026-05-29 13:55:14.314752+00
1040,21,P01,yes,1,-0.6322,0.635424,0.628965,489.0,470.0,2026-05-29 13:55:16.071844+00
1041,22,P04,no,3,-0.3621,0.87484,0.883683,163.0,90.0,2026-05-29 13:55:29.623622+00
1042,23,P05,no,3,-1.0842,0.628965,0.648194,489.0,467.0,2026-05-29 13:55:35.424951+00
1043,23,P08,no,6,2.2266,0.648194,0.609318,489.0,473.0,2026-05-29 13:55:36.11904+00
1044,22,P05,no,20,2.9837,0.883683,0.813395,163.0,110.0,2026-05-29 13:55:37.595802+00
1045,23,P08,yes,2,1.2318,0.609318,0.622459,491.0,473.0,2026-05-29 13:55:42.250721+00
1046,22,P02,no,19,-2.866,0.813395,0.880797,163.0,91.0,2026-05-29 13:55:43.429844+00
1047,23,P08,yes,2,1.2579,0.622459,0.635424,493.0,473.0,2026-05-29 13:55:43.657974+00
1048,23,P01,yes,1,-0.6322,0.635424,0.628965,492.0,473.0,2026-05-29 13:55:44.055961+00
1049,22,P05,no,20,3.0547,0.880797,0.809142,163.0,111.0,2026-05-29 13:55:45.72744+00
1050,22,P07,yes,20,16.9453,0.809142,0.880797,183.0,111.0,2026-05-29 13:55:46.682077+00
1051,23,P01,yes,1,-0.6257,0.628965,0.622459,491.0,473.0,2026-05-29 13:55:47.339363+00
1052,22,P08,yes,1,-0.8793,0.880797,0.87785,182.0,111.0,2026-05-29 13:55:47.67123+00
1053,22,P05,no,20,3.127,0.87785,0.804815,182.0,131.0,2026-05-29 13:55:48.742502+00
1054,23,P01,yes,1,-0.6192,0.622459,0.61591,490.0,473.0,2026-05-29 13:55:48.8792+00
1055,22,P09,yes,10,8.2541,0.804815,0.844808,192.0,131.0,2026-05-29 13:55:49.6345+00
1056,23,P01,yes,1,-0.6126,0.61591,0.609318,489.0,473.0,2026-05-29 13:55:51.340381+00
1057,22,P01,no,4,0.6507,0.844808,0.829676,192.0,135.0,2026-05-29 13:55:51.412388+00
1058,22,P01,no,4,0.7135,0.829676,0.813395,192.0,139.0,2026-05-29 13:55:51.53575+00
1059,22,P01,no,4,0.7809,0.813395,0.79594,192.0,143.0,2026-05-29 13:55:51.703248+00
1060,22,P01,no,4,0.8531,0.79594,0.7773,192.0,147.0,2026-05-29 13:55:51.870222+00
1061,22,P01,no,4,0.9301,0.7773,0.757476,192.0,151.0,2026-05-29 13:55:52.05195+00
1062,22,P01,no,4,1.0117,0.757476,0.736485,192.0,155.0,2026-05-29 13:55:52.211646+00
1063,23,P02,yes,20,-10.8261,0.609318,0.472251,469.0,473.0,2026-05-29 13:55:52.288907+00
1064,22,P01,no,4,1.0979,0.736485,0.714362,192.0,159.0,2026-05-29 13:55:52.393853+00
1065,23,P01,yes,1,-0.4688,0.472251,0.465333,468.0,473.0,2026-05-29 13:55:52.41406+00
1066,22,P01,no,4,1.1886,0.714362,0.691162,192.0,163.0,2026-05-29 13:55:52.552535+00
1067,22,P09,yes,20,14.9186,0.691162,0.79594,212.0,163.0,2026-05-29 13:55:52.701288+00
1068,22,P01,no,4,0.8531,0.79594,0.7773,212.0,167.0,2026-05-29 13:55:52.720692+00
1069,22,P03,no,6,-1.2523,0.7773,0.804815,212.0,161.0,2026-05-29 13:55:52.743209+00
1070,22,P01,no,4,0.8164,0.804815,0.786768,212.0,165.0,2026-05-29 13:55:52.868845+00
1071,22,P03,no,6,-1.1982,0.786768,0.813395,212.0,159.0,2026-05-29 13:55:52.925441+00
1072,22,P01,no,4,0.7809,0.813395,0.79594,212.0,163.0,2026-05-29 13:55:53.060865+00
1073,22,P01,no,4,0.8531,0.79594,0.7773,212.0,167.0,2026-05-29 13:55:53.241948+00
1074,22,P01,no,4,0.9301,0.7773,0.757476,212.0,171.0,2026-05-29 13:55:53.4584+00
1075,22,P08,no,1,-0.24,0.757476,0.762542,212.0,170.0,2026-05-29 13:55:54.426437+00
1076,23,P01,yes,1,0.4688,0.465333,0.472251,469.0,473.0,2026-05-29 13:55:54.904702+00
1077,22,P08,no,1,-0.235,0.762542,0.767535,212.0,169.0,2026-05-29 13:55:55.046062+00
1078,22,P09,yes,20,16.2435,0.767535,0.851953,232.0,169.0,2026-05-29 13:55:55.138672+00
1079,23,P01,yes,1,0.4757,0.472251,0.479179,470.0,473.0,2026-05-29 13:55:55.443317+00
1080,22,P03,no,6,-0.8276,0.851953,0.871766,232.0,163.0,2026-05-29 13:55:55.852021+00
1081,23,P01,yes,1,0.4826,0.479179,0.486115,471.0,473.0,2026-05-29 13:55:55.936539+00
1082,23,P01,yes,1,0.4896,0.486115,0.493056,472.0,473.0,2026-05-29 13:55:56.218751+00
1083,23,P02,yes,20,-8.4935,0.493056,0.358166,452.0,473.0,2026-05-29 13:55:56.378266+00
1084,23,P01,yes,1,0.3614,0.358166,0.364576,453.0,473.0,2026-05-29 13:55:56.398993+00
1085,22,P01,no,4,0.5385,0.871766,0.858824,232.0,167.0,2026-05-29 13:55:56.70533+00
1086,22,P01,no,4,0.5924,0.858824,0.844808,232.0,171.0,2026-05-29 13:55:56.904718+00
1087,22,P01,no,4,0.6507,0.844808,0.829676,232.0,175.0,2026-05-29 13:55:57.116846+00
1088,22,P05,no,1,0.1723,0.829676,0.825715,232.0,176.0,2026-05-29 13:55:58.257976+00
1089,22,P05,no,1,0.1763,0.825715,0.821681,232.0,177.0,2026-05-29 13:55:58.462013+00
1090,22,P05,no,1,0.1804,0.821681,0.817574,232.0,178.0,2026-05-29 13:55:58.627909+00
1091,22,P05,no,1,0.1845,0.817574,0.813395,232.0,179.0,2026-05-29 13:55:58.861464+00
1092,23,P06,no,4,2.5926,0.364576,0.339244,453.0,477.0,2026-05-29 13:55:59.064725+00
1093,22,P05,no,1,0.1887,0.813395,0.809142,232.0,180.0,2026-05-29 13:55:59.084276+00
1094,23,P02,yes,20,-5.6228,0.339244,0.227546,433.0,477.0,2026-05-29 13:55:59.278519+00
1095,22,P05,no,1,0.193,0.809142,0.804815,232.0,181.0,2026-05-29 13:55:59.792452+00
1096,22,P05,no,1,0.1974,0.804815,0.800415,232.0,182.0,2026-05-29 13:55:59.979456+00
1097,22,P05,no,1,0.2018,0.800415,0.79594,232.0,183.0,2026-05-29 13:56:00.195025+00
1098,22,P05,no,1,0.2063,0.79594,0.791391,232.0,184.0,2026-05-29 13:56:00.40944+00
1099,22,P05,no,1,0.2109,0.791391,0.786768,232.0,185.0,2026-05-29 13:56:00.611902+00
1100,23,P02,yes,20,-3.6728,0.227546,0.144578,413.0,477.0,2026-05-29 13:56:00.911949+00
1101,22,P04,yes,1,0.7891,0.786768,0.791391,233.0,185.0,2026-05-29 13:56:01.691244+00
1102,23,P04,yes,20,-2.2898,0.144578,0.0884,393.0,477.0,2026-05-29 13:56:02.080217+00
1103,23,P04,yes,20,-1.3827,0.0884,0.052706,373.0,477.0,2026-05-29 13:56:02.375357+00
1105,23,P04,yes,20,-0.4779,0.030935,0.017986,333.0,477.0,2026-05-29 13:56:02.622776+00
1107,22,P01,yes,1,0.7982,0.79594,0.800415,235.0,185.0,2026-05-29 13:56:03.148875+00
1112,23,P04,yes,20,-0.2771,0.017986,0.010399,313.0,477.0,2026-05-29 13:56:03.735724+00
1118,22,P01,yes,1,0.8316,0.829676,0.833566,243.0,185.0,2026-05-29 13:56:05.64138+00
1125,23,P02,yes,1,-0.0097,0.009843,0.009576,301.0,468.0,2026-05-29 13:56:10.484666+00
1127,23,P06,yes,8,-0.0688,0.009576,0.007682,293.0,468.0,2026-05-29 13:56:11.471512+00
1136,23,P08,yes,1,0.0124,0.012262,0.012603,297.0,454.0,2026-05-29 13:56:15.917382+00
1142,23,P08,yes,1,0.0139,0.013684,0.014064,301.0,454.0,2026-05-29 13:56:18.747849+00
1158,22,P07,yes,20,-3.5906,0.2227,0.141176,124.0,189.0,2026-05-29 13:56:29.379962+00
1165,22,P08,no,1,-0.8196,0.178319,0.182426,129.0,183.0,2026-05-29 13:56:30.773868+00
1172,22,P05,no,1,-0.7937,0.20406,0.208609,130.0,178.0,2026-05-29 13:56:31.426389+00
1176,23,P01,yes,1,-0.0233,0.023609,0.022977,325.0,460.0,2026-05-29 13:56:32.037792+00
1186,22,P05,no,1,-0.7392,0.25816,0.263515,130.0,167.0,2026-05-29 13:56:33.360629+00
1191,22,P03,yes,1,0.2828,0.280003,0.285638,131.0,164.0,2026-05-29 13:56:33.847851+00
1195,22,P02,no,20,15.0227,0.302941,0.199585,131.0,181.0,2026-05-29 13:56:34.315182+00
1197,22,P05,no,1,-0.7937,0.20406,0.208609,131.0,179.0,2026-05-29 13:56:34.559229+00
1201,22,P09,yes,20,5.5117,0.2227,0.333045,152.0,177.0,2026-05-29 13:56:34.89247+00
1203,22,P05,no,1,-0.6576,0.339244,0.345498,152.0,175.0,2026-05-29 13:56:35.159142+00
1205,22,P05,no,1,-0.645,0.351806,0.358166,152.0,173.0,2026-05-29 13:56:35.445486+00
1210,22,P05,no,1,-0.6126,0.38409,0.390682,152.0,168.0,2026-05-29 13:56:36.191824+00
1214,22,P05,no,1,-0.5859,0.410691,0.41743,153.0,165.0,2026-05-29 13:56:36.64419+00
1220,22,P05,no,1,-0.4141,0.58257,0.589309,174.0,161.0,2026-05-29 13:56:37.290917+00
1222,22,P05,no,1,-0.4006,0.596015,0.602685,175.0,160.0,2026-05-29 13:56:37.442017+00
1224,22,P05,no,1,-0.3874,0.609318,0.61591,176.0,159.0,2026-05-29 13:56:37.607988+00
1233,23,P01,yes,1,-0.0203,0.020611,0.020058,320.0,460.0,2026-05-29 13:56:39.745545+00
1234,22,P02,no,20,-5.6228,0.660756,0.772454,181.0,137.0,2026-05-29 13:56:40.541288+00
1243,23,P01,yes,1,-0.0239,0.024258,0.023609,326.0,460.0,2026-05-29 13:56:45.989069+00
1245,23,P01,yes,1,-0.0233,0.023609,0.022977,325.0,460.0,2026-05-29 13:56:47.25736+00
1246,23,P01,yes,1,-0.0227,0.022977,0.022362,324.0,460.0,2026-05-29 13:56:48.194065+00
1252,23,P04,yes,5,0.1165,0.021763,0.024924,328.0,460.0,2026-05-29 13:56:49.507031+00
1255,23,P02,yes,20,1.123,0.042651,0.072054,368.0,460.0,2026-05-29 13:56:51.854842+00
1260,22,P05,no,1,-0.2109,0.786768,0.791391,182.0,134.0,2026-05-29 13:56:53.845253+00
1269,22,P05,no,1,-0.1804,0.817574,0.821681,182.0,127.0,2026-05-29 13:56:55.124829+00
1272,23,P02,yes,20,5.0814,0.20406,0.308838,431.0,460.0,2026-05-29 13:56:56.547137+00
2392,34,P05,yes,1,0.5174,0.513885,0.520821,3.0,0.0,2026-05-29 14:10:01.095388+00
2399,34,P05,yes,1,0.5656,0.562177,0.569001,10.0,0.0,2026-05-29 14:10:02.17397+00
2401,34,P05,yes,1,0.5792,0.5758,0.58257,12.0,0.0,2026-05-29 14:10:02.440677+00
2414,35,P04,yes,20,11.7751,0.520821,0.654502,23.0,0.0,2026-05-29 14:10:05.721207+00
2419,34,P07,yes,20,13.9199,0.635424,0.752336,41.0,1.0,2026-05-29 14:10:06.102288+00
2429,34,P06,no,1,0.2717,0.731059,0.725562,41.0,6.0,2026-05-29 14:10:07.13907+00
2442,34,P06,no,1,0.4481,0.555328,0.548459,41.0,34.0,2026-05-29 14:10:08.394361+00
2447,35,P08,no,1,0.0011,0.998924,0.998894,247.0,2.0,2026-05-29 14:10:08.893128+00
2451,35,P04,yes,20,19.9825,0.998862,0.999347,267.0,3.0,2026-05-29 14:10:09.24139+00
2456,34,P06,no,1,0.33,0.673096,0.666955,63.0,38.0,2026-05-29 14:10:09.918704+00
2463,35,P01,yes,1,0.9994,0.999399,0.999416,291.0,23.0,2026-05-29 14:10:11.355496+00
2467,34,P06,no,1,0.3614,0.641834,0.635424,63.0,43.0,2026-05-29 14:10:12.076584+00
2469,35,P06,no,20,0.0824,0.996914,0.994634,291.0,103.0,2026-05-29 14:10:12.558409+00
2475,35,P02,no,1,0.0094,0.990684,0.990424,292.0,125.0,2026-05-29 14:10:14.09117+00
2479,35,P05,no,1,0.0105,0.989601,0.989311,292.0,129.0,2026-05-29 14:10:14.571815+00
2484,35,P02,no,1,0.0198,0.980481,0.979942,292.0,152.0,2026-05-29 14:10:14.957802+00
2486,35,P02,no,1,0.0203,0.979942,0.979389,292.0,153.0,2026-05-29 14:10:15.057608+00
2490,35,P02,no,1,0.0221,0.978237,0.977638,292.0,156.0,2026-05-29 14:10:15.385376+00
2498,35,P02,no,1,0.1887,0.813395,0.809142,252.0,200.0,2026-05-29 14:10:15.682154+00
2503,35,P06,no,20,7.4361,0.691162,0.562177,232.0,223.0,2026-05-29 14:10:16.139542+00
2508,35,P05,no,1,0.4619,0.54157,0.534667,232.0,227.0,2026-05-29 14:10:16.493878+00
2512,35,P02,no,1,0.6126,0.390682,0.38409,232.0,249.0,2026-05-29 14:10:16.710194+00
2519,35,P02,no,1,0.7497,0.252876,0.247664,232.0,272.0,2026-05-29 14:10:17.221769+00
2521,35,P02,no,1,0.76,0.242524,0.237458,232.0,274.0,2026-05-29 14:10:17.60868+00
2526,35,P08,yes,1,0.23,0.227546,0.232465,233.0,276.0,2026-05-29 14:10:17.959938+00
2528,35,P02,no,1,0.77,0.232465,0.227546,233.0,277.0,2026-05-29 14:10:18.044425+00
2530,35,P02,no,1,0.77,0.232465,0.227546,234.0,278.0,2026-05-29 14:10:18.189222+00
2535,35,P02,no,1,0.77,0.232465,0.227546,236.0,280.0,2026-05-29 14:10:18.509834+00
2542,35,P02,no,1,0.8537,0.148047,0.144578,239.0,303.0,2026-05-29 14:10:19.077123+00
2548,35,P02,no,1,0.8605,0.141176,0.137842,241.0,307.0,2026-05-29 14:10:19.682158+00
2563,35,P02,yes,1,0.1645,0.162616,0.166434,270.0,328.0,2026-05-29 14:10:25.024662+00
2573,35,P02,yes,1,0.5859,0.58257,0.589309,341.0,328.0,2026-05-29 14:10:25.921452+00
2587,34,P01,no,10,7.2527,0.302941,0.247664,98.0,138.0,2026-05-29 14:10:29.507293+00
2592,34,P02,yes,20,4.9773,0.199585,0.302941,118.0,148.0,2026-05-29 14:10:29.830814+00
2602,34,P08,yes,1,0.4481,0.444672,0.451541,151.0,158.0,2026-05-29 14:10:31.315012+00
2607,34,P01,no,10,6.4162,0.390682,0.326904,152.0,178.0,2026-05-29 14:10:31.632824+00
2611,34,P01,no,10,7.5203,0.274438,0.2227,153.0,198.0,2026-05-29 14:10:31.900298+00
2616,34,P01,no,10,6.3522,0.397315,0.333045,193.0,218.0,2026-05-29 14:10:32.157581+00
2618,35,P02,no,1,0.1645,0.837384,0.833566,401.0,343.0,2026-05-29 14:10:32.747827+00
2627,35,P02,no,1,0.193,0.809142,0.804815,401.0,350.0,2026-05-29 14:10:33.721617+00
2630,35,P02,no,1,0.2018,0.800415,0.79594,401.0,352.0,2026-05-29 14:10:34.097311+00
2637,35,P02,no,1,0.2156,0.786768,0.782071,401.0,355.0,2026-05-29 14:10:34.579052+00
2870,36,P09,yes,20,10.6889,0.465333,0.602685,209.0,194.0,2026-05-29 14:12:58.659291+00
2878,36,P01,no,1,-0.3059,0.691162,0.697059,229.0,199.0,2026-05-29 14:13:05.057805+00
2882,36,P01,no,1,-0.2885,0.708661,0.714362,229.0,196.0,2026-05-29 14:13:06.397169+00
2888,36,P01,yes,1,-0.7058,0.708661,0.702893,228.0,197.0,2026-05-29 14:13:09.223645+00
2891,36,P05,no,1,0.3118,0.691162,0.685201,227.0,199.0,2026-05-29 14:13:09.540968+00
2896,36,P01,yes,1,-0.6576,0.660756,0.654502,226.0,203.0,2026-05-29 14:13:10.171959+00
2899,36,P05,no,1,0.3614,0.641834,0.635424,226.0,206.0,2026-05-29 14:13:10.705756+00
2907,37,P08,yes,1,0.645,0.641834,0.648194,711.0,689.0,2026-05-29 14:13:13.068179+00
2909,37,P08,yes,1,0.6514,0.648194,0.654502,712.0,689.0,2026-05-29 14:13:13.298031+00
2921,36,P08,no,1,0.1362,0.865426,0.862158,246.0,180.0,2026-05-29 14:13:17.421915+00
2922,36,P08,no,1,0.1395,0.862158,0.858824,246.0,181.0,2026-05-29 14:13:18.052958+00
2925,39,P05,no,1,0.1974,0.804815,0.800415,232.0,182.0,2026-05-29 14:13:37.276121+00
1104,23,P04,yes,20,-0.818,0.052706,0.030935,353.0,477.0,2026-05-29 13:56:02.507851+00
1106,22,P01,yes,1,0.7937,0.791391,0.79594,234.0,185.0,2026-05-29 13:56:02.957874+00
1111,22,P01,yes,1,0.8155,0.813395,0.817574,239.0,185.0,2026-05-29 13:56:03.688452+00
1117,23,P09,yes,5,0.0447,0.008344,0.009576,310.0,477.0,2026-05-29 13:56:05.191124+00
1119,23,P05,no,9,-8.9022,0.009576,0.012262,310.0,468.0,2026-05-29 13:56:05.925212+00
1122,22,P05,no,1,0.1645,0.837384,0.833566,244.0,186.0,2026-05-29 13:56:09.764291+00
1129,22,P05,no,1,0.1804,0.821681,0.817574,244.0,190.0,2026-05-29 13:56:12.47816+00
1131,22,P05,no,1,0.1887,0.813395,0.809142,244.0,192.0,2026-05-29 13:56:13.791718+00
1138,23,P08,yes,1,0.0131,0.012954,0.013314,299.0,454.0,2026-05-29 13:56:16.362203+00
1139,23,P08,yes,1,0.0135,0.013314,0.013684,300.0,454.0,2026-05-29 13:56:16.685347+00
1143,23,P08,yes,1,0.0143,0.014064,0.014454,302.0,454.0,2026-05-29 13:56:18.955835+00
1144,23,P08,yes,1,0.0147,0.014454,0.014855,303.0,454.0,2026-05-29 13:56:19.162045+00
1148,23,P08,yes,1,0.0155,0.015267,0.01569,305.0,454.0,2026-05-29 13:56:21.203066+00
1154,22,P07,yes,20,-10.6889,0.602685,0.465333,184.0,189.0,2026-05-29 13:56:28.847373+00
1156,23,P06,no,1,0.9754,0.024924,0.024258,327.0,460.0,2026-05-29 13:56:29.101103+00
1161,22,P08,no,1,-0.8355,0.162616,0.166434,129.0,187.0,2026-05-29 13:56:29.99195+00
1163,22,P08,no,1,-0.8277,0.170324,0.174285,129.0,185.0,2026-05-29 13:56:30.466213+00
1170,22,P08,no,1,-0.8026,0.195185,0.199585,129.0,179.0,2026-05-29 13:56:31.285036+00
1175,22,P05,no,1,-0.7797,0.217929,0.2227,130.0,175.0,2026-05-29 13:56:31.80902+00
1177,22,P05,no,1,-0.7749,0.2227,0.227546,130.0,174.0,2026-05-29 13:56:32.174879+00
1185,22,P05,no,1,-0.7445,0.252876,0.25816,130.0,168.0,2026-05-29 13:56:33.19401+00
1190,22,P05,no,1,-0.7228,0.274438,0.280003,130.0,164.0,2026-05-29 13:56:33.793421+00
1192,22,P05,no,1,-0.7115,0.285638,0.291339,131.0,163.0,2026-05-29 13:56:33.942208+00
1196,22,P05,no,1,-0.7982,0.199585,0.20406,131.0,180.0,2026-05-29 13:56:34.409131+00
1198,22,P03,yes,1,0.2109,0.208609,0.213232,132.0,179.0,2026-05-29 13:56:34.594981+00
1204,22,P05,no,1,-0.6514,0.345498,0.351806,152.0,174.0,2026-05-29 13:56:35.297181+00
1206,22,P05,no,1,-0.6386,0.358166,0.364576,152.0,172.0,2026-05-29 13:56:35.591744+00
1211,22,P05,no,1,-0.606,0.390682,0.397315,152.0,167.0,2026-05-29 13:56:36.359694+00
1215,22,P05,no,1,-0.5792,0.41743,0.4242,153.0,164.0,2026-05-29 13:56:36.793088+00
1217,22,P09,yes,20,10.0,0.430999,0.569001,174.0,164.0,2026-05-29 13:56:36.920622+00
1219,22,P05,no,1,-0.4208,0.5758,0.58257,174.0,162.0,2026-05-29 13:56:37.127009+00
1225,22,P01,yes,1,0.6192,0.61591,0.622459,177.0,159.0,2026-05-29 13:56:37.707766+00
1227,22,P01,yes,1,0.6322,0.628965,0.635424,178.0,158.0,2026-05-29 13:56:37.89396+00
1229,22,P01,yes,1,0.645,0.641834,0.648194,179.0,157.0,2026-05-29 13:56:38.050768+00
1235,23,P06,yes,20,0.5325,0.020058,0.034445,340.0,460.0,2026-05-29 13:56:41.168535+00
1236,23,P01,yes,1,-0.034,0.034445,0.033533,339.0,460.0,2026-05-29 13:56:41.607965+00
1241,23,P04,yes,9,0.199,0.019519,0.024924,328.0,460.0,2026-05-29 13:56:43.878147+00
1250,23,P06,yes,2,0.0424,0.020611,0.021763,323.0,460.0,2026-05-29 13:56:48.840927+00
1251,22,P05,no,1,-0.23,0.767535,0.772454,182.0,138.0,2026-05-29 13:56:49.326898+00
1256,23,P02,yes,20,1.8773,0.072054,0.119203,388.0,460.0,2026-05-29 13:56:52.594548+00
1258,22,P05,no,1,-0.2203,0.7773,0.782071,182.0,136.0,2026-05-29 13:56:53.445384+00
1262,22,P05,no,1,-0.2063,0.791391,0.79594,182.0,133.0,2026-05-29 13:56:54.026142+00
1264,22,P05,no,1,-0.1974,0.800415,0.804815,182.0,131.0,2026-05-29 13:56:54.394897+00
1266,23,P02,yes,20,3.2008,0.12516,0.199585,410.0,460.0,2026-05-29 13:56:54.696662+00
1268,22,P05,no,1,-0.1845,0.813395,0.817574,182.0,128.0,2026-05-29 13:56:54.943365+00
2393,34,P05,yes,1,0.5243,0.520821,0.527749,4.0,0.0,2026-05-29 14:10:01.226878+00
2395,34,P05,yes,1,0.5381,0.534667,0.54157,6.0,0.0,2026-05-29 14:10:01.627511+00
2396,34,P05,yes,1,0.545,0.54157,0.548459,7.0,0.0,2026-05-29 14:10:01.776223+00
2403,34,P05,yes,1,0.5927,0.589309,0.596015,14.0,0.0,2026-05-29 14:10:02.74059+00
2406,34,P05,yes,1,0.6126,0.609318,0.61591,17.0,0.0,2026-05-29 14:10:03.157044+00
2418,35,P04,yes,20,16.3272,0.772454,0.855422,64.0,0.0,2026-05-29 14:10:05.902638+00
2423,35,P02,yes,20,18.6173,0.9116,0.947294,104.0,0.0,2026-05-29 14:10:06.62389+00
2424,35,P02,yes,20,19.182,0.947294,0.969065,124.0,0.0,2026-05-29 14:10:06.779805+00
2427,35,P02,yes,20,19.5221,0.969065,0.982014,144.0,0.0,2026-05-29 14:10:06.890105+00
2432,35,P02,yes,20,19.9079,0.994007,0.996553,204.0,0.0,2026-05-29 14:10:07.354318+00
2434,34,P04,no,3,0.8827,0.714362,0.697059,41.0,11.0,2026-05-29 14:10:07.718373+00
2436,35,P02,yes,20,19.9471,0.996553,0.998019,224.0,0.0,2026-05-29 14:10:07.857808+00
2437,34,P09,no,20,7.4361,0.691162,0.562177,41.0,32.0,2026-05-29 14:10:07.904851+00
2443,35,P01,yes,1,0.9989,0.998924,0.998953,247.0,0.0,2026-05-29 14:10:08.490863+00
2448,34,P01,yes,1,0.6761,0.673096,0.679179,62.0,35.0,2026-05-29 14:10:09.165819+00
2450,35,P08,no,1,0.0011,0.998894,0.998862,247.0,3.0,2026-05-29 14:10:09.205125+00
2454,34,P06,no,1,0.3239,0.679179,0.673096,63.0,37.0,2026-05-29 14:10:09.574543+00
2461,35,P06,no,20,0.0092,0.999655,0.999399,290.0,23.0,2026-05-29 14:10:11.029682+00
2470,35,P01,yes,1,0.9947,0.994634,0.99478,292.0,103.0,2026-05-29 14:10:13.056768+00
2472,34,P06,no,1,0.3678,0.635424,0.628965,63.0,44.0,2026-05-29 14:10:13.141158+00
2476,35,P02,no,1,0.0097,0.990424,0.990157,292.0,126.0,2026-05-29 14:10:14.241949+00
2481,35,P02,no,1,0.0111,0.989013,0.988707,292.0,131.0,2026-05-29 14:10:14.790083+00
2488,35,P02,no,1,0.0209,0.979389,0.978821,292.0,154.0,2026-05-29 14:10:15.224145+00
2494,35,P08,no,1,0.0675,0.933323,0.931573,272.0,178.0,2026-05-29 14:10:15.607959+00
2496,35,P04,yes,20,-18.1694,0.929781,0.883683,252.0,179.0,2026-05-29 14:10:15.647539+00
2501,35,P02,no,1,0.3,0.702893,0.697059,232.0,202.0,2026-05-29 14:10:15.958013+00
2506,35,P08,no,1,0.455,0.548459,0.54157,232.0,226.0,2026-05-29 14:10:16.458982+00
2511,34,P05,no,1,0.2063,0.79594,0.791391,95.0,47.0,2026-05-29 14:10:16.656555+00
2515,35,P02,no,1,0.6192,0.38409,0.377541,232.0,250.0,2026-05-29 14:10:16.882101+00
2520,35,P02,no,1,0.7549,0.247664,0.242524,232.0,273.0,2026-05-29 14:10:17.456596+00
2522,34,P05,no,1,0.235,0.767535,0.762542,95.0,53.0,2026-05-29 14:10:17.657645+00
2524,34,P05,no,1,0.24,0.762542,0.757476,95.0,54.0,2026-05-29 14:10:17.857039+00
2525,35,P02,no,1,0.77,0.232465,0.227546,232.0,276.0,2026-05-29 14:10:17.895385+00
2531,34,P05,no,1,0.2503,0.752336,0.747124,95.0,56.0,2026-05-29 14:10:18.208752+00
2536,35,P08,yes,1,0.23,0.227546,0.232465,237.0,280.0,2026-05-29 14:10:18.637084+00
2549,35,P08,yes,1,0.1395,0.137842,0.141176,242.0,307.0,2026-05-29 14:10:19.709383+00
2554,35,P08,yes,20,2.1798,0.084024,0.137842,262.0,328.0,2026-05-29 14:10:23.541836+00
2559,35,P02,yes,1,0.1498,0.148047,0.151585,266.0,328.0,2026-05-29 14:10:24.456748+00
2561,35,P02,yes,1,0.157,0.155192,0.158869,268.0,328.0,2026-05-29 14:10:24.755577+00
2572,35,P04,yes,20,10.2759,0.444672,0.58257,340.0,328.0,2026-05-29 14:10:25.853762+00
2578,34,P01,no,10,3.3328,0.697059,0.635424,98.0,78.0,2026-05-29 14:10:28.274988+00
2580,34,P09,no,10,4.6539,0.569001,0.5,98.0,98.0,2026-05-29 14:10:28.64737+00
2585,35,P02,no,1,0.193,0.809142,0.804815,382.0,331.0,2026-05-29 14:10:29.356424+00
2590,34,P01,no,10,7.7699,0.247664,0.199585,98.0,148.0,2026-05-29 14:10:29.724106+00
1108,22,P01,yes,1,0.8026,0.800415,0.804815,236.0,185.0,2026-05-29 13:56:03.332715+00
1113,22,P01,yes,1,0.8196,0.817574,0.821681,240.0,185.0,2026-05-29 13:56:03.861978+00
1114,22,P01,yes,1,0.8237,0.821681,0.825715,241.0,185.0,2026-05-29 13:56:04.078886+00
1123,22,P05,no,1,0.1684,0.833566,0.829676,244.0,187.0,2026-05-29 13:56:09.963613+00
1128,23,P05,no,14,-13.8688,0.007682,0.011293,293.0,454.0,2026-05-29 13:56:11.673444+00
1135,23,P08,yes,1,0.0121,0.01193,0.012262,296.0,454.0,2026-05-29 13:56:15.432593+00
1141,22,P04,no,1,-0.1887,0.809142,0.813395,244.0,191.0,2026-05-29 13:56:18.441765+00
1153,22,P07,yes,20,-13.3201,0.725562,0.602685,204.0,189.0,2026-05-29 13:56:28.681355+00
1160,22,P03,yes,5,0.7673,0.144578,0.162616,129.0,188.0,2026-05-29 13:56:29.829827+00
1166,23,P01,yes,1,-0.0239,0.024258,0.023609,326.0,460.0,2026-05-29 13:56:30.891518+00
1168,22,P08,no,1,-0.8113,0.186605,0.190858,129.0,181.0,2026-05-29 13:56:31.125211+00
1178,23,P01,yes,1,-0.0227,0.022977,0.022362,324.0,460.0,2026-05-29 13:56:32.225457+00
1182,22,P05,no,1,-0.7549,0.242524,0.247664,130.0,170.0,2026-05-29 13:56:32.86347+00
1184,22,P05,no,1,-0.7497,0.247664,0.252876,130.0,169.0,2026-05-29 13:56:33.04254+00
1189,22,P05,no,1,-0.7283,0.268941,0.274438,130.0,165.0,2026-05-29 13:56:33.644844+00
1193,22,P05,no,1,-0.7058,0.291339,0.297107,131.0,162.0,2026-05-29 13:56:34.092094+00
1208,22,P05,no,1,-0.6257,0.371035,0.377541,152.0,170.0,2026-05-29 13:56:35.894973+00
1213,22,P05,no,1,-0.5927,0.403985,0.410691,153.0,166.0,2026-05-29 13:56:36.510735+00
1231,22,P01,yes,1,0.6576,0.654502,0.660756,181.0,157.0,2026-05-29 13:56:38.426141+00
1237,22,P04,no,1,0.23,0.772454,0.767535,181.0,138.0,2026-05-29 13:56:42.026743+00
1239,23,P01,yes,1,-0.0331,0.033533,0.032645,338.0,460.0,2026-05-29 13:56:42.977555+00
1248,23,P01,yes,1,-0.0215,0.021763,0.021179,322.0,460.0,2026-05-29 13:56:48.598341+00
1253,22,P05,no,1,-0.2251,0.772454,0.7773,182.0,137.0,2026-05-29 13:56:49.843682+00
1257,23,P01,yes,1,0.1207,0.119203,0.12215,389.0,460.0,2026-05-29 13:56:53.17546+00
1263,22,P05,no,1,-0.2018,0.79594,0.800415,182.0,132.0,2026-05-29 13:56:54.240185+00
1265,22,P05,no,1,-0.193,0.804815,0.809142,182.0,130.0,2026-05-29 13:56:54.575693+00
1267,22,P05,no,1,-0.1887,0.809142,0.813395,182.0,129.0,2026-05-29 13:56:54.745459+00
1271,23,P01,yes,1,0.2018,0.199585,0.20406,411.0,460.0,2026-05-29 13:56:55.346525+00
1274,23,P01,yes,1,0.3178,0.314799,0.320821,433.0,460.0,2026-05-29 13:56:57.519885+00
1276,23,P01,yes,1,0.33,0.326904,0.333045,435.0,460.0,2026-05-29 13:56:58.852995+00
2394,34,P05,yes,1,0.5312,0.527749,0.534667,5.0,0.0,2026-05-29 14:10:01.460388+00
2398,34,P05,yes,1,0.5588,0.555328,0.562177,9.0,0.0,2026-05-29 14:10:02.061261+00
2417,35,P08,yes,1,0.77,0.767535,0.772454,44.0,0.0,2026-05-29 14:10:05.833259+00
2422,34,P06,no,1,0.2555,0.747124,0.74184,41.0,3.0,2026-05-29 14:10:06.539925+00
2430,34,P05,no,1,0.2772,0.725562,0.719997,41.0,7.0,2026-05-29 14:10:07.156877+00
2438,35,P01,yes,1,0.998,0.998019,0.998073,225.0,0.0,2026-05-29 14:10:08.046927+00
2440,35,P02,yes,20,19.9704,0.998073,0.998894,245.0,0.0,2026-05-29 14:10:08.146145+00
2445,34,P07,yes,20,12.3042,0.548459,0.679179,61.0,34.0,2026-05-29 14:10:08.729329+00
2455,35,P01,yes,1,0.9994,0.999365,0.999382,269.0,3.0,2026-05-29 14:10:09.841434+00
2457,35,P02,yes,20,19.9905,0.999382,0.999645,289.0,3.0,2026-05-29 14:10:10.281339+00
2462,34,P06,no,1,0.3486,0.654502,0.648194,63.0,41.0,2026-05-29 14:10:11.16212+00
2466,35,P06,no,20,0.0272,0.998982,0.998227,291.0,63.0,2026-05-29 14:10:11.951337+00
2480,35,P02,no,1,0.0108,0.989311,0.989013,292.0,130.0,2026-05-29 14:10:14.62413+00
2485,34,P03,yes,11,7.8853,0.685201,0.747124,84.0,45.0,2026-05-29 14:10:14.982359+00
2487,34,P03,yes,11,8.5197,0.747124,0.800415,95.0,45.0,2026-05-29 14:10:15.155887+00
2492,35,P04,yes,20,-18.989,0.961662,0.935031,272.0,176.0,2026-05-29 14:10:15.468832+00
2497,35,P06,no,20,2.9837,0.883683,0.813395,252.0,199.0,2026-05-29 14:10:15.665241+00
2502,35,P02,no,1,0.3059,0.697059,0.691162,232.0,203.0,2026-05-29 14:10:16.107544+00
2507,34,P05,no,1,0.2018,0.800415,0.79594,95.0,46.0,2026-05-29 14:10:16.47805+00
2513,34,P04,no,3,0.6468,0.791391,0.7773,95.0,50.0,2026-05-29 14:10:16.802978+00
2517,34,P05,no,1,0.23,0.772454,0.767535,95.0,52.0,2026-05-29 14:10:16.974307+00
2532,35,P08,yes,1,0.23,0.227546,0.232465,235.0,278.0,2026-05-29 14:10:18.313036+00
2537,35,P02,no,1,0.77,0.232465,0.227546,237.0,281.0,2026-05-29 14:10:18.65598+00
2543,35,P02,no,1,0.8571,0.144578,0.141176,239.0,304.0,2026-05-29 14:10:19.252238+00
2550,35,P02,no,1,0.8605,0.141176,0.137842,242.0,308.0,2026-05-29 14:10:19.871869+00
2880,36,P01,no,1,-0.2942,0.702893,0.708661,229.0,197.0,2026-05-29 14:13:05.481341+00
2889,36,P06,yes,1,-0.7,0.702893,0.697059,227.0,197.0,2026-05-29 14:13:09.242621+00
2893,36,P05,no,1,0.3239,0.679179,0.673096,227.0,201.0,2026-05-29 14:13:09.889172+00
2900,36,P05,no,1,0.3678,0.635424,0.628965,226.0,207.0,2026-05-29 14:13:11.343377+00
2901,36,P05,no,1,0.3743,0.628965,0.622459,226.0,208.0,2026-05-29 14:13:12.13117+00
2911,37,P08,yes,1,0.6576,0.654502,0.660756,713.0,689.0,2026-05-29 14:13:13.456817+00
2917,36,P08,no,1,0.1237,0.87785,0.87484,246.0,176.0,2026-05-29 14:13:15.867416+00
2919,36,P08,no,1,0.1298,0.871766,0.868629,246.0,178.0,2026-05-29 14:13:16.663224+00
2927,39,P05,no,1,0.2063,0.79594,0.791391,232.0,184.0,2026-05-29 14:13:37.873301+00
2928,39,P05,no,1,0.2109,0.791391,0.786768,232.0,185.0,2026-05-29 14:13:38.059362+00
2930,39,P05,no,1,0.2203,0.782071,0.7773,232.0,187.0,2026-05-29 14:13:38.440036+00
2936,39,P05,no,1,0.2503,0.752336,0.747124,232.0,193.0,2026-05-29 14:13:40.657246+00
2942,39,P05,no,1,0.2828,0.719997,0.714362,232.0,199.0,2026-05-29 14:13:42.10912+00
2952,39,P05,no,1,0.3059,0.697059,0.691162,235.0,206.0,2026-05-29 14:13:43.305592+00
2957,39,P01,yes,1,0.7058,0.702893,0.708661,239.0,207.0,2026-05-29 14:13:43.797151+00
2963,39,P01,yes,1,0.7283,0.725562,0.731059,244.0,208.0,2026-05-29 14:13:44.530729+00
2968,39,P05,no,1,0.2608,0.74184,0.736485,247.0,210.0,2026-05-29 14:13:45.059008+00
2970,39,P05,no,1,0.2608,0.74184,0.736485,248.0,211.0,2026-05-29 14:13:45.647995+00
2974,38,P01,yes,1,0.6639,0.660756,0.666955,714.0,689.0,2026-05-29 14:13:48.514089+00
2977,39,P05,no,1,0.2942,0.708661,0.702893,248.0,217.0,2026-05-29 14:13:49.456677+00
2980,39,P01,no,1,0.3118,0.691162,0.685201,248.0,220.0,2026-05-29 14:13:50.21393+00
2985,39,P07,no,20,-5.4021,0.673096,0.782071,249.0,203.0,2026-05-29 14:13:51.162215+00
2986,39,P05,no,1,0.2203,0.782071,0.7773,249.0,204.0,2026-05-29 14:13:52.327962+00
2988,39,P05,no,1,0.23,0.772454,0.767535,249.0,206.0,2026-05-29 14:13:53.659433+00
2989,39,P05,no,1,0.235,0.767535,0.762542,249.0,207.0,2026-05-29 14:13:53.891794+00
2998,39,P05,no,1,0.2555,0.747124,0.74184,249.0,211.0,2026-05-29 14:13:57.77413+00
3000,38,P01,yes,1,0.6192,0.61591,0.622459,707.0,689.0,2026-05-29 14:13:58.897486+00
3001,39,P04,no,5,1.3864,0.736485,0.708661,249.0,217.0,2026-05-29 14:13:59.882602+00
3003,39,P05,no,20,-4.7735,0.708661,0.809142,249.0,197.0,2026-05-29 14:14:03.045877+00
3004,38,P01,no,1,0.3874,0.61591,0.609318,707.0,691.0,2026-05-29 14:14:03.224071+00
3006,39,P08,yes,1,-0.807,0.809142,0.804815,248.0,197.0,2026-05-29 14:14:05.286873+00
3009,38,P01,yes,1,0.545,0.54157,0.548459,688.0,681.0,2026-05-29 14:14:05.627368+00
3011,38,P01,yes,1,0.6822,0.679179,0.685201,709.0,681.0,2026-05-29 14:14:07.255913+00
3012,39,P02,no,20,4.9773,0.800415,0.697059,247.0,217.0,2026-05-29 14:14:07.498368+00
1109,22,P01,yes,1,0.807,0.804815,0.809142,237.0,185.0,2026-05-29 13:56:03.512774+00
1115,23,P06,yes,8,-0.0747,0.010399,0.008344,305.0,477.0,2026-05-29 13:56:04.191412+00
1116,22,P01,yes,1,0.8277,0.825715,0.829676,242.0,185.0,2026-05-29 13:56:04.847555+00
1120,22,P01,yes,1,0.8355,0.833566,0.837384,244.0,185.0,2026-05-29 13:56:06.177394+00
1121,23,P06,yes,8,-0.0881,0.012262,0.009843,302.0,468.0,2026-05-29 13:56:06.795654+00
1132,23,P08,yes,1,0.0114,0.011293,0.011607,294.0,454.0,2026-05-29 13:56:13.93112+00
1140,22,P04,no,1,-0.193,0.804815,0.809142,244.0,192.0,2026-05-29 13:56:18.16427+00
1145,23,P08,yes,1,0.0151,0.014855,0.015267,304.0,454.0,2026-05-29 13:56:19.348906+00
1146,22,P05,no,1,-0.1845,0.813395,0.817574,244.0,190.0,2026-05-29 13:56:19.494164+00
1147,22,P05,no,1,-0.1804,0.817574,0.821681,244.0,189.0,2026-05-29 13:56:20.115453+00
1149,23,P04,no,5,4.9267,0.01569,0.013684,305.0,459.0,2026-05-29 13:56:23.995413+00
1151,23,P08,yes,11,0.237,0.018483,0.024924,327.0,459.0,2026-05-29 13:56:28.184481+00
1155,22,P07,yes,20,-7.9589,0.465333,0.333045,164.0,189.0,2026-05-29 13:56:29.014068+00
1157,22,P07,yes,20,-5.5117,0.333045,0.2227,144.0,189.0,2026-05-29 13:56:29.198295+00
1159,22,P08,no,1,-0.8571,0.141176,0.144578,124.0,188.0,2026-05-29 13:56:29.666045+00
1162,22,P08,no,1,-0.8316,0.166434,0.170324,129.0,186.0,2026-05-29 13:56:30.207735+00
1164,22,P08,no,1,-0.8237,0.174285,0.178319,129.0,184.0,2026-05-29 13:56:30.616872+00
1171,22,P04,yes,1,0.2018,0.199585,0.20406,130.0,179.0,2026-05-29 13:56:31.32347+00
1179,22,P05,no,1,-0.77,0.227546,0.232465,130.0,173.0,2026-05-29 13:56:32.359859+00
1181,22,P05,no,1,-0.76,0.237458,0.242524,130.0,171.0,2026-05-29 13:56:32.710558+00
1183,23,P01,yes,1,-0.0221,0.022362,0.021763,323.0,460.0,2026-05-29 13:56:32.996191+00
1188,22,P05,no,1,-0.7338,0.263515,0.268941,130.0,166.0,2026-05-29 13:56:33.507937+00
1194,22,P05,no,1,-0.7,0.297107,0.302941,131.0,161.0,2026-05-29 13:56:34.241595+00
1200,22,P05,no,1,-0.7797,0.217929,0.2227,132.0,177.0,2026-05-29 13:56:34.845147+00
1202,22,P05,no,1,-0.6639,0.333045,0.339244,152.0,176.0,2026-05-29 13:56:34.992329+00
1209,22,P05,no,1,-0.6192,0.377541,0.38409,152.0,169.0,2026-05-29 13:56:36.043169+00
1212,22,P01,yes,1,0.4006,0.397315,0.403985,153.0,167.0,2026-05-29 13:56:36.470085+00
1216,22,P01,yes,1,0.4276,0.4242,0.430999,154.0,164.0,2026-05-29 13:56:36.811124+00
1218,22,P05,no,1,-0.4276,0.569001,0.5758,174.0,163.0,2026-05-29 13:56:36.958132+00
1226,22,P05,no,1,-0.3743,0.622459,0.628965,177.0,158.0,2026-05-29 13:56:37.781769+00
1228,22,P05,no,1,-0.3614,0.635424,0.641834,178.0,157.0,2026-05-29 13:56:37.913779+00
1230,22,P01,yes,1,0.6514,0.648194,0.654502,180.0,157.0,2026-05-29 13:56:38.210369+00
1238,22,P04,no,1,0.235,0.767535,0.762542,181.0,139.0,2026-05-29 13:56:42.850287+00
1240,23,P02,yes,19,-0.4852,0.032645,0.019519,319.0,460.0,2026-05-29 13:56:43.76168+00
1242,23,P01,yes,1,-0.0246,0.024924,0.024258,327.0,460.0,2026-05-29 13:56:44.937292+00
1244,22,P06,yes,1,0.765,0.762542,0.767535,182.0,139.0,2026-05-29 13:56:46.883516+00
1249,23,P01,yes,1,-0.0209,0.021179,0.020611,321.0,460.0,2026-05-29 13:56:48.786266+00
1254,23,P02,yes,20,0.6605,0.024924,0.042651,348.0,460.0,2026-05-29 13:56:49.925132+00
1261,23,P01,yes,1,0.1237,0.12215,0.12516,390.0,460.0,2026-05-29 13:56:53.890406+00
1270,22,P05,no,1,-0.1763,0.821681,0.825715,182.0,126.0,2026-05-29 13:56:55.327033+00
1275,23,P01,yes,1,0.3239,0.320821,0.326904,434.0,460.0,2026-05-29 13:56:58.013455+00
2405,34,P05,yes,1,0.606,0.602685,0.609318,16.0,0.0,2026-05-29 14:10:03.024296+00
2407,34,P05,yes,1,0.6192,0.61591,0.622459,18.0,0.0,2026-05-29 14:10:03.307584+00
2409,34,P05,yes,1,0.6322,0.628965,0.635424,20.0,0.0,2026-05-29 14:10:03.640347+00
2411,35,P08,yes,1,0.5035,0.5,0.506944,1.0,0.0,2026-05-29 14:10:04.096403+00
2412,35,P09,yes,1,0.5104,0.506944,0.513885,2.0,0.0,2026-05-29 14:10:04.674195+00
2413,35,P08,yes,1,0.5174,0.513885,0.520821,3.0,0.0,2026-05-29 14:10:05.561729+00
2415,34,P06,no,1,0.3614,0.641834,0.635424,21.0,1.0,2026-05-29 14:10:05.739897+00
2420,34,P06,no,1,0.2503,0.752336,0.747124,41.0,2.0,2026-05-29 14:10:06.14314+00
2426,34,P05,no,1,0.2662,0.736485,0.731059,41.0,5.0,2026-05-29 14:10:06.857994+00
2431,35,P02,yes,20,19.8401,0.989601,0.994007,184.0,0.0,2026-05-29 14:10:07.188789+00
2444,35,P08,no,1,0.0011,0.998953,0.998924,247.0,1.0,2026-05-29 14:10:08.6918+00
2449,34,P06,no,1,0.3239,0.679179,0.673096,62.0,36.0,2026-05-29 14:10:09.184351+00
2453,35,P01,yes,1,0.9994,0.999347,0.999365,268.0,3.0,2026-05-29 14:10:09.398832+00
2458,34,P06,no,1,0.3361,0.666955,0.660756,63.0,39.0,2026-05-29 14:10:10.441251+00
2460,34,P06,no,1,0.3424,0.660756,0.654502,63.0,40.0,2026-05-29 14:10:10.765967+00
2465,34,P06,no,1,0.355,0.648194,0.641834,63.0,42.0,2026-05-29 14:10:11.564323+00
2474,35,P02,no,1,0.0092,0.990937,0.990684,292.0,124.0,2026-05-29 14:10:13.95299+00
2478,35,P02,no,1,0.0103,0.989883,0.989601,292.0,128.0,2026-05-29 14:10:14.523514+00
2483,35,P06,no,20,0.3008,0.988707,0.980481,292.0,151.0,2026-05-29 14:10:14.938884+00
2491,35,P06,no,20,0.5932,0.977638,0.961662,292.0,176.0,2026-05-29 14:10:15.440423+00
2493,35,P02,no,1,0.0658,0.935031,0.933323,272.0,177.0,2026-05-29 14:10:15.518479+00
2495,35,P05,no,1,0.0693,0.931573,0.929781,272.0,179.0,2026-05-29 14:10:15.626825+00
2500,35,P02,no,1,0.2942,0.708661,0.702893,232.0,201.0,2026-05-29 14:10:15.818816+00
2505,35,P02,no,1,0.4481,0.555328,0.548459,232.0,225.0,2026-05-29 14:10:16.406545+00
2510,35,P02,no,1,0.606,0.397315,0.390682,232.0,248.0,2026-05-29 14:10:16.555878+00
2518,35,P02,no,1,0.7445,0.25816,0.252876,232.0,271.0,2026-05-29 14:10:17.042509+00
2527,34,P05,no,1,0.2451,0.757476,0.752336,95.0,55.0,2026-05-29 14:10:18.024639+00
2529,35,P08,yes,1,0.23,0.227546,0.232465,234.0,277.0,2026-05-29 14:10:18.134761+00
2534,35,P08,yes,1,0.23,0.227546,0.232465,236.0,279.0,2026-05-29 14:10:18.476509+00
2539,35,P08,yes,1,0.1463,0.144578,0.148047,238.0,301.0,2026-05-29 14:10:18.814234+00
2541,35,P08,yes,1,0.1463,0.144578,0.148047,239.0,302.0,2026-05-29 14:10:19.053126+00
2545,35,P02,no,1,0.8571,0.144578,0.141176,240.0,305.0,2026-05-29 14:10:19.388204+00
2547,35,P02,no,1,0.8571,0.144578,0.141176,241.0,306.0,2026-05-29 14:10:19.552642+00
2552,34,P05,no,1,0.2608,0.74184,0.736485,95.0,58.0,2026-05-29 14:10:21.243754+00
2556,35,P02,yes,1,0.1395,0.137842,0.141176,263.0,328.0,2026-05-29 14:10:23.962576+00
2558,35,P02,yes,1,0.1463,0.144578,0.148047,265.0,328.0,2026-05-29 14:10:24.31446+00
2560,35,P02,yes,1,0.1534,0.151585,0.155192,267.0,328.0,2026-05-29 14:10:24.608536+00
2565,35,P05,yes,5,1.3588,0.25816,0.285638,295.0,328.0,2026-05-29 14:10:25.065845+00
2567,35,P02,yes,1,0.2942,0.291339,0.297107,297.0,328.0,2026-05-29 14:10:25.313109+00
2574,35,P02,yes,1,0.5927,0.589309,0.596015,342.0,328.0,2026-05-29 14:10:26.075187+00
2576,35,P04,yes,20,15.4246,0.719997,0.817574,382.0,328.0,2026-05-29 14:10:26.336741+00
2579,34,P01,no,10,3.9747,0.635424,0.569001,98.0,88.0,2026-05-29 14:10:28.624166+00
2584,35,P08,no,1,0.1887,0.813395,0.809142,382.0,330.0,2026-05-29 14:10:29.287119+00
2589,35,P02,no,1,0.2018,0.800415,0.79594,382.0,333.0,2026-05-29 14:10:29.655948+00
2594,34,P03,yes,6,1.9255,0.302941,0.339244,124.0,148.0,2026-05-29 14:10:30.03647+00
2596,34,P03,yes,6,2.1494,0.339244,0.377541,130.0,148.0,2026-05-29 14:10:30.232346+00
2599,35,P02,no,1,0.2251,0.7773,0.772454,382.0,338.0,2026-05-29 14:10:30.751935+00
2604,34,P01,no,10,5.8244,0.451541,0.38409,151.0,168.0,2026-05-29 14:10:31.491238+00
1110,22,P06,yes,1,0.8113,0.809142,0.813395,238.0,185.0,2026-05-29 13:56:03.533131+00
1124,22,P05,no,1,0.1723,0.829676,0.825715,244.0,188.0,2026-05-29 13:56:10.403618+00
1126,22,P05,no,1,0.1763,0.825715,0.821681,244.0,189.0,2026-05-29 13:56:10.695043+00
1130,22,P05,no,1,0.1845,0.817574,0.813395,244.0,191.0,2026-05-29 13:56:13.147131+00
1133,22,P05,no,1,0.193,0.809142,0.804815,244.0,193.0,2026-05-29 13:56:14.527257+00
1134,23,P08,yes,1,0.0118,0.011607,0.01193,295.0,454.0,2026-05-29 13:56:14.649212+00
1137,23,P08,yes,1,0.0128,0.012603,0.012954,298.0,454.0,2026-05-29 13:56:16.107231+00
1150,23,P08,yes,11,0.1756,0.013684,0.018483,316.0,459.0,2026-05-29 13:56:27.736217+00
1152,22,P07,yes,20,-15.5214,0.821681,0.725562,224.0,189.0,2026-05-29 13:56:28.466016+00
1167,22,P08,no,1,-0.8155,0.182426,0.186605,129.0,182.0,2026-05-29 13:56:30.92858+00
1169,22,P05,no,1,-0.807,0.190858,0.195185,129.0,180.0,2026-05-29 13:56:31.224845+00
1173,22,P08,no,1,-0.7891,0.208609,0.213232,130.0,177.0,2026-05-29 13:56:31.45895+00
1174,22,P05,no,1,-0.7844,0.213232,0.217929,130.0,176.0,2026-05-29 13:56:31.592583+00
1180,22,P05,no,1,-0.765,0.232465,0.237458,130.0,172.0,2026-05-29 13:56:32.526076+00
1187,23,P01,yes,1,-0.0215,0.021763,0.021179,322.0,460.0,2026-05-29 13:56:33.390912+00
1199,22,P05,no,1,-0.7844,0.213232,0.217929,132.0,178.0,2026-05-29 13:56:34.692335+00
1207,22,P05,no,1,-0.6322,0.364576,0.371035,152.0,171.0,2026-05-29 13:56:35.741753+00
1221,22,P01,yes,1,0.5927,0.589309,0.596015,175.0,161.0,2026-05-29 13:56:37.371799+00
1223,22,P01,yes,1,0.606,0.602685,0.609318,176.0,160.0,2026-05-29 13:56:37.554327+00
1232,23,P01,yes,1,-0.0209,0.021179,0.020611,321.0,460.0,2026-05-29 13:56:38.677447+00
1247,23,P01,yes,1,-0.0221,0.022362,0.021763,323.0,460.0,2026-05-29 13:56:48.419768+00
1259,22,P05,no,1,-0.2156,0.782071,0.786768,182.0,135.0,2026-05-29 13:56:53.640468+00
1273,23,P01,yes,1,0.3118,0.308838,0.314799,432.0,460.0,2026-05-29 13:56:56.652866+00
2557,35,P02,yes,1,0.1429,0.141176,0.144578,264.0,328.0,2026-05-29 14:10:24.161399+00
2564,35,P04,yes,20,4.1968,0.166434,0.25816,290.0,328.0,2026-05-29 14:10:25.04486+00
2566,35,P02,yes,1,0.2885,0.285638,0.291339,296.0,328.0,2026-05-29 14:10:25.173115+00
2568,35,P02,yes,1,0.3,0.297107,0.302941,298.0,328.0,2026-05-29 14:10:25.477849+00
2570,35,P02,yes,1,0.4344,0.430999,0.437823,319.0,328.0,2026-05-29 14:10:25.623268+00
2575,35,P04,yes,20,13.1967,0.596015,0.719997,362.0,328.0,2026-05-29 14:10:26.118652+00
2582,34,P01,no,10,6.0253,0.430999,0.364576,98.0,118.0,2026-05-29 14:10:29.200165+00
2586,34,P01,no,10,6.6672,0.364576,0.302941,98.0,128.0,2026-05-29 14:10:29.376007+00
2591,35,P02,no,1,0.2063,0.79594,0.791391,382.0,334.0,2026-05-29 14:10:29.810973+00
2603,35,P02,no,1,0.235,0.767535,0.762542,382.0,340.0,2026-05-29 14:10:31.463141+00
2613,34,P07,yes,20,5.5117,0.2227,0.333045,173.0,198.0,2026-05-29 14:10:31.996746+00
2884,37,P02,no,20,4.0163,0.841131,0.752336,709.0,669.0,2026-05-29 14:13:07.159293+00
2887,36,P05,no,1,0.2885,0.714362,0.708661,229.0,197.0,2026-05-29 14:13:09.198287+00
2890,36,P05,no,1,0.3059,0.697059,0.691162,227.0,198.0,2026-05-29 14:13:09.357998+00
2895,36,P05,no,1,0.3361,0.666955,0.660756,227.0,203.0,2026-05-29 14:13:10.141978+00
2898,36,P05,no,1,0.355,0.648194,0.641834,226.0,205.0,2026-05-29 14:13:10.456948+00
2903,36,P05,no,1,0.3874,0.61591,0.609318,226.0,210.0,2026-05-29 14:13:12.488924+00
2906,36,P05,no,1,0.4073,0.596015,0.589309,226.0,213.0,2026-05-29 14:13:13.024621+00
2908,36,P05,no,1,0.4141,0.589309,0.58257,226.0,214.0,2026-05-29 14:13:13.188967+00
2914,36,P01,no,10,-2.1824,0.757476,0.804815,246.0,195.0,2026-05-29 14:13:15.243564+00
2915,36,P01,no,10,-1.7459,0.804815,0.844808,246.0,185.0,2026-05-29 14:13:15.425205+00
2916,36,P01,no,10,-1.3812,0.844808,0.87785,246.0,175.0,2026-05-29 14:13:15.614397+00
2983,39,P01,no,1,0.33,0.673096,0.666955,248.0,223.0,2026-05-29 14:13:50.766623+00
2991,38,P06,yes,6,-3.8887,0.666955,0.628965,708.0,689.0,2026-05-29 14:13:54.159281+00
2992,39,P05,no,1,0.2451,0.757476,0.752336,249.0,209.0,2026-05-29 14:13:54.258859+00
2997,38,P07,yes,1,0.6126,0.609318,0.61591,706.0,689.0,2026-05-29 14:13:56.825822+00
3019,38,P01,yes,1,0.6882,0.685201,0.691162,710.0,681.0,2026-05-29 14:14:10.394525+00
3020,39,P09,no,20,-4.7735,0.708661,0.809142,249.0,197.0,2026-05-29 14:14:12.312115+00
3022,39,P02,no,20,4.7735,0.809142,0.708661,249.0,217.0,2026-05-29 14:14:13.269656+00
3023,39,P09,no,20,-4.7735,0.708661,0.809142,249.0,197.0,2026-05-29 14:14:14.690429+00
3024,38,P01,yes,1,0.7,0.697059,0.702893,712.0,681.0,2026-05-29 14:14:15.497708+00
3030,38,P02,yes,20,15.5214,0.725562,0.821681,736.0,681.0,2026-05-29 14:14:18.644496+00
3035,38,P07,yes,20,18.2595,0.889273,0.933323,776.0,681.0,2026-05-29 14:14:20.264006+00
3046,38,P01,yes,1,0.9375,0.936698,0.938325,779.0,681.0,2026-05-29 14:14:22.298724+00
3051,39,P05,no,1,0.3808,0.622459,0.61591,249.0,232.0,2026-05-29 14:14:22.958504+00
3052,39,P05,no,1,0.3874,0.61591,0.609318,249.0,233.0,2026-05-29 14:14:23.138956+00
3054,39,P04,yes,10,6.3522,0.602685,0.666955,259.0,234.0,2026-05-29 14:14:23.55021+00
3057,38,P01,yes,1,0.901,0.89975,0.902227,781.0,701.0,2026-05-29 14:14:26.417562+00
3059,38,P05,no,1,0.1607,0.841131,0.837384,781.0,722.0,2026-05-29 14:14:28.047537+00
3067,38,P01,yes,1,0.7982,0.79594,0.800415,792.0,742.0,2026-05-29 14:14:39.131403+00
3068,38,P01,yes,1,0.8026,0.800415,0.804815,793.0,742.0,2026-05-29 14:14:39.655479+00
3074,39,P02,no,20,4.3832,0.825715,0.731059,260.0,224.0,2026-05-29 14:14:42.495157+00
3076,39,P01,yes,1,-0.7228,0.725562,0.719997,258.0,224.0,2026-05-29 14:14:45.595498+00
3078,39,P01,yes,1,-0.7172,0.719997,0.714362,257.0,224.0,2026-05-29 14:14:46.244873+00
3085,39,P05,no,1,0.2018,0.800415,0.79594,256.0,207.0,2026-05-29 14:14:49.99139+00
3091,39,P05,no,1,0.23,0.772454,0.767535,255.0,212.0,2026-05-29 14:14:51.406074+00
3095,39,P05,no,1,0.2503,0.752336,0.747124,255.0,216.0,2026-05-29 14:14:52.008781+00
3096,38,P08,yes,20,18.6526,0.913813,0.948664,847.0,742.0,2026-05-29 14:14:52.536408+00
3100,39,P06,yes,1,-0.7445,0.747124,0.74184,254.0,216.0,2026-05-29 14:14:57.560931+00
3102,38,P05,no,1,0.0578,0.942975,0.941463,846.0,746.0,2026-05-29 14:14:59.414629+00
3104,39,P01,yes,1,-0.7338,0.736485,0.731059,252.0,216.0,2026-05-29 14:15:00.454496+00
3109,39,P01,yes,1,-0.7172,0.719997,0.714362,249.0,216.0,2026-05-29 14:15:01.314304+00
3111,39,P01,yes,1,-0.7115,0.714362,0.708661,248.0,216.0,2026-05-29 14:15:01.571437+00
3112,39,P01,yes,1,-0.7058,0.708661,0.702893,247.0,216.0,2026-05-29 14:15:01.779753+00
3120,41,P05,no,20,11.6412,0.486115,0.351806,234.0,256.0,2026-05-29 14:15:34.009576+00
3130,41,P05,no,20,6.1976,0.747124,0.628965,275.0,256.0,2026-05-29 14:15:38.933096+00
3132,41,P02,no,20,-6.1976,0.628965,0.747124,275.0,236.0,2026-05-29 14:15:40.743819+00
3135,41,P01,yes,1,-0.7338,0.736485,0.731059,272.0,236.0,2026-05-29 14:15:46.593158+00
3136,41,P01,yes,1,-0.7283,0.731059,0.725562,271.0,236.0,2026-05-29 14:15:46.746578+00
3139,40,P01,yes,5,4.7184,0.939913,0.947294,852.0,748.0,2026-05-29 14:15:48.567+00
3141,40,P02,no,20,0.818,0.969065,0.947294,872.0,768.0,2026-05-29 14:15:49.298053+00
3143,41,P02,no,20,-4.6737,0.714362,0.813395,269.0,216.0,2026-05-29 14:15:50.504689+00
3145,41,P01,no,1,0.1887,0.813395,0.809142,269.0,217.0,2026-05-29 14:15:51.174248+00
3147,41,P01,no,1,0.193,0.809142,0.804815,269.0,218.0,2026-05-29 14:15:51.322428+00
3150,41,P01,no,1,0.2018,0.800415,0.79594,269.0,220.0,2026-05-29 14:15:51.663799+00
3199,41,P04,yes,1,-0.8466,0.848415,0.844808,276.0,215.0,2026-05-29 14:16:11.593412+00
3203,41,P05,no,1,-0.1429,0.855422,0.858824,276.0,211.0,2026-05-29 14:16:13.127391+00
3205,41,P05,no,1,-0.2203,0.7773,0.782071,276.0,230.0,2026-05-29 14:16:13.405508+00
3212,40,P02,no,20,-2.649,0.833566,0.897216,889.0,811.0,2026-05-29 14:16:17.048275+00
3218,41,P05,no,20,-4.3832,0.731059,0.825715,265.0,209.0,2026-05-29 14:16:23.165168+00
3221,40,P01,no,1,0.1534,0.848415,0.844808,889.0,828.0,2026-05-29 14:16:26.821624+00
3223,40,P01,no,1,0.157,0.844808,0.841131,889.0,829.0,2026-05-29 14:16:27.56813+00
3230,40,P01,no,1,0.1723,0.829676,0.825715,889.0,833.0,2026-05-29 14:16:31.826653+00
3232,41,P02,no,20,4.5754,0.817574,0.719997,265.0,231.0,2026-05-29 14:16:36.673808+00
3239,40,P05,no,1,-0.24,0.757476,0.762542,874.0,832.0,2026-05-29 14:16:41.66362+00
3241,40,P08,yes,20,16.2435,0.767535,0.851953,895.0,832.0,2026-05-29 14:16:42.13022+00
3243,40,P08,yes,20,18.5812,0.909336,0.94589,935.0,832.0,2026-05-29 14:16:43.535753+00
3249,41,P05,no,1,0.193,0.809142,0.804815,265.0,214.0,2026-05-29 14:16:45.109364+00
3251,41,P05,no,1,0.1974,0.804815,0.800415,265.0,215.0,2026-05-29 14:16:45.275414+00
3255,40,P02,no,20,-0.2696,0.982498,0.989883,957.0,792.0,2026-05-29 14:16:45.757795+00
3264,41,P05,no,1,0.2555,0.747124,0.74184,265.0,227.0,2026-05-29 14:16:47.273049+00
3266,41,P05,no,1,0.2662,0.736485,0.731059,265.0,229.0,2026-05-29 14:16:47.643705+00
3271,41,P07,yes,20,17.0163,0.813395,0.883683,285.0,212.0,2026-05-29 14:16:48.230845+00
3273,41,P05,no,1,0.1207,0.880797,0.87785,285.0,214.0,2026-05-29 14:16:48.524371+00
3278,41,P05,no,1,0.1207,0.880797,0.87785,285.0,214.0,2026-05-29 14:16:48.907216+00
3200,41,P05,no,1,-0.1534,0.844808,0.848415,276.0,214.0,2026-05-29 14:16:12.029208+00
3208,41,P09,yes,10,-7.5717,0.782071,0.731059,265.0,229.0,2026-05-29 14:16:14.141374+00
3211,40,P01,no,1,0.1645,0.837384,0.833566,889.0,831.0,2026-05-29 14:16:16.017122+00
3214,40,P01,no,1,0.1067,0.894626,0.891978,889.0,813.0,2026-05-29 14:16:19.193497+00
3220,40,P06,no,10,1.3485,0.880797,0.848415,889.0,827.0,2026-05-29 14:16:24.620215+00
3225,41,P08,no,1,0.1094,0.891978,0.889273,265.0,190.0,2026-05-29 14:16:28.523919+00
3227,41,P02,no,20,2.8459,0.889273,0.821681,265.0,210.0,2026-05-29 14:16:29.209147+00
3229,40,P01,no,1,0.1684,0.833566,0.829676,889.0,832.0,2026-05-29 14:16:29.445731+00
3234,40,P01,yes,1,0.8355,0.833566,0.837384,892.0,833.0,2026-05-29 14:16:37.803973+00
3236,40,P01,yes,1,0.7497,0.747124,0.752336,873.0,833.0,2026-05-29 14:16:38.347642+00
3256,41,P05,no,1,0.2156,0.786768,0.782071,265.0,219.0,2026-05-29 14:16:45.908006+00
3258,41,P05,no,1,0.2251,0.7773,0.772454,265.0,221.0,2026-05-29 14:16:46.255458+00
3265,41,P05,no,1,0.2608,0.74184,0.736485,265.0,228.0,2026-05-29 14:16:47.455093+00
3267,41,P05,no,1,0.2717,0.731059,0.725562,265.0,230.0,2026-05-29 14:16:47.806852+00
3274,41,P08,no,1,-0.1207,0.87785,0.880797,285.0,213.0,2026-05-29 14:16:48.598935+00
3201,41,P05,no,1,-0.1498,0.848415,0.851953,276.0,213.0,2026-05-29 14:16:12.611965+00
3204,41,P02,no,20,3.5906,0.858824,0.7773,276.0,231.0,2026-05-29 14:16:13.374153+00
3209,40,P01,no,1,0.157,0.844808,0.841131,889.0,829.0,2026-05-29 14:16:14.176436+00
3210,40,P01,no,1,0.1607,0.841131,0.837384,889.0,830.0,2026-05-29 14:16:15.073028+00
3213,40,P01,no,1,0.1041,0.897216,0.894626,889.0,812.0,2026-05-29 14:16:18.206661+00
3224,40,P01,no,1,0.1607,0.841131,0.837384,889.0,830.0,2026-05-29 14:16:28.221723+00
3226,40,P01,no,1,0.1645,0.837384,0.833566,889.0,831.0,2026-05-29 14:16:28.865116+00
3228,41,P08,no,1,0.1804,0.821681,0.817574,265.0,211.0,2026-05-29 14:16:29.229204+00
3240,40,P01,yes,1,0.765,0.762542,0.767535,875.0,832.0,2026-05-29 14:16:42.111338+00
3242,40,P08,yes,20,17.6534,0.851953,0.909336,915.0,832.0,2026-05-29 14:16:42.769553+00
3248,41,P05,no,1,0.1887,0.813395,0.809142,265.0,213.0,2026-05-29 14:16:44.940878+00
3250,40,P01,yes,1,0.9823,0.982014,0.982498,957.0,812.0,2026-05-29 14:16:45.128035+00
3260,41,P05,no,1,0.235,0.767535,0.762542,265.0,223.0,2026-05-29 14:16:46.590354+00
3262,41,P05,no,1,0.2451,0.757476,0.752336,265.0,225.0,2026-05-29 14:16:46.923861+00
3269,41,P02,no,20,-4.5754,0.719997,0.817574,265.0,211.0,2026-05-29 14:16:48.060719+00
3275,40,P07,yes,20,-19.7304,0.989883,0.982498,937.0,792.0,2026-05-29 14:16:48.623688+00
3202,41,P05,no,1,-0.1463,0.851953,0.855422,276.0,212.0,2026-05-29 14:16:12.893606+00
3206,41,P04,yes,1,-0.7797,0.782071,0.7773,275.0,230.0,2026-05-29 14:16:13.422877+00
3217,40,P01,no,1,0.1149,0.886508,0.883683,889.0,816.0,2026-05-29 14:16:22.774111+00
3219,40,P01,no,1,0.1178,0.883683,0.880797,889.0,817.0,2026-05-29 14:16:23.548589+00
3222,41,P05,no,20,-2.7789,0.825715,0.891978,265.0,189.0,2026-05-29 14:16:27.156245+00
3233,40,P01,yes,1,0.8316,0.829676,0.833566,891.0,833.0,2026-05-29 14:16:37.242143+00
3235,40,P07,yes,20,-15.8942,0.837384,0.747124,872.0,833.0,2026-05-29 14:16:38.328511+00
3237,40,P01,yes,1,0.7549,0.752336,0.757476,874.0,833.0,2026-05-29 14:16:39.908207+00
3244,40,P02,no,20,-0.84,0.94589,0.968221,935.0,812.0,2026-05-29 14:16:44.213895+00
3247,41,P05,no,1,0.1845,0.817574,0.813395,265.0,212.0,2026-05-29 14:16:44.760105+00
3254,41,P05,no,1,0.2109,0.791391,0.786768,265.0,218.0,2026-05-29 14:16:45.740027+00
3263,41,P05,no,1,0.2503,0.752336,0.747124,265.0,226.0,2026-05-29 14:16:47.088783+00
3270,41,P05,no,1,0.1845,0.817574,0.813395,265.0,212.0,2026-05-29 14:16:48.155773+00
3272,41,P05,no,1,0.1178,0.883683,0.880797,285.0,213.0,2026-05-29 14:16:48.341374+00
3277,41,P08,no,1,-0.1207,0.87785,0.880797,285.0,213.0,2026-05-29 14:16:48.739603+00
3207,41,P05,no,1,-0.2203,0.7773,0.782071,275.0,229.0,2026-05-29 14:16:13.639606+00
3215,40,P01,no,1,0.1094,0.891978,0.889273,889.0,814.0,2026-05-29 14:16:20.087285+00
3216,40,P01,no,1,0.1121,0.889273,0.886508,889.0,815.0,2026-05-29 14:16:20.529913+00
3231,40,P01,yes,1,0.8277,0.825715,0.829676,890.0,833.0,2026-05-29 14:16:35.873386+00
3238,41,P02,no,20,-4.5754,0.719997,0.817574,265.0,211.0,2026-05-29 14:16:41.108944+00
3245,40,P01,yes,1,0.9686,0.968221,0.969065,936.0,812.0,2026-05-29 14:16:44.301898+00
3246,40,P08,yes,20,19.5221,0.969065,0.982014,956.0,812.0,2026-05-29 14:16:44.587795+00
3252,41,P05,no,1,0.2018,0.800415,0.79594,265.0,216.0,2026-05-29 14:16:45.422895+00
3253,41,P05,no,1,0.2063,0.79594,0.791391,265.0,217.0,2026-05-29 14:16:45.589562+00
3257,41,P05,no,1,0.2203,0.782071,0.7773,265.0,220.0,2026-05-29 14:16:46.073006+00
3259,41,P05,no,1,0.23,0.772454,0.767535,265.0,222.0,2026-05-29 14:16:46.408198+00
3261,41,P05,no,1,0.24,0.762542,0.757476,265.0,224.0,2026-05-29 14:16:46.756503+00
3268,41,P05,no,1,0.2772,0.725562,0.719997,265.0,231.0,2026-05-29 14:16:47.992473+00
3276,41,P05,no,1,0.1207,0.880797,0.87785,285.0,214.0,2026-05-29 14:16:48.707474+00
3279,42,P05,no,1,0.1237,0.87785,0.87484,285.0,215.0,2026-05-29 14:17:34.722209+00
3280,42,P05,no,1,0.1267,0.87484,0.871766,285.0,216.0,2026-05-29 14:17:34.897878+00
3281,42,P05,no,1,0.1298,0.871766,0.868629,285.0,217.0,2026-05-29 14:17:35.040015+00
3282,42,P05,no,1,0.133,0.868629,0.865426,285.0,218.0,2026-05-29 14:17:35.206671+00
3283,42,P05,no,1,0.1362,0.865426,0.862158,285.0,219.0,2026-05-29 14:17:35.490653+00
3284,42,P05,no,1,0.1395,0.862158,0.858824,285.0,220.0,2026-05-29 14:17:35.641351+00
3285,42,P05,no,1,0.1429,0.858824,0.855422,285.0,221.0,2026-05-29 14:17:35.807039+00
3286,42,P05,no,1,0.1463,0.855422,0.851953,285.0,222.0,2026-05-29 14:17:35.973945+00
3287,42,P05,no,1,0.1498,0.851953,0.848415,285.0,223.0,2026-05-29 14:17:36.123132+00
3288,42,P05,no,1,0.1534,0.848415,0.844808,285.0,224.0,2026-05-29 14:17:36.274875+00
3289,42,P05,no,1,0.157,0.844808,0.841131,285.0,225.0,2026-05-29 14:17:36.439974+00
3290,42,P05,no,1,0.1607,0.841131,0.837384,285.0,226.0,2026-05-29 14:17:36.591603+00
3291,42,P05,no,1,0.1645,0.837384,0.833566,285.0,227.0,2026-05-29 14:17:36.757073+00
3292,42,P05,no,1,0.1684,0.833566,0.829676,285.0,228.0,2026-05-29 14:17:36.907036+00
3293,42,P05,no,1,0.1723,0.829676,0.825715,285.0,229.0,2026-05-29 14:17:37.073941+00
3294,42,P05,no,1,0.1763,0.825715,0.821681,285.0,230.0,2026-05-29 14:17:37.2583+00
3295,42,P05,no,1,0.1804,0.821681,0.817574,285.0,231.0,2026-05-29 14:17:37.45541+00
3296,42,P05,no,1,0.1845,0.817574,0.813395,285.0,232.0,2026-05-29 14:17:37.623499+00
3297,42,P05,no,1,0.1887,0.813395,0.809142,285.0,233.0,2026-05-29 14:17:37.809018+00
3298,42,P05,no,1,0.193,0.809142,0.804815,285.0,234.0,2026-05-29 14:17:37.972879+00
3299,42,P05,no,1,0.1974,0.804815,0.800415,285.0,235.0,2026-05-29 14:17:38.174643+00
3300,42,P05,no,1,0.2018,0.800415,0.79594,285.0,236.0,2026-05-29 14:17:38.340188+00
3301,42,P05,no,1,0.2063,0.79594,0.791391,285.0,237.0,2026-05-29 14:17:38.525929+00
3302,42,P05,no,1,0.2109,0.791391,0.786768,285.0,238.0,2026-05-29 14:17:38.712839+00
3303,42,P05,no,1,0.2156,0.786768,0.782071,285.0,239.0,2026-05-29 14:17:38.90799+00
3304,42,P05,no,1,0.2203,0.782071,0.7773,285.0,240.0,2026-05-29 14:17:39.092862+00
3305,42,P05,no,1,0.2251,0.7773,0.772454,285.0,241.0,2026-05-29 14:17:39.562357+00
3306,42,P05,no,1,0.23,0.772454,0.767535,285.0,242.0,2026-05-29 14:17:39.776627+00
3307,42,P05,no,1,0.235,0.767535,0.762542,285.0,243.0,2026-05-29 14:17:39.973376+00
3308,42,P09,yes,20,16.1584,0.762542,0.848415,305.0,243.0,2026-05-29 14:17:40.794553+00
3309,42,P05,no,1,0.1534,0.848415,0.844808,305.0,244.0,2026-05-29 14:17:42.440071+00
3310,42,P05,no,1,0.157,0.844808,0.841131,305.0,245.0,2026-05-29 14:17:42.741576+00
3311,42,P05,no,1,0.1607,0.841131,0.837384,305.0,246.0,2026-05-29 14:17:42.905825+00
3312,42,P05,no,1,0.1645,0.837384,0.833566,305.0,247.0,2026-05-29 14:17:43.127637+00
3313,42,P05,no,1,0.1684,0.833566,0.829676,305.0,248.0,2026-05-29 14:17:43.327073+00
3314,42,P05,no,1,0.1723,0.829676,0.825715,305.0,249.0,2026-05-29 14:17:43.506449+00
3315,43,P07,yes,20,-19.5349,0.982498,0.969887,917.0,792.0,2026-05-29 14:17:45.047167+00
3316,42,P09,no,10,1.9549,0.825715,0.782071,305.0,259.0,2026-05-29 14:17:47.798447+00
3317,42,P02,no,20,-3.5098,0.782071,0.862158,305.0,239.0,2026-05-29 14:17:49.114882+00
3318,43,P07,yes,20,-19.2035,0.969887,0.948664,897.0,792.0,2026-05-29 14:17:50.968375+00
3319,43,P07,yes,20,-18.6526,0.948664,0.913813,877.0,792.0,2026-05-29 14:17:53.401965+00
3320,42,P09,no,10,1.5548,0.862158,0.825715,305.0,249.0,2026-05-29 14:17:56.349716+00
3321,42,P01,no,1,0.1763,0.825715,0.821681,305.0,250.0,2026-05-29 14:17:56.693527+00
3322,42,P01,no,1,0.1804,0.821681,0.817574,305.0,251.0,2026-05-29 14:17:57.08713+00
3323,42,P01,no,1,0.1845,0.817574,0.813395,305.0,252.0,2026-05-29 14:17:57.480232+00
3324,42,P01,no,1,0.1887,0.813395,0.809142,305.0,253.0,2026-05-29 14:17:57.898558+00
3325,43,P01,yes,1,0.9149,0.913813,0.915976,878.0,792.0,2026-05-29 14:17:58.167205+00
3326,42,P01,no,1,0.193,0.809142,0.804815,305.0,254.0,2026-05-29 14:17:58.346434+00
3327,43,P01,yes,1,0.917,0.915976,0.918089,879.0,792.0,2026-05-29 14:17:58.857197+00
3328,43,P06,no,20,2.1266,0.918089,0.865426,879.0,812.0,2026-05-29 14:17:58.947886+00
3329,43,P01,yes,1,0.867,0.865426,0.868629,880.0,812.0,2026-05-29 14:17:59.290306+00
3330,42,P04,yes,20,-15.1253,0.804815,0.702893,285.0,254.0,2026-05-29 14:17:59.823091+00
3331,42,P08,no,1,-0.2942,0.702893,0.708661,285.0,253.0,2026-05-29 14:18:01.011578+00
3332,42,P05,no,1,-0.2885,0.708661,0.714362,285.0,252.0,2026-05-29 14:18:01.815897+00
3333,42,P07,yes,20,15.3263,0.714362,0.813395,305.0,252.0,2026-05-29 14:18:02.491751+00
3334,42,P09,yes,10,8.3327,0.813395,0.851953,315.0,252.0,2026-05-29 14:18:02.633526+00
3335,43,P01,no,1,0.133,0.868629,0.865426,880.0,813.0,2026-05-29 14:18:03.904215+00
3336,43,P01,no,1,0.1362,0.865426,0.862158,880.0,814.0,2026-05-29 14:18:04.733751+00
3337,43,P08,no,20,3.5098,0.862158,0.782071,880.0,834.0,2026-05-29 14:18:05.376639+00
3338,42,P08,yes,1,-0.8502,0.851953,0.848415,314.0,252.0,2026-05-29 14:18:05.709471+00
3339,43,P01,no,1,0.2203,0.782071,0.7773,880.0,835.0,2026-05-29 14:18:05.809013+00
3340,43,P01,no,1,0.2251,0.7773,0.772454,880.0,836.0,2026-05-29 14:18:06.981177+00
3341,43,P01,no,1,0.23,0.772454,0.767535,880.0,837.0,2026-05-29 14:18:11.268143+00
3342,43,P07,no,20,5.7351,0.767535,0.654502,880.0,857.0,2026-05-29 14:18:12.642201+00
3343,42,P04,no,15,2.7157,0.848415,0.786768,314.0,267.0,2026-05-29 14:18:13.122253+00
3344,43,P02,no,20,-5.7351,0.654502,0.767535,880.0,837.0,2026-05-29 14:18:13.891709+00
3345,42,P08,no,1,-0.2109,0.786768,0.791391,314.0,266.0,2026-05-29 14:18:14.376699+00
3346,43,P01,no,1,0.235,0.767535,0.762542,880.0,838.0,2026-05-29 14:18:14.907513+00
3347,42,P07,yes,20,16.6476,0.791391,0.868629,334.0,266.0,2026-05-29 14:18:15.479754+00
3348,43,P07,no,20,5.8488,0.762542,0.648194,880.0,858.0,2026-05-29 14:18:15.924795+00
3349,42,P02,no,20,3.3524,0.868629,0.791391,334.0,286.0,2026-05-29 14:18:16.411628+00
3350,43,P01,yes,1,0.6514,0.648194,0.654502,881.0,858.0,2026-05-29 14:18:17.335238+00
3351,42,P08,no,1,-0.2063,0.791391,0.79594,334.0,285.0,2026-05-29 14:18:17.515452+00
3352,43,P01,yes,1,0.6576,0.654502,0.660756,882.0,858.0,2026-05-29 14:18:18.149848+00
3353,43,P05,no,2,-0.6661,0.660756,0.673096,882.0,856.0,2026-05-29 14:18:18.571052+00
3354,43,P02,no,20,-5.4021,0.673096,0.782071,882.0,836.0,2026-05-29 14:18:19.130033+00
3356,43,P01,yes,1,0.7891,0.786768,0.791391,884.0,836.0,2026-05-29 14:18:20.123296+00
3357,43,P07,no,20,5.1869,0.791391,0.685201,884.0,856.0,2026-05-29 14:18:20.612032+00
3355,43,P01,yes,1,0.7844,0.782071,0.786768,883.0,836.0,2026-05-29 14:18:19.631441+00
3360,43,P07,no,20,10.2759,0.555328,0.41743,884.0,896.0,2026-05-29 14:18:23.104103+00
3361,43,P07,no,20,12.9466,0.41743,0.291339,884.0,916.0,2026-05-29 14:18:24.189141+00
3365,43,P07,no,20,16.873,0.195185,0.12215,885.0,956.0,2026-05-29 14:18:25.003159+00
3367,43,P07,no,20,18.8472,0.073934,0.0438,885.0,996.0,2026-05-29 14:18:25.404816+00
3368,43,P09,yes,1,0.0444,0.0438,0.044978,886.0,996.0,2026-05-29 14:18:26.35522+00
3371,43,P05,no,5,-4.7531,0.046187,0.052706,887.0,991.0,2026-05-29 14:18:29.0101+00
3376,43,P06,no,20,-18.5442,0.055549,0.09298,889.0,971.0,2026-05-29 14:18:32.566661+00
3378,43,P01,yes,1,0.0966,0.095349,0.097773,891.0,971.0,2026-05-29 14:18:34.016244+00
3379,43,P01,yes,1,0.099,0.097773,0.10025,892.0,971.0,2026-05-29 14:18:34.279578+00
3384,42,P08,no,1,-0.3,0.697059,0.702893,294.0,263.0,2026-05-29 14:18:35.691088+00
3397,43,P01,yes,1,-0.6941,0.697059,0.691162,952.0,923.0,2026-05-29 14:18:45.061038+00
3402,43,P01,yes,1,-0.7844,0.786768,0.782071,969.0,923.0,2026-05-29 14:18:48.526234+00
3412,43,P08,yes,20,14.4883,0.666955,0.7773,1008.0,963.0,2026-05-29 14:18:52.234857+00
3417,42,P06,no,1,-0.193,0.804815,0.809142,286.0,234.0,2026-05-29 14:18:53.726999+00
3423,43,P07,no,1,0.2063,0.79594,0.791391,1012.0,964.0,2026-05-29 14:18:54.741727+00
3432,43,P08,yes,20,16.4902,0.782071,0.862158,1072.0,1006.0,2026-05-29 14:18:57.875027+00
3435,43,P09,yes,3,-2.561,0.858824,0.848415,1069.0,1007.0,2026-05-29 14:18:58.596198+00
3437,42,P05,no,1,-0.3239,0.673096,0.679179,296.0,269.0,2026-05-29 14:18:59.09064+00
3441,43,P06,no,10,-1.3485,0.848415,0.880797,1089.0,1017.0,2026-05-29 14:18:59.541348+00
3446,42,P05,no,1,-0.2828,0.714362,0.719997,296.0,262.0,2026-05-29 14:19:00.04362+00
3450,42,P05,no,1,-0.2717,0.725562,0.731059,296.0,260.0,2026-05-29 14:19:00.414532+00
3453,43,P01,yes,1,-0.9251,0.926066,0.924142,1107.0,1017.0,2026-05-29 14:19:00.950705+00
3358,42,P01,no,1,0.2063,0.79594,0.791391,334.0,286.0,2026-05-29 14:18:21.149577+00
3359,43,P07,no,20,7.5655,0.685201,0.555328,884.0,876.0,2026-05-29 14:18:22.036214+00
3362,42,P08,no,1,-0.2063,0.791391,0.79594,334.0,285.0,2026-05-29 14:18:24.379292+00
3363,43,P07,no,20,15.2265,0.291339,0.190858,884.0,936.0,2026-05-29 14:18:24.829207+00
3377,43,P09,yes,1,0.0942,0.09298,0.095349,890.0,971.0,2026-05-29 14:18:33.450852+00
3383,43,P01,yes,1,0.1974,0.195185,0.199585,893.0,943.0,2026-05-29 14:18:35.140215+00
3391,42,P04,yes,20,-16.3272,0.855422,0.772454,286.0,242.0,2026-05-29 14:18:40.722298+00
3398,42,P02,no,20,3.6728,0.855422,0.772454,286.0,242.0,2026-05-29 14:18:45.964485+00
3404,43,P01,yes,1,-0.7797,0.782071,0.7773,968.0,923.0,2026-05-29 14:18:49.278382+00
3408,43,P08,yes,20,14.4883,0.666955,0.7773,988.0,943.0,2026-05-29 14:18:51.124775+00
3414,43,P01,yes,1,-0.6941,0.697059,0.691162,992.0,963.0,2026-05-29 14:18:52.537283+00
3416,42,P06,no,1,-0.1974,0.800415,0.804815,286.0,235.0,2026-05-29 14:18:53.459271+00
3422,42,P06,no,1,-0.2772,0.719997,0.725562,286.0,251.0,2026-05-29 14:18:54.628368+00
3427,43,P08,yes,20,16.5696,0.786768,0.865426,1032.0,965.0,2026-05-29 14:18:55.839723+00
3430,43,P02,no,20,5.4021,0.782071,0.673096,1032.0,1006.0,2026-05-29 14:18:57.027391+00
3364,43,P01,yes,1,0.193,0.190858,0.195185,885.0,936.0,2026-05-29 14:18:24.922056+00
3366,43,P07,no,20,18.0751,0.12215,0.073934,885.0,976.0,2026-05-29 14:18:25.208656+00
3369,42,P05,no,1,-0.2018,0.79594,0.800415,334.0,284.0,2026-05-29 14:18:26.519199+00
3370,43,P01,yes,1,0.0456,0.044978,0.046187,887.0,996.0,2026-05-29 14:18:27.043301+00
3372,42,P02,no,20,-3.2008,0.800415,0.87484,334.0,264.0,2026-05-29 14:18:29.237268+00
3373,43,P01,yes,1,0.0534,0.052706,0.05411,888.0,991.0,2026-05-29 14:18:29.786405+00
3374,42,P07,yes,20,-16.7992,0.87484,0.800415,314.0,264.0,2026-05-29 14:18:30.686744+00
3375,43,P09,yes,1,0.0548,0.05411,0.055549,889.0,991.0,2026-05-29 14:18:32.128891+00
3380,43,P02,no,20,-17.414,0.10025,0.162616,892.0,951.0,2026-05-29 14:18:34.320719+00
3381,43,P05,no,8,-6.5719,0.162616,0.195185,892.0,943.0,2026-05-29 14:18:34.42139+00
3382,42,P04,yes,20,-15.0227,0.800415,0.697059,294.0,264.0,2026-05-29 14:18:34.558107+00
3385,42,P08,no,1,-0.2942,0.702893,0.708661,294.0,262.0,2026-05-29 14:18:36.282149+00
3386,42,P06,yes,2,1.4287,0.708661,0.719997,296.0,262.0,2026-05-29 14:18:37.146281+00
3387,42,P09,yes,10,7.4682,0.719997,0.772454,306.0,262.0,2026-05-29 14:18:39.276667+00
3388,42,P05,no,20,-3.6728,0.772454,0.855422,306.0,242.0,2026-05-29 14:18:39.690215+00
3389,43,P06,yes,20,4.9773,0.199585,0.302941,913.0,943.0,2026-05-29 14:18:39.881078+00
3390,43,P08,yes,20,7.3076,0.302941,0.430999,933.0,943.0,2026-05-29 14:18:40.363066+00
3392,43,P02,no,20,-10.0,0.430999,0.569001,933.0,923.0,2026-05-29 14:18:40.854346+00
3393,42,P04,yes,20,-14.3772,0.772454,0.660756,266.0,242.0,2026-05-29 14:18:40.907027+00
3394,42,P05,no,20,-5.6228,0.660756,0.772454,266.0,222.0,2026-05-29 14:18:42.23007+00
3395,43,P08,yes,20,12.6924,0.569001,0.697059,953.0,923.0,2026-05-29 14:18:44.03094+00
3396,42,P07,yes,20,16.3272,0.772454,0.855422,286.0,222.0,2026-05-29 14:18:44.396895+00
3399,43,P01,yes,1,-0.6882,0.691162,0.685201,951.0,923.0,2026-05-29 14:18:46.312887+00
3400,43,P08,yes,20,14.8131,0.685201,0.791391,971.0,923.0,2026-05-29 14:18:46.348669+00
3401,43,P01,yes,1,-0.7891,0.791391,0.786768,970.0,923.0,2026-05-29 14:18:47.245981+00
3403,42,P06,no,1,-0.2251,0.772454,0.7773,286.0,241.0,2026-05-29 14:18:49.147631+00
3405,43,P07,no,20,5.5117,0.7773,0.666955,968.0,943.0,2026-05-29 14:18:49.686759+00
3406,42,P06,no,1,-0.2203,0.7773,0.782071,286.0,240.0,2026-05-29 14:18:49.722951+00
3407,42,P06,no,1,-0.2156,0.782071,0.786768,286.0,239.0,2026-05-29 14:18:50.609964+00
3409,42,P06,no,1,-0.2109,0.786768,0.791391,286.0,238.0,2026-05-29 14:18:51.256846+00
3410,43,P07,no,20,5.5117,0.7773,0.666955,988.0,963.0,2026-05-29 14:18:51.437645+00
3411,42,P06,no,1,-0.2063,0.791391,0.79594,286.0,237.0,2026-05-29 14:18:52.044364+00
3413,43,P04,yes,15,-11.0776,0.7773,0.697059,993.0,963.0,2026-05-29 14:18:52.340044+00
3415,42,P06,no,1,-0.2018,0.79594,0.800415,286.0,236.0,2026-05-29 14:18:53.239448+00
3418,42,P06,no,1,-0.1887,0.809142,0.813395,286.0,233.0,2026-05-29 14:18:53.972579+00
3419,43,P08,yes,20,14.9186,0.691162,0.79594,1012.0,963.0,2026-05-29 14:18:54.245922+00
3420,42,P06,no,1,-0.1845,0.813395,0.817574,286.0,232.0,2026-05-29 14:18:54.357939+00
3421,42,P02,no,20,4.5754,0.817574,0.719997,286.0,252.0,2026-05-29 14:18:54.590926+00
3424,42,P06,no,1,-0.2717,0.725562,0.731059,286.0,250.0,2026-05-29 14:18:54.888383+00
3425,42,P02,no,20,6.5575,0.731059,0.609318,286.0,270.0,2026-05-29 14:18:55.527967+00
3426,43,P07,no,1,0.2109,0.791391,0.786768,1012.0,965.0,2026-05-29 14:18:55.685654+00
3428,43,P02,no,20,3.4304,0.865426,0.786768,1032.0,985.0,2026-05-29 14:18:56.188908+00
3429,43,P07,no,1,0.2156,0.786768,0.782071,1032.0,986.0,2026-05-29 14:18:56.937161+00
3431,43,P08,yes,20,14.5979,0.673096,0.782071,1052.0,1006.0,2026-05-29 14:18:57.11491+00
3433,43,P07,no,1,0.1395,0.862158,0.858824,1072.0,1007.0,2026-05-29 14:18:58.352475+00
3434,42,P09,yes,10,6.4162,0.609318,0.673096,296.0,270.0,2026-05-29 14:18:58.417369+00
3436,43,P08,yes,20,17.5954,0.848415,0.90702,1089.0,1007.0,2026-05-29 14:18:59.01412+00
3438,42,P05,no,1,-0.3178,0.679179,0.685201,296.0,268.0,2026-05-29 14:18:59.256637+00
3439,42,P05,no,1,-0.3118,0.685201,0.691162,296.0,267.0,2026-05-29 14:18:59.446375+00
3440,43,P02,no,20,2.4046,0.90702,0.848415,1089.0,1027.0,2026-05-29 14:18:59.496149+00
3442,42,P05,no,1,-0.3059,0.691162,0.697059,296.0,266.0,2026-05-29 14:18:59.572235+00
3443,42,P06,no,1,-0.3,0.697059,0.702893,296.0,265.0,2026-05-29 14:18:59.639127+00
3444,42,P05,no,1,-0.2942,0.702893,0.708661,296.0,264.0,2026-05-29 14:18:59.740675+00
3445,42,P05,no,1,-0.2885,0.708661,0.714362,296.0,263.0,2026-05-29 14:18:59.872919+00
3447,42,P05,no,1,-0.2772,0.719997,0.725562,296.0,261.0,2026-05-29 14:19:00.192476+00
3448,43,P08,yes,20,18.1227,0.880797,0.927946,1109.0,1017.0,2026-05-29 14:19:00.227053+00
3449,43,P01,yes,1,-0.927,0.927946,0.926066,1108.0,1017.0,2026-05-29 14:19:00.251092+00
3451,42,P05,no,1,-0.2662,0.731059,0.736485,296.0,259.0,2026-05-29 14:19:00.505487+00
3452,42,P01,no,20,-4.2893,0.736485,0.829676,296.0,239.0,2026-05-29 14:19:00.775681+00
3454,43,P04,no,20,1.9737,0.924142,0.87484,1107.0,1037.0,2026-05-29 14:19:01.020388+00
3455,42,P05,no,1,-0.1684,0.829676,0.833566,296.0,238.0,2026-05-29 14:19:01.397934+00
3456,43,P01,yes,1,-0.8733,0.87484,0.871766,1106.0,1037.0,2026-05-29 14:19:01.479025+00
3457,43,P01,yes,1,-0.8702,0.871766,0.868629,1105.0,1037.0,2026-05-29 14:19:02.262457+00
3458,43,P04,no,20,3.3524,0.868629,0.791391,1105.0,1057.0,2026-05-29 14:19:03.200213+00
3459,43,P04,no,20,5.1869,0.791391,0.685201,1105.0,1077.0,2026-05-29 14:19:03.792045+00
