trade_id,market_id,round_id,direction,quantity,price_impact,abs_price_impact
1,1,1,no,3,-0.020821285372742915,0.020821285372742915
2,1,1,no,12,-0.0818640526057488,0.0818640526057488
3,1,1,yes,1,0.0066701446519749075,0.0066701446519749075
4,1,1,yes,1,0.006705817235090283,0.006705817235090283
5,1,1,yes,11,0.07542405834542165,0.07542405834542165
6,1,1,no,12,-0.08212987558051194,0.08212987558051194
7,1,1,yes,16,0.10990051107252169,0.10990051107252169
8,1,1,no,2,-0.013885317746004877,0.013885317746004877
9,1,1,no,1,-0.006943997948260672,0.006943997948260672
10,1,1,no,1,-0.006941319797744205,0.006941319797744205
11,1,1,no,1,-0.006935967626738038,0.006935967626738038
12,2,2,no,2,-0.013885317746004877,0.013885317746004877
13,2,2,no,11,-0.07542405834542165,0.07542405834542165
14,2,2,yes,12,0.08236537814316586,0.08236537814316586
15,2,2,no,1,-0.006941319797744205,0.006941319797744205
16,2,2,no,1,-0.006935967626738038,0.006935967626738038
17,3,7,yes,1,0.006943997948260727,0.006943997948260727
18,3,7,yes,1,0.00694131979774415,0.00694131979774415
19,3,7,yes,19,0.12794872734272622,0.12794872734272622
20,3,7,no,2,-0.012869380138757824,0.012869380138757824
21,3,7,no,1,-0.00650533374811868,0.00650533374811868
22,3,7,no,14,-0.09471009614734138,0.09471009614734138
23,3,7,yes,13,0.08816035648900022,0.08816035648900022
24,3,7,yes,15,0.09275123348592218,0.09275123348592218
25,3,7,no,1,-0.0057680800157665635,0.0057680800157665635
26,3,7,no,1,-0.005833461048261657,0.005833461048261657
27,3,7,no,2,-0.011858307300091742,0.011858307300091742
28,3,7,no,3,-0.018246091491757044,0.018246091491757044
29,3,7,yes,1,0.00614129254867346,0.00614129254867346
30,3,7,no,19,-0.12463764974895508,0.12463764974895508
31,3,7,yes,19,0.12463764974895508,0.12463764974895508
32,3,7,yes,19,0.104203683452459,0.104203683452459
33,3,7,no,3,-0.014757889518593581,0.014757889518593581
34,3,7,no,1,-0.005066392393269226,0.005066392393269226
35,3,7,no,12,-0.06631396690031366,0.06631396690031366
36,3,7,no,1,-0.005960635697198957,0.005960635697198957
37,3,7,no,2,-0.012104798943083583,0.012104798943083583
38,3,7,no,8,-0.050636846520377476,0.050636846520377476
39,3,7,no,9,-0.060282830316056524,0.060282830316056524
40,3,7,yes,14,0.09232574836608065,0.09232574836608065
41,3,7,yes,2,0.012452635921679889,0.012452635921679889
42,3,7,no,6,-0.037990220223585336,0.037990220223585336
43,3,7,no,1,-0.00650533374811868,0.00650533374811868
44,3,7,yes,4,0.02573488866189011,0.02573488866189011
45,3,7,no,1,-0.006360174775013605,0.006360174775013605
46,3,7,yes,13,0.07816249455588653,0.07816249455588653
47,3,7,no,11,-0.06549429039273891,0.06549429039273891
48,3,7,no,3,-0.019078689993518028,0.019078689993518028
49,3,7,no,1,-0.0064588943083874195,0.0064588943083874195
50,3,7,no,11,-0.07363660968760433,0.07363660968760433
51,3,7,yes,10,0.06713127593948565,0.06713127593948565
52,3,7,no,1,-0.006549739658341158,0.006549739658341158
53,3,7,no,8,-0.053733090657715366,0.053733090657715366
54,3,7,yes,7,0.0471410409577625,0.0471410409577625
55,3,7,yes,2,0.01314178935829402,0.01314178935829402
56,3,7,yes,1,0.00650533374811868,0.00650533374811868
57,3,7,no,12,-0.08050613697669629,0.08050613697669629
58,3,7,yes,17,0.11229784079254024,0.11229784079254024
59,3,7,yes,8,0.04790445626361839,0.04790445626361839
60,3,7,no,9,-0.054158575777556894,0.054158575777556894
61,3,7,no,4,-0.025537584301905447,0.025537584301905447
62,3,7,no,3,-0.0196471231064127,0.0196471231064127
63,3,7,yes,9,0.057637343329998036,0.057637343329998036
64,3,7,no,1,-0.0061985164077413835,0.0061985164077413835
65,3,7,yes,10,0.0592401708788004,0.0592401708788004
66,3,7,yes,6,0.03233965921631077,0.03233965921631077
67,3,7,no,4,-0.0212776202309235,0.0212776202309235
68,3,7,no,1,-0.005496366471083425,0.005496366471083425
69,3,7,no,1,-0.005565672514303843,0.005565672514303843
70,3,7,no,1,-0.005634110153561744,0.005634110153561744
71,3,7,yes,11,0.05809195331612804,0.05809195331612804
72,3,7,no,16,-0.08725340614186827,0.08725340614186827
73,3,7,no,7,-0.043366931576584555,0.043366931576584555
74,3,7,no,11,-0.07283271252054058,0.07283271252054058
75,3,7,no,6,-0.04125209751367731,0.04125209751367731
76,3,7,yes,1,0.006917278298890772,0.006917278298890772
77,3,7,yes,3,0.020661541908964964,0.020661541908964964
78,3,7,yes,1,0.0068484456234291224,0.0068484456234291224
79,3,7,yes,1,0.0068248316823924515,0.0068248316823924515
80,3,7,no,1,-0.0068248316823924515,0.0068248316823924515
81,3,7,no,8,0.053733090657715366,0.053733090657715366
82,3,7,yes,1,0.006549739658341158,0.006549739658341158
83,3,7,yes,19,0.1140255137398204,0.1140255137398204
84,3,7,no,17,-0.1010612856833143,0.1010612856833143
85,3,7,no,5,-0.03273822127986903,0.03273822127986903
86,3,7,yes,1,0.006632203865068909,0.006632203865068909
87,3,7,no,20,-0.13706677689807373,0.13706677689807373
88,3,7,yes,1,0.00692794968177024,0.00692794968177024
89,3,7,yes,1,0.006935967626738038,0.006935967626738038
90,3,7,yes,4,0.027770635492009754,0.027770635492009754
91,3,7,yes,8,0.055116014822185644,0.055116014822185644
92,3,7,yes,1,0.0067987210476098126,0.0067987210476098126
93,3,7,no,9,-0.061914735869795456,0.061914735869795456
94,3,7,yes,2,0.013863917308508333,0.013863917308508333
95,3,7,yes,1,0.006917278298890772,0.006917278298890772
96,3,7,no,1,0.00690396986339592,0.00690396986339592
97,3,7,yes,1,0.006888044756477085,0.006888044756477085
98,3,7,yes,1,0.006869527289091959,0.006869527289091959
99,3,7,yes,17,0.11162682991118966,0.11162682991118966
100,3,7,no,20,-0.13228837182015463,0.13228837182015463
101,3,7,no,5,-0.03466651335340398,0.03466651335340398
102,3,7,yes,7,0.04845852797327699,0.04845852797327699
103,3,7,yes,15,0.09973569189046771,0.09973569189046771
104,3,7,yes,1,0.006308029388134018,0.006308029388134018
105,3,7,no,9,-0.058487055925361964,0.058487055925361964
106,3,7,yes,1,0.0066701446519749075,0.0066701446519749075
107,3,7,yes,19,0.11731120166612596,0.11731120166612596
108,3,7,no,1,-0.005634110153561744,0.005634110153561744
109,3,7,no,1,-0.005701604461620269,0.005701604461620269
110,3,7,no,2,-0.01160154106402822,0.01160154106402822
111,3,7,no,1,-0.0058976716028927845,0.0058976716028927845
112,3,7,yes,17,0.09090965525297023,0.09090965525297023
113,3,7,no,3,-0.014536260571609061,0.014536260571609061
114,3,7,no,14,-0.07637339468136117,0.07637339468136117
115,3,7,yes,9,0.05067867812632221,0.05067867812632221
116,3,7,no,2,-0.010781711858831922,0.010781711858831922
117,3,7,no,1,-0.005496366471083425,0.005496366471083425
118,3,7,no,3,-0.016901387129485856,0.016901387129485856
119,3,7,no,14,-0.08620149382758102,0.08620149382758102
120,3,7,yes,1,0.00650533374811868,0.00650533374811868
121,3,7,yes,2,0.012869380138757824,0.012869380138757824
122,3,7,yes,9,0.0552252388766763,0.0552252388766763
123,3,7,no,5,-0.030104398791848785,0.030104398791848785
124,3,7,no,1,-0.0061985164077413835,0.0061985164077413835
125,3,7,no,10,-0.06474117543930047,0.06474117543930047
126,3,7,yes,1,0.0066701446519749075,0.0066701446519749075
127,3,7,yes,20,0.12287687418042981,0.12287687418042981
128,3,7,yes,4,0.021562055111748024,0.021562055111748024
129,3,7,yes,6,0.03017559390402158,0.03017559390402158
130,3,7,no,2,-0.009764854130815293,0.009764854130815293
131,3,7,yes,4,0.01923348211859699,0.01923348211859699
132,3,7,no,1,-0.004697221546987929,0.004697221546987929
133,3,7,no,1,0.004697221546987929,0.004697221546987929
134,3,7,no,9,-0.044928198673635955,0.044928198673635955
135,3,7,yes,1,0.005283976781832678,0.005283976781832678
136,3,7,no,6,-0.03276183777961361,0.03276183777961361
137,3,7,no,1,-0.005701604461620269,0.005701604461620269
138,3,7,no,1,0.005701604461620269,0.005701604461620269
139,3,7,no,1,-0.005701604461620269,0.005701604461620269
140,3,7,no,1,-0.0057680800157665635,0.0057680800157665635
141,3,7,no,1,-0.005833461048261657,0.005833461048261657
142,3,7,yes,1,0.005833461048261657,0.005833461048261657
143,3,7,no,15,-0.09357520317010848,0.09357520317010848
144,3,7,yes,1,0.006592049699952862,0.006592049699952862
145,3,7,yes,7,0.04484677722230379,0.04484677722230379
146,3,7,yes,1,0.0061985164077413835,0.0061985164077413835
147,3,7,no,6,-0.037990220223585336,0.037990220223585336
148,3,7,no,3,0.01922955491377143,0.01922955491377143
149,3,7,yes,12,0.07180231978087293,0.07180231978087293
150,3,7,yes,13,0.06677194951785514,0.06677194951785514
151,3,7,no,14,-0.07240605967141689,0.07240605967141689
152,3,7,no,2,-0.011469684477386832,0.011469684477386832
153,3,7,no,6,-0.03593785984011044,0.03593785984011044
154,3,7,yes,18,0.10058012187031717,0.10058012187031717
155,3,7,yes,1,0.0049193757633081425,0.0049193757633081425
691,3,8,no,8,0.03846464377794245,0.03846464377794245
692,3,8,no,1,-0.004548750366815679,0.004548750366815679
156,3,7,no,9,-0.046892170648262455,0.046892170648262455
693,3,8,yes,2,0.00902332867231248,0.00902332867231248
694,3,8,no,1,-0.004474578305496801,0.004474578305496801
695,3,8,no,1,-0.004548750366815679,0.004548750366815679
157,3,7,yes,8,0.04197279488495431,0.04197279488495431
158,3,7,no,10,-0.0531725775528199,0.0531725775528199
159,3,7,no,1,-0.005701604461620269,0.005701604461620269
160,3,7,no,1,-0.0057680800157665635,0.0057680800157665635
161,3,7,no,5,-0.02979656729143698,0.02979656729143698
162,3,7,yes,1,0.006082521453160905,0.006082521453160905
163,3,7,yes,2,0.011982913187121635,0.011982913187121635
696,3,8,no,1,-0.00462298351148227,0.00462298351148227
164,3,7,yes,6,0.03440059979640686,0.03440059979640686
165,3,7,no,12,-0.07105996290704275,0.07105996290704275
166,3,7,no,1,-0.006308029388134018,0.006308029388134018
167,3,7,yes,9,0.05469852514992435,0.05469852514992435
168,3,7,no,1,-0.005833461048261657,0.005833461048261657
169,3,7,yes,7,0.03942556097626759,0.03942556097626759
697,3,8,yes,2,0.00917173387829795,0.00917173387829795
170,3,7,no,1,-0.0054262663116700915,0.0054262663116700915
171,3,7,no,1,-0.005496366471083425,0.005496366471083425
172,3,7,yes,1,0.005496366471083425,0.005496366471083425
173,3,7,no,1,-0.005496366471083425,0.005496366471083425
174,3,7,yes,1,0.005496366471083425,0.005496366471083425
175,3,7,no,5,-0.028165833616335845,0.028165833616335845
176,3,7,yes,18,0.09304747802710167,0.09304747802710167
177,3,7,no,1,-0.004548750366815679,0.004548750366815679
178,3,7,yes,1,0.004548750366815679,0.004548750366815679
179,3,7,no,15,-0.0759436833961531,0.0759436833961531
180,3,7,yes,3,0.01648830529705736,0.01648830529705736
181,3,7,yes,1,0.00535544554716183,0.00535544554716183
182,3,7,no,1,-0.00535544554716183,0.00535544554716183
698,3,8,no,2,-0.00917173387829795,0.00917173387829795
699,3,8,no,2,-0.009468627987781697,0.009468627987781697
700,3,8,no,17,0.07111499003602206,0.07111499003602206
701,3,8,no,1,-0.0036070974478101814,0.0036070974478101814
702,3,8,no,1,-0.0036768586438180595,0.0036768586438180595
183,3,7,yes,1,0.00535544554716183,0.00535544554716183
703,3,8,no,1,-0.0037472034806167454,0.0037472034806167454
184,3,7,yes,2,0.010495908372091578,0.010495908372091578
185,3,7,no,12,-0.06713522219561274,0.06713522219561274
704,3,8,no,1,-0.003818099192726798,0.003818099192726798
186,3,7,yes,6,0.034795562979301975,0.034795562979301975
187,3,7,no,18,-0.11067899780105706,0.11067899780105706
188,3,7,yes,12,0.07588343482175508,0.07588343482175508
189,3,7,yes,1,0.005960635697198957,0.005960635697198957
705,3,8,yes,1,-0.0038895110895871277,0.0038895110895871277
190,3,7,yes,17,0.09090965525297023,0.09090965525297023
191,3,7,yes,9,0.03960967627682266,0.03960967627682266
192,3,7,no,1,-0.0041064676986638515,0.0041064676986638515
193,3,7,no,1,-0.004179558286804386,0.004179558286804386
194,3,7,no,1,-0.004252962151704676,0.004252962151704676
706,3,8,no,1,-0.003961402534739644,0.003961402534739644
195,3,7,no,13,-0.062017688484465094,0.062017688484465094
196,3,7,yes,1,0.0052119315902589,0.0052119315902589
197,3,7,yes,1,0.0051393804018998734,0.0051393804018998734
707,3,8,no,1,-0.00403373492910708,0.00403373492910708
198,3,7,yes,1,0.005066392393269226,0.005066392393269226
199,3,7,yes,6,0.02884950101785755,0.02884950101785755
708,3,8,no,10,-0.04438108271761643,0.04438108271761643
200,3,7,no,8,-0.03905527381302665,0.03905527381302665
709,3,8,yes,9,-0.04624128254468618,0.04624128254468618
201,3,7,yes,5,0.02496366231376268,0.02496366231376268
202,3,7,no,1,-0.00484547836750715,0.00484547836750715
710,3,8,no,1,-0.005496366471083425,0.005496366471083425
203,3,7,yes,6,0.027960418539083598,0.027960418539083598
711,3,8,yes,1,0.005496366471083425,0.005496366471083425
712,3,8,yes,1,-0.005496366471083425,0.005496366471083425
713,3,8,no,2,-0.011199782667865588,0.011199782667865588
714,3,8,yes,12,0.06293743168363519,0.06293743168363519
204,3,7,no,1,-0.004474578305496801,0.004474578305496801
205,3,7,yes,1,0.004474578305496801,0.004474578305496801
715,3,8,yes,1,-0.00484547836750715,0.00484547836750715
206,3,7,yes,12,0.048000049864445615,0.048000049864445615
207,3,7,yes,5,-0.018738769854558912,0.018738769854558912
208,3,7,yes,14,0.04817352014790377,0.04817352014790377
209,3,7,yes,14,0.03596375369800775,0.03596375369800775
210,3,7,no,18,-0.048386950667759665,0.048386950667759665
211,3,7,yes,1,0.0032023859348871975,0.0032023859348871975
212,3,7,yes,11,0.03112071917329373,0.03112071917329373
716,3,8,yes,5,-0.02533011553651443,0.02533011553651443
213,3,7,no,14,-0.04092564508434693,0.04092564508434693
214,3,7,no,20,-0.081524003383449,0.081524003383449
215,3,7,no,3,-0.014757889518593581,0.014757889518593581
216,3,7,no,1,-0.005066392393269226,0.005066392393269226
717,3,8,no,1,0.0052119315902589,0.0052119315902589
217,3,7,no,1,-0.0051393804018998734,0.0051393804018998734
218,3,7,yes,15,0.06934474503137911,0.06934474503137911
718,3,8,no,3,-0.015851353919253408,0.015851353919253408
219,3,7,yes,8,0.030271858076003078,0.030271858076003078
220,3,7,no,6,-0.022276720612156353,0.022276720612156353
221,3,7,yes,1,0.0038895110895871277,0.0038895110895871277
222,3,7,no,1,-0.0038895110895871277,0.0038895110895871277
223,3,7,no,1,-0.003961402534739644,0.003961402534739644
224,3,7,no,1,-0.00403373492910708,0.00403373492910708
719,3,8,no,1,-0.0054262663116700915,0.0054262663116700915
225,3,7,yes,1,-0.0041064676986638515,0.0041064676986638515
226,3,7,yes,13,0.04785192834066243,0.04785192834066243
227,3,7,no,5,-0.017011553323592943,0.017011553323592943
228,3,7,no,1,-0.0036070974478101814,0.0036070974478101814
229,3,7,no,17,-0.07235337095571903,0.07235337095571903
720,3,8,yes,1,0.0054262663116700915,0.0054262663116700915
230,3,7,yes,1,0.00484547836750715,0.00484547836750715
231,3,7,no,12,-0.06293743168363519,0.06293743168363519
721,3,8,no,1,-0.0054262663116700915,0.0054262663116700915
232,3,7,yes,1,0.005634110153561744,0.005634110153561744
722,3,8,yes,7,0.03647642841387089,0.03647642841387089
723,3,8,yes,1,0.0049193757633081425,0.0049193757633081425
233,3,7,yes,13,-0.07816249455588653,0.07816249455588653
234,3,7,yes,7,0.043366931576584555,0.043366931576584555
235,3,7,yes,7,0.04036123549360582,0.04036123549360582
724,3,8,yes,4,0.018937089866771117,0.018937089866771117
725,3,8,no,2,-0.009320205058470199,0.009320205058470199
236,3,7,yes,19,0.09201226403472218,0.09201226403472218
237,3,7,yes,1,0.0041064676986638515,0.0041064676986638515
238,3,7,no,8,-0.03491245472983473,0.03491245472983473
239,3,7,no,10,-0.050283644220797785,0.050283644220797785
726,3,8,no,1,0.004697221546987929,0.004697221546987929
240,3,7,no,1,-0.0054262663116700915,0.0054262663116700915
241,3,7,yes,8,0.04139580417717903,0.04139580417717903
727,3,8,yes,2,-0.009468627987781697,0.009468627987781697
242,3,7,yes,1,0.00484547836750715,0.00484547836750715
243,3,7,yes,1,0.004771406440793768,0.004771406440793768
244,3,7,no,1,-0.004771406440793768,0.004771406440793768
245,3,7,yes,14,0.06008383046377708,0.06008383046377708
246,3,7,no,1,-0.003818099192726798,0.003818099192726798
1429,3,9,yes,1,0.005960635697198957,0.005960635697198957
247,3,7,yes,2,0.0075653026733435436,0.0075653026733435436
248,3,7,no,1,-0.0037472034806167454,0.0037472034806167454
1430,3,9,yes,2,0.011731132651154441,0.011731132651154441
249,3,7,no,5,-0.0198092154448245,0.0198092154448245
1431,3,9,no,6,0.033592099928005936,0.033592099928005936
250,3,7,no,1,-0.004179558286804386,0.004179558286804386
251,3,7,yes,1,0.004179558286804386,0.004179558286804386
1432,3,9,no,1,-0.0054262663116700915,0.0054262663116700915
252,3,7,no,1,-0.004179558286804386,0.004179558286804386
1433,3,9,no,1,-0.005496366471083425,0.005496366471083425
728,3,8,no,2,-0.009764854130815293,0.009764854130815293
729,3,8,yes,1,0.0049193757633081425,0.0049193757633081425
253,3,7,no,1,-0.004252962151704676,0.004252962151704676
254,3,7,no,4,-0.017750483081179547,0.017750483081179547
255,3,7,yes,1,0.004548750366815679,0.004548750366815679
1434,3,9,yes,1,0.005496366471083425,0.005496366471083425
256,3,7,yes,5,0.02163425315287293,0.02163425315287293
257,3,7,yes,1,-0.004179558286804386,0.004179558286804386
1435,3,9,no,1,-0.005496366471083425,0.005496366471083425
258,3,7,yes,6,0.023988773731628887,0.023988773731628887
259,3,7,no,1,-0.003818099192726798,0.003818099192726798
260,3,7,no,1,-0.0038895110895871277,0.0038895110895871277
261,3,7,no,4,-0.01628116344931496,0.01628116344931496
262,3,7,yes,5,0.02017067453890209,0.02017067453890209
730,3,8,yes,1,0.00484547836750715,0.00484547836750715
263,3,7,no,17,-0.07609001318291309,0.07609001318291309
264,3,7,yes,1,0.005066392393269226,0.005066392393269226
1436,3,9,no,1,-0.005565672514303843,0.005565672514303843
265,3,7,no,3,-0.015417704385428,0.015417704385428
266,3,7,yes,1,0.0052119315902589,0.0052119315902589
1437,3,9,no,5,-0.028834927282103018,0.028834927282103018
1438,3,9,no,1,-0.005960635697198957,0.005960635697198957
1439,3,9,yes,13,-0.08251563868682399,0.08251563868682399
731,3,8,no,2,-0.009764854130815293,0.009764854130815293
267,3,7,yes,1,0.0051393804018998734,0.0051393804018998734
268,3,7,yes,4,0.019824281911862807,0.019824281911862807
1440,3,9,yes,1,0.006632203865068909,0.006632203865068909
732,3,8,no,1,0.0049193757633081425,0.0049193757633081425
1441,3,9,yes,1,0.006592049699952862,0.006592049699952862
269,3,7,no,1,-0.00484547836750715,0.00484547836750715
1442,3,9,yes,1,0.006549739658341158,0.006549739658341158
270,3,7,yes,5,0.023485840233586797,0.023485840233586797
1443,3,9,yes,1,0.00650533374811868,0.00650533374811868
271,3,7,yes,14,0.05601257892753986,0.05601257892753986
1444,3,9,yes,4,0.025537584301905447,0.025537584301905447
1445,3,9,no,2,-0.012668204163147623,0.012668204163147623
272,3,7,yes,2,0.006871062589829502,0.006871062589829502
1446,3,9,no,1,0.006360174775013605,0.006360174775013605
273,3,7,no,2,-0.006871062589829502,0.006871062589829502
274,3,7,no,1,-0.003537950757597441,0.003537950757597441
733,3,8,no,1,-0.0049193757633081425,0.0049193757633081425
1447,3,9,no,2,-0.01277066060538401,0.01277066060538401
1448,3,9,no,11,-0.07324705837256262,0.07324705837256262
1449,3,9,yes,12,-0.08299778625854098,0.08299778625854098
275,3,7,no,12,-0.048000049864445615,0.048000049864445615
1450,3,9,no,7,0.048570520427256125,0.048570520427256125
1451,3,9,no,8,-0.055498470109026365,0.055498470109026365
734,3,8,yes,3,-0.015198808182947388,0.015198808182947388
276,3,7,no,2,-0.00902332867231248,0.00902332867231248
277,3,7,no,1,-0.00462298351148227,0.00462298351148227
1452,3,9,yes,1,0.00692794968177024,0.00692794968177024
735,3,8,yes,1,-0.0052119315902589,0.0052119315902589
1453,3,9,yes,8,-0.054978768243057474,0.054978768243057474
1454,3,9,yes,1,0.006798721047609868,0.006798721047609868
1455,3,9,yes,1,-0.006798721047609868,0.006798721047609868
1456,3,9,yes,10,0.06885605566753972,0.06885605566753972
736,3,8,no,1,0.0052119315902589,0.0052119315902589
737,3,8,no,8,0.03905527381302665,0.03905527381302665
1457,3,9,yes,5,0.03469323300277388,0.03469323300277388
1458,3,9,yes,1,0.006917278298890772,0.006917278298890772
1459,3,9,yes,3,0.020661541908964964,0.020661541908964964
1460,3,9,yes,3,-0.020661541908964964,0.020661541908964964
1461,3,9,yes,1,0.00690396986339592,0.00690396986339592
1462,3,9,yes,2,0.013757572045569044,0.013757572045569044
1463,3,9,yes,1,0.0068484456234291224,0.0068484456234291224
1464,3,9,yes,14,0.09232574836608065,0.09232574836608065
738,3,8,no,20,-0.10619049600863939,0.10619049600863939
1465,3,9,no,1,-0.006308029388134018,0.006308029388134018
1466,3,9,no,1,-0.006360174775013605,0.006360174775013605
739,3,8,no,3,-0.018246091491757044,0.018246091491757044
740,3,8,yes,4,0.024206727188956,0.024206727188956
278,3,7,no,1,-0.004697221546987929,0.004697221546987929
741,3,8,no,8,0.04532323257916038,0.04532323257916038
742,3,8,no,1,0.00535544554716183,0.00535544554716183
743,3,8,yes,1,0.005283976781832678,0.005283976781832678
744,3,8,no,1,-0.005283976781832678,0.005283976781832678
745,3,8,yes,2,-0.010781711858831922,0.010781711858831922
746,3,8,yes,11,0.05570991053246788,0.05570991053246788
279,3,7,yes,2,0.009320205058470199,0.009320205058470199
280,3,7,no,7,0.03028947121835246,0.03028947121835246
281,3,7,no,3,-0.012538988137172913,0.012538988137172913
282,3,7,no,1,-0.004326632768974825,0.004326632768974825
1467,3,9,no,1,0.006360174775013605,0.006360174775013605
747,3,8,yes,1,0.00462298351148227,0.00462298351148227
748,3,8,no,1,-0.00462298351148227,0.00462298351148227
1468,3,9,no,1,-0.006360174775013605,0.006360174775013605
1469,3,9,yes,1,0.006360174775013605,0.006360174775013605
749,3,8,no,16,-0.08387574414880372,0.08387574414880372
1470,3,9,no,6,0.03700675680157095,0.03700675680157095
1471,3,9,no,15,-0.09589160057388912,0.09589160057388912
750,3,8,yes,1,0.0057680800157665635,0.0057680800157665635
1472,3,9,yes,4,0.026600215452086906,0.026600215452086906
751,3,8,yes,6,0.0331794654594012,0.0331794654594012
1473,3,9,yes,1,0.006549739658341158,0.006549739658341158
752,3,8,no,1,-0.00535544554716183,0.00535544554716183
753,3,8,no,8,0.04081501623301609,0.04081501623301609
1474,3,9,yes,1,-0.006549739658341158,0.006549739658341158
1475,3,9,no,2,-0.01322425356502177,0.01322425356502177
283,3,7,no,13,-0.06297503249732295,0.06297503249732295
1476,3,9,yes,11,-0.07493610292397845,0.07493610292397845
1477,3,9,no,3,0.020709292918763778,0.020709292918763778
1478,3,9,yes,1,0.006869527289091959,0.006869527289091959
1479,3,9,yes,8,0.053989486581191626,0.053989486581191626
754,3,8,yes,1,0.004771406440793768,0.004771406440793768
284,3,7,yes,11,0.054099932551933905,0.054099932551933905
755,3,8,no,16,0.0663435835952283,0.0663435835952283
756,3,8,no,1,-0.0036070974478101814,0.0036070974478101814
1480,3,9,yes,2,0.01314178935829402,0.01314178935829402
757,3,8,no,1,-0.0036768586438180595,0.0036768586438180595
1481,3,9,no,10,-0.06713127593948565,0.06713127593948565
758,3,8,no,1,-0.0037472034806167454,0.0037472034806167454
759,3,8,yes,1,-0.003818099192726798,0.003818099192726798
1482,3,9,yes,6,-0.04144273751636407,0.04144273751636407
285,3,7,no,3,-0.013868955425285878,0.013868955425285878
760,3,8,no,1,-0.0038895110895871277,0.0038895110895871277
1483,3,9,yes,9,0.061914735869795456,0.061914735869795456
761,3,8,no,6,-0.024860758369994462,0.024860758369994462
1484,3,9,no,4,0.02688528436269133,0.02688528436269133
762,3,8,yes,4,0.016865620906147738,0.016865620906147738
286,3,7,yes,1,0.004697221546987929,0.004697221546987929
763,3,8,no,1,-0.0041064676986638515,0.0041064676986638515
764,3,8,yes,9,-0.040274615018952575,0.040274615018952575
1485,3,9,no,2,-0.013375961887065135,0.013375961887065135
1486,3,9,yes,1,0.006705817235090228,0.006705817235090228
1487,3,9,no,5,0.03294947162345652,0.03294947162345652
287,3,7,yes,1,0.00462298351148227,0.00462298351148227
288,3,7,no,1,-0.00462298351148227,0.00462298351148227
289,3,7,yes,1,-0.004697221546987929,0.004697221546987929
1488,3,9,no,1,0.0064588943083874195,0.0064588943083874195
765,3,8,no,4,-0.019824281911862807,0.019824281911862807
1489,3,9,no,1,0.006410485830370405,0.006410485830370405
1490,3,9,yes,1,-0.006410485830370405,0.006410485830370405
766,3,8,no,1,0.005066392393269226,0.005066392393269226
767,3,8,yes,1,0.0049930353877782885,0.0049930353877782885
1491,3,9,yes,1,0.006410485830370405,0.006410485830370405
1492,3,9,yes,1,0.006360174775013605,0.006360174775013605
1493,3,9,no,1,-0.006360174775013605,0.006360174775013605
768,3,8,yes,17,-0.09443882932164371,0.09443882932164371
769,3,8,yes,5,0.02979656729143698,0.02979656729143698
770,3,8,no,1,0.0057680800157665635,0.0057680800157665635
1494,3,9,no,3,-0.019374713886876505,0.019374713886876505
771,3,8,yes,1,0.005701604461620269,0.005701604461620269
772,3,8,yes,1,0.005634110153561744,0.005634110153561744
1495,3,9,yes,4,-0.026444137875337836,0.026444137875337836
773,3,8,yes,10,0.0524578431625663,0.0524578431625663
1496,3,9,no,1,-0.006705817235090228,0.006705817235090228
1497,3,9,yes,6,0.039655288858546744,0.039655288858546744
1498,3,9,no,1,0.0064588943083874195,0.0064588943083874195
1499,3,9,no,5,-0.03273822127986903,0.03273822127986903
1500,3,9,yes,2,0.01322425356502177,0.01322425356502177
290,3,7,yes,1,0.004697221546987929,0.004697221546987929
1501,3,9,no,2,-0.01322425356502177,0.01322425356502177
1502,3,9,yes,7,0.04550888188525304,0.04550888188525304
774,3,8,yes,16,-0.08725340614186827,0.08725340614186827
291,3,7,yes,2,0.00917173387829795,0.00917173387829795
775,3,8,yes,1,0.005960635697198957,0.005960635697198957
776,3,8,yes,8,0.04532323257916038,0.04532323257916038
1503,3,9,no,19,-0.12737293449100173,0.12737293449100173
1504,3,9,yes,13,0.0884962564708176,0.0884962564708176
777,3,8,yes,1,-0.0054262663116700915,0.0054262663116700915
1505,3,9,yes,1,0.006592049699952862,0.006592049699952862
1506,3,9,yes,2,0.013055073406459838,0.013055073406459838
778,3,8,yes,8,-0.04585760196468924,0.04585760196468924
779,3,8,no,1,0.005960635697198957,0.005960635697198957
1507,3,9,no,1,0.0064588943083874195,0.0064588943083874195
1508,3,9,yes,1,0.006410485830370405,0.006410485830370405
1509,3,9,yes,1,-0.006410485830370405,0.006410485830370405
780,3,8,no,1,0.0058976716028927845,0.0058976716028927845
781,3,8,yes,20,-0.12805795139721687,0.12805795139721687
782,3,8,yes,9,-0.062057334619929794,0.062057334619929794
783,3,8,yes,6,0.04151453002501626,0.04151453002501626
784,3,8,yes,2,-0.013792014619873005,0.013792014619873005
785,3,8,yes,9,0.061348679973112774,0.061348679973112774
786,3,8,no,1,-0.006705817235090228,0.006705817235090228
787,3,8,no,1,0.006705817235090228,0.006705817235090228
788,3,8,no,3,-0.020215139710716423,0.020215139710716423
789,3,8,yes,1,0.006770152846514388,0.006770152846514388
790,3,8,yes,5,0.033339385081198714,0.033339385081198714
791,3,8,no,2,0.013055073406459838,0.013055073406459838
792,3,8,yes,15,0.09103187469464435,0.09103187469464435
793,3,8,no,1,-0.005634110153561744,0.005634110153561744
794,3,8,yes,1,-0.005701604461620269,0.005701604461620269
795,3,8,no,1,0.005701604461620269,0.005701604461620269
796,3,8,no,2,-0.011469684477386832,0.011469684477386832
1510,3,9,no,7,0.04375513991703228,0.04375513991703228
292,3,7,no,7,-0.03339825138467323,0.03339825138467323
797,3,8,no,1,-0.005833461048261657,0.005833461048261657
293,3,7,yes,1,-0.005066392393269226,0.005066392393269226
798,3,8,no,2,-0.011858307300091742,0.011858307300091742
1511,3,9,no,1,-0.006082521453160905,0.006082521453160905
294,3,7,yes,1,0.005066392393269226,0.005066392393269226
799,3,8,yes,15,-0.09589160057388912,0.09589160057388912
800,3,8,no,2,-0.013509322475626195,0.013509322475626195
801,3,8,yes,6,-0.04113354026239635,0.04113354026239635
802,3,8,no,16,0.10716753173532712,0.10716753173532712
1512,3,9,yes,11,-0.0704108397437404,0.0704108397437404
803,3,8,yes,2,0.012668204163147623,0.012668204163147623
804,3,8,no,2,-0.012668204163147623,0.012668204163147623
805,3,8,no,20,-0.13489004714047037,0.13489004714047037
806,3,8,no,5,-0.03469323300277388,0.03469323300277388
807,3,8,yes,1,0.00692794968177024,0.00692794968177024
808,3,8,no,13,0.08982261794093344,0.08982261794093344
809,3,8,no,3,-0.020542804594913533,0.020542804594913533
2188,3,10,no,1,0.0066701446519749075,0.0066701446519749075
1513,3,9,yes,1,-0.0066701446519749075,0.0066701446519749075
1514,3,9,no,7,0.04581885176221434,0.04581885176221434
295,3,7,no,6,-0.0314833930260926,0.0314833930260926
810,3,8,yes,1,0.006869527289091959,0.006869527289091959
1515,3,9,yes,5,-0.032516503245170525,0.032516503245170525
296,3,7,no,1,-0.005496366471083425,0.005496366471083425
297,3,7,yes,1,0.005496366471083425,0.005496366471083425
298,3,7,yes,1,0.0054262663116700915,0.0054262663116700915
811,3,8,yes,4,0.027242151199945774,0.027242151199945774
299,3,7,yes,11,0.054906627732280056,0.054906627732280056
1516,3,9,no,2,0.01314178935829402,0.01314178935829402
812,3,8,yes,2,0.013444986864202035,0.013444986864202035
300,3,7,no,4,-0.018937089866771117,0.018937089866771117
813,3,8,yes,3,0.019894398216996678,0.019894398216996678
1517,3,9,yes,14,-0.09471009614734138,0.09471009614734138
814,3,8,yes,15,0.09275123348592218,0.09275123348592218
815,3,8,no,4,-0.023459848364119962,0.023459848364119962
816,3,8,yes,11,0.06192329060535384,0.06192329060535384
2189,3,10,no,1,0.006632203865068909,0.006632203865068909
301,3,7,no,3,-0.014978803544355657,0.014978803544355657
2190,3,10,no,1,-0.006632203865068909,0.006632203865068909
817,3,8,yes,13,-0.07402808954843743,0.07402808954843743
2191,3,10,no,1,0.006632203865068909,0.006632203865068909
1518,3,9,yes,1,0.006917278298890772,0.006917278298890772
1519,3,9,no,1,-0.006917278298890772,0.006917278298890772
1520,3,9,no,11,0.07493610292397845,0.07493610292397845
818,3,8,no,8,-0.050636846520377476,0.050636846520377476
819,3,8,yes,13,0.08043341381181446,0.08043341381181446
1521,3,9,yes,1,0.006632203865068909,0.006632203865068909
2192,3,10,no,3,-0.020008165752134044,0.020008165752134044
1522,3,9,yes,3,0.0196471231064127,0.0196471231064127
820,3,8,no,1,-0.005833461048261657,0.005833461048261657
821,3,8,no,18,-0.11448907750309267,0.11448907750309267
822,3,8,no,7,0.04639445848765855,0.04639445848765855
302,3,7,yes,1,0.005066392393269226,0.005066392393269226
303,3,7,no,1,-0.005066392393269226,0.005066392393269226
823,3,8,yes,1,0.0064588943083874195,0.0064588943083874195
304,3,7,no,12,-0.06631396690031366,0.06631396690031366
305,3,7,yes,8,0.04532323257916038,0.04532323257916038
824,3,8,yes,13,-0.0869650312850837,0.0869650312850837
825,3,8,no,1,-0.006888044756477085,0.006888044756477085
306,3,7,yes,11,0.054906627732280056,0.054906627732280056
1523,3,9,yes,3,0.01922955491377143,0.01922955491377143
826,3,8,yes,1,0.006888044756477085,0.006888044756477085
827,3,8,yes,1,0.006869527289091959,0.006869527289091959
828,3,8,yes,1,0.0068484456234291224,0.0068484456234291224
829,3,8,no,1,-0.0068484456234291224,0.0068484456234291224
1524,3,9,no,8,0.04886506410166269,0.04886506410166269
830,3,8,yes,1,0.0068484456234291224,0.0068484456234291224
1525,3,9,no,1,-0.0058976716028927845,0.0058976716028927845
831,3,8,no,1,-0.0068484456234291224,0.0068484456234291224
832,3,8,yes,1,-0.006869527289091959,0.006869527289091959
833,3,8,no,16,0.10604372127860173,0.10604372127860173
1526,3,9,no,1,-0.005960635697198957,0.005960635697198957
1527,3,9,no,1,-0.006022277489922678,0.006022277489922678
1528,3,9,no,1,-0.006082521453160905,0.006082521453160905
1529,3,9,yes,1,0.006082521453160905,0.006082521453160905
307,3,7,yes,3,-0.014091611499263967,0.014091611499263967
1530,3,9,no,20,-0.130720171202116,0.130720171202116
834,3,8,no,1,-0.006308029388134018,0.006308029388134018
1531,3,9,yes,6,0.04085084811814954,0.04085084811814954
835,3,8,yes,1,0.006308029388134018,0.006308029388134018
836,3,8,no,2,-0.012668204163147623,0.012668204163147623
837,3,8,no,2,-0.012869380138757824,0.012869380138757824
838,3,8,no,3,-0.0196471231064127,0.0196471231064127
839,3,8,yes,5,0.032516503245170525,0.032516503245170525
1532,3,9,yes,1,0.006705817235090228,0.006705817235090228
1533,3,9,no,1,0.0066701446519749075,0.0066701446519749075
2193,3,10,no,1,0.006705817235090228,0.006705817235090228
308,3,7,yes,8,0.03609505673214819,0.03609505673214819
840,3,8,yes,1,0.006360174775013605,0.006360174775013605
841,3,8,no,12,0.07180231978087293,0.07180231978087293
2194,3,10,no,1,-0.006705817235090228,0.006705817235090228
2195,3,10,no,1,0.006705817235090228,0.006705817235090228
842,3,8,no,3,-0.017103794630948577,0.017103794630948577
2196,3,10,yes,1,0.0066701446519749075,0.0066701446519749075
843,3,8,no,3,-0.0176917683483534,0.0176917683483534
1534,3,9,yes,1,-0.0066701446519749075,0.0066701446519749075
309,3,7,no,1,-0.004252962151704676,0.004252962151704676
1535,3,9,yes,1,-0.006705817235090228,0.006705817235090228
844,3,8,no,1,-0.006022277489922678,0.006022277489922678
2197,3,10,no,12,0.07649336119690131,0.07649336119690131
1536,3,9,yes,3,0.020008165752134044,0.020008165752134044
845,3,8,yes,14,0.0782968800874353,0.0782968800874353
2198,3,10,no,1,-0.006082521453160905,0.006082521453160905
1537,3,9,yes,1,0.006592049699952862,0.006592049699952862
846,3,8,no,3,-0.01563528877399145,0.01563528877399145
310,3,7,yes,2,0.008432520438509061,0.008432520438509061
2199,3,10,yes,1,-0.00614129254867346,0.00614129254867346
1538,3,9,yes,1,0.006549739658341158,0.006549739658341158
847,3,8,no,10,-0.056639313823521165,0.056639313823521165
1539,3,9,no,2,-0.01314178935829402,0.01314178935829402
2200,3,10,no,1,-0.0061985164077413835,0.0061985164077413835
2201,3,10,yes,4,-0.025332809507456533,0.025332809507456533
311,3,7,yes,3,0.012101605162510576,0.012101605162510576
312,3,7,yes,1,-0.003961402534739644,0.003961402534739644
2202,3,10,no,7,0.04375513991703228,0.04375513991703228
313,3,7,no,10,-0.04364341120592974,0.04364341120592974
2203,3,10,yes,6,0.03518373031566291,0.03518373031566291
2204,3,10,no,8,-0.047407544317497274,0.047407544317497274
1540,3,9,yes,4,0.02610601741480012,0.02610601741480012
2205,3,10,no,1,-0.0061985164077413835,0.0061985164077413835
314,3,7,no,1,-0.004771406440793768,0.004771406440793768
2206,3,10,yes,3,0.01842233040957575,0.01842233040957575
2207,3,10,no,1,-0.006082521453160905,0.006082521453160905
1541,3,9,no,10,0.0616357247070467,0.0616357247070467
1542,3,9,no,6,-0.03630291519959017,0.03630291519959017
2208,3,10,no,1,-0.00614129254867346,0.00614129254867346
2209,3,10,no,1,0.00614129254867346,0.00614129254867346
2210,3,10,no,1,-0.00614129254867346,0.00614129254867346
1543,3,9,yes,1,-0.006254119513938505,0.006254119513938505
2211,3,10,no,1,-0.0061985164077413835,0.0061985164077413835
2212,3,10,yes,1,-0.006254119513938505,0.006254119513938505
1544,3,9,no,1,-0.006308029388134018,0.006308029388134018
1545,3,9,yes,1,-0.006360174775013605,0.006360174775013605
1546,3,9,no,1,-0.006410485830370405,0.006410485830370405
1547,3,9,yes,11,-0.07324705837256262,0.07324705837256262
315,3,7,no,1,-0.00484547836750715,0.00484547836750715
2213,3,10,yes,2,0.012452635921679889,0.012452635921679889
316,3,7,yes,1,0.00484547836750715,0.00484547836750715
1548,3,9,yes,1,0.0068248316823924515,0.0068248316823924515
2214,3,10,yes,7,0.041705939855877006,0.041705939855877006
848,3,8,yes,3,-0.018246091491757044,0.018246091491757044
2215,3,10,no,5,-0.02948212585404264,0.02948212585404264
1549,3,9,no,1,0.0067987210476098126,0.0067987210476098126
1550,3,9,no,1,-0.0067987210476098126,0.0067987210476098126
1551,3,9,yes,1,-0.0068248316823924515,0.0068248316823924515
2216,3,10,no,4,-0.024676449923514254,0.024676449923514254
2217,3,10,no,1,-0.006308029388134018,0.006308029388134018
2218,3,10,no,1,0.006308029388134018,0.006308029388134018
2219,3,10,yes,1,-0.006308029388134018,0.006308029388134018
1552,3,9,yes,8,0.053733090657715366,0.053733090657715366
1553,3,9,no,15,0.09275123348592218,0.09275123348592218
1554,3,9,no,3,-0.017499212666921005,0.017499212666921005
2220,3,10,no,1,-0.006360174775013605,0.006360174775013605
1555,3,9,no,7,-0.04296739249876991,0.04296739249876991
849,3,8,no,4,-0.02512084008482751,0.02512084008482751
1556,3,9,yes,1,0.006308029388134018,0.006308029388134018
850,3,8,no,2,-0.012869380138757824,0.012869380138757824
851,3,8,yes,1,0.0064588943083874195,0.0064588943083874195
852,3,8,no,14,0.08457298038625694,0.08457298038625694
853,3,8,no,5,-0.028834927282103018,0.028834927282103018
1557,3,9,no,2,-0.012668204163147623,0.012668204163147623
317,3,7,no,3,0.014091611499263967,0.014091611499263967
2221,3,10,yes,2,0.012668204163147623,0.012668204163147623
2222,3,10,yes,1,0.006254119513938505,0.006254119513938505
2223,3,10,no,10,0.0592401708788004,0.0592401708788004
318,3,7,no,1,0.004548750366815679,0.004548750366815679
854,3,8,no,9,0.05067867812632221,0.05067867812632221
855,3,8,no,10,-0.056639313823521165,0.056639313823521165
2224,3,10,no,7,-0.04081784046922465,0.04081784046922465
2225,3,10,no,1,-0.006082521453160905,0.006082521453160905
2226,3,10,yes,14,-0.09052597125991735,0.09052597125991735
2227,3,10,yes,1,0.0067391696291118075,0.0067391696291118075
856,3,8,no,10,-0.06274164546346106,0.06274164546346106
1558,3,9,no,14,-0.09337551711545411,0.09337551711545411
2228,3,10,yes,1,0.006705817235090228,0.006705817235090228
2229,3,10,no,5,0.03294947162345652,0.03294947162345652
2230,3,10,no,13,0.07969616007946234,0.07969616007946234
857,3,8,no,2,0.0129642280565061,0.0129642280565061
1559,3,9,yes,15,0.09973569189046771,0.09973569189046771
2231,3,10,no,1,-0.0057680800157665635,0.0057680800157665635
858,3,8,no,1,-0.0064588943083874195,0.0064588943083874195
2232,3,10,no,1,0.0057680800157665635,0.0057680800157665635
859,3,8,yes,1,0.0064588943083874195,0.0064588943083874195
319,3,7,yes,1,0.004474578305496801,0.004474578305496801
860,3,8,no,6,0.03767261846387138,0.03767261846387138
1560,3,9,yes,2,0.012562148902072523,0.012562148902072523
861,3,8,no,6,-0.03767261846387138,0.03767261846387138
2233,3,10,yes,10,-0.06046660516569091,0.06046660516569091
862,3,8,yes,2,-0.0129642280565061,0.0129642280565061
863,3,8,yes,7,0.044495553971704016,0.044495553971704016
864,3,8,yes,3,0.018246091491757044,0.018246091491757044
1561,3,9,yes,15,-0.09857986788001916,0.09857986788001916
1562,3,9,no,3,0.020393705576516652,0.020393705576516652
1563,3,9,no,11,0.071932042789564,0.071932042789564
2234,3,10,yes,1,0.006308029388134018,0.006308029388134018
865,3,8,no,3,0.0176917683483534,0.0176917683483534
2235,3,10,yes,5,0.030698727413436933,0.030698727413436933
2236,3,10,no,1,0.005960635697198957,0.005960635697198957
320,3,7,no,1,-0.004474578305496801,0.004474578305496801
1564,3,9,yes,1,-0.006308029388134018,0.006308029388134018
2237,3,10,no,11,-0.06870228116066002,0.06870228116066002
866,3,8,no,8,-0.04839049576179033,0.04839049576179033
2238,3,10,no,12,0.0745999527635528,0.0745999527635528
2239,3,10,yes,5,0.028502928193514077,0.028502928193514077
321,3,7,no,3,-0.013868955425285878,0.013868955425285878
867,3,8,yes,1,0.006254119513938505,0.006254119513938505
1565,3,9,no,1,0.006308029388134018,0.006308029388134018
1566,3,9,no,2,-0.012668204163147623,0.012668204163147623
2240,3,10,yes,6,-0.03440059979640686,0.03440059979640686
868,3,8,yes,3,-0.018922323677086128,0.018922323677086128
869,3,8,yes,5,0.03126213263350097,0.03126213263350097
322,3,7,yes,1,0.004697221546987929,0.004697221546987929
870,3,8,yes,2,-0.012339808956414844,0.012339808956414844
1567,3,9,yes,4,0.02512084008482751,0.02512084008482751
871,3,8,yes,1,-0.006254119513938505,0.006254119513938505
1568,3,9,no,1,-0.0061985164077413835,0.0061985164077413835
1569,3,9,no,4,-0.025332809507456533,0.025332809507456533
1570,3,9,yes,1,0.006410485830370405,0.006410485830370405
1571,3,9,no,8,0.04932756727378351,0.04932756727378351
1572,3,9,yes,1,-0.005960635697198957,0.005960635697198957
323,3,7,yes,2,0.00917173387829795,0.00917173387829795
1573,3,9,no,1,-0.006022277489922678,0.006022277489922678
1574,3,9,no,1,-0.006082521453160905,0.006082521453160905
2658,3,11,yes,1,-0.0015122014532749084,0.0015122014532749084
872,3,8,no,1,-0.006308029388134018,0.006308029388134018
1575,3,9,yes,2,0.012104798943083583,0.012104798943083583
873,3,8,no,8,0.04886506410166269,0.04886506410166269
874,3,8,yes,17,-0.10774990787398087,0.10774990787398087
2241,3,10,no,1,-0.005960635697198957,0.005960635697198957
875,3,8,yes,1,0.006705817235090228,0.006705817235090228
876,3,8,yes,7,0.04581885176221434,0.04581885176221434
2242,3,10,yes,3,-0.018246091491757044,0.018246091491757044
2243,3,10,yes,1,-0.0061985164077413835,0.0061985164077413835
877,3,8,no,3,-0.019374713886876505,0.019374713886876505
878,3,8,yes,12,0.0745999527635528,0.0745999527635528
1576,3,9,no,1,-0.006022277489922678,0.006022277489922678
2244,3,10,yes,1,0.0061985164077413835,0.0061985164077413835
1577,3,9,no,1,-0.006082521453160905,0.006082521453160905
2245,3,10,no,1,0.00614129254867346,0.00614129254867346
879,3,8,no,1,-0.0058976716028927845,0.0058976716028927845
1578,3,9,no,1,-0.00614129254867346,0.00614129254867346
880,3,8,yes,5,-0.030405243596697384,0.030405243596697384
2246,3,10,no,14,-0.09052597125991735,0.09052597125991735
881,3,8,no,1,0.0061985164077413835,0.0061985164077413835
1579,3,9,no,11,-0.07093969184704185,0.07093969184704185
2247,3,10,yes,6,0.03988912473953987,0.03988912473953987
1580,3,9,yes,11,0.07093969184704185,0.07093969184704185
882,3,8,no,1,-0.0061985164077413835,0.0061985164077413835
1581,3,9,yes,1,-0.0061985164077413835,0.0061985164077413835
2248,3,10,yes,1,0.00650533374811868,0.00650533374811868
1582,3,9,no,20,-0.13300713371130402,0.13300713371130402
1583,3,9,no,1,-0.00692794968177024,0.00692794968177024
883,3,8,no,8,-0.05143882692225665,0.05143882692225665
1584,3,9,yes,16,0.1081433795772303,0.1081433795772303
1585,3,9,yes,1,-0.00650533374811868,0.00650533374811868
884,3,8,yes,10,0.0637786358786715,0.0637786358786715
1586,3,9,yes,1,-0.006549739658341158,0.006549739658341158
1587,3,9,no,1,-0.006592049699952862,0.006592049699952862
1588,3,9,yes,2,0.01314178935829402,0.01314178935829402
885,3,8,no,1,-0.00614129254867346,0.00614129254867346
886,3,8,no,1,-0.0061985164077413835,0.0061985164077413835
1589,3,9,yes,1,-0.006549739658341158,0.006549739658341158
2659,3,11,no,5,0.007201109759051638,0.007201109759051638
1590,3,9,no,2,-0.01322425356502177,0.01322425356502177
887,3,8,no,6,-0.03829703756396263,0.03829703756396263
1591,3,9,yes,2,0.01322425356502177,0.01322425356502177
888,3,8,yes,1,0.00650533374811868,0.00650533374811868
1592,3,9,yes,2,0.013055073406459838,0.013055073406459838
324,3,7,no,9,-0.04360402417984233,0.04360402417984233
889,3,8,yes,5,0.03179170381584395,0.03179170381584395
1593,3,9,no,5,-0.03294947162345652,0.03294947162345652
1594,3,9,no,4,0.026444137875337836,0.026444137875337836
2249,3,10,no,1,0.0064588943083874195,0.0064588943083874195
890,3,8,yes,2,-0.012562148902072523,0.012562148902072523
325,3,7,yes,1,0.0051393804018998734,0.0051393804018998734
2250,3,10,no,10,0.0616357247070467,0.0616357247070467
1595,3,9,no,2,0.0129642280565061,0.0129642280565061
326,3,7,no,5,-0.026417000632823373,0.026417000632823373
1596,3,9,yes,1,0.006410485830370405,0.006410485830370405
891,3,8,yes,3,0.018760665309813906,0.018760665309813906
2251,3,10,no,8,-0.04886506410166269,0.04886506410166269
327,3,7,yes,1,0.0054262663116700915,0.0054262663116700915
328,3,7,yes,8,0.04081501623301609,0.04081501623301609
329,3,7,no,14,-0.07440711616102202,0.07440711616102202
1597,3,9,yes,2,-0.012869380138757824,0.012869380138757824
2660,3,11,no,1,-0.0013697729675739012,0.0013697729675739012
2252,3,10,no,9,0.05469852514992435,0.05469852514992435
2253,3,10,no,7,-0.042136376247851826,0.042136376247851826
330,3,7,yes,10,0.05458283424915922,0.05458283424915922
2254,3,10,yes,5,-0.03179170381584395,0.03179170381584395
2255,3,10,no,10,0.06219694741254134,0.06219694741254134
2256,3,10,no,5,-0.030405243596697384,0.030405243596697384
892,3,8,no,17,-0.11162682991118966,0.11162682991118966
893,3,8,no,1,0.0068484456234291224,0.0068484456234291224
894,3,8,yes,1,0.0068248316823924515,0.0068248316823924515
895,3,8,no,1,0.0067987210476098126,0.0067987210476098126
896,3,8,no,1,0.006770152846514388,0.006770152846514388
1598,3,9,yes,8,-0.05316461133417294,0.05316461133417294
897,3,8,yes,10,0.06562401340142998,0.06562401340142998
898,3,8,yes,2,0.012562148902072523,0.012562148902072523
2257,3,10,yes,1,0.0061985164077413835,0.0061985164077413835
899,3,8,yes,1,0.0061985164077413835,0.0061985164077413835
2258,3,10,yes,1,0.00614129254867346,0.00614129254867346
2259,3,10,yes,1,0.006082521453160905,0.006082521453160905
2260,3,10,no,1,-0.006082521453160905,0.006082521453160905
1599,3,9,no,1,-0.0067987210476098126,0.0067987210476098126
900,3,8,no,2,-0.012452635921679889,0.012452635921679889
1600,3,9,yes,12,0.07919288729555418,0.07919288729555418
2261,3,10,yes,1,-0.00614129254867346,0.00614129254867346
1601,3,9,yes,5,0.030984479311648272,0.030984479311648272
1602,3,9,no,1,-0.006082521453160905,0.006082521453160905
901,3,8,yes,2,0.012452635921679889,0.012452635921679889
1603,3,9,no,11,-0.0704108397437404,0.0704108397437404
2262,3,10,no,14,0.08016938209711089,0.08016938209711089
1604,3,9,yes,1,0.006632203865068909,0.006632203865068909
331,3,7,no,1,0.005066392393269226,0.005066392393269226
902,3,8,no,4,-0.02512084008482751,0.02512084008482751
2263,3,10,no,3,-0.0160656886406646,0.0160656886406646
1605,3,9,yes,16,-0.10931754184356057,0.10931754184356057
2264,3,10,no,1,-0.005496366471083425,0.005496366471083425
1606,3,9,yes,1,0.006943997948260727,0.006943997948260727
2265,3,10,no,3,-0.016901387129485856,0.016901387129485856
1607,3,9,yes,2,-0.013887995896521399,0.013887995896521399
903,3,8,yes,3,-0.019374713886876505,0.019374713886876505
904,3,8,yes,8,0.050636846520377476,0.050636846520377476
2661,3,11,yes,7,-0.01059640761305125,0.01059640761305125
1608,3,9,yes,6,0.041610511301664654,0.041610511301664654
1609,3,9,no,1,0.00690396986339592,0.00690396986339592
905,3,8,no,20,-0.13152569450543217,0.13152569450543217
906,3,8,no,5,-0.034626485268539176,0.034626485268539176
907,3,8,yes,1,0.00694131979774415,0.00694131979774415
1610,3,9,no,1,-0.00690396986339592,0.00690396986339592
332,3,7,yes,2,0.009912411151086431,0.009912411151086431
2662,3,11,no,20,-0.042072114785836945,0.042072114785836945
2663,3,11,no,7,-0.01978631109321871,0.01978631109321871
1611,3,9,no,7,-0.04855183109940886,0.04855183109940886
2266,3,10,yes,5,-0.02948212585404264,0.02948212585404264
908,3,8,yes,1,0.006935967626738093,0.006935967626738093
909,3,8,yes,15,0.10163804582911162,0.10163804582911162
1612,3,9,no,1,0.006941319797744205,0.006941319797744205
2664,3,11,yes,1,0.0030100010790551357,0.0030100010790551357
1613,3,9,yes,1,0.006943997948260672,0.006943997948260672
2665,3,11,yes,1,0.0029474764738243175,0.0029474764738243175
1614,3,9,yes,2,0.013885317746004877,0.013885317746004877
2666,3,11,yes,1,-0.0029474764738243175,0.0029474764738243175
333,3,7,yes,2,-0.009912411151086431,0.009912411151086431
1615,3,9,no,18,-0.12320285958956556,0.12320285958956556
2667,3,11,no,19,-0.06870764574892341,0.06870764574892341
1616,3,9,yes,1,0.006632203865068964,0.006632203865068964
334,3,7,no,6,-0.0314833930260926,0.0314833930260926
2267,3,10,no,1,-0.006082521453160905,0.006082521453160905
1617,3,9,yes,15,0.10268533797849172,0.10268533797849172
2668,3,11,yes,14,0.053016387279929744,0.053016387279929744
1618,3,9,yes,1,0.006943997948260727,0.006943997948260727
2669,3,11,yes,1,0.003268061499241748,0.003268061499241748
1619,3,9,no,1,0.00694131979774415,0.00694131979774415
1620,3,9,no,2,-0.013885317746004877,0.013885317746004877
1621,3,9,yes,4,0.02774923505451321,0.02774923505451321
1622,3,9,yes,1,0.006917278298890772,0.006917278298890772
2670,3,11,yes,4,0.012423196969751915,0.012423196969751915
335,3,7,yes,6,0.0314833930260926,0.0314833930260926
2671,3,11,yes,13,0.03375072128888368,0.03375072128888368
336,3,7,no,1,-0.005066392393269226,0.005066392393269226
2268,3,10,yes,1,-0.00614129254867346,0.00614129254867346
1623,3,9,yes,6,0.04113354026239635,0.04113354026239635
910,3,8,yes,3,0.019374713886876505,0.019374713886876505
337,3,7,yes,2,0.010059427781047514,0.010059427781047514
1624,3,9,yes,6,0.0401095379277131,0.0401095379277131
911,3,8,no,14,-0.09337551711545411,0.09337551711545411
912,3,8,no,3,-0.020709292918763778,0.020709292918763778
913,3,8,yes,1,-0.00692794968177024,0.00692794968177024
914,3,8,yes,5,0.03450676988962598,0.03450676988962598
915,3,8,yes,6,0.04068713806414781,0.04068713806414781
2269,3,10,yes,5,0.030104398791848785,0.030104398791848785
2270,3,10,no,2,0.01160154106402822,0.01160154106402822
1625,3,9,yes,2,-0.01322425356502177,0.01322425356502177
1626,3,9,no,4,-0.02688528436269133,0.02688528436269133
338,3,7,yes,3,-0.015198808182947388,0.015198808182947388
2271,3,10,yes,2,0.011335714615182013,0.011335714615182013
1627,3,9,yes,3,0.020215139710716423,0.020215139710716423
916,3,8,no,2,-0.013444986864202035,0.013444986864202035
917,3,8,yes,1,0.0067391696291118075,0.0067391696291118075
2272,3,10,no,1,0.005565672514303843,0.005565672514303843
918,3,8,no,7,0.046114183166934164,0.046114183166934164
919,3,8,no,1,-0.0064588943083874195,0.0064588943083874195
2273,3,10,yes,1,0.005496366471083425,0.005496366471083425
2274,3,10,yes,2,-0.011062038985387268,0.011062038985387268
339,3,7,no,1,-0.0052119315902589,0.0052119315902589
2275,3,10,no,1,-0.005634110153561744,0.005634110153561744
340,3,7,no,3,-0.0160656886406646,0.0160656886406646
1628,3,9,yes,10,-0.06826595827200355,0.06826595827200355
1629,3,9,yes,15,-0.1035492886703136,0.1035492886703136
2672,3,11,no,16,-0.042971532323748396,0.042971532323748396
341,3,7,yes,12,0.06033289404395015,0.06033289404395015
920,3,8,yes,12,-0.08050613697669629,0.08050613697669629
2673,3,11,yes,1,0.003137471938287395,0.003137471938287395
1630,3,9,no,1,0.006798721047609868,0.006798721047609868
921,3,8,no,1,0.006869527289091959,0.006869527289091959
1631,3,9,no,12,-0.07919288729555418,0.07919288729555418
1632,3,9,yes,1,0.006360174775013716,0.006360174775013716
2674,3,11,yes,1,0.003073338017522187,0.003073338017522187
922,3,8,no,6,0.04068713806414781,0.04068713806414781
923,3,8,yes,13,-0.08907119537825603,0.08907119537825603
924,3,8,yes,1,0.00694131979774415,0.00694131979774415
925,3,8,no,1,0.006935967626738093,0.006935967626738093
2675,3,11,yes,1,0.0030100010790551357,0.0030100010790551357
2676,3,11,yes,1,0.0029474764738243175,0.0029474764738243175
2677,3,11,yes,14,0.0351790142058056,0.0351790142058056
1633,3,9,yes,1,0.006410485830370238,0.006410485830370238
926,3,8,yes,5,0.03450676988962598,0.03450676988962598
2276,3,10,yes,5,-0.02916145282574023,0.02916145282574023
1634,3,9,yes,1,-0.006410485830370238,0.006410485830370238
1635,3,9,yes,4,0.025924453545217607,0.025924453545217607
342,3,7,no,11,-0.054906627732280056,0.054906627732280056
1636,3,9,yes,1,0.006592049699952696,0.006592049699952696
927,3,8,no,14,-0.0968985384791688,0.0968985384791688
928,3,8,yes,8,-0.054444710109716965,0.054444710109716965
929,3,8,yes,1,0.006705817235090283,0.006705817235090283
930,3,8,yes,6,0.04085084811814965,0.04085084811814965
343,3,7,yes,1,0.00535544554716183,0.00535544554716183
931,3,8,yes,1,0.00688804475647703,0.00688804475647703
932,3,8,yes,11,-0.07433910832671353,0.07433910832671353
1637,3,9,no,6,0.04031620927537016,0.04031620927537016
933,3,8,yes,1,0.006592049699952696,0.006592049699952696
934,3,8,yes,2,0.013302348517043872,0.013302348517043872
1638,3,9,yes,2,0.013673277305821518,0.013673277305821518
935,3,8,yes,1,0.006705817235090283,0.006705817235090283
936,3,8,yes,9,0.061560141036913374,0.061560141036913374
1639,3,9,yes,7,0.04838405731410833,0.04838405731410833
2277,3,10,no,1,0.005960635697198957,0.005960635697198957
937,3,8,no,10,0.06931971827131306,0.06931971827131306
344,3,7,no,1,-0.00535544554716183,0.00535544554716183
938,3,8,yes,3,-0.020749197844056932,0.020749197844056932
1640,3,9,yes,6,0.041610511301664654,0.041610511301664654
939,3,8,yes,1,0.00692794968177024,0.00692794968177024
2278,3,10,no,1,-0.005960635697198957,0.005960635697198957
345,3,7,no,1,-0.0054262663116700915,0.0054262663116700915
1641,3,9,no,1,-0.006917278298890772,0.006917278298890772
1642,3,9,yes,20,-0.1370667768980739,0.1370667768980739
1643,3,9,yes,1,-0.006592049699952696,0.006592049699952696
940,3,8,yes,7,0.04805081856128712,0.04805081856128712
941,3,8,no,20,0.12709269139786872,0.12709269139786872
942,3,8,no,2,0.011469684477386832,0.011469684477386832
943,3,8,no,1,-0.005701604461620269,0.005701604461620269
944,3,8,yes,1,-0.0057680800157665635,0.0057680800157665635
945,3,8,no,2,-0.011731132651154441,0.011731132651154441
1644,3,9,yes,6,0.04010953792771299,0.04010953792771299
946,3,8,yes,1,-0.005960635697198957,0.005960635697198957
346,3,7,yes,10,0.05101268898547995,0.05101268898547995
947,3,8,no,10,-0.06274164546346106,0.06274164546346106
1645,3,9,no,10,0.06885605566753972,0.06885605566753972
1646,3,9,no,4,-0.0277225154051432,0.0277225154051432
948,3,8,no,3,-0.01977399322336293,0.01977399322336293
949,3,8,no,11,-0.07493610292397845,0.07493610292397845
950,3,8,no,10,0.06826595827200355,0.06826595827200355
1647,3,9,yes,5,0.03466651335340387,0.03466651335340387
1648,3,9,yes,7,0.04845852797327699,0.04845852797327699
347,3,7,no,1,-0.004771406440793768,0.004771406440793768
951,3,8,no,3,-0.020215139710716423,0.020215139710716423
1649,3,9,no,1,-0.006888044756477085,0.006888044756477085
952,3,8,no,1,0.006770152846514388,0.006770152846514388
2678,3,11,no,3,0.006195314176192124,0.006195314176192124
1650,3,9,no,10,-0.06931971827131306,0.06931971827131306
2279,3,10,yes,2,0.011858307300091742,0.011858307300091742
348,3,7,yes,8,0.03609505673214819,0.03609505673214819
349,3,7,yes,1,-0.004252962151704676,0.004252962151704676
1651,3,9,yes,3,0.020805237106252483,0.020805237106252483
953,3,8,yes,8,-0.05482097140780151,0.05482097140780151
954,3,8,yes,1,0.006917278298890772,0.006917278298890772
2679,3,11,yes,1,0.00197041361887651,0.00197041361887651
350,3,7,no,1,-0.004326632768974825,0.004326632768974825
351,3,7,yes,5,-0.02274405537067492,0.02274405537067492
955,3,8,yes,1,0.00690396986339592,0.00690396986339592
1652,3,9,yes,1,0.006943997948260672,0.006943997948260672
1653,3,9,yes,10,-0.06900133256819052,0.06900133256819052
2280,3,10,yes,2,0.01160154106402822,0.01160154106402822
956,3,8,no,7,-0.048514481165060575,0.048514481165060575
957,3,8,no,3,-0.020805237106252483,0.020805237106252483
2281,3,10,no,1,-0.0057680800157665635,0.0057680800157665635
1654,3,9,yes,1,0.006824831682392396,0.006824831682392396
1655,3,9,no,1,0.0068484456234291224,0.0068484456234291224
1656,3,9,yes,1,0.0068695272890921255,0.0068695272890921255
1657,3,9,yes,1,0.00688804475647703,0.00688804475647703
2680,3,11,no,20,-0.04930221955375369,0.04930221955375369
958,3,8,yes,1,0.00692794968177024,0.00692794968177024
1658,3,9,no,13,0.09002901119007684,0.09002901119007684
2681,3,11,yes,11,-0.03745590878653471,0.03745590878653471
1659,3,9,yes,12,-0.08312504132668086,0.08312504132668086
959,3,8,yes,17,0.11683647869925967,0.11683647869925967
2682,3,11,no,18,-0.07990811237563988,0.07990811237563988
2683,3,11,yes,1,0.005066392393269226,0.005066392393269226
2684,3,11,no,1,0.0049930353877782885,0.0049930353877782885
2685,3,11,yes,4,0.01923348211859699,0.01923348211859699
1660,3,9,yes,4,0.0277225154051432,0.0277225154051432
2686,3,11,yes,12,0.05061520247599538,0.05061520247599538
2687,3,11,no,1,-0.003818099192726798,0.003818099192726798
960,3,8,no,9,-0.061348679973112774,0.061348679973112774
2688,3,11,yes,4,0.014849258764971784,0.014849258764971784
2282,3,10,yes,1,0.0057680800157665635,0.0057680800157665635
1661,3,9,no,8,0.05540252592153766,0.05540252592153766
2283,3,10,no,1,-0.0057680800157665635,0.0057680800157665635
1662,3,9,yes,1,0.006869527289091959,0.006869527289091959
961,3,8,no,1,-0.006917278298890772,0.006917278298890772
2689,3,11,yes,12,0.038092922985058064,0.038092922985058064
2284,3,10,no,1,0.0057680800157665635,0.0057680800157665635
962,3,8,yes,1,0.006917278298890772,0.006917278298890772
2285,3,10,no,1,-0.0057680800157665635,0.0057680800157665635
1663,3,9,yes,1,-0.006869527289091959,0.006869527289091959
963,3,8,yes,1,0.00690396986339592,0.00690396986339592
1664,3,9,no,1,0.006869527289091959,0.006869527289091959
1665,3,9,yes,1,0.0068484456234291224,0.0068484456234291224
964,3,8,yes,1,0.006888044756477085,0.006888044756477085
1666,3,9,no,9,-0.06217650088579807,0.06217650088579807
965,3,8,no,1,-0.006888044756477085,0.006888044756477085
966,3,8,no,6,0.04099972324551482,0.04099972324551482
967,3,8,yes,1,-0.006770152846514388,0.006770152846514388
968,3,8,yes,1,-0.0067987210476098126,0.0067987210476098126
1667,3,9,yes,4,0.02774923505451321,0.02774923505451321
2690,3,11,yes,3,-0.008658172691713206,0.008658172691713206
2691,3,11,no,1,0.0029474764738243175,0.0029474764738243175
2286,3,10,no,2,-0.011731132651154441,0.011731132651154441
2692,3,11,no,11,0.02853902574853251,0.02853902574853251
1668,3,9,no,1,0.006917278298890772,0.006917278298890772
1669,3,9,no,10,0.06801882462508768,0.06801882462508768
1670,3,9,yes,8,-0.054226810005214676,0.054226810005214676
1671,3,9,yes,3,-0.020709292918763778,0.020709292918763778
1672,3,9,yes,3,0.020709292918763778,0.020709292918763778
2693,3,11,no,8,-0.020063421698782946,0.020063421698782946
1673,3,9,yes,1,0.006869527289091959,0.006869527289091959
1674,3,9,yes,1,0.0068484456234291224,0.0068484456234291224
969,3,8,yes,1,-0.0068248316823924515,0.0068248316823924515
3192,4,12,no,6,-0.04157048321679985,0.04157048321679985
1675,3,9,no,1,-0.0068484456234291224,0.0068484456234291224
3193,4,12,yes,6,0.04157048321679985,0.04157048321679985
2694,3,11,no,9,0.022327640765309797,0.022327640765309797
2287,3,10,no,12,0.06631396690031366,0.06631396690031366
970,3,8,yes,1,0.0068248316823924515,0.0068248316823924515
971,3,8,yes,12,-0.0828866503141954,0.0828866503141954
1676,3,9,no,7,-0.04838405731410822,0.04838405731410822
3194,4,12,no,12,-0.08257020646231467,0.08257020646231467
3195,4,12,yes,10,0.06868488871630979,0.06868488871630979
972,3,8,no,13,-0.08880002023248684,0.08880002023248684
2695,3,11,no,1,0.0022130324091240716,0.0022130324091240716
352,3,7,no,2,-0.009616884808300918,0.009616884808300918
2288,3,10,yes,1,0.005066392393269226,0.005066392393269226
973,3,8,yes,15,0.10268533797849172,0.10268533797849172
2289,3,10,no,14,-0.07734099499078184,0.07734099499078184
1677,3,9,no,1,-0.006943997948260727,0.006943997948260727
974,3,8,yes,1,0.006943997948260727,0.006943997948260727
1678,3,9,no,1,0.006943997948260727,0.006943997948260727
975,3,8,yes,1,0.00694131979774415,0.00694131979774415
353,3,7,no,4,-0.02011818394625553,0.02011818394625553
2696,3,11,no,4,-0.009162820101175195,0.009162820101175195
1679,3,9,no,1,-0.006943997948260727,0.006943997948260727
1680,3,9,no,1,-0.006943997948260672,0.006943997948260672
2290,3,10,yes,8,0.04585760196468924,0.04585760196468924
976,3,8,no,1,-0.00694131979774415,0.00694131979774415
2697,3,11,yes,8,-0.020967679078546464,0.020967679078546464
1681,3,9,yes,1,0.006943997948260672,0.006943997948260672
2291,3,10,no,1,-0.005496366471083425,0.005496366471083425
977,3,8,yes,8,-0.055402525921537604,0.055402525921537604
978,3,8,yes,14,0.09691705594655387,0.09691705594655387
979,3,8,no,2,-0.013792014619873005,0.013792014619873005
980,3,8,yes,1,0.00690396986339592,0.00690396986339592
2292,3,10,no,1,0.005496366471083425,0.005496366471083425
354,3,7,no,4,-0.0212776202309235,0.0212776202309235
1682,3,9,no,1,-0.006943997948260672,0.006943997948260672
355,3,7,no,17,-0.10209391368003162,0.10209391368003162
2293,3,10,no,6,0.0314833930260926,0.0314833930260926
356,3,7,yes,9,0.05623631171534238,0.05623631171534238
2294,3,10,yes,1,-0.005066392393269226,0.005066392393269226
981,3,8,yes,1,-0.00690396986339592,0.00690396986339592
982,3,8,no,14,-0.09684301423920211,0.09684301423920211
983,3,8,yes,12,0.0829977862585411,0.0829977862585411
357,3,7,yes,2,0.011858307300091742,0.011858307300091742
358,3,7,yes,14,0.07539509884177653,0.07539509884177653
2295,3,10,yes,2,0.010059427781047514,0.010059427781047514
1683,3,9,yes,2,0.013887995896521399,0.013887995896521399
2296,3,10,no,14,-0.07637339468136117,0.07637339468136117
984,3,8,no,3,0.020749197844056932,0.020749197844056932
2297,3,10,no,10,0.055962654908154885,0.055962654908154885
2698,3,11,yes,1,-0.002885778044461773,0.002885778044461773
2298,3,10,yes,1,-0.005283976781832678,0.005283976781832678
1684,3,9,no,1,0.00694131979774415,0.00694131979774415
359,3,7,no,20,-0.1116980140413667,0.1116980140413667
360,3,7,no,7,-0.04484677722230379,0.04484677722230379
985,3,8,no,19,-0.13087985930822643,0.13087985930822643
1685,3,9,yes,7,0.04829118313979319,0.04829118313979319
986,3,8,yes,5,0.033981320829057526,0.033981320829057526
987,3,8,yes,1,0.0068695272890921255,0.0068695272890921255
1686,3,9,yes,4,-0.027509987532394087,0.027509987532394087
988,3,8,yes,13,0.09002901119007678,0.09002901119007678
361,3,7,yes,1,0.006549739658341158,0.006549739658341158
989,3,8,yes,6,-0.0415704832167999,0.0415704832167999
2299,3,10,no,1,-0.00535544554716183,0.00535544554716183
990,3,8,no,3,-0.020821285372742915,0.020821285372742915
2300,3,10,no,2,-0.010922632782753516,0.010922632782753516
362,3,7,yes,6,0.03829703756396263,0.03829703756396263
363,3,7,yes,1,0.0061985164077413835,0.0061985164077413835
2699,3,11,no,1,-0.0029474764738243175,0.0029474764738243175
364,3,7,no,1,-0.0061985164077413835,0.0061985164077413835
2301,3,10,yes,13,-0.07736799229517677,0.07736799229517677
1687,3,9,yes,20,-0.1373518513318957,0.1373518513318957
1688,3,9,yes,1,-0.006632203865068964,0.006632203865068964
2302,3,10,no,1,0.006308029388134018,0.006308029388134018
991,3,8,yes,1,0.006935967626738038,0.006935967626738038
1689,3,9,yes,7,0.04714104095776256,0.04714104095776256
365,3,7,no,1,0.0061985164077413835,0.0061985164077413835
992,3,8,yes,2,0.013885317746004877,0.013885317746004877
993,3,8,no,6,-0.04157048321679985,0.04157048321679985
994,3,8,yes,8,0.055455800962804724,0.055455800962804724
1690,3,9,yes,12,0.0829977862585411,0.0829977862585411
1691,3,9,no,7,-0.048570520427256125,0.048570520427256125
1692,3,9,yes,1,0.00692794968177024,0.00692794968177024
366,3,7,yes,1,0.00614129254867346,0.00614129254867346
367,3,7,no,8,0.04690036192238556,0.04690036192238556
2303,3,10,no,1,-0.006308029388134018,0.006308029388134018
368,3,7,yes,1,0.005565672514303843,0.005565672514303843
1693,3,9,yes,1,0.006935967626738038,0.006935967626738038
995,3,8,yes,3,0.020781195607399106,0.020781195607399106
1694,3,9,yes,1,0.006941319797744205,0.006941319797744205
2304,3,10,yes,1,0.006308029388134018,0.006308029388134018
1695,3,9,yes,1,0.006943997948260672,0.006943997948260672
2305,3,10,yes,1,0.006254119513938505,0.006254119513938505
1696,3,9,no,1,0.006943997948260727,0.006943997948260727
2700,3,11,yes,10,-0.03304184774115504,0.03304184774115504
1697,3,9,yes,6,0.04151453002501626,0.04151453002501626
369,3,7,no,1,-0.005565672514303843,0.005565672514303843
2701,3,11,no,9,0.030031846662099904,0.030031846662099904
2702,3,11,no,20,-0.07442479907873534,0.07442479907873534
2703,3,11,no,2,-0.00902332867231248,0.00902332867231248
2704,3,11,no,1,0.004548750366815679,0.004548750366815679
1698,3,9,no,1,-0.006888044756477085,0.006888044756477085
370,3,7,no,13,-0.07816249455588653,0.07816249455588653
1699,3,9,no,2,-0.013821248162286692,0.013821248162286692
371,3,7,no,10,-0.06603399147293076,0.06603399147293076
2705,3,11,no,12,-0.059455378099095735,0.059455378099095735
2306,3,10,yes,15,0.08636789850485227,0.08636789850485227
372,3,7,yes,10,0.06603399147293076,0.06603399147293076
2706,3,11,yes,1,0.00535544554716183,0.00535544554716183
1700,3,9,yes,10,-0.06931971827131306,0.06931971827131306
2707,3,11,yes,1,0.005283976781832678,0.005283976781832678
373,3,7,no,7,-0.04581885176221434,0.04581885176221434
2307,3,10,yes,1,-0.005283976781832678,0.005283976781832678
2708,3,11,yes,2,0.010351311992158774,0.010351311992158774
2709,3,11,yes,9,0.042939222083439255,0.042939222083439255
1701,3,9,yes,1,0.006903969863395976,0.006903969863395976
2710,3,11,yes,1,0.004400521639892241,0.004400521639892241
1702,3,9,no,7,0.04855183109940875,0.04855183109940875
374,3,7,yes,5,0.03294947162345652,0.03294947162345652
2308,3,10,no,4,0.020701681167260677,0.020701681167260677
2309,3,10,yes,13,-0.07138035929358288,0.07138035929358288
1703,3,9,no,9,0.061914735869795456,0.061914735869795456
1704,3,9,yes,5,-0.03422957039900043,0.03422957039900043
2711,3,11,yes,1,0.004326632768974825,0.004326632768974825
2712,3,11,no,20,-0.10048113072569897,0.10048113072569897
2713,3,11,no,2,-0.01160154106402822,0.01160154106402822
2714,3,11,yes,1,0.005833461048261657,0.005833461048261657
375,3,7,no,1,-0.00650533374811868,0.00650533374811868
2715,3,11,yes,1,0.0057680800157665635,0.0057680800157665635
2716,3,11,yes,16,0.08273064764451943,0.08273064764451943
2717,3,11,yes,1,0.004548750366815679,0.004548750366815679
376,3,7,yes,2,0.0129642280565061,0.0129642280565061
1705,3,9,no,20,-0.13758567654331672,0.13758567654331672
1706,3,9,no,4,-0.026444137875337725,0.026444137875337725
377,3,7,yes,1,0.006410485830370405,0.006410485830370405
1707,3,9,no,7,-0.04449555397170407,0.04449555397170407
996,3,8,yes,3,0.020661541908964964,0.020661541908964964
378,3,7,yes,1,0.006360174775013605,0.006360174775013605
1708,3,9,yes,3,0.018760665309813906,0.018760665309813906
1709,3,9,yes,1,0.006360174775013716,0.006360174775013716
1710,3,9,yes,4,0.025924453545217607,0.025924453545217607
2310,3,10,no,2,-0.011982913187121635,0.011982913187121635
379,3,7,yes,1,0.006308029388134018,0.006308029388134018
2718,3,11,yes,3,0.013201732714363867,0.013201732714363867
380,3,7,yes,1,0.006254119513938505,0.006254119513938505
381,3,7,yes,1,0.0061985164077413835,0.0061985164077413835
382,3,7,no,7,-0.044495553971704016,0.044495553971704016
997,3,8,yes,2,-0.013757572045569044,0.013757572045569044
1711,3,9,yes,1,0.006592049699952696,0.006592049699952696
383,3,7,yes,1,0.00650533374811868,0.00650533374811868
1712,3,9,yes,1,0.006632203865068964,0.006632203865068964
1713,3,9,yes,1,0.0066701446519749075,0.0066701446519749075
2719,3,11,yes,3,0.012538988137172913,0.012538988137172913
2311,3,10,yes,4,0.023714045838276077,0.023714045838276077
1714,3,9,yes,6,-0.039408365931843936,0.039408365931843936
384,3,7,yes,1,0.0064588943083874195,0.0064588943083874195
385,3,7,no,14,-0.09385307604156079,0.09385307604156079
1715,3,9,no,1,0.0064588943083875305,0.0064588943083875305
2312,3,10,yes,1,0.0057680800157665635,0.0057680800157665635
386,3,7,no,5,-0.034626485268539176,0.034626485268539176
1716,3,9,no,17,0.11507934720396834,0.11507934720396834
1717,3,9,yes,10,-0.06868488871630979,0.06868488871630979
2720,3,11,yes,1,0.00403373492910708,0.00403373492910708
2313,3,10,no,7,0.03846344224123388,0.03846344224123388
1718,3,9,no,11,0.075626208514054,0.075626208514054
998,3,8,no,3,-0.020749197844056932,0.020749197844056932
2314,3,10,no,1,0.0052119315902589,0.0052119315902589
2721,3,11,yes,2,0.007850913624326772,0.007850913624326772
387,3,7,no,1,0.00694131979774415,0.00694131979774415
2315,3,10,yes,3,0.015198808182947388,0.015198808182947388
388,3,7,yes,1,0.006935967626738093,0.006935967626738093
1719,3,9,no,1,-0.006941319797744205,0.006941319797744205
999,3,8,no,1,0.00692794968177024,0.00692794968177024
389,3,7,no,11,0.07519390795377379,0.07519390795377379
2316,3,10,no,1,-0.0049930353877782885,0.0049930353877782885
1720,3,9,yes,1,-0.006935967626738038,0.006935967626738038
1000,3,8,no,1,0.006917278298890772,0.006917278298890772
2317,3,10,no,1,-0.005066392393269226,0.005066392393269226
1001,3,8,yes,2,-0.013845227980661012,0.013845227980661012
390,3,7,yes,8,0.052179026537227946,0.052179026537227946
1002,3,8,yes,1,0.00692794968177024,0.00692794968177024
1721,3,9,no,3,-0.020749197844056932,0.020749197844056932
1722,3,9,no,2,0.013821248162286692,0.013821248162286692
391,3,7,yes,1,0.006308029388134018,0.006308029388134018
2318,3,10,no,1,-0.0051393804018998734,0.0051393804018998734
1723,3,9,yes,5,0.03469323300277388,0.03469323300277388
2319,3,10,no,1,-0.0052119315902589,0.0052119315902589
1003,3,8,no,1,0.006917278298890772,0.006917278298890772
2320,3,10,no,1,-0.005283976781832678,0.005283976781832678
2722,3,11,no,14,-0.06111120963855743,0.06111120963855743
2321,3,10,yes,19,-0.11287562553886354,0.11287562553886354
1724,3,9,no,1,-0.006943997948260727,0.006943997948260727
2322,3,10,yes,2,0.012869380138757824,0.012869380138757824
2323,3,10,yes,1,0.006360174775013605,0.006360174775013605
392,3,7,yes,6,0.03665936311063589,0.03665936311063589
2324,3,10,yes,1,0.006308029388134018,0.006308029388134018
393,3,7,no,2,-0.011982913187121635,0.011982913187121635
2325,3,10,no,1,0.006254119513938505,0.006254119513938505
2723,3,11,yes,3,0.014314106355288847,0.014314106355288847
1725,3,9,no,2,-0.013885317746004877,0.013885317746004877
394,3,7,yes,1,0.006022277489922678,0.006022277489922678
395,3,7,no,1,-0.006022277489922678,0.006022277489922678
396,3,7,no,1,-0.006082521453160905,0.006082521453160905
1004,3,8,no,7,-0.04855183109940886,0.04855183109940886
2724,3,11,yes,11,0.04679710328326858,0.04679710328326858
2725,3,11,no,14,-0.06111120963855743,0.06111120963855743
1005,3,8,yes,8,0.05545580096280478,0.05545580096280478
2726,3,11,yes,1,0.00484547836750715,0.00484547836750715
2326,3,10,yes,2,0.012339808956414844,0.012339808956414844
2727,3,11,yes,2,0.009468627987781697,0.009468627987781697
1726,3,9,yes,18,0.12320285958956545,0.12320285958956545
397,3,7,no,7,-0.044131512772258796,0.044131512772258796
398,3,7,yes,1,0.0064588943083874195,0.0064588943083874195
1727,3,9,no,12,-0.08156830678904736,0.08156830678904736
1006,3,8,no,3,-0.020749197844056932,0.020749197844056932
1007,3,8,no,1,0.00692794968177024,0.00692794968177024
1728,3,9,yes,6,0.04125209751367731,0.04125209751367731
399,3,7,no,1,-0.0064588943083874195,0.0064588943083874195
1729,3,9,no,1,-0.0068248316823924515,0.0068248316823924515
2728,3,11,yes,1,0.00462298351148227,0.00462298351148227
2729,3,11,yes,3,0.013423850312204721,0.013423850312204721
400,3,7,no,9,0.05623631171534238,0.05623631171534238
2730,3,11,yes,1,0.004326632768974825,0.004326632768974825
401,3,7,yes,12,0.06713522219561274,0.06713522219561274
1008,3,8,yes,10,-0.06931971827131306,0.06931971827131306
2731,3,11,no,12,0.046280293778988235,0.046280293778988235
2327,3,10,yes,1,0.006082521453160905,0.006082521453160905
402,3,7,no,12,-0.06713522219561274,0.06713522219561274
1009,3,8,no,1,0.006903969863395976,0.006903969863395976
1010,3,8,yes,4,0.0277225154051432,0.0277225154051432
2328,3,10,yes,2,0.011982913187121635,0.011982913187121635
2732,3,11,yes,1,-0.0034694475658122448,0.0034694475658122448
2733,3,11,no,8,0.025896799535747417,0.025896799535747417
1730,3,9,no,2,-0.013717972912521081,0.013717972912521081
2734,3,11,no,7,-0.022427351969935172,0.022427351969935172
1731,3,9,yes,11,-0.07620776302779014,0.07620776302779014
2329,3,10,no,1,0.0058976716028927845,0.0058976716028927845
1011,3,8,no,2,-0.013877287424482243,0.013877287424482243
1012,3,8,yes,1,0.006935967626738038,0.006935967626738038
2330,3,10,yes,4,-0.023963106243175325,0.023963106243175325
1732,3,9,yes,1,-0.006917278298890717,0.006917278298890717
1013,3,8,yes,1,0.006941319797744205,0.006941319797744205
1733,3,9,yes,6,0.0416105113016646,0.0416105113016646
1734,3,9,no,15,0.10237354389529985,0.10237354389529985
2735,3,11,no,16,-0.06403077686016778,0.06403077686016778
2736,3,11,yes,1,0.004548750366815679,0.004548750366815679
2737,3,11,no,3,0.013201732714363867,0.013201732714363867
1014,3,8,yes,9,-0.06205733461992985,0.06205733461992985
1735,3,9,no,1,-0.006632203865068909,0.006632203865068909
1736,3,9,no,19,-0.13043457303300482,0.13043457303300482
2331,3,10,no,20,0.10897508989325277,0.10897508989325277
2332,3,10,no,3,0.013868955425285878,0.013868955425285878
2333,3,10,yes,10,-0.04881595577010123,0.04881595577010123
2334,3,10,no,1,-0.005283976781832678,0.005283976781832678
2738,3,11,no,1,-0.004326632768974825,0.004326632768974825
2739,3,11,yes,10,-0.047339743723331495,0.047339743723331495
2335,3,10,no,1,-0.00535544554716183,0.00535544554716183
2740,3,11,no,2,0.010059427781047514,0.010059427781047514
403,3,7,yes,8,0.04585760196468924,0.04585760196468924
1015,3,8,yes,1,0.006824831682392396,0.006824831682392396
2741,3,11,yes,1,-0.0049930353877782885,0.0049930353877782885
2336,3,10,no,1,-0.0054262663116700915,0.0054262663116700915
2742,3,11,no,15,-0.08336327248070452,0.08336327248070452
2337,3,10,yes,4,-0.02239775360056928,0.02239775360056928
404,3,7,yes,2,0.010781711858831922,0.010781711858831922
2743,3,11,yes,5,0.02948212585404264,0.02948212585404264
1016,3,8,yes,5,0.03442726583128497,0.03442726583128497
2338,3,10,no,8,0.04367537383149278,0.04367537383149278
1017,3,8,yes,6,0.04163455280051803,0.04163455280051803
1737,3,9,no,12,0.0830772903168821,0.0830772903168821
2339,3,10,yes,1,-0.0052119315902589,0.0052119315902589
1738,3,9,no,1,-0.006869527289091959,0.006869527289091959
2340,3,10,no,20,-0.11815960232069622,0.11815960232069622
2341,3,10,no,4,-0.02627932697148161,0.02627932697148161
2744,3,11,yes,1,0.005701604461620269,0.005701604461620269
1018,3,8,yes,1,-0.00694131979774415,0.00694131979774415
2745,3,11,yes,1,0.005634110153561744,0.005634110153561744
2746,3,11,yes,3,0.01648830529705736,0.01648830529705736
2342,3,10,no,1,-0.0066701446519749075,0.0066701446519749075
2343,3,10,no,1,0.0066701446519749075,0.0066701446519749075
2747,3,11,yes,6,0.031050162102200796,0.031050162102200796
405,3,7,no,1,-0.00535544554716183,0.00535544554716183
1739,3,9,yes,1,0.006869527289091959,0.006869527289091959
2344,3,10,yes,7,0.04550888188525304,0.04550888188525304
2345,3,10,yes,1,0.006308029388134018,0.006308029388134018
1740,3,9,no,7,0.04735728271612272,0.04735728271612272
2346,3,10,yes,1,-0.006308029388134018,0.006308029388134018
406,3,7,no,1,-0.0054262663116700915,0.0054262663116700915
2347,3,10,yes,2,0.012562148902072523,0.012562148902072523
2348,3,10,yes,12,0.07030220986418767,0.07030220986418767
1741,3,9,no,1,-0.0066701446519749075,0.0066701446519749075
1742,3,9,no,1,-0.006705817235090228,0.006705817235090228
2349,3,10,no,1,0.0054262663116700915,0.0054262663116700915
2350,3,10,no,1,-0.0054262663116700915,0.0054262663116700915
1743,3,9,yes,1,-0.0067391696291118075,0.0067391696291118075
2748,3,11,no,8,0.03728031594228398,0.03728031594228398
1744,3,9,yes,1,-0.006770152846514388,0.006770152846514388
1019,3,8,yes,1,0.00694131979774415,0.00694131979774415
2749,3,11,yes,1,-0.004400521639892241,0.004400521639892241
407,3,7,yes,1,0.0054262663116700915,0.0054262663116700915
408,3,7,no,1,-0.0054262663116700915,0.0054262663116700915
2351,3,10,no,1,0.0054262663116700915,0.0054262663116700915
2352,3,10,no,1,-0.0054262663116700915,0.0054262663116700915
2353,3,10,no,1,-0.005496366471083425,0.005496366471083425
1745,3,9,yes,1,-0.0067987210476098126,0.0067987210476098126
2354,3,10,no,4,-0.02266946714525242,0.02266946714525242
1020,3,8,no,11,0.07542405834542165,0.07542405834542165
409,3,7,no,1,-0.005496366471083425,0.005496366471083425
1021,3,8,no,1,0.006705817235090228,0.006705817235090228
410,3,7,no,12,-0.07105996290704275,0.07105996290704275
1022,3,8,yes,1,-0.006705817235090228,0.006705817235090228
1023,3,8,yes,1,0.006705817235090228,0.006705817235090228
1024,3,8,no,1,-0.006705817235090228,0.006705817235090228
1025,3,8,no,1,-0.0067391696291118075,0.0067391696291118075
1026,3,8,no,1,-0.006770152846514388,0.006770152846514388
1027,3,8,yes,4,0.02688528436269133,0.02688528436269133
1746,3,9,no,1,-0.0068248316823924515,0.0068248316823924515
1747,3,9,yes,1,-0.0068484456234291224,0.0068484456234291224
2355,3,10,yes,3,0.017103794630948577,0.017103794630948577
1028,3,8,no,1,-0.0066701446519749075,0.0066701446519749075
2750,3,11,yes,1,-0.004474578305496801,0.004474578305496801
1748,3,9,no,3,-0.020661541908964964,0.020661541908964964
1749,3,9,no,1,-0.006917278298890772,0.006917278298890772
1029,3,8,no,6,-0.04068713806414781,0.04068713806414781
1030,3,8,yes,7,0.04735728271612272,0.04735728271612272
2356,3,10,no,8,0.04254543201147987,0.04254543201147987
2357,3,10,yes,1,-0.005066392393269226,0.005066392393269226
411,3,7,yes,6,0.03665936311063589,0.03665936311063589
2358,3,10,no,1,-0.0051393804018998734,0.0051393804018998734
2751,3,11,no,1,-0.004548750366815679,0.004548750366815679
1031,3,8,no,3,-0.020115131516176943,0.020115131516176943
1032,3,8,no,6,-0.04099972324551482,0.04099972324551482
2752,3,11,no,5,0.022003445232884222,0.022003445232884222
1750,3,9,yes,3,0.020709292918763778,0.020709292918763778
1751,3,9,no,1,-0.006888044756477085,0.006888044756477085
2359,3,10,no,5,-0.026773986702006924,0.026773986702006924
2753,3,11,yes,4,0.01628116344931496,0.01628116344931496
1752,3,9,no,1,-0.00690396986339592,0.00690396986339592
2360,3,10,no,1,-0.005565672514303843,0.005565672514303843
1033,3,8,no,1,0.006888044756477085,0.006888044756477085
2361,3,10,no,1,0.005565672514303843,0.005565672514303843
1753,3,9,no,5,-0.03466651335340398,0.03466651335340398
2362,3,10,yes,1,0.005496366471083425,0.005496366471083425
2754,3,11,yes,3,-0.012101605162510576,0.012101605162510576
1754,3,9,no,4,-0.027749235054513155,0.027749235054513155
1755,3,9,yes,1,-0.006917278298890717,0.006917278298890717
1034,3,8,yes,1,0.006869527289091959,0.006869527289091959
2363,3,10,no,1,-0.005496366471083425,0.005496366471083425
2364,3,10,no,1,-0.005565672514303843,0.005565672514303843
1756,3,9,no,6,0.0416105113016646,0.0416105113016646
1757,3,9,no,5,0.034626485268539176,0.034626485268539176
2755,3,11,no,6,-0.026183003519688608,0.026183003519688608
1758,3,9,no,2,-0.013821248162286692,0.013821248162286692
2756,3,11,yes,1,0.004548750366815679,0.004548750366815679
412,3,7,yes,6,-0.03665936311063589,0.03665936311063589
413,3,7,no,1,0.006254119513938505,0.006254119513938505
1759,3,9,yes,2,0.013821248162286692,0.013821248162286692
1760,3,9,no,1,-0.00690396986339592,0.00690396986339592
1035,3,8,no,1,0.0068484456234291224,0.0068484456234291224
1036,3,8,no,1,-0.0068484456234291224,0.0068484456234291224
1761,3,9,yes,18,-0.12397588944483051,0.12397588944483051
414,3,7,yes,1,0.0061985164077413835,0.0061985164077413835
1037,3,8,no,1,0.0068484456234291224,0.0068484456234291224
415,3,7,yes,1,0.00614129254867346,0.00614129254867346
1762,3,9,yes,1,0.006739169629111863,0.006739169629111863
1763,3,9,yes,1,0.006770152846514277,0.006770152846514277
2365,3,10,yes,1,0.005565672514303843,0.005565672514303843
2366,3,10,no,9,0.046892170648262455,0.046892170648262455
2367,3,10,no,8,0.036687572947950664,0.036687572947950664
2368,3,10,no,1,-0.004326632768974825,0.004326632768974825
2369,3,10,yes,2,0.0085795949206795,0.0085795949206795
2757,3,11,no,3,-0.013868955425285878,0.013868955425285878
2370,3,10,no,1,-0.004252962151704676,0.004252962151704676
1764,3,9,yes,1,0.006798721047609868,0.006798721047609868
416,3,7,yes,10,0.057962400907772826,0.057962400907772826
1038,3,8,yes,20,-0.13797655450159846,0.13797655450159846
1039,3,8,yes,5,-0.033517488227760295,0.033517488227760295
2758,3,11,yes,3,0.013868955425285878,0.013868955425285878
1040,3,8,yes,2,0.013302348517043872,0.013302348517043872
1041,3,8,no,1,0.006705817235090283,0.006705817235090283
1042,3,8,yes,1,0.006739169629111863,0.006739169629111863
1765,3,9,yes,1,0.006824831682392396,0.006824831682392396
2371,3,10,no,1,-0.004326632768974825,0.004326632768974825
1766,3,9,yes,11,0.076061818631803,0.076061818631803
2372,3,10,yes,1,-0.004400521639892241,0.004400521639892241
1767,3,9,no,2,-0.013885317746004877,0.013885317746004877
2373,3,10,yes,2,0.008727154408867066,0.008727154408867066
1768,3,9,yes,1,-0.006943997948260672,0.006943997948260672
2759,3,11,yes,1,0.004474578305496801,0.004474578305496801
2374,3,10,no,1,-0.004326632768974825,0.004326632768974825
2760,3,11,no,20,-0.10335551738086013,0.10335551738086013
2761,3,11,no,5,-0.030104398791848785,0.030104398791848785
2762,3,11,yes,1,0.00614129254867346,0.00614129254867346
2375,3,10,no,13,-0.06297503249732295,0.06297503249732295
1043,3,8,yes,1,0.006770152846514277,0.006770152846514277
2763,3,11,yes,2,0.012104798943083583,0.012104798943083583
417,3,7,no,8,-0.04585760196468924,0.04585760196468924
1044,3,8,no,1,0.006798721047609868,0.006798721047609868
2376,3,10,no,2,-0.010781711858831922,0.010781711858831922
1769,3,9,no,4,-0.0277225154051432,0.0277225154051432
2764,3,11,yes,9,0.051283868276359335,0.051283868276359335
2765,3,11,yes,2,0.010639422328994508,0.010639422328994508
1045,3,8,yes,1,0.006824831682392396,0.006824831682392396
1046,3,8,yes,1,0.0068484456234291224,0.0068484456234291224
1047,3,8,yes,1,0.0068695272890921255,0.0068695272890921255
1770,3,9,no,1,-0.006903969863395976,0.006903969863395976
1048,3,8,no,12,0.08312504132668086,0.08312504132668086
2377,3,10,no,1,0.0054262663116700915,0.0054262663116700915
2378,3,10,no,1,0.00535544554716183,0.00535544554716183
2766,3,11,yes,6,0.03017559390402158,0.03017559390402158
418,3,7,yes,6,0.034795562979301975,0.034795562979301975
1771,3,9,no,1,0.006903969863395976,0.006903969863395976
2767,3,11,yes,1,0.004771406440793768,0.004771406440793768
2768,3,11,no,6,-0.02973506875455645,0.02973506875455645
2769,3,11,yes,2,0.010205772795169099,0.010205772795169099
1772,3,9,no,4,0.0277225154051432,0.0277225154051432
1049,3,8,no,1,0.00690396986339592,0.00690396986339592
2770,3,11,no,1,0.0049930353877782885,0.0049930353877782885
2379,3,10,no,1,0.005283976781832678,0.005283976781832678
2380,3,10,no,1,-0.005283976781832678,0.005283976781832678
2771,3,11,yes,1,-0.0049930353877782885,0.0049930353877782885
419,3,7,yes,1,0.005565672514303843,0.005565672514303843
420,3,7,no,10,-0.05860732698536286,0.05860732698536286
421,3,7,yes,1,0.00614129254867346,0.00614129254867346
2772,3,11,no,1,-0.005066392393269226,0.005066392393269226
1773,3,9,yes,1,0.006943997948260672,0.006943997948260672
2773,3,11,no,7,0.033915893411126774,0.033915893411126774
2774,3,11,no,1,-0.00462298351148227,0.00462298351148227
1050,3,8,no,19,-0.13087985930822643,0.13087985930822643
2381,3,10,yes,8,-0.04478100652342942,0.04478100652342942
1774,3,9,no,2,-0.013885317746004877,0.013885317746004877
1051,3,8,yes,1,0.006739169629111863,0.006739169629111863
1052,3,8,no,4,0.027242151199945663,0.027242151199945663
1053,3,8,yes,1,0.0068695272890921255,0.0068695272890921255
2775,3,11,yes,4,0.018046833823686992,0.018046833823686992
2382,3,10,no,2,0.01160154106402822,0.01160154106402822
1054,3,8,no,12,0.08312504132668086,0.08312504132668086
1055,3,8,no,1,-0.006917278298890772,0.006917278298890772
1056,3,8,no,1,-0.00692794968177024,0.00692794968177024
2383,3,10,yes,1,0.005701604461620269,0.005701604461620269
2384,3,10,yes,1,0.005634110153561744,0.005634110153561744
1775,3,9,yes,6,0.04163455280051809,0.04163455280051809
1057,3,8,yes,1,0.00692794968177024,0.00692794968177024
1058,3,8,yes,8,-0.055498470109026365,0.055498470109026365
2385,3,10,no,1,0.005565672514303843,0.005565672514303843
1059,3,8,yes,1,0.00692794968177024,0.00692794968177024
1060,3,8,yes,9,0.06239176858954282,0.06239176858954282
1061,3,8,no,1,0.006888044756477085,0.006888044756477085
1776,3,9,no,1,-0.00692794968177024,0.00692794968177024
1062,3,8,no,3,-0.020709292918763778,0.020709292918763778
2386,3,10,yes,1,0.005496366471083425,0.005496366471083425
1777,3,9,yes,1,0.00692794968177024,0.00692794968177024
1063,3,8,yes,2,0.013821248162286692,0.013821248162286692
1064,3,8,no,1,-0.00690396986339592,0.00690396986339592
2387,3,10,no,1,0.0054262663116700915,0.0054262663116700915
2388,3,10,no,7,0.03596953786550894,0.03596953786550894
2389,3,10,no,3,-0.014978803544355657,0.014978803544355657
1778,3,9,yes,4,0.027578820207855737,0.027578820207855737
1779,3,9,yes,1,-0.006869527289091959,0.006869527289091959
2390,3,10,no,1,-0.0051393804018998734,0.0051393804018998734
1780,3,9,yes,5,0.03411167848903773,0.03411167848903773
422,3,7,yes,1,0.006082521453160905,0.006082521453160905
1065,3,8,yes,1,-0.006917278298890772,0.006917278298890772
1781,3,9,yes,1,-0.006770152846514388,0.006770152846514388
1782,3,9,no,1,-0.0067987210476098126,0.0067987210476098126
423,3,7,yes,1,0.006022277489922678,0.006022277489922678
1066,3,8,no,1,0.006917278298890772,0.006917278298890772
2391,3,10,yes,1,-0.0052119315902589,0.0052119315902589
1783,3,9,no,3,-0.020542804594913533,0.020542804594913533
1784,3,9,no,1,-0.006888044756477085,0.006888044756477085
1785,3,9,yes,1,-0.00690396986339592,0.00690396986339592
2776,3,11,no,2,-0.008875099945389042,0.008875099945389042
1786,3,9,no,1,0.00690396986339592,0.00690396986339592
1067,3,8,yes,1,0.00690396986339592,0.00690396986339592
1068,3,8,no,1,0.006888044756477085,0.006888044756477085
1787,3,9,yes,3,-0.020749197844056932,0.020749197844056932
1069,3,8,no,1,-0.006888044756477085,0.006888044756477085
2392,3,10,no,7,-0.03846344224123388,0.03846344224123388
1788,3,9,yes,2,0.013845227980661012,0.013845227980661012
1070,3,8,yes,1,0.006888044756477085,0.006888044756477085
1071,3,8,no,1,0.006869527289091959,0.006869527289091959
2393,3,10,no,1,0.005701604461620269,0.005701604461620269
2394,3,10,no,12,0.06293743168363519,0.06293743168363519
1072,3,8,no,1,-0.006869527289091959,0.006869527289091959
2777,3,11,yes,1,-0.004548750366815679,0.004548750366815679
424,3,7,yes,5,0.02916145282574023,0.02916145282574023
2778,3,11,yes,1,0.004548750366815679,0.004548750366815679
1073,3,8,no,10,0.06745106357023645,0.06745106357023645
1074,3,8,no,1,-0.006592049699952862,0.006592049699952862
1075,3,8,no,7,-0.0471410409577625,0.0471410409577625
2395,3,10,no,1,-0.00484547836750715,0.00484547836750715
1076,3,8,yes,11,-0.07606181863180295,0.07606181863180295
1077,3,8,no,10,-0.06868488871630979,0.06868488871630979
1789,3,9,no,1,-0.006917278298890772,0.006917278298890772
1078,3,8,yes,1,0.006770152846514277,0.006770152846514277
1790,3,9,yes,1,0.006917278298890772,0.006917278298890772
1791,3,9,yes,1,-0.006917278298890772,0.006917278298890772
1079,3,8,yes,7,0.048050818561287234,0.048050818561287234
1080,3,8,yes,1,0.00692794968177024,0.00692794968177024
2396,3,10,no,2,-0.009912411151086431,0.009912411151086431
2779,3,11,yes,2,0.008875099945389042,0.008875099945389042
1081,3,8,yes,1,0.006935967626738038,0.006935967626738038
2780,3,11,no,3,-0.013423850312204721,0.013423850312204721
425,3,7,yes,1,0.005634110153561744,0.005634110153561744
1082,3,8,no,1,-0.006935967626738038,0.006935967626738038
1083,3,8,no,11,0.07614934063511186,0.07614934063511186
1792,3,9,yes,1,-0.00692794968177024,0.00692794968177024
2397,3,10,yes,1,0.0049930353877782885,0.0049930353877782885
2781,3,11,no,1,-0.00462298351148227,0.00462298351148227
2398,3,10,yes,1,0.0049193757633081425,0.0049193757633081425
1084,3,8,yes,1,-0.006869527289091959,0.006869527289091959
426,3,7,yes,12,-0.07180231978087293,0.07180231978087293
1085,3,8,no,1,-0.006888044756477085,0.006888044756477085
1793,3,9,yes,2,-0.013877287424482243,0.013877287424482243
2399,3,10,no,1,0.00484547836750715,0.00484547836750715
2400,3,10,no,7,-0.03545957068585426,0.03545957068585426
427,3,7,yes,11,0.06616820962731118,0.06616820962731118
428,3,7,no,1,0.005634110153561744,0.005634110153561744
1794,3,9,no,1,-0.006943997948260727,0.006943997948260727
1086,3,8,yes,4,0.027430849351390618,0.027430849351390618
2782,3,11,yes,2,0.00917173387829795,0.00917173387829795
1087,3,8,yes,1,-0.0068248316823924515,0.0068248316823924515
1088,3,8,yes,5,-0.03442726583128486,0.03442726583128486
1089,3,8,no,1,-0.00692794968177024,0.00692794968177024
2401,3,10,no,9,0.044928198673635955,0.044928198673635955
1795,3,9,no,1,0.006943997948260727,0.006943997948260727
2402,3,10,no,1,-0.004697221546987929,0.004697221546987929
2403,3,10,no,4,-0.01952929595938735,0.01952929595938735
2783,3,11,no,1,-0.004548750366815679,0.004548750366815679
2404,3,10,no,4,0.01952929595938735,0.01952929595938735
429,3,7,yes,1,-0.005634110153561744,0.005634110153561744
1090,3,8,no,5,-0.03470660311874785,0.03470660311874785
2405,3,10,no,1,0.004697221546987929,0.004697221546987929
2406,3,10,no,3,-0.014314106355288847,0.014314106355288847
2784,3,11,yes,5,0.022003445232884222,0.022003445232884222
1091,3,8,yes,2,-0.013863917308508278,0.013863917308508278
1092,3,8,yes,1,0.00692794968177024,0.00692794968177024
2407,3,10,yes,1,0.00484547836750715,0.00484547836750715
1796,3,9,no,1,-0.006943997948260727,0.006943997948260727
1797,3,9,yes,1,-0.006943997948260672,0.006943997948260672
1798,3,9,no,11,-0.075626208514054,0.075626208514054
1093,3,8,no,2,-0.013845227980660957,0.013845227980660957
1094,3,8,no,2,0.013845227980660957,0.013845227980660957
1095,3,8,no,1,0.006935967626738038,0.006935967626738038
1096,3,8,no,2,0.013885317746004877,0.013885317746004877
2408,3,10,no,1,-0.00484547836750715,0.00484547836750715
1799,3,9,no,1,-0.006739169629111863,0.006739169629111863
2409,3,10,no,3,-0.014978803544355657,0.014978803544355657
1800,3,9,yes,5,0.033981320829057526,0.033981320829057526
1097,3,8,no,3,0.02082128537274297,0.02082128537274297
2410,3,10,no,1,0.005066392393269226,0.005066392393269226
430,3,7,yes,2,0.011199782667865588,0.011199782667865588
1801,3,9,no,1,-0.0068484456234291224,0.0068484456234291224
1802,3,9,yes,1,0.0068484456234291224,0.0068484456234291224
1803,3,9,yes,1,0.0068695272890921255,0.0068695272890921255
431,3,7,no,5,-0.028502928193514077,0.028502928193514077
432,3,7,no,1,-0.0058976716028927845,0.0058976716028927845
1804,3,9,yes,1,0.00688804475647703,0.00688804475647703
1805,3,9,no,1,0.006903969863395976,0.006903969863395976
1098,3,8,yes,2,0.013845227980661012,0.013845227980661012
1806,3,9,yes,1,0.006917278298890717,0.006917278298890717
1807,3,9,no,12,0.0830772903168821,0.0830772903168821
1099,3,8,yes,1,-0.006917278298890772,0.006917278298890772
1808,3,9,yes,11,-0.07614934063511186,0.07614934063511186
433,3,7,no,3,-0.01806543464028254,0.01806543464028254
434,3,7,no,1,-0.00614129254867346,0.00614129254867346
1809,3,9,no,13,-0.08849625647081777,0.08849625647081777
1810,3,9,yes,8,0.05398948658119168,0.05398948658119168
1100,3,8,yes,1,-0.00692794968177024,0.00692794968177024
435,3,7,no,3,-0.018760665309813906,0.018760665309813906
1811,3,9,yes,1,0.0068695272890921255,0.0068695272890921255
436,3,7,yes,1,0.006308029388134018,0.006308029388134018
437,3,7,yes,10,0.05986018023917716,0.05986018023917716
1812,3,9,no,1,0.00688804475647703,0.00688804475647703
1813,3,9,no,1,0.006903969863395976,0.006903969863395976
1814,3,9,no,13,0.08999456861577282,0.08999456861577282
438,3,7,no,11,-0.06616820962731118,0.06616820962731118
2411,3,10,yes,12,-0.0654826876906901,0.0654826876906901
2785,3,11,yes,2,-0.0085795949206795,0.0085795949206795
2412,3,10,no,1,0.005833461048261657,0.005833461048261657
2413,3,10,yes,1,0.0057680800157665635,0.0057680800157665635
439,3,7,yes,1,0.006308029388134018,0.006308029388134018
1815,3,9,no,1,-0.006869527289091959,0.006869527289091959
1816,3,9,yes,6,-0.04151453002501626,0.04151453002501626
440,3,7,yes,1,0.006254119513938505,0.006254119513938505
2414,3,10,no,6,0.0331794654594012,0.0331794654594012
1817,3,9,no,2,0.013877287424482243,0.013877287424482243
2415,3,10,yes,1,0.005283976781832678,0.005283976781832678
2416,3,10,yes,1,0.0052119315902589,0.0052119315902589
1818,3,9,no,1,-0.006935967626738093,0.006935967626738093
2417,3,10,yes,2,0.010205772795169099,0.010205772795169099
2786,3,11,no,8,-0.03728031594228398,0.03728031594228398
1819,3,9,yes,1,0.006935967626738093,0.006935967626738093
1101,3,8,no,1,0.00692794968177024,0.00692794968177024
1102,3,8,no,3,-0.020805237106252483,0.020805237106252483
2787,3,11,yes,10,0.04585991086296348,0.04585991086296348
1820,3,9,no,1,0.00692794968177024,0.00692794968177024
2418,3,10,no,4,0.01952929595938735,0.01952929595938735
1821,3,9,yes,12,-0.08307729031688221,0.08307729031688221
1822,3,9,no,5,-0.033981320829057526,0.033981320829057526
2788,3,11,yes,2,0.008286025985468237,0.008286025985468237
1103,3,8,no,1,0.00694131979774415,0.00694131979774415
1823,3,9,yes,8,-0.05252466899730446,0.05252466899730446
2419,3,10,yes,7,-0.03494700034481535,0.03494700034481535
1824,3,9,yes,1,0.006410485830370238,0.006410485830370238
441,3,7,yes,1,0.0061985164077413835,0.0061985164077413835
1825,3,9,yes,6,-0.03767261846387132,0.03767261846387132
1826,3,9,yes,2,0.0123398089564149,0.0123398089564149
1827,3,9,yes,2,0.012562148902072467,0.012562148902072467
2789,3,11,no,5,0.019449951226777396,0.019449951226777396
1828,3,9,yes,2,0.012770660605383954,0.012770660605383954
2420,3,10,yes,1,0.0052119315902589,0.0052119315902589
2421,3,10,no,1,0.0051393804018998734,0.0051393804018998734
1829,3,9,yes,1,0.0064588943083875305,0.0064588943083875305
1830,3,9,no,15,0.10121542989546006,0.10121542989546006
2422,3,10,yes,5,0.024595688352656575,0.024595688352656575
2790,3,11,no,1,-0.0037472034806167454,0.0037472034806167454
2423,3,10,no,8,-0.040230977126648026,0.040230977126648026
1831,3,9,yes,1,0.00692794968177024,0.00692794968177024
2424,3,10,no,16,-0.09364607062509211,0.09364607062509211
2425,3,10,no,1,0.006308029388134018,0.006308029388134018
2791,3,11,no,4,-0.01570274774616065,0.01570274774616065
1832,3,9,yes,7,0.048570520427256125,0.048570520427256125
442,3,7,yes,1,0.00614129254867346,0.00614129254867346
1833,3,9,no,1,-0.00692794968177024,0.00692794968177024
2426,3,10,yes,5,0.030698727413436933,0.030698727413436933
1834,3,9,no,1,-0.006935967626738093,0.006935967626738093
1835,3,9,no,2,0.013863917308508333,0.013863917308508333
2427,3,10,yes,1,0.005960635697198957,0.005960635697198957
1836,3,9,no,1,-0.00692794968177024,0.00692794968177024
2792,3,11,yes,1,-0.0041064676986638515,0.0041064676986638515
2428,3,10,yes,14,0.07637339468136117,0.07637339468136117
2429,3,10,yes,1,0.0049193757633081425,0.0049193757633081425
2793,3,11,yes,1,0.0041064676986638515,0.0041064676986638515
2430,3,10,yes,9,-0.046892170648262455,0.046892170648262455
2794,3,11,no,4,-0.016865620906147738,0.016865620906147738
2431,3,10,yes,5,0.026773986702006924,0.026773986702006924
1104,3,8,no,10,-0.06921337300837388,0.06921337300837388
2432,3,10,yes,1,0.0051393804018998734,0.0051393804018998734
1105,3,8,yes,10,0.06921337300837388,0.06921337300837388
2795,3,11,yes,1,0.004326632768974825,0.004326632768974825
2433,3,10,yes,13,-0.07227460259751262,0.07227460259751262
2796,3,11,yes,2,-0.008727154408867066,0.008727154408867066
2434,3,10,yes,1,0.005960635697198957,0.005960635697198957
2435,3,10,yes,6,0.03440059979640686,0.03440059979640686
1106,3,8,yes,1,0.006935967626738093,0.006935967626738093
2797,3,11,no,8,-0.03787282969017003,0.03787282969017003
2798,3,11,no,1,0.0049930353877782885,0.0049930353877782885
2436,3,10,no,11,0.05650905545656337,0.05650905545656337
2799,3,11,no,1,0.0049193757633081425,0.0049193757633081425
2437,3,10,yes,1,0.004697221546987929,0.004697221546987929
2800,3,11,yes,4,0.018937089866771117,0.018937089866771117
2438,3,10,yes,1,0.00462298351148227,0.00462298351148227
1837,3,9,yes,3,0.020749197844056932,0.020749197844056932
2439,3,10,yes,13,-0.06582926051503357,0.06582926051503357
2440,3,10,no,8,0.04197279488495431,0.04197279488495431
1838,3,9,no,8,-0.05545580096280478,0.05545580096280478
1839,3,9,no,5,0.03470660311874785,0.03470660311874785
1840,3,9,no,1,-0.006935967626738093,0.006935967626738093
2441,3,10,no,16,0.06984868459459237,0.06984868459459237
2442,3,10,yes,1,-0.003818099192726798,0.003818099192726798
2443,3,10,no,1,-0.0038895110895871277,0.0038895110895871277
2444,3,10,no,5,-0.020534125601019637,0.020534125601019637
2445,3,10,no,5,-0.022373466592661817,0.022373466592661817
2446,3,10,yes,3,0.013646312183794751,0.013646312183794751
2447,3,10,no,1,-0.004474578305496801,0.004474578305496801
1841,3,9,no,1,-0.00694131979774415,0.00694131979774415
2448,3,10,yes,5,-0.023485840233586797,0.023485840233586797
1107,3,8,no,1,0.00692794968177024,0.00692794968177024
1108,3,8,no,9,0.06156014103691332,0.06156014103691332
1842,3,9,yes,1,-0.006943997948260727,0.006943997948260727
1109,3,8,no,1,-0.0067391696291118075,0.0067391696291118075
1110,3,8,no,10,-0.06868488871630984,0.06868488871630984
1111,3,8,no,5,0.03457321022727211,0.03457321022727211
1843,3,9,no,1,0.006943997948260727,0.006943997948260727
1844,3,9,yes,4,0.027722515405143255,0.027722515405143255
1845,3,9,no,12,-0.08312504132668086,0.08312504132668086
2449,3,10,no,4,0.018937089866771117,0.018937089866771117
1846,3,9,yes,1,0.00688804475647703,0.00688804475647703
1847,3,9,yes,1,0.006903969863395976,0.006903969863395976
2801,3,11,yes,1,-0.00462298351148227,0.00462298351148227
2450,3,10,no,1,0.004548750366815679,0.004548750366815679
2802,3,11,yes,1,0.00462298351148227,0.00462298351148227
2451,3,10,yes,5,-0.023485840233586797,0.023485840233586797
2452,3,10,yes,1,0.00484547836750715,0.00484547836750715
2453,3,10,no,4,-0.019824281911862807,0.019824281911862807
2454,3,10,no,8,-0.043113149771772385,0.043113149771772385
1848,3,9,yes,1,0.006917278298890717,0.006917278298890717
1112,3,8,no,1,0.006869527289091959,0.006869527289091959
1113,3,8,no,1,-0.006869527289091959,0.006869527289091959
2455,3,10,no,12,0.06293743168363519,0.06293743168363519
1849,3,9,no,4,-0.027578820207855848,0.027578820207855848
1850,3,9,yes,1,0.0068695272890921255,0.0068695272890921255
1114,3,8,yes,1,-0.006888044756477085,0.006888044756477085
1851,3,9,no,11,0.07620776302779009,0.07620776302779009
2456,3,10,yes,5,0.023114940171576448,0.023114940171576448
1852,3,9,no,1,-0.00692794968177024,0.00692794968177024
2803,3,11,yes,15,-0.07702904318289916,0.07702904318289916
1853,3,9,no,1,-0.006935967626738093,0.006935967626738093
1854,3,9,no,1,-0.00694131979774415,0.00694131979774415
2457,3,10,no,13,-0.06392995640459254,0.06392995640459254
1855,3,9,no,10,0.0688560556675396,0.0688560556675396
2458,3,10,yes,3,0.015851353919253408,0.015851353919253408
2804,3,11,no,8,0.043113149771772385,0.043113149771772385
1856,3,9,no,1,-0.0067987210476098126,0.0067987210476098126
2805,3,11,yes,2,0.010059427781047514,0.010059427781047514
1857,3,9,yes,7,0.046908258975322914,0.046908258975322914
1858,3,9,no,1,-0.006592049699952862,0.006592049699952862
1859,3,9,no,1,-0.006632203865068909,0.006632203865068909
443,3,7,yes,1,-0.00614129254867346,0.00614129254867346
2806,3,11,no,15,-0.08233403037856013,0.08233403037856013
1860,3,9,no,1,-0.0066701446519749075,0.0066701446519749075
1861,3,9,no,8,-0.054444710109716854,0.054444710109716854
2807,3,11,no,2,0.011858307300091742,0.011858307300091742
2808,3,11,yes,1,0.005833461048261657,0.005833461048261657
2809,3,11,no,14,-0.08698315347015562,0.08698315347015562
2810,3,11,yes,1,0.006549739658341158,0.006549739658341158
1862,3,9,no,1,0.006888044756477085,0.006888044756477085
2811,3,11,no,1,-0.006549739658341158,0.006549739658341158
2459,3,10,no,11,0.05247912412523137,0.05247912412523137
1863,3,9,no,2,0.013717972912521081,0.013717972912521081
1115,3,8,yes,1,0.006888044756477085,0.006888044756477085
1864,3,9,no,8,-0.05523250293753734,0.05523250293753734
2812,3,11,no,6,0.038592657708365286,0.038592657708365286
2460,3,10,no,1,-0.004400521639892241,0.004400521639892241
2461,3,10,yes,1,0.004400521639892241,0.004400521639892241
1116,3,8,no,1,-0.006888044756477085,0.006888044756477085
444,3,7,no,2,-0.012452635921679889,0.012452635921679889
1117,3,8,no,1,0.006888044756477085,0.006888044756477085
1865,3,9,yes,1,0.00694131979774415,0.00694131979774415
1866,3,9,no,13,-0.08968537136180527,0.08968537136180527
2813,3,11,no,11,0.06549429039273891,0.06549429039273891
2814,3,11,no,1,0.005565672514303843,0.005565672514303843
1867,3,9,yes,1,0.006798721047609868,0.006798721047609868
2462,3,10,yes,5,0.020899355835254818,0.020899355835254818
2815,3,11,no,1,-0.005565672514303843,0.005565672514303843
445,3,7,no,7,-0.04518470740831815,0.04518470740831815
446,3,7,yes,8,0.05143882692225665,0.05143882692225665
1868,3,9,yes,4,0.027430849351390674,0.027430849351390674
2816,3,11,yes,1,0.005565672514303843,0.005565672514303843
2463,3,10,no,1,-0.00403373492910708,0.00403373492910708
2817,3,11,no,9,0.046892170648262455,0.046892170648262455
2464,3,10,no,1,-0.0041064676986638515,0.0041064676986638515
1869,3,9,no,9,0.06239176858954282,0.06239176858954282
1870,3,9,yes,1,-0.006935967626738093,0.006935967626738093
2465,3,10,yes,1,-0.004179558286804386,0.004179558286804386
1871,3,9,no,1,-0.00694131979774415,0.00694131979774415
1872,3,9,yes,4,-0.027765283321003642,0.027765283321003642
2818,3,11,no,1,-0.0049193757633081425,0.0049193757633081425
2466,3,10,yes,2,0.008286025985468237,0.008286025985468237
1118,3,8,yes,1,0.006869527289091959,0.006869527289091959
1873,3,9,no,4,-0.027637242600533962,0.027637242600533962
2819,3,11,no,7,-0.03647642841387089,0.03647642841387089
1874,3,9,yes,1,0.00688804475647703,0.00688804475647703
1875,3,9,yes,1,0.006903969863395976,0.006903969863395976
2467,3,10,no,1,0.00403373492910708,0.00403373492910708
2468,3,10,no,1,-0.00403373492910708,0.00403373492910708
2469,3,10,no,1,0.00403373492910708,0.00403373492910708
1876,3,9,yes,4,0.0277225154051432,0.0277225154051432
2820,3,11,yes,8,0.04139580417717903,0.04139580417717903
2470,3,10,no,1,-0.00403373492910708,0.00403373492910708
2821,3,11,no,1,-0.0049193757633081425,0.0049193757633081425
2471,3,10,yes,8,-0.03491245472983473,0.03491245472983473
2822,3,11,no,1,0.0049193757633081425,0.0049193757633081425
2472,3,10,no,1,0.00462298351148227,0.00462298351148227
2473,3,10,no,9,-0.04426720540328555,0.04426720540328555
1119,3,8,yes,1,0.0068484456234291224,0.0068484456234291224
2823,3,11,no,1,-0.0049193757633081425,0.0049193757633081425
1877,3,9,no,20,0.13590866289823395,0.13590866289823395
1878,3,9,no,5,0.03179170381584395,0.03179170381584395
1120,3,8,yes,1,0.0068248316823924515,0.0068248316823924515
1879,3,9,yes,5,-0.03179170381584395,0.03179170381584395
2474,3,10,yes,2,0.010351311992158774,0.010351311992158774
1880,3,9,no,16,-0.1081433795772303,0.1081433795772303
2475,3,10,no,11,0.05166637649230632,0.05166637649230632
1881,3,9,yes,20,0.13368096387913575,0.13368096387913575
1882,3,9,yes,1,0.006254119513938505,0.006254119513938505
1883,3,9,no,1,-0.006254119513938505,0.006254119513938505
1884,3,9,no,1,-0.006308029388134018,0.006308029388134018
2476,3,10,yes,1,-0.004326632768974825,0.004326632768974825
1885,3,9,yes,4,0.024901957858487367,0.024901957858487367
1886,3,9,no,1,-0.00614129254867346,0.00614129254867346
1887,3,9,yes,1,-0.0061985164077413835,0.0061985164077413835
1888,3,9,no,2,-0.012562148902072523,0.012562148902072523
1121,3,8,no,1,0.0067987210476098126,0.0067987210476098126
1889,3,9,yes,6,-0.03887667802018413,0.03887667802018413
1890,3,9,no,1,0.006592049699952862,0.006592049699952862
2824,3,11,no,1,-0.0049930353877782885,0.0049930353877782885
1122,3,8,yes,1,0.006770152846514388,0.006770152846514388
2825,3,11,no,1,-0.005066392393269226,0.005066392393269226
2477,3,10,no,11,0.043599528224553374,0.043599528224553374
2478,3,10,yes,2,0.007007398323409686,0.007007398323409686
1891,3,9,yes,11,-0.07433910832671353,0.07433910832671353
2479,3,10,yes,10,-0.037847773340479174,0.037847773340479174
1123,3,8,no,8,-0.05482097140780151,0.05482097140780151
2480,3,10,no,2,0.008140202627770932,0.008140202627770932
1892,3,9,no,9,-0.06239176858954282,0.06239176858954282
2481,3,10,yes,13,-0.0581796717775388,0.0581796717775388
1893,3,9,yes,1,0.006935967626738038,0.006935967626738038
2826,3,11,yes,20,-0.11564153417409717,0.11564153417409717
2827,3,11,yes,2,-0.012869380138757824,0.012869380138757824
1894,3,9,yes,3,0.020829315694265604,0.020829315694265604
2828,3,11,yes,1,0.0064588943083874195,0.0064588943083874195
2482,3,10,yes,1,0.0049193757633081425,0.0049193757633081425
2829,3,11,yes,12,0.07323726577107492,0.07323726577107492
1124,3,8,no,1,0.006917278298890772,0.006917278298890772
1125,3,8,yes,1,0.00690396986339592,0.00690396986339592
2830,3,11,yes,1,0.005701604461620269,0.005701604461620269
2483,3,10,yes,1,0.00484547836750715,0.00484547836750715
1126,3,8,no,2,0.013757572045569044,0.013757572045569044
2484,3,10,no,11,0.04841481764672351,0.04841481764672351
2485,3,10,yes,2,0.007850913624326772,0.007850913624326772
1895,3,9,no,14,0.09574134003023094,0.09574134003023094
1127,3,8,no,11,-0.07614934063511186,0.07614934063511186
2486,3,10,no,1,-0.0038895110895871277,0.0038895110895871277
1896,3,9,no,1,-0.0066701446519749075,0.0066701446519749075
1128,3,8,no,11,0.07614934063511186,0.07614934063511186
1897,3,9,no,3,-0.020215139710716423,0.020215139710716423
2831,3,11,yes,1,0.005634110153561744,0.005634110153561744
2487,3,10,yes,1,0.0038895110895871277,0.0038895110895871277
1898,3,9,no,1,-0.0067987210476098126,0.0067987210476098126
1899,3,9,no,3,-0.020542804594913533,0.020542804594913533
2832,3,11,no,2,-0.011335714615182013,0.011335714615182013
1900,3,9,no,1,0.006869527289091959,0.006869527289091959
2833,3,11,yes,1,0.005701604461620269,0.005701604461620269
2488,3,10,yes,1,-0.0038895110895871277,0.0038895110895871277
2834,3,11,no,12,0.06293743168363519,0.06293743168363519
447,3,7,yes,1,-0.006254119513938505,0.006254119513938505
2489,3,10,yes,1,0.0038895110895871277,0.0038895110895871277
2835,3,11,no,2,-0.009764854130815293,0.009764854130815293
1901,3,9,no,1,-0.006869527289091959,0.006869527289091959
448,3,7,no,1,-0.006308029388134018,0.006308029388134018
1902,3,9,yes,4,0.027341525642523345,0.027341525642523345
2836,3,11,yes,20,-0.11303275779199706,0.11303275779199706
2837,3,11,yes,7,-0.04518470740831815,0.04518470740831815
1903,3,9,no,1,-0.0067987210476098126,0.0067987210476098126
2838,3,11,yes,1,0.006592049699952862,0.006592049699952862
2490,3,10,no,1,-0.0038895110895871277,0.0038895110895871277
2491,3,10,no,1,-0.003961402534739644,0.003961402534739644
2839,3,11,yes,5,0.03228462832023127,0.03228462832023127
2840,3,11,yes,1,0.006308029388134018,0.006308029388134018
2492,3,10,no,5,-0.020899355835254818,0.020899355835254818
2841,3,11,no,10,0.05986018023917716,0.05986018023917716
2842,3,11,no,11,-0.06616820962731118,0.06616820962731118
2843,3,11,yes,12,0.07180231978087293,0.07180231978087293
2844,3,11,yes,1,0.005565672514303843,0.005565672514303843
1904,3,9,no,1,-0.0068248316823924515,0.0068248316823924515
2845,3,11,yes,1,0.005496366471083425,0.005496366471083425
1129,3,8,yes,1,0.0068484456234291224,0.0068484456234291224
1130,3,8,yes,1,0.0068248316823924515,0.0068248316823924515
2846,3,11,no,1,0.0054262663116700915,0.0054262663116700915
2493,3,10,no,1,-0.004400521639892241,0.004400521639892241
1905,3,9,no,1,-0.0068484456234291224,0.0068484456234291224
1906,3,9,no,1,-0.006869527289091959,0.006869527289091959
2847,3,11,no,5,-0.027824019912239373,0.027824019912239373
1907,3,9,yes,1,-0.006888044756477085,0.006888044756477085
1908,3,9,yes,1,0.006888044756477085,0.006888044756477085
2848,3,11,no,8,0.04367537383149278,0.04367537383149278
1131,3,8,no,1,0.0067987210476098126,0.0067987210476098126
2494,3,10,no,1,0.004400521639892241,0.004400521639892241
449,3,7,no,3,-0.01922955491377143,0.01922955491377143
2849,3,11,no,1,-0.0052119315902589,0.0052119315902589
450,3,7,yes,15,0.09103187469464435,0.09103187469464435
1909,3,9,no,6,-0.04151453002501626,0.04151453002501626
2495,3,10,yes,1,0.004326632768974825,0.004326632768974825
451,3,7,no,6,-0.034795562979301975,0.034795562979301975
1910,3,9,no,2,0.013877287424482243,0.013877287424482243
2496,3,10,no,1,-0.004326632768974825,0.004326632768974825
2850,3,11,no,1,-0.005283976781832678,0.005283976781832678
3196,5,17,no,15,-0.10268533797849172,0.10268533797849172
1132,3,8,yes,2,0.013509322475626195,0.013509322475626195
3197,5,17,yes,1,0.0066701446519749075,0.0066701446519749075
3198,5,17,yes,1,0.006705817235090283,0.006705817235090283
452,3,7,no,2,-0.012104798943083583,0.012104798943083583
3199,5,17,yes,1,0.006739169629111863,0.006739169629111863
1133,3,8,no,9,-0.06156014103691332,0.06156014103691332
3200,5,17,yes,1,0.006770152846514277,0.006770152846514277
1911,3,9,yes,5,-0.03470660311874785,0.03470660311874785
3201,5,17,yes,1,0.006798721047609868,0.006798721047609868
2851,3,11,no,1,-0.00535544554716183,0.00535544554716183
453,3,7,no,12,-0.07708098439571531,0.07708098439571531
454,3,7,yes,4,0.026444137875337836,0.026444137875337836
455,3,7,yes,11,0.06870228116066002,0.06870228116066002
3202,5,17,no,1,-0.006798721047609868,0.006798721047609868
3203,5,17,yes,1,0.006798721047609868,0.006798721047609868
3204,5,17,yes,1,0.006824831682392396,0.006824831682392396
1134,3,8,no,4,0.027578820207855737,0.027578820207855737
1912,3,9,yes,1,0.006941319797744205,0.006941319797744205
2852,3,11,no,8,-0.04532323257916038,0.04532323257916038
1135,3,8,no,1,0.0068484456234291224,0.0068484456234291224
2853,3,11,yes,1,0.0058976716028927845,0.0058976716028927845
3205,5,17,no,2,-0.013623552730002264,0.013623552730002264
1913,3,9,yes,1,0.006943997948260672,0.006943997948260672
3206,5,17,no,14,-0.09115483155775822,0.09115483155775822
3207,5,17,no,1,-0.00614129254867346,0.00614129254867346
2854,3,11,no,8,0.04478100652342942,0.04478100652342942
1914,3,9,no,1,0.006943997948260727,0.006943997948260727
3208,5,17,yes,1,0.00614129254867346,0.00614129254867346
2497,3,10,yes,1,-0.004400521639892241,0.004400521639892241
3209,5,17,no,2,-0.012223814001834421,0.012223814001834421
3210,5,17,yes,1,0.006082521453160961,0.006082521453160961
1915,3,9,no,1,-0.006943997948260727,0.006943997948260727
2498,3,10,no,5,0.02126614254603998,0.02126614254603998
1136,3,8,no,8,0.053733090657715366,0.053733090657715366
3211,5,17,yes,7,0.04413151277225885,0.04413151277225885
3212,5,17,yes,1,0.00650533374811868,0.00650533374811868
2855,3,11,no,9,-0.05067867812632221,0.05067867812632221
3213,5,17,yes,1,0.006549739658341158,0.006549739658341158
1137,3,8,yes,2,0.013055073406459838,0.013055073406459838
2856,3,11,yes,5,0.028834927282103018,0.028834927282103018
1916,3,9,no,2,-0.013885317746004877,0.013885317746004877
2499,3,10,yes,1,0.00403373492910708,0.00403373492910708
1917,3,9,yes,15,-0.1020242737975085,0.1020242737975085
1918,3,9,no,1,-0.006549739658341158,0.006549739658341158
1919,3,9,yes,2,0.013141789358293854,0.013141789358293854
1138,3,8,no,11,-0.07363660968760433,0.07363660968760433
2857,3,11,yes,5,0.027127727626051867,0.027127727626051867
2500,3,10,yes,1,-0.00403373492910708,0.00403373492910708
456,3,7,no,1,-0.005960635697198957,0.005960635697198957
1139,3,8,yes,1,0.0068484456234291224,0.0068484456234291224
3214,5,17,yes,1,0.006592049699952696,0.006592049699952696
1140,3,8,no,2,0.013623552730002264,0.013623552730002264
1920,3,9,yes,1,0.006632203865068964,0.006632203865068964
3215,5,17,yes,1,0.006632203865068964,0.006632203865068964
1921,3,9,yes,1,0.0066701446519749075,0.0066701446519749075
2501,3,10,yes,2,0.007995137463846724,0.007995137463846724
3216,5,17,yes,10,0.06801882462508785,0.06801882462508785
2502,3,10,no,7,0.025746168177968598,0.025746168177968598
1922,3,9,no,1,0.006705817235090283,0.006705817235090283
3217,5,17,no,2,-0.013792014619873005,0.013792014619873005
3218,5,17,no,1,-0.0068695272890921255,0.0068695272890921255
3219,5,17,no,2,-0.013673277305821518,0.013673277305821518
1141,3,8,yes,5,0.03351748822776024,0.03351748822776024
3220,5,17,yes,1,0.006824831682392396,0.006824831682392396
1142,3,8,no,8,-0.053989486581191626,0.053989486581191626
3221,5,17,yes,1,0.0068484456234291224,0.0068484456234291224
1923,3,9,yes,1,0.006739169629111863,0.006739169629111863
2503,3,10,no,1,0.003401615024017257,0.003401615024017257
3222,5,17,yes,6,0.041442737516364125,0.041442737516364125
1924,3,9,yes,15,0.10339149183505764,0.10339149183505764
1925,3,9,yes,1,-0.006935967626738093,0.006935967626738093
2858,3,11,no,14,-0.08016938209711089,0.08016938209711089
3223,5,17,no,11,-0.07542405834542165,0.07542405834542165
2504,3,10,no,5,-0.017692969439055184,0.017692969439055184
3224,5,17,no,2,-0.01337596188706519,0.01337596188706519
2505,3,10,no,1,0.0036768586438180595,0.0036768586438180595
2506,3,10,no,2,-0.007424062124434805,0.007424062124434805
3225,5,17,no,1,-0.006632203865068964,0.006632203865068964
3226,5,17,no,12,-0.07588343482175491,0.07588343482175491
2859,3,11,yes,1,0.00614129254867346,0.00614129254867346
1926,3,9,no,1,-0.00694131979774415,0.00694131979774415
3227,5,17,yes,1,0.006022277489922567,0.006022277489922567
2860,3,11,yes,3,0.01806543464028254,0.01806543464028254
3228,5,17,yes,2,0.012223814001834421,0.012223814001834421
457,3,7,yes,1,-0.006022277489922678,0.006022277489922678
3229,5,17,yes,1,0.006198516407741439,0.006198516407741439
2861,3,11,no,10,0.055962654908154885,0.055962654908154885
3230,5,17,yes,1,0.006254119513938561,0.006254119513938561
3231,5,17,no,1,-0.006254119513938561,0.006254119513938561
3232,5,17,yes,2,0.012562148902072467,0.012562148902072467
2507,3,10,no,1,0.0037472034806167454,0.0037472034806167454
1927,3,9,no,1,0.00694131979774415,0.00694131979774415
3233,5,17,no,1,-0.006308029388133907,0.006308029388133907
2862,3,11,no,1,-0.005283976781832678,0.005283976781832678
2508,3,10,yes,4,-0.015416216297670315,0.015416216297670315
1143,3,8,yes,1,0.0068484456234291224,0.0068484456234291224
3234,5,17,no,1,-0.006254119513938561,0.006254119513938561
3235,5,17,yes,1,0.006254119513938561,0.006254119513938561
3236,5,17,no,2,-0.01245263592168,0.01245263592168
1928,3,9,yes,4,0.027685165470795026,0.027685165470795026
3237,5,17,yes,1,0.006198516407741439,0.006198516407741439
2509,3,10,no,6,0.022700172389298556,0.022700172389298556
1929,3,9,no,1,-0.00690396986339592,0.00690396986339592
2510,3,10,yes,12,-0.048000049864445615,0.048000049864445615
3238,5,17,yes,1,0.006254119513938561,0.006254119513938561
3239,5,17,no,19,-0.10803972240421886,0.10803972240421886
1144,3,8,yes,2,0.013623552730002264,0.013623552730002264
2511,3,10,yes,1,-0.004474578305496801,0.004474578305496801
1930,3,9,yes,1,0.00690396986339592,0.00690396986339592
3240,5,17,yes,1,0.005066392393269115,0.005066392393269115
3241,5,17,yes,12,0.06631396690031369,0.06631396690031369
1145,3,8,yes,2,0.013509322475626195,0.013509322475626195
2512,3,10,no,1,0.004474578305496801,0.004474578305496801
3242,5,17,yes,8,0.04932756727378368,0.04932756727378368
2863,3,11,yes,1,-0.00535544554716183,0.00535544554716183
458,3,7,no,1,0.006022277489922678,0.006022277489922678
3243,5,17,no,8,-0.04932756727378368,0.04932756727378368
459,3,7,yes,1,0.005960635697198957,0.005960635697198957
2864,3,11,yes,6,0.031050162102200796,0.031050162102200796
3244,5,17,yes,11,0.06870228116066013,0.06870228116066013
3245,5,17,no,2,-0.01296422805650621,0.01296422805650621
3246,5,17,no,1,-0.006410485830370238,0.006410485830370238
2513,3,10,yes,1,0.004400521639892241,0.004400521639892241
3247,5,17,yes,8,0.05252466899730446,0.05252466899730446
1146,3,8,no,1,-0.0067391696291118075,0.0067391696291118075
2865,3,11,no,2,0.009764854130815293,0.009764854130815293
1147,3,8,no,1,0.0067391696291118075,0.0067391696291118075
1148,3,8,no,1,-0.0067391696291118075,0.0067391696291118075
3248,5,17,yes,1,0.006739169629111863,0.006739169629111863
3249,5,17,yes,9,0.06174892108957175,0.06174892108957175
460,3,7,yes,1,0.0058976716028927845,0.0058976716028927845
3250,5,17,no,13,-0.08849625647081777,0.08849625647081777
1931,3,9,no,1,0.006888044756477085,0.006888044756477085
3251,5,17,yes,1,0.006632203865068964,0.006632203865068964
1149,3,8,no,1,0.0067391696291118075,0.0067391696291118075
3252,5,17,no,1,-0.006632203865068964,0.006632203865068964
3253,5,17,yes,8,0.05398948658119168,0.05398948658119168
3254,5,17,no,2,-0.013673277305821518,0.013673277305821518
1932,3,9,yes,11,-0.07620776302779014,0.07620776302779014
2866,3,11,no,3,-0.014757889518593581,0.014757889518593581
1933,3,9,yes,1,0.00692794968177024,0.00692794968177024
3255,5,17,yes,1,0.006824831682392396,0.006824831682392396
1150,3,8,no,1,-0.0067391696291118075,0.0067391696291118075
3256,5,17,no,20,-0.12898511147671654,0.12898511147671654
3257,5,17,no,5,-0.02883492728210285,0.02883492728210285
3258,5,17,yes,11,0.06549429039273891,0.06549429039273891
2867,3,11,no,1,0.0049930353877782885,0.0049930353877782885
1934,3,9,yes,11,0.07614934063511186,0.07614934063511186
1935,3,9,yes,2,0.013673277305821574,0.013673277305821574
461,3,7,yes,15,0.08024057720928368,0.08024057720928368
1936,3,9,yes,13,-0.08982261794093344,0.08982261794093344
3259,5,17,yes,13,0.08550091668368809,0.08550091668368809
1151,3,8,yes,4,-0.027242151199945774,0.027242151199945774
462,3,7,no,1,-0.00484547836750715,0.00484547836750715
3260,5,17,yes,9,0.06205733461992985,0.06205733461992985
463,3,7,no,1,-0.0049193757633081425,0.0049193757633081425
2514,3,10,no,1,-0.004400521639892241,0.004400521639892241
2515,3,10,no,8,0.03315079109947383,0.03315079109947383
464,3,7,no,15,-0.08233403037856013,0.08233403037856013
3261,5,17,no,1,-0.006941319797744205,0.006941319797744205
1152,3,8,yes,1,-0.006869527289091959,0.006869527289091959
2868,3,11,no,13,-0.07047572307846839,0.07047572307846839
1153,3,8,yes,1,0.006869527289091959,0.006869527289091959
3262,5,17,no,1,-0.006935967626738038,0.006935967626738038
3263,5,17,no,7,-0.048180047195447606,0.048180047195447606
2869,3,11,no,11,-0.06809461901543412,0.06809461901543412
3264,5,17,no,7,-0.04690825897532286,0.04690825897532286
2870,3,11,yes,11,0.06809461901543412,0.06809461901543412
3265,5,17,yes,10,0.0674510635702365,0.0674510635702365
3266,5,17,no,1,-0.0068695272890921255,0.0068695272890921255
1937,3,9,yes,1,0.006935967626738038,0.006935967626738038
3267,5,17,no,1,-0.0068484456234291224,0.0068484456234291224
2516,3,10,yes,1,-0.0038895110895871277,0.0038895110895871277
2871,3,11,yes,1,0.005833461048261657,0.005833461048261657
2872,3,11,yes,1,-0.005833461048261657,0.005833461048261657
3268,5,17,no,1,-0.006824831682392396,0.006824831682392396
3269,5,17,no,1,-0.006798721047609868,0.006798721047609868
465,3,7,yes,14,0.07734099499078184,0.07734099499078184
3270,5,17,no,11,-0.07239416624794431,0.07239416624794431
3271,5,17,no,5,-0.030984479311648327,0.030984479311648327
466,3,7,no,10,-0.05388114662666188,0.05388114662666188
1938,3,9,no,1,0.006941319797744205,0.006941319797744205
3272,5,17,yes,1,0.006082521453160961,0.006082521453160961
467,3,7,no,19,0.09615449795672415,0.09615449795672415
2873,3,11,yes,5,0.028502928193514077,0.028502928193514077
2517,3,10,yes,2,0.007707610282313926,0.007707610282313926
3273,5,17,yes,8,0.05063684652037753,0.05063684652037753
2518,3,10,yes,2,0.007424062124434805,0.007424062124434805
3274,5,17,yes,1,0.006549739658341158,0.006549739658341158
468,3,7,no,1,-0.004400521639892241,0.004400521639892241
469,3,7,no,1,-0.004474578305496801,0.004474578305496801
470,3,7,no,1,-0.004548750366815679,0.004548750366815679
471,3,7,no,2,-0.009320205058470199,0.009320205058470199
3275,5,17,yes,1,0.006592049699952696,0.006592049699952696
2874,3,11,no,1,-0.005565672514303843,0.005565672514303843
2519,3,10,no,14,-0.058039264600430185,0.058039264600430185
2520,3,10,no,1,0.00462298351148227,0.00462298351148227
2521,3,10,no,7,0.03028947121835246,0.03028947121835246
2522,3,10,yes,1,0.00403373492910708,0.00403373492910708
472,3,7,no,13,-0.06770883812442896,0.06770883812442896
473,3,7,no,5,-0.02916145282574023,0.02916145282574023
2523,3,10,yes,6,0.022700172389298556,0.022700172389298556
2524,3,10,no,1,-0.0036070974478101814,0.0036070974478101814
3276,5,17,no,17,-0.1050448876474952,0.1050448876474952
2525,3,10,no,9,-0.03566579800776837,0.03566579800776837
3277,5,17,yes,3,0.0173031455256486,0.0173031455256486
3278,5,17,yes,15,0.09437394598691556,0.09437394598691556
1939,3,9,yes,1,0.006943997948260672,0.006943997948260672
474,3,7,yes,1,0.005960635697198957,0.005960635697198957
2526,3,10,yes,1,0.004252962151704676,0.004252962151704676
3279,5,17,no,2,-0.01322425356502166,0.01322425356502166
2527,3,10,no,1,-0.004252962151704676,0.004252962151704676
475,3,7,no,12,-0.07525202081900118,0.07525202081900118
476,3,7,yes,1,0.006549739658341158,0.006549739658341158
477,3,7,yes,13,0.08043341381181446,0.08043341381181446
478,3,7,no,1,0.0057680800157665635,0.0057680800157665635
3280,5,17,yes,11,0.07433910832671353,0.07433910832671353
3281,5,17,no,3,-0.020606017668998278,0.020606017668998278
3282,5,17,no,4,-0.027132875205628404,0.027132875205628404
3283,5,17,yes,2,0.01350932247562614,0.01350932247562614
3284,5,17,no,10,-0.0660339914729306,0.0660339914729306
2528,3,10,yes,1,0.004252962151704676,0.004252962151704676
1940,3,9,no,4,0.02774923505451321,0.02774923505451321
3285,5,17,no,6,-0.037344654086662044,0.037344654086662044
3286,5,17,yes,7,0.04375513991703228,0.04375513991703228
2529,3,10,no,1,-0.004252962151704676,0.004252962151704676
3287,5,17,no,19,-0.1117007080123088,0.1117007080123088
3288,5,17,yes,2,0.010639422328994619,0.010639422328994619
3289,5,17,yes,13,0.07572847617585776,0.07572847617585776
3290,5,17,yes,10,0.06474117543930036,0.06474117543930036
3291,5,17,yes,1,0.006705817235090283,0.006705817235090283
3292,5,17,yes,2,0.01350932247562614,0.01350932247562614
3293,5,17,no,1,-0.006770152846514277,0.006770152846514277
1941,3,9,no,1,0.006917278298890772,0.006917278298890772
3294,5,17,yes,1,0.006770152846514277,0.006770152846514277
1942,3,9,no,5,-0.03466651335340398,0.03466651335340398
2530,3,10,yes,1,0.004252962151704676,0.004252962151704676
2875,3,11,no,1,-0.005634110153561744,0.005634110153561744
3295,5,17,no,1,-0.006770152846514277,0.006770152846514277
2531,3,10,yes,1,0.004179558286804386,0.004179558286804386
479,3,7,no,11,-0.06682677994070452,0.06682677994070452
480,3,7,yes,1,0.006360174775013605,0.006360174775013605
2876,3,11,no,1,-0.005701604461620269,0.005701604461620269
3296,5,17,no,6,-0.03988912473953987,0.03988912473953987
3297,5,17,yes,10,0.06713127593948554,0.06713127593948554
3298,5,17,no,6,-0.04068713806414781,0.04068713806414781
481,3,7,yes,9,0.05469852514992435,0.05469852514992435
3299,5,17,no,1,-0.0066701446519749075,0.0066701446519749075
1943,3,9,no,1,0.006943997948260727,0.006943997948260727
3300,5,17,no,1,-0.006632203865068964,0.006632203865068964
1944,3,9,yes,1,0.00694131979774415,0.00694131979774415
3301,5,17,no,16,-0.09934328318587488,0.09934328318587488
3302,5,17,yes,13,0.07969616007946234,0.07969616007946234
3303,5,17,yes,13,0.08739418173317337,0.08739418173317337
3304,5,17,yes,1,-0.00688804475647703,0.00688804475647703
3305,5,17,no,4,-0.027341525642523512,0.027341525642523512
2877,3,11,yes,1,-0.0057680800157665635,0.0057680800157665635
1945,3,9,no,16,0.10857401345584972,0.10857401345584972
1154,3,8,no,4,0.027242151199945774,0.027242151199945774
3306,5,17,no,5,-0.033517488227760295,0.033517488227760295
1946,3,9,no,1,-0.006549739658341158,0.006549739658341158
3307,5,17,no,7,-0.045184707408317926,0.045184707408317926
1947,3,9,yes,13,-0.08816035648900022,0.08816035648900022
3308,5,17,no,1,-0.006254119513938561,0.006254119513938561
3309,5,17,no,1,-0.006198516407741439,0.006198516407741439
2532,3,10,no,4,0.015991116252097703,0.015991116252097703
1948,3,9,yes,1,0.006917278298890772,0.006917278298890772
482,3,7,no,4,-0.023714045838276077,0.023714045838276077
3310,5,17,yes,1,0.006198516407741439,0.006198516407741439
3311,5,17,yes,1,0.006254119513938561,0.006254119513938561
1949,3,9,no,6,-0.041610511301664654,0.041610511301664654
2878,3,11,yes,1,0.0057680800157665635,0.0057680800157665635
1155,3,8,yes,4,0.02674733538124585,0.02674733538124585
3872,5,18,no,2,0.0020484369162788105,0.0020484369162788105
3312,5,17,yes,1,0.006308029388133907,0.006308029388133907
1156,3,8,no,1,0.006592049699952862,0.006592049699952862
1157,3,8,yes,1,-0.006592049699952862,0.006592049699952862
3313,5,17,yes,12,0.07919288729555418,0.07919288729555418
3314,5,17,no,1,-0.006798721047609868,0.006798721047609868
1950,3,9,no,12,0.082744051564061,0.082744051564061
1158,3,8,no,1,-0.006632203865068909,0.006632203865068909
1951,3,9,no,1,-0.0067987210476098126,0.0067987210476098126
1159,3,8,no,8,-0.054226810005214676,0.054226810005214676
3315,5,17,no,1,-0.006770152846514277,0.006770152846514277
1952,3,9,no,6,-0.04125209751367731,0.04125209751367731
483,3,7,yes,1,0.006022277489922678,0.006022277489922678
3316,5,17,yes,5,-0.033339385081198714,0.033339385081198714
1160,3,8,yes,1,0.006869527289091959,0.006869527289091959
2533,3,10,no,13,0.04428400905831664,0.04428400905831664
1953,3,9,no,1,-0.00692794968177024,0.00692794968177024
3317,5,17,no,1,-0.006549739658341158,0.006549739658341158
1954,3,9,yes,1,0.00692794968177024,0.00692794968177024
2534,3,10,yes,7,-0.022427351969935172,0.022427351969935172
2879,3,11,yes,1,0.005701604461620269,0.005701604461620269
2535,3,10,no,1,-0.0034694475658122448,0.0034694475658122448
1955,3,9,no,1,-0.00692794968177024,0.00692794968177024
3318,5,17,no,20,-0.11938095928698228,0.11938095928698228
3319,5,17,no,2,-0.010495908372091578,0.010495908372091578
484,3,7,yes,20,0.10619049600863939,0.10619049600863939
485,3,7,yes,2,0.00902332867231248,0.00902332867231248
1161,3,8,no,9,0.06058153628114449,0.06058153628114449
3320,5,17,no,1,-0.005139380401899957,0.005139380401899957
2880,3,11,no,8,0.043113149771772385,0.043113149771772385
3321,5,17,yes,1,0.005139380401899957,0.005139380401899957
1162,3,8,no,1,-0.006592049699952862,0.006592049699952862
1956,3,9,no,1,-0.006935967626738093,0.006935967626738093
486,3,7,yes,1,-0.004474578305496801,0.004474578305496801
2881,3,11,no,1,-0.0051393804018998734,0.0051393804018998734
2536,3,10,no,9,-0.03437832577466693,0.03437832577466693
487,3,7,no,2,-0.00917173387829795,0.00917173387829795
3322,5,17,no,1,-0.005139380401899957,0.005139380401899957
1163,3,8,yes,5,0.032516503245170525,0.032516503245170525
3323,5,17,yes,1,0.005139380401899957,0.005139380401899957
2537,3,10,yes,2,0.008140202627770932,0.008140202627770932
488,3,7,no,7,-0.03443229030154438,0.03443229030154438
3324,5,17,no,15,-0.06934474503137913,0.06934474503137913
1164,3,8,no,2,-0.012869380138757824,0.012869380138757824
3325,5,17,yes,1,0.0041064676986638515,0.0041064676986638515
3326,5,17,no,1,0.004179558286804497,0.004179558286804497
3327,5,17,yes,2,0.008579594920679334,0.008579594920679334
3328,5,17,yes,11,0.05247912412523145,0.05247912412523145
1165,3,8,no,1,-0.00650533374811868,0.00650533374811868
1166,3,8,no,8,-0.05345799863366407,0.05345799863366407
1957,3,9,no,1,-0.00694131979774415,0.00694131979774415
3329,5,17,yes,1,0.005211931590258845,0.005211931590258845
3330,5,17,yes,15,0.08636789850485238,0.08636789850485238
1958,3,9,no,1,0.00694131979774415,0.00694131979774415
489,3,7,no,1,-0.0052119315902589,0.0052119315902589
3331,5,17,yes,11,0.07144699267439064,0.07144699267439064
490,3,7,no,12,-0.06794556809527652,0.06794556809527652
3332,5,17,no,4,-0.02660021545208685,0.02660021545208685
2538,3,10,yes,1,0.003961402534739644,0.003961402534739644
2882,3,11,yes,1,-0.0052119315902589,0.0052119315902589
2883,3,11,no,3,-0.0160656886406646,0.0160656886406646
1959,3,9,yes,4,0.027685165470795026,0.027685165470795026
2884,3,11,yes,9,-0.05187987945461192,0.05187987945461192
2885,3,11,yes,2,-0.012223814001834366,0.012223814001834366
2886,3,11,yes,3,0.018246091491757044,0.018246091491757044
2887,3,11,no,1,0.005960635697198957,0.005960635697198957
2539,3,10,no,5,0.018738769854558912,0.018738769854558912
3333,5,17,no,13,-0.0811496924218939,0.0811496924218939
491,3,7,yes,1,0.006022277489922678,0.006022277489922678
3334,5,17,no,6,-0.03399929466459761,0.03399929466459761
3335,5,17,yes,5,0.02816583361633579,0.02816583361633579
3336,5,17,no,3,-0.01710379463094841,0.01710379463094841
492,3,7,no,1,-0.006022277489922678,0.006022277489922678
3337,5,17,yes,6,0.03479556297930192,0.03479556297930192
2540,3,10,no,10,-0.03927289545557855,0.03927289545557855
3338,5,17,yes,1,0.006022277489922567,0.006022277489922567
3339,5,17,yes,6,0.037344654086662044,0.037344654086662044
2888,3,11,yes,1,0.0058976716028927845,0.0058976716028927845
1167,3,8,no,1,-0.0068248316823924515,0.0068248316823924515
2541,3,10,no,1,0.004252962151704676,0.004252962151704676
2542,3,10,yes,1,0.004179558286804386,0.004179558286804386
3340,5,17,no,15,-0.08922453354127391,0.08922453354127391
2889,3,11,no,12,-0.0745999527635528,0.0745999527635528
3341,5,17,yes,1,0.005496366471083369,0.005496366471083369
2890,3,11,yes,3,0.019374713886876505,0.019374713886876505
3342,5,17,yes,1,0.00556567251430401,0.00556567251430401
3343,5,17,yes,4,0.022937255679210233,0.022937255679210233
3344,5,17,no,1,0.005897671602892618,0.005897671602892618
2891,3,11,yes,1,0.006360174775013605,0.006360174775013605
3345,5,17,yes,1,0.005960635697199068,0.005960635697199068
2892,3,11,yes,17,0.09893004740692479,0.09893004740692479
2543,3,10,no,3,0.012101605162510576,0.012101605162510576
3346,5,17,no,1,-0.005960635697199068,0.005960635697199068
1960,3,9,yes,5,0.03422957039900043,0.03422957039900043
3347,5,17,no,1,-0.005897671602892618,0.005897671602892618
1168,3,8,no,1,0.0068248316823924515,0.0068248316823924515
493,3,7,yes,6,0.03518373031566291,0.03518373031566291
2544,3,10,yes,1,0.0038895110895871277,0.0038895110895871277
1961,3,9,no,8,0.05316461133417294,0.05316461133417294
2545,3,10,no,10,0.035063198023451925,0.035063198023451925
2546,3,10,no,1,-0.0032023859348871975,0.0032023859348871975
2547,3,10,no,7,-0.024295509415221184,0.024295509415221184
3348,5,17,yes,10,0.061635724707046535,0.061635724707046535
2548,3,10,no,1,0.0036768586438180595,0.0036768586438180595
1962,3,9,yes,8,-0.05316461133417294,0.05316461133417294
2549,3,10,yes,1,0.0036070974478101814,0.0036070974478101814
3349,5,17,no,16,-0.09563501937164415,0.09563501937164415
3350,5,17,yes,12,0.07030220986418773,0.07030220986418773
1963,3,9,no,1,-0.0067987210476098126,0.0067987210476098126
1964,3,9,no,3,0.020308043523236008,0.020308043523236008
1965,3,9,no,5,-0.03398132082905758,0.03398132082905758
3351,5,17,no,20,-0.1116980140413667,0.1116980140413667
3352,5,17,no,1,0.004919375763308059,0.004919375763308059
1966,3,9,yes,1,0.0068484456234291224,0.0068484456234291224
1967,3,9,no,1,-0.0068484456234291224,0.0068484456234291224
2550,3,10,no,14,0.043563587445867524,0.043563587445867524
3353,5,17,no,5,0.025694716555038993,0.025694716555038993
2893,3,11,no,9,-0.0500649833052621,0.0500649833052621
1968,3,9,no,1,-0.006869527289091959,0.006869527289091959
2551,3,10,no,1,-0.0027057566289487855,0.0027057566289487855
2552,3,10,no,1,-0.0027649078318606746,0.0027649078318606746
494,3,7,no,15,-0.09190309828920129,0.09190309828920129
495,3,7,no,1,0.00650533374811868,0.00650533374811868
496,3,7,yes,14,0.08539776454108261,0.08539776454108261
2894,3,11,no,2,0.01160154106402822,0.01160154106402822
1969,3,9,no,2,-0.013792014619873005,0.013792014619873005
2553,3,10,no,5,-0.014741511788290529,0.014741511788290529
2554,3,10,yes,1,0.003073338017522187,0.003073338017522187
1970,3,9,yes,6,0.04113354026239635,0.04113354026239635
2555,3,10,no,1,-0.003073338017522187,0.003073338017522187
2895,3,11,yes,1,-0.0057680800157665635,0.0057680800157665635
1971,3,9,no,12,-0.082744051564061,0.082744051564061
1972,3,9,yes,1,0.006943997948260672,0.006943997948260672
2556,3,10,no,11,-0.03820066996173932,0.03820066996173932
1169,3,8,no,1,-0.0068248316823924515,0.0068248316823924515
3354,5,17,yes,3,0.01627807832991529,0.01627807832991529
1170,3,8,no,1,0.0068248316823924515,0.0068248316823924515
3355,5,17,yes,12,0.07105996290704292,0.07105996290704292
497,3,7,yes,1,0.005634110153561744,0.005634110153561744
3356,5,17,yes,1,0.006308029388133907,0.006308029388133907
498,3,7,yes,5,0.027127727626051867,0.027127727626051867
1973,3,9,yes,3,0.02082128537274297,0.02082128537274297
3357,5,17,no,6,-0.037006756801570895,0.037006756801570895
3358,5,17,yes,13,0.08251563868682388,0.08251563868682388
3359,5,17,no,1,-0.006632203865068964,0.006632203865068964
3360,5,17,no,1,-0.006592049699952696,0.006592049699952696
499,3,7,no,9,-0.0500649833052621,0.0500649833052621
2557,3,10,no,3,0.011242161317161603,0.011242161317161603
3361,5,17,no,1,-0.006549739658341158,0.006549739658341158
1974,3,9,no,1,-0.006935967626738093,0.006935967626738093
3362,5,17,no,6,-0.03829703756396263,0.03829703756396263
3363,5,17,yes,9,0.05807103078732545,0.05807103078732545
2896,3,11,no,1,0.0057680800157665635,0.0057680800157665635
3364,5,17,no,9,-0.05807103078732545,0.05807103078732545
1171,3,8,no,1,-0.0068248316823924515,0.0068248316823924515
1975,3,9,yes,1,0.006935967626738093,0.006935967626738093
3365,5,17,no,18,-0.1017856028902803,0.1017856028902803
2897,3,11,no,2,-0.01160154106402822,0.01160154106402822
500,3,7,no,13,0.07047572307846839,0.07047572307846839
3366,5,17,yes,2,0.010205772795169071,0.010205772795169071
501,3,7,yes,1,-0.0049930353877782885,0.0049930353877782885
3367,5,17,yes,9,0.04944345384725929,0.04944345384725929
2558,3,10,yes,1,0.0036070974478101814,0.0036070974478101814
3368,5,17,no,1,-0.0057680800157664525,0.0057680800157664525
3369,5,17,yes,1,0.0057680800157664525,0.0057680800157664525
2559,3,10,no,11,-0.043599528224553374,0.043599528224553374
3370,5,17,yes,1,0.005833461048261823,0.005833461048261823
1172,3,8,yes,6,-0.0413552155130551,0.0413552155130551
1173,3,8,yes,6,0.0413552155130551,0.0413552155130551
3371,5,17,yes,20,0.12805795139721676,0.12805795139721676
3372,5,17,yes,2,0.013673277305821518,0.013673277305821518
502,3,7,no,1,-0.005066392393269226,0.005066392393269226
3373,5,17,no,1,-0.0068484456234291224,0.0068484456234291224
1976,3,9,yes,1,0.00692794968177024,0.00692794968177024
503,3,7,yes,1,0.005066392393269226,0.005066392393269226
2560,3,10,yes,1,0.004326632768974825,0.004326632768974825
504,3,7,yes,1,-0.005066392393269226,0.005066392393269226
3374,5,17,no,1,-0.006824831682392396,0.006824831682392396
505,3,7,no,8,-0.043113149771772385,0.043113149771772385
1977,3,9,yes,1,0.006917278298890772,0.006917278298890772
3375,5,17,no,1,-0.006798721047609868,0.006798721047609868
2898,3,11,no,2,-0.011858307300091742,0.011858307300091742
2899,3,11,no,1,0.005960635697198957,0.005960635697198957
3376,5,17,no,1,-0.006770152846514277,0.006770152846514277
1174,3,8,yes,1,0.0068248316823924515,0.0068248316823924515
3377,5,17,no,5,-0.033339385081198714,0.033339385081198714
3378,5,17,no,1,-0.006549739658341158,0.006549739658341158
3379,5,17,yes,4,0.026444137875337725,0.026444137875337725
3380,5,17,yes,1,-0.0066701446519749075,0.0066701446519749075
1175,3,8,yes,1,0.0067987210476098126,0.0067987210476098126
3381,5,17,yes,4,-0.026279326971481498,0.026279326971481498
3382,5,17,no,1,-0.0064588943083875305,0.0064588943083875305
3383,5,17,no,1,-0.006410485830370238,0.006410485830370238
3384,5,17,no,10,-0.06105869992493812,0.06105869992493812
1978,3,9,no,10,0.06801882462508768,0.06801882462508768
1979,3,9,no,4,-0.02688528436269133,0.02688528436269133
1176,3,8,yes,2,-0.013623552730002264,0.013623552730002264
1177,3,8,no,1,0.0068248316823924515,0.0068248316823924515
3385,5,17,yes,1,0.005833461048261823,0.005833461048261823
3386,5,17,no,4,0.023963106243175214,0.023963106243175214
1178,3,8,yes,1,0.0067987210476098126,0.0067987210476098126
1980,3,9,no,1,-0.0067987210476098126,0.0067987210476098126
3387,5,17,yes,1,0.00614129254867346,0.00614129254867346
1981,3,9,no,5,-0.03433481921478654,0.03433481921478654
3388,5,17,no,1,-0.00614129254867346,0.00614129254867346
2900,3,11,yes,5,-0.030405243596697384,0.030405243596697384
2901,3,11,yes,7,-0.04484677722230379,0.04484677722230379
2902,3,11,yes,1,0.006549739658341158,0.006549739658341158
3389,5,17,yes,1,0.00614129254867346,0.00614129254867346
2903,3,11,yes,1,0.00650533374811868,0.00650533374811868
1179,3,8,no,1,-0.0067987210476098126,0.0067987210476098126
506,3,7,no,1,0.005634110153561744,0.005634110153561744
2904,3,11,no,8,0.0502140342254197,0.0502140342254197
507,3,7,yes,14,0.07139493302933742,0.07139493302933742
508,3,7,yes,1,-0.00462298351148227,0.00462298351148227
2905,3,11,no,1,0.006022277489922678,0.006022277489922678
509,3,7,no,2,-0.009468627987781697,0.009468627987781697
3390,5,17,no,1,-0.00614129254867346,0.00614129254867346
2561,3,10,no,9,0.03566579800776837,0.03566579800776837
1180,3,8,no,1,-0.0068248316823924515,0.0068248316823924515
1181,3,8,yes,1,0.0068248316823924515,0.0068248316823924515
510,3,7,no,1,0.004771406440793768,0.004771406440793768
511,3,7,no,1,-0.004771406440793768,0.004771406440793768
512,3,7,no,1,-0.00484547836750715,0.00484547836750715
513,3,7,yes,6,0.027960418539083598,0.027960418539083598
3391,5,17,no,3,-0.018065434640282596,0.018065434640282596
2562,3,10,yes,2,0.0071450482054076225,0.0071450482054076225
2906,3,11,no,4,0.023459848364119962,0.023459848364119962
3392,5,17,yes,1,0.005960635697199068,0.005960635697199068
1982,3,9,no,1,-0.006917278298890772,0.006917278298890772
2907,3,11,yes,1,0.005701604461620269,0.005701604461620269
514,3,7,no,1,-0.004474578305496801,0.004474578305496801
3393,5,17,yes,9,0.05623631171534238,0.05623631171534238
1182,3,8,no,1,-0.0068248316823924515,0.0068248316823924515
515,3,7,no,1,-0.004548750366815679,0.004548750366815679
2908,3,11,no,4,-0.023200817128541273,0.023200817128541273
2909,3,11,yes,1,-0.005960635697198957,0.005960635697198957
516,3,7,no,9,-0.04426720540328555,0.04426720540328555
2910,3,11,no,1,-0.006022277489922678,0.006022277489922678
3394,5,17,no,1,-0.0064588943083875305,0.0064588943083875305
1983,3,9,no,1,-0.00692794968177024,0.00692794968177024
517,3,7,no,1,-0.005283976781832678,0.005283976781832678
3395,5,17,yes,1,0.0064588943083875305,0.0064588943083875305
3396,5,17,no,1,-0.0064588943083875305,0.0064588943083875305
3397,5,17,no,5,-0.03153132591519786,0.03153132591519786
2911,3,11,no,5,-0.030984479311648272,0.030984479311648272
2912,3,11,yes,1,0.006308029388134018,0.006308029388134018
2913,3,11,no,1,0.006254119513938505,0.006254119513938505
1183,3,8,no,1,0.0068248316823924515,0.0068248316823924515
2563,3,10,no,1,-0.003537950757597441,0.003537950757597441
3398,5,17,no,1,-0.00614129254867346,0.00614129254867346
3964,5,19,yes,12,0.015109695339608507,0.015109695339608507
2564,3,10,yes,2,0.007007398323409686,0.007007398323409686
518,3,7,no,1,-0.00535544554716183,0.00535544554716183
2914,3,11,no,4,-0.025332809507456533,0.025332809507456533
1984,3,9,yes,1,0.00692794968177024,0.00692794968177024
2915,3,11,no,7,-0.046114183166934164,0.046114183166934164
2916,3,11,yes,2,0.013375961887065135,0.013375961887065135
3873,5,18,yes,12,0.014734479223943213,0.014734479223943213
2917,3,11,yes,1,0.006632203865068909,0.006632203865068909
3399,5,17,yes,1,0.00614129254867346,0.00614129254867346
3400,5,17,no,9,-0.05304165447105891,0.05304165447105891
3401,5,17,yes,1,0.005634110153561633,0.005634110153561633
2918,3,11,no,1,0.006592049699952862,0.006592049699952862
2565,3,10,yes,1,0.003401615024017257,0.003401615024017257
3402,5,17,yes,1,0.005701604461620324,0.005701604461620324
3874,5,18,yes,13,0.021748376536892072,0.021748376536892072
3403,5,17,yes,11,0.06682677994070457,0.06682677994070457
3404,5,17,no,2,-0.012668204163147623,0.012668204163147623
2566,3,10,no,1,0.003334478476924252,0.003334478476924252
3405,5,17,yes,1,0.006308029388133907,0.006308029388133907
2919,3,11,no,9,0.057186586178718635,0.057186586178718635
2567,3,10,no,1,0.003268061499241748,0.003268061499241748
2568,3,10,no,1,0.0032023859348871975,0.0032023859348871975
3406,5,17,yes,12,0.07919288729555418,0.07919288729555418
3407,5,17,no,1,-0.006798721047609868,0.006798721047609868
2920,3,11,yes,1,0.006082521453160905,0.006082521453160905
1184,3,8,no,3,-0.020542804594913533,0.020542804594913533
3408,5,17,yes,10,0.06885605566753972,0.06885605566753972
3409,5,17,yes,5,-0.034626485268539176,0.034626485268539176
3410,5,17,no,10,-0.06774705862676084,0.06774705862676084
1985,3,9,no,2,0.013821248162286692,0.013821248162286692
2569,3,10,no,12,-0.0429141116477787,0.0429141116477787
2570,3,10,no,1,0.003961402534739644,0.003961402534739644
3411,5,17,no,3,-0.019647123106412534,0.019647123106412534
2921,3,11,no,5,-0.030984479311648272,0.030984479311648272
3412,5,17,no,1,-0.0064588943083875305,0.0064588943083875305
1986,3,9,no,6,0.04099972324551482,0.04099972324551482
2922,3,11,yes,1,0.006308029388134018,0.006308029388134018
3413,5,17,no,2,-0.012770660605383954,0.012770660605383954
3414,5,17,no,4,-0.024901957858487367,0.024901957858487367
3415,5,17,no,4,-0.023963106243175214,0.023963106243175214
3416,5,17,yes,1,0.005897671602892618,0.005897671602892618
3417,5,17,yes,1,0.005960635697199068,0.005960635697199068
3875,5,18,no,5,-0.009181031833237693,0.009181031833237693
2571,3,10,no,1,0.0038895110895871277,0.0038895110895871277
519,3,7,yes,1,-0.0054262663116700915,0.0054262663116700915
3876,5,18,no,11,-0.016677407788072612,0.016677407788072612
2923,3,11,yes,2,-0.012668204163147623,0.012668204163147623
3418,5,17,no,6,-0.03479556297930192,0.03479556297930192
3419,5,17,no,13,-0.0667719495178554,0.0667719495178554
3420,5,17,yes,1,0.004697221546987984,0.004697221546987984
1987,3,9,yes,3,0.020115131516176943,0.020115131516176943
3421,5,17,yes,13,0.06770883812442904,0.06770883812442904
3422,5,17,no,8,-0.04311314977177247,0.04311314977177247
1185,3,8,no,3,0.020542804594913533,0.020542804594913533
3423,5,17,no,1,-0.005066392393269115,0.005066392393269115
1988,3,9,yes,1,-0.0066701446519749075,0.0066701446519749075
1989,3,9,no,1,-0.006705817235090228,0.006705817235090228
3424,5,17,no,2,-0.009912411151086403,0.009912411151086403
1990,3,9,no,2,0.013375961887065135,0.013375961887065135
1186,3,8,yes,1,0.0067987210476098126,0.0067987210476098126
2924,3,11,no,1,-0.006410485830370405,0.006410485830370405
3425,5,17,no,12,-0.05326029601423066,0.05326029601423066
520,3,7,yes,16,0.0780833771251297,0.0780833771251297
2572,3,10,no,10,0.035063198023451925,0.035063198023451925
521,3,7,yes,1,0.004252962151704676,0.004252962151704676
1991,3,9,yes,12,-0.0818640526057487,0.0818640526057487
1187,3,8,no,1,-0.0067987210476098126,0.0067987210476098126
2573,3,10,no,9,0.025997121049028293,0.025997121049028293
3426,5,17,yes,6,0.025299877475147087,0.025299877475147087
2574,3,10,no,6,-0.016776310014163576,0.016776310014163576
3427,5,17,no,12,-0.04800004986444567,0.04800004986444567
3965,5,19,yes,16,0.028474647658700253,0.028474647658700253
3428,5,17,yes,2,0.007283956091628269,0.007283956091628269
3429,5,17,yes,1,0.003747203480616801,0.003747203480616801
3430,5,17,yes,1,0.003818099192726798,0.003818099192726798
522,3,7,no,1,-0.004252962151704676,0.004252962151704676
523,3,7,no,1,-0.004326632768974825,0.004326632768974825
2575,3,10,no,1,-0.0030100010790551357,0.0030100010790551357
3431,5,17,yes,8,0.0331507910994738,0.0331507910994738
2576,3,10,no,1,-0.003073338017522187,0.003073338017522187
524,3,7,yes,3,-0.013423850312204721,0.013423850312204721
2577,3,10,yes,1,0.003073338017522187,0.003073338017522187
3432,5,17,no,3,0.013646312183794529,0.013646312183794529
525,3,7,yes,2,0.00902332867231248,0.00902332867231248
2925,3,11,no,1,0.006410485830370405,0.006410485830370405
3433,5,17,no,2,-0.009171733878297755,0.009171733878297755
3434,5,17,yes,1,0.004548750366815624,0.004548750366815624
3966,5,19,no,1,-0.0021133306609868174,0.0021133306609868174
2578,3,10,yes,1,0.0030100010790551357,0.0030100010790551357
526,3,7,no,1,-0.004474578305496801,0.004474578305496801
527,3,7,no,1,-0.004548750366815679,0.004548750366815679
528,3,7,no,13,-0.06582926051503357,0.06582926051503357
2926,3,11,yes,1,-0.006410485830370405,0.006410485830370405
2927,3,11,yes,1,0.006410485830370405,0.006410485830370405
3435,5,17,no,1,0.004622983511482132,0.004622983511482132
3967,5,19,no,1,-0.0020648105407109485,0.0020648105407109485
3968,5,19,no,4,-0.007791622996050199,0.007791622996050199
2579,3,10,yes,1,0.0029474764738243175,0.0029474764738243175
2580,3,10,no,2,-0.005957477552879453,0.005957477552879453
1188,3,8,yes,3,0.020308043523236008,0.020308043523236008
2581,3,10,yes,8,-0.026424749214289722,0.026424749214289722
3436,5,17,yes,12,0.061206277003551385,0.061206277003551385
3969,5,19,yes,12,0.025718456232235287,0.025718456232235287
2928,3,11,no,1,0.006360174775013605,0.006360174775013605
3437,5,17,yes,11,0.06480584339310436,0.06480584339310436
3970,5,19,no,12,-0.025718456232235287,0.025718456232235287
529,3,7,no,8,-0.046383512983528496,0.046383512983528496
3877,5,18,no,4,-0.005021511020955542,0.005021511020955542
3438,5,17,no,1,-0.006198516407741439,0.006198516407741439
3878,5,18,no,1,-0.0011782316625165642,0.0011782316625165642
3439,5,17,no,1,-0.00614129254867346,0.00614129254867346
3440,5,17,yes,1,0.00614129254867346,0.00614129254867346
3879,5,18,no,1,-0.0011487455855182932,0.0011487455855182932
530,3,7,no,2,0.011982913187121635,0.011982913187121635
2929,3,11,yes,2,0.012562148902072523,0.012562148902072523
3441,5,17,no,1,-0.00614129254867346,0.00614129254867346
2582,3,10,yes,5,0.017011553323592943,0.017011553323592943
1992,3,9,yes,6,-0.041642570745485885,0.041642570745485885
531,3,7,no,6,0.03440059979640686,0.03440059979640686
3880,5,18,no,1,-0.0011199259363911113,0.0011199259363911113
2930,3,11,no,10,-0.06474117543930047,0.06474117543930047
3442,5,17,no,20,-0.10897508989325286,0.10897508989325286
3443,5,17,no,1,-0.004697221546987984,0.004697221546987984
2931,3,11,yes,1,-0.006705817235090228,0.006705817235090228
2932,3,11,yes,2,0.013375961887065135,0.013375961887065135
3444,5,17,yes,2,0.009468627987781753,0.009468627987781753
1189,3,8,yes,1,-0.0067391696291118075,0.0067391696291118075
3445,5,17,no,3,-0.014091611499263884,0.014091611499263884
2933,3,11,no,1,-0.0066701446519749075,0.0066701446519749075
3446,5,17,yes,15,0.07702904318289916,0.07702904318289916
2934,3,11,no,6,0.039408365931843936,0.039408365931843936
3971,5,19,no,2,0.0038040364026795254,0.0038040364026795254
2935,3,11,yes,1,-0.0064588943083874195,0.0064588943083874195
2583,3,10,no,1,0.0032023859348871975,0.0032023859348871975
3972,5,19,no,20,0.04930221955375355,0.04930221955375355
3973,5,19,no,12,0.041274007979261645,0.041274007979261645
1993,3,9,no,12,0.08299778625854098,0.08299778625854098
1994,3,9,no,4,-0.027509987532394087,0.027509987532394087
3447,5,17,yes,3,0.0173031455256486,0.0173031455256486
2936,3,11,yes,1,0.0064588943083874195,0.0064588943083874195
3448,5,17,no,1,-0.005833461048261823,0.005833461048261823
3974,5,19,no,11,-0.038200669961739514,0.038200669961739514
3449,5,17,no,1,-0.0057680800157664525,0.0057680800157664525
1190,3,8,yes,1,0.0067391696291118075,0.0067391696291118075
2937,3,11,no,2,-0.0129642280565061,0.0129642280565061
1995,3,9,no,1,-0.006917278298890772,0.006917278298890772
3450,5,17,yes,1,0.0057680800157664525,0.0057680800157664525
3451,5,17,yes,16,0.10020740703517739,0.10020740703517739
3975,5,19,no,10,-0.027983247235006267,0.027983247235006267
3452,5,17,no,1,-0.006632203865068964,0.006632203865068964
3881,5,18,no,1,-0.0010917613765485043,0.0010917613765485043
2938,3,11,no,1,0.00650533374811868,0.00650533374811868
1191,3,8,no,1,0.006705817235090228,0.006705817235090228
3976,5,19,yes,10,0.027983247235006267,0.027983247235006267
3977,5,19,yes,20,0.07582603936671009,0.07582603936671009
3978,5,19,yes,9,0.04360402417984227,0.04360402417984227
3453,5,17,no,1,-0.006592049699952696,0.006592049699952696
3454,5,17,no,1,-0.006549739658341158,0.006549739658341158
3455,5,17,no,2,-0.01296422805650621,0.01296422805650621
3456,5,17,no,1,-0.006410485830370238,0.006410485830370238
2584,3,10,no,2,0.006210809955809582,0.006210809955809582
532,3,7,yes,9,0.046892170648262455,0.046892170648262455
2939,3,11,yes,9,0.05623631171534238,0.05623631171534238
3457,5,17,no,16,-0.09465079985294395,0.09465079985294395
3458,5,17,yes,1,0.005426266311670036,0.005426266311670036
3979,5,19,yes,1,0.005211931590258845,0.005211931590258845
3459,5,17,yes,7,0.03989696626749023,0.03989696626749023
3980,5,19,yes,1,-0.005211931590258845,0.005211931590258845
3981,5,19,no,1,-0.005139380401899957,0.005139380401899957
3982,5,19,no,1,-0.005066392393269115,0.005066392393269115
3983,5,19,no,1,-0.004993035387778344,0.004993035387778344
3984,5,19,no,1,-0.004919375763308059,0.004919375763308059
533,3,7,no,7,-0.03596953786550894,0.03596953786550894
3460,5,17,no,1,-0.005897671602892618,0.005897671602892618
3985,5,19,yes,6,0.030614092318347053,0.030614092318347053
3461,5,17,no,5,-0.028502928193514243,0.028502928193514243
3462,5,17,yes,1,0.00556567251430401,0.00556567251430401
2585,3,10,no,1,0.0030100010790551357,0.0030100010790551357
2586,3,10,no,10,0.026800933596832555,0.026800933596832555
3986,5,19,no,1,-0.005283976781832733,0.005283976781832733
3463,5,17,no,20,-0.09757793654902616,0.09757793654902616
3464,5,17,no,1,-0.0041064676986638515,0.0041064676986638515
2940,3,11,yes,5,-0.030698727413436933,0.030698727413436933
3987,5,19,no,1,-0.005211931590258845,0.005211931590258845
534,3,7,yes,1,0.00535544554716183,0.00535544554716183
2941,3,11,no,8,0.04839049576179033,0.04839049576179033
3988,5,19,no,2,-0.010205772795169071,0.010205772795169071
3989,5,19,no,1,-0.004993035387778344,0.004993035387778344
2587,3,10,no,14,-0.03922413056658447,0.03922413056658447
3465,5,17,yes,14,0.06420536462947918,0.06420536462947918
3466,5,17,no,2,-0.010059427781047459,0.010059427781047459
3467,5,17,yes,8,0.041972794884954284,0.041972794884954284
3990,5,19,no,15,-0.06603058540186543,0.06603058540186543
535,3,7,yes,1,0.005283976781832678,0.005283976781832678
3468,5,17,yes,6,0.03440059979640686,0.03440059979640686
3469,5,17,yes,1,0.005960635697199068,0.005960635697199068
3991,5,19,no,1,-0.003818099192726798,0.003818099192726798
2942,3,11,no,13,-0.08043341381181446,0.08043341381181446
3470,5,17,no,6,-0.03479556297930192,0.03479556297930192
3992,5,19,no,1,-0.003747203480616801,0.003747203480616801
3993,5,19,yes,2,0.007565302673343599,0.007565302673343599
3471,5,17,no,13,-0.0667719495178554,0.0667719495178554
3994,5,19,yes,9,0.03762536940497058,0.03762536940497058
2943,3,11,yes,1,0.00650533374811868,0.00650533374811868
3472,5,17,no,17,-0.06865376037164983,0.06865376037164983
3473,5,17,yes,1,0.0034694475658122448,0.0034694475658122448
3995,5,19,yes,11,-0.045190672078314176,0.045190672078314176
3996,5,19,no,6,-0.021027447915979436,0.021027447915979436
3997,5,19,no,1,-0.0032680614992418033,0.0032680614992418033
2944,3,11,no,13,0.07969616007946234,0.07969616007946234
3474,5,17,yes,14,0.05601257892753983,0.05601257892753983
3475,5,17,yes,4,0.018640361866079508,0.018640361866079508
3998,5,19,no,10,0.03575032317815191,0.03575032317815191
2945,3,11,no,1,-0.0057680800157665635,0.0057680800157665635
3999,5,19,no,1,-0.003889511089587072,0.003889511089587072
3476,5,17,yes,1,0.004845478367507289,0.004845478367507289
2946,3,11,yes,1,-0.005833461048261657,0.005833461048261657
4000,5,19,no,7,-0.025258272112398922,0.025258272112398922
4001,5,19,yes,10,0.037142920665832635,0.037142920665832635
536,3,7,no,2,0.010351311992158774,0.010351311992158774
2588,3,10,no,1,0.0032023859348871975,0.0032023859348871975
4002,5,19,no,1,-0.004033734929106997,0.004033734929106997
3477,5,17,no,1,-0.004845478367507289,0.004845478367507289
2947,3,11,no,1,-0.0058976716028927845,0.0058976716028927845
4003,5,19,yes,1,0.004033734929106997,0.004033734929106997
4004,5,19,yes,14,-0.05008531851517323,0.05008531851517323
4005,5,19,no,1,-0.0030733380175221314,0.0030733380175221314
3478,5,17,yes,1,0.004845478367507289,0.004845478367507289
1996,3,9,yes,6,0.04125209751367731,0.04125209751367731
1997,3,9,no,1,-0.0068248316823924515,0.0068248316823924515
3479,5,17,no,2,-0.009616884808301057,0.009616884808301057
2589,3,10,yes,1,0.003137471938287395,0.003137471938287395
1192,3,8,no,6,0.039408365931843936,0.039408365931843936
3480,5,17,no,1,-0.004697221546987984,0.004697221546987984
1193,3,8,no,1,-0.0064588943083874195,0.0064588943083874195
1194,3,8,no,1,-0.00650533374811868,0.00650533374811868
3481,5,17,yes,1,0.004697221546987984,0.004697221546987984
1195,3,8,no,2,-0.01314178935829402,0.01314178935829402
4006,5,19,no,1,-0.003010001079055108,0.003010001079055108
4007,5,19,no,1,-0.0029474764738244563,0.0029474764738244563
1196,3,8,no,6,0.03887667802018413,0.03887667802018413
1998,3,9,no,1,-0.0068484456234291224,0.0068484456234291224
1197,3,8,no,1,-0.006360174775013605,0.006360174775013605
3482,5,17,yes,8,0.04023097712664811,0.04023097712664811
1999,3,9,no,1,0.0068484456234291224,0.0068484456234291224
4008,5,19,yes,15,0.05112099662172828,0.05112099662172828
2590,3,10,yes,1,0.003073338017522187,0.003073338017522187
537,3,7,yes,1,-0.0051393804018998734,0.0051393804018998734
3483,5,17,no,15,-0.07155462741800236,0.07155462741800236
3484,5,17,yes,12,0.05591933864401083,0.05591933864401083
4009,5,19,no,1,0.003961402534739644,0.003961402534739644
2000,3,9,yes,1,0.0068248316823924515,0.0068248316823924515
1198,3,8,yes,1,-0.006410485830370405,0.006410485830370405
4010,5,19,no,1,-0.003961402534739644,0.003961402534739644
1199,3,8,no,9,-0.05962350564256036,0.05962350564256036
2591,3,10,yes,1,0.0030100010790551357,0.0030100010790551357
2592,3,10,no,1,0.0029474764738243175,0.0029474764738243175
3485,5,17,yes,1,0.005139380401899957,0.005139380401899957
2001,3,9,no,2,0.0135688738941242,0.0135688738941242
4011,5,19,no,8,-0.029147783201985994,0.029147783201985994
4012,5,19,no,1,-0.003334478476924113,0.003334478476924113
3486,5,17,no,17,-0.07733988249522578,0.07733988249522578
3487,5,17,yes,1,0.003961402534739644,0.003961402534739644
2002,3,9,no,1,-0.006770152846514388,0.006770152846514388
2948,3,11,yes,4,-0.024206727188956,0.024206727188956
3488,5,17,yes,6,0.025299877475147087,0.025299877475147087
2003,3,9,no,1,-0.0067987210476098126,0.0067987210476098126
4013,5,19,no,1,-0.0032680614992418033,0.0032680614992418033
3489,5,17,yes,1,0.004474578305496774,0.004474578305496774
4014,5,19,no,1,-0.003202385934887142,0.003202385934887142
3490,5,17,no,1,-0.004474578305496774,0.004474578305496774
3491,5,17,no,1,0.004474578305496774,0.004474578305496774
3492,5,17,yes,5,0.023485840233586797,0.023485840233586797
2593,3,10,yes,1,0.002885778044461773,0.002885778044461773
538,3,7,yes,1,0.0051393804018998734,0.0051393804018998734
3493,5,17,yes,1,-0.004845478367507289,0.004845478367507289
1200,3,8,yes,1,0.006770152846514388,0.006770152846514388
2594,3,10,no,3,0.008295582634236576,0.008295582634236576
2949,3,11,yes,13,-0.08438467871124389,0.08438467871124389
2950,3,11,yes,9,0.059263838626416376,0.059263838626416376
3494,5,17,no,1,-0.004771406440793768,0.004771406440793768
3495,5,17,yes,1,0.004771406440793768,0.004771406440793768
3496,5,17,yes,3,-0.014091611499263884,0.014091611499263884
3497,5,17,yes,10,0.049551182185118225,0.049551182185118225
2951,3,11,no,4,-0.025924453545217663,0.025924453545217663
2952,3,11,yes,3,0.019513967714847258,0.019513967714847258
2595,3,10,no,13,0.030192967703299378,0.030192967703299378
4015,5,19,no,8,0.02749789535010838,0.02749789535010838
4016,5,19,no,1,-0.0036768586438181428,0.0036768586438181428
4017,5,19,yes,2,0.007424062124434944,0.007424062124434944
4018,5,19,no,9,-0.031245098830725182,0.031245098830725182
2953,3,11,no,1,0.006410485830370405,0.006410485830370405
3498,5,17,no,5,-0.025694716555038993,0.025694716555038993
4019,5,19,no,1,-0.003137471938287534,0.003137471938287534
3499,5,17,no,1,-0.004919375763308059,0.004919375763308059
2004,3,9,no,1,-0.0068248316823924515,0.0068248316823924515
3500,5,17,no,8,-0.036687572947950664,0.036687572947950664
3501,5,17,yes,8,0.036687572947950664,0.036687572947950664
3502,5,17,yes,9,0.046892170648262343,0.046892170648262343
3503,5,17,no,1,-0.005496366471083369,0.005496366471083369
2005,3,9,no,1,0.0068248316823924515,0.0068248316823924515
4020,5,19,no,1,-0.0030733380175221314,0.0030733380175221314
2954,3,11,yes,1,-0.006410485830370405,0.006410485830370405
2596,3,10,no,1,-0.002017172974494219,0.002017172974494219
1201,3,8,yes,18,-0.12414068967911457,0.12414068967911457
3504,5,17,no,1,-0.005426266311670036,0.005426266311670036
3505,5,17,no,11,-0.05490662773228011,0.05490662773228011
3506,5,17,yes,1,0.004622983511482132,0.004622983511482132
3507,5,17,no,1,-0.004622983511482132,0.004622983511482132
3508,5,17,yes,11,0.05490662773228011,0.05490662773228011
1202,3,8,yes,1,0.006903969863395976,0.006903969863395976
1203,3,8,yes,7,0.04855183109940875,0.04855183109940875
2955,3,11,yes,1,0.006410485830370405,0.006410485830370405
4021,5,19,no,7,-0.019786311093218628,0.019786311093218628
2597,3,10,no,6,-0.013134427907685597,0.013134427907685597
3509,5,17,no,1,-0.005355445547161886,0.005355445547161886
1204,3,8,yes,1,0.006935967626738093,0.006935967626738093
4022,5,19,yes,1,0.002647472861640701,0.002647472861640701
3510,5,17,no,1,-0.005283976781832733,0.005283976781832733
3882,5,18,yes,1,0.0010917613765485043,0.0010917613765485043
2598,3,10,no,3,-0.007270295835213214,0.007270295835213214
1205,3,8,yes,6,0.0413552155130551,0.0413552155130551
3511,5,17,no,15,-0.07045020892297413,0.07045020892297413
3512,5,17,no,6,-0.023556418925441164,0.023556418925441164
2006,3,9,yes,4,0.027013860758326236,0.027013860758326236
2599,3,10,no,3,-0.007771070985906348,0.007771070985906348
3513,5,17,yes,1,0.003747203480616801,0.003747203480616801
3514,5,17,no,2,-0.007424062124434944,0.007424062124434944
3515,5,17,yes,10,0.03999243077674314,0.03999243077674314
2007,3,9,no,1,-0.006705817235090228,0.006705817235090228
4023,5,19,no,12,-0.02817579472880495,0.02817579472880495
2600,3,10,yes,15,-0.047170684893677706,0.047170684893677706
2601,3,10,no,1,0.0036070974478101814,0.0036070974478101814
3516,5,17,yes,18,0.09045289349510396,0.09045289349510396
3517,5,17,yes,8,0.047407544317497274,0.047407544317497274
2008,3,9,yes,1,0.006705817235090228,0.006705817235090228
3518,5,17,no,3,-0.01824609149175699,0.01824609149175699
5350,5,20,yes,1,0.006022277489922678,0.006022277489922678
3519,5,17,no,1,-0.005960635697199068,0.005960635697199068
3520,5,17,no,5,-0.02883492728210285,0.02883492728210285
3521,5,17,no,19,-0.09339837826222167,0.09339837826222167
3522,5,17,yes,1,0.004252962151704648,0.004252962151704648
4024,5,19,yes,2,0.004178141201697766,0.004178141201697766
3523,5,17,yes,1,0.004326632768974686,0.004326632768974686
3524,5,17,no,1,-0.004326632768974686,0.004326632768974686
4025,5,19,yes,2,0.004375769390746409,0.004375769390746409
2009,3,9,yes,1,0.0066701446519749075,0.0066701446519749075
2956,3,11,yes,16,-0.10716753173532712,0.10716753173532712
2957,3,11,yes,1,0.00690396986339592,0.00690396986339592
5351,5,20,no,9,0.051283868276359335,0.051283868276359335
2958,3,11,no,1,-0.00690396986339592,0.00690396986339592
3883,5,18,no,1,-0.0010917613765485043,0.0010917613765485043
3525,5,17,no,2,0.008727154408867094,0.008727154408867094
2959,3,11,no,13,0.08779281784845061,0.08779281784845061
2960,3,11,no,1,-0.006549739658341158,0.006549739658341158
3526,5,17,yes,1,0.004474578305496774,0.004474578305496774
3527,5,17,yes,11,0.05409993255193385,0.05409993255193385
2602,3,10,no,3,-0.011031159572244986,0.011031159572244986
2010,3,9,no,13,-0.08880002023248679,0.08880002023248679
3528,5,17,no,16,-0.07573418570480686,0.07573418570480686
3529,5,17,no,1,-0.0041064676986638515,0.0041064676986638515
2603,3,10,yes,1,0.0037472034806167454,0.0037472034806167454
3530,5,17,yes,1,0.0041064676986638515,0.0041064676986638515
3531,5,17,no,8,-0.030840375017069432,0.030840375017069432
539,3,7,yes,6,0.029292909899644504,0.029292909899644504
2604,3,10,no,10,0.03370870530591796,0.03370870530591796
2961,3,11,no,2,0.013055073406459838,0.013055073406459838
3532,5,17,yes,2,0.007283956091628269,0.007283956091628269
540,3,7,no,7,-0.03443229030154438,0.03443229030154438
3533,5,17,yes,4,0.015416216297670315,0.015416216297670315
3534,5,17,yes,1,0.004033734929106997,0.004033734929106997
2962,3,11,yes,1,0.0064588943083874195,0.0064588943083874195
5352,5,20,no,1,-0.0054262663116700915,0.0054262663116700915
5353,5,20,no,1,-0.005496366471083425,0.005496366471083425
3535,5,17,yes,1,0.0041064676986638515,0.0041064676986638515
2963,3,11,no,1,-0.0064588943083874195,0.0064588943083874195
2011,3,9,no,1,-0.00694131979774415,0.00694131979774415
5354,5,20,no,1,-0.005565672514303843,0.005565672514303843
4026,5,19,yes,1,0.0022642190665268375,0.0022642190665268375
541,3,7,yes,1,0.0051393804018998734,0.0051393804018998734
4027,5,19,yes,7,0.01735766506983394,0.01735766506983394
2605,3,10,yes,1,0.0030100010790551357,0.0030100010790551357
5355,5,20,no,11,-0.06549429039273891,0.06549429039273891
4028,5,19,yes,5,0.014128837152522819,0.014128837152522819
4029,5,19,yes,1,0.003010001079055108,0.003010001079055108
2012,3,9,no,13,0.08907119537825603,0.08907119537825603
3536,5,17,yes,1,0.004179558286804497,0.004179558286804497
3537,5,17,yes,2,0.008579594920679334,0.008579594920679334
2013,3,9,yes,1,-0.006705817235090228,0.006705817235090228
5356,5,20,no,20,-0.13368096387913575,0.13368096387913575
5357,5,20,no,3,-0.02082128537274297,0.02082128537274297
2964,3,11,no,1,-0.00650533374811868,0.00650533374811868
1206,3,8,no,1,0.0068248316823924515,0.0068248316823924515
5358,5,20,yes,5,0.03466651335340398,0.03466651335340398
3538,5,17,yes,11,0.05247912412523145,0.05247912412523145
1207,3,8,no,1,-0.0068248316823924515,0.0068248316823924515
5359,5,20,yes,15,0.10075704590495671,0.10075704590495671
5360,5,20,yes,1,-0.0064588943083874195,0.0064588943083874195
5361,5,20,yes,3,0.01922955491377143,0.01922955491377143
4030,5,19,no,2,0.006210809955809665,0.006210809955809665
2014,3,9,yes,1,-0.0067391696291118075,0.0067391696291118075
3539,5,17,no,6,-0.029735068754556532,0.029735068754556532
3540,5,17,no,1,-0.004697221546987984,0.004697221546987984
2965,3,11,no,2,-0.01314178935829402,0.01314178935829402
5362,5,20,yes,1,0.006308029388134018,0.006308029388134018
2966,3,11,no,1,0.006592049699952862,0.006592049699952862
2967,3,11,yes,1,0.006549739658341158,0.006549739658341158
1208,3,8,no,8,-0.05523250293753734,0.05523250293753734
5363,5,20,no,12,0.07105996290704275,0.07105996290704275
3541,5,17,yes,4,0.0192334821185971,0.0192334821185971
2606,3,10,yes,1,0.0029474764738243175,0.0029474764738243175
5364,5,20,no,3,-0.016901387129485856,0.016901387129485856
2968,3,11,no,9,-0.060282830316056524,0.060282830316056524
5365,5,20,no,7,-0.041705939855877006,0.041705939855877006
2969,3,11,yes,1,0.0068248316823924515,0.0068248316823924515
5366,5,20,yes,1,0.00614129254867346,0.00614129254867346
542,3,7,no,1,-0.0051393804018998734,0.0051393804018998734
2970,3,11,yes,4,0.027013860758326236,0.027013860758326236
4031,5,19,no,4,0.013206540935070482,0.013206540935070482
3542,5,17,no,6,-0.028405215996894856,0.028405215996894856
4032,5,19,no,1,-0.0034016150240174237,0.0034016150240174237
2971,3,11,yes,1,0.0066701446519749075,0.0066701446519749075
3543,5,17,no,1,-0.004474578305496774,0.004474578305496774
3544,5,17,yes,1,0.004474578305496774,0.004474578305496774
2972,3,11,no,2,0.01322425356502177,0.01322425356502177
2973,3,11,yes,1,0.006549739658341158,0.006549739658341158
1209,3,8,yes,1,0.00694131979774415,0.00694131979774415
3545,5,17,no,1,-0.004474578305496774,0.004474578305496774
4033,5,19,no,1,-0.003334478476924113,0.003334478476924113
4034,5,19,no,1,-0.0032680614992418033,0.0032680614992418033
1210,3,8,yes,4,0.027685165470795026,0.027685165470795026
5367,5,20,yes,11,-0.0704108397437404,0.0704108397437404
4035,5,19,no,2,-0.006339857873174676,0.006339857873174676
3546,5,17,no,1,-0.004400521639892407,0.004400521639892407
3547,5,17,yes,1,0.004400521639892407,0.004400521639892407
5368,5,20,yes,5,0.03273822127986903,0.03273822127986903
1211,3,8,no,6,-0.0415704832167999,0.0415704832167999
2607,3,10,yes,1,0.002885778044461773,0.002885778044461773
5369,5,20,no,6,0.03767261846387138,0.03767261846387138
3548,5,17,no,1,-0.004400521639892407,0.004400521639892407
2974,3,11,no,2,0.0129642280565061,0.0129642280565061
3549,5,17,no,4,-0.016865620906147683,0.016865620906147683
3550,5,17,yes,12,0.05414593684843172,0.05414593684843172
3551,5,17,yes,12,0.0646422620302067,0.0646422620302067
1212,3,8,yes,7,0.04845852797327699,0.04845852797327699
3552,5,17,no,2,-0.011469684477386777,0.011469684477386777
3553,5,17,no,2,-0.011199782667865643,0.011199782667865643
3554,5,17,no,1,-0.005496366471083369,0.005496366471083369
5370,5,20,yes,6,0.035564647307203545,0.035564647307203545
2975,3,11,no,1,-0.0064588943083874195,0.0064588943083874195
1213,3,8,yes,1,-0.006888044756477085,0.006888044756477085
4036,5,19,no,1,-0.0030733380175221314,0.0030733380175221314
2015,3,9,no,1,-0.006770152846514388,0.006770152846514388
5371,5,20,no,4,-0.023459848364119962,0.023459848364119962
2976,3,11,no,3,-0.0196471231064127,0.0196471231064127
3884,5,18,yes,2,0.0022116873129396156,0.0022116873129396156
1214,3,8,yes,1,-0.00690396986339592,0.00690396986339592
3555,5,17,no,14,-0.06935622271626254,0.06935622271626254
3556,5,17,no,15,-0.058409063211872725,0.058409063211872725
1215,3,8,yes,1,0.00690396986339592,0.00690396986339592
3557,5,17,yes,6,0.021440172919672124,0.021440172919672124
2977,3,11,no,3,-0.020008165752134044,0.020008165752134044
2978,3,11,no,1,0.006705817235090228,0.006705817235090228
2979,3,11,yes,1,0.0066701446519749075,0.0066701446519749075
3558,5,17,yes,2,-0.007424062124434944,0.007424062124434944
3559,5,17,yes,10,0.03999243077674314,0.03999243077674314
3885,5,18,no,1,0.0011487455855182932,0.0011487455855182932
5372,5,20,no,1,-0.006022277489922678,0.006022277489922678
4037,5,19,yes,2,0.006210809955809665,0.006210809955809665
5373,5,20,no,1,-0.006082521453160905,0.006082521453160905
2980,3,11,yes,1,0.006632203865068909,0.006632203865068909
2981,3,11,no,6,0.03887667802018413,0.03887667802018413
4038,5,19,yes,2,0.006470447434128945,0.006470447434128945
5374,5,20,no,7,-0.044131512772258796,0.044131512772258796
3886,5,18,yes,1,-0.0011487455855182932,0.0011487455855182932
5375,5,20,no,8,0.0502140342254197,0.0502140342254197
2016,3,9,yes,1,-0.0067987210476098126,0.0067987210476098126
2017,3,9,yes,1,0.0067987210476098126,0.0067987210476098126
3560,5,17,yes,10,0.047339743723331495,0.047339743723331495
3561,5,17,no,1,-0.005066392393269115,0.005066392393269115
2982,3,11,no,5,-0.03228462832023127,0.03228462832023127
2983,3,11,yes,8,0.051045293630045174,0.051045293630045174
2984,3,11,yes,3,-0.018760665309813906,0.018760665309813906
5376,5,20,yes,2,0.011982913187121635,0.011982913187121635
4039,5,19,yes,5,0.017350589272161293,0.017350589272161293
5377,5,20,no,7,-0.04296739249876991,0.04296739249876991
4040,5,19,no,1,-0.003607097447810126,0.003607097447810126
3562,5,17,no,9,-0.04227335133006238,0.04227335133006238
2608,3,10,no,1,0.0028249181734271156,0.0028249181734271156
4041,5,19,yes,12,-0.038092922985058175,0.038092922985058175
5378,5,20,yes,12,0.07180231978087293,0.07180231978087293
4042,5,19,yes,17,0.056831692839617115,0.056831692839617115
5379,5,20,no,7,-0.04081784046922465,0.04081784046922465
2985,3,11,yes,1,0.006308029388134018,0.006308029388134018
4043,5,19,no,16,0.07220050209332582,0.07220050209332582
4044,5,19,no,7,-0.03391589341112669,0.03391589341112669
4045,5,19,no,10,-0.0421741197717862,0.0421741197717862
5380,5,20,no,20,0.1075897899870798,0.1075897899870798
5381,5,20,no,2,0.00917173387829795,0.00917173387829795
4046,5,19,yes,7,0.028750269459581396,0.028750269459581396
3563,5,17,no,1,-0.004326632768974686,0.004326632768974686
4047,5,19,no,5,-0.02089935583525468,0.02089935583525468
5382,5,20,yes,1,-0.004548750366815679,0.004548750366815679
2609,3,10,yes,1,0.0027649078318606746,0.0027649078318606746
2986,3,11,no,4,0.024676449923514254,0.024676449923514254
4048,5,19,no,1,-0.003961402534739644,0.003961402534739644
4049,5,19,no,1,-0.003889511089587072,0.003889511089587072
5383,5,20,yes,1,-0.00462298351148227,0.00462298351148227
5384,5,20,yes,1,-0.004697221546987929,0.004697221546987929
5385,5,20,yes,17,-0.09090965525297023,0.09090965525297023
1216,3,8,no,1,-0.00690396986339592,0.00690396986339592
3564,5,17,yes,1,0.004326632768974686,0.004326632768974686
2987,3,11,no,5,-0.030984479311648272,0.030984479311648272
3565,5,17,no,8,-0.032568368652308194,0.032568368652308194
4050,5,19,yes,9,-0.03186081208856484,0.03186081208856484
3566,5,17,yes,1,0.003818099192726798,0.003818099192726798
2988,3,11,no,1,-0.006360174775013605,0.006360174775013605
4051,5,19,yes,11,0.039711725712891555,0.039711725712891555
3567,5,17,no,2,-0.007565302673343599,0.007565302673343599
3568,5,17,no,10,-0.033708705305918046,0.033708705305918046
3569,5,17,yes,1,0.0030733380175221314,0.0030733380175221314
3570,5,17,yes,1,0.003137471938287534,0.003137471938287534
3571,5,17,yes,12,0.0429141116477787,0.0429141116477787
3572,5,17,no,1,-0.003961402534739644,0.003961402534739644
4052,5,19,yes,1,-0.003961402534739644,0.003961402534739644
4053,5,19,no,1,-0.003889511089587072,0.003889511089587072
1217,3,8,no,1,-0.006917278298890772,0.006917278298890772
2018,3,9,no,1,0.006770152846514388,0.006770152846514388
2610,3,10,no,6,0.015377853073258674,0.015377853073258674
4054,5,19,no,1,-0.003818099192726798,0.003818099192726798
2989,3,11,no,6,0.03734465408666188,0.03734465408666188
5386,5,20,yes,9,0.05067867812632221,0.05067867812632221
3573,5,17,yes,1,0.003961402534739644,0.003961402534739644
2990,3,11,yes,2,0.011982913187121635,0.011982913187121635
3574,5,17,no,1,-0.003961402534739644,0.003961402534739644
2611,3,10,no,1,0.0023692703768096735,0.0023692703768096735
5387,5,20,yes,11,-0.06266159131344384,0.06266159131344384
4055,5,19,no,8,-0.02804271289583804,0.02804271289583804
5388,5,20,no,1,-0.006082521453160905,0.006082521453160905
1218,3,8,no,1,-0.00692794968177024,0.00692794968177024
543,3,7,no,8,0.03905527381302665,0.03905527381302665
4056,5,19,no,1,-0.003202385934887142,0.003202385934887142
4057,5,19,no,13,-0.03602174463169727,0.03602174463169727
4058,5,19,yes,13,0.03602174463169727,0.03602174463169727
544,3,7,no,1,-0.00462298351148227,0.00462298351148227
2991,3,11,no,1,-0.005960635697198957,0.005960635697198957
1219,3,8,no,1,0.00692794968177024,0.00692794968177024
3575,5,17,yes,9,0.03828460868219913,0.03828460868219913
3576,5,17,no,1,-0.004548750366815624,0.004548750366815624
3577,5,17,yes,1,0.004548750366815624,0.004548750366815624
3578,5,17,yes,1,0.004622983511482132,0.004622983511482132
2992,3,11,no,12,-0.07588343482175508,0.07588343482175508
4059,5,19,yes,3,0.009804925911053058,0.009804925911053058
5389,5,20,no,1,-0.00614129254867346,0.00614129254867346
4060,5,19,no,3,-0.009804925911053058,0.009804925911053058
5390,5,20,yes,1,0.00614129254867346,0.00614129254867346
545,3,7,yes,1,0.00462298351148227,0.00462298351148227
4061,5,19,no,1,-0.003137471938287534,0.003137471938287534
2612,3,10,no,2,0.00458051731524145,0.00458051731524145
1220,3,8,no,2,0.013821248162286692,0.013821248162286692
546,3,7,no,1,-0.00462298351148227,0.00462298351148227
4062,5,19,yes,17,0.06262430665234622,0.06262430665234622
4063,5,19,yes,1,0.004326632768974686,0.004326632768974686
2993,3,11,yes,1,-0.006632203865068909,0.006632203865068909
4064,5,19,yes,2,-0.008579594920679334,0.008579594920679334
4065,5,19,no,1,-0.004179558286804497,0.004179558286804497
3579,5,17,no,4,-0.018046833823686936,0.018046833823686936
2994,3,11,yes,1,0.006632203865068909,0.006632203865068909
1221,3,8,yes,3,0.020606017668998167,0.020606017668998167
3580,5,17,no,1,0.004400521639892407,0.004400521639892407
1222,3,8,no,11,0.07324705837256262,0.07324705837256262
1223,3,8,no,2,-0.0129642280565061,0.0129642280565061
3581,5,17,no,1,-0.004400521639892407,0.004400521639892407
4066,5,19,yes,8,0.03550320857815875,0.03550320857815875
4067,5,19,no,1,-0.004697221546987984,0.004697221546987984
4068,5,19,no,1,-0.004622983511482132,0.004622983511482132
5391,5,20,no,3,-0.01859392847035335,0.01859392847035335
1224,3,8,no,1,-0.006549739658341158,0.006549739658341158
1225,3,8,no,13,-0.08816035648900022,0.08816035648900022
3582,5,17,yes,8,0.03728031594228404,0.03728031594228404
2995,3,11,no,14,0.08774174212184682,0.08774174212184682
1226,3,8,no,3,0.020709292918763778,0.020709292918763778
1227,3,8,yes,1,0.006869527289091959,0.006869527289091959
2996,3,11,no,1,-0.0058976716028927845,0.0058976716028927845
5392,5,20,no,6,0.03665936311063589,0.03665936311063589
1228,3,8,yes,5,0.03398132082905758,0.03398132082905758
5393,5,20,yes,5,-0.030405243596697384,0.030405243596697384
5394,5,20,no,1,-0.006254119513938505,0.006254119513938505
3583,5,17,yes,1,0.004993035387778344,0.004993035387778344
5395,5,20,no,3,-0.019078689993518028,0.019078689993518028
2613,3,10,no,1,0.0022130324091240716,0.0022130324091240716
2019,3,9,no,1,0.0067391696291118075,0.0067391696291118075
2997,3,11,no,2,-0.011982913187121635,0.011982913187121635
547,3,7,no,1,-0.004697221546987929,0.004697221546987929
4069,5,19,no,9,-0.03828460868219913,0.03828460868219913
2614,3,10,yes,1,0.002162736981622171,0.002162736981622171
548,3,7,yes,1,0.004697221546987929,0.004697221546987929
3584,5,17,no,1,-0.004993035387778344,0.004993035387778344
549,3,7,no,5,-0.024226517506375278,0.024226517506375278
5396,5,20,yes,1,0.006410485830370405,0.006410485830370405
2615,3,10,yes,12,-0.029468317987916715,0.029468317987916715
5397,5,20,yes,4,0.02512084008482751,0.02512084008482751
3585,5,17,no,1,-0.004919375763308059,0.004919375763308059
2020,3,9,yes,1,0.006705817235090228,0.006705817235090228
5398,5,20,no,1,-0.0061985164077413835,0.0061985164077413835
2616,3,10,no,12,0.029468317987916715,0.029468317987916715
4070,5,19,no,11,0.047604813740669244,0.047604813740669244
4071,5,19,no,1,0.004771406440793768,0.004771406440793768
4072,5,19,yes,12,-0.05237622018146301,0.05237622018146301
2617,3,10,no,5,-0.011325557082797366,0.011325557082797366
4073,5,19,no,1,-0.003889511089587072,0.003889511089587072
5399,5,20,yes,7,-0.04484677722230379,0.04484677722230379
2021,3,9,no,5,0.03294947162345652,0.03294947162345652
4074,5,19,no,1,-0.003818099192726798,0.003818099192726798
2998,3,11,no,1,-0.006082521453160905,0.006082521453160905
550,3,7,yes,1,0.0049930353877782885,0.0049930353877782885
5400,5,20,no,1,0.006549739658341158,0.006549739658341158
5401,5,20,no,4,-0.026444137875337836,0.026444137875337836
3586,5,17,yes,2,0.009912411151086403,0.009912411151086403
5402,5,20,yes,2,0.013302348517043816,0.013302348517043816
2618,3,10,yes,1,0.0023692703768096735,0.0023692703768096735
5403,5,20,no,1,-0.006632203865068909,0.006632203865068909
5404,5,20,yes,4,0.02627932697148161,0.02627932697148161
5405,5,20,yes,1,0.0064588943083874195,0.0064588943083874195
1229,3,8,no,7,-0.047738892874626626,0.047738892874626626
3587,5,17,yes,6,0.03148339302609257,0.03148339302609257
4075,5,19,yes,1,-0.003747203480616801,0.003747203480616801
5406,5,20,yes,1,0.006410485830370405,0.006410485830370405
3588,5,17,no,1,-0.005426266311670036,0.005426266311670036
3887,5,18,no,1,-0.0011199259363911113,0.0011199259363911113
551,3,7,no,5,0.02385646563007926,0.02385646563007926
3589,5,17,no,12,-0.059455378099095735,0.059455378099095735
2022,3,9,yes,1,-0.00650533374811868,0.00650533374811868
4076,5,19,no,1,-0.0036768586438181428,0.0036768586438181428
4077,5,19,no,2,-0.0071450482054075115,0.0071450482054075115
2023,3,9,yes,8,-0.05345799863366407,0.05345799863366407
2619,3,10,no,1,0.002316298248714599,0.002316298248714599
552,3,7,no,16,-0.08273064764451943,0.08273064764451943
2999,3,11,no,3,-0.01859392847035335,0.01859392847035335
3000,3,11,no,1,-0.006308029388134018,0.006308029388134018
5407,5,20,no,5,0.03126213263350097,0.03126213263350097
3888,5,18,yes,1,0.0011199259363911113,0.0011199259363911113
5408,5,20,no,6,-0.03767261846387138,0.03767261846387138
5409,5,20,yes,5,0.031531325915197916,0.031531325915197916
3001,3,11,no,2,-0.01277066060538401,0.01277066060538401
553,3,7,yes,2,0.011335714615182013,0.011335714615182013
3002,3,11,no,6,0.03767261846387138,0.03767261846387138
554,3,7,no,1,0.005565672514303843,0.005565672514303843
5410,5,20,yes,1,0.00614129254867346,0.00614129254867346
2024,3,9,yes,1,-0.0068248316823924515,0.0068248316823924515
3590,5,17,no,16,-0.0628836415173695,0.0628836415173695
3591,5,17,no,1,-0.003334478476924113,0.003334478476924113
3003,3,11,yes,1,-0.00614129254867346,0.00614129254867346
3592,5,17,no,1,-0.0032680614992418033,0.0032680614992418033
4078,5,19,yes,19,0.07949841916112663,0.07949841916112663
3593,5,17,yes,16,0.060611081548146234,0.060611081548146234
4079,5,19,no,10,-0.04512009338645981,0.04512009338645981
5411,5,20,no,20,-0.13152569450543217,0.13152569450543217
5412,5,20,no,3,-0.020749197844056932,0.020749197844056932
2620,3,10,no,2,-0.004685568625524272,0.004685568625524272
5413,5,20,yes,13,0.0884962564708176,0.0884962564708176
2025,3,9,yes,1,0.0068248316823924515,0.0068248316823924515
5414,5,20,yes,10,0.0637786358786715,0.0637786358786715
1230,3,8,no,5,0.03422957039900043,0.03422957039900043
3594,5,17,yes,3,0.013423850312204805,0.013423850312204805
3595,5,17,yes,2,0.009320205058470116,0.009320205058470116
4080,5,19,no,2,0.008432520438509145,0.008432520438509145
3596,5,17,no,1,-0.004697221546987984,0.004697221546987984
3597,5,17,yes,18,-0.07205537539566725,0.07205537539566725
3598,5,17,yes,1,0.0034016150240174237,0.0034016150240174237
5415,5,20,no,15,-0.09729612410643174,0.09729612410643174
4081,5,19,yes,18,0.08914541611051702,0.08914541611051702
5416,5,20,yes,10,0.06603399147293076,0.06603399147293076
4082,5,19,no,1,-0.00556567251430401,0.00556567251430401
3599,5,17,no,17,-0.049228285566767754,0.049228285566767754
3600,5,17,no,14,0.039224130566584414,0.039224130566584414
3601,5,17,yes,1,0.0032680614992418033,0.0032680614992418033
3602,5,17,no,2,-0.006470447434128945,0.006470447434128945
5417,5,20,yes,1,0.006360174775013605,0.006360174775013605
3004,3,11,yes,1,0.00614129254867346,0.00614129254867346
3005,3,11,yes,1,-0.00614129254867346,0.00614129254867346
2026,3,9,yes,1,0.0067987210476098126,0.0067987210476098126
5418,5,20,no,4,-0.02573488866189011,0.02573488866189011
2027,3,9,no,1,-0.0067987210476098126,0.0067987210476098126
1231,3,8,yes,2,0.013509322475626195,0.013509322475626195
4083,5,19,yes,2,0.011199782667865643,0.011199782667865643
3603,5,17,no,1,-0.003137471938287534,0.003137471938287534
3604,5,17,yes,2,0.006339857873174676,0.006339857873174676
555,3,7,no,12,0.0612062770035513,0.0612062770035513
2028,3,9,no,1,0.0067987210476098126,0.0067987210476098126
2029,3,9,no,1,-0.0067987210476098126,0.0067987210476098126
556,3,7,no,1,-0.004697221546987929,0.004697221546987929
4084,5,19,no,15,-0.07702904318289916,0.07702904318289916
557,3,7,no,5,0.02274405537067492,0.02274405537067492
558,3,7,no,5,-0.02274405537067492,0.02274405537067492
3605,5,17,yes,1,0.0032680614992418033,0.0032680614992418033
4085,5,19,yes,3,0.014091611499263884,0.014091611499263884
3606,5,17,yes,1,0.003334478476924113,0.003334478476924113
4086,5,19,no,8,-0.03609505673214802,0.03609505673214802
4087,5,19,no,1,-0.004179558286804497,0.004179558286804497
4088,5,19,yes,2,0.008432520438509145,0.008432520438509145
559,3,7,yes,1,0.004697221546987929,0.004697221546987929
3607,5,17,no,1,-0.003334478476924113,0.003334478476924113
4089,5,19,no,11,-0.04281084621317596,0.04281084621317596
5419,5,20,no,2,-0.01314178935829402,0.01314178935829402
3608,5,17,yes,12,0.0445838668414206,0.0445838668414206
560,3,7,no,10,-0.050283644220797785,0.050283644220797785
5420,5,20,no,7,-0.0471410409577625,0.0471410409577625
5421,5,20,yes,3,0.020393705576516652,0.020393705576516652
3006,3,11,no,1,-0.0061985164077413835,0.0061985164077413835
5422,5,20,no,10,0.06562401340142998,0.06562401340142998
4090,5,19,yes,6,0.022276720612156325,0.022276720612156325
1232,3,8,no,1,0.006705817235090228,0.006705817235090228
4091,5,19,no,13,-0.04516351906884872,0.04516351906884872
3007,3,11,no,1,-0.006254119513938505,0.006254119513938505
4092,5,19,no,1,0.0030733380175221314,0.0030733380175221314
4093,5,19,no,1,0.003137471938287534,0.003137471938287534
4094,5,19,yes,4,0.013206540935070482,0.013206540935070482
3609,5,17,no,1,-0.0041064676986638515,0.0041064676986638515
2621,3,10,no,1,0.0023692703768096735,0.0023692703768096735
6320,5,21,no,1,-0.0027057566289490215,0.0027057566289490215
5423,5,20,no,6,-0.03887667802018413,0.03887667802018413
2622,3,10,no,1,0.002316298248714599,0.002316298248714599
5424,5,20,yes,6,0.03887667802018413,0.03887667802018413
2030,3,9,no,1,-0.0068248316823924515,0.0068248316823924515
4095,5,19,yes,18,0.07335098191863781,0.07335098191863781
4096,5,19,no,1,-0.004697221546987984,0.004697221546987984
4097,5,19,no,6,-0.02662642874436627,0.02662642874436627
3008,3,11,yes,2,0.012452635921679889,0.012452635921679889
4098,5,19,no,5,-0.02017067453890206,0.02017067453890206
1233,3,8,no,1,-0.006705817235090228,0.006705817235090228
4099,5,19,no,6,-0.021856657088381498,0.021856657088381498
4100,5,19,yes,4,0.014291354415037899,0.014291354415037899
1234,3,8,yes,1,-0.0067391696291118075,0.0067391696291118075
3610,5,17,no,1,-0.004033734929106997,0.004033734929106997
3611,5,17,yes,1,0.004033734929106997,0.004033734929106997
3612,5,17,no,14,-0.05008531851517323,0.05008531851517323
2031,3,9,yes,10,-0.06912049883405874,0.06912049883405874
3613,5,17,yes,1,0.003137471938287534,0.003137471938287534
3614,5,17,yes,7,0.02382103670629024,0.02382103670629024
5425,5,20,no,1,-0.006360174775013605,0.006360174775013605
3615,5,17,yes,3,0.011242161317161742,0.011242161317161742
3616,5,17,yes,11,0.04679710328326833,0.04679710328326833
3889,5,18,no,1,-0.0011199259363911113,0.0011199259363911113
4101,5,19,yes,17,0.07359588807520903,0.07359588807520903
561,3,7,no,1,-0.0054262663116700915,0.0054262663116700915
5426,5,20,no,1,-0.006410485830370405,0.006410485830370405
3009,3,11,no,1,-0.0061985164077413835,0.0061985164077413835
4102,5,19,no,7,-0.03287979430239163,0.03287979430239163
3617,5,17,no,5,-0.022373466592661623,0.022373466592661623
3010,3,11,no,4,0.024444607899498427,0.024444607899498427
2032,3,9,yes,1,0.006943997948260672,0.006943997948260672
4103,5,19,no,1,-0.004400521639892407,0.004400521639892407
5427,5,20,yes,1,0.006410485830370405,0.006410485830370405
562,3,7,no,1,-0.005496366471083425,0.005496366471083425
2033,3,9,yes,11,0.07580005361580033,0.07580005361580033
2034,3,9,yes,4,-0.027341525642523345,0.027341525642523345
4104,5,19,no,12,-0.04713747898215065,0.04713747898215065
3011,3,11,no,1,-0.006022277489922678,0.006022277489922678
1235,3,8,no,6,-0.04099972324551482,0.04099972324551482
3618,5,17,yes,1,0.004326632768974686,0.004326632768974686
4105,5,19,no,1,0.0035379507575973856,0.0035379507575973856
4106,5,19,yes,3,0.01103115957224507,0.01103115957224507
3619,5,17,no,1,-0.004326632768974686,0.004326632768974686
563,3,7,no,3,-0.016901387129485856,0.016901387129485856
564,3,7,no,3,-0.017499212666921005,0.017499212666921005
1236,3,8,yes,2,0.013757572045569044,0.013757572045569044
3012,3,11,yes,1,-0.006082521453160905,0.006082521453160905
4107,5,19,no,1,0.003818099192726798,0.003818099192726798
3013,3,11,no,3,-0.01859392847035335,0.01859392847035335
5428,5,20,no,4,-0.025924453545217663,0.025924453545217663
4108,5,19,no,1,-0.003818099192726798,0.003818099192726798
2035,3,9,yes,13,-0.09002901119007684,0.09002901119007684
2036,3,9,yes,14,0.0968985384791688,0.0968985384791688
5429,5,20,yes,4,0.025924453545217663,0.025924453545217663
565,3,7,yes,11,0.061174586498413785,0.061174586498413785
3890,5,18,no,1,-0.0010917613765485043,0.0010917613765485043
5430,5,20,yes,6,0.03734465408666188,0.03734465408666188
3620,5,17,no,1,-0.004252962151704648,0.004252962151704648
3621,5,17,yes,1,0.004252962151704648,0.004252962151704648
5431,5,20,yes,20,-0.130720171202116,0.130720171202116
5432,5,20,yes,1,-0.006888044756477085,0.006888044756477085
5433,5,20,no,1,-0.00690396986339592,0.00690396986339592
4109,5,19,no,1,-0.003747203480616801,0.003747203480616801
566,3,7,yes,3,0.015198808182947388,0.015198808182947388
5434,5,20,yes,10,0.06801882462508768,0.06801882462508768
5435,5,20,yes,11,0.0704108397437404,0.0704108397437404
5436,5,20,no,1,-0.00614129254867346,0.00614129254867346
3622,5,17,no,1,-0.004252962151704648,0.004252962151704648
5437,5,20,no,2,-0.012452635921679889,0.012452635921679889
3014,3,11,yes,13,-0.0855009166836882,0.0855009166836882
3891,5,18,yes,1,0.0010917613765485043,0.0010917613765485043
2037,3,9,no,1,-0.006869527289091959,0.006869527289091959
3015,3,11,yes,1,0.0067987210476098126,0.0067987210476098126
3016,3,11,no,10,0.06603399147293076,0.06603399147293076
4110,5,19,yes,1,0.003747203480616801,0.003747203480616801
4111,5,19,yes,1,0.003818099192726798,0.003818099192726798
1237,3,8,no,1,0.0068484456234291224,0.0068484456234291224
3892,5,18,no,5,-0.005189866047769352,0.005189866047769352
4112,5,19,yes,20,0.09172530195690443,0.09172530195690443
1238,3,8,yes,1,0.0068248316823924515,0.0068248316823924515
4113,5,19,yes,1,0.005355445547161886,0.005355445547161886
5438,5,20,no,6,0.03665936311063589,0.03665936311063589
5439,5,20,yes,1,0.0058976716028927845,0.0058976716028927845
4114,5,19,no,1,-0.005355445547161886,0.005355445547161886
5440,5,20,no,12,-0.0745999527635528,0.0745999527635528
4115,5,19,no,15,-0.07155462741800236,0.07155462741800236
5441,5,20,no,2,-0.01314178935829402,0.01314178935829402
3623,5,17,no,2,-0.008286025985468348,0.008286025985468348
2623,3,10,no,6,-0.014710192208193251,0.014710192208193251
3017,3,11,no,1,-0.006410485830370405,0.006410485830370405
2038,3,9,yes,1,0.006869527289091959,0.006869527289091959
1239,3,8,yes,4,0.027013860758326236,0.027013860758326236
3624,5,17,no,1,-0.004033734929106997,0.004033734929106997
3625,5,17,no,5,-0.019093074941488458,0.019093074941488458
5442,5,20,no,12,-0.08156830678904736,0.08156830678904736
5443,5,20,no,1,0.006917278298890772,0.006917278298890772
3626,5,17,yes,2,0.007424062124434944,0.007424062124434944
5444,5,20,yes,2,0.013792014619873005,0.013792014619873005
5445,5,20,yes,1,0.006869527289091959,0.006869527289091959
4116,5,19,yes,6,0.02662642874436627,0.02662642874436627
567,3,7,no,5,0.02385646563007926,0.02385646563007926
3627,5,17,yes,1,0.003818099192726798,0.003818099192726798
5446,5,20,yes,1,0.0068484456234291224,0.0068484456234291224
3628,5,17,yes,1,0.003889511089587072,0.003889511089587072
568,3,7,no,1,-0.00462298351148227,0.00462298351148227
4117,5,19,no,1,-0.004622983511482132,0.004622983511482132
4118,5,19,no,1,-0.004548750366815624,0.004548750366815624
2624,3,10,no,13,0.02951590846053498,0.02951590846053498
569,3,7,yes,9,-0.044928198673635955,0.044928198673635955
3629,5,17,no,7,-0.02574616817796857,0.02574616817796857
3630,5,17,no,5,0.0180385578956547,0.0180385578956547
4119,5,19,yes,5,-0.021634253152873012,0.021634253152873012
4120,5,19,no,1,-0.0041064676986638515,0.0041064676986638515
570,3,7,yes,1,-0.00535544554716183,0.00535544554716183
5447,5,20,yes,1,0.0068248316823924515,0.0068248316823924515
571,3,7,yes,3,0.015851353919253408,0.015851353919253408
5448,5,20,yes,13,0.0855009166836882,0.0855009166836882
5449,5,20,no,1,-0.006308029388134018,0.006308029388134018
3018,3,11,no,1,0.006410485830370405,0.006410485830370405
3631,5,17,yes,5,0.019809215444824363,0.019809215444824363
4121,5,19,yes,20,0.096118731733386,0.096118731733386
4122,5,19,yes,9,0.05246603443668946,0.05246603443668946
4123,5,19,yes,14,0.0905259712599174,0.0905259712599174
4124,5,19,no,1,-0.006739169629111863,0.006739169629111863
5450,5,20,no,14,-0.09286616460137576,0.09286616460137576
5451,5,20,no,1,0.0068484456234291224,0.0068484456234291224
4125,5,19,no,6,-0.03965528885854669,0.03965528885854669
5452,5,20,yes,12,0.07965754420293303,0.07965754420293303
6321,5,21,yes,7,0.02021217624910006,0.02021217624910006
572,3,7,no,1,-0.0052119315902589,0.0052119315902589
4126,5,19,no,15,-0.0910318746946443,0.0910318746946443
5453,5,20,yes,1,0.006360174775013605,0.006360174775013605
6322,5,21,yes,1,-0.0030733380175221314,0.0030733380175221314
4127,5,19,yes,1,-0.00556567251430401,0.00556567251430401
4128,5,19,no,3,-0.01627807832991529,0.01627807832991529
5454,5,20,yes,10,-0.06562401340142998,0.06562401340142998
3632,5,17,yes,1,0.004179558286804497,0.004179558286804497
573,3,7,no,1,0.0052119315902589,0.0052119315902589
5455,5,20,yes,7,0.04639445848765855,0.04639445848765855
4129,5,19,yes,15,-0.07155462741800236,0.07155462741800236
4130,5,19,no,1,-0.004179558286804497,0.004179558286804497
3633,5,17,no,1,-0.004179558286804497,0.004179558286804497
2625,3,10,yes,1,0.0019245274747758945,0.0019245274747758945
1240,3,8,no,2,0.013302348517043816,0.013302348517043816
5456,5,20,yes,1,0.0064588943083874195,0.0064588943083874195
3019,3,11,yes,1,0.006360174775013605,0.006360174775013605
4131,5,19,no,1,-0.0041064676986638515,0.0041064676986638515
1241,3,8,no,1,-0.006632203865068909,0.006632203865068909
5457,5,20,no,1,-0.0064588943083874195,0.0064588943083874195
4132,5,19,no,6,-0.023126809870595455,0.023126809870595455
6323,5,21,yes,8,0.026424749214289778,0.026424749214289778
5458,5,20,no,7,-0.04639445848765855,0.04639445848765855
5459,5,20,yes,2,0.013444986864202035,0.013444986864202035
1242,3,8,yes,1,0.006632203865068909,0.006632203865068909
3634,5,17,no,1,-0.0041064676986638515,0.0041064676986638515
4133,5,19,yes,20,0.08733217450007463,0.08733217450007463
4134,5,19,yes,6,0.031913367103906826,0.031913367103906826
4135,5,19,no,1,-0.005496366471083369,0.005496366471083369
4136,5,19,no,5,-0.026417000632823456,0.026417000632823456
1243,3,8,yes,3,-0.020008165752134044,0.020008165752134044
574,3,7,yes,2,0.010205772795169099,0.010205772795169099
4137,5,19,no,1,-0.005066392393269115,0.005066392393269115
6324,5,21,yes,1,0.003607097447810126,0.003607097447810126
5460,5,20,no,1,0.0066701446519749075,0.0066701446519749075
6325,5,21,no,2,-0.0071450482054075115,0.0071450482054075115
5461,5,20,no,1,0.006632203865068909,0.006632203865068909
4138,5,19,no,10,-0.04659998409903707,0.04659998409903707
4139,5,19,yes,1,0.004326632768974686,0.004326632768974686
1244,3,8,yes,1,0.006705817235090228,0.006705817235090228
4140,5,19,yes,1,0.004400521639892407,0.004400521639892407
6326,5,21,yes,1,0.0035379507575973856,0.0035379507575973856
5462,5,20,no,5,0.032516503245170525,0.032516503245170525
575,3,7,no,10,0.046599984099037095,0.046599984099037095
576,3,7,no,8,-0.036687572947950664,0.036687572947950664
577,3,7,no,9,0.04094053509965534,0.04094053509965534
1245,3,8,no,3,0.019894398216996678,0.019894398216996678
4141,5,19,yes,1,0.004474578305496774,0.004474578305496774
4142,5,19,no,1,0.004548750366815624,0.004548750366815624
578,3,7,no,1,-0.004252962151704676,0.004252962151704676
1246,3,8,no,1,-0.006592049699952862,0.006592049699952862
579,3,7,no,1,-0.004326632768974825,0.004326632768974825
580,3,7,no,1,-0.004400521639892241,0.004400521639892241
581,3,7,no,12,-0.058574510857430706,0.058574510857430706
5463,5,20,no,20,-0.13489004714047037,0.13489004714047037
582,3,7,yes,1,0.005283976781832678,0.005283976781832678
3020,3,11,no,2,-0.01277066060538401,0.01277066060538401
1247,3,8,no,1,-0.006632203865068909,0.006632203865068909
5464,5,20,yes,2,0.013877287424482243,0.013877287424482243
5465,5,20,no,1,0.00692794968177024,0.00692794968177024
3635,5,17,yes,2,0.008286025985468348,0.008286025985468348
5466,5,20,yes,1,0.006917278298890772,0.006917278298890772
5467,5,20,no,8,0.054642862738022546,0.054642862738022546
1248,3,8,yes,1,0.006632203865068909,0.006632203865068909
2626,3,10,no,8,0.013847002372459949,0.013847002372459949
5468,5,20,yes,2,-0.013509322475626195,0.013509322475626195
2627,3,10,no,13,0.01743539804306471,0.01743539804306471
5469,5,20,yes,1,0.006770152846514388,0.006770152846514388
3636,5,17,no,3,-0.012319760914575345,0.012319760914575345
4143,5,19,no,2,-0.009023328672312397,0.009023328672312397
6327,5,21,yes,20,-0.05860495426698707,0.05860495426698707
6328,5,21,yes,1,-0.002316298248714571,0.002316298248714571
2039,3,9,yes,2,0.013673277305821574,0.013673277305821574
3637,5,17,no,1,-0.003961402534739644,0.003961402534739644
5470,5,20,no,2,-0.0135688738941242,0.0135688738941242
2628,3,10,yes,6,-0.007348488268990372,0.007348488268990372
4144,5,19,yes,2,0.009023328672312397,0.009023328672312397
3638,5,17,no,1,-0.003889511089587072,0.003889511089587072
1249,3,8,yes,1,0.006592049699952862,0.006592049699952862
1250,3,8,no,1,-0.006592049699952862,0.006592049699952862
5471,5,20,yes,17,0.11017736660720245,0.11017736660720245
5472,5,20,no,1,-0.006082521453160905,0.006082521453160905
5473,5,20,no,4,-0.024901957858487367,0.024901957858487367
5474,5,20,no,1,-0.006360174775013605,0.006360174775013605
2629,3,10,no,1,-0.0013360527153830626,0.0013360527153830626
3639,5,17,yes,1,0.003889511089587072,0.003889511089587072
5475,5,20,no,1,-0.006410485830370405,0.006410485830370405
6329,5,21,yes,13,-0.025694727144921173,0.025694727144921173
5476,5,20,yes,1,0.006410485830370405,0.006410485830370405
6330,5,21,no,1,0.0017079790593417937,0.0017079790593417937
2630,3,10,yes,1,0.0013360527153830626,0.0013360527153830626
2631,3,10,no,1,-0.0013360527153830626,0.0013360527153830626
583,3,7,no,1,-0.005283976781832678,0.005283976781832678
5477,5,20,yes,2,0.012668204163147623,0.012668204163147623
4145,5,19,yes,1,0.004622983511482132,0.004622983511482132
4146,5,19,no,7,-0.030805987031170767,0.030805987031170767
2632,3,10,no,8,-0.011966180580625152,0.011966180580625152
6331,5,21,yes,10,0.019509496609928345,0.019509496609928345
6332,5,21,no,8,0.01918744368384427,0.01918744368384427
6333,5,21,yes,9,0.025997121049028293,0.025997121049028293
3640,5,17,no,1,-0.003889511089587072,0.003889511089587072
4147,5,19,yes,14,0.06523827733271528,0.06523827733271528
4148,5,19,no,1,-0.005139380401899957,0.005139380401899957
5478,5,20,no,3,0.01859392847035335,0.01859392847035335
4149,5,19,yes,3,0.015635288773991535,0.015635288773991535
5479,5,20,yes,1,0.006082521453160905,0.006082521453160905
4150,5,19,no,12,-0.05857451085743062,0.05857451085743062
5480,5,20,no,1,-0.006082521453160905,0.006082521453160905
4151,5,19,no,9,-0.0369688902922006,0.0369688902922006
584,3,7,no,3,-0.016278078329915346,0.016278078329915346
6334,5,21,no,1,0.003202385934887142,0.003202385934887142
585,3,7,yes,20,-0.12287687418042981,0.12287687418042981
586,3,7,yes,9,-0.06111485476169176,0.06111485476169176
5481,5,20,no,11,-0.0704108397437404,0.0704108397437404
6335,5,21,no,1,-0.003202385934887142,0.003202385934887142
4152,5,19,yes,12,0.05061520247599513,0.05061520247599513
3641,5,17,yes,1,0.003889511089587072,0.003889511089587072
3021,3,11,yes,13,-0.0869650312850837,0.0869650312850837
5482,5,20,no,1,0.006632203865068909,0.006632203865068909
4153,5,19,yes,1,0.004697221546987984,0.004697221546987984
2633,3,10,yes,1,0.0016272349124581975,0.0016272349124581975
3022,3,11,yes,5,0.03411167848903773,0.03411167848903773
3642,5,17,no,13,-0.04516351906884872,0.04516351906884872
3643,5,17,yes,9,0.030031846662099904,0.030031846662099904
587,3,7,no,9,-0.06239176858954282,0.06239176858954282
3644,5,17,yes,1,0.0036768586438181428,0.0036768586438181428
3645,5,17,no,2,-0.007283956091628269,0.007283956091628269
3646,5,17,no,1,0.003607097447810126,0.003607097447810126
4154,5,19,no,11,-0.047604813740669244,0.047604813740669244
3647,5,17,no,12,-0.03887510225944105,0.03887510225944105
3648,5,17,no,5,-0.013533119060404206,0.013533119060404206
4155,5,19,no,8,-0.029147783201985994,0.029147783201985994
588,3,7,yes,7,0.048570520427256125,0.048570520427256125
3023,3,11,yes,3,0.020115131516176943,0.020115131516176943
3649,5,17,yes,3,0.007943293055116443,0.007943293055116443
3650,5,17,yes,1,0.002764907831860508,0.002764907831860508
4156,5,19,no,1,-0.003334478476924113,0.003334478476924113
2040,3,9,no,1,-0.0068248316823924515,0.0068248316823924515
3024,3,11,no,10,0.06426954719506695,0.06426954719506695
5483,5,20,yes,11,0.0698611573318324,0.0698611573318324
3651,5,17,no,1,-0.002764907831860508,0.002764907831860508
589,3,7,yes,2,0.013821248162286692,0.013821248162286692
4157,5,19,yes,5,0.017350589272161293,0.017350589272161293
590,3,7,yes,1,0.006888044756477085,0.006888044756477085
1251,3,8,no,3,0.0196471231064127,0.0196471231064127
1252,3,8,no,9,-0.05996333238178275,0.05996333238178275
591,3,7,yes,1,0.006869527289091959,0.006869527289091959
4158,5,19,yes,1,0.0036768586438181428,0.0036768586438181428
5484,5,20,no,3,-0.01842233040957575,0.01842233040957575
1253,3,8,yes,1,0.0067987210476098126,0.0067987210476098126
592,3,7,yes,4,0.027242151199945774,0.027242151199945774
1254,3,8,no,1,0.006770152846514388,0.006770152846514388
593,3,7,yes,1,0.0067391696291118075,0.0067391696291118075
1255,3,8,yes,1,0.0067391696291118075,0.0067391696291118075
3652,5,17,yes,8,0.023846277493325713,0.023846277493325713
4159,5,19,yes,1,0.003747203480616801,0.003747203480616801
594,3,7,no,12,0.07764550908213208,0.07764550908213208
4160,5,19,yes,20,0.09025942436779849,0.09025942436779849
4161,5,19,yes,4,0.021562055111748024,0.021562055111748024
5485,5,20,no,1,0.0061985164077413835,0.0061985164077413835
3653,5,17,yes,1,0.0032680614992418033,0.0032680614992418033
6336,5,21,no,3,-0.009220811034864773,0.009220811034864773
3654,5,17,no,1,-0.0032680614992418033,0.0032680614992418033
4162,5,19,yes,7,0.04036123549360593,0.04036123549360593
4163,5,19,no,1,-0.005960635697199068,0.005960635697199068
4164,5,19,no,1,-0.005897671602892618,0.005897671602892618
4165,5,19,no,4,-0.022937255679210233,0.022937255679210233
5486,5,20,no,1,-0.0061985164077413835,0.0061985164077413835
4166,5,19,yes,13,-0.0667719495178554,0.0667719495178554
595,3,7,yes,6,0.03593785984011044,0.03593785984011044
3025,3,11,yes,2,0.012223814001834366,0.012223814001834366
4167,5,19,yes,1,0.004697221546987984,0.004697221546987984
596,3,7,yes,2,0.011469684477386832,0.011469684477386832
3026,3,11,no,1,-0.006082521453160905,0.006082521453160905
5487,5,20,no,3,-0.018922323677086128,0.018922323677086128
4168,5,19,yes,1,-0.004697221546987984,0.004697221546987984
1256,3,8,yes,1,0.006705817235090228,0.006705817235090228
597,3,7,yes,2,-0.011469684477386832,0.011469684477386832
4169,5,19,no,1,0.004697221546987984,0.004697221546987984
598,3,7,yes,5,-0.02979656729143698,0.02979656729143698
2041,3,9,no,1,-0.0068484456234291224,0.0068484456234291224
4170,5,19,yes,8,-0.03550320857815875,0.03550320857815875
5488,5,20,no,3,-0.019374713886876505,0.019374713886876505
3655,5,17,yes,1,-0.003202385934887142,0.003202385934887142
3656,5,17,yes,1,0.003202385934887142,0.003202385934887142
5489,5,20,yes,1,0.00650533374811868,0.00650533374811868
4171,5,19,yes,17,0.08108963125196875,0.08108963125196875
4172,5,19,no,1,-0.005355445547161886,0.005355445547161886
1257,3,8,no,4,0.026444137875337836,0.026444137875337836
5490,5,20,yes,2,0.012869380138757824,0.012869380138757824
4173,5,19,yes,15,-0.07155462741800236,0.07155462741800236
599,3,7,yes,11,0.06338866721944292,0.06338866721944292
2042,3,9,no,5,0.03398132082905758,0.03398132082905758
4174,5,19,yes,4,0.017454694866068515,0.017454694866068515
3027,3,11,no,14,-0.09052597125991735,0.09052597125991735
3657,5,17,yes,8,0.02804271289583804,0.02804271289583804
3028,3,11,yes,3,0.020115131516176943,0.020115131516176943
2634,3,10,no,1,0.0015880886094756796,0.0015880886094756796
2043,3,9,yes,12,0.07764550908213208,0.07764550908213208
6337,5,21,yes,1,-0.0029474764738244563,0.0029474764738244563
4175,5,19,yes,3,0.01386895542528574,0.01386895542528574
5491,5,20,yes,1,-0.006410485830370405,0.006410485830370405
5492,5,20,no,1,-0.0064588943083874195,0.0064588943083874195
4176,5,19,no,1,0.004771406440793768,0.004771406440793768
4177,5,19,no,1,-0.004771406440793768,0.004771406440793768
600,3,7,no,5,-0.027824019912239373,0.027824019912239373
3029,3,11,yes,1,0.006632203865068909,0.006632203865068909
1258,3,8,yes,1,-0.006549739658341158,0.006549739658341158
3658,5,17,no,1,-0.003747203480616801,0.003747203480616801
2635,3,10,no,1,0.0015497472996396366,0.0015497472996396366
4178,5,19,no,1,0.004771406440793768,0.004771406440793768
1259,3,8,no,1,-0.006592049699952862,0.006592049699952862
601,3,7,yes,1,0.005701604461620269,0.005701604461620269
3030,3,11,yes,1,0.006592049699952862,0.006592049699952862
3659,5,17,no,12,-0.03966618285879761,0.03966618285879761
3660,5,17,yes,1,0.0029474764738244563,0.0029474764738244563
3031,3,11,no,1,-0.006592049699952862,0.006592049699952862
2044,3,9,no,14,-0.09115483155775828,0.09115483155775828
3032,3,11,yes,1,0.006592049699952862,0.006592049699952862
3661,5,17,no,1,-0.0029474764738244563,0.0029474764738244563
6338,5,21,no,1,-0.002885778044461579,0.002885778044461579
3662,5,17,yes,12,0.03966618285879761,0.03966618285879761
1260,3,8,no,1,-0.006632203865068909,0.006632203865068909
3033,3,11,yes,1,0.006549739658341158,0.006549739658341158
2045,3,9,no,3,-0.020471998353431387,0.020471998353431387
3663,5,17,yes,1,-0.0036768586438181428,0.0036768586438181428
4179,5,19,yes,2,0.009764854130815348,0.009764854130815348
3664,5,17,no,15,-0.04717068489367783,0.04717068489367783
4180,5,19,yes,2,0.010059427781047459,0.010059427781047459
4181,5,19,yes,13,0.07227460259751275,0.07227460259751275
4182,5,19,no,1,-0.005960635697199068,0.005960635697199068
3665,5,17,yes,1,0.0027057566289490215,0.0027057566289490215
3666,5,17,yes,12,0.0373198800593213,0.0373198800593213
4183,5,19,yes,2,-0.011731132651154441,0.011731132651154441
4184,5,19,yes,2,-0.011469684477386777,0.011469684477386777
5493,5,20,no,1,-0.00650533374811868,0.00650533374811868
4185,5,19,no,3,-0.016696149138949012,0.016696149138949012
3034,3,11,yes,1,0.00650533374811868,0.00650533374811868
2636,3,10,no,12,0.015885650743425073,0.015885650743425073
4186,5,19,yes,4,-0.0212776202309235,0.0212776202309235
4187,5,19,no,1,-0.005139380401899957,0.005139380401899957
6339,5,21,yes,7,-0.018544544126856646,0.018544544126856646
602,3,7,no,9,-0.05360606072523866,0.05360606072523866
1261,3,8,no,6,0.039148707110239434,0.039148707110239434
3667,5,17,no,4,0.014569110329842455,0.014569110329842455
4188,5,19,no,1,-0.005066392393269115,0.005066392393269115
4189,5,19,yes,1,-0.004993035387778344,0.004993035387778344
603,3,7,no,3,-0.018922323677086128,0.018922323677086128
4190,5,19,no,1,-0.004919375763308059,0.004919375763308059
6340,5,21,yes,1,0.0024778905067136536,0.0024778905067136536
1262,3,8,yes,1,-0.006410485830370405,0.006410485830370405
604,3,7,yes,1,0.006360174775013605,0.006360174775013605
3893,5,18,yes,1,0.0009854271973470732,0.0009854271973470732
1263,3,8,no,1,-0.0064588943083874195,0.0064588943083874195
3668,5,17,no,5,-0.0180385578956547,0.0180385578956547
6341,5,21,yes,1,-0.0024778905067136536,0.0024778905067136536
605,3,7,yes,4,0.024901957858487367,0.024901957858487367
2637,3,10,no,1,-0.0011487455855182516,0.0011487455855182516
4191,5,19,no,1,-0.004845478367507289,0.004845478367507289
4192,5,19,no,1,0.004845478367507289,0.004845478367507289
3669,5,17,no,1,-0.0034016150240174237,0.0034016150240174237
5494,5,20,yes,4,0.02573488866189011,0.02573488866189011
2638,3,10,no,1,-0.0011782316625166267,0.0011782316625166267
5495,5,20,yes,1,0.006308029388134018,0.006308029388134018
5496,5,20,no,5,-0.03204291805002413,0.03204291805002413
2046,3,9,yes,3,0.020471998353431387,0.020471998353431387
606,3,7,yes,1,0.006082521453160905,0.006082521453160905
4193,5,19,yes,3,0.014978803544355518,0.014978803544355518
3670,5,17,no,10,-0.03044881746949163,0.03044881746949163
2047,3,9,no,1,0.006770152846514388,0.006770152846514388
6342,5,21,no,6,0.015719625953429392,0.015719625953429392
3671,5,17,yes,1,0.002764907831860508,0.002764907831860508
3672,5,17,yes,1,0.0028249181734272544,0.0028249181734272544
4194,5,19,no,9,-0.04293922208343909,0.04293922208343909
2048,3,9,yes,1,0.0067391696291118075,0.0067391696291118075
3673,5,17,no,1,-0.0028249181734272544,0.0028249181734272544
3674,5,17,yes,1,0.0028249181734272544,0.0028249181734272544
3675,5,17,no,2,-0.005589826005287762,0.005589826005287762
1264,3,8,no,4,0.025537584301905447,0.025537584301905447
2049,3,9,yes,1,0.006705817235090228,0.006705817235090228
607,3,7,yes,3,0.01788058479001442,0.01788058479001442
4195,5,19,yes,6,0.02796041853908357,0.02796041853908357
3676,5,17,yes,1,0.002764907831860508,0.002764907831860508
3677,5,17,yes,12,0.038092922985058175,0.038092922985058175
5497,5,20,no,1,-0.006549739658341158,0.006549739658341158
2050,3,9,no,1,-0.006705817235090228,0.006705817235090228
1265,3,8,no,6,-0.038592657708365286,0.038592657708365286
5498,5,20,yes,1,-0.006592049699952862,0.006592049699952862
608,3,7,no,2,0.01160154106402822,0.01160154106402822
4196,5,19,no,1,-0.004845478367507289,0.004845478367507289
3678,5,17,no,11,-0.03526800481163092,0.03526800481163092
1266,3,8,no,3,-0.019894398216996678,0.019894398216996678
6343,5,21,yes,3,-0.00811813732245023,0.00811813732245023
3679,5,17,yes,9,0.02826060648822129,0.02826060648822129
5499,5,20,yes,11,0.0698611573318324,0.0698611573318324
2051,3,9,no,2,-0.013509322475626195,0.013509322475626195
5500,5,20,no,1,-0.006082521453160905,0.006082521453160905
3680,5,17,no,1,-0.0034016150240174237,0.0034016150240174237
6344,5,21,yes,1,-0.0025900635645267206,0.0025900635645267206
3681,5,17,no,1,-0.003334478476924113,0.003334478476924113
4197,5,19,no,5,-0.02311494017157628,0.02311494017157628
2052,3,9,no,1,-0.0067987210476098126,0.0067987210476098126
5501,5,20,no,1,-0.00614129254867346,0.00614129254867346
1267,3,8,no,4,-0.027013860758326236,0.027013860758326236
6345,5,21,yes,12,-0.026925844896008203,0.026925844896008203
3682,5,17,yes,12,0.0445838668414206,0.0445838668414206
1268,3,8,no,13,0.0855009166836882,0.0855009166836882
6346,5,21,yes,7,0.014805716252341686,0.014805716252341686
4198,5,19,yes,11,0.05329053407559789,0.05329053407559789
6347,5,21,yes,11,0.0285390257485323,0.0285390257485323
4199,5,19,yes,1,0.005283976781832733,0.005283976781832733
1269,3,8,no,1,-0.006308029388134018,0.006308029388134018
5502,5,20,yes,7,0.041705939855877006,0.041705939855877006
609,3,7,no,1,-0.0057680800157665635,0.0057680800157665635
2053,3,9,no,1,-0.0068248316823924515,0.0068248316823924515
4200,5,19,yes,1,0.005355445547161886,0.005355445547161886
4201,5,19,no,1,-0.005355445547161886,0.005355445547161886
2054,3,9,yes,1,-0.0068484456234291224,0.0068484456234291224
5503,5,20,yes,8,-0.04790445626361839,0.04790445626361839
4202,5,19,no,1,0.005355445547161886,0.005355445547161886
3035,3,11,yes,1,0.0064588943083874195,0.0064588943083874195
4203,5,19,yes,10,-0.05028364422079798,0.05028364422079798
3683,5,17,no,9,-0.03437832577466682,0.03437832577466682
6348,5,21,yes,1,0.0029474764738244563,0.0029474764738244563
3684,5,17,no,4,-0.013473602565995585,0.013473602565995585
2055,3,9,no,1,-0.006869527289091959,0.006869527289091959
4204,5,19,no,8,-0.03491245472983462,0.03491245472983462
5504,5,20,no,1,-0.006254119513938505,0.006254119513938505
6349,5,21,no,1,-0.0029474764738244563,0.0029474764738244563
4205,5,19,yes,4,0.016865620906147683,0.016865620906147683
3685,5,17,no,7,-0.021081369661465205,0.021081369661465205
6350,5,21,yes,3,-0.008475604049749341,0.008475604049749341
6351,5,21,no,1,-0.0027057566289490215,0.0027057566289490215
6352,5,21,yes,1,0.0027057566289490215,0.0027057566289490215
4206,5,19,yes,2,0.008875099945389181,0.008875099945389181
5505,5,20,no,1,-0.006308029388134018,0.006308029388134018
3686,5,17,yes,5,-0.013241735446715738,0.013241735446715738
4207,5,19,no,1,0.004548750366815624,0.004548750366815624
1270,3,8,yes,1,-0.006360174775013605,0.006360174775013605
610,3,7,no,1,-0.005833461048261657,0.005833461048261657
4208,5,19,no,1,-0.004548750366815624,0.004548750366815624
4209,5,19,yes,4,0.018640361866079508,0.018640361866079508
3687,5,17,yes,1,0.002533534559738787,0.002533534559738787
3036,3,11,yes,1,-0.0064588943083874195,0.0064588943083874195
4210,5,19,no,1,0.004845478367507289,0.004845478367507289
1271,3,8,no,11,-0.07283271252054058,0.07283271252054058
1272,3,8,yes,5,0.03368400541030114,0.03368400541030114
5506,5,20,yes,12,-0.07919288729555418,0.07919288729555418
4211,5,19,no,1,-0.004845478367507289,0.004845478367507289
3688,5,17,no,8,-0.018760117100939763,0.018760117100939763
2056,3,9,no,1,-0.006888044756477085,0.006888044756477085
5507,5,20,no,11,-0.07594533051645119,0.07594533051645119
3689,5,17,yes,1,0.0021627369816222125,0.0021627369816222125
3690,5,17,yes,11,0.027305581006294502,0.027305581006294502
5508,5,20,yes,6,0.041610511301664654,0.041610511301664654
5509,5,20,yes,1,0.00690396986339592,0.00690396986339592
3037,3,11,yes,1,0.0064588943083874195,0.0064588943083874195
2057,3,9,yes,19,-0.13087985930822643,0.13087985930822643
3691,5,17,no,1,-0.002764907831860508,0.002764907831860508
2058,3,9,yes,17,0.11705861114593974,0.11705861114593974
6353,5,21,yes,6,-0.015377853073258702,0.015377853073258702
5510,5,20,yes,1,0.006888044756477085,0.006888044756477085
5511,5,20,yes,3,0.020542804594913533,0.020542804594913533
3692,5,17,yes,1,0.002764907831860508,0.002764907831860508
2059,3,9,yes,3,0.020709292918763778,0.020709292918763778
3693,5,17,no,14,-0.03364645918961448,0.03364645918961448
3694,5,17,yes,12,0.02817579472880495,0.02817579472880495
4212,5,19,no,3,-0.014091611499263884,0.014091611499263884
3695,5,17,no,1,-0.002647472861640701,0.002647472861640701
5512,5,20,yes,1,0.0067987210476098126,0.0067987210476098126
3696,5,17,yes,1,-0.0025900635645267206,0.0025900635645267206
5513,5,20,yes,1,0.006770152846514388,0.006770152846514388
2060,3,9,no,1,0.006869527289091959,0.006869527289091959
5514,5,20,no,1,0.0067391696291118075,0.0067391696291118075
6354,5,21,no,1,-0.0023692703768096873,0.0023692703768096873
5515,5,20,yes,1,0.006705817235090228,0.006705817235090228
4213,5,19,no,1,-0.004548750366815624,0.004548750366815624
5516,5,20,no,6,-0.04068713806414781,0.04068713806414781
4214,5,19,yes,1,0.004548750366815624,0.004548750366815624
6355,5,21,no,1,-0.002316298248714571,0.002316298248714571
4215,5,19,yes,19,0.10022986031144038,0.10022986031144038
5517,5,20,yes,1,0.0068484456234291224,0.0068484456234291224
2639,3,10,no,5,0.0056029051185695344,0.0056029051185695344
4216,5,19,yes,11,0.06870228116066013,0.06870228116066013
5518,5,20,yes,1,0.0068248316823924515,0.0068248316823924515
2640,3,10,no,8,-0.009321350304016596,0.009321350304016596
3697,5,17,no,4,-0.009803830394951946,0.009803830394951946
5519,5,20,no,3,0.020308043523236008,0.020308043523236008
4217,5,19,no,10,-0.06274164546346106,0.06274164546346106
6356,5,21,yes,1,-0.0022642190665268375,0.0022642190665268375
3698,5,17,no,1,0.0023692703768096873,0.0023692703768096873
5520,5,20,yes,1,0.006705817235090228,0.006705817235090228
3699,5,17,yes,7,0.01814276090511921,0.01814276090511921
4218,5,19,no,8,-0.0458576019646893,0.0458576019646893
3700,5,17,yes,4,0.011668173770768397,0.011668173770768397
5521,5,20,no,1,-0.006705817235090228,0.006705817235090228
3894,5,18,no,1,0.0010110847812301663,0.0010110847812301663
3701,5,17,no,8,-0.02237637465774535,0.02237637465774535
6357,5,21,yes,5,-0.010571083566938519,0.010571083566938519
3895,5,18,yes,1,0.0010373521350486442,0.0010373521350486442
3702,5,17,yes,1,-0.002533534559738787,0.002533534559738787
1273,3,8,no,1,-0.0066701446519749075,0.0066701446519749075
6358,5,21,no,1,-0.0019704136188763294,0.0019704136188763294
3703,5,17,yes,10,0.027983247235006267,0.027983247235006267
4219,5,19,no,1,-0.005426266311670036,0.005426266311670036
2061,3,9,no,3,0.020471998353431387,0.020471998353431387
6359,5,21,yes,1,0.0019704136188763294,0.0019704136188763294
4220,5,19,no,17,-0.08108963125196875,0.08108963125196875
3704,5,17,no,1,-0.0030733380175221314,0.0030733380175221314
4221,5,19,no,4,0.01715967484737624,0.01715967484737624
4222,5,19,yes,1,0.004474578305496774,0.004474578305496774
6360,5,21,yes,1,0.002017172974494344,0.002017172974494344
611,3,7,no,9,-0.0552252388766763,0.0552252388766763
612,3,7,yes,1,0.006360174775013605,0.006360174775013605
613,3,7,yes,13,0.07736799229517677,0.07736799229517677
5522,5,20,yes,4,0.026600215452086906,0.026600215452086906
2641,3,10,no,4,0.004896676847963688,0.004896676847963688
4223,5,19,no,1,0.004548750366815624,0.004548750366815624
2062,3,9,yes,1,0.006770152846514388,0.006770152846514388
6361,5,21,no,4,0.008553910592444175,0.008553910592444175
2063,3,9,yes,1,0.0067391696291118075,0.0067391696291118075
3705,5,17,no,1,-0.003010001079055108,0.003010001079055108
2064,3,9,no,12,0.07764550908213208,0.07764550908213208
4224,5,19,no,8,0.03905527381302665,0.03905527381302665
2065,3,9,no,10,-0.06426954719506695,0.06426954719506695
4225,5,19,no,1,-0.005139380401899957,0.005139380401899957
4226,5,19,yes,3,-0.014978803544355518,0.014978803544355518
4227,5,19,yes,5,0.02533011553651432,0.02533011553651432
4228,5,19,no,1,0.005283976781832733,0.005283976781832733
5523,5,20,no,9,-0.06058153628114449,0.06058153628114449
6362,5,21,yes,1,-0.0022130324091241965,0.0022130324091241965
5524,5,20,yes,1,0.0068484456234291224,0.0068484456234291224
4229,5,19,yes,2,0.010781711858831922,0.010781711858831922
2066,3,9,no,11,-0.07493610292397845,0.07493610292397845
2067,3,9,no,12,0.08156830678904736,0.08156830678904736
3706,5,17,no,11,-0.029170203973642186,0.029170203973642186
5525,5,20,no,4,0.02713287520562846,0.02713287520562846
4230,5,19,no,1,-0.005426266311670036,0.005426266311670036
3707,5,17,yes,1,0.0023692703768096873,0.0023692703768096873
4231,5,19,no,4,0.02212241545061905,0.02212241545061905
4232,5,19,no,1,-0.005634110153561633,0.005634110153561633
4233,5,19,no,1,-0.00556567251430401,0.00556567251430401
1274,3,8,yes,3,0.019894398216996678,0.019894398216996678
2642,3,10,yes,1,0.0011487455855182516,0.0011487455855182516
2068,3,9,yes,4,0.02610601741480012,0.02610601741480012
2643,3,10,no,13,0.012538241165748087,0.012538241165748087
4234,5,19,yes,2,0.011199782667865643,0.011199782667865643
5526,5,20,yes,20,-0.1377679040647034,0.1377679040647034
3708,5,17,no,7,-0.015503698284495271,0.015503698284495271
1275,3,8,no,1,-0.006592049699952862,0.006592049699952862
4235,5,19,no,12,-0.06293743168363528,0.06293743168363528
3709,5,17,no,1,-0.002017172974494344,0.002017172974494344
614,3,7,no,1,-0.005565672514303843,0.005565672514303843
5527,5,20,yes,1,0.00688804475647703,0.00688804475647703
1276,3,8,no,1,0.006592049699952862,0.006592049699952862
5528,5,20,yes,1,0.006903969863395976,0.006903969863395976
4236,5,19,no,6,0.030175593904021608,0.030175593904021608
3710,5,17,yes,1,0.002017172974494344,0.002017172974494344
2069,3,9,yes,1,0.006410485830370405,0.006410485830370405
2070,3,9,no,10,-0.06603399147293076,0.06603399147293076
5529,5,20,yes,1,0.006917278298890717,0.006917278298890717
5530,5,20,no,7,-0.048050818561287234,0.048050818561287234
4237,5,19,yes,13,0.07402808954843748,0.07402808954843748
4238,5,19,yes,1,-0.006082521453160961,0.006082521453160961
1277,3,8,no,3,0.019513967714847258,0.019513967714847258
4239,5,19,yes,11,-0.06266159131344379,0.06266159131344379
3038,3,11,no,1,0.006410485830370405,0.006410485830370405
5531,5,20,yes,1,0.006798721047609868,0.006798721047609868
4240,5,19,yes,2,0.010781711858831922,0.010781711858831922
5532,5,20,yes,6,0.041252097513677366,0.041252097513677366
4241,5,19,no,1,-0.005426266311670036,0.005426266311670036
3711,5,17,yes,3,0.0063408781833199784,0.0063408781833199784
5533,5,20,no,5,-0.03442726583128497,0.03442726583128497
4242,5,19,yes,3,0.016488305297057415,0.016488305297057415
4243,5,19,yes,9,0.05304165447105891,0.05304165447105891
4244,5,19,yes,1,-0.00614129254867346,0.00614129254867346
1278,3,8,yes,2,0.01277066060538401,0.01277066060538401
2644,3,10,yes,1,-0.0008219595267587865,0.0008219595267587865
3712,5,17,no,9,-0.0177599022943421,0.0177599022943421
3713,5,17,no,1,-0.0017495943155862448,0.0017495943155862448
5534,5,20,no,2,-0.013623552730002264,0.013623552730002264
4245,5,19,no,1,-0.006082521453160961,0.006082521453160961
5535,5,20,yes,1,0.006798721047609868,0.006798721047609868
1279,3,8,yes,1,-0.006360174775013605,0.006360174775013605
2071,3,9,yes,2,0.013509322475626195,0.013509322475626195
4246,5,19,no,1,-0.006022277489922567,0.006022277489922567
3714,5,17,yes,14,0.028672316711103638,0.028672316711103638
3039,3,11,no,1,-0.006410485830370405,0.006410485830370405
4247,5,19,no,13,-0.07227460259751275,0.07227460259751275
5536,5,20,yes,1,0.006824831682392396,0.006824831682392396
2645,3,10,no,1,-0.0008436604672765746,0.0008436604672765746
5537,5,20,yes,2,0.013717972912521248,0.013717972912521248
5538,5,20,yes,1,0.00688804475647703,0.00688804475647703
5539,5,20,no,16,0.11057181578499037,0.11057181578499037
5540,5,20,no,1,0.0067987210476098126,0.0067987210476098126
4248,5,19,yes,1,0.005139380401899957,0.005139380401899957
5541,5,20,no,3,-0.020471998353431387,0.020471998353431387
1280,3,8,yes,1,0.006360174775013605,0.006360174775013605
3715,5,17,no,3,0.007434560018142258,0.007434560018142258
3040,3,11,no,1,0.006410485830370405,0.006410485830370405
4249,5,19,yes,11,0.06117458649841373,0.06117458649841373
4250,5,19,no,1,-0.005897671602892618,0.005897671602892618
5542,5,20,no,1,-0.006869527289091959,0.006869527289091959
4251,5,19,no,14,-0.07539509884177659,0.07539509884177659
5543,5,20,yes,3,-0.020709292918763778,0.020709292918763778
5544,5,20,yes,1,0.006917278298890772,0.006917278298890772
5545,5,20,yes,7,0.04790369310891074,0.04790369310891074
3716,5,17,no,7,-0.01659738011931755,0.01659738011931755
4252,5,19,yes,1,0.004919375763308059,0.004919375763308059
2072,3,9,yes,1,0.006705817235090228,0.006705817235090228
1281,3,8,no,1,-0.006360174775013605,0.006360174775013605
2073,3,9,no,1,0.0066701446519749075,0.0066701446519749075
3717,5,17,no,1,-0.0021627369816222125,0.0021627369816222125
4253,5,19,no,1,0.004993035387778344,0.004993035387778344
3041,3,11,no,1,-0.006410485830370405,0.006410485830370405
4254,5,19,no,1,0.005066392393269115,0.005066392393269115
6363,5,21,yes,1,0.0022130324091241965,0.0022130324091241965
4255,5,19,yes,3,0.015635288773991535,0.015635288773991535
5546,5,20,no,8,-0.05482097140780151,0.05482097140780151
5547,5,20,yes,3,0.020709292918763778,0.020709292918763778
3718,5,17,yes,1,0.0021627369816222125,0.0021627369816222125
615,3,7,no,9,0.047538467399258155,0.047538467399258155
3719,5,17,yes,1,0.0022130324091241965,0.0022130324091241965
5548,5,20,no,1,0.006869527289091959,0.006869527289091959
3720,5,17,yes,14,0.0367607223679387,0.0367607223679387
616,3,7,no,7,-0.03647642841387089,0.03647642841387089
1282,3,8,no,1,-0.006410485830370405,0.006410485830370405
5549,5,20,no,1,-0.006869527289091959,0.006869527289091959
5550,5,20,yes,1,0.006869527289091959,0.006869527289091959
4256,5,19,no,1,-0.005283976781832733,0.005283976781832733
3042,3,11,no,1,0.006410485830370405,0.006410485830370405
3043,3,11,no,1,-0.006410485830370405,0.006410485830370405
1283,3,8,yes,19,-0.12847956131009997,0.12847956131009997
2074,3,9,no,1,-0.0066701446519749075,0.0066701446519749075
1284,3,8,yes,2,0.013877287424482243,0.013877287424482243
617,3,7,yes,1,0.0054262663116700915,0.0054262663116700915
1285,3,8,yes,7,0.04818004719544755,0.04818004719544755
3721,5,17,no,6,-0.017138838231577927,0.017138838231577927
1286,3,8,yes,11,0.07283271252054058,0.07283271252054058
5551,5,20,no,1,-0.006869527289091959,0.006869527289091959
4257,5,19,no,1,-0.005211931590258845,0.005211931590258845
4258,5,19,no,5,0.02677398670200687,0.02677398670200687
3722,5,17,no,8,-0.019621884136360776,0.019621884136360776
5552,5,20,yes,1,0.006869527289091959,0.006869527289091959
6364,5,21,yes,1,-0.0022130324091241965,0.0022130324091241965
3723,5,17,yes,11,0.02791746677059756,0.02791746677059756
3724,5,17,no,12,-0.030130499179721756,0.030130499179721756
5553,5,20,no,2,-0.013757572045569044,0.013757572045569044
618,3,7,yes,9,-0.051283868276359335,0.051283868276359335
4259,5,19,yes,3,0.016901387129485967,0.016901387129485967
3725,5,17,no,10,-0.019509496609928345,0.019509496609928345
619,3,7,yes,12,0.06713522219561274,0.06713522219561274
4260,5,19,yes,11,-0.05887418201444025,0.05887418201444025
620,3,7,no,1,-0.0052119315902589,0.0052119315902589
621,3,7,yes,1,0.0052119315902589,0.0052119315902589
3726,5,17,yes,1,0.0017495943155862448,0.0017495943155862448
3727,5,17,yes,8,0.015597165312719888,0.015597165312719888
2075,3,9,yes,1,0.0066701446519749075,0.0066701446519749075
3728,5,17,yes,9,0.021350180665466484,0.021350180665466484
1287,3,8,no,1,-0.006410485830370405,0.006410485830370405
5554,5,20,no,1,-0.00690396986339592,0.00690396986339592
4261,5,19,no,7,-0.03287979430239163,0.03287979430239163
4262,5,19,no,1,0.004474578305496774,0.004474578305496774
2076,3,9,yes,1,0.006632203865068909,0.006632203865068909
5555,5,20,no,16,-0.11046656696920437,0.11046656696920437
5556,5,20,yes,5,0.03422957039900054,0.03422957039900054
4263,5,19,yes,12,0.059455378099095735,0.059455378099095735
4264,5,19,no,1,0.005426266311670036,0.005426266311670036
4265,5,19,no,20,0.12174103678644421,0.12174103678644421
4266,5,19,no,1,-0.006592049699952696,0.006592049699952696
6365,5,21,yes,5,-0.010328464776690652,0.010328464776690652
2077,3,9,yes,1,-0.006632203865068909,0.006632203865068909
4267,5,19,no,2,-0.013055073406459838,0.013055073406459838
5557,5,20,yes,5,0.034626485268539176,0.034626485268539176
5558,5,20,yes,11,0.07594533051645119,0.07594533051645119
3729,5,17,no,7,-0.016974411274720075,0.016974411274720075
4268,5,19,yes,1,-0.0064588943083875305,0.0064588943083875305
6366,5,21,yes,11,-0.018833478600150458,0.018833478600150458
4269,5,19,no,1,-0.006410485830370238,0.006410485830370238
3730,5,17,yes,9,0.022327640765309797,0.022327640765309797
4270,5,19,yes,3,-0.018922323677086184,0.018922323677086184
4271,5,19,yes,12,-0.07030220986418773,0.07030220986418773
5559,5,20,no,4,-0.027430849351390618,0.027430849351390618
4272,5,19,yes,3,0.016696149138949012,0.016696149138949012
4273,5,19,no,1,-0.005634110153561633,0.005634110153561633
622,3,7,no,1,-0.0052119315902589,0.0052119315902589
5560,5,20,no,1,-0.00690396986339592,0.00690396986339592
5561,5,20,no,1,-0.006917278298890772,0.006917278298890772
2078,3,9,no,1,0.006632203865068909,0.006632203865068909
6367,5,21,yes,1,0.0015122014532747904,0.0015122014532747904
2079,3,9,no,1,0.006592049699952862,0.006592049699952862
5562,5,20,no,6,0.04125209751367731,0.04125209751367731
3044,3,11,yes,5,0.031531325915197916,0.031531325915197916
5563,5,20,no,1,-0.0068248316823924515,0.0068248316823924515
5564,5,20,no,5,0.03383869244071869,0.03383869244071869
2080,3,9,yes,1,0.006549739658341158,0.006549739658341158
5565,5,20,no,12,-0.08212987558051188,0.08212987558051188
1288,3,8,no,2,0.01277066060538401,0.01277066060538401
1289,3,8,no,1,-0.006360174775013605,0.006360174775013605
5566,5,20,no,12,0.08212987558051188,0.08212987558051188
3045,3,11,yes,1,0.00614129254867346,0.00614129254867346
6368,5,21,yes,1,0.0015497472996397268,0.0015497472996397268
3731,5,17,no,11,-0.026703410156056206,0.026703410156056206
3732,5,17,no,1,-0.0021133306609868174,0.0021133306609868174
4274,5,19,no,1,-0.00556567251430401,0.00556567251430401
6369,5,21,yes,4,0.006590498013998247,0.006590498013998247
6370,5,21,yes,19,0.04134441315541332,0.04134441315541332
4275,5,19,no,8,0.046383512983528496,0.046383512983528496
4276,5,19,yes,11,-0.06266159131344379,0.06266159131344379
3733,5,17,no,1,-0.0020648105407109485,0.0020648105407109485
3734,5,17,no,1,-0.002017172974494344,0.002017172974494344
2081,3,9,no,2,-0.01314178935829402,0.01314178935829402
5567,5,20,no,1,-0.006705817235090228,0.006705817235090228
3735,5,17,no,1,0.002017172974494344,0.002017172974494344
6371,5,21,yes,6,-0.015041366821119367,0.015041366821119367
5568,5,20,no,5,-0.03398132082905758,0.03398132082905758
1290,3,8,no,1,0.006360174775013605,0.006360174775013605
6372,5,21,no,1,-0.002316298248714571,0.002316298248714571
5569,5,20,no,1,-0.006869527289091959,0.006869527289091959
5570,5,20,no,4,-0.027637242600534018,0.027637242600534018
5571,5,20,no,1,-0.006935967626738093,0.006935967626738093
4277,5,19,yes,1,0.005355445547161886,0.005355445547161886
3736,5,17,yes,1,0.0020648105407109485,0.0020648105407109485
5572,5,20,yes,1,0.006935967626738093,0.006935967626738093
1291,3,8,no,1,-0.006360174775013605,0.006360174775013605
3737,5,17,yes,11,0.026110984188094002,0.026110984188094002
4278,5,19,yes,9,0.051283868276359335,0.051283868276359335
5573,5,20,no,1,0.00692794968177024,0.00692794968177024
6373,5,21,yes,10,-0.02044510444303245,0.02044510444303245
3046,3,11,no,2,0.012104798943083583,0.012104798943083583
3047,3,11,no,2,0.011858307300091742,0.011858307300091742
4279,5,19,yes,1,0.006022277489922567,0.006022277489922567
3738,5,17,no,13,-0.030192967703299295,0.030192967703299295
4280,5,19,no,1,-0.006022277489922567,0.006022277489922567
4281,5,19,no,1,-0.005960635697199068,0.005960635697199068
5574,5,20,yes,13,0.08816035648900022,0.08816035648900022
2082,3,9,yes,1,0.006592049699952862,0.006592049699952862
4282,5,19,no,11,-0.06117458649841373,0.06117458649841373
4283,5,19,yes,10,0.05527691489552111,0.05527691489552111
4284,5,19,no,10,-0.05527691489552111,0.05527691489552111
3739,5,17,no,4,-0.007609801809567093,0.007609801809567093
5575,5,20,yes,1,-0.006592049699952862,0.006592049699952862
5576,5,20,no,6,-0.04031620927537005,0.04031620927537005
6374,5,21,yes,7,-0.011681888956184903,0.011681888956184903
3048,3,11,yes,9,-0.0552252388766763,0.0552252388766763
4285,5,19,no,1,-0.005139380401899957,0.005139380401899957
3740,5,17,yes,1,0.0018353517880112385,0.0018353517880112385
4286,5,19,yes,4,0.02099073432115342,0.02099073432115342
2083,3,9,yes,1,0.006549739658341158,0.006549739658341158
2084,3,9,no,1,-0.006549739658341158,0.006549739658341158
4287,5,19,yes,1,0.005426266311670036,0.005426266311670036
4288,5,19,yes,16,0.09563501937164415,0.09563501937164415
4289,5,19,yes,1,-0.006410485830370238,0.006410485830370238
4290,5,19,no,2,0.012869380138757769,0.012869380138757769
4291,5,19,no,1,-0.0064588943083875305,0.0064588943083875305
3741,5,17,yes,2,0.0038040364026795254,0.0038040364026795254
1292,3,8,no,3,0.018922323677086128,0.018922323677086128
6375,5,21,no,1,-0.0015122014532747904,0.0015122014532747904
4292,5,19,yes,1,-0.006410485830370238,0.006410485830370238
4293,5,19,yes,4,-0.025120840084827623,0.025120840084827623
4294,5,19,yes,14,0.09115483155775822,0.09115483155775822
4295,5,19,yes,12,-0.07870219563607822,0.07870219563607822
3742,5,17,no,1,-0.0019245274747760333,0.0019245274747760333
4296,5,19,no,2,-0.01245263592168,0.01245263592168
3896,5,18,yes,2,0.0021560019341434686,0.0021560019341434686
1293,3,8,yes,8,-0.05143882692225665,0.05143882692225665
623,3,7,yes,1,0.0052119315902589,0.0052119315902589
4297,5,19,no,2,0.01245263592168,0.01245263592168
4298,5,19,no,6,-0.036659363110636056,0.036659363110636056
6376,5,21,yes,6,-0.00832802685666837,0.00832802685666837
4299,5,19,no,14,-0.07637339468136115,0.07637339468136115
624,3,7,no,1,-0.0052119315902589,0.0052119315902589
3743,5,17,yes,1,0.0019245274747760333,0.0019245274747760333
3744,5,17,yes,1,0.0019704136188763294,0.0019704136188763294
4300,5,19,yes,9,0.047538467399258294,0.047538467399258294
1294,3,8,yes,7,0.04518470740831815,0.04518470740831815
6377,5,21,yes,1,0.0013030658355085226,0.0013030658355085226
3745,5,17,yes,9,0.019944006210679432,0.019944006210679432
3049,3,11,yes,2,0.012668204163147623,0.012668204163147623
3746,5,17,no,12,-0.025718456232235287,0.025718456232235287
5577,5,20,yes,4,0.027013860758326236,0.027013860758326236
4301,5,19,no,10,0.05924017087880035,0.05924017087880035
4302,5,19,no,1,-0.006198516407741439,0.006198516407741439
3747,5,17,yes,1,0.0018795089279034921,0.0018795089279034921
1295,3,8,yes,2,0.012452635921679889,0.012452635921679889
1296,3,8,no,1,-0.0061985164077413835,0.0061985164077413835
4303,5,19,yes,1,-0.00614129254867346,0.00614129254867346
4304,5,19,no,1,-0.006082521453160961,0.006082521453160961
3748,5,17,no,1,-0.0018795089279034921,0.0018795089279034921
4305,5,19,yes,17,0.11017736660720251,0.11017736660720251
4306,5,19,no,14,-0.09175503619762665,0.09175503619762665
4307,5,19,no,5,-0.030405243596697495,0.030405243596697495
3749,5,17,no,5,-0.008752169922622635,0.008752169922622635
3750,5,17,yes,1,0.0016671954327226735,0.0016671954327226735
5578,5,20,no,12,-0.08212987558051188,0.08212987558051188
3751,5,17,no,1,-0.0016671954327226735,0.0016671954327226735
4308,5,19,no,20,0.12898511147671654,0.12898511147671654
4309,5,19,no,1,0.0068484456234291224,0.0068484456234291224
4310,5,19,no,9,-0.06058153628114438,0.06058153628114438
5579,5,20,yes,4,0.027685165470795026,0.027685165470795026
4311,5,19,yes,8,-0.05104529363004523,0.05104529363004523
4312,5,19,no,1,-0.00614129254867346,0.00614129254867346
5580,5,20,no,1,-0.00690396986339592,0.00690396986339592
6378,5,21,yes,11,0.016677407788072612,0.016677407788072612
4313,5,19,yes,1,-0.006082521453160961,0.006082521453160961
4314,5,19,no,11,0.06986115733183235,0.06986115733183235
4315,5,19,no,4,-0.026106017414800065,0.026106017414800065
3752,5,17,yes,14,0.027361922577643846,0.027361922577643846
1297,3,8,yes,1,0.0061985164077413835,0.0061985164077413835
3753,5,17,no,10,-0.02044510444303245,0.02044510444303245
1298,3,8,yes,1,-0.0061985164077413835,0.0061985164077413835
2085,3,9,yes,1,-0.006592049699952862,0.006592049699952862
2086,3,9,no,8,0.05143882692225665,0.05143882692225665
3754,5,17,yes,11,0.02276140269174702,0.02276140269174702
5581,5,20,no,8,0.054642862738022546,0.054642862738022546
4316,5,19,no,1,-0.006410485830370238,0.006410485830370238
4317,5,19,no,17,-0.10000624540010583,0.10000624540010583
1299,3,8,no,1,0.0061985164077413835,0.0061985164077413835
4318,5,19,no,1,0.005355445547161886,0.005355445547161886
2087,3,9,no,1,-0.006254119513938505,0.006254119513938505
4319,5,19,yes,20,0.12057525339816155,0.12057525339816155
4320,5,19,yes,1,0.006592049699952696,0.006592049699952696
6379,5,21,yes,1,0.0017495943155862448,0.0017495943155862448
4321,5,19,yes,8,-0.051438826922256486,0.051438826922256486
625,3,7,yes,2,0.010351311992158774,0.010351311992158774
4322,5,19,no,8,-0.04790445626361839,0.04790445626361839
3755,5,17,no,1,-0.002316298248714571,0.002316298248714571
4323,5,19,yes,2,0.011601541064028276,0.011601541064028276
5582,5,20,no,7,-0.047738892874626626,0.047738892874626626
3897,5,18,yes,1,0.0011199259363911113,0.0011199259363911113
3756,5,17,no,8,-0.01673024372711772,0.01673024372711772
2088,3,9,no,5,-0.03204291805002413,0.03204291805002413
4324,5,19,no,4,-0.022937255679210233,0.022937255679210233
2089,3,9,no,1,-0.006549739658341158,0.006549739658341158
4325,5,19,yes,2,0.011335714615181958,0.011335714615181958
626,3,7,yes,1,0.005066392393269226,0.005066392393269226
3757,5,17,no,1,-0.0018795089279034921,0.0018795089279034921
4326,5,19,yes,2,0.011601541064028276,0.011601541064028276
4327,5,19,no,17,0.10774990787398075,0.10774990787398075
4328,5,19,no,1,-0.006705817235090283,0.006705817235090283
5583,5,20,no,1,-0.00690396986339592,0.00690396986339592
4329,5,19,no,11,-0.0709396918470418,0.0709396918470418
5584,5,20,yes,14,-0.09684301423920211,0.09684301423920211
1300,3,8,no,1,-0.0061985164077413835,0.0061985164077413835
4330,5,19,no,1,-0.00614129254867346,0.00614129254867346
6380,5,21,no,1,-0.0017495943155862448,0.0017495943155862448
3758,5,17,no,1,-0.0018353517880112385,0.0018353517880112385
4331,5,19,no,1,-0.006082521453160961,0.006082521453160961
3759,5,17,no,13,-0.020219051430619542,0.020219051430619542
5585,5,20,no,1,-0.006824831682392396,0.006824831682392396
2090,3,9,no,18,-0.1228535894917741,0.1228535894917741
2091,3,9,no,2,0.013887995896521399,0.013887995896521399
5586,5,20,yes,6,0.041252097513677366,0.041252097513677366
3760,5,17,yes,1,0.0013360527153829932,0.0013360527153829932
2092,3,9,yes,3,0.020805237106252483,0.020805237106252483
2093,3,9,yes,1,0.006917278298890772,0.006917278298890772
3761,5,17,yes,3,0.004213467042295499,0.004213467042295499
3898,5,18,no,1,-0.0011199259363911113,0.0011199259363911113
2094,3,9,yes,10,0.06801882462508768,0.06801882462508768
5587,5,20,yes,1,0.00692794968177024,0.00692794968177024
4332,5,19,no,1,-0.006022277489922567,0.006022277489922567
5588,5,20,yes,6,0.041642570745485885,0.041642570745485885
3762,5,17,yes,3,0.004537390016395873,0.004537390016395873
3763,5,17,no,11,-0.015108420795029907,0.015108420795029907
3764,5,17,no,4,0.005021511020955542,0.005021511020955542
4333,5,19,yes,14,-0.07734099499078187,0.07734099499078187
3765,5,17,no,1,-0.0013030658355085226,0.0013030658355085226
4334,5,19,yes,8,0.04254543201147995,0.04254543201147995
5589,5,20,yes,1,-0.006935967626738093,0.006935967626738093
3050,3,11,no,10,-0.06519287316045219,0.06519287316045219
5590,5,20,yes,3,0.020781195607399106,0.020781195607399106
1301,3,8,no,11,-0.0714469926743907,0.0714469926743907
3051,3,11,no,1,0.006705817235090228,0.006705817235090228
1302,3,8,yes,6,0.039655288858546744,0.039655288858546744
3052,3,11,yes,1,0.0066701446519749075,0.0066701446519749075
4335,5,19,yes,2,0.011335714615181958,0.011335714615181958
3053,3,11,yes,1,0.006632203865068909,0.006632203865068909
3054,3,11,yes,1,0.006592049699952862,0.006592049699952862
1303,3,8,yes,5,0.03179170381584395,0.03179170381584395
5591,5,20,yes,14,0.09429815159656929,0.09429815159656929
4336,5,19,yes,1,0.0057680800157664525,0.0057680800157664525
3766,5,17,yes,1,0.0013030658355085226,0.0013030658355085226
3899,5,18,no,1,-0.0010917613765485043,0.0010917613765485043
3767,5,17,yes,2,0.0027058256829569846,0.0027058256829569846
5592,5,20,yes,14,-0.09429815159656929,0.09429815159656929
4337,5,19,yes,2,0.011731132651154441,0.011731132651154441
5593,5,20,no,1,0.00690396986339592,0.00690396986339592
3055,3,11,no,18,0.10965262061540804,0.10965262061540804
3056,3,11,yes,6,0.0319133671039068,0.0319133671039068
3057,3,11,no,1,-0.0051393804018998734,0.0051393804018998734
6381,5,21,yes,1,-0.0017079790593417937,0.0017079790593417937
3058,3,11,yes,1,-0.0052119315902589,0.0052119315902589
6382,5,21,yes,7,-0.010859365644312585,0.010859365644312585
6383,5,21,yes,12,-0.014734479223943213,0.014734479223943213
3059,3,11,no,1,-0.005283976781832678,0.005283976781832678
4338,5,19,yes,1,-0.005897671602892618,0.005897671602892618
3060,3,11,no,1,-0.00535544554716183,0.00535544554716183
3061,3,11,no,1,-0.0054262663116700915,0.0054262663116700915
5594,5,20,no,1,-0.00690396986339592,0.00690396986339592
4339,5,19,no,1,0.005897671602892618,0.005897671602892618
4340,5,19,no,12,-0.06631396690031369,0.06631396690031369
4341,5,19,no,3,0.015635288773991535,0.015635288773991535
6384,5,21,yes,7,0.008050548917158513,0.008050548917158513
4342,5,19,yes,2,0.010781711858831922,0.010781711858831922
627,3,7,no,1,-0.005066392393269226,0.005066392393269226
1304,3,8,yes,1,0.0061985164077413835,0.0061985164077413835
3768,5,17,yes,1,0.0014042374014612488,0.0014042374014612488
3062,3,11,yes,1,-0.005496366471083425,0.005496366471083425
4343,5,19,no,8,-0.041395804177178974,0.041395804177178974
4344,5,19,yes,20,0.1116980140413667,0.1116980140413667
4345,5,19,yes,4,0.025332809507456422,0.025332809507456422
4346,5,19,no,1,-0.006410485830370238,0.006410485830370238
4347,5,19,yes,1,-0.006360174775013716,0.006360174775013716
4348,5,19,yes,1,0.006360174775013716,0.006360174775013716
4349,5,19,yes,13,-0.07816249455588653,0.07816249455588653
3063,3,11,no,1,-0.005565672514303843,0.005565672514303843
628,3,7,no,1,-0.0051393804018998734,0.0051393804018998734
1305,3,8,no,1,-0.0061985164077413835,0.0061985164077413835
4350,5,19,yes,3,0.01710379463094841,0.01710379463094841
1306,3,8,yes,2,-0.012562148902072523,0.012562148902072523
6385,5,21,yes,3,0.003909919937749459,0.003909919937749459
6386,5,21,yes,1,0.0013697729675739914,0.0013697729675739914
1307,3,8,no,1,-0.006360174775013605,0.006360174775013605
3769,5,17,no,10,-0.012578477289799744,0.012578477289799744
5595,5,20,yes,1,-0.006917278298890772,0.006917278298890772
3064,3,11,no,1,-0.005634110153561744,0.005634110153561744
6387,5,21,no,1,0.0014042374014612488,0.0014042374014612488
5596,5,20,no,7,-0.048570520427256125,0.048570520427256125
5597,5,20,no,7,0.048570520427256125,0.048570520427256125
3065,3,11,no,1,-0.005701604461620269,0.005701604461620269
6388,5,21,no,1,-0.0014042374014612488,0.0014042374014612488
6389,5,21,yes,11,-0.013330241822481964,0.013330241822481964
6390,5,21,yes,8,0.009321350304016457,0.009321350304016457
6391,5,21,no,1,0.0013030658355085226,0.0013030658355085226
6392,5,21,yes,4,0.005549519757678492,0.005549519757678492
2095,3,9,yes,1,0.006632203865068909,0.006632203865068909
6393,5,21,yes,5,0.007752713538329653,0.007752713538329653
6394,5,21,no,1,0.0016671954327226735,0.0016671954327226735
3770,5,17,no,8,-0.00799813127135663,0.00799813127135663
3066,3,11,no,1,-0.0057680800157665635,0.0057680800157665635
4351,5,19,yes,1,0.005833461048261823,0.005833461048261823
3771,5,17,yes,1,0.0009120007430160615,0.0009120007430160615
5598,5,20,yes,1,0.006917278298890772,0.006917278298890772
5599,5,20,no,1,-0.006917278298890772,0.006917278298890772
5600,5,20,no,5,-0.03469323300277388,0.03469323300277388
3067,3,11,no,1,-0.005833461048261657,0.005833461048261657
5601,5,20,no,8,0.05540252592153766,0.05540252592153766
3772,5,17,yes,1,0.0009358963557673378,0.0009358963557673378
3900,5,18,yes,1,0.0010917613765485043,0.0010917613765485043
2096,3,9,yes,3,-0.020008165752134044,0.020008165752134044
5602,5,20,yes,8,0.054226810005214676,0.054226810005214676
5603,5,20,no,6,-0.040508837092693595,0.040508837092693595
3901,5,18,no,10,-0.009752695235321511,0.009752695235321511
3773,5,17,yes,10,0.010805532838575757,0.010805532838575757
3068,3,11,no,2,-0.011858307300091742,0.011858307300091742
4352,5,19,yes,1,0.005897671602892618,0.005897671602892618
6395,5,21,yes,1,-0.0016671954327226735,0.0016671954327226735
2097,3,9,no,1,0.006705817235090228,0.006705817235090228
4353,5,19,yes,4,-0.023200817128541218,0.023200817128541218
3774,5,17,yes,5,0.006518941222335969,0.006518941222335969
1308,3,8,no,1,0.006360174775013605,0.006360174775013605
4354,5,19,no,1,0.005701604461620324,0.005701604461620324
4355,5,19,yes,9,-0.04881475423339279,0.04881475423339279
5604,5,20,no,7,-0.04829118313979319,0.04829118313979319
5605,5,20,yes,3,0.020781195607399106,0.020781195607399106
3775,5,17,yes,1,0.0014042374014612488,0.0014042374014612488
3776,5,17,no,10,-0.012578477289799744,0.012578477289799744
5606,5,20,yes,1,0.00690396986339592,0.00690396986339592
3777,5,17,yes,5,0.005894546983015045,0.005894546983015045
4356,5,19,yes,4,0.02099073432115342,0.02099073432115342
3778,5,17,no,13,-0.013892678254371675,0.013892678254371675
4357,5,19,yes,1,0.005426266311670036,0.005426266311670036
3779,5,17,yes,4,0.003793692420934351,0.003793692420934351
4358,5,19,no,1,0.005496366471083369,0.005496366471083369
3780,5,17,yes,1,0.0010110847812301663,0.0010110847812301663
5607,5,20,no,5,-0.034626485268539176,0.034626485268539176
3902,5,18,yes,1,0.0008658937548615686,0.0008658937548615686
4359,5,19,no,1,-0.005496366471083369,0.005496366471083369
1309,3,8,no,13,0.07736799229517677,0.07736799229517677
5608,5,20,yes,1,0.00694131979774415,0.00694131979774415
1310,3,8,yes,1,0.005496366471083425,0.005496366471083425
2098,3,9,yes,1,-0.006705817235090228,0.006705817235090228
5609,5,20,no,8,0.055116014822185644,0.055116014822185644
1311,3,8,no,5,-0.028165833616335845,0.028165833616335845
1312,3,8,no,13,-0.08043341381181446,0.08043341381181446
4360,5,19,yes,10,0.057962400907772826,0.057962400907772826
3781,5,17,yes,1,0.0010373521350486442,0.0010373521350486442
5610,5,20,yes,13,-0.08982261794093344,0.08982261794093344
5611,5,20,no,9,0.06239176858954282,0.06239176858954282
3903,5,18,yes,17,0.018691268401224446,0.018691268401224446
629,3,7,no,1,0.0051393804018998734,0.0051393804018998734
1313,3,8,yes,6,0.03829703756396263,0.03829703756396263
5612,5,20,no,1,-0.00690396986339592,0.00690396986339592
5613,5,20,yes,17,0.11352770651034072,0.11352770651034072
3782,5,17,no,5,0.005602905118569437,0.005602905118569437
4361,5,19,yes,2,-0.012104798943083528,0.012104798943083528
4362,5,19,no,14,-0.07734099499078187,0.07734099499078187
5614,5,20,no,1,-0.006360174775013605,0.006360174775013605
5615,5,20,no,4,-0.025924453545217663,0.025924453545217663
3069,3,11,yes,4,0.023459848364119962,0.023459848364119962
3783,5,17,no,14,-0.014043258887024141,0.014043258887024141
5616,5,20,no,10,-0.06745106357023645,0.06745106357023645
4363,5,19,yes,7,0.03697975949717594,0.03697975949717594
3784,5,17,yes,1,0.0008436604672766614,0.0008436604672766614
4364,5,19,no,20,0.12287687418042981,0.12287687418042981
4365,5,19,no,1,0.0066701446519749075,0.0066701446519749075
630,3,7,yes,10,-0.05458283424915922,0.05458283424915922
631,3,7,yes,1,0.0057680800157665635,0.0057680800157665635
632,3,7,yes,5,0.027824019912239373,0.027824019912239373
3070,3,11,no,12,-0.07323726577107492,0.07323726577107492
4366,5,19,no,1,-0.0066701446519749075,0.0066701446519749075
3785,5,17,yes,1,0.0008658937548615686,0.0008658937548615686
4367,5,19,no,7,-0.04550888188525298,0.04550888188525298
4368,5,19,no,1,-0.006308029388133907,0.006308029388133907
4369,5,19,no,1,-0.006254119513938561,0.006254119513938561
3071,3,11,no,1,0.006410485830370405,0.006410485830370405
3786,5,17,yes,1,0.0008886702091033122,0.0008886702091033122
5617,5,20,no,1,-0.006888044756477085,0.006888044756477085
3072,3,11,no,16,0.09465079985294389,0.09465079985294389
3904,5,18,no,7,-0.008684540984373393,0.008684540984373393
3073,3,11,no,13,-0.07572847617585776,0.07572847617585776
6396,5,21,no,1,-0.001627234912458149,0.001627234912458149
4370,5,19,no,9,-0.05360606072523871,0.05360606072523871
4371,5,19,yes,14,0.08539776454108267,0.08539776454108267
2099,3,9,yes,1,0.006705817235090228,0.006705817235090228
4372,5,19,no,1,-0.0064588943083875305,0.0064588943083875305
4373,5,19,no,1,-0.006410485830370238,0.006410485830370238
2100,3,9,yes,2,0.013302348517043816,0.013302348517043816
5618,5,20,yes,1,-0.00690396986339592,0.00690396986339592
4374,5,19,no,1,-0.006360174775013716,0.006360174775013716
4375,5,19,no,1,-0.006308029388133907,0.006308029388133907
4376,5,19,yes,6,-0.036659363110636056,0.036659363110636056
1314,3,8,yes,2,0.012339808956414844,0.012339808956414844
1315,3,8,yes,2,0.012104798943083583,0.012104798943083583
4377,5,19,yes,1,0.005960635697199068,0.005960635697199068
5619,5,20,no,1,-0.006917278298890772,0.006917278298890772
1316,3,8,yes,5,0.02916145282574023,0.02916145282574023
1317,3,8,no,1,-0.005701604461620269,0.005701604461620269
1318,3,8,yes,5,-0.02948212585404264,0.02948212585404264
5620,5,20,no,11,-0.07620776302779009,0.07620776302779009
5621,5,20,yes,6,0.041514530025016205,0.041514530025016205
4378,5,19,no,1,0.006022277489922567,0.006022277489922567
1319,3,8,no,8,0.046383512983528496,0.046383512983528496
5622,5,20,yes,6,0.041610511301664654,0.041610511301664654
1320,3,8,no,1,-0.005565672514303843,0.005565672514303843
1321,3,8,no,1,-0.005634110153561744,0.005634110153561744
6397,5,21,yes,7,0.012258913762984276,0.012258913762984276
1322,3,8,no,1,-0.005701604461620269,0.005701604461620269
3787,5,17,yes,12,0.012653429937359156,0.012653429937359156
1323,3,8,no,13,-0.07969616007946234,0.07969616007946234
5623,5,20,no,6,0.04113354026239635,0.04113354026239635
3788,5,17,no,1,-0.0012083954815765574,0.0012083954815765574
4379,5,19,yes,1,0.006082521453160961,0.006082521453160961
3905,5,18,no,1,-0.0011199259363911113,0.0011199259363911113
5624,5,20,no,9,-0.061914735869795456,0.061914735869795456
3074,3,11,yes,7,0.042136376247851826,0.042136376247851826
2101,3,9,yes,9,-0.060859013870283585,0.060859013870283585
2102,3,9,yes,1,0.006869527289091959,0.006869527289091959
3789,5,17,no,8,-0.008636769232195321,0.008636769232195321
3075,3,11,no,1,-0.005833461048261657,0.005833461048261657
2103,3,9,no,4,0.027242151199945774,0.027242151199945774
3906,5,18,no,4,-0.004204438850422279,0.004204438850422279
1324,3,8,no,1,0.0064588943083874195,0.0064588943083874195
4380,5,19,yes,2,0.0123398089564149,0.0123398089564149
4381,5,19,no,3,-0.01842233040957586,0.01842233040957586
5625,5,20,yes,20,-0.13634464894785941,0.13634464894785941
5626,5,20,yes,2,-0.01296422805650621,0.01296422805650621
4382,5,19,yes,6,-0.03518373031566285,0.03518373031566285
633,3,7,yes,1,0.00535544554716183,0.00535544554716183
4383,5,19,yes,1,0.005701604461620324,0.005701604461620324
5627,5,20,yes,1,-0.006410485830370238,0.006410485830370238
5628,5,20,no,1,0.006410485830370238,0.006410485830370238
5629,5,20,yes,16,0.1076743242038476,0.1076743242038476
4384,5,19,yes,20,0.1260906185671209,0.1260906185671209
4385,5,19,yes,2,0.013568873894124145,0.013568873894124145
4386,5,19,no,1,-0.006798721047609868,0.006798721047609868
5630,5,20,yes,1,0.00692794968177024,0.00692794968177024
3790,5,17,no,1,0.0009854271973470732,0.0009854271973470732
4387,5,19,no,14,-0.09115483155775822,0.09115483155775822
4388,5,19,no,6,0.03799022022358539,0.03799022022358539
5631,5,20,no,9,0.06239176858954282,0.06239176858954282
6398,5,21,yes,1,-0.0018795089279034921,0.0018795089279034921
5632,5,20,no,3,-0.020749197844056932,0.020749197844056932
4389,5,19,no,3,-0.019229554913771485,0.019229554913771485
4390,5,19,yes,19,0.1273729344910018,0.1273729344910018
3076,3,11,yes,2,-0.011858307300091742,0.011858307300091742
4391,5,19,no,1,-0.00692794968177024,0.00692794968177024
4392,5,19,no,1,-0.006917278298890717,0.006917278298890717
4393,5,19,no,12,-0.08124307819010951,0.08124307819010951
4394,5,19,no,1,-0.006549739658341158,0.006549739658341158
4395,5,19,no,10,-0.06274164546346106,0.06274164546346106
5633,5,20,no,16,-0.1101306614641695,0.1101306614641695
1325,3,8,yes,1,0.006410485830370405,0.006410485830370405
4396,5,19,yes,1,0.006022277489922567,0.006022277489922567
5634,5,20,yes,9,0.061560141036913374,0.061560141036913374
1326,3,8,yes,1,0.006360174775013605,0.006360174775013605
5635,5,20,yes,1,0.00692794968177024,0.00692794968177024
634,3,7,yes,6,0.030614092318347108,0.030614092318347108
5636,5,20,yes,2,0.013877287424482243,0.013877287424482243
5637,5,20,no,11,-0.075626208514054,0.075626208514054
4397,5,19,yes,1,-0.006022277489922567,0.006022277489922567
1327,3,8,yes,1,-0.006360174775013605,0.006360174775013605
6399,5,21,no,1,-0.0018353517880112385,0.0018353517880112385
5638,5,20,yes,1,0.006770152846514277,0.006770152846514277
5639,5,20,no,2,0.013623552730002264,0.013623552730002264
4398,5,19,yes,2,0.012104798943083528,0.012104798943083528
4399,5,19,yes,11,-0.06338866721944286,0.06338866721944286
5640,5,20,no,1,0.0068484456234291224,0.0068484456234291224
5641,5,20,yes,1,0.0068695272890921255,0.0068695272890921255
4400,5,19,yes,5,0.027824019912239373,0.027824019912239373
635,3,7,no,15,-0.08129277044466932,0.08129277044466932
3791,5,17,yes,4,0.004204438850422279,0.004204438850422279
5642,5,20,no,1,0.00688804475647703,0.00688804475647703
5643,5,20,no,9,0.06239176858954282,0.06239176858954282
4401,5,19,yes,1,0.0057680800157664525,0.0057680800157664525
5644,5,20,no,1,-0.006935967626738093,0.006935967626738093
5645,5,20,no,1,-0.00694131979774415,0.00694131979774415
636,3,7,yes,1,0.0058976716028927845,0.0058976716028927845
637,3,7,yes,10,0.055276914895521,0.055276914895521
3792,5,17,no,1,-0.0010917613765485043,0.0010917613765485043
1328,3,8,no,2,-0.012869380138757824,0.012869380138757824
5646,5,20,yes,1,0.00694131979774415,0.00694131979774415
5647,5,20,no,9,-0.062343845719281754,0.062343845719281754
5648,5,20,yes,1,0.00688804475647703,0.00688804475647703
5649,5,20,yes,1,0.006903969863395976,0.006903969863395976
4402,5,19,yes,6,0.0359378598401105,0.0359378598401105
4403,5,19,yes,9,0.057637343329997925,0.057637343329997925
4404,5,19,no,1,-0.006592049699952696,0.006592049699952696
5650,5,20,yes,5,0.03466651335340387,0.03466651335340387
5651,5,20,no,1,0.006943997948260727,0.006943997948260727
3077,3,11,yes,1,0.005960635697198957,0.005960635697198957
1329,3,8,yes,1,0.0064588943083874195,0.0064588943083874195
638,3,7,yes,8,0.03905527381302665,0.03905527381302665
4405,5,19,no,1,0.006592049699952696,0.006592049699952696
5652,5,20,yes,9,-0.06227205321062973,0.06227205321062973
4406,5,19,yes,1,0.006632203865068964,0.006632203865068964
5653,5,20,yes,4,0.027578820207855848,0.027578820207855848
639,3,7,no,1,-0.00462298351148227,0.00462298351148227
640,3,7,yes,11,-0.05570991053246788,0.05570991053246788
4407,5,19,no,6,-0.03914870711023927,0.03914870711023927
2104,3,9,no,6,-0.04099972324551482,0.04099972324551482
5654,5,20,no,8,-0.05482097140780151,0.05482097140780151
2105,3,9,yes,1,0.006888044756477085,0.006888044756477085
3078,3,11,yes,1,0.0058976716028927845,0.0058976716028927845
4408,5,19,no,1,-0.006360174775013716,0.006360174775013716
2106,3,9,yes,6,0.04085084811814954,0.04085084811814954
4409,5,19,no,11,-0.06616820962731118,0.06616820962731118
2646,3,10,no,10,-0.009752695235321629,0.009752695235321629
5655,5,20,yes,1,0.006770152846514277,0.006770152846514277
5656,5,20,no,3,0.020471998353431387,0.020471998353431387
5657,5,20,yes,1,0.0068695272890921255,0.0068695272890921255
4410,5,19,yes,12,0.0725283844023249,0.0725283844023249
5658,5,20,yes,6,0.041514530025016205,0.041514530025016205
4411,5,19,no,1,0.006410485830370238,0.006410485830370238
6400,5,21,yes,13,0.027553808020246526,0.027553808020246526
4412,5,19,yes,13,-0.07893887023269514,0.07893887023269514
4413,5,19,yes,2,0.011469684477386777,0.011469684477386777
5659,5,20,yes,4,0.027765283321003642,0.027765283321003642
2647,3,10,yes,1,0.001091761376548539,0.001091761376548539
6401,5,21,yes,1,-0.0024231349516898176,0.0024231349516898176
5660,5,20,no,9,-0.06239176858954282,0.06239176858954282
5661,5,20,yes,3,0.020749197844056932,0.020749197844056932
6402,5,21,no,1,-0.0023692703768096873,0.0023692703768096873
1330,3,8,yes,3,0.019078689993518028,0.019078689993518028
641,3,7,yes,1,0.0054262663116700915,0.0054262663116700915
642,3,7,no,1,-0.0054262663116700915,0.0054262663116700915
2107,3,9,no,2,-0.013509322475626195,0.013509322475626195
1331,3,8,no,5,0.030698727413436933,0.030698727413436933
1332,3,8,no,4,0.023459848364119962,0.023459848364119962
4414,5,19,yes,1,0.005833461048261823,0.005833461048261823
1333,3,8,yes,2,0.011335714615182013,0.011335714615182013
5662,5,20,yes,20,0.13673087691625635,0.13673087691625635
5663,5,20,yes,2,0.013055073406459838,0.013055073406459838
5664,5,20,no,1,-0.00650533374811868,0.00650533374811868
1334,3,8,no,4,-0.022937255679210233,0.022937255679210233
5665,5,20,no,12,-0.08088884798505469,0.08088884798505469
1335,3,8,yes,6,-0.03630291519959017,0.03630291519959017
5666,5,20,yes,13,-0.09002901119007678,0.09002901119007678
1336,3,8,yes,2,0.012339808956414844,0.012339808956414844
3079,3,11,yes,1,0.005833461048261657,0.005833461048261657
5667,5,20,yes,1,0.00688804475647703,0.00688804475647703
5668,5,20,yes,6,0.04157048321679985,0.04157048321679985
5669,5,20,yes,11,0.07580005361580033,0.07580005361580033
4415,5,19,no,2,0.011858307300091686,0.011858307300091686
5670,5,20,no,1,-0.0067987210476098126,0.0067987210476098126
3080,3,11,yes,1,-0.005833461048261657,0.005833461048261657
5671,5,20,yes,1,0.0067987210476098126,0.0067987210476098126
1337,3,8,yes,1,-0.00614129254867346,0.00614129254867346
4416,5,19,no,3,-0.01769176834835351,0.01769176834835351
4417,5,19,yes,4,0.023714045838276077,0.023714045838276077
5672,5,20,no,1,-0.0067987210476098126,0.0067987210476098126
5673,5,20,yes,5,-0.03433481921478654,0.03433481921478654
5674,5,20,no,6,-0.041610511301664654,0.041610511301664654
2108,3,9,yes,2,0.013509322475626195,0.013509322475626195
3081,3,11,no,10,0.055276914895521,0.055276914895521
2109,3,9,yes,1,-0.0067391696291118075,0.0067391696291118075
5675,5,20,yes,1,0.006943997948260672,0.006943997948260672
4418,5,19,yes,6,0.037344654086662044,0.037344654086662044
1338,3,8,no,8,0.047407544317497274,0.047407544317497274
3082,3,11,no,1,-0.0052119315902589,0.0052119315902589
1339,3,8,no,1,-0.005701604461620269,0.005701604461620269
3083,3,11,no,3,-0.0160656886406646,0.0160656886406646
3084,3,11,no,1,-0.005496366471083425,0.005496366471083425
4419,5,19,no,1,-0.006360174775013716,0.006360174775013716
4420,5,19,yes,5,0.03228462832023132,0.03228462832023132
4421,5,19,no,5,-0.03228462832023132,0.03228462832023132
4422,5,19,yes,1,0.006360174775013716,0.006360174775013716
4423,5,19,yes,1,-0.006360174775013716,0.006360174775013716
5676,5,20,yes,7,-0.04845852797327688,0.04845852797327688
643,3,7,no,1,0.0054262663116700915,0.0054262663116700915
5677,5,20,no,8,0.055402525921537604,0.055402525921537604
4424,5,19,no,12,-0.07180231978087281,0.07180231978087281
4425,5,19,no,1,-0.00556567251430401,0.00556567251430401
4426,5,19,yes,1,0.00556567251430401,0.00556567251430401
1340,3,8,yes,3,0.016901387129485856,0.016901387129485856
6403,5,21,yes,1,-0.002316298248714571,0.002316298248714571
6404,5,21,no,18,-0.033639194852492144,0.033639194852492144
3085,3,11,no,1,-0.005565672514303843,0.005565672514303843
1341,3,8,no,1,-0.005565672514303843,0.005565672514303843
3086,3,11,no,1,-0.005634110153561744,0.005634110153561744
1342,3,8,no,1,-0.005634110153561744,0.005634110153561744
4427,5,19,no,1,0.005634110153561633,0.005634110153561633
4428,5,19,yes,1,0.005701604461620324,0.005701604461620324
1343,3,8,no,12,-0.07252838440232479,0.07252838440232479
4429,5,19,yes,2,0.011601541064028276,0.011601541064028276
6405,5,21,yes,1,-0.0014754412634813557,0.0014754412634813557
1344,3,8,no,1,0.006360174775013605,0.006360174775013605
2110,3,9,no,3,-0.020393705576516652,0.020393705576516652
3907,5,18,yes,14,0.016782916140222023,0.016782916140222023
3087,3,11,yes,2,0.011199782667865588,0.011199782667865588
3088,3,11,no,1,-0.005565672514303843,0.005565672514303843
644,3,7,no,2,0.010639422328994508,0.010639422328994508
6406,5,21,yes,4,-0.005549519757678492,0.005549519757678492
5678,5,20,no,1,-0.006943997948260727,0.006943997948260727
4430,5,19,yes,18,0.11448907750309262,0.11448907750309262
4431,5,19,no,12,-0.0781861623035025,0.0781861623035025
5679,5,20,no,5,-0.03466651335340387,0.03466651335340387
3908,5,18,no,3,-0.004110063084418233,0.004110063084418233
3089,3,11,yes,1,-0.005634110153561744,0.005634110153561744
5680,5,20,yes,8,0.05548779872614684,0.05548779872614684
4432,5,19,no,1,-0.006198516407741439,0.006198516407741439
4433,5,19,yes,4,0.025120840084827623,0.025120840084827623
645,3,7,yes,2,0.010351311992158774,0.010351311992158774
4434,5,19,no,9,-0.0552252388766763,0.0552252388766763
2111,3,9,yes,1,0.0068248316823924515,0.0068248316823924515
4435,5,19,yes,13,0.0811496924218939,0.0811496924218939
4436,5,19,no,6,-0.03859265770836523,0.03859265770836523
4437,5,19,yes,11,0.07193204278956394,0.07193204278956394
6407,5,21,yes,1,-0.0013030658355085226,0.0013030658355085226
2112,3,9,no,1,0.0067987210476098126,0.0067987210476098126
646,3,7,no,1,-0.0051393804018998734,0.0051393804018998734
5681,5,20,yes,3,0.020749197844056932,0.020749197844056932
5682,5,20,no,1,-0.00690396986339592,0.00690396986339592
3909,5,18,no,4,-0.005021511020955542,0.005021511020955542
4438,5,19,no,3,0.02039370557651654,0.02039370557651654
1345,3,8,yes,1,0.006308029388134018,0.006308029388134018
2648,3,10,no,1,-0.001091761376548539,0.001091761376548539
4439,5,19,no,2,-0.013623552730002264,0.013623552730002264
3090,3,11,yes,1,0.005634110153561744,0.005634110153561744
4440,5,19,no,13,0.08968537136180527,0.08968537136180527
4441,5,19,no,6,-0.04163455280051803,0.04163455280051803
4442,5,19,no,1,-0.006917278298890717,0.006917278298890717
6408,5,21,yes,1,-0.0012708013868579435,0.0012708013868579435
4443,5,19,no,10,-0.06801882462508785,0.06801882462508785
4444,5,19,no,1,-0.006632203865068964,0.006632203865068964
2649,3,10,no,1,-0.0011199259363910974,0.0011199259363910974
4445,5,19,yes,1,0.006632203865068964,0.006632203865068964
1346,3,8,no,1,-0.006308029388134018,0.006308029388134018
3091,3,11,no,1,0.005565672514303843,0.005565672514303843
647,3,7,no,7,0.03443229030154438,0.03443229030154438
4446,5,19,yes,1,-0.006632203865068964,0.006632203865068964
4447,5,19,no,1,-0.006592049699952696,0.006592049699952696
648,3,7,no,1,-0.004697221546987929,0.004697221546987929
4448,5,19,no,1,-0.006549739658341158,0.006549739658341158
1347,3,8,no,1,0.006308029388134018,0.006308029388134018
5683,5,20,yes,1,0.00690396986339592,0.00690396986339592
5684,5,20,no,2,0.013757572045569044,0.013757572045569044
5685,5,20,no,6,-0.04144273751636407,0.04144273751636407
1348,3,8,no,1,0.006254119513938505,0.006254119513938505
4449,5,19,no,1,-0.00650533374811868,0.00650533374811868
2113,3,9,yes,4,0.02688528436269133,0.02688528436269133
4450,5,19,no,3,0.019647123106412534,0.019647123106412534
2114,3,9,yes,1,0.006632203865068909,0.006632203865068909
5686,5,20,no,1,-0.00694131979774415,0.00694131979774415
649,3,7,no,1,-0.004771406440793768,0.004771406440793768
2115,3,9,no,1,-0.006632203865068909,0.006632203865068909
4451,5,19,yes,3,-0.019647123106412534,0.019647123106412534
4452,5,19,yes,18,0.12202066700171255,0.12202066700171255
4453,5,19,no,1,-0.006941319797744205,0.006941319797744205
5687,5,20,yes,9,-0.06227205321062973,0.06227205321062973
5688,5,20,no,1,0.0068695272890921255,0.0068695272890921255
650,3,7,no,1,-0.00484547836750715,0.00484547836750715
4454,5,19,no,1,-0.006935967626738038,0.006935967626738038
5689,5,20,yes,1,0.00688804475647703,0.00688804475647703
4455,5,19,no,10,-0.06848809071868361,0.06848809071868361
4456,5,19,no,12,-0.07764550908213208,0.07764550908213208
5690,5,20,yes,1,0.006903969863395976,0.006903969863395976
5691,5,20,no,1,0.006917278298890717,0.006917278298890717
6409,5,21,yes,10,-0.011084413030784397,0.011084413030784397
3910,5,18,no,10,-0.010533033712766537,0.010533033712766537
5692,5,20,no,1,0.00692794968177024,0.00692794968177024
4457,5,19,yes,1,0.006198516407741439,0.006198516407741439
1349,3,8,yes,1,0.0061985164077413835,0.0061985164077413835
4458,5,19,yes,11,0.07144699267439064,0.07144699267439064
5693,5,20,no,1,-0.00692794968177024,0.00692794968177024
4459,5,19,no,4,-0.02660021545208685,0.02660021545208685
4460,5,19,yes,9,-0.05718658617871869,0.05718658617871869
4461,5,19,yes,7,0.04413151277225885,0.04413151277225885
2116,3,9,yes,1,-0.0066701446519749075,0.0066701446519749075
2650,3,10,no,1,0.0011199259363910974,0.0011199259363910974
4462,5,19,yes,7,0.04639445848765855,0.04639445848765855
4463,5,19,yes,1,0.006770152846514277,0.006770152846514277
5694,5,20,no,1,0.00692794968177024,0.00692794968177024
4464,5,19,yes,2,0.013623552730002264,0.013623552730002264
2651,3,10,no,1,0.001091761376548539,0.001091761376548539
4465,5,19,no,14,-0.09232574836608048,0.09232574836608048
4466,5,19,yes,2,0.012668204163147623,0.012668204163147623
4467,5,19,no,1,-0.006360174775013716,0.006360174775013716
1350,3,8,no,1,0.00614129254867346,0.00614129254867346
5695,5,20,yes,13,-0.08849625647081777,0.08849625647081777
4468,5,19,no,1,-0.006308029388133907,0.006308029388133907
3092,3,11,yes,1,0.005496366471083425,0.005496366471083425
651,3,7,no,9,0.04094053509965534,0.04094053509965534
4469,5,19,yes,1,0.006308029388133907,0.006308029388133907
3911,5,18,no,1,0.0009358963557673378,0.0009358963557673378
652,3,7,yes,11,-0.05085294625074177,0.05085294625074177
5696,5,20,no,1,-0.006592049699952696,0.006592049699952696
5697,5,20,yes,1,0.006592049699952696,0.006592049699952696
3093,3,11,no,1,-0.005496366471083425,0.005496366471083425
4470,5,19,yes,2,0.012770660605383954,0.012770660605383954
4471,5,19,yes,1,0.0064588943083875305,0.0064588943083875305
4472,5,19,no,2,-0.012869380138757769,0.012869380138757769
5698,5,20,yes,1,0.006632203865068964,0.006632203865068964
2117,3,9,yes,6,-0.04068713806414781,0.04068713806414781
5699,5,20,yes,1,0.0066701446519749075,0.0066701446519749075
5700,5,20,no,1,0.006705817235090283,0.006705817235090283
6410,5,21,yes,1,0.0009854271973470732,0.0009854271973470732
3094,3,11,no,3,0.016278078329915346,0.016278078329915346
5701,5,20,yes,1,-0.006705817235090283,0.006705817235090283
653,3,7,yes,4,-0.020701681167260677,0.020701681167260677
5702,5,20,yes,1,0.006705817235090283,0.006705817235090283
3095,3,11,yes,1,-0.00535544554716183,0.00535544554716183
3096,3,11,no,13,0.06392995640459254,0.06392995640459254
3097,3,11,yes,1,-0.004474578305496801,0.004474578305496801
654,3,7,no,7,0.03545957068585426,0.03545957068585426
655,3,7,no,1,0.004771406440793768,0.004771406440793768
656,3,7,no,11,-0.05650905545656337,0.05650905545656337
3098,3,11,no,1,-0.004548750366815679,0.004548750366815679
4473,5,19,yes,17,0.11408481003421783,0.11408481003421783
3099,3,11,no,2,-0.009320205058470199,0.009320205058470199
4474,5,19,yes,2,0.013863917308508278,0.013863917308508278
1351,3,8,no,3,0.01806543464028254,0.01806543464028254
3100,3,11,no,2,-0.009616884808300918,0.009616884808300918
4475,5,19,no,1,-0.006935967626738038,0.006935967626738038
657,3,7,yes,4,0.021562055111748024,0.021562055111748024
6411,5,21,yes,1,0.0010110847812301663,0.0010110847812301663
5703,5,20,no,14,0.09625337403968726,0.09625337403968726
4476,5,19,no,7,-0.048180047195447606,0.048180047195447606
4477,5,19,no,2,-0.013568873894124145,0.013568873894124145
4478,5,19,yes,1,0.006770152846514277,0.006770152846514277
3101,3,11,no,1,-0.0049193757633081425,0.0049193757633081425
5704,5,20,no,1,-0.006943997948260727,0.006943997948260727
5705,5,20,no,1,-0.006943997948260672,0.006943997948260672
4479,5,19,yes,1,0.006798721047609868,0.006798721047609868
4480,5,19,yes,1,-0.006798721047609868,0.006798721047609868
4481,5,19,yes,5,-0.033517488227760295,0.033517488227760295
4482,5,19,yes,3,0.020008165752134155,0.020008165752134155
4483,5,19,no,1,-0.006705817235090283,0.006705817235090283
4484,5,19,no,1,-0.0066701446519749075,0.0066701446519749075
3102,3,11,no,5,-0.025694716555038966,0.025694716555038966
4485,5,19,yes,1,0.0066701446519749075,0.0066701446519749075
1352,3,8,yes,1,0.0058976716028927845,0.0058976716028927845
5706,5,20,no,15,-0.10237354389530001,0.10237354389530001
4486,5,19,yes,2,0.013444986864202146,0.013444986864202146
5707,5,20,yes,12,0.08156830678904753,0.08156830678904753
4487,5,19,yes,1,-0.006739169629111863,0.006739169629111863
2118,3,9,no,1,0.0068484456234291224,0.0068484456234291224
1353,3,8,yes,1,-0.0058976716028927845,0.0058976716028927845
3103,3,11,no,7,0.03545957068585426,0.03545957068585426
4488,5,19,yes,1,0.006739169629111863,0.006739169629111863
1354,3,8,no,14,0.07637339468136117,0.07637339468136117
1355,3,8,no,15,0.06603058540186557,0.06603058540186557
1356,3,8,yes,10,-0.04217411977178631,0.04217411977178631
3104,3,11,yes,10,-0.051737649015769605,0.051737649015769605
5708,5,20,no,8,-0.05482097140780151,0.05482097140780151
1357,3,8,yes,1,-0.00462298351148227,0.00462298351148227
1358,3,8,no,3,-0.014314106355288847,0.014314106355288847
658,3,7,yes,1,0.0052119315902589,0.0052119315902589
4489,5,19,yes,5,-0.033339385081198714,0.033339385081198714
4490,5,19,no,1,0.006592049699952696,0.006592049699952696
2119,3,9,no,3,-0.020606017668998167,0.020606017668998167
2120,3,9,yes,3,0.020606017668998167,0.020606017668998167
5709,5,20,yes,3,0.02039370557651654,0.02039370557651654
1359,3,8,yes,4,0.018937089866771117,0.018937089866771117
1360,3,8,no,1,-0.00462298351148227,0.00462298351148227
4491,5,19,no,2,-0.013141789358293854,0.013141789358293854
1361,3,8,no,12,-0.0612062770035513,0.0612062770035513
1362,3,8,no,1,-0.005565672514303843,0.005565672514303843
5710,5,20,yes,10,0.06912049883405885,0.06912049883405885
3912,5,18,yes,4,0.003994232238429762,0.003994232238429762
1363,3,8,no,10,-0.0592401708788004,0.0592401708788004
3105,3,11,yes,4,0.021562055111748024,0.021562055111748024
4492,5,19,yes,15,0.10163804582911162,0.10163804582911162
1364,3,8,no,1,0.0061985164077413835,0.0061985164077413835
1365,3,8,yes,1,-0.0061985164077413835,0.0061985164077413835
5711,5,20,yes,8,-0.055402525921537604,0.055402525921537604
1366,3,8,yes,16,-0.10542831350344828,0.10542831350344828
1367,3,8,yes,1,0.0068484456234291224,0.0068484456234291224
1368,3,8,no,2,0.013623552730002264,0.013623552730002264
1369,3,8,yes,1,0.006770152846514388,0.006770152846514388
4493,5,19,no,1,-0.00692794968177024,0.00692794968177024
5712,5,20,no,2,0.013792014619873005,0.013792014619873005
4494,5,19,no,7,-0.048050818561287234,0.048050818561287234
3106,3,11,no,1,0.0052119315902589,0.0052119315902589
1370,3,8,yes,1,0.0067391696291118075,0.0067391696291118075
4495,5,19,no,9,-0.05962350564256036,0.05962350564256036
1371,3,8,yes,14,0.08986932308396645,0.08986932308396645
1372,3,8,no,8,0.046383512983528496,0.046383512983528496
5713,5,20,yes,15,0.10366784592159439,0.10366784592159439
4496,5,19,no,10,-0.061635724707046535,0.061635724707046535
1373,3,8,yes,1,0.005496366471083425,0.005496366471083425
3107,3,11,no,1,-0.0052119315902589,0.0052119315902589
4497,5,19,yes,10,0.061635724707046535,0.061635724707046535
3108,3,11,yes,1,0.0052119315902589,0.0052119315902589
5714,5,20,yes,1,-0.0068248316823924515,0.0068248316823924515
1374,3,8,yes,10,-0.057962400907772826,0.057962400907772826
5715,5,20,yes,6,-0.0413552155130551,0.0413552155130551
4498,5,19,yes,1,0.0064588943083875305,0.0064588943083875305
659,3,7,yes,6,-0.03233965921631077,0.03233965921631077
5716,5,20,no,1,-0.006935967626738093,0.006935967626738093
2121,3,9,no,10,0.0667881640641752,0.0667881640641752
660,3,7,no,1,0.005565672514303843,0.005565672514303843
4499,5,19,no,4,-0.02553758430190539,0.02553758430190539
5717,5,20,no,1,-0.00694131979774415,0.00694131979774415
2122,3,9,no,9,-0.05996333238178275,0.05996333238178275
4500,5,19,yes,4,0.02553758430190539,0.02553758430190539
4501,5,19,no,1,-0.0064588943083875305,0.0064588943083875305
2123,3,9,no,2,-0.013673277305821574,0.013673277305821574
3109,3,11,no,3,0.015198808182947388,0.015198808182947388
4502,5,19,yes,20,0.13542355925836075,0.13542355925836075
4503,5,19,yes,8,0.05532805526236895,0.05532805526236895
4504,5,19,yes,4,0.027242151199945774,0.027242151199945774
4505,5,19,no,8,-0.05482097140780151,0.05482097140780151
4506,5,19,no,11,-0.07620776302779009,0.07620776302779009
4507,5,19,no,11,-0.07400080322857766,0.07400080322857766
4508,5,19,yes,6,0.03988912473953987,0.03988912473953987
661,3,7,yes,1,0.005496366471083425,0.005496366471083425
4509,5,19,no,14,-0.0905259712599174,0.0905259712599174
4510,5,19,no,5,-0.029796567291437037,0.029796567291437037
5718,5,20,yes,3,0.020805237106252483,0.020805237106252483
3110,3,11,no,7,-0.03647642841387089,0.03647642841387089
1375,3,8,yes,11,0.06338866721944292,0.06338866721944292
1376,3,8,no,1,-0.0054262663116700915,0.0054262663116700915
1377,3,8,no,1,-0.005496366471083425,0.005496366471083425
1378,3,8,no,1,-0.005565672514303843,0.005565672514303843
5719,5,20,yes,2,-0.013863917308508333,0.013863917308508333
1379,3,8,no,1,0.005565672514303843,0.005565672514303843
1380,3,8,no,15,-0.09013865290056078,0.09013865290056078
4511,5,19,yes,17,0.1068775516871523,0.1068775516871523
662,3,7,yes,5,0.026417000632823373,0.026417000632823373
4512,5,19,yes,1,0.006705817235090283,0.006705817235090283
4513,5,19,no,13,0.08930937609142653,0.08930937609142653
5720,5,20,no,14,-0.09645552420831954,0.09645552420831954
5721,5,20,yes,1,0.006770152846514277,0.006770152846514277
3111,3,11,no,4,-0.02239775360056928,0.02239775360056928
1381,3,8,no,7,-0.046114183166934164,0.046114183166934164
5722,5,20,yes,10,0.06885605566753972,0.06885605566753972
663,3,7,no,1,0.005066392393269226,0.005066392393269226
4514,5,19,no,20,0.1354235592583607,0.1354235592583607
4515,5,19,no,1,0.006410485830370405,0.006410485830370405
4516,5,19,no,9,-0.059263838626416376,0.059263838626416376
1382,3,8,yes,6,0.039655288858546744,0.039655288858546744
1383,3,8,no,1,-0.00650533374811868,0.00650533374811868
4517,5,19,yes,3,0.020115131516176943,0.020115131516176943
4518,5,19,no,1,-0.0066701446519749075,0.0066701446519749075
2124,3,9,yes,8,-0.05532805526236895,0.05532805526236895
4519,5,19,no,6,-0.04068713806414781,0.04068713806414781
4520,5,19,no,4,-0.027578820207855737,0.027578820207855737
2125,3,9,no,1,-0.006943997948260672,0.006943997948260672
4521,5,19,no,1,-0.00692794968177024,0.00692794968177024
1384,3,8,yes,8,0.050636846520377476,0.050636846520377476
664,3,7,no,1,-0.005066392393269226,0.005066392393269226
4522,5,19,no,1,-0.006935967626738093,0.006935967626738093
5723,5,20,yes,1,0.006943997948260672,0.006943997948260672
665,3,7,yes,2,0.010059427781047514,0.010059427781047514
1385,3,8,yes,1,0.006082521453160905,0.006082521453160905
2126,3,9,yes,1,0.006943997948260672,0.006943997948260672
4523,5,19,no,9,-0.062343845719281754,0.062343845719281754
4524,5,19,yes,4,0.027637242600533962,0.027637242600533962
4525,5,19,no,1,-0.00692794968177024,0.00692794968177024
1386,3,8,no,1,0.006022277489922678,0.006022277489922678
4526,5,19,no,7,-0.048050818561287234,0.048050818561287234
5724,5,20,no,3,-0.020821285372742915,0.020821285372742915
3112,3,11,no,6,0.0331794654594012,0.0331794654594012
4527,5,19,yes,6,0.04113354026239652,0.04113354026239652
2127,3,9,yes,1,0.006943997948260727,0.006943997948260727
4528,5,19,no,1,-0.006903969863395976,0.006903969863395976
2128,3,9,yes,1,0.00694131979774415,0.00694131979774415
4529,5,19,no,1,-0.00688804475647703,0.00688804475647703
4530,5,19,yes,1,0.00688804475647703,0.00688804475647703
4531,5,19,no,1,-0.00688804475647703,0.00688804475647703
666,3,7,no,2,-0.010059427781047514,0.010059427781047514
1387,3,8,yes,1,-0.006022277489922678,0.006022277489922678
4532,5,19,no,1,-0.0068695272890921255,0.0068695272890921255
4533,5,19,yes,17,0.11750455614816707,0.11750455614816707
4534,5,19,no,12,-0.08299778625854098,0.08299778625854098
4535,5,19,yes,7,0.048570520427256125,0.048570520427256125
2129,3,9,no,6,-0.04163455280051803,0.04163455280051803
2130,3,9,yes,3,0.020805237106252483,0.020805237106252483
3113,3,11,no,1,-0.00535544554716183,0.00535544554716183
4536,5,19,no,12,-0.08307729031688221,0.08307729031688221
2131,3,9,yes,1,0.006943997948260672,0.006943997948260672
5725,5,20,no,4,-0.027637242600533962,0.027637242600533962
3114,3,11,no,1,-0.0054262663116700915,0.0054262663116700915
3115,3,11,yes,1,0.0054262663116700915,0.0054262663116700915
2132,3,9,yes,1,0.006943997948260727,0.006943997948260727
4537,5,19,no,18,-0.11776812245986307,0.11776812245986307
4538,5,19,no,5,0.03126213263350108,0.03126213263350108
2133,3,9,no,12,0.0823653781431658,0.0823653781431658
4539,5,19,yes,1,-0.006360174775013716,0.006360174775013716
2134,3,9,no,2,-0.013509322475626195,0.013509322475626195
4540,5,19,yes,1,0.006360174775013716,0.006360174775013716
2135,3,9,no,3,-0.020471998353431387,0.020471998353431387
5726,5,20,no,6,-0.04085084811814965,0.04085084811814965
5727,5,20,yes,1,0.006739169629111863,0.006739169629111863
3116,3,11,no,1,-0.0054262663116700915,0.0054262663116700915
4541,5,19,yes,1,0.006410485830370238,0.006410485830370238
5728,5,20,yes,12,-0.0781861623035025,0.0781861623035025
5729,5,20,yes,5,0.03179170381584395,0.03179170381584395
1388,3,8,yes,1,0.006022277489922678,0.006022277489922678
5730,5,20,yes,1,0.00650533374811868,0.00650533374811868
5731,5,20,yes,1,0.006549739658341158,0.006549739658341158
4542,5,19,yes,1,0.0064588943083875305,0.0064588943083875305
4543,5,19,yes,20,0.13590866289823395,0.13590866289823395
4544,5,19,yes,4,0.027722515405143255,0.027722515405143255
5732,5,20,yes,12,0.08124307819010951,0.08124307819010951
4545,5,19,no,2,-0.013845227980661012,0.013845227980661012
4546,5,19,no,6,-0.041642570745485885,0.041642570745485885
667,3,7,yes,4,0.019824281911862807,0.019824281911862807
4547,5,19,yes,3,0.020821285372742915,0.020821285372742915
4548,5,19,yes,1,0.006943997948260727,0.006943997948260727
4549,5,19,yes,1,0.00694131979774415,0.00694131979774415
1389,3,8,yes,1,0.005960635697198957,0.005960635697198957
4550,5,19,yes,8,-0.055455800962804724,0.055455800962804724
4551,5,19,no,1,-0.00688804475647703,0.00688804475647703
4552,5,19,yes,12,0.08312504132668086,0.08312504132668086
4553,5,19,no,1,-0.006917278298890772,0.006917278298890772
4554,5,19,yes,7,-0.048570520427256125,0.048570520427256125
4555,5,19,yes,13,0.08982261794093344,0.08982261794093344
4556,5,19,yes,1,-0.0068248316823924515,0.0068248316823924515
4557,5,19,yes,3,-0.020606017668998167,0.020606017668998167
4558,5,19,no,11,-0.07623699657020377,0.07623699657020377
1390,3,8,no,1,0.0058976716028927845,0.0058976716028927845
5733,5,20,no,8,-0.05464286273802266,0.05464286273802266
668,3,7,no,1,-0.00484547836750715,0.00484547836750715
4559,5,19,no,1,-0.006903969863395976,0.006903969863395976
5734,5,20,yes,11,0.07542405834542165,0.07542405834542165
4560,5,19,yes,11,-0.07433910832671353,0.07433910832671353
4561,5,19,no,6,0.04010953792771299,0.04010953792771299
4562,5,19,yes,7,0.048050818561287234,0.048050818561287234
669,3,7,no,7,0.03236094017897584,0.03236094017897584
4563,5,19,no,6,-0.041252097513677366,0.041252097513677366
670,3,7,no,1,-0.004400521639892241,0.004400521639892241
671,3,7,no,11,-0.05329053407559803,0.05329053407559803
4564,5,19,yes,1,0.006824831682392396,0.006824831682392396
4565,5,19,yes,9,0.062176500885798125,0.062176500885798125
4566,5,19,no,5,-0.03466651335340387,0.03466651335340387
4567,5,19,yes,1,0.006917278298890717,0.006917278298890717
4568,5,19,no,9,-0.061560141036913374,0.061560141036913374
4569,5,19,no,14,0.09625337403968726,0.09625337403968726
4570,5,19,no,8,-0.055402525921537604,0.055402525921537604
2136,3,9,yes,5,-0.03450676988962598,0.03450676988962598
4571,5,19,yes,5,0.034573210227272,0.034573210227272
4572,5,19,yes,1,-0.006935967626738038,0.006935967626738038
4573,5,19,yes,1,-0.00692794968177024,0.00692794968177024
2137,3,9,yes,7,0.04818004719544755,0.04818004719544755
1391,3,8,no,11,0.060416295297420874,0.060416295297420874
4574,5,19,yes,1,-0.006917278298890717,0.006917278298890717
4575,5,19,no,1,-0.006903969863395976,0.006903969863395976
4576,5,19,yes,2,0.013821248162286692,0.013821248162286692
4577,5,19,no,2,-0.013821248162286692,0.013821248162286692
2138,3,9,yes,4,0.027013860758326236,0.027013860758326236
1392,3,8,yes,11,-0.060416295297420874,0.060416295297420874
5735,5,20,no,9,-0.06191473586979551,0.06191473586979551
5736,5,20,yes,1,0.006798721047609868,0.006798721047609868
2139,3,9,no,1,-0.006705817235090228,0.006705817235090228
5737,5,20,yes,1,0.006824831682392396,0.006824831682392396
5738,5,20,no,1,0.0068484456234291224,0.0068484456234291224
2140,3,9,no,1,-0.0067391696291118075,0.0067391696291118075
5739,5,20,no,1,-0.0068484456234291224,0.0068484456234291224
5740,5,20,yes,1,0.0068484456234291224,0.0068484456234291224
1393,3,8,yes,1,0.005833461048261657,0.005833461048261657
4578,5,19,no,11,-0.07433910832671353,0.07433910832671353
672,3,7,no,1,0.0052119315902589,0.0052119315902589
4579,5,19,yes,13,0.08816035648900022,0.08816035648900022
5741,5,20,yes,2,-0.013673277305821518,0.013673277305821518
4580,5,19,no,3,-0.020709292918763722,0.020709292918763722
5742,5,20,yes,1,0.006824831682392396,0.006824831682392396
2141,3,9,no,6,-0.04099972324551482,0.04099972324551482
5743,5,20,yes,1,0.0068484456234291224,0.0068484456234291224
5744,5,20,no,1,-0.0068484456234291224,0.0068484456234291224
5745,5,20,yes,1,-0.006824831682392396,0.006824831682392396
4581,5,19,no,2,-0.013717972912521248,0.013717972912521248
5746,5,20,no,2,0.013673277305821518,0.013673277305821518
1394,3,8,no,7,-0.042136376247851826,0.042136376247851826
1395,3,8,yes,3,-0.018922323677086128,0.018922323677086128
1396,3,8,yes,3,0.018922323677086128,0.018922323677086128
4582,5,19,yes,1,0.0068484456234291224,0.0068484456234291224
4583,5,19,no,11,-0.07363660968760422,0.07363660968760422
4584,5,19,no,1,0.00650533374811868,0.00650533374811868
3117,3,11,yes,1,0.0054262663116700915,0.0054262663116700915
4585,5,19,yes,1,0.006549739658341158,0.006549739658341158
2142,3,9,no,6,-0.0415704832167999,0.0415704832167999
4586,5,19,no,1,0.006592049699952696,0.006592049699952696
4587,5,19,yes,1,0.006632203865068964,0.006632203865068964
5747,5,20,no,7,-0.04735728271612272,0.04735728271612272
2143,3,9,yes,1,0.006943997948260727,0.006943997948260727
1397,3,8,no,3,-0.018922323677086128,0.018922323677086128
5748,5,20,yes,2,0.01337596188706519,0.01337596188706519
2144,3,9,no,1,0.00694131979774415,0.00694131979774415
5749,5,20,yes,14,0.09625337403968726,0.09625337403968726
5750,5,20,yes,8,-0.055402525921537604,0.055402525921537604
2145,3,9,yes,2,0.013863917308508333,0.013863917308508333
4588,5,19,no,2,0.01337596188706519,0.01337596188706519
4589,5,19,no,3,0.020308043523236008,0.020308043523236008
5751,5,20,no,14,-0.09337551711545411,0.09337551711545411
5752,5,20,no,1,-0.006360174775013716,0.006360174775013716
5753,5,20,no,13,0.08601771897794658,0.08601771897794658
1398,3,8,no,1,-0.006410485830370405,0.006410485830370405
673,3,7,no,1,0.0051393804018998734,0.0051393804018998734
1399,3,8,yes,2,-0.0129642280565061,0.0129642280565061
1400,3,8,yes,13,0.08043341381181446,0.08043341381181446
3793,5,17,yes,1,0.0010917613765485043,0.0010917613765485043
4590,5,19,yes,4,0.027430849351390674,0.027430849351390674
674,3,7,no,1,-0.0051393804018998734,0.0051393804018998734
5754,5,20,yes,1,-0.006824831682392396,0.006824831682392396
675,3,7,no,1,-0.0052119315902589,0.0052119315902589
676,3,7,no,1,-0.005283976781832678,0.005283976781832678
4591,5,19,no,1,-0.00688804475647703,0.00688804475647703
1401,3,8,yes,3,-0.0176917683483534,0.0176917683483534
4592,5,19,no,1,-0.0068695272890921255,0.0068695272890921255
5755,5,20,no,7,0.048180047195447606,0.048180047195447606
5756,5,20,no,2,-0.013845227980660957,0.013845227980660957
4593,5,19,no,5,-0.033981320829057526,0.033981320829057526
4594,5,19,yes,20,0.13776790406470352,0.13776790406470352
4595,5,19,yes,1,0.006869527289091959,0.006869527289091959
4596,5,19,no,10,-0.06921337300837382,0.06921337300837382
4597,5,19,no,11,0.07606181863180295,0.07606181863180295
2146,3,9,no,1,0.006917278298890772,0.006917278298890772
4598,5,19,no,11,-0.07606181863180295,0.07606181863180295
4599,5,19,no,1,-0.006935967626738038,0.006935967626738038
4600,5,19,no,2,-0.013845227980660957,0.013845227980660957
677,3,7,yes,16,-0.09364607062509211,0.09364607062509211
4601,5,19,yes,10,-0.06801882462508785,0.06801882462508785
4602,5,19,yes,1,0.0066701446519749075,0.0066701446519749075
4603,5,19,no,10,-0.06474117543930036,0.06474117543930036
678,3,7,no,1,0.006308029388134018,0.006308029388134018
4604,5,19,yes,1,0.006254119513938561,0.006254119513938561
4605,5,19,yes,1,0.006308029388133907,0.006308029388133907
4606,5,19,no,1,0.006360174775013716,0.006360174775013716
4607,5,19,yes,8,0.05252466899730446,0.05252466899730446
5757,5,20,no,11,-0.07465102849015681,0.07465102849015681
4608,5,19,yes,3,0.020308043523236008,0.020308043523236008
679,3,7,no,1,0.006254119513938505,0.006254119513938505
5758,5,20,yes,7,-0.045184707408317926,0.045184707408317926
3118,3,11,no,7,0.03596953786550894,0.03596953786550894
5759,5,20,yes,1,0.006308029388133907,0.006308029388133907
1402,3,8,no,2,-0.012104798943083583,0.012104798943083583
680,3,7,yes,12,0.07030220986418767,0.07030220986418767
4609,5,19,no,18,0.12432938783055947,0.12432938783055947
5760,5,20,yes,6,0.03887667802018402,0.03887667802018402
681,3,7,no,4,-0.02239775360056928,0.02239775360056928
5761,5,20,no,7,-0.045184707408317926,0.045184707408317926
2147,3,9,no,4,0.027509987532394087,0.027509987532394087
682,3,7,yes,3,0.016901387129485856,0.016901387129485856
5762,5,20,yes,1,-0.006254119513938561,0.006254119513938561
5763,5,20,yes,1,0.006254119513938561,0.006254119513938561
3119,3,11,yes,7,-0.03596953786550894,0.03596953786550894
4610,5,19,yes,11,-0.07614934063511186,0.07614934063511186
4611,5,19,no,1,-0.00692794968177024,0.00692794968177024
3794,5,17,no,10,-0.009752695235321511,0.009752695235321511
5764,5,20,yes,1,0.006308029388133907,0.006308029388133907
5765,5,20,yes,11,0.07239416624794431,0.07239416624794431
4612,5,19,no,5,-0.03442726583128497,0.03442726583128497
4613,5,19,no,11,0.076061818631803,0.076061818631803
5766,5,20,yes,16,0.11046656696920437,0.11046656696920437
4614,5,19,no,1,-0.00694131979774415,0.00694131979774415
4615,5,19,yes,5,0.034626485268539176,0.034626485268539176
683,3,7,yes,1,0.005496366471083425,0.005496366471083425
5767,5,20,no,1,-0.006917278298890772,0.006917278298890772
5768,5,20,yes,1,-0.00692794968177024,0.00692794968177024
5769,5,20,no,1,-0.006935967626738093,0.006935967626738093
4616,5,19,no,7,-0.048514481165060575,0.048514481165060575
4617,5,19,no,3,-0.020805237106252483,0.020805237106252483
684,3,7,no,1,0.0054262663116700915,0.0054262663116700915
5770,5,20,no,1,-0.00694131979774415,0.00694131979774415
5771,5,20,no,14,-0.09625337403968726,0.09625337403968726
4618,5,19,no,1,-0.006917278298890717,0.006917278298890717
1403,3,8,yes,1,0.006082521453160905,0.006082521453160905
5772,5,20,no,1,0.006739169629111863,0.006739169629111863
4619,5,19,yes,1,0.006917278298890717,0.006917278298890717
3795,5,17,yes,1,0.0008658937548615686,0.0008658937548615686
5773,5,20,yes,1,-0.006739169629111863,0.006739169629111863
4620,5,19,no,10,-0.06826595827200366,0.06826595827200366
5774,5,20,no,1,-0.006705817235090283,0.006705817235090283
3120,3,11,yes,1,0.00535544554716183,0.00535544554716183
2148,3,9,no,4,-0.027509987532394087,0.027509987532394087
5775,5,20,no,1,0.006705817235090283,0.006705817235090283
4621,5,19,yes,1,0.006705817235090283,0.006705817235090283
1404,3,8,no,1,-0.006082521453160905,0.006082521453160905
4622,5,19,yes,8,0.05464286273802266,0.05464286273802266
6412,5,21,yes,1,0.0010373521350486442,0.0010373521350486442
2149,3,9,no,1,0.00690396986339592,0.00690396986339592
4623,5,19,no,1,-0.006903969863395976,0.006903969863395976
5776,5,20,no,9,0.061560141036913374,0.061560141036913374
5777,5,20,no,3,-0.020709292918763722,0.020709292918763722
4624,5,19,no,1,0.006903969863395976,0.006903969863395976
5778,5,20,yes,2,-0.013717972912521248,0.013717972912521248
5779,5,20,yes,1,0.0068484456234291224,0.0068484456234291224
4625,5,19,no,1,-0.006903969863395976,0.006903969863395976
4626,5,19,no,2,0.013821248162286692,0.013821248162286692
1405,3,8,yes,2,-0.012339808956414844,0.012339808956414844
4627,5,19,no,1,0.00692794968177024,0.00692794968177024
4628,5,19,no,2,0.013877287424482243,0.013877287424482243
4629,5,19,yes,1,0.006943997948260672,0.006943997948260672
4630,5,19,no,2,-0.013885317746004877,0.013885317746004877
4631,5,19,no,1,-0.006935967626738038,0.006935967626738038
3121,3,11,yes,1,-0.00535544554716183,0.00535544554716183
4632,5,19,no,13,-0.08849625647081777,0.08849625647081777
4633,5,19,yes,1,0.006632203865068964,0.006632203865068964
2150,3,9,no,1,0.006888044756477085,0.006888044756477085
685,3,7,no,1,0.00535544554716183,0.00535544554716183
4634,5,19,yes,4,0.02688528436269133,0.02688528436269133
1406,3,8,yes,7,-0.04484677722230379,0.04484677722230379
5780,5,20,no,5,-0.033981320829057526,0.033981320829057526
4635,5,19,yes,18,0.12425858158907738,0.12425858158907738
4636,5,19,no,1,0.006869527289091959,0.006869527289091959
4637,5,19,no,1,0.0068484456234291224,0.0068484456234291224
4638,5,19,no,4,-0.027509987532394087,0.027509987532394087
4639,5,19,no,1,-0.006917278298890772,0.006917278298890772
4640,5,19,yes,1,-0.00692794968177024,0.00692794968177024
1407,3,8,yes,11,0.06929138512180222,0.06929138512180222
5781,5,20,no,13,0.08930937609142653,0.08930937609142653
5782,5,20,yes,6,-0.04157048321679985,0.04157048321679985
4641,5,19,no,1,-0.006935967626738093,0.006935967626738093
4642,5,19,yes,17,0.1150793472039684,0.1150793472039684
2151,3,9,yes,1,0.006869527289091959,0.006869527289091959
5783,5,20,yes,1,-0.00688804475647703,0.00688804475647703
4643,5,19,no,1,-0.00650533374811868,0.00650533374811868
4644,5,19,no,1,-0.006549739658341158,0.006549739658341158
1408,3,8,yes,1,0.005960635697198957,0.005960635697198957
3122,3,11,yes,1,-0.0054262663116700915,0.0054262663116700915
4645,5,19,no,8,-0.053733090657715366,0.053733090657715366
4646,5,19,no,1,-0.0068484456234291224,0.0068484456234291224
4647,5,19,no,1,-0.006869527289091959,0.006869527289091959
6413,5,21,no,1,0.0010642405575949643,0.0010642405575949643
4648,5,19,no,1,-0.006888044756477085,0.006888044756477085
4649,5,19,yes,1,0.006888044756477085,0.006888044756477085
4650,5,19,no,15,0.09973569189046771,0.09973569189046771
4651,5,19,yes,16,-0.1066237366469448,0.1066237366469448
5784,5,20,no,1,0.00688804475647703,0.00688804475647703
4652,5,19,yes,2,0.013757572045569044,0.013757572045569044
5785,5,20,no,1,-0.00688804475647703,0.00688804475647703
4653,5,19,yes,8,-0.05532805526236895,0.05532805526236895
5786,5,20,yes,4,-0.027341525642523512,0.027341525642523512
4654,5,19,yes,11,-0.07580005361580039,0.07580005361580039
1409,3,8,yes,1,0.0058976716028927845,0.0058976716028927845
1410,3,8,yes,1,0.005833461048261657,0.005833461048261657
4655,5,19,yes,5,0.03422957039900054,0.03422957039900054
5787,5,20,no,1,-0.006770152846514277,0.006770152846514277
2152,3,9,no,1,0.0068484456234291224,0.0068484456234291224
4656,5,19,yes,12,0.08314096643359975,0.08314096643359975
4657,5,19,yes,1,0.006888044756477085,0.006888044756477085
4658,5,19,no,6,-0.04151453002501626,0.04151453002501626
4659,5,19,no,9,-0.06227205321062973,0.06227205321062973
1411,3,8,yes,1,0.0057680800157665635,0.0057680800157665635
4660,5,19,yes,1,0.0068695272890921255,0.0068695272890921255
3123,3,11,yes,3,0.0160656886406646,0.0160656886406646
4661,5,19,yes,7,0.04845852797327688,0.04845852797327688
1412,3,8,yes,1,-0.0057680800157665635,0.0057680800157665635
3124,3,11,no,8,-0.044231522257000444,0.044231522257000444
1413,3,8,no,4,0.02266946714525242,0.02266946714525242
686,3,7,no,1,-0.00535544554716183,0.00535544554716183
4662,5,19,yes,1,0.006943997948260727,0.006943997948260727
5788,5,20,yes,2,-0.013444986864202146,0.013444986864202146
1414,3,8,yes,12,-0.07105996290704275,0.07105996290704275
5789,5,20,no,2,-0.013302348517043872,0.013302348517043872
1415,3,8,yes,2,0.012452635921679889,0.012452635921679889
3125,3,11,no,1,-0.005833461048261657,0.005833461048261657
4663,5,19,no,3,0.020805237106252483,0.020805237106252483
3126,3,11,yes,4,0.022937255679210233,0.022937255679210233
4664,5,19,no,1,-0.00692794968177024,0.00692794968177024
4665,5,19,no,1,-0.006935967626738093,0.006935967626738093
3127,3,11,no,1,-0.005634110153561744,0.005634110153561744
4666,5,19,no,1,-0.00694131979774415,0.00694131979774415
5790,5,20,yes,3,0.020008165752134155,0.020008165752134155
5791,5,20,yes,1,-0.006705817235090283,0.006705817235090283
1416,3,8,no,2,-0.012452635921679889,0.012452635921679889
4667,5,19,yes,1,0.00694131979774415,0.00694131979774415
687,3,7,no,11,-0.06338866721944292,0.06338866721944292
688,3,7,yes,12,0.06874411276660475,0.06874411276660475
5792,5,20,no,1,0.006705817235090283,0.006705817235090283
1417,3,8,no,1,-0.006308029388134018,0.006308029388134018
6414,5,21,yes,4,0.004538664560974473,0.004538664560974473
2153,3,9,yes,1,0.0068248316823924515,0.0068248316823924515
4668,5,19,no,6,-0.04163455280051803,0.04163455280051803
1418,3,8,no,1,-0.006360174775013605,0.006360174775013605
4669,5,19,no,1,0.00692794968177024,0.00692794968177024
4670,5,19,yes,6,0.041642570745485885,0.041642570745485885
2154,3,9,no,1,-0.0068248316823924515,0.0068248316823924515
5793,5,20,no,20,-0.12505305339962935,0.12505305339962935
4671,5,19,yes,1,-0.006935967626738093,0.006935967626738093
5794,5,20,yes,1,0.005701604461620324,0.005701604461620324
6415,5,21,yes,3,0.0037184451854470196,0.0037184451854470196
4672,5,19,no,1,-0.00694131979774415,0.00694131979774415
5795,5,20,yes,1,0.0057680800157664525,0.0057680800157664525
4673,5,19,no,17,0.11551533325359387,0.11551533325359387
4674,5,19,no,1,-0.006549739658341158,0.006549739658341158
4675,5,19,yes,1,-0.006592049699952862,0.006592049699952862
1419,3,8,yes,2,0.012668204163147623,0.012668204163147623
4676,5,19,no,1,0.006592049699952862,0.006592049699952862
5796,5,20,yes,4,0.023714045838276077,0.023714045838276077
5797,5,20,yes,1,0.006082521453160961,0.006082521453160961
4677,5,19,no,2,-0.01322425356502177,0.01322425356502177
6416,5,21,no,1,-0.0012708013868579435,0.0012708013868579435
5798,5,20,yes,4,0.024901957858487367,0.024901957858487367
2155,3,9,yes,4,-0.027509987532394087,0.027509987532394087
4678,5,19,yes,4,0.02627932697148161,0.02627932697148161
4679,5,19,no,1,-0.00650533374811868,0.00650533374811868
4680,5,19,no,1,-0.006549739658341158,0.006549739658341158
4681,5,19,no,4,-0.026600215452086906,0.026600215452086906
4682,5,19,yes,6,0.039655288858546744,0.039655288858546744
4683,5,19,no,1,-0.00650533374811868,0.00650533374811868
4684,5,19,no,1,-0.006549739658341158,0.006549739658341158
5799,5,20,yes,10,0.06562401340143004,0.06562401340143004
689,3,7,no,10,-0.056639313823521165,0.056639313823521165
5800,5,20,yes,19,-0.12032253855135444,0.12032253855135444
4685,5,19,no,1,-0.006592049699952862,0.006592049699952862
690,3,7,yes,13,0.07227460259751262,0.07227460259751262
5801,5,20,no,1,-0.0057680800157664525,0.0057680800157664525
5802,5,20,yes,4,-0.022397753600569337,0.022397753600569337
1420,3,8,no,1,0.006254119513938505,0.006254119513938505
5803,5,20,yes,3,0.016696149138949012,0.016696149138949012
4686,5,19,no,1,-0.006632203865068909,0.006632203865068909
4687,5,19,yes,4,-0.02688528436269133,0.02688528436269133
4688,5,19,no,1,-0.0067987210476098126,0.0067987210476098126
5804,5,20,yes,9,0.05360606072523871,0.05360606072523871
3128,3,11,yes,1,-0.005701604461620269,0.005701604461620269
5805,5,20,yes,1,0.006254119513938561,0.006254119513938561
5806,5,20,yes,1,0.006308029388133907,0.006308029388133907
6417,5,21,no,1,0.0012708013868579435,0.0012708013868579435
5807,5,20,no,1,0.006360174775013716,0.006360174775013716
4689,5,19,yes,2,0.0135688738941242,0.0135688738941242
5808,5,20,no,7,0.045818851762214174,0.045818851762214174
3913,5,18,yes,1,0.0010642405575949643,0.0010642405575949643
3129,3,11,yes,1,-0.0057680800157665635,0.0057680800157665635
1421,3,8,no,1,-0.006254119513938505,0.006254119513938505
4690,5,19,no,1,-0.006770152846514388,0.006770152846514388
2156,3,9,no,2,0.013792014619873005,0.013792014619873005
5809,5,20,no,7,-0.045818851762214174,0.045818851762214174
5810,5,20,yes,2,-0.012668204163147623,0.012668204163147623
5811,5,20,yes,1,0.006308029388133907,0.006308029388133907
4691,5,19,no,1,-0.0067987210476098126,0.0067987210476098126
2157,3,9,yes,1,0.006869527289091959,0.006869527289091959
4692,5,19,no,7,-0.04818004719544755,0.04818004719544755
2158,3,9,yes,2,0.013673277305821574,0.013673277305821574
5812,5,20,no,1,0.006360174775013716,0.006360174775013716
5813,5,20,yes,1,0.006410485830370238,0.006410485830370238
4693,5,19,yes,7,0.04818004719544755,0.04818004719544755
4694,5,19,yes,1,0.0067987210476098126,0.0067987210476098126
5814,5,20,no,1,-0.006410485830370238,0.006410485830370238
4695,5,19,no,7,-0.04805081856128712,0.04805081856128712
3130,3,11,yes,1,0.0057680800157665635,0.0057680800157665635
5815,5,20,yes,1,-0.006360174775013716,0.006360174775013716
5816,5,20,no,2,0.012770660605383954,0.012770660605383954
5817,5,20,yes,1,-0.006410485830370238,0.006410485830370238
5818,5,20,no,13,0.08650598982636198,0.08650598982636198
5819,5,20,no,1,-0.0068484456234291224,0.0068484456234291224
4696,5,19,yes,4,0.027578820207855737,0.027578820207855737
3131,3,11,yes,1,-0.0057680800157665635,0.0057680800157665635
5820,5,20,no,1,-0.006824831682392396,0.006824831682392396
4697,5,19,no,1,-0.006869527289091959,0.006869527289091959
5821,5,20,yes,13,-0.08550091668368809,0.08550091668368809
5822,5,20,yes,1,0.006308029388133907,0.006308029388133907
5823,5,20,yes,1,0.006360174775013716,0.006360174775013716
4698,5,19,no,1,-0.006888044756477085,0.006888044756477085
3132,3,11,yes,4,-0.023714045838276077,0.023714045838276077
5824,5,20,yes,8,0.05252466899730446,0.05252466899730446
6418,5,21,yes,2,-0.0025100497038704622,0.0025100497038704622
4699,5,19,no,2,0.013757572045569044,0.013757572045569044
2159,3,9,no,1,0.0067987210476098126,0.0067987210476098126
3133,3,11,no,3,0.01788058479001442,0.01788058479001442
5825,5,20,yes,1,0.006739169629111863,0.006739169629111863
5826,5,20,yes,1,-0.006739169629111863,0.006739169629111863
5827,5,20,no,1,-0.006705817235090283,0.006705817235090283
5828,5,20,no,1,-0.0066701446519749075,0.0066701446519749075
5829,5,20,no,18,-0.11167709151256416,0.11167709151256416
5830,5,20,yes,1,0.005701604461620324,0.005701604461620324
4700,5,19,yes,1,0.0068484456234291224,0.0068484456234291224
4701,5,19,no,1,-0.0068484456234291224,0.0068484456234291224
5831,5,20,yes,9,0.05415857577755695,0.05415857577755695
5832,5,20,yes,9,0.0584870559253618,0.0584870559253618
4702,5,19,yes,8,0.053989486581191626,0.053989486581191626
2160,3,9,yes,1,0.006770152846514388,0.006770152846514388
4703,5,19,yes,10,-0.06774705862676067,0.06774705862676067
4704,5,19,yes,7,0.047738892874626626,0.047738892874626626
3134,3,11,no,2,-0.011858307300091742,0.011858307300091742
4705,5,19,yes,1,-0.0067391696291118075,0.0067391696291118075
6419,5,21,yes,9,-0.009845164713771878,0.009845164713771878
2161,3,9,no,2,-0.0135688738941242,0.0135688738941242
2162,3,9,yes,1,0.0067987210476098126,0.0067987210476098126
4706,5,19,no,1,-0.006770152846514388,0.006770152846514388
2163,3,9,yes,3,-0.020471998353431387,0.020471998353431387
5833,5,20,no,1,-0.0066701446519749075,0.0066701446519749075
4707,5,19,no,1,-0.0067987210476098126,0.0067987210476098126
5834,5,20,yes,4,-0.026279326971481498,0.026279326971481498
4708,5,19,no,11,0.07283271252054058,0.07283271252054058
4709,5,19,no,2,-0.012869380138757824,0.012869380138757824
4710,5,19,no,1,-0.00650533374811868,0.00650533374811868
5835,5,20,yes,5,-0.03179170381584395,0.03179170381584395
4711,5,19,no,2,-0.01314178935829402,0.01314178935829402
6420,5,21,yes,1,0.0009854271973470732,0.0009854271973470732
4712,5,19,no,2,-0.013302348517043816,0.013302348517043816
5836,5,20,yes,1,0.006254119513938561,0.006254119513938561
2164,3,9,yes,2,0.013673277305821574,0.013673277305821574
4713,5,19,yes,5,0.03294947162345652,0.03294947162345652
5837,5,20,no,9,-0.05415857577755695,0.05415857577755695
6421,5,21,yes,11,0.01267285305580379,0.01267285305580379
5838,5,20,no,6,0.03556464730720349,0.03556464730720349
3914,5,18,no,1,0.0010917613765485043,0.0010917613765485043
5839,5,20,yes,1,0.00614129254867346,0.00614129254867346
4714,5,19,yes,1,0.0064588943083874195,0.0064588943083874195
2165,3,9,yes,1,0.0067987210476098126,0.0067987210476098126
4715,5,19,no,1,-0.0064588943083874195,0.0064588943083874195
5840,5,20,yes,1,0.006198516407741439,0.006198516407741439
5841,5,20,yes,11,0.07144699267439064,0.07144699267439064
4716,5,19,no,1,-0.00650533374811868,0.00650533374811868
4717,5,19,no,8,-0.05345799863366407,0.05345799863366407
6422,5,21,yes,17,0.027828853240186635,0.027828853240186635
1422,3,8,no,1,-0.006308029388134018,0.006308029388134018
6423,5,21,no,1,-0.0019704136188763294,0.0019704136188763294
6424,5,21,yes,1,-0.0019245274747760333,0.0019245274747760333
4718,5,19,yes,1,-0.0068248316823924515,0.0068248316823924515
4719,5,19,no,1,0.0068248316823924515,0.0068248316823924515
4720,5,19,yes,6,0.04031620927537005,0.04031620927537005
4721,5,19,yes,1,-0.006632203865068909,0.006632203865068909
1423,3,8,no,1,0.006308029388134018,0.006308029388134018
4722,5,19,yes,6,0.039148707110239434,0.039148707110239434
4723,5,19,no,11,-0.07283271252054058,0.07283271252054058
6425,5,21,yes,8,-0.013847002372459907,0.013847002372459907
3915,5,18,no,11,-0.010596355702598172,0.010596355702598172
4724,5,19,no,7,-0.04818004719544755,0.04818004719544755
4725,5,19,yes,6,0.0413552155130551,0.0413552155130551
4726,5,19,yes,1,0.0068248316823924515,0.0068248316823924515
1424,3,8,no,3,-0.019078689993518028,0.019078689993518028
3135,3,11,no,1,-0.006022277489922678,0.006022277489922678
6426,5,21,yes,1,0.001588088609475631,0.001588088609475631
1425,3,8,yes,1,0.006410485830370405,0.006410485830370405
4727,5,19,no,1,-0.0068248316823924515,0.0068248316823924515
5842,5,20,yes,5,-0.03314995511042801,0.03314995511042801
6427,5,21,yes,5,0.008544053047069546,0.008544053047069546
5843,5,20,yes,7,0.04665927758605415,0.04665927758605415
5844,5,20,no,7,0.048050818561287234,0.048050818561287234
6428,5,21,yes,1,-0.0017920493269606846,0.0017920493269606846
6429,5,21,yes,1,0.0017920493269606846,0.0017920493269606846
5845,5,20,no,7,-0.048050818561287234,0.048050818561287234
6430,5,21,yes,1,-0.0017920493269606846,0.0017920493269606846
5846,5,20,no,1,-0.006770152846514277,0.006770152846514277
5847,5,20,no,14,-0.0905259712599174,0.0905259712599174
5848,5,20,no,1,0.00614129254867346,0.00614129254867346
4728,5,19,no,1,0.0068248316823924515,0.0068248316823924515
4729,5,19,no,1,-0.0068248316823924515,0.0068248316823924515
4730,5,19,no,1,-0.0068484456234291224,0.0068484456234291224
1426,3,8,no,7,0.043366931576584555,0.043366931576584555
5849,5,20,yes,4,0.025120840084827623,0.025120840084827623
5850,5,20,no,1,-0.006360174775013716,0.006360174775013716
5851,5,20,yes,1,0.006360174775013716,0.006360174775013716
3136,3,11,no,1,-0.006082521453160905,0.006082521453160905
4731,5,19,yes,1,0.0068484456234291224,0.0068484456234291224
5852,5,20,yes,1,-0.006360174775013716,0.006360174775013716
5853,5,20,yes,1,0.006360174775013716,0.006360174775013716
5854,5,20,no,1,-0.006360174775013716,0.006360174775013716
5855,5,20,yes,1,0.006360174775013716,0.006360174775013716
4732,5,19,no,3,-0.020606017668998167,0.020606017668998167
2166,3,9,no,5,0.03351748822776024,0.03351748822776024
6431,5,21,yes,1,0.0017920493269606846,0.0017920493269606846
2167,3,9,yes,2,-0.013302348517043816,0.013302348517043816
2168,3,9,yes,3,0.019894398216996678,0.019894398216996678
5856,5,20,no,10,0.0660339914729306,0.0660339914729306
5857,5,20,no,1,-0.006770152846514277,0.006770152846514277
3137,3,11,yes,4,-0.024901957858487367,0.024901957858487367
4733,5,19,no,9,-0.06239176858954282,0.06239176858954282
5858,5,20,yes,1,-0.006739169629111863,0.006739169629111863
4734,5,19,yes,1,0.006935967626738038,0.006935967626738038
2169,3,9,yes,3,-0.019894398216996678,0.019894398216996678
4735,5,19,yes,1,0.006941319797744205,0.006941319797744205
3796,5,17,yes,11,0.011155473002369347,0.011155473002369347
4736,5,19,yes,2,0.013887995896521399,0.013887995896521399
2170,3,9,no,1,0.0066701446519749075,0.0066701446519749075
2171,3,9,yes,1,-0.0066701446519749075,0.0066701446519749075
6432,5,21,no,1,-0.0017920493269606846,0.0017920493269606846
1427,3,8,no,1,0.005960635697198957,0.005960635697198957
3138,3,11,yes,13,0.07736799229517677,0.07736799229517677
4737,5,19,yes,19,0.12847956131009997,0.12847956131009997
4738,5,19,yes,11,-0.07324705837256262,0.07324705837256262
5859,5,20,no,9,-0.058884843772318174,0.058884843772318174
4739,5,19,no,1,-0.0068484456234291224,0.0068484456234291224
4740,5,19,yes,12,0.08009550399599175,0.08009550399599175
3797,5,17,no,3,-0.0033604328984579088,0.0033604328984579088
3916,5,18,yes,11,0.010596355702598172,0.010596355702598172
5860,5,20,yes,11,0.07239416624794431,0.07239416624794431
3917,5,18,no,13,-0.012219095443195428,0.012219095443195428
5861,5,20,yes,2,-0.01350932247562614,0.01350932247562614
4741,5,19,no,10,-0.06642222669017017,0.06642222669017017
6433,5,21,yes,7,-0.01140204108249901,0.01140204108249901
4742,5,19,no,15,0.09795355260536809,0.09795355260536809
4743,5,19,no,1,-0.0061985164077413835,0.0061985164077413835
4744,5,19,yes,12,-0.0781861623035025,0.0781861623035025
1428,3,8,no,1,-0.005960635697198957,0.005960635697198957
3798,5,17,yes,2,0.0022116873129396156,0.0022116873129396156
5862,5,20,yes,15,0.1031946938374314,0.1031946938374314
5863,5,20,no,1,-0.00694131979774415,0.00694131979774415
4745,5,19,yes,2,0.013444986864202035,0.013444986864202035
4746,5,19,no,12,-0.08212987558051188,0.08212987558051188
5864,5,20,yes,1,0.00694131979774415,0.00694131979774415
5865,5,20,yes,1,-0.00694131979774415,0.00694131979774415
5866,5,20,no,2,-0.013887995896521399,0.013887995896521399
3139,3,11,no,1,-0.005565672514303843,0.005565672514303843
5867,5,20,yes,1,-0.006941319797744205,0.006941319797744205
5868,5,20,no,8,-0.055116014822185644,0.055116014822185644
4747,5,19,no,2,0.013863917308508333,0.013863917308508333
5869,5,20,no,1,-0.006798721047609868,0.006798721047609868
5870,5,20,no,1,-0.006770152846514277,0.006770152846514277
5871,5,20,yes,11,0.075626208514054,0.075626208514054
4748,5,19,yes,4,0.027578820207855737,0.027578820207855737
4749,5,19,yes,1,-0.006869527289091959,0.006869527289091959
5872,5,20,no,5,-0.034626485268539176,0.034626485268539176
5873,5,20,no,1,-0.00688804475647703,0.00688804475647703
5874,5,20,no,12,-0.08050613697669634,0.08050613697669634
5875,5,20,no,1,-0.0064588943083875305,0.0064588943083875305
4750,5,19,no,13,-0.09002901119007684,0.09002901119007684
4751,5,19,yes,11,0.07623699657020383,0.07623699657020383
5876,5,20,yes,1,0.0064588943083875305,0.0064588943083875305
2652,3,10,no,2,-0.0022116873129396364,0.0022116873129396364
3799,5,17,yes,3,-0.00327592787053458,0.00327592787053458
4752,5,19,yes,1,0.00690396986339592,0.00690396986339592
3140,3,11,no,2,-0.011335714615182013,0.011335714615182013
5877,5,20,yes,1,-0.0064588943083875305,0.0064588943083875305
4753,5,19,no,15,0.1002635618719312,0.1002635618719312
6434,5,21,yes,11,-0.014373449290150248,0.014373449290150248
5878,5,20,yes,15,0.10075704590495688,0.10075704590495688
5879,5,20,no,5,-0.03433481921478665,0.03433481921478665
5880,5,20,no,1,-0.006798721047609868,0.006798721047609868
4754,5,19,yes,8,-0.05252466899730457,0.05252466899730457
4755,5,19,no,10,0.06519287316045219,0.06519287316045219
4756,5,19,yes,1,0.006254119513938505,0.006254119513938505
4757,5,19,no,2,-0.012562148902072523,0.012562148902072523
3800,5,17,yes,1,0.0010642405575949643,0.0010642405575949643
4758,5,19,no,1,-0.006360174775013605,0.006360174775013605
5881,5,20,no,11,-0.07239416624794431,0.07239416624794431
4759,5,19,no,1,-0.006410485830370405,0.006410485830370405
5882,5,20,yes,7,0.04550888188525298,0.04550888188525298
6435,5,21,yes,1,-0.0011199259363911113,0.0011199259363911113
4760,5,19,no,11,-0.07324705837256262,0.07324705837256262
5883,5,20,yes,1,0.0066701446519749075,0.0066701446519749075
4761,5,19,yes,5,0.03383869244071869,0.03383869244071869
3141,3,11,no,6,-0.035564647307203545,0.035564647307203545
2653,3,10,no,4,0.0043132800055831755,0.0043132800055831755
6436,5,21,yes,1,-0.0010917613765485043,0.0010917613765485043
2172,3,9,no,1,-0.006705817235090228,0.006705817235090228
4762,5,19,no,5,-0.03383869244071869,0.03383869244071869
3142,3,11,yes,1,-0.00614129254867346,0.00614129254867346
5884,5,20,yes,4,0.02701386075832629,0.02701386075832629
4763,5,19,yes,1,0.0068248316823924515,0.0068248316823924515
3143,3,11,yes,3,0.018246091491757044,0.018246091491757044
5885,5,20,no,9,-0.0599633323817827,0.0599633323817827
5886,5,20,no,11,-0.06809461901543407,0.06809461901543407
4764,5,19,no,1,-0.0068248316823924515,0.0068248316823924515
5887,5,20,yes,3,0.017880584790014253,0.017880584790014253
5888,5,20,yes,1,0.006082521453160961,0.006082521453160961
5889,5,20,yes,1,-0.006082521453160961,0.006082521453160961
4765,5,19,yes,1,0.0068248316823924515,0.0068248316823924515
5890,5,20,yes,11,0.06986115733183235,0.06986115733183235
6437,5,21,yes,1,0.0010917613765485043,0.0010917613765485043
4766,5,19,no,5,-0.03433481921478654,0.03433481921478654
4767,5,19,yes,6,0.04113354026239635,0.04113354026239635
4768,5,19,yes,19,0.12125923034960706,0.12125923034960706
4769,5,19,no,1,0.005833461048261657,0.005833461048261657
4770,5,19,no,1,0.0057680800157665635,0.0057680800157665635
4771,5,19,no,3,-0.017499212666921005,0.017499212666921005
5891,5,20,no,1,-0.006592049699952696,0.006592049699952696
4772,5,19,no,5,-0.030405243596697384,0.030405243596697384
4773,5,19,no,11,-0.0714469926743907,0.0714469926743907
4774,5,19,no,5,-0.03398132082905758,0.03398132082905758
2173,3,9,no,2,0.013375961887065135,0.013375961887065135
5892,5,20,no,1,-0.006549739658341158,0.006549739658341158
6438,5,21,yes,9,-0.008886801480459942,0.008886801480459942
5893,5,20,yes,1,0.006549739658341158,0.006549739658341158
5894,5,20,no,2,0.01322425356502166,0.01322425356502166
3144,3,11,yes,1,0.005960635697198957,0.005960635697198957
4775,5,19,yes,4,-0.027578820207855737,0.027578820207855737
5895,5,20,no,11,-0.07041083974374035,0.07041083974374035
4776,5,19,yes,7,0.04805081856128712,0.04805081856128712
6439,5,21,no,15,0.01605214985033293,0.01605214985033293
5896,5,20,no,1,0.00614129254867346,0.00614129254867346
5897,5,20,no,6,0.03799022022358539,0.03799022022358539
5898,5,20,no,1,0.00650533374811868,0.00650533374811868
4777,5,19,yes,1,0.006770152846514388,0.006770152846514388
3918,5,18,yes,1,0.0008007802138383577,0.0008007802138383577
2174,3,9,no,1,-0.0066701446519749075,0.0066701446519749075
4778,5,19,yes,1,0.0067391696291118075,0.0067391696291118075
4779,5,19,no,4,-0.02713287520562846,0.02713287520562846
2175,3,9,yes,5,-0.03383869244071869,0.03383869244071869
3145,3,11,yes,1,-0.005960635697198957,0.005960635697198957
5899,5,20,yes,11,-0.06870228116066013,0.06870228116066013
3146,3,11,no,1,0.005960635697198957,0.005960635697198957
4780,5,19,yes,7,0.0471410409577625,0.0471410409577625
5900,5,20,yes,1,0.005960635697199068,0.005960635697199068
5901,5,20,no,11,0.06929138512180222,0.06929138512180222
4781,5,19,no,2,-0.013302348517043816,0.013302348517043816
4782,5,19,no,7,0.04581885176221434,0.04581885176221434
3147,3,11,no,2,-0.011982913187121635,0.011982913187121635
4783,5,19,yes,1,0.006360174775013605,0.006360174775013605
6440,5,21,yes,5,0.006852585593187015,0.006852585593187015
3148,3,11,yes,1,-0.006082521453160905,0.006082521453160905
4784,5,19,no,1,-0.006360174775013605,0.006360174775013605
4785,5,19,no,2,-0.012869380138757824,0.012869380138757824
5902,5,20,no,6,-0.03859265770836523,0.03859265770836523
4786,5,19,yes,18,0.10752017999170171,0.10752017999170171
2176,3,9,yes,1,0.0068248316823924515,0.0068248316823924515
5903,5,20,yes,1,0.006308029388133907,0.006308029388133907
4787,5,19,no,1,-0.0054262663116700915,0.0054262663116700915
4788,5,19,no,10,-0.057962400907772826,0.057962400907772826
4789,5,19,no,16,-0.10409484515404155,0.10409484515404155
3149,3,11,yes,2,0.012104798943083583,0.012104798943083583
4790,5,19,yes,10,0.06642222669017017,0.06642222669017017
4791,5,19,yes,12,0.07323726577107492,0.07323726577107492
4792,5,19,no,1,-0.0057680800157665635,0.0057680800157665635
5904,5,20,yes,1,-0.006308029388133907,0.006308029388133907
5905,5,20,yes,4,-0.02467644992351442,0.02467644992351442
5906,5,20,yes,1,0.006082521453160961,0.006082521453160961
5907,5,20,yes,1,0.00614129254867346,0.00614129254867346
4793,5,19,yes,5,-0.02979656729143698,0.02979656729143698
4794,5,19,no,1,-0.00614129254867346,0.00614129254867346
4795,5,19,no,11,-0.07093969184704185,0.07093969184704185
3150,3,11,yes,1,0.005960635697198957,0.005960635697198957
4796,5,19,no,1,-0.006705817235090228,0.006705817235090228
6441,5,21,yes,13,0.022279333482508143,0.022279333482508143
5908,5,20,yes,1,0.006198516407741439,0.006198516407741439
5909,5,20,yes,1,0.006254119513938561,0.006254119513938561
5910,5,20,yes,1,0.006308029388133907,0.006308029388133907
4797,5,19,no,1,-0.0067391696291118075,0.0067391696291118075
4798,5,19,yes,1,0.0067391696291118075,0.0067391696291118075
5911,5,20,yes,1,-0.006308029388133907,0.006308029388133907
2177,3,9,no,1,-0.0068248316823924515,0.0068248316823924515
3801,5,17,yes,1,0.0010917613765485043,0.0010917613765485043
6442,5,21,yes,1,0.002017172974494344,0.002017172974494344
2178,3,9,yes,5,-0.03442726583128486,0.03442726583128486
4799,5,19,no,1,0.006705817235090228,0.006705817235090228
2179,3,9,yes,1,0.006917278298890772,0.006917278298890772
2180,3,9,yes,1,0.00690396986339592,0.00690396986339592
3802,5,17,no,1,-0.0010917613765485043,0.0010917613765485043
6443,5,21,yes,7,-0.013168618426608367,0.013168618426608367
5912,5,20,yes,4,0.02553758430190539,0.02553758430190539
3151,3,11,yes,9,-0.05573805310415392,0.05573805310415392
4800,5,19,no,7,0.04581885176221434,0.04581885176221434
4801,5,19,no,1,0.006360174775013605,0.006360174775013605
3152,3,11,no,11,0.06746918575530836,0.06746918575530836
5913,5,20,no,6,-0.03799022022358539,0.03799022022358539
5914,5,20,yes,1,-0.00614129254867346,0.00614129254867346
4802,5,19,no,2,-0.01277066060538401,0.01277066060538401
5915,5,20,yes,11,-0.06338866721944286,0.06338866721944286
4803,5,19,no,1,-0.0064588943083874195,0.0064588943083874195
5916,5,20,yes,1,0.005426266311670036,0.005426266311670036
2181,3,9,yes,1,0.006888044756477085,0.006888044756477085
2182,3,9,yes,1,0.006869527289091959,0.006869527289091959
6444,5,21,yes,5,0.009181031833237693,0.009181031833237693
5917,5,20,yes,1,0.005496366471083369,0.005496366471083369
6445,5,21,no,12,0.026925844896008203,0.026925844896008203
5918,5,20,yes,4,0.02266946714525242,0.02266946714525242
5919,5,20,yes,1,0.005833461048261823,0.005833461048261823
6446,5,21,no,1,0.0025900635645267206,0.0025900635645267206
5920,5,20,no,2,0.011858307300091686,0.011858307300091686
5921,5,20,yes,7,0.04336693157658461,0.04336693157658461
6447,5,21,no,9,-0.021350180665466484,0.021350180665466484
5922,5,20,no,1,-0.006360174775013716,0.006360174775013716
5923,5,20,no,3,-0.018760665309813906,0.018760665309813906
3153,3,11,yes,1,0.0057680800157665635,0.0057680800157665635
4804,5,19,no,1,-0.00650533374811868,0.00650533374811868
5924,5,20,no,1,0.006198516407741439,0.006198516407741439
4805,5,19,yes,3,0.019374713886876505,0.019374713886876505
6448,5,21,yes,1,0.0021627369816222125,0.0021627369816222125
4806,5,19,no,1,-0.006410485830370405,0.006410485830370405
2183,3,9,no,11,0.07363660968760433,0.07363660968760433
2184,3,9,yes,5,-0.03294947162345652,0.03294947162345652
4807,5,19,yes,8,0.04977741740695496,0.04977741740695496
6449,5,21,no,1,-0.0021627369816222125,0.0021627369816222125
6450,5,21,yes,8,0.018760117100939763,0.018760117100939763
4808,5,19,no,1,-0.006022277489922678,0.006022277489922678
4809,5,19,yes,1,0.006022277489922678,0.006022277489922678
6451,5,21,no,1,-0.002533534559738787,0.002533534559738787
4810,5,19,no,1,-0.006022277489922678,0.006022277489922678
6452,5,21,no,5,-0.011850813150454567,0.011850813150454567
4811,5,19,no,6,-0.03734465408666188,0.03734465408666188
4812,5,19,no,1,-0.006410485830370405,0.006410485830370405
2185,3,9,no,6,-0.04068713806414781,0.04068713806414781
6453,5,21,yes,12,0.03080324481505914,0.03080324481505914
3154,3,11,yes,1,0.005701604461620269,0.005701604461620269
6454,5,21,no,1,-0.002885778044461579,0.002885778044461579
6455,5,21,no,1,-0.0028249181734272544,0.0028249181734272544
6456,5,21,no,1,-0.002764907831860508,0.002764907831860508
5925,5,20,yes,2,0.012562148902072467,0.012562148902072467
4813,5,19,no,4,-0.02610601741480012,0.02610601741480012
6457,5,21,yes,1,-0.0027057566289490215,0.0027057566289490215
4814,5,19,yes,1,0.006592049699952862,0.006592049699952862
3155,3,11,no,1,-0.005701604461620269,0.005701604461620269
6458,5,21,no,1,-0.002647472861640701,0.002647472861640701
3919,5,18,yes,2,0.0016656199940355589,0.0016656199940355589
4815,5,19,no,12,-0.08124307819010945,0.08124307819010945
4816,5,19,yes,2,0.013792014619873005,0.013792014619873005
5926,5,20,yes,11,0.07239416624794431,0.07239416624794431
4817,5,19,no,1,0.006869527289091959,0.006869527289091959
4818,5,19,no,1,-0.006869527289091959,0.006869527289091959
2186,3,9,no,1,0.0068484456234291224,0.0068484456234291224
4819,5,19,yes,5,0.03411167848903773,0.03411167848903773
5927,5,20,yes,5,-0.033517488227760295,0.033517488227760295
6459,5,21,yes,1,-0.0025900635645267206,0.0025900635645267206
5928,5,20,yes,14,-0.0877417421218466,0.0877417421218466
5929,5,20,no,7,0.042557034713528674,0.042557034713528674
6460,5,21,yes,1,-0.002533534559738787,0.002533534559738787
5930,5,20,yes,1,-0.006254119513938561,0.006254119513938561
6461,5,21,no,3,-0.007270295835213159,0.007270295835213159
5931,5,20,no,1,-0.006198516407741439,0.006198516407741439
3803,5,17,yes,1,0.0010917613765485043,0.0010917613765485043
3156,3,11,no,3,-0.017499212666921005,0.017499212666921005
2187,3,9,yes,5,0.03383869244071869,0.03383869244071869
5932,5,20,yes,1,0.006198516407741439,0.006198516407741439
3804,5,17,no,7,-0.007086130528340569,0.007086130528340569
4820,5,19,no,1,-0.006770152846514388,0.006770152846514388
5933,5,20,no,1,-0.006198516407741439,0.006198516407741439
4821,5,19,no,13,0.08495631515001689,0.08495631515001689
4822,5,19,yes,2,-0.012562148902072523,0.012562148902072523
4823,5,19,no,1,-0.006360174775013605,0.006360174775013605
3805,5,17,yes,6,0.005994369151792064,0.005994369151792064
3157,3,11,yes,3,-0.01806543464028254,0.01806543464028254
5934,5,20,no,9,0.057637343329997925,0.057637343329997925
5935,5,20,yes,11,0.07465102849015681,0.07465102849015681
5936,5,20,yes,1,0.006917278298890717,0.006917278298890717
6462,5,21,yes,9,-0.01904654197583229,0.01904654197583229
5937,5,20,yes,15,-0.10121542989546006,0.10121542989546006
5938,5,20,no,1,-0.0064588943083875305,0.0064588943083875305
4824,5,19,no,11,-0.07283271252054058,0.07283271252054058
3920,5,18,yes,6,0.005548256384899232,0.005548256384899232
6463,5,21,yes,5,0.010090255269844473,0.010090255269844473
4825,5,19,yes,1,0.0067987210476098126,0.0067987210476098126
6464,5,21,no,5,-0.010090255269844473,0.010090255269844473
3921,5,18,yes,3,0.0031126774738737747,0.0031126774738737747
6465,5,21,no,3,-0.005506910042875415,0.005506910042875415
5939,5,20,no,1,-0.006410485830370238,0.006410485830370238
4826,5,19,yes,14,0.09115483155775828,0.09115483155775828
3158,3,11,yes,1,0.006082521453160905,0.006082521453160905
4827,5,19,no,1,0.00614129254867346,0.00614129254867346
6466,5,21,no,1,-0.0017495943155862448,0.0017495943155862448
6467,5,21,yes,1,0.0017495943155862448,0.0017495943155862448
3159,3,11,yes,1,-0.006082521453160905,0.006082521453160905
2654,3,10,yes,11,-0.01299782098995661,0.01299782098995661
4828,5,19,no,6,0.035564647307203545,0.035564647307203545
4829,5,19,no,1,-0.0057680800157665635,0.0057680800157665635
4830,5,19,no,1,0.0057680800157665635,0.0057680800157665635
4831,5,19,no,1,-0.0057680800157665635,0.0057680800157665635
4832,5,19,yes,1,-0.005833461048261657,0.005833461048261657
3806,5,17,yes,2,0.0022116873129396156,0.0022116873129396156
5940,5,20,no,1,-0.006360174775013716,0.006360174775013716
6468,5,21,no,1,-0.0017495943155862448,0.0017495943155862448
6469,5,21,yes,1,-0.0017079790593417937,0.0017079790593417937
4833,5,19,yes,1,-0.0058976716028927845,0.0058976716028927845
3922,5,18,yes,11,0.013670238666348249,0.013670238666348249
4834,5,19,no,4,-0.024206727188956,0.024206727188956
3923,5,18,no,10,-0.012578477289799744,0.012578477289799744
3924,5,18,no,6,-0.006150234172573231,0.006150234172573231
5941,5,20,no,5,-0.030984479311648327,0.030984479311648327
5942,5,20,yes,1,0.006082521453160961,0.006082521453160961
5943,5,20,yes,1,0.00614129254867346,0.00614129254867346
3807,5,17,no,7,-0.007270160108964342,0.007270160108964342
4835,5,19,yes,7,0.041705939855877006,0.041705939855877006
4836,5,19,no,1,-0.0057680800157665635,0.0057680800157665635
5944,5,20,yes,1,0.006198516407741439,0.006198516407741439
4837,5,19,no,7,-0.042136376247851826,0.042136376247851826
5945,5,20,yes,11,0.07144699267439064,0.07144699267439064
5946,5,20,no,4,-0.02660021545208685,0.02660021545208685
4838,5,19,yes,1,-0.006254119513938505,0.006254119513938505
5947,5,20,yes,2,-0.013055073406459838,0.013055073406459838
4839,5,19,no,9,-0.058487055925361964,0.058487055925361964
5948,5,20,yes,1,-0.0064588943083875305,0.0064588943083875305
4840,5,19,yes,2,-0.013444986864202035,0.013444986864202035
4841,5,19,no,1,0.0067391696291118075,0.0067391696291118075
5949,5,20,yes,2,-0.012770660605383954,0.012770660605383954
6470,5,21,yes,8,0.01487659748595016,0.01487659748595016
2655,3,10,no,3,0.003909919937749695,0.003909919937749695
3160,3,11,yes,1,0.006082521453160905,0.006082521453160905
5950,5,20,no,1,-0.006308029388133907,0.006308029388133907
6471,5,21,yes,3,-0.005912114068146707,0.005912114068146707
5951,5,20,no,1,-0.006254119513938561,0.006254119513938561
4842,5,19,no,1,-0.0067391696291118075,0.0067391696291118075
4843,5,19,yes,16,0.10263077020300093,0.10263077020300093
4844,5,19,yes,1,-0.006022277489922678,0.006022277489922678
4845,5,19,yes,1,-0.006082521453160905,0.006082521453160905
4846,5,19,no,7,-0.044131512772258796,0.044131512772258796
6472,5,21,yes,1,0.0019245274747760333,0.0019245274747760333
6473,5,21,yes,11,-0.018833478600150458,0.018833478600150458
5952,5,20,no,10,-0.05924017087880035,0.05924017087880035
5953,5,20,yes,1,0.005634110153561633,0.005634110153561633
5954,5,20,no,1,-0.005634110153561633,0.005634110153561633
3808,5,17,yes,2,0.001945795322150952,0.001945795322150952
4847,5,19,no,7,-0.04639445848765855,0.04639445848765855
5955,5,20,yes,1,0.005634110153561633,0.005634110153561633
5956,5,20,yes,5,0.029161452825740286,0.029161452825740286
2656,3,10,no,1,0.001239248317012387,0.001239248317012387
3161,3,11,yes,1,0.006022277489922678,0.006022277489922678
6474,5,21,yes,8,0.013194090409459694,0.013194090409459694
4848,5,19,yes,1,0.0067391696291118075,0.0067391696291118075
5957,5,20,yes,1,0.006022277489922567,0.006022277489922567
6475,5,21,yes,1,0.0018353517880112385,0.0018353517880112385
4849,5,19,yes,4,0.026600215452086906,0.026600215452086906
5958,5,20,no,18,-0.09812116199929813,0.09812116199929813
5959,5,20,yes,4,0.019824281911862807,0.019824281911862807
6476,5,21,no,1,-0.0018353517880112385,0.0018353517880112385
5960,5,20,yes,3,0.015635288773991535,0.015635288773991535
5961,5,20,yes,1,0.005355445547161886,0.005355445547161886
3809,5,17,yes,15,0.018222372813482282,0.018222372813482282
5962,5,20,yes,1,0.005426266311670036,0.005426266311670036
4850,5,19,yes,3,0.019513967714847258,0.019513967714847258
5963,5,20,yes,5,0.02816583361633579,0.02816583361633579
5964,5,20,no,1,-0.0057680800157664525,0.0057680800157664525
5965,5,20,yes,1,-0.005701604461620324,0.005701604461620324
5966,5,20,no,11,0.06616820962731118,0.06616820962731118
6477,5,21,yes,12,0.025130673068556708,0.025130673068556708
5967,5,20,no,6,-0.037006756801570895,0.037006756801570895
3162,3,11,yes,1,0.005960635697198957,0.005960635697198957
5968,5,20,yes,13,-0.07227460259751275,0.07227460259751275
5969,5,20,yes,7,0.037479039618210835,0.037479039618210835
5970,5,20,yes,2,-0.011062038985387379,0.011062038985387379
5971,5,20,no,10,0.057962400907772826,0.057962400907772826
4851,5,19,no,2,-0.0129642280565061,0.0129642280565061
4852,5,19,no,2,0.0129642280565061,0.0129642280565061
5972,5,20,no,8,-0.04690036192238545,0.04690036192238545
6478,5,21,yes,1,-0.0023692703768096873,0.0023692703768096873
3810,5,17,no,9,-0.011749262441150599,0.011749262441150599
5973,5,20,no,1,-0.00556567251430401,0.00556567251430401
4853,5,19,yes,17,-0.11460227388561772,0.11460227388561772
3163,3,11,yes,5,-0.030405243596697384,0.030405243596697384
4854,5,19,no,6,0.0413552155130551,0.0413552155130551
5974,5,20,yes,1,0.00556567251430401,0.00556567251430401
4855,5,19,no,1,0.0068248316823924515,0.0068248316823924515
4856,5,19,no,6,-0.04125209751367731,0.04125209751367731
6479,5,21,yes,9,-0.01904654197583229,0.01904654197583229
5975,5,20,no,1,0.005634110153561633,0.005634110153561633
5976,5,20,yes,2,0.011469684477386777,0.011469684477386777
5977,5,20,yes,11,0.06746918575530836,0.06746918575530836
3925,5,18,yes,6,0.006150234172573231,0.006150234172573231
4857,5,19,yes,3,0.020709292918763778,0.020709292918763778
5978,5,20,no,7,-0.04375513991703228,0.04375513991703228
3811,5,17,no,13,-0.012865027224507577,0.012865027224507577
3164,3,11,yes,1,0.0061985164077413835,0.0061985164077413835
3926,5,18,no,1,-0.0010917613765485043,0.0010917613765485043
5979,5,20,yes,1,0.006082521453160961,0.006082521453160961
4858,5,19,yes,7,0.04755666535323977,0.04755666535323977
3165,3,11,yes,6,0.03593785984011044,0.03593785984011044
3927,5,18,yes,13,0.016585136603089863,0.016585136603089863
6480,5,21,yes,5,0.010090255269844473,0.010090255269844473
4859,5,19,yes,1,0.0066701446519749075,0.0066701446519749075
4860,5,19,yes,1,-0.0066701446519749075,0.0066701446519749075
5980,5,20,no,1,-0.006082521453160961,0.006082521453160961
3166,3,11,no,10,-0.061058699924937954,0.061058699924937954
3928,5,18,no,12,-0.015493375226541359,0.015493375226541359
3167,3,11,no,4,0.02512084008482751,0.02512084008482751
4861,5,19,no,16,0.10104409063889064,0.10104409063889064
4862,5,19,yes,1,-0.0058976716028927845,0.0058976716028927845
4863,5,19,no,1,-0.005960635697198957,0.005960635697198957
5981,5,20,no,20,-0.10758978998707988,0.10758978998707988
5982,5,20,no,4,-0.018046833823686936,0.018046833823686936
5983,5,20,yes,2,-0.008579594920679334,0.008579594920679334
5984,5,20,no,2,-0.008286025985468348,0.008286025985468348
4864,5,19,no,1,-0.006022277489922678,0.006022277489922678
4865,5,19,no,1,-0.006082521453160905,0.006082521453160905
5985,5,20,yes,5,0.02126614254604009,0.02126614254604009
4866,5,19,yes,7,0.041266251768823814,0.041266251768823814
3929,5,18,no,10,-0.009752695235321511,0.009752695235321511
4867,5,19,yes,1,-0.005701604461620269,0.005701604461620269
4868,5,19,yes,14,-0.08620149382758102,0.08620149382758102
5986,5,20,no,8,0.037872829690169973,0.037872829690169973
5987,5,20,no,1,-0.004993035387778344,0.004993035387778344
5988,5,20,yes,7,0.036476428413870915,0.036476428413870915
5989,5,20,yes,4,0.022397753600569337,0.022397753600569337
5990,5,20,yes,1,0.0057680800157664525,0.0057680800157664525
5991,5,20,yes,8,-0.044231522257000444,0.044231522257000444
5992,5,20,yes,1,0.005283976781832733,0.005283976781832733
5993,5,20,yes,1,0.005355445547161886,0.005355445547161886
4869,5,19,no,1,-0.006549739658341158,0.006549739658341158
6481,5,21,no,9,0.021350180665466484,0.021350180665466484
5994,5,20,yes,1,0.005426266311670036,0.005426266311670036
5995,5,20,yes,4,0.022397753600569337,0.022397753600569337
4870,5,19,no,1,-0.006592049699952862,0.006592049699952862
4871,5,19,no,2,0.01314178935829402,0.01314178935829402
3812,5,17,yes,1,0.0008436604672766614,0.0008436604672766614
4872,5,19,yes,2,0.0129642280565061,0.0129642280565061
4873,5,19,yes,1,0.006410485830370405,0.006410485830370405
5996,5,20,yes,1,-0.005701604461620324,0.005701604461620324
5997,5,20,yes,1,0.005701604461620324,0.005701604461620324
6482,5,21,no,1,-0.0025900635645267206,0.0025900635645267206
6483,5,21,yes,1,-0.002533534559738787,0.002533534559738787
5998,5,20,no,9,-0.04881475423339279,0.04881475423339279
3168,3,11,yes,1,0.00614129254867346,0.00614129254867346
3169,3,11,yes,3,-0.01859392847035335,0.01859392847035335
5999,5,20,yes,1,0.005139380401899957,0.005139380401899957
6000,5,20,yes,5,0.02677398670200687,0.02677398670200687
4874,5,19,yes,1,-0.006410485830370405,0.006410485830370405
4875,5,19,no,1,0.006410485830370405,0.006410485830370405
3170,3,11,yes,1,0.006254119513938505,0.006254119513938505
6001,5,20,no,7,-0.03697975949717594,0.03697975949717594
6002,5,20,no,7,-0.0333982513846732,0.0333982513846732
6484,5,21,no,1,-0.0024778905067136536,0.0024778905067136536
6003,5,20,yes,1,-0.004474578305496774,0.004474578305496774
6004,5,20,yes,4,0.018343533730782513,0.018343533730782513
6005,5,20,yes,1,0.004771406440793768,0.004771406440793768
4876,5,19,no,7,0.043366931576584555,0.043366931576584555
4877,5,19,no,6,-0.03700675680157095,0.03700675680157095
6006,5,20,yes,11,0.05730332153007364,0.05730332153007364
6007,5,20,no,4,-0.0218437508442193,0.0218437508442193
6008,5,20,yes,1,0.005355445547161886,0.005355445547161886
4878,5,19,yes,1,0.006308029388134018,0.006308029388134018
4879,5,19,yes,1,-0.006308029388134018,0.006308029388134018
4880,5,19,no,1,-0.006360174775013605,0.006360174775013605
4881,5,19,no,1,0.006360174775013605,0.006360174775013605
6009,5,20,no,9,0.051283868276359335,0.051283868276359335
3930,5,18,yes,1,0.0008658937548615686,0.0008658937548615686
6010,5,20,no,1,-0.005960635697199068,0.005960635697199068
3931,5,18,yes,1,0.0008886702091033122,0.0008886702091033122
2657,3,10,no,8,-0.010838076560538812,0.010838076560538812
4882,5,19,yes,1,0.006308029388134018,0.006308029388134018
6485,5,21,yes,8,0.021430322171318225,0.021430322171318225
6011,5,20,no,6,-0.03440059979640686,0.03440059979640686
6012,5,20,yes,1,0.00556567251430401,0.00556567251430401
3171,3,11,no,2,-0.012562148902072523,0.012562148902072523
4883,5,19,yes,1,0.006254119513938505,0.006254119513938505
4884,5,19,yes,1,0.0061985164077413835,0.0061985164077413835
3172,3,11,no,1,0.006308029388134018,0.006308029388134018
4885,5,19,yes,1,-0.0061985164077413835,0.0061985164077413835
3932,5,18,yes,1,0.0009120007430160615,0.0009120007430160615
3173,3,11,no,2,-0.012668204163147623,0.012668204163147623
6486,5,21,no,1,-0.002885778044461579,0.002885778044461579
6487,5,21,no,1,-0.0028249181734272544,0.0028249181734272544
6013,5,20,yes,14,0.08457298038625677,0.08457298038625677
4886,5,19,no,1,-0.006254119513938505,0.006254119513938505
6014,5,20,no,10,-0.061635724707046535,0.061635724707046535
3174,3,11,yes,3,-0.019374713886876505,0.019374713886876505
4887,5,19,no,1,-0.006308029388134018,0.006308029388134018
3175,3,11,no,2,0.0129642280565061,0.0129642280565061
3176,3,11,no,1,0.006410485830370405,0.006410485830370405
6488,5,21,yes,6,-0.015719625953429392,0.015719625953429392
6489,5,21,yes,1,-0.0024231349516898176,0.0024231349516898176
4888,5,19,no,1,0.006308029388134018,0.006308029388134018
6015,5,20,no,3,-0.0173031455256486,0.0173031455256486
6016,5,20,yes,1,0.005701604461620324,0.005701604461620324
6490,5,21,yes,1,0.0024231349516898176,0.0024231349516898176
3177,3,11,no,1,0.006360174775013605,0.006360174775013605
6017,5,20,no,1,-0.005701604461620324,0.005701604461620324
4889,5,19,no,1,0.006254119513938505,0.006254119513938505
6018,5,20,yes,5,0.029161452825740286,0.029161452825740286
6019,5,20,yes,8,-0.0458576019646893,0.0458576019646893
6020,5,20,yes,1,0.005496366471083369,0.005496366471083369
4890,5,19,yes,14,0.08108392172301959,0.08108392172301959
4891,5,19,no,1,-0.00535544554716183,0.00535544554716183
4892,5,19,yes,1,0.00535544554716183,0.00535544554716183
4893,5,19,no,1,-0.00535544554716183,0.00535544554716183
4894,5,19,no,10,-0.05730614576628201,0.05730614576628201
4895,5,19,yes,1,-0.006082521453160905,0.006082521453160905
3178,3,11,yes,4,-0.02573488866189011,0.02573488866189011
3179,3,11,yes,1,0.00650533374811868,0.00650533374811868
6491,5,21,yes,6,-0.013748692034487323,0.013748692034487323
4896,5,19,yes,6,-0.03767261846387138,0.03767261846387138
6021,5,20,no,11,-0.0565090554565634,0.0565090554565634
3813,5,17,yes,1,0.0008658937548615686,0.0008658937548615686
6022,5,20,yes,1,0.004771406440793768,0.004771406440793768
4897,5,19,no,8,-0.05285335279604597,0.05285335279604597
6023,5,20,yes,1,0.004845478367507289,0.004845478367507289
6024,5,20,yes,1,0.004919375763308059,0.004919375763308059
6025,5,20,no,9,0.047538467399258294,0.047538467399258294
4898,5,19,no,5,0.033339385081198714,0.033339385081198714
3933,5,18,yes,14,0.01555454473372208,0.01555454473372208
6026,5,20,yes,1,0.005634110153561633,0.005634110153561633
4899,5,19,no,1,-0.006592049699952862,0.006592049699952862
4900,5,19,yes,3,0.0196471231064127,0.0196471231064127
6492,5,21,yes,16,0.04113649175868511,0.04113649175868511
6493,5,21,no,1,-0.003010001079055108,0.003010001079055108
6494,5,21,yes,8,-0.021899908138429028,0.021899908138429028
4901,5,19,no,1,-0.00650533374811868,0.00650533374811868
4902,5,19,yes,3,0.019374713886876505,0.019374713886876505
4903,5,19,no,4,0.02512084008482751,0.02512084008482751
6027,5,20,no,17,0.1050448876474952,0.1050448876474952
6028,5,20,no,4,-0.026106017414800065,0.026106017414800065
6029,5,20,no,1,-0.006410485830370238,0.006410485830370238
6030,5,20,no,3,-0.018922323677086184,0.018922323677086184
6495,5,21,yes,6,0.016066653620142993,0.016066653620142993
4904,5,19,no,9,-0.057637343329998036,0.057637343329998036
6031,5,20,yes,11,-0.06480584339310436,0.06480584339310436
3934,5,18,no,12,-0.013658280253150863,0.013658280253150863
3180,3,11,yes,4,0.025537584301905447,0.025537584301905447
4905,5,19,no,20,-0.13706677689807373,0.13706677689807373
4906,5,19,no,1,-0.006917278298890717,0.006917278298890717
6496,5,21,yes,1,-0.0028249181734272544,0.0028249181734272544
6497,5,21,no,1,0.0028249181734272544,0.0028249181734272544
3181,3,11,yes,2,0.012452635921679889,0.012452635921679889
4907,5,19,yes,13,0.08999456861577282,0.08999456861577282
6498,5,21,no,1,-0.0028249181734272544,0.0028249181734272544
4908,5,19,yes,1,0.0068484456234291224,0.0068484456234291224
3814,5,17,no,16,0.017355215685841453,0.017355215685841453
6032,5,20,no,1,-0.005496366471083369,0.005496366471083369
3815,5,17,no,9,-0.01062441613952498,0.01062441613952498
3816,5,17,yes,6,0.006811300600145995,0.006811300600145995
4909,5,19,yes,1,0.0068248316823924515,0.0068248316823924515
3817,5,17,no,1,-0.0012083954815765574,0.0012083954815765574
4910,5,19,no,1,0.0067987210476098126,0.0067987210476098126
4911,5,19,no,8,-0.05497876824305736,0.05497876824305736
6033,5,20,no,9,-0.04624128254468626,0.04624128254468626
6034,5,20,yes,11,0.05730332153007364,0.05730332153007364
4912,5,19,yes,7,0.04818004719544755,0.04818004719544755
3182,3,11,no,1,-0.0061985164077413835,0.0061985164077413835
3818,5,17,yes,1,0.0012083954815765574,0.0012083954815765574
6499,5,21,yes,1,0.0028249181734272544,0.0028249181734272544
4913,5,19,yes,15,0.09795355260536809,0.09795355260536809
3819,5,17,no,1,-0.0012083954815765574,0.0012083954815765574
4914,5,19,no,19,0.10549949763362532,0.10549949763362532
6035,5,20,yes,1,-0.00556567251430401,0.00556567251430401
6500,5,21,yes,2,0.005833254518286035,0.005833254518286035
4915,5,19,no,1,-0.0049193757633081425,0.0049193757633081425
4916,5,19,yes,3,-0.015198808182947388,0.015198808182947388
4917,5,19,no,2,-0.010495908372091578,0.010495908372091578
6501,5,21,yes,1,-0.0029474764738244563,0.0029474764738244563
6502,5,21,no,1,-0.002885778044461579,0.002885778044461579
4918,5,19,no,9,-0.05067867812632221,0.05067867812632221
6036,5,20,yes,8,-0.041972794884954284,0.041972794884954284
6037,5,20,yes,1,0.004993035387778344,0.004993035387778344
4919,5,19,no,1,-0.005960635697198957,0.005960635697198957
6038,5,20,yes,1,0.005066392393269115,0.005066392393269115
6039,5,20,no,11,-0.05166637649230618,0.05166637649230618
6503,5,21,no,2,0.005833254518286035,0.005833254518286035
6040,5,20,no,11,-0.04281084621317596,0.04281084621317596
4920,5,19,yes,2,0.011858307300091742,0.011858307300091742
6504,5,21,yes,1,-0.0029474764738244563,0.0029474764738244563
6041,5,20,yes,1,0.0035379507575973856,0.0035379507575973856
6042,5,20,yes,1,0.003607097447810126,0.003607097447810126
4921,5,19,no,2,-0.011858307300091742,0.011858307300091742
4922,5,19,no,1,-0.006022277489922678,0.006022277489922678
3820,5,17,no,13,-0.01319959841974748,0.01319959841974748
4923,5,19,yes,16,-0.10337864555959264,0.10337864555959264
3183,3,11,no,9,0.05360606072523866,0.05360606072523866
4924,5,19,no,1,0.006770152846514388,0.006770152846514388
3184,3,11,yes,1,-0.005701604461620269,0.005701604461620269
4925,5,19,yes,1,0.0067391696291118075,0.0067391696291118075
6043,5,20,yes,2,0.007424062124434944,0.007424062124434944
6044,5,20,yes,1,0.003818099192726798,0.003818099192726798
6045,5,20,yes,1,0.003889511089587072,0.003889511089587072
4926,5,19,yes,2,0.013375961887065135,0.013375961887065135
4927,5,19,yes,1,0.006632203865068909,0.006632203865068909
3185,3,11,no,1,-0.0057680800157665635,0.0057680800157665635
4928,5,19,yes,8,0.05143882692225665,0.05143882692225665
6505,5,21,yes,5,0.015370673443576371,0.015370673443576371
4929,5,19,no,1,-0.006254119513938505,0.006254119513938505
6046,5,20,yes,1,0.003961402534739644,0.003961402534739644
4930,5,19,no,3,-0.019078689993518028,0.019078689993518028
4931,5,19,yes,5,0.031531325915197916,0.031531325915197916
4932,5,19,yes,1,-0.0061985164077413835,0.0061985164077413835
6047,5,20,yes,1,0.004033734929106997,0.004033734929106997
6048,5,20,yes,1,0.0041064676986638515,0.0041064676986638515
3186,3,11,no,1,-0.005833461048261657,0.005833461048261657
6049,5,20,yes,5,0.021634253152873012,0.021634253152873012
3187,3,11,no,4,-0.023963106243175325,0.023963106243175325
4933,5,19,yes,1,0.0061985164077413835,0.0061985164077413835
6506,5,21,yes,1,-0.003202385934887142,0.003202385934887142
3821,5,17,yes,13,0.01319959841974748,0.01319959841974748
4934,5,19,no,1,0.00614129254867346,0.00614129254867346
4935,5,19,yes,1,0.006082521453160905,0.006082521453160905
3822,5,17,no,9,-0.0095971373569992,0.0095971373569992
6050,5,20,no,1,0.004548750366815624,0.004548750366815624
4936,5,19,no,1,-0.006082521453160905,0.006082521453160905
4937,5,19,no,1,-0.00614129254867346,0.00614129254867346
3188,3,11,yes,1,0.006082521453160905,0.006082521453160905
6051,5,20,yes,1,0.004622983511482132,0.004622983511482132
6052,5,20,yes,11,0.055709910532468015,0.055709910532468015
4938,5,19,no,1,-0.0061985164077413835,0.0061985164077413835
4939,5,19,no,2,-0.012562148902072523,0.012562148902072523
6053,5,20,no,1,-0.005426266311670036,0.005426266311670036
4940,5,19,no,7,0.04296739249876991,0.04296739249876991
4941,5,19,no,1,-0.005960635697198957,0.005960635697198957
6507,5,21,no,5,-0.015054065553150808,0.015054065553150808
4942,5,19,no,1,-0.006022277489922678,0.006022277489922678
3823,5,17,yes,7,0.007270160108964342,0.007270160108964342
3189,3,11,yes,1,0.006022277489922678,0.006022277489922678
6054,5,20,no,1,-0.005355445547161886,0.005355445547161886
6508,5,21,no,8,0.024858991464203867,0.024858991464203867
6055,5,20,no,2,-0.010495908372091578,0.010495908372091578
6509,5,21,yes,12,-0.03580204696008135,0.03580204696008135
3824,5,17,no,6,-0.0063097919841604636,0.0063097919841604636
4943,5,19,yes,1,0.006022277489922678,0.006022277489922678
4944,5,19,no,9,-0.05623631171534238,0.05623631171534238
4945,5,19,yes,8,0.0502140342254197,0.0502140342254197
3935,5,18,yes,12,0.013658280253150863,0.013658280253150863
4946,5,19,yes,1,-0.006082521453160905,0.006082521453160905
4947,5,19,no,11,0.06338866721944292,0.06338866721944292
6056,5,20,no,7,-0.034432290301544516,0.034432290301544516
6057,5,20,yes,11,0.055709910532468015,0.055709910532468015
6058,5,20,no,11,-0.055709910532468015,0.055709910532468015
3825,5,17,no,4,0.004098104671220848,0.004098104671220848
4948,5,19,yes,5,0.026057126714422507,0.026057126714422507
4949,5,19,no,12,-0.0654826876906901,0.0654826876906901
6059,5,20,yes,1,0.004697221546987984,0.004697221546987984
6060,5,20,yes,1,0.004771406440793768,0.004771406440793768
6510,5,21,no,2,-0.005123598124265508,0.005123598124265508
3190,3,11,no,1,0.005960635697198957,0.005960635697198957
4950,5,19,yes,5,-0.030104398791848785,0.030104398791848785
3936,5,18,no,4,-0.005021511020955542,0.005021511020955542
6061,5,20,yes,1,0.004845478367507289,0.004845478367507289
3191,3,11,yes,1,0.0058976716028927845,0.0058976716028927845
6062,5,20,no,3,0.014978803544355518,0.014978803544355518
6063,5,20,yes,1,0.005139380401899957,0.005139380401899957
6064,5,20,no,8,-0.03905527381302665,0.03905527381302665
6065,5,20,no,16,-0.0640307768601677,0.0640307768601677
6511,5,21,yes,1,-0.0024778905067136536,0.0024778905067136536
6066,5,20,yes,1,0.0034694475658122448,0.0034694475658122448
6067,5,20,yes,9,0.03437832577466682,0.03437832577466682
4951,5,19,no,1,-0.0061985164077413835,0.0061985164077413835
6068,5,20,no,10,0.04512009338645981,0.04512009338645981
6069,5,20,yes,1,-0.004845478367507289,0.004845478367507289
4952,5,19,no,2,0.012339808956414844,0.012339808956414844
6512,5,21,yes,2,-0.004792405328499505,0.004792405328499505
6070,5,20,yes,1,0.004845478367507289,0.004845478367507289
6071,5,20,no,1,0.004919375763308059,0.004919375763308059
4953,5,19,yes,1,0.006082521453160905,0.006082521453160905
4954,5,19,yes,2,0.011982913187121635,0.011982913187121635
4955,5,19,yes,6,0.03440059979640686,0.03440059979640686
4956,5,19,no,1,-0.005565672514303843,0.005565672514303843
4957,5,19,no,1,-0.005634110153561744,0.005634110153561744
6513,5,21,no,1,-0.002316298248714571,0.002316298248714571
6072,5,20,no,5,-0.023856465630079232,0.023856465630079232
6073,5,20,yes,1,0.004622983511482132,0.004622983511482132
3937,5,18,no,8,-0.008636769232195321,0.008636769232195321
6074,5,20,no,6,0.02929290989964456,0.02929290989964456
4958,5,19,no,1,-0.005701604461620269,0.005701604461620269
6514,5,21,no,1,-0.0022642190665268375,0.0022642190665268375
6075,5,20,yes,1,0.005139380401899957,0.005139380401899957
4959,5,19,no,2,-0.01160154106402822,0.01160154106402822
4960,5,19,no,9,-0.0552252388766763,0.0552252388766763
6515,5,21,yes,1,-0.0022130324091241965,0.0022130324091241965
4961,5,19,yes,4,0.02512084008482751,0.02512084008482751
6076,5,20,no,1,-0.005139380401899957,0.005139380401899957
6516,5,21,yes,14,0.03596375369800779,0.03596375369800779
4962,5,19,no,1,0.00614129254867346,0.00614129254867346
6517,5,21,no,1,0.003010001079055108,0.003010001079055108
6518,5,21,yes,1,-0.003010001079055108,0.003010001079055108
4963,5,19,yes,1,-0.00614129254867346,0.00614129254867346
4964,5,19,no,1,0.00614129254867346,0.00614129254867346
4965,5,19,yes,1,0.006082521453160905,0.006082521453160905
4966,5,19,no,4,-0.024676449923514254,0.024676449923514254
4967,5,19,no,1,-0.006308029388134018,0.006308029388134018
6519,5,21,yes,9,-0.02437779864514268,0.02437779864514268
6077,5,20,no,8,-0.038464643777942314,0.038464643777942314
6078,5,20,yes,2,0.009171733878297755,0.009171733878297755
4968,5,19,yes,13,0.07736799229517677,0.07736799229517677
4969,5,19,no,5,-0.028502928193514077,0.028502928193514077
4970,5,19,no,5,0.028502928193514077,0.028502928193514077
4971,5,19,yes,5,-0.028502928193514077,0.028502928193514077
4972,5,19,no,13,-0.08114969242189396,0.08114969242189396
4973,5,19,no,1,0.006549739658341158,0.006549739658341158
4974,5,19,no,3,0.019374713886876505,0.019374713886876505
6079,5,20,yes,1,-0.004622983511482132,0.004622983511482132
6080,5,20,yes,1,-0.004548750366815624,0.004548750366815624
6081,5,20,yes,5,0.023485840233586797,0.023485840233586797
6082,5,20,yes,1,-0.004845478367507289,0.004845478367507289
6083,5,20,yes,10,-0.04438108271761637,0.04438108271761637
3826,5,17,no,1,0.0010917613765485043,0.0010917613765485043
4975,5,19,yes,2,0.012668204163147623,0.012668204163147623
6084,5,20,yes,1,0.0041064676986638515,0.0041064676986638515
6085,5,20,yes,4,0.01715967484737624,0.01715967484737624
4976,5,19,no,1,-0.006308029388134018,0.006308029388134018
6086,5,20,yes,1,0.004474578305496774,0.004474578305496774
3827,5,17,no,1,0.0011199259363911113,0.0011199259363911113
6520,5,21,yes,1,-0.0024231349516898176,0.0024231349516898176
3938,5,18,yes,9,0.009845164713771878,0.009845164713771878
4977,5,19,yes,6,-0.03887667802018413,0.03887667802018413
6087,5,20,yes,1,0.004548750366815624,0.004548750366815624
6521,5,21,no,1,0.0024231349516898176,0.0024231349516898176
4978,5,19,yes,1,0.006592049699952862,0.006592049699952862
4979,5,19,yes,13,0.08114969242189396,0.08114969242189396
4980,5,19,no,4,-0.023963106243175325,0.023963106243175325
6088,5,20,no,1,-0.004548750366815624,0.004548750366815624
6089,5,20,no,4,-0.017454694866068515,0.017454694866068515
4981,5,19,no,1,-0.00614129254867346,0.00614129254867346
4982,5,19,no,1,0.00614129254867346,0.00614129254867346
3939,5,18,no,11,-0.011741429194343095,0.011741429194343095
6522,5,21,no,1,0.0024778905067136536,0.0024778905067136536
3828,5,17,no,5,-0.00532436478681339,0.00532436478681339
4983,5,19,no,1,-0.00614129254867346,0.00614129254867346
6090,5,20,yes,12,0.05591933864401083,0.05591933864401083
4984,5,19,no,1,0.00614129254867346,0.00614129254867346
6091,5,20,yes,10,0.054582834249159246,0.054582834249159246
6092,5,20,no,1,-0.0057680800157664525,0.0057680800157664525
6093,5,20,no,13,-0.0686390361452556,0.0686390361452556
6094,5,20,yes,7,0.03545957068585434,0.03545957068585434
6095,5,20,yes,11,-0.05409993255193385,0.05409993255193385
3940,5,18,yes,1,0.0009358963557673378,0.0009358963557673378
3829,5,17,yes,1,0.0010110847812301663,0.0010110847812301663
4985,5,19,no,2,-0.012339808956414844,0.012339808956414844
6096,5,20,yes,1,0.004548750366815624,0.004548750366815624
6097,5,20,no,2,-0.009023328672312397,0.009023328672312397
4986,5,19,no,1,0.0061985164077413835,0.0061985164077413835
3830,5,17,no,8,0.009087901052207158,0.009087901052207158
4987,5,19,no,1,-0.0061985164077413835,0.0061985164077413835
3831,5,17,yes,13,0.01925127501043908,0.01925127501043908
6098,5,20,no,1,-0.004400521639892407,0.004400521639892407
4988,5,19,yes,1,0.0061985164077413835,0.0061985164077413835
6523,5,21,yes,1,-0.0024778905067136536,0.0024778905067136536
6099,5,20,yes,7,0.03236094017897598,0.03236094017897598
6100,5,20,yes,1,-0.004845478367507289,0.004845478367507289
6101,5,20,no,1,-0.004771406440793768,0.004771406440793768
3832,5,17,no,1,-0.0017079790593417937,0.0017079790593417937
6102,5,20,no,11,-0.047604813740669244,0.047604813740669244
3833,5,17,no,1,0.0017079790593417937,0.0017079790593417937
3834,5,17,yes,1,-0.0017079790593417937,0.0017079790593417937
3835,5,17,no,1,-0.0016671954327226735,0.0016671954327226735
6103,5,20,yes,7,0.02926128000988673,0.02926128000988673
4989,5,19,no,1,0.00614129254867346,0.00614129254867346
3836,5,17,no,1,-0.001627234912458149,0.001627234912458149
6104,5,20,no,2,-0.008727154408867094,0.008727154408867094
6524,5,21,yes,4,-0.009372922643740914,0.009372922643740914
4990,5,19,no,5,0.02979656729143698,0.02979656729143698
6105,5,20,yes,5,0.022373466592661623,0.022373466592661623
4991,5,19,no,1,0.0057680800157665635,0.0057680800157665635
6106,5,20,no,1,-0.004622983511482132,0.004622983511482132
4992,5,19,yes,1,0.005701604461620269,0.005701604461620269
6107,5,20,yes,5,-0.02200344523288414,0.02200344523288414
6108,5,20,yes,1,0.004252962151704648,0.004252962151704648
3837,5,17,no,1,-0.001588088609475631,0.001588088609475631
6109,5,20,yes,16,0.07808337712512964,0.07808337712512964
6110,5,20,yes,5,-0.026417000632823456,0.026417000632823456
3838,5,17,no,9,-0.012660776996440831,0.012660776996440831
4993,5,19,no,1,-0.005701604461620269,0.005701604461620269
4994,5,19,no,1,-0.0057680800157665635,0.0057680800157665635
3839,5,17,yes,1,0.0012708013868579435,0.0012708013868579435
6525,5,21,yes,11,-0.02172252901905254,0.02172252901905254
6111,5,20,no,6,-0.02929290989964456,0.02929290989964456
6112,5,20,no,6,-0.02662642874436627,0.02662642874436627
6526,5,21,yes,3,0.005376995430558168,0.005376995430558168
6113,5,20,yes,1,0.004252962151704648,0.004252962151704648
4995,5,19,no,1,0.0057680800157665635,0.0057680800157665635
4996,5,19,yes,1,0.005701604461620269,0.005701604461620269
4997,5,19,no,14,-0.08539776454108261,0.08539776454108261
6114,5,20,yes,1,0.004326632768974686,0.004326632768974686
4998,5,19,no,1,0.0064588943083874195,0.0064588943083874195
3840,5,17,yes,1,0.0013030658355085226,0.0013030658355085226
6527,5,21,no,1,-0.0018353517880112385,0.0018353517880112385
6528,5,21,no,1,-0.0017920493269606846,0.0017920493269606846
6529,5,21,yes,1,-0.0017495943155862448,0.0017495943155862448
4999,5,19,yes,10,0.0616357247070467,0.0616357247070467
5000,5,19,no,12,0.0654826876906901,0.0654826876906901
5001,5,19,no,6,-0.0314833930260926,0.0314833930260926
5002,5,19,no,5,-0.028165833616335845,0.028165833616335845
5003,5,19,yes,2,0.011469684477386832,0.011469684477386832
6530,5,21,yes,13,0.02630304633429395,0.02630304633429395
5004,5,19,no,1,-0.005701604461620269,0.005701604461620269
6115,5,20,yes,11,0.05247912412523145,0.05247912412523145
3841,5,17,no,1,-0.0013030658355085226,0.0013030658355085226
5005,5,19,no,1,-0.0057680800157665635,0.0057680800157665635
6116,5,20,yes,4,-0.020118183946255475,0.020118183946255475
5006,5,19,no,13,-0.08043341381181446,0.08043341381181446
6531,5,21,yes,1,0.0023692703768096873,0.0023692703768096873
5007,5,19,yes,1,0.00650533374811868,0.00650533374811868
6117,5,20,no,1,-0.004845478367507289,0.004845478367507289
5008,5,19,no,1,0.0064588943083874195,0.0064588943083874195
6118,5,20,yes,1,-0.004771406440793768,0.004771406440793768
6119,5,20,yes,1,0.004771406440793768,0.004771406440793768
5009,5,19,yes,1,0.006410485830370405,0.006410485830370405
3842,5,17,yes,1,0.0013030658355085226,0.0013030658355085226
3843,5,17,no,1,-0.0013030658355085226,0.0013030658355085226
5010,5,19,no,16,0.09465079985294389,0.09465079985294389
5011,5,19,yes,1,0.00535544554716183,0.00535544554716183
5012,5,19,no,1,-0.00535544554716183,0.00535544554716183
6532,5,21,no,10,-0.021415812352641977,0.021415812352641977
3844,5,17,yes,3,0.004008891518465507,0.004008891518465507
3941,5,18,yes,1,0.0009603681248038787,0.0009603681248038787
6120,5,20,no,1,-0.004771406440793768,0.004771406440793768
6533,5,21,yes,1,-0.0018795089279034921,0.0018795089279034921
5013,5,19,no,1,-0.0054262663116700915,0.0054262663116700915
3845,5,17,no,1,-0.0013697729675739914,0.0013697729675739914
5014,5,19,yes,2,0.010781711858831922,0.010781711858831922
5015,5,19,no,1,-0.00535544554716183,0.00535544554716183
5016,5,19,no,1,-0.0054262663116700915,0.0054262663116700915
5017,5,19,no,8,-0.04585760196468924,0.04585760196468924
6121,5,20,yes,1,0.004771406440793768,0.004771406440793768
3846,5,17,no,1,-0.0013360527153829932,0.0013360527153829932
5018,5,19,no,7,-0.043366931576584555,0.043366931576584555
3847,5,17,no,1,-0.0013030658355085226,0.0013030658355085226
6122,5,20,yes,7,0.03545957068585434,0.03545957068585434
5019,5,19,yes,1,0.006360174775013605,0.006360174775013605
6123,5,20,yes,1,0.005355445547161886,0.005355445547161886
6124,5,20,no,1,-0.005355445547161886,0.005355445547161886
5020,5,19,yes,3,0.018760665309813906,0.018760665309813906
6125,5,20,yes,1,0.005355445547161886,0.005355445547161886
6126,5,20,no,2,-0.010639422328994619,0.010639422328994619
5021,5,19,yes,1,-0.0061985164077413835,0.0061985164077413835
5022,5,19,no,1,0.0061985164077413835,0.0061985164077413835
6534,5,21,yes,1,-0.0018353517880112385,0.0018353517880112385
6127,5,20,no,15,-0.07045020892297413,0.07045020892297413
6128,5,20,yes,19,0.09201226403472215,0.09201226403472215
6129,5,20,yes,10,-0.05173764901576963,0.05173764901576963
6535,5,21,yes,2,0.0037148607159147307,0.0037148607159147307
6130,5,20,yes,10,-0.04438108271761637,0.04438108271761637
3848,5,17,no,1,-0.0012708013868579435,0.0012708013868579435
5023,5,19,yes,1,0.00614129254867346,0.00614129254867346
6131,5,20,yes,13,0.05913897223621006,0.05913897223621006
3849,5,17,no,3,-0.0036258754611056404,0.0036258754611056404
6132,5,20,no,4,-0.01952929595938746,0.01952929595938746
3850,5,17,no,1,-0.0011487455855182932,0.0011487455855182932
5024,5,19,yes,2,-0.012339808956414844,0.012339808956414844
5025,5,19,yes,1,0.0061985164077413835,0.0061985164077413835
3851,5,17,no,1,-0.0011199259363911113,0.0011199259363911113
6536,5,21,yes,1,0.0019245274747760333,0.0019245274747760333
5026,5,19,no,2,-0.012452635921679889,0.012452635921679889
5027,5,19,no,1,-0.006308029388134018,0.006308029388134018
6133,5,20,yes,12,-0.051494324830256316,0.051494324830256316
6134,5,20,yes,10,0.0421741197717862,0.0421741197717862
5028,5,19,no,1,0.006308029388134018,0.006308029388134018
5029,5,19,yes,2,-0.012668204163147623,0.012668204163147623
6135,5,20,yes,4,-0.01775048308117949,0.01775048308117949
5030,5,19,yes,12,0.07252838440232479,0.07252838440232479
6136,5,20,yes,1,0.004326632768974686,0.004326632768974686
5031,5,19,no,12,-0.07252838440232479,0.07252838440232479
6537,5,21,yes,1,-0.0019245274747760333,0.0019245274747760333
5032,5,19,no,2,0.012668204163147623,0.012668204163147623
6137,5,20,yes,6,-0.024860758369994324,0.024860758369994324
6138,5,20,no,8,0.033735858315383505,0.033735858315383505
3852,5,17,no,1,-0.0010917613765485043,0.0010917613765485043
5033,5,19,yes,1,0.006254119513938505,0.006254119513938505
6538,5,21,yes,1,0.0019245274747760333,0.0019245274747760333
6539,5,21,no,9,0.019491284877865944,0.019491284877865944
6540,5,21,yes,5,-0.011325557082797505,0.011325557082797505
3942,5,18,yes,6,0.0063097919841604636,0.0063097919841604636
5034,5,19,no,4,0.024444607899498427,0.024444607899498427
6139,5,20,yes,12,0.059455378099095735,0.059455378099095735
6140,5,20,no,12,-0.059455378099095735,0.059455378099095735
5035,5,19,no,14,-0.0891857833387989,0.0891857833387989
5036,5,19,yes,3,0.019894398216996678,0.019894398216996678
5037,5,19,yes,8,0.051045293630045174,0.051045293630045174
6541,5,21,yes,2,0.004375769390746409,0.004375769390746409
3943,5,18,no,8,-0.00820605646473168,0.00820605646473168
5038,5,19,yes,1,0.00614129254867346,0.00614129254867346
6542,5,21,yes,1,-0.0022130324091241965,0.0022130324091241965
6543,5,21,no,1,-0.0021627369816222125,0.0021627369816222125
6544,5,21,yes,6,0.013748692034487323,0.013748692034487323
6545,5,21,yes,5,-0.01158595505286511,0.01158595505286511
5039,5,19,yes,1,0.006082521453160905,0.006082521453160905
6141,5,20,no,1,-0.004474578305496774,0.004474578305496774
5040,5,19,yes,1,0.006022277489922678,0.006022277489922678
6142,5,20,yes,9,0.04293922208343909,0.04293922208343909
5041,5,19,no,5,-0.030698727413436933,0.030698727413436933
5042,5,19,no,2,-0.012668204163147623,0.012668204163147623
6546,5,21,yes,6,-0.012252992251466685,0.012252992251466685
5043,5,19,yes,1,0.006360174775013605,0.006360174775013605
6143,5,20,no,14,-0.06420536462947918,0.06420536462947918
6144,5,20,yes,2,0.008286025985468348,0.008286025985468348
5044,5,19,no,1,-0.006360174775013605,0.006360174775013605
6145,5,20,yes,7,-0.02773597721224566,0.02773597721224566
5045,5,19,yes,1,0.006360174775013605,0.006360174775013605
6146,5,20,yes,1,0.003747203480616801,0.003747203480616801
6147,5,20,yes,10,0.041443468597697375,0.041443468597697375
6148,5,20,yes,14,-0.05601257892753983,0.05601257892753983
6149,5,20,no,9,0.03437832577466682,0.03437832577466682
6150,5,20,yes,1,0.004179558286804497,0.004179558286804497
5046,5,19,no,1,0.006308029388134018,0.006308029388134018
5047,5,19,yes,2,0.012452635921679889,0.012452635921679889
6151,5,20,yes,4,0.017454694866068515,0.017454694866068515
6547,5,21,yes,2,-0.0037148607159147307,0.0037148607159147307
5048,5,19,yes,1,0.00614129254867346,0.00614129254867346
6548,5,21,yes,5,0.009626974784061437,0.009626974784061437
6549,5,21,no,1,-0.002017172974494344,0.002017172974494344
5049,5,19,yes,5,0.02979656729143698,0.02979656729143698
6550,5,21,no,1,-0.0019704136188763294,0.0019704136188763294
6551,5,21,yes,1,0.0019704136188763294,0.0019704136188763294
6552,5,21,yes,1,0.002017172974494344,0.002017172974494344
6152,5,20,yes,10,-0.041443468597697375,0.041443468597697375
6153,5,20,no,19,-0.059832283444280196,0.059832283444280196
5050,5,19,yes,1,0.0057680800157665635,0.0057680800157665635
5051,5,19,no,1,0.005701604461620269,0.005701604461620269
6154,5,20,yes,15,0.04526317311443774,0.04526317311443774
6553,5,21,yes,3,0.0063408781833199784,0.0063408781833199784
6554,5,21,yes,2,0.004477251475651034,0.004477251475651034
5052,5,19,no,1,-0.005701604461620269,0.005701604461620269
6155,5,20,yes,11,0.04281084621317596,0.04281084621317596
5053,5,19,yes,1,0.005701604461620269,0.005701604461620269
6156,5,20,no,1,-0.004252962151704648,0.004252962151704648
5054,5,19,no,12,-0.07252838440232479,0.07252838440232479
5055,5,19,no,1,-0.006410485830370405,0.006410485830370405
6555,5,21,yes,1,0.002316298248714571,0.002316298248714571
6157,5,20,no,1,0.004252962151704648,0.004252962151704648
5056,5,19,yes,10,0.0616357247070467,0.0616357247070467
6556,5,21,no,1,-0.002316298248714571,0.002316298248714571
5057,5,19,no,5,-0.030104398791848785,0.030104398791848785
6557,5,21,no,1,-0.0022642190665268375,0.0022642190665268375
6158,5,20,no,1,-0.004252962151704648,0.004252962151704648
5058,5,19,no,2,0.012223814001834366,0.012223814001834366
5059,5,19,no,3,0.01788058479001442,0.01788058479001442
6159,5,20,no,1,0.004252962151704648,0.004252962151704648
5060,5,19,no,6,-0.03630291519959017,0.03630291519959017
6558,5,21,yes,1,-0.0022130324091241965,0.0022130324091241965
5061,5,19,no,13,0.07572847617585776,0.07572847617585776
5062,5,19,no,13,-0.07572847617585776,0.07572847617585776
5063,5,19,yes,5,0.030405243596697384,0.030405243596697384
6160,5,20,no,1,-0.004252962151704648,0.004252962151704648
5064,5,19,no,7,-0.04296739249876991,0.04296739249876991
5065,5,19,no,12,0.07180231978087293,0.07180231978087293
5066,5,19,no,4,-0.022937255679210233,0.022937255679210233
5067,5,19,yes,1,0.005833461048261657,0.005833461048261657
5068,5,19,no,1,-0.005833461048261657,0.005833461048261657
5069,5,19,yes,1,-0.0058976716028927845,0.0058976716028927845
5070,5,19,no,4,0.023200817128541273,0.023200817128541273
6161,5,20,yes,1,0.004252962151704648,0.004252962151704648
5071,5,19,no,1,-0.005701604461620269,0.005701604461620269
6162,5,20,yes,20,0.10048113072569897,0.10048113072569897
6163,5,20,yes,2,0.011601541064028276,0.011601541064028276
5072,5,19,no,1,-0.0057680800157665635,0.0057680800157665635
6164,5,20,yes,11,-0.06041629529742107,0.06041629529742107
5073,5,19,no,2,0.011469684477386832,0.011469684477386832
5074,5,19,yes,1,0.005634110153561744,0.005634110153561744
5075,5,19,yes,2,0.011062038985387268,0.011062038985387268
6165,5,20,yes,11,0.06041629529742107,0.06041629529742107
5076,5,19,yes,1,0.0054262663116700915,0.0054262663116700915
5077,5,19,no,1,0.00535544554716183,0.00535544554716183
5078,5,19,no,1,-0.00535544554716183,0.00535544554716183
6166,5,20,no,1,-0.005833461048261823,0.005833461048261823
5079,5,19,no,5,0.026057126714422507,0.026057126714422507
6167,5,20,yes,1,-0.0057680800157664525,0.0057680800157664525
6559,5,21,yes,1,0.0022130324091241965,0.0022130324091241965
6168,5,20,no,1,-0.005701604461620324,0.005701604461620324
6169,5,20,no,1,-0.005634110153561633,0.005634110153561633
5080,5,19,no,5,-0.026057126714422507,0.026057126714422507
6170,5,20,no,3,-0.016488305297057415,0.016488305297057415
5081,5,19,no,3,0.015851353919253408,0.015851353919253408
5082,5,19,yes,11,0.05247912412523137,0.05247912412523137
5083,5,19,no,10,-0.047339743723331495,0.047339743723331495
6171,5,20,yes,6,-0.03105016210220088,0.03105016210220088
6172,5,20,yes,1,0.004993035387778344,0.004993035387778344
5084,5,19,yes,2,0.010059427781047514,0.010059427781047514
6173,5,20,no,1,-0.004993035387778344,0.004993035387778344
5085,5,19,yes,1,-0.0049930353877782885,0.0049930353877782885
6174,5,20,no,7,-0.03287979430239163,0.03287979430239163
5086,5,19,yes,2,0.009912411151086431,0.009912411151086431
5087,5,19,no,6,-0.030614092318347108,0.030614092318347108
6175,5,20,yes,1,-0.004400521639892407,0.004400521639892407
5088,5,19,no,1,-0.00535544554716183,0.00535544554716183
5089,5,19,no,7,-0.03942556097626759,0.03942556097626759
5090,5,19,no,7,0.03942556097626759,0.03942556097626759
5091,5,19,yes,2,0.010639422328994508,0.010639422328994508
6176,5,20,no,5,-0.02089935583525468,0.02089935583525468
6177,5,20,no,1,-0.003961402534739644,0.003961402534739644
5092,5,19,no,1,-0.005283976781832678,0.005283976781832678
5093,5,19,no,13,-0.07488540531527821,0.07488540531527821
6560,5,21,yes,13,0.033750721288883595,0.033750721288883595
5094,5,19,yes,1,0.00614129254867346,0.00614129254867346
5095,5,19,yes,1,0.006082521453160905,0.006082521453160905
6561,5,21,no,2,-0.005833254518286035,0.005833254518286035
5096,5,19,no,7,0.04081784046922465,0.04081784046922465
6562,5,21,yes,1,-0.0028249181734272544,0.0028249181734272544
5097,5,19,yes,1,0.005565672514303843,0.005565672514303843
6178,5,20,yes,4,0.01628116344931499,0.01628116344931499
3853,5,17,yes,7,0.008257109746421493,0.008257109746421493
6563,5,21,yes,10,0.031085524661648545,0.031085524661648545
6564,5,21,yes,4,0.014291354415037899,0.014291354415037899
6565,5,21,yes,9,-0.030635367288395915,0.030635367288395915
6566,5,21,no,1,-0.0030733380175221314,0.0030733380175221314
5098,5,19,no,4,0.021562055111748024,0.021562055111748024
6567,5,21,no,3,-0.008843255597341143,0.008843255597341143
6179,5,20,yes,7,0.031323650291354255,0.031323650291354255
6568,5,21,yes,1,0.002885778044461579,0.002885778044461579
6569,5,21,yes,12,0.03966618285879761,0.03966618285879761
6180,5,20,yes,11,-0.047604813740669244,0.047604813740669244
6181,5,20,no,6,-0.022276720612156325,0.022276720612156325
6570,5,21,no,1,-0.0036768586438181428,0.0036768586438181428
6182,5,20,yes,10,0.038557884061471315,0.038557884061471315
3854,5,17,no,9,-0.010358702439065101,0.010358702439065101
6571,5,21,no,10,-0.03304184774115501,0.03304184774115501
6572,5,21,yes,1,0.003010001079055108,0.003010001079055108
6573,5,21,no,1,-0.003010001079055108,0.003010001079055108
5099,5,19,no,1,-0.005283976781832678,0.005283976781832678
5100,5,19,yes,1,0.005283976781832678,0.005283976781832678
5101,5,19,no,12,-0.06794556809527652,0.06794556809527652
6183,5,20,yes,1,0.004252962151704648,0.004252962151704648
6574,5,21,yes,1,-0.0029474764738244563,0.0029474764738244563
5102,5,19,no,1,0.006022277489922678,0.006022277489922678
5103,5,19,yes,2,0.011858307300091742,0.011858307300091742
3855,5,17,yes,1,0.0010373521350486442,0.0010373521350486442
6184,5,20,no,2,-0.008432520438509145,0.008432520438509145
3856,5,17,yes,10,0.011960468854907973,0.011960468854907973
5104,5,19,yes,1,0.005833461048261657,0.005833461048261657
3857,5,17,no,1,-0.0013360527153829932,0.0013360527153829932
5105,5,19,yes,1,0.0057680800157665635,0.0057680800157665635
5106,5,19,no,9,0.048814754233392654,0.048814754233392654
6185,5,20,yes,3,0.012759153207483831,0.012759153207483831
5107,5,19,yes,1,-0.0051393804018998734,0.0051393804018998734
6186,5,20,no,1,-0.004326632768974686,0.004326632768974686
3858,5,17,no,6,-0.0073484882689904,0.0073484882689904
3944,5,18,yes,1,0.0009358963557673378,0.0009358963557673378
5108,5,19,no,3,-0.015851353919253408,0.015851353919253408
5109,5,19,no,1,-0.0054262663116700915,0.0054262663116700915
6187,5,20,yes,12,0.05680575689420614,0.05680575689420614
5110,5,19,no,10,0.05101268898547995,0.05101268898547995
5111,5,19,no,1,-0.004771406440793768,0.004771406440793768
6188,5,20,no,1,-0.005139380401899957,0.005139380401899957
6189,5,20,no,1,-0.005066392393269115,0.005066392393269115
5112,5,19,yes,2,0.009468627987781697,0.009468627987781697
6190,5,20,no,1,-0.004993035387778344,0.004993035387778344
6191,5,20,yes,5,-0.023856465630079232,0.023856465630079232
5113,5,19,yes,11,-0.05570991053246788,0.05570991053246788
6575,5,21,yes,1,0.0029474764738244563,0.0029474764738244563
6192,5,20,no,13,-0.05341628108894794,0.05341628108894794
5114,5,19,yes,1,0.0054262663116700915,0.0054262663116700915
6193,5,20,yes,20,0.08733217450007463,0.08733217450007463
6194,5,20,yes,1,0.005139380401899957,0.005139380401899957
6576,5,21,yes,1,-0.0029474764738244563,0.0029474764738244563
5115,5,19,no,1,0.00535544554716183,0.00535544554716183
5116,5,19,yes,3,0.01563528877399145,0.01563528877399145
6195,5,20,yes,4,0.0212776202309235,0.0212776202309235
6196,5,20,yes,1,-0.005426266311670036,0.005426266311670036
5117,5,19,no,1,-0.0051393804018998734,0.0051393804018998734
6197,5,20,yes,1,-0.005355445547161886,0.005355445547161886
6198,5,20,yes,2,-0.010495908372091578,0.010495908372091578
6199,5,20,yes,12,-0.05680575689420614,0.05680575689420614
5118,5,19,no,4,-0.0212776202309235,0.0212776202309235
5119,5,19,yes,3,0.0160656886406646,0.0160656886406646
5120,5,19,yes,1,-0.005283976781832678,0.005283976781832678
5121,5,19,no,1,0.005283976781832678,0.005283976781832678
5122,5,19,no,7,-0.03846344224123388,0.03846344224123388
5123,5,19,yes,14,0.07341044258604923,0.07341044258604923
5124,5,19,no,8,-0.040230977126648026,0.040230977126648026
3859,5,17,no,4,-0.004313280005583224,0.004313280005583224
6200,5,20,no,3,-0.012538988137172996,0.012538988137172996
6201,5,20,no,1,0.0041064676986638515,0.0041064676986638515
6577,5,21,yes,5,-0.013828833540339064,0.013828833540339064
5125,5,19,no,1,0.005283976781832678,0.005283976781832678
5126,5,19,yes,4,-0.021562055111748024,0.021562055111748024
5127,5,19,no,7,0.036979759497176024,0.036979759497176024
6578,5,21,yes,5,0.013828833540339064,0.013828833540339064
3945,5,18,yes,1,0.0009603681248038787,0.0009603681248038787
5128,5,19,no,14,-0.07734099499078184,0.07734099499078184
6202,5,20,yes,5,-0.019809215444824363,0.019809215444824363
5129,5,19,yes,1,0.005960635697198957,0.005960635697198957
6203,5,20,no,1,0.003818099192726798,0.003818099192726798
5130,5,19,yes,1,0.0058976716028927845,0.0058976716028927845
5131,5,19,yes,1,0.005833461048261657,0.005833461048261657
6204,5,20,yes,1,0.003889511089587072,0.003889511089587072
5132,5,19,no,1,0.0057680800157665635,0.0057680800157665635
6579,5,21,yes,1,0.0029474764738244563,0.0029474764738244563
5133,5,19,yes,1,0.005701604461620269,0.005701604461620269
5134,5,19,yes,1,0.005634110153561744,0.005634110153561744
5135,5,19,yes,2,0.011062038985387268,0.011062038985387268
5136,5,19,yes,1,0.0054262663116700915,0.0054262663116700915
3946,5,18,yes,2,0.0019965119785772395,0.0019965119785772395
6580,5,21,no,2,-0.005833254518286035,0.005833254518286035
5137,5,19,no,10,-0.05730614576628201,0.05730614576628201
5138,5,19,yes,1,0.006022277489922678,0.006022277489922678
5139,5,19,yes,12,0.06713522219561274,0.06713522219561274
6205,5,20,no,14,-0.048173520147903826,0.048173520147903826
5140,5,19,yes,12,-0.06713522219561274,0.06713522219561274
5141,5,19,yes,11,0.06192329060535384,0.06192329060535384
3860,5,17,yes,18,0.02333676665812362,0.02333676665812362
6581,5,21,yes,6,0.01825645148803795,0.01825645148803795
6582,5,21,no,1,-0.003202385934887142,0.003202385934887142
6206,5,20,no,1,-0.0029474764738244563,0.0029474764738244563
6207,5,20,yes,4,0.01216828750868923,0.01216828750868923
5142,5,19,no,1,0.0052119315902589,0.0052119315902589
5143,5,19,no,1,0.0051393804018998734,0.0051393804018998734
5144,5,19,no,1,0.005066392393269226,0.005066392393269226
5145,5,19,yes,1,-0.005066392393269226,0.005066392393269226
6208,5,20,no,4,0.013206540935070482,0.013206540935070482
6209,5,20,no,1,0.0034694475658122448,0.0034694475658122448
6210,5,20,yes,1,0.0035379507575973856,0.0035379507575973856
6211,5,20,yes,6,0.022700172389298584,0.022700172389298584
3947,5,18,yes,1,0.0010373521350486442,0.0010373521350486442
6212,5,20,no,1,0.004033734929106997,0.004033734929106997
3861,5,17,no,3,-0.004650037362390148,0.004650037362390148
5146,5,19,yes,5,0.024595688352656575,0.024595688352656575
5147,5,19,no,6,0.027070688139649746,0.027070688139649746
5148,5,19,yes,1,-0.004326632768974825,0.004326632768974825
6213,5,20,yes,20,0.096118731733386,0.096118731733386
6214,5,20,yes,4,0.02266946714525242,0.02266946714525242
5149,5,19,no,1,-0.004400521639892241,0.004400521639892241
6215,5,20,no,1,-0.0057680800157664525,0.0057680800157664525
5150,5,19,no,1,-0.004474578305496801,0.004474578305496801
5151,5,19,yes,4,-0.018640361866079647,0.018640361866079647
6583,5,21,no,1,-0.003137471938287534,0.003137471938287534
6216,5,20,no,5,-0.027824019912239373,0.027824019912239373
3862,5,17,no,1,-0.0014754412634813557,0.0014754412634813557
3863,5,17,no,1,-0.0014394566732602587,0.0014394566732602587
3948,5,18,yes,1,0.0010642405575949643,0.0010642405575949643
3864,5,17,no,5,-0.0066839303067846995,0.0066839303067846995
6217,5,20,no,1,-0.005355445547161886,0.005355445547161886
6218,5,20,no,1,-0.005283976781832733,0.005283976781832733
5152,5,19,no,1,-0.00484547836750715,0.00484547836750715
6219,5,20,no,4,-0.02041073977320626,0.02041073977320626
6584,5,21,no,1,-0.0030733380175221314,0.0030733380175221314
3949,5,18,yes,11,0.013670238666348249,0.013670238666348249
5153,5,19,no,1,-0.0049193757633081425,0.0049193757633081425
6220,5,20,no,1,-0.004919375763308059,0.004919375763308059
5154,5,19,yes,1,0.0049193757633081425,0.0049193757633081425
5155,5,19,no,1,-0.0049193757633081425,0.0049193757633081425
3865,5,17,yes,5,0.0066839303067846995,0.0066839303067846995
6221,5,20,yes,1,-0.004845478367507289,0.004845478367507289
6222,5,20,yes,8,0.04081501623301623,0.04081501623301623
5156,5,19,no,5,-0.025694716555038966,0.025694716555038966
6223,5,20,yes,1,0.005426266311670036,0.005426266311670036
6224,5,20,no,1,-0.005426266311670036,0.005426266311670036
3950,5,18,no,1,-0.0014042374014612488,0.0014042374014612488
6225,5,20,no,4,-0.02099073432115342,0.02099073432115342
6226,5,20,no,18,-0.07990811237563969,0.07990811237563969
6227,5,20,yes,9,0.0369688902922006,0.0369688902922006
5157,5,19,yes,1,-0.00535544554716183,0.00535544554716183
5158,5,19,no,2,-0.010922632782753516,0.010922632782753516
5159,5,19,yes,4,-0.02266946714525242,0.02266946714525242
6228,5,20,no,1,0.004474578305496774,0.004474578305496774
6229,5,20,no,6,0.028405215996894856,0.028405215996894856
3866,5,17,no,9,-0.011458551353408633,0.011458551353408633
6585,5,21,yes,1,-0.003010001079055108,0.003010001079055108
3867,5,17,no,1,-0.0011199259363911113,0.0011199259363911113
5160,5,19,yes,1,0.0057680800157665635,0.0057680800157665635
6230,5,20,yes,6,-0.028405215996894856,0.028405215996894856
3868,5,17,no,1,-0.0010917613765485043,0.0010917613765485043
5161,5,19,yes,1,0.005701604461620269,0.005701604461620269
5162,5,19,no,1,0.005634110153561744,0.005634110153561744
5163,5,19,yes,1,-0.005634110153561744,0.005634110153561744
5164,5,19,no,1,0.005634110153561744,0.005634110153561744
5165,5,19,no,3,-0.017103794630948577,0.017103794630948577
5166,5,19,yes,1,-0.005833461048261657,0.005833461048261657
6231,5,20,yes,1,0.004548750366815624,0.004548750366815624
6232,5,20,yes,13,0.06582926051503352,0.06582926051503352
6586,5,21,yes,1,-0.0029474764738244563,0.0029474764738244563
6587,5,21,yes,1,0.0029474764738244563,0.0029474764738244563
6233,5,20,yes,4,-0.021562055111748024,0.021562055111748024
5167,5,19,yes,15,0.08024057720928368,0.08024057720928368
6234,5,20,yes,2,-0.010351311992158801,0.010351311992158801
6235,5,20,no,6,-0.02929290989964456,0.02929290989964456
6588,5,21,no,4,-0.011423080523573798,0.011423080523573798
5168,5,19,no,3,-0.014757889518593581,0.014757889518593581
5169,5,19,no,8,-0.04254543201147987,0.04254543201147987
3951,5,18,no,4,-0.005279692905323451,0.005279692905323451
6589,5,21,no,1,0.002764907831860508,0.002764907831860508
6590,5,21,no,13,-0.03158164864890353,0.03158164864890353
6591,5,21,yes,1,0.0021133306609868174,0.0021133306609868174
3952,5,18,no,1,-0.0012392483170125188,0.0012392483170125188
6236,5,20,no,1,0.004697221546987984,0.004697221546987984
6592,5,21,yes,1,-0.0021133306609868174,0.0021133306609868174
5170,5,19,yes,12,-0.07180231978087293,0.07180231978087293
3953,5,18,no,10,-0.010805532838575757,0.010805532838575757
5171,5,19,no,7,-0.04550888188525304,0.04550888188525304
6593,5,21,yes,1,0.0021133306609868174,0.0021133306609868174
6237,5,20,yes,3,0.014536260571609116,0.014536260571609116
5172,5,19,yes,1,0.006632203865068909,0.006632203865068909
5173,5,19,yes,1,0.006592049699952862,0.006592049699952862
5174,5,19,yes,6,0.038592657708365286,0.038592657708365286
5175,5,19,no,4,-0.025537584301905447,0.025537584301905447
5176,5,19,yes,1,0.0064588943083874195,0.0064588943083874195
6238,5,20,no,1,-0.004919375763308059,0.004919375763308059
5177,5,19,no,1,0.006410485830370405,0.006410485830370405
5178,5,19,yes,9,0.0552252388766763,0.0552252388766763
5179,5,19,yes,1,0.005833461048261657,0.005833461048261657
6239,5,20,yes,4,0.020118183946255475,0.020118183946255475
6240,5,20,no,3,-0.015198808182947415,0.015198808182947415
5180,5,19,yes,9,0.049443453847259344,0.049443453847259344
5181,5,19,yes,1,0.0051393804018998734,0.0051393804018998734
5182,5,19,no,2,-0.010351311992158774,0.010351311992158774
5183,5,19,no,4,-0.021562055111748024,0.021562055111748024
5184,5,19,no,7,-0.04036123549360582,0.04036123549360582
3869,5,17,yes,4,0.004538664560974473,0.004538664560974473
5185,5,19,yes,1,0.005960635697198957,0.005960635697198957
5186,5,19,no,10,0.055962654908154885,0.055962654908154885
5187,5,19,no,11,0.05329053407559803,0.05329053407559803
3870,5,17,no,8,-0.008636769232195321,0.008636769232195321
5188,5,19,yes,9,-0.042939222083439255,0.042939222083439255
5189,5,19,yes,1,0.005066392393269226,0.005066392393269226
5190,5,19,no,6,-0.0314833930260926,0.0314833930260926
6241,5,20,no,1,-0.004919375763308059,0.004919375763308059
6242,5,20,no,8,-0.036687572947950664,0.036687572947950664
5191,5,19,no,13,0.06488164441076583,0.06488164441076583
5192,5,19,no,6,-0.02840521599689494,0.02840521599689494
5193,5,19,yes,1,-0.0049930353877782885,0.0049930353877782885
5194,5,19,no,2,-0.010205772795169099,0.010205772795169099
6594,5,21,yes,11,-0.0207219341203706,0.0207219341203706
6595,5,21,yes,4,0.006916818134611397,0.006916818134611397
5195,5,19,yes,4,0.02011818394625553,0.02011818394625553
5196,5,19,no,1,-0.0049193757633081425,0.0049193757633081425
6596,5,21,yes,1,0.0018353517880112385,0.0018353517880112385
5197,5,19,yes,3,0.014536260571609061,0.014536260571609061
3954,5,18,yes,1,0.0009603681248038787,0.0009603681248038787
5198,5,19,no,11,-0.05650905545656337,0.05650905545656337
6597,5,21,yes,9,0.01860975265502121,0.01860975265502121
6243,5,20,yes,1,0.004326632768974686,0.004326632768974686
5199,5,19,yes,1,0.005496366471083425,0.005496366471083425
5200,5,19,yes,1,-0.005496366471083425,0.005496366471083425
6244,5,20,yes,1,0.004400521639892407,0.004400521639892407
5201,5,19,no,14,0.07037801088184925,0.07037801088184925
5202,5,19,no,1,-0.004548750366815679,0.004548750366815679
5203,5,19,no,1,-0.00462298351148227,0.00462298351148227
5204,5,19,no,5,-0.024226517506375278,0.024226517506375278
5205,5,19,no,8,-0.04254543201147987,0.04254543201147987
5206,5,19,no,20,-0.12398134631810087,0.12398134631810087
5207,5,19,no,2,-0.013444986864202035,0.013444986864202035
6245,5,20,no,1,-0.004400521639892407,0.004400521639892407
5208,5,19,yes,5,0.033339385081198714,0.033339385081198714
5209,5,19,yes,10,0.06326910763187954,0.06326910763187954
5210,5,19,no,1,0.006022277489922678,0.006022277489922678
5211,5,19,yes,1,0.005960635697198957,0.005960635697198957
5212,5,19,yes,11,0.061174586498413785,0.061174586498413785
5213,5,19,yes,1,0.0051393804018998734,0.0051393804018998734
5214,5,19,no,7,-0.03747903961821064,0.03747903961821064
6598,5,21,no,1,-0.0022642190665268375,0.0022642190665268375
5215,5,19,no,1,-0.005634110153561744,0.005634110153561744
6599,5,21,yes,9,0.022327640765309797,0.022327640765309797
6600,5,21,yes,11,-0.026703410156056206,0.026703410156056206
5216,5,19,no,15,0.07702904318289916,0.07702904318289916
3871,5,17,yes,1,0.0009854271973470732,0.0009854271973470732
6601,5,21,yes,2,0.004375769390746409,0.004375769390746409
5217,5,19,yes,5,-0.02385646563007926,0.02385646563007926
5218,5,19,no,1,-0.0049930353877782885,0.0049930353877782885
6602,5,21,yes,3,0.006949787692051096,0.006949787692051096
5219,5,19,yes,1,0.0049930353877782885,0.0049930353877782885
5220,5,19,no,5,-0.025694716555038966,0.025694716555038966
6603,5,21,yes,11,-0.02329532128054547,0.02329532128054547
5221,5,19,no,1,0.005283976781832678,0.005283976781832678
6246,5,20,no,1,-0.004326632768974686,0.004326632768974686
6604,5,21,yes,3,0.005774450021555855,0.005774450021555855
5222,5,19,no,4,0.020410739773206288,0.020410739773206288
5223,5,19,yes,10,-0.0531725775528199,0.0531725775528199
6247,5,20,no,1,-0.004252962151704648,0.004252962151704648
6248,5,20,no,2,-0.008286025985468348,0.008286025985468348
5224,5,19,no,1,0.005634110153561744,0.005634110153561744
6249,5,20,no,1,-0.004033734929106997,0.004033734929106997
5225,5,19,no,1,-0.005634110153561744,0.005634110153561744
6605,5,21,yes,11,-0.019291690765751997,0.019291690765751997
5226,5,19,yes,5,-0.02916145282574023,0.02916145282574023
5227,5,19,yes,1,0.005960635697198957,0.005960635697198957
5228,5,19,yes,1,0.0058976716028927845,0.0058976716028927845
5229,5,19,no,1,0.005833461048261657,0.005833461048261657
6606,5,21,yes,1,0.0015497472996397268,0.0015497472996397268
5230,5,19,no,7,-0.042136376247851826,0.042136376247851826
5231,5,19,yes,6,0.03630291519959017,0.03630291519959017
6250,5,20,no,1,-0.003961402534739644,0.003961402534739644
6607,5,21,no,1,-0.0015497472996397268,0.0015497472996397268
6608,5,21,no,10,0.017321277146875667,0.017321277146875667
5232,5,19,yes,6,0.0339992946645975,0.0339992946645975
5233,5,19,no,8,0.04139580417717903,0.04139580417717903
6609,5,21,yes,1,0.0019704136188763294,0.0019704136188763294
5234,5,19,no,1,-0.0049193757633081425,0.0049193757633081425
5235,5,19,no,13,-0.07047572307846839,0.07047572307846839
6610,5,21,no,1,0.002017172974494344,0.002017172974494344
5236,5,19,yes,12,0.0654826876906901,0.0654826876906901
6611,5,21,yes,8,-0.01487659748595016,0.01487659748595016
5237,5,19,no,1,-0.005066392393269226,0.005066392393269226
5238,5,19,yes,11,0.05166637649230632,0.05166637649230632
5239,5,19,yes,5,-0.022373466592661817,0.022373466592661817
5240,5,19,no,6,-0.029292909899644504,0.029292909899644504
6251,5,20,yes,5,0.020534125601019637,0.020534125601019637
5241,5,19,no,13,-0.07227460259751262,0.07227460259751262
5242,5,19,no,1,0.005960635697198957,0.005960635697198957
6612,5,21,no,1,-0.0016671954327226735,0.0016671954327226735
5243,5,19,yes,9,0.05067867812632221,0.05067867812632221
6252,5,20,no,1,-0.004252962151704648,0.004252962151704648
6253,5,20,yes,11,-0.04202733162728356,0.04202733162728356
6254,5,20,yes,2,0.00700739832340963,0.00700739832340963
6255,5,20,yes,1,0.003607097447810126,0.003607097447810126
6256,5,20,yes,1,0.0036768586438181428,0.0036768586438181428
6257,5,20,yes,2,0.007565302673343599,0.007565302673343599
6258,5,20,no,4,-0.014849258764971868,0.014849258764971868
6259,5,20,yes,1,0.003607097447810126,0.003607097447810126
6260,5,20,no,6,-0.020618650771403096,0.020618650771403096
5244,5,19,no,1,-0.00535544554716183,0.00535544554716183
6261,5,20,yes,2,0.0066025399761659165,0.0066025399761659165
6262,5,20,yes,1,-0.003334478476924113,0.003334478476924113
6263,5,20,yes,1,0.003334478476924113,0.003334478476924113
6264,5,20,no,1,0.0034016150240174237,0.0034016150240174237
6265,5,20,no,8,0.029707570712708214,0.029707570712708214
5245,5,19,no,8,0.04081501623301609,0.04081501623301609
5246,5,19,no,1,-0.00484547836750715,0.00484547836750715
5247,5,19,no,1,-0.0049193757633081425,0.0049193757633081425
6266,5,20,no,1,-0.003961402534739644,0.003961402534739644
5248,5,19,yes,2,0.009764854130815293,0.009764854130815293
5249,5,19,no,1,-0.00484547836750715,0.00484547836750715
5250,5,19,no,1,-0.0049193757633081425,0.0049193757633081425
5251,5,19,no,1,0.0049193757633081425,0.0049193757633081425
6613,5,21,yes,1,-0.001627234912458149,0.001627234912458149
5252,5,19,yes,1,0.00484547836750715,0.00484547836750715
3955,5,18,yes,4,0.004098104671220848,0.004098104671220848
5253,5,19,yes,1,-0.00484547836750715,0.00484547836750715
6267,5,20,yes,1,-0.003889511089587072,0.003889511089587072
3956,5,18,yes,4,0.004538664560974473,0.004538664560974473
6268,5,20,yes,10,-0.03506319802345198,0.03506319802345198
5254,5,19,no,1,-0.0049193757633081425,0.0049193757633081425
6269,5,20,yes,10,0.03506319802345198,0.03506319802345198
6614,5,21,yes,8,0.01418344123776031,0.01418344123776031
6270,5,20,no,1,-0.003818099192726798,0.003818099192726798
5255,5,19,no,1,-0.0049930353877782885,0.0049930353877782885
6615,5,21,yes,1,-0.0019245274747760333,0.0019245274747760333
6616,5,21,yes,12,0.02631683781104545,0.02631683781104545
6617,5,21,yes,11,-0.024392310336269415,0.024392310336269415
5256,5,19,no,1,-0.005066392393269226,0.005066392393269226
5257,5,19,yes,1,-0.0051393804018998734,0.0051393804018998734
3957,5,18,no,1,-0.0011782316625165642,0.0011782316625165642
6271,5,20,yes,1,-0.003747203480616801,0.003747203480616801
5258,5,19,no,3,-0.015851353919253408,0.015851353919253408
3958,5,18,no,7,-0.007458537569678757,0.007458537569678757
6618,5,21,yes,1,0.0019704136188763294,0.0019704136188763294
5259,5,19,no,1,-0.0054262663116700915,0.0054262663116700915
5260,5,19,no,6,-0.0339992946645975,0.0339992946645975
6272,5,20,yes,5,0.019449951226777312,0.019449951226777312
5261,5,19,yes,1,0.005833461048261657,0.005833461048261657
5262,5,19,no,3,0.017103794630948577,0.017103794630948577
5263,5,19,yes,3,0.01648830529705736,0.01648830529705736
5264,5,19,no,1,0.00535544554716183,0.00535544554716183
5265,5,19,no,1,-0.00535544554716183,0.00535544554716183
6619,5,21,no,1,-0.0019704136188763294,0.0019704136188763294
3959,5,18,yes,1,0.0009854271973470732,0.0009854271973470732
6273,5,20,yes,2,-0.007995137463846641,0.007995137463846641
5266,5,19,yes,1,0.00535544554716183,0.00535544554716183
6620,5,21,no,1,-0.0019245274747760333,0.0019245274747760333
5267,5,19,no,9,0.044928198673635955,0.044928198673635955
5268,5,19,no,8,-0.03964422189180328,0.03964422189180328
5269,5,19,no,1,-0.005283976781832678,0.005283976781832678
5270,5,19,no,12,-0.06874411276660475,0.06874411276660475
5271,5,19,yes,1,0.006082521453160905,0.006082521453160905
5272,5,19,yes,2,-0.012223814001834366,0.012223814001834366
5273,5,19,no,9,0.05304165447105902,0.05304165447105902
5274,5,19,no,1,-0.005634110153561744,0.005634110153561744
6621,5,21,yes,2,0.0038949410936523626,0.0038949410936523626
6622,5,21,yes,1,0.002017172974494344,0.002017172974494344
5275,5,19,no,1,-0.005701604461620269,0.005701604461620269
5276,5,19,yes,10,0.05388114662666188,0.05388114662666188
3960,5,18,yes,4,0.004204438850422279,0.004204438850422279
3961,5,18,no,1,-0.0010917613765485043,0.0010917613765485043
5277,5,19,no,6,-0.0314833930260926,0.0314833930260926
3962,5,18,yes,1,0.0010917613765485043,0.0010917613765485043
5278,5,19,yes,7,-0.039896966267490286,0.039896966267490286
5279,5,19,yes,1,0.0058976716028927845,0.0058976716028927845
5280,5,19,no,11,0.060416295297420874,0.060416295297420874
5281,5,19,no,2,-0.010351311992158774,0.010351311992158774
6274,5,20,yes,1,-0.003889511089587072,0.003889511089587072
6623,5,21,no,1,-0.002017172974494344,0.002017172974494344
3963,5,18,no,1,-0.0010917613765485043,0.0010917613765485043
5282,5,19,no,1,-0.005283976781832678,0.005283976781832678
6275,5,20,no,1,-0.003818099192726798,0.003818099192726798
6624,5,21,yes,1,-0.0019704136188763294,0.0019704136188763294
6276,5,20,yes,1,0.003818099192726798,0.003818099192726798
5283,5,19,no,13,-0.07488540531527821,0.07488540531527821
5284,5,19,yes,1,0.00614129254867346,0.00614129254867346
5285,5,19,no,8,-0.050636846520377476,0.050636846520377476
5286,5,19,yes,1,0.00650533374811868,0.00650533374811868
5287,5,19,yes,2,0.012869380138757824,0.012869380138757824
5288,5,19,yes,10,0.061058699924937954,0.061058699924937954
5289,5,19,no,1,0.0057680800157665635,0.0057680800157665635
5290,5,19,no,14,0.07341044258604923,0.07341044258604923
5291,5,19,yes,1,-0.004771406440793768,0.004771406440793768
5292,5,19,no,1,-0.00484547836750715,0.00484547836750715
5293,5,19,no,4,-0.02011818394625553,0.02011818394625553
5294,5,19,no,8,-0.04367537383149278,0.04367537383149278
6277,5,20,yes,3,-0.011242161317161742,0.011242161317161742
6625,5,21,yes,11,0.024392310336269415,0.024392310336269415
6626,5,21,yes,7,0.01895243166460457,0.01895243166460457
5295,5,19,yes,3,0.016901387129485856,0.016901387129485856
5296,5,19,no,9,-0.0524660344366894,0.0524660344366894
6627,5,21,yes,8,0.02537482844375971,0.02537482844375971
5297,5,19,yes,1,0.006082521453160905,0.006082521453160905
5298,5,19,yes,5,0.02948212585404264,0.02948212585404264
6628,5,21,yes,1,0.0034694475658122448,0.0034694475658122448
6629,5,21,no,2,-0.0068710625898296684,0.0068710625898296684
5299,5,19,yes,3,0.016901387129485856,0.016901387129485856
6630,5,21,no,1,-0.003334478476924113,0.003334478476924113
5300,5,19,no,11,0.05650905545656337,0.05650905545656337
6631,5,21,no,4,-0.01268125738993861,0.01268125738993861
6632,5,21,yes,5,0.016015735866862724,0.016015735866862724
5301,5,19,no,1,-0.004771406440793768,0.004771406440793768
6278,5,20,yes,4,0.015131672406748814,0.015131672406748814
5302,5,19,yes,4,0.018640361866079647,0.018640361866079647
5303,5,19,no,3,-0.013868955425285878,0.013868955425285878
6633,5,21,yes,1,-0.003334478476924113,0.003334478476924113
5304,5,19,yes,11,-0.05650905545656337,0.05650905545656337
6634,5,21,no,1,-0.0032680614992418033,0.0032680614992418033
5305,5,19,yes,17,0.08357974359621312,0.08357974359621312
6635,5,21,yes,1,-0.003202385934887142,0.003202385934887142
6636,5,21,yes,1,-0.003137471938287534,0.003137471938287534
5306,5,19,no,2,-0.008727154408867066,0.008727154408867066
5307,5,19,no,5,-0.023114940171576448,0.023114940171576448
6637,5,21,no,1,-0.0030733380175221314,0.0030733380175221314
6279,5,20,yes,3,-0.011454813762930671,0.011454813762930671
5308,5,19,no,1,-0.00484547836750715,0.00484547836750715
5309,5,19,yes,4,0.018937089866771117,0.018937089866771117
5310,5,19,yes,11,-0.054906627732280056,0.054906627732280056
5311,5,19,no,9,-0.051283868276359335,0.051283868276359335
5312,5,19,yes,9,0.051283868276359335,0.051283868276359335
5313,5,19,no,1,0.00535544554716183,0.00535544554716183
5314,5,19,yes,1,0.005283976781832678,0.005283976781832678
5315,5,19,no,7,-0.03846344224123388,0.03846344224123388
6280,5,20,no,1,-0.0036768586438181428,0.0036768586438181428
6638,5,21,no,1,0.0030733380175221314,0.0030733380175221314
6639,5,21,yes,3,-0.009030815570401696,0.009030815570401696
6640,5,21,yes,13,-0.033016277224183335,0.033016277224183335
5316,5,19,no,1,-0.0057680800157665635,0.0057680800157665635
5317,5,19,no,13,0.06956163779351487,0.06956163779351487
5318,5,19,no,19,-0.10549949763362532,0.10549949763362532
5319,5,19,yes,12,0.06952995976811638,0.06952995976811638
5320,5,19,no,10,-0.05730614576628201,0.05730614576628201
5321,5,19,yes,1,0.006022277489922678,0.006022277489922678
5322,5,19,no,1,0.005960635697198957,0.005960635697198957
5323,5,19,no,12,-0.07525202081900118,0.07525202081900118
6281,5,20,yes,1,-0.003607097447810126,0.003607097447810126
6641,5,21,yes,1,-0.0021627369816222125,0.0021627369816222125
5324,5,19,yes,2,0.013055073406459838,0.013055073406459838
6642,5,21,yes,9,-0.017346759628306133,0.017346759628306133
5325,5,19,no,1,0.0064588943083874195,0.0064588943083874195
5326,5,19,yes,4,0.025332809507456533,0.025332809507456533
5327,5,19,yes,1,0.0061985164077413835,0.0061985164077413835
5328,5,19,yes,1,0.00614129254867346,0.00614129254867346
6643,5,21,yes,10,-0.01534135507268962,0.01534135507268962
5329,5,19,no,1,0.006082521453160905,0.006082521453160905
5330,5,19,yes,20,-0.130720171202116,0.130720171202116
5331,5,19,yes,7,0.04755666535323977,0.04755666535323977
6282,5,20,yes,1,0.003607097447810126,0.003607097447810126
5332,5,19,no,2,-0.013444986864202035,0.013444986864202035
5333,5,19,yes,1,0.0067391696291118075,0.0067391696291118075
6644,5,21,no,1,0.0013697729675739914,0.0013697729675739914
5334,5,19,yes,8,0.05252466899730457,0.05252466899730457
6283,5,20,no,1,-0.003607097447810126,0.003607097447810126
6284,5,20,yes,12,-0.038092922985058175,0.038092922985058175
5335,5,19,no,9,-0.059263838626416376,0.059263838626416376
6645,5,21,yes,1,0.0014042374014612488,0.0014042374014612488
5336,5,19,no,1,0.0067391696291118075,0.0067391696291118075
5337,5,19,yes,6,0.039655288858546744,0.039655288858546744
6285,5,20,no,1,0.0028249181734272544,0.0028249181734272544
5338,5,19,yes,2,0.012869380138757824,0.012869380138757824
5339,5,19,yes,1,0.006360174775013605,0.006360174775013605
5340,5,19,yes,1,0.006308029388134018,0.006308029388134018
6646,5,21,yes,4,-0.005413128919926756,0.005413128919926756
6647,5,21,yes,1,0.0013030658355085226,0.0013030658355085226
5341,5,19,yes,13,0.07655632937812618,0.07655632937812618
6286,5,20,no,11,0.03526800481163092,0.03526800481163092
5342,5,19,no,1,-0.005496366471083425,0.005496366471083425
5343,5,19,no,2,-0.011199782667865588,0.011199782667865588
5344,5,19,no,1,-0.005701604461620269,0.005701604461620269
6287,5,20,yes,12,-0.038092922985058175,0.038092922985058175
6288,5,20,yes,5,0.014741511788290529,0.014741511788290529
5345,5,19,no,1,-0.0057680800157665635,0.0057680800157665635
5346,5,19,yes,1,0.0057680800157665635,0.0057680800157665635
6648,5,21,yes,1,0.0013360527153829932,0.0013360527153829932
6289,5,20,no,1,-0.0030733380175221314,0.0030733380175221314
5347,5,19,no,2,0.011335714615182013,0.011335714615182013
6649,5,21,yes,1,0.0013697729675739914,0.0013697729675739914
6290,5,20,yes,9,0.030031846662099904,0.030031846662099904
5348,5,19,no,1,0.005565672514303843,0.005565672514303843
5349,5,19,no,8,-0.046383512983528496,0.046383512983528496
6650,5,21,no,1,-0.0013697729675739914,0.0013697729675739914
6651,5,21,yes,12,0.01888299871523655,0.01888299871523655
6291,5,20,no,1,-0.003607097447810126,0.003607097447810126
6292,5,20,yes,1,0.003607097447810126,0.003607097447810126
6293,5,20,yes,6,-0.020618650771403096,0.020618650771403096
6294,5,20,no,3,-0.009413195890696807,0.009413195890696807
6652,5,21,no,1,-0.0017920493269606846,0.0017920493269606846
6295,5,20,no,1,-0.003010001079055108,0.003010001079055108
6296,5,20,no,1,0.003010001079055108,0.003010001079055108
6297,5,20,yes,4,0.01268125738993861,0.01268125738993861
6298,5,20,yes,1,0.003334478476924113,0.003334478476924113
6299,5,20,yes,4,0.01401611079523718,0.01401611079523718
6300,5,20,yes,1,-0.003607097447810126,0.003607097447810126
6301,5,20,yes,5,-0.01701155332359297,0.01701155332359297
6302,5,20,yes,1,-0.003202385934887142,0.003202385934887142
6653,5,21,no,1,-0.0017495943155862448,0.0017495943155862448
6303,5,20,no,4,-0.01216828750868923,0.01216828750868923
6304,5,20,yes,7,0.021973213419742288,0.021973213419742288
6654,5,21,yes,1,-0.0017079790593417937,0.0017079790593417937
6305,5,20,no,16,-0.04582667054275033,0.04582667054275033
6306,5,20,yes,5,0.01267209644430968,0.01267209644430968
6655,5,21,no,1,0.0017079790593417937,0.0017079790593417937
6307,5,20,yes,1,0.0027057566289490215,0.0027057566289490215
6308,5,20,yes,1,-0.0027057566289490215,0.0027057566289490215
6309,5,20,yes,1,-0.002647472861640701,0.002647472861640701
6310,5,20,yes,5,0.013828833540339064,0.013828833540339064
6311,5,20,yes,1,-0.002885778044461579,0.002885778044461579
6656,5,21,no,1,0.0017495943155862448,0.0017495943155862448
6312,5,20,yes,1,0.002885778044461579,0.002885778044461579
6657,5,21,yes,9,-0.014316939019240624,0.014316939019240624
6658,5,21,yes,7,-0.009131574105373776,0.009131574105373776
6313,5,20,yes,1,-0.002885778044461579,0.002885778044461579
6659,5,21,yes,3,-0.0034469031844259687,0.0034469031844259687
6660,5,21,no,1,-0.0010917613765485043,0.0010917613765485043
6314,5,20,yes,1,-0.0028249181734272544,0.0028249181734272544
6315,5,20,yes,14,-0.03364645918961448,0.03364645918961448
6316,5,20,no,1,0.0020648105407109485,0.0020648105407109485
6317,5,20,yes,5,0.011069617366974635,0.011069617366974635
6318,5,20,yes,4,-0.008956286705987818,0.008956286705987818
6319,5,20,yes,11,0.026703410156056206,0.026703410156056206
6661,5,21,no,1,0.0010917613765485043,0.0010917613765485043
6662,5,21,yes,1,-0.0010917613765485043,0.0010917613765485043
6663,5,21,yes,4,0.004538664560974473,0.004538664560974473
6664,5,21,yes,1,0.0012083954815765574,0.0012083954815765574
6665,5,21,yes,1,-0.0012083954815765574,0.0012083954815765574
6666,5,21,yes,1,0.0012083954815765574,0.0012083954815765574
6667,5,21,no,12,0.01711534883538713,0.01711534883538713
6668,5,21,no,1,0.0016671954327226735,0.0016671954327226735
