trade_id,market_id,round_id,direction,quantity,price_impact,abs_price_impact
1,1,1,no,2,-0.013885317746004877,0.013885317746004877
2,1,1,no,12,-0.08212987558051194,0.08212987558051194
3,1,1,yes,13,0.08907119537825614,0.08907119537825614
4,1,1,no,20,-0.13489004714047031,0.13489004714047031
5,1,1,no,1,-0.006360174775013716,0.006360174775013716
6,1,1,yes,6,0.03887667802018402,0.03887667802018402
7,1,1,yes,1,0.006632203865068964,0.006632203865068964
8,1,1,yes,11,0.07493610292397856,0.07493610292397856
9,1,1,yes,15,0.10354928867031349,0.10354928867031349
10,1,1,no,1,-0.0067987210476098126,0.0067987210476098126
11,1,1,no,2,-0.013673277305821574,0.013673277305821574
12,1,1,no,6,-0.04144273751636407,0.04144273751636407
13,1,1,no,1,-0.00694131979774415,0.00694131979774415
14,1,1,no,1,-0.006943997948260727,0.006943997948260727
15,2,2,no,2,-0.013885317746004877,0.013885317746004877
16,2,2,no,11,-0.07542405834542165,0.07542405834542165
17,2,2,yes,12,0.08236537814316586,0.08236537814316586
18,2,2,no,1,-0.006941319797744205,0.006941319797744205
19,2,2,no,1,-0.006935967626738038,0.006935967626738038
20,3,7,yes,1,0.006943997948260727,0.006943997948260727
21,3,7,yes,1,0.00694131979774415,0.00694131979774415
22,3,7,yes,16,0.10857401345584972,0.10857401345584972
23,3,7,no,2,-0.01314178935829402,0.01314178935829402
24,3,7,no,1,-0.006632203865068909,0.006632203865068909
25,3,7,no,13,-0.08880002023248679,0.08880002023248679
26,3,7,yes,13,0.08880002023248679,0.08880002023248679
27,3,7,yes,13,0.08251563868682399,0.08251563868682399
28,3,7,no,1,-0.006022277489922678,0.006022277489922678
29,3,7,no,1,-0.006082521453160905,0.006082521453160905
30,3,7,no,2,-0.012339808956414844,0.012339808956414844
31,3,7,no,3,-0.018922323677086128,0.018922323677086128
32,3,7,yes,1,0.006360174775013605,0.006360174775013605
33,3,7,no,20,-0.13430890211773983,0.13430890211773983
34,3,7,yes,19,0.12794872734272622,0.12794872734272622
35,3,7,yes,19,0.1105021537721973,0.1105021537721973
36,3,7,no,3,-0.015851353919253408,0.015851353919253408
37,3,7,no,1,-0.0054262663116700915,0.0054262663116700915
38,3,7,no,10,-0.057962400907772826,0.057962400907772826
39,3,7,no,1,-0.00614129254867346,0.00614129254867346
40,3,7,no,2,-0.012452635921679889,0.012452635921679889
41,3,7,no,8,-0.051816911273387056,0.051816911273387056
42,3,7,no,8,-0.054226810005214676,0.054226810005214676
43,3,7,yes,14,0.09337551711545411,0.09337551711545411
44,3,7,yes,2,0.012668204163147623,0.012668204163147623
45,3,7,no,6,-0.038592657708365286,0.038592657708365286
46,3,7,no,1,-0.006592049699952862,0.006592049699952862
47,3,7,yes,4,0.02610601741480012,0.02610601741480012
48,3,7,no,1,-0.0064588943083874195,0.0064588943083874195
49,3,7,yes,11,0.06809461901543412,0.06809461901543412
50,3,7,no,12,-0.0745999527635528,0.0745999527635528
51,3,7,no,3,-0.01977399322336293,0.01977399322336293
52,3,7,no,11,-0.07493610292397845,0.07493610292397845
53,3,7,yes,12,0.08156830678904736,0.08156830678904736
54,3,7,no,1,-0.006632203865068909,0.006632203865068909
55,3,7,no,8,-0.054226810005214676,0.054226810005214676
56,3,7,yes,7,0.04755666535323977,0.04755666535323977
57,3,7,yes,1,0.0066701446519749075,0.0066701446519749075
58,3,7,yes,16,0.10020740703517739,0.10020740703517739
59,3,7,yes,8,0.044231522257000444,0.044231522257000444
60,3,7,no,10,-0.055962654908154885,0.055962654908154885
61,3,7,no,4,-0.024206727188956,0.024206727188956
62,3,7,no,3,-0.018760665309813906,0.018760665309813906
63,3,7,no,1,-0.006360174775013605,0.006360174775013605
64,3,7,yes,8,0.04932756727378351,0.04932756727378351
65,3,7,no,1,-0.005960635697198957,0.005960635697198957
66,3,7,yes,9,0.051283868276359335,0.051283868276359335
67,3,7,yes,6,0.031050162102200796,0.031050162102200796
68,3,7,no,4,-0.020410739773206288,0.020410739773206288
69,3,7,no,1,-0.005283976781832678,0.005283976781832678
70,3,7,no,1,-0.00535544554716183,0.00535544554716183
71,3,7,no,1,-0.0054262663116700915,0.0054262663116700915
72,3,7,yes,11,0.05570991053246788,0.05570991053246788
73,3,7,no,16,-0.08387574414880372,0.08387574414880372
74,3,7,no,8,-0.04839049576179033,0.04839049576179033
75,3,7,no,1,-0.006308029388134018,0.006308029388134018
76,3,7,no,12,-0.07919288729555418,0.07919288729555418
77,3,7,yes,1,0.0067987210476098126,0.0067987210476098126
78,3,7,yes,1,0.006770152846514388,0.006770152846514388
79,3,7,no,1,-0.006770152846514388,0.006770152846514388
80,3,7,no,8,0.05316461133417294,0.05316461133417294
81,3,7,no,9,-0.05996333238178275,0.05996333238178275
82,3,7,yes,18,0.11619964409712513,0.11619964409712513
83,3,7,no,14,-0.0891857833387989,0.0891857833387989
84,3,7,yes,1,0.0066701446519749075,0.0066701446519749075
85,3,7,no,20,-0.13735185133189554,0.13735185133189554
86,3,7,no,2,-0.013792014619873005,0.013792014619873005
87,3,7,yes,1,0.00688804475647703,0.00688804475647703
88,3,7,yes,1,0.006903969863395976,0.006903969863395976
89,3,7,yes,4,0.0277225154051432,0.0277225154051432
90,3,7,yes,7,0.048514481165060575,0.048514481165060575
91,3,7,yes,1,0.006888044756477085,0.006888044756477085
92,3,7,yes,1,0.006869527289091959,0.006869527289091959
93,3,7,no,10,-0.06921337300837382,0.06921337300837382
94,3,7,yes,2,0.013885317746004877,0.013885317746004877
95,3,7,yes,1,0.006943997948260727,0.006943997948260727
96,3,7,yes,12,0.0823653781431658,0.0823653781431658
97,3,7,no,1,0.006705817235090228,0.006705817235090228
98,3,7,yes,1,0.0066701446519749075,0.0066701446519749075
99,3,7,yes,1,0.006632203865068909,0.006632203865068909
100,3,7,yes,1,0.006592049699952862,0.006592049699952862
101,3,7,no,20,-0.13673087691625635,0.13673087691625635
102,3,7,no,7,-0.048180047195447606,0.048180047195447606
103,3,7,yes,20,0.13800266513638104,0.13800266513638104
104,3,7,yes,3,0.020308043523236008,0.020308043523236008
105,3,7,yes,6,0.039655288858546744,0.039655288858546744
106,3,7,yes,12,0.07392808006369578,0.07392808006369578
107,3,7,yes,1,0.0057680800157665635,0.0057680800157665635
108,3,7,no,10,-0.06046660516569091,0.06046660516569091
109,3,7,yes,1,0.006308029388134018,0.006308029388134018
110,3,7,no,1,-0.006308029388134018,0.006308029388134018
111,3,7,yes,16,0.09364607062509211,0.09364607062509211
112,3,7,no,2,-0.010781711858831922,0.010781711858831922
113,3,7,yes,18,0.08651589756363876,0.08651589756363876
114,3,7,no,3,-0.012759153207483886,0.012759153207483886
115,3,7,no,1,-0.004400521639892241,0.004400521639892241
116,3,7,no,14,-0.06935622271626263,0.06935622271626263
117,3,7,yes,8,0.04139580417717903,0.04139580417717903
118,3,7,no,2,-0.009912411151086431,0.009912411151086431
119,3,7,no,3,-0.015417704385428,0.015417704385428
120,3,7,no,3,-0.0160656886406646,0.0160656886406646
121,3,7,no,14,-0.0828643587662602,0.0828643587662602
122,3,7,yes,1,0.006308029388134018,0.006308029388134018
123,3,7,yes,2,0.012452635921679889,0.012452635921679889
124,3,7,no,1,-0.0061985164077413835,0.0061985164077413835
125,3,7,yes,9,0.05360606072523866,0.05360606072523866
126,3,7,no,5,-0.02916145282574023,0.02916145282574023
127,3,7,no,1,-0.006022277489922678,0.006022277489922678
128,3,7,no,1,-0.006082521453160905,0.006082521453160905
129,3,7,no,1,-0.00614129254867346,0.00614129254867346
130,3,7,no,1,-0.0061985164077413835,0.0061985164077413835
131,3,7,no,1,-0.006254119513938505,0.006254119513938505
132,3,7,no,11,-0.071932042789564,0.071932042789564
133,3,7,yes,1,0.0067391696291118075,0.0067391696291118075
134,3,7,yes,20,0.12505305339962935,0.12505305339962935
135,3,7,yes,5,0.027477860997780934,0.027477860997780934
136,3,7,yes,6,0.030614092318347108,0.030614092318347108
137,3,7,no,2,-0.009912411151086431,0.009912411151086431
138,3,7,yes,4,0.01952929595938735,0.01952929595938735
139,3,7,no,1,-0.004771406440793768,0.004771406440793768
140,3,7,no,1,0.004771406440793768,0.004771406440793768
141,3,7,no,8,-0.040230977126648026,0.040230977126648026
142,3,7,yes,1,0.005283976781832678,0.005283976781832678
143,3,7,no,6,-0.03276183777961361,0.03276183777961361
144,3,7,no,1,-0.005701604461620269,0.005701604461620269
145,3,7,no,1,0.005701604461620269,0.005701604461620269
146,3,7,no,1,-0.005701604461620269,0.005701604461620269
147,3,7,no,1,-0.0057680800157665635,0.0057680800157665635
148,3,7,yes,1,0.0057680800157665635,0.0057680800157665635
149,3,7,no,15,-0.09275123348592218,0.09275123348592218
150,3,7,yes,1,0.006549739658341158,0.006549739658341158
151,3,7,yes,7,0.044495553971704016,0.044495553971704016
152,3,7,yes,1,0.00614129254867346,0.00614129254867346
153,3,7,yes,11,0.06338866721944292,0.06338866721944292
154,3,7,yes,12,0.059455378099095735,0.059455378099095735
155,3,7,no,15,-0.0759436833961531,0.0759436833961531
156,3,7,no,2,-0.011335714615182013,0.011335714615182013
157,3,7,no,5,-0.02948212585404264,0.02948212585404264
158,3,7,yes,16,0.08835630786848281,0.08835630786848281
159,3,7,yes,1,0.0049193757633081425,0.0049193757633081425
715,3,8,yes,2,-0.010639422328994508,0.010639422328994508
160,3,7,no,9,-0.046892170648262455,0.046892170648262455
161,3,7,yes,8,0.04197279488495431,0.04197279488495431
716,3,8,no,10,-0.05730614576628201,0.05730614576628201
162,3,7,no,8,-0.04197279488495431,0.04197279488495431
163,3,7,no,2,-0.011199782667865588,0.011199782667865588
164,3,7,no,1,-0.005701604461620269,0.005701604461620269
717,3,8,yes,1,0.006022277489922678,0.006022277489922678
718,3,8,no,8,0.04585760196468924,0.04585760196468924
165,3,7,no,5,-0.02948212585404264,0.02948212585404264
166,3,7,yes,1,0.006022277489922678,0.006022277489922678
719,3,8,yes,8,-0.04585760196468924,0.04585760196468924
720,3,8,no,19,0.10156751249715712,0.10156751249715712
721,3,8,yes,9,-0.044928198673635955,0.044928198673635955
167,3,7,yes,2,0.011858307300091742,0.011858307300091742
722,3,8,no,1,-0.00535544554716183,0.00535544554716183
168,3,7,yes,7,0.03942556097626759,0.03942556097626759
169,3,7,no,1,-0.0054262663116700915,0.0054262663116700915
170,3,7,no,1,-0.005496366471083425,0.005496366471083425
723,3,8,yes,3,0.015851353919253408,0.015851353919253408
171,3,7,no,1,-0.005565672514303843,0.005565672514303843
724,3,8,yes,1,0.0051393804018998734,0.0051393804018998734
725,3,8,no,1,-0.0051393804018998734,0.0051393804018998734
726,3,8,no,1,-0.0052119315902589,0.0052119315902589
172,3,7,yes,7,0.03747903961821064,0.03747903961821064
173,3,7,no,1,-0.0051393804018998734,0.0051393804018998734
174,3,7,no,1,-0.0052119315902589,0.0052119315902589
175,3,7,yes,1,0.0052119315902589,0.0052119315902589
176,3,7,yes,1,0.0051393804018998734,0.0051393804018998734
177,3,7,no,1,-0.0051393804018998734,0.0051393804018998734
178,3,7,no,4,-0.0212776202309235,0.0212776202309235
179,3,7,no,1,-0.005496366471083425,0.005496366471083425
180,3,7,yes,1,0.005496366471083425,0.005496366471083425
181,3,7,yes,1,0.0054262663116700915,0.0054262663116700915
182,3,7,no,14,-0.08198259568979627,0.08198259568979627
183,3,7,yes,18,0.10297333001094955,0.10297333001094955
184,3,7,no,11,-0.060416295297420874,0.060416295297420874
727,3,8,no,13,-0.07402808954843743,0.07402808954843743
728,3,8,yes,1,0.006082521453160905,0.006082521453160905
729,3,8,yes,1,0.006022277489922678,0.006022277489922678
185,3,7,yes,3,0.01730314552564849,0.01730314552564849
186,3,7,yes,5,0.027477860997780934,0.027477860997780934
187,3,7,yes,1,-0.00535544554716183,0.00535544554716183
730,3,8,yes,1,-0.006022277489922678,0.006022277489922678
188,3,7,no,20,-0.12057525339816155,0.12057525339816155
189,3,7,yes,1,0.006549739658341158,0.006549739658341158
190,3,7,yes,1,0.00650533374811868,0.00650533374811868
731,3,8,yes,1,0.006022277489922678,0.006022277489922678
732,3,8,yes,7,-0.043366931576584555,0.043366931576584555
191,3,7,yes,1,0.0064588943083874195,0.0064588943083874195
192,3,7,yes,10,0.0616357247070467,0.0616357247070467
193,3,7,yes,15,0.08024057720928368,0.08024057720928368
733,3,8,no,1,-0.006410485830370405,0.006410485830370405
734,3,8,yes,4,0.025332809507456533,0.025332809507456533
735,3,8,no,2,-0.012562148902072523,0.012562148902072523
736,3,8,yes,10,0.06046660516569091,0.06046660516569091
194,3,7,no,14,-0.07440711616102202,0.07440711616102202
737,3,8,yes,1,0.005701604461620269,0.005701604461620269
195,3,7,yes,1,0.0057680800157665635,0.0057680800157665635
196,3,7,yes,2,0.011335714615182013,0.011335714615182013
197,3,7,yes,1,0.005565672514303843,0.005565672514303843
198,3,7,yes,5,0.026773986702006924,0.026773986702006924
199,3,7,yes,4,0.02011818394625553,0.02011818394625553
738,3,8,no,1,0.005634110153561744,0.005634110153561744
200,3,7,no,1,-0.0049193757633081425,0.0049193757633081425
739,3,8,yes,1,0.005565672514303843,0.005565672514303843
201,3,7,yes,6,0.02840521599689494,0.02840521599689494
202,3,7,no,7,-0.03339825138467323,0.03339825138467323
203,3,7,yes,17,0.07484171998237066,0.07484171998237066
204,3,7,no,16,-0.06984868459459237,0.06984868459459237
205,3,7,yes,1,0.0049193757633081425,0.0049193757633081425
206,3,7,yes,12,0.05326029601423066,0.05326029601423066
207,3,7,yes,5,-0.020899355835254818,0.020899355835254818
208,3,7,yes,14,0.05400854157198032,0.05400854157198032
740,3,8,no,1,-0.005565672514303843,0.005565672514303843
209,3,7,yes,13,0.038392110524608225,0.038392110524608225
741,3,8,yes,1,-0.005634110153561744,0.005634110153561744
210,3,7,no,15,-0.04526317311443773,0.04526317311443773
211,3,7,yes,1,0.0034694475658122448,0.0034694475658122448
212,3,7,yes,1,0.003401615024017257,0.003401615024017257
213,3,7,no,1,-0.003401615024017257,0.003401615024017257
214,3,7,no,20,-0.0829678667269389,0.0829678667269389
215,3,7,no,1,-0.0049193757633081425,0.0049193757633081425
216,3,7,no,11,-0.05887418201444017,0.05887418201444017
217,3,7,yes,1,0.005701604461620269,0.005701604461620269
742,3,8,no,1,-0.005701604461620269,0.005701604461620269
218,3,7,yes,14,0.07240605967141689,0.07240605967141689
219,3,7,yes,8,0.03491245472983473,0.03491245472983473
220,3,7,yes,14,0.05008531851517317,0.05008531851517317
221,3,7,no,1,-0.003137471938287395,0.003137471938287395
222,3,7,no,1,-0.0032023859348871975,0.0032023859348871975
223,3,7,no,6,-0.020618650771403124,0.020618650771403124
743,3,8,no,3,-0.017499212666921005,0.017499212666921005
224,3,7,no,10,-0.03999243077674319,0.03999243077674319
744,3,8,no,1,-0.005960635697198957,0.005960635697198957
225,3,7,yes,1,-0.004400521639892241,0.004400521639892241
226,3,7,yes,1,-0.004474578305496801,0.004474578305496801
227,3,7,no,1,-0.004548750366815679,0.004548750366815679
228,3,7,no,1,-0.00462298351148227,0.00462298351148227
229,3,7,yes,13,0.054362405956612125,0.054362405956612125
230,3,7,yes,17,-0.07359588807520911,0.07359588807520911
231,3,7,no,19,-0.10677863827805856,0.10677863827805856
232,3,7,yes,1,0.0061985164077413835,0.0061985164077413835
233,3,7,yes,4,0.024206727188956,0.024206727188956
234,3,7,yes,2,0.011731132651154441,0.011731132651154441
745,3,8,no,1,0.005960635697198957,0.005960635697198957
235,3,7,yes,7,0.038947545475167766,0.038947545475167766
236,3,7,yes,1,0.005283976781832678,0.005283976781832678
237,3,7,yes,20,0.09025942436779866,0.09025942436779866
746,3,8,no,1,-0.005960635697198957,0.005960635697198957
238,3,7,no,8,-0.03256836865230839,0.03256836865230839
239,3,7,no,10,-0.047339743723331495,0.047339743723331495
240,3,7,no,1,-0.0051393804018998734,0.0051393804018998734
241,3,7,yes,10,0.04807860248533913,0.04807860248533913
747,3,8,no,1,-0.006022277489922678,0.006022277489922678
242,3,7,yes,1,0.004400521639892241,0.004400521639892241
243,3,7,yes,1,0.004326632768974825,0.004326632768974825
244,3,7,no,8,-0.036687572947950664,0.036687572947950664
245,3,7,no,1,-0.0049193757633081425,0.0049193757633081425
246,3,7,no,2,-0.010059427781047514,0.010059427781047514
247,3,7,no,6,-0.0319133671039068,0.0319133671039068
748,3,8,yes,1,0.006022277489922678,0.006022277489922678
248,3,7,yes,1,0.005496366471083425,0.005496366471083425
249,3,7,yes,11,0.05570991053246788,0.05570991053246788
250,3,7,no,1,-0.004697221546987929,0.004697221546987929
251,3,7,yes,2,0.009320205058470199,0.009320205058470199
252,3,7,yes,1,-0.00462298351148227,0.00462298351148227
253,3,7,no,1,-0.004697221546987929,0.004697221546987929
254,3,7,yes,5,0.02274405537067492,0.02274405537067492
255,3,7,yes,1,-0.004400521639892241,0.004400521639892241
256,3,7,no,2,-0.00902332867231248,0.00902332867231248
257,3,7,yes,1,0.004548750366815679,0.004548750366815679
749,3,8,yes,1,0.005960635697198957,0.005960635697198957
258,3,7,no,1,-0.004548750366815679,0.004548750366815679
259,3,7,no,3,-0.014091611499263967,0.014091611499263967
260,3,7,no,1,-0.00484547836750715,0.00484547836750715
261,3,7,no,4,-0.02011818394625553,0.02011818394625553
262,3,7,yes,1,0.0051393804018998734,0.0051393804018998734
263,3,7,yes,1,0.005066392393269226,0.005066392393269226
264,3,7,yes,2,0.009912411151086431,0.009912411151086431
265,3,7,no,2,-0.009912411151086431,0.009912411151086431
266,3,7,yes,9,0.04227335133006227,0.04227335133006227
267,3,7,no,19,-0.09615449795672415,0.09615449795672415
268,3,7,no,6,0.0331794654594012,0.0331794654594012
269,3,7,yes,6,0.030614092318347108,0.030614092318347108
270,3,7,no,1,-0.0049193757633081425,0.0049193757633081425
750,3,8,yes,2,-0.011982913187121635,0.011982913187121635
751,3,8,yes,7,0.04081784046922465,0.04081784046922465
271,3,7,yes,1,0.0049193757633081425,0.0049193757633081425
752,3,8,yes,1,0.005565672514303843,0.005565672514303843
272,3,7,yes,1,0.00484547836750715,0.00484547836750715
273,3,7,no,1,-0.00484547836750715,0.00484547836750715
274,3,7,no,2,-0.009912411151086431,0.009912411151086431
275,3,7,yes,7,0.03339825138467323,0.03339825138467323
276,3,7,no,12,-0.059455378099095735,0.059455378099095735
277,3,7,yes,15,0.0726571108134596,0.0726571108134596
278,3,7,no,1,-0.004326632768974825,0.004326632768974825
279,3,7,yes,1,0.004326632768974825,0.004326632768974825
280,3,7,no,1,-0.004326632768974825,0.004326632768974825
281,3,7,yes,1,-0.004400521639892241,0.004400521639892241
753,3,8,yes,1,-0.005565672514303843,0.005565672514303843
754,3,8,yes,1,0.005565672514303843,0.005565672514303843
282,3,7,no,1,-0.004474578305496801,0.004474578305496801
283,3,7,no,7,0.02977445578064386,0.02977445578064386
284,3,7,no,2,-0.008140202627770932,0.008140202627770932
755,3,8,no,1,-0.005565672514303843,0.005565672514303843
285,3,7,no,5,-0.02163425315287293,0.02163425315287293
756,3,8,no,1,0.005565672514303843,0.005565672514303843
286,3,7,no,3,-0.013868955425285878,0.013868955425285878
757,3,8,no,2,-0.011199782667865588,0.011199782667865588
758,3,8,yes,1,-0.005701604461620269,0.005701604461620269
759,3,8,no,1,-0.0057680800157665635,0.0057680800157665635
760,3,8,yes,3,-0.0176917683483534,0.0176917683483534
761,3,8,no,1,-0.006022277489922678,0.006022277489922678
287,3,7,no,1,-0.004771406440793768,0.004771406440793768
762,3,8,yes,1,0.006022277489922678,0.006022277489922678
763,3,8,no,1,0.005960635697198957,0.005960635697198957
288,3,7,yes,6,0.02751546181146869,0.02751546181146869
1496,3,9,yes,1,0.006770152846514388,0.006770152846514388
764,3,8,no,1,0.0058976716028927845,0.0058976716028927845
289,3,7,no,1,-0.004400521639892241,0.004400521639892241
290,3,7,no,3,-0.013646312183794751,0.013646312183794751
1497,3,9,yes,13,-0.0895142044105754,0.0895142044105754
1498,3,9,yes,4,0.027765283321003642,0.027765283321003642
1499,3,9,yes,1,0.00692794968177024,0.00692794968177024
291,3,7,yes,1,0.00462298351148227,0.00462298351148227
765,3,8,no,18,-0.11448907750309267,0.11448907750309267
766,3,8,yes,4,0.02674733538124585,0.02674733538124585
292,3,7,no,8,-0.03905527381302665,0.03905527381302665
767,3,8,no,8,0.05143882692225665,0.05143882692225665
768,3,8,no,10,0.0592401708788004,0.0592401708788004
293,3,7,yes,2,0.010205772795169099,0.010205772795169099
1500,3,9,no,2,-0.013863917308508333,0.013863917308508333
1501,3,9,no,2,-0.013885317746004877,0.013885317746004877
769,3,8,yes,1,0.005565672514303843,0.005565672514303843
1502,3,9,yes,13,-0.08930937609142653,0.08930937609142653
294,3,7,yes,1,0.0049930353877782885,0.0049930353877782885
770,3,8,no,1,-0.005565672514303843,0.005565672514303843
1503,3,9,yes,1,0.006739169629111863,0.006739169629111863
1504,3,9,no,8,-0.05285335279604608,0.05285335279604608
1505,3,9,no,1,0.0064588943083875305,0.0064588943083875305
771,3,8,no,3,-0.017103794630948577,0.017103794630948577
295,3,7,yes,1,-0.0049930353877782885,0.0049930353877782885
296,3,7,yes,1,0.0049930353877782885,0.0049930353877782885
1506,3,9,no,4,-0.02553758430190539,0.02553758430190539
1507,3,9,yes,6,0.03859265770836523,0.03859265770836523
1508,3,9,no,1,0.006592049699952696,0.006592049699952696
1509,3,9,yes,1,0.006632203865068964,0.006632203865068964
1510,3,9,yes,8,-0.05181691127338689,0.05181691127338689
1511,3,9,yes,1,0.006308029388133907,0.006308029388133907
772,3,8,yes,16,-0.10020740703517739,0.10020740703517739
1512,3,9,yes,1,0.006360174775013716,0.006360174775013716
773,3,8,no,7,-0.04735728271612272,0.04735728271612272
1513,3,9,yes,1,0.006410485830370238,0.006410485830370238
1514,3,9,yes,1,0.0064588943083875305,0.0064588943083875305
774,3,8,yes,1,0.0068484456234291224,0.0068484456234291224
1515,3,9,yes,1,0.00650533374811868,0.00650533374811868
1516,3,9,yes,2,0.013141789358293854,0.013141789358293854
1517,3,9,yes,1,0.006632203865068964,0.006632203865068964
1518,3,9,yes,1,0.0066701446519749075,0.0066701446519749075
1519,3,9,yes,1,0.006705817235090283,0.006705817235090283
1520,3,9,yes,2,0.01350932247562614,0.01350932247562614
775,3,8,yes,6,0.040508837092693595,0.040508837092693595
1521,3,9,yes,1,0.006798721047609868,0.006798721047609868
776,3,8,yes,12,-0.0818640526057487,0.0818640526057487
777,3,8,no,9,0.06174892108957175,0.06174892108957175
297,3,7,no,7,-0.03647642841387089,0.03647642841387089
1522,3,9,no,13,0.08982261794093349,0.08982261794093349
1523,3,9,no,1,-0.006935967626738093,0.006935967626738093
778,3,8,no,1,-0.006770152846514388,0.006770152846514388
779,3,8,yes,1,0.006770152846514388,0.006770152846514388
780,3,8,yes,2,0.013444986864202035,0.013444986864202035
781,3,8,yes,1,0.0066701446519749075,0.0066701446519749075
298,3,7,no,1,0.0054262663116700915,0.0054262663116700915
782,3,8,yes,1,0.006632203865068909,0.006632203865068909
783,3,8,no,13,0.08184407051895404,0.08184407051895404
784,3,8,no,19,0.10022986031144043,0.10022986031144043
1524,3,9,yes,4,0.027685165470795026,0.027685165470795026
299,3,7,yes,1,0.00535544554716183,0.00535544554716183
785,3,8,no,2,-0.009320205058470199,0.009320205058470199
786,3,8,no,1,-0.004771406440793768,0.004771406440793768
787,3,8,no,12,-0.06293743168363519,0.06293743168363519
300,3,7,yes,1,0.005283976781832678,0.005283976781832678
788,3,8,yes,1,0.005634110153561744,0.005634110153561744
1525,3,9,no,12,-0.08314096643359975,0.08314096643359975
1526,3,9,yes,1,0.006903969863395976,0.006903969863395976
1527,3,9,no,1,-0.006903969863395976,0.006903969863395976
789,3,8,no,1,-0.005634110153561744,0.005634110153561744
1528,3,9,yes,16,0.11057181578499037,0.11057181578499037
1529,3,9,no,1,-0.0068248316823924515,0.0068248316823924515
301,3,7,yes,1,0.0052119315902589,0.0052119315902589
1530,3,9,no,14,0.09232574836608065,0.09232574836608065
1531,3,9,no,1,-0.006308029388134018,0.006308029388134018
1532,3,9,no,14,-0.09286616460137576,0.09286616460137576
302,3,7,no,8,-0.04367537383149278,0.04367537383149278
1533,3,9,no,1,-0.006869527289091959,0.006869527289091959
1534,3,9,no,8,-0.05540252592153766,0.05540252592153766
303,3,7,yes,13,0.06863903614525546,0.06863903614525546
790,3,8,yes,2,-0.011469684477386832,0.011469684477386832
791,3,8,yes,10,0.05458283424915922,0.05458283424915922
1535,3,9,yes,1,-0.006941319797744205,0.006941319797744205
1536,3,9,yes,1,0.006941319797744205,0.006941319797744205
1537,3,9,no,1,-0.006941319797744205,0.006941319797744205
1538,3,9,yes,10,-0.06868488871630979,0.06868488871630979
304,3,7,no,1,-0.00484547836750715,0.00484547836750715
792,3,8,no,1,-0.0051393804018998734,0.0051393804018998734
1539,3,9,yes,1,0.006770152846514277,0.006770152846514277
1540,3,9,yes,4,0.027341525642523512,0.027341525642523512
305,3,7,yes,1,0.00484547836750715,0.00484547836750715
1541,3,9,yes,8,0.055402525921537604,0.055402525921537604
793,3,8,yes,1,-0.0052119315902589,0.0052119315902589
794,3,8,no,19,-0.1117007080123088,0.1117007080123088
795,3,8,no,12,0.07323726577107492,0.07323726577107492
1542,3,9,yes,1,0.00694131979774415,0.00694131979774415
796,3,8,no,1,0.005701604461620269,0.005701604461620269
1543,3,9,yes,2,-0.013885317746004877,0.013885317746004877
797,3,8,no,1,-0.005701604461620269,0.005701604461620269
306,3,7,yes,1,0.004771406440793768,0.004771406440793768
798,3,8,no,3,-0.017499212666921005,0.017499212666921005
799,3,8,yes,1,0.0058976716028927845,0.0058976716028927845
1544,3,9,yes,6,-0.04157048321679985,0.04157048321679985
800,3,8,yes,2,-0.011858307300091742,0.011858307300091742
307,3,7,yes,10,0.04364341120592974,0.04364341120592974
801,3,8,no,1,-0.006022277489922678,0.006022277489922678
308,3,7,no,1,-0.00403373492910708,0.00403373492910708
309,3,7,no,1,-0.0041064676986638515,0.0041064676986638515
1545,3,9,no,1,0.006903969863395976,0.006903969863395976
310,3,7,no,1,-0.004179558286804386,0.004179558286804386
311,3,7,no,1,-0.004252962151704676,0.004252962151704676
312,3,7,no,12,-0.056805756894206194,0.056805756894206194
1546,3,9,yes,1,0.006917278298890717,0.006917278298890717
1547,3,9,yes,8,-0.05482097140780151,0.05482097140780151
1548,3,9,yes,1,0.006770152846514277,0.006770152846514277
802,3,8,yes,14,-0.08986932308396645,0.08986932308396645
313,3,7,yes,2,0.010205772795169099,0.010205772795169099
803,3,8,yes,1,0.006705817235090228,0.006705817235090228
1549,3,9,yes,2,0.013623552730002264,0.013623552730002264
314,3,7,yes,1,0.0049930353877782885,0.0049930353877782885
1550,3,9,yes,1,0.0068484456234291224,0.0068484456234291224
1551,3,9,yes,6,0.041442737516364125,0.041442737516364125
804,3,8,yes,6,0.039408365931843936,0.039408365931843936
1552,3,9,no,1,0.006941319797744205,0.006941319797744205
1553,3,9,no,1,-0.006941319797744205,0.006941319797744205
805,3,8,yes,7,-0.046114183166934164,0.046114183166934164
315,3,7,no,14,-0.07637339468136117,0.07637339468136117
316,3,7,yes,6,0.03440059979640686,0.03440059979640686
806,3,8,no,6,0.039655288858546744,0.039655288858546744
317,3,7,yes,3,0.016278078329915346,0.016278078329915346
1554,3,9,no,2,-0.013863917308508278,0.013863917308508278
807,3,8,no,1,0.0064588943083874195,0.0064588943083874195
808,3,8,yes,20,-0.1354235592583607,0.1354235592583607
809,3,8,yes,7,-0.04845852797327688,0.04845852797327688
810,3,8,yes,10,0.06927981334601985,0.06927981334601985
811,3,8,no,1,-0.006935967626738093,0.006935967626738093
812,3,8,yes,1,0.006935967626738093,0.006935967626738093
1555,3,9,no,5,-0.03442726583128497,0.03442726583128497
1556,3,9,yes,6,0.04135521551305521,0.04135521551305521
813,3,8,no,1,0.00692794968177024,0.00692794968177024
1557,3,9,no,10,0.0692798133460199,0.0692798133460199
814,3,8,no,3,-0.020805237106252483,0.020805237106252483
1558,3,9,no,7,-0.04845852797327699,0.04845852797327699
815,3,8,yes,5,0.034626485268539176,0.034626485268539176
1559,3,9,yes,1,0.006943997948260727,0.006943997948260727
816,3,8,yes,2,0.013757572045569044,0.013757572045569044
817,3,8,yes,13,0.08650598982636215,0.08650598982636215
1560,3,9,yes,3,0.020805237106252483,0.020805237106252483
818,3,8,yes,1,-0.006410485830370405,0.006410485830370405
318,3,7,no,3,-0.016278078329915346,0.016278078329915346
319,3,7,no,2,-0.011199782667865588,0.011199782667865588
320,3,7,no,12,0.06293743168363519,0.06293743168363519
1561,3,9,no,1,-0.00692794968177024,0.00692794968177024
819,3,8,yes,7,-0.046114183166934164,0.046114183166934164
820,3,8,no,1,-0.0067391696291118075,0.0067391696291118075
821,3,8,yes,1,0.0067391696291118075,0.0067391696291118075
822,3,8,yes,12,0.07764550908213208,0.07764550908213208
1562,3,9,no,1,-0.006935967626738093,0.006935967626738093
823,3,8,no,1,-0.0061985164077413835,0.0061985164077413835
1563,3,9,no,2,-0.013885317746004877,0.013885317746004877
321,3,7,no,6,-0.03017559390402158,0.03017559390402158
824,3,8,yes,13,-0.08495631515001689,0.08495631515001689
825,3,8,no,1,-0.0067987210476098126,0.0067987210476098126
1564,3,9,yes,3,0.02082128537274297,0.02082128537274297
826,3,8,no,20,-0.13800266513638104,0.13800266513638104
827,3,8,no,7,0.048180047195447606,0.048180047195447606
828,3,8,no,1,-0.00692794968177024,0.00692794968177024
829,3,8,no,1,-0.006917278298890717,0.006917278298890717
1565,3,9,yes,3,-0.02082128537274297,0.02082128537274297
830,3,8,yes,1,0.006917278298890717,0.006917278298890717
831,3,8,no,2,-0.013821248162286692,0.013821248162286692
1566,3,9,no,1,0.006943997948260727,0.006943997948260727
832,3,8,no,14,0.0968985384791688,0.0968985384791688
833,3,8,no,5,-0.03450676988962598,0.03450676988962598
322,3,7,yes,10,0.04881595577010123,0.04881595577010123
834,3,8,no,1,0.00692794968177024,0.00692794968177024
323,3,7,no,1,-0.004548750366815679,0.004548750366815679
324,3,7,no,11,-0.054906627732280056,0.054906627732280056
835,3,8,yes,11,0.07493610292397845,0.07493610292397845
836,3,8,no,1,-0.0066701446519749075,0.0066701446519749075
837,3,8,yes,12,0.07708098439571531,0.07708098439571531
838,3,8,yes,9,-0.057186586178718635,0.057186586178718635
839,3,8,no,1,-0.006592049699952862,0.006592049699952862
840,3,8,no,8,0.05143882692225665,0.05143882692225665
1567,3,9,no,7,0.04838405731410822,0.04838405731410822
1568,3,9,no,6,-0.04144273751636407,0.04144273751636407
841,3,8,no,1,-0.006254119513938505,0.006254119513938505
842,3,8,no,1,-0.006308029388134018,0.006308029388134018
325,3,7,yes,3,0.015851353919253408,0.015851353919253408
843,3,8,no,17,-0.11352770651034072,0.11352770651034072
326,3,7,yes,3,-0.015851353919253408,0.015851353919253408
844,3,8,yes,1,0.00690396986339592,0.00690396986339592
845,3,8,no,12,0.08088884798505469,0.08088884798505469
1569,3,9,no,1,-0.00694131979774415,0.00694131979774415
1570,3,9,yes,5,-0.03469323300277388,0.03469323300277388
846,3,8,yes,12,-0.08088884798505469,0.08088884798505469
847,3,8,no,1,-0.00690396986339592,0.00690396986339592
848,3,8,yes,14,0.09429815159656929,0.09429815159656929
849,3,8,yes,1,0.0064588943083874195,0.0064588943083874195
850,3,8,yes,5,0.031531325915197916,0.031531325915197916
851,3,8,yes,1,-0.0061985164077413835,0.0061985164077413835
1571,3,9,yes,2,0.013863917308508278,0.013863917308508278
852,3,8,no,1,-0.006254119513938505,0.006254119513938505
1572,3,9,no,1,-0.006935967626738038,0.006935967626738038
1573,3,9,no,1,0.006935967626738038,0.006935967626738038
1574,3,9,no,4,-0.02768516547079497,0.02768516547079497
853,3,8,no,2,-0.012668204163147623,0.012668204163147623
2221,3,10,no,1,0.00694131979774415,0.00694131979774415
854,3,8,no,1,-0.006410485830370405,0.006410485830370405
855,3,8,no,2,-0.0129642280565061,0.0129642280565061
856,3,8,no,3,-0.01977399322336293,0.01977399322336293
1575,3,9,yes,1,0.006903969863395976,0.006903969863395976
857,3,8,yes,4,0.02627932697148161,0.02627932697148161
327,3,7,no,1,-0.0054262663116700915,0.0054262663116700915
328,3,7,yes,2,0.010781711858831922,0.010781711858831922
858,3,8,no,1,-0.00650533374811868,0.00650533374811868
1576,3,9,yes,5,0.03466651335340387,0.03466651335340387
2222,3,10,no,1,0.006935967626738093,0.006935967626738093
1577,3,9,yes,1,0.006943997948260727,0.006943997948260727
2223,3,10,no,1,-0.006935967626738093,0.006935967626738093
1578,3,9,no,1,0.00694131979774415,0.00694131979774415
859,3,8,no,3,-0.01977399322336293,0.01977399322336293
1579,3,9,yes,1,0.006935967626738093,0.006935967626738093
860,3,8,no,1,0.006632203865068909,0.006632203865068909
861,3,8,yes,12,-0.08156830678904736,0.08156830678904736
1580,3,9,no,8,-0.05548779872614684,0.05548779872614684
862,3,8,yes,1,0.006917278298890772,0.006917278298890772
1581,3,9,no,8,0.05548779872614684,0.05548779872614684
863,3,8,no,3,-0.020781195607399106,0.020781195607399106
1582,3,9,no,1,0.00692794968177024,0.00692794968177024
1583,3,9,yes,11,-0.07620776302779009,0.07620776302779009
864,3,8,yes,14,0.0954322240975557,0.0954322240975557
1584,3,9,no,12,0.08312504132668086,0.08312504132668086
865,3,8,no,9,-0.060859013870283585,0.060859013870283585
866,3,8,yes,3,0.020542804594913533,0.020542804594913533
329,3,7,no,3,-0.016278078329915346,0.016278078329915346
867,3,8,yes,1,0.0067987210476098126,0.0067987210476098126
330,3,7,no,1,-0.005565672514303843,0.005565672514303843
1585,3,9,no,1,-0.006917278298890772,0.006917278298890772
331,3,7,yes,11,0.05730332153007345,0.05730332153007345
868,3,8,no,9,0.05962350564256036,0.05962350564256036
1586,3,9,yes,1,0.006917278298890772,0.006917278298890772
1587,3,9,no,1,-0.006917278298890772,0.006917278298890772
869,3,8,no,10,-0.06642222669017017,0.06642222669017017
332,3,7,yes,1,0.004771406440793768,0.004771406440793768
870,3,8,yes,1,0.0067987210476098126,0.0067987210476098126
871,3,8,no,1,-0.0067987210476098126,0.0067987210476098126
333,3,7,no,10,-0.05101268898547995,0.05101268898547995
334,3,7,no,4,0.0212776202309235,0.0212776202309235
2224,3,10,no,1,-0.00694131979774415,0.00694131979774415
872,3,8,yes,7,0.046908258975322914,0.046908258975322914
2225,3,10,yes,1,0.00694131979774415,0.00694131979774415
2226,3,10,yes,1,0.006935967626738093,0.006935967626738093
2227,3,10,no,4,0.027637242600534018,0.027637242600534018
1588,3,9,yes,1,0.006917278298890772,0.006917278298890772
873,3,8,yes,2,-0.01322425356502177,0.01322425356502177
2228,3,10,no,12,0.08050613697669629,0.08050613697669629
2229,3,10,no,6,-0.039655288858546744,0.039655288858546744
874,3,8,no,1,-0.0066701446519749075,0.0066701446519749075
1589,3,9,yes,1,-0.006917278298890772,0.006917278298890772
2230,3,10,no,1,-0.0067391696291118075,0.0067391696291118075
875,3,8,no,12,0.07708098439571531,0.07708098439571531
876,3,8,no,5,-0.03126213263350097,0.03126213263350097
2231,3,10,yes,1,-0.006770152846514388,0.006770152846514388
877,3,8,no,1,-0.006410485830370405,0.006410485830370405
1590,3,9,yes,1,-0.00692794968177024,0.00692794968177024
1591,3,9,no,11,-0.07614934063511197,0.07614934063511197
335,3,7,no,6,-0.03233965921631077,0.03233965921631077
1592,3,9,yes,6,0.041442737516364125,0.041442737516364125
2232,3,10,no,1,-0.0067987210476098126,0.0067987210476098126
2233,3,10,yes,4,-0.027430849351390618,0.027430849351390618
336,3,7,yes,7,0.03747903961821064,0.03747903961821064
878,3,8,yes,5,0.031531325915197916,0.031531325915197916
879,3,8,no,11,-0.07093969184704185,0.07093969184704185
2234,3,10,no,7,0.047738892874626626,0.047738892874626626
880,3,8,yes,3,0.019894398216996678,0.019894398216996678
1593,3,9,yes,1,-0.006935967626738038,0.006935967626738038
1594,3,9,no,1,-0.00692794968177024,0.00692794968177024
337,3,7,no,15,-0.0843794015405962,0.0843794015405962
1595,3,9,yes,1,0.00692794968177024,0.00692794968177024
881,3,8,no,9,-0.06058153628114449,0.06058153628114449
2235,3,10,yes,7,0.046114183166934164,0.046114183166934164
2236,3,10,no,8,-0.05285335279604597,0.05285335279604597
2237,3,10,no,1,-0.006770152846514388,0.006770152846514388
882,3,8,yes,1,0.0068484456234291224,0.0068484456234291224
883,3,8,no,1,0.0068248316823924515,0.0068248316823924515
1596,3,9,yes,7,0.048570520427256125,0.048570520427256125
2238,3,10,yes,5,0.03351748822776024,0.03351748822776024
2239,3,10,no,5,-0.03351748822776024,0.03351748822776024
338,3,7,yes,1,0.006082521453160905,0.006082521453160905
339,3,7,no,7,0.04081784046922465,0.04081784046922465
2240,3,10,no,1,-0.0067987210476098126,0.0067987210476098126
2241,3,10,no,1,0.0067987210476098126,0.0067987210476098126
2242,3,10,no,1,-0.0067987210476098126,0.0067987210476098126
1597,3,9,yes,5,0.03442726583128486,0.03442726583128486
884,3,8,yes,3,0.020308043523236008,0.020308043523236008
2243,3,10,no,1,-0.0068248316823924515,0.0068248316823924515
1598,3,9,yes,5,-0.03442726583128486,0.03442726583128486
1599,3,9,yes,12,-0.08307729031688221,0.08307729031688221
2244,3,10,yes,1,-0.0068484456234291224,0.0068484456234291224
885,3,8,no,5,0.033149955110428064,0.033149955110428064
2245,3,10,no,12,-0.0830772903168821,0.0830772903168821
1600,3,9,yes,1,0.0068695272890921255,0.0068695272890921255
2246,3,10,yes,4,0.027749235054513155,0.027749235054513155
340,3,7,no,1,-0.005634110153561744,0.005634110153561744
886,3,8,no,1,-0.006549739658341158,0.006549739658341158
2247,3,10,no,1,0.006943997948260727,0.006943997948260727
341,3,7,yes,8,0.043113149771772385,0.043113149771772385
1601,3,9,yes,12,0.08312504132668086,0.08312504132668086
2248,3,10,yes,8,0.05523250293753734,0.05523250293753734
2249,3,10,yes,1,0.0068248316823924515,0.0068248316823924515
2250,3,10,no,2,-0.013673277305821574,0.013673277305821574
2251,3,10,no,3,-0.020661541908964964,0.020661541908964964
342,3,7,no,1,0.005066392393269226,0.005066392393269226
887,3,8,yes,1,-0.006592049699952862,0.006592049699952862
888,3,8,yes,2,0.01314178935829402,0.01314178935829402
343,3,7,yes,1,0.0049930353877782885,0.0049930353877782885
889,3,8,no,9,0.05671936797353838,0.05671936797353838
2252,3,10,no,1,0.00690396986339592,0.00690396986339592
1602,3,9,yes,1,0.00690396986339592,0.00690396986339592
890,3,8,no,3,-0.01842233040957575,0.01842233040957575
344,3,7,no,1,0.0049193757633081425,0.0049193757633081425
891,3,8,yes,17,-0.11229784079254024,0.11229784079254024
2253,3,10,yes,3,0.020606017668998167,0.020606017668998167
892,3,8,yes,13,0.0869650312850837,0.0869650312850837
2254,3,10,yes,1,-0.0068484456234291224,0.0068484456234291224
345,3,7,yes,2,0.009616884808300918,0.009616884808300918
893,3,8,no,7,-0.046114183166934164,0.046114183166934164
894,3,8,no,7,0.046114183166934164,0.046114183166934164
895,3,8,yes,1,0.006410485830370405,0.006410485830370405
1603,3,9,no,2,-0.013821248162286692,0.013821248162286692
2255,3,10,no,3,-0.020661541908964964,0.020661541908964964
896,3,8,no,2,-0.012869380138757824,0.012869380138757824
1604,3,9,no,1,-0.00692794968177024,0.00692794968177024
1605,3,9,yes,1,-0.006935967626738093,0.006935967626738093
897,3,8,yes,1,-0.00650533374811868,0.00650533374811868
2256,3,10,yes,2,-0.013845227980661012,0.013845227980661012
2257,3,10,yes,1,0.00692794968177024,0.00692794968177024
346,3,7,no,7,-0.03494700034481535,0.03494700034481535
1606,3,9,no,15,0.10202427379750856,0.10202427379750856
1607,3,9,yes,1,0.006549739658341158,0.006549739658341158
1608,3,9,no,6,-0.03988912473953987,0.03988912473953987
2258,3,10,yes,1,0.006917278298890772,0.006917278298890772
347,3,7,no,1,0.0052119315902589,0.0052119315902589
2259,3,10,no,8,0.054642862738022546,0.054642862738022546
898,3,8,yes,1,-0.006549739658341158,0.006549739658341158
2260,3,10,yes,1,-0.0067391696291118075,0.0067391696291118075
348,3,7,yes,2,-0.010495908372091578,0.010495908372091578
1609,3,9,no,1,-0.006770152846514388,0.006770152846514388
2261,3,10,no,11,-0.075626208514054,0.075626208514054
1610,3,9,yes,3,-0.020471998353431387,0.020471998353431387
1611,3,9,yes,11,-0.07614934063511186,0.07614934063511186
2262,3,10,no,1,0.00694131979774415,0.00694131979774415
349,3,7,yes,9,0.044928198673635955,0.044928198673635955
350,3,7,no,1,-0.004697221546987929,0.004697221546987929
899,3,8,no,1,-0.006592049699952862,0.006592049699952862
1612,3,9,yes,6,0.041642570745485885,0.041642570745485885
900,3,8,yes,4,0.02610601741480012,0.02610601741480012
2263,3,10,no,13,0.08880002023248679,0.08880002023248679
2264,3,10,no,1,-0.0066701446519749075,0.0066701446519749075
2265,3,10,no,1,-0.006705817235090228,0.006705817235090228
1613,3,9,yes,2,0.013845227980661012,0.013845227980661012
1614,3,9,no,1,-0.006917278298890772,0.006917278298890772
351,3,7,yes,3,-0.014536260571609061,0.014536260571609061
2266,3,10,no,1,0.006705817235090228,0.006705817235090228
901,3,8,no,1,-0.0064588943083874195,0.0064588943083874195
902,3,8,no,8,-0.05316461133417294,0.05316461133417294
2267,3,10,yes,10,-0.06826595827200355,0.06826595827200355
903,3,8,yes,4,0.02688528436269133,0.02688528436269133
2268,3,10,yes,2,0.013821248162286692,0.013821248162286692
1615,3,9,no,1,0.006917278298890772,0.006917278298890772
904,3,8,no,3,0.01977399322336293,0.01977399322336293
1616,3,9,no,4,-0.027722515405143255,0.027722515405143255
2269,3,10,yes,6,0.04099972324551482,0.04099972324551482
2270,3,10,no,1,0.0067391696291118075,0.0067391696291118075
2271,3,10,no,5,-0.03398132082905758,0.03398132082905758
905,3,8,no,1,-0.006549739658341158,0.006549739658341158
1617,3,9,yes,5,0.034626485268539176,0.034626485268539176
2272,3,10,no,12,0.08009550399599175,0.08009550399599175
906,3,8,no,1,0.006549739658341158,0.006549739658341158
2273,3,10,yes,7,0.04375513991703228,0.04375513991703228
1618,3,9,yes,1,0.006888044756477085,0.006888044756477085
1619,3,9,no,1,-0.006888044756477085,0.006888044756477085
352,3,7,no,2,-0.010059427781047514,0.010059427781047514
907,3,8,no,4,-0.026444137875337836,0.026444137875337836
1620,3,9,yes,1,0.006888044756477085,0.006888044756477085
2274,3,10,no,1,-0.006082521453160905,0.006082521453160905
908,3,8,no,1,0.0066701446519749075,0.0066701446519749075
1621,3,9,no,1,-0.006888044756477085,0.006888044756477085
909,3,8,no,1,-0.0066701446519749075,0.0066701446519749075
1622,3,9,yes,3,0.020606017668998167,0.020606017668998167
1623,3,9,no,1,-0.0068484456234291224,0.0068484456234291224
2275,3,10,no,3,-0.01859392847035335,0.01859392847035335
2739,3,11,no,1,-0.0020648105407110595,0.0020648105407110595
910,3,8,yes,7,0.04581885176221434,0.04581885176221434
1624,3,9,yes,1,-0.006869527289091959,0.006869527289091959
911,3,8,yes,2,-0.012869380138757824,0.012869380138757824
1625,3,9,no,9,-0.062343845719281865,0.062343845719281865
1626,3,9,yes,11,0.07606181863180295,0.07606181863180295
1627,3,9,no,1,-0.0068484456234291224,0.0068484456234291224
2276,3,10,no,8,-0.051816911273387056,0.051816911273387056
2277,3,10,yes,1,0.006632203865068909,0.006632203865068909
1628,3,9,no,1,-0.006869527289091959,0.006869527289091959
2278,3,10,yes,3,-0.020008165752134044,0.020008165752134044
2279,3,10,yes,1,-0.0067391696291118075,0.0067391696291118075
2740,3,11,yes,1,-0.002113330660986845,0.002113330660986845
2280,3,10,yes,1,0.0067391696291118075,0.0067391696291118075
1629,3,9,no,7,-0.04845852797327699,0.04845852797327699
2281,3,10,no,1,0.006705817235090228,0.006705817235090228
1630,3,9,yes,1,-0.006943997948260672,0.006943997948260672
1631,3,9,yes,7,0.048514481165060575,0.048514481165060575
353,3,7,yes,2,0.010059427781047514,0.010059427781047514
912,3,8,no,3,-0.0196471231064127,0.0196471231064127
2282,3,10,no,9,-0.061348679973112774,0.061348679973112774
354,3,7,no,1,-0.0049930353877782885,0.0049930353877782885
1632,3,9,no,1,0.006888044756477085,0.006888044756477085
2283,3,10,yes,6,0.04113354026239635,0.04113354026239635
913,3,8,no,1,0.006592049699952862,0.006592049699952862
1633,3,9,yes,2,0.013717972912521081,0.013717972912521081
1634,3,9,no,1,-0.0068484456234291224,0.0068484456234291224
2284,3,10,yes,3,0.020215139710716423,0.020215139710716423
1635,3,9,no,10,0.06713127593948565,0.06713127593948565
1636,3,9,yes,1,-0.006549739658341158,0.006549739658341158
1637,3,9,yes,2,0.013055073406459838,0.013055073406459838
1638,3,9,yes,1,0.0064588943083874195,0.0064588943083874195
1639,3,9,no,6,-0.039408365931843936,0.039408365931843936
914,3,8,no,2,-0.01322425356502177,0.01322425356502177
2741,3,11,no,7,-0.016226582541200907,0.016226582541200907
2285,3,10,no,1,-0.006705817235090228,0.006705817235090228
1640,3,9,no,1,0.0066701446519749075,0.0066701446519749075
1641,3,9,yes,1,-0.0066701446519749075,0.0066701446519749075
2286,3,10,yes,1,-0.0067391696291118075,0.0067391696291118075
1642,3,9,no,14,-0.09601519332651676,0.09601519332651676
1643,3,9,yes,4,0.02774923505451321,0.02774923505451321
2287,3,10,yes,3,-0.020393705576516652,0.020393705576516652
1644,3,9,no,1,-0.00692794968177024,0.00692794968177024
915,3,8,yes,3,-0.020115131516176943,0.020115131516176943
355,3,7,no,3,-0.015417704385428,0.015417704385428
1645,3,9,yes,1,-0.006935967626738093,0.006935967626738093
916,3,8,no,20,-0.13789826172468372,0.13789826172468372
917,3,8,no,2,-0.013673277305821518,0.013673277305821518
918,3,8,yes,1,0.006824831682392396,0.006824831682392396
919,3,8,yes,7,0.04829118313979325,0.04829118313979325
356,3,7,yes,9,0.04426720540328555,0.04426720540328555
920,3,8,yes,1,0.006941319797744205,0.006941319797744205
1646,3,9,yes,1,-0.00694131979774415,0.00694131979774415
921,3,8,yes,1,0.006943997948260672,0.006943997948260672
922,3,8,yes,1,0.006943997948260727,0.006943997948260727
2288,3,10,no,15,0.09857986788001916,0.09857986788001916
357,3,7,no,12,-0.06033289404395015,0.06033289404395015
923,3,8,no,1,0.00694131979774415,0.00694131979774415
2289,3,10,no,7,-0.04484677722230379,0.04484677722230379
2290,3,10,yes,5,-0.033339385081198714,0.033339385081198714
2291,3,10,yes,1,0.0067391696291118075,0.0067391696291118075
1647,3,9,yes,1,-0.006943997948260727,0.006943997948260727
358,3,7,yes,2,0.010781711858831922,0.010781711858831922
1648,3,9,yes,1,0.006943997948260727,0.006943997948260727
924,3,8,yes,13,0.08880002023248679,0.08880002023248679
2292,3,10,no,1,-0.0067391696291118075,0.0067391696291118075
359,3,7,no,1,-0.00535544554716183,0.00535544554716183
360,3,7,no,1,-0.0054262663116700915,0.0054262663116700915
361,3,7,no,2,-0.011062038985387268,0.011062038985387268
2293,3,10,yes,2,0.013444986864202035,0.013444986864202035
362,3,7,yes,1,0.005565672514303843,0.005565672514303843
1649,3,9,no,1,-0.006943997948260727,0.006943997948260727
1650,3,9,yes,8,0.05532805526236895,0.05532805526236895
2742,3,11,no,2,-0.005123598124265438,0.005123598124265438
2294,3,10,yes,1,0.0066701446519749075,0.0066701446519749075
1651,3,9,no,2,-0.013757572045569044,0.013757572045569044
925,3,8,no,20,0.12287687418042981,0.12287687418042981
926,3,8,no,4,0.021562055111748024,0.021562055111748024
927,3,8,no,1,-0.005283976781832678,0.005283976781832678
928,3,8,no,6,-0.0331794654594012,0.0331794654594012
1652,3,9,yes,7,-0.048514481165060575,0.048514481165060575
929,3,8,no,1,-0.0057680800157665635,0.0057680800157665635
930,3,8,no,1,-0.005833461048261657,0.005833461048261657
931,3,8,no,1,-0.0058976716028927845,0.0058976716028927845
1653,3,9,no,2,0.013887995896521399,0.013887995896521399
2295,3,10,yes,1,-0.0066701446519749075,0.0066701446519749075
2743,3,11,no,1,-0.0026474728616409093,0.0026474728616409093
932,3,8,no,3,-0.01806543464028254,0.01806543464028254
1654,3,9,yes,11,0.075626208514054,0.075626208514054
2744,3,11,yes,8,-0.023349648187387384,0.023349648187387384
1655,3,9,no,1,-0.006770152846514388,0.006770152846514388
2745,3,11,no,1,0.003137471938287395,0.003137471938287395
1656,3,9,no,1,-0.0067987210476098126,0.0067987210476098126
933,3,8,yes,2,-0.012339808956414844,0.012339808956414844
934,3,8,no,1,-0.006254119513938505,0.006254119513938505
935,3,8,no,11,-0.071932042789564,0.071932042789564
1657,3,9,yes,14,-0.09675056762270368,0.09675056762270368
936,3,8,yes,11,-0.075626208514054,0.075626208514054
937,3,8,yes,1,0.00694131979774415,0.00694131979774415
1658,3,9,yes,4,0.027749235054513155,0.027749235054513155
938,3,8,no,1,0.006935967626738093,0.006935967626738093
1659,3,9,no,6,-0.04157048321679985,0.04157048321679985
939,3,8,no,1,0.00692794968177024,0.00692794968177024
1660,3,9,yes,1,0.006903969863395976,0.006903969863395976
940,3,8,yes,1,0.006917278298890772,0.006917278298890772
941,3,8,yes,1,0.00690396986339592,0.00690396986339592
1661,3,9,yes,2,0.013845227980660957,0.013845227980660957
2746,3,11,no,20,-0.07582603936670995,0.07582603936670995
2747,3,11,no,12,-0.059455378099095735,0.059455378099095735
2748,3,11,yes,1,0.00535544554716183,0.00535544554716183
2749,3,11,yes,14,0.06730166526629777,0.06730166526629777
942,3,8,no,7,0.047738892874626626,0.047738892874626626
2750,3,11,yes,1,0.004252962151704676,0.004252962151704676
2296,3,10,no,1,-0.006705817235090228,0.006705817235090228
2751,3,11,yes,2,0.008286025985468237,0.008286025985468237
943,3,8,yes,1,0.006705817235090228,0.006705817235090228
944,3,8,no,1,0.0066701446519749075,0.0066701446519749075
363,3,7,yes,7,-0.04036123549360582,0.04036123549360582
364,3,7,no,4,-0.024444607899498427,0.024444607899498427
945,3,8,no,19,-0.13043457303300482,0.13043457303300482
946,3,8,no,8,0.055498470109026365,0.055498470109026365
2752,3,11,yes,9,0.03374130564181532,0.03374130564181532
1662,3,9,no,1,0.006935967626738038,0.006935967626738038
947,3,8,no,1,0.006917278298890772,0.006917278298890772
2753,3,11,yes,2,-0.007007398323409686,0.007007398323409686
948,3,8,no,2,-0.013845227980661012,0.013845227980661012
949,3,8,yes,1,0.00692794968177024,0.00692794968177024
365,3,7,yes,1,0.0061985164077413835,0.0061985164077413835
2754,3,11,no,1,0.003537950757597441,0.003537950757597441
950,3,8,no,1,0.006917278298890772,0.006917278298890772
2297,3,10,no,1,-0.0067391696291118075,0.0067391696291118075
366,3,7,yes,2,0.012223814001834366,0.012223814001834366
2755,3,11,yes,10,0.03173005405403351,0.03173005405403351
951,3,8,yes,1,0.00690396986339592,0.00690396986339592
952,3,8,yes,8,-0.05545580096280478,0.05545580096280478
1663,3,9,no,13,-0.08880002023248684,0.08880002023248684
367,3,7,yes,1,0.006022277489922678,0.006022277489922678
1664,3,9,yes,1,0.0066701446519749075,0.0066701446519749075
953,3,8,yes,2,0.013885317746004877,0.013885317746004877
368,3,7,yes,10,0.056639313823521165,0.056639313823521165
1665,3,9,yes,3,0.020215139710716423,0.020215139710716423
954,3,8,yes,8,0.05532805526236895,0.05532805526236895
1666,3,9,no,1,0.006798721047609868,0.006798721047609868
1667,3,9,yes,1,0.006824831682392396,0.006824831682392396
955,3,8,yes,1,0.0068484456234291224,0.0068484456234291224
369,3,7,no,4,-0.02184375084421919,0.02184375084421919
2756,3,11,no,20,-0.07028793811550482,0.07028793811550482
956,3,8,yes,11,-0.07606181863180295,0.07606181863180295
1668,3,9,yes,1,0.0068484456234291224,0.0068484456234291224
2757,3,11,no,9,0.035019933303873874,0.035019933303873874
2758,3,11,no,5,0.017011553323592943,0.017011553323592943
1669,3,9,yes,1,-0.0068484456234291224,0.0068484456234291224
1670,3,9,yes,6,-0.040508837092693595,0.040508837092693595
2298,3,10,yes,1,-0.006770152846514388,0.006770152846514388
957,3,8,no,6,0.04163455280051809,0.04163455280051809
1671,3,9,yes,2,-0.01322425356502166,0.01322425356502166
958,3,8,no,1,-0.00692794968177024,0.00692794968177024
370,3,7,yes,1,0.005565672514303843,0.005565672514303843
959,3,8,yes,6,0.0413552155130551,0.0413552155130551
2759,3,11,no,16,-0.06061108154814632,0.06061108154814632
960,3,8,yes,2,0.013623552730002264,0.013623552730002264
371,3,7,yes,1,0.005496366471083425,0.005496366471083425
961,3,8,yes,1,0.006770152846514388,0.006770152846514388
962,3,8,no,1,0.0067391696291118075,0.0067391696291118075
1672,3,9,no,1,0.006592049699952696,0.006592049699952696
2760,3,11,yes,9,-0.04227335133006227,0.04227335133006227
963,3,8,yes,1,0.006705817235090228,0.006705817235090228
2761,3,11,no,14,0.06317270716531709,0.06317270716531709
2299,3,10,yes,10,0.06603399147293076,0.06603399147293076
1673,3,9,yes,5,0.033517488227760295,0.033517488227760295
2762,3,11,yes,1,0.003961402534739644,0.003961402534739644
372,3,7,no,15,-0.0892245335412738,0.0892245335412738
1674,3,9,no,1,-0.006770152846514277,0.006770152846514277
373,3,7,no,3,0.018922323677086128,0.018922323677086128
1675,3,9,no,1,0.006770152846514277,0.006770152846514277
1676,3,9,yes,1,0.006798721047609868,0.006798721047609868
374,3,7,no,5,-0.03179170381584395,0.03179170381584395
2763,3,11,yes,1,0.0038895110895871277,0.0038895110895871277
964,3,8,yes,1,-0.006705817235090228,0.006705817235090228
375,3,7,yes,7,0.044131512772258796,0.044131512772258796
2300,3,10,no,13,0.07816249455588653,0.07816249455588653
2301,3,10,yes,6,-0.034795562979301975,0.034795562979301975
2302,3,10,no,1,0.005960635697198957,0.005960635697198957
2303,3,10,no,14,0.07637339468136117,0.07637339468136117
2304,3,10,yes,2,-0.010059427781047514,0.010059427781047514
376,3,7,no,4,0.023963106243175325,0.023963106243175325
377,3,7,yes,1,0.005833461048261657,0.005833461048261657
1677,3,9,yes,1,0.006824831682392396,0.006824831682392396
1678,3,9,yes,1,0.0068484456234291224,0.0068484456234291224
2764,3,11,no,1,0.003818099192726798,0.003818099192726798
2765,3,11,yes,1,0.0037472034806167454,0.0037472034806167454
965,3,8,yes,1,-0.0067391696291118075,0.0067391696291118075
2305,3,10,no,2,-0.010351311992158774,0.010351311992158774
2306,3,10,no,1,-0.005283976781832678,0.005283976781832678
1679,3,9,no,5,0.03450676988962609,0.03450676988962609
378,3,7,yes,10,0.05458283424915922,0.05458283424915922
2307,3,10,no,12,-0.06874411276660475,0.06874411276660475
2308,3,10,no,1,-0.00614129254867346,0.00614129254867346
2766,3,11,no,10,0.03370870530591796,0.03370870530591796
2309,3,10,yes,1,0.00614129254867346,0.00614129254867346
2310,3,10,no,4,-0.024901957858487367,0.024901957858487367
1680,3,9,no,2,-0.013845227980660957,0.013845227980660957
2311,3,10,yes,5,-0.03228462832023127,0.03228462832023127
2312,3,10,yes,2,0.013055073406459838,0.013055073406459838
2767,3,11,no,2,-0.006210809955809582,0.006210809955809582
1681,3,9,no,4,0.0277225154051432,0.0277225154051432
1682,3,9,yes,3,0.02082931569426555,0.02082931569426555
1683,3,9,yes,2,0.013863917308508333,0.013863917308508333
1684,3,9,yes,9,-0.06241574840791708,0.06241574840791708
966,3,8,yes,3,-0.020393705576516652,0.020393705576516652
379,3,7,no,2,-0.010351311992158774,0.010351311992158774
967,3,8,yes,1,0.0068248316823924515,0.0068248316823924515
2313,3,10,yes,4,0.025537584301905447,0.025537584301905447
1685,3,9,no,2,-0.013792014619873005,0.013792014619873005
1686,3,9,yes,5,0.034573210227272,0.034573210227272
968,3,8,no,2,-0.013673277305821574,0.013673277305821574
2314,3,10,yes,1,-0.006308029388134018,0.006308029388134018
2315,3,10,no,1,-0.006360174775013605,0.006360174775013605
969,3,8,yes,1,-0.006869527289091959,0.006869527289091959
380,3,7,no,10,-0.055962654908154885,0.055962654908154885
2316,3,10,no,2,0.012668204163147623,0.012668204163147623
970,3,8,no,3,-0.020709292918763778,0.020709292918763778
2768,3,11,no,5,0.015054065553150808,0.015054065553150808
2317,3,10,no,1,-0.006308029388134018,0.006308029388134018
2769,3,11,no,20,-0.07028793811550482,0.07028793811550482
2770,3,11,no,4,-0.017454694866068543,0.017454694866068543
2771,3,11,yes,14,-0.07037801088184925,0.07037801088184925
971,3,8,yes,9,0.06156014103691332,0.06156014103691332
2318,3,10,no,2,-0.01277066060538401,0.01277066060538401
381,3,7,yes,1,0.0058976716028927845,0.0058976716028927845
2772,3,11,yes,9,0.046892170648262455,0.046892170648262455
2319,3,10,no,7,-0.046114183166934164,0.046114183166934164
972,3,8,yes,14,-0.0962533740396872,0.0962533740396872
2320,3,10,no,11,0.0714469926743907,0.0714469926743907
2321,3,10,no,2,-0.012562148902072523,0.012562148902072523
973,3,8,yes,10,0.06912049883405874,0.06912049883405874
2773,3,11,yes,1,0.00484547836750715,0.00484547836750715
2774,3,11,yes,7,0.031842094580443514,0.031842094580443514
1687,3,9,no,1,-0.006935967626738038,0.006935967626738038
1688,3,9,no,2,-0.013845227980660957,0.013845227980660957
2775,3,11,no,1,0.004252962151704676,0.004252962151704676
974,3,8,yes,1,-0.0068484456234291224,0.0068484456234291224
2776,3,11,yes,1,0.004179558286804386,0.004179558286804386
975,3,8,no,1,-0.006869527289091959,0.006869527289091959
2322,3,10,no,1,-0.006360174775013605,0.006360174775013605
1689,3,9,no,9,0.06241574840791708,0.06241574840791708
1690,3,9,no,1,0.006917278298890772,0.006917278298890772
976,3,8,yes,1,0.006869527289091959,0.006869527289091959
1691,3,9,yes,11,-0.07623699657020383,0.07623699657020383
2323,3,10,no,1,0.006360174775013605,0.006360174775013605
382,3,7,yes,1,0.005833461048261657,0.005833461048261657
383,3,7,no,19,-0.12032253855135433,0.12032253855135433
384,3,7,yes,1,0.0067391696291118075,0.0067391696291118075
385,3,7,yes,11,0.0714469926743907,0.0714469926743907
2324,3,10,yes,1,-0.006360174775013605,0.006360174775013605
1692,3,9,yes,4,0.02768516547079497,0.02768516547079497
2325,3,10,yes,1,-0.006410485830370405,0.006410485830370405
1693,3,9,yes,1,0.006941319797744205,0.006941319797744205
386,3,7,yes,5,0.030405243596697384,0.030405243596697384
2326,3,10,yes,1,0.006410485830370405,0.006410485830370405
977,3,8,yes,10,-0.06921337300837382,0.06921337300837382
387,3,7,no,1,-0.005960635697198957,0.005960635697198957
388,3,7,yes,1,0.005960635697198957,0.005960635697198957
2777,3,11,yes,4,0.015991116252097703,0.015991116252097703
978,3,8,no,1,0.006941319797744205,0.006941319797744205
979,3,8,yes,1,0.006943997948260672,0.006943997948260672
1694,3,9,yes,1,-0.006941319797744205,0.006941319797744205
2327,3,10,no,4,-0.025924453545217663,0.025924453545217663
1695,3,9,no,1,0.006941319797744205,0.006941319797744205
980,3,8,yes,7,0.04845852797327699,0.04845852797327699
2328,3,10,yes,1,0.006549739658341158,0.006549739658341158
1696,3,9,yes,1,0.006943997948260672,0.006943997948260672
1697,3,9,yes,1,0.006943997948260727,0.006943997948260727
389,3,7,no,20,-0.12898511147671654,0.12898511147671654
390,3,7,no,1,-0.0068484456234291224,0.0068484456234291224
391,3,7,yes,1,0.0068484456234291224,0.0068484456234291224
981,3,8,yes,4,0.027341525642523345,0.027341525642523345
982,3,8,no,14,-0.09662133898854325,0.09662133898854325
1698,3,9,no,1,-0.006943997948260727,0.006943997948260727
2778,3,11,yes,1,0.003818099192726798,0.003818099192726798
392,3,7,no,6,-0.0413552155130551,0.0413552155130551
983,3,8,yes,5,-0.03450676988962609,0.03450676988962609
984,3,8,yes,1,0.0068695272890921255,0.0068695272890921255
393,3,7,yes,11,0.07519390795377379,0.07519390795377379
394,3,7,yes,8,0.052179026537227946,0.052179026537227946
985,3,8,yes,3,0.020709292918763722,0.020709292918763722
986,3,8,no,1,-0.006917278298890717,0.006917278298890717
2779,3,11,no,20,-0.09025942436779866,0.09025942436779866
2780,3,11,no,2,-0.010639422328994508,0.010639422328994508
2781,3,11,yes,1,0.00535544554716183,0.00535544554716183
987,3,8,no,1,0.006917278298890717,0.006917278298890717
1699,3,9,yes,6,0.0415704832167999,0.0415704832167999
1700,3,9,yes,8,-0.05545580096280478,0.05545580096280478
1701,3,9,yes,17,-0.11507934720396834,0.11507934720396834
2329,3,10,no,6,0.03829703756396263,0.03829703756396263
1702,3,9,yes,12,0.08050613697669634,0.08050613697669634
988,3,8,no,4,0.027749235054513155,0.027749235054513155
2330,3,10,no,1,-0.006254119513938505,0.006254119513938505
989,3,8,no,1,-0.006943997948260672,0.006943997948260672
1703,3,9,no,5,0.034573210227272,0.034573210227272
2331,3,10,no,1,-0.006308029388134018,0.006308029388134018
2782,3,11,yes,8,0.040230977126648026,0.040230977126648026
990,3,8,yes,4,0.027765283321003642,0.027765283321003642
395,3,7,yes,5,0.030984479311648272,0.030984479311648272
396,3,7,yes,1,-0.006082521453160905,0.006082521453160905
1704,3,9,no,1,0.006941319797744205,0.006941319797744205
397,3,7,no,1,-0.00614129254867346,0.00614129254867346
991,3,8,yes,11,-0.07614934063511197,0.07614934063511197
398,3,7,yes,5,0.030104398791848785,0.030104398791848785
992,3,8,yes,3,0.02066154190896513,0.02066154190896513
399,3,7,no,3,-0.01788058479001442,0.01788058479001442
400,3,7,yes,6,0.03518373031566291,0.03518373031566291
401,3,7,no,6,-0.03518373031566291,0.03518373031566291
402,3,7,yes,1,0.006022277489922678,0.006022277489922678
403,3,7,yes,1,0.005960635697198957,0.005960635697198957
993,3,8,yes,1,0.006917278298890717,0.006917278298890717
994,3,8,yes,1,-0.006917278298890717,0.006917278298890717
2783,3,11,no,2,-0.009616884808300918,0.009616884808300918
995,3,8,yes,3,0.020781195607398995,0.020781195607398995
2784,3,11,yes,1,0.00484547836750715,0.00484547836750715
2332,3,10,yes,3,0.018760665309813906,0.018760665309813906
1705,3,9,yes,1,0.006943997948260672,0.006943997948260672
2785,3,11,yes,4,-0.019824281911862807,0.019824281911862807
996,3,8,yes,7,0.04855183109940886,0.04855183109940886
2786,3,11,no,5,-0.026417000632823373,0.026417000632823373
2333,3,10,no,2,-0.012452635921679889,0.012452635921679889
1706,3,9,no,1,-0.006943997948260672,0.006943997948260672
2787,3,11,no,9,-0.05187987945461192,0.05187987945461192
2788,3,11,no,1,0.006022277489922678,0.006022277489922678
1707,3,9,no,3,-0.020805237106252483,0.020805237106252483
2789,3,11,yes,1,0.005960635697198957,0.005960635697198957
2790,3,11,yes,2,-0.011982913187121635,0.011982913187121635
997,3,8,no,9,-0.06241574840791714,0.06241574840791714
2334,3,10,no,1,-0.006308029388134018,0.006308029388134018
998,3,8,yes,7,0.048570520427256125,0.048570520427256125
999,3,8,no,4,-0.027765283321003642,0.027765283321003642
1000,3,8,no,3,-0.020805237106252483,0.020805237106252483
2791,3,11,no,7,0.04081784046922465,0.04081784046922465
1001,3,8,no,1,0.00692794968177024,0.00692794968177024
1002,3,8,yes,1,-0.00692794968177024,0.00692794968177024
2335,3,10,yes,10,-0.06562401340142998,0.06562401340142998
2792,3,11,no,13,0.06677194951785514,0.06677194951785514
1003,3,8,no,3,-0.020709292918763722,0.020709292918763722
1004,3,8,yes,12,0.08312504132668086,0.08312504132668086
1708,3,9,yes,1,0.00692794968177024,0.00692794968177024
1709,3,9,yes,10,-0.06848809071868361,0.06848809071868361
1710,3,9,yes,6,0.04085084811814965,0.04085084811814965
2336,3,10,yes,1,0.0067391696291118075,0.0067391696291118075
2337,3,10,no,10,0.06519287316045219,0.06519287316045219
1005,3,8,no,1,-0.006917278298890772,0.006917278298890772
1711,3,9,yes,1,-0.0068695272890921255,0.0068695272890921255
1006,3,8,yes,2,0.013821248162286692,0.013821248162286692
2338,3,10,no,12,0.07105996290704275,0.07105996290704275
2339,3,10,no,20,-0.12287687418042981,0.12287687418042981
2793,3,11,no,10,0.042907592193681454,0.042907592193681454
1007,3,8,no,14,-0.0968985384791689,0.0968985384791689
2794,3,11,no,10,-0.042907592193681454,0.042907592193681454
1008,3,8,yes,1,0.0068695272890921255,0.0068695272890921255
2795,3,11,no,2,-0.009468627987781697,0.009468627987781697
1712,3,9,yes,7,0.04838405731410833,0.04838405731410833
1009,3,8,yes,14,-0.09337551711545411,0.09337551711545411
2796,3,11,yes,1,0.004771406440793768,0.004771406440793768
1010,3,8,yes,9,0.05926383862641632,0.05926383862641632
404,3,7,yes,8,0.04532323257916038,0.04532323257916038
1011,3,8,no,1,0.006770152846514277,0.006770152846514277
1012,3,8,yes,5,0.03422957039900054,0.03422957039900054
1013,3,8,yes,14,0.0968985384791688,0.0968985384791688
2797,3,11,no,2,-0.009616884808300918,0.009616884808300918
1713,3,9,yes,1,-0.006941319797744205,0.006941319797744205
2798,3,11,yes,10,-0.0524578431625663,0.0524578431625663
2340,3,10,yes,8,0.051816911273387056,0.051816911273387056
405,3,7,yes,5,0.026057126714422507,0.026057126714422507
2341,3,10,no,1,-0.006308029388134018,0.006308029388134018
2342,3,10,no,1,-0.006360174775013605,0.006360174775013605
406,3,7,no,1,-0.005066392393269226,0.005066392393269226
1014,3,8,no,1,-0.006869527289091959,0.006869527289091959
407,3,7,yes,1,0.005066392393269226,0.005066392393269226
2343,3,10,no,1,-0.006410485830370405,0.006410485830370405
2799,3,11,no,2,0.011062038985387268,0.011062038985387268
2800,3,11,yes,2,0.010781711858831922,0.010781711858831922
1015,3,8,no,8,-0.05540252592153766,0.05540252592153766
2344,3,10,no,1,0.006410485830370405,0.006410485830370405
1016,3,8,yes,9,0.06227205321062962,0.06227205321062962
2345,3,10,yes,5,0.03126213263350097,0.03126213263350097
2346,3,10,no,1,-0.00614129254867346,0.00614129254867346
408,3,7,no,1,-0.005066392393269226,0.005066392393269226
2801,3,11,yes,11,0.054099932551933905,0.054099932551933905
409,3,7,yes,1,-0.0051393804018998734,0.0051393804018998734
2802,3,11,no,1,-0.004548750366815679,0.004548750366815679
2347,3,10,no,13,-0.08438467871124389,0.08438467871124389
1017,3,8,yes,1,0.0068484456234291224,0.0068484456234291224
2348,3,10,yes,1,0.0067391696291118075,0.0067391696291118075
410,3,7,no,8,-0.04367537383149278,0.04367537383149278
1714,3,9,yes,7,0.04855183109940886,0.04855183109940886
1018,3,8,no,5,-0.03442726583128486,0.03442726583128486
411,3,7,yes,2,0.011335714615182013,0.011335714615182013
1019,3,8,no,1,-0.00692794968177024,0.00692794968177024
412,3,7,yes,1,0.005565672514303843,0.005565672514303843
2803,3,11,no,6,0.026183003519688608,0.026183003519688608
1020,3,8,no,1,-0.006935967626738093,0.006935967626738093
2349,3,10,no,1,-0.0067391696291118075,0.0067391696291118075
1715,3,9,no,1,-0.006917278298890772,0.006917278298890772
1716,3,9,no,13,0.08816035648900022,0.08816035648900022
1717,3,9,no,3,-0.019894398216996678,0.019894398216996678
1718,3,9,yes,19,-0.13068170667992063,0.13068170667992063
2350,3,10,no,1,0.0067391696291118075,0.0067391696291118075
2804,3,11,yes,12,-0.055032504537546156,0.055032504537546156
2805,3,11,yes,1,0.0049930353877782885,0.0049930353877782885
2806,3,11,yes,1,0.0049193757633081425,0.0049193757633081425
1719,3,9,no,9,0.06241574840791708,0.06241574840791708
2351,3,10,no,1,0.006705817235090228,0.006705817235090228
1720,3,9,no,2,-0.013863917308508333,0.013863917308508333
3234,4,12,no,6,-0.04157048321679985,0.04157048321679985
1721,3,9,yes,1,0.006935967626738093,0.006935967626738093
2352,3,10,no,1,-0.006705817235090228,0.006705817235090228
2353,3,10,yes,3,0.020008165752134044,0.020008165752134044
1722,3,9,no,1,-0.006935967626738093,0.006935967626738093
3235,4,12,yes,7,0.048514481165060575,0.048514481165060575
1723,3,9,no,1,-0.00694131979774415,0.00694131979774415
1021,3,8,no,1,0.006935967626738093,0.006935967626738093
1724,3,9,no,1,-0.006943997948260727,0.006943997948260727
1725,3,9,no,1,-0.006943997948260672,0.006943997948260672
1022,3,8,yes,1,-0.006935967626738093,0.006935967626738093
1023,3,8,yes,1,0.006935967626738093,0.006935967626738093
3236,4,12,no,12,-0.08274405156406112,0.08274405156406112
3237,4,12,yes,10,0.06885605566753972,0.06885605566753972
2807,3,11,no,20,-0.1116980140413667,0.1116980140413667
2808,3,11,no,6,-0.03829703756396263,0.03829703756396263
3238,4,12,no,1,-0.006941319797744205,0.006941319797744205
413,3,7,yes,11,-0.06480584339310425,0.06480584339310425
1024,3,8,no,1,0.00692794968177024,0.00692794968177024
1025,3,8,no,1,-0.00692794968177024,0.00692794968177024
414,3,7,yes,1,0.0061985164077413835,0.0061985164077413835
1026,3,8,no,7,-0.048570520427256125,0.048570520427256125
415,3,7,yes,5,0.030104398791848785,0.030104398791848785
1027,3,8,yes,7,0.048570520427256125,0.048570520427256125
2809,3,11,yes,1,0.00650533374811868,0.00650533374811868
2810,3,11,yes,4,0.025537584301905447,0.025537584301905447
2811,3,11,no,12,0.07105996290704275,0.07105996290704275
2812,3,11,yes,1,0.005496366471083425,0.005496366471083425
2813,3,11,yes,1,0.0054262663116700915,0.0054262663116700915
2814,3,11,no,14,-0.08198259568979627,0.08198259568979627
2815,3,11,yes,1,0.006254119513938505,0.006254119513938505
2354,3,10,no,4,0.02610601741480012,0.02610601741480012
2816,3,11,no,1,0.0061985164077413835,0.0061985164077413835
1028,3,8,yes,2,0.013845227980661012,0.013845227980661012
1726,3,9,no,2,-0.013877287424482243,0.013877287424482243
2817,3,11,no,6,0.03593785984011044,0.03593785984011044
2818,3,11,yes,1,0.0057680800157665635,0.0057680800157665635
2819,3,11,no,7,0.03846344224123388,0.03846344224123388
2820,3,11,yes,1,0.0052119315902589,0.0052119315902589
2355,3,10,yes,1,-0.0064588943083874195,0.0064588943083874195
1727,3,9,no,19,-0.1273729344910018,0.1273729344910018
1728,3,9,yes,1,0.006360174775013716,0.006360174775013716
1029,3,8,no,3,-0.020781195607399106,0.020781195607399106
1729,3,9,yes,2,0.012869380138757769,0.012869380138757769
1730,3,9,no,12,0.08050613697669634,0.08050613697669634
1030,3,8,yes,3,-0.02082931569426555,0.02082931569426555
2356,3,10,no,2,-0.013055073406459838,0.013055073406459838
1031,3,8,yes,1,0.006943997948260672,0.006943997948260672
2821,3,11,no,20,-0.1169126396025677,0.1169126396025677
2822,3,11,no,1,-0.0064588943083874195,0.0064588943083874195
2823,3,11,yes,1,0.0064588943083874195,0.0064588943083874195
1731,3,9,yes,1,-0.0068695272890921255,0.0068695272890921255
2357,3,10,no,8,0.051045293630045174,0.051045293630045174
1032,3,8,yes,10,-0.06900133256819052,0.06900133256819052
1033,3,8,no,12,0.0828866503141954,0.0828866503141954
1732,3,9,no,12,0.08307729031688221,0.08307729031688221
2824,3,11,yes,1,0.006410485830370405,0.006410485830370405
2825,3,11,yes,1,0.006360174775013605,0.006360174775013605
2826,3,11,yes,1,-0.006360174775013605,0.006360174775013605
2358,3,10,no,3,-0.018760665309813906,0.018760665309813906
1733,3,9,yes,10,-0.06931971827131306,0.06931971827131306
1734,3,9,no,1,0.006903969863395976,0.006903969863395976
416,3,7,yes,1,0.005833461048261657,0.005833461048261657
1034,3,8,yes,9,-0.062343845719281754,0.062343845719281754
1035,3,8,yes,1,0.00688804475647703,0.00688804475647703
1036,3,8,no,1,-0.00688804475647703,0.00688804475647703
2359,3,10,yes,1,0.006308029388134018,0.006308029388134018
2360,3,10,no,1,-0.006308029388134018,0.006308029388134018
2361,3,10,yes,1,-0.006360174775013605,0.006360174775013605
2827,3,11,yes,1,0.006360174775013605,0.006360174775013605
2362,3,10,yes,1,0.006360174775013605,0.006360174775013605
1735,3,9,no,1,-0.006903969863395976,0.006903969863395976
1037,3,8,yes,1,-0.0068695272890921255,0.0068695272890921255
2363,3,10,no,1,-0.006360174775013605,0.006360174775013605
1038,3,8,yes,13,0.08999456861577299,0.08999456861577299
2828,3,11,no,2,0.012562148902072523,0.012562148902072523
2829,3,11,yes,9,0.05360606072523866,0.05360606072523866
1039,3,8,no,1,-0.006917278298890772,0.006917278298890772
2830,3,11,yes,4,0.022122415450619104,0.022122415450619104
2364,3,10,no,8,0.04932756727378351,0.04932756727378351
2365,3,10,no,1,0.0058976716028927845,0.0058976716028927845
2366,3,10,no,1,-0.0058976716028927845,0.0058976716028927845
2367,3,10,yes,1,-0.005960635697198957,0.005960635697198957
1736,3,9,yes,9,0.06239176858954282,0.06239176858954282
1737,3,9,yes,6,0.0413552155130551,0.0413552155130551
2831,3,11,yes,4,0.02099073432115328,0.02099073432115328
1738,3,9,no,1,-0.0068484456234291224,0.0068484456234291224
1040,3,8,yes,2,0.013821248162286692,0.013821248162286692
1739,3,9,no,1,-0.006869527289091959,0.006869527289091959
2368,3,10,no,1,-0.006022277489922678,0.006022277489922678
2369,3,10,yes,19,-0.12385064391302403,0.12385064391302403
1740,3,9,no,1,-0.006888044756477085,0.006888044756477085
2370,3,10,yes,1,0.0068484456234291224,0.0068484456234291224
2371,3,10,yes,2,0.013623552730002264,0.013623552730002264
1741,3,9,yes,7,-0.048514481165060575,0.048514481165060575
417,3,7,yes,6,-0.03593785984011044,0.03593785984011044
2372,3,10,yes,1,0.006770152846514388,0.006770152846514388
2373,3,10,no,8,0.05285335279604597,0.05285335279604597
418,3,7,yes,1,0.00614129254867346,0.00614129254867346
2832,3,11,no,3,-0.01563528877399145,0.01563528877399145
1742,3,9,no,6,-0.041514530025016205,0.041514530025016205
2374,3,10,yes,1,0.006410485830370405,0.006410485830370405
2833,3,11,yes,1,0.005283976781832678,0.005283976781832678
1743,3,9,yes,1,0.00688804475647703,0.00688804475647703
2375,3,10,no,1,0.006360174775013605,0.006360174775013605
1744,3,9,no,3,0.020749197844056932,0.020749197844056932
1041,3,8,no,3,-0.020749197844056932,0.020749197844056932
2376,3,10,yes,1,-0.006360174775013605,0.006360174775013605
2377,3,10,yes,1,0.006360174775013605,0.006360174775013605
1745,3,9,yes,3,0.020821285372742915,0.020821285372742915
2378,3,10,yes,4,0.024901957858487367,0.024901957858487367
1042,3,8,no,1,0.00692794968177024,0.00692794968177024
2379,3,10,no,1,-0.00614129254867346,0.00614129254867346
2380,3,10,no,1,-0.0061985164077413835,0.0061985164077413835
2834,3,11,no,5,0.02533011553651443,0.02533011553651443
1043,3,8,yes,1,0.006917278298890772,0.006917278298890772
1044,3,8,yes,7,0.04790369310891074,0.04790369310891074
2381,3,10,no,1,-0.006254119513938505,0.006254119513938505
1045,3,8,no,3,-0.020393705576516652,0.020393705576516652
1046,3,8,yes,4,0.02713287520562846,0.02713287520562846
1047,3,8,yes,4,0.026600215452086906,0.026600215452086906
1048,3,8,no,1,-0.006592049699952862,0.006592049699952862
2382,3,10,no,20,0.11303275779199706,0.11303275779199706
2383,3,10,no,3,0.014536260571609061,0.014536260571609061
1049,3,8,yes,1,-0.006632203865068909,0.006632203865068909
2384,3,10,no,1,-0.004771406440793768,0.004771406440793768
419,3,7,yes,5,0.02979656729143698,0.02979656729143698
1050,3,8,yes,1,-0.0066701446519749075,0.0066701446519749075
2385,3,10,no,1,-0.00484547836750715,0.00484547836750715
2835,3,11,yes,10,-0.0524578431625663,0.0524578431625663
1051,3,8,no,1,-0.006705817235090228,0.006705817235090228
2386,3,10,no,1,0.00484547836750715,0.00484547836750715
1052,3,8,yes,1,-0.0067391696291118075,0.0067391696291118075
2836,3,11,yes,1,0.005565672514303843,0.005565672514303843
2837,3,11,no,6,0.0319133671039068,0.0319133671039068
1053,3,8,no,2,0.013444986864202035,0.013444986864202035
2387,3,10,no,1,-0.00484547836750715,0.00484547836750715
1054,3,8,no,1,0.0066701446519749075,0.0066701446519749075
1746,3,9,no,3,-0.020821285372742915,0.020821285372742915
2388,3,10,yes,1,-0.0049193757633081425,0.0049193757633081425
1055,3,8,no,1,-0.0066701446519749075,0.0066701446519749075
1056,3,8,yes,7,-0.04755666535323977,0.04755666535323977
2389,3,10,yes,10,-0.0531725775528199,0.0531725775528199
420,3,7,no,1,0.0057680800157665635,0.0057680800157665635
2390,3,10,no,1,-0.005701604461620269,0.005701604461620269
1057,3,8,no,1,0.006869527289091959,0.006869527289091959
1747,3,9,yes,10,-0.06848809071868361,0.06848809071868361
1058,3,8,yes,20,-0.1378982617246836,0.1378982617246836
1059,3,8,yes,1,-0.006739169629111863,0.006739169629111863
2838,3,11,no,8,0.03846464377794245,0.03846464377794245
1060,3,8,yes,3,0.020308043523236008,0.020308043523236008
2839,3,11,yes,2,-0.00917173387829795,0.00917173387829795
1748,3,9,yes,9,0.061560141036913374,0.061560141036913374
1061,3,8,no,16,-0.10409484515404155,0.10409484515404155
2840,3,11,no,1,-0.004697221546987929,0.004697221546987929
1749,3,9,no,5,0.03469323300277388,0.03469323300277388
2841,3,11,no,8,0.03550320857815881,0.03550320857815881
1062,3,8,yes,1,0.00614129254867346,0.00614129254867346
2391,3,10,yes,1,-0.0057680800157665635,0.0057680800157665635
1750,3,9,no,8,-0.055402525921537604,0.055402525921537604
2842,3,11,no,12,-0.055032504537546156,0.055032504537546156
2392,3,10,no,1,-0.005833461048261657,0.005833461048261657
1063,3,8,yes,1,0.006198516407741439,0.006198516407741439
1064,3,8,yes,1,0.006254119513938561,0.006254119513938561
1751,3,9,no,15,0.10378658323564582,0.10378658323564582
1752,3,9,no,1,-0.006869527289091959,0.006869527289091959
1753,3,9,no,1,-0.006888044756477085,0.006888044756477085
1065,3,8,yes,2,0.012668204163147623,0.012668204163147623
421,3,7,no,6,-0.035564647307203545,0.035564647307203545
1754,3,9,no,2,-0.013821248162286692,0.013821248162286692
422,3,7,no,1,0.006082521453160905,0.006082521453160905
2393,3,10,yes,1,-0.0058976716028927845,0.0058976716028927845
1755,3,9,no,2,-0.013863917308508333,0.013863917308508333
1066,3,8,no,1,0.006410485830370238,0.006410485830370238
1756,3,9,no,1,-0.00694131979774415,0.00694131979774415
1067,3,8,yes,3,0.01951396771484737,0.01951396771484737
1068,3,8,yes,2,0.01322425356502166,0.01322425356502166
1069,3,8,yes,10,0.06801882462508785,0.06801882462508785
1757,3,9,no,1,-0.006943997948260727,0.006943997948260727
2394,3,10,no,1,-0.005960635697198957,0.005960635697198957
2395,3,10,yes,6,-0.03700675680157095,0.03700675680157095
423,3,7,no,2,-0.012223814001834366,0.012223814001834366
2396,3,10,no,1,0.006308029388134018,0.006308029388134018
2843,3,11,no,1,-0.005066392393269226,0.005066392393269226
1070,3,8,no,4,-0.027509987532394253,0.027509987532394253
1071,3,8,no,1,-0.006824831682392396,0.006824831682392396
2397,3,10,yes,3,0.01859392847035335,0.01859392847035335
1072,3,8,yes,1,0.006824831682392396,0.006824831682392396
2398,3,10,no,1,-0.00614129254867346,0.00614129254867346
1073,3,8,no,1,0.0068484456234291224,0.0068484456234291224
2844,3,11,no,18,-0.10297333001094955,0.10297333001094955
2845,3,11,yes,12,0.07105996290704275,0.07105996290704275
1758,3,9,yes,3,0.02082128537274297,0.02082128537274297
1074,3,8,yes,7,0.04838405731410833,0.04838405731410833
2846,3,11,yes,1,0.005496366471083425,0.005496366471083425
2847,3,11,yes,4,0.0212776202309235,0.0212776202309235
1759,3,9,yes,1,-0.006935967626738093,0.006935967626738093
1760,3,9,no,1,-0.00694131979774415,0.00694131979774415
2399,3,10,yes,5,0.030104398791848785,0.030104398791848785
2400,3,10,no,1,-0.0058976716028927845,0.0058976716028927845
2848,3,11,yes,2,-0.010495908372091578,0.010495908372091578
1761,3,9,no,5,-0.03469323300277388,0.03469323300277388
1762,3,9,yes,11,-0.07493610292397856,0.07493610292397856
2401,3,10,no,7,-0.04296739249876991,0.04296739249876991
2849,3,11,yes,2,-0.010781711858831922,0.010781711858831922
2402,3,10,no,1,0.006308029388134018,0.006308029388134018
1763,3,9,yes,1,0.0066701446519749075,0.0066701446519749075
1764,3,9,yes,6,0.04068713806414781,0.04068713806414781
1765,3,9,yes,12,0.08307729031688221,0.08307729031688221
2403,3,10,no,1,0.006254119513938505,0.006254119513938505
2404,3,10,no,1,0.0061985164077413835,0.0061985164077413835
1766,3,9,no,1,-0.00692794968177024,0.00692794968177024
2405,3,10,no,8,0.047407544317497274,0.047407544317497274
2406,3,10,yes,1,0.005634110153561744,0.005634110153561744
2407,3,10,yes,5,-0.028834927282103018,0.028834927282103018
2408,3,10,no,1,-0.005960635697198957,0.005960635697198957
1075,3,8,yes,1,0.006943997948260672,0.006943997948260672
2409,3,10,no,1,-0.006022277489922678,0.006022277489922678
2850,3,11,no,4,-0.02239775360056928,0.02239775360056928
2410,3,10,yes,1,-0.006082521453160905,0.006082521453160905
1767,3,9,yes,2,0.013845227980661012,0.013845227980661012
1768,3,9,yes,1,0.00690396986339592,0.00690396986339592
1769,3,9,yes,1,0.006888044756477085,0.006888044756477085
1770,3,9,yes,1,-0.006888044756477085,0.006888044756477085
2411,3,10,no,10,0.057962400907772826,0.057962400907772826
2412,3,10,yes,8,-0.04585760196468924,0.04585760196468924
1076,3,8,yes,1,0.006943997948260727,0.006943997948260727
2851,3,11,yes,1,0.005701604461620269,0.005701604461620269
2852,3,11,no,19,-0.11834723616453913,0.11834723616453913
1771,3,9,no,8,-0.05545580096280478,0.05545580096280478
2853,3,11,no,1,0.0066701446519749075,0.0066701446519749075
1772,3,9,no,1,-0.006935967626738038,0.006935967626738038
2854,3,11,no,1,0.006632203865068909,0.006632203865068909
1773,3,9,no,1,-0.00692794968177024,0.00692794968177024
1774,3,9,no,5,-0.03442726583128497,0.03442726583128497
2855,3,11,yes,8,0.05143882692225665,0.05143882692225665
424,3,7,yes,2,0.012223814001834366,0.012223814001834366
2856,3,11,no,1,0.0061985164077413835,0.0061985164077413835
1077,3,8,no,1,-0.006943997948260727,0.006943997948260727
1775,3,9,no,1,-0.006824831682392396,0.006824831682392396
2857,3,11,yes,17,-0.11162682991118966,0.11162682991118966
2858,3,11,yes,2,0.013673277305821574,0.013673277305821574
1776,3,9,yes,1,0.006824831682392396,0.006824831682392396
1078,3,8,no,1,0.006943997948260727,0.006943997948260727
2859,3,11,yes,10,0.06642222669017017,0.06642222669017017
2860,3,11,yes,2,0.01277066060538401,0.01277066060538401
2861,3,11,no,1,0.006308029388134018,0.006308029388134018
1777,3,9,yes,8,0.05523250293753745,0.05523250293753745
2413,3,10,yes,1,0.005960635697198957,0.005960635697198957
1079,3,8,no,1,-0.006943997948260727,0.006943997948260727
2862,3,11,no,3,-0.019078689993518028,0.019078689993518028
2863,3,11,no,20,-0.1354235592583607,0.1354235592583607
2864,3,11,no,1,-0.006943997948260672,0.006943997948260672
2414,3,10,no,1,-0.005960635697198957,0.005960635697198957
2415,3,10,yes,1,0.005960635697198957,0.005960635697198957
2865,3,11,yes,6,0.041610511301664654,0.041610511301664654
2416,3,10,no,3,-0.01806543464028254,0.01806543464028254
2417,3,10,yes,2,0.012104798943083583,0.012104798943083583
2418,3,10,no,1,0.005960635697198957,0.005960635697198957
2866,3,11,yes,1,0.00690396986339592,0.00690396986339592
2867,3,11,yes,1,0.006888044756477085,0.006888044756477085
2868,3,11,no,9,0.060859013870283585,0.060859013870283585
1778,3,9,yes,6,0.041610511301664654,0.041610511301664654
1779,3,9,no,4,-0.027722515405143255,0.027722515405143255
2869,3,11,yes,1,0.006592049699952862,0.006592049699952862
2870,3,11,yes,4,0.025924453545217663,0.025924453545217663
2871,3,11,no,2,-0.012869380138757824,0.012869380138757824
2872,3,11,yes,1,0.0064588943083874195,0.0064588943083874195
2419,3,10,no,7,-0.04296739249876991,0.04296739249876991
2873,3,11,yes,1,0.006410485830370405,0.006410485830370405
2420,3,10,yes,2,0.012562148902072523,0.012562148902072523
2421,3,10,yes,1,0.0061985164077413835,0.0061985164077413835
2874,3,11,yes,4,0.02512084008482751,0.02512084008482751
2422,3,10,no,1,0.00614129254867346,0.00614129254867346
1080,3,8,yes,1,0.006943997948260727,0.006943997948260727
2423,3,10,no,1,-0.00614129254867346,0.00614129254867346
2875,3,11,yes,4,0.024206727188956,0.024206727188956
1780,3,9,no,4,0.027722515405143255,0.027722515405143255
1781,3,9,yes,6,-0.041610511301664654,0.041610511301664654
1081,3,8,no,1,0.00694131979774415,0.00694131979774415
2876,3,11,no,1,-0.005960635697198957,0.005960635697198957
1082,3,8,yes,1,0.006935967626738093,0.006935967626738093
1083,3,8,yes,1,-0.006935967626738093,0.006935967626738093
2877,3,11,yes,1,0.005960635697198957,0.005960635697198957
2424,3,10,no,9,0.05304165447105902,0.05304165447105902
1782,3,9,no,1,0.006943997948260672,0.006943997948260672
2425,3,10,yes,1,-0.005634110153561744,0.005634110153561744
2878,3,11,yes,1,-0.005960635697198957,0.005960635697198957
2879,3,11,yes,3,0.0176917683483534,0.0176917683483534
2426,3,10,no,1,-0.005701604461620269,0.005701604461620269
2880,3,11,yes,1,0.0057680800157665635,0.0057680800157665635
1783,3,9,no,1,-0.006943997948260672,0.006943997948260672
2427,3,10,no,1,-0.0057680800157665635,0.0057680800157665635
2428,3,10,no,2,0.011469684477386832,0.011469684477386832
2429,3,10,no,8,-0.047407544317497274,0.047407544317497274
1084,3,8,no,1,0.006935967626738093,0.006935967626738093
1085,3,8,no,1,0.00692794968177024,0.00692794968177024
2430,3,10,yes,1,0.00614129254867346,0.00614129254867346
2881,3,11,no,1,-0.0057680800157665635,0.0057680800157665635
2882,3,11,no,2,-0.011731132651154441,0.011731132651154441
1086,3,8,no,1,0.006917278298890772,0.006917278298890772
2431,3,10,no,1,0.006082521453160905,0.006082521453160905
425,3,7,yes,1,0.006022277489922678,0.006022277489922678
2883,3,11,yes,1,0.0058976716028927845,0.0058976716028927845
1784,3,9,yes,1,0.006943997948260672,0.006943997948260672
2884,3,11,yes,1,-0.0058976716028927845,0.0058976716028927845
426,3,7,no,3,-0.018246091491757044,0.018246091491757044
1087,3,8,yes,2,-0.013845227980661012,0.013845227980661012
1785,3,9,no,2,-0.013885317746004877,0.013885317746004877
2885,3,11,yes,2,0.011731132651154441,0.011731132651154441
2886,3,11,yes,2,-0.011731132651154441,0.011731132651154441
1786,3,9,no,1,0.006941319797744205,0.006941319797744205
1787,3,9,no,7,-0.04838405731410833,0.04838405731410833
2432,3,10,yes,1,0.006022277489922678,0.006022277489922678
427,3,7,no,1,-0.0061985164077413835,0.0061985164077413835
1088,3,8,no,3,-0.02082128537274297,0.02082128537274297
428,3,7,no,3,-0.018922323677086128,0.018922323677086128
1788,3,9,yes,1,0.0068695272890921255,0.0068695272890921255
429,3,7,yes,3,0.018922323677086128,0.018922323677086128
2433,3,10,no,1,0.005960635697198957,0.005960635697198957
1789,3,9,yes,1,0.00688804475647703,0.00688804475647703
1790,3,9,yes,2,0.013821248162286692,0.013821248162286692
1089,3,8,yes,1,0.006943997948260727,0.006943997948260727
1791,3,9,no,1,0.00692794968177024,0.00692794968177024
2887,3,11,yes,3,0.017499212666921005,0.017499212666921005
1792,3,9,no,7,-0.048180047195447606,0.048180047195447606
430,3,7,yes,1,-0.006254119513938505,0.006254119513938505
1793,3,9,yes,10,0.06900133256819052,0.06900133256819052
2434,3,10,no,4,0.023200817128541273,0.023200817128541273
1794,3,9,no,1,-0.006943997948260672,0.006943997948260672
1795,3,9,yes,1,-0.006941319797744205,0.006941319797744205
1796,3,9,no,5,-0.034573210227272,0.034573210227272
2888,3,11,no,3,-0.017499212666921005,0.017499212666921005
2889,3,11,no,2,-0.011982913187121635,0.011982913187121635
2435,3,10,yes,1,-0.005701604461620269,0.005701604461620269
1090,3,8,yes,1,-0.006943997948260727,0.006943997948260727
2436,3,10,yes,1,0.005701604461620269,0.005701604461620269
2437,3,10,yes,1,-0.005701604461620269,0.005701604461620269
2438,3,10,no,1,-0.0057680800157665635,0.0057680800157665635
431,3,7,no,3,-0.019078689993518028,0.019078689993518028
432,3,7,yes,1,0.006410485830370405,0.006410485830370405
1091,3,8,yes,9,-0.062176500885798125,0.062176500885798125
1797,3,9,no,2,-0.013717972912521248,0.013717972912521248
1798,3,9,yes,1,0.0068484456234291224,0.0068484456234291224
1092,3,8,yes,1,0.0068484456234291224,0.0068484456234291224
1093,3,8,no,6,-0.04068713806414781,0.04068713806414781
1094,3,8,yes,7,0.047556665353239935,0.047556665353239935
1799,3,9,no,1,0.0068695272890921255,0.0068695272890921255
2890,3,11,yes,3,0.01788058479001442,0.01788058479001442
1095,3,8,no,1,-0.0068695272890921255,0.0068695272890921255
1800,3,9,no,1,0.00688804475647703,0.00688804475647703
1801,3,9,no,1,-0.00688804475647703,0.00688804475647703
1096,3,8,yes,4,-0.027242151199945663,0.027242151199945663
1097,3,8,no,1,0.006770152846514277,0.006770152846514277
1098,3,8,yes,2,0.013623552730002264,0.013623552730002264
1099,3,8,no,11,0.076061818631803,0.076061818631803
433,3,7,yes,1,-0.006410485830370405,0.006410485830370405
2891,3,11,yes,18,-0.11448907750309267,0.11448907750309267
1802,3,9,no,2,0.013792014619873005,0.013792014619873005
2439,3,10,no,1,0.0057680800157665635,0.0057680800157665635
2892,3,11,no,1,0.0067391696291118075,0.0067391696291118075
2893,3,11,yes,7,0.046114183166934164,0.046114183166934164
434,3,7,yes,1,0.006410485830370405,0.006410485830370405
2894,3,11,yes,3,0.019078689993518028,0.019078689993518028
2440,3,10,yes,1,0.005701604461620269,0.005701604461620269
1100,3,8,yes,1,0.006935967626738093,0.006935967626738093
1101,3,8,yes,1,-0.006935967626738093,0.006935967626738093
2441,3,10,no,1,0.005634110153561744,0.005634110153561744
2895,3,11,yes,3,0.01859392847035335,0.01859392847035335
1803,3,9,yes,17,-0.11352770651034083,0.11352770651034083
1804,3,9,no,3,0.019229554913771485,0.019229554913771485
1805,3,9,no,1,0.00650533374811868,0.00650533374811868
1102,3,8,yes,1,-0.00694131979774415,0.00694131979774415
2442,3,10,no,4,-0.022937255679210233,0.022937255679210233
1806,3,9,yes,14,0.09471009614734138,0.09471009614734138
2896,3,11,no,2,-0.012339808956414844,0.012339808956414844
2897,3,11,yes,3,0.01842233040957575,0.01842233040957575
1807,3,9,yes,4,0.027749235054513155,0.027749235054513155
1808,3,9,yes,1,-0.006943997948260672,0.006943997948260672
1103,3,8,no,1,-0.006943997948260727,0.006943997948260727
1809,3,9,no,9,-0.06205733461992985,0.06205733461992985
2898,3,11,no,1,0.006022277489922678,0.006022277489922678
2899,3,11,no,20,-0.1298729214029467,0.1298729214029467
2900,3,11,no,5,-0.03450676988962598,0.03450676988962598
1104,3,8,no,1,-0.006943997948260672,0.006943997948260672
1105,3,8,no,2,-0.013877287424482243,0.013877287424482243
2901,3,11,no,3,-0.02082128537274297,0.02082128537274297
1810,3,9,yes,5,0.03433481921478665,0.03433481921478665
2902,3,11,yes,2,0.013885317746004877,0.013885317746004877
2903,3,11,yes,2,0.013863917308508333,0.013863917308508333
1811,3,9,yes,1,-0.006903969863395976,0.006903969863395976
2443,3,10,no,5,-0.030104398791848785,0.030104398791848785
2904,3,11,no,10,0.06826595827200355,0.06826595827200355
2444,3,10,no,9,0.05304165447105902,0.05304165447105902
2445,3,10,yes,1,0.005565672514303843,0.005565672514303843
2446,3,10,no,1,0.005496366471083425,0.005496366471083425
1812,3,9,yes,1,0.006903969863395976,0.006903969863395976
2905,3,11,yes,2,-0.013444986864202035,0.013444986864202035
1106,3,8,yes,6,0.041642570745485885,0.041642570745485885
2447,3,10,yes,5,0.026417000632823373,0.026417000632823373
2906,3,11,no,1,0.0067391696291118075,0.0067391696291118075
1813,3,9,no,1,0.006917278298890717,0.006917278298890717
2448,3,10,no,1,-0.0051393804018998734,0.0051393804018998734
2907,3,11,no,3,-0.020308043523236008,0.020308043523236008
1107,3,8,no,1,0.00692794968177024,0.00692794968177024
1108,3,8,no,10,0.06826595827200355,0.06826595827200355
2908,3,11,no,1,0.0067987210476098126,0.0067987210476098126
435,3,7,no,7,-0.04581885176221434,0.04581885176221434
1109,3,8,no,1,-0.006705817235090228,0.006705817235090228
2909,3,11,yes,1,0.006770152846514388,0.006770152846514388
436,3,7,yes,1,0.0066701446519749075,0.0066701446519749075
1110,3,8,no,1,-0.0067391696291118075,0.0067391696291118075
2449,3,10,no,15,0.06934474503137911,0.06934474503137911
437,3,7,yes,1,0.006632203865068909,0.006632203865068909
2910,3,11,yes,1,0.0067391696291118075,0.0067391696291118075
1111,3,8,no,10,0.06562401340142998,0.06562401340142998
1112,3,8,no,1,-0.006360174775013605,0.006360174775013605
438,3,7,yes,1,0.006592049699952862,0.006592049699952862
2911,3,11,no,4,0.026600215452086906,0.026600215452086906
1814,3,9,yes,1,0.00692794968177024,0.00692794968177024
1113,3,8,no,9,-0.059263838626416376,0.059263838626416376
2912,3,11,yes,1,0.006549739658341158,0.006549739658341158
1815,3,9,yes,1,-0.00692794968177024,0.00692794968177024
2450,3,10,no,1,-0.0041064676986638515,0.0041064676986638515
2451,3,10,no,2,-0.008432520438509061,0.008432520438509061
2452,3,10,yes,1,-0.004326632768974825,0.004326632768974825
2453,3,10,no,4,-0.018046833823686992,0.018046833823686992
439,3,7,yes,8,0.051045293630045174,0.051045293630045174
2454,3,10,no,1,-0.004697221546987929,0.004697221546987929
1114,3,8,yes,1,0.0067391696291118075,0.0067391696291118075
1115,3,8,no,5,-0.03398132082905758,0.03398132082905758
1816,3,9,no,12,0.0830772903168821,0.0830772903168821
1817,3,9,no,2,-0.013757572045569044,0.013757572045569044
2913,3,11,yes,1,-0.006549739658341158,0.006549739658341158
1818,3,9,no,4,0.027430849351390618,0.027430849351390618
1116,3,8,no,1,-0.006869527289091959,0.006869527289091959
2455,3,10,yes,3,-0.014536260571609061,0.014536260571609061
1819,3,9,no,4,-0.027430849351390618,0.027430849351390618
1820,3,9,yes,1,-0.00690396986339592,0.00690396986339592
1821,3,9,no,11,-0.07623699657020383,0.07623699657020383
1117,3,8,yes,2,-0.013792014619873005,0.013792014619873005
2914,3,11,no,5,0.03228462832023127,0.03228462832023127
2915,3,11,no,12,0.07180231978087293,0.07180231978087293
2916,3,11,yes,1,-0.005634110153561744,0.005634110153561744
2917,3,11,yes,14,-0.08539776454108261,0.08539776454108261
2456,3,10,no,1,-0.0049930353877782885,0.0049930353877782885
2918,3,11,no,2,-0.013055073406459838,0.013055073406459838
1118,3,8,no,5,-0.03466651335340398,0.03466651335340398
1822,3,9,no,8,-0.054444710109716965,0.054444710109716965
1823,3,9,yes,2,0.013444986864202146,0.013444986864202146
2457,3,10,no,1,-0.005066392393269226,0.005066392393269226
2919,3,11,yes,1,0.006549739658341158,0.006549739658341158
2458,3,10,no,8,-0.043113149771772385,0.043113149771772385
1824,3,9,yes,14,0.09645552420831954,0.09645552420831954
1825,3,9,yes,3,0.020781195607399106,0.020781195607399106
1119,3,8,yes,10,0.06900133256819052,0.06900133256819052
1826,3,9,no,3,-0.020781195607399106,0.020781195607399106
1120,3,8,yes,2,-0.013673277305821574,0.013673277305821574
1121,3,8,yes,3,-0.020661541908964964,0.020661541908964964
1827,3,9,yes,6,-0.04163455280051803,0.04163455280051803
2459,3,10,yes,12,-0.07252838440232479,0.07252838440232479
1828,3,9,yes,12,-0.08156830678904753,0.08156830678904753
1829,3,9,no,1,-0.006592049699952696,0.006592049699952696
1830,3,9,yes,1,0.006592049699952696,0.006592049699952696
2920,3,11,yes,1,0.00650533374811868,0.00650533374811868
2460,3,10,yes,4,0.02512084008482751,0.02512084008482751
1831,3,9,yes,11,0.07465102849015681,0.07465102849015681
1832,3,9,yes,4,-0.027509987532394253,0.027509987532394253
2461,3,10,yes,1,0.00614129254867346,0.00614129254867346
2462,3,10,no,1,0.006082521453160905,0.006082521453160905
2921,3,11,no,9,0.05623631171534238,0.05623631171534238
2463,3,10,yes,4,0.023714045838276077,0.023714045838276077
2922,3,11,yes,12,-0.07588343482175508,0.07588343482175508
1833,3,9,yes,7,0.04829118313979325,0.04829118313979325
1834,3,9,no,1,-0.006935967626738038,0.006935967626738038
2464,3,10,yes,1,0.0057680800157665635,0.0057680800157665635
2465,3,10,yes,1,0.005701604461620269,0.005701604461620269
1835,3,9,yes,14,-0.09508830617077046,0.09508830617077046
2923,3,11,yes,3,-0.020008165752134044,0.020008165752134044
2466,3,10,yes,1,0.005634110153561744,0.005634110153561744
1836,3,9,yes,1,0.006592049699952696,0.006592049699952696
2924,3,11,no,8,0.05252466899730457,0.05252466899730457
2925,3,11,no,5,-0.032516503245170525,0.032516503245170525
1837,3,9,yes,13,0.08849625647081777,0.08849625647081777
1122,3,8,no,1,-0.006917278298890772,0.006917278298890772
1838,3,9,no,1,-0.00692794968177024,0.00692794968177024
1839,3,9,no,9,0.06241574840791714,0.06241574840791714
1123,3,8,no,1,0.006917278298890772,0.006917278298890772
2926,3,11,no,9,0.057637343329998036,0.057637343329998036
1840,3,9,no,1,-0.006917278298890772,0.006917278298890772
2467,3,10,no,4,0.02184375084421919,0.02184375084421919
1124,3,8,no,1,-0.006917278298890772,0.006917278298890772
2927,3,11,yes,1,0.00614129254867346,0.00614129254867346
2468,3,10,yes,5,0.025694716555038966,0.025694716555038966
1841,3,9,yes,12,-0.08307729031688221,0.08307729031688221
2469,3,10,no,3,-0.015198808182947388,0.015198808182947388
2470,3,10,no,8,-0.04367537383149278,0.04367537383149278
2471,3,10,yes,5,0.027824019912239373,0.027824019912239373
2472,3,10,no,10,0.050283644220797785,0.050283644220797785
2473,3,10,yes,1,-0.004697221546987929,0.004697221546987929
1125,3,8,yes,4,0.027578820207855737,0.027578820207855737
2474,3,10,no,1,-0.004771406440793768,0.004771406440793768
2475,3,10,yes,2,0.009468627987781697,0.009468627987781697
1842,3,9,no,3,-0.020471998353431387,0.020471998353431387
2476,3,10,no,1,-0.004697221546987929,0.004697221546987929
1843,3,9,no,7,-0.04665927758605415,0.04665927758605415
2477,3,10,yes,1,-0.004771406440793768,0.004771406440793768
2478,3,10,yes,1,0.004771406440793768,0.004771406440793768
2479,3,10,yes,1,-0.004771406440793768,0.004771406440793768
1126,3,8,no,1,-0.006869527289091959,0.006869527289091959
1844,3,9,yes,1,0.006549739658341158,0.006549739658341158
1845,3,9,yes,10,0.0674510635702365,0.0674510635702365
2480,3,10,yes,1,-0.00484547836750715,0.00484547836750715
2481,3,10,no,2,-0.009912411151086431,0.009912411151086431
1127,3,8,no,4,0.027341525642523345,0.027341525642523345
1128,3,8,no,1,-0.0067987210476098126,0.0067987210476098126
2482,3,10,no,1,-0.005066392393269226,0.005066392393269226
1129,3,8,yes,1,0.0067987210476098126,0.0067987210476098126
2483,3,10,no,1,-0.0051393804018998734,0.0051393804018998734
1846,3,9,yes,5,-0.03411167848903779,0.03411167848903779
1847,3,9,yes,8,0.05482097140780151,0.05482097140780151
1130,3,8,yes,1,-0.0067987210476098126,0.0067987210476098126
1131,3,8,no,9,-0.062057334619929794,0.062057334619929794
2484,3,10,yes,4,0.02011818394625553,0.02011818394625553
2485,3,10,no,7,-0.03596953786550894,0.03596953786550894
2486,3,10,yes,1,0.00535544554716183,0.00535544554716183
2928,3,11,yes,1,-0.00614129254867346,0.00614129254867346
440,3,7,no,1,-0.0061985164077413835,0.0061985164077413835
1132,3,8,yes,1,-0.006943997948260727,0.006943997948260727
2487,3,10,no,8,0.040230977126648026,0.040230977126648026
1133,3,8,no,15,0.10268533797849166,0.10268533797849166
1134,3,8,yes,1,-0.0066701446519749075,0.0066701446519749075
1135,3,8,no,1,-0.006705817235090228,0.006705817235090228
1136,3,8,no,2,-0.013509322475626195,0.013509322475626195
2488,3,10,no,1,0.004697221546987929,0.004697221546987929
1137,3,8,yes,4,-0.027341525642523345,0.027341525642523345
2929,3,11,yes,1,-0.0061985164077413835,0.0061985164077413835
1848,3,9,no,5,-0.03442726583128497,0.03442726583128497
2489,3,10,no,1,-0.004697221546987929,0.004697221546987929
1849,3,9,yes,1,0.0068484456234291224,0.0068484456234291224
2930,3,11,yes,1,0.0061985164077413835,0.0061985164077413835
2490,3,10,yes,1,0.004697221546987929,0.004697221546987929
2491,3,10,no,12,-0.0612062770035513,0.0612062770035513
2931,3,11,yes,18,-0.11849635720028162,0.11849635720028162
2932,3,11,yes,13,0.0869650312850837,0.0869650312850837
441,3,7,yes,14,0.08108392172301959,0.08108392172301959
1850,3,9,no,1,0.0068695272890921255,0.0068695272890921255
442,3,7,no,7,-0.038947545475167766,0.038947545475167766
2492,3,10,yes,3,0.016278078329915346,0.016278078329915346
443,3,7,no,4,-0.023714045838276077,0.023714045838276077
2933,3,11,yes,2,0.01277066060538401,0.01277066060538401
2493,3,10,no,8,-0.04478100652342942,0.04478100652342942
444,3,7,yes,1,-0.006082521453160905,0.006082521453160905
2494,3,10,yes,1,0.005833461048261657,0.005833461048261657
1851,3,9,no,1,-0.0068695272890921255,0.0068695272890921255
2495,3,10,no,13,0.06956163779351487,0.06956163779351487
2934,3,11,yes,1,0.006308029388134018,0.006308029388134018
1852,3,9,no,2,0.013757572045569155,0.013757572045569155
2496,3,10,yes,1,0.00484547836750715,0.00484547836750715
1853,3,9,yes,8,-0.054444710109716965,0.054444710109716965
1138,3,8,yes,1,-0.006888044756477085,0.006888044756477085
445,3,7,no,12,-0.07708098439571531,0.07708098439571531
446,3,7,yes,1,0.0066701446519749075,0.0066701446519749075
2497,3,10,yes,6,-0.03017559390402158,0.03017559390402158
2498,3,10,yes,2,0.010351311992158774,0.010351311992158774
2499,3,10,no,11,0.05166637649230632,0.05166637649230632
2500,3,10,no,5,-0.022373466592661817,0.022373466592661817
2935,3,11,no,18,-0.11983573589847474,0.11983573589847474
447,3,7,no,1,0.006632203865068909,0.006632203865068909
2936,3,11,no,14,0.09429815159656929,0.09429815159656929
2501,3,10,no,18,-0.09560687679995816,0.09560687679995816
1854,3,9,yes,1,0.006705817235090283,0.006705817235090283
448,3,7,no,1,0.006592049699952862,0.006592049699952862
2502,3,10,yes,1,0.0058976716028927845,0.0058976716028927845
1855,3,9,no,3,-0.020008165752134155,0.020008165752134155
2937,3,11,yes,1,0.0064588943083874195,0.0064588943083874195
1139,3,8,yes,1,0.006888044756477085,0.006888044756477085
1856,3,9,yes,4,-0.026106017414800065,0.026106017414800065
2503,3,10,yes,1,0.005833461048261657,0.005833461048261657
449,3,7,no,3,-0.019894398216996678,0.019894398216996678
2938,3,11,no,1,0.006410485830370405,0.006410485830370405
1857,3,9,yes,1,0.0064588943083875305,0.0064588943083875305
1140,3,8,no,1,0.006869527289091959,0.006869527289091959
1858,3,9,no,12,0.08050613697669634,0.08050613697669634
450,3,7,yes,1,0.0066701446519749075,0.0066701446519749075
2504,3,10,no,1,0.0057680800157665635,0.0057680800157665635
451,3,7,yes,1,0.006632203865068909,0.006632203865068909
1859,3,9,yes,4,0.027637242600533962,0.027637242600533962
1860,3,9,yes,8,-0.054978768243057474,0.054978768243057474
452,3,7,yes,1,0.006592049699952862,0.006592049699952862
1141,3,8,yes,8,0.053989486581191626,0.053989486581191626
1142,3,8,no,2,-0.013302348517043816,0.013302348517043816
453,3,7,no,1,0.006549739658341158,0.006549739658341158
1861,3,9,no,9,0.06191473586979551,0.06191473586979551
2505,3,10,yes,13,-0.07969616007946234,0.07969616007946234
2506,3,10,yes,1,0.0064588943083874195,0.0064588943083874195
1143,3,8,no,1,-0.006705817235090228,0.006705817235090228
1144,3,8,no,1,-0.0067391696291118075,0.0067391696291118075
2507,3,10,yes,1,0.006410485830370405,0.006410485830370405
2508,3,10,yes,8,0.04932756727378351,0.04932756727378351
1862,3,9,no,9,-0.06191473586979551,0.06191473586979551
1863,3,9,no,1,-0.006770152846514277,0.006770152846514277
1145,3,8,yes,2,-0.0135688738941242,0.0135688738941242
1864,3,9,no,1,0.006770152846514277,0.006770152846514277
2509,3,10,yes,5,-0.030405243596697384,0.030405243596697384
454,3,7,no,1,0.00650533374811868,0.00650533374811868
2510,3,10,yes,8,0.04790445626361839,0.04790445626361839
2939,3,11,no,2,-0.012869380138757824,0.012869380138757824
2940,3,11,yes,8,-0.05316461133417294,0.05316461133417294
1865,3,9,no,7,0.048050818561287234,0.048050818561287234
2941,3,11,no,1,0.006770152846514388,0.006770152846514388
2942,3,11,no,9,-0.06174892108957175,0.06174892108957175
1866,3,9,yes,4,-0.027578820207855848,0.027578820207855848
2943,3,11,yes,17,0.11460227388561772,0.11460227388561772
2511,3,10,no,1,0.005701604461620269,0.005701604461620269
1867,3,9,no,20,0.13789826172468372,0.13789826172468372
1868,3,9,no,3,0.020115131516176943,0.020115131516176943
1146,3,8,yes,1,0.0067987210476098126,0.0067987210476098126
1869,3,9,no,11,-0.07493610292397845,0.07493610292397845
1870,3,9,yes,18,0.12044498480923149,0.12044498480923149
1147,3,8,no,1,-0.0067987210476098126,0.0067987210476098126
1871,3,9,no,11,-0.07239416624794437,0.07239416624794437
455,3,7,no,2,-0.013055073406459838,0.013055073406459838
1148,3,8,no,1,-0.0068248316823924515,0.0068248316823924515
1872,3,9,no,1,-0.0067987210476098126,0.0067987210476098126
1873,3,9,no,1,-0.0068248316823924515,0.0068248316823924515
2944,3,11,no,7,-0.046114183166934164,0.046114183166934164
2945,3,11,yes,1,-0.0067391696291118075,0.0067391696291118075
2946,3,11,yes,1,0.0067391696291118075,0.0067391696291118075
2512,3,10,yes,3,0.016696149138949012,0.016696149138949012
1874,3,9,yes,1,0.0068248316823924515,0.0068248316823924515
2513,3,10,no,3,-0.016696149138949012,0.016696149138949012
2947,3,11,yes,9,0.058884843772318174,0.058884843772318174
1875,3,9,yes,1,-0.0068248316823924515,0.0068248316823924515
2948,3,11,no,2,-0.01277066060538401,0.01277066060538401
1876,3,9,no,1,-0.0068484456234291224,0.0068484456234291224
1149,3,8,no,5,-0.03442726583128486,0.03442726583128486
2514,3,10,no,2,0.011199782667865588,0.011199782667865588
1150,3,8,no,1,0.006917278298890772,0.006917278298890772
1877,3,9,no,5,-0.03450676988962598,0.03450676988962598
1878,3,9,yes,7,0.04818004719544755,0.04818004719544755
1879,3,9,no,1,-0.0068248316823924515,0.0068248316823924515
1880,3,9,no,1,-0.0068484456234291224,0.0068484456234291224
1881,3,9,no,1,-0.006869527289091959,0.006869527289091959
2949,3,11,yes,1,-0.0064588943083874195,0.0064588943083874195
1882,3,9,no,17,-0.11745986054146751,0.11745986054146751
1151,3,8,yes,1,0.00690396986339592,0.00690396986339592
2515,3,10,no,1,0.005496366471083425,0.005496366471083425
2516,3,10,yes,1,0.0054262663116700915,0.0054262663116700915
2517,3,10,no,1,0.00535544554716183,0.00535544554716183
1152,3,8,yes,1,0.006888044756477085,0.006888044756477085
1883,3,9,yes,1,-0.006798721047609868,0.006798721047609868
2950,3,11,no,2,-0.013055073406459838,0.013055073406459838
1153,3,8,yes,1,-0.006888044756477085,0.006888044756477085
1884,3,9,yes,2,0.013623552730002264,0.013623552730002264
1885,3,9,no,1,-0.006824831682392396,0.006824831682392396
1886,3,9,yes,7,0.048180047195447606,0.048180047195447606
2951,3,11,yes,5,-0.033339385081198714,0.033339385081198714
2952,3,11,yes,1,0.0067391696291118075,0.0067391696291118075
1154,3,8,no,1,-0.00690396986339592,0.00690396986339592
2953,3,11,no,1,0.006705817235090228,0.006705817235090228
2954,3,11,yes,8,0.052179026537227946,0.052179026537227946
1155,3,8,no,9,0.061348679973112774,0.061348679973112774
1156,3,8,no,8,-0.054444710109716854,0.054444710109716854
2955,3,11,no,2,-0.01277066060538401,0.01277066060538401
1157,3,8,no,10,-0.06931971827131306,0.06931971827131306
1887,3,9,no,1,0.006935967626738038,0.006935967626738038
1158,3,8,yes,2,0.013863917308508278,0.013863917308508278
2518,3,10,yes,1,0.005283976781832678,0.005283976781832678
1159,3,8,no,10,-0.06868488871630979,0.06868488871630979
1160,3,8,no,3,0.02039370557651654,0.02039370557651654
2956,3,11,no,1,-0.0064588943083874195,0.0064588943083874195
1161,3,8,yes,1,0.0068484456234291224,0.0068484456234291224
2957,3,11,no,1,-0.00650533374811868,0.00650533374811868
2519,3,10,no,11,0.05329053407559803,0.05329053407559803
456,3,7,no,1,0.006549739658341158,0.006549739658341158
1162,3,8,yes,4,0.027578820207855848,0.027578820207855848
1163,3,8,yes,1,0.00692794968177024,0.00692794968177024
2520,3,10,no,10,-0.04807860248533913,0.04807860248533913
2521,3,10,yes,3,0.015198808182947388,0.015198808182947388
1888,3,9,yes,3,0.020829315694265604,0.020829315694265604
2522,3,10,no,5,-0.025694716555038966,0.025694716555038966
457,3,7,no,13,-0.08779281784845061,0.08779281784845061
2523,3,10,yes,1,0.005283976781832678,0.005283976781832678
1889,3,9,yes,6,-0.0416105113016646,0.0416105113016646
1164,3,8,yes,1,0.006935967626738038,0.006935967626738038
2958,3,11,yes,5,-0.033149955110428064,0.033149955110428064
2524,3,10,no,1,0.0052119315902589,0.0052119315902589
458,3,7,yes,9,0.061348679973112774,0.061348679973112774
2959,3,11,yes,1,0.006705817235090228,0.006705817235090228
1165,3,8,no,1,0.006941319797744205,0.006941319797744205
2960,3,11,yes,2,-0.013444986864202035,0.013444986864202035
1166,3,8,no,16,0.10962933592675234,0.10962933592675234
1890,3,9,no,13,0.08999456861577282,0.08999456861577282
2961,3,11,yes,20,-0.13789826172468372,0.13789826172468372
2962,3,11,yes,6,-0.04068713806414781,0.04068713806414781
1167,3,8,no,1,-0.0066701446519749075,0.0066701446519749075
1891,3,9,no,1,-0.006869527289091959,0.006869527289091959
1892,3,9,no,1,0.006869527289091959,0.006869527289091959
1893,3,9,no,1,-0.006869527289091959,0.006869527289091959
459,3,7,no,1,0.0066701446519749075,0.0066701446519749075
1894,3,9,yes,3,0.020542804594913533,0.020542804594913533
1895,3,9,no,1,-0.0068248316823924515,0.0068248316823924515
1168,3,8,no,1,-0.006705817235090228,0.006705817235090228
1169,3,8,no,1,-0.0067391696291118075,0.0067391696291118075
1170,3,8,no,14,-0.0964555242083196,0.0964555242083196
1171,3,8,yes,1,0.006941319797744205,0.006941319797744205
1896,3,9,no,1,-0.0068484456234291224,0.0068484456234291224
2963,3,11,yes,1,0.006705817235090283,0.006705817235090283
2964,3,11,no,6,0.04085084811814965,0.04085084811814965
1172,3,8,no,13,-0.08907119537825614,0.08907119537825614
1173,3,8,yes,3,0.020215139710716423,0.020215139710716423
1897,3,9,no,7,-0.04838405731410822,0.04838405731410822
1174,3,8,yes,17,0.11737053683260029,0.11737053683260029
1898,3,9,yes,1,-0.006943997948260727,0.006943997948260727
2525,3,10,no,6,-0.03233965921631077,0.03233965921631077
2965,3,11,yes,6,0.041514530025016205,0.041514530025016205
460,3,7,yes,1,0.006632203865068909,0.006632203865068909
2966,3,11,yes,8,0.05540252592153766,0.05540252592153766
461,3,7,yes,8,0.05143882692225665,0.05143882692225665
2526,3,10,no,11,0.05730332153007345,0.05730332153007345
1899,3,9,yes,4,-0.027749235054513155,0.027749235054513155
2967,3,11,yes,1,0.006869527289091959,0.006869527289091959
1900,3,9,no,4,-0.027578820207855848,0.027578820207855848
2527,3,10,yes,6,-0.03017559390402158,0.03017559390402158
1901,3,9,yes,1,0.0068695272890921255,0.0068695272890921255
462,3,7,yes,1,-0.006254119513938505,0.006254119513938505
2968,3,11,yes,1,0.0068484456234291224,0.0068484456234291224
2969,3,11,yes,1,0.0068248316823924515,0.0068248316823924515
2970,3,11,no,1,0.0067987210476098126,0.0067987210476098126
2528,3,10,no,11,0.05329053407559803,0.05329053407559803
2529,3,10,no,1,-0.004474578305496801,0.004474578305496801
2530,3,10,no,2,0.008875099945389042,0.008875099945389042
2531,3,10,yes,1,0.004326632768974825,0.004326632768974825
2971,3,11,yes,13,0.08495631515001689,0.08495631515001689
463,3,7,yes,1,0.006254119513938505,0.006254119513938505
2532,3,10,no,1,-0.004326632768974825,0.004326632768974825
2972,3,11,no,6,-0.03829703756396263,0.03829703756396263
1902,3,9,yes,6,0.041514530025016205,0.041514530025016205
464,3,7,yes,16,0.09157983009511117,0.09157983009511117
465,3,7,no,1,-0.0052119315902589,0.0052119315902589
2973,3,11,no,1,-0.006549739658341158,0.006549739658341158
1903,3,9,yes,13,-0.08907119537825614,0.08907119537825614
1904,3,9,yes,1,0.006705817235090283,0.006705817235090283
1175,3,8,yes,1,0.006888044756477085,0.006888044756477085
466,3,7,no,1,-0.005283976781832678,0.005283976781832678
1905,3,9,yes,1,0.006739169629111863,0.006739169629111863
1176,3,8,yes,6,0.04085084811814954,0.04085084811814954
467,3,7,no,1,-0.00535544554716183,0.00535544554716183
1906,3,9,yes,1,0.006770152846514277,0.006770152846514277
2533,3,10,no,5,0.020899355835254818,0.020899355835254818
2974,3,11,yes,4,0.025924453545217663,0.025924453545217663
468,3,7,no,11,-0.06338866721944292,0.06338866721944292
1177,3,8,no,1,-0.0067391696291118075,0.0067391696291118075
1907,3,9,no,12,0.08274405156406112,0.08274405156406112
2534,3,10,yes,1,0.003961402534739644,0.003961402534739644
2535,3,10,yes,2,0.007707610282313926,0.007707610282313926
2975,3,11,yes,1,-0.006410485830370405,0.006410485830370405
469,3,7,no,6,-0.03767261846387138,0.03767261846387138
470,3,7,yes,12,0.07323726577107492,0.07323726577107492
471,3,7,no,15,-0.09275123348592218,0.09275123348592218
2976,3,11,no,1,-0.0064588943083874195,0.0064588943083874195
1178,3,8,no,11,-0.075626208514054,0.075626208514054
2536,3,10,yes,1,0.0037472034806167454,0.0037472034806167454
2537,3,10,yes,2,0.007283956091628241,0.007283956091628241
2538,3,10,no,1,-0.0036070974478101814,0.0036070974478101814
472,3,7,yes,1,0.006549739658341158,0.006549739658341158
473,3,7,yes,2,0.0129642280565061,0.0129642280565061
1908,3,9,yes,16,-0.10962933592675245,0.10962933592675245
2539,3,10,no,3,-0.011242161317161603,0.011242161317161603
1179,3,8,yes,1,0.00694131979774415,0.00694131979774415
2540,3,10,no,1,-0.0038895110895871277,0.0038895110895871277
1909,3,9,yes,1,0.0066701446519749075,0.0066701446519749075
1910,3,9,yes,9,0.06134867997311294,0.06134867997311294
2541,3,10,no,1,-0.003961402534739644,0.003961402534739644
2542,3,10,no,1,-0.00403373492910708,0.00403373492910708
2543,3,10,no,1,-0.0041064676986638515,0.0041064676986638515
1180,3,8,no,1,0.006935967626738093,0.006935967626738093
2544,3,10,no,1,-0.004179558286804386,0.004179558286804386
2545,3,10,yes,1,0.004179558286804386,0.004179558286804386
2546,3,10,yes,8,-0.03550320857815881,0.03550320857815881
1911,3,9,yes,1,0.006917278298890717,0.006917278298890717
1912,3,9,no,1,0.00692794968177024,0.00692794968177024
2977,3,11,no,4,-0.02627932697148161,0.02627932697148161
2978,3,11,no,5,-0.03368400541030114,0.03368400541030114
2547,3,10,yes,6,-0.02973506875455645,0.02973506875455645
2548,3,10,no,8,0.03905527381302665,0.03905527381302665
2979,3,11,no,1,0.0067987210476098126,0.0067987210476098126
1181,3,8,no,1,0.00692794968177024,0.00692794968177024
2549,3,10,no,1,0.004548750366815679,0.004548750366815679
2980,3,11,yes,4,0.02688528436269133,0.02688528436269133
1182,3,8,yes,1,0.006917278298890772,0.006917278298890772
1183,3,8,no,1,0.00690396986339592,0.00690396986339592
1913,3,9,no,1,-0.00692794968177024,0.00692794968177024
2550,3,10,no,5,-0.023485840233586797,0.023485840233586797
2551,3,10,no,1,0.00484547836750715,0.00484547836750715
2552,3,10,no,10,-0.051737649015769605,0.051737649015769605
1184,3,8,yes,2,0.013757572045569044,0.013757572045569044
2981,3,11,no,1,-0.0066701446519749075,0.0066701446519749075
1185,3,8,no,8,0.053989486581191626,0.053989486581191626
2553,3,10,yes,5,0.026773986702006924,0.026773986702006924
1914,3,9,yes,1,-0.006917278298890717,0.006917278298890717
474,3,7,no,1,-0.0064588943083874195,0.0064588943083874195
1186,3,8,yes,2,0.01314178935829402,0.01314178935829402
1187,3,8,no,4,-0.026444137875337836,0.026444137875337836
1188,3,8,no,1,-0.006705817235090228,0.006705817235090228
2554,3,10,no,1,0.0051393804018998734,0.0051393804018998734
2555,3,10,no,1,-0.0051393804018998734,0.0051393804018998734
2982,3,11,no,7,-0.04755666535323977,0.04755666535323977
2983,3,11,no,11,0.0740008032285776,0.0740008032285776
1915,3,9,yes,5,-0.03433481921478665,0.03433481921478665
1916,3,9,yes,3,0.020542804594913644,0.020542804594913644
1189,3,8,yes,5,0.033149955110428064,0.033149955110428064
1917,3,9,yes,2,0.013792014619873005,0.013792014619873005
1190,3,8,no,14,-0.09471009614734138,0.09471009614734138
2556,3,10,yes,1,0.0051393804018998734,0.0051393804018998734
2557,3,10,no,1,0.005066392393269226,0.005066392393269226
2558,3,10,no,1,0.0049930353877782885,0.0049930353877782885
2559,3,10,yes,1,0.0049193757633081425,0.0049193757633081425
1918,3,9,yes,1,0.006917278298890717,0.006917278298890717
1919,3,9,no,5,-0.03442726583128497,0.03442726583128497
1920,3,9,no,1,-0.006824831682392396,0.006824831682392396
475,3,7,no,12,-0.08050613697669629,0.08050613697669629
476,3,7,yes,13,0.0869650312850837,0.0869650312850837
1921,3,9,yes,1,0.006824831682392396,0.006824831682392396
1922,3,9,no,1,0.0068484456234291224,0.0068484456234291224
477,3,7,no,11,-0.07324705837256262,0.07324705837256262
2984,3,11,no,1,-0.006549739658341158,0.006549739658341158
478,3,7,yes,13,0.08601771897794663,0.08601771897794663
1191,3,8,yes,1,0.006917278298890772,0.006917278298890772
479,3,7,yes,14,0.0828643587662602,0.0828643587662602
2985,3,11,no,1,-0.006592049699952862,0.006592049699952862
480,3,7,no,10,-0.057962400907772826,0.057962400907772826
2560,3,10,no,1,-0.0049193757633081425,0.0049193757633081425
1923,3,9,yes,1,0.0068695272890921255,0.0068695272890921255
1192,3,8,yes,2,0.013792014619873005,0.013792014619873005
2561,3,10,yes,2,0.009764854130815293,0.009764854130815293
2562,3,10,yes,1,-0.00484547836750715,0.00484547836750715
481,3,7,no,1,-0.00614129254867346,0.00614129254867346
2563,3,10,no,7,0.03236094017897584,0.03236094017897584
2564,3,10,yes,1,-0.004400521639892241,0.004400521639892241
482,3,7,no,20,0.11034497600113247,0.11034497600113247
1193,3,8,no,1,0.006869527289091959,0.006869527289091959
483,3,7,no,1,-0.00484547836750715,0.00484547836750715
2565,3,10,yes,1,0.004400521639892241,0.004400521639892241
484,3,7,no,16,-0.08725340614186827,0.08725340614186827
485,3,7,no,11,-0.06929138512180222,0.06929138512180222
486,3,7,no,5,-0.033339385081198714,0.033339385081198714
487,3,7,yes,1,0.0067391696291118075,0.0067391696291118075
488,3,7,no,8,0.05252466899730457,0.05252466899730457
1194,3,8,no,2,0.013673277305821574,0.013673277305821574
1195,3,8,yes,1,0.0067987210476098126,0.0067987210476098126
2986,3,11,yes,1,0.006592049699952862,0.006592049699952862
2987,3,11,no,2,0.013055073406459838,0.013055073406459838
1196,3,8,no,8,-0.05497876824305736,0.05497876824305736
489,3,7,yes,1,0.006360174775013605,0.006360174775013605
1924,3,9,no,1,0.00688804475647703,0.00688804475647703
1197,3,8,no,2,0.013845227980661012,0.013845227980661012
1198,3,8,yes,3,0.020661541908964964,0.020661541908964964
2988,3,11,yes,4,0.025537584301905447,0.025537584301905447
490,3,7,no,1,0.006308029388134018,0.006308029388134018
2566,3,10,yes,1,0.004326632768974825,0.004326632768974825
2567,3,10,no,2,-0.008727154408867066,0.008727154408867066
1925,3,9,no,5,-0.03422957039900054,0.03422957039900054
2989,3,11,no,1,-0.006308029388134018,0.006308029388134018
491,3,7,no,4,-0.025537584301905447,0.025537584301905447
1926,3,9,no,5,-0.033517488227760295,0.033517488227760295
1927,3,9,yes,4,0.026747335381246018,0.026747335381246018
1928,3,9,no,1,-0.006739169629111863,0.006739169629111863
1199,3,8,yes,4,-0.027578820207855737,0.027578820207855737
2990,3,11,no,1,-0.006360174775013605,0.006360174775013605
1929,3,9,no,1,0.006739169629111863,0.006739169629111863
1930,3,9,yes,1,0.006770152846514277,0.006770152846514277
1200,3,8,yes,1,0.006917278298890772,0.006917278298890772
492,3,7,yes,1,0.0064588943083874195,0.0064588943083874195
1931,3,9,yes,4,-0.02688528436269133,0.02688528436269133
1932,3,9,no,1,-0.006632203865068964,0.006632203865068964
1933,3,9,yes,8,0.05398948658119168,0.05398948658119168
1934,3,9,yes,1,0.0068695272890921255,0.0068695272890921255
1935,3,9,no,3,-0.020542804594913644,0.020542804594913644
2568,3,10,yes,1,-0.004474578305496801,0.004474578305496801
493,3,7,yes,20,0.1169126396025677,0.1169126396025677
494,3,7,yes,3,0.015198808182947388,0.015198808182947388
1936,3,9,yes,1,0.006824831682392396,0.006824831682392396
1937,3,9,yes,5,0.03442726583128497,0.03442726583128497
495,3,7,no,11,-0.05887418201444017,0.05887418201444017
2569,3,10,no,1,0.004474578305496801,0.004474578305496801
496,3,7,no,12,-0.07323726577107492,0.07323726577107492
2570,3,10,no,5,0.02126614254603998,0.02126614254603998
1938,3,9,yes,2,-0.013821248162286692,0.013821248162286692
1939,3,9,no,2,-0.013757572045569155,0.013757572045569155
2571,3,10,no,1,-0.0041064676986638515,0.0041064676986638515
2572,3,10,no,12,-0.055032504537546156,0.055032504537546156
2573,3,10,no,1,0.0049930353877782885,0.0049930353877782885
1940,3,9,yes,1,0.0068695272890921255,0.0068695272890921255
1201,3,8,no,1,-0.006917278298890772,0.006917278298890772
1941,3,9,no,1,0.00688804475647703,0.00688804475647703
2991,3,11,yes,1,0.006360174775013605,0.006360174775013605
2992,3,11,no,3,-0.01922955491377143,0.01922955491377143
1202,3,8,no,10,0.06826595827200355,0.06826595827200355
1203,3,8,no,11,-0.07519390795377379,0.07519390795377379
497,3,7,no,1,-0.0064588943083874195,0.0064588943083874195
2993,3,11,no,2,0.012869380138757824,0.012869380138757824
2574,3,10,yes,1,-0.0049930353877782885,0.0049930353877782885
2575,3,10,yes,1,0.0049930353877782885,0.0049930353877782885
2576,3,10,yes,1,0.0049193757633081425,0.0049193757633081425
2577,3,10,no,1,0.00484547836750715,0.00484547836750715
2578,3,10,yes,4,-0.019824281911862807,0.019824281911862807
498,3,7,no,16,-0.1081433795772303,0.1081433795772303
499,3,7,yes,11,0.07519390795377379,0.07519390795377379
2994,3,11,yes,2,-0.012869380138757824,0.012869380138757824
500,3,7,yes,5,0.03294947162345652,0.03294947162345652
2579,3,10,no,1,-0.0051393804018998734,0.0051393804018998734
2580,3,10,no,9,0.04360402417984233,0.04360402417984233
501,3,7,yes,4,0.025537584301905447,0.025537584301905447
2581,3,10,no,4,0.017454694866068543,0.017454694866068543
2582,3,10,yes,1,-0.004252962151704676,0.004252962151704676
1204,3,8,yes,8,0.05497876824305736,0.05497876824305736
1205,3,8,no,12,-0.082744051564061,0.082744051564061
2583,3,10,yes,2,0.008432520438509061,0.008432520438509061
2584,3,10,no,1,-0.004179558286804386,0.004179558286804386
2585,3,10,no,1,-0.004252962151704676,0.004252962151704676
502,3,7,yes,4,0.024676449923514254,0.024676449923514254
1206,3,8,yes,1,0.006943997948260672,0.006943997948260672
2586,3,10,no,9,-0.04160694871125881,0.04160694871125881
503,3,7,no,1,-0.006082521453160905,0.006082521453160905
2587,3,10,yes,1,-0.0049930353877782885,0.0049930353877782885
2588,3,10,yes,3,0.014757889518593581,0.014757889518593581
1942,3,9,no,9,0.06239176858954282,0.06239176858954282
1207,3,8,yes,4,0.02774923505451321,0.02774923505451321
2589,3,10,no,1,-0.00484547836750715,0.00484547836750715
1943,3,9,no,8,-0.05548779872614684,0.05548779872614684
1944,3,9,no,3,0.020781195607398995,0.020781195607398995
1945,3,9,yes,5,0.03470660311874785,0.03470660311874785
1946,3,9,no,1,-0.006935967626738093,0.006935967626738093
3239,5,17,no,15,-0.10268533797849172,0.10268533797849172
1947,3,9,yes,5,-0.03470660311874779,0.03470660311874779
3240,5,17,yes,1,0.0066701446519749075,0.0066701446519749075
504,3,7,yes,1,0.006082521453160905,0.006082521453160905
3241,5,17,yes,1,0.006705817235090283,0.006705817235090283
3242,5,17,yes,1,0.006739169629111863,0.006739169629111863
3243,5,17,yes,1,0.006770152846514277,0.006770152846514277
2590,3,10,no,6,0.027960418539083598,0.027960418539083598
505,3,7,no,13,0.07315749968553542,0.07315749968553542
3244,5,17,yes,1,0.006798721047609868,0.006798721047609868
506,3,7,no,1,-0.0052119315902589,0.0052119315902589
1208,3,8,no,1,0.006917278298890772,0.006917278298890772
1209,3,8,no,1,-0.006917278298890772,0.006917278298890772
3245,5,17,no,1,-0.006798721047609868,0.006798721047609868
1210,3,8,no,1,0.006917278298890772,0.006917278298890772
507,3,7,no,16,-0.09262201801879077,0.09262201801879077
3246,5,17,yes,1,0.006798721047609868,0.006798721047609868
2591,3,10,yes,2,0.008727154408867066,0.008727154408867066
3247,5,17,yes,1,0.006824831682392396,0.006824831682392396
3248,5,17,yes,1,0.0068484456234291224,0.0068484456234291224
2592,3,10,no,13,0.04968190880300549,0.04968190880300549
3249,5,17,no,2,-0.013673277305821518,0.013673277305821518
2593,3,10,yes,1,0.003334478476924252,0.003334478476924252
3250,5,17,no,11,-0.07283271252054047,0.07283271252054047
3251,5,17,no,1,-0.006360174775013716,0.006360174775013716
1948,3,9,yes,5,0.03470660311874779,0.03470660311874779
1949,3,9,yes,10,-0.06921337300837388,0.06921337300837388
1211,3,8,no,2,0.013792014619873005,0.013792014619873005
3252,5,17,yes,1,0.006360174775013716,0.006360174775013716
3253,5,17,no,2,-0.012668204163147623,0.012668204163147623
1950,3,9,no,1,0.0068695272890921255,0.0068695272890921255
3254,5,17,yes,1,0.006308029388133907,0.006308029388133907
2594,3,10,no,1,-0.003334478476924252,0.003334478476924252
2595,3,10,no,5,-0.017692969439055184,0.017692969439055184
2995,3,11,yes,2,0.012869380138757824,0.012869380138757824
2596,3,10,no,1,-0.0037472034806167454,0.0037472034806167454
2597,3,10,yes,6,0.02144017291967193,0.02144017291967193
2598,3,10,no,6,0.019025736945917915,0.019025736945917915
3255,5,17,yes,7,0.04550888188525298,0.04550888188525298
3256,5,17,yes,1,0.0066701446519749075,0.0066701446519749075
2599,3,10,no,8,-0.025896799535747417,0.025896799535747417
2600,3,10,no,1,-0.003537950757597441,0.003537950757597441
2996,3,11,no,2,0.012668204163147623,0.012668204163147623
3257,5,17,yes,1,0.006705817235090283,0.006705817235090283
2601,3,10,yes,1,0.003537950757597441,0.003537950757597441
508,3,7,yes,1,-0.006308029388134018,0.006308029388134018
2602,3,10,yes,9,-0.03437832577466693,0.03437832577466693
3258,5,17,yes,1,0.006739169629111863,0.006739169629111863
3259,5,17,yes,1,0.006770152846514277,0.006770152846514277
3260,5,17,yes,9,0.06191473586979551,0.06191473586979551
1951,3,9,no,4,0.027637242600533962,0.027637242600533962
3261,5,17,no,2,-0.013863917308508278,0.013863917308508278
509,3,7,yes,1,0.006308029388134018,0.006308029388134018
3262,5,17,no,1,-0.006917278298890717,0.006917278298890717
3263,5,17,no,2,-0.013792014619873005,0.013792014619873005
3264,5,17,yes,1,0.00688804475647703,0.00688804475647703
3265,5,17,yes,1,0.006903969863395976,0.006903969863395976
1952,3,9,no,17,0.11683647869925967,0.11683647869925967
3266,5,17,no,11,-0.07465102849015681,0.07465102849015681
1953,3,9,yes,13,-0.08907119537825603,0.08907119537825603
1954,3,9,yes,1,0.00694131979774415,0.00694131979774415
3267,5,17,no,2,-0.013141789358293854,0.013141789358293854
1955,3,9,yes,3,0.020781195607399106,0.020781195607399106
3268,5,17,no,1,-0.00650533374811868,0.00650533374811868
3269,5,17,no,11,-0.06809461901543407,0.06809461901543407
1956,3,9,no,1,-0.006917278298890772,0.006917278298890772
2603,3,10,yes,2,0.008140202627770932,0.008140202627770932
3270,5,17,yes,1,0.005897671602892618,0.005897671602892618
2604,3,10,yes,1,0.003961402534739644,0.003961402534739644
3271,5,17,yes,2,0.011982913187121635,0.011982913187121635
2605,3,10,no,1,-0.003961402534739644,0.003961402534739644
2997,3,11,no,2,-0.012668204163147623,0.012668204163147623
510,3,7,no,1,0.006254119513938505,0.006254119513938505
1212,3,8,no,1,-0.006888044756477085,0.006888044756477085
1213,3,8,no,1,-0.00690396986339592,0.00690396986339592
3272,5,17,yes,1,0.006082521453160961,0.006082521453160961
3273,5,17,yes,1,0.00614129254867346,0.00614129254867346
3274,5,17,no,1,-0.00614129254867346,0.00614129254867346
1957,3,9,no,8,-0.055498470109026365,0.055498470109026365
1958,3,9,yes,2,0.013863917308508278,0.013863917308508278
3275,5,17,yes,2,0.0123398089564149,0.0123398089564149
511,3,7,yes,11,0.06480584339310425,0.06480584339310425
512,3,7,no,2,-0.011199782667865588,0.011199782667865588
2606,3,10,no,1,0.003961402534739644,0.003961402534739644
513,3,7,no,5,-0.02916145282574023,0.02916145282574023
3276,5,17,no,1,-0.006198516407741439,0.006198516407741439
1214,3,8,no,1,0.00690396986339592,0.00690396986339592
514,3,7,no,1,-0.006022277489922678,0.006022277489922678
3277,5,17,no,1,-0.00614129254867346,0.00614129254867346
3278,5,17,yes,1,0.00614129254867346,0.00614129254867346
3279,5,17,no,1,-0.00614129254867346,0.00614129254867346
3280,5,17,yes,1,0.00614129254867346,0.00614129254867346
515,3,7,yes,9,0.05187987945461192,0.05187987945461192
2607,3,10,yes,1,0.0038895110895871277,0.0038895110895871277
1959,3,9,yes,1,0.006941319797744205,0.006941319797744205
3281,5,17,yes,1,0.006198516407741439,0.006198516407741439
3282,5,17,no,16,-0.09157983009511123,0.09157983009511123
2608,3,10,no,1,0.003818099192726798,0.003818099192726798
516,3,7,yes,1,-0.005496366471083425,0.005496366471083425
2609,3,10,no,1,0.0037472034806167454,0.0037472034806167454
517,3,7,yes,8,-0.046383512983528496,0.046383512983528496
3283,5,17,yes,1,0.005211931590258845,0.005211931590258845
3284,5,17,yes,12,0.06794556809527652,0.06794556809527652
518,3,7,no,3,-0.01842233040957575,0.01842233040957575
3285,5,17,yes,7,0.04375513991703228,0.04375513991703228
1215,3,8,yes,1,-0.00690396986339592,0.00690396986339592
3286,5,17,no,8,-0.04977741740695485,0.04977741740695485
2610,3,10,yes,1,0.0036768586438180595,0.0036768586438180595
3287,5,17,yes,12,0.07588343482175491,0.07588343482175491
3288,5,17,no,2,-0.013141789358293854,0.013141789358293854
2611,3,10,no,3,0.010614495771219867,0.010614495771219867
1216,3,8,no,1,-0.006917278298890772,0.006917278298890772
2612,3,10,no,4,0.013206540935070454,0.013206540935070454
3289,5,17,no,1,-0.00650533374811868,0.00650533374811868
1960,3,9,no,1,-0.006941319797744205,0.006941319797744205
3290,5,17,yes,8,0.05316461133417283,0.05316461133417283
1961,3,9,no,3,0.020829315694265604,0.020829315694265604
2613,3,10,no,13,-0.04694784657688578,0.04694784657688578
519,3,7,yes,9,0.05360606072523866,0.05360606072523866
3291,5,17,yes,9,0.06191473586979551,0.06191473586979551
3292,5,17,no,14,-0.0954322240975558,0.0954322240975558
3293,5,17,yes,1,0.006632203865068964,0.006632203865068964
1962,3,9,no,1,-0.006943997948260727,0.006943997948260727
2614,3,10,yes,1,0.00403373492910708,0.00403373492910708
3294,5,17,yes,1,0.0066701446519749075,0.0066701446519749075
3295,5,17,yes,1,0.006705817235090283,0.006705817235090283
520,3,7,yes,5,-0.02916145282574023,0.02916145282574023
3296,5,17,no,1,-0.006705817235090283,0.006705817235090283
3297,5,17,yes,8,0.054444710109716965,0.054444710109716965
2998,3,11,no,1,0.006360174775013605,0.006360174775013605
3298,5,17,no,2,-0.013757572045569155,0.013757572045569155
1963,3,9,yes,2,0.013885317746004877,0.013885317746004877
1964,3,9,no,1,-0.00694131979774415,0.00694131979774415
3299,5,17,yes,1,0.0068695272890921255,0.0068695272890921255
3300,5,17,no,1,-0.0068695272890921255,0.0068695272890921255
1217,3,8,yes,6,-0.04163455280051809,0.04163455280051809
3301,5,17,no,11,-0.07363660968760422,0.07363660968760422
2615,3,10,no,1,0.003961402534739644,0.003961402534739644
2616,3,10,no,1,0.0038895110895871277,0.0038895110895871277
1965,3,9,no,1,-0.006943997948260727,0.006943997948260727
3302,5,17,yes,13,0.08739418173317337,0.08739418173317337
1218,3,8,yes,1,0.006941319797744205,0.006941319797744205
3303,5,17,no,5,-0.03422957039900054,0.03422957039900054
3304,5,17,yes,9,0.06191473586979551,0.06191473586979551
1219,3,8,yes,1,0.006943997948260672,0.006943997948260672
1220,3,8,no,6,0.0415704832167999,0.0415704832167999
3305,5,17,no,1,-0.006935967626738038,0.006935967626738038
3306,5,17,no,6,-0.04135521551305521,0.04135521551305521
3307,5,17,no,7,-0.04714104095776256,0.04714104095776256
3308,5,17,yes,11,0.07465102849015681,0.07465102849015681
3309,5,17,no,1,-0.006903969863395976,0.006903969863395976
2617,3,10,yes,1,0.003818099192726798,0.003818099192726798
3310,5,17,no,1,-0.00688804475647703,0.00688804475647703
2618,3,10,no,4,0.014569110329842427,0.014569110329842427
2619,3,10,yes,1,-0.003537950757597441,0.003537950757597441
2620,3,10,yes,1,-0.0036070974478101814,0.0036070974478101814
2621,3,10,yes,1,0.0036070974478101814,0.0036070974478101814
1966,3,9,no,11,-0.07580005361580039,0.07580005361580039
1967,3,9,yes,5,0.03422957039900054,0.03422957039900054
3311,5,17,no,1,-0.0068695272890921255,0.0068695272890921255
3312,5,17,no,1,-0.0068484456234291224,0.0068484456234291224
1221,3,8,yes,1,0.006888044756477085,0.006888044756477085
3313,5,17,no,9,-0.06028283031605641,0.06028283031605641
3314,5,17,no,4,-0.025734888661890165,0.025734888661890165
2622,3,10,no,1,0.003537950757597441,0.003537950757597441
1222,3,8,yes,1,0.006869527289091959,0.006869527289091959
3315,5,17,yes,1,0.006360174775013716,0.006360174775013716
1223,3,8,no,1,0.0068484456234291224,0.0068484456234291224
2623,3,10,no,1,0.0034694475658122448,0.0034694475658122448
521,3,7,yes,1,0.005960635697198957,0.005960635697198957
3316,5,17,yes,1,0.006410485830370238,0.006410485830370238
1968,3,9,no,4,-0.027430849351390674,0.027430849351390674
1969,3,9,yes,2,0.013673277305821518,0.013673277305821518
522,3,7,yes,1,0.0058976716028927845,0.0058976716028927845
2624,3,10,no,9,-0.03374130564181532,0.03374130564181532
1224,3,8,yes,2,-0.013717972912521081,0.013717972912521081
1970,3,9,no,1,0.0068695272890921255,0.0068695272890921255
1225,3,8,yes,1,0.006869527289091959,0.006869527289091959
3317,5,17,no,16,-0.09563501937164415,0.09563501937164415
3318,5,17,yes,3,0.016696149138949012,0.016696149138949012
2625,3,10,no,1,0.00403373492910708,0.00403373492910708
3319,5,17,yes,2,0.011469684477386777,0.011469684477386777
2999,3,11,yes,5,-0.03228462832023127,0.03228462832023127
1971,3,9,yes,1,0.00688804475647703,0.00688804475647703
3320,5,17,yes,1,0.005833461048261823,0.005833461048261823
3321,5,17,yes,1,0.005897671602892618,0.005897671602892618
3322,5,17,yes,1,0.005960635697199068,0.005960635697199068
1972,3,9,no,2,0.013821248162286692,0.013821248162286692
523,3,7,no,1,-0.0058976716028927845,0.0058976716028927845
1973,3,9,no,1,0.00692794968177024,0.00692794968177024
3323,5,17,yes,1,0.006022277489922567,0.006022277489922567
3324,5,17,yes,1,0.006082521453160961,0.006082521453160961
1226,3,8,yes,1,0.0068484456234291224,0.0068484456234291224
3325,5,17,no,2,-0.012104798943083528,0.012104798943083528
2626,3,10,no,3,0.01166901281705357,0.01166901281705357
3326,5,17,yes,1,0.006022277489922567,0.006022277489922567
524,3,7,yes,1,0.0058976716028927845,0.0058976716028927845
3327,5,17,yes,1,0.006082521453160961,0.006082521453160961
3328,5,17,yes,1,0.00614129254867346,0.00614129254867346
3000,3,11,yes,1,0.006549739658341158,0.006549739658341158
3329,5,17,yes,1,0.006198516407741439,0.006198516407741439
3330,5,17,no,9,-0.05360606072523871,0.05360606072523871
2627,3,10,no,1,0.0037472034806167454,0.0037472034806167454
3331,5,17,yes,12,0.0725283844023249,0.0725283844023249
3332,5,17,no,7,-0.04336693157658461,0.04336693157658461
3333,5,17,yes,1,0.006022277489922567,0.006022277489922567
3334,5,17,no,18,-0.09812116199929813,0.09812116199929813
3335,5,17,yes,13,0.0686390361452556,0.0686390361452556
1974,3,9,no,2,-0.013845227980660957,0.013845227980660957
2628,3,10,no,1,0.0036768586438180595,0.0036768586438180595
1227,3,8,no,1,0.0068248316823924515,0.0068248316823924515
525,3,7,no,14,-0.08774174212184682,0.08774174212184682
1975,3,9,no,1,0.006917278298890717,0.006917278298890717
3336,5,17,yes,10,0.060466605165690857,0.060466605165690857
3337,5,17,yes,2,0.012770660605383954,0.012770660605383954
3338,5,17,no,1,-0.006410485830370238,0.006410485830370238
1976,3,9,no,1,-0.006917278298890717,0.006917278298890717
526,3,7,yes,13,0.08184407051895404,0.08184407051895404
3339,5,17,yes,1,0.006410485830370238,0.006410485830370238
3340,5,17,yes,1,0.0064588943083875305,0.0064588943083875305
3341,5,17,yes,1,0.00650533374811868,0.00650533374811868
3342,5,17,yes,7,0.04665927758605415,0.04665927758605415
1977,3,9,yes,2,0.013845227980660957,0.013845227980660957
3001,3,11,no,5,0.03204291805002413,0.03204291805002413
3343,5,17,no,1,-0.006770152846514277,0.006770152846514277
3002,3,11,yes,1,0.006254119513938505,0.006254119513938505
3344,5,17,no,6,-0.03988912473953987,0.03988912473953987
527,3,7,no,1,-0.005960635697198957,0.005960635697198957
3345,5,17,no,6,-0.03829703756396263,0.03829703756396263
3346,5,17,yes,1,0.006254119513938561,0.006254119513938561
3347,5,17,no,1,-0.006254119513938561,0.006254119513938561
1978,3,9,no,1,-0.00692794968177024,0.00692794968177024
3348,5,17,yes,14,0.09175503619762665,0.09175503619762665
3349,5,17,no,1,-0.006798721047609868,0.006798721047609868
3350,5,17,no,14,-0.09115483155775822,0.09115483155775822
3351,5,17,yes,1,0.006198516407741439,0.006198516407741439
3352,5,17,yes,15,0.09857986788001905,0.09857986788001905
3353,5,17,yes,1,-0.006824831682392396,0.006824831682392396
3354,5,17,no,5,-0.0336840054103012,0.0336840054103012
1979,3,9,no,6,0.04163455280051803,0.04163455280051803
1980,3,9,no,1,-0.00694131979774415,0.00694131979774415
3003,3,11,no,8,0.04790445626361839,0.04790445626361839
1981,3,9,no,1,-0.006943997948260727,0.006943997948260727
3004,3,11,no,1,-0.0057680800157665635,0.0057680800157665635
3005,3,11,yes,6,-0.03593785984011044,0.03593785984011044
528,3,7,no,1,0.005960635697198957,0.005960635697198957
3355,5,17,no,8,-0.05181691127338689,0.05181691127338689
3356,5,17,yes,1,0.006308029388133907,0.006308029388133907
3357,5,17,no,1,-0.006308029388133907,0.006308029388133907
1228,3,8,no,1,-0.0068248316823924515,0.0068248316823924515
2629,3,10,no,1,0.0036070974478101814,0.0036070974478101814
529,3,7,no,2,0.011731132651154441,0.011731132651154441
3358,5,17,no,1,-0.006254119513938561,0.006254119513938561
3359,5,17,yes,1,0.006254119513938561,0.006254119513938561
1982,3,9,yes,6,0.0415704832167999,0.0415704832167999
1983,3,9,no,10,-0.06931971827131306,0.06931971827131306
3360,5,17,yes,1,0.006308029388133907,0.006308029388133907
1984,3,9,no,1,-0.006917278298890717,0.006917278298890717
3006,3,11,yes,1,0.00614129254867346,0.00614129254867346
3361,5,17,yes,5,0.03228462832023132,0.03228462832023132
3007,3,11,no,2,-0.012339808956414844,0.012339808956414844
3008,3,11,yes,1,-0.006254119513938505,0.006254119513938505
2630,3,10,no,1,0.003537950757597441,0.003537950757597441
3009,3,11,no,1,-0.006308029388134018,0.006308029388134018
3362,5,17,no,1,-0.006549739658341158,0.006549739658341158
3363,5,17,yes,5,0.03314995511042801,0.03314995511042801
3364,5,17,yes,7,-0.04611418316693422,0.04611418316693422
530,3,7,yes,1,-0.005833461048261657,0.005833461048261657
3365,5,17,no,1,-0.006410485830370238,0.006410485830370238
3366,5,17,no,20,-0.11564153417409737,0.11564153417409737
3367,5,17,no,1,-0.005066392393269115,0.005066392393269115
1229,3,8,yes,1,0.0068248316823924515,0.0068248316823924515
531,3,7,yes,1,-0.0058976716028927845,0.0058976716028927845
1230,3,8,yes,4,0.027013860758326236,0.027013860758326236
1231,3,8,no,5,-0.03383869244071869,0.03383869244071869
3368,5,17,no,1,-0.004993035387778344,0.004993035387778344
3369,5,17,yes,1,0.004993035387778344,0.004993035387778344
3370,5,17,no,13,-0.05913897223621006,0.05913897223621006
3371,5,17,yes,1,0.0041064676986638515,0.0041064676986638515
3372,5,17,yes,1,0.004179558286804497,0.004179558286804497
3933,5,18,no,2,0.0021560019341434686,0.0021560019341434686
3373,5,17,yes,14,0.06627065063616963,0.06627065063616963
3374,5,17,yes,11,0.06192329060535395,0.06192329060535395
1985,3,9,yes,1,0.006917278298890717,0.006917278298890717
3375,5,17,yes,1,0.006022277489922567,0.006022277489922567
3010,3,11,no,1,-0.006360174775013605,0.006360174775013605
3376,5,17,no,1,0.006082521453160961,0.006082521453160961
532,3,7,no,1,-0.005960635697198957,0.005960635697198957
3377,5,17,yes,13,0.08378680163080554,0.08378680163080554
3378,5,17,no,1,-0.006705817235090283,0.006705817235090283
3934,5,18,no,1,-0.0010917613765485043,0.0010917613765485043
1986,3,9,no,1,0.00692794968177024,0.00692794968177024
1987,3,9,no,2,0.013877287424482243,0.013877287424482243
3379,5,17,no,13,-0.08316350584887622,0.08316350584887622
3380,5,17,no,6,-0.03518373031566285,0.03518373031566285
3381,5,17,no,1,0.005701604461620324,0.005701604461620324
3382,5,17,no,3,-0.016901387129485967,0.016901387129485967
1988,3,9,no,2,0.013887995896521399,0.013887995896521399
1232,3,8,yes,1,-0.0068484456234291224,0.0068484456234291224
3383,5,17,yes,1,0.00556567251430401,0.00556567251430401
3011,3,11,no,1,-0.006410485830370405,0.006410485830370405
3384,5,17,no,13,-0.0667719495178554,0.0667719495178554
3385,5,17,yes,1,0.004697221546987984,0.004697221546987984
3386,5,17,yes,4,0.01952929595938746,0.01952929595938746
3387,5,17,no,1,0.005066392393269115,0.005066392393269115
2631,3,10,yes,1,0.0034694475658122448,0.0034694475658122448
3935,5,18,yes,1,0.0010917613765485043,0.0010917613765485043
2632,3,10,no,1,-0.0034694475658122448,0.0034694475658122448
533,3,7,yes,1,0.005960635697198957,0.005960635697198957
3388,5,17,no,1,-0.005066392393269115,0.005066392393269115
3389,5,17,no,1,-0.004993035387778344,0.004993035387778344
534,3,7,yes,1,-0.005960635697198957,0.005960635697198957
2633,3,10,no,1,0.0034694475658122448,0.0034694475658122448
1233,3,8,yes,1,0.0068484456234291224,0.0068484456234291224
3390,5,17,yes,1,0.004993035387778344,0.004993035387778344
3936,5,18,no,2,-0.0021560019341434686,0.0021560019341434686
3391,5,17,no,2,0.010205772795169071,0.010205772795169071
3392,5,17,no,14,-0.06523827733271528,0.06523827733271528
3393,5,17,no,1,0.004179558286804497,0.004179558286804497
3394,5,17,no,5,0.02200344523288414,0.02200344523288414
1989,3,9,no,7,0.04838405731410822,0.04838405731410822
1990,3,9,no,1,-0.006869527289091959,0.006869527289091959
3012,3,11,no,1,-0.0064588943083874195,0.0064588943083874195
1234,3,8,no,6,0.040508837092693595,0.040508837092693595
1235,3,8,no,6,0.039148707110239434,0.039148707110239434
1236,3,8,no,14,-0.09337551711545411,0.09337551711545411
2634,3,10,no,1,0.003401615024017257,0.003401615024017257
1991,3,9,yes,1,-0.006888044756477085,0.006888044756477085
1992,3,9,yes,1,0.006888044756477085,0.006888044756477085
2635,3,10,no,11,-0.04124938836449643,0.04124938836449643
1237,3,8,no,1,-0.006888044756477085,0.006888044756477085
1993,3,9,no,13,-0.09002901119007684,0.09002901119007684
2636,3,10,yes,1,0.0041064676986638515,0.0041064676986638515
1994,3,9,yes,1,0.006903969863395976,0.006903969863395976
3395,5,17,yes,4,0.018937089866771173,0.018937089866771173
3396,5,17,yes,6,0.030614092318347053,0.030614092318347053
3397,5,17,no,1,0.005355445547161886,0.005355445547161886
3398,5,17,yes,12,0.06952995976811632,0.06952995976811632
1995,3,9,yes,3,0.020781195607398995,0.020781195607398995
3013,3,11,no,1,0.0064588943083874195,0.0064588943083874195
3399,5,17,no,1,-0.00614129254867346,0.00614129254867346
3400,5,17,no,5,-0.029796567291437037,0.029796567291437037
3401,5,17,yes,13,0.08043341381181457,0.08043341381181457
3402,5,17,no,1,-0.00650533374811868,0.00650533374811868
3403,5,17,no,1,-0.0064588943083875305,0.0064588943083875305
3404,5,17,no,1,-0.006410485830370238,0.006410485830370238
3014,3,11,yes,2,-0.0129642280565061,0.0129642280565061
3405,5,17,no,1,-0.006360174775013716,0.006360174775013716
3015,3,11,no,10,-0.06713127593948565,0.06713127593948565
1996,3,9,yes,3,0.020829315694265604,0.020829315694265604
3016,3,11,no,1,0.0068484456234291224,0.0068484456234291224
3406,5,17,yes,9,0.058884843772318174,0.058884843772318174
3407,5,17,no,13,-0.08378680163080554,0.08378680163080554
3408,5,17,yes,1,0.00614129254867346,0.00614129254867346
3409,5,17,no,15,-0.08538131368736979,0.08538131368736979
3017,3,11,yes,5,0.03383869244071869,0.03383869244071869
535,3,7,yes,1,0.005960635697198957,0.005960635697198957
3410,5,17,yes,1,0.005211931590258845,0.005211931590258845
1238,3,8,no,1,-0.00690396986339592,0.00690396986339592
1997,3,9,yes,1,0.00694131979774415,0.00694131979774415
3411,5,17,yes,8,0.044231522257000444,0.044231522257000444
3412,5,17,yes,9,0.054698525149924404,0.054698525149924404
3413,5,17,no,1,-0.006308029388133907,0.006308029388133907
3018,3,11,no,8,0.052179026537227946,0.052179026537227946
3414,5,17,no,1,-0.006254119513938561,0.006254119513938561
1998,3,9,no,2,0.013863917308508333,0.013863917308508333
3415,5,17,yes,20,0.13300713371130402,0.13300713371130402
3416,5,17,yes,2,0.013863917308508278,0.013863917308508278
3417,5,17,no,7,-0.04829118313979325,0.04829118313979325
1999,3,9,yes,2,0.013821248162286692,0.013821248162286692
3418,5,17,no,1,-0.006824831682392396,0.006824831682392396
3419,5,17,no,1,-0.006798721047609868,0.006798721047609868
2000,3,9,no,5,-0.034626485268539176,0.034626485268539176
2637,3,10,yes,1,0.00403373492910708,0.00403373492910708
3420,5,17,no,1,-0.006770152846514277,0.006770152846514277
2001,3,9,no,1,0.00694131979774415,0.00694131979774415
3421,5,17,yes,3,-0.020115131516177054,0.020115131516177054
3422,5,17,no,1,-0.006632203865068964,0.006632203865068964
3423,5,17,yes,4,-0.026106017414800065,0.026106017414800065
3424,5,17,no,1,-0.006410485830370238,0.006410485830370238
3425,5,17,no,16,-0.09465079985294395,0.09465079985294395
3426,5,17,no,1,-0.005355445547161886,0.005355445547161886
536,3,7,yes,3,-0.01806543464028254,0.01806543464028254
3427,5,17,yes,6,0.03317946545940126,0.03317946545940126
3428,5,17,yes,1,0.0057680800157664525,0.0057680800157664525
3019,3,11,yes,2,0.012562148902072523,0.012562148902072523
3429,5,17,yes,9,0.054698525149924404,0.054698525149924404
3430,5,17,no,1,-0.006308029388133907,0.006308029388133907
2638,3,10,no,1,0.003961402534739644,0.003961402534739644
2639,3,10,no,5,0.018738769854558912,0.018738769854558912
3431,5,17,no,1,-0.006254119513938561,0.006254119513938561
537,3,7,yes,3,0.01806543464028254,0.01806543464028254
3020,3,11,yes,1,-0.006254119513938505,0.006254119513938505
2640,3,10,yes,2,-0.007283956091628241,0.007283956091628241
3432,5,17,no,3,-0.01842233040957586,0.01842233040957586
3433,5,17,no,10,-0.0573061457662819,0.0573061457662819
3434,5,17,yes,1,0.005426266311670036,0.005426266311670036
2002,3,9,yes,6,-0.04163455280051803,0.04163455280051803
3435,5,17,yes,1,0.005496366471083369,0.005496366471083369
3436,5,17,yes,4,0.02266946714525242,0.02266946714525242
1239,3,8,yes,18,-0.12397588944483051,0.12397588944483051
1240,3,8,yes,4,0.027132875205628404,0.027132875205628404
3437,5,17,yes,6,0.0359378598401105,0.0359378598401105
2003,3,9,yes,6,0.04163455280051803,0.04163455280051803
1241,3,8,yes,9,0.062176500885798125,0.062176500885798125
1242,3,8,yes,8,-0.055328055262369,0.055328055262369
3438,5,17,yes,9,0.057637343329997925,0.057637343329997925
1243,3,8,no,7,0.04838405731410833,0.04838405731410833
1244,3,8,yes,1,0.006943997948260672,0.006943997948260672
1245,3,8,no,6,-0.04157048321679985,0.04157048321679985
2641,3,10,no,1,0.0036768586438180595,0.0036768586438180595
2004,3,9,yes,1,0.006935967626738093,0.006935967626738093
1246,3,8,yes,1,0.006903969863395976,0.006903969863395976
3439,5,17,no,1,-0.006592049699952696,0.006592049699952696
3440,5,17,no,11,-0.06929138512180222,0.06929138512180222
2005,3,9,no,1,0.00692794968177024,0.00692794968177024
2006,3,9,no,1,-0.00692794968177024,0.00692794968177024
2642,3,10,yes,1,0.0036070974478101814,0.0036070974478101814
1247,3,8,yes,1,0.006917278298890717,0.006917278298890717
3021,3,11,yes,4,-0.025537584301905447,0.025537584301905447
3441,5,17,no,1,-0.005960635697199068,0.005960635697199068
1248,3,8,yes,1,0.00692794968177024,0.00692794968177024
1249,3,8,yes,7,0.048570520427256125,0.048570520427256125
3442,5,17,no,1,-0.005897671602892618,0.005897671602892618
1250,3,8,no,6,-0.04163455280051809,0.04163455280051809
3443,5,17,no,8,0.04886506410166258,0.04886506410166258
1251,3,8,no,1,0.006941319797744205,0.006941319797744205
3444,5,17,no,2,-0.012562148902072467,0.012562148902072467
2643,3,10,yes,5,0.017011553323592943,0.017011553323592943
2644,3,10,yes,1,-0.003268061499241748,0.003268061499241748
3022,3,11,no,4,-0.02627932697148161,0.02627932697148161
3023,3,11,no,1,0.006632203865068909,0.006632203865068909
3024,3,11,yes,1,0.006592049699952862,0.006592049699952862
1252,3,8,yes,10,0.06912049883405874,0.06912049883405874
538,3,7,no,8,0.04532323257916038,0.04532323257916038
539,3,7,yes,1,-0.0054262663116700915,0.0054262663116700915
3445,5,17,no,9,-0.05360606072523871,0.05360606072523871
3446,5,17,yes,1,0.005701604461620324,0.005701604461620324
4030,5,19,no,4,-0.004204438850422279,0.004204438850422279
3447,5,17,yes,9,0.05415857577755695,0.05415857577755695
540,3,7,no,11,0.05570991053246788,0.05570991053246788
2645,3,10,yes,1,0.003268061499241748,0.003268061499241748
541,3,7,no,2,-0.009468627987781697,0.009468627987781697
2007,3,9,yes,1,0.00692794968177024,0.00692794968177024
3448,5,17,no,7,-0.042557034713528674,0.042557034713528674
542,3,7,no,9,-0.04624128254468618,0.04624128254468618
3449,5,17,no,5,-0.028502928193514243,0.028502928193514243
543,3,7,yes,6,-0.0339992946645975,0.0339992946645975
3450,5,17,yes,1,0.00556567251430401,0.00556567251430401
3451,5,17,no,1,0.005634110153561633,0.005634110153561633
2008,3,9,no,1,-0.00692794968177024,0.00692794968177024
3452,5,17,yes,1,0.005701604461620324,0.005701604461620324
3453,5,17,yes,12,0.07323726577107481,0.07323726577107481
3454,5,17,yes,13,0.08696503128508387,0.08696503128508387
3455,5,17,no,1,-0.0068695272890921255,0.0068695272890921255
3456,5,17,no,1,-0.0068484456234291224,0.0068484456234291224
2646,3,10,no,3,0.00941319589069678,0.00941319589069678
2009,3,9,no,1,0.00692794968177024,0.00692794968177024
3457,5,17,yes,17,-0.11091967683643394,0.11091967683643394
3458,5,17,yes,4,0.024901957858487367,0.024901957858487367
3459,5,17,no,12,-0.07180231978087281,0.07180231978087281
1253,3,8,no,1,-0.0068484456234291224,0.0068484456234291224
2010,3,9,no,1,0.006917278298890772,0.006917278298890772
3460,5,17,yes,11,0.06549429039273891,0.06549429039273891
3461,5,17,yes,1,-0.006254119513938561,0.006254119513938561
1254,3,8,yes,1,-0.006869527289091959,0.006869527289091959
2647,3,10,no,1,0.0030100010790551357,0.0030100010790551357
3462,5,17,no,2,-0.0123398089564149,0.0123398089564149
3463,5,17,no,1,-0.006082521453160961,0.006082521453160961
3464,5,17,no,1,-0.006022277489922567,0.006022277489922567
3937,5,18,yes,12,0.014734479223943213,0.014734479223943213
2011,3,9,no,1,-0.006917278298890772,0.006917278298890772
2648,3,10,yes,1,0.0029474764738243175,0.0029474764738243175
3465,5,17,no,4,-0.023459848364119962,0.023459848364119962
3466,5,17,no,17,-0.08727939801133511,0.08727939801133511
3467,5,17,no,4,-0.017454694866068515,0.017454694866068515
3468,5,17,no,1,0.004252962151704648,0.004252962151704648
3469,5,17,yes,1,0.004326632768974686,0.004326632768974686
1255,3,8,yes,1,0.006869527289091959,0.006869527289091959
2012,3,9,no,2,0.013821248162286692,0.013821248162286692
1256,3,8,no,1,0.0068484456234291224,0.0068484456234291224
3470,5,17,yes,3,0.013423850312204805,0.013423850312204805
3938,5,18,yes,13,0.021748376536892072,0.021748376536892072
2649,3,10,no,3,-0.00903081557040164,0.00903081557040164
3471,5,17,no,1,-0.004548750366815624,0.004548750366815624
544,3,7,no,1,-0.0058976716028927845,0.0058976716028927845
2013,3,9,yes,1,-0.00690396986339592,0.00690396986339592
1257,3,8,yes,4,0.02713287520562846,0.02713287520562846
1258,3,8,yes,1,-0.0067391696291118075,0.0067391696291118075
4031,5,19,yes,11,0.01267285305580379,0.01267285305580379
3025,3,11,yes,13,-0.08816035648900022,0.08816035648900022
3026,3,11,yes,20,0.13300713371130402,0.13300713371130402
3027,3,11,yes,1,0.0061985164077413835,0.0061985164077413835
3028,3,11,yes,1,-0.0061985164077413835,0.0061985164077413835
2014,3,9,no,1,-0.006917278298890772,0.006917278298890772
545,3,7,yes,1,0.0058976716028927845,0.0058976716028927845
1259,3,8,no,10,-0.06868488871630984,0.06868488871630984
3472,5,17,no,5,-0.021634253152873012,0.021634253152873012
3473,5,17,yes,1,0.004179558286804497,0.004179558286804497
3474,5,17,yes,1,0.004252962151704648,0.004252962151704648
1260,3,8,no,1,0.006935967626738093,0.006935967626738093
546,3,7,no,1,-0.0058976716028927845,0.0058976716028927845
2650,3,10,yes,1,0.003073338017522187,0.003073338017522187
1261,3,8,no,1,-0.006935967626738093,0.006935967626738093
3475,5,17,no,3,0.013201732714363867,0.013201732714363867
3476,5,17,no,12,-0.04886753072213232,0.04886753072213232
3477,5,17,yes,1,0.0036768586438181428,0.0036768586438181428
3478,5,17,yes,1,0.003747203480616801,0.003747203480616801
2651,3,10,no,13,0.03449650330141196,0.03449650330141196
3029,3,11,no,2,0.012339808956414844,0.012339808956414844
2652,3,10,no,14,-0.03756984131893415,0.03756984131893415
3939,5,18,no,14,-0.02315261393835332,0.02315261393835332
2015,3,9,yes,1,0.006917278298890772,0.006917278298890772
1262,3,8,yes,1,0.006935967626738093,0.006935967626738093
3479,5,17,yes,8,0.032568368652308194,0.032568368652308194
3480,5,17,yes,12,0.0576910557154903,0.0576910557154903
3030,3,11,yes,1,0.006082521453160905,0.006082521453160905
3481,5,17,yes,1,0.005283976781832733,0.005283976781832733
3482,5,17,yes,1,0.005355445547161886,0.005355445547161886
3483,5,17,yes,12,0.06952995976811632,0.06952995976811632
3484,5,17,no,2,-0.012223814001834421,0.012223814001834421
3485,5,17,no,11,-0.06266159131344379,0.06266159131344379
3486,5,17,yes,1,0.005355445547161886,0.005355445547161886
547,3,7,no,1,-0.005960635697198957,0.005960635697198957
3487,5,17,yes,14,0.08198259568979632,0.08198259568979632
3031,3,11,no,8,-0.0502140342254197,0.0502140342254197
3488,5,17,no,1,-0.006254119513938561,0.006254119513938561
2653,3,10,yes,2,0.006083339096577323,0.006083339096577323
3489,5,17,no,1,-0.006198516407741439,0.006198516407741439
2654,3,10,no,1,0.0029474764738243175,0.0029474764738243175
2655,3,10,no,1,-0.0029474764738243175,0.0029474764738243175
3490,5,17,no,1,-0.00614129254867346,0.00614129254867346
3940,5,18,no,1,-0.0013697729675739914,0.0013697729675739914
3491,5,17,no,15,-0.08437940154059628,0.08437940154059628
3492,5,17,yes,1,0.005139380401899957,0.005139380401899957
3493,5,17,no,1,-0.005139380401899957,0.005139380401899957
2656,3,10,yes,1,0.0029474764738243175,0.0029474764738243175
3494,5,17,yes,14,0.07829688008743532,0.07829688008743532
3495,5,17,no,8,-0.046383512983528496,0.046383512983528496
3496,5,17,yes,3,0.016901387129485967,0.016901387129485967
2016,3,9,no,1,0.00690396986339592,0.00690396986339592
3497,5,17,no,2,-0.011335714615181958,0.011335714615181958
3498,5,17,no,1,-0.00556567251430401,0.00556567251430401
3499,5,17,no,1,-0.005496366471083369,0.005496366471083369
3500,5,17,yes,1,0.005496366471083369,0.005496366471083369
3501,5,17,yes,16,0.09659754720894831,0.09659754720894831
3502,5,17,no,1,-0.0064588943083875305,0.0064588943083875305
2017,3,9,no,1,0.006888044756477085,0.006888044756477085
548,3,7,yes,1,0.005960635697198957,0.005960635697198957
2657,3,10,yes,1,0.002885778044461773,0.002885778044461773
4032,5,19,yes,12,0.018427002103658857,0.018427002103658857
3503,5,17,no,2,-0.012770660605383954,0.012770660605383954
3504,5,17,no,1,-0.006308029388133907,0.006308029388133907
3941,5,18,no,4,-0.005149168254761978,0.005149168254761978
2658,3,10,no,13,0.03229323616134383,0.03229323616134383
2659,3,10,no,1,-0.002162736981622171,0.002162736981622171
3942,5,18,no,11,-0.011741429194343095,0.011741429194343095
2660,3,10,yes,18,-0.048386950667759665,0.048386950667759665
3032,3,11,yes,1,0.0064588943083874195,0.0064588943083874195
3505,5,17,no,18,-0.10297333001094974,0.10297333001094974
3506,5,17,no,12,-0.05591933864401083,0.05591933864401083
3507,5,17,no,1,-0.004179558286804497,0.004179558286804497
3033,3,11,no,4,0.025332809507456533,0.025332809507456533
3508,5,17,yes,8,0.03550320857815875,0.03550320857815875
2661,3,10,yes,1,0.0032023859348871975,0.0032023859348871975
3509,5,17,no,15,-0.06273648614741806,0.06273648614741806
3510,5,17,yes,1,0.0036768586438181428,0.0036768586438181428
1263,3,8,no,1,-0.006935967626738093,0.006935967626738093
3034,3,11,no,6,0.03630291519959017,0.03630291519959017
3511,5,17,yes,2,0.007565302673343599,0.007565302673343599
3512,5,17,yes,2,0.007850913624326716,0.007850913624326716
3513,5,17,yes,2,0.008140202627770848,0.008140202627770848
4033,5,19,no,1,-0.0017495943155862448,0.0017495943155862448
4034,5,19,no,4,-0.006590498013998247,0.006590498013998247
3514,5,17,yes,15,0.07045020892297413,0.07045020892297413
1264,3,8,no,1,-0.00694131979774415,0.00694131979774415
549,3,7,no,9,0.05067867812632221,0.05067867812632221
2662,3,10,no,12,0.033598609680007496,0.033598609680007496
3035,3,11,no,2,-0.011858307300091742,0.011858307300091742
4035,5,19,yes,9,0.01577152984723594,0.01577152984723594
550,3,7,no,1,-0.00535544554716183,0.00535544554716183
2663,3,10,no,1,-0.0024778905067137647,0.0024778905067137647
3515,5,17,yes,1,0.005283976781832733,0.005283976781832733
3516,5,17,no,5,-0.025694716555038993,0.025694716555038993
551,3,7,no,8,-0.04532323257916038,0.04532323257916038
3517,5,17,no,2,-0.009764854130815348,0.009764854130815348
3036,3,11,no,2,-0.012104798943083583,0.012104798943083583
3518,5,17,yes,14,0.07440711616102205,0.07440711616102205
2018,3,9,yes,2,0.013717972912521081,0.013717972912521081
3519,5,17,no,12,-0.0646422620302067,0.0646422620302067
3520,5,17,yes,1,0.004993035387778344,0.004993035387778344
1265,3,8,no,1,-0.006943997948260727,0.006943997948260727
2664,3,10,no,3,0.007270295835213214,0.007270295835213214
552,3,7,no,3,-0.01806543464028254,0.01806543464028254
1266,3,8,no,3,0.02082128537274297,0.02082128537274297
4036,5,19,no,2,0.003987586593370673,0.003987586593370673
3037,3,11,no,1,-0.00614129254867346,0.00614129254867346
2665,3,10,yes,1,-0.0023692703768096735,0.0023692703768096735
2666,3,10,no,1,-0.002423134951689776,0.002423134951689776
553,3,7,no,5,0.02979656729143698,0.02979656729143698
4037,5,19,no,20,0.05152544291619254,0.05152544291619254
4038,5,19,no,4,0.013206540935070482,0.013206540935070482
3521,5,17,no,1,-0.004993035387778344,0.004993035387778344
1267,3,8,yes,4,0.027637242600534018,0.027637242600534018
3522,5,17,yes,1,0.004993035387778344,0.004993035387778344
2019,3,9,yes,12,-0.08299778625854098,0.08299778625854098
2020,3,9,yes,1,0.006935967626738038,0.006935967626738038
4039,5,19,no,11,-0.03385043249350905,0.03385043249350905
4040,5,19,no,1,-0.0027057566289490215,0.0027057566289490215
3523,5,17,no,2,-0.009912411151086403,0.009912411151086403
3524,5,17,no,6,-0.02796041853908357,0.02796041853908357
3525,5,17,yes,1,0.004474578305496774,0.004474578305496774
554,3,7,no,5,0.028165833616335845,0.028165833616335845
555,3,7,no,1,-0.005496366471083425,0.005496366471083425
1268,3,8,no,11,0.0740008032285776,0.0740008032285776
3526,5,17,yes,1,0.004548750366815624,0.004548750366815624
4041,5,19,no,1,-0.002647472861640701,0.002647472861640701
1269,3,8,no,11,-0.0740008032285776,0.0740008032285776
4042,5,19,no,1,-0.0025900635645267206,0.0025900635645267206
2021,3,9,no,1,-0.006935967626738038,0.006935967626738038
2667,3,10,no,3,-0.007601488630979203,0.007601488630979203
4043,5,19,yes,8,0.02237637465774535,0.02237637465774535
4044,5,19,yes,20,0.07442479907873545,0.07442479907873545
4045,5,19,yes,2,0.009023328672312397,0.009023328672312397
1270,3,8,yes,1,0.006869527289091959,0.006869527289091959
3527,5,17,yes,12,0.06033289404395015,0.06033289404395015
1271,3,8,yes,5,0.03398132082905758,0.03398132082905758
1272,3,8,no,5,-0.03398132082905758,0.03398132082905758
556,3,7,no,1,-0.005565672514303843,0.005565672514303843
4046,5,19,yes,1,-0.004548750366815624,0.004548750366815624
4047,5,19,no,1,-0.004474578305496774,0.004474578305496774
4048,5,19,yes,12,-0.04800004986444567,0.04800004986444567
4049,5,19,no,1,-0.0035379507575973856,0.0035379507575973856
3528,5,17,no,1,-0.005426266311670036,0.005426266311670036
3529,5,17,no,1,0.005426266311670036,0.005426266311670036
3530,5,17,no,11,-0.055709910532468015,0.055709910532468015
4050,5,19,no,1,-0.0034694475658122448,0.0034694475658122448
557,3,7,yes,1,0.005565672514303843,0.005565672514303843
2668,3,10,no,2,-0.005353229490589695,0.005353229490589695
3531,5,17,no,2,-0.009171733878297755,0.009171733878297755
1273,3,8,yes,2,0.013673277305821574,0.013673277305821574
1274,3,8,no,1,0.0067987210476098126,0.0067987210476098126
2022,3,9,yes,9,0.06239176858954282,0.06239176858954282
3532,5,17,no,1,-0.004474578305496774,0.004474578305496774
4051,5,19,no,1,-0.0034016150240174237,0.0034016150240174237
3533,5,17,yes,1,0.004474578305496774,0.004474578305496774
4052,5,19,no,1,-0.003334478476924113,0.003334478476924113
4053,5,19,no,9,-0.027114338992567516,0.027114338992567516
4054,5,19,no,12,-0.028816740817043024,0.028816740817043024
3534,5,17,yes,11,0.05409993255193385,0.05409993255193385
2669,3,10,no,1,0.0027057566289487855,0.0027057566289487855
2670,3,10,yes,16,-0.050847543537495765,0.050847543537495765
558,3,7,no,6,0.0319133671039068,0.0319133671039068
3535,5,17,no,1,-0.005283976781832733,0.005283976781832733
2671,3,10,yes,1,0.0036768586438180595,0.0036768586438180595
1275,3,8,no,1,-0.0067987210476098126,0.0067987210476098126
1276,3,8,no,1,0.0067987210476098126,0.0067987210476098126
559,3,7,no,1,-0.0051393804018998734,0.0051393804018998734
4055,5,19,yes,1,0.0021133306609868174,0.0021133306609868174
4056,5,19,yes,7,0.016226582541200976,0.016226582541200976
2672,3,10,yes,2,0.0071450482054076225,0.0071450482054076225
3536,5,17,yes,1,-0.005211931590258845,0.005211931590258845
560,3,7,no,1,-0.0052119315902589,0.0052119315902589
4057,5,19,no,6,-0.014063845559578764,0.014063845559578764
1277,3,8,yes,1,-0.0067987210476098126,0.0067987210476098126
561,3,7,no,8,-0.044231522257000444,0.044231522257000444
3537,5,17,no,1,-0.005139380401899957,0.005139380401899957
3038,3,11,yes,6,0.03593785984011044,0.03593785984011044
4058,5,19,yes,8,0.01918744368384427,0.01918744368384427
4059,5,19,no,8,0.02285964911074076,0.02285964911074076
3538,5,17,yes,1,0.005139380401899957,0.005139380401899957
4060,5,19,yes,13,-0.035253543070219426,0.035253543070219426
4061,5,19,no,1,-0.002316298248714571,0.002316298248714571
3539,5,17,yes,6,-0.029735068754556532,0.029735068754556532
3039,3,11,no,5,-0.02979656729143698,0.02979656729143698
3540,5,17,yes,1,0.004771406440793768,0.004771406440793768
1278,3,8,no,2,-0.013673277305821574,0.013673277305821574
3541,5,17,yes,13,0.0686390361452556,0.0686390361452556
3542,5,17,yes,12,-0.06379355777774831,0.06379355777774831
562,3,7,no,1,-0.005833461048261657,0.005833461048261657
3543,5,17,no,4,-0.018937089866771173,0.018937089866771173
1279,3,8,no,1,0.0068484456234291224,0.0068484456234291224
3544,5,17,no,14,-0.05702337853675807,0.05702337853675807
563,3,7,yes,4,0.022937255679210233,0.022937255679210233
3545,5,17,no,1,-0.0035379507575973856,0.0035379507575973856
3943,5,18,yes,1,0.0009358963557673378,0.0009358963557673378
4062,5,19,no,1,-0.0022642190665268375,0.0022642190665268375
2673,3,10,no,7,-0.026238123146895997,0.026238123146895997
3546,5,17,no,13,-0.04002563668827032,0.04002563668827032
3547,5,17,yes,17,0.054594747018112774,0.054594747018112774
3548,5,17,no,1,0.003818099192726798,0.003818099192726798
564,3,7,no,1,0.005565672514303843,0.005565672514303843
3549,5,17,yes,2,0.007850913624326716,0.007850913624326716
4063,5,19,yes,15,0.039834060385460834,0.039834060385460834
3550,5,17,yes,1,0.004033734929106997,0.004033734929106997
2023,3,9,yes,1,-0.00690396986339592,0.00690396986339592
3551,5,17,yes,1,0.0041064676986638515,0.0041064676986638515
4064,5,19,no,13,-0.035253543070219426,0.035253543070219426
3552,5,17,no,1,-0.0041064676986638515,0.0041064676986638515
2674,3,10,no,3,0.01166901281705357,0.01166901281705357
1280,3,8,yes,1,-0.0068484456234291224,0.0068484456234291224
3553,5,17,no,1,0.0041064676986638515,0.0041064676986638515
3554,5,17,no,1,-0.0041064676986638515,0.0041064676986638515
3555,5,17,yes,9,0.0396096762768226,0.0396096762768226
2675,3,10,yes,1,0.0037472034806167454,0.0037472034806167454
3040,3,11,yes,3,0.01806543464028254,0.01806543464028254
2676,3,10,no,8,0.02749789535010838,0.02749789535010838
3556,5,17,no,1,0.004771406440793768,0.004771406440793768
3557,5,17,yes,16,0.0861382488121765,0.0861382488121765
3558,5,17,no,4,-0.023200817128541218,0.023200817128541218
3559,5,17,no,10,-0.05317257755281993,0.05317257755281993
1281,3,8,yes,1,-0.006869527289091959,0.006869527289091959
2024,3,9,no,1,-0.006917278298890772,0.006917278298890772
3041,3,11,no,3,-0.01806543464028254,0.01806543464028254
2677,3,10,yes,1,0.003137471938287395,0.003137471938287395
2025,3,9,yes,1,-0.00692794968177024,0.00692794968177024
3560,5,17,yes,8,0.041972794884954284,0.041972794884954284
3561,5,17,no,2,-0.010922632782753405,0.010922632782753405
3562,5,17,no,16,-0.07691007296516425,0.07691007296516425
4065,5,19,no,1,-0.002316298248714571,0.002316298248714571
3563,5,17,yes,4,0.017454694866068515,0.017454694866068515
2678,3,10,no,4,0.011916593614863413,0.011916593614863413
3564,5,17,yes,4,0.018640361866079508,0.018640361866079508
4066,5,19,no,1,-0.0022642190665268375,0.0022642190665268375
3565,5,17,no,13,-0.056265731271050085,0.056265731271050085
3566,5,17,yes,3,0.011884648553433713,0.011884648553433713
3567,5,17,yes,5,0.02126614254604009,0.02126614254604009
2026,3,9,no,1,-0.006935967626738093,0.006935967626738093
1282,3,8,yes,1,-0.006888044756477085,0.006888044756477085
3568,5,17,no,1,0.004474578305496774,0.004474578305496774
565,3,7,yes,2,0.010922632782753516,0.010922632782753516
3569,5,17,yes,9,0.04360402417984227,0.04360402417984227
3944,5,18,yes,2,0.001945795322150952,0.001945795322150952
566,3,7,no,1,-0.0054262663116700915,0.0054262663116700915
567,3,7,yes,1,0.0054262663116700915,0.0054262663116700915
3945,5,18,no,1,0.0010110847812301663,0.0010110847812301663
3570,5,17,no,6,-0.029735068754556532,0.029735068754556532
3571,5,17,no,1,-0.004697221546987984,0.004697221546987984
2027,3,9,yes,1,0.006935967626738093,0.006935967626738093
3572,5,17,yes,11,0.055709910532468015,0.055709910532468015
4067,5,19,no,6,0.014384347710193354,0.014384347710193354
3573,5,17,yes,1,-0.005426266311670036,0.005426266311670036
4068,5,19,yes,1,0.0025900635645267206,0.0025900635645267206
3574,5,17,no,1,-0.005355445547161886,0.005355445547161886
568,3,7,yes,1,-0.0054262663116700915,0.0054262663116700915
4069,5,19,no,1,-0.0025900635645267206,0.0025900635645267206
1283,3,8,no,4,-0.027685165470795026,0.027685165470795026
2679,3,10,yes,1,0.0028249181734271156,0.0028249181734271156
2028,3,9,yes,1,0.00692794968177024,0.00692794968177024
1284,3,8,yes,3,0.020781195607399106,0.020781195607399106
2029,3,9,yes,4,-0.02774923505451321,0.02774923505451321
4070,5,19,no,1,-0.002533534559738787,0.002533534559738787
3575,5,17,no,1,-0.005283976781832733,0.005283976781832733
569,3,7,yes,1,-0.005496366471083425,0.005496366471083425
3576,5,17,yes,1,0.005283976781832733,0.005283976781832733
3577,5,17,yes,1,0.005355445547161886,0.005355445547161886
3578,5,17,no,5,-0.026057126714422535,0.026057126714422535
3579,5,17,no,1,-0.004993035387778344,0.004993035387778344
2030,3,9,yes,1,0.006943997948260727,0.006943997948260727
570,3,7,no,2,-0.011199782667865588,0.011199782667865588
4071,5,19,no,7,-0.016226582541200976,0.016226582541200976
3580,5,17,no,13,-0.058179671777538716,0.058179671777538716
3581,5,17,yes,14,0.06317270716531706,0.06317270716531706
1285,3,8,yes,2,0.013792014619873005,0.013792014619873005
1286,3,8,no,4,0.027341525642523345,0.027341525642523345
3582,5,17,no,8,-0.037872829690169973,0.037872829690169973
4072,5,19,no,12,-0.02234916903282875,0.02234916903282875
3583,5,17,no,1,-0.004400521639892407,0.004400521639892407
3584,5,17,yes,13,0.06297503249732303,0.06297503249732303
4073,5,19,yes,1,0.001627234912458149,0.001627234912458149
3042,3,11,no,1,-0.00614129254867346,0.00614129254867346
3043,3,11,no,9,0.05304165447105902,0.05304165447105902
3044,3,11,no,1,-0.005634110153561744,0.005634110153561744
4074,5,19,yes,2,0.003375174492064467,0.003375174492064467
3585,5,17,no,8,-0.04023097712664811,0.04023097712664811
3045,3,11,no,1,-0.005701604461620269,0.005701604461620269
3046,3,11,no,10,-0.06046660516569091,0.06046660516569091
3586,5,17,no,4,-0.018343533730782513,0.018343533730782513
3587,5,17,yes,1,0.004474578305496774,0.004474578305496774
2031,3,9,yes,8,-0.055402525921537604,0.055402525921537604
5314,5,20,yes,12,0.07588343482175508,0.07588343482175508
3588,5,17,yes,9,0.04360402417984227,0.04360402417984227
5315,5,20,no,1,-0.006022277489922678,0.006022277489922678
5316,5,20,no,1,-0.006082521453160905,0.006082521453160905
571,3,7,no,8,0.043113149771772385,0.043113149771772385
3047,3,11,no,4,0.024901957858487367,0.024901957858487367
572,3,7,no,12,-0.06631396690031366,0.06631396690031366
2680,3,10,no,1,0.0027649078318606746,0.0027649078318606746
5317,5,20,yes,4,-0.024901957858487367,0.024901957858487367
5318,5,20,no,7,-0.04550888188525304,0.04550888188525304
5319,5,20,no,8,0.051816911273387056,0.051816911273387056
1287,3,8,yes,1,-0.0067987210476098126,0.0067987210476098126
5320,5,20,yes,1,-0.006308029388134018,0.006308029388134018
5321,5,20,yes,2,0.012562148902072523,0.012562148902072523
2681,3,10,yes,1,0.0027057566289487855,0.0027057566289487855
1288,3,8,yes,2,0.0135688738941242,0.0135688738941242
1289,3,8,yes,3,0.020115131516176943,0.020115131516176943
2032,3,9,yes,9,0.062343845719281754,0.062343845719281754
1290,3,8,no,1,0.006632203865068909,0.006632203865068909
3589,5,17,no,1,-0.005139380401899957,0.005139380401899957
2033,3,9,no,1,-0.00694131979774415,0.00694131979774415
5322,5,20,no,1,-0.006254119513938505,0.006254119513938505
3590,5,17,yes,11,0.06041629529742107,0.06041629529742107
1291,3,8,yes,9,-0.060859013870283585,0.060859013870283585
4075,5,19,yes,1,0.0017495943155862448,0.0017495943155862448
1292,3,8,yes,1,0.006869527289091959,0.006869527289091959
3591,5,17,no,6,-0.03399929466459761,0.03399929466459761
5323,5,20,no,8,-0.051816911273387056,0.051816911273387056
3048,3,11,yes,1,0.006082521453160905,0.006082521453160905
2034,3,9,yes,1,0.00694131979774415,0.00694131979774415
573,3,7,no,11,0.061174586498413785,0.061174586498413785
574,3,7,no,11,-0.061174586498413785,0.061174586498413785
3592,5,17,yes,2,-0.010781711858831922,0.010781711858831922
2682,3,10,no,1,0.0026474728616409093,0.0026474728616409093
4076,5,19,yes,4,0.0074314375176514486,0.0074314375176514486
5324,5,20,no,1,-0.0066701446519749075,0.0066701446519749075
3049,3,11,yes,1,-0.006082521453160905,0.006082521453160905
3050,3,11,yes,13,-0.08378680163080554,0.08378680163080554
2683,3,10,no,1,0.0025900635645267345,0.0025900635645267345
1293,3,8,yes,1,0.0068484456234291224,0.0068484456234291224
3051,3,11,yes,13,0.08378680163080554,0.08378680163080554
4077,5,19,no,1,0.0019704136188763294,0.0019704136188763294
5325,5,20,yes,5,0.03294947162345652,0.03294947162345652
3052,3,11,no,1,-0.00614129254867346,0.00614129254867346
5326,5,20,no,10,0.06219694741254134,0.06219694741254134
3593,5,17,no,13,-0.06297503249732303,0.06297503249732303
5327,5,20,no,1,-0.005960635697198957,0.005960635697198957
5328,5,20,no,2,-0.012104798943083583,0.012104798943083583
3594,5,17,no,2,-0.008579594920679334,0.008579594920679334
575,3,7,yes,1,0.0058976716028927845,0.0058976716028927845
3595,5,17,yes,1,0.004252962151704648,0.004252962151704648
3596,5,17,no,7,-0.028241735883333507,0.028241735883333507
4078,5,19,no,1,0.002017172974494344,0.002017172974494344
5329,5,20,no,1,-0.00614129254867346,0.00614129254867346
3053,3,11,yes,2,0.012223814001834366,0.012223814001834366
3597,5,17,no,1,-0.003747203480616801,0.003747203480616801
5330,5,20,yes,1,-0.0061985164077413835,0.0061985164077413835
3598,5,17,yes,2,0.007565302673343599,0.007565302673343599
5331,5,20,no,3,-0.018922323677086128,0.018922323677086128
5332,5,20,no,20,-0.13489004714047037,0.13489004714047037
5333,5,20,no,5,-0.03469323300277388,0.03469323300277388
3599,5,17,yes,9,0.03762536940497058,0.03762536940497058
3600,5,17,no,2,-0.008875099945389181,0.008875099945389181
5334,5,20,no,1,-0.006917278298890717,0.006917278298890717
5335,5,20,yes,5,0.03466651335340387,0.03466651335340387
3054,3,11,yes,1,0.006022277489922678,0.006022277489922678
5336,5,20,yes,2,0.013885317746004877,0.013885317746004877
4079,5,19,no,2,-0.003987586593370673,0.003987586593370673
5337,5,20,yes,14,0.0954322240975557,0.0954322240975557
3055,3,11,no,1,-0.006022277489922678,0.006022277489922678
2035,3,9,no,1,0.006935967626738093,0.006935967626738093
3601,5,17,yes,6,0.02751546181146869,0.02751546181146869
5338,5,20,no,10,-0.06774705862676067,0.06774705862676067
3602,5,17,no,1,-0.004771406440793768,0.004771406440793768
3603,5,17,no,8,-0.03550320857815875,0.03550320857815875
5339,5,20,yes,4,0.027430849351390618,0.027430849351390618
5340,5,20,no,7,-0.04818004719544755,0.04818004719544755
5341,5,20,yes,2,0.013845227980661012,0.013845227980661012
3604,5,17,yes,1,0.004179558286804497,0.004179558286804497
3605,5,17,yes,1,0.004252962151704648,0.004252962151704648
5342,5,20,yes,1,0.00690396986339592,0.00690396986339592
3606,5,17,yes,6,0.027070688139649607,0.027070688139649607
4080,5,19,no,1,-0.0019245274747760333,0.0019245274747760333
3607,5,17,no,1,-0.004697221546987984,0.004697221546987984
5343,5,20,yes,10,-0.06931971827131306,0.06931971827131306
5344,5,20,no,1,0.00692794968177024,0.00692794968177024
576,3,7,no,1,-0.0058976716028927845,0.0058976716028927845
5345,5,20,yes,2,0.013877287424482243,0.013877287424482243
4081,5,19,yes,1,0.0019245274747760333,0.0019245274747760333
3608,5,17,no,1,-0.004622983511482132,0.004622983511482132
3609,5,17,no,1,-0.004548750366815624,0.004548750366815624
577,3,7,no,4,-0.024206727188956,0.024206727188956
5346,5,20,yes,7,0.048514481165060575,0.048514481165060575
5347,5,20,no,3,-0.020749197844056932,0.020749197844056932
578,3,7,no,1,0.00614129254867346,0.00614129254867346
5348,5,20,yes,4,0.027637242600534018,0.027637242600534018
1294,3,8,no,1,0.0068248316823924515,0.0068248316823924515
5349,5,20,yes,1,0.006869527289091959,0.006869527289091959
579,3,7,yes,20,-0.13152569450543217,0.13152569450543217
580,3,7,yes,9,-0.06239176858954282,0.06239176858954282
5350,5,20,yes,12,0.08009550399599175,0.08009550399599175
5351,5,20,no,1,-0.0064588943083874195,0.0064588943083874195
581,3,7,yes,16,0.11013066146416944,0.11013066146416944
3610,5,17,no,1,-0.004474578305496774,0.004474578305496774
3611,5,17,yes,1,0.004474578305496774,0.004474578305496774
3612,5,17,yes,1,0.004548750366815624,0.004548750366815624
582,3,7,no,10,0.06519287316045219,0.06519287316045219
4082,5,19,yes,1,0.0019704136188763294,0.0019704136188763294
2684,3,10,no,5,-0.01353311906040422,0.01353311906040422
2036,3,9,no,1,-0.006935967626738093,0.006935967626738093
5352,5,20,yes,1,-0.00650533374811868,0.00650533374811868
1295,3,8,no,3,0.020308043523236008,0.020308043523236008
583,3,7,no,11,-0.071932042789564,0.071932042789564
584,3,7,yes,1,0.0067391696291118075,0.0067391696291118075
5353,5,20,no,19,0.1140255137398204,0.1140255137398204
3056,3,11,yes,2,0.011982913187121635,0.011982913187121635
3613,5,17,no,1,-0.004548750366815624,0.004548750366815624
585,3,7,yes,2,0.013375961887065135,0.013375961887065135
2685,3,10,no,1,0.0028249181734271156,0.0028249181734271156
3614,5,17,no,11,-0.045190672078314176,0.045190672078314176
3615,5,17,yes,1,0.003747203480616801,0.003747203480616801
5354,5,20,no,1,-0.0054262663116700915,0.0054262663116700915
3616,5,17,yes,7,0.028241735883333507,0.028241735883333507
1296,3,8,yes,5,0.033149955110428064,0.033149955110428064
586,3,7,yes,1,0.006632203865068909,0.006632203865068909
3617,5,17,yes,7,0.031842094580443375,0.031842094580443375
4083,5,19,yes,1,0.002017172974494344,0.002017172974494344
2037,3,9,no,1,-0.00694131979774415,0.00694131979774415
3618,5,17,yes,1,0.004845478367507289,0.004845478367507289
2686,3,10,no,1,0.0027649078318606746,0.0027649078318606746
4084,5,19,no,1,-0.002017172974494344,0.002017172974494344
1297,3,8,yes,1,0.00650533374811868,0.00650533374811868
5355,5,20,no,8,-0.04585760196468924,0.04585760196468924
587,3,7,yes,13,0.08184407051895404,0.08184407051895404
5356,5,20,no,1,-0.006022277489922678,0.006022277489922678
5357,5,20,no,1,-0.006082521453160905,0.006082521453160905
5358,5,20,no,13,-0.08378680163080554,0.08378680163080554
5359,5,20,no,1,-0.0067391696291118075,0.0067391696291118075
1298,3,8,no,1,-0.00650533374811868,0.00650533374811868
1299,3,8,no,1,-0.006549739658341158,0.006549739658341158
1300,3,8,no,9,-0.06058153628114449,0.06058153628114449
2038,3,9,yes,1,0.00694131979774415,0.00694131979774415
588,3,7,yes,2,-0.011982913187121635,0.011982913187121635
2039,3,9,no,1,-0.00694131979774415,0.00694131979774415
1301,3,8,yes,3,-0.020661541908964964,0.020661541908964964
5360,5,20,yes,12,0.0781861623035025,0.0781861623035025
5361,5,20,yes,1,0.0061985164077413835,0.0061985164077413835
3619,5,17,no,1,-0.004845478367507289,0.004845478367507289
3057,3,11,no,9,-0.05573805310415392,0.05573805310415392
3620,5,17,no,1,-0.004771406440793768,0.004771406440793768
5362,5,20,no,7,-0.044495553971704016,0.044495553971704016
4085,5,19,no,3,0.00619531417619211,0.00619531417619211
5363,5,20,no,7,-0.04665927758605426,0.04665927758605426
4086,5,19,yes,1,0.0021627369816222125,0.0021627369816222125
5364,5,20,yes,1,0.006770152846514388,0.006770152846514388
589,3,7,no,5,-0.030984479311648272,0.030984479311648272
2040,3,9,no,5,0.034626485268539176,0.034626485268539176
3621,5,17,no,4,-0.018343533730782513,0.018343533730782513
5365,5,20,yes,2,0.013444986864202035,0.013444986864202035
3058,3,11,yes,2,0.01277066060538401,0.01277066060538401
3622,5,17,yes,6,0.02796041853908357,0.02796041853908357
2687,3,10,no,1,0.0027057566289487855,0.0027057566289487855
5366,5,20,yes,1,0.0066701446519749075,0.0066701446519749075
3623,5,17,no,4,-0.018937089866771173,0.018937089866771173
5367,5,20,yes,8,0.051816911273387056,0.051816911273387056
590,3,7,yes,8,0.04886506410166269,0.04886506410166269
591,3,7,no,10,-0.0616357247070467,0.0616357247070467
592,3,7,yes,1,0.006410485830370405,0.006410485830370405
3624,5,17,yes,2,0.009320205058470116,0.009320205058470116
3625,5,17,no,14,-0.059059627503599915,0.059059627503599915
5368,5,20,yes,1,-0.006308029388134018,0.006308029388134018
593,3,7,no,12,0.07252838440232479,0.07252838440232479
3626,5,17,yes,1,0.003747203480616801,0.003747203480616801
5369,5,20,no,1,-0.006360174775013605,0.006360174775013605
5370,5,20,no,9,0.0552252388766763,0.0552252388766763
5371,5,20,no,1,-0.0058976716028927845,0.0058976716028927845
4087,5,19,yes,4,0.009162820101175292,0.009162820101175292
3627,5,17,yes,9,0.0369688902922006,0.0369688902922006
5372,5,20,no,1,-0.005960635697198957,0.005960635697198957
3628,5,17,yes,17,-0.06501160318803864,0.06501160318803864
4088,5,19,yes,13,0.03602174463169727,0.03602174463169727
4089,5,19,no,7,-0.02064389155843857,0.02064389155843857
4090,5,19,no,1,-0.0027057566289490215,0.0027057566289490215
594,3,7,yes,1,-0.005701604461620269,0.005701604461620269
3059,3,11,no,4,-0.02573488866189011,0.02573488866189011
595,3,7,yes,4,0.02239775360056928,0.02239775360056928
5373,5,20,no,1,-0.006022277489922678,0.006022277489922678
596,3,7,no,10,-0.057962400907772826,0.057962400907772826
3629,5,17,no,2,0.0066025399761659165,0.0066025399761659165
1302,3,8,yes,1,0.00690396986339592,0.00690396986339592
4091,5,19,no,1,-0.002647472861640701,0.002647472861640701
597,3,7,no,3,-0.01859392847035335,0.01859392847035335
5374,5,20,yes,4,0.023714045838276077,0.023714045838276077
3630,5,17,no,15,-0.04340353559106051,0.04340353559106051
4092,5,19,no,13,-0.029515908460534923,0.029515908460534923
3631,5,17,no,1,0.0024778905067136536,0.0024778905067136536
3632,5,17,yes,13,0.037591166607422746,0.037591166607422746
4093,5,19,no,12,0.026925844896008203,0.026925844896008203
3060,3,11,no,1,0.00650533374811868,0.00650533374811868
3061,3,11,no,1,-0.00650533374811868,0.00650533374811868
3633,5,17,no,1,0.003334478476924113,0.003334478476924113
4094,5,19,no,3,-0.007434560018142258,0.007434560018142258
5375,5,20,no,4,-0.023714045838276077,0.023714045838276077
3062,3,11,yes,5,0.03204291805002413,0.03204291805002413
1303,3,8,no,1,0.006888044756477085,0.006888044756477085
1304,3,8,yes,1,0.006869527289091959,0.006869527289091959
3634,5,17,yes,1,0.0034016150240174237,0.0034016150240174237
5376,5,20,yes,3,0.01788058479001442,0.01788058479001442
3063,3,11,yes,1,-0.006308029388134018,0.006308029388134018
3635,5,17,no,10,0.03784777334047906,0.03784777334047906
5377,5,20,no,2,-0.011858307300091742,0.011858307300091742
4095,5,19,yes,1,0.0024231349516898176,0.0024231349516898176
3636,5,17,yes,1,0.004179558286804497,0.004179558286804497
5378,5,20,no,6,-0.03700675680157095,0.03700675680157095
5379,5,20,no,1,-0.006360174775013605,0.006360174775013605
2688,3,10,no,2,0.005237536426167644,0.005237536426167644
598,3,7,yes,11,0.06549429039273891,0.06549429039273891
5380,5,20,yes,5,-0.032516503245170525,0.032516503245170525
599,3,7,no,1,-0.005634110153561744,0.005634110153561744
2689,3,10,no,1,0.002533534559738704,0.002533534559738704
600,3,7,no,8,-0.047407544317497274,0.047407544317497274
3637,5,17,no,1,-0.004179558286804497,0.004179558286804497
4096,5,19,yes,11,0.03046113774171992,0.03046113774171992
5381,5,20,no,1,-0.006632203865068909,0.006632203865068909
3946,5,18,yes,1,0.0010373521350486442,0.0010373521350486442
3638,5,17,yes,1,0.004179558286804497,0.004179558286804497
4097,5,19,no,1,-0.0030733380175221314,0.0030733380175221314
4098,5,19,yes,5,0.016015735866862724,0.016015735866862724
1305,3,8,no,6,0.04068713806414781,0.04068713806414781
3639,5,17,no,2,-0.008286025985468348,0.008286025985468348
1306,3,8,no,1,-0.006705817235090228,0.006705817235090228
4099,5,19,yes,1,-0.003334478476924113,0.003334478476924113
3640,5,17,yes,1,0.0041064676986638515,0.0041064676986638515
3947,5,18,yes,1,0.0010642405575949643,0.0010642405575949643
3641,5,17,no,1,-0.0041064676986638515,0.0041064676986638515
4100,5,19,no,1,-0.0032680614992418033,0.0032680614992418033
4101,5,19,no,1,-0.003202385934887142,0.003202385934887142
5382,5,20,yes,9,0.05807103078732556,0.05807103078732556
5383,5,20,no,3,-0.018922323677086128,0.018922323677086128
1307,3,8,no,1,-0.0067391696291118075,0.0067391696291118075
3642,5,17,no,1,-0.004033734929106997,0.004033734929106997
5384,5,20,no,4,-0.025924453545217663,0.025924453545217663
4102,5,19,no,1,-0.003137471938287534,0.003137471938287534
2041,3,9,yes,6,0.04099972324551482,0.04099972324551482
4103,5,19,no,14,-0.037569841318934,0.037569841318934
2042,3,9,no,1,-0.006770152846514388,0.006770152846514388
1308,3,8,no,3,0.020115131516176943,0.020115131516176943
3064,3,11,yes,1,-0.006360174775013605,0.006360174775013605
1309,3,8,yes,1,0.006632203865068909,0.006632203865068909
5385,5,20,no,1,-0.006592049699952862,0.006592049699952862
2043,3,9,no,7,-0.04805081856128712,0.04805081856128712
3643,5,17,yes,1,0.004033734929106997,0.004033734929106997
5386,5,20,yes,1,0.006592049699952862,0.006592049699952862
4104,5,19,no,1,-0.0022642190665268375,0.0022642190665268375
5387,5,20,yes,6,-0.0401095379277131,0.0401095379277131
5388,5,20,no,20,-0.13797655450159846,0.13797655450159846
5389,5,20,no,2,-0.013623552730002264,0.013623552730002264
5390,5,20,no,7,0.048050818561287234,0.048050818561287234
5391,5,20,no,1,0.00692794968177024,0.00692794968177024
5392,5,20,yes,1,0.006935967626738038,0.006935967626738038
5393,5,20,yes,8,0.05545580096280478,0.05545580096280478
3644,5,17,no,1,-0.004033734929106997,0.004033734929106997
5394,5,20,yes,1,0.006888044756477085,0.006888044756477085
5395,5,20,yes,4,0.027341525642523345,0.027341525642523345
3645,5,17,no,12,-0.0429141116477787,0.0429141116477787
3646,5,17,yes,1,0.003202385934887142,0.003202385934887142
1310,3,8,no,7,-0.0471410409577625,0.0471410409577625
3647,5,17,yes,7,0.02429550941522124,0.02429550941522124
5396,5,20,no,1,0.006770152846514388,0.006770152846514388
3648,5,17,yes,1,0.003747203480616801,0.003747203480616801
2044,3,9,yes,5,0.03442726583128486,0.03442726583128486
3649,5,17,yes,3,0.011669012817053515,0.011669012817053515
2690,3,10,no,1,0.0024778905067137647,0.0024778905067137647
5397,5,20,yes,3,0.020115131516176943,0.020115131516176943
3650,5,17,no,5,-0.019093074941488458,0.019093074941488458
3651,5,17,yes,7,0.027233277569259307,0.027233277569259307
3652,5,17,yes,10,0.04512009338645981,0.04512009338645981
2691,3,10,no,1,-0.0024778905067137647,0.0024778905067137647
2045,3,9,no,1,-0.0068484456234291224,0.0068484456234291224
3653,5,17,no,6,-0.02796041853908357,0.02796041853908357
4105,5,19,no,1,0.0022642190665268375,0.0022642190665268375
601,3,7,no,2,0.012223814001834366,0.012223814001834366
4106,5,19,yes,15,0.04070731325722153,0.04070731325722153
5398,5,20,no,4,-0.02688528436269133,0.02688528436269133
5399,5,20,no,11,0.07239416624794437,0.07239416624794437
1311,3,8,no,3,-0.020606017668998167,0.020606017668998167
4107,5,19,yes,1,0.003202385934887142,0.003202385934887142
3654,5,17,no,1,-0.004400521639892407,0.004400521639892407
5400,5,20,no,1,-0.006360174775013605,0.006360174775013605
5401,5,20,no,13,-0.08650598982636215,0.08650598982636215
5402,5,20,yes,1,0.0068484456234291224,0.0068484456234291224
1312,3,8,yes,1,0.006888044756477085,0.006888044756477085
5403,5,20,yes,1,0.0068248316823924515,0.0068248316823924515
5404,5,20,yes,10,0.06642222669017017,0.06642222669017017
5405,5,20,no,15,-0.10075704590495671,0.10075704590495671
5406,5,20,yes,1,0.00690396986339592,0.00690396986339592
4108,5,19,no,1,-0.003202385934887142,0.003202385934887142
602,3,7,no,1,-0.006082521453160905,0.006082521453160905
4109,5,19,no,2,-0.006210809955809665,0.006210809955809665
5407,5,20,yes,4,0.027430849351390618,0.027430849351390618
4110,5,19,no,1,-0.003010001079055108,0.003010001079055108
4111,5,19,no,1,0.003010001079055108,0.003010001079055108
4112,5,19,no,7,-0.019786311093218628,0.019786311093218628
2046,3,9,yes,1,-0.006869527289091959,0.006869527289091959
4113,5,19,no,8,-0.01918744368384427,0.01918744368384427
1313,3,8,no,6,0.04085084811814954,0.04085084811814954
4114,5,19,yes,1,0.0022130324091241965,0.0022130324091241965
3655,5,17,yes,1,0.004400521639892407,0.004400521639892407
5408,5,20,no,2,-0.013673277305821574,0.013673277305821574
4115,5,19,yes,2,0.004580517315241409,0.004580517315241409
5409,5,20,yes,1,0.0068484456234291224,0.0068484456234291224
5410,5,20,no,4,-0.027509987532394087,0.027509987532394087
3065,3,11,no,2,-0.012869380138757824,0.012869380138757824
5411,5,20,yes,1,0.00690396986339592,0.00690396986339592
2047,3,9,no,1,-0.006888044756477085,0.006888044756477085
1314,3,8,no,4,0.026600215452086906,0.026600215452086906
5412,5,20,yes,1,0.006888044756477085,0.006888044756477085
5413,5,20,no,1,-0.006888044756477085,0.006888044756477085
5414,5,20,no,2,-0.013821248162286692,0.013821248162286692
603,3,7,no,1,-0.00614129254867346,0.00614129254867346
5415,5,20,yes,1,0.006917278298890772,0.006917278298890772
5416,5,20,yes,1,0.00690396986339592,0.00690396986339592
5417,5,20,yes,6,0.04099972324551482,0.04099972324551482
1315,3,8,no,1,-0.006592049699952862,0.006592049699952862
5418,5,20,yes,4,0.02674733538124585,0.02674733538124585
1316,3,8,no,6,-0.04031620927537005,0.04031620927537005
5419,5,20,no,5,-0.03351748822776024,0.03351748822776024
604,3,7,no,9,-0.057637343329998036,0.057637343329998036
5420,5,20,no,4,-0.027341525642523345,0.027341525642523345
3656,5,17,yes,1,0.004474578305496774,0.004474578305496774
4116,5,19,yes,1,0.0023692703768096873,0.0023692703768096873
2048,3,9,yes,20,-0.13758567654331672,0.13758567654331672
5421,5,20,yes,8,0.054226810005214676,0.054226810005214676
605,3,7,yes,1,0.006592049699952862,0.006592049699952862
606,3,7,yes,2,0.013055073406459838,0.013055073406459838
2049,3,9,no,11,0.0751939079537739,0.0751939079537739
3066,3,11,no,1,-0.00650533374811868,0.00650533374811868
4117,5,19,yes,7,0.01814276090511921,0.01814276090511921
3657,5,17,no,6,-0.025740720851536864,0.025740720851536864
5422,5,20,no,5,-0.03368400541030114,0.03368400541030114
5423,5,20,yes,1,0.0067987210476098126,0.0067987210476098126
3067,3,11,yes,1,0.00650533374811868,0.00650533374811868
2050,3,9,no,1,0.006935967626738038,0.006935967626738038
3658,5,17,no,1,-0.004033734929106997,0.004033734929106997
3068,3,11,no,1,0.0064588943083874195,0.0064588943083874195
607,3,7,no,1,0.0064588943083874195,0.0064588943083874195
3659,5,17,yes,1,0.004033734929106997,0.004033734929106997
3660,5,17,no,2,-0.007995137463846641,0.007995137463846641
2051,3,9,yes,9,0.062343845719281865,0.062343845719281865
3661,5,17,no,1,-0.003889511089587072,0.003889511089587072
5424,5,20,no,4,0.02688528436269133,0.02688528436269133
3662,5,17,no,1,-0.003818099192726798,0.003818099192726798
4118,5,19,no,1,-0.002764907831860508,0.002764907831860508
3663,5,17,yes,1,0.003818099192726798,0.003818099192726798
608,3,7,no,9,0.05573805310415392,0.05573805310415392
4119,5,19,yes,2,0.005589826005287762,0.005589826005287762
3664,5,17,yes,1,0.003889511089587072,0.003889511089587072
609,3,7,no,1,-0.005960635697198957,0.005960635697198957
3665,5,17,no,1,0.003961402534739644,0.003961402534739644
1317,3,8,no,1,-0.0068248316823924515,0.0068248316823924515
5425,5,20,no,1,-0.0066701446519749075,0.0066701446519749075
3666,5,17,no,1,-0.003961402534739644,0.003961402534739644
3948,5,18,yes,9,0.010896228297313008,0.010896228297313008
2052,3,9,no,1,-0.006888044756477085,0.006888044756477085
3949,5,18,no,7,-0.008684540984373393,0.008684540984373393
5426,5,20,no,1,-0.006705817235090228,0.006705817235090228
1318,3,8,no,1,-0.0068484456234291224,0.0068484456234291224
1319,3,8,no,6,0.04068713806414781,0.04068713806414781
3950,5,18,no,11,-0.010872621171712622,0.010872621171712622
610,3,7,yes,2,0.011858307300091742,0.011858307300091742
5427,5,20,yes,1,-0.0067391696291118075,0.0067391696291118075
4120,5,19,no,8,0.024858991464203867,0.024858991464203867
1320,3,8,no,1,-0.006705817235090228,0.006705817235090228
4121,5,19,no,1,-0.003334478476924113,0.003334478476924113
4122,5,19,yes,5,-0.01569125846899372,0.01569125846899372
3069,3,11,no,1,-0.0064588943083874195,0.0064588943083874195
1321,3,8,no,1,-0.0067391696291118075,0.0067391696291118075
3667,5,17,no,1,-0.003889511089587072,0.003889511089587072
2053,3,9,no,6,0.04099972324551482,0.04099972324551482
3668,5,17,yes,1,0.003889511089587072,0.003889511089587072
2054,3,9,yes,1,-0.006770152846514388,0.006770152846514388
2055,3,9,no,1,-0.0067987210476098126,0.0067987210476098126
4123,5,19,yes,1,0.003010001079055108,0.003010001079055108
4124,5,19,yes,12,0.041274007979261645,0.041274007979261645
2056,3,9,yes,1,0.0067987210476098126,0.0067987210476098126
4125,5,19,no,6,-0.021856657088381498,0.021856657088381498
611,3,7,yes,1,0.005833461048261657,0.005833461048261657
612,3,7,no,1,-0.005833461048261657,0.005833461048261657
2057,3,9,no,13,-0.08968537136180521,0.08968537136180521
2058,3,9,yes,1,0.006941319797744205,0.006941319797744205
1322,3,8,yes,1,-0.006770152846514388,0.006770152846514388
2059,3,9,yes,1,0.006943997948260672,0.006943997948260672
4126,5,19,yes,14,0.0550074481878553,0.0550074481878553
2060,3,9,yes,1,0.006943997948260727,0.006943997948260727
4127,5,19,yes,6,0.02796041853908357,0.02796041853908357
4128,5,19,no,14,-0.06111120963855737,0.06111120963855737
4129,5,19,no,7,-0.025258272112398922,0.025258272112398922
3070,3,11,no,1,0.0064588943083874195,0.0064588943083874195
5428,5,20,yes,1,0.0067391696291118075,0.0067391696291118075
4130,5,19,yes,1,0.0034016150240174237,0.0034016150240174237
4131,5,19,no,12,-0.036556189122458074,0.036556189122458074
5429,5,20,yes,16,-0.11013066146416944,0.11013066146416944
5430,5,20,no,1,-0.00692794968177024,0.00692794968177024
2061,3,9,no,2,-0.013887995896521399,0.013887995896521399
3669,5,17,yes,3,0.012101605162510493,0.012101605162510493
5431,5,20,no,2,-0.013821248162286692,0.013821248162286692
5432,5,20,no,17,0.11737053683260018,0.11737053683260018
2062,3,9,no,1,-0.006941319797744205,0.006941319797744205
4132,5,19,no,1,-0.002647472861640701,0.002647472861640701
4133,5,19,no,1,0.002647472861640701,0.002647472861640701
4134,5,19,no,11,-0.026110984188094002,0.026110984188094002
3071,3,11,no,10,0.0616357247070467,0.0616357247070467
5433,5,20,no,1,-0.0067987210476098126,0.0067987210476098126
613,3,7,yes,2,0.01160154106402822,0.01160154106402822
5434,5,20,yes,1,0.0067987210476098126,0.0067987210476098126
3670,5,17,no,1,-0.0041064676986638515,0.0041064676986638515
614,3,7,no,8,-0.04790445626361839,0.04790445626361839
2063,3,9,no,1,-0.006935967626738038,0.006935967626738038
5435,5,20,yes,5,0.03351748822776024,0.03351748822776024
3072,3,11,yes,8,-0.04886506410166269,0.04886506410166269
4135,5,19,yes,1,0.0021133306609868174,0.0021133306609868174
2064,3,9,yes,1,-0.00692794968177024,0.00692794968177024
2065,3,9,no,1,0.00692794968177024,0.00692794968177024
5436,5,20,no,12,-0.08156830678904736,0.08156830678904736
4136,5,19,yes,1,0.0021627369816222125,0.0021627369816222125
5437,5,20,yes,1,0.006917278298890772,0.006917278298890772
2066,3,9,no,13,0.08982261794093344,0.08982261794093344
5438,5,20,yes,1,0.00690396986339592,0.00690396986339592
5439,5,20,no,1,0.006888044756477085,0.006888044756477085
5440,5,20,no,1,0.006869527289091959,0.006869527289091959
2067,3,9,no,4,-0.027430849351390618,0.027430849351390618
5441,5,20,no,1,0.0068484456234291224,0.0068484456234291224
5442,5,20,no,14,-0.09684301423920194,0.09684301423920194
4137,5,19,yes,2,0.004477251475651034,0.004477251475651034
5443,5,20,yes,1,0.006917278298890717,0.006917278298890717
3671,5,17,no,2,-0.007995137463846641,0.007995137463846641
5444,5,20,yes,2,0.013863917308508278,0.013863917308508278
5445,5,20,yes,6,0.04163455280051809,0.04163455280051809
5446,5,20,yes,4,0.027578820207855737,0.027578820207855737
3073,3,11,yes,5,0.030984479311648272,0.030984479311648272
6384,5,21,yes,14,0.059059627503599915,0.059059627503599915
3672,5,17,no,1,-0.003889511089587072,0.003889511089587072
5447,5,20,yes,1,0.0068484456234291224,0.0068484456234291224
6385,5,21,no,9,-0.0396096762768226,0.0396096762768226
1323,3,8,no,3,-0.020471998353431387,0.020471998353431387
3673,5,17,no,11,0.04679710328326833,0.04679710328326833
4138,5,19,no,13,-0.025694727144921173,0.025694727144921173
4139,5,19,no,10,-0.014969428728730819,0.014969428728730819
5448,5,20,yes,11,-0.07606181863180295,0.07606181863180295
5449,5,20,yes,14,0.0964555242083196,0.0964555242083196
5450,5,20,yes,1,0.0067391696291118075,0.0067391696291118075
4140,5,19,yes,1,0.0013360527153829932,0.0013360527153829932
2068,3,9,no,1,-0.00690396986339592,0.00690396986339592
4141,5,19,no,4,-0.005149168254761978,0.005149168254761978
3674,5,17,no,5,-0.022373466592661623,0.022373466592661623
6386,5,21,yes,8,0.03491245472983462,0.03491245472983462
6387,5,21,no,3,-0.013646312183794529,0.013646312183794529
5451,5,20,no,7,-0.047738892874626626,0.047738892874626626
4142,5,19,no,1,-0.0012083954815765574,0.0012083954815765574
5452,5,20,yes,1,0.006888044756477085,0.006888044756477085
6388,5,21,no,1,-0.004400521639892407,0.004400521639892407
3675,5,17,no,1,-0.004252962151704648,0.004252962151704648
4143,5,19,yes,1,0.0012083954815765574,0.0012083954815765574
6389,5,21,yes,4,0.018046833823686936,0.018046833823686936
6390,5,21,yes,1,0.004697221546987984,0.004697221546987984
5453,5,20,no,1,0.006869527289091959,0.006869527289091959
3676,5,17,yes,1,0.004252962151704648,0.004252962151704648
5454,5,20,no,1,0.0068484456234291224,0.0068484456234291224
4144,5,19,yes,1,0.0012392483170125188,0.0012392483170125188
615,3,7,yes,1,0.0061985164077413835,0.0061985164077413835
1324,3,8,yes,4,0.027242151199945774,0.027242151199945774
4145,5,19,yes,1,0.0012708013868579435,0.0012708013868579435
616,3,7,no,1,-0.0061985164077413835,0.0061985164077413835
3074,3,11,no,1,-0.006082521453160905,0.006082521453160905
6391,5,21,no,1,-0.004697221546987984,0.004697221546987984
3075,3,11,yes,1,0.006082521453160905,0.006082521453160905
4146,5,19,yes,1,0.0013030658355085226,0.0013030658355085226
3677,5,17,no,8,-0.03198893936395031,0.03198893936395031
4147,5,19,yes,3,0.004110063084418233,0.004110063084418233
3678,5,17,no,1,-0.0036768586438181428,0.0036768586438181428
3679,5,17,yes,1,0.0036768586438181428,0.0036768586438181428
6392,5,21,no,1,-0.004622983511482132,0.004622983511482132
5455,5,20,no,2,-0.013717972912521081,0.013717972912521081
6393,5,21,yes,1,-0.004548750366815624,0.004548750366815624
3680,5,17,no,1,-0.0036768586438181428,0.0036768586438181428
3681,5,17,no,13,-0.0417000204328683,0.0417000204328683
4148,5,19,yes,17,0.02991410433196051,0.02991410433196051
3682,5,17,yes,1,0.0028249181734272544,0.0028249181734272544
5456,5,20,no,1,-0.006888044756477085,0.006888044756477085
6394,5,21,no,1,-0.004474578305496774,0.004474578305496774
3683,5,17,no,1,0.002885778044461579,0.002885778044461579
3076,3,11,yes,4,0.023714045838276077,0.023714045838276077
2069,3,9,no,1,-0.006917278298890772,0.006917278298890772
3684,5,17,yes,1,0.0029474764738244563,0.0029474764738244563
3077,3,11,no,1,-0.005833461048261657,0.005833461048261657
5457,5,20,no,1,-0.00690396986339592,0.00690396986339592
3078,3,11,no,4,-0.023963106243175325,0.023963106243175325
5458,5,20,yes,1,0.00690396986339592,0.00690396986339592
6395,5,21,no,8,0.037872829690169973,0.037872829690169973
3685,5,17,yes,1,0.003010001079055108,0.003010001079055108
5459,5,20,no,7,0.047738892874626626,0.047738892874626626
1325,3,8,no,1,0.0067391696291118075,0.0067391696291118075
3686,5,17,no,1,-0.003010001079055108,0.003010001079055108
5460,5,20,yes,1,0.006705817235090228,0.006705817235090228
4149,5,19,no,11,-0.0207219341203706,0.0207219341203706
6396,5,21,no,1,-0.004993035387778344,0.004993035387778344
2070,3,9,no,3,0.020709292918763778,0.020709292918763778
1326,3,8,yes,1,0.006705817235090228,0.006705817235090228
4150,5,19,yes,14,0.027361922577643846,0.027361922577643846
3687,5,17,yes,13,0.04428400905831675,0.04428400905831675
3688,5,17,no,1,-0.003818099192726798,0.003818099192726798
6397,5,21,no,3,-0.014536260571609116,0.014536260571609116
1327,3,8,no,5,-0.03383869244071869,0.03383869244071869
2071,3,9,yes,1,0.006869527289091959,0.006869527289091959
6398,5,21,yes,1,-0.004697221546987984,0.004697221546987984
2072,3,9,yes,2,0.013673277305821574,0.013673277305821574
6399,5,21,yes,9,0.044928198673636094,0.044928198673636094
6400,5,21,no,2,-0.010495908372091578,0.010495908372091578
2073,3,9,yes,1,0.0067987210476098126,0.0067987210476098126
3689,5,17,no,13,-0.04341338633941441,0.04341338633941441
6401,5,21,yes,1,-0.005139380401899957,0.005139380401899957
2074,3,9,yes,9,-0.061914735869795456,0.061914735869795456
6402,5,21,yes,1,-0.005066392393269115,0.005066392393269115
4151,5,19,yes,1,0.002316298248714571,0.002316298248714571
3079,3,11,no,10,-0.0637786358786715,0.0637786358786715
4152,5,19,no,1,-0.002316298248714571,0.002316298248714571
617,3,7,yes,2,0.012339808956414844,0.012339808956414844
4153,5,19,yes,1,0.002316298248714571,0.002316298248714571
3690,5,17,yes,1,0.0029474764738244563,0.0029474764738244563
6403,5,21,no,1,-0.004993035387778344,0.004993035387778344
3080,3,11,yes,1,0.006592049699952862,0.006592049699952862
3691,5,17,yes,1,0.003010001079055108,0.003010001079055108
6404,5,21,yes,1,-0.004919375763308059,0.004919375763308059
6405,5,21,yes,3,-0.014314106355289041,0.014314106355289041
6406,5,21,yes,20,-0.07865791537183317,0.07865791537183317
3081,3,11,no,6,0.038592657708365286,0.038592657708365286
6407,5,21,yes,2,0.0066025399761659165,0.0066025399761659165
3951,5,18,yes,1,0.0008658937548615686,0.0008658937548615686
4154,5,19,no,1,-0.002316298248714571,0.002316298248714571
5461,5,20,yes,4,0.026444137875337836,0.026444137875337836
3692,5,17,no,8,-0.02237637465774535,0.02237637465774535
3693,5,17,no,1,0.0025900635645267206,0.0025900635645267206
5462,5,20,no,10,-0.06713127593948565,0.06713127593948565
6408,5,21,yes,1,-0.003334478476924113,0.003334478476924113
3694,5,17,no,1,0.002647472861640701,0.002647472861640701
3952,5,18,yes,1,0.0008886702091033122,0.0008886702091033122
3695,5,17,yes,8,0.023349648187387592,0.023349648187387592
6409,5,21,no,1,0.003334478476924113,0.003334478476924113
4155,5,19,yes,20,0.05738330175810426,0.05738330175810426
4156,5,19,yes,2,0.0071450482054075115,0.0071450482054075115
5463,5,20,yes,2,0.013673277305821574,0.013673277305821574
5464,5,20,yes,2,-0.013673277305821574,0.013673277305821574
2075,3,9,no,13,0.08880002023248679,0.08880002023248679
4157,5,19,yes,20,0.08733217450007463,0.08733217450007463
1328,3,8,no,1,0.0068248316823924515,0.0068248316823924515
2076,3,9,no,14,-0.09574134003023094,0.09574134003023094
4158,5,19,no,6,-0.02929290989964456,0.02929290989964456
4159,5,19,no,5,-0.022373466592661623,0.022373466592661623
5465,5,20,yes,10,0.06713127593948565,0.06713127593948565
3696,5,17,yes,8,0.02749789535010838,0.02749789535010838
2077,3,9,yes,11,0.075626208514054,0.075626208514054
2078,3,9,no,1,-0.006770152846514388,0.006770152846514388
4160,5,19,yes,1,0.004326632768974686,0.004326632768974686
5466,5,20,no,1,-0.006549739658341158,0.006549739658341158
6410,5,21,yes,9,0.03310918573672564,0.03310918573672564
5467,5,20,no,15,0.09275123348592218,0.09275123348592218
5468,5,20,no,1,-0.0057680800157665635,0.0057680800157665635
4161,5,19,no,1,-0.004326632768974686,0.004326632768974686
5469,5,20,no,4,-0.023714045838276077,0.023714045838276077
2079,3,9,yes,1,-0.0067987210476098126,0.0067987210476098126
4162,5,19,yes,11,0.05166637649230618,0.05166637649230618
5470,5,20,yes,5,-0.030984479311648272,0.030984479311648272
4163,5,19,no,1,-0.005066392393269115,0.005066392393269115
4164,5,19,no,1,-0.004993035387778344,0.004993035387778344
5471,5,20,yes,5,-0.03228462832023127,0.03228462832023127
4165,5,19,no,10,-0.04585991086296337,0.04585991086296337
1329,3,8,no,1,-0.0068248316823924515,0.0068248316823924515
3697,5,17,no,1,-0.0036768586438181428,0.0036768586438181428
4166,5,19,yes,11,0.050852946250741715,0.050852946250741715
3698,5,17,no,6,-0.020618650771403096,0.020618650771403096
4167,5,19,no,5,-0.024226517506375445,0.024226517506375445
4168,5,19,yes,16,-0.06518431280583759,0.06518431280583759
2692,3,10,yes,1,0.0024778905067137647,0.0024778905067137647
5472,5,20,no,14,-0.09508830617077046,0.09508830617077046
4169,5,19,no,6,-0.01981346043917026,0.01981346043917026
4170,5,19,yes,1,0.003137471938287534,0.003137471938287534
2080,3,9,no,1,0.0067987210476098126,0.0067987210476098126
5473,5,20,yes,10,0.06848809071868356,0.06848809071868356
3699,5,17,yes,9,0.03186081208856484,0.03186081208856484
2081,3,9,no,11,-0.07580005361580033,0.07580005361580033
5474,5,20,yes,5,0.033149955110428064,0.033149955110428064
5475,5,20,yes,3,0.019374713886876505,0.019374713886876505
2082,3,9,yes,7,0.04845852797327699,0.04845852797327699
618,3,7,yes,1,0.006082521453160905,0.006082521453160905
3700,5,17,no,6,-0.021856657088381498,0.021856657088381498
6411,5,21,yes,1,-0.003961402534739644,0.003961402534739644
3701,5,17,no,13,-0.039203661984098775,0.039203661984098775
4171,5,19,no,2,-0.006210809955809665,0.006210809955809665
5476,5,20,yes,9,-0.059263838626416376,0.059263838626416376
3702,5,17,yes,9,0.025997121049028293,0.025997121049028293
3703,5,17,no,1,-0.003137471938287534,0.003137471938287534
4172,5,19,yes,1,0.0030733380175221314,0.0030733380175221314
5477,5,20,no,8,-0.05482097140780151,0.05482097140780151
5478,5,20,yes,1,0.006917278298890772,0.006917278298890772
5479,5,20,yes,2,0.013792014619873005,0.013792014619873005
5480,5,20,yes,1,0.006869527289091959,0.006869527289091959
3082,3,11,no,1,0.006254119513938505,0.006254119513938505
6412,5,21,no,1,-0.003889511089587072,0.003889511089587072
5481,5,20,yes,1,-0.006869527289091959,0.006869527289091959
5482,5,20,yes,6,0.04085084811814954,0.04085084811814954
3704,5,17,no,4,0.012942397849340592,0.012942397849340592
4173,5,19,no,1,0.003137471938287534,0.003137471938287534
3705,5,17,no,11,-0.03315457409844065,0.03315457409844065
4174,5,19,yes,18,0.06821398912292578,0.06821398912292578
2083,3,9,no,11,0.0740008032285776,0.0740008032285776
2084,3,9,no,1,-0.006549739658341158,0.006549739658341158
3706,5,17,yes,10,0.029820095621516537,0.029820095621516537
4175,5,19,yes,1,-0.004400521639892407,0.004400521639892407
4176,5,19,no,6,-0.024860758369994324,0.024860758369994324
2085,3,9,no,1,-0.006592049699952862,0.006592049699952862
4177,5,19,no,12,-0.042090181051326586,0.042090181051326586
2086,3,9,no,1,-0.006632203865068909,0.006632203865068909
6413,5,21,yes,11,0.04679710328326833,0.04679710328326833
6414,5,21,yes,1,-0.004622983511482132,0.004622983511482132
2087,3,9,no,1,-0.0066701446519749075,0.0066701446519749075
2088,3,9,no,1,-0.006705817235090228,0.006705817235090228
6415,5,21,yes,13,-0.05341628108894794,0.05341628108894794
6416,5,21,yes,1,0.0036768586438181428,0.0036768586438181428
4178,5,19,yes,2,0.006339857873174676,0.006339857873174676
4179,5,19,no,3,-0.009413195890696807,0.009413195890696807
2089,3,9,no,7,-0.047738892874626626,0.047738892874626626
2693,3,10,no,1,-0.0024778905067137647,0.0024778905067137647
619,3,7,no,1,-0.006082521453160905,0.006082521453160905
5483,5,20,no,10,0.06519287316045219,0.06519287316045219
1330,3,8,no,1,-0.0068484456234291224,0.0068484456234291224
6417,5,21,no,4,-0.014291354415037899,0.014291354415037899
6418,5,21,yes,1,0.0034694475658122448,0.0034694475658122448
1331,3,8,no,1,0.0068484456234291224,0.0068484456234291224
5484,5,20,no,1,-0.006308029388134018,0.006308029388134018
5485,5,20,no,6,-0.03887667802018413,0.03887667802018413
1332,3,8,yes,1,0.0068248316823924515,0.0068248316823924515
4180,5,19,yes,17,0.06144468251816371,0.06144468251816371
4181,5,19,yes,10,0.04585991086296337,0.04585991086296337
3083,3,11,no,1,-0.006254119513938505,0.006254119513938505
2090,3,9,yes,1,0.006888044756477085,0.006888044756477085
6419,5,21,yes,6,0.022276720612156325,0.022276720612156325
4182,5,19,no,9,-0.04160694871125872,0.04160694871125872
5486,5,20,no,2,-0.013302348517043816,0.013302348517043816
4183,5,19,no,1,-0.004252962151704648,0.004252962151704648
5487,5,20,yes,1,0.0066701446519749075,0.0066701446519749075
5488,5,20,yes,4,0.02627932697148161,0.02627932697148161
4184,5,19,yes,12,0.05591933864401083,0.05591933864401083
4185,5,19,yes,1,0.005139380401899957,0.005139380401899957
3707,5,17,no,9,-0.027114338992567516,0.027114338992567516
3708,5,17,no,1,-0.0027057566289490215,0.0027057566289490215
5489,5,20,no,3,-0.0196471231064127,0.0196471231064127
4186,5,19,no,1,-0.005139380401899957,0.005139380401899957
4187,5,19,no,1,-0.005066392393269115,0.005066392393269115
3084,3,11,no,1,0.006254119513938505,0.006254119513938505
4188,5,19,no,1,-0.004993035387778344,0.004993035387778344
3709,5,17,no,1,0.0027057566289490215,0.0027057566289490215
4189,5,19,yes,1,-0.004919375763308059,0.004919375763308059
5490,5,20,yes,7,0.04518470740831815,0.04518470740831815
3710,5,17,yes,13,0.04085783081691868,0.04085783081691868
3711,5,17,no,12,-0.038092922985058175,0.038092922985058175
4190,5,19,no,1,-0.004845478367507289,0.004845478367507289
4191,5,19,no,1,-0.004771406440793768,0.004771406440793768
3085,3,11,yes,1,0.0061985164077413835,0.0061985164077413835
3712,5,17,no,2,-0.0054706644608095295,0.0054706644608095295
3713,5,17,yes,1,0.0027057566289490215,0.0027057566289490215
5491,5,20,no,5,-0.03204291805002413,0.03204291805002413
5492,5,20,no,3,-0.01977399322336293,0.01977399322336293
3714,5,17,yes,1,0.002764907831860508,0.002764907831860508
2091,3,9,yes,1,0.006869527289091959,0.006869527289091959
2092,3,9,yes,1,0.0068484456234291224,0.0068484456234291224
5493,5,20,yes,9,0.05807103078732556,0.05807103078732556
4192,5,19,no,2,-0.009320205058470116,0.009320205058470116
5494,5,20,no,4,-0.025332809507456533,0.025332809507456533
4193,5,19,yes,4,-0.01775048308117949,0.01775048308117949
4194,5,19,yes,1,0.004326632768974686,0.004326632768974686
3715,5,17,no,3,0.00865817269171329,0.00865817269171329
5495,5,20,no,11,-0.07324705837256262,0.07324705837256262
2093,3,9,yes,1,0.0068248316823924515,0.0068248316823924515
3716,5,17,no,1,-0.0029474764738244563,0.0029474764738244563
5496,5,20,yes,2,0.013623552730002264,0.013623552730002264
1333,3,8,yes,3,0.020308043523236008,0.020308043523236008
4195,5,19,no,1,-0.004326632768974686,0.004326632768974686
4196,5,19,no,2,-0.008432520438509145,0.008432520438509145
3717,5,17,yes,12,0.03966618285879761,0.03966618285879761
3953,5,18,yes,3,0.002808265223587278,0.002808265223587278
1334,3,8,no,4,0.026600215452086906,0.026600215452086906
3718,5,17,no,9,-0.030635367288395915,0.030635367288395915
4197,5,19,no,1,-0.0041064676986638515,0.0041064676986638515
1335,3,8,yes,1,-0.006592049699952862,0.006592049699952862
1336,3,8,no,1,-0.006632203865068909,0.006632203865068909
2094,3,9,yes,3,0.020308043523236008,0.020308043523236008
2095,3,9,no,1,-0.0067391696291118075,0.0067391696291118075
6420,5,21,no,3,-0.011454813762930671,0.011454813762930671
2096,3,9,yes,1,0.0067391696291118075,0.0067391696291118075
2097,3,9,yes,5,-0.03398132082905758,0.03398132082905758
3719,5,17,no,8,-0.02285964911074076,0.02285964911074076
4198,5,19,yes,1,0.0041064676986638515,0.0041064676986638515
3720,5,17,no,5,-0.012393893959478666,0.012393893959478666
5497,5,20,no,3,-0.020471998353431387,0.020471998353431387
3721,5,17,no,11,-0.02276140269174702,0.02276140269174702
3722,5,17,yes,1,0.0018353517880112385,0.0018353517880112385
3723,5,17,no,1,-0.0018353517880112385,0.0018353517880112385
4199,5,19,yes,1,0.004179558286804497,0.004179558286804497
3724,5,17,no,12,-0.01888299871523655,0.01888299871523655
5498,5,20,no,1,-0.006869527289091959,0.006869527289091959
5499,5,20,yes,1,-0.006888044756477085,0.006888044756477085
3725,5,17,yes,5,0.007201109759051645,0.007201109759051645
5500,5,20,yes,1,0.006888044756477085,0.006888044756477085
1337,3,8,yes,3,0.01977399322336293,0.01977399322336293
5501,5,20,no,10,0.06745106357023645,0.06745106357023645
1338,3,8,no,1,-0.006549739658341158,0.006549739658341158
3726,5,17,yes,11,0.019291690765751997,0.019291690765751997
1339,3,8,yes,1,-0.006592049699952862,0.006592049699952862
5502,5,20,yes,1,0.006549739658341158,0.006549739658341158
5503,5,20,no,1,-0.006549739658341158,0.006549739658341158
3727,5,17,yes,12,0.027545494841658594,0.027545494841658594
1340,3,8,yes,12,-0.08156830678904736,0.08156830678904736
3728,5,17,no,1,-0.0025900635645267206,0.0025900635645267206
4200,5,19,no,4,-0.01628116344931499,0.01628116344931499
2694,3,10,no,1,-0.002533534559738704,0.002533534559738704
3729,5,17,yes,5,-0.012120128643666517,0.012120128643666517
3730,5,17,no,1,0.002316298248714571,0.002316298248714571
1341,3,8,yes,1,0.006917278298890772,0.006917278298890772
1342,3,8,yes,1,-0.006917278298890772,0.006917278298890772
6421,5,21,yes,1,0.003747203480616801,0.003747203480616801
6422,5,21,no,1,-0.003747203480616801,0.003747203480616801
4201,5,19,yes,1,0.003961402534739644,0.003961402534739644
5504,5,20,no,7,-0.046908258975322914,0.046908258975322914
5505,5,20,yes,1,0.0067987210476098126,0.0067987210476098126
3731,5,17,no,3,0.007270295835213159,0.007270295835213159
2098,3,9,no,1,-0.006869527289091959,0.006869527289091959
3732,5,17,yes,1,-0.0024778905067136536,0.0024778905067136536
1343,3,8,yes,9,0.06156014103691332,0.06156014103691332
4202,5,19,no,12,-0.0429141116477787,0.0429141116477787
4203,5,19,yes,1,0.003202385934887142,0.003202385934887142
4204,5,19,yes,1,0.0032680614992418033,0.0032680614992418033
5506,5,20,no,4,0.02688528436269133,0.02688528436269133
5507,5,20,no,8,-0.054226810005214676,0.054226810005214676
3733,5,17,no,7,-0.01586202269547414,0.01586202269547414
3734,5,17,yes,1,0.0021133306609868174,0.0021133306609868174
2099,3,9,yes,3,0.020542804594913533,0.020542804594913533
3735,5,17,yes,1,0.0021627369816222125,0.0021627369816222125
3736,5,17,no,4,-0.008358051157814322,0.008358051157814322
1344,3,8,no,1,0.006705817235090228,0.006705817235090228
4205,5,19,no,1,-0.0032680614992418033,0.0032680614992418033
5508,5,20,yes,11,0.0740008032285776,0.0740008032285776
5509,5,20,no,11,-0.0740008032285776,0.0740008032285776
3737,5,17,yes,6,0.012835302633465356,0.012835302633465356
5510,5,20,yes,3,0.020542804594913533,0.020542804594913533
4206,5,19,yes,11,0.039711725712891555,0.039711725712891555
6423,5,21,yes,7,-0.02429550941522124,0.02429550941522124
6424,5,21,no,4,0.013473602565995585,0.013473602565995585
4207,5,19,yes,3,0.012319760914575345,0.012319760914575345
1345,3,8,no,1,-0.006705817235090228,0.006705817235090228
4208,5,19,yes,1,-0.004179558286804497,0.004179558286804497
3738,5,17,no,1,-0.0022642190665268375,0.0022642190665268375
5511,5,20,no,1,-0.0068248316823924515,0.0068248316823924515
6425,5,21,yes,1,0.0035379507575973856,0.0035379507575973856
1346,3,8,no,3,0.020008165752134044,0.020008165752134044
3739,5,17,yes,1,0.0022642190665268375,0.0022642190665268375
6426,5,21,yes,3,-0.010409013347427054,0.010409013347427054
5512,5,20,yes,1,0.0068248316823924515,0.0068248316823924515
2100,3,9,no,15,-0.10366784592159439,0.10366784592159439
2101,3,9,yes,3,-0.02066154190896513,0.02066154190896513
1347,3,8,no,5,-0.03351748822776024,0.03351748822776024
3086,3,11,yes,1,-0.0061985164077413835,0.0061985164077413835
3740,5,17,yes,9,0.022828329530643468,0.022828329530643468
2102,3,9,yes,1,0.0068695272890921255,0.0068695272890921255
2103,3,9,yes,1,0.00688804475647703,0.00688804475647703
5513,5,20,yes,1,0.0067987210476098126,0.0067987210476098126
3954,5,18,yes,4,0.004098104671220848,0.004098104671220848
4209,5,19,yes,1,-0.0041064676986638515,0.0041064676986638515
2104,3,9,yes,6,0.04157048321679985,0.04157048321679985
2105,3,9,no,1,0.006943997948260727,0.006943997948260727
3087,3,11,no,2,0.012339808956414844,0.012339808956414844
3741,5,17,yes,1,0.0028249181734272544,0.0028249181734272544
3742,5,17,yes,1,0.002885778044461579,0.002885778044461579
5514,5,20,no,1,-0.0067987210476098126,0.0067987210476098126
5515,5,20,yes,1,0.0067987210476098126,0.0067987210476098126
4210,5,19,yes,8,-0.030271858076002967,0.030271858076002967
4211,5,19,no,1,-0.0034694475658122448,0.0034694475658122448
4212,5,19,no,1,-0.0034016150240174237,0.0034016150240174237
6427,5,21,yes,1,0.0034016150240174237,0.0034016150240174237
3743,5,17,no,10,-0.02622272749981773,0.02622272749981773
1348,3,8,yes,1,0.006770152846514388,0.006770152846514388
4213,5,19,no,1,-0.003334478476924113,0.003334478476924113
3744,5,17,no,1,-0.002316298248714571,0.002316298248714571
3745,5,17,yes,1,0.002316298248714571,0.002316298248714571
5516,5,20,yes,11,-0.07580005361580033,0.07580005361580033
4214,5,19,yes,13,0.048763425128225096,0.048763425128225096
2106,3,9,yes,6,0.04151453002501626,0.04151453002501626
5517,5,20,yes,4,0.02774923505451321,0.02774923505451321
5518,5,20,no,1,0.006917278298890772,0.006917278298890772
5519,5,20,yes,1,0.00690396986339592,0.00690396986339592
4215,5,19,yes,18,0.08783270574791766,0.08783270574791766
4216,5,19,yes,3,0.016901387129485967,0.016901387129485967
5520,5,20,yes,1,0.006888044756477085,0.006888044756477085
4217,5,19,no,12,-0.06379355777774831,0.06379355777774831
3088,3,11,no,2,0.012104798943083583,0.012104798943083583
3089,3,11,yes,2,0.011858307300091742,0.011858307300091742
4218,5,19,yes,1,-0.004845478367507289,0.004845478367507289
3746,5,17,yes,1,-0.002316298248714571,0.002316298248714571
5521,5,20,no,3,0.020542804594913533,0.020542804594913533
6428,5,21,no,1,-0.0034016150240174237,0.0034016150240174237
3747,5,17,yes,1,0.002316298248714571,0.002316298248714571
3748,5,17,yes,10,0.02622272749981773,0.02622272749981773
2107,3,9,no,9,0.060859013870283585,0.060859013870283585
2108,3,9,no,1,-0.006632203865068909,0.006632203865068909
3749,5,17,no,9,-0.023853457123008043,0.023853457123008043
4219,5,19,no,2,-0.009468627987781753,0.009468627987781753
4220,5,19,yes,1,-0.004622983511482132,0.004622983511482132
4221,5,19,yes,7,-0.030289471218352487,0.030289471218352487
4222,5,19,yes,10,0.04438108271761637,0.04438108271761637
6429,5,21,yes,7,-0.021973213419742288,0.021973213419742288
4223,5,19,yes,3,0.014757889518593692,0.014757889518593692
6430,5,21,no,12,0.03966618285879761,0.03966618285879761
4224,5,19,no,1,-0.004993035387778344,0.004993035387778344
2109,3,9,no,13,-0.08880002023248679,0.08880002023248679
6431,5,21,no,6,0.023556418925441164,0.023556418925441164
3750,5,17,no,1,-0.0023692703768096873,0.0023692703768096873
5522,5,20,no,11,0.07283271252054058,0.07283271252054058
2110,3,9,yes,1,0.006935967626738093,0.006935967626738093
5523,5,20,no,1,-0.006410485830370405,0.006410485830370405
4225,5,19,no,13,-0.058179671777538716,0.058179671777538716
5524,5,20,no,1,-0.0064588943083874195,0.0064588943083874195
5525,5,20,no,9,-0.05996333238178275,0.05996333238178275
3751,5,17,no,1,-0.002316298248714571,0.002316298248714571
4226,5,19,no,1,0.004033734929106997,0.004033734929106997
4227,5,19,yes,1,0.0041064676986638515,0.0041064676986638515
5526,5,20,yes,15,-0.10366784592159439,0.10366784592159439
3090,3,11,yes,4,0.022937255679210233,0.022937255679210233
5527,5,20,yes,2,0.013845227980660957,0.013845227980660957
5528,5,20,no,17,0.11683647869925967,0.11683647869925967
5529,5,20,no,1,-0.006705817235090228,0.006705817235090228
4228,5,19,no,1,0.004179558286804497,0.004179558286804497
3091,3,11,no,1,-0.005634110153561744,0.005634110153561744
6432,5,21,no,1,-0.0041064676986638515,0.0041064676986638515
4229,5,19,yes,11,0.050852946250741715,0.050852946250741715
4230,5,19,no,1,-0.004993035387778344,0.004993035387778344
620,3,7,no,1,0.006082521453160905,0.006082521453160905
1349,3,8,yes,3,0.020115131516176943,0.020115131516176943
1350,3,8,yes,2,-0.013375961887065135,0.013375961887065135
4231,5,19,yes,10,-0.04585991086296337,0.04585991086296337
5530,5,20,no,5,0.033149955110428064,0.033149955110428064
6433,5,21,yes,2,0.008286025985468348,0.008286025985468348
5531,5,20,no,1,-0.006549739658341158,0.006549739658341158
5532,5,20,no,14,-0.09508830617077046,0.09508830617077046
6434,5,21,yes,1,-0.004179558286804497,0.004179558286804497
3752,5,17,no,1,-0.0022642190665268375,0.0022642190665268375
3092,3,11,no,2,-0.011469684477386832,0.011469684477386832
1351,3,8,no,1,-0.0067391696291118075,0.0067391696291118075
4232,5,19,no,7,-0.02773597721224566,0.02773597721224566
6435,5,21,yes,1,-0.0041064676986638515,0.0041064676986638515
4233,5,19,no,6,-0.021027447915979436,0.021027447915979436
5533,5,20,yes,6,0.0413552155130551,0.0413552155130551
6436,5,21,yes,6,-0.023126809870595455,0.023126809870595455
4234,5,19,yes,5,0.017350589272161293,0.017350589272161293
621,3,7,yes,3,0.01788058479001442,0.01788058479001442
5534,5,20,no,1,-0.0068484456234291224,0.0068484456234291224
6437,5,21,no,1,-0.003607097447810126,0.003607097447810126
3753,5,17,no,10,-0.019972934703466297,0.019972934703466297
2111,3,9,yes,1,-0.006935967626738093,0.006935967626738093
5535,5,20,no,1,0.0068484456234291224,0.0068484456234291224
3754,5,17,no,7,-0.01140204108249901,0.01140204108249901
3755,5,17,yes,1,0.0015122014532747904,0.0015122014532747904
5536,5,20,yes,2,0.013623552730002264,0.013623552730002264
1352,3,8,no,1,0.0067391696291118075,0.0067391696291118075
4235,5,19,yes,10,0.03999243077674314,0.03999243077674314
1353,3,8,yes,1,0.006705817235090228,0.006705817235090228
5537,5,20,no,11,0.07239416624794437,0.07239416624794437
5538,5,20,no,1,-0.006360174775013605,0.006360174775013605
5539,5,20,no,1,-0.006410485830370405,0.006410485830370405
5540,5,20,yes,4,-0.02610601741480012,0.02610601741480012
5541,5,20,no,12,0.07588343482175508,0.07588343482175508
5542,5,20,no,5,-0.030698727413436933,0.030698727413436933
4236,5,19,no,1,0.004400521639892407,0.004400521639892407
3756,5,17,yes,1,0.0015497472996397268,0.0015497472996397268
5543,5,20,no,6,-0.038592657708365286,0.038592657708365286
3757,5,17,yes,1,0.001588088609475631,0.001588088609475631
4237,5,19,yes,1,-0.004400521639892407,0.004400521639892407
2695,3,10,yes,1,-0.0025900635645267345,0.0025900635645267345
6438,5,21,yes,5,-0.01701155332359297,0.01701155332359297
4238,5,19,no,7,0.03236094017897598,0.03236094017897598
4239,5,19,no,11,-0.04922656108512366,0.04922656108512366
1354,3,8,yes,1,0.0066701446519749075,0.0066701446519749075
4240,5,19,no,1,0.0041064676986638515,0.0041064676986638515
4241,5,19,yes,4,0.01715967484737624,0.01715967484737624
4242,5,19,yes,1,0.004474578305496774,0.004474578305496774
4243,5,19,no,1,-0.004474578305496774,0.004474578305496774
6439,5,21,no,3,-0.009413195890696807,0.009413195890696807
2696,3,10,no,1,-0.0026474728616409093,0.0026474728616409093
6440,5,21,yes,3,0.009413195890696807,0.009413195890696807
5544,5,20,no,8,-0.053733090657715366,0.053733090657715366
4244,5,19,no,1,-0.004400521639892407,0.004400521639892407
3758,5,17,no,1,-0.001588088609475631,0.001588088609475631
3759,5,17,yes,10,0.01774194346611227,0.01774194346611227
6441,5,21,no,1,-0.003202385934887142,0.003202385934887142
3760,5,17,yes,1,0.002017172974494344,0.002017172974494344
6442,5,21,yes,1,-0.003137471938287534,0.003137471938287534
5545,5,20,no,1,-0.0068484456234291224,0.0068484456234291224
6443,5,21,yes,1,0.003137471938287534,0.003137471938287534
622,3,7,yes,1,0.005833461048261657,0.005833461048261657
6444,5,21,yes,4,-0.01216828750868923,0.01216828750868923
3761,5,17,no,9,-0.016543792918672834,0.016543792918672834
623,3,7,yes,11,-0.06746918575530836,0.06746918575530836
624,3,7,yes,11,0.06746918575530836,0.06746918575530836
6445,5,21,no,1,-0.002885778044461579,0.002885778044461579
3762,5,17,no,6,-0.009192170211589912,0.009192170211589912
3763,5,17,yes,6,0.009192170211589912,0.009192170211589912
3764,5,17,yes,11,0.0207219341203706,0.0207219341203706
5546,5,20,no,2,-0.013757572045569044,0.013757572045569044
3765,5,17,no,1,0.0021627369816222125,0.0021627369816222125
6446,5,21,yes,6,0.01825645148803795,0.01825645148803795
4245,5,19,no,1,0.004400521639892407,0.004400521639892407
6447,5,21,yes,1,-0.003202385934887142,0.003202385934887142
4246,5,19,yes,1,0.004474578305496774,0.004474578305496774
4247,5,19,no,14,-0.05601257892753983,0.05601257892753983
3766,5,17,yes,10,0.024540673174433994,0.024540673174433994
3093,3,11,yes,1,0.0057680800157665635,0.0057680800157665635
5547,5,20,yes,1,0.006888044756477085,0.006888044756477085
5548,5,20,no,2,-0.013792014619873005,0.013792014619873005
3767,5,17,yes,1,0.002764907831860508,0.002764907831860508
4248,5,19,yes,1,0.0035379507575973856,0.0035379507575973856
4249,5,19,yes,2,0.007283956091628269,0.007283956091628269
4250,5,19,no,11,-0.036718706384973154,0.036718706384973154
4251,5,19,yes,13,0.04428400905831675,0.04428400905831675
4252,5,19,yes,1,0.003889511089587072,0.003889511089587072
5549,5,20,no,1,0.00690396986339592,0.00690396986339592
5550,5,20,no,5,-0.034626485268539176,0.034626485268539176
2112,3,9,yes,1,0.006935967626738093,0.006935967626738093
1355,3,8,yes,1,-0.0066701446519749075,0.0066701446519749075
5551,5,20,yes,1,0.00694131979774415,0.00694131979774415
4253,5,19,yes,14,0.06214107431227836,0.06214107431227836
5552,5,20,no,1,-0.00694131979774415,0.00694131979774415
4254,5,19,yes,1,-0.004919375763308059,0.004919375763308059
5553,5,20,no,1,-0.006943997948260727,0.006943997948260727
1356,3,8,no,14,0.0891857833387989,0.0891857833387989
1357,3,8,yes,1,-0.006022277489922678,0.006022277489922678
1358,3,8,no,10,-0.06326910763187954,0.06326910763187954
1359,3,8,no,1,-0.006592049699952862,0.006592049699952862
5554,5,20,yes,1,0.006943997948260727,0.006943997948260727
4255,5,19,no,5,-0.023485840233586797,0.023485840233586797
4256,5,19,no,4,-0.017454694866068515,0.017454694866068515
625,3,7,yes,1,0.0057680800157665635,0.0057680800157665635
626,3,7,no,16,-0.09934328318587504,0.09934328318587504
5555,5,20,yes,1,0.00694131979774415,0.00694131979774415
4257,5,19,yes,10,0.04585991086296337,0.04585991086296337
2113,3,9,no,1,0.00692794968177024,0.00692794968177024
2114,3,9,yes,1,0.006917278298890772,0.006917278298890772
627,3,7,yes,4,0.02610601741480012,0.02610601741480012
4258,5,19,no,1,-0.004919375763308059,0.004919375763308059
5556,5,20,yes,1,0.006935967626738093,0.006935967626738093
5557,5,20,yes,1,0.00692794968177024,0.00692794968177024
4259,5,19,no,6,-0.02796041853908357,0.02796041853908357
5558,5,20,yes,1,0.006917278298890772,0.006917278298890772
1360,3,8,yes,1,0.006592049699952862,0.006592049699952862
2115,3,9,yes,9,-0.06241574840791714,0.06241574840791714
4260,5,19,yes,7,0.03287979430239163,0.03287979430239163
628,3,7,yes,1,0.006410485830370405,0.006410485830370405
2116,3,9,yes,2,0.013863917308508278,0.013863917308508278
629,3,7,yes,1,0.006360174775013605,0.006360174775013605
5559,5,20,no,1,-0.006917278298890772,0.006917278298890772
3094,3,11,no,17,0.08727939801133511,0.08727939801133511
3095,3,11,yes,4,0.017454694866068543,0.017454694866068543
4261,5,19,no,1,-0.004919375763308059,0.004919375763308059
6448,5,21,yes,3,0.009804925911053058,0.009804925911053058
630,3,7,yes,1,0.006308029388134018,0.006308029388134018
1361,3,8,yes,1,0.006549739658341158,0.006549739658341158
3096,3,11,no,2,-0.0085795949206795,0.0085795949206795
4262,5,19,yes,5,-0.023485840233586797,0.023485840233586797
631,3,7,yes,1,0.006254119513938505,0.006254119513938505
4263,5,19,no,1,-0.004474578305496774,0.004474578305496774
3097,3,11,no,2,-0.008875099945389042,0.008875099945389042
3098,3,11,no,7,-0.03339825138467323,0.03339825138467323
3099,3,11,no,6,-0.0314833930260926,0.0314833930260926
5560,5,20,no,5,0.03442726583128486,0.03442726583128486
2117,3,9,yes,5,0.03470660311874785,0.03470660311874785
3100,3,11,no,15,0.07375674435615487,0.07375674435615487
1362,3,8,yes,6,0.03829703756396263,0.03829703756396263
1363,3,8,no,8,0.04790445626361839,0.04790445626361839
1364,3,8,yes,2,-0.01160154106402822,0.01160154106402822
1365,3,8,yes,1,-0.0058976716028927845,0.0058976716028927845
1366,3,8,no,1,-0.005960635697198957,0.005960635697198957
6449,5,21,no,2,-0.0066025399761659165,0.0066025399761659165
6450,5,21,yes,6,-0.01825645148803795,0.01825645148803795
5561,5,20,no,5,-0.03442726583128486,0.03442726583128486
5562,5,20,yes,5,0.03442726583128486,0.03442726583128486
1367,3,8,yes,1,-0.006022277489922678,0.006022277489922678
1368,3,8,no,10,-0.06326910763187954,0.06326910763187954
3768,5,17,no,10,-0.025092548597170306,0.025092548597170306
3101,3,11,no,1,-0.004400521639892241,0.004400521639892241
6451,5,21,no,1,-0.0028249181734272544,0.0028249181734272544
3102,3,11,no,1,-0.004474578305496801,0.004474578305496801
4264,5,19,no,3,0.013646312183794529,0.013646312183794529
3769,5,17,no,1,-0.0022130324091241965,0.0022130324091241965
4265,5,19,no,1,-0.004622983511482132,0.004622983511482132
3103,3,11,no,1,-0.004548750366815679,0.004548750366815679
3104,3,11,no,2,-0.009320205058470199,0.009320205058470199
3770,5,17,yes,11,0.027305581006294502,0.027305581006294502
3105,3,11,yes,2,0.009320205058470199,0.009320205058470199
1369,3,8,yes,1,0.006549739658341158,0.006549739658341158
5563,5,20,no,19,0.12302447577951758,0.12302447577951758
6452,5,21,no,4,0.011668173770768397,0.011668173770768397
5564,5,20,yes,1,-0.006022277489922678,0.006022277489922678
6453,5,21,yes,4,-0.011668173770768397,0.011668173770768397
5565,5,20,yes,11,-0.0698611573318324,0.0698611573318324
3106,3,11,no,1,-0.00462298351148227,0.00462298351148227
3771,5,17,yes,10,0.031085524661648545,0.031085524661648545
3772,5,17,no,7,-0.022427351969935255,0.022427351969935255
4266,5,19,no,1,0.004622983511482132,0.004622983511482132
5566,5,20,no,11,-0.07465102849015659,0.07465102849015659
4267,5,19,no,6,-0.02662642874436627,0.02662642874436627
632,3,7,no,1,-0.006254119513938505,0.006254119513938505
4268,5,19,no,1,-0.004179558286804497,0.004179558286804497
6454,5,21,no,1,0.0028249181734272544,0.0028249181734272544
3773,5,17,no,6,-0.01677631001416352,0.01677631001416352
1370,3,8,yes,3,0.019374713886876505,0.019374713886876505
3107,3,11,yes,2,-0.009468627987781697,0.009468627987781697
4269,5,19,no,1,-0.0041064676986638515,0.0041064676986638515
3108,3,11,no,2,-0.009764854130815293,0.009764854130815293
5567,5,20,no,13,-0.08999456861577299,0.08999456861577299
5568,5,20,no,5,-0.033981320829057526,0.033981320829057526
1371,3,8,yes,1,-0.006410485830370405,0.006410485830370405
6455,5,21,yes,1,0.002885778044461579,0.002885778044461579
4270,5,19,yes,2,0.008286025985468348,0.008286025985468348
5569,5,20,no,1,0.006739169629111863,0.006739169629111863
5570,5,20,yes,3,0.02039370557651654,0.02039370557651654
5571,5,20,yes,11,0.076061818631803,0.076061818631803
3109,3,11,no,1,-0.0049930353877782885,0.0049930353877782885
2118,3,9,no,5,-0.03470660311874785,0.03470660311874785
3110,3,11,no,1,-0.005066392393269226,0.005066392393269226
633,3,7,no,2,0.012452635921679889,0.012452635921679889
3774,5,17,no,1,-0.0025900635645267206,0.0025900635645267206
1372,3,8,no,1,0.006410485830370405,0.006410485830370405
6456,5,21,yes,1,0.0029474764738244563,0.0029474764738244563
1373,3,8,no,1,-0.006410485830370405,0.006410485830370405
2119,3,9,yes,1,0.006941319797744205,0.006941319797744205
5572,5,20,yes,6,0.04144273751636407,0.04144273751636407
6457,5,21,no,1,0.003010001079055108,0.003010001079055108
5573,5,20,yes,1,0.0068484456234291224,0.0068484456234291224
6458,5,21,yes,1,0.0030733380175221314,0.0030733380175221314
1374,3,8,no,5,0.031531325915197916,0.031531325915197916
1375,3,8,no,1,-0.0061985164077413835,0.0061985164077413835
1376,3,8,yes,1,-0.006254119513938505,0.006254119513938505
634,3,7,yes,2,0.012223814001834366,0.012223814001834366
1377,3,8,no,1,-0.006308029388134018,0.006308029388134018
1378,3,8,yes,2,0.012562148902072523,0.012562148902072523
5574,5,20,no,1,-0.0068484456234291224,0.0068484456234291224
3775,5,17,yes,11,0.031789570548442156,0.031789570548442156
1379,3,8,no,7,-0.04484677722230379,0.04484677722230379
2120,3,9,yes,3,0.02082931569426555,0.02082931569426555
3776,5,17,no,5,-0.015370673443576371,0.015370673443576371
4271,5,19,yes,1,0.004252962151704648,0.004252962151704648
5575,5,20,no,1,-0.006869527289091959,0.006869527289091959
3111,3,11,no,1,-0.0051393804018998734,0.0051393804018998734
3112,3,11,no,9,-0.049443453847259344,0.049443453847259344
635,3,7,yes,3,-0.01842233040957575,0.01842233040957575
3777,5,17,no,1,-0.002885778044461579,0.002885778044461579
4272,5,19,no,4,0.01775048308117949,0.01775048308117949
2121,3,9,yes,1,0.006935967626738093,0.006935967626738093
5576,5,20,yes,9,0.060859013870283585,0.060859013870283585
3113,3,11,yes,2,0.011469684477386832,0.011469684477386832
2122,3,9,no,2,-0.013877287424482243,0.013877287424482243
5577,5,20,no,1,-0.006632203865068909,0.006632203865068909
3114,3,11,no,1,-0.005701604461620269,0.005701604461620269
636,3,7,no,1,0.0061985164077413835,0.0061985164077413835
3778,5,17,no,1,-0.0028249181734272544,0.0028249181734272544
5578,5,20,no,2,-0.013375961887065135,0.013375961887065135
5579,5,20,no,1,-0.0067391696291118075,0.0067391696291118075
5580,5,20,no,1,-0.006770152846514388,0.006770152846514388
3779,5,17,no,8,-0.020512031281928897,0.020512031281928897
3780,5,17,yes,14,0.03839101500850696,0.03839101500850696
6459,5,21,no,20,-0.05040514395239935,0.05040514395239935
3781,5,17,no,12,-0.033598609680007455,0.033598609680007455
5581,5,20,yes,1,-0.0067987210476098126,0.0067987210476098126
637,3,7,yes,1,0.00614129254867346,0.00614129254867346
6460,5,21,yes,11,0.024955431277131873,0.024955431277131873
4273,5,19,yes,3,0.014091611499263884,0.014091611499263884
4274,5,19,yes,11,-0.04841481764672337,0.04841481764672337
5582,5,20,no,1,-0.0068248316823924515,0.0068248316823924515
6461,5,21,yes,5,0.013533119060404206,0.013533119060404206
4275,5,19,yes,1,0.004033734929106997,0.004033734929106997
3115,3,11,yes,1,0.005701604461620269,0.005701604461620269
3782,5,17,no,8,-0.01792683323618509,0.01792683323618509
4276,5,19,yes,2,0.008286025985468348,0.008286025985468348
6462,5,21,no,1,-0.0028249181734272544,0.0028249181734272544
6463,5,21,yes,6,-0.015719625953429392,0.015719625953429392
3783,5,17,no,1,-0.002017172974494344,0.002017172974494344
6464,5,21,yes,5,0.012954718121568884,0.012954718121568884
5583,5,20,no,1,-0.0068484456234291224,0.0068484456234291224
6465,5,21,yes,9,0.027114338992567516,0.027114338992567516
1380,3,8,yes,1,0.006549739658341158,0.006549739658341158
3116,3,11,yes,1,0.005634110153561744,0.005634110153561744
2123,3,9,yes,2,0.013877287424482243,0.013877287424482243
5584,5,20,yes,4,0.027242151199945774,0.027242151199945774
4277,5,19,no,6,-0.02398877373162886,0.02398877373162886
1381,3,8,yes,1,-0.006549739658341158,0.006549739658341158
6466,5,21,yes,1,-0.0032680614992418033,0.0032680614992418033
5585,5,20,no,7,-0.04790369310891074,0.04790369310891074
1382,3,8,no,2,-0.01322425356502177,0.01322425356502177
3784,5,17,no,5,-0.009401851136527778,0.009401851136527778
3785,5,17,yes,11,0.022237153769993134,0.022237153769993134
3786,5,17,yes,1,0.002316298248714571,0.002316298248714571
3787,5,17,no,13,-0.02630304633429395,0.02630304633429395
5586,5,20,yes,1,0.00690396986339592,0.00690396986339592
5587,5,20,yes,6,0.04099972324551482,0.04099972324551482
3788,5,17,yes,8,0.015233428967319315,0.015233428967319315
638,3,7,no,1,-0.00614129254867346,0.00614129254867346
2697,3,10,yes,9,0.021834916545485084,0.021834916545485084
6467,5,21,yes,20,0.07865791537183317,0.07865791537183317
6468,5,21,yes,1,0.004697221546987984,0.004697221546987984
6469,5,21,yes,1,-0.004697221546987984,0.004697221546987984
3789,5,17,no,1,-0.0020648105407109485,0.0020648105407109485
6470,5,21,yes,4,0.0192334821185971,0.0192334821185971
3790,5,17,no,11,-0.019759116440606614,0.019759116440606614
4278,5,19,no,6,0.02398877373162886,0.02398877373162886
6471,5,21,no,1,-0.004919375763308059,0.004919375763308059
3791,5,17,yes,1,0.001588088609475631,0.001588088609475631
1383,3,8,yes,1,-0.0066701446519749075,0.0066701446519749075
3792,5,17,yes,3,0.005002409404522616,0.005002409404522616
6472,5,21,yes,18,-0.07596046840352924,0.07596046840352924
639,3,7,no,12,0.06952995976811638,0.06952995976811638
640,3,7,no,7,0.03596953786550894,0.03596953786550894
641,3,7,no,1,-0.0049193757633081425,0.0049193757633081425
4279,5,19,yes,9,0.04094053509965531,0.04094053509965531
5588,5,20,no,1,-0.006770152846514388,0.006770152846514388
4280,5,19,no,14,-0.06111120963855737,0.06111120963855737
2698,3,10,no,1,-0.0022130324091240716,0.0022130324091240716
642,3,7,yes,5,-0.025694716555038966,0.025694716555038966
643,3,7,no,1,-0.00535544554716183,0.00535544554716183
3793,5,17,yes,1,0.0017495943155862448,0.0017495943155862448
4281,5,19,no,1,0.003889511089587072,0.003889511089587072
644,3,7,no,1,-0.0054262663116700915,0.0054262663116700915
1384,3,8,no,1,0.0066701446519749075,0.0066701446519749075
3794,5,17,no,1,-0.0017495943155862448,0.0017495943155862448
3795,5,17,no,9,-0.013971582105115628,0.013971582105115628
645,3,7,yes,1,-0.005496366471083425,0.005496366471083425
6473,5,21,yes,7,-0.023351411196767646,0.023351411196767646
4282,5,19,yes,1,0.003961402534739644,0.003961402534739644
646,3,7,no,10,-0.05860732698536286,0.05860732698536286
6474,5,21,no,1,-0.0030733380175221314,0.0030733380175221314
6475,5,21,yes,4,0.01268125738993861,0.01268125738993861
5589,5,20,no,1,-0.0067987210476098126,0.0067987210476098126
4283,5,19,yes,7,0.02977445578064386,0.02977445578064386
2124,3,9,no,2,-0.013877287424482243,0.013877287424482243
4284,5,19,no,1,0.004548750366815624,0.004548750366815624
5590,5,20,yes,1,-0.0068248316823924515,0.0068248316823924515
3796,5,17,yes,12,0.019348577535673796,0.019348577535673796
4285,5,19,no,1,0.004622983511482132,0.004622983511482132
6476,5,21,no,1,0.003334478476924113,0.003334478476924113
4286,5,19,no,1,-0.004622983511482132,0.004622983511482132
5591,5,20,no,1,-0.0068484456234291224,0.0068484456234291224
4287,5,19,no,1,-0.004548750366815624,0.004548750366815624
1385,3,8,yes,2,0.01322425356502177,0.01322425356502177
3117,3,11,no,1,-0.005634110153561744,0.005634110153561744
4288,5,19,no,4,-0.017454694866068515,0.017454694866068515
1386,3,8,no,1,0.006549739658341158,0.006549739658341158
1387,3,8,no,1,0.00650533374811868,0.00650533374811868
3797,5,17,no,12,-0.019348577535673796,0.019348577535673796
3798,5,17,yes,5,0.0073810840911173806,0.0073810840911173806
5592,5,20,yes,1,-0.006869527289091959,0.006869527289091959
4289,5,19,yes,3,0.012980116560571742,0.012980116560571742
6477,5,21,yes,1,-0.003334478476924113,0.003334478476924113
4290,5,19,yes,1,0.004474578305496774,0.004474578305496774
647,3,7,yes,1,0.00614129254867346,0.00614129254867346
4291,5,19,no,8,0.038464643777942314,0.038464643777942314
5593,5,20,yes,3,0.020542804594913533,0.020542804594913533
4292,5,19,no,1,-0.005066392393269115,0.005066392393269115
4293,5,19,yes,6,-0.028849501017857576,0.028849501017857576
6478,5,21,yes,7,-0.021524512987279754,0.021524512987279754
3799,5,17,no,1,-0.0015497472996397268,0.0015497472996397268
4294,5,19,yes,6,-0.026183003519688636,0.026183003519688636
6479,5,21,yes,1,0.002885778044461579,0.002885778044461579
4295,5,19,no,1,0.004179558286804497,0.004179558286804497
3800,5,17,yes,1,0.0015497472996397268,0.0015497472996397268
4296,5,19,no,16,0.07691007296516425,0.07691007296516425
3801,5,17,no,1,-0.0015497472996397268,0.0015497472996397268
4297,5,19,yes,2,0.010922632782753405,0.010922632782753405
4298,5,19,no,3,-0.01627807832991529,0.01627807832991529
3802,5,17,yes,1,0.0015497472996397268,0.0015497472996397268
4299,5,19,yes,12,0.06874411276660475,0.06874411276660475
648,3,7,no,1,0.006082521453160905,0.006082521453160905
4300,5,19,yes,16,-0.0894457939338654,0.0894457939338654
6480,5,21,no,1,-0.002885778044461579,0.002885778044461579
4301,5,19,no,6,-0.028849501017857576,0.028849501017857576
1388,3,8,yes,1,0.0064588943083874195,0.0064588943083874195
3803,5,17,yes,1,0.001588088609475631,0.001588088609475631
3804,5,17,no,3,-0.004650037362390148,0.004650037362390148
1389,3,8,no,1,0.006410485830370405,0.006410485830370405
6481,5,21,yes,13,0.04255196090325919,0.04255196090325919
1390,3,8,yes,1,0.006360174775013605,0.006360174775013605
4302,5,19,yes,11,0.05490662773228011,0.05490662773228011
3805,5,17,no,1,-0.0014754412634813557,0.0014754412634813557
5594,5,20,no,1,-0.0068248316823924515,0.0068248316823924515
2699,3,10,no,20,-0.05617807325881885,0.05617807325881885
2700,3,10,no,2,-0.007007398323409686,0.007007398323409686
4303,5,19,yes,6,-0.03105016210220088,0.03105016210220088
2125,3,9,yes,1,-0.006943997948260727,0.006943997948260727
3806,5,17,no,13,-0.01617393589720347,0.01617393589720347
1391,3,8,no,1,-0.006360174775013605,0.006360174775013605
649,3,7,yes,1,0.006022277489922678,0.006022277489922678
6482,5,21,yes,1,0.003747203480616801,0.003747203480616801
6483,5,21,yes,11,-0.03745590878653485,0.03745590878653485
2701,3,10,yes,1,0.003537950757597441,0.003537950757597441
4304,5,19,no,4,-0.0192334821185971,0.0192334821185971
6484,5,21,yes,8,0.026424749214289778,0.026424749214289778
6485,5,21,yes,1,-0.0035379507575973856,0.0035379507575973856
5595,5,20,no,1,-0.0068484456234291224,0.0068484456234291224
3807,5,17,yes,1,0.0010642405575949643,0.0010642405575949643
3808,5,17,yes,1,0.0010917613765485043,0.0010917613765485043
4305,5,19,yes,13,0.0667719495178554,0.0667719495178554
1392,3,8,no,1,0.006360174775013605,0.006360174775013605
1393,3,8,yes,1,0.006308029388134018,0.006308029388134018
1394,3,8,yes,3,-0.019078689993518028,0.019078689993518028
3809,5,17,no,1,0.0011199259363911113,0.0011199259363911113
4306,5,19,no,1,-0.00556567251430401,0.00556567251430401
4307,5,19,no,1,0.00556567251430401,0.00556567251430401
4308,5,19,no,1,-0.00556567251430401,0.00556567251430401
6486,5,21,yes,1,-0.0034694475658122448,0.0034694475658122448
2702,3,10,yes,6,0.019813460439170094,0.019813460439170094
2126,3,9,no,1,0.006943997948260727,0.006943997948260727
4309,5,19,no,16,0.09659754720894831,0.09659754720894831
5596,5,20,no,1,-0.006869527289091959,0.006869527289091959
3810,5,17,yes,1,0.0011487455855182932,0.0011487455855182932
2127,3,9,yes,1,0.00694131979774415,0.00694131979774415
4310,5,19,yes,9,-0.05623631171534238,0.05623631171534238
4311,5,19,yes,5,-0.029161452825740286,0.029161452825740286
4312,5,19,yes,2,0.011469684477386777,0.011469684477386777
4313,5,19,no,8,-0.044231522257000444,0.044231522257000444
3118,3,11,no,13,0.06770883812442896,0.06770883812442896
4314,5,19,no,2,-0.010351311992158801,0.010351311992158801
3119,3,11,yes,9,-0.04558642267380986,0.04558642267380986
4315,5,19,yes,1,0.005139380401899957,0.005139380401899957
4316,5,19,yes,1,-0.005139380401899957,0.005139380401899957
3811,5,17,yes,1,0.0011782316625165642,0.0011782316625165642
5597,5,20,yes,14,0.09337551711545411,0.09337551711545411
4317,5,19,yes,7,0.037479039618210835,0.037479039618210835
4318,5,19,no,1,-0.00556567251430401,0.00556567251430401
6487,5,21,no,1,-0.0034016150240174237,0.0034016150240174237
4319,5,19,yes,1,0.00556567251430401,0.00556567251430401
5598,5,20,no,1,-0.006410485830370405,0.006410485830370405
3120,3,11,yes,1,0.00535544554716183,0.00535544554716183
5599,5,20,no,1,0.006410485830370405,0.006410485830370405
5600,5,20,no,1,-0.006410485830370405,0.006410485830370405
2703,3,10,yes,1,0.003073338017522187,0.003073338017522187
3812,5,17,no,6,-0.0066402572536180815,0.0066402572536180815
4320,5,19,no,8,-0.04254543201147995,0.04254543201147995
650,3,7,yes,7,-0.043366931576584555,0.043366931576584555
3813,5,17,yes,13,0.015771831358991857,0.015771831358991857
3814,5,17,no,1,0.0014394566732602587,0.0014394566732602587
4321,5,19,no,2,-0.009912411151086403,0.009912411151086403
3121,3,11,yes,4,0.020701681167260677,0.020701681167260677
5601,5,20,no,1,-0.0064588943083874195,0.0064588943083874195
3122,3,11,no,4,-0.020701681167260677,0.020701681167260677
4322,5,19,yes,1,0.004919375763308059,0.004919375763308059
4323,5,19,yes,5,0.025694716555038993,0.025694716555038993
4324,5,19,no,1,-0.005283976781832733,0.005283976781832733
5602,5,20,yes,2,-0.013055073406459838,0.013055073406459838
3123,3,11,no,7,-0.038947545475167766,0.038947545475167766
2128,3,9,yes,1,0.006935967626738093,0.006935967626738093
4325,5,19,no,10,0.055962654908154885,0.055962654908154885
4326,5,19,no,2,-0.011731132651154441,0.011731132651154441
6488,5,21,no,1,-0.003334478476924113,0.003334478476924113
4327,5,19,no,1,-0.0057680800157664525,0.0057680800157664525
4328,5,19,no,13,-0.0686390361452556,0.0686390361452556
2129,3,9,no,11,0.07519390795377379,0.07519390795377379
651,3,7,yes,5,0.03126213263350097,0.03126213263350097
3815,5,17,yes,11,0.01838439238885578,0.01838439238885578
6489,5,21,yes,1,-0.0032680614992418033,0.0032680614992418033
5603,5,20,no,1,-0.006592049699952862,0.006592049699952862
652,3,7,yes,3,-0.01859392847035335,0.01859392847035335
2130,3,9,yes,4,-0.027013860758326236,0.027013860758326236
3124,3,11,no,10,0.05458283424915922,0.05458283424915922
6490,5,21,yes,1,-0.003202385934887142,0.003202385934887142
2131,3,9,no,5,-0.03433481921478654,0.03433481921478654
3125,3,11,no,1,-0.0051393804018998734,0.0051393804018998734
1395,3,8,no,1,0.006410485830370405,0.006410485830370405
3816,5,17,no,13,-0.021228086463577288,0.021228086463577288
3817,5,17,no,14,-0.016364105936107848,0.016364105936107848
3818,5,17,yes,1,0.0009854271973470732,0.0009854271973470732
5604,5,20,no,6,-0.04031620927537005,0.04031620927537005
1396,3,8,no,4,0.02512084008482751,0.02512084008482751
2132,3,9,no,1,0.00690396986339592,0.00690396986339592
1397,3,8,no,1,-0.0061985164077413835,0.0061985164077413835
2704,3,10,yes,1,-0.003073338017522187,0.003073338017522187
3819,5,17,yes,1,0.0010110847812301663,0.0010110847812301663
4329,5,19,yes,5,0.024963662313762763,0.024963662313762763
4330,5,19,no,15,0.08538131368736979,0.08538131368736979
4331,5,19,yes,1,0.006198516407741439,0.006198516407741439
3126,3,11,no,1,-0.0052119315902589,0.0052119315902589
3820,5,17,yes,10,0.011661768274573624,0.011661768274573624
3127,3,11,yes,4,-0.021562055111748024,0.021562055111748024
1398,3,8,yes,6,-0.03829703756396263,0.03829703756396263
2133,3,9,yes,8,0.054444710109716854,0.054444710109716854
4332,5,19,no,10,-0.05924017087880035,0.05924017087880035
6491,5,21,no,1,-0.003137471938287534,0.003137471938287534
2134,3,9,no,1,-0.006705817235090228,0.006705817235090228
3821,5,17,no,11,-0.01267285305580379,0.01267285305580379
6492,5,21,no,1,-0.0030733380175221314,0.0030733380175221314
4333,5,19,yes,1,0.005634110153561633,0.005634110153561633
4334,5,19,yes,9,-0.04817954216504158,0.04817954216504158
1399,3,8,no,2,0.0129642280565061,0.0129642280565061
2135,3,9,no,1,-0.0067391696291118075,0.0067391696291118075
3822,5,17,yes,1,0.0010110847812301663,0.0010110847812301663
3128,3,11,yes,2,0.010922632782753516,0.010922632782753516
5605,5,20,no,1,-0.0068248316823924515,0.0068248316823924515
1400,3,8,yes,1,0.006410485830370405,0.006410485830370405
2136,3,9,no,1,-0.006770152846514388,0.006770152846514388
4335,5,19,no,1,0.005066392393269115,0.005066392393269115
5606,5,20,yes,11,-0.07606181863180295,0.07606181863180295
5607,5,20,yes,1,-0.006935967626738038,0.006935967626738038
5608,5,20,yes,4,0.027765283321003642,0.027765283321003642
5609,5,20,yes,11,0.075626208514054,0.075626208514054
4336,5,19,yes,18,0.10297333001094974,0.10297333001094974
4337,5,19,no,2,-0.01245263592168,0.01245263592168
2137,3,9,no,13,-0.08968537136180521,0.08968537136180521
4338,5,19,no,9,-0.05304165447105891,0.05304165447105891
3129,3,11,yes,1,0.00535544554716183,0.00535544554716183
1401,3,8,no,5,0.03126213263350097,0.03126213263350097
4339,5,19,yes,1,-0.00556567251430401,0.00556567251430401
2705,3,10,no,2,0.006083339096577323,0.006083339096577323
1402,3,8,no,1,-0.00614129254867346,0.00614129254867346
4340,5,19,yes,11,-0.0565090554565634,0.0565090554565634
653,3,7,yes,4,-0.025537584301905447,0.025537584301905447
1403,3,8,yes,2,0.012223814001834366,0.012223814001834366
1404,3,8,no,1,-0.006082521453160905,0.006082521453160905
654,3,7,yes,3,0.01922955491377143,0.01922955491377143
5610,5,20,yes,1,0.0067391696291118075,0.0067391696291118075
1405,3,8,yes,1,-0.00614129254867346,0.00614129254867346
655,3,7,yes,7,0.04296739249876991,0.04296739249876991
4341,5,19,no,1,-0.004697221546987984,0.004697221546987984
1406,3,8,no,1,-0.0061985164077413835,0.0061985164077413835
6493,5,21,yes,1,0.0030733380175221314,0.0030733380175221314
3130,3,11,no,4,0.020701681167260677,0.020701681167260677
1407,3,8,yes,2,0.012339808956414844,0.012339808956414844
3823,5,17,yes,9,0.010358702439065101,0.010358702439065101
5611,5,20,yes,15,0.09589160057388912,0.09589160057388912
2706,3,10,no,1,-0.0030100010790551357,0.0030100010790551357
5612,5,20,no,7,-0.043366931576584555,0.043366931576584555
6494,5,21,yes,1,-0.0030733380175221314,0.0030733380175221314
6495,5,21,yes,1,-0.003010001079055108,0.003010001079055108
5613,5,20,yes,1,-0.006410485830370405,0.006410485830370405
5614,5,20,yes,1,0.006410485830370405,0.006410485830370405
6496,5,21,yes,5,-0.014128837152522819,0.014128837152522819
6497,5,21,yes,1,0.0027057566289490215,0.0027057566289490215
2138,3,9,yes,1,-0.006935967626738038,0.006935967626738038
5615,5,20,no,2,-0.012869380138757824,0.012869380138757824
5616,5,20,yes,7,-0.04639445848765855,0.04639445848765855
6498,5,21,no,1,-0.0027057566289490215,0.0027057566289490215
6499,5,21,yes,1,-0.002647472861640701,0.002647472861640701
4342,5,19,yes,8,0.03964422189180336,0.03964422189180336
2707,3,10,no,1,-0.003073338017522187,0.003073338017522187
4343,5,19,no,1,-0.005211931590258845,0.005211931590258845
4344,5,19,no,8,-0.03905527381302665,0.03905527381302665
4345,5,19,yes,1,0.004622983511482132,0.004622983511482132
1408,3,8,no,15,0.0843794015405962,0.0843794015405962
1409,3,8,no,1,-0.0051393804018998734,0.0051393804018998734
656,3,7,yes,1,0.0058976716028927845,0.0058976716028927845
1410,3,8,yes,7,-0.03797376936987251,0.03797376936987251
1411,3,8,yes,9,-0.05360606072523866,0.05360606072523866
3824,5,17,no,8,-0.009321350304016457,0.009321350304016457
657,3,7,no,5,0.028502928193514077,0.028502928193514077
5617,5,20,yes,1,-0.006770152846514388,0.006770152846514388
3825,5,17,no,1,0.0010642405575949643,0.0010642405575949643
4346,5,19,no,1,-0.004622983511482132,0.004622983511482132
658,3,7,yes,5,0.026773986702006924,0.026773986702006924
659,3,7,no,1,-0.0052119315902589,0.0052119315902589
660,3,7,no,1,-0.005283976781832678,0.005283976781832678
1412,3,8,no,1,0.0061985164077413835,0.0061985164077413835
661,3,7,no,1,-0.00535544554716183,0.00535544554716183
2139,3,9,yes,2,0.013877287424482243,0.013877287424482243
2708,3,10,yes,1,0.003073338017522187,0.003073338017522187
2140,3,9,yes,12,0.082744051564061,0.082744051564061
662,3,7,no,7,-0.03942556097626759,0.03942556097626759
5618,5,20,yes,1,0.006770152846514388,0.006770152846514388
2141,3,9,no,9,-0.061914735869795456,0.061914735869795456
3826,5,17,yes,9,0.010896228297313008,0.010896228297313008
4347,5,19,yes,6,-0.026183003519688636,0.026183003519688636
6500,5,21,no,1,-0.0025900635645267206,0.0025900635645267206
2142,3,9,yes,6,-0.04163455280051803,0.04163455280051803
2143,3,9,yes,1,0.00692794968177024,0.00692794968177024
6501,5,21,no,11,0.031789570548442156,0.031789570548442156
3131,3,11,yes,1,0.0049930353877782885,0.0049930353877782885
3132,3,11,no,7,-0.03647642841387089,0.03647642841387089
6502,5,21,no,6,0.020618650771403096,0.020618650771403096
4348,5,19,no,12,0.05503250453754621,0.05503250453754621
5619,5,20,no,12,-0.08257020646231472,0.08257020646231472
4349,5,19,yes,1,-0.004993035387778344,0.004993035387778344
5620,5,20,yes,1,0.006943997948260727,0.006943997948260727
1413,3,8,no,8,0.047407544317497274,0.047407544317497274
3133,3,11,no,4,0.0212776202309235,0.0212776202309235
1414,3,8,yes,10,-0.05986018023917716,0.05986018023917716
5621,5,20,yes,1,0.00694131979774415,0.00694131979774415
4350,5,19,yes,3,-0.014536260571609116,0.014536260571609116
3827,5,17,no,1,-0.0013360527153829932,0.0013360527153829932
1415,3,8,yes,1,-0.006308029388134018,0.006308029388134018
4351,5,19,no,1,0.004771406440793768,0.004771406440793768
5622,5,20,yes,1,0.006935967626738093,0.006935967626738093
2144,3,9,yes,1,0.006935967626738038,0.006935967626738038
5623,5,20,yes,1,0.00692794968177024,0.00692794968177024
1416,3,8,yes,1,0.006308029388134018,0.006308029388134018
2145,3,9,no,6,-0.041442737516364125,0.041442737516364125
4352,5,19,yes,1,0.004845478367507289,0.004845478367507289
5624,5,20,no,1,0.006917278298890772,0.006917278298890772
3828,5,17,no,5,-0.0061997426834721064,0.0061997426834721064
3134,3,11,no,3,0.015198808182947388,0.015198808182947388
2146,3,9,yes,4,0.027578820207855848,0.027578820207855848
6503,5,21,yes,1,-0.003607097447810126,0.003607097447810126
6504,5,21,yes,1,-0.0035379507575973856,0.0035379507575973856
3829,5,17,yes,10,0.013224703704631954,0.013224703704631954
6505,5,21,yes,6,-0.01981346043917026,0.01981346043917026
3830,5,17,no,1,-0.0014754412634813557,0.0014754412634813557
5625,5,20,yes,1,0.00690396986339592,0.00690396986339592
4353,5,19,yes,4,-0.018937089866771173,0.018937089866771173
3135,3,11,no,7,0.03287979430239174,0.03287979430239174
3136,3,11,yes,10,-0.04807860248533913,0.04807860248533913
5626,5,20,yes,1,-0.00690396986339592,0.00690396986339592
4354,5,19,yes,7,0.03391589341112669,0.03391589341112669
5627,5,20,yes,4,0.027509987532394087,0.027509987532394087
4355,5,19,yes,6,-0.02929290989964456,0.02929290989964456
663,3,7,no,2,-0.011858307300091742,0.011858307300091742
6506,5,21,yes,1,0.003137471938287534,0.003137471938287534
2147,3,9,no,3,-0.020709292918763722,0.020709292918763722
4356,5,19,yes,7,0.034432290301544516,0.034432290301544516
5628,5,20,no,11,-0.07606181863180295,0.07606181863180295
2148,3,9,yes,3,0.020709292918763722,0.020709292918763722
4357,5,19,no,1,0.005211931590258845,0.005211931590258845
5629,5,20,yes,2,0.013885317746004877,0.013885317746004877
5630,5,20,yes,1,0.006943997948260727,0.006943997948260727
5631,5,20,no,9,0.062057334619929794,0.062057334619929794
4358,5,19,no,1,-0.005211931590258845,0.005211931590258845
1417,3,8,yes,1,0.006254119513938505,0.006254119513938505
1418,3,8,yes,1,0.0061985164077413835,0.0061985164077413835
4359,5,19,no,16,0.09157983009511123,0.09157983009511123
4360,5,19,no,1,-0.006198516407741439,0.006198516407741439
1419,3,8,yes,1,0.00614129254867346,0.00614129254867346
5632,5,20,no,8,-0.055116014822185644,0.055116014822185644
1420,3,8,yes,2,0.012104798943083583,0.012104798943083583
4361,5,19,no,1,-0.00614129254867346,0.00614129254867346
3831,5,17,no,3,-0.004213467042295499,0.004213467042295499
4362,5,19,no,12,-0.06874411276660475,0.06874411276660475
5633,5,20,no,1,0.006935967626738093,0.006935967626738093
4363,5,19,no,4,-0.02070168116726065,0.02070168116726065
5634,5,20,yes,8,0.05497876824305736,0.05497876824305736
1421,3,8,no,5,-0.030698727413436933,0.030698727413436933
6507,5,21,yes,6,-0.017878983726578063,0.017878983726578063
664,3,7,yes,4,0.023459848364119962,0.023459848364119962
5635,5,20,yes,18,-0.12425858158907721,0.12425858158907721
6508,5,21,yes,1,-0.002764907831860508,0.002764907831860508
5636,5,20,no,1,0.00688804475647703,0.00688804475647703
2149,3,9,no,9,0.06241574840791714,0.06241574840791714
3955,5,18,yes,14,0.018097338056364654,0.018097338056364654
4364,5,19,yes,2,-0.009912411151086403,0.009912411151086403
5637,5,20,no,1,-0.00688804475647703,0.00688804475647703
5638,5,20,yes,1,0.00688804475647703,0.00688804475647703
5639,5,20,yes,1,0.006903969863395976,0.006903969863395976
5640,5,20,yes,1,0.006917278298890717,0.006917278298890717
3832,5,17,no,1,-0.0013360527153829932,0.0013360527153829932
5641,5,20,yes,1,-0.006917278298890717,0.006917278298890717
5642,5,20,yes,1,0.006917278298890717,0.006917278298890717
3833,5,17,no,1,-0.0013030658355085226,0.0013030658355085226
3137,3,11,no,4,-0.0212776202309235,0.0212776202309235
2150,3,9,no,3,-0.020781195607399106,0.020781195607399106
1422,3,8,no,8,0.04839049576179033,0.04839049576179033
3138,3,11,no,1,0.0054262663116700915,0.0054262663116700915
2151,3,9,no,2,-0.013885317746004877,0.013885317746004877
3834,5,17,no,12,-0.01331558254244622,0.01331558254244622
5643,5,20,no,2,0.013863917308508278,0.013863917308508278
1423,3,8,yes,1,0.0057680800157665635,0.0057680800157665635
665,3,7,yes,2,0.011335714615182013,0.011335714615182013
5644,5,20,yes,6,0.04163455280051809,0.04163455280051809
1424,3,8,yes,11,-0.06682677994070452,0.06682677994070452
4365,5,19,yes,1,0.004919375763308059,0.004919375763308059
4366,5,19,yes,5,0.025694716555038993,0.025694716555038993
666,3,7,no,7,0.03747903961821064,0.03747903961821064
667,3,7,no,1,-0.0051393804018998734,0.0051393804018998734
3956,5,18,no,8,-0.011111029696801104,0.011111029696801104
5645,5,20,no,9,-0.06241574840791708,0.06241574840791708
5646,5,20,no,9,0.06241574840791708,0.06241574840791708
4367,5,19,yes,5,0.027477860997780934,0.027477860997780934
668,3,7,no,7,-0.03797376936987251,0.03797376936987251
3957,5,18,no,1,-0.0012392483170125188,0.0012392483170125188
5647,5,20,no,9,-0.06241574840791708,0.06241574840791708
1425,3,8,no,1,0.006360174775013605,0.006360174775013605
4368,5,19,yes,10,0.059860180239177274,0.059860180239177274
4369,5,19,no,1,-0.006254119513938561,0.006254119513938561
3958,5,18,no,1,0.0012392483170125188,0.0012392483170125188
3959,5,18,no,7,-0.008050548917158513,0.008050548917158513
4370,5,19,no,12,-0.07030220986418773,0.07030220986418773
5648,5,20,no,7,0.04855183109940875,0.04855183109940875
3139,3,11,no,1,-0.0054262663116700915,0.0054262663116700915
5649,5,20,yes,1,0.006935967626738093,0.006935967626738093
5650,5,20,no,1,-0.006935967626738093,0.006935967626738093
5651,5,20,no,1,-0.00694131979774415,0.00694131979774415
3835,5,17,yes,1,0.0009603681248038787,0.0009603681248038787
4371,5,19,yes,1,0.005496366471083369,0.005496366471083369
4372,5,19,no,1,0.00556567251430401,0.00556567251430401
5652,5,20,yes,4,0.027722515405143255,0.027722515405143255
4373,5,19,no,1,-0.00556567251430401,0.00556567251430401
6509,5,21,no,1,-0.0027057566289490215,0.0027057566289490215
5653,5,20,yes,2,0.013792014619873005,0.013792014619873005
4374,5,19,no,1,-0.005496366471083369,0.005496366471083369
6510,5,21,yes,9,0.026552034122274734,0.026552034122274734
4375,5,19,yes,1,-0.005426266311670036,0.005426266311670036
1426,3,8,yes,1,-0.006360174775013605,0.006360174775013605
5654,5,20,yes,19,0.12463764974895508,0.12463764974895508
1427,3,8,no,1,0.006360174775013605,0.006360174775013605
1428,3,8,yes,17,-0.11352770651034072,0.11352770651034072
5655,5,20,no,2,-0.012339808956414844,0.012339808956414844
4376,5,19,no,7,-0.03596953786550894,0.03596953786550894
5656,5,20,no,6,-0.03829703756396263,0.03829703756396263
1429,3,8,yes,11,0.07465102849015659,0.07465102849015659
5657,5,20,yes,3,-0.01977399322336293,0.01977399322336293
1430,3,8,no,1,0.006592049699952862,0.006592049699952862
3140,3,11,no,1,-0.005496366471083425,0.005496366471083425
669,3,7,no,1,-0.005701604461620269,0.005701604461620269
5658,5,20,no,1,-0.0066701446519749075,0.0066701446519749075
2709,3,10,no,10,-0.03370870530591796,0.03370870530591796
5659,5,20,yes,9,-0.061348679973112774,0.061348679973112774
6511,5,21,yes,12,-0.03432310510818094,0.03432310510818094
2152,3,9,yes,5,-0.03466651335340387,0.03466651335340387
2710,3,10,yes,3,0.010821906849225682,0.010821906849225682
5660,5,20,no,10,-0.06933302670680785,0.06933302670680785
5661,5,20,no,1,0.006917278298890717,0.006917278298890717
3141,3,11,no,18,0.0878327057479178,0.0878327057479178
6512,5,21,no,14,0.04092564508434686,0.04092564508434686
3142,3,11,no,1,-0.004252962151704676,0.004252962151704676
2153,3,9,yes,6,0.0416105113016646,0.0416105113016646
1431,3,8,yes,6,0.038592657708365286,0.038592657708365286
3143,3,11,no,1,-0.004326632768974825,0.004326632768974825
5662,5,20,yes,1,0.00692794968177024,0.00692794968177024
5663,5,20,yes,6,0.041642570745485885,0.041642570745485885
1432,3,8,yes,12,0.07105996290704275,0.07105996290704275
5664,5,20,yes,1,0.00692794968177024,0.00692794968177024
3144,3,11,no,3,-0.013423850312204721,0.013423850312204721
2154,3,9,yes,8,-0.055402525921537604,0.055402525921537604
1433,3,8,no,5,-0.028502928193514077,0.028502928193514077
1434,3,8,no,1,-0.0058976716028927845,0.0058976716028927845
6513,5,21,no,1,-0.003334478476924113,0.003334478476924113
4377,5,19,yes,1,-0.004845478367507289,0.004845478367507289
1435,3,8,no,1,-0.005960635697198957,0.005960635697198957
5665,5,20,yes,11,0.07493610292397845,0.07493610292397845
4378,5,19,no,9,0.04624128254468626,0.04624128254468626
5666,5,20,yes,5,-0.03368400541030114,0.03368400541030114
5667,5,20,no,9,-0.062057334619929794,0.062057334619929794
6514,5,21,no,1,-0.0032680614992418033,0.0032680614992418033
3145,3,11,no,5,-0.02385646563007926,0.02385646563007926
2155,3,9,no,1,-0.0068695272890921255,0.0068695272890921255
2156,3,9,yes,1,0.0068695272890921255,0.0068695272890921255
1436,3,8,no,3,-0.018246091491757044,0.018246091491757044
4379,5,19,no,1,-0.005426266311670036,0.005426266311670036
4380,5,19,no,5,-0.026057126714422535,0.026057126714422535
6515,5,21,yes,6,0.020618650771403096,0.020618650771403096
6516,5,21,no,20,-0.05984278133798751,0.05984278133798751
5668,5,20,yes,1,0.00694131979774415,0.00694131979774415
6517,5,21,yes,4,0.010024623582668979,0.010024623582668979
4381,5,19,yes,1,0.005066392393269115,0.005066392393269115
670,3,7,no,1,-0.0057680800157665635,0.0057680800157665635
2157,3,9,yes,1,0.00688804475647703,0.00688804475647703
4382,5,19,yes,1,0.005139380401899957,0.005139380401899957
671,3,7,no,7,0.038947545475167766,0.038947545475167766
2158,3,9,yes,1,0.006903969863395976,0.006903969863395976
5669,5,20,yes,1,0.006935967626738093,0.006935967626738093
672,3,7,no,1,-0.00535544554716183,0.00535544554716183
673,3,7,no,1,0.00535544554716183,0.00535544554716183
5670,5,20,yes,1,0.00692794968177024,0.00692794968177024
4383,5,19,no,9,-0.04360402417984227,0.04360402417984227
4384,5,19,no,10,0.048815955770101116,0.048815955770101116
674,3,7,no,1,-0.00535544554716183,0.00535544554716183
4385,5,19,yes,1,0.005283976781832733,0.005283976781832733
4386,5,19,yes,1,0.005355445547161886,0.005355445547161886
675,3,7,no,12,-0.06952995976811638,0.06952995976811638
5671,5,20,yes,1,0.006917278298890772,0.006917278298890772
6518,5,21,yes,1,0.002647472861640701,0.002647472861640701
4387,5,19,no,9,-0.045586422673809995,0.045586422673809995
6519,5,21,no,1,-0.002647472861640701,0.002647472861640701
5672,5,20,no,4,-0.027722515405143255,0.027722515405143255
3146,3,11,yes,1,0.0049193757633081425,0.0049193757633081425
6520,5,21,yes,1,0.002647472861640701,0.002647472861640701
1437,3,8,yes,1,-0.0061985164077413835,0.0061985164077413835
5673,5,20,no,10,0.0688560556675396,0.0688560556675396
676,3,7,yes,1,0.00614129254867346,0.00614129254867346
6521,5,21,yes,20,-0.04305239221475511,0.04305239221475511
1438,3,8,no,8,-0.05143882692225665,0.05143882692225665
4388,5,19,yes,17,0.09090965525297026,0.09090965525297026
1439,3,8,yes,1,0.006592049699952862,0.006592049699952862
6522,5,21,yes,14,0.028011025393635744,0.028011025393635744
4389,5,19,no,5,-0.02883492728210285,0.02883492728210285
677,3,7,no,1,0.006082521453160905,0.006082521453160905
5674,5,20,no,6,-0.04113354026239635,0.04113354026239635
6523,5,21,no,1,-0.002316298248714571,0.002316298248714571
4390,5,19,yes,15,0.0910318746946443,0.0910318746946443
4391,5,19,no,1,-0.0064588943083875305,0.0064588943083875305
6524,5,21,yes,5,0.012120128643666517,0.012120128643666517
4392,5,19,no,2,-0.012770660605383954,0.012770660605383954
1440,3,8,yes,1,0.006549739658341158,0.006549739658341158
4393,5,19,no,12,-0.07180231978087281,0.07180231978087281
3147,3,11,yes,1,-0.0049193757633081425,0.0049193757633081425
1441,3,8,no,1,-0.006549739658341158,0.006549739658341158
4394,5,19,no,1,-0.00556567251430401,0.00556567251430401
4395,5,19,yes,4,0.02266946714525242,0.02266946714525242
4396,5,19,no,1,-0.0057680800157664525,0.0057680800157664525
3836,5,17,yes,4,0.004098104671220848,0.004098104671220848
3148,3,11,yes,4,0.01923348211859699,0.01923348211859699
2159,3,9,no,4,-0.027509987532394253,0.027509987532394253
2160,3,9,yes,5,0.03442726583128497,0.03442726583128497
4397,5,19,no,1,-0.005701604461620324,0.005701604461620324
4398,5,19,no,7,-0.03797376936987251,0.03797376936987251
1442,3,8,yes,4,0.025924453545217663,0.025924453545217663
4399,5,19,yes,1,0.005211931590258845,0.005211931590258845
4400,5,19,yes,9,0.05006498330526227,0.05006498330526227
4401,5,19,no,6,-0.03399929466459761,0.03399929466459761
3149,3,11,no,1,-0.004697221546987929,0.004697221546987929
5675,5,20,yes,1,0.00690396986339592,0.00690396986339592
1443,3,8,yes,3,0.018922323677086128,0.018922323677086128
2161,3,9,no,4,0.027749235054513155,0.027749235054513155
4402,5,19,yes,4,0.022397753600569337,0.022397753600569337
1444,3,8,no,6,0.03630291519959017,0.03630291519959017
4403,5,19,no,1,-0.005701604461620324,0.005701604461620324
4404,5,19,no,3,-0.016696149138949012,0.016696149138949012
6525,5,21,yes,1,-0.002533534559738787,0.002533534559738787
678,3,7,no,1,0.006022277489922678,0.006022277489922678
5676,5,20,no,1,-0.00690396986339592,0.00690396986339592
4405,5,19,yes,1,0.005496366471083369,0.005496366471083369
4406,5,19,no,4,0.02266946714525242,0.02266946714525242
6526,5,21,yes,2,-0.004901025458403471,0.004901025458403471
1445,3,8,yes,1,0.005833461048261657,0.005833461048261657
1446,3,8,yes,1,-0.005833461048261657,0.005833461048261657
3960,5,18,yes,19,0.025593844868255798,0.025593844868255798
2162,3,9,yes,4,0.02774923505451321,0.02774923505451321
3150,3,11,no,1,0.004697221546987929,0.004697221546987929
2163,3,9,no,12,-0.08307729031688221,0.08307729031688221
2164,3,9,yes,1,0.0068695272890921255,0.0068695272890921255
1447,3,8,no,1,-0.0058976716028927845,0.0058976716028927845
2711,3,10,no,18,-0.0746529407936195,0.0746529407936195
2712,3,10,yes,1,0.004771406440793768,0.004771406440793768
3151,3,11,no,14,-0.07240605967141689,0.07240605967141689
1448,3,8,yes,7,-0.04296739249876991,0.04296739249876991
3152,3,11,yes,2,0.011199782667865588,0.011199782667865588
3961,5,18,no,13,-0.018782544268109803,0.018782544268109803
2713,3,10,yes,1,0.004697221546987929,0.004697221546987929
4407,5,19,yes,1,-0.0057680800157664525,0.0057680800157664525
2714,3,10,yes,5,0.022373466592661817,0.022373466592661817
5677,5,20,yes,3,0.020661541908964964,0.020661541908964964
2715,3,10,yes,5,0.020534125601019637,0.020534125601019637
4408,5,19,no,2,-0.011335714615181958,0.011335714615181958
4409,5,19,yes,1,0.005634110153561633,0.005634110153561633
5678,5,20,no,2,0.013673277305821574,0.013673277305821574
5679,5,20,no,1,-0.0068248316823924515,0.0068248316823924515
679,3,7,no,1,-0.006022277489922678,0.006022277489922678
3962,5,18,yes,5,0.006518941222335969,0.006518941222335969
2165,3,9,yes,2,0.013792014619873005,0.013792014619873005
2716,3,10,yes,1,0.0038895110895871277,0.0038895110895871277
3153,3,11,yes,3,0.016278078329915346,0.016278078329915346
3154,3,11,yes,1,0.005283976781832678,0.005283976781832678
3963,5,18,yes,4,0.005831336791477654,0.005831336791477654
1449,3,8,yes,2,0.012562148902072523,0.012562148902072523
4410,5,19,no,1,-0.005634110153561633,0.005634110153561633
2717,3,10,yes,4,0.014849258764971784,0.014849258764971784
5680,5,20,yes,1,-0.0068484456234291224,0.0068484456234291224
6527,5,21,yes,1,-0.0023692703768096873,0.0023692703768096873
3155,3,11,no,1,-0.005283976781832678,0.005283976781832678
4411,5,19,yes,1,0.005634110153561633,0.005634110153561633
6528,5,21,yes,5,-0.011069617366974635,0.011069617366974635
2166,3,9,no,4,-0.027509987532394253,0.027509987532394253
5681,5,20,no,1,-0.006869527289091959,0.006869527289091959
2718,3,10,no,6,-0.022700172389298556,0.022700172389298556
3964,5,18,no,4,-0.005831336791477654,0.005831336791477654
2167,3,9,no,14,0.09684301423920211,0.09684301423920211
2168,3,9,no,11,-0.07623699657020383,0.07623699657020383
3965,5,18,no,1,-0.0013697729675739914,0.0013697729675739914
2719,3,10,no,1,0.003961402534739644,0.003961402534739644
3966,5,18,no,8,-0.009804466920764504,0.009804466920764504
6529,5,21,no,1,-0.0020648105407109485,0.0020648105407109485
680,3,7,no,2,-0.012223814001834366,0.012223814001834366
1450,3,8,no,1,0.0061985164077413835,0.0061985164077413835
1451,3,8,no,1,-0.0061985164077413835,0.0061985164077413835
5682,5,20,yes,8,-0.05540252592153766,0.05540252592153766
2169,3,9,no,1,-0.00688804475647703,0.00688804475647703
3967,5,18,no,9,-0.008886801480459942,0.008886801480459942
2170,3,9,no,3,-0.020542804594913644,0.020542804594913644
5683,5,20,no,10,0.06912049883405874,0.06912049883405874
4412,5,19,yes,9,0.05360606072523871,0.05360606072523871
2171,3,9,yes,1,0.006824831682392396,0.006824831682392396
6530,5,21,yes,1,0.0020648105407109485,0.0020648105407109485
4413,5,19,yes,13,0.08495631515001678,0.08495631515001678
4414,5,19,no,1,-0.006770152846514277,0.006770152846514277
2172,3,9,no,1,0.0068484456234291224,0.0068484456234291224
4415,5,19,yes,4,-0.026747335381246018,0.026747335381246018
4416,5,19,yes,15,-0.09357520317010842,0.09357520317010842
2720,3,10,yes,9,0.03248226167891011,0.03248226167891011
681,3,7,yes,1,0.00614129254867346,0.00614129254867346
6531,5,21,yes,1,-0.0020648105407109485,0.0020648105407109485
682,3,7,yes,16,-0.10409484515404155,0.10409484515404155
683,3,7,yes,10,0.06642222669017017,0.06642222669017017
2173,3,9,no,1,0.0068695272890921255,0.0068695272890921255
4417,5,19,yes,14,0.08698315347015573,0.08698315347015573
684,3,7,no,4,-0.02610601741480012,0.02610601741480012
685,3,7,no,4,0.02610601741480012,0.02610601741480012
4418,5,19,no,12,-0.07525202081900129,0.07525202081900129
2721,3,10,no,1,-0.003334478476924252,0.003334478476924252
1452,3,8,yes,1,0.0061985164077413835,0.0061985164077413835
4419,5,19,yes,1,-0.005897671602892618,0.005897671602892618
1453,3,8,yes,5,-0.031531325915197916,0.031531325915197916
686,3,7,no,1,0.006410485830370405,0.006410485830370405
1454,3,8,no,1,0.006410485830370405,0.006410485830370405
2174,3,9,yes,1,0.00688804475647703,0.00688804475647703
4420,5,19,yes,1,0.005897671602892618,0.005897671602892618
5684,5,20,no,1,-0.0068484456234291224,0.0068484456234291224
687,3,7,no,11,0.06682677994070452,0.06682677994070452
4421,5,19,yes,5,0.030405243596697495,0.030405243596697495
3156,3,11,yes,1,-0.00535544554716183,0.00535544554716183
4422,5,19,no,3,0.018922323677086184,0.018922323677086184
6532,5,21,yes,9,0.020404723742898742,0.020404723742898742
4423,5,19,no,10,-0.06105869992493812,0.06105869992493812
1455,3,8,no,5,-0.032516503245170525,0.032516503245170525
1456,3,8,yes,1,0.006592049699952862,0.006592049699952862
1457,3,8,yes,1,0.006549739658341158,0.006549739658341158
1458,3,8,no,6,0.03829703756396263,0.03829703756396263
4424,5,19,no,6,-0.033592099928005825,0.033592099928005825
3157,3,11,yes,1,-0.0054262663116700915,0.0054262663116700915
5685,5,20,yes,1,-0.006869527289091959,0.006869527289091959
4425,5,19,no,12,0.06952995976811632,0.06952995976811632
5686,5,20,no,1,-0.006888044756477085,0.006888044756477085
4426,5,19,no,1,-0.00614129254867346,0.00614129254867346
4427,5,19,yes,1,0.00614129254867346,0.00614129254867346
4428,5,19,no,2,-0.012223814001834421,0.012223814001834421
4429,5,19,no,1,-0.006022277489922567,0.006022277489922567
4430,5,19,no,8,-0.0458576019646893,0.0458576019646893
5687,5,20,no,1,-0.00690396986339592,0.00690396986339592
688,3,7,no,8,-0.04790445626361839,0.04790445626361839
689,3,7,no,1,-0.006254119513938505,0.006254119513938505
5688,5,20,no,15,-0.1036678459215945,0.1036678459215945
6533,5,21,yes,1,-0.0024778905067136536,0.0024778905067136536
4431,5,19,yes,14,0.0828643587662602,0.0828643587662602
4432,5,19,no,1,-0.006308029388133907,0.006308029388133907
690,3,7,yes,5,0.030698727413436933,0.030698727413436933
5689,5,20,no,11,-0.07283271252054047,0.07283271252054047
2722,3,10,no,1,0.003334478476924252,0.003334478476924252
5690,5,20,yes,17,0.11408481003421783,0.11408481003421783
691,3,7,no,1,0.005960635697198957,0.005960635697198957
5691,5,20,yes,1,-0.006917278298890717,0.006917278298890717
4433,5,19,no,8,-0.0483904957617905,0.0483904957617905
4434,5,19,yes,2,0.011731132651154441,0.011731132651154441
3158,3,11,no,7,-0.039896966267490286,0.039896966267490286
4435,5,19,no,10,-0.055962654908154885,0.055962654908154885
5692,5,20,no,1,0.006917278298890717,0.006917278298890717
6534,5,21,no,3,-0.007108703577214076,0.007108703577214076
4436,5,19,yes,1,0.005283976781832733,0.005283976781832733
5693,5,20,no,1,0.00692794968177024,0.00692794968177024
4437,5,19,yes,11,0.06266159131344379,0.06266159131344379
5694,5,20,no,7,0.048570520427256125,0.048570520427256125
692,3,7,no,2,0.011731132651154441,0.011731132651154441
4438,5,19,yes,14,0.0898693230839665,0.0898693230839665
2175,3,9,no,1,0.006903969863395976,0.006903969863395976
4439,5,19,yes,5,0.033981320829057526,0.033981320829057526
3159,3,11,yes,3,0.017499212666921005,0.017499212666921005
2723,3,10,no,1,0.003268061499241748,0.003268061499241748
4440,5,19,no,1,-0.0068484456234291224,0.0068484456234291224
4441,5,19,no,1,-0.006824831682392396,0.006824831682392396
5695,5,20,no,8,-0.055498470109026365,0.055498470109026365
1459,3,8,no,4,-0.025332809507456533,0.025332809507456533
3160,3,11,no,1,-0.0057680800157665635,0.0057680800157665635
4442,5,19,yes,1,-0.006798721047609868,0.006798721047609868
5696,5,20,no,1,0.00692794968177024,0.00692794968177024
4443,5,19,no,2,-0.01350932247562614,0.01350932247562614
4444,5,19,no,1,-0.006705817235090283,0.006705817235090283
6535,5,21,no,1,-0.0022642190665268375,0.0022642190665268375
4445,5,19,no,1,-0.0066701446519749075,0.0066701446519749075
4446,5,19,no,5,-0.03273822127986903,0.03273822127986903
3161,3,11,yes,3,0.017103794630948577,0.017103794630948577
5697,5,20,yes,1,0.006935967626738038,0.006935967626738038
5698,5,20,no,1,0.006941319797744205,0.006941319797744205
5699,5,20,yes,6,-0.041514530025016205,0.041514530025016205
5700,5,20,yes,1,0.00688804475647703,0.00688804475647703
4447,5,19,no,11,-0.06746918575530836,0.06746918575530836
5701,5,20,yes,9,0.06239176858954282,0.06239176858954282
4448,5,19,yes,1,0.005833461048261823,0.005833461048261823
4449,5,19,yes,1,-0.005833461048261823,0.005833461048261823
2724,3,10,yes,6,0.018256451488038006,0.018256451488038006
1460,3,8,yes,4,-0.02610601741480012,0.02610601741480012
1461,3,8,yes,1,0.006592049699952862,0.006592049699952862
3162,3,11,no,1,-0.005634110153561744,0.005634110153561744
6536,5,21,yes,4,0.009372922643740914,0.009372922643740914
3163,3,11,yes,1,0.005634110153561744,0.005634110153561744
1462,3,8,yes,1,-0.006592049699952862,0.006592049699952862
4450,5,19,yes,2,0.011731132651154441,0.011731132651154441
4451,5,19,yes,1,0.005960635697199068,0.005960635697199068
4452,5,19,yes,13,0.08251563868682388,0.08251563868682388
1463,3,8,yes,3,0.0196471231064127,0.0196471231064127
6537,5,21,no,1,0.0024778905067136536,0.0024778905067136536
4453,5,19,no,1,-0.006632203865068964,0.006632203865068964
4454,5,19,no,12,-0.07588343482175491,0.07588343482175491
4455,5,19,no,12,-0.0671352221956128,0.0671352221956128
4456,5,19,yes,3,0.015851353919253464,0.015851353919253464
4457,5,19,no,1,0.005426266311670036,0.005426266311670036
5702,5,20,no,6,-0.041642570745485885,0.041642570745485885
4458,5,19,yes,1,0.005496366471083369,0.005496366471083369
2176,3,9,no,1,0.006917278298890717,0.006917278298890717
4459,5,19,yes,1,0.00556567251430401,0.00556567251430401
4460,5,19,yes,1,0.005634110153561633,0.005634110153561633
693,3,7,no,11,-0.06746918575530836,0.06746918575530836
4461,5,19,yes,1,0.005701604461620324,0.005701604461620324
694,3,7,no,3,0.019078689993518028,0.019078689993518028
5703,5,20,yes,5,0.03470660311874779,0.03470660311874779
4462,5,19,no,1,-0.005701604461620324,0.005701604461620324
6538,5,21,no,1,-0.0024778905067136536,0.0024778905067136536
4463,5,19,yes,1,0.005701604461620324,0.005701604461620324
4464,5,19,yes,1,0.0057680800157664525,0.0057680800157664525
5704,5,20,no,1,-0.00694131979774415,0.00694131979774415
4465,5,19,yes,20,0.12709269139786872,0.12709269139786872
4466,5,19,yes,9,0.06191473586979551,0.06191473586979551
6539,5,21,yes,3,0.007601488630979161,0.007601488630979161
4467,5,19,no,1,-0.006935967626738038,0.006935967626738038
6540,5,21,no,1,-0.0025900635645267206,0.0025900635645267206
6541,5,21,no,1,0.0025900635645267206,0.0025900635645267206
5705,5,20,yes,2,-0.013887995896521399,0.013887995896521399
4468,5,19,no,4,-0.027637242600533962,0.027637242600533962
1464,3,8,yes,2,-0.013055073406459838,0.013055073406459838
695,3,7,yes,1,0.006254119513938505,0.006254119513938505
696,3,7,no,9,-0.05807103078732556,0.05807103078732556
5706,5,20,yes,4,0.027765283321003642,0.027765283321003642
4469,5,19,no,1,-0.0068695272890921255,0.0068695272890921255
4470,5,19,yes,1,0.0068695272890921255,0.0068695272890921255
4471,5,19,no,15,-0.09973569189046783,0.09973569189046783
697,3,7,no,7,0.04550888188525304,0.04550888188525304
6542,5,21,no,5,-0.012393893959478666,0.012393893959478666
6543,5,21,no,1,0.0023692703768096873,0.0023692703768096873
1465,3,8,yes,12,-0.08124307819010945,0.08124307819010945
4472,5,19,yes,1,0.006360174775013716,0.006360174775013716
4473,5,19,no,1,-0.006360174775013716,0.006360174775013716
1466,3,8,yes,1,0.00690396986339592,0.00690396986339592
4474,5,19,no,1,-0.006308029388133907,0.006308029388133907
1467,3,8,yes,2,0.013757572045569044,0.013757572045569044
1468,3,8,yes,3,-0.020661541908964964,0.020661541908964964
5707,5,20,no,4,-0.027765283321003642,0.027765283321003642
698,3,7,yes,2,-0.01277066060538401,0.01277066060538401
699,3,7,yes,1,0.006410485830370405,0.006410485830370405
700,3,7,yes,11,0.06682677994070452,0.06682677994070452
4475,5,19,yes,3,0.01907868999351786,0.01907868999351786
4476,5,19,no,1,-0.006410485830370238,0.006410485830370238
5708,5,20,yes,1,0.006943997948260672,0.006943997948260672
6544,5,21,no,1,0.0024231349516898176,0.0024231349516898176
3837,5,17,yes,1,0.0010917613765485043,0.0010917613765485043
4477,5,19,no,1,0.006410485830370238,0.006410485830370238
3838,5,17,no,1,-0.0010917613765485043,0.0010917613765485043
4478,5,19,no,1,-0.006410485830370238,0.006410485830370238
4479,5,19,no,1,-0.006360174775013716,0.006360174775013716
1469,3,8,no,1,0.00690396986339592,0.00690396986339592
5709,5,20,yes,3,0.02082128537274297,0.02082128537274297
1470,3,8,no,1,0.006888044756477085,0.006888044756477085
1471,3,8,yes,1,0.006869527289091959,0.006869527289091959
701,3,7,yes,1,0.005701604461620269,0.005701604461620269
6545,5,21,yes,2,-0.004792405328499505,0.004792405328499505
4480,5,19,yes,1,0.006360174775013716,0.006360174775013716
4481,5,19,no,1,-0.006360174775013716,0.006360174775013716
1472,3,8,no,1,0.0068484456234291224,0.0068484456234291224
4482,5,19,no,1,-0.006308029388133907,0.006308029388133907
1473,3,8,yes,1,0.0068248316823924515,0.0068248316823924515
702,3,7,yes,1,-0.005701604461620269,0.005701604461620269
3968,5,18,yes,1,0.0008886702091033122,0.0008886702091033122
703,3,7,no,1,-0.0057680800157665635,0.0057680800157665635
4483,5,19,yes,5,0.03204291805002407,0.03204291805002407
4484,5,19,yes,1,0.006549739658341158,0.006549739658341158
4485,5,19,yes,7,-0.04484677722230379,0.04484677722230379
704,3,7,no,1,-0.005833461048261657,0.005833461048261657
5710,5,20,no,1,-0.006935967626738093,0.006935967626738093
4486,5,19,no,10,-0.05924017087880035,0.05924017087880035
705,3,7,yes,2,0.01160154106402822,0.01160154106402822
4487,5,19,yes,7,0.04081784046922449,0.04081784046922449
5711,5,20,no,10,-0.06921337300837388,0.06921337300837388
5712,5,20,yes,2,0.013757572045569155,0.013757572045569155
4488,5,19,yes,2,0.012223814001834421,0.012223814001834421
706,3,7,yes,1,0.005701604461620269,0.005701604461620269
5713,5,20,yes,10,0.06931971827131306,0.06931971827131306
2177,3,9,yes,1,0.00692794968177024,0.00692794968177024
5714,5,20,yes,1,0.006917278298890772,0.006917278298890772
1474,3,8,yes,1,0.0067987210476098126,0.0067987210476098126
4489,5,19,no,12,0.07764550908213208,0.07764550908213208
4490,5,19,yes,6,0.04085084811814965,0.04085084811814965
4491,5,19,no,13,-0.08696503128508387,0.08696503128508387
5715,5,20,no,6,-0.041610511301664654,0.041610511301664654
5716,5,20,yes,12,-0.08236537814316586,0.08236537814316586
3164,3,11,no,1,0.005565672514303843,0.005565672514303843
1475,3,8,yes,1,0.006770152846514388,0.006770152846514388
5717,5,20,yes,8,0.05464286273802266,0.05464286273802266
4492,5,19,yes,2,-0.012770660605383954,0.012770660605383954
707,3,7,no,1,0.005634110153561744,0.005634110153561744
5718,5,20,yes,1,0.006917278298890717,0.006917278298890717
5719,5,20,no,1,0.00692794968177024,0.00692794968177024
4493,5,19,no,7,-0.04296739249876996,0.04296739249876996
5720,5,20,yes,1,0.006935967626738038,0.006935967626738038
4494,5,19,yes,4,0.024206727188956056,0.024206727188956056
3839,5,17,yes,1,0.0010917613765485043,0.0010917613765485043
3165,3,11,yes,1,-0.005565672514303843,0.005565672514303843
5721,5,20,no,6,-0.041442737516364125,0.041442737516364125
4495,5,19,no,18,0.11849635720028173,0.11849635720028173
708,3,7,no,2,0.011062038985387268,0.011062038985387268
5722,5,20,yes,1,0.0068695272890921255,0.0068695272890921255
2178,3,9,yes,4,-0.027637242600533962,0.027637242600533962
4496,5,19,no,14,-0.09337551711545411,0.09337551711545411
709,3,7,no,14,0.06935622271626263,0.06935622271626263
6546,5,21,no,1,-0.002316298248714571,0.002316298248714571
5723,5,20,yes,3,0.020709292918763722,0.020709292918763722
5724,5,20,yes,3,0.020805237106252483,0.020805237106252483
3840,5,17,yes,1,-0.0010917613765485043,0.0010917613765485043
1476,3,8,no,1,-0.006770152846514388,0.006770152846514388
2179,3,9,no,11,0.07620776302779009,0.07620776302779009
2180,3,9,no,13,-0.08992573594031134,0.08992573594031134
710,3,7,no,7,-0.03287979430239174,0.03287979430239174
2181,3,9,yes,11,0.076061818631803,0.076061818631803
2725,3,10,yes,7,0.018544544126856688,0.018544544126856688
2182,3,9,no,7,-0.04855183109940875,0.04855183109940875
711,3,7,no,1,-0.0049930353877782885,0.0049930353877782885
5725,5,20,no,1,-0.006941319797744205,0.006941319797744205
2183,3,9,yes,1,0.006917278298890717,0.006917278298890717
712,3,7,yes,1,-0.005066392393269226,0.005066392393269226
5726,5,20,no,12,0.0828866503141954,0.0828866503141954
4497,5,19,yes,11,0.07283271252054047,0.07283271252054047
4498,5,19,no,5,-0.0336840054103012,0.0336840054103012
4499,5,19,no,1,-0.006632203865068964,0.006632203865068964
713,3,7,no,1,-0.0051393804018998734,0.0051393804018998734
5727,5,20,no,6,-0.04125209751367731,0.04125209751367731
2726,3,10,no,5,-0.012954718121568898,0.012954718121568898
714,3,7,no,1,-0.0052119315902589,0.0052119315902589
4500,5,19,yes,7,-0.045184707408317926,0.045184707408317926
6547,5,21,yes,1,-0.0022642190665268375,0.0022642190665268375
2184,3,9,no,1,-0.006917278298890717,0.006917278298890717
4501,5,19,yes,14,0.09232574836608048,0.09232574836608048
4502,5,19,no,1,-0.006824831682392396,0.006824831682392396
1477,3,8,no,11,0.07239416624794437,0.07239416624794437
1478,3,8,yes,1,0.006308029388134018,0.006308029388134018
1479,3,8,no,7,-0.04518470740831815,0.04518470740831815
2185,3,9,yes,2,0.013845227980660957,0.013845227980660957
4503,5,19,no,1,-0.006798721047609868,0.006798721047609868
4504,5,19,no,5,-0.033517488227760295,0.033517488227760295
4505,5,19,yes,5,-0.0325165032451703,0.0325165032451703
4506,5,19,yes,1,0.006410485830370238,0.006410485830370238
4507,5,19,yes,20,0.13542355925836075,0.13542355925836075
4508,5,19,yes,4,0.02774923505451321,0.02774923505451321
2186,3,9,no,1,0.006935967626738038,0.006935967626738038
4509,5,19,no,9,-0.06241574840791708,0.06241574840791708
1480,3,8,no,1,-0.006632203865068909,0.006632203865068909
1481,3,8,yes,7,-0.04735728271612272,0.04735728271612272
4510,5,19,yes,9,-0.06134867997311294,0.06134867997311294
1482,3,8,no,6,0.04068713806414781,0.04068713806414781
6548,5,21,yes,9,-0.018180885376505612,0.018180885376505612
4511,5,19,no,3,-0.019894398216996567,0.019894398216996567
5728,5,20,yes,17,-0.11705861114593974,0.11705861114593974
5729,5,20,yes,6,0.04085084811814965,0.04085084811814965
5730,5,20,yes,2,0.013792014619873005,0.013792014619873005
4512,5,19,no,1,-0.006549739658341158,0.006549739658341158
2187,3,9,yes,1,0.006941319797744205,0.006941319797744205
4513,5,19,no,9,-0.05671936797353849,0.05671936797353849
5731,5,20,yes,1,0.006917278298890717,0.006917278298890717
4514,5,19,yes,1,-0.006022277489922567,0.006022277489922567
5732,5,20,yes,1,0.00692794968177024,0.00692794968177024
4515,5,19,no,5,0.030698727413436988,0.030698727413436988
6549,5,21,no,1,-0.0017920493269606846,0.0017920493269606846
4516,5,19,yes,3,0.01907868999351786,0.01907868999351786
5733,5,20,no,1,-0.00692794968177024,0.00692794968177024
2727,3,10,yes,2,0.005353229490589695,0.005353229490589695
4517,5,19,yes,1,0.0064588943083875305,0.0064588943083875305
4518,5,19,no,2,-0.012869380138757769,0.012869380138757769
5734,5,20,yes,1,0.00692794968177024,0.00692794968177024
4519,5,19,yes,1,0.006410485830370238,0.006410485830370238
3166,3,11,no,1,-0.005634110153561744,0.005634110153561744
6550,5,21,yes,1,-0.0017495943155862448,0.0017495943155862448
4520,5,19,no,1,-0.006410485830370238,0.006410485830370238
4521,5,19,yes,1,0.006410485830370238,0.006410485830370238
5735,5,20,no,9,-0.06174892108957175,0.06174892108957175
5736,5,20,yes,7,0.047903693108910794,0.047903693108910794
4522,5,19,no,1,0.0064588943083875305,0.0064588943083875305
6551,5,21,yes,1,-0.0017079790593417937,0.0017079790593417937
5737,5,20,no,11,0.07623699657020377,0.07623699657020377
3167,3,11,yes,4,-0.023200817128541273,0.023200817128541273
5738,5,20,yes,1,-0.00690396986339592,0.00690396986339592
4523,5,19,no,6,-0.03799022022358539,0.03799022022358539
5739,5,20,yes,2,-0.013845227980661012,0.013845227980661012
5740,5,20,no,1,-0.006935967626738093,0.006935967626738093
4524,5,19,yes,1,0.006198516407741439,0.006198516407741439
2188,3,9,no,1,0.006943997948260672,0.006943997948260672
3168,3,11,yes,3,0.017499212666921005,0.017499212666921005
2728,3,10,no,1,-0.0026474728616409093,0.0026474728616409093
4525,5,19,yes,5,0.03179170381584395,0.03179170381584395
4526,5,19,yes,1,-0.0064588943083875305,0.0064588943083875305
4527,5,19,no,1,-0.006410485830370238,0.006410485830370238
2729,3,10,no,5,0.012672096444309888,0.012672096444309888
3169,3,11,yes,4,-0.023459848364119962,0.023459848364119962
4528,5,19,yes,1,0.006410485830370238,0.006410485830370238
5741,5,20,no,6,-0.04163455280051803,0.04163455280051803
5742,5,20,no,1,-0.006917278298890717,0.006917278298890717
4529,5,19,yes,3,0.01951396771484737,0.01951396771484737
2189,3,9,yes,1,-0.006943997948260672,0.006943997948260672
5743,5,20,yes,5,0.03466651335340387,0.03466651335340387
3170,3,11,no,2,0.011858307300091742,0.011858307300091742
5744,5,20,no,1,-0.006943997948260672,0.006943997948260672
5745,5,20,no,1,-0.006941319797744205,0.006941319797744205
4530,5,19,yes,5,0.033339385081198714,0.033339385081198714
6552,5,21,yes,1,0.0017079790593417937,0.0017079790593417937
3171,3,11,no,2,-0.011858307300091742,0.011858307300091742
3172,3,11,yes,3,0.0176917683483534,0.0176917683483534
4531,5,19,no,10,-0.06562401340143004,0.06562401340143004
6553,5,21,yes,8,-0.012567344703654379,0.012567344703654379
6554,5,21,no,5,0.007564935299131763,0.007564935299131763
4532,5,19,yes,2,0.012770660605383954,0.012770660605383954
5746,5,20,no,2,-0.013863917308508278,0.013863917308508278
4533,5,19,no,9,-0.05573805310415392,0.05573805310415392
5747,5,20,no,2,-0.013821248162286692,0.013821248162286692
4534,5,19,yes,6,0.036659363110636056,0.036659363110636056
1483,3,8,no,3,-0.020215139710716423,0.020215139710716423
5748,5,20,yes,1,0.006903969863395976,0.006903969863395976
6555,5,21,yes,7,-0.010338945668167003,0.010338945668167003
4535,5,19,no,11,-0.06549429039273891,0.06549429039273891
5749,5,20,no,14,-0.09429815159656935,0.09429815159656935
5750,5,20,no,2,0.013055073406459838,0.013055073406459838
4536,5,19,yes,1,0.005634110153561633,0.005634110153561633
4537,5,19,yes,13,0.07893887023269514,0.07893887023269514
3173,3,11,no,1,-0.005833461048261657,0.005833461048261657
5751,5,20,yes,1,0.006592049699952696,0.006592049699952696
4538,5,19,yes,7,0.04611418316693422,0.04611418316693422
5752,5,20,yes,1,0.006632203865068964,0.006632203865068964
1484,3,8,yes,11,0.07239416624794437,0.07239416624794437
4539,5,19,no,1,-0.006705817235090283,0.006705817235090283
4540,5,19,no,12,-0.07708098439571526,0.07708098439571526
6556,5,21,yes,1,0.0013697729675739914,0.0013697729675739914
5753,5,20,no,6,0.040508837092693595,0.040508837092693595
6557,5,21,yes,1,0.0014042374014612488,0.0014042374014612488
5754,5,20,yes,4,0.027509987532394253,0.027509987532394253
1485,3,8,yes,2,-0.01277066060538401,0.01277066060538401
4541,5,19,no,2,-0.012104798943083528,0.012104798943083528
5755,5,20,yes,1,-0.006903969863395976,0.006903969863395976
4542,5,19,yes,1,0.006022277489922567,0.006022277489922567
4543,5,19,yes,10,0.06326910763187965,0.06326910763187965
3174,3,11,no,1,0.005833461048261657,0.005833461048261657
1486,3,8,no,8,-0.05285335279604597,0.05285335279604597
3175,3,11,no,1,-0.005833461048261657,0.005833461048261657
5756,5,20,no,1,0.006903969863395976,0.006903969863395976
6558,5,21,yes,5,0.007564935299131763,0.007564935299131763
4544,5,19,no,12,-0.07525202081900129,0.07525202081900129
1487,3,8,no,1,-0.006770152846514388,0.006770152846514388
4545,5,19,yes,17,0.1085914059002,0.1085914059002
4546,5,19,yes,1,0.006770152846514277,0.006770152846514277
4547,5,19,no,11,0.07580005361580039,0.07580005361580039
5757,5,20,yes,7,-0.047903693108910794,0.047903693108910794
1488,3,8,yes,1,0.006770152846514388,0.006770152846514388
4548,5,19,no,11,-0.07580005361580039,0.07580005361580039
4549,5,19,no,5,-0.033517488227760295,0.033517488227760295
3176,3,11,no,2,-0.011858307300091742,0.011858307300091742
5758,5,20,yes,2,0.013568873894124145,0.013568873894124145
5759,5,20,no,11,-0.07283271252054047,0.07283271252054047
2190,3,9,yes,1,0.006943997948260672,0.006943997948260672
4550,5,19,no,1,-0.006592049699952696,0.006592049699952696
3177,3,11,yes,4,0.023459848364119962,0.023459848364119962
6559,5,21,yes,11,0.02023583837184193,0.02023583837184193
4551,5,19,yes,1,-0.006549739658341158,0.006549739658341158
5760,5,20,yes,17,0.11408481003421783,0.11408481003421783
2191,3,9,yes,2,0.013885317746004877,0.013885317746004877
2730,3,10,no,2,0.004685568625524272,0.004685568625524272
5761,5,20,no,1,0.00692794968177024,0.00692794968177024
1489,3,8,yes,1,0.0067391696291118075,0.0067391696291118075
4552,5,19,no,1,-0.00650533374811868,0.00650533374811868
5762,5,20,no,7,-0.048180047195447606,0.048180047195447606
5763,5,20,no,1,0.006824831682392396,0.006824831682392396
6560,5,21,yes,1,-0.0020648105407109485,0.0020648105407109485
5764,5,20,no,14,-0.09232574836608048,0.09232574836608048
4553,5,19,yes,12,0.08050613697669634,0.08050613697669634
2192,3,9,yes,8,0.055116014822185644,0.055116014822185644
2193,3,9,yes,2,0.0135688738941242,0.0135688738941242
5765,5,20,no,9,0.0584870559253618,0.0584870559253618
2194,3,9,no,1,-0.006770152846514388,0.006770152846514388
2195,3,9,no,10,-0.0688560556675396,0.0688560556675396
5766,5,20,yes,8,0.054444710109716965,0.054444710109716965
4554,5,19,no,4,-0.027341525642523512,0.027341525642523512
4555,5,19,no,11,-0.07239416624794431,0.07239416624794431
1490,3,8,no,1,-0.0067391696291118075,0.0067391696291118075
6561,5,21,yes,1,-0.002017172974494344,0.002017172974494344
5767,5,20,no,1,-0.00688804475647703,0.00688804475647703
5768,5,20,yes,1,0.00688804475647703,0.00688804475647703
3178,3,11,no,6,-0.035564647307203545,0.035564647307203545
2196,3,9,no,5,0.034626485268539176,0.034626485268539176
4556,5,19,yes,17,0.11352770651034083,0.11352770651034083
4557,5,19,yes,1,-0.006903969863395976,0.006903969863395976
2197,3,9,yes,9,-0.06239176858954282,0.06239176858954282
5769,5,20,no,5,-0.03422957039900054,0.03422957039900054
6562,5,21,yes,1,-0.0019704136188763294,0.0019704136188763294
3179,3,11,yes,1,0.006082521453160905,0.006082521453160905
5770,5,20,yes,2,-0.01350932247562614,0.01350932247562614
4558,5,19,no,4,-0.027430849351390674,0.027430849351390674
4559,5,19,no,6,-0.04031620927537016,0.04031620927537016
4560,5,19,yes,7,0.04714104095776256,0.04714104095776256
4561,5,19,no,1,-0.006824831682392396,0.006824831682392396
5771,5,20,no,1,-0.006705817235090283,0.006705817235090283
4562,5,19,no,7,-0.04690825897532286,0.04690825897532286
5772,5,20,no,4,-0.026444137875337725,0.026444137875337725
4563,5,19,no,1,-0.006549739658341158,0.006549739658341158
5773,5,20,yes,1,0.006549739658341158,0.006549739658341158
1491,3,8,no,2,-0.0135688738941242,0.0135688738941242
5774,5,20,no,1,-0.006549739658341158,0.006549739658341158
4564,5,19,no,5,-0.03204291805002407,0.03204291805002407
5775,5,20,yes,2,0.013141789358293854,0.013141789358293854
5776,5,20,no,2,0.013302348517043872,0.013302348517043872
5777,5,20,yes,1,-0.0066701446519749075,0.0066701446519749075
5778,5,20,no,3,-0.019773993223362818,0.019773993223362818
5779,5,20,yes,1,0.006549739658341158,0.006549739658341158
4565,5,19,yes,1,0.006308029388133907,0.006308029388133907
4566,5,19,yes,7,0.04550888188525298,0.04550888188525298
3180,3,11,no,3,0.01788058479001442,0.01788058479001442
5780,5,20,no,5,-0.03228462832023132,0.03228462832023132
5781,5,20,yes,1,0.006360174775013716,0.006360174775013716
5782,5,20,no,1,-0.006360174775013716,0.006360174775013716
5783,5,20,no,1,0.006360174775013716,0.006360174775013716
4567,5,19,yes,2,0.01337596188706519,0.01337596188706519
4568,5,19,no,10,-0.06519287316045208,0.06519287316045208
4569,5,19,no,1,0.006308029388133907,0.006308029388133907
5784,5,20,yes,4,0.025924453545217607,0.025924453545217607
5785,5,20,yes,1,0.006592049699952696,0.006592049699952696
4570,5,19,no,1,0.006360174775013716,0.006360174775013716
5786,5,20,yes,1,0.006632203865068964,0.006632203865068964
5787,5,20,no,9,0.06111485476169187,0.06111485476169187
4571,5,19,yes,5,0.0325165032451703,0.0325165032451703
5788,5,20,yes,1,-0.00688804475647703,0.00688804475647703
4572,5,19,no,1,0.006632203865068964,0.006632203865068964
2198,3,9,no,1,-0.00692794968177024,0.00692794968177024
4573,5,19,yes,1,0.0066701446519749075,0.0066701446519749075
6563,5,21,yes,12,-0.020308919863631814,0.020308919863631814
2731,3,10,no,3,0.006639988457273094,0.006639988457273094
2199,3,9,no,2,0.013863917308508278,0.013863917308508278
4574,5,19,no,1,-0.0066701446519749075,0.0066701446519749075
4575,5,19,no,2,0.01337596188706519,0.01337596188706519
5789,5,20,yes,1,-0.0068695272890921255,0.0068695272890921255
2732,3,10,no,1,0.002113330660986845,0.002113330660986845
4576,5,19,no,10,-0.06519287316045208,0.06519287316045208
4577,5,19,no,2,-0.01245263592168,0.01245263592168
4578,5,19,yes,3,0.018760665309813906,0.018760665309813906
4579,5,19,yes,1,0.006360174775013716,0.006360174775013716
4580,5,19,yes,1,0.006410485830370238,0.006410485830370238
4581,5,19,no,2,0.01296422805650621,0.01296422805650621
3181,3,11,yes,1,-0.0058976716028927845,0.0058976716028927845
6564,5,21,yes,1,0.0014754412634813557,0.0014754412634813557
3841,5,17,yes,10,0.012266001264887,0.012266001264887
2200,3,9,yes,4,0.027770635492009754,0.027770635492009754
4582,5,19,no,1,-0.00650533374811868,0.00650533374811868
5790,5,20,no,1,0.0068695272890921255,0.0068695272890921255
2733,3,10,no,2,-0.004276067642609016,0.004276067642609016
3842,5,17,no,1,-0.0013697729675739914,0.0013697729675739914
1492,3,8,no,9,-0.062057334619929794,0.062057334619929794
1493,3,8,yes,1,0.00694131979774415,0.00694131979774415
3182,3,11,yes,1,-0.005960635697198957,0.005960635697198957
5791,5,20,yes,1,-0.0068695272890921255,0.0068695272890921255
6565,5,21,no,1,-0.0014754412634813557,0.0014754412634813557
1494,3,8,no,1,0.006935967626738093,0.006935967626738093
6566,5,21,yes,10,-0.012898008026668892,0.012898008026668892
2201,3,9,no,1,0.006935967626738093,0.006935967626738093
3843,5,17,no,1,-0.0013360527153829932,0.0013360527153829932
5792,5,20,no,1,-0.0068484456234291224,0.0068484456234291224
1495,3,8,yes,8,0.05497876824305736,0.05497876824305736
6567,5,21,yes,1,0.0011487455855182932,0.0011487455855182932
4583,5,19,yes,17,0.11507934720396834,0.11507934720396834
4584,5,19,no,1,-0.006935967626738038,0.006935967626738038
3183,3,11,yes,1,-0.006022277489922678,0.006022277489922678
2202,3,9,no,1,-0.006935967626738093,0.006935967626738093
4585,5,19,yes,1,-0.00692794968177024,0.00692794968177024
4586,5,19,no,1,-0.006917278298890717,0.006917278298890717
5793,5,20,no,1,-0.006824831682392396,0.006824831682392396
4587,5,19,no,1,-0.006903969863395976,0.006903969863395976
3844,5,17,no,1,-0.0013030658355085226,0.0013030658355085226
5794,5,20,no,20,-0.12805795139721676,0.12805795139721676
5795,5,20,no,2,-0.011601541064028276,0.011601541064028276
5796,5,20,yes,13,0.07969616007946234,0.07969616007946234
5797,5,20,yes,1,0.00650533374811868,0.00650533374811868
5798,5,20,no,1,0.006549739658341158,0.006549739658341158
4588,5,19,no,1,-0.00688804475647703,0.00688804475647703
3184,3,11,no,1,0.006022277489922678,0.006022277489922678
4589,5,19,no,1,-0.0068695272890921255,0.0068695272890921255
5799,5,20,yes,9,0.06058153628114438,0.06058153628114438
4590,5,19,no,18,0.12432938783055952,0.12432938783055952
4591,5,19,no,1,-0.0068248316823924515,0.0068248316823924515
4592,5,19,no,15,-0.10374698410259792,0.10374698410259792
4593,5,19,no,6,-0.04099972324551482,0.04099972324551482
4594,5,19,no,14,0.09645552420831954,0.09645552420831954
4595,5,19,no,1,-0.00694131979774415,0.00694131979774415
4596,5,19,yes,1,0.00694131979774415,0.00694131979774415
4597,5,19,no,9,-0.062343845719281754,0.062343845719281754
4598,5,19,no,5,-0.03411167848903779,0.03411167848903779
4599,5,19,no,1,-0.006739169629111863,0.006739169629111863
4600,5,19,yes,1,0.006739169629111863,0.006739169629111863
4601,5,19,no,1,-0.006739169629111863,0.006739169629111863
4602,5,19,no,14,0.09625337403968726,0.09625337403968726
5800,5,20,no,2,-0.013673277305821518,0.013673277305821518
4603,5,19,no,4,-0.027765283321003642,0.027765283321003642
3185,3,11,yes,9,-0.05623631171534238,0.05623631171534238
3186,3,11,no,1,0.0064588943083874195,0.0064588943083874195
3187,3,11,yes,2,0.01277066060538401,0.01277066060538401
4604,5,19,yes,12,0.08299778625854098,0.08299778625854098
3188,3,11,yes,1,0.006308029388134018,0.006308029388134018
3845,5,17,no,10,-0.011369787220295267,0.011369787220295267
4605,5,19,yes,14,-0.09684301423920194,0.09684301423920194
3189,3,11,yes,1,0.006254119513938505,0.006254119513938505
3190,3,11,yes,1,0.0061985164077413835,0.0061985164077413835
6568,5,21,yes,18,0.026418794114091648,0.026418794114091648
4606,5,19,no,14,-0.09429815159656935,0.09429815159656935
3969,5,18,yes,11,0.011445034455782599,0.011445034455782599
4607,5,19,no,1,0.00650533374811868,0.00650533374811868
3970,5,18,no,1,-0.0011782316625165642,0.0011782316625165642
4608,5,19,no,7,-0.04449555397170407,0.04449555397170407
4609,5,19,no,10,0.06426954719506689,0.06426954719506689
3191,3,11,no,1,-0.0061985164077413835,0.0061985164077413835
2203,3,9,yes,5,-0.03470660311874779,0.03470660311874779
6569,5,21,no,12,0.025130673068556708,0.025130673068556708
6570,5,21,no,1,-0.0023692703768096873,0.0023692703768096873
3192,3,11,no,1,0.0061985164077413835,0.0061985164077413835
5801,5,20,yes,20,-0.12805795139721676,0.12805795139721676
4610,5,19,no,1,0.0066701446519749075,0.0066701446519749075
5802,5,20,no,11,0.06809461901543407,0.06809461901543407
4611,5,19,no,2,0.013444986864202146,0.013444986864202146
4612,5,19,yes,1,0.006770152846514277,0.006770152846514277
5803,5,20,yes,1,0.00650533374811868,0.00650533374811868
5804,5,20,yes,7,0.04665927758605415,0.04665927758605415
4613,5,19,no,4,-0.02688528436269133,0.02688528436269133
4614,5,19,yes,17,0.1165706557244966,0.1165706557244966
4615,5,19,no,1,-0.00694131979774415,0.00694131979774415
3193,3,11,yes,1,0.00614129254867346,0.00614129254867346
4616,5,19,yes,5,-0.03469323300277388,0.03469323300277388
3846,5,17,yes,1,0.0010110847812301663,0.0010110847812301663
5805,5,20,yes,13,-0.08495631515001678,0.08495631515001678
5806,5,20,yes,10,0.06474117543930036,0.06474117543930036
4617,5,19,no,1,0.00692794968177024,0.00692794968177024
4618,5,19,no,5,-0.03450676988962609,0.03450676988962609
3971,5,18,no,1,-0.0011487455855182932,0.0011487455855182932
2204,3,9,yes,1,0.006935967626738038,0.006935967626738038
3194,3,11,yes,6,0.035564647307203545,0.035564647307203545
2734,3,10,no,1,0.002162736981622171,0.002162736981622171
5807,5,20,yes,5,0.03383869244071869,0.03383869244071869
6571,5,21,no,1,-0.002316298248714571,0.002316298248714571
4619,5,19,yes,2,0.013757572045569155,0.013757572045569155
4620,5,19,no,12,-0.08088884798505469,0.08088884798505469
2205,3,9,no,1,-0.006935967626738038,0.006935967626738038
5808,5,20,yes,1,0.0068484456234291224,0.0068484456234291224
4621,5,19,no,1,0.006549739658341158,0.006549739658341158
4622,5,19,yes,1,0.006592049699952696,0.006592049699952696
5809,5,20,no,1,-0.0068484456234291224,0.0068484456234291224
3195,3,11,no,1,-0.0057680800157665635,0.0057680800157665635
4623,5,19,yes,1,0.006632203865068964,0.006632203865068964
4624,5,19,yes,4,0.02688528436269133,0.02688528436269133
6572,5,21,yes,1,0.002316298248714571,0.002316298248714571
6573,5,21,no,14,0.03839101500850696,0.03839101500850696
6574,5,21,no,1,-0.003137471938287534,0.003137471938287534
4625,5,19,no,9,0.06191473586979551,0.06191473586979551
5810,5,20,yes,1,0.0068484456234291224,0.0068484456234291224
5811,5,20,no,7,-0.04735728271612272,0.04735728271612272
5812,5,20,no,1,-0.006632203865068964,0.006632203865068964
5813,5,20,no,1,-0.006592049699952696,0.006592049699952696
5814,5,20,yes,1,0.006592049699952696,0.006592049699952696
4626,5,19,no,14,-0.0954322240975558,0.0954322240975558
6575,5,21,no,1,-0.0030733380175221314,0.0030733380175221314
4627,5,19,yes,1,0.006632203865068964,0.006632203865068964
6576,5,21,yes,1,0.0030733380175221314,0.0030733380175221314
3972,5,18,no,1,-0.0011199259363911113,0.0011199259363911113
5815,5,20,yes,13,-0.08184407051895398,0.08184407051895398
6577,5,21,yes,5,0.016344012873358016,0.016344012873358016
3196,3,11,no,1,-0.005833461048261657,0.005833461048261657
6578,5,21,no,2,-0.006736093500941537,0.006736093500941537
3973,5,18,no,9,-0.008886801480459942,0.008886801480459942
5816,5,20,no,17,0.1085914059002,0.1085914059002
5817,5,20,yes,1,-0.006739169629111863,0.006739169629111863
6579,5,21,yes,7,-0.021524512987279754,0.021524512987279754
5818,5,20,yes,2,0.01350932247562614,0.01350932247562614
5819,5,20,yes,1,-0.006770152846514277,0.006770152846514277
6580,5,21,yes,6,0.01825645148803795,0.01825645148803795
5820,5,20,no,1,-0.006739169629111863,0.006739169629111863
6581,5,21,no,2,-0.006339857873174676,0.006339857873174676
6582,5,21,yes,1,0.003137471938287534,0.003137471938287534
6583,5,21,yes,1,-0.003137471938287534,0.003137471938287534
4628,5,19,yes,1,0.0066701446519749075,0.0066701446519749075
4629,5,19,yes,13,0.08907119537825614,0.08907119537825614
2206,3,9,no,12,0.08299778625854098,0.08299778625854098
4630,5,19,no,1,-0.006941319797744205,0.006941319797744205
4631,5,19,no,14,-0.0954322240975558,0.0954322240975558
2207,3,9,yes,1,-0.0068484456234291224,0.0068484456234291224
4632,5,19,yes,1,0.006632203865068964,0.006632203865068964
4633,5,19,no,1,-0.006632203865068964,0.006632203865068964
2208,3,9,no,10,-0.06921337300837382,0.06921337300837382
6584,5,21,no,1,-0.0030733380175221314,0.0030733380175221314
5821,5,20,no,1,-0.006705817235090283,0.006705817235090283
5822,5,20,yes,4,-0.026444137875337725,0.026444137875337725
5823,5,20,yes,4,0.026444137875337725,0.026444137875337725
2209,3,9,yes,6,0.04163455280051809,0.04163455280051809
4634,5,19,yes,4,0.026747335381246018,0.026747335381246018
4635,5,19,yes,5,0.03411167848903779,0.03411167848903779
5824,5,20,no,10,-0.06474117543930036,0.06474117543930036
2210,3,9,yes,3,0.020709292918763778,0.020709292918763778
5825,5,20,no,1,-0.006198516407741439,0.006198516407741439
5826,5,20,no,1,-0.00614129254867346,0.00614129254867346
2211,3,9,no,4,-0.027637242600534018,0.027637242600534018
6585,5,21,no,3,-0.008843255597341143,0.008843255597341143
4636,5,19,no,1,-0.0068695272890921255,0.0068695272890921255
6586,5,21,yes,6,0.01825645148803795,0.01825645148803795
5827,5,20,yes,7,0.04413151277225885,0.04413151277225885
5828,5,20,yes,1,0.00650533374811868,0.00650533374811868
6587,5,21,yes,1,-0.003202385934887142,0.003202385934887142
4637,5,19,no,1,-0.0068484456234291224,0.0068484456234291224
6588,5,21,no,7,-0.02064389155843857,0.02064389155843857
5829,5,20,no,1,0.006549739658341158,0.006549739658341158
4638,5,19,no,1,0.0068484456234291224,0.0068484456234291224
5830,5,20,yes,1,0.006592049699952696,0.006592049699952696
6589,5,21,yes,1,0.002764907831860508,0.002764907831860508
4639,5,19,no,7,-0.04735728271612272,0.04735728271612272
4640,5,19,yes,7,0.04735728271612272,0.04735728271612272
4641,5,19,no,7,-0.04735728271612272,0.04735728271612272
6590,5,21,no,1,-0.002764907831860508,0.002764907831860508
2212,3,9,yes,2,0.013845227980661012,0.013845227980661012
3974,5,18,yes,12,0.012333704664885911,0.012333704664885911
2213,3,9,no,1,-0.006917278298890772,0.006917278298890772
2214,3,9,yes,6,-0.04163455280051809,0.04163455280051809
5831,5,20,no,1,-0.006592049699952696,0.006592049699952696
4642,5,19,yes,6,0.040508837092693595,0.040508837092693595
4643,5,19,yes,14,0.09684301423920211,0.09684301423920211
3197,3,11,yes,3,-0.01788058479001442,0.01788058479001442
5832,5,20,yes,1,0.006592049699952696,0.006592049699952696
3975,5,18,no,10,-0.010533033712766537,0.010533033712766537
4644,5,19,no,8,-0.0554877987261469,0.0554877987261469
4645,5,19,no,1,-0.00692794968177024,0.00692794968177024
4646,5,19,yes,1,-0.006917278298890717,0.006917278298890717
4647,5,19,no,1,-0.006903969863395976,0.006903969863395976
6591,5,21,no,1,-0.0027057566289490215,0.0027057566289490215
4648,5,19,no,8,-0.054444710109716965,0.054444710109716965
5833,5,20,yes,8,-0.051438826922256486,0.051438826922256486
5834,5,20,yes,2,0.012562148902072467,0.012562148902072467
3847,5,17,yes,1,0.0010373521350486442,0.0010373521350486442
3976,5,18,yes,1,0.0009358963557673378,0.0009358963557673378
5835,5,20,yes,4,0.025734888661890165,0.025734888661890165
5836,5,20,yes,1,0.006549739658341158,0.006549739658341158
2215,3,9,no,5,-0.034573210227272,0.034573210227272
5837,5,20,yes,8,0.053733090657715255,0.053733090657715255
6592,5,21,yes,1,0.0027057566289490215,0.0027057566289490215
2216,3,9,yes,1,0.00688804475647703,0.00688804475647703
2217,3,9,no,5,0.034626485268539176,0.034626485268539176
3977,5,18,yes,1,0.0009603681248038787,0.0009603681248038787
4649,5,19,no,3,0.020215139710716423,0.020215139710716423
5838,5,20,no,13,-0.08601771897794658,0.08601771897794658
5839,5,20,yes,1,0.006360174775013716,0.006360174775013716
3198,3,11,no,3,-0.01842233040957575,0.01842233040957575
3199,3,11,yes,1,0.0061985164077413835,0.0061985164077413835
5840,5,20,yes,2,0.012869380138757769,0.012869380138757769
6593,5,21,yes,8,-0.02006342169878296,0.02006342169878296
3200,3,11,yes,4,-0.02512084008482751,0.02512084008482751
4650,5,19,no,11,0.07580005361580039,0.07580005361580039
4651,5,19,yes,1,0.006943997948260727,0.006943997948260727
3201,3,11,no,1,0.006360174775013605,0.006360174775013605
6594,5,21,yes,13,0.034496503301411865,0.034496503301411865
4652,5,19,no,9,-0.06227205321062973,0.06227205321062973
3202,3,11,no,10,0.06046660516569091,0.06046660516569091
3848,5,17,yes,5,0.005602905118569437,0.005602905118569437
2218,3,9,no,1,-0.006941319797744205,0.006941319797744205
6595,5,21,no,1,-0.003010001079055108,0.003010001079055108
6596,5,21,yes,1,-0.0029474764738244563,0.0029474764738244563
4653,5,19,no,1,0.0068695272890921255,0.0068695272890921255
3203,3,11,yes,1,0.005701604461620269,0.005701604461620269
4654,5,19,no,1,-0.0068695272890921255,0.0068695272890921255
3849,5,17,no,2,-0.0023269772480348574,0.0023269772480348574
3850,5,17,yes,2,0.0023269772480348574,0.0023269772480348574
4655,5,19,yes,1,-0.0068484456234291224,0.0068484456234291224
3851,5,17,no,1,-0.0011782316625165642,0.0011782316625165642
6597,5,21,yes,8,0.02537482844375971,0.02537482844375971
5841,5,20,no,5,0.032949471623456406,0.032949471623456406
6598,5,21,no,1,-0.0034016150240174237,0.0034016150240174237
6599,5,21,no,1,-0.003334478476924113,0.003334478476924113
6600,5,21,yes,1,0.003334478476924113,0.003334478476924113
6601,5,21,no,2,-0.0066025399761659165,0.0066025399761659165
3852,5,17,no,1,-0.0011487455855182932,0.0011487455855182932
6602,5,21,no,1,-0.003202385934887142,0.003202385934887142
3853,5,17,yes,1,0.0011487455855182932,0.0011487455855182932
4656,5,19,yes,6,0.04135521551305521,0.04135521551305521
4657,5,19,yes,6,0.041642570745485885,0.041642570745485885
5842,5,20,yes,5,-0.032949471623456406,0.032949471623456406
5843,5,20,yes,1,0.00650533374811868,0.00650533374811868
4658,5,19,no,5,-0.03470660311874785,0.03470660311874785
4659,5,19,yes,1,-0.006935967626738038,0.006935967626738038
5844,5,20,no,1,-0.00650533374811868,0.00650533374811868
4660,5,19,no,1,-0.00692794968177024,0.00692794968177024
6603,5,21,yes,3,-0.009220811034864773,0.009220811034864773
5845,5,20,yes,2,0.013055073406459838,0.013055073406459838
2219,3,9,no,2,0.013885317746004877,0.013885317746004877
5846,5,20,yes,1,0.006592049699952696,0.006592049699952696
5847,5,20,yes,7,0.04714104095776256,0.04714104095776256
6604,5,21,no,1,-0.0029474764738244563,0.0029474764738244563
3978,5,18,yes,2,0.0019965119785772395,0.0019965119785772395
5848,5,20,no,1,-0.006824831682392396,0.006824831682392396
6605,5,21,yes,1,-0.002885778044461579,0.002885778044461579
6606,5,21,yes,1,-0.0028249181734272544,0.0028249181734272544
5849,5,20,no,6,0.041252097513677366,0.041252097513677366
5850,5,20,no,17,-0.11408481003421783,0.11408481003421783
5851,5,20,yes,1,0.006410485830370238,0.006410485830370238
4661,5,19,yes,5,0.03469323300277388,0.03469323300277388
3979,5,18,yes,6,0.0066402572536180815,0.0066402572536180815
4662,5,19,no,7,-0.048514481165060575,0.048514481165060575
4663,5,19,no,1,0.006903969863395976,0.006903969863395976
3980,5,18,no,1,-0.0011782316625165642,0.0011782316625165642
4664,5,19,no,2,-0.013792014619873005,0.013792014619873005
6607,5,21,no,14,-0.03364645918961448,0.03364645918961448
6608,5,21,no,1,-0.002017172974494344,0.002017172974494344
4665,5,19,yes,1,0.00688804475647703,0.00688804475647703
4666,5,19,yes,2,0.013821248162286692,0.013821248162286692
6609,5,21,no,1,0.002017172974494344,0.002017172974494344
2735,3,10,no,1,-0.002162736981622171,0.002162736981622171
5852,5,20,no,2,-0.012770660605383954,0.012770660605383954
6610,5,21,no,1,-0.002017172974494344,0.002017172974494344
5853,5,20,yes,13,0.08601771897794658,0.08601771897794658
2220,3,9,yes,1,0.006943997948260727,0.006943997948260727
3204,3,11,yes,2,0.011199782667865588,0.011199782667865588
5854,5,20,no,12,-0.07965754420293286,0.07965754420293286
3854,5,17,yes,3,-0.0033604328984579088,0.0033604328984579088
6611,5,21,yes,4,0.008358051157814322,0.008358051157814322
4667,5,19,no,1,-0.006917278298890717,0.006917278298890717
4668,5,19,no,1,-0.006903969863395976,0.006903969863395976
4669,5,19,no,2,0.013821248162286692,0.013821248162286692
4670,5,19,no,1,0.00692794968177024,0.00692794968177024
5855,5,20,yes,6,0.03914870711023927,0.03914870711023927
5856,5,20,no,1,-0.006632203865068964,0.006632203865068964
5857,5,20,no,6,-0.03887667802018402,0.03887667802018402
5858,5,20,yes,1,0.006360174775013716,0.006360174775013716
5859,5,20,yes,5,0.0325165032451703,0.0325165032451703
6612,5,21,yes,5,0.01158595505286511,0.01158595505286511
4671,5,19,no,7,-0.048180047195447606,0.048180047195447606
3981,5,18,no,8,-0.008418905694482635,0.008418905694482635
5860,5,20,yes,1,-0.006592049699952696,0.006592049699952696
4672,5,19,yes,5,0.03433481921478665,0.03433481921478665
4673,5,19,no,1,-0.006903969863395976,0.006903969863395976
4674,5,19,no,3,-0.020606017668998278,0.020606017668998278
5861,5,20,no,8,-0.05104529363004523,0.05104529363004523
4675,5,19,yes,4,0.027509987532394253,0.027509987532394253
4676,5,19,no,1,-0.006903969863395976,0.006903969863395976
5862,5,20,yes,1,0.006198516407741439,0.006198516407741439
4677,5,19,no,5,-0.03422957039900054,0.03422957039900054
3982,5,18,yes,4,0.003994232238429762,0.003994232238429762
5863,5,20,yes,1,0.006254119513938561,0.006254119513938561
5864,5,20,no,1,-0.006254119513938561,0.006254119513938561
6613,5,21,yes,12,0.033598609680007455,0.033598609680007455
3205,3,11,no,7,0.036979759497176024,0.036979759497176024
6614,5,21,no,1,-0.003137471938287534,0.003137471938287534
3206,3,11,no,1,0.0049930353877782885,0.0049930353877782885
5865,5,20,yes,1,0.006254119513938561,0.006254119513938561
3207,3,11,no,1,-0.0049930353877782885,0.0049930353877782885
3208,3,11,no,1,-0.005066392393269226,0.005066392393269226
2736,3,10,yes,14,-0.03596375369800775,0.03596375369800775
4678,5,19,yes,1,0.006798721047609868,0.006798721047609868
5866,5,20,yes,16,0.10604372127860173,0.10604372127860173
5867,5,20,no,2,-0.013717972912521248,0.013717972912521248
5868,5,20,no,6,-0.040508837092693595,0.040508837092693595
5869,5,20,yes,1,-0.006632203865068964,0.006632203865068964
6615,5,21,yes,13,0.04605158358606623,0.04605158358606623
3983,5,18,yes,11,0.013330241822481964,0.013330241822481964
6616,5,21,no,2,-0.007850913624326716,0.007850913624326716
4679,5,19,yes,1,-0.006798721047609868,0.006798721047609868
3209,3,11,no,1,-0.0051393804018998734,0.0051393804018998734
3210,3,11,no,1,-0.0052119315902589,0.0052119315902589
6617,5,21,yes,5,0.02017067453890206,0.02017067453890206
3211,3,11,no,1,-0.005283976781832678,0.005283976781832678
6618,5,21,no,15,-0.05523387256235404,0.05523387256235404
4680,5,19,yes,1,0.006798721047609868,0.006798721047609868
5870,5,20,yes,1,-0.006592049699952696,0.006592049699952696
5871,5,20,yes,1,0.006592049699952696,0.006592049699952696
5872,5,20,yes,1,-0.006592049699952696,0.006592049699952696
4681,5,19,yes,7,0.048180047195447606,0.048180047195447606
6619,5,21,yes,6,-0.017878983726578063,0.017878983726578063
5873,5,20,yes,11,0.07433910832671353,0.07433910832671353
5874,5,20,no,1,-0.00688804475647703,0.00688804475647703
5875,5,20,yes,1,-0.0068695272890921255,0.0068695272890921255
4682,5,19,no,13,-0.08849625647081777,0.08849625647081777
4683,5,19,yes,6,0.04031620927537016,0.04031620927537016
6620,5,21,yes,8,0.024349431160707008,0.024349431160707008
5876,5,20,no,12,-0.08009550399599175,0.08009550399599175
3984,5,18,no,1,-0.0013697729675739914,0.0013697729675739914
4684,5,19,no,1,-0.006798721047609868,0.006798721047609868
5877,5,20,yes,1,0.0064588943083875305,0.0064588943083875305
5878,5,20,yes,1,0.00650533374811868,0.00650533374811868
3212,3,11,no,4,-0.02184375084421919,0.02184375084421919
5879,5,20,no,11,-0.06870228116066013,0.06870228116066013
5880,5,20,yes,1,0.005960635697199068,0.005960635697199068
6621,5,21,yes,11,0.04047739914275675,0.04047739914275675
4685,5,19,yes,1,0.006798721047609868,0.006798721047609868
6622,5,21,no,1,-0.004033734929106997,0.004033734929106997
6623,5,21,yes,1,0.004033734929106997,0.004033734929106997
5881,5,20,no,10,0.06274164546346106,0.06274164546346106
4686,5,19,yes,15,0.1036678459215945,0.1036678459215945
6624,5,21,yes,1,-0.004033734929106997,0.004033734929106997
4687,5,19,yes,1,-0.006917278298890772,0.006917278298890772
6625,5,21,yes,1,0.004033734929106997,0.004033734929106997
6626,5,21,no,1,-0.004033734929106997,0.004033734929106997
4688,5,19,yes,10,-0.06931971827131306,0.06931971827131306
6627,5,21,no,1,-0.003961402534739644,0.003961402534739644
6628,5,21,yes,1,-0.003889511089587072,0.003889511089587072
6629,5,21,yes,7,-0.025258272112398922,0.025258272112398922
4689,5,19,yes,10,0.06931971827131306,0.06931971827131306
3985,5,18,no,4,-0.005149168254761978,0.005149168254761978
5882,5,20,yes,12,0.08088884798505469,0.08088884798505469
5883,5,20,no,3,-0.020606017668998278,0.020606017668998278
5884,5,20,no,1,-0.006824831682392396,0.006824831682392396
3213,3,11,yes,2,0.011062038985387268,0.011062038985387268
4690,5,19,no,5,-0.03469323300277388,0.03469323300277388
3986,5,18,no,7,-0.007848652735194639,0.007848652735194639
5885,5,20,no,1,-0.006798721047609868,0.006798721047609868
4691,5,19,no,1,-0.006941319797744205,0.006941319797744205
6630,5,21,no,1,0.0034016150240174237,0.0034016150240174237
5886,5,20,no,1,-0.006770152846514277,0.006770152846514277
5887,5,20,yes,3,0.02039370557651654,0.02039370557651654
5888,5,20,no,7,-0.04714104095776256,0.04714104095776256
4692,5,19,no,14,-0.0954322240975558,0.0954322240975558
4693,5,19,yes,4,0.026747335381246018,0.026747335381246018
4694,5,19,yes,7,0.047903693108910794,0.047903693108910794
4695,5,19,no,13,0.08999456861577282,0.08999456861577282
4696,5,19,no,1,0.0068484456234291224,0.0068484456234291224
6631,5,21,no,9,0.03374130564181521,0.03374130564181521
4697,5,19,no,1,-0.0068484456234291224,0.0068484456234291224
6632,5,21,no,1,-0.004033734929106997,0.004033734929106997
4698,5,19,no,5,-0.03450676988962598,0.03450676988962598
4699,5,19,no,9,-0.06239176858954282,0.06239176858954282
6633,5,21,yes,1,-0.003961402534739644,0.003961402534739644
3214,3,11,yes,3,-0.016696149138949012,0.016696149138949012
5889,5,20,no,8,-0.051438826922256486,0.051438826922256486
6634,5,21,no,1,-0.003889511089587072,0.003889511089587072
6635,5,21,no,1,-0.003818099192726798,0.003818099192726798
5890,5,20,no,1,-0.006198516407741439,0.006198516407741439
6636,5,21,no,1,-0.003747203480616801,0.003747203480616801
4700,5,19,yes,2,0.013821248162286692,0.013821248162286692
5891,5,20,no,1,-0.00614129254867346,0.00614129254867346
3215,3,11,yes,1,0.005634110153561744,0.005634110153561744
6637,5,21,yes,1,0.003747203480616801,0.003747203480616801
4701,5,19,no,12,0.0830772903168821,0.0830772903168821
4702,5,19,no,11,-0.07614934063511186,0.07614934063511186
2737,3,10,yes,10,0.026800933596832555,0.026800933596832555
6638,5,21,no,1,-0.003747203480616801,0.003747203480616801
5892,5,20,yes,1,0.00614129254867346,0.00614129254867346
5893,5,20,yes,1,-0.00614129254867346,0.00614129254867346
6639,5,21,no,3,-0.010821906849225654,0.010821906849225654
6640,5,21,yes,1,-0.0034694475658122448,0.0034694475658122448
4703,5,19,no,12,0.08299778625854098,0.08299778625854098
5894,5,20,yes,5,0.03126213263350108,0.03126213263350108
5895,5,20,yes,3,0.01937471388687645,0.01937471388687645
4704,5,19,no,1,-0.0068484456234291224,0.0068484456234291224
4705,5,19,no,9,-0.06227205321062962,0.06227205321062962
3855,5,17,yes,2,0.0022116873129396156,0.0022116873129396156
4706,5,19,no,1,0.006943997948260672,0.006943997948260672
4707,5,19,no,3,-0.020821285372742915,0.020821285372742915
3856,5,17,no,1,-0.0011199259363911113,0.0011199259363911113
5896,5,20,no,1,0.006549739658341158,0.006549739658341158
6641,5,21,yes,9,0.03374130564181521,0.03374130564181521
4708,5,19,no,1,-0.00692794968177024,0.00692794968177024
6642,5,21,no,1,-0.004033734929106997,0.004033734929106997
6643,5,21,no,1,-0.003961402534739644,0.003961402534739644
5897,5,20,no,1,-0.006549739658341158,0.006549739658341158
6644,5,21,yes,1,-0.003889511089587072,0.003889511089587072
6645,5,21,yes,9,-0.03186081208856484,0.03186081208856484
3216,3,11,no,2,-0.011335714615182013,0.011335714615182013
4709,5,19,yes,4,-0.027578820207855848,0.027578820207855848
4710,5,19,yes,1,0.0068695272890921255,0.0068695272890921255
4711,5,19,no,5,-0.03411167848903779,0.03411167848903779
5898,5,20,no,10,-0.06274164546346106,0.06274164546346106
5899,5,20,yes,1,-0.005960635697199068,0.005960635697199068
6646,5,21,yes,1,0.0032680614992418033,0.0032680614992418033
5900,5,20,yes,1,0.005960635697199068,0.005960635697199068
3987,5,18,yes,6,0.0066402572536180815,0.0066402572536180815
5901,5,20,yes,10,0.06274164546346106,0.06274164546346106
5902,5,20,no,4,-0.025734888661890165,0.025734888661890165
5903,5,20,yes,1,0.006360174775013716,0.006360174775013716
6647,5,21,yes,17,0.06621811999429361,0.06621811999429361
6648,5,21,no,1,-0.004474578305496774,0.004474578305496774
5904,5,20,no,1,0.006410485830370238,0.006410485830370238
6649,5,21,no,1,-0.004400521639892407,0.004400521639892407
6650,5,21,no,1,-0.004326632768974686,0.004326632768974686
6651,5,21,yes,1,-0.004252962151704648,0.004252962151704648
5905,5,20,no,1,-0.006410485830370238,0.006410485830370238
4712,5,19,yes,7,0.047903693108910794,0.047903693108910794
6652,5,21,yes,6,0.02662642874436627,0.02662642874436627
6653,5,21,no,10,-0.04290759219368126,0.04290759219368126
5906,5,20,no,1,-0.006360174775013716,0.006360174775013716
5907,5,20,yes,1,-0.006308029388133907,0.006308029388133907
4713,5,19,yes,1,0.006917278298890717,0.006917278298890717
4714,5,19,yes,17,0.11705861114593968,0.11705861114593968
4715,5,19,no,1,-0.0067391696291118075,0.0067391696291118075
4716,5,19,yes,14,-0.0964555242083196,0.0964555242083196
6654,5,21,no,1,-0.003889511089587072,0.003889511089587072
4717,5,19,no,7,-0.04829118313979325,0.04829118313979325
4718,5,19,yes,2,0.013717972912521248,0.013717972912521248
6655,5,21,yes,2,0.007850913624326716,0.007850913624326716
3988,5,18,no,11,-0.011445034455782599,0.011445034455782599
5908,5,20,yes,4,0.02553758430190539,0.02553758430190539
3857,5,17,no,1,-0.0010917613765485043,0.0010917613765485043
4719,5,19,yes,1,0.00688804475647703,0.00688804475647703
6656,5,21,no,1,-0.003961402534739644,0.003961402534739644
6657,5,21,yes,3,-0.011454813762930671,0.011454813762930671
5909,5,20,yes,1,-0.0064588943083875305,0.0064588943083875305
5910,5,20,yes,1,-0.006410485830370238,0.006410485830370238
4720,5,19,no,6,0.04157048321679985,0.04157048321679985
4721,5,19,no,1,0.006943997948260727,0.006943997948260727
4722,5,19,no,1,-0.006943997948260727,0.006943997948260727
4723,5,19,no,1,-0.006943997948260672,0.006943997948260672
3217,3,11,no,1,-0.0057680800157665635,0.0057680800157665635
5911,5,20,no,1,-0.006360174775013716,0.006360174775013716
4724,5,19,no,1,-0.006941319797744205,0.006941319797744205
6658,5,21,yes,6,0.023556418925441164,0.023556418925441164
6659,5,21,yes,8,-0.030840375017069432,0.030840375017069432
3989,5,18,yes,13,0.013892678254371675,0.013892678254371675
3218,3,11,no,3,-0.0176917683483534,0.0176917683483534
6660,5,21,yes,1,0.003607097447810126,0.003607097447810126
4725,5,19,yes,6,0.04163455280051809,0.04163455280051809
4726,5,19,yes,1,0.006917278298890772,0.006917278298890772
4727,5,19,no,7,-0.04855183109940886,0.04855183109940886
3990,5,18,no,10,-0.011084413030784397,0.011084413030784397
5912,5,20,yes,1,-0.006308029388133907,0.006308029388133907
3858,5,17,yes,1,0.0010917613765485043,0.0010917613765485043
3219,3,11,no,1,0.005960635697198957,0.005960635697198957
5913,5,20,no,1,-0.006254119513938561,0.006254119513938561
5914,5,20,yes,10,-0.05924017087880035,0.05924017087880035
5915,5,20,yes,1,0.005634110153561633,0.005634110153561633
4728,5,19,yes,1,0.006941319797744205,0.006941319797744205
2738,3,10,no,7,0.015503698284495271,0.015503698284495271
6661,5,21,yes,1,0.0036768586438181428,0.0036768586438181428
4729,5,19,yes,7,-0.04838405731410833,0.04838405731410833
5916,5,20,yes,3,0.0173031455256486,0.0173031455256486
5917,5,20,no,8,0.04886506410166258,0.04886506410166258
3991,5,18,yes,1,0.0009854271973470732,0.0009854271973470732
6662,5,21,yes,1,0.003747203480616801,0.003747203480616801
5918,5,20,no,1,-0.006308029388133907,0.006308029388133907
5919,5,20,yes,3,-0.01859392847035346,0.01859392847035346
6663,5,21,yes,1,-0.003747203480616801,0.003747203480616801
3859,5,17,yes,3,0.0034469031844259687,0.0034469031844259687
5920,5,20,yes,1,0.00614129254867346,0.00614129254867346
3220,3,11,yes,4,-0.024206727188956,0.024206727188956
4730,5,19,yes,2,0.013757572045569155,0.013757572045569155
3221,3,11,no,1,0.00614129254867346,0.00614129254867346
4731,5,19,yes,17,0.11737053683260018,0.11737053683260018
4732,5,19,no,2,-0.013623552730002264,0.013623552730002264
6664,5,21,yes,2,0.007565302673343599,0.007565302673343599
4733,5,19,no,13,-0.08992573594031122,0.08992573594031122
5921,5,20,yes,5,0.03153132591519786,0.03153132591519786
3222,3,11,no,1,0.006082521453160905,0.006082521453160905
6665,5,21,yes,11,-0.038200669961739514,0.038200669961739514
3223,3,11,yes,4,0.023714045838276077,0.023714045838276077
4734,5,19,yes,5,0.03469323300277388,0.03469323300277388
4735,5,19,no,1,-0.006943997948260727,0.006943997948260727
4736,5,19,no,7,0.04845852797327699,0.04845852797327699
5922,5,20,yes,1,-0.006410485830370238,0.006410485830370238
4737,5,19,no,10,-0.0692798133460199,0.0692798133460199
3860,5,17,no,7,-0.007651342034848248,0.007651342034848248
6666,5,21,yes,15,0.05419178621383708,0.05419178621383708
4738,5,19,no,1,-0.00692794968177024,0.00692794968177024
4739,5,19,yes,13,0.08992573594031122,0.08992573594031122
4740,5,19,yes,13,-0.08992573594031122,0.08992573594031122
3992,5,18,yes,1,0.0010110847812301663,0.0010110847812301663
4741,5,19,no,1,-0.006917278298890717,0.006917278298890717
6667,5,21,yes,1,-0.0041064676986638515,0.0041064676986638515
4742,5,19,no,13,0.08999456861577282,0.08999456861577282
4743,5,19,no,1,-0.006869527289091959,0.006869527289091959
4744,5,19,yes,11,-0.07620776302779014,0.07620776302779014
3224,3,11,yes,1,0.0057680800157665635,0.0057680800157665635
6668,5,21,no,2,-0.007995137463846641,0.007995137463846641
4745,5,19,yes,16,0.11031944151682788,0.11031944151682788
4746,5,19,no,13,-0.0895142044105754,0.0895142044105754
6669,5,21,no,1,0.003961402534739644,0.003961402534739644
3993,5,18,yes,13,0.015771831358991857,0.015771831358991857
3994,5,18,no,9,-0.011458551353408633,0.011458551353408633
3995,5,18,no,1,-0.0011199259363911113,0.0011199259363911113
4747,5,19,yes,1,0.006943997948260672,0.006943997948260672
5923,5,20,no,1,-0.006360174775013716,0.006360174775013716
5924,5,20,yes,11,0.07239416624794431,0.07239416624794431
6670,5,21,no,2,0.008140202627770848,0.008140202627770848
4748,5,19,yes,1,0.006943997948260727,0.006943997948260727
3996,5,18,no,1,-0.0010917613765485043,0.0010917613765485043
5925,5,20,no,1,-0.006770152846514277,0.006770152846514277
4749,5,19,yes,9,0.062057334619929794,0.062057334619929794
5926,5,20,no,1,-0.006739169629111863,0.006739169629111863
5927,5,20,no,1,-0.006705817235090283,0.006705817235090283
6671,5,21,yes,1,-0.0041064676986638515,0.0041064676986638515
4750,5,19,no,11,-0.07594533051645119,0.07594533051645119
5928,5,20,yes,10,0.06826595827200366,0.06826595827200366
4751,5,19,yes,11,0.07594533051645119,0.07594533051645119
5929,5,20,yes,1,0.00692794968177024,0.00692794968177024
6672,5,21,yes,1,-0.004033734929106997,0.004033734929106997
4752,5,19,no,1,-0.0068248316823924515,0.0068248316823924515
4753,5,19,no,11,-0.07606181863180295,0.07606181863180295
5930,5,20,no,1,-0.00692794968177024,0.00692794968177024
3225,3,11,no,1,-0.0057680800157665635,0.0057680800157665635
5931,5,20,no,1,-0.006917278298890717,0.006917278298890717
5932,5,20,yes,14,-0.09429815159656935,0.09429815159656935
6673,5,21,no,1,0.004033734929106997,0.004033734929106997
3861,5,17,yes,1,0.0010110847812301663,0.0010110847812301663
6674,5,21,no,1,-0.004033734929106997,0.004033734929106997
5933,5,20,no,1,-0.0064588943083875305,0.0064588943083875305
4754,5,19,no,7,-0.04829118313979325,0.04829118313979325
4755,5,19,yes,1,-0.006824831682392396,0.006824831682392396
4756,5,19,yes,1,0.006824831682392396,0.006824831682392396
4757,5,19,yes,1,0.0068484456234291224,0.0068484456234291224
5934,5,20,yes,1,0.0064588943083875305,0.0064588943083875305
5935,5,20,no,10,-0.06219694741254145,0.06219694741254145
5936,5,20,yes,2,-0.011731132651154441,0.011731132651154441
5937,5,20,yes,1,0.005833461048261823,0.005833461048261823
5938,5,20,no,7,0.042557034713528674,0.042557034713528674
4758,5,19,yes,2,-0.013673277305821518,0.013673277305821518
5939,5,20,no,5,-0.030698727413436988,0.030698727413436988
6675,5,21,no,8,0.034323206147459484,0.034323206147459484
5940,5,20,yes,1,0.006022277489922567,0.006022277489922567
4759,5,19,yes,1,0.006824831682392396,0.006824831682392396
6676,5,21,no,1,-0.004548750366815624,0.004548750366815624
5941,5,20,yes,1,0.006082521453160961,0.006082521453160961
6677,5,21,no,1,-0.004474578305496774,0.004474578305496774
4760,5,19,yes,8,0.05523250293753745,0.05523250293753745
5942,5,20,no,4,-0.023963106243175214,0.023963106243175214
5943,5,20,no,1,0.005897671602892618,0.005897671602892618
4761,5,19,yes,8,0.05540252592153766,0.05540252592153766
6678,5,21,yes,8,-0.0331507910994738,0.0331507910994738
5944,5,20,yes,1,0.005960635697199068,0.005960635697199068
4762,5,19,no,3,-0.020709292918763778,0.020709292918763778
6679,5,21,yes,1,0.003889511089587072,0.003889511089587072
4763,5,19,no,1,-0.00692794968177024,0.00692794968177024
4764,5,19,yes,1,-0.006935967626738093,0.006935967626738093
5945,5,20,yes,2,0.012104798943083528,0.012104798943083528
3862,5,17,yes,15,0.01868672929573347,0.01868672929573347
4765,5,19,no,1,0.006935967626738093,0.006935967626738093
5946,5,20,yes,1,-0.006082521453160961,0.006082521453160961
4766,5,19,yes,1,-0.006935967626738093,0.006935967626738093
4767,5,19,no,4,-0.027770635492009754,0.027770635492009754
3863,5,17,no,9,-0.01204647204211539,0.01204647204211539
5947,5,20,no,1,-0.006022277489922567,0.006022277489922567
3997,5,18,yes,1,0.0010917613765485043,0.0010917613765485043
3864,5,17,no,7,-0.007651342034848248,0.007651342034848248
6680,5,21,yes,1,-0.003889511089587072,0.003889511089587072
4768,5,19,no,1,-0.006935967626738038,0.006935967626738038
5948,5,20,yes,1,0.006022277489922567,0.006022277489922567
5949,5,20,no,2,0.012223814001834421,0.012223814001834421
4769,5,19,no,1,0.006935967626738038,0.006935967626738038
3226,3,11,no,1,0.0057680800157665635,0.0057680800157665635
5950,5,20,yes,1,0.006198516407741439,0.006198516407741439
3227,3,11,yes,1,0.005701604461620269,0.005701604461620269
6681,5,21,no,1,-0.003818099192726798,0.003818099192726798
3998,5,18,no,1,-0.0010917613765485043,0.0010917613765485043
5951,5,20,yes,1,0.006254119513938561,0.006254119513938561
6682,5,21,yes,1,-0.003747203480616801,0.003747203480616801
5952,5,20,no,17,-0.09783394960904979,0.09783394960904979
5953,5,20,yes,1,0.005211931590258845,0.005211931590258845
5954,5,20,no,1,0.005283976781832733,0.005283976781832733
4770,5,19,yes,4,0.027770635492009754,0.027770635492009754
4771,5,19,yes,1,0.006935967626738093,0.006935967626738093
4772,5,19,yes,1,-0.006935967626738093,0.006935967626738093
5955,5,20,yes,6,0.03317946545940126,0.03317946545940126
5956,5,20,yes,1,-0.005701604461620324,0.005701604461620324
4773,5,19,yes,4,0.027685165470795026,0.027685165470795026
4774,5,19,yes,1,-0.00690396986339592,0.00690396986339592
4775,5,19,yes,10,-0.06933302670680785,0.06933302670680785
5957,5,20,yes,1,0.005701604461620324,0.005701604461620324
5958,5,20,no,1,-0.005701604461620324,0.005701604461620324
5959,5,20,no,1,-0.005634110153561633,0.005634110153561633
5960,5,20,yes,1,-0.00556567251430401,0.00556567251430401
5961,5,20,no,1,-0.005496366471083369,0.005496366471083369
5962,5,20,no,2,-0.010781711858831922,0.010781711858831922
5963,5,20,no,7,-0.03545957068585434,0.03545957068585434
5964,5,20,yes,9,0.04624128254468626,0.04624128254468626
4776,5,19,no,15,0.10366784592159439,0.10366784592159439
4777,5,19,no,1,-0.0068248316823924515,0.0068248316823924515
4778,5,19,yes,14,0.09232574836608065,0.09232574836608065
4779,5,19,no,12,-0.07870219563607839,0.07870219563607839
5965,5,20,yes,1,0.005496366471083369,0.005496366471083369
4780,5,19,no,7,-0.04805081856128712,0.04805081856128712
5966,5,20,yes,2,0.011199782667865643,0.011199782667865643
4781,5,19,no,1,-0.00692794968177024,0.00692794968177024
5967,5,20,no,7,-0.03797376936987251,0.03797376936987251
4782,5,19,yes,7,0.04818004719544755,0.04818004719544755
4783,5,19,no,2,-0.013673277305821574,0.013673277305821574
4784,5,19,no,1,-0.006869527289091959,0.006869527289091959
3228,3,11,no,1,0.005634110153561744,0.005634110153561744
5968,5,20,yes,1,0.005211931590258845,0.005211931590258845
4785,5,19,yes,1,-0.006888044756477085,0.006888044756477085
6683,5,21,no,1,-0.0036768586438181428,0.0036768586438181428
5969,5,20,yes,7,0.03846344224123399,0.03846344224123399
4786,5,19,no,2,0.013757572045569044,0.013757572045569044
3229,3,11,yes,3,-0.017103794630948577,0.017103794630948577
5970,5,20,yes,1,0.0057680800157664525,0.0057680800157664525
4787,5,19,no,1,-0.006869527289091959,0.006869527289091959
4788,5,19,no,1,-0.006888044756477085,0.006888044756477085
5971,5,20,yes,1,0.005833461048261823,0.005833461048261823
4789,5,19,no,7,-0.048514481165060575,0.048514481165060575
3230,3,11,no,2,0.011469684477386832,0.011469684477386832
4790,5,19,no,6,-0.041514530025016205,0.041514530025016205
6684,5,21,yes,1,0.0036768586438181428,0.0036768586438181428
4791,5,19,yes,9,0.062343845719281754,0.062343845719281754
5972,5,20,no,1,-0.005833461048261823,0.005833461048261823
5973,5,20,yes,11,0.06746918575530836,0.06746918575530836
5974,5,20,yes,1,-0.006410485830370238,0.006410485830370238
5975,5,20,no,1,-0.006360174775013716,0.006360174775013716
5976,5,20,yes,1,-0.006308029388133907,0.006308029388133907
5977,5,20,no,20,-0.1130327577919972,0.1130327577919972
5978,5,20,no,5,-0.023856465630079232,0.023856465630079232
5979,5,20,yes,9,0.04426720540328549,0.04426720540328549
6685,5,21,no,1,-0.0036768586438181428,0.0036768586438181428
4792,5,19,yes,1,0.006935967626738093,0.006935967626738093
6686,5,21,yes,1,-0.003607097447810126,0.003607097447810126
5980,5,20,yes,4,0.021562055111748024,0.021562055111748024
5981,5,20,no,12,0.07105996290704292,0.07105996290704292
5982,5,20,no,2,-0.01245263592168,0.01245263592168
6687,5,21,yes,9,-0.029434750293344886,0.029434750293344886
3231,3,11,no,2,-0.011469684477386832,0.011469684477386832
5983,5,20,yes,7,-0.04170593985587695,0.04170593985587695
4793,5,19,yes,15,-0.10339149183505764,0.10339149183505764
5984,5,20,no,1,0.0057680800157664525,0.0057680800157664525
4794,5,19,yes,5,0.03411167848903779,0.03411167848903779
5985,5,20,no,1,-0.0057680800157664525,0.0057680800157664525
6688,5,21,yes,3,0.009220811034864773,0.009220811034864773
3865,5,17,yes,4,0.004204438850422279,0.004204438850422279
4795,5,19,yes,1,0.00688804475647703,0.00688804475647703
4796,5,19,no,7,0.048514481165060575,0.048514481165060575
5986,5,20,yes,4,0.023459848364119962,0.023459848364119962
4797,5,19,yes,1,0.00694131979774415,0.00694131979774415
4798,5,19,yes,1,-0.00694131979774415,0.00694131979774415
3866,5,17,no,3,-0.003193354069192113,0.003193354069192113
6689,5,21,yes,14,0.051054314275549545,0.051054314275549545
6690,5,21,yes,1,-0.0041064676986638515,0.0041064676986638515
5987,5,20,yes,1,-0.005960635697199068,0.005960635697199068
5988,5,20,no,2,-0.011731132651154441,0.011731132651154441
3867,5,17,yes,1,0.0010373521350486442,0.0010373521350486442
5989,5,20,yes,1,-0.0057680800157664525,0.0057680800157664525
5990,5,20,no,8,-0.043675373831492836,0.043675373831492836
3232,3,11,no,1,-0.005833461048261657,0.005833461048261657
4799,5,19,no,19,0.12847956131009997,0.12847956131009997
4800,5,19,no,1,-0.0064588943083874195,0.0064588943083874195
5991,5,20,no,1,0.005211931590258845,0.005211931590258845
4801,5,19,no,6,-0.039655288858546744,0.039655288858546744
4802,5,19,no,1,-0.0067391696291118075,0.0067391696291118075
5992,5,20,yes,1,0.005283976781832733,0.005283976781832733
4803,5,19,yes,7,0.04639445848765855,0.04639445848765855
5993,5,20,yes,1,0.005355445547161886,0.005355445547161886
5994,5,20,yes,1,0.005426266311670036,0.005426266311670036
4804,5,19,no,7,-0.04639445848765855,0.04639445848765855
5995,5,20,yes,9,0.051879879454611866,0.051879879454611866
4805,5,19,no,1,0.0067391696291118075,0.0067391696291118075
6691,5,21,yes,1,0.0041064676986638515,0.0041064676986638515
6692,5,21,no,1,0.004179558286804497,0.004179558286804497
5996,5,20,no,7,-0.04081784046922449,0.04081784046922449
6693,5,21,yes,2,0.008579594920679334,0.008579594920679334
4806,5,19,no,6,-0.04085084811814954,0.04085084811814954
6694,5,21,no,1,-0.004326632768974686,0.004326632768974686
5997,5,20,yes,1,0.005634110153561633,0.005634110153561633
6695,5,21,no,1,-0.004252962151704648,0.004252962151704648
4807,5,19,yes,6,-0.04151453002501626,0.04151453002501626
5998,5,20,yes,1,-0.005634110153561633,0.005634110153561633
5999,5,20,no,6,-0.03233965921631088,0.03233965921631088
6000,5,20,no,10,0.05527691489552111,0.05527691489552111
4808,5,19,yes,10,0.0688560556675396,0.0688560556675396
4809,5,19,no,1,-0.0067987210476098126,0.0067987210476098126
6001,5,20,yes,1,-0.005833461048261823,0.005833461048261823
6696,5,21,no,1,0.004252962151704648,0.004252962151704648
4810,5,19,no,1,-0.0068248316823924515,0.0068248316823924515
4811,5,19,no,1,-0.0068484456234291224,0.0068484456234291224
6002,5,20,no,1,-0.0057680800157664525,0.0057680800157664525
3233,3,11,yes,3,0.01730314552564849,0.01730314552564849
3999,5,18,yes,11,0.013670238666348249,0.013670238666348249
4000,5,18,no,1,-0.0014042374014612488,0.0014042374014612488
4812,5,19,yes,1,0.0068484456234291224,0.0068484456234291224
4813,5,19,yes,4,-0.027509987532394087,0.027509987532394087
6003,5,20,no,1,-0.005701604461620324,0.005701604461620324
6004,5,20,yes,14,0.08539776454108267,0.08539776454108267
6005,5,20,yes,1,-0.0064588943083875305,0.0064588943083875305
6006,5,20,no,4,-0.025332809507456422,0.025332809507456422
4814,5,19,no,13,-0.08999456861577299,0.08999456861577299
4815,5,19,yes,1,0.0068695272890921255,0.0068695272890921255
4816,5,19,yes,11,0.07620776302779009,0.07620776302779009
6007,5,20,no,1,-0.006198516407741439,0.006198516407741439
3868,5,17,no,1,0.0010642405575949643,0.0010642405575949643
6008,5,20,no,12,-0.06952995976811632,0.06952995976811632
4817,5,19,yes,2,0.013821248162286692,0.013821248162286692
4001,5,18,no,9,-0.011174239888338496,0.011174239888338496
6009,5,20,yes,8,-0.04081501623301623,0.04081501623301623
4818,5,19,yes,14,0.09385307604156079,0.09385307604156079
3869,5,17,yes,1,0.0010917613765485043,0.0010917613765485043
4002,5,18,no,1,-0.0010917613765485043,0.0010917613765485043
3870,5,17,no,17,0.02343784293411233,0.02343784293411233
6697,5,21,yes,7,0.031842094580443375,0.031842094580443375
6010,5,20,no,1,-0.004771406440793768,0.004771406440793768
4819,5,19,no,1,-0.0064588943083874195,0.0064588943083874195
4820,5,19,yes,1,-0.00650533374811868,0.00650533374811868
6698,5,21,yes,1,-0.004771406440793768,0.004771406440793768
4821,5,19,no,1,-0.006549739658341158,0.006549739658341158
6011,5,20,no,4,0.01952929595938746,0.01952929595938746
4822,5,19,no,1,-0.006592049699952862,0.006592049699952862
3871,5,17,yes,7,0.012859424511455816,0.012859424511455816
6012,5,20,yes,4,0.02070168116726065,0.02070168116726065
6013,5,20,yes,10,0.05663931382352122,0.05663931382352122
3872,5,17,no,3,-0.005774450021555855,0.005774450021555855
6699,5,21,yes,11,-0.047604813740669244,0.047604813740669244
4823,5,19,no,8,-0.053989486581191626,0.053989486581191626
3873,5,17,no,5,-0.008752169922622635,0.008752169922622635
6700,5,21,yes,1,-0.003889511089587072,0.003889511089587072
6701,5,21,yes,1,0.003889511089587072,0.003889511089587072
4824,5,19,yes,1,0.0068484456234291224,0.0068484456234291224
4825,5,19,yes,7,0.0471410409577625,0.0471410409577625
6014,5,20,yes,1,0.006022277489922567,0.006022277489922567
3874,5,17,no,3,-0.004765070821573507,0.004765070821573507
4826,5,19,no,5,-0.03351748822776024,0.03351748822776024
6702,5,21,yes,4,-0.015131672406748814,0.015131672406748814
4827,5,19,no,3,-0.020471998353431387,0.020471998353431387
6703,5,21,no,6,-0.020618650771403096,0.020618650771403096
6015,5,20,yes,5,0.030984479311648327,0.030984479311648327
6016,5,20,yes,12,-0.07180231978087281,0.07180231978087281
3875,5,17,no,1,-0.0015122014532747904,0.0015122014532747904
4828,5,19,no,1,-0.006869527289091959,0.006869527289091959
3876,5,17,no,13,-0.016585136603089863,0.016585136603089863
6704,5,21,yes,1,-0.003202385934887142,0.003202385934887142
6705,5,21,yes,1,0.003202385934887142,0.003202385934887142
4829,5,19,yes,14,0.09337551711545411,0.09337551711545411
4830,5,19,yes,1,0.006360174775013605,0.006360174775013605
4831,5,19,yes,9,-0.058884843772318174,0.058884843772318174
3877,5,17,yes,1,0.0010917613765485043,0.0010917613765485043
6706,5,21,no,1,-0.003202385934887142,0.003202385934887142
4832,5,19,no,1,-0.0067391696291118075,0.0067391696291118075
6707,5,21,yes,8,0.02749789535010838,0.02749789535010838
4833,5,19,yes,1,-0.006770152846514388,0.006770152846514388
4834,5,19,no,1,-0.0067987210476098126,0.0067987210476098126
4835,5,19,no,9,-0.062057334619929794,0.062057334619929794
4836,5,19,yes,16,0.10896559359525271,0.10896559359525271
4837,5,19,no,1,-0.006592049699952862,0.006592049699952862
6708,5,21,no,10,0.0407160937728174,0.0407160937728174
6017,5,20,no,1,-0.00556567251430401,0.00556567251430401
4838,5,19,no,1,-0.006632203865068909,0.006632203865068909
4839,5,19,no,1,-0.0066701446519749075,0.0066701446519749075
6709,5,21,yes,1,-0.004400521639892407,0.004400521639892407
4840,5,19,no,1,-0.006705817235090228,0.006705817235090228
3878,5,17,no,13,-0.012219095443195428,0.012219095443195428
6018,5,20,yes,1,0.00556567251430401,0.00556567251430401
3879,5,17,yes,1,0.0008007802138383577,0.0008007802138383577
6710,5,21,yes,1,0.004400521639892407,0.004400521639892407
6711,5,21,no,1,-0.004400521639892407,0.004400521639892407
4841,5,19,no,1,-0.0067391696291118075,0.0067391696291118075
4842,5,19,no,6,0.03988912473953987,0.03988912473953987
4843,5,19,no,20,-0.13634464894785947,0.13634464894785947
4844,5,19,no,5,-0.034573210227272,0.034573210227272
4845,5,19,yes,1,0.00688804475647703,0.00688804475647703
4846,5,19,yes,1,0.006903969863395976,0.006903969863395976
6019,5,20,yes,1,0.005634110153561633,0.005634110153561633
4847,5,19,no,7,0.04855183109940875,0.04855183109940875
6020,5,20,no,1,-0.005634110153561633,0.005634110153561633
4848,5,19,yes,2,0.013863917308508333,0.013863917308508333
4849,5,19,yes,11,0.07493610292397845,0.07493610292397845
6021,5,20,yes,7,-0.037479039618210835,0.037479039618210835
4850,5,19,no,1,-0.0066701446519749075,0.0066701446519749075
4851,5,19,no,3,-0.020215139710716423,0.020215139710716423
6022,5,20,no,7,0.037479039618210835,0.037479039618210835
4852,5,19,no,7,-0.04805081856128712,0.04805081856128712
4853,5,19,yes,5,0.03442726583128486,0.03442726583128486
3880,5,17,yes,15,0.014865218413783039,0.014865218413783039
4854,5,19,yes,17,0.110919676836434,0.110919676836434
6023,5,20,no,19,0.1173112016661258,0.1173112016661258
4855,5,19,no,1,-0.00614129254867346,0.00614129254867346
4856,5,19,no,11,-0.07093969184704185,0.07093969184704185
4857,5,19,no,1,-0.006705817235090228,0.006705817235090228
6024,5,20,no,11,-0.07041083974374035,0.07041083974374035
4858,5,19,yes,16,-0.11013066146416944,0.11013066146416944
6025,5,20,no,6,-0.03556464730720349,0.03556464730720349
3881,5,17,no,7,-0.007651342034848248,0.007651342034848248
4859,5,19,yes,3,0.020821285372742915,0.020821285372742915
6026,5,20,no,8,-0.043675373831492836,0.043675373831492836
6027,5,20,no,1,0.005211931590258845,0.005211931590258845
4860,5,19,yes,6,0.0415704832167999,0.0415704832167999
4861,5,19,yes,4,0.027430849351390618,0.027430849351390618
6028,5,20,yes,1,0.005283976781832733,0.005283976781832733
6029,5,20,yes,4,0.0218437508442193,0.0218437508442193
6030,5,20,no,1,-0.00556567251430401,0.00556567251430401
3882,5,17,yes,7,0.007651342034848248,0.007651342034848248
6712,5,21,no,1,-0.004326632768974686,0.004326632768974686
3883,5,17,no,3,0.0037184451854470196,0.0037184451854470196
6713,5,21,yes,6,-0.02442363669060671,0.02442363669060671
6031,5,20,no,2,-0.010922632782753405,0.010922632782753405
3884,5,17,no,7,0.009840228309943161,0.009840228309943161
6032,5,20,yes,1,0.005426266311670036,0.005426266311670036
6033,5,20,no,11,-0.055709910532468015,0.055709910532468015
4862,5,19,yes,1,0.0067987210476098126,0.0067987210476098126
4863,5,19,no,1,-0.0067987210476098126,0.0067987210476098126
6034,5,20,no,11,-0.04679710328326833,0.04679710328326833
3885,5,17,no,9,-0.012350278013813623,0.012350278013813623
6035,5,20,yes,2,0.007850913624326716,0.007850913624326716
3886,5,17,no,6,-0.006811300600145995,0.006811300600145995
4864,5,19,yes,6,0.04031620927537005,0.04031620927537005
4865,5,19,no,11,-0.07465102849015659,0.07465102849015659
6714,5,21,yes,1,-0.003818099192726798,0.003818099192726798
4866,5,19,yes,16,0.10716753173532712,0.10716753173532712
6715,5,21,no,1,-0.003747203480616801,0.003747203480616801
4867,5,19,no,1,-0.006410485830370405,0.006410485830370405
6036,5,20,yes,1,0.004033734929106997,0.004033734929106997
6037,5,20,no,13,0.05913897223621006,0.05913897223621006
4868,5,19,yes,2,-0.0129642280565061,0.0129642280565061
6716,5,21,yes,1,-0.0036768586438181428,0.0036768586438181428
4869,5,19,no,1,-0.006549739658341158,0.006549739658341158
4870,5,19,yes,9,-0.06058153628114449,0.06058153628114449
4871,5,19,no,13,0.08650598982636215,0.08650598982636215
6038,5,20,yes,1,0.005066392393269115,0.005066392393269115
4872,5,19,yes,1,-0.006410485830370405,0.006410485830370405
6039,5,20,yes,1,0.005139380401899957,0.005139380401899957
6717,5,21,yes,3,-0.010614495771219756,0.010614495771219756
3887,5,17,yes,12,0.014734479223943213,0.014734479223943213
4003,5,18,yes,9,0.010896228297313008,0.010896228297313008
4873,5,19,no,1,-0.0064588943083874195,0.0064588943083874195
6718,5,21,no,4,-0.013206540935070482,0.013206540935070482
6719,5,21,yes,4,0.013206540935070482,0.013206540935070482
3888,5,17,no,1,-0.0014042374014612488,0.0014042374014612488
4874,5,19,yes,1,0.0064588943083874195,0.0064588943083874195
4004,5,18,no,1,-0.0013360527153829932,0.0013360527153829932
6040,5,20,yes,1,0.005211931590258845,0.005211931590258845
6041,5,20,yes,1,0.005283976781832733,0.005283976781832733
6720,5,21,yes,6,0.021856657088381498,0.021856657088381498
4875,5,19,no,10,-0.06642222669017017,0.06642222669017017
6721,5,21,yes,3,0.011884648553433713,0.011884648553433713
3889,5,17,no,1,-0.0013697729675739914,0.0013697729675739914
6722,5,21,yes,1,0.0041064676986638515,0.0041064676986638515
6723,5,21,yes,7,0.030805987031170767,0.030805987031170767
6042,5,20,no,1,0.005355445547161886,0.005355445547161886
4005,5,18,no,4,-0.005021511020955542,0.005021511020955542
6724,5,21,yes,8,-0.03491245472983462,0.03491245472983462
4876,5,19,no,4,-0.027430849351390618,0.027430849351390618
4877,5,19,yes,4,0.027430849351390618,0.027430849351390618
4878,5,19,yes,1,0.0067987210476098126,0.0067987210476098126
6043,5,20,no,1,0.005426266311670036,0.005426266311670036
6725,5,21,yes,1,0.0041064676986638515,0.0041064676986638515
4006,5,18,no,10,-0.010533033712766537,0.010533033712766537
6044,5,20,no,1,-0.005426266311670036,0.005426266311670036
3890,5,17,no,1,-0.0013360527153829932,0.0013360527153829932
6726,5,21,yes,6,0.026183003519688636,0.026183003519688636
4007,5,18,yes,1,0.0009358963557673378,0.0009358963557673378
6727,5,21,no,1,-0.004548750366815624,0.004548750366815624
6728,5,21,no,1,-0.004474578305496774,0.004474578305496774
6729,5,21,yes,4,0.018343533730782513,0.018343533730782513
6730,5,21,yes,1,-0.004697221546987984,0.004697221546987984
4879,5,19,yes,11,0.07239416624794437,0.07239416624794437
4880,5,19,no,1,-0.006360174775013605,0.006360174775013605
4881,5,19,no,1,-0.006410485830370405,0.006410485830370405
4882,5,19,yes,3,-0.019513967714847258,0.019513967714847258
6731,5,21,yes,2,-0.009171733878297755,0.009171733878297755
6045,5,20,yes,7,0.03942556097626765,0.03942556097626765
4883,5,19,yes,1,-0.006592049699952862,0.006592049699952862
4884,5,19,yes,1,0.006592049699952862,0.006592049699952862
6732,5,21,yes,1,0.004548750366815624,0.004548750366815624
4885,5,19,yes,3,0.019513967714847258,0.019513967714847258
4886,5,19,yes,6,-0.039408365931843936,0.039408365931843936
6046,5,20,no,12,-0.06548268769069018,0.06548268769069018
4887,5,19,yes,7,0.04581885176221434,0.04581885176221434
4888,5,19,no,6,-0.039148707110239434,0.039148707110239434
6047,5,20,yes,3,0.015417704385427916,0.015417704385427916
4889,5,19,no,2,-0.013375961887065135,0.013375961887065135
6048,5,20,yes,10,0.055962654908154885,0.055962654908154885
6049,5,20,no,1,-0.005897671602892618,0.005897671602892618
6050,5,20,yes,1,-0.005833461048261823,0.005833461048261823
4890,5,19,no,1,-0.0067391696291118075,0.0067391696291118075
4891,5,19,no,1,-0.006770152846514388,0.006770152846514388
4892,5,19,yes,1,0.006770152846514388,0.006770152846514388
3891,5,17,no,1,-0.0013030658355085226,0.0013030658355085226
6051,5,20,yes,1,-0.0057680800157664525,0.0057680800157664525
6052,5,20,yes,1,0.0057680800157664525,0.0057680800157664525
3892,5,17,no,1,0.0013030658355085226,0.0013030658355085226
6053,5,20,no,7,-0.03894754547516771,0.03894754547516771
6054,5,20,yes,6,-0.030614092318347053,0.030614092318347053
6055,5,20,yes,1,0.004919375763308059,0.004919375763308059
4893,5,19,no,2,0.013444986864202035,0.013444986864202035
6733,5,21,yes,2,0.009320205058470116,0.009320205058470116
6734,5,21,yes,13,0.06770883812442904,0.06770883812442904
6056,5,20,no,16,-0.06984868459459223,0.06984868459459223
6735,5,21,no,1,-0.005634110153561633,0.005634110153561633
6736,5,21,yes,13,-0.0667719495178554,0.0667719495178554
6057,5,20,yes,1,0.003818099192726798,0.003818099192726798
6058,5,20,no,4,0.015991116252097565,0.015991116252097565
6059,5,20,yes,11,0.05003946914976787,0.05003946914976787
3893,5,17,yes,1,0.0013360527153829932,0.0013360527153829932
6060,5,20,no,5,-0.023856465630079232,0.023856465630079232
6737,5,21,no,1,-0.004622983511482132,0.004622983511482132
6061,5,20,no,1,0.004622983511482132,0.004622983511482132
6062,5,20,yes,1,0.004697221546987984,0.004697221546987984
4894,5,19,yes,2,0.013302348517043816,0.013302348517043816
6063,5,20,yes,1,0.004771406440793768,0.004771406440793768
4895,5,19,yes,5,0.032516503245170525,0.032516503245170525
6064,5,20,yes,11,0.05730332153007364,0.05730332153007364
4896,5,19,no,1,0.006360174775013605,0.006360174775013605
4897,5,19,no,1,-0.006360174775013605,0.006360174775013605
4898,5,19,no,1,-0.006410485830370405,0.006410485830370405
4899,5,19,no,1,-0.0064588943083874195,0.0064588943083874195
3894,5,17,no,1,-0.0013360527153829932,0.0013360527153829932
4900,5,19,no,14,-0.09429815159656929,0.09429815159656929
4901,5,19,yes,1,0.00690396986339592,0.00690396986339592
6065,5,20,no,1,-0.00556567251430401,0.00556567251430401
6738,5,21,yes,1,-0.004548750366815624,0.004548750366815624
6066,5,20,no,8,-0.041972794884954284,0.041972794884954284
6739,5,21,yes,1,-0.004474578305496774,0.004474578305496774
6067,5,20,yes,1,0.004993035387778344,0.004993035387778344
6068,5,20,no,1,0.005066392393269115,0.005066392393269115
4902,5,19,no,1,-0.00690396986339592,0.00690396986339592
4903,5,19,no,1,0.00690396986339592,0.00690396986339592
4904,5,19,yes,13,0.08739418173317337,0.08739418173317337
4905,5,19,no,1,-0.00650533374811868,0.00650533374811868
4906,5,19,no,3,-0.01977399322336293,0.01977399322336293
6740,5,21,no,1,-0.004400521639892407,0.004400521639892407
4907,5,19,no,8,-0.054226810005214676,0.054226810005214676
4908,5,19,yes,5,0.03411167848903773,0.03411167848903773
6741,5,21,yes,1,0.004400521639892407,0.004400521639892407
4909,5,19,no,1,0.0067391696291118075,0.0067391696291118075
3895,5,17,no,1,0.0013360527153829932,0.0013360527153829932
4910,5,19,yes,2,0.013375961887065135,0.013375961887065135
4911,5,19,no,1,-0.0066701446519749075,0.0066701446519749075
3896,5,17,yes,1,-0.0013360527153829932,0.0013360527153829932
3897,5,17,no,1,-0.0013030658355085226,0.0013030658355085226
3898,5,17,no,9,-0.010358702439065101,0.010358702439065101
6069,5,20,yes,1,0.005139380401899957,0.005139380401899957
6070,5,20,yes,2,0.010495908372091578,0.010495908372091578
6742,5,21,yes,5,-0.02126614254604009,0.02126614254604009
4008,5,18,yes,1,0.0009603681248038787,0.0009603681248038787
4912,5,19,no,1,-0.006705817235090228,0.006705817235090228
6071,5,20,no,11,-0.05409993255193385,0.05409993255193385
4913,5,19,no,1,-0.0067391696291118075,0.0067391696291118075
6072,5,20,yes,1,0.004548750366815624,0.004548750366815624
6073,5,20,no,1,-0.004548750366815624,0.004548750366815624
6074,5,20,no,1,-0.004474578305496774,0.004474578305496774
6075,5,20,yes,7,0.03287979430239163,0.03287979430239163
4914,5,19,yes,1,0.0067391696291118075,0.0067391696291118075
6076,5,20,no,2,0.010059427781047459,0.010059427781047459
6077,5,20,yes,1,-0.005066392393269115,0.005066392393269115
6743,5,21,yes,5,-0.019449951226777312,0.019449951226777312
6078,5,20,no,4,-0.01952929595938746,0.01952929595938746
6079,5,20,yes,1,0.004771406440793768,0.004771406440793768
6080,5,20,yes,5,0.024963662313762763,0.024963662313762763
6081,5,20,yes,12,0.0671352221956128,0.0671352221956128
6082,5,20,no,1,-0.005960635697199068,0.005960635697199068
4915,5,19,no,1,-0.0067391696291118075,0.0067391696291118075
6744,5,21,yes,1,-0.0036768586438181428,0.0036768586438181428
4916,5,19,yes,16,0.10263077020300093,0.10263077020300093
6083,5,20,no,1,-0.005897671602892618,0.005897671602892618
4917,5,19,no,1,-0.006022277489922678,0.006022277489922678
4918,5,19,no,1,-0.006082521453160905,0.006082521453160905
4919,5,19,no,1,-0.00614129254867346,0.00614129254867346
6084,5,20,yes,5,0.030104398791848674,0.030104398791848674
4920,5,19,no,2,-0.012452635921679889,0.012452635921679889
4921,5,19,yes,6,-0.038592657708365286,0.038592657708365286
6085,5,20,no,4,-0.024206727188956056,0.024206727188956056
6086,5,20,no,1,-0.005897671602892618,0.005897671602892618
4922,5,19,yes,4,0.025924453545217663,0.025924453545217663
6087,5,20,no,9,-0.05006498330526227,0.05006498330526227
6088,5,20,yes,10,0.055962654908154885,0.055962654908154885
6745,5,21,yes,9,0.03566579800776845,0.03566579800776845
4923,5,19,no,9,-0.059263838626416376,0.059263838626416376
6089,5,20,no,1,-0.005897671602892618,0.005897671602892618
6090,5,20,no,1,-0.005833461048261823,0.005833461048261823
4924,5,19,no,1,-0.006770152846514388,0.006770152846514388
6091,5,20,yes,1,0.005833461048261823,0.005833461048261823
6092,5,20,yes,1,0.005897671602892618,0.005897671602892618
4925,5,19,no,15,0.09729612410643174,0.09729612410643174
4926,5,19,no,10,-0.0637786358786715,0.0637786358786715
6093,5,20,yes,6,0.036659363110636056,0.036659363110636056
3899,5,17,yes,1,0.0010373521350486442,0.0010373521350486442
6094,5,20,yes,4,-0.02467644992351442,0.02467644992351442
4927,5,19,no,1,-0.006632203865068909,0.006632203865068909
4928,5,19,yes,1,-0.0066701446519749075,0.0066701446519749075
4929,5,19,no,1,0.0066701446519749075,0.0066701446519749075
6095,5,20,no,4,-0.023714045838276077,0.023714045838276077
4930,5,19,no,5,0.03273822127986903,0.03273822127986903
6746,5,21,yes,2,-0.008432520438509145,0.008432520438509145
3900,5,17,yes,3,0.00327592787053458,0.00327592787053458
6096,5,20,yes,11,0.06746918575530836,0.06746918575530836
4931,5,19,yes,1,0.006410485830370405,0.006410485830370405
6747,5,21,yes,11,0.05003946914976787,0.05003946914976787
4932,5,19,no,1,-0.006410485830370405,0.006410485830370405
6097,5,20,no,1,-0.006410485830370238,0.006410485830370238
6098,5,20,no,14,-0.08372816707019054,0.08372816707019054
3901,5,17,no,1,-0.0011199259363911113,0.0011199259363911113
6099,5,20,yes,1,-0.005496366471083369,0.005496366471083369
6748,5,21,no,1,-0.004919375763308059,0.004919375763308059
6749,5,21,no,1,-0.004845478367507289,0.004845478367507289
4933,5,19,no,1,-0.0064588943083874195,0.0064588943083874195
4934,5,19,no,8,-0.05316461133417294,0.05316461133417294
6750,5,21,yes,9,-0.04027461501895252,0.04027461501895252
4935,5,19,yes,1,0.006770152846514388,0.006770152846514388
4936,5,19,no,2,0.013444986864202035,0.013444986864202035
6751,5,21,yes,1,0.004179558286804497,0.004179558286804497
6752,5,21,yes,1,-0.004179558286804497,0.004179558286804497
6100,5,20,yes,9,-0.04624128254468626,0.04624128254468626
6101,5,20,yes,4,0.019824281911862807,0.019824281911862807
4937,5,19,yes,10,0.06474117543930047,0.06474117543930047
6102,5,20,no,11,0.06041629529742107,0.06041629529742107
6103,5,20,yes,1,-0.005833461048261823,0.005833461048261823
6104,5,20,no,1,-0.0057680800157664525,0.0057680800157664525
4938,5,19,no,13,-0.08495631515001689,0.08495631515001689
4939,5,19,yes,2,0.013509322475626195,0.013509322475626195
6105,5,20,no,1,-0.005701604461620324,0.005701604461620324
6106,5,20,no,12,-0.06293743168363528,0.06293743168363528
6107,5,20,no,4,0.019824281911862807,0.019824281911862807
6108,5,20,yes,5,-0.024595688352656575,0.024595688352656575
4940,5,19,no,7,-0.047738892874626626,0.047738892874626626
4941,5,19,yes,1,0.006888044756477085,0.006888044756477085
6109,5,20,no,3,-0.01386895542528574,0.01386895542528574
6110,5,20,yes,1,0.004548750366815624,0.004548750366815624
6111,5,20,yes,4,0.018937089866771173,0.018937089866771173
4942,5,19,yes,1,0.006869527289091959,0.006869527289091959
6112,5,20,yes,1,0.004919375763308059,0.004919375763308059
6753,5,21,yes,15,0.07045020892297413,0.07045020892297413
6113,5,20,yes,6,0.03105016210220088,0.03105016210220088
6754,5,21,yes,1,-0.005211931590258845,0.005211931590258845
6755,5,21,no,1,-0.005139380401899957,0.005139380401899957
4943,5,19,yes,1,0.0068484456234291224,0.0068484456234291224
6114,5,20,no,6,-0.03105016210220088,0.03105016210220088
6756,5,21,no,1,-0.005066392393269115,0.005066392393269115
3902,5,17,no,1,-0.0010917613765485043,0.0010917613765485043
6757,5,21,yes,1,-0.004993035387778344,0.004993035387778344
6758,5,21,yes,1,-0.004919375763308059,0.004919375763308059
4944,5,19,yes,1,0.0068248316823924515,0.0068248316823924515
4945,5,19,yes,1,0.0067987210476098126,0.0067987210476098126
6115,5,20,no,6,-0.028405215996894856,0.028405215996894856
6116,5,20,yes,1,0.004548750366815624,0.004548750366815624
6759,5,21,no,2,-0.009616884808301057,0.009616884808301057
4946,5,19,yes,1,0.006770152846514388,0.006770152846514388
4947,5,19,yes,5,0.033339385081198714,0.033339385081198714
6117,5,20,no,1,0.004622983511482132,0.004622983511482132
6118,5,20,yes,1,0.004697221546987984,0.004697221546987984
6119,5,20,yes,12,0.06207472797086741,0.06207472797086741
6120,5,20,yes,1,0.005634110153561633,0.005634110153561633
6121,5,20,yes,7,0.041266251768823814,0.041266251768823814
4948,5,19,no,11,0.06929138512180222,0.06929138512180222
4949,5,19,no,1,-0.006022277489922678,0.006022277489922678
4950,5,19,no,15,-0.09660849271307825,0.09660849271307825
6122,5,20,no,2,-0.012104798943083528,0.012104798943083528
6123,5,20,yes,1,0.006022277489922567,0.006022277489922567
6124,5,20,no,1,-0.006022277489922567,0.006022277489922567
6125,5,20,no,1,-0.005960635697199068,0.005960635697199068
4951,5,19,no,1,-0.006770152846514388,0.006770152846514388
6126,5,20,no,1,-0.005897671602892618,0.005897671602892618
6127,5,20,yes,1,-0.005833461048261823,0.005833461048261823
6760,5,21,yes,17,-0.06988153435282557,0.06988153435282557
6761,5,21,no,1,0.0035379507575973856,0.0035379507575973856
6762,5,21,yes,1,-0.0035379507575973856,0.0035379507575973856
4952,5,19,yes,1,0.006770152846514388,0.006770152846514388
6763,5,21,yes,6,0.022276720612156325,0.022276720612156325
6764,5,21,yes,5,0.020534125601019637,0.020534125601019637
6128,5,20,yes,4,-0.02266946714525242,0.02266946714525242
4953,5,19,yes,4,0.02674733538124585,0.02674733538124585
6129,5,20,no,1,-0.005496366471083369,0.005496366471083369
6130,5,20,yes,13,0.07655632937812629,0.07655632937812629
4954,5,19,yes,1,0.006592049699952862,0.006592049699952862
6131,5,20,yes,12,-0.07105996290704292,0.07105996290704292
6765,5,21,yes,1,0.004326632768974686,0.004326632768974686
4955,5,19,no,1,0.006549739658341158,0.006549739658341158
6766,5,21,no,1,0.004400521639892407,0.004400521639892407
4956,5,19,yes,1,0.00650533374811868,0.00650533374811868
4957,5,19,no,2,-0.013055073406459838,0.013055073406459838
4958,5,19,yes,1,-0.006592049699952862,0.006592049699952862
6132,5,20,yes,1,0.00556567251430401,0.00556567251430401
6133,5,20,yes,1,0.005634110153561633,0.005634110153561633
4959,5,19,yes,2,-0.013302348517043816,0.013302348517043816
6767,5,21,no,2,-0.008727154408867094,0.008727154408867094
6134,5,20,no,1,-0.005634110153561633,0.005634110153561633
6135,5,20,yes,9,0.05304165447105891,0.05304165447105891
6136,5,20,no,1,-0.00614129254867346,0.00614129254867346
6137,5,20,yes,10,-0.057962400907772826,0.057962400907772826
6768,5,21,yes,1,-0.004252962151704648,0.004252962151704648
6769,5,21,no,1,-0.004179558286804497,0.004179558286804497
4960,5,19,no,2,-0.013444986864202035,0.013444986864202035
6770,5,21,no,1,-0.0041064676986638515,0.0041064676986638515
4961,5,19,no,13,-0.0895142044105754,0.0895142044105754
4962,5,19,yes,1,0.006943997948260672,0.006943997948260672
6771,5,21,yes,1,0.0041064676986638515,0.0041064676986638515
4009,5,18,yes,6,0.0063097919841604636,0.0063097919841604636
4963,5,19,no,1,0.006943997948260727,0.006943997948260727
4964,5,19,yes,1,0.00694131979774415,0.00694131979774415
4965,5,19,yes,7,0.04829118313979319,0.04829118313979319
6138,5,20,yes,6,-0.03148339302609257,0.03148339302609257
6139,5,20,yes,7,0.03697975949717594,0.03697975949717594
6140,5,20,yes,1,0.00556567251430401,0.00556567251430401
6772,5,21,yes,4,-0.015991116252097565,0.015991116252097565
6773,5,21,no,2,-0.007565302673343599,0.007565302673343599
4010,5,18,no,13,-0.012538241165748181,0.012538241165748181
4966,5,19,no,1,-0.0068484456234291224,0.0068484456234291224
4967,5,19,yes,1,0.0068484456234291224,0.0068484456234291224
6141,5,20,no,15,-0.07594368339615315,0.07594368339615315
6142,5,20,no,7,0.0333982513846732,0.0333982513846732
4968,5,19,yes,1,0.0068248316823924515,0.0068248316823924515
6143,5,20,no,1,0.005066392393269115,0.005066392393269115
4969,5,19,no,1,0.0067987210476098126,0.0067987210476098126
4970,5,19,no,2,-0.013623552730002264,0.013623552730002264
6774,5,21,yes,1,-0.0036768586438181428,0.0036768586438181428
6775,5,21,yes,1,0.0036768586438181428,0.0036768586438181428
4971,5,19,yes,1,-0.0068484456234291224,0.0068484456234291224
6776,5,21,yes,6,0.023556418925441164,0.023556418925441164
4972,5,19,yes,3,0.020471998353431387,0.020471998353431387
6144,5,20,yes,16,0.09052069408926974,0.09052069408926974
6145,5,20,yes,6,-0.0359378598401105,0.0359378598401105
4973,5,19,no,1,0.006770152846514388,0.006770152846514388
6146,5,20,no,4,-0.02266946714525242,0.02266946714525242
6777,5,21,yes,5,-0.019809215444824363,0.019809215444824363
6778,5,21,no,1,-0.003747203480616801,0.003747203480616801
6147,5,20,yes,12,-0.061206277003551385,0.061206277003551385
6779,5,21,yes,1,0.003747203480616801,0.003747203480616801
4974,5,19,no,1,-0.006770152846514388,0.006770152846514388
6148,5,20,yes,2,0.009468627987781753,0.009468627987781753
6149,5,20,yes,2,0.009764854130815348,0.009764854130815348
6150,5,20,yes,11,0.05887418201444025,0.05887418201444025
6151,5,20,no,1,-0.005701604461620324,0.005701604461620324
6780,5,21,yes,1,-0.003747203480616801,0.003747203480616801
6152,5,20,no,1,-0.005634110153561633,0.005634110153561633
6153,5,20,yes,4,-0.0218437508442193,0.0218437508442193
4975,5,19,yes,1,0.006770152846514388,0.006770152846514388
4976,5,19,yes,6,0.03988912473953987,0.03988912473953987
4977,5,19,no,1,-0.006549739658341158,0.006549739658341158
6781,5,21,no,1,0.003747203480616801,0.003747203480616801
6782,5,21,yes,2,0.00770761028231387,0.00770761028231387
4978,5,19,no,4,-0.026600215452086906,0.026600215452086906
6154,5,20,no,9,-0.044928198673636094,0.044928198673636094
6783,5,21,yes,11,-0.03895270911303905,0.03895270911303905
6155,5,20,yes,3,0.014314106355289041,0.014314106355289041
6784,5,21,yes,11,0.03895270911303905,0.03895270911303905
6156,5,20,no,1,0.004919375763308059,0.004919375763308059
6157,5,20,yes,4,0.02041073977320626,0.02041073977320626
6158,5,20,yes,1,-0.005211931590258845,0.005211931590258845
4979,5,19,yes,1,0.006705817235090228,0.006705817235090228
6785,5,21,yes,6,0.024860758369994324,0.024860758369994324
4011,5,18,yes,1,0.0008219595267588975,0.0008219595267588975
6786,5,21,no,1,-0.004326632768974686,0.004326632768974686
6787,5,21,no,1,-0.004252962151704648,0.004252962151704648
4980,5,19,no,1,0.0066701446519749075,0.0066701446519749075
6159,5,20,yes,14,-0.06523827733271528,0.06523827733271528
4981,5,19,no,1,-0.0066701446519749075,0.0066701446519749075
6160,5,20,yes,14,0.06523827733271528,0.06523827733271528
6788,5,21,no,1,-0.004179558286804497,0.004179558286804497
6789,5,21,yes,1,-0.0041064676986638515,0.0041064676986638515
4982,5,19,yes,1,0.0066701446519749075,0.0066701446519749075
6161,5,20,yes,1,-0.005139380401899957,0.005139380401899957
6162,5,20,no,7,-0.03391589341112669,0.03391589341112669
6790,5,21,yes,9,-0.03374130564181521,0.03374130564181521
4983,5,19,yes,1,0.006632203865068909,0.006632203865068909
6163,5,20,yes,1,0.004622983511482132,0.004622983511482132
6164,5,20,yes,1,0.004697221546987984,0.004697221546987984
6165,5,20,yes,1,0.004771406440793768,0.004771406440793768
6791,5,21,no,13,0.050606926547962894,0.050606926547962894
6792,5,21,no,1,0.004400521639892407,0.004400521639892407
6793,5,21,no,1,-0.004400521639892407,0.004400521639892407
6166,5,20,no,12,-0.05237622018146301,0.05237622018146301
6794,5,21,yes,9,-0.036315572132924995,0.036315572132924995
4984,5,19,yes,1,0.006592049699952862,0.006592049699952862
6795,5,21,yes,1,0.003747203480616801,0.003747203480616801
4985,5,19,no,4,0.025924453545217663,0.025924453545217663
6167,5,20,yes,7,0.02926128000988673,0.02926128000988673
4986,5,19,no,1,-0.006410485830370405,0.006410485830370405
4987,5,19,no,11,-0.07324705837256262,0.07324705837256262
4988,5,19,no,1,0.0068248316823924515,0.0068248316823924515
6168,5,20,yes,4,0.018343533730782513,0.018343533730782513
6796,5,21,no,1,-0.003747203480616801,0.003747203480616801
4989,5,19,yes,1,0.0067987210476098126,0.0067987210476098126
6169,5,20,yes,1,0.004771406440793768,0.004771406440793768
4012,5,18,yes,1,0.0008436604672766614,0.0008436604672766614
4990,5,19,no,1,0.006770152846514388,0.006770152846514388
6797,5,21,no,1,-0.0036768586438181428,0.0036768586438181428
4991,5,19,no,6,-0.04099972324551482,0.04099972324551482
4992,5,19,yes,1,0.006888044756477085,0.006888044756477085
4993,5,19,yes,1,0.006869527289091959,0.006869527289091959
6170,5,20,yes,1,-0.004771406440793768,0.004771406440793768
6171,5,20,yes,7,0.03494700034481538,0.03494700034481538
4994,5,19,no,1,0.0068484456234291224,0.0068484456234291224
6172,5,20,yes,9,-0.04426720540328549,0.04426720540328549
6173,5,20,yes,5,0.023856465630079232,0.023856465630079232
4995,5,19,no,7,-0.04829118313979319,0.04829118313979319
6798,5,21,yes,11,-0.03598932421497947,0.03598932421497947
6799,5,21,yes,5,0.015370673443576371,0.015370673443576371
4996,5,19,no,1,0.006935967626738093,0.006935967626738093
6800,5,21,yes,1,0.0032680614992418033,0.0032680614992418033
4997,5,19,yes,13,0.0884962564708176,0.0884962564708176
6801,5,21,yes,1,0.003334478476924113,0.003334478476924113
6802,5,21,yes,9,0.03310918573672564,0.03310918573672564
4998,5,19,yes,1,0.006592049699952862,0.006592049699952862
6174,5,20,no,19,-0.0808798441668373,0.0808798441668373
6175,5,20,yes,9,0.03501993330387393,0.03501993330387393
6176,5,20,yes,1,0.004252962151704648,0.004252962151704648
6177,5,20,no,1,0.004326632768974686,0.004326632768974686
6178,5,20,yes,4,0.018046833823686936,0.018046833823686936
6803,5,21,yes,20,0.09465610019140963,0.09465610019140963
6804,5,21,yes,2,0.011062038985387379,0.011062038985387379
6805,5,21,no,1,-0.00556567251430401,0.00556567251430401
4013,5,18,yes,2,0.0017545639639648808,0.0017545639639648808
6806,5,21,no,1,-0.005496366471083369,0.005496366471083369
6807,5,21,no,1,-0.005426266311670036,0.005426266311670036
6808,5,21,no,4,-0.02099073432115342,0.02099073432115342
6809,5,21,no,1,-0.005066392393269115,0.005066392393269115
4999,5,19,yes,1,0.006549739658341158,0.006549739658341158
6179,5,20,no,1,-0.004622983511482132,0.004622983511482132
5000,5,19,no,4,0.02573488866189011,0.02573488866189011
5001,5,19,no,5,-0.03228462832023127,0.03228462832023127
5002,5,19,no,2,0.013055073406459838,0.013055073406459838
6810,5,21,yes,1,0.005066392393269115,0.005066392393269115
5003,5,19,no,3,-0.0196471231064127,0.0196471231064127
6180,5,20,no,1,-0.004548750366815624,0.004548750366815624
6181,5,20,yes,12,0.059455378099095735,0.059455378099095735
6182,5,20,no,1,-0.005355445547161886,0.005355445547161886
6811,5,21,no,1,-0.005066392393269115,0.005066392393269115
6812,5,21,yes,2,-0.009912411151086403,0.009912411151086403
6813,5,21,yes,1,-0.004845478367507289,0.004845478367507289
6814,5,21,yes,2,0.009764854130815348,0.009764854130815348
5004,5,19,no,1,0.006592049699952862,0.006592049699952862
6815,5,21,no,1,-0.004919375763308059,0.004919375763308059
6816,5,21,yes,1,-0.004845478367507289,0.004845478367507289
6183,5,20,yes,10,-0.049551182185118225,0.049551182185118225
6817,5,21,yes,9,-0.04027461501895252,0.04027461501895252
5005,5,19,yes,1,0.006549739658341158,0.006549739658341158
5006,5,19,no,12,-0.08088884798505469,0.08088884798505469
5007,5,19,yes,1,0.006888044756477085,0.006888044756477085
5008,5,19,yes,1,0.006869527289091959,0.006869527289091959
6818,5,21,yes,1,-0.0041064676986638515,0.0041064676986638515
5009,5,19,yes,1,0.0068484456234291224,0.0068484456234291224
6184,5,20,yes,1,0.004622983511482132,0.004622983511482132
6819,5,21,no,1,-0.004033734929106997,0.004033734929106997
6820,5,21,yes,3,0.012319760914575345,0.012319760914575345
5010,5,19,yes,1,0.0068248316823924515,0.0068248316823924515
5011,5,19,yes,9,0.05996333238178275,0.05996333238178275
5012,5,19,yes,13,0.07969616007946234,0.07969616007946234
6185,5,20,no,1,0.004697221546987984,0.004697221546987984
5013,5,19,no,1,0.005701604461620269,0.005701604461620269
5014,5,19,no,3,0.016696149138949012,0.016696149138949012
5015,5,19,yes,1,0.0054262663116700915,0.0054262663116700915
6186,5,20,no,1,0.004771406440793768,0.004771406440793768
6187,5,20,yes,4,-0.018640361866079508,0.018640361866079508
5016,5,19,no,2,-0.010922632782753516,0.010922632782753516
5017,5,19,yes,2,-0.011199782667865588,0.011199782667865588
6821,5,21,yes,1,0.004252962151704648,0.004252962151704648
5018,5,19,no,14,-0.08539776454108261,0.08539776454108261
5019,5,19,no,1,-0.00650533374811868,0.00650533374811868
6188,5,20,no,1,0.004548750366815624,0.004548750366815624
6822,5,21,yes,1,-0.004252962151704648,0.004252962151704648
5020,5,19,yes,8,-0.05345799863366407,0.05345799863366407
5021,5,19,no,3,0.020308043523236008,0.020308043523236008
5022,5,19,yes,2,0.013375961887065135,0.013375961887065135
5023,5,19,no,1,0.006632203865068909,0.006632203865068909
6189,5,20,yes,1,0.004622983511482132,0.004622983511482132
3903,5,17,yes,1,0.0010917613765485043,0.0010917613765485043
5024,5,19,yes,1,-0.006632203865068909,0.006632203865068909
6190,5,20,yes,20,0.10758978998707988,0.10758978998707988
5025,5,19,no,3,0.01977399322336293,0.01977399322336293
3904,5,17,yes,10,0.012578477289799744,0.012578477289799744
6191,5,20,no,1,-0.006022277489922567,0.006022277489922567
5026,5,19,yes,2,0.0129642280565061,0.0129642280565061
6192,5,20,yes,1,-0.005960635697199068,0.005960635697199068
6193,5,20,no,1,-0.005897671602892618,0.005897671602892618
6194,5,20,yes,12,-0.06548268769069018,0.06548268769069018
5027,5,19,no,6,-0.039408365931843936,0.039408365931843936
6823,5,21,yes,3,0.012980116560571742,0.012980116560571742
4014,5,18,yes,11,0.011445034455782599,0.011445034455782599
5028,5,19,yes,1,0.0066701446519749075,0.0066701446519749075
5029,5,19,yes,1,0.006632203865068909,0.006632203865068909
4015,5,18,no,1,-0.0011782316625165642,0.0011782316625165642
3905,5,17,no,1,-0.0014042374014612488,0.0014042374014612488
3906,5,17,no,1,-0.0013697729675739914,0.0013697729675739914
6195,5,20,yes,5,-0.024226517506375445,0.024226517506375445
6824,5,21,yes,1,-0.004400521639892407,0.004400521639892407
5030,5,19,yes,1,0.006592049699952862,0.006592049699952862
6825,5,21,no,1,-0.004326632768974686,0.004326632768974686
5031,5,19,no,9,0.057186586178718635,0.057186586178718635
5032,5,19,no,1,-0.00614129254867346,0.00614129254867346
3907,5,17,no,1,-0.0013360527153829932,0.0013360527153829932
5033,5,19,yes,1,-0.0061985164077413835,0.0061985164077413835
5034,5,19,yes,11,-0.0714469926743907,0.0714469926743907
3908,5,17,no,1,-0.0013030658355085226,0.0013030658355085226
5035,5,19,yes,3,0.020008165752134044,0.020008165752134044
6196,5,20,no,7,-0.030805987031170767,0.030805987031170767
6197,5,20,no,5,-0.019809215444824363,0.019809215444824363
6198,5,20,no,2,0.00770761028231387,0.00770761028231387
6199,5,20,yes,1,0.003961402534739644,0.003961402534739644
6200,5,20,yes,1,0.004033734929106997,0.004033734929106997
5036,5,19,yes,1,0.006592049699952862,0.006592049699952862
6201,5,20,yes,3,0.012538988137172996,0.012538988137172996
3909,5,17,yes,17,0.02716150545681883,0.02716150545681883
5037,5,19,no,20,0.12057525339816155,0.12057525339816155
5038,5,19,no,2,-0.010922632782753516,0.010922632782753516
5039,5,19,no,10,0.051737649015769605,0.051737649015769605
3910,5,17,no,1,-0.0019245274747760333,0.0019245274747760333
6202,5,20,yes,13,0.06201768848446498,0.06201768848446498
5040,5,19,no,1,-0.00484547836750715,0.00484547836750715
4016,5,18,no,1,-0.0011487455855182932,0.0011487455855182932
5041,5,19,no,11,-0.05809195331612804,0.05809195331612804
5042,5,19,yes,7,-0.041266251768823814,0.041266251768823814
5043,5,19,yes,1,-0.00614129254867346,0.00614129254867346
5044,5,19,no,1,-0.0061985164077413835,0.0061985164077413835
4017,5,18,no,11,-0.010872621171712622,0.010872621171712622
5045,5,19,yes,1,0.0061985164077413835,0.0061985164077413835
5046,5,19,yes,3,0.018246091491757044,0.018246091491757044
5047,5,19,yes,1,-0.006022277489922678,0.006022277489922678
6826,5,21,no,1,-0.004252962151704648,0.004252962151704648
5048,5,19,no,11,-0.0698611573318324,0.0698611573318324
5049,5,19,yes,1,0.006592049699952862,0.006592049699952862
6203,5,20,no,1,-0.005211931590258845,0.005211931590258845
6204,5,20,yes,10,0.05527691489552111,0.05527691489552111
5050,5,19,yes,1,0.006549739658341158,0.006549739658341158
6205,5,20,no,7,-0.03942556097626765,0.03942556097626765
6206,5,20,no,8,-0.04081501623301623,0.04081501623301623
3911,5,17,no,1,-0.0018795089279034921,0.0018795089279034921
6827,5,21,no,1,0.004252962151704648,0.004252962151704648
5051,5,19,yes,2,0.0129642280565061,0.0129642280565061
6207,5,20,yes,1,0.004845478367507289,0.004845478367507289
5052,5,19,no,4,-0.02610601741480012,0.02610601741480012
3912,5,17,no,11,-0.017944340134212547,0.017944340134212547
6828,5,21,no,10,0.04659998409903707,0.04659998409903707
3913,5,17,no,1,-0.0014042374014612488,0.0014042374014612488
6829,5,21,no,1,-0.004993035387778344,0.004993035387778344
3914,5,17,yes,7,0.01059640761305116,0.01059640761305116
6830,5,21,no,1,0.004993035387778344,0.004993035387778344
3915,5,17,no,1,-0.001627234912458149,0.001627234912458149
5053,5,19,no,13,0.08184407051895404,0.08184407051895404
5054,5,19,yes,10,-0.06219694741254134,0.06219694741254134
5055,5,19,yes,6,0.037990220223585336,0.037990220223585336
5056,5,19,yes,1,0.00614129254867346,0.00614129254867346
6831,5,21,yes,2,-0.009912411151086403,0.009912411151086403
5057,5,19,yes,14,-0.09052597125991735,0.09052597125991735
5058,5,19,yes,1,0.0067391696291118075,0.0067391696291118075
5059,5,19,yes,1,0.006705817235090228,0.006705817235090228
6832,5,21,yes,1,-0.004845478367507289,0.004845478367507289
6833,5,21,yes,1,0.004845478367507289,0.004845478367507289
6834,5,21,no,1,-0.004845478367507289,0.004845478367507289
6835,5,21,no,1,0.004845478367507289,0.004845478367507289
6836,5,21,yes,14,0.07539509884177659,0.07539509884177659
6837,5,21,no,1,-0.005833461048261823,0.005833461048261823
6208,5,20,yes,3,0.014978803544355518,0.014978803544355518
6838,5,21,no,2,-0.011469684477386777,0.011469684477386777
5060,5,19,yes,1,0.0066701446519749075,0.0066701446519749075
5061,5,19,yes,1,0.006632203865068909,0.006632203865068909
3916,5,17,yes,1,0.001627234912458149,0.001627234912458149
6839,5,21,no,1,-0.005634110153561633,0.005634110153561633
6840,5,21,no,6,-0.03233965921631088,0.03233965921631088
6841,5,21,yes,12,-0.05680575689420614,0.05680575689420614
6209,5,20,no,1,-0.005066392393269115,0.005066392393269115
5062,5,19,yes,1,0.006592049699952862,0.006592049699952862
6842,5,21,yes,1,0.004326632768974686,0.004326632768974686
6843,5,21,no,1,-0.004326632768974686,0.004326632768974686
6844,5,21,yes,11,-0.04281084621317596,0.04281084621317596
6210,5,20,yes,1,0.005066392393269115,0.005066392393269115
6211,5,20,no,2,-0.010059427781047459,0.010059427781047459
6845,5,21,yes,1,-0.0034694475658122448,0.0034694475658122448
3917,5,17,no,4,-0.006277272274848297,0.006277272274848297
6846,5,21,yes,1,0.0034694475658122448,0.0034694475658122448
5063,5,19,yes,9,-0.06058153628114449,0.06058153628114449
5064,5,19,yes,1,0.0068484456234291224,0.0068484456234291224
5065,5,19,yes,1,0.0068248316823924515,0.0068248316823924515
5066,5,19,no,5,0.03368400541030114,0.03368400541030114
6847,5,21,no,1,0.0035379507575973856,0.0035379507575973856
5067,5,19,no,1,0.006632203865068909,0.006632203865068909
6212,5,20,no,1,-0.004919375763308059,0.004919375763308059
6848,5,21,no,1,0.003607097447810126,0.003607097447810126
5068,5,19,yes,1,-0.006632203865068909,0.006632203865068909
6849,5,21,yes,5,0.019093074941488458,0.019093074941488458
3918,5,17,yes,2,0.0030619487529145173,0.0030619487529145173
5069,5,19,yes,1,-0.0066701446519749075,0.0066701446519749075
6850,5,21,yes,1,0.004033734929106997,0.004033734929106997
6213,5,20,yes,12,0.06379355777774831,0.06379355777774831
6214,5,20,no,1,-0.005701604461620324,0.005701604461620324
6851,5,21,yes,1,0.0041064676986638515,0.0041064676986638515
6215,5,20,yes,1,-0.005634110153561633,0.005634110153561633
5070,5,19,no,1,0.0066701446519749075,0.0066701446519749075
5071,5,19,no,2,-0.013375961887065135,0.013375961887065135
5072,5,19,no,6,-0.04085084811814954,0.04085084811814954
6852,5,21,yes,5,-0.019809215444824363,0.019809215444824363
6216,5,20,no,1,-0.00556567251430401,0.00556567251430401
6217,5,20,no,1,-0.005496366471083369,0.005496366471083369
5073,5,19,yes,1,0.006869527289091959,0.006869527289091959
5074,5,19,no,6,0.04068713806414781,0.04068713806414781
5075,5,19,yes,1,0.0066701446519749075,0.0066701446519749075
6218,5,20,no,4,-0.0212776202309235,0.0212776202309235
6219,5,20,yes,8,0.043675373831492836,0.043675373831492836
6220,5,20,no,1,-0.005701604461620324,0.005701604461620324
3919,5,17,no,1,-0.0015497472996397268,0.0015497472996397268
6221,5,20,no,14,-0.07240605967141703,0.07240605967141703
5076,5,19,yes,1,0.006632203865068909,0.006632203865068909
6222,5,20,yes,1,0.004697221546987984,0.004697221546987984
6853,5,21,yes,1,-0.003747203480616801,0.003747203480616801
6854,5,21,yes,11,-0.036718706384973154,0.036718706384973154
6855,5,21,no,12,0.040465909865589955,0.040465909865589955
5077,5,19,yes,3,-0.020008165752134044,0.020008165752134044
6856,5,21,no,9,-0.031245098830725182,0.031245098830725182
6857,5,21,no,1,-0.003137471938287534,0.003137471938287534
3920,5,17,no,1,-0.0015122014532747904,0.0015122014532747904
6858,5,21,yes,2,0.006339857873174676,0.006339857873174676
6859,5,21,yes,16,0.060611081548146234,0.060611081548146234
5078,5,19,yes,2,0.013375961887065135,0.013375961887065135
6860,5,21,yes,2,0.008875099945389181,0.008875099945389181
6223,5,20,yes,12,0.06207472797086741,0.06207472797086741
5079,5,19,yes,6,0.039148707110239434,0.039148707110239434
6224,5,20,yes,1,-0.00556567251430401,0.00556567251430401
6225,5,20,yes,17,0.10310288095706699,0.10310288095706699
6226,5,20,no,13,-0.08043341381181457,0.08043341381181457
5080,5,19,yes,4,-0.025924453545217663,0.025924453545217663
6227,5,20,yes,1,-0.0057680800157664525,0.0057680800157664525
6228,5,20,no,1,-0.005701604461620324,0.005701604461620324
3921,5,17,yes,6,0.009652446766912764,0.009652446766912764
5081,5,19,yes,3,-0.019894398216996678,0.019894398216996678
6229,5,20,no,1,-0.005634110153561633,0.005634110153561633
5082,5,19,yes,1,-0.006705817235090228,0.006705817235090228
6230,5,20,no,2,-0.011062038985387379,0.011062038985387379
6861,5,21,yes,1,0.004548750366815624,0.004548750366815624
5083,5,19,yes,8,0.05252466899730457,0.05252466899730457
6862,5,21,yes,2,0.009320205058470116,0.009320205058470116
6231,5,20,yes,1,-0.005426266311670036,0.005426266311670036
5084,5,19,yes,6,0.03734465408666188,0.03734465408666188
6863,5,21,no,1,-0.004697221546987984,0.004697221546987984
5085,5,19,no,6,-0.03734465408666188,0.03734465408666188
3922,5,17,yes,5,0.009181031833237693,0.009181031833237693
6232,5,20,no,1,-0.005355445547161886,0.005355445547161886
5086,5,19,yes,1,-0.006410485830370405,0.006410485830370405
3923,5,17,no,1,-0.0019245274747760333,0.0019245274747760333
6864,5,21,no,1,-0.004622983511482132,0.004622983511482132
3924,5,17,no,1,-0.0018795089279034921,0.0018795089279034921
3925,5,17,no,8,-0.013517240744196142,0.013517240744196142
5087,5,19,yes,1,0.006410485830370405,0.006410485830370405
5088,5,19,no,1,0.006360174775013605,0.006360174775013605
3926,5,17,no,1,-0.0015122014532747904,0.0015122014532747904
6233,5,20,no,4,-0.02070168116726065,0.02070168116726065
6865,5,21,no,1,-0.004548750366815624,0.004548750366815624
5089,5,19,yes,1,0.006308029388134018,0.006308029388134018
6234,5,20,yes,1,-0.004993035387778344,0.004993035387778344
6866,5,21,yes,11,-0.045190672078314176,0.045190672078314176
3927,5,17,no,12,-0.015493375226541359,0.015493375226541359
5090,5,19,yes,2,-0.012668204163147623,0.012668204163147623
5091,5,19,yes,5,0.03126213263350097,0.03126213263350097
5092,5,19,no,1,-0.00614129254867346,0.00614129254867346
5093,5,19,no,12,-0.07764550908213208,0.07764550908213208
6235,5,20,no,15,-0.06603058540186543,0.06603058540186543
6236,5,20,yes,4,0.015991116252097565,0.015991116252097565
6867,5,21,no,1,-0.0036768586438181428,0.0036768586438181428
6868,5,21,yes,3,0.011242161317161742,0.011242161317161742
6237,5,20,no,1,0.004179558286804497,0.004179558286804497
6238,5,20,yes,9,0.04094053509965531,0.04094053509965531
3928,5,17,yes,1,0.0011199259363911113,0.0011199259363911113
5094,5,19,yes,9,0.058884843772318174,0.058884843772318174
6239,5,20,no,1,0.004919375763308059,0.004919375763308059
3929,5,17,no,3,-0.00327592787053458,0.00327592787053458
6869,5,21,yes,1,0.003889511089587072,0.003889511089587072
5095,5,19,yes,12,-0.07919288729555418,0.07919288729555418
5096,5,19,yes,10,0.06642222669017017,0.06642222669017017
5097,5,19,no,4,-0.02610601741480012,0.02610601741480012
5098,5,19,yes,1,0.006592049699952862,0.006592049699952862
6870,5,21,yes,1,-0.003889511089587072,0.003889511089587072
6871,5,21,no,1,-0.003818099192726798,0.003818099192726798
5099,5,19,no,3,-0.019894398216996678,0.019894398216996678
5100,5,19,yes,5,0.03294947162345652,0.03294947162345652
5101,5,19,no,14,0.08539776454108261,0.08539776454108261
4018,5,18,yes,1,0.0008658937548615686,0.0008658937548615686
5102,5,19,yes,1,0.005634110153561744,0.005634110153561744
3930,5,17,yes,1,0.0010642405575949643,0.0010642405575949643
6240,5,20,no,1,-0.004919375763308059,0.004919375763308059
5103,5,19,no,12,-0.07180231978087293,0.07180231978087293
6872,5,21,yes,5,0.019809215444824363,0.019809215444824363
6241,5,20,no,1,0.004919375763308059,0.004919375763308059
5104,5,19,no,1,0.006308029388134018,0.006308029388134018
5105,5,19,yes,9,0.054158575777556894,0.054158575777556894
5106,5,19,no,1,-0.0057680800157665635,0.0057680800157665635
5107,5,19,no,1,-0.005833461048261657,0.005833461048261657
6242,5,20,yes,13,0.07047572307846853,0.07047572307846853
5108,5,19,no,1,-0.0058976716028927845,0.0058976716028927845
5109,5,19,no,1,0.0058976716028927845,0.0058976716028927845
6243,5,20,yes,3,-0.0173031455256486,0.0173031455256486
5110,5,19,no,1,-0.0058976716028927845,0.0058976716028927845
6244,5,20,no,1,-0.005634110153561633,0.005634110153561633
6873,5,21,yes,1,-0.0041064676986638515,0.0041064676986638515
5111,5,19,yes,1,-0.005960635697198957,0.005960635697198957
5112,5,19,no,8,-0.04977741740695496,0.04977741740695496
6245,5,20,yes,3,0.01710379463094841,0.01710379463094841
6246,5,20,no,19,-0.09752205633259833,0.09752205633259833
5113,5,19,yes,5,0.031531325915197916,0.031531325915197916
6874,5,21,yes,8,0.03491245472983462,0.03491245472983462
6875,5,21,yes,1,-0.004622983511482132,0.004622983511482132
5114,5,19,no,2,-0.012452635921679889,0.012452635921679889
6247,5,20,yes,1,0.004474578305496774,0.004474578305496774
6876,5,21,yes,9,0.04426720540328549,0.04426720540328549
6248,5,20,no,7,0.0333982513846732,0.0333982513846732
6877,5,21,no,1,-0.005211931590258845,0.005211931590258845
6878,5,21,yes,1,0.005211931590258845,0.005211931590258845
6879,5,21,yes,3,-0.015417704385427916,0.015417704385427916
6880,5,21,no,1,-0.004993035387778344,0.004993035387778344
6881,5,21,no,2,-0.009764854130815348,0.009764854130815348
5115,5,19,yes,1,0.006254119513938505,0.006254119513938505
6882,5,21,yes,11,-0.04841481764672337,0.04841481764672337
5116,5,19,no,1,-0.006254119513938505,0.006254119513938505
6249,5,20,yes,20,0.11434775179235276,0.11434775179235276
6250,5,20,yes,2,0.012770660605383954,0.012770660605383954
6251,5,20,no,1,-0.006410485830370238,0.006410485830370238
5117,5,19,no,1,0.006254119513938505,0.006254119513938505
5118,5,19,no,7,-0.04484677722230379,0.04484677722230379
6252,5,20,no,9,-0.0552252388766763,0.0552252388766763
6253,5,20,no,1,-0.005833461048261823,0.005833461048261823
5119,5,19,no,1,0.006549739658341158,0.006549739658341158
6254,5,20,no,1,-0.0057680800157664525,0.0057680800157664525
5120,5,19,no,4,0.02573488866189011,0.02573488866189011
6883,5,21,yes,1,0.004033734929106997,0.004033734929106997
6255,5,20,yes,10,-0.05388114662666191,0.05388114662666191
6256,5,20,yes,8,0.04254543201147995,0.04254543201147995
6257,5,20,no,3,-0.016488305297057415,0.016488305297057415
5121,5,19,yes,1,0.006308029388134018,0.006308029388134018
6884,5,21,no,1,0.0041064676986638515,0.0041064676986638515
6885,5,21,yes,11,0.05003946914976787,0.05003946914976787
6886,5,21,yes,3,-0.014536260571609116,0.014536260571609116
6258,5,20,yes,1,0.005426266311670036,0.005426266311670036
6887,5,21,no,1,-0.004697221546987984,0.004697221546987984
5122,5,19,no,1,-0.006308029388134018,0.006308029388134018
6888,5,21,yes,1,0.004697221546987984,0.004697221546987984
5123,5,19,yes,9,0.05469852514992435,0.05469852514992435
6889,5,21,no,1,-0.004697221546987984,0.004697221546987984
6259,5,20,no,6,-0.03148339302609257,0.03148339302609257
6890,5,21,no,1,-0.004622983511482132,0.004622983511482132
5124,5,19,no,10,-0.061058699924937954,0.061058699924937954
6891,5,21,no,1,-0.004548750366815624,0.004548750366815624
5125,5,19,no,1,0.006360174775013605,0.006360174775013605
5126,5,19,no,1,-0.006360174775013605,0.006360174775013605
6260,5,20,yes,5,-0.024226517506375445,0.024226517506375445
6261,5,20,yes,4,0.0192334821185971,0.0192334821185971
5127,5,19,yes,1,0.006360174775013605,0.006360174775013605
6892,5,21,no,1,0.004548750366815624,0.004548750366815624
3931,5,17,yes,4,0.004538664560974473,0.004538664560974473
5128,5,19,yes,1,0.006308029388134018,0.006308029388134018
5129,5,19,yes,1,0.006254119513938505,0.006254119513938505
6893,5,21,yes,2,-0.009023328672312397,0.009023328672312397
5130,5,19,yes,7,-0.04484677722230379,0.04484677722230379
6262,5,20,no,1,-0.004919375763308059,0.004919375763308059
6263,5,20,yes,4,0.020118183946255475,0.020118183946255475
6264,5,20,yes,1,-0.005139380401899957,0.005139380401899957
5131,5,19,yes,1,0.006549739658341158,0.006549739658341158
5132,5,19,no,1,0.00650533374811868,0.00650533374811868
6265,5,20,no,1,-0.005066392393269115,0.005066392393269115
6894,5,21,no,1,0.004474578305496774,0.004474578305496774
6266,5,20,no,1,-0.004993035387778344,0.004993035387778344
6267,5,20,no,1,-0.004919375763308059,0.004919375763308059
6268,5,20,no,11,-0.04922656108512366,0.04922656108512366
6269,5,20,yes,16,0.07455667662163798,0.07455667662163798
5133,5,19,no,5,-0.03294947162345652,0.03294947162345652
5134,5,19,yes,4,0.026444137875337836,0.026444137875337836
6895,5,21,yes,1,0.004548750366815624,0.004548750366815624
5135,5,19,yes,1,0.00650533374811868,0.00650533374811868
5136,5,19,no,18,-0.12202066700171255,0.12202066700171255
5137,5,19,yes,1,0.00694131979774415,0.00694131979774415
6270,5,20,no,1,-0.005211931590258845,0.005211931590258845
5138,5,19,yes,12,0.08212987558051188,0.08212987558051188
5139,5,19,yes,6,0.039408365931843936,0.039408365931843936
6271,5,20,yes,1,0.005211931590258845,0.005211931590258845
6896,5,21,yes,3,-0.013423850312204805,0.013423850312204805
3932,5,17,no,5,-0.005602905118569437,0.005602905118569437
6272,5,20,yes,11,-0.05329053407559789,0.05329053407559789
6273,5,20,yes,2,0.009023328672312397,0.009023328672312397
5140,5,19,yes,13,0.07893887023269519,0.07893887023269519
5141,5,19,yes,4,-0.023200817128541273,0.023200817128541273
5142,5,19,no,1,-0.005960635697198957,0.005960635697198957
6897,5,21,yes,11,-0.04359952822455326,0.04359952822455326
6274,5,20,no,1,0.004622983511482132,0.004622983511482132
6275,5,20,no,1,-0.004622983511482132,0.004622983511482132
5143,5,19,no,9,-0.05623631171534238,0.05623631171534238
6898,5,21,yes,4,0.014849258764971868,0.014849258764971868
6899,5,21,no,1,-0.003818099192726798,0.003818099192726798
5144,5,19,no,5,-0.03294947162345652,0.03294947162345652
6276,5,20,no,1,-0.004548750366815624,0.004548750366815624
5145,5,19,no,1,-0.006705817235090228,0.006705817235090228
5146,5,19,yes,7,0.046114183166934164,0.046114183166934164
6277,5,20,yes,1,0.004548750366815624,0.004548750366815624
5147,5,19,no,1,0.006410485830370405,0.006410485830370405
5148,5,19,no,8,0.04932756727378351,0.04932756727378351
5149,5,19,no,1,-0.005960635697198957,0.005960635697198957
5150,5,19,no,1,-0.006022277489922678,0.006022277489922678
5151,5,19,no,5,-0.030984479311648272,0.030984479311648272
5152,5,19,yes,1,0.006308029388134018,0.006308029388134018
6278,5,20,no,1,-0.004548750366815624,0.004548750366815624
6900,5,21,no,1,0.003818099192726798,0.003818099192726798
5153,5,19,yes,1,0.006254119513938505,0.006254119513938505
5154,5,19,no,1,-0.006254119513938505,0.006254119513938505
6279,5,20,yes,1,0.004548750366815624,0.004548750366815624
5155,5,19,no,1,-0.006308029388134018,0.006308029388134018
6280,5,20,yes,10,-0.0421741197717862,0.0421741197717862
6281,5,20,yes,1,0.003889511089587072,0.003889511089587072
6282,5,20,yes,1,0.003961402534739644,0.003961402534739644
6283,5,20,yes,4,-0.015416216297670315,0.015416216297670315
6284,5,20,yes,1,0.003747203480616801,0.003747203480616801
5156,5,19,yes,4,0.024901957858487367,0.024901957858487367
5157,5,19,no,10,-0.0637786358786715,0.0637786358786715
6901,5,21,yes,5,-0.018387209522569253,0.018387209522569253
6285,5,20,yes,1,0.003818099192726798,0.003818099192726798
6286,5,20,no,1,-0.003818099192726798,0.003818099192726798
5158,5,19,yes,4,0.02610601741480012,0.02610601741480012
5159,5,19,no,3,0.019078689993518028,0.019078689993518028
6902,5,21,yes,1,0.0035379507575973856,0.0035379507575973856
6287,5,20,yes,1,0.003818099192726798,0.003818099192726798
6903,5,21,yes,3,0.01103115957224507,0.01103115957224507
6288,5,20,no,14,0.06111120963855737,0.06111120963855737
5160,5,19,no,1,-0.006308029388134018,0.006308029388134018
5161,5,19,no,10,0.06046660516569091,0.06046660516569091
6904,5,21,yes,1,-0.003747203480616801,0.003747203480616801
6289,5,20,no,11,-0.04922656108512366,0.04922656108512366
6290,5,20,no,1,-0.004033734929106997,0.004033734929106997
6291,5,20,yes,1,0.004033734929106997,0.004033734929106997
6292,5,20,yes,9,0.0396096762768226,0.0396096762768226
5162,5,19,yes,7,-0.041705939855877006,0.041705939855877006
4019,5,18,yes,4,0.00369693543269059,0.00369693543269059
6293,5,20,no,2,-0.009320205058470116,0.009320205058470116
6294,5,20,no,1,-0.004548750366815624,0.004548750366815624
6295,5,20,no,1,0.004548750366815624,0.004548750366815624
5163,5,19,no,1,-0.0061985164077413835,0.0061985164077413835
6905,5,21,no,1,-0.0036768586438181428,0.0036768586438181428
6296,5,20,no,1,-0.004548750366815624,0.004548750366815624
5164,5,19,no,11,-0.0714469926743907,0.0714469926743907
5165,5,19,yes,5,0.033149955110428064,0.033149955110428064
5166,5,19,yes,10,0.06274164546346106,0.06274164546346106
5167,5,19,no,6,-0.03700675680157095,0.03700675680157095
5168,5,19,yes,2,0.012562148902072523,0.012562148902072523
6906,5,21,yes,1,0.0036768586438181428,0.0036768586438181428
5169,5,19,yes,12,0.07030220986418767,0.07030220986418767
6907,5,21,no,1,0.003747203480616801,0.003747203480616801
5170,5,19,no,1,-0.005496366471083425,0.005496366471083425
6908,5,21,no,1,-0.003747203480616801,0.003747203480616801
6909,5,21,no,1,-0.0036768586438181428,0.0036768586438181428
5171,5,19,no,1,0.005496366471083425,0.005496366471083425
5172,5,19,no,7,-0.039896966267490286,0.039896966267490286
5173,5,19,no,11,-0.06870228116066002,0.06870228116066002
5174,5,19,no,1,0.00650533374811868,0.00650533374811868
6910,5,21,yes,1,-0.003607097447810126,0.003607097447810126
6297,5,20,yes,9,-0.03762536940497058,0.03762536940497058
6298,5,20,yes,1,0.003889511089587072,0.003889511089587072
5175,5,19,yes,1,0.0064588943083874195,0.0064588943083874195
5176,5,19,no,1,-0.0064588943083874195,0.0064588943083874195
5177,5,19,yes,1,0.0064588943083874195,0.0064588943083874195
6911,5,21,yes,2,0.007283956091628269,0.007283956091628269
6299,5,20,no,9,0.03828460868219913,0.03828460868219913
6300,5,20,no,1,-0.004548750366815624,0.004548750366815624
6301,5,20,yes,5,0.023485840233586797,0.023485840233586797
6912,5,21,no,1,0.003747203480616801,0.003747203480616801
4020,5,18,yes,11,0.01235521441764234,0.01235521441764234
5178,5,19,no,1,-0.0064588943083874195,0.0064588943083874195
4021,5,18,yes,1,-0.0012708013868579435,0.0012708013868579435
5179,5,19,no,7,-0.04639445848765855,0.04639445848765855
5180,5,19,yes,1,0.0067391696291118075,0.0067391696291118075
6913,5,21,yes,1,-0.003747203480616801,0.003747203480616801
5181,5,19,yes,1,0.006705817235090228,0.006705817235090228
5182,5,19,yes,4,0.026444137875337836,0.026444137875337836
6302,5,20,no,7,-0.03236094017897598,0.03236094017897598
6914,5,21,yes,2,-0.007283956091628269,0.007283956091628269
5183,5,19,no,6,-0.03988912473953987,0.03988912473953987
5184,5,19,no,1,0.0067391696291118075,0.0067391696291118075
6303,5,20,no,18,-0.06695093942132091,0.06695093942132091
5185,5,19,yes,1,0.006705817235090228,0.006705817235090228
5186,5,19,no,9,0.058487055925361964,0.058487055925361964
6304,5,20,yes,4,0.012942397849340592,0.012942397849340592
5187,5,19,no,13,0.07655632937812618,0.07655632937812618
5188,5,19,no,2,-0.011062038985387268,0.011062038985387268
5189,5,19,no,6,-0.034795562979301975,0.034795562979301975
6305,5,20,yes,1,0.0034016150240174237,0.0034016150240174237
6306,5,20,yes,1,0.0034694475658122448,0.0034694475658122448
5190,5,19,no,6,-0.03700675680157095,0.03700675680157095
6307,5,20,yes,9,-0.028844276009571956,0.028844276009571956
5191,5,19,yes,1,0.006308029388134018,0.006308029388134018
6308,5,20,yes,2,0.005957477552879564,0.005957477552879564
6915,5,21,yes,8,-0.026424749214289778,0.026424749214289778
5192,5,19,no,1,-0.006308029388134018,0.006308029388134018
5193,5,19,no,1,-0.006360174775013605,0.006360174775013605
6916,5,21,yes,1,0.0030733380175221314,0.0030733380175221314
6309,5,20,yes,1,0.0030733380175221314,0.0030733380175221314
6917,5,21,yes,13,-0.035253543070219426,0.035253543070219426
6918,5,21,no,1,-0.002316298248714571,0.002316298248714571
4022,5,18,yes,1,0.0012708013868579435,0.0012708013868579435
5194,5,19,yes,1,0.006360174775013605,0.006360174775013605
6310,5,20,yes,4,0.012942397849340592,0.012942397849340592
6311,5,20,yes,2,0.0068710625898296684,0.0068710625898296684
6919,5,21,no,8,0.02006342169878296,0.02006342169878296
6920,5,21,yes,1,0.002764907831860508,0.002764907831860508
6312,5,20,yes,1,-0.0034694475658122448,0.0034694475658122448
6921,5,21,yes,8,0.024349431160707008,0.024349431160707008
6922,5,21,no,13,0.048763425128225096,0.048763425128225096
5195,5,19,yes,4,-0.02573488866189011,0.02573488866189011
5196,5,19,yes,7,-0.04665927758605426,0.04665927758605426
6923,5,21,no,1,0.004252962151704648,0.004252962151704648
6924,5,21,yes,2,-0.008432520438509145,0.008432520438509145
5197,5,19,yes,3,0.020215139710716423,0.020215139710716423
5198,5,19,yes,5,0.03294947162345652,0.03294947162345652
6313,5,20,no,1,-0.0034016150240174237,0.0034016150240174237
6314,5,20,yes,1,0.0034016150240174237,0.0034016150240174237
5199,5,19,no,10,0.06219694741254134,0.06219694741254134
5200,5,19,no,1,-0.005960635697198957,0.005960635697198957
6925,5,21,yes,1,-0.0041064676986638515,0.0041064676986638515
6926,5,21,no,1,-0.004033734929106997,0.004033734929106997
5201,5,19,no,12,-0.07588343482175508,0.07588343482175508
6315,5,20,yes,1,0.0034694475658122448,0.0034694475658122448
4023,5,18,yes,3,-0.0037184451854470196,0.0037184451854470196
5202,5,19,no,1,-0.006632203865068909,0.006632203865068909
6316,5,20,yes,1,0.0035379507575973856,0.0035379507575973856
6317,5,20,no,6,0.022700172389298584,0.022700172389298584
5203,5,19,yes,1,0.006632203865068909,0.006632203865068909
5204,5,19,no,3,0.0196471231064127,0.0196471231064127
4024,5,18,no,3,-0.0034469031844259687,0.0034469031844259687
4025,5,18,no,3,-0.003193354069192113,0.003193354069192113
5205,5,19,yes,4,0.025537584301905447,0.025537584301905447
5206,5,19,yes,1,0.006254119513938505,0.006254119513938505
5207,5,19,no,6,0.03630291519959017,0.03630291519959017
5208,5,19,no,2,0.01160154106402822,0.01160154106402822
6318,5,20,yes,1,0.004033734929106997,0.004033734929106997
5209,5,19,yes,6,-0.035564647307203545,0.035564647307203545
6319,5,20,no,1,-0.004033734929106997,0.004033734929106997
6927,5,21,yes,1,-0.003961402534739644,0.003961402534739644
5210,5,19,no,7,-0.044131512772258796,0.044131512772258796
6928,5,21,no,1,-0.003889511089587072,0.003889511089587072
5211,5,19,yes,1,0.0064588943083874195,0.0064588943083874195
6929,5,21,yes,8,-0.028592750589323035,0.028592750589323035
4026,5,18,yes,4,0.004313280005583224,0.004313280005583224
6930,5,21,yes,1,0.003334478476924113,0.003334478476924113
5212,5,19,yes,1,0.006410485830370405,0.006410485830370405
5213,5,19,no,1,-0.006410485830370405,0.006410485830370405
5214,5,19,yes,1,0.006410485830370405,0.006410485830370405
5215,5,19,no,1,0.006360174775013605,0.006360174775013605
6931,5,21,yes,12,0.04542894665130098,0.04542894665130098
6320,5,20,no,1,0.004033734929106997,0.004033734929106997
6321,5,20,yes,3,-0.011884648553433713,0.011884648553433713
5216,5,19,no,1,-0.006360174775013605,0.006360174775013605
6322,5,20,no,6,0.02442363669060671,0.02442363669060671
6323,5,20,yes,1,0.004326632768974686,0.004326632768974686
6932,5,21,yes,1,-0.004179558286804497,0.004179558286804497
6933,5,21,no,1,-0.0041064676986638515,0.0041064676986638515
6934,5,21,yes,13,-0.04694784657688569,0.04694784657688569
4027,5,18,yes,1,-0.0011199259363911113,0.0011199259363911113
6935,5,21,no,4,-0.01216828750868923,0.01216828750868923
6324,5,20,no,1,-0.004326632768974686,0.004326632768974686
6936,5,21,yes,1,0.0029474764738244563,0.0029474764738244563
6937,5,21,yes,14,0.048173520147903826,0.048173520147903826
5217,5,19,yes,2,-0.012869380138757824,0.012869380138757824
5218,5,19,no,10,-0.0667881640641752,0.0667881640641752
5219,5,19,no,10,0.0667881640641752,0.0667881640641752
4028,5,18,yes,1,0.0011199259363911113,0.0011199259363911113
5220,5,19,no,17,-0.1150793472039684,0.1150793472039684
5221,5,19,yes,1,0.006935967626738093,0.006935967626738093
4029,5,18,no,1,-0.0011199259363911113,0.0011199259363911113
6938,5,21,no,1,-0.003889511089587072,0.003889511089587072
6939,5,21,yes,1,0.003889511089587072,0.003889511089587072
6940,5,21,yes,1,0.003961402534739644,0.003961402534739644
5222,5,19,no,6,-0.041642570745485885,0.041642570745485885
5223,5,19,no,1,0.006935967626738038,0.006935967626738038
5224,5,19,yes,1,-0.006935967626738038,0.006935967626738038
5225,5,19,yes,17,0.11683647869925967,0.11683647869925967
5226,5,19,no,6,-0.04068713806414781,0.04068713806414781
5227,5,19,no,1,0.0068484456234291224,0.0068484456234291224
5228,5,19,yes,1,0.0068248316823924515,0.0068248316823924515
5229,5,19,yes,1,0.0067987210476098126,0.0067987210476098126
5230,5,19,yes,10,0.06603399147293076,0.06603399147293076
6941,5,21,yes,1,-0.003961402534739644,0.003961402534739644
6942,5,21,yes,1,0.003961402534739644,0.003961402534739644
6325,5,20,yes,1,-0.004252962151704648,0.004252962151704648
5231,5,19,no,1,-0.006410485830370405,0.006410485830370405
5232,5,19,no,6,-0.039408365931843936,0.039408365931843936
5233,5,19,yes,1,0.0066701446519749075,0.0066701446519749075
5234,5,19,no,7,0.04550888188525304,0.04550888188525304
5235,5,19,yes,1,-0.006360174775013605,0.006360174775013605
6943,5,21,no,1,-0.003961402534739644,0.003961402534739644
5236,5,19,no,2,-0.012869380138757824,0.012869380138757824
6944,5,21,yes,2,0.007995137463846641,0.007995137463846641
5237,5,19,yes,6,0.037990220223585336,0.037990220223585336
6945,5,21,no,1,-0.004033734929106997,0.004033734929106997
6946,5,21,no,1,0.004033734929106997,0.004033734929106997
5238,5,19,yes,17,0.09558708648253889,0.09558708648253889
5239,5,19,no,2,-0.010205772795169099,0.010205772795169099
5240,5,19,no,1,-0.0052119315902589,0.0052119315902589
6326,5,20,yes,11,-0.04202733162728356,0.04202733162728356
5241,5,19,yes,1,-0.005283976781832678,0.005283976781832678
5242,5,19,no,1,-0.00535544554716183,0.00535544554716183
6327,5,20,yes,1,0.0034694475658122448,0.0034694475658122448
5243,5,19,no,15,-0.08829062507793028,0.08829062507793028
6947,5,21,no,16,0.07455667662163798,0.07455667662163798
6328,5,20,yes,11,-0.03455497222746079,0.03455497222746079
6948,5,21,no,17,-0.07859041155074498,0.07859041155074498
6329,5,20,yes,1,0.0028249181734272544,0.0028249181734272544
6330,5,20,no,6,0.01825645148803795,0.01825645148803795
6331,5,20,yes,1,0.0032680614992418033,0.0032680614992418033
5244,5,19,no,1,-0.006360174775013605,0.006360174775013605
5245,5,19,no,12,-0.07965754420293303,0.07965754420293303
6949,5,21,yes,11,0.04841481764672337,0.04841481764672337
6950,5,21,yes,2,0.009764854130815348,0.009764854130815348
5246,5,19,no,11,0.07324705837256262,0.07324705837256262
5247,5,19,no,1,-0.0064588943083874195,0.0064588943083874195
6951,5,21,no,8,-0.03728031594228404,0.03728031594228404
5248,5,19,no,10,-0.0667881640641752,0.0667881640641752
5249,5,19,yes,3,0.020393705576516652,0.020393705576516652
6332,5,20,yes,1,0.003334478476924113,0.003334478476924113
6333,5,20,yes,1,0.0034016150240174237,0.0034016150240174237
6334,5,20,no,1,-0.0034016150240174237,0.0034016150240174237
5250,5,19,no,7,-0.04790369310891074,0.04790369310891074
6335,5,20,yes,12,0.04542894665130098,0.04542894665130098
5251,5,19,yes,1,0.00690396986339592,0.00690396986339592
5252,5,19,yes,1,0.006888044756477085,0.006888044756477085
6952,5,21,yes,8,-0.032568368652308194,0.032568368652308194
6953,5,21,yes,1,-0.003747203480616801,0.003747203480616801
6954,5,21,yes,7,-0.02429550941522124,0.02429550941522124
6955,5,21,no,1,0.0032680614992418033,0.0032680614992418033
5253,5,19,yes,2,0.013717972912521081,0.013717972912521081
5254,5,19,yes,8,0.053733090657715366,0.053733090657715366
6956,5,21,no,1,0.003334478476924113,0.003334478476924113
6957,5,21,yes,12,0.04542894665130098,0.04542894665130098
6958,5,21,no,1,-0.004179558286804497,0.004179558286804497
5255,5,19,no,8,-0.053733090657715366,0.053733090657715366
6959,5,21,no,1,-0.0041064676986638515,0.0041064676986638515
6336,5,20,yes,1,-0.004179558286804497,0.004179558286804497
6960,5,21,yes,4,0.016865620906147683,0.016865620906147683
5256,5,19,yes,8,0.053733090657715366,0.053733090657715366
5257,5,19,no,1,0.006549739658341158,0.006549739658341158
6961,5,21,no,13,0.06297503249732303,0.06297503249732303
5258,5,19,yes,1,0.00650533374811868,0.00650533374811868
6962,5,21,no,6,0.03317946545940126,0.03317946545940126
5259,5,19,no,13,-0.08739418173317337,0.08739418173317337
6963,5,21,no,5,-0.027824019912239373,0.027824019912239373
6964,5,21,no,1,-0.005355445547161886,0.005355445547161886
6965,5,21,no,9,-0.044928198673636094,0.044928198673636094
5260,5,19,no,9,-0.06239176858954282,0.06239176858954282
5261,5,19,yes,3,0.020821285372742915,0.020821285372742915
5262,5,19,no,6,0.0415704832167999,0.0415704832167999
6966,5,21,no,1,-0.004622983511482132,0.004622983511482132
5263,5,19,yes,4,0.027430849351390618,0.027430849351390618
5264,5,19,yes,1,0.0067987210476098126,0.0067987210476098126
6337,5,20,yes,2,-0.008140202627770848,0.008140202627770848
5265,5,19,yes,5,0.03351748822776024,0.03351748822776024
5266,5,19,no,2,-0.013302348517043816,0.013302348517043816
5267,5,19,yes,4,0.026444137875337836,0.026444137875337836
5268,5,19,no,1,-0.006549739658341158,0.006549739658341158
6338,5,20,no,1,-0.003961402534739644,0.003961402534739644
6967,5,21,no,3,-0.013423850312204805,0.013423850312204805
5269,5,19,yes,8,0.051045293630045174,0.051045293630045174
5270,5,19,no,1,-0.0061985164077413835,0.0061985164077413835
5271,5,19,no,1,-0.006254119513938505,0.006254119513938505
5272,5,19,yes,1,-0.006308029388134018,0.006308029388134018
5273,5,19,no,6,-0.03887667802018413,0.03887667802018413
6968,5,21,no,1,-0.004326632768974686,0.004326632768974686
5274,5,19,yes,10,0.0637786358786715,0.0637786358786715
5275,5,19,no,18,-0.11776812245986312,0.11776812245986312
5276,5,19,yes,1,0.0068484456234291224,0.0068484456234291224
6339,5,20,yes,6,-0.022276720612156325,0.022276720612156325
6340,5,20,yes,5,0.018387209522569253,0.018387209522569253
5277,5,19,yes,4,0.02713287520562846,0.02713287520562846
5278,5,19,yes,3,0.020008165752134044,0.020008165752134044
5279,5,19,no,15,-0.10237354389529985,0.10237354389529985
5280,5,19,yes,12,0.0823653781431658,0.0823653781431658
6969,5,21,yes,1,-0.004252962151704648,0.004252962151704648
6970,5,21,no,7,0.031323650291354255,0.031323650291354255
6341,5,20,no,3,-0.011242161317161742,0.011242161317161742
6342,5,20,yes,1,0.0036768586438181428,0.0036768586438181428
6971,5,21,yes,1,-0.004697221546987984,0.004697221546987984
5281,5,19,yes,6,0.039655288858546744,0.039655288858546744
5282,5,19,no,5,-0.03294947162345652,0.03294947162345652
5283,5,19,yes,14,0.0891857833387989,0.0891857833387989
6972,5,21,yes,1,-0.004622983511482132,0.004622983511482132
6973,5,21,yes,1,-0.004548750366815624,0.004548750366815624
5284,5,19,no,1,-0.006022277489922678,0.006022277489922678
5285,5,19,no,1,0.006022277489922678,0.006022277489922678
5286,5,19,no,10,-0.06274164546346106,0.06274164546346106
5287,5,19,no,10,-0.06713127593948565,0.06713127593948565
5288,5,19,yes,1,0.0068484456234291224,0.0068484456234291224
5289,5,19,yes,1,0.0068248316823924515,0.0068248316823924515
6343,5,20,yes,3,-0.010821906849225654,0.010821906849225654
5290,5,19,yes,1,0.0067987210476098126,0.0067987210476098126
6344,5,20,no,1,-0.0034694475658122448,0.0034694475658122448
5291,5,19,no,1,0.006770152846514388,0.006770152846514388
5292,5,19,yes,1,0.0067391696291118075,0.0067391696291118075
5293,5,19,no,1,-0.0067391696291118075,0.0067391696291118075
5294,5,19,yes,1,0.0067391696291118075,0.0067391696291118075
6345,5,20,yes,6,0.021856657088381498,0.021856657088381498
5295,5,19,yes,1,0.006705817235090228,0.006705817235090228
6974,5,21,yes,2,0.009171733878297755,0.009171733878297755
5296,5,19,yes,6,-0.04068713806414781,0.04068713806414781
5297,5,19,no,1,-0.006869527289091959,0.006869527289091959
5298,5,19,no,1,-0.006888044756477085,0.006888044756477085
6975,5,21,yes,1,0.004697221546987984,0.004697221546987984
5299,5,19,yes,1,0.006888044756477085,0.006888044756477085
5300,5,19,yes,1,0.006869527289091959,0.006869527289091959
5301,5,19,yes,18,-0.12432938783055947,0.12432938783055947
5302,5,19,no,2,0.013673277305821518,0.013673277305821518
5303,5,19,no,1,0.0068695272890921255,0.0068695272890921255
5304,5,19,yes,1,0.00688804475647703,0.00688804475647703
6976,5,21,yes,13,-0.055312424022983114,0.055312424022983114
5305,5,19,yes,1,0.006903969863395976,0.006903969863395976
5306,5,19,no,6,0.0416105113016646,0.0416105113016646
5307,5,19,no,11,0.075626208514054,0.075626208514054
6977,5,21,yes,5,0.019809215444824363,0.019809215444824363
6346,5,20,yes,7,-0.025258272112398922,0.025258272112398922
5308,5,19,no,1,0.0067391696291118075,0.0067391696291118075
5309,5,19,no,1,0.006705817235090228,0.006705817235090228
6347,5,20,no,1,-0.003334478476924113,0.003334478476924113
6348,5,20,no,1,0.003334478476924113,0.003334478476924113
6978,5,21,yes,1,-0.0041064676986638515,0.0041064676986638515
6979,5,21,yes,11,0.04922656108512366,0.04922656108512366
5310,5,19,no,1,0.0066701446519749075,0.0066701446519749075
6980,5,21,yes,1,-0.004845478367507289,0.004845478367507289
5311,5,19,yes,1,0.006632203865068909,0.006632203865068909
5312,5,19,yes,1,0.006592049699952862,0.006592049699952862
6349,5,20,yes,8,0.029147783201985994,0.029147783201985994
6350,5,20,yes,1,0.003961402534739644,0.003961402534739644
6981,5,21,yes,1,0.004845478367507289,0.004845478367507289
6982,5,21,yes,12,-0.05326029601423066,0.05326029601423066
6983,5,21,yes,5,-0.019093074941488458,0.019093074941488458
5313,5,19,no,1,-0.006592049699952862,0.006592049699952862
6984,5,21,yes,1,0.0036768586438181428,0.0036768586438181428
6985,5,21,no,1,0.003747203480616801,0.003747203480616801
6351,5,20,no,1,-0.003961402534739644,0.003961402534739644
6352,5,20,yes,1,-0.003889511089587072,0.003889511089587072
6986,5,21,no,1,0.003818099192726798,0.003818099192726798
6987,5,21,no,1,0.003889511089587072,0.003889511089587072
6988,5,21,no,2,-0.00770761028231387,0.00770761028231387
6989,5,21,yes,2,0.00770761028231387,0.00770761028231387
6353,5,20,yes,8,-0.028592750589323035,0.028592750589323035
6354,5,20,yes,1,0.003334478476924113,0.003334478476924113
6355,5,20,yes,1,-0.003334478476924113,0.003334478476924113
6356,5,20,no,1,-0.0032680614992418033,0.0032680614992418033
6357,5,20,yes,1,0.0032680614992418033,0.0032680614992418033
6358,5,20,yes,1,-0.0032680614992418033,0.0032680614992418033
6359,5,20,yes,5,0.01701155332359297,0.01701155332359297
6990,5,21,no,1,0.003961402534739644,0.003961402534739644
6360,5,20,no,1,-0.0035379507575973856,0.0035379507575973856
6361,5,20,yes,1,0.0035379507575973856,0.0035379507575973856
6991,5,21,yes,6,0.025299877475147087,0.025299877475147087
6992,5,21,no,1,-0.004400521639892407,0.004400521639892407
6993,5,21,yes,4,0.018046833823686936,0.018046833823686936
6362,5,20,yes,12,0.04800004986444567,0.04800004986444567
6994,5,21,no,1,0.004697221546987984,0.004697221546987984
6995,5,21,yes,7,-0.031323650291354255,0.031323650291354255
6996,5,21,yes,1,0.004252962151704648,0.004252962151704648
6363,5,20,yes,1,-0.004400521639892407,0.004400521639892407
6997,5,21,yes,7,0.031842094580443375,0.031842094580443375
6364,5,20,yes,1,0.004400521639892407,0.004400521639892407
6365,5,20,no,8,-0.0331507910994738,0.0331507910994738
6998,5,21,yes,1,-0.004771406440793768,0.004771406440793768
6366,5,20,yes,1,-0.003818099192726798,0.003818099192726798
6367,5,20,yes,4,-0.014569110329842455,0.014569110329842455
6999,5,21,no,1,-0.004697221546987984,0.004697221546987984
7000,5,21,yes,1,0.004697221546987984,0.004697221546987984
6368,5,20,yes,1,-0.0034694475658122448,0.0034694475658122448
6369,5,20,no,1,-0.0034016150240174237,0.0034016150240174237
7001,5,21,no,1,0.004771406440793768,0.004771406440793768
6370,5,20,no,5,-0.016015735866862724,0.016015735866862724
6371,5,20,no,16,-0.04113649175868511,0.04113649175868511
6372,5,20,yes,1,0.0021627369816222125,0.0021627369816222125
6373,5,20,yes,1,0.0022130324091241965,0.0022130324091241965
6374,5,20,no,7,0.016974411274720075,0.016974411274720075
6375,5,20,yes,11,0.03246756848315724,0.03246756848315724
6376,5,20,yes,6,-0.018638734942818175,0.018638734942818175
6377,5,20,no,1,-0.002885778044461579,0.002885778044461579
6378,5,20,yes,1,0.002885778044461579,0.002885778044461579
7002,5,21,yes,13,0.0686390361452556,0.0686390361452556
7003,5,21,no,1,-0.005701604461620324,0.005701604461620324
7004,5,21,yes,1,0.005701604461620324,0.005701604461620324
7005,5,21,no,8,-0.043675373831492836,0.043675373831492836
7006,5,21,no,4,-0.020118183946255475,0.020118183946255475
7007,5,21,no,4,-0.018937089866771173,0.018937089866771173
6379,5,20,no,1,0.0029474764738244563,0.0029474764738244563
6380,5,20,yes,1,0.003010001079055108,0.003010001079055108
7008,5,21,yes,1,0.004622983511482132,0.004622983511482132
7009,5,21,yes,18,-0.07205537539566725,0.07205537539566725
7010,5,21,yes,1,0.0034016150240174237,0.0034016150240174237
7011,5,21,yes,11,0.04202733162728356,0.04202733162728356
7012,5,21,no,4,-0.01628116344931499,0.01628116344931499
7013,5,21,no,13,0.0572216985489703,0.0572216985489703
7014,5,21,yes,1,0.004919375763308059,0.004919375763308059
6381,5,20,yes,12,0.041274007979261645,0.041274007979261645
6382,5,20,no,1,-0.003818099192726798,0.003818099192726798
7015,5,21,yes,1,-0.004919375763308059,0.004919375763308059
7016,5,21,no,11,-0.04922656108512366,0.04922656108512366
7017,5,21,no,1,-0.004033734929106997,0.004033734929106997
7018,5,21,yes,1,0.004033734929106997,0.004033734929106997
7019,5,21,no,1,-0.004033734929106997,0.004033734929106997
7020,5,21,yes,1,0.004033734929106997,0.004033734929106997
7021,5,21,no,1,-0.004033734929106997,0.004033734929106997
7022,5,21,yes,1,0.004033734929106997,0.004033734929106997
6383,5,20,yes,1,-0.003747203480616801,0.003747203480616801
7023,5,21,no,1,0.0041064676986638515,0.0041064676986638515
7024,5,21,yes,10,-0.03784777334047906,0.03784777334047906
7025,5,21,no,9,0.03374130564181521,0.03374130564181521
7026,5,21,no,1,-0.004033734929106997,0.004033734929106997
7027,5,21,yes,7,-0.02623812314689597,0.02623812314689597
7028,5,21,yes,12,0.04713747898215065,0.04713747898215065
7029,5,21,yes,13,0.06297503249732303,0.06297503249732303
7030,5,21,yes,6,0.03317946545940126,0.03317946545940126
7031,5,21,no,1,-0.005701604461620324,0.005701604461620324
7032,5,21,no,1,-0.005634110153561633,0.005634110153561633
7033,5,21,no,1,-0.00556567251430401,0.00556567251430401
7034,5,21,yes,1,0.00556567251430401,0.00556567251430401
7035,5,21,yes,13,-0.0667719495178554,0.0667719495178554
7036,5,21,yes,10,-0.04290759219368126,0.04290759219368126
7037,5,21,yes,5,0.020534125601019637,0.020534125601019637
7038,5,21,no,10,0.04659998409903707,0.04659998409903707
7039,5,21,no,1,-0.004993035387778344,0.004993035387778344
7040,5,21,no,5,-0.023856465630079232,0.023856465630079232
7041,5,21,no,10,0.049551182185118225,0.049551182185118225
7042,5,21,no,1,-0.005283976781832733,0.005283976781832733
7043,5,21,yes,1,-0.005211931590258845,0.005211931590258845
7044,5,21,no,1,-0.005139380401899957,0.005139380401899957
7045,5,21,no,1,-0.005066392393269115,0.005066392393269115
7046,5,21,no,1,-0.004993035387778344,0.004993035387778344
7047,5,21,yes,9,0.047538467399258294,0.047538467399258294
7048,5,21,no,1,-0.00556567251430401,0.00556567251430401
7049,5,21,no,15,-0.07485258918734591,0.07485258918734591
7050,5,21,no,5,0.02311494017157628,0.02311494017157628
7051,5,21,yes,1,0.004845478367507289,0.004845478367507289
7052,5,21,yes,1,0.004919375763308059,0.004919375763308059
7053,5,21,yes,4,-0.0192334821185971,0.0192334821185971
7054,5,21,no,2,-0.009171733878297755,0.009171733878297755
7055,5,21,yes,9,-0.03762536940497058,0.03762536940497058
7056,5,21,no,4,0.015991116252097565,0.015991116252097565
7057,5,21,yes,7,0.030805987031170767,0.030805987031170767
7058,5,21,no,1,-0.004622983511482132,0.004622983511482132
7059,5,21,no,1,-0.004548750366815624,0.004548750366815624
7060,5,21,yes,1,0.004548750366815624,0.004548750366815624
7061,5,21,no,1,-0.004548750366815624,0.004548750366815624
7062,5,21,yes,1,0.004548750366815624,0.004548750366815624
7063,5,21,yes,15,-0.060561329294355454,0.060561329294355454
7064,5,21,yes,11,0.04281084621317596,0.04281084621317596
7065,5,21,no,1,-0.004252962151704648,0.004252962151704648
7066,5,21,yes,1,0.004252962151704648,0.004252962151704648
7067,5,21,no,1,-0.004252962151704648,0.004252962151704648
7068,5,21,yes,6,-0.02398877373162886,0.02398877373162886
7069,5,21,yes,2,-0.007424062124434944,0.007424062124434944
7070,5,21,no,1,-0.003607097447810126,0.003607097447810126
7071,5,21,no,7,0.02673390731840558,0.02673390731840558
7072,5,21,no,1,-0.004033734929106997,0.004033734929106997
7073,5,21,yes,7,-0.02623812314689597,0.02623812314689597
7074,5,21,no,1,0.0035379507575973856,0.0035379507575973856
7075,5,21,no,1,0.003607097447810126,0.003607097447810126
7076,5,21,yes,1,0.0036768586438181428,0.0036768586438181428
7077,5,21,yes,11,0.045190672078314176,0.045190672078314176
7078,5,21,no,1,-0.004474578305496774,0.004474578305496774
7079,5,21,yes,1,0.004474578305496774,0.004474578305496774
7080,5,21,no,1,-0.004474578305496774,0.004474578305496774
7081,5,21,no,1,-0.004400521639892407,0.004400521639892407
7082,5,21,no,7,0.03236094017897598,0.03236094017897598
7083,5,21,no,1,-0.004845478367507289,0.004845478367507289
7084,5,21,yes,1,-0.004771406440793768,0.004771406440793768
7085,5,21,yes,7,-0.031323650291354255,0.031323650291354255
7086,5,21,yes,1,-0.004179558286804497,0.004179558286804497
7087,5,21,no,1,0.004179558286804497,0.004179558286804497
7088,5,21,yes,12,0.05591933864401083,0.05591933864401083
7089,5,21,yes,1,-0.005066392393269115,0.005066392393269115
7090,5,21,yes,1,0.005066392393269115,0.005066392393269115
7091,5,21,yes,13,-0.060098896930815326,0.060098896930815326
7092,5,21,no,1,-0.0041064676986638515,0.0041064676986638515
7093,5,21,no,2,0.008286025985468348,0.008286025985468348
