id,round_id,participant_id,direction,quantity,cost,price_before,price_after,q_yes_after,q_no_after,executed_at,market_id
1,1,P17,no,2,1.0138871031337757,0.5,0.4861146822539951,0,2,2026-06-01 14:23:09.208360,1
2,1,P08,no,12,6.662422719700576,0.4861146822539951,0.4039848066734832,0,14,2026-06-01 14:23:09.413878,1
3,1,P03,yes,13,5.827162287760956,0.4039848066734832,0.49305600205173933,13,14,2026-06-01 14:23:09.431726,1
4,1,P09,no,20,11.506547585617426,0.49305600205173933,0.358165954911269,13,34,2026-06-01 14:23:09.446999,1
5,1,P09,no,1,0.6450184025501073,0.358165954911269,0.3518057801362553,13,35,2026-06-01 14:23:09.447000,1
6,1,P17,yes,6,2.2266297524901333,0.3518057801362553,0.3906824581564393,19,35,2026-06-01 14:23:09.477152,1
7,1,P04,yes,1,0.39399530527405346,0.3906824581564393,0.3973146620215083,20,35,2026-06-01 14:23:09.483613,1
8,1,P22,yes,11,4.7798638445667905,0.3973146620215083,0.47225076494548685,31,35,2026-06-01 14:23:09.521051,1
9,1,P06,yes,15,7.862987575543059,0.47225076494548685,0.5758000536158003,46,35,2026-06-01 14:23:09.625457,1
10,1,P05,no,1,0.4275970279988428,0.5758000536158003,0.5690013325681905,46,36,2026-06-01 14:23:09.655233,1
11,1,P09,no,2,0.8756548699375912,0.5690013325681905,0.555328055262369,46,38,2026-06-01 14:23:09.696735,1
12,1,P13,no,6,2.7921206285604683,0.555328055262369,0.5138853177460049,46,44,2026-06-01 14:23:09.705488,1
13,1,P08,no,1,0.4895850074615282,0.5138853177460049,0.5069439979482607,46,45,2026-06-01 14:23:10.082243,1
14,1,P18,no,1,0.49652788940468895,0.5069439979482607,0.5,46,46,2026-06-01 14:23:11.056153,1
15,2,P18,no,2,1.0138871031337757,0.5,0.4861146822539951,0,2,2026-06-01 14:23:13.132251,2
16,2,P08,no,11,6.069757558179081,0.4861146822539951,0.41069062390857347,0,13,2026-06-01 14:23:14.557601,2
17,2,P22,yes,12,5.419827449282444,0.41069062390857347,0.49305600205173933,12,13,2026-06-01 14:23:14.839550,2
18,2,P09,no,1,0.5104149925384789,0.49305600205173933,0.4861146822539951,12,14,2026-06-01 14:23:14.898456,2
19,2,P17,no,1,0.5173538588048672,0.4861146822539951,0.4791787146272571,12,15,2026-06-01 14:23:15.852703,2
20,7,P14,yes,1,0.503472110595304,0.5,0.5069439979482607,1,0,2026-06-01 14:23:31.431237,3
21,7,P14,yes,1,0.5104149925384718,0.5069439979482607,0.5138853177460049,2,0,2026-06-01 14:23:31.486464,3
22,7,P21,yes,16,9.099585827192033,0.5138853177460049,0.6224593312018546,18,0,2026-06-01 14:23:31.605927,3
23,7,P11,no,2,0.768194920927165,0.6224593312018546,0.6093175418435606,18,2,2026-06-01 14:23:31.623879,3
24,7,P17,no,1,0.39399530527405346,0.6093175418435606,0.6026853379784917,18,3,2026-06-01 14:23:31.681819,3
25,7,P23,no,13,5.738223946606752,0.6026853379784917,0.5138853177460049,18,16,2026-06-01 14:23:31.687452,3
26,7,P05,yes,13,7.261776053393248,0.5138853177460049,0.6026853379784917,31,16,2026-06-01 14:23:31.734820,3
27,7,P21,yes,13,8.380589481095583,0.6026853379784917,0.6852009766653157,44,16,2026-06-01 14:23:31.749511,3
28,7,P24,no,1,0.3178050823557612,0.6852009766653157,0.679178699175393,44,17,2026-06-01 14:23:31.768914,3
29,7,P01,no,1,0.3238576014485304,0.679178699175393,0.6730961777222321,44,18,2026-06-01 14:23:31.803481,3
30,7,P01,no,2,0.6661093050896696,0.6730961777222321,0.6607563687658172,44,20,2026-06-01 14:23:31.812180,3
31,7,P16,no,3,1.0459950696961613,0.6607563687658172,0.6418340450887311,44,23,2026-06-01 14:23:31.813204,3
32,7,P21,yes,1,0.6450184025501144,0.6418340450887311,0.6481942198637447,45,23,2026-06-01 14:23:31.820935,3
33,7,P10,no,20,8.358849004370931,0.6481942198637447,0.5138853177460049,45,43,2026-06-01 14:23:31.860504,3
34,7,P05,yes,19,10.99613259307894,0.5138853177460049,0.6418340450887311,64,43,2026-06-01 14:23:31.868652,3
35,7,P02,yes,19,13.281273155135011,0.6418340450887311,0.7523361988609284,83,43,2026-06-01 14:23:31.870405,3
36,7,P20,no,3,0.7666069837578249,0.7523361988609284,0.736484844941675,83,46,2026-06-01 14:23:31.870733,3
37,7,P06,no,1,0.2662224153924342,0.736484844941675,0.7310585786300049,83,47,2026-06-01 14:23:31.883976,3
38,7,P03,no,10,2.973793070928906,0.7310585786300049,0.6730961777222321,83,57,2026-06-01 14:23:31.905432,3
39,7,P18,no,1,0.3299696342987346,0.6730961777222321,0.6669548851735586,83,58,2026-06-01 14:23:31.926586,3
40,7,P17,no,2,0.6785057976426856,0.6669548851735586,0.6545022492518787,83,60,2026-06-01 14:23:31.930608,3
41,7,P01,no,8,2.9692724031586977,0.6545022492518787,0.6026853379784917,83,68,2026-06-01 14:23:31.985719,3
42,7,P19,no,8,3.3942083760053094,0.6026853379784917,0.548458527973277,83,76,2026-06-01 14:23:31.989795,3
43,7,P05,yes,14,8.34014816368041,0.548458527973277,0.6418340450887311,97,76,2026-06-01 14:23:32.112343,3
44,7,P02,yes,2,1.296371057155568,0.6418340450887311,0.6545022492518787,99,76,2026-06-01 14:23:32.159759,3
45,7,P03,no,6,2.187894101485014,0.6545022492518787,0.6159095915435134,99,82,2026-06-01 14:23:32.288739,3
46,7,P20,no,1,0.38738299639965135,0.6159095915435134,0.6093175418435606,99,83,2026-06-01 14:23:32.306783,3
47,7,P05,yes,4,2.489718928442727,0.6093175418435606,0.6354235592583607,103,83,2026-06-01 14:23:32.320049,3
48,7,P09,no,1,0.36780193489835256,0.6354235592583607,0.6289646649499733,103,84,2026-06-01 14:23:32.369905,3
49,7,P21,yes,11,7.299366158879252,0.6289646649499733,0.6970592839654074,114,84,2026-06-01 14:23:32.400971,3
50,7,P10,no,12,4.0749180568525105,0.6970592839654074,0.6224593312018546,114,96,2026-06-01 14:23:32.417541,3
51,7,P10,no,3,1.1621902262012043,0.6224593312018546,0.6026853379784917,114,99,2026-06-01 14:23:32.477981,3
52,7,P22,no,11,4.779863844566819,0.6026853379784917,0.5277492350545132,114,110,2026-06-01 14:23:32.508300,3
53,7,P14,yes,12,6.826140850159135,0.5277492350545132,0.6093175418435606,126,110,2026-06-01 14:23:32.512084,3
54,7,P13,no,1,0.39399530527404636,0.6093175418435606,0.6026853379784917,126,111,2026-06-01 14:23:32.585436,3
55,7,P23,no,8,3.3942083760053094,0.6026853379784917,0.548458527973277,126,119,2026-06-01 14:23:32.587862,3
56,7,P02,yes,7,4.006438290302043,0.548458527973277,0.5960151933265168,133,119,2026-06-01 14:23:32.638129,3
57,7,P02,yes,1,0.599353333692676,0.5960151933265168,0.6026853379784917,134,119,2026-06-01 14:23:32.703323,3
58,7,P05,yes,16,10.462873132246415,0.6026853379784917,0.702892745013669,150,119,2026-06-01 14:23:32.777622,3
59,7,P14,yes,8,5.803020303592575,0.702892745013669,0.7471242672706695,158,119,2026-06-01 14:23:32.778430,3
60,7,P11,no,10,2.8028825328393054,0.7471242672706695,0.6911616123625146,158,129,2026-06-01 14:23:32.805725,3
61,7,P03,no,4,1.2834458305203214,0.6911616123625146,0.6669548851735586,158,133,2026-06-01 14:23:32.836484,3
62,7,P10,no,3,1.0271531430371965,0.6669548851735586,0.6481942198637447,158,136,2026-06-01 14:23:32.880873,3
63,7,P03,no,1,0.35498159744989266,0.6481942198637447,0.6418340450887311,158,137,2026-06-01 14:23:33.036819,3
64,7,P02,yes,8,5.334419428992561,0.6418340450887311,0.6911616123625146,166,137,2026-06-01 14:23:33.040305,3
65,7,P23,no,1,0.31181351241730226,0.6911616123625146,0.6852009766653157,166,138,2026-06-01 14:23:33.040623,3
66,7,P21,yes,9,6.40164719748293,0.6852009766653157,0.736484844941675,175,138,2026-06-01 14:23:33.075138,3
67,7,P02,yes,6,4.513364460723523,0.736484844941675,0.7675350070438758,181,138,2026-06-01 14:23:33.088654,3
68,7,P10,no,4,0.970292296536968,0.7675350070438758,0.7471242672706695,181,142,2026-06-01 14:23:33.110500,3
69,7,P08,no,1,0.25551174028692003,0.7471242672706695,0.7418402904888368,181,143,2026-06-01 14:23:33.197325,3
70,7,P12,no,1,0.26083150245261777,0.7418402904888368,0.736484844941675,181,144,2026-06-01 14:23:33.230304,3
71,7,P22,no,1,0.26622241539240576,0.736484844941675,0.7310585786300049,181,145,2026-06-01 14:23:33.249581,3
72,7,P05,yes,11,8.356143984045644,0.7310585786300049,0.7867684891624728,192,145,2026-06-01 14:23:33.274396,3
73,7,P13,no,16,4.058270054229837,0.7867684891624728,0.702892745013669,192,161,2026-06-01 14:23:33.282139,3
74,7,P10,no,8,2.567854464594859,0.702892745013669,0.6545022492518787,192,169,2026-06-01 14:23:33.302794,3
75,7,P03,no,1,0.34864734539453934,0.6545022492518787,0.6481942198637447,192,170,2026-06-01 14:23:33.308373,3
76,7,P12,no,12,4.6910735058728505,0.6481942198637447,0.5690013325681905,192,182,2026-06-01 14:23:33.321384,3
77,7,P04,yes,1,0.5724029720011572,0.5690013325681905,0.5758000536158003,193,182,2026-06-01 14:23:33.336148,3
78,7,P18,yes,1,0.5791876120238157,0.5758000536158003,0.5825702064623147,194,182,2026-06-01 14:23:33.421105,3
79,7,P10,no,1,0.4208123879762127,0.5825702064623147,0.5758000536158003,194,183,2026-06-01 14:23:33.427880,3
80,7,P03,no,8,-3.1793258620428446,0.5758000536158003,0.6289646649499733,194,175,2026-06-01 14:23:33.465111,3
81,7,P20,no,9,3.6069228900416874,0.6289646649499733,0.5690013325681905,194,184,2026-06-01 14:23:33.495347,3
82,7,P21,yes,18,11.310141032986877,0.5690013325681905,0.6852009766653157,212,184,2026-06-01 14:23:33.519578,3
83,7,P19,no,14,5.020057185211755,0.6852009766653157,0.5960151933265168,212,198,2026-06-01 14:23:33.556857,3
84,7,P05,yes,1,0.599353333692676,0.5960151933265168,0.6026853379784917,213,198,2026-06-01 14:23:33.623429,3
85,7,P10,no,20,9.31107271821088,0.6026853379784917,0.46533348664659613,213,218,2026-06-01 14:23:33.670416,3
86,7,P10,no,2,1.0831356577943723,0.46533348664659613,0.4515414720267231,213,220,2026-06-01 14:23:33.670417,3
87,7,P19,yes,1,0.45498405889662763,0.4515414720267231,0.45842951678320015,214,220,2026-06-01 14:23:33.698366,3
88,7,P02,yes,1,0.4618802833090001,0.45842951678320015,0.46533348664659613,215,220,2026-06-01 14:23:33.732168,3
89,7,P19,yes,4,1.9167362358573712,0.46533348664659613,0.49305600205173933,219,220,2026-06-01 14:23:33.732511,3
90,7,P21,yes,7,3.6213834808336003,0.49305600205173933,0.5415704832167999,226,220,2026-06-01 14:23:33.759051,3
91,7,P04,yes,1,0.5450159411034292,0.5415704832167999,0.548458527973277,227,220,2026-06-01 14:23:33.779741,3
92,7,P12,yes,1,0.5518949420409456,0.548458527973277,0.555328055262369,228,220,2026-06-01 14:23:33.804934,3
93,7,P10,no,10,4.792120628560525,0.555328055262369,0.4861146822539951,228,230,2026-06-01 14:23:33.809707,3
94,7,P17,yes,2,0.9861128968662172,0.4861146822539951,0.5,230,230,2026-06-01 14:23:33.812032,3
95,7,P21,yes,1,0.503472110595311,0.5,0.5069439979482607,231,230,2026-06-01 14:23:33.837727,3
96,7,P20,yes,12,6.580172550717549,0.5069439979482607,0.5893093760914265,243,230,2026-06-01 14:23:33.846457,3
97,7,P24,no,1,-0.40733483847850493,0.5893093760914265,0.5960151933265168,243,229,2026-06-01 14:23:33.868156,3
98,7,P04,yes,1,0.5993533336926475,0.5960151933265168,0.6026853379784917,244,229,2026-06-01 14:23:33.900205,3
99,7,P08,yes,1,0.6060046947259252,0.6026853379784917,0.6093175418435606,245,229,2026-06-01 14:23:33.972360,3
100,7,P14,yes,1,0.6126170036003487,0.6093175418435606,0.6159095915435134,246,229,2026-06-01 14:23:33.974546,3
101,7,P10,no,20,9.03695610708536,0.6159095915435134,0.4791787146272571,246,249,2026-06-01 14:23:33.985268,3
102,7,P10,no,7,3.8148706426970875,0.4791787146272571,0.4309986674318095,246,256,2026-06-01 14:23:33.985269,3
103,7,P14,yes,20,10.0,0.4309986674318095,0.5690013325681905,266,256,2026-06-01 14:23:33.994624,3
104,7,P14,yes,3,1.7375330566771368,0.5690013325681905,0.5893093760914265,269,256,2026-06-01 14:23:33.994625,3
105,7,P05,yes,6,3.655544053281176,0.5893093760914265,0.6289646649499733,275,256,2026-06-01 14:23:34.003626,3
106,7,P04,yes,12,7.99934757417941,0.6289646649499733,0.702892745013669,287,256,2026-06-01 14:23:34.009674,3
107,7,P14,yes,1,0.705782280205483,0.702892745013669,0.7086608250294356,288,256,2026-06-01 14:23:34.014483,3
108,7,P06,no,10,3.210719529783944,0.7086608250294356,0.6481942198637447,288,266,2026-06-01 14:23:34.120919,3
109,7,P14,yes,1,0.6513526546054891,0.6481942198637447,0.6545022492518787,289,266,2026-06-01 14:23:34.167645,3
110,7,P12,no,1,0.3486473453945109,0.6545022492518787,0.6481942198637447,289,267,2026-06-01 14:23:34.196834,3
111,7,P21,yes,16,11.142030233890068,0.6481942198637447,0.7418402904888368,305,267,2026-06-01 14:23:34.214997,3
112,7,P23,no,2,0.5270539178450235,0.7418402904888368,0.7310585786300049,305,269,2026-06-01 14:23:34.354696,3
113,7,P14,yes,18,13.973457256723009,0.7310585786300049,0.8175744761936437,323,269,2026-06-01 14:23:34.406376,3
114,7,P13,no,3,0.5662498442196693,0.8175744761936437,0.8048153229861598,323,272,2026-06-01 14:23:34.455425,3
115,7,P20,no,1,0.19737877265060888,0.8048153229861598,0.8004148013462675,323,273,2026-06-01 14:23:34.474925,3
116,7,P24,no,14,3.262914126406713,0.8004148013462675,0.7310585786300049,323,287,2026-06-01 14:23:34.482873,3
117,7,P02,yes,8,6.017142889444472,0.7310585786300049,0.7724543828071839,331,287,2026-06-01 14:23:34.521302,3
118,7,P01,no,2,0.4649545398410737,0.7724543828071839,0.7625419716560975,331,289,2026-06-01 14:23:34.534016,3
119,7,P22,no,3,0.7353369125825111,0.7625419716560975,0.7471242672706695,331,292,2026-06-01 14:23:34.539045,3
120,7,P10,no,3,0.7825656581319436,0.7471242672706695,0.7310585786300049,331,295,2026-06-01 14:23:34.555338,3
121,7,P01,no,14,4.330915848264908,0.7310585786300049,0.6481942198637447,331,309,2026-06-01 14:23:34.741747,3
122,7,P04,yes,1,0.6513526546053754,0.6481942198637447,0.6545022492518787,332,309,2026-06-01 14:23:34.889750,3
123,7,P14,yes,2,1.321494202357428,0.6545022492518787,0.6669548851735586,334,309,2026-06-01 14:23:34.925140,3
124,7,P20,no,1,0.33613967079088525,0.6669548851735586,0.6607563687658172,334,310,2026-06-01 14:23:35.012102,3
125,7,P02,yes,9,6.191811152955665,0.6607563687658172,0.7143624294910559,343,310,2026-06-01 14:23:35.104009,3
126,7,P17,no,5,1.5004168581504018,0.7143624294910559,0.6852009766653157,343,315,2026-06-01 14:23:35.232290,3
127,7,P11,no,1,0.3178050823557328,0.6852009766653157,0.679178699175393,343,316,2026-06-01 14:23:35.238490,3
128,7,P20,no,1,0.3238576014485375,0.679178699175393,0.6730961777222321,343,317,2026-06-01 14:23:35.273929,3
129,7,P20,no,1,0.32996963429877724,0.6730961777222321,0.6669548851735586,343,318,2026-06-01 14:23:35.277978,3
130,7,P19,no,1,0.33613967079088525,0.6669548851735586,0.6607563687658172,343,319,2026-06-01 14:23:35.398608,3
131,7,P23,no,1,0.34236612685180035,0.6607563687658172,0.6545022492518787,343,320,2026-06-01 14:23:35.419086,3
132,7,P03,no,11,4.191311435292334,0.6545022492518787,0.5825702064623147,343,331,2026-06-01 14:23:35.439528,3
133,7,P04,yes,1,0.5859424726521638,0.5825702064623147,0.5893093760914265,344,331,2026-06-01 14:23:35.449886,3
134,7,P18,yes,20,13.07219111815931,0.5893093760914265,0.7143624294910559,364,331,2026-06-01 14:23:35.475903,3
135,7,P18,yes,5,3.641232553180828,0.7143624294910559,0.7418402904888368,369,331,2026-06-01 14:23:35.475904,3
136,7,P05,yes,6,4.5441968072893815,0.7418402904888368,0.7724543828071839,375,331,2026-06-01 14:23:35.492692,3
137,7,P01,no,2,0.4649545398410737,0.7724543828071839,0.7625419716560975,375,333,2026-06-01 14:23:35.493206,3
138,7,P18,yes,4,3.0896204911820178,0.7625419716560975,0.7820712676154848,379,333,2026-06-01 14:23:35.496857,3
139,7,P01,no,1,0.2203082573099664,0.7820712676154848,0.7772998611746911,379,334,2026-06-01 14:23:35.526314,3
140,7,P18,no,1,-0.2203082573099664,0.7772998611746911,0.7820712676154848,379,333,2026-06-01 14:23:35.527422,3
141,7,P13,no,8,1.9012281616874702,0.7820712676154848,0.7418402904888368,379,341,2026-06-01 14:23:35.530855,3
142,7,P04,yes,1,0.74448825971308,0.7418402904888368,0.7471242672706695,380,341,2026-06-01 14:23:35.606643,3
143,7,P11,no,6,1.614279187106149,0.7471242672706695,0.7143624294910559,380,347,2026-06-01 14:23:35.614671,3
144,7,P17,no,1,0.2884827895068156,0.7143624294910559,0.7086608250294356,380,348,2026-06-01 14:23:35.648234,3
145,7,P09,no,1,-0.2884827895068156,0.7086608250294356,0.7143624294910559,380,347,2026-06-01 14:23:35.653347,3
146,7,P10,no,1,0.2884827895068156,0.7143624294910559,0.7086608250294356,380,348,2026-06-01 14:23:35.741509,3
147,7,P19,no,1,0.2942177197944602,0.7086608250294356,0.702892745013669,380,349,2026-06-01 14:23:35.988133,3
148,7,P18,yes,1,0.7057822802055398,0.702892745013669,0.7086608250294356,381,349,2026-06-01 14:23:36.014933,3
149,7,P11,no,15,5.049966285874291,0.7086608250294356,0.6159095915435134,381,364,2026-06-01 14:23:36.120273,3
150,7,P05,yes,1,0.6191880754724934,0.6159095915435134,0.6224593312018546,382,364,2026-06-01 14:23:36.160702,3
151,7,P01,yes,7,4.514412025399849,0.6224593312018546,0.6669548851735586,389,364,2026-06-01 14:23:36.228663,3
152,7,P14,yes,1,0.6700303657012796,0.6669548851735586,0.6730961777222321,390,364,2026-06-01 14:23:36.374551,3
153,7,P04,yes,11,7.759984513678603,0.6730961777222321,0.736484844941675,401,364,2026-06-01 14:23:36.418718,3
154,7,P02,yes,12,9.20512459978005,0.736484844941675,0.7959402230407707,413,364,2026-06-01 14:23:36.468060,3
155,7,P01,no,15,3.6099964941345775,0.7959402230407707,0.7199965396446176,413,379,2026-06-01 14:23:36.510051,3
156,7,P09,no,2,0.5712976399588001,0.7199965396446176,0.7086608250294356,413,381,2026-06-01 14:23:36.638594,3
157,7,P19,no,5,1.5297391509993759,0.7086608250294356,0.679178699175393,413,386,2026-06-01 14:23:36.647620,3
158,7,P04,yes,16,11.597206575850691,0.679178699175393,0.7675350070438758,429,386,2026-06-01 14:23:36.696729,3
159,7,P05,yes,1,0.77000084411344,0.7675350070438758,0.7724543828071839,430,386,2026-06-01 14:23:36.764024,3
715,8,P11,yes,2,-1.4836567572604054,0.7471242672706695,0.736484844941675,1208,1171,2026-06-01 14:23:36.768813,3
160,7,P11,no,9,2.2545409054398533,0.7724543828071839,0.7255622121589215,430,395,2026-06-01 14:23:36.997866,3
161,7,P02,yes,8,5.975458250446707,0.7255622121589215,0.7675350070438758,438,395,2026-06-01 14:23:37.089256,3
716,8,P17,no,10,2.916157884872746,0.736484844941675,0.679178699175393,1208,1181,2026-06-01 14:23:37.111093,3
162,7,P19,no,8,2.0245417495532934,0.7675350070438758,0.7255622121589215,438,403,2026-06-01 14:23:37.111159,3
163,7,P10,no,2,0.5600297340898805,0.7255622121589215,0.7143624294910559,438,405,2026-06-01 14:23:37.175499,3
164,7,P23,no,1,0.2884827895068156,0.7143624294910559,0.7086608250294356,438,406,2026-06-01 14:23:37.182863,3
717,8,P22,yes,1,0.6821949176442104,0.679178699175393,0.6852009766653157,1209,1181,2026-06-01 14:23:37.184420,3
718,8,P10,no,8,-2.3321303871246073,0.6852009766653157,0.7310585786300049,1209,1173,2026-06-01 14:23:37.200342,3
165,7,P09,no,5,1.5297391509993759,0.7086608250294356,0.679178699175393,438,411,2026-06-01 14:23:37.222223,3
166,7,P05,yes,1,0.6821949176442672,0.679178699175393,0.6852009766653157,439,411,2026-06-01 14:23:37.276244,3
719,8,P02,yes,8,-5.667869612875393,0.7310585786300049,0.6852009766653157,1201,1173,2026-06-01 14:23:37.342316,3
720,8,P10,no,19,-4.975986403078878,0.6852009766653157,0.7867684891624728,1201,1154,2026-06-01 14:23:37.364974,3
721,8,P12,yes,9,-6.883197901890753,0.7867684891624728,0.7418402904888368,1192,1154,2026-06-01 14:23:37.373764,3
167,7,P05,yes,2,1.3823022358506591,0.6852009766653157,0.6970592839654074,441,411,2026-06-01 14:23:37.381061,3
722,8,P23,no,1,0.2608315024526746,0.7418402904888368,0.736484844941675,1192,1155,2026-06-01 14:23:37.404126,3
168,7,P14,yes,7,5.019344961632214,0.6970592839654074,0.736484844941675,448,411,2026-06-01 14:23:37.415551,3
169,7,P12,no,1,0.2662224153924626,0.736484844941675,0.7310585786300049,448,412,2026-06-01 14:23:37.456865,3
170,7,P09,no,1,0.2716837948843249,0.7310585786300049,0.7255622121589215,448,413,2026-06-01 14:23:37.462487,3
723,8,P18,yes,3,2.233393016241962,0.736484844941675,0.7523361988609284,1195,1155,2026-06-01 14:23:37.511556,3
171,7,P23,no,1,0.27721488363789604,0.7255622121589215,0.7199965396446176,448,414,2026-06-01 14:23:37.537394,3
724,8,P18,yes,1,0.7549119542418339,0.7523361988609284,0.7574755792628283,1196,1155,2026-06-01 14:23:37.543570,3
725,8,P19,no,1,0.2450880457583935,0.7574755792628283,0.7523361988609284,1196,1156,2026-06-01 14:23:37.551873,3
726,8,P11,no,1,0.250263741018216,0.7523361988609284,0.7471242672706695,1196,1157,2026-06-01 14:23:37.557440,3
172,7,P14,yes,7,5.17318387656951,0.7199965396446176,0.7574755792628283,455,414,2026-06-01 14:23:37.597682,3
173,7,P23,no,1,0.24508804575805243,0.7574755792628283,0.7523361988609284,455,415,2026-06-01 14:23:37.613378,3
174,7,P11,no,1,0.25026374101827287,0.7523361988609284,0.7471242672706695,455,416,2026-06-01 14:23:37.624297,3
175,7,P04,yes,1,0.7497362589816703,0.7471242672706695,0.7523361988609284,456,416,2026-06-01 14:23:37.631862,3
176,7,P04,yes,1,0.7549119542420044,0.7523361988609284,0.7574755792628283,457,416,2026-06-01 14:23:37.674411,3
177,7,P13,no,1,0.24508804575805243,0.7574755792628283,0.7523361988609284,457,417,2026-06-01 14:23:37.691771,3
178,7,P12,no,4,1.0328293991502164,0.7523361988609284,0.7310585786300049,457,421,2026-06-01 14:23:37.697842,3
179,7,P20,no,1,0.2716837948843249,0.7310585786300049,0.7255622121589215,457,422,2026-06-01 14:23:37.750116,3
180,7,P14,yes,1,0.7283162051156751,0.7255622121589215,0.7310585786300049,458,422,2026-06-01 14:23:37.788273,3
181,7,P18,yes,1,0.7337775846075374,0.7310585786300049,0.736484844941675,459,422,2026-06-01 14:23:37.878947,3
182,7,P22,no,14,4.248490918262803,0.736484844941675,0.6545022492518787,459,436,2026-06-01 14:23:37.914914,3
183,7,P02,yes,18,12.739814052221334,0.6545022492518787,0.7574755792628283,477,436,2026-06-01 14:23:37.925786,3
184,7,P22,no,11,2.992350067883649,0.7574755792628283,0.6970592839654074,477,447,2026-06-01 14:23:37.931864,3
727,8,P23,no,13,3.756358729060821,0.7471242672706695,0.6730961777222321,1196,1170,2026-06-01 14:23:38.030707,3
728,8,P18,yes,1,0.6761423985515194,0.6730961777222321,0.679178699175393,1197,1170,2026-06-01 14:23:38.069831,3
729,8,P01,yes,1,0.682194917643983,0.679178699175393,0.6852009766653157,1198,1170,2026-06-01 14:23:38.083862,3
185,7,P14,yes,3,2.117280905998939,0.6970592839654074,0.7143624294910559,480,447,2026-06-01 14:23:38.091461,3
186,7,P05,yes,5,3.641232553180714,0.7143624294910559,0.7418402904888368,485,447,2026-06-01 14:23:38.175710,3
187,7,P01,yes,1,-0.7391684975474391,0.7418402904888368,0.736484844941675,484,447,2026-06-01 14:23:38.257974,3
730,8,P04,yes,1,-0.682194917643983,0.6852009766653157,0.679178699175393,1197,1170,2026-06-01 14:23:38.273040,3
188,7,P10,no,20,6.4363850197477745,0.736484844941675,0.6159095915435134,484,467,2026-06-01 14:23:38.275203,3
189,7,P07,yes,1,0.6191880754724934,0.6159095915435134,0.6224593312018546,485,467,2026-06-01 14:23:38.286594,3
190,7,P09,yes,1,0.6257157842682659,0.6224593312018546,0.6289646649499733,486,467,2026-06-01 14:23:38.317631,3
731,8,P18,yes,1,0.682194917643983,0.679178699175393,0.6852009766653157,1198,1170,2026-06-01 14:23:38.335621,3
732,8,P18,yes,7,-4.646232941409835,0.6852009766653157,0.6418340450887311,1191,1170,2026-06-01 14:23:38.348417,3
191,7,P04,yes,1,0.6321980651016474,0.6289646649499733,0.6354235592583607,487,467,2026-06-01 14:23:38.356525,3
192,7,P21,yes,10,6.6671680937776046,0.6354235592583607,0.6970592839654074,497,467,2026-06-01 14:23:38.391568,3
193,7,P04,yes,15,11.077593554802093,0.6970592839654074,0.7772998611746911,512,467,2026-06-01 14:23:38.410883,3
733,8,P18,no,1,0.3613670834831737,0.6418340450887311,0.6354235592583607,1191,1171,2026-06-01 14:23:38.432381,3
734,8,P18,yes,4,2.5926378468207076,0.6354235592583607,0.6607563687658172,1195,1171,2026-06-01 14:23:38.436084,3
735,8,P04,no,2,0.6910134722461407,0.6607563687658172,0.6481942198637447,1195,1173,2026-06-01 14:23:38.447478,3
736,8,P13,yes,10,6.789280470216454,0.6481942198637447,0.7086608250294356,1205,1173,2026-06-01 14:23:38.456031,3
194,7,P20,no,14,3.6223878604980655,0.7772998611746911,0.702892745013669,512,481,2026-06-01 14:23:38.462072,3
737,8,P10,yes,1,0.711517210492957,0.7086608250294356,0.7143624294910559,1206,1173,2026-06-01 14:23:38.463343,3
195,7,P18,yes,1,0.7057822802054261,0.702892745013669,0.7086608250294356,513,481,2026-06-01 14:23:38.532560,3
196,7,P14,yes,2,1.4287023600412567,0.7086608250294356,0.7199965396446176,515,481,2026-06-01 14:23:38.575949,3
197,7,P14,yes,1,0.7227851163621608,0.7199965396446176,0.7255622121589215,516,481,2026-06-01 14:23:38.682000,3
198,7,P04,yes,5,3.695486805965402,0.7255622121589215,0.7523361988609284,521,481,2026-06-01 14:23:38.739548,3
199,7,P21,yes,4,3.049972288594745,0.7523361988609284,0.7724543828071839,525,481,2026-06-01 14:23:38.832021,3
738,8,P10,no,1,-0.28281485045204136,0.7143624294910559,0.7199965396446176,1206,1172,2026-06-01 14:23:38.878092,3
200,7,P18,no,1,0.2299991558866168,0.7724543828071839,0.7675350070438758,525,482,2026-06-01 14:23:38.888942,3
739,8,P09,yes,1,0.7227851163625019,0.7199965396446176,0.7255622121589215,1207,1172,2026-06-01 14:23:38.912873,3
201,7,P05,yes,6,4.691760139056555,0.7675350070438758,0.7959402230407707,531,482,2026-06-01 14:23:38.917233,3
202,7,P12,no,7,1.5431952448979018,0.7959402230407707,0.7625419716560975,531,489,2026-06-01 14:23:38.991209,3
203,7,P18,yes,17,13.629506241031777,0.7625419716560975,0.8373836916384682,548,489,2026-06-01 14:23:38.997139,3
204,7,P11,no,16,3.135538375013766,0.8373836916384682,0.7675350070438758,548,505,2026-06-01 14:23:39.002558,3
205,7,P02,yes,1,0.7700008441133832,0.7675350070438758,0.7724543828071839,549,505,2026-06-01 14:23:39.017592,3
206,7,P04,yes,12,9.599652010333898,0.7724543828071839,0.8257146788214146,561,505,2026-06-01 14:23:39.070734,3
207,7,P18,yes,5,-4.0770877988356915,0.8257146788214146,0.8048153229861598,556,505,2026-06-01 14:23:39.075085,3
208,7,P02,yes,14,11.661763452111927,0.8048153229861598,0.8588238645581401,570,505,2026-06-01 14:23:39.077706,3
740,8,P18,no,1,0.27721488363749813,0.7255622121589215,0.7199965396446176,1207,1173,2026-06-01 14:23:39.081262,3
209,7,P04,yes,13,11.425620852570432,0.8588238645581401,0.8972159750827483,583,505,2026-06-01 14:23:39.104835,3
741,8,P04,yes,1,-0.7171851495479586,0.7199965396446176,0.7143624294910559,1206,1173,2026-06-01 14:23:39.107373,3
210,7,P19,no,15,1.863557259489994,0.8972159750827483,0.8519528019683106,583,520,2026-06-01 14:23:39.108817,3
211,7,P14,yes,1,0.8536932068078613,0.8519528019683106,0.8554222495341228,584,520,2026-06-01 14:23:39.115759,3
212,7,P14,yes,1,0.8571286811317123,0.8554222495341228,0.8588238645581401,585,520,2026-06-01 14:23:39.119811,3
213,7,P23,no,1,0.14287131886828774,0.8588238645581401,0.8554222495341228,585,521,2026-06-01 14:23:39.177452,3
214,7,P17,no,20,3.6728010175215786,0.8554222495341228,0.7724543828071839,585,541,2026-06-01 14:23:39.183095,3
215,7,P17,no,1,0.2299991558866168,0.7724543828071839,0.7675350070438758,585,542,2026-06-01 14:23:39.183096,3
216,7,P23,no,11,2.873054273149819,0.7675350070438758,0.7086608250294356,585,553,2026-06-01 14:23:39.252509,3
217,7,P08,yes,1,0.7115172104932981,0.7086608250294356,0.7143624294910559,586,553,2026-06-01 14:23:39.310533,3
742,8,P02,no,1,0.288482789507043,0.7143624294910559,0.7086608250294356,1206,1174,2026-06-01 14:23:39.320736,3
218,7,P04,yes,14,10.52443045507141,0.7143624294910559,0.7867684891624728,600,553,2026-06-01 14:23:39.333009,3
219,7,P05,yes,8,6.4369470593589995,0.7867684891624728,0.8216809438923075,608,553,2026-06-01 14:23:39.348168,3
220,7,P14,yes,14,11.869909999218862,0.8216809438923075,0.8717662624074807,622,553,2026-06-01 14:23:39.379835,3
221,7,P23,no,1,0.12979709629462377,0.8717662624074807,0.8686287904691933,622,554,2026-06-01 14:23:39.426353,3
222,7,P23,no,1,0.13296696097143013,0.8686287904691933,0.8654264045343061,622,555,2026-06-01 14:23:39.441294,3
223,7,P12,no,6,0.8680769120230707,0.8654264045343061,0.844807753762903,622,561,2026-06-01 14:23:39.443194,3
743,8,P04,no,3,0.9001205562260566,0.7086608250294356,0.6911616123625146,1206,1177,2026-06-01 14:23:39.457266,3
224,7,P13,no,10,1.745865089030076,0.844807753762903,0.8048153229861598,622,571,2026-06-01 14:23:39.502320,3
744,8,P18,no,1,0.31181351241730226,0.6911616123625146,0.6852009766653157,1206,1178,2026-06-01 14:23:39.594783,3
225,7,P12,yes,1,-0.8026212273493911,0.8048153229861598,0.8004148013462675,621,571,2026-06-01 14:23:39.673556,3
226,7,P01,yes,1,-0.7981836892057572,0.8004148013462675,0.7959402230407707,620,571,2026-06-01 14:23:39.681506,3
227,7,P11,no,1,0.20632796774816597,0.7959402230407707,0.791391472673955,620,572,2026-06-01 14:23:39.684204,3
228,7,P18,no,1,0.2109138319099202,0.791391472673955,0.7867684891624728,620,573,2026-06-01 14:23:39.690015,3
229,7,P05,yes,13,10.594722865188487,0.7867684891624728,0.8411308951190849,633,573,2026-06-01 14:23:39.698401,3
230,7,P18,yes,17,-13.703724803903015,0.8411308951190849,0.7675350070438758,616,573,2026-06-01 14:23:39.715502,3
231,7,P10,no,19,5.392760330687452,0.7675350070438758,0.6607563687658172,616,592,2026-06-01 14:23:39.727700,3
232,7,P09,yes,1,0.6638603292091148,0.6607563687658172,0.6669548851735586,617,592,2026-06-01 14:23:39.755506,3
233,7,P03,yes,4,2.7165541694796502,0.6669548851735586,0.6911616123625146,621,592,2026-06-01 14:23:39.774493,3
234,7,P17,yes,2,1.3940971635681763,0.6911616123625146,0.702892745013669,623,592,2026-06-01 14:23:39.810665,3
745,8,P12,no,1,-0.31181351241730226,0.6852009766653157,0.6911616123625146,1206,1177,2026-06-01 14:23:39.835574,3
235,7,P18,yes,7,5.058532043879495,0.702892745013669,0.7418402904888368,630,592,2026-06-01 14:23:39.924838,3
236,7,P14,yes,1,0.74448825971308,0.7418402904888368,0.7471242672706695,631,592,2026-06-01 14:23:40.114930,3
237,7,P14,yes,20,15.894169328449266,0.7471242672706695,0.8373836916384682,651,592,2026-06-01 14:23:40.130487,3
746,8,P18,no,1,0.31181351241730226,0.6911616123625146,0.6852009766653157,1206,1178,2026-06-01 14:23:40.172993,3
238,7,P01,no,8,1.4281034306252423,0.8373836916384682,0.8048153229861598,651,600,2026-06-01 14:23:40.226497,3
239,7,P20,no,10,2.18237545414911,0.8048153229861598,0.7574755792628283,651,610,2026-06-01 14:23:40.254990,3
240,7,P10,no,1,0.24508804575805243,0.7574755792628283,0.7523361988609284,651,611,2026-06-01 14:23:40.346228,3
241,7,P02,yes,10,7.76991527274356,0.7523361988609284,0.8004148013462675,661,611,2026-06-01 14:23:40.350638,3
747,8,P02,no,1,0.317805082356017,0.6852009766653157,0.679178699175393,1206,1179,2026-06-01 14:23:40.375584,3
242,7,P05,yes,1,0.8026212273493911,0.8004148013462675,0.8048153229861598,662,611,2026-06-01 14:23:40.382763,3
243,7,P04,yes,1,0.8069847884386263,0.8048153229861598,0.8091419557551346,663,611,2026-06-01 14:23:40.384941,3
244,7,P17,no,8,1.6704510000631672,0.8091419557551346,0.7724543828071839,663,619,2026-06-01 14:23:40.400009,3
245,7,P22,no,1,0.2299991558866168,0.7724543828071839,0.7675350070438758,663,620,2026-06-01 14:23:40.400478,3
246,7,P10,no,2,0.47494050976069957,0.7675350070438758,0.7574755792628283,663,622,2026-06-01 14:23:40.405649,3
247,7,P09,no,6,1.549601239792537,0.7574755792628283,0.7255622121589215,663,628,2026-06-01 14:23:40.454685,3
748,8,P10,yes,1,0.682194917643983,0.679178699175393,0.6852009766653157,1207,1179,2026-06-01 14:23:40.544574,3
248,7,P14,yes,1,0.7283162051156751,0.7255622121589215,0.7310585786300049,664,628,2026-06-01 14:23:40.558097,3
249,7,P14,yes,11,8.356143984045616,0.7310585786300049,0.7867684891624728,675,628,2026-06-01 14:23:40.588558,3
250,7,P13,no,1,0.21557393642183342,0.7867684891624728,0.7820712676154848,675,629,2026-06-01 14:23:40.634713,3
251,7,P04,yes,2,1.57351223166836,0.7820712676154848,0.791391472673955,677,629,2026-06-01 14:23:40.683351,3
252,7,P03,yes,1,-0.7890861680901935,0.791391472673955,0.7867684891624728,676,629,2026-06-01 14:23:40.689026,3
253,7,P13,no,1,0.2155739364219471,0.7867684891624728,0.7820712676154848,676,630,2026-06-01 14:23:40.761546,3
254,7,P21,yes,5,3.967989180475115,0.7820712676154848,0.8048153229861598,681,630,2026-06-01 14:23:40.776463,3
255,7,P18,yes,1,-0.8026212273492774,0.8048153229861598,0.8004148013462675,680,630,2026-06-01 14:23:40.829826,3
256,7,P10,no,2,0.40814427854229507,0.8004148013462675,0.791391472673955,680,632,2026-06-01 14:23:40.854590,3
257,7,P21,yes,1,0.793672032251834,0.791391472673955,0.7959402230407707,681,632,2026-06-01 14:23:40.974806,3
749,8,P09,yes,1,0.6881864875829251,0.6852009766653157,0.6911616123625146,1208,1179,2026-06-01 14:23:41.019474,3
258,7,P01,no,1,0.20632796774816597,0.7959402230407707,0.791391472673955,681,633,2026-06-01 14:23:41.030075,3
259,7,P18,no,3,0.6467960256418337,0.791391472673955,0.7772998611746911,681,636,2026-06-01 14:23:41.032752,3
260,7,P11,no,1,0.22511671166694214,0.7772998611746911,0.7724543828071839,681,637,2026-06-01 14:23:41.058154,3
261,7,P10,no,4,0.9500277114053688,0.7724543828071839,0.7523361988609284,681,641,2026-06-01 14:23:41.073344,3
262,7,P05,yes,1,0.7549119542418339,0.7523361988609284,0.7574755792628283,682,641,2026-06-01 14:23:41.107382,3
263,7,P05,yes,1,0.760014874193871,0.7574755792628283,0.7625419716560975,683,641,2026-06-01 14:23:41.137808,3
264,7,P14,yes,2,1.53504546015904,0.7625419716560975,0.7724543828071839,685,641,2026-06-01 14:23:41.285980,3
265,7,P18,no,2,0.46495453984084634,0.7724543828071839,0.7625419716560975,685,643,2026-06-01 14:23:41.311968,3
266,7,P02,yes,9,7.0576096716572465,0.7625419716560975,0.8048153229861598,694,643,2026-06-01 14:23:41.356357,3
267,7,P10,no,19,4.580489217538343,0.8048153229861598,0.7086608250294356,694,662,2026-06-01 14:23:41.382297,3
268,7,P17,no,6,-1.647250236325931,0.7086608250294356,0.7418402904888368,694,656,2026-06-01 14:23:41.385412,3
269,7,P04,yes,6,4.5441968072893815,0.7418402904888368,0.7724543828071839,700,656,2026-06-01 14:23:41.457258,3
270,7,P10,no,1,0.2299991558866168,0.7724543828071839,0.7675350070438758,700,657,2026-06-01 14:23:41.480099,3
750,8,P02,yes,2,-1.370381405226908,0.6911616123625146,0.679178699175393,1206,1179,2026-06-01 14:23:41.513816,3
751,8,P10,yes,7,4.89896320904154,0.679178699175393,0.7199965396446176,1213,1179,2026-06-01 14:23:41.520002,3
271,7,P02,yes,1,0.7700008441133832,0.7675350070438758,0.7724543828071839,701,657,2026-06-01 14:23:41.599317,3
752,8,P10,yes,1,0.7227851163625019,0.7199965396446176,0.7255622121589215,1214,1179,2026-06-01 14:23:41.614941,3
272,7,P02,yes,1,0.7748832883329442,0.7724543828071839,0.7772998611746911,702,657,2026-06-01 14:23:41.680136,3
273,7,P11,no,1,0.22511671166705582,0.7772998611746911,0.7724543828071839,702,658,2026-06-01 14:23:41.722081,3
274,7,P10,no,2,0.46495453984096,0.7724543828071839,0.7625419716560975,702,660,2026-06-01 14:23:41.759280,3
275,7,P04,yes,7,5.456804755102098,0.7625419716560975,0.7959402230407707,709,660,2026-06-01 14:23:41.788116,3
276,7,P13,no,12,2.7948754002200076,0.7959402230407707,0.736484844941675,709,672,2026-06-01 14:23:41.805088,3
277,7,P21,yes,15,11.61291430477388,0.736484844941675,0.8091419557551346,724,672,2026-06-01 14:23:41.830888,3
278,7,P20,no,1,0.19301521156126,0.8091419557551346,0.8048153229861598,724,673,2026-06-01 14:23:41.834148,3
279,7,P02,yes,1,0.8069847884386263,0.8048153229861598,0.8091419557551346,725,673,2026-06-01 14:23:41.848124,3
280,7,P22,no,1,0.1930152115613737,0.8091419557551346,0.8048153229861598,725,674,2026-06-01 14:23:41.876489,3
281,7,P19,yes,1,-0.8026212273493911,0.8048153229861598,0.8004148013462675,724,674,2026-06-01 14:23:41.892528,3
753,8,P04,yes,1,-0.7227851163625019,0.7255622121589215,0.7199965396446176,1213,1179,2026-06-01 14:23:41.911081,3
754,8,P18,yes,1,0.7227851163625019,0.7199965396446176,0.7255622121589215,1214,1179,2026-06-01 14:23:41.956844,3
282,7,P13,no,1,0.20181631079424278,0.8004148013462675,0.7959402230407707,724,675,2026-06-01 14:23:42.065534,3
283,7,P18,no,7,-1.3221072846091602,0.7959402230407707,0.8257146788214146,724,668,2026-06-01 14:23:42.118075,3
284,7,P10,no,2,0.3566623569446392,0.8257146788214146,0.8175744761936437,724,670,2026-06-01 14:23:42.127059,3
755,8,P02,no,1,0.27721488363749813,0.7255622121589215,0.7199965396446176,1214,1180,2026-06-01 14:23:42.156316,3
285,7,P23,no,5,0.965444927664521,0.8175744761936437,0.7959402230407707,724,675,2026-06-01 14:23:42.201330,3
756,8,P09,no,1,-0.27721488363749813,0.7199965396446176,0.7255622121589215,1214,1179,2026-06-01 14:23:42.224620,3
286,7,P10,no,3,0.6328157360799196,0.7959402230407707,0.7820712676154848,724,678,2026-06-01 14:23:42.343053,3
757,8,P02,no,2,0.5600297340895395,0.7255622121589215,0.7143624294910559,1214,1181,2026-06-01 14:23:42.398698,3
758,8,P05,yes,1,-0.711517210492957,0.7143624294910559,0.7086608250294356,1213,1181,2026-06-01 14:23:42.409952,3
759,8,P02,no,1,0.2942177197944602,0.7086608250294356,0.702892745013669,1213,1182,2026-06-01 14:23:42.564575,3
760,8,P02,yes,3,-2.082283651150874,0.702892745013669,0.6852009766653157,1210,1182,2026-06-01 14:23:42.611196,3
761,8,P04,no,1,0.31780508235578964,0.6852009766653157,0.679178699175393,1210,1183,2026-06-01 14:23:42.641445,3
287,7,P22,no,1,0.2203082573099664,0.7820712676154848,0.7772998611746911,724,679,2026-06-01 14:23:42.696992,3
762,8,P05,yes,1,0.6821949176442104,0.679178699175393,0.6852009766653157,1211,1183,2026-06-01 14:23:42.706456,3
763,8,P10,no,1,-0.31181351241730226,0.6852009766653157,0.6911616123625146,1211,1182,2026-06-01 14:23:42.779994,3
288,7,P04,yes,6,4.747680923165262,0.7772998611746911,0.8048153229861598,730,679,2026-06-01 14:23:42.795403,3
1496,9,P09,yes,1,0.5791876120238157,0.5758000536158003,0.5825702064623147,1446,1434,2026-06-01 14:23:42.800004,3
764,8,P09,no,1,-0.30588425173209544,0.6911616123625146,0.6970592839654074,1211,1181,2026-06-01 14:23:42.807354,3
289,7,P18,no,1,0.19737877265072257,0.8048153229861598,0.8004148013462675,730,680,2026-06-01 14:23:42.814853,3
290,7,P01,no,3,0.6190581104522153,0.8004148013462675,0.7867684891624728,730,683,2026-06-01 14:23:42.839752,3
1497,9,P05,yes,13,-6.994230078065357,0.5825702064623147,0.49305600205173933,1433,1434,2026-06-01 14:23:42.950692,3
1498,9,P05,yes,4,2.027768851343126,0.49305600205173933,0.520821285372743,1437,1434,2026-06-01 14:23:42.957034,3
1499,9,P20,yes,1,0.5242860391551858,0.520821285372743,0.5277492350545132,1438,1434,2026-06-01 14:23:42.967651,3
291,7,P04,yes,1,0.7890861680901935,0.7867684891624728,0.791391472673955,731,683,2026-06-01 14:23:42.975869,3
765,8,P02,no,18,6.459147315187465,0.6970592839654074,0.5825702064623147,1211,1199,2026-06-01 14:23:42.992991,3
766,8,P23,yes,4,2.3839656625923453,0.5825702064623147,0.6093175418435606,1215,1199,2026-06-01 14:23:43.000943,3
292,7,P19,no,8,1.821940448714031,0.791391472673955,0.7523361988609284,731,691,2026-06-01 14:23:43.005798,3
767,8,P03,no,8,-2.9176432247365938,0.6093175418435606,0.6607563687658172,1215,1191,2026-06-01 14:23:43.069454,3
768,8,P12,no,10,-3.0910036974964896,0.6607563687658172,0.7199965396446176,1215,1181,2026-06-01 14:23:43.079309,3
293,7,P04,yes,2,1.5149268284355912,0.7523361988609284,0.7625419716560975,733,691,2026-06-01 14:23:43.084218,3
1500,9,P05,no,2,0.9583601020399328,0.5277492350545132,0.5138853177460049,1438,1436,2026-06-01 14:23:43.137998,3
1501,9,P05,no,2,0.9861128968664161,0.5138853177460049,0.5,1438,1438,2026-06-01 14:23:43.149428,3
769,8,P10,yes,1,0.7227851163625019,0.7199965396446176,0.7255622121589215,1216,1181,2026-06-01 14:23:43.156650,3
1502,9,P09,yes,13,-5.916355338687026,0.5,0.41069062390857347,1425,1438,2026-06-01 14:23:43.157213,3
294,7,P04,yes,1,0.7650446160455431,0.7625419716560975,0.7675350070438758,734,691,2026-06-01 14:23:43.166962,3
770,8,P04,no,1,0.27721488363749813,0.7255622121589215,0.7199965396446176,1216,1182,2026-06-01 14:23:43.190395,3
1503,9,P12,yes,1,0.4140575273477225,0.41069062390857347,0.41742979353768533,1426,1438,2026-06-01 14:23:43.195741,3
1504,9,P09,no,8,4.873684591035044,0.41742979353768533,0.36457644074163925,1426,1446,2026-06-01 14:23:43.222028,3
1505,9,P17,no,1,-0.6321980651018748,0.36457644074163925,0.3710353350500268,1426,1445,2026-06-01 14:23:43.256569,3
771,8,P02,no,3,0.8655153597535445,0.7199965396446176,0.702892745013669,1216,1185,2026-06-01 14:23:43.271060,3
295,7,P18,yes,1,-0.7650446160455431,0.7675350070438758,0.7625419716560975,733,691,2026-06-01 14:23:43.273809,3
296,7,P05,yes,1,0.7650446160455431,0.7625419716560975,0.7675350070438758,734,691,2026-06-01 14:23:43.305505,3
1506,9,P05,no,4,2.5672020387744396,0.3710353350500268,0.3454977507481214,1426,1449,2026-06-01 14:23:43.330133,3
1507,9,P08,yes,6,2.1878941014849715,0.3454977507481214,0.3840904084564866,1432,1449,2026-06-01 14:23:43.335623,3
1508,9,P20,no,1,-0.612617003600235,0.3840904084564866,0.3906824581564393,1432,1448,2026-06-01 14:23:43.387287,3
1509,9,P23,yes,1,0.3939953052740748,0.3906824581564393,0.3973146620215083,1433,1448,2026-06-01 14:23:43.484968,3
1510,9,P21,yes,8,-2.9692724031588114,0.3973146620215083,0.3454977507481214,1425,1448,2026-06-01 14:23:43.497879,3
1511,9,P07,yes,1,0.34864734539428355,0.3454977507481214,0.3518057801362553,1426,1448,2026-06-01 14:23:43.500535,3
772,8,P02,yes,16,-10.462873132246614,0.702892745013669,0.6026853379784917,1200,1185,2026-06-01 14:23:43.504498,3
1512,9,P03,yes,1,0.3549815974499779,0.3518057801362553,0.358165954911269,1427,1448,2026-06-01 14:23:43.511009,3
773,8,P02,no,7,2.9461033180464256,0.6026853379784917,0.555328055262369,1200,1192,2026-06-01 14:23:43.516340,3
1513,9,P23,yes,1,0.3613670834831737,0.358165954911269,0.36457644074163925,1428,1448,2026-06-01 14:23:43.525345,3
1514,9,P16,yes,1,0.36780193489835256,0.36457644074163925,0.3710353350500268,1429,1448,2026-06-01 14:23:43.536278,3
774,8,P03,yes,1,0.5587541409070127,0.555328055262369,0.5621765008857981,1201,1192,2026-06-01 14:23:43.536480,3
1515,9,P17,yes,1,0.37428421573167725,0.3710353350500268,0.37754066879814546,1430,1448,2026-06-01 14:23:43.544890,3
1516,9,P13,yes,2,0.7681949209272716,0.37754066879814546,0.3906824581564393,1432,1448,2026-06-01 14:23:43.548729,3
1517,9,P23,yes,1,0.3939953052740748,0.3906824581564393,0.3973146620215083,1433,1448,2026-06-01 14:23:43.557223,3
1518,9,P08,yes,1,0.4006466663070114,0.3973146620215083,0.4039848066734832,1434,1448,2026-06-01 14:23:43.572674,3
1519,9,P23,yes,1,0.407334838478846,0.4039848066734832,0.41069062390857347,1435,1448,2026-06-01 14:23:43.573035,3
1520,9,P12,yes,2,0.8348699153239068,0.41069062390857347,0.4241999463841996,1437,1448,2026-06-01 14:23:43.574347,3
775,8,P08,yes,6,3.495142541046789,0.5621765008857981,0.6026853379784917,1207,1192,2026-06-01 14:23:43.575751,3
1521,9,P22,yes,1,0.42759702799889965,0.4241999463841996,0.4309986674318095,1438,1448,2026-06-01 14:23:43.587062,3
776,8,P04,yes,12,-6.744422194588651,0.6026853379784917,0.520821285372743,1195,1192,2026-06-01 14:23:43.606485,3
777,8,P10,no,9,-4.033538773277769,0.520821285372743,0.5825702064623147,1195,1183,2026-06-01 14:23:43.612836,3
297,7,P10,no,7,1.752857954669139,0.7675350070438758,0.7310585786300049,734,698,2026-06-01 14:23:43.616677,3
1522,9,P03,no,13,-6.814870642697315,0.4309986674318095,0.520821285372743,1438,1435,2026-06-01 14:23:43.641798,3
1523,9,P17,no,1,0.4826461411951186,0.520821285372743,0.5138853177460049,1438,1436,2026-06-01 14:23:43.787430,3
778,8,P02,no,1,0.42081238797618425,0.5825702064623147,0.5758000536158003,1195,1184,2026-06-01 14:23:43.803254,3
779,8,P10,yes,1,0.5791876120235884,0.5758000536158003,0.5825702064623147,1196,1184,2026-06-01 14:23:43.827147,3
780,8,P17,yes,2,1.1786076341736589,0.5825702064623147,0.5960151933265168,1198,1184,2026-06-01 14:23:43.847708,3
781,8,P01,yes,1,0.5993533336927612,0.5960151933265168,0.6026853379784917,1199,1184,2026-06-01 14:23:43.855658,3
298,7,P23,no,1,-0.2662224153925763,0.7310585786300049,0.736484844941675,734,697,2026-06-01 14:23:43.857416,3
782,8,P12,yes,1,0.6060046947259252,0.6026853379784917,0.6093175418435606,1200,1184,2026-06-01 14:23:43.862031,3
783,8,P11,no,13,-4.537228726047488,0.6093175418435606,0.6911616123625146,1200,1171,2026-06-01 14:23:43.866529,3
784,8,P10,no,19,-4.875086722571496,0.6911616123625146,0.791391472673955,1200,1152,2026-06-01 14:23:43.882158,3
1524,9,P19,yes,4,2.110968488295157,0.5138853177460049,0.5415704832167999,1442,1436,2026-06-01 14:23:43.882790,3
299,7,P09,yes,1,0.7391684975475528,0.736484844941675,0.7418402904888368,735,697,2026-06-01 14:23:43.883674,3
785,8,P08,no,2,0.42648776833152624,0.791391472673955,0.7820712676154848,1200,1154,2026-06-01 14:23:43.919562,3
786,8,P08,no,1,0.22030825731008008,0.7820712676154848,0.7772998611746911,1200,1155,2026-06-01 14:23:43.927420,3
787,8,P02,no,12,3.0396873511967897,0.7772998611746911,0.7143624294910559,1200,1167,2026-06-01 14:23:43.969054,3
300,7,P02,yes,1,0.7444882597129663,0.7418402904888368,0.7471242672706695,736,697,2026-06-01 14:23:43.982620,3
788,8,P09,yes,1,0.7171851495479586,0.7143624294910559,0.7199965396446176,1201,1167,2026-06-01 14:23:44.034665,3
1525,9,P16,no,12,6.0,0.5415704832167999,0.45842951678320015,1442,1448,2026-06-01 14:23:44.050463,3
1526,9,P19,yes,1,0.4618802833090285,0.45842951678320015,0.46533348664659613,1443,1448,2026-06-01 14:23:44.085362,3
1527,9,P18,no,1,0.5381197166909715,0.46533348664659613,0.45842951678320015,1443,1449,2026-06-01 14:23:44.101675,3
789,8,P03,no,1,0.28281485045204136,0.7199965396446176,0.7143624294910559,1201,1168,2026-06-01 14:23:44.116057,3
1528,9,P12,yes,16,8.22125601320704,0.45842951678320015,0.5690013325681905,1459,1449,2026-06-01 14:23:44.127227,3
1529,9,P23,no,1,0.4344090108445471,0.5690013325681905,0.5621765008857981,1459,1450,2026-06-01 14:23:44.127729,3
301,7,P18,yes,1,0.7497362589816703,0.7471242672706695,0.7523361988609284,737,697,2026-06-01 14:23:44.169513,3
1530,9,P04,no,14,-5.474129862112022,0.5621765008857981,0.6545022492518787,1459,1436,2026-06-01 14:23:44.173443,3
1531,9,P20,no,1,0.3486473453945109,0.6545022492518787,0.6481942198637447,1459,1437,2026-06-01 14:23:44.180758,3
1532,9,P13,no,14,5.566728375810499,0.6481942198637447,0.555328055262369,1459,1451,2026-06-01 14:23:44.196659,3
302,7,P09,no,8,2.1530257176311807,0.7523361988609284,0.7086608250294356,737,705,2026-06-01 14:23:44.226587,3
1533,9,P05,no,1,0.44810505795885547,0.555328055262369,0.548458527973277,1459,1452,2026-06-01 14:23:44.227275,3
1534,9,P08,no,8,3.8336005780631695,0.548458527973277,0.49305600205173933,1459,1460,2026-06-01 14:23:44.259640,3
303,7,P13,yes,13,9.671829859296508,0.7086608250294356,0.7772998611746911,750,705,2026-06-01 14:23:44.289212,3
790,8,P18,yes,2,-1.4172994906987242,0.7143624294910559,0.702892745013669,1199,1168,2026-06-01 14:23:44.304987,3
791,8,P10,yes,10,7.307668516816193,0.702892745013669,0.7574755792628283,1209,1168,2026-06-01 14:23:44.330993,3
1535,9,P05,yes,1,-0.4895850074617556,0.49305600205173933,0.4861146822539951,1458,1460,2026-06-01 14:23:44.335720,3
1536,9,P04,yes,1,0.4895850074617556,0.4861146822539951,0.49305600205173933,1459,1460,2026-06-01 14:23:44.348506,3
1537,9,P05,no,1,0.5104149925382444,0.49305600205173933,0.4861146822539951,1459,1461,2026-06-01 14:23:44.352821,3
1538,9,P05,yes,10,-4.516184914473115,0.4861146822539951,0.41742979353768533,1449,1461,2026-06-01 14:23:44.361994,3
304,7,P10,no,1,0.22511671166705582,0.7772998611746911,0.7724543828071839,750,706,2026-06-01 14:23:44.372419,3
792,8,P03,no,1,0.24508804575793874,0.7574755792628283,0.7523361988609284,1209,1169,2026-06-01 14:23:44.389679,3
1539,9,P18,yes,1,0.420812387976639,0.41742979353768533,0.4241999463841996,1450,1461,2026-06-01 14:23:44.397192,3
1540,9,P24,yes,4,1.7513569558952895,0.4241999463841996,0.4515414720267231,1454,1461,2026-06-01 14:23:44.398222,3
305,7,P21,yes,1,0.7748832883329442,0.7724543828071839,0.7772998611746911,751,706,2026-06-01 14:23:44.408544,3
1541,9,P03,yes,8,3.833600578062942,0.4515414720267231,0.5069439979482607,1462,1461,2026-06-01 14:23:44.412872,3
793,8,P12,yes,1,-0.7497362589815566,0.7523361988609284,0.7471242672706695,1208,1169,2026-06-01 14:23:44.419258,3
794,8,P04,no,19,5.829830187329662,0.7471242672706695,0.6354235592583607,1208,1188,2026-06-01 14:23:44.420797,3
795,8,P12,no,12,-3.927068210716925,0.6354235592583607,0.7086608250294356,1208,1176,2026-06-01 14:23:44.429273,3
1542,9,P04,yes,1,0.5104149925384718,0.5069439979482607,0.5138853177460049,1463,1461,2026-06-01 14:23:44.537003,3
796,8,P09,no,1,-0.28848278950658823,0.7086608250294356,0.7143624294910559,1208,1175,2026-06-01 14:23:44.545423,3
1543,9,P21,yes,2,-1.0138871031338113,0.5138853177460049,0.5,1461,1461,2026-06-01 14:23:44.601573,3
797,8,P17,no,1,0.28848278950658823,0.7143624294910559,0.7086608250294356,1208,1176,2026-06-01 14:23:44.646547,3
306,7,P05,yes,1,0.7796917426900336,0.7772998611746911,0.7820712676154848,752,706,2026-06-01 14:23:44.661499,3
798,8,P04,no,3,0.9001205562265113,0.7086608250294356,0.6911616123625146,1208,1179,2026-06-01 14:23:44.714958,3
799,8,P10,yes,1,0.6941157482681319,0.6911616123625146,0.6970592839654074,1209,1179,2026-06-01 14:23:44.771447,3
1544,9,P05,yes,6,-2.875144408571259,0.5,0.45842951678320015,1455,1461,2026-06-01 14:23:44.836425,3
800,8,P18,yes,2,-1.382302235851057,0.6970592839654074,0.6852009766653157,1207,1179,2026-06-01 14:23:44.860892,3
307,7,P21,yes,10,8.045076979311034,0.7820712676154848,0.8257146788214146,762,706,2026-06-01 14:23:44.895165,3
801,8,P02,no,1,0.317805082356017,0.6852009766653157,0.679178699175393,1207,1180,2026-06-01 14:23:44.900494,3
308,7,P03,no,1,0.1762961436261321,0.8257146788214146,0.8216809438923075,762,707,2026-06-01 14:23:44.903012,3
309,7,P11,no,1,0.1803662133185071,0.8216809438923075,0.8175744761936437,762,708,2026-06-01 14:23:44.964673,3
1545,9,P20,no,1,-0.5381197166909715,0.45842951678320015,0.46533348664659613,1455,1460,2026-06-01 14:23:44.989522,3
310,7,P13,no,1,0.18450919831855117,0.8175744761936437,0.8133949179068393,762,709,2026-06-01 14:23:45.055457,3
311,7,P13,no,1,0.18872543433963074,0.8133949179068393,0.8091419557551346,762,710,2026-06-01 14:23:45.058172,3
312,7,P22,no,12,2.620478711468536,0.8091419557551346,0.7523361988609284,762,722,2026-06-01 14:23:45.071081,3
1546,9,P01,yes,1,0.4687911263561091,0.46533348664659613,0.47225076494548685,1456,1460,2026-06-01 14:23:45.123654,3
1547,9,P18,yes,8,-3.5578248124334095,0.47225076494548685,0.41742979353768533,1448,1460,2026-06-01 14:23:45.195004,3
1548,9,P17,yes,1,0.42081238797641163,0.41742979353768533,0.4241999463841996,1449,1460,2026-06-01 14:23:45.218131,3
802,8,P04,yes,14,-8.890413058665672,0.679178699175393,0.5893093760914265,1193,1180,2026-06-01 14:23:45.241513,3
313,7,P18,yes,2,1.514926828435705,0.7523361988609284,0.7625419716560975,764,722,2026-06-01 14:23:45.261132,3
803,8,P23,yes,1,0.5926651615213814,0.5893093760914265,0.5960151933265168,1194,1180,2026-06-01 14:23:45.296522,3
1549,9,P04,yes,2,0.8620060388434467,0.4241999463841996,0.4378234991142019,1451,1460,2026-06-01 14:23:45.301354,3
314,7,P21,yes,1,0.7650446160455431,0.7625419716560975,0.7675350070438758,765,722,2026-06-01 14:23:45.310826,3
1550,9,P23,yes,1,0.4412458590929873,0.4378234991142019,0.444671944737631,1452,1460,2026-06-01 14:23:45.348769,3
1551,9,P04,yes,6,2.7921206285602693,0.444671944737631,0.4861146822539951,1458,1460,2026-06-01 14:23:45.356069,3
804,8,P19,yes,6,3.6950769568616124,0.5960151933265168,0.6354235592583607,1200,1180,2026-06-01 14:23:45.367800,3
1552,9,P13,no,1,-0.5104149925382444,0.4861146822539951,0.49305600205173933,1458,1459,2026-06-01 14:23:45.448251,3
1553,9,P09,no,1,0.5104149925382444,0.49305600205173933,0.4861146822539951,1458,1460,2026-06-01 14:23:45.498076,3
805,8,P02,yes,7,-4.287742118382994,0.6354235592583607,0.5893093760914265,1193,1180,2026-06-01 14:23:45.505701,3
315,7,P09,no,14,3.7731748293762166,0.7675350070438758,0.6911616123625146,765,736,2026-06-01 14:23:45.533117,3
316,7,P21,yes,6,4.25136692017702,0.6911616123625146,0.7255622121589215,771,736,2026-06-01 14:23:45.542418,3
806,8,P09,no,6,-2.344455946718881,0.5893093760914265,0.6289646649499733,1193,1174,2026-06-01 14:23:45.554800,3
317,7,P18,yes,3,2.2012622872706515,0.7255622121589215,0.7418402904888368,774,736,2026-06-01 14:23:45.557853,3
1554,9,P05,no,2,1.0416398979602945,0.4861146822539951,0.47225076494548685,1458,1462,2026-06-01 14:23:45.615724,3
807,8,P10,no,1,-0.36780193489835256,0.6289646649499733,0.6354235592583607,1193,1173,2026-06-01 14:23:45.616779,3
808,8,P02,yes,20,-11.371386779695513,0.6354235592583607,0.5,1173,1173,2026-06-01 14:23:45.630080,3
809,8,P02,yes,7,-3.3301284674676026,0.5,0.4515414720267231,1166,1173,2026-06-01 14:23:45.630081,3
810,8,P16,yes,10,4.861369429406068,0.4515414720267231,0.520821285372743,1176,1173,2026-06-01 14:23:45.645922,3
811,8,P04,no,1,0.482646141195346,0.520821285372743,0.5138853177460049,1176,1174,2026-06-01 14:23:45.689602,3
812,8,P10,yes,1,0.517353858804654,0.5138853177460049,0.520821285372743,1177,1174,2026-06-01 14:23:45.691461,3
1555,9,P21,no,5,2.724993614386449,0.47225076494548685,0.4378234991142019,1458,1467,2026-06-01 14:23:45.692553,3
1556,9,P13,yes,6,2.750720346458138,0.4378234991142019,0.4791787146272571,1464,1467,2026-06-01 14:23:45.712304,3
813,8,P09,no,1,-0.4757139608448142,0.520821285372743,0.5277492350545132,1177,1173,2026-06-01 14:23:45.723733,3
1557,9,P13,no,10,-4.861369429406295,0.4791787146272571,0.548458527973277,1464,1457,2026-06-01 14:23:45.726570,3
814,8,P02,no,3,1.4479451095016884,0.5277492350545132,0.5069439979482607,1177,1176,2026-06-01 14:23:45.726871,3
1558,9,P23,no,7,3.33012846746783,0.548458527973277,0.5,1464,1464,2026-06-01 14:23:45.727366,3
815,8,P17,yes,5,2.6213834808334013,0.5069439979482607,0.5415704832167999,1182,1176,2026-06-01 14:23:45.729105,3
1559,9,P04,yes,1,0.5034721105953395,0.5,0.5069439979482607,1465,1464,2026-06-01 14:23:45.737043,3
816,8,P01,yes,2,1.0969108831443464,0.5415704832167999,0.555328055262369,1184,1176,2026-06-01 14:23:45.737501,3
817,8,P13,yes,13,7.788253221639479,0.555328055262369,0.6418340450887311,1197,1176,2026-06-01 14:23:45.749717,3
1560,9,P09,yes,3,1.5520548904983116,0.5069439979482607,0.5277492350545132,1468,1464,2026-06-01 14:23:45.775933,3
818,8,P04,yes,1,-0.6386329165168263,0.6418340450887311,0.6354235592583607,1196,1176,2026-06-01 14:23:45.781569,3
318,7,P10,no,3,0.7987377127293485,0.7418402904888368,0.7255622121589215,774,739,2026-06-01 14:23:45.792392,3
319,7,P10,no,2,0.5600297340898805,0.7255622121589215,0.7143624294910559,774,741,2026-06-01 14:23:45.820596,3
320,7,P13,no,12,-3.0396873511967897,0.7143624294910559,0.7772998611746911,774,729,2026-06-01 14:23:45.821809,3
1561,9,P21,no,1,0.4757139608450416,0.5277492350545132,0.520821285372743,1468,1465,2026-06-01 14:23:45.823482,3
819,8,P18,yes,7,-4.287742118382994,0.6354235592583607,0.5893093760914265,1189,1176,2026-06-01 14:23:45.825932,3
820,8,P04,no,1,0.4140575273477225,0.5893093760914265,0.5825702064623147,1189,1177,2026-06-01 14:23:45.833098,3
821,8,P23,yes,1,0.5859424726522775,0.5825702064623147,0.5893093760914265,1190,1177,2026-06-01 14:23:45.855760,3
822,8,P01,yes,12,7.5442402944127025,0.5893093760914265,0.6669548851735586,1202,1177,2026-06-01 14:23:45.871148,3
1562,9,P23,no,1,0.48264614119489124,0.520821285372743,0.5138853177460049,1468,1466,2026-06-01 14:23:45.874234,3
823,8,P02,no,1,0.33613967079099893,0.6669548851735586,0.6607563687658172,1202,1178,2026-06-01 14:23:45.944450,3
1563,9,P05,no,2,0.9861128968664161,0.5138853177460049,0.5,1468,1468,2026-06-01 14:23:45.998265,3
321,7,P21,no,6,1.4254081640907543,0.7772998611746911,0.7471242672706695,774,735,2026-06-01 14:23:46.009444,3
824,8,P04,yes,13,-8.045510049879567,0.6607563687658172,0.5758000536158003,1189,1178,2026-06-01 14:23:46.028915,3
825,8,P02,no,1,0.42759702799889965,0.5758000536158003,0.5690013325681905,1189,1179,2026-06-01 14:23:46.042562,3
1564,9,P09,yes,3,1.5312409619386926,0.5,0.520821285372743,1471,1468,2026-06-01 14:23:46.087453,3
826,8,P04,no,20,10.0,0.5690013325681905,0.4309986674318095,1189,1199,2026-06-01 14:23:46.091817,3
827,8,P06,no,7,-3.8148706426970875,0.4309986674318095,0.4791787146272571,1189,1192,2026-06-01 14:23:46.106740,3
828,8,P02,no,1,0.5242860391549584,0.4791787146272571,0.47225076494548685,1189,1193,2026-06-01 14:23:46.106884,3
829,8,P18,no,1,0.5312088736441183,0.47225076494548685,0.46533348664659613,1189,1194,2026-06-01 14:23:46.108332,3
1565,9,P05,yes,3,-1.5312409619386926,0.520821285372743,0.5,1468,1468,2026-06-01 14:23:46.131675,3
830,8,P24,yes,1,0.4687911263558817,0.46533348664659613,0.47225076494548685,1190,1194,2026-06-01 14:23:46.190337,3
831,8,P04,no,2,1.0693285903350898,0.47225076494548685,0.45842951678320015,1190,1196,2026-06-01 14:23:46.208917,3
1566,9,P04,no,1,-0.4965278894046605,0.5,0.5069439979482607,1468,1467,2026-06-01 14:23:46.213759,3
832,8,P13,no,14,-6.903089116855426,0.45842951678320015,0.555328055262369,1190,1182,2026-06-01 14:23:46.266434,3
833,8,P04,no,5,2.309474487365378,0.555328055262369,0.520821285372743,1190,1187,2026-06-01 14:23:46.268645,3
322,7,P05,yes,10,7.72146784251936,0.7471242672706695,0.7959402230407707,784,735,2026-06-01 14:23:46.329252,3
834,8,P09,no,1,-0.4757139608448142,0.520821285372743,0.5277492350545132,1190,1186,2026-06-01 14:23:46.329905,3
323,7,P10,no,1,0.20632796774816597,0.7959402230407707,0.791391472673955,784,736,2026-06-01 14:23:46.348434,3
324,7,P22,no,11,2.5885474324718416,0.791391472673955,0.736484844941675,784,747,2026-06-01 14:23:46.381432,3
835,8,P19,yes,11,6.220136155433011,0.5277492350545132,0.6026853379784917,1201,1186,2026-06-01 14:23:46.392384,3
836,8,P06,no,1,0.40064666630746615,0.6026853379784917,0.5960151933265168,1201,1187,2026-06-01 14:23:46.396487,3
837,8,P12,yes,12,7.621605498592544,0.5960151933265168,0.6730961777222321,1213,1187,2026-06-01 14:23:46.499862,3
838,8,P13,yes,9,-5.8036304665736225,0.6730961777222321,0.6159095915435134,1204,1187,2026-06-01 14:23:46.527525,3
839,8,P04,no,1,0.38738299639953766,0.6159095915435134,0.6093175418435606,1204,1188,2026-06-01 14:23:46.584681,3
840,8,P10,no,8,-2.9176432247363664,0.6093175418435606,0.6607563687658172,1204,1180,2026-06-01 14:23:46.596864,3
1567,9,P09,no,7,-3.281705636022025,0.5069439979482607,0.555328055262369,1468,1460,2026-06-01 14:23:46.601523,3
1568,9,P19,no,6,2.7921206285602693,0.555328055262369,0.5138853177460049,1468,1466,2026-06-01 14:23:46.666164,3
841,8,P04,no,1,0.3423661268516298,0.6607563687658172,0.6545022492518787,1204,1181,2026-06-01 14:23:46.718998,3
842,8,P19,no,1,0.3486473453945109,0.6545022492518787,0.6481942198637447,1204,1182,2026-06-01 14:23:46.727988,3
325,7,P05,yes,3,2.2333930162421893,0.736484844941675,0.7523361988609284,787,747,2026-06-01 14:23:46.730789,3
843,8,P02,no,17,6.931697775975181,0.6481942198637447,0.534666513353404,1204,1199,2026-06-01 14:23:46.736008,3
326,7,P09,yes,3,-2.2333930162421893,0.7523361988609284,0.736484844941675,784,747,2026-06-01 14:23:46.782804,3
844,8,P20,yes,1,0.5381197166909715,0.534666513353404,0.5415704832167999,1205,1199,2026-06-01 14:23:46.812353,3
845,8,P13,no,12,-5.011382661102971,0.5415704832167999,0.6224593312018546,1205,1187,2026-06-01 14:23:46.895907,3
1569,9,P21,no,1,0.4895850074617556,0.5138853177460049,0.5069439979482607,1468,1467,2026-06-01 14:23:46.898332,3
1570,9,P09,yes,5,-2.4479451095016884,0.5069439979482607,0.47225076494548685,1463,1467,2026-06-01 14:23:46.930599,3
846,8,P02,yes,12,-6.988617338897029,0.6224593312018546,0.5415704832167999,1193,1187,2026-06-01 14:23:46.947449,3
847,8,P04,no,1,0.4618802833090285,0.5415704832167999,0.534666513353404,1193,1188,2026-06-01 14:23:46.949276,3
848,8,P20,yes,14,8.152452839856323,0.534666513353404,0.6289646649499733,1207,1188,2026-06-01 14:23:46.958213,3
849,8,P22,yes,1,0.6321980651016474,0.6289646649499733,0.6354235592583607,1208,1188,2026-06-01 14:23:46.984694,3
850,8,P10,yes,5,3.2564981760297087,0.6354235592583607,0.6669548851735586,1213,1188,2026-06-01 14:23:47.126091,3
851,8,P18,yes,1,-0.6638603292090011,0.6669548851735586,0.6607563687658172,1212,1188,2026-06-01 14:23:47.149279,3
1571,9,P04,yes,2,0.9583601020399328,0.47225076494548685,0.4861146822539951,1465,1467,2026-06-01 14:23:47.182543,3
852,8,P04,no,1,0.3423661268516298,0.6607563687658172,0.6545022492518787,1212,1189,2026-06-01 14:23:47.183694,3
1572,9,P18,no,1,0.5173538588051088,0.4861146822539951,0.4791787146272571,1465,1468,2026-06-01 14:23:47.202447,3
1573,9,P04,no,1,-0.5173538588051088,0.4791787146272571,0.4861146822539951,1465,1467,2026-06-01 14:23:47.207736,3
1574,9,P05,no,4,2.1109684882953843,0.4861146822539951,0.45842951678320015,1465,1471,2026-06-01 14:23:47.341723,3
853,8,P04,no,2,0.7036289428447162,0.6545022492518787,0.6418340450887311,1212,1191,2026-06-01 14:23:47.369950,3
2221,10,P05,no,1,-0.4895850074617556,0.5069439979482607,0.5138853177460049,1684,1682,2026-06-01 14:23:47.371388,3
854,8,P02,no,1,0.3613670834829463,0.6418340450887311,0.6354235592583607,1212,1192,2026-06-01 14:23:47.411317,3
855,8,P04,no,2,0.7420861506300298,0.6354235592583607,0.6224593312018546,1212,1194,2026-06-01 14:23:47.430643,3
856,8,P02,no,3,1.162190226201119,0.6224593312018546,0.6026853379784917,1212,1197,2026-06-01 14:23:47.473911,3
1575,9,P11,yes,1,0.4618802833090285,0.45842951678320015,0.46533348664659613,1466,1471,2026-06-01 14:23:47.490371,3
857,8,P12,yes,4,2.4635255580672037,0.6026853379784917,0.6289646649499733,1216,1197,2026-06-01 14:23:47.492893,3
327,7,P09,no,1,0.2662224153925763,0.736484844941675,0.7310585786300049,784,748,2026-06-01 14:23:47.539505,3
328,7,P18,yes,2,1.4729460821548628,0.7310585786300049,0.7418402904888368,786,748,2026-06-01 14:23:47.541056,3
858,8,P04,no,1,0.37428421573167725,0.6289646649499733,0.6224593312018546,1216,1198,2026-06-01 14:23:47.568808,3
1576,9,P13,yes,5,2.4132641252622307,0.46533348664659613,0.5,1471,1471,2026-06-01 14:23:47.580641,3
2222,10,P02,no,1,-0.48264614119489124,0.5138853177460049,0.520821285372743,1684,1681,2026-06-01 14:23:47.602008,3
1577,9,P04,yes,1,0.5034721105948847,0.5,0.5069439979482607,1472,1471,2026-06-01 14:23:47.608032,3
2223,10,P09,no,1,0.48264614119489124,0.520821285372743,0.5138853177460049,1684,1682,2026-06-01 14:23:47.621267,3
1578,9,P04,no,1,-0.48958500746130085,0.5069439979482607,0.5138853177460049,1472,1470,2026-06-01 14:23:47.718850,3
859,8,P02,no,3,1.1621902262013464,0.6224593312018546,0.6026853379784917,1216,1201,2026-06-01 14:23:47.746688,3
1579,9,P04,yes,1,0.517353858804654,0.5138853177460049,0.520821285372743,1473,1470,2026-06-01 14:23:47.748933,3
860,8,P22,no,1,-0.3939953052740748,0.6026853379784917,0.6093175418435606,1216,1200,2026-06-01 14:23:47.761637,3
861,8,P04,yes,12,-6.8261408501593905,0.6093175418435606,0.5277492350545132,1204,1200,2026-06-01 14:23:47.773635,3
1580,9,P05,no,8,4.055494912799304,0.520821285372743,0.46533348664659613,1473,1478,2026-06-01 14:23:47.830890,3
862,8,P12,yes,1,0.5312088736441183,0.5277492350545132,0.534666513353404,1205,1200,2026-06-01 14:23:47.888574,3
1581,9,P04,no,8,-4.055494912799304,0.46533348664659613,0.520821285372743,1473,1470,2026-06-01 14:23:47.918792,3
863,8,P04,no,3,1.4271512283958145,0.534666513353404,0.5138853177460049,1205,1203,2026-06-01 14:23:47.928283,3
1582,9,P09,no,1,-0.4757139608448142,0.520821285372743,0.5277492350545132,1473,1469,2026-06-01 14:23:47.938486,3
1583,9,P21,yes,11,-5.385655468561254,0.5277492350545132,0.4515414720267231,1462,1469,2026-06-01 14:23:47.961276,3
864,8,P03,yes,14,7.86778074811923,0.5138853177460049,0.6093175418435606,1219,1203,2026-06-01 14:23:47.989749,3
1584,9,P23,no,12,-6.083135657794401,0.4515414720267231,0.534666513353404,1462,1457,2026-06-01 14:23:48.104207,3
865,8,P02,no,9,3.788203681279583,0.6093175418435606,0.548458527973277,1219,1212,2026-06-01 14:23:48.122868,3
866,8,P22,yes,3,1.6762400721033828,0.548458527973277,0.5690013325681905,1222,1212,2026-06-01 14:23:48.129974,3
329,7,P10,no,3,0.7987377127293485,0.7418402904888368,0.7255622121589215,786,751,2026-06-01 14:23:48.160533,3
867,8,P13,yes,1,0.5724029720011004,0.5690013325681905,0.5758000536158003,1223,1212,2026-06-01 14:23:48.218324,3
330,7,P09,no,1,0.2772148836378392,0.7255622121589215,0.7199965396446176,786,752,2026-06-01 14:23:48.229491,3
1585,9,P09,no,1,0.4687911263558817,0.534666513353404,0.5277492350545132,1462,1458,2026-06-01 14:23:48.309033,3
331,7,P09,yes,11,8.243127499255252,0.7199965396446176,0.7772998611746911,797,752,2026-06-01 14:23:48.323271,3
868,8,P10,no,9,-3.5471277969411403,0.5758000536158003,0.6354235592583607,1223,1203,2026-06-01 14:23:48.363885,3
1586,9,P18,yes,1,0.5312088736438909,0.5277492350545132,0.534666513353404,1463,1458,2026-06-01 14:23:48.441986,3
1587,9,P21,no,1,0.4687911263558817,0.534666513353404,0.5277492350545132,1463,1459,2026-06-01 14:23:48.483311,3
869,8,P18,no,10,3.97472482494004,0.6354235592583607,0.5690013325681905,1223,1213,2026-06-01 14:23:48.672250,3
332,7,P09,yes,1,0.7796917426901473,0.7772998611746911,0.7820712676154848,798,752,2026-06-01 14:23:48.679180,3
870,8,P23,yes,1,0.5724029720011004,0.5690013325681905,0.5758000536158003,1224,1213,2026-06-01 14:23:48.679271,3
871,8,P04,no,1,0.42759702799889965,0.5758000536158003,0.5690013325681905,1224,1214,2026-06-01 14:23:48.693433,3
333,7,P18,no,10,2.4282820795325506,0.7820712676154848,0.7310585786300049,798,762,2026-06-01 14:23:48.766382,3
334,7,P21,no,4,-1.0328293991502733,0.7310585786300049,0.7523361988609284,798,758,2026-06-01 14:23:48.773759,3
2224,10,P18,no,1,0.4895850074617556,0.5138853177460049,0.5069439979482607,1684,1683,2026-06-01 14:23:48.827388,3
872,8,P19,yes,7,4.148173250217496,0.5690013325681905,0.6159095915435134,1231,1214,2026-06-01 14:23:48.829591,3
2225,10,P05,yes,1,0.5104149925382444,0.5069439979482607,0.5138853177460049,1685,1683,2026-06-01 14:23:48.835245,3
2226,10,P02,yes,1,0.5173538588051088,0.5138853177460049,0.520821285372743,1686,1683,2026-06-01 14:23:48.859737,3
2227,10,P18,no,4,-1.8613694294062952,0.520821285372743,0.548458527973277,1686,1679,2026-06-01 14:23:48.985734,3
1588,9,P04,yes,1,0.5312088736441183,0.5277492350545132,0.534666513353404,1464,1459,2026-06-01 14:23:48.989458,3
873,8,P04,yes,2,-1.2186216983263876,0.6159095915435134,0.6026853379784917,1229,1214,2026-06-01 14:23:49.030392,3
2228,10,P02,no,12,-4.930682817938305,0.548458527973277,0.6289646649499733,1686,1667,2026-06-01 14:23:49.062715,3
2229,10,P24,no,6,2.3444559467186536,0.6289646649499733,0.5893093760914265,1686,1673,2026-06-01 14:23:49.062926,3
874,8,P02,no,1,0.4006466663072388,0.6026853379784917,0.5960151933265168,1229,1215,2026-06-01 14:23:49.087401,3
1589,9,P18,yes,1,-0.5312088736441183,0.534666513353404,0.5277492350545132,1463,1459,2026-06-01 14:23:49.090080,3
2230,10,P12,no,1,0.4140575273477225,0.5893093760914265,0.5825702064623147,1686,1674,2026-06-01 14:23:49.094603,3
875,8,P03,no,12,-4.378394501407229,0.5960151933265168,0.6730961777222321,1229,1203,2026-06-01 14:23:49.125787,3
876,8,P23,no,5,1.7121043747858948,0.6730961777222321,0.6418340450887311,1229,1208,2026-06-01 14:23:49.133507,3
2231,10,P08,yes,1,-0.5791876120235884,0.5825702064623147,0.5758000536158003,1685,1674,2026-06-01 14:23:49.150920,3
877,8,P20,no,1,0.36136708348271895,0.6418340450887311,0.6354235592583607,1229,1209,2026-06-01 14:23:49.191685,3
1590,9,P21,yes,1,-0.5242860391549584,0.5277492350545132,0.520821285372743,1462,1459,2026-06-01 14:23:49.207117,3
1591,9,P21,no,11,5.690525512634622,0.520821285372743,0.444671944737631,1462,1470,2026-06-01 14:23:49.216653,3
335,7,P10,no,6,1.5817280776724374,0.7523361988609284,0.7199965396446176,798,764,2026-06-01 14:23:49.230794,3
1592,9,P20,yes,6,2.7921206285602693,0.444671944737631,0.4861146822539951,1468,1470,2026-06-01 14:23:49.266797,3
2232,10,P03,no,1,0.42759702799889965,0.5758000536158003,0.5690013325681905,1685,1675,2026-06-01 14:23:49.271050,3
2233,10,P09,yes,4,-2.2212560132070394,0.5690013325681905,0.5415704832167999,1681,1675,2026-06-01 14:23:49.281769,3
336,7,P22,yes,7,5.1731838765693965,0.7199965396446176,0.7574755792628283,805,764,2026-06-01 14:23:49.318113,3
878,8,P09,yes,5,3.256498176029936,0.6354235592583607,0.6669548851735586,1234,1209,2026-06-01 14:23:49.334414,3
879,8,P23,no,11,4.048424867108679,0.6669548851735586,0.5960151933265168,1234,1220,2026-06-01 14:23:49.341576,3
2234,10,P21,no,7,-3.041210930115767,0.5415704832167999,0.5893093760914265,1681,1668,2026-06-01 14:23:49.347402,3
880,8,P10,yes,3,1.8179750320191488,0.5960151933265168,0.6159095915435134,1237,1220,2026-06-01 14:23:49.365160,3
1593,9,P21,yes,1,-0.48264614119489124,0.4861146822539951,0.4791787146272571,1467,1470,2026-06-01 14:23:49.381992,3
1594,9,P21,no,1,0.5242860391551858,0.4791787146272571,0.47225076494548685,1467,1471,2026-06-01 14:23:49.385246,3
337,7,P10,no,15,4.251710515837203,0.7574755792628283,0.6730961777222321,805,779,2026-06-01 14:23:49.386295,3
1595,9,P23,yes,1,0.4757139608448142,0.47225076494548685,0.4791787146272571,1468,1471,2026-06-01 14:23:49.401693,3
881,8,P02,no,9,3.727481619720038,0.6159095915435134,0.555328055262369,1237,1229,2026-06-01 14:23:49.435582,3
2235,10,P02,yes,7,4.287742118382539,0.5893093760914265,0.6354235592583607,1688,1668,2026-06-01 14:23:49.455426,3
2236,10,P06,no,8,3.1263154089651835,0.6354235592583607,0.5825702064623147,1688,1676,2026-06-01 14:23:49.461064,3
2237,10,P23,no,1,0.42081238797618425,0.5825702064623147,0.5758000536158003,1688,1677,2026-06-01 14:23:49.513348,3
882,8,P12,yes,1,0.5587541409067853,0.555328055262369,0.5621765008857981,1238,1229,2026-06-01 14:23:49.521796,3
883,8,P18,no,1,-0.4344090108445471,0.5621765008857981,0.5690013325681905,1238,1228,2026-06-01 14:23:49.528617,3
1596,9,P04,yes,7,3.5242860391549584,0.4791787146272571,0.5277492350545132,1475,1471,2026-06-01 14:23:49.553035,3
2238,10,P21,yes,5,2.963153274616161,0.5758000536158003,0.6093175418435606,1693,1677,2026-06-01 14:23:49.559817,3
2239,10,P03,no,5,2.036846725383839,0.6093175418435606,0.5758000536158003,1693,1682,2026-06-01 14:23:49.570169,3
338,7,P21,yes,1,0.676142398551633,0.6730961777222321,0.679178699175393,806,779,2026-06-01 14:23:49.574620,3
339,7,P09,no,7,-2.101036790958233,0.679178699175393,0.7199965396446176,806,772,2026-06-01 14:23:49.574825,3
2240,10,P11,no,1,0.42759702799889965,0.5758000536158003,0.5690013325681905,1693,1683,2026-06-01 14:23:49.596183,3
2241,10,P09,no,1,-0.42759702799889965,0.5690013325681905,0.5758000536158003,1693,1682,2026-06-01 14:23:49.596276,3
2242,10,P23,no,1,0.42759702799889965,0.5758000536158003,0.5690013325681905,1693,1683,2026-06-01 14:23:49.599095,3
1597,9,P09,yes,5,2.724993614386676,0.5277492350545132,0.5621765008857981,1480,1471,2026-06-01 14:23:49.601825,3
884,8,P10,yes,3,1.737533056677421,0.5690013325681905,0.5893093760914265,1241,1228,2026-06-01 14:23:49.609975,3
2243,10,P13,no,1,0.4344090108445471,0.5690013325681905,0.5621765008857981,1693,1684,2026-06-01 14:23:49.615037,3
1598,9,P01,yes,5,-2.724993614386676,0.5621765008857981,0.5277492350545132,1475,1471,2026-06-01 14:23:49.630878,3
1599,9,P21,yes,12,-5.8337605265203365,0.5277492350545132,0.444671944737631,1463,1471,2026-06-01 14:23:49.631417,3
2244,10,P19,yes,1,-0.5587541409070127,0.5621765008857981,0.555328055262369,1692,1684,2026-06-01 14:23:49.648640,3
885,8,P09,no,5,-1.9701717309872038,0.5893093760914265,0.6224593312018546,1241,1223,2026-06-01 14:23:49.651059,3
2245,10,P13,no,12,5.833760526520564,0.555328055262369,0.47225076494548685,1692,1696,2026-06-01 14:23:49.659457,3
1600,9,P20,yes,1,0.44810505795908284,0.444671944737631,0.4515414720267231,1464,1471,2026-06-01 14:23:49.678653,3
2246,10,P03,yes,4,1.944472998906349,0.47225076494548685,0.5,1696,1696,2026-06-01 14:23:49.683278,3
340,7,P10,no,1,0.28281485045192767,0.7199965396446176,0.7143624294910559,806,773,2026-06-01 14:23:49.717755,3
886,8,P04,no,1,0.38081192452750656,0.6224593312018546,0.6159095915435134,1241,1224,2026-06-01 14:23:49.722343,3
2247,10,P05,no,1,-0.4965278894048879,0.5,0.5069439979482607,1696,1695,2026-06-01 14:23:49.729501,3
341,7,P09,yes,8,5.890369026117469,0.7143624294910559,0.7574755792628283,814,773,2026-06-01 14:23:49.743992,3
1601,9,P12,yes,12,5.916864342205372,0.4515414720267231,0.534666513353404,1476,1471,2026-06-01 14:23:49.758407,3
2248,10,P09,yes,8,4.277048504884988,0.5069439979482607,0.5621765008857981,1704,1695,2026-06-01 14:23:49.774020,3
2249,10,P02,yes,1,0.5655909891554529,0.5621765008857981,0.5690013325681905,1705,1695,2026-06-01 14:23:49.798515,3
2250,10,P09,no,2,0.8756548699375344,0.5690013325681905,0.555328055262369,1705,1697,2026-06-01 14:23:49.819563,3
2251,10,P20,no,3,1.3649694001646822,0.555328055262369,0.534666513353404,1705,1700,2026-06-01 14:23:49.845158,3
342,7,P21,no,1,-0.23998512580624265,0.7574755792628283,0.7625419716560975,814,772,2026-06-01 14:23:49.851491,3
887,8,P02,yes,1,-0.6126170036004623,0.6159095915435134,0.6093175418435606,1240,1224,2026-06-01 14:23:49.875665,3
888,8,P09,yes,2,1.2318050790729558,0.6093175418435606,0.6224593312018546,1242,1224,2026-06-01 14:23:49.880864,3
343,7,P21,yes,1,0.7650446160455431,0.7625419716560975,0.7675350070438758,815,772,2026-06-01 14:23:49.890847,3
889,8,P10,no,9,-3.1394152103473516,0.6224593312018546,0.679178699175393,1242,1215,2026-06-01 14:23:49.951660,3
2252,10,P02,no,1,-0.4618802833090285,0.534666513353404,0.5415704832167999,1705,1699,2026-06-01 14:23:49.964237,3
1602,9,P09,yes,1,0.5381197166909715,0.534666513353404,0.5415704832167999,1477,1471,2026-06-01 14:23:49.972623,3
890,8,P09,no,3,0.9899669065380294,0.679178699175393,0.6607563687658172,1242,1218,2026-06-01 14:23:49.988762,3
344,7,P18,no,1,-0.2299991558865031,0.7675350070438758,0.7724543828071839,815,771,2026-06-01 14:23:50.008121,3
891,8,P18,yes,17,-10.294153093984278,0.6607563687658172,0.548458527973277,1225,1218,2026-06-01 14:23:50.008797,3
2253,10,P18,yes,3,1.6556650240511317,0.5415704832167999,0.5621765008857981,1708,1699,2026-06-01 14:23:50.018581,3
892,8,P22,yes,13,7.701515247163343,0.548458527973277,0.6354235592583607,1238,1218,2026-06-01 14:23:50.042833,3
2254,10,P01,yes,1,-0.5587541409070127,0.5621765008857981,0.555328055262369,1707,1699,2026-06-01 14:23:50.114574,3
345,7,P18,yes,2,1.5545750310229778,0.7724543828071839,0.7820712676154848,817,771,2026-06-01 14:23:50.130520,3
893,8,P02,no,7,2.7122578816172336,0.6354235592583607,0.5893093760914265,1238,1225,2026-06-01 14:23:50.131882,3
894,8,P09,no,7,-2.7122578816172336,0.5893093760914265,0.6354235592583607,1238,1218,2026-06-01 14:23:50.158342,3
895,8,P10,yes,1,0.638632916517281,0.6354235592583607,0.6418340450887311,1239,1218,2026-06-01 14:23:50.177935,3
1603,9,P21,no,2,0.9306714096649102,0.5415704832167999,0.5277492350545132,1477,1473,2026-06-01 14:23:50.185877,3
2255,10,P19,no,3,1.3649694001646822,0.555328055262369,0.534666513353404,1707,1702,2026-06-01 14:23:50.212385,3
896,8,P04,no,2,0.7291690183812989,0.6418340450887311,0.6289646649499733,1239,1220,2026-06-01 14:23:50.221368,3
1604,9,P05,no,1,0.4757139608450416,0.5277492350545132,0.520821285372743,1477,1474,2026-06-01 14:23:50.272539,3
1605,9,P05,yes,1,-0.5173538588051088,0.520821285372743,0.5138853177460049,1476,1474,2026-06-01 14:23:50.279202,3
897,8,P02,yes,1,-0.6257157842683227,0.6289646649499733,0.6224593312018546,1238,1220,2026-06-01 14:23:50.289464,3
2256,10,P09,yes,2,-1.0554949127990767,0.534666513353404,0.520821285372743,1705,1702,2026-06-01 14:23:50.309868,3
2257,10,P09,yes,1,0.5242860391549584,0.520821285372743,0.5277492350545132,1706,1702,2026-06-01 14:23:50.376195,3
346,7,P18,no,7,1.645716421400607,0.7820712676154848,0.7471242672706695,817,778,2026-06-01 14:23:50.384238,3
1606,9,P04,no,15,-6.519602248280307,0.5138853177460049,0.6159095915435134,1476,1459,2026-06-01 14:23:50.393335,3
1607,9,P04,yes,1,0.6191880754724934,0.6159095915435134,0.6224593312018546,1477,1459,2026-06-01 14:23:50.409333,3
1608,9,P16,no,6,2.384229258334699,0.6224593312018546,0.5825702064623147,1477,1465,2026-06-01 14:23:50.416225,3
2258,10,P02,yes,1,0.5312088736441183,0.5277492350545132,0.534666513353404,1707,1702,2026-06-01 14:23:50.423317,3
347,7,P21,no,1,-0.2502637410183297,0.7471242672706695,0.7523361988609284,817,777,2026-06-01 14:23:50.444532,3
2259,10,P09,no,8,-3.503091213425023,0.534666513353404,0.5893093760914265,1707,1694,2026-06-01 14:23:50.445372,3
898,8,P02,yes,1,-0.6191880754724934,0.6224593312018546,0.6159095915435134,1237,1220,2026-06-01 14:23:50.475924,3
2260,10,P17,yes,1,-0.5859424726520501,0.5893093760914265,0.5825702064623147,1706,1694,2026-06-01 14:23:50.498224,3
348,7,P09,yes,2,-1.4942245186946366,0.7523361988609284,0.7418402904888368,815,777,2026-06-01 14:23:50.508076,3
1609,9,P01,no,1,0.42081238797641163,0.5825702064623147,0.5758000536158003,1477,1466,2026-06-01 14:23:50.561847,3
2261,10,P13,no,11,5.005769921934416,0.5825702064623147,0.5069439979482607,1706,1705,2026-06-01 14:23:50.573922,3
1610,9,P13,yes,3,-1.696748102063566,0.5758000536158003,0.555328055262369,1474,1466,2026-06-01 14:23:50.576450,3
1611,9,P03,yes,11,-5.690525512634849,0.555328055262369,0.4791787146272571,1463,1466,2026-06-01 14:23:50.583552,3
2262,10,P05,no,1,-0.48958500746130085,0.5069439979482607,0.5138853177460049,1706,1704,2026-06-01 14:23:50.625167,3
349,7,P18,yes,9,6.883197901890526,0.7418402904888368,0.7867684891624728,824,777,2026-06-01 14:23:50.640275,3
350,7,P23,no,1,0.21557393642183342,0.7867684891624728,0.7820712676154848,824,778,2026-06-01 14:23:50.648857,3
899,8,P04,no,1,0.38738299639953766,0.6159095915435134,0.6093175418435606,1237,1221,2026-06-01 14:23:50.654574,3
1612,9,P18,yes,6,3.0000000000002274,0.4791787146272571,0.520821285372743,1469,1466,2026-06-01 14:23:50.697673,3
900,8,P10,yes,4,2.489718928442926,0.6093175418435606,0.6354235592583607,1241,1221,2026-06-01 14:23:50.733538,3
2263,10,P02,no,13,-5.738223946606922,0.5138853177460049,0.6026853379784917,1706,1691,2026-06-01 14:23:50.738790,3
2264,10,P01,no,1,0.4006466663072388,0.6026853379784917,0.5960151933265168,1706,1692,2026-06-01 14:23:50.755140,3
2265,10,P09,no,1,0.4073348384786186,0.5960151933265168,0.5893093760914265,1706,1693,2026-06-01 14:23:50.801212,3
1613,9,P04,yes,2,1.055494912799304,0.520821285372743,0.534666513353404,1471,1466,2026-06-01 14:23:50.806814,3
1614,9,P21,no,1,0.4687911263558817,0.534666513353404,0.5277492350545132,1471,1467,2026-06-01 14:23:50.817624,3
351,7,P18,yes,3,-2.324575875136361,0.7820712676154848,0.7675350070438758,821,778,2026-06-01 14:23:50.827819,3
2266,10,P21,no,1,-0.4073348384786186,0.5893093760914265,0.5960151933265168,1706,1692,2026-06-01 14:23:50.844871,3
901,8,P18,no,1,0.36780193489835256,0.6354235592583607,0.6289646649499733,1241,1222,2026-06-01 14:23:50.858641,3
902,8,P18,no,8,3.1793258620427878,0.6289646649499733,0.5758000536158003,1241,1230,2026-06-01 14:23:50.906721,3
2267,10,P23,yes,10,-5.620782821740249,0.5960151933265168,0.5277492350545132,1696,1692,2026-06-01 14:23:50.938362,3
903,8,P09,yes,4,2.3571485798900085,0.5758000536158003,0.6026853379784917,1245,1230,2026-06-01 14:23:50.972170,3
2268,10,P05,yes,2,1.0693285903348624,0.5277492350545132,0.5415704832167999,1698,1692,2026-06-01 14:23:51.038051,3
1615,9,P04,no,1,-0.4687911263558817,0.5277492350545132,0.534666513353404,1471,1466,2026-06-01 14:23:51.073746,3
904,8,P09,no,3,-1.1621902262008916,0.6026853379784917,0.6224593312018546,1245,1227,2026-06-01 14:23:51.081337,3
1616,9,P12,no,4,1.9167362358573428,0.534666513353404,0.5069439979482607,1471,1470,2026-06-01 14:23:51.086961,3
2269,10,P02,yes,6,3.372846597231728,0.5415704832167999,0.5825702064623147,1704,1692,2026-06-01 14:23:51.099110,3
2270,10,P18,no,1,-0.4140575273477225,0.5825702064623147,0.5893093760914265,1704,1691,2026-06-01 14:23:51.114986,3
2271,10,P09,no,5,2.138121813260568,0.5893093760914265,0.555328055262369,1704,1696,2026-06-01 14:23:51.184944,3
905,8,P18,no,1,0.3808119245272792,0.6224593312018546,0.6159095915435134,1245,1228,2026-06-01 14:23:51.198991,3
1617,9,P04,yes,5,2.6213834808334013,0.5069439979482607,0.5415704832167999,1476,1470,2026-06-01 14:23:51.213337,3
2272,10,P21,no,12,-4.850379694877574,0.555328055262369,0.6354235592583607,1704,1684,2026-06-01 14:23:51.232978,3
906,8,P10,no,1,-0.3808119245272792,0.6159095915435134,0.6224593312018546,1245,1227,2026-06-01 14:23:51.242574,3
2273,10,P21,yes,7,4.602670940282678,0.6354235592583607,0.679178699175393,1711,1684,2026-06-01 14:23:51.244052,3
1618,9,P04,yes,1,0.5450159411034292,0.5415704832167999,0.548458527973277,1477,1470,2026-06-01 14:23:51.298844,3
1619,9,P05,no,1,0.4549840588965708,0.548458527973277,0.5415704832167999,1477,1471,2026-06-01 14:23:51.331060,3
352,7,P10,no,2,0.47494050976069957,0.7675350070438758,0.7574755792628283,821,780,2026-06-01 14:23:51.333837,3
907,8,P04,no,4,1.5628368925083578,0.6224593312018546,0.5960151933265168,1245,1231,2026-06-01 14:23:51.364276,3
1620,9,P09,yes,1,0.5450159411036566,0.5415704832167999,0.548458527973277,1478,1471,2026-06-01 14:23:51.390763,3
2274,10,P24,no,1,0.32385760144848064,0.679178699175393,0.6730961777222321,1711,1685,2026-06-01 14:23:51.402031,3
908,8,P09,no,1,-0.40064666630746615,0.5960151933265168,0.6026853379784917,1245,1230,2026-06-01 14:23:51.413559,3
1621,9,P12,no,1,0.4549840588963434,0.548458527973277,0.5415704832167999,1478,1472,2026-06-01 14:23:51.431898,3
909,8,P09,no,1,0.40064666630746615,0.6026853379784917,0.5960151933265168,1245,1231,2026-06-01 14:23:51.467469,3
1622,9,P09,yes,3,1.655665024051359,0.5415704832167999,0.5621765008857981,1481,1472,2026-06-01 14:23:51.509607,3
1623,9,P11,no,1,0.4412458590929873,0.5621765008857981,0.555328055262369,1481,1473,2026-06-01 14:23:51.530068,3
2275,10,P12,no,3,1.008475431941406,0.6730961777222321,0.6545022492518787,1711,1688,2026-06-01 14:23:51.552750,3
2739,11,P09,no,1,0.0808741653756897,0.9201542333853858,0.9180894228446748,1773,1686,2026-06-01 14:23:51.561744,3
910,8,P18,yes,7,4.333709873378211,0.5960151933265168,0.6418340450887311,1252,1231,2026-06-01 14:23:51.625921,3
1624,9,P05,yes,1,-0.5518949420406898,0.555328055262369,0.548458527973277,1480,1473,2026-06-01 14:23:51.674487,3
911,8,P02,yes,2,-1.2708309816184737,0.6418340450887311,0.6289646649499733,1250,1231,2026-06-01 14:23:51.678003,3
1625,9,P21,no,9,4.344015570601414,0.548458527973277,0.4861146822539951,1480,1482,2026-06-01 14:23:51.742266,3
1626,9,P20,yes,11,5.766633512346289,0.4861146822539951,0.5621765008857981,1491,1482,2026-06-01 14:23:51.768018,3
1627,9,P12,no,1,0.4412458590929873,0.5621765008857981,0.555328055262369,1491,1483,2026-06-01 14:23:51.781653,3
2276,10,P07,no,8,2.9692724031588114,0.6545022492518787,0.6026853379784917,1711,1696,2026-06-01 14:23:51.788792,3
2277,10,P02,yes,1,0.6060046947259252,0.6026853379784917,0.6093175418435606,1712,1696,2026-06-01 14:23:51.838454,3
1628,9,P22,no,1,0.44810505795908284,0.555328055262369,0.548458527973277,1491,1484,2026-06-01 14:23:51.852958,3
2278,10,P23,yes,3,-1.7980231899400678,0.6093175418435606,0.5893093760914265,1709,1696,2026-06-01 14:23:51.866373,3
2279,10,P18,yes,1,-0.5859424726522775,0.5893093760914265,0.5825702064623147,1708,1696,2026-06-01 14:23:51.868962,3
2740,11,P14,yes,1,-0.917036837732212,0.9180894228446748,0.9159760921836879,1772,1686,2026-06-01 14:23:51.919684,3
2280,10,P18,yes,1,0.5859424726522775,0.5825702064623147,0.5893093760914265,1709,1696,2026-06-01 14:23:51.932434,3
1629,9,P23,no,7,3.33012846746783,0.548458527973277,0.5,1491,1491,2026-06-01 14:23:51.933596,3
2281,10,P18,no,1,-0.407334838478846,0.5893093760914265,0.5960151933265168,1709,1695,2026-06-01 14:23:51.999648,3
1630,9,P21,yes,1,-0.4965278894048879,0.5,0.49305600205173933,1490,1491,2026-06-01 14:23:52.057927,3
1631,9,P18,yes,7,3.6213834808336287,0.49305600205173933,0.5415704832167999,1497,1491,2026-06-01 14:23:52.090217,3
353,7,P18,yes,2,1.5250594902393004,0.7574755792628283,0.7675350070438758,823,780,2026-06-01 14:23:52.097928,3
912,8,P09,no,3,1.1424791366589488,0.6289646649499733,0.6093175418435606,1250,1234,2026-06-01 14:23:52.103937,3
2282,10,P19,no,9,3.9104260519036416,0.5960151933265168,0.534666513353404,1709,1704,2026-06-01 14:23:52.135728,3
354,7,P09,no,1,0.23495538395434323,0.7675350070438758,0.7625419716560975,823,781,2026-06-01 14:23:52.136214,3
1632,9,P04,no,1,-0.4549840588963434,0.5415704832167999,0.548458527973277,1497,1490,2026-06-01 14:23:52.146076,3
2283,10,P08,yes,6,3.331778701899111,0.534666513353404,0.5758000536158003,1715,1704,2026-06-01 14:23:52.196078,3
913,8,P10,no,1,-0.38738299639976503,0.6093175418435606,0.6159095915435134,1250,1233,2026-06-01 14:23:52.209947,3
1633,9,P04,yes,2,1.1106490829477025,0.548458527973277,0.5621765008857981,1499,1490,2026-06-01 14:23:52.216017,3
1634,9,P05,no,1,0.4412458590929873,0.5621765008857981,0.555328055262369,1499,1491,2026-06-01 14:23:52.218102,3
2284,10,P02,yes,3,1.7577952461972473,0.5758000536158003,0.5960151933265168,1718,1704,2026-06-01 14:23:52.218290,3
1635,9,P18,no,10,-4.108293544247317,0.555328055262369,0.6224593312018546,1499,1481,2026-06-01 14:23:52.218892,3
1636,9,P18,yes,1,-0.6191880754724934,0.6224593312018546,0.6159095915435134,1498,1481,2026-06-01 14:23:52.232494,3
1637,9,P04,yes,2,1.2449038597408162,0.6159095915435134,0.6289646649499733,1500,1481,2026-06-01 14:23:52.250454,3
1638,9,P18,yes,1,0.6321980651016474,0.6289646649499733,0.6354235592583607,1501,1481,2026-06-01 14:23:52.252927,3
1639,9,P20,no,6,2.3049230431383876,0.6354235592583607,0.5960151933265168,1501,1487,2026-06-01 14:23:52.255412,3
914,8,P02,no,2,0.7813783016738398,0.6159095915435134,0.6026853379784917,1250,1235,2026-06-01 14:23:52.314282,3
2741,11,P14,no,7,0.6434590367316559,0.9159760921836879,0.899749509642487,1772,1693,2026-06-01 14:23:52.332330,3
2285,10,P11,no,1,0.407334838478846,0.5960151933265168,0.5893093760914265,1718,1705,2026-06-01 14:23:52.401626,3
1640,9,P09,no,1,-0.4006466663070114,0.5960151933265168,0.6026853379784917,1501,1486,2026-06-01 14:23:52.402968,3
1641,9,P20,yes,1,-0.5993533336929886,0.6026853379784917,0.5960151933265168,1500,1486,2026-06-01 14:23:52.422450,3
2286,10,P22,yes,1,-0.5859424726522775,0.5893093760914265,0.5825702064623147,1717,1705,2026-06-01 14:23:52.427118,3
1642,9,P08,no,14,6.323690177165872,0.5960151933265168,0.5,1500,1500,2026-06-01 14:23:52.491862,3
1643,9,P20,yes,4,2.055527001093651,0.5,0.5277492350545132,1504,1500,2026-06-01 14:23:52.511673,3
2287,10,P19,yes,3,-1.717181573180369,0.5825702064623147,0.5621765008857981,1714,1705,2026-06-01 14:23:52.698301,3
1644,9,P21,no,1,0.4757139608450416,0.5277492350545132,0.520821285372743,1504,1501,2026-06-01 14:23:52.698860,3
915,8,P02,yes,3,-1.77796096786642,0.6026853379784917,0.5825702064623147,1247,1235,2026-06-01 14:23:52.769065,3
355,7,P10,no,3,0.7353369125826248,0.7625419716560975,0.7471242672706695,823,784,2026-06-01 14:23:52.773669,3
1645,9,P21,yes,1,-0.5173538588051088,0.520821285372743,0.5138853177460049,1503,1501,2026-06-01 14:23:52.820900,3
916,8,P02,no,20,9.724064285912618,0.5825702064623147,0.444671944737631,1247,1255,2026-06-01 14:23:52.850057,3
917,8,P02,no,2,1.1243451300622382,0.444671944737631,0.4309986674318095,1247,1257,2026-06-01 14:23:52.850058,3
918,8,P13,yes,1,0.4344090108445471,0.4309986674318095,0.4378234991142019,1248,1257,2026-06-01 14:23:52.851627,3
919,8,P11,yes,7,3.2333664876537114,0.4378234991142019,0.4861146822539951,1255,1257,2026-06-01 14:23:52.863352,3
356,7,P09,yes,9,6.927795810267639,0.7471242672706695,0.791391472673955,832,784,2026-06-01 14:23:52.869899,3
920,8,P18,yes,1,0.48958500746130085,0.4861146822539951,0.49305600205173933,1256,1257,2026-06-01 14:23:52.895250,3
1646,9,P05,yes,1,-0.5104149925382444,0.5138853177460049,0.5069439979482607,1502,1501,2026-06-01 14:23:52.915725,3
921,8,P20,yes,1,0.4965278894048879,0.49305600205173933,0.5,1257,1257,2026-06-01 14:23:52.967579,3
922,8,P22,yes,1,0.5034721105953395,0.5,0.5069439979482607,1258,1257,2026-06-01 14:23:52.978329,3
2288,10,P21,no,15,-5.816495988963652,0.5621765008857981,0.6607563687658172,1714,1690,2026-06-01 14:23:52.997926,3
357,7,P10,no,12,2.854769847864418,0.791391472673955,0.7310585786300049,832,796,2026-06-01 14:23:52.999896,3
923,8,P16,no,1,-0.4895850074617556,0.5069439979482607,0.5138853177460049,1258,1256,2026-06-01 14:23:53.007923,3
2289,10,P23,no,7,2.5302602283366014,0.6607563687658172,0.6159095915435134,1714,1697,2026-06-01 14:23:53.014571,3
2290,10,P19,yes,5,-2.9965826661928077,0.6159095915435134,0.5825702064623147,1709,1697,2026-06-01 14:23:53.029663,3
2291,10,P09,yes,1,0.5859424726522775,0.5825702064623147,0.5893093760914265,1710,1697,2026-06-01 14:23:53.046518,3
1647,9,P05,yes,1,-0.5034721105953395,0.5069439979482607,0.5,1501,1501,2026-06-01 14:23:53.063638,3
358,7,P18,yes,2,1.4729460821549765,0.7310585786300049,0.7418402904888368,834,796,2026-06-01 14:23:53.063699,3
1648,9,P09,yes,1,0.5034721105953395,0.5,0.5069439979482607,1502,1501,2026-06-01 14:23:53.087207,3
924,8,P23,yes,13,7.261776053393305,0.5138853177460049,0.6026853379784917,1271,1256,2026-06-01 14:23:53.113509,3
2292,10,P03,no,1,0.4140575273477225,0.5893093760914265,0.5825702064623147,1710,1698,2026-06-01 14:23:53.121010,3
359,7,P10,no,1,0.26083150245244724,0.7418402904888368,0.736484844941675,834,797,2026-06-01 14:23:53.143010,3
360,7,P10,no,1,0.2662224153925763,0.736484844941675,0.7310585786300049,834,798,2026-06-01 14:23:53.185009,3
361,7,P10,no,2,0.5488986785221641,0.7310585786300049,0.7199965396446176,834,800,2026-06-01 14:23:53.193510,3
2293,10,P18,yes,2,1.1786076341738863,0.5825702064623147,0.5960151933265168,1712,1698,2026-06-01 14:23:53.233704,3
362,7,P19,yes,1,0.7227851163620471,0.7199965396446176,0.7255622121589215,835,800,2026-06-01 14:23:53.255017,3
1649,9,P21,no,1,0.4965278894046605,0.5069439979482607,0.5,1502,1502,2026-06-01 14:23:53.271193,3
1650,9,P01,yes,8,4.2217664745733146,0.5,0.555328055262369,1510,1502,2026-06-01 14:23:53.279201,3
2742,11,P14,no,2,0.20558689288805,0.899749509642487,0.8946259115182216,1772,1695,2026-06-01 14:23:53.293965,3
2294,10,P09,yes,1,0.5993533336925339,0.5960151933265168,0.6026853379784917,1713,1698,2026-06-01 14:23:53.326410,3
1651,9,P05,no,2,0.9030891168554263,0.555328055262369,0.5415704832167999,1510,1504,2026-06-01 14:23:53.347364,3
925,8,P10,no,20,-6.679857111144429,0.6026853379784917,0.7255622121589215,1271,1236,2026-06-01 14:23:53.348624,3
926,8,P10,no,4,-1.0542494530163822,0.7255622121589215,0.7471242672706695,1271,1232,2026-06-01 14:23:53.348625,3
927,8,P06,no,1,0.25551174028669266,0.7471242672706695,0.7418402904888368,1271,1233,2026-06-01 14:23:53.378560,3
928,8,P16,no,6,1.6472502363260446,0.7418402904888368,0.7086608250294356,1271,1239,2026-06-01 14:23:53.397363,3
1652,9,P21,yes,7,-3.6213834808334013,0.5415704832167999,0.49305600205173933,1503,1504,2026-06-01 14:23:53.422102,3
929,8,P17,no,1,0.2942177197946876,0.7086608250294356,0.702892745013669,1271,1240,2026-06-01 14:23:53.440179,3
930,8,P18,no,1,0.3000185846999557,0.702892745013669,0.6970592839654074,1271,1241,2026-06-01 14:23:53.472130,3
931,8,P20,no,1,0.30588425173186806,0.6970592839654074,0.6911616123625146,1271,1242,2026-06-01 14:23:53.481038,3
1653,9,P04,no,2,-1.0,0.49305600205173933,0.5069439979482607,1503,1502,2026-06-01 14:23:53.491590,3
2295,10,P18,yes,1,-0.5993533336925339,0.6026853379784917,0.5960151933265168,1712,1698,2026-06-01 14:23:53.500326,3
2743,11,P09,no,1,0.10669300427002781,0.8946259115182216,0.8919784386565807,1772,1696,2026-06-01 14:23:53.531165,3
932,8,P03,no,3,0.9534761962215725,0.6911616123625146,0.6730961777222321,1271,1245,2026-06-01 14:23:53.536592,3
1654,9,P17,yes,11,5.994230078065129,0.5069439979482607,0.5825702064623147,1514,1502,2026-06-01 14:23:53.552327,3
2744,11,P14,yes,8,-7.045060580167501,0.8919784386565807,0.8686287904691933,1764,1696,2026-06-01 14:23:53.572102,3
1655,9,P05,no,1,0.42081238797641163,0.5825702064623147,0.5758000536158003,1514,1503,2026-06-01 14:23:53.575459,3
2745,11,P01,no,1,-0.12979709629462377,0.8686287904691933,0.8717662624074807,1764,1695,2026-06-01 14:23:53.581466,3
1656,9,P13,no,1,0.42759702799889965,0.5758000536158003,0.5690013325681905,1514,1504,2026-06-01 14:23:53.589996,3
933,8,P02,yes,2,-1.3338906949104512,0.6730961777222321,0.6607563687658172,1269,1245,2026-06-01 14:23:53.590053,3
934,8,P01,no,1,0.3423661268518572,0.6607563687658172,0.6545022492518787,1269,1246,2026-06-01 14:23:53.594282,3
935,8,P11,no,11,4.191311435292164,0.6545022492518787,0.5825702064623147,1269,1257,2026-06-01 14:23:53.609459,3
1657,9,P21,yes,14,-7.290584603542129,0.5690013325681905,0.47225076494548685,1500,1504,2026-06-01 14:23:53.631502,3
936,8,P04,yes,11,-5.994230078065129,0.5825702064623147,0.5069439979482607,1258,1257,2026-06-01 14:23:53.654164,3
937,8,P01,yes,1,0.5104149925382444,0.5069439979482607,0.5138853177460049,1259,1257,2026-06-01 14:23:53.670851,3
1658,9,P17,yes,4,1.944472998906349,0.47225076494548685,0.5,1504,1504,2026-06-01 14:23:53.674687,3
938,8,P19,no,1,-0.4826461411951186,0.5138853177460049,0.520821285372743,1259,1256,2026-06-01 14:23:53.710299,3
1659,9,P21,no,6,3.124855591428741,0.5,0.45842951678320015,1504,1510,2026-06-01 14:23:53.717720,3
939,8,P22,no,1,-0.4757139608448142,0.520821285372743,0.5277492350545132,1259,1255,2026-06-01 14:23:53.730014,3
1660,9,P08,yes,1,0.4618802833090285,0.45842951678320015,0.46533348664659613,1505,1510,2026-06-01 14:23:53.737608,3
940,8,P15,yes,1,0.5312088736441183,0.5277492350545132,0.534666513353404,1260,1255,2026-06-01 14:23:53.738144,3
941,8,P12,yes,1,0.5381197166909715,0.534666513353404,0.5415704832167999,1261,1255,2026-06-01 14:23:53.740810,3
1661,9,P04,yes,2,0.9445050872006959,0.46533348664659613,0.4791787146272571,1507,1510,2026-06-01 14:23:53.753490,3
2746,11,P14,no,20,3.2759011417642796,0.8717662624074807,0.7959402230407707,1764,1715,2026-06-01 14:23:53.765705,3
2747,11,P14,no,12,2.7948754002200076,0.7959402230407707,0.736484844941675,1764,1727,2026-06-01 14:23:53.765706,3
2748,11,P07,yes,1,0.739168497547098,0.736484844941675,0.7418402904888368,1765,1727,2026-06-01 14:23:53.765940,3
2749,11,P17,yes,14,10.873745807226442,0.7418402904888368,0.8091419557551346,1779,1727,2026-06-01 14:23:53.769384,3
942,8,P19,no,7,-3.0412109301159944,0.5415704832167999,0.5893093760914265,1261,1248,2026-06-01 14:23:53.776465,3
2750,11,P03,yes,1,0.8112745656603693,0.8091419557551346,0.8133949179068393,1780,1727,2026-06-01 14:23:53.796792,3
2296,10,P18,no,1,0.40733483847839125,0.5960151933265168,0.5893093760914265,1712,1699,2026-06-01 14:23:53.818935,3
2751,11,P11,yes,2,1.6351245883629417,0.8133949179068393,0.8216809438923075,1782,1727,2026-06-01 14:23:53.826573,3
943,8,P16,yes,1,0.5926651615216088,0.5893093760914265,0.5960151933265168,1262,1248,2026-06-01 14:23:53.828646,3
944,8,P09,no,1,-0.40064666630746615,0.5960151933265168,0.6026853379784917,1262,1247,2026-06-01 14:23:53.833776,3
363,7,P09,yes,7,-4.939553407759718,0.7255622121589215,0.6852009766653157,828,800,2026-06-01 14:23:53.839134,3
364,7,P09,no,4,1.3077719888939328,0.6852009766653157,0.6607563687658172,828,804,2026-06-01 14:23:53.864661,3
945,8,P04,no,19,8.779863844566762,0.6026853379784917,0.47225076494548685,1262,1266,2026-06-01 14:23:53.888542,3
946,8,P17,no,8,-3.9999999999997726,0.47225076494548685,0.5277492350545132,1262,1258,2026-06-01 14:23:53.895708,3
2752,11,P23,yes,9,7.55125082851805,0.8216809438923075,0.8554222495341228,1791,1727,2026-06-01 14:23:53.904586,3
1662,9,P04,no,1,-0.517353858804654,0.4791787146272571,0.4861146822539951,1507,1509,2026-06-01 14:23:53.942231,3
947,8,P22,no,1,-0.4687911263561091,0.5277492350545132,0.534666513353404,1262,1257,2026-06-01 14:23:53.965816,3
2753,11,P14,yes,2,-1.7038827692374525,0.8554222495341228,0.8484148512107131,1789,1727,2026-06-01 14:23:53.970513,3
948,8,P02,no,2,0.9445050872009233,0.534666513353404,0.520821285372743,1262,1259,2026-06-01 14:23:54.054396,3
949,8,P12,yes,1,0.5242860391551858,0.520821285372743,0.5277492350545132,1263,1259,2026-06-01 14:23:54.058509,3
365,7,P22,yes,1,0.6638603292091148,0.6607563687658172,0.6669548851735586,829,804,2026-06-01 14:23:54.063434,3
2754,11,P03,no,1,-0.14981043757006773,0.8484148512107131,0.8519528019683106,1789,1726,2026-06-01 14:23:54.112480,3
950,8,P03,no,1,-0.4687911263558817,0.5277492350545132,0.534666513353404,1263,1258,2026-06-01 14:23:54.114322,3
2297,10,P03,no,1,0.4140575273477225,0.5893093760914265,0.5825702064623147,1712,1700,2026-06-01 14:23:54.121857,3
366,7,P17,yes,2,1.3461727642527421,0.6669548851735586,0.679178699175393,831,804,2026-06-01 14:23:54.126217,3
2755,11,P22,yes,10,8.68358405555,0.8519528019683106,0.8836828560223441,1799,1726,2026-06-01 14:23:54.136125,3
951,8,P23,yes,1,0.5381197166909715,0.534666513353404,0.5415704832167999,1264,1258,2026-06-01 14:23:54.137997,3
952,8,P02,yes,8,-4.110968488295384,0.5415704832167999,0.4861146822539951,1256,1258,2026-06-01 14:23:54.152730,3
1663,9,P21,no,13,7.261776053393305,0.4861146822539951,0.3973146620215083,1507,1522,2026-06-01 14:23:54.156324,3
367,7,P13,yes,1,0.6821949176442104,0.679178699175393,0.6852009766653157,832,804,2026-06-01 14:23:54.161363,3
1664,9,P08,yes,1,0.4006466663070114,0.3973146620215083,0.4039848066734832,1508,1522,2026-06-01 14:23:54.173384,3
953,8,P09,yes,2,0.9861128968664161,0.4861146822539951,0.5,1258,1258,2026-06-01 14:23:54.187550,3
368,7,P03,yes,10,7.140815695030483,0.6852009766653157,0.7418402904888368,842,804,2026-06-01 14:23:54.194196,3
1665,9,P11,yes,3,1.2422047538027527,0.4039848066734832,0.4241999463841996,1511,1522,2026-06-01 14:23:54.201384,3
954,8,P12,yes,8,4.221766474573087,0.5,0.555328055262369,1266,1258,2026-06-01 14:23:54.233474,3
1666,9,P03,no,1,-0.5724029720011004,0.4241999463841996,0.4309986674318095,1511,1521,2026-06-01 14:23:54.240538,3
1667,9,P22,yes,1,0.4344090108445471,0.4309986674318095,0.4378234991142019,1512,1521,2026-06-01 14:23:54.260389,3
955,8,P11,yes,1,0.5587541409070127,0.555328055262369,0.5621765008857981,1267,1258,2026-06-01 14:23:54.314639,3
369,7,P10,no,4,1.0759525963671877,0.7418402904888368,0.7199965396446176,842,808,2026-06-01 14:23:54.328205,3
2756,11,P09,no,20,2.9837337343765284,0.8836828560223441,0.8133949179068393,1799,1746,2026-06-01 14:23:54.331815,3
956,8,P02,yes,11,-5.766633512346516,0.5621765008857981,0.4861146822539951,1256,1258,2026-06-01 14:23:54.361520,3
1668,9,P20,yes,1,0.4412458590929873,0.4378234991142019,0.444671944737631,1513,1521,2026-06-01 14:23:54.361579,3
2757,11,P19,no,9,-1.5175073523564606,0.8133949179068393,0.8484148512107131,1799,1737,2026-06-01 14:23:54.363993,3
2758,11,P20,no,5,-0.7146940027955679,0.8484148512107131,0.8654264045343061,1799,1732,2026-06-01 14:23:54.364096,3
1669,9,P21,yes,1,-0.4412458590929873,0.444671944737631,0.4378234991142019,1512,1521,2026-06-01 14:23:54.371610,3
1670,9,P05,yes,6,-2.504857458953211,0.4378234991142019,0.3973146620215083,1506,1521,2026-06-01 14:23:54.375369,3
2298,10,P18,yes,1,-0.5791876120235884,0.5825702064623147,0.5758000536158003,1711,1700,2026-06-01 14:23:54.376461,3
957,8,P20,no,6,-2.958360102039933,0.4861146822539951,0.5277492350545132,1256,1252,2026-06-01 14:23:54.409805,3
1671,9,P05,yes,2,-0.7813783016738398,0.3973146620215083,0.3840904084564866,1504,1521,2026-06-01 14:23:54.434154,3
958,8,P04,no,1,0.4757139608448142,0.5277492350545132,0.520821285372743,1256,1253,2026-06-01 14:23:54.474305,3
370,7,P11,yes,1,0.7227851163620471,0.7199965396446176,0.7255622121589215,843,808,2026-06-01 14:23:54.480315,3
959,8,P13,yes,6,3.249279653541862,0.520821285372743,0.5621765008857981,1262,1253,2026-06-01 14:23:54.508467,3
2759,11,P14,no,16,2.6139420010529193,0.8654264045343061,0.8048153229861598,1799,1748,2026-06-01 14:23:54.508736,3
960,8,P10,yes,2,1.1379939611567806,0.5621765008857981,0.5758000536158003,1264,1253,2026-06-01 14:23:54.520774,3
371,7,P18,yes,1,0.7283162051156751,0.7255622121589215,0.7310585786300049,844,808,2026-06-01 14:23:54.527354,3
961,8,P10,yes,1,0.5791876120235884,0.5758000536158003,0.5825702064623147,1265,1253,2026-06-01 14:23:54.536532,3
962,8,P09,no,1,-0.41405752734794987,0.5825702064623147,0.5893093760914265,1265,1252,2026-06-01 14:23:54.549509,3
1672,9,P06,no,1,-0.612617003600235,0.3840904084564866,0.3906824581564393,1504,1520,2026-06-01 14:23:54.557755,3
2760,11,P14,yes,9,-7.057609671657019,0.8048153229861598,0.7625419716560975,1790,1748,2026-06-01 14:23:54.582597,3
963,8,P10,yes,1,0.5926651615213814,0.5893093760914265,0.5960151933265168,1266,1252,2026-06-01 14:23:54.582817,3
2761,11,P17,no,14,-2.8653025295072894,0.7625419716560975,0.8257146788214146,1790,1734,2026-06-01 14:23:54.587288,3
2299,10,P21,yes,10,6.091505119575686,0.5758000536158003,0.6418340450887311,1721,1700,2026-06-01 14:23:54.603828,3
1673,9,P23,yes,5,2.036846725383839,0.3906824581564393,0.4241999463841996,1509,1520,2026-06-01 14:23:54.609753,3
2762,11,P01,yes,1,0.8277013900203656,0.8257146788214146,0.8296760813561542,1791,1734,2026-06-01 14:23:54.615878,3
372,7,P18,no,15,4.685897445714772,0.7310585786300049,0.6418340450887311,844,823,2026-06-01 14:23:54.637632,3
1674,9,P05,no,1,0.5791876120235884,0.4241999463841996,0.41742979353768533,1509,1521,2026-06-01 14:23:54.640537,3
373,7,P17,no,3,-1.0459950696962323,0.6418340450887311,0.6607563687658172,844,820,2026-06-01 14:23:54.642612,3
1675,9,P04,no,1,-0.5791876120235884,0.41742979353768533,0.4241999463841996,1509,1520,2026-06-01 14:23:54.644659,3
1676,9,P19,yes,1,0.42759702799889965,0.4241999463841996,0.4309986674318095,1510,1520,2026-06-01 14:23:54.649822,3
374,7,P18,no,5,1.7751640880774175,0.6607563687658172,0.6289646649499733,844,825,2026-06-01 14:23:54.653978,3
2763,11,P22,yes,1,0.8316268084479361,0.8296760813561542,0.8335655924457414,1792,1734,2026-06-01 14:23:54.663762,3
964,8,P04,yes,1,-0.5926651615213814,0.5960151933265168,0.5893093760914265,1265,1252,2026-06-01 14:23:54.669932,3
375,7,P09,yes,7,4.55872660683292,0.6289646649499733,0.6730961777222321,851,825,2026-06-01 14:23:54.678863,3
2300,10,P02,no,13,-4.136998767192608,0.6418340450887311,0.7199965396446176,1721,1687,2026-06-01 14:23:54.688438,3
2301,10,P01,yes,6,-4.2167682913973294,0.7199965396446176,0.6852009766653157,1715,1687,2026-06-01 14:23:54.701308,3
2302,10,P21,no,1,-0.31181351241730226,0.6852009766653157,0.6911616123625146,1715,1686,2026-06-01 14:23:54.702940,3
2303,10,P05,no,14,-3.7731748293765577,0.6911616123625146,0.7675350070438758,1715,1672,2026-06-01 14:23:54.718724,3
2304,10,P19,yes,2,-1.525059490239073,0.7675350070438758,0.7574755792628283,1713,1672,2026-06-01 14:23:54.736608,3
376,7,P19,no,4,-1.2593604479535543,0.6730961777222321,0.6970592839654074,851,821,2026-06-01 14:23:54.753773,3
377,7,P20,yes,1,0.699981415300158,0.6970592839654074,0.702892745013669,852,821,2026-06-01 14:23:54.763542,3
1677,9,P23,yes,1,0.4344090108443197,0.4309986674318095,0.4378234991142019,1511,1520,2026-06-01 14:23:54.770621,3
1678,9,P19,yes,1,0.4412458590932147,0.4378234991142019,0.444671944737631,1512,1520,2026-06-01 14:23:54.789920,3
2764,11,P20,no,1,-0.16451942792923546,0.8335655924457414,0.8373836916384682,1792,1733,2026-06-01 14:23:54.822804,3
2765,11,P23,yes,1,0.8392631789167808,0.8373836916384682,0.8411308951190849,1793,1733,2026-06-01 14:23:54.827406,3
965,8,P04,yes,1,-0.5859424726520501,0.5893093760914265,0.5825702064623147,1264,1252,2026-06-01 14:23:54.834077,3
2305,10,P01,no,2,0.49535178677638214,0.7574755792628283,0.7471242672706695,1713,1674,2026-06-01 14:23:54.841629,3
2306,10,P15,no,1,0.25551174028669266,0.7471242672706695,0.7418402904888368,1713,1675,2026-06-01 14:23:54.858493,3
1679,9,P20,no,5,-2.690525512634622,0.444671944737631,0.4791787146272571,1512,1515,2026-06-01 14:23:54.938700,3
378,7,P12,yes,10,7.307668516816193,0.702892745013669,0.7574755792628283,862,821,2026-06-01 14:23:54.957141,3
2307,10,P07,no,12,3.500846988774356,0.7418402904888368,0.6730961777222321,1713,1687,2026-06-01 14:23:54.968429,3
2308,10,P09,no,1,0.32996963429854986,0.6730961777222321,0.6669548851735586,1713,1688,2026-06-01 14:23:54.972756,3
2766,11,P18,no,10,-1.4145575636623562,0.8411308951190849,0.8748396004250029,1793,1723,2026-06-01 14:23:55.013679,3
2309,10,P21,yes,1,0.6700303657009954,0.6669548851735586,0.6730961777222321,1714,1688,2026-06-01 14:23:55.038055,3
2310,10,P13,no,4,1.3571227773361443,0.6730961777222321,0.6481942198637447,1714,1692,2026-06-01 14:23:55.073661,3
1680,9,P21,no,2,1.0554949127990767,0.4791787146272571,0.46533348664659613,1512,1517,2026-06-01 14:23:55.100878,3
2311,10,P23,yes,5,-3.1607532439095394,0.6481942198637447,0.6159095915435134,1709,1692,2026-06-01 14:23:55.110423,3
2312,10,P02,yes,2,1.2449038597408162,0.6159095915435134,0.6289646649499733,1711,1692,2026-06-01 14:23:55.136513,3
2767,11,P17,no,2,0.2564888533463545,0.8748396004250029,0.8686287904691933,1793,1725,2026-06-01 14:23:55.147825,3
1681,9,P18,no,4,-2.08326376414243,0.46533348664659613,0.49305600205173933,1512,1513,2026-06-01 14:23:55.165287,3
1682,9,P18,yes,3,1.5104149925382444,0.49305600205173933,0.5138853177460049,1515,1513,2026-06-01 14:23:55.200536,3
1683,9,P04,yes,2,1.0416398979600672,0.5138853177460049,0.5277492350545132,1517,1513,2026-06-01 14:23:55.211335,3
1684,9,P21,yes,9,-4.468791126355882,0.5277492350545132,0.46533348664659613,1508,1513,2026-06-01 14:23:55.211896,3
966,8,P02,yes,3,-1.717181573180369,0.5825702064623147,0.5621765008857981,1261,1252,2026-06-01 14:23:55.233032,3
379,7,P18,no,2,0.49535178677638214,0.7574755792628283,0.7471242672706695,862,823,2026-06-01 14:23:55.348103,3
967,8,P18,yes,1,0.5655909891554529,0.5621765008857981,0.5690013325681905,1262,1252,2026-06-01 14:23:55.384127,3
2313,10,P02,yes,4,2.567202038773985,0.6289646649499733,0.6545022492518787,1715,1692,2026-06-01 14:23:55.386434,3
1685,9,P05,no,2,1.083135657794628,0.46533348664659613,0.4515414720267231,1508,1515,2026-06-01 14:23:55.389521,3
1686,9,P13,yes,5,2.3440155706011865,0.4515414720267231,0.4861146822539951,1513,1515,2026-06-01 14:23:55.401946,3
968,8,P04,no,2,0.8756548699375344,0.5690013325681905,0.555328055262369,1262,1254,2026-06-01 14:23:55.445730,3
2314,10,P20,yes,1,-0.6513526546052617,0.6545022492518787,0.6481942198637447,1714,1692,2026-06-01 14:23:55.536185,3
2315,10,P13,no,1,0.3549815974499779,0.6481942198637447,0.6418340450887311,1714,1693,2026-06-01 14:23:55.547689,3
969,8,P04,yes,1,-0.5518949420411445,0.555328055262369,0.548458527973277,1261,1254,2026-06-01 14:23:55.557190,3
380,7,P17,no,10,2.8028825328392486,0.7471242672706695,0.6911616123625146,862,833,2026-06-01 14:23:55.568375,3
2316,10,P05,no,2,-0.7036289428444888,0.6418340450887311,0.6545022492518787,1714,1691,2026-06-01 14:23:55.575074,3
970,8,P02,no,3,1.385655468561481,0.548458527973277,0.5277492350545132,1261,1257,2026-06-01 14:23:55.621327,3
2768,11,P12,no,5,-0.6185654182527287,0.8686287904691933,0.8836828560223441,1793,1720,2026-06-01 14:23:55.625904,3
2317,10,P03,no,1,0.3486473453945109,0.6545022492518787,0.6481942198637447,1714,1692,2026-06-01 14:23:55.640610,3
2769,11,P14,no,20,2.983733734376301,0.8836828560223441,0.8133949179068393,1793,1740,2026-06-01 14:23:55.642149,3
2770,11,P14,no,4,0.7809357293460835,0.8133949179068393,0.7959402230407707,1793,1744,2026-06-01 14:23:55.642150,3
2771,11,P14,yes,14,-10.667218389503432,0.7959402230407707,0.7255622121589215,1779,1744,2026-06-01 14:23:55.649894,3
971,8,P10,yes,9,5.028117660219095,0.5277492350545132,0.5893093760914265,1270,1257,2026-06-01 14:23:55.665748,3
2318,10,P20,no,2,0.7163486809329243,0.6481942198637447,0.6354235592583607,1714,1694,2026-06-01 14:23:55.678367,3
381,7,P23,yes,1,0.6941157482679046,0.6911616123625146,0.6970592839654074,863,833,2026-06-01 14:23:55.714162,3
2772,11,P22,yes,9,6.745459094559919,0.7255622121589215,0.7724543828071839,1788,1744,2026-06-01 14:23:55.732425,3
2319,10,P11,no,7,2.712257881617006,0.6354235592583607,0.5893093760914265,1714,1701,2026-06-01 14:23:55.736864,3
972,8,P09,yes,14,-7.580172550717634,0.5893093760914265,0.49305600205173933,1256,1257,2026-06-01 14:23:55.746828,3
2320,10,P01,no,11,-4.119620034796071,0.5893093760914265,0.6607563687658172,1714,1690,2026-06-01 14:23:55.783278,3
2321,10,P11,no,2,0.6910134722461407,0.6607563687658172,0.6481942198637447,1714,1692,2026-06-01 14:23:55.783599,3
973,8,P09,yes,10,5.277048504884988,0.49305600205173933,0.5621765008857981,1266,1257,2026-06-01 14:23:55.797746,3
2773,11,P19,yes,1,0.7748832883330579,0.7724543828071839,0.7772998611746911,1789,1744,2026-06-01 14:23:55.810648,3
2774,11,P03,yes,7,5.554665711604002,0.7772998611746911,0.8091419557551346,1796,1744,2026-06-01 14:23:55.817937,3
1687,9,P05,no,1,0.5173538588051088,0.4861146822539951,0.4791787146272571,1513,1516,2026-06-01 14:23:55.832602,3
1688,9,P05,no,2,1.0554949127990767,0.4791787146272571,0.46533348664659613,1513,1518,2026-06-01 14:23:55.837600,3
2775,11,P09,no,1,-0.18872543433963074,0.8091419557551346,0.8133949179068393,1796,1743,2026-06-01 14:23:55.837942,3
974,8,P04,yes,1,-0.5587541409070127,0.5621765008857981,0.555328055262369,1265,1257,2026-06-01 14:23:55.839590,3
2776,11,P19,yes,1,0.8154908016813351,0.8133949179068393,0.8175744761936437,1797,1743,2026-06-01 14:23:55.867891,3
975,8,P09,no,1,0.44810505795908284,0.555328055262369,0.548458527973277,1265,1258,2026-06-01 14:23:55.872725,3
2322,10,P22,no,1,0.3549815974499779,0.6481942198637447,0.6418340450887311,1714,1693,2026-06-01 14:23:55.890884,3
1689,9,P04,no,9,-4.531208873644118,0.46533348664659613,0.5277492350545132,1513,1509,2026-06-01 14:23:55.895968,3
1690,9,P09,no,1,-0.4687911263558817,0.5277492350545132,0.534666513353404,1513,1508,2026-06-01 14:23:55.901156,3
976,8,P03,yes,1,0.5518949420409172,0.548458527973277,0.555328055262369,1266,1258,2026-06-01 14:23:55.919404,3
1691,9,P10,yes,11,-5.4618802833090285,0.534666513353404,0.45842951678320015,1502,1508,2026-06-01 14:23:55.942159,3
2323,10,P02,no,1,-0.3549815974499779,0.6418340450887311,0.6481942198637447,1714,1692,2026-06-01 14:23:55.964215,3
382,7,P20,yes,1,0.6999814153002717,0.6970592839654074,0.702892745013669,864,833,2026-06-01 14:23:55.975222,3
383,7,P10,no,19,6.7591658998871935,0.702892745013669,0.5825702064623147,864,852,2026-06-01 14:23:55.983524,3
384,7,P07,yes,1,0.5859424726522775,0.5825702064623147,0.5893093760914265,865,852,2026-06-01 14:23:55.993494,3
385,7,P24,yes,11,6.880379965203701,0.5893093760914265,0.6607563687658172,876,852,2026-06-01 14:23:56.017689,3
2324,10,P09,yes,1,-0.6450184025502494,0.6481942198637447,0.6418340450887311,1713,1692,2026-06-01 14:23:56.069141,3
1692,9,P01,yes,4,1.8890315117050704,0.45842951678320015,0.4861146822539951,1506,1508,2026-06-01 14:23:56.093524,3
2325,10,P12,yes,1,-0.6386329165168263,0.6418340450887311,0.6354235592583607,1712,1692,2026-06-01 14:23:56.108070,3
1693,9,P09,yes,1,0.48958500746130085,0.4861146822539951,0.49305600205173933,1507,1508,2026-06-01 14:23:56.129768,3
386,7,P01,yes,5,3.380414498688765,0.6607563687658172,0.6911616123625146,881,852,2026-06-01 14:23:56.133758,3
2326,10,P05,yes,1,0.6386329165168263,0.6354235592583607,0.6418340450887311,1713,1692,2026-06-01 14:23:56.144051,3
977,8,P04,yes,10,-5.207879371439503,0.555328055262369,0.4861146822539951,1256,1258,2026-06-01 14:23:56.154746,3
387,7,P09,no,1,0.3118135124171886,0.6911616123625146,0.6852009766653157,881,853,2026-06-01 14:23:56.155021,3
388,7,P20,yes,1,0.6881864875826977,0.6852009766653157,0.6911616123625146,882,853,2026-06-01 14:23:56.175804,3
2777,11,P13,yes,4,3.302665841523549,0.8175744761936437,0.8335655924457414,1801,1743,2026-06-01 14:23:56.192034,3
978,8,P13,no,1,-0.5104149925384718,0.4861146822539951,0.49305600205173933,1256,1257,2026-06-01 14:23:56.237780,3
979,8,P19,yes,1,0.4965278894048879,0.49305600205173933,0.5,1257,1257,2026-06-01 14:23:56.259691,3
1694,9,P05,yes,1,-0.48958500746130085,0.49305600205173933,0.4861146822539951,1506,1508,2026-06-01 14:23:56.263300,3
2327,10,P22,no,4,1.48426515864071,0.6418340450887311,0.6159095915435134,1713,1696,2026-06-01 14:23:56.291004,3
1695,9,P09,no,1,-0.5104149925384718,0.4861146822539951,0.49305600205173933,1506,1507,2026-06-01 14:23:56.309293,3
980,8,P20,yes,7,3.6698715325323974,0.5,0.548458527973277,1264,1257,2026-06-01 14:23:56.317284,3
2328,10,P02,yes,1,0.6191880754727208,0.6159095915435134,0.6224593312018546,1714,1696,2026-06-01 14:23:56.318652,3
1696,9,P09,yes,1,0.4965278894048879,0.49305600205173933,0.5,1507,1507,2026-06-01 14:23:56.320995,3
1697,9,P04,yes,1,0.5034721105948847,0.5,0.5069439979482607,1508,1507,2026-06-01 14:23:56.325886,3
389,7,P10,no,20,7.436081490275001,0.6911616123625146,0.5621765008857981,882,873,2026-06-01 14:23:56.340236,3
390,7,P10,no,1,0.441245859093101,0.5621765008857981,0.555328055262369,882,874,2026-06-01 14:23:56.340237,3
391,7,P05,yes,1,0.5587541409070127,0.555328055262369,0.5621765008857981,883,874,2026-06-01 14:23:56.349187,3
981,8,P11,yes,4,2.248643044104483,0.548458527973277,0.5758000536158003,1268,1257,2026-06-01 14:23:56.393775,3
982,8,P04,no,14,6.612726385301812,0.5758000536158003,0.4791787146272571,1268,1271,2026-06-01 14:23:56.408269,3
1698,9,P05,no,1,0.4965278894046605,0.5069439979482607,0.5,1508,1508,2026-06-01 14:23:56.411778,3
2778,11,P13,yes,1,0.8354805720707645,0.8335655924457414,0.8373836916384682,1802,1743,2026-06-01 14:23:56.427953,3
392,7,P18,no,6,2.7507203464582517,0.5621765008857981,0.520821285372743,883,880,2026-06-01 14:23:56.430004,3
983,8,P04,yes,5,-2.309474487365378,0.4791787146272571,0.444671944737631,1263,1271,2026-06-01 14:23:56.439019,3
984,8,P16,yes,1,0.44810505795908284,0.444671944737631,0.4515414720267231,1264,1271,2026-06-01 14:23:56.498591,3
393,7,P07,yes,11,6.145068860895776,0.520821285372743,0.5960151933265168,894,880,2026-06-01 14:23:56.510242,3
394,7,P08,yes,8,4.978728275928461,0.5960151933265168,0.6481942198637447,902,880,2026-06-01 14:23:56.520718,3
985,8,P11,yes,3,1.385655468561481,0.4515414720267231,0.47225076494548685,1267,1271,2026-06-01 14:23:56.521706,3
986,8,P02,no,1,0.5312088736441183,0.47225076494548685,0.46533348664659613,1267,1272,2026-06-01 14:23:56.540342,3
2779,11,P14,no,20,4.105830671550848,0.8373836916384682,0.7471242672706695,1802,1763,2026-06-01 14:23:56.552744,3
2780,11,P14,no,2,0.5163432427395946,0.7471242672706695,0.736484844941675,1802,1765,2026-06-01 14:23:56.552745,3
2781,11,P23,yes,1,0.739168497547098,0.736484844941675,0.7418402904888368,1803,1765,2026-06-01 14:23:56.568370,3
987,8,P11,no,1,-0.5312088736441183,0.46533348664659613,0.47225076494548685,1267,1271,2026-06-01 14:23:56.584469,3
1699,9,P18,yes,6,3.124855591428968,0.5,0.5415704832167999,1514,1508,2026-06-01 14:23:56.646783,3
1700,9,P11,yes,8,-4.11096848829493,0.5415704832167999,0.4861146822539951,1506,1508,2026-06-01 14:23:56.657920,3
1701,9,P21,yes,17,-7.274698388539946,0.4861146822539951,0.3710353350500268,1489,1508,2026-06-01 14:23:56.687576,3
2329,10,P02,no,6,-2.149448303809322,0.6224593312018546,0.6607563687658172,1714,1690,2026-06-01 14:23:56.689665,3
1702,9,P07,yes,12,4.930682817938305,0.3710353350500268,0.4515414720267231,1501,1508,2026-06-01 14:23:56.693355,3
988,8,P10,no,4,-2.0555270010938784,0.47225076494548685,0.5,1267,1267,2026-06-01 14:23:56.694687,3
2330,10,P13,no,1,0.3423661268516298,0.6607563687658172,0.6545022492518787,1714,1691,2026-06-01 14:23:56.715759,3
989,8,P02,no,1,0.5034721105953395,0.5,0.49305600205173933,1267,1268,2026-06-01 14:23:56.723171,3
1703,9,P22,no,5,-2.655984429398586,0.4515414720267231,0.4861146822539951,1501,1503,2026-06-01 14:23:56.726383,3
2331,10,P22,no,1,0.3486473453945109,0.6545022492518787,0.6481942198637447,1714,1692,2026-06-01 14:23:56.729530,3
2782,11,P03,yes,8,6.098771838312587,0.7418402904888368,0.7820712676154848,1811,1765,2026-06-01 14:23:56.732434,3
990,8,P11,yes,4,2.027768851343353,0.49305600205173933,0.520821285372743,1271,1268,2026-06-01 14:23:56.740479,3
395,7,P12,yes,5,3.3190196212154888,0.6481942198637447,0.679178699175393,907,880,2026-06-01 14:23:56.741638,3
396,7,P07,yes,1,-0.6761423985514057,0.679178699175393,0.6730961777222321,906,880,2026-06-01 14:23:56.743167,3
1704,9,P09,no,1,-0.5104149925382444,0.4861146822539951,0.49305600205173933,1501,1502,2026-06-01 14:23:56.748254,3
397,7,P06,no,1,0.32996963429866355,0.6730961777222321,0.6669548851735586,906,881,2026-06-01 14:23:56.749455,3
991,8,P02,yes,11,-5.309474487365378,0.520821285372743,0.444671944737631,1260,1268,2026-06-01 14:23:56.757889,3
398,7,P03,yes,5,3.4106699177476685,0.6669548851735586,0.6970592839654074,911,881,2026-06-01 14:23:56.774882,3
992,8,P10,yes,3,1.3649694001644548,0.444671944737631,0.46533348664659613,1263,1268,2026-06-01 14:23:56.786987,3
399,7,P24,no,3,0.9355028465051873,0.6970592839654074,0.679178699175393,911,884,2026-06-01 14:23:56.817343,3
400,7,P11,yes,6,4.1817780594938085,0.679178699175393,0.7143624294910559,917,884,2026-06-01 14:23:56.823154,3
401,7,P08,no,6,1.8182219405060778,0.7143624294910559,0.679178699175393,917,890,2026-06-01 14:23:56.841721,3
402,7,P20,yes,1,0.6821949176442104,0.679178699175393,0.6852009766653157,918,890,2026-06-01 14:23:56.856290,3
403,7,P11,yes,1,0.6881864875826977,0.6852009766653157,0.6911616123625146,919,890,2026-06-01 14:23:56.869548,3
993,8,P01,yes,1,0.4687911263558817,0.46533348664659613,0.47225076494548685,1264,1268,2026-06-01 14:23:56.879231,3
994,8,P02,yes,1,-0.4687911263558817,0.47225076494548685,0.46533348664659613,1263,1268,2026-06-01 14:23:56.885704,3
2783,11,P14,no,2,0.4454249689770222,0.7820712676154848,0.7724543828071839,1811,1767,2026-06-01 14:23:56.888231,3
995,8,P10,yes,3,1.4271512283958145,0.46533348664659613,0.4861146822539951,1266,1268,2026-06-01 14:23:56.919030,3
2784,11,P20,yes,1,0.7748832883330579,0.7724543828071839,0.7772998611746911,1812,1767,2026-06-01 14:23:56.956859,3
2332,10,P02,yes,3,1.972846856962633,0.6481942198637447,0.6669548851735586,1717,1692,2026-06-01 14:23:57.010609,3
1705,9,P04,yes,1,0.4965278894046605,0.49305600205173933,0.5,1502,1502,2026-06-01 14:23:57.012338,3
2785,11,P14,yes,4,-3.069943622685969,0.7772998611746911,0.7574755792628283,1808,1767,2026-06-01 14:23:57.024163,3
996,8,P13,yes,7,3.572848771604413,0.4861146822539951,0.534666513353404,1273,1268,2026-06-01 14:23:57.028029,3
2786,11,P14,no,5,1.2779174449083257,0.7574755792628283,0.7310585786300049,1808,1772,2026-06-01 14:23:57.029336,3
2333,10,P12,no,2,0.6785057976426287,0.6669548851735586,0.6545022492518787,1717,1694,2026-06-01 14:23:57.033312,3
1706,9,P18,no,1,0.5034721105953395,0.5,0.49305600205173933,1502,1503,2026-06-01 14:23:57.040797,3
2787,11,P14,no,9,2.6499354694806243,0.7310585786300049,0.679178699175393,1808,1781,2026-06-01 14:23:57.043423,3
2788,11,P22,no,1,-0.317805082356017,0.679178699175393,0.6852009766653157,1808,1780,2026-06-01 14:23:57.048880,3
1707,9,P21,no,3,1.552054890498539,0.49305600205173933,0.47225076494548685,1502,1506,2026-06-01 14:23:57.086124,3
2789,11,P13,yes,1,0.6881864875826977,0.6852009766653157,0.6911616123625146,1809,1780,2026-06-01 14:23:57.098163,3
2790,11,P14,yes,2,-1.3703814052266807,0.6911616123625146,0.679178699175393,1807,1780,2026-06-01 14:23:57.113480,3
997,8,P02,no,9,4.468791126355654,0.534666513353404,0.47225076494548685,1273,1277,2026-06-01 14:23:57.120741,3
2334,10,P11,no,1,0.3486473453945109,0.6545022492518787,0.6481942198637447,1717,1695,2026-06-01 14:23:57.141525,3
998,8,P11,yes,7,3.4757139608450416,0.47225076494548685,0.520821285372743,1280,1277,2026-06-01 14:23:57.173031,3
999,8,P04,no,4,1.9722311486566468,0.520821285372743,0.49305600205173933,1280,1281,2026-06-01 14:23:57.184150,3
1000,8,P02,no,3,1.5520548904983116,0.49305600205173933,0.47225076494548685,1280,1284,2026-06-01 14:23:57.225731,3
2791,11,P11,no,7,-2.10103679095846,0.679178699175393,0.7199965396446176,1807,1773,2026-06-01 14:23:57.245428,3
1001,8,P10,no,1,-0.5242860391551858,0.47225076494548685,0.4791787146272571,1280,1283,2026-06-01 14:23:57.275866,3
1002,8,P04,yes,1,-0.4757139608448142,0.4791787146272571,0.47225076494548685,1279,1283,2026-06-01 14:23:57.276773,3
2335,10,P12,yes,10,-6.157335910101892,0.6481942198637447,0.5825702064623147,1707,1695,2026-06-01 14:23:57.280295,3
2792,11,P19,no,13,-3.1927546944764345,0.7199965396446176,0.7867684891624728,1807,1760,2026-06-01 14:23:57.284271,3
1003,8,P02,no,3,1.614344531438519,0.47225076494548685,0.4515414720267231,1279,1286,2026-06-01 14:23:57.288115,3
1004,8,P22,yes,12,5.916864342205827,0.4515414720267231,0.534666513353404,1291,1286,2026-06-01 14:23:57.295343,3
1708,9,P18,yes,1,0.4757139608448142,0.47225076494548685,0.4791787146272571,1503,1506,2026-06-01 14:23:57.328358,3
1709,9,P05,yes,10,-4.447596300625946,0.4791787146272571,0.41069062390857347,1493,1506,2026-06-01 14:23:57.334553,3
1710,9,P23,yes,6,2.586226871219651,0.41069062390857347,0.4515414720267231,1499,1506,2026-06-01 14:23:57.359299,3
2336,10,P05,yes,1,0.5859424726522775,0.5825702064623147,0.5893093760914265,1708,1695,2026-06-01 14:23:57.414898,3
2337,10,P02,no,10,-3.777253907944896,0.5893093760914265,0.6545022492518787,1708,1685,2026-06-01 14:23:57.446831,3
1005,8,P02,no,1,0.4687911263558817,0.534666513353404,0.5277492350545132,1291,1287,2026-06-01 14:23:57.466047,3
1711,9,P05,yes,1,-0.44810505795908284,0.4515414720267231,0.444671944737631,1498,1506,2026-06-01 14:23:57.475716,3
1006,8,P09,yes,2,1.0693285903348624,0.5277492350545132,0.5415704832167999,1293,1287,2026-06-01 14:23:57.490407,3
2338,10,P05,no,12,-3.710584707985845,0.6545022492518787,0.7255622121589215,1708,1673,2026-06-01 14:23:57.507140,3
2339,10,P17,no,20,6.679857111144884,0.7255622121589215,0.6026853379784917,1708,1693,2026-06-01 14:23:57.521470,3
2793,11,P12,no,10,-1.9116476942469944,0.7867684891624728,0.8296760813561542,1807,1750,2026-06-01 14:23:57.522773,3
1007,8,P02,no,14,7.096910883144346,0.5415704832167999,0.444671944737631,1293,1301,2026-06-01 14:23:57.531963,3
2794,11,P07,no,10,1.9116476942469944,0.8296760813561542,0.7867684891624728,1807,1760,2026-06-01 14:23:57.535268,3
1008,8,P12,yes,1,0.44810505795908284,0.444671944737631,0.4515414720267231,1294,1301,2026-06-01 14:23:57.544702,3
2795,11,P14,no,2,0.43588219373168613,0.7867684891624728,0.7772998611746911,1807,1762,2026-06-01 14:23:57.546612,3
1712,9,P01,yes,7,3.281705636022025,0.444671944737631,0.49305600205173933,1505,1506,2026-06-01 14:23:57.556958,3
1009,8,P02,yes,14,-5.659851836319376,0.4515414720267231,0.358165954911269,1280,1301,2026-06-01 14:23:57.578027,3
2796,11,P01,yes,1,0.7796917426901473,0.7772998611746911,0.7820712676154848,1808,1762,2026-06-01 14:23:57.635052,3
1010,8,P06,yes,9,3.4876824924479024,0.358165954911269,0.41742979353768533,1289,1301,2026-06-01 14:23:57.636882,3
404,7,P23,yes,8,5.713460709900232,0.6911616123625146,0.736484844941675,927,890,2026-06-01 14:23:57.638387,3
1011,8,P20,no,1,-0.5791876120235884,0.41742979353768533,0.4241999463841996,1289,1300,2026-06-01 14:23:57.641801,3
1012,8,P17,yes,5,2.2063410147918603,0.4241999463841996,0.45842951678320015,1294,1300,2026-06-01 14:23:57.701675,3
1013,8,P19,yes,14,7.096910883144346,0.45842951678320015,0.555328055262369,1308,1300,2026-06-01 14:23:57.722521,3
2797,11,P09,no,2,0.4454249689770222,0.7820712676154848,0.7724543828071839,1808,1764,2026-06-01 14:23:57.754745,3
1713,9,P09,yes,1,-0.4895850074617556,0.49305600205173933,0.4861146822539951,1504,1506,2026-06-01 14:23:57.764421,3
2798,11,P09,yes,10,-7.468244210922421,0.7724543828071839,0.7199965396446176,1798,1764,2026-06-01 14:23:57.790813,3
2340,10,P05,yes,8,5.030727596840961,0.6026853379784917,0.6545022492518787,1716,1693,2026-06-01 14:23:57.823022,3
405,7,P18,yes,5,3.7483198446778943,0.736484844941675,0.7625419716560975,932,890,2026-06-01 14:23:57.824369,3
2341,10,P09,no,1,0.3486473453945109,0.6545022492518787,0.6481942198637447,1716,1694,2026-06-01 14:23:57.837839,3
2342,10,P11,no,1,0.3549815974502053,0.6481942198637447,0.6418340450887311,1716,1695,2026-06-01 14:23:57.857367,3
406,7,P10,no,1,0.23998512580624265,0.7625419716560975,0.7574755792628283,932,891,2026-06-01 14:23:57.859104,3
1014,8,P02,no,1,0.44810505795908284,0.555328055262369,0.548458527973277,1308,1301,2026-06-01 14:23:57.861511,3
407,7,P18,yes,1,0.760014874193871,0.7574755792628283,0.7625419716560975,933,891,2026-06-01 14:23:57.876211,3
2343,10,P18,no,1,0.3613670834829463,0.6418340450887311,0.6354235592583607,1716,1696,2026-06-01 14:23:57.891218,3
2799,11,P11,no,2,-0.5488986785221641,0.7199965396446176,0.7310585786300049,1798,1762,2026-06-01 14:23:57.898854,3
2800,11,P01,yes,2,1.4729460821549765,0.7310585786300049,0.7418402904888368,1800,1762,2026-06-01 14:23:57.924441,3
1015,8,P02,no,8,3.833600578062942,0.548458527973277,0.49305600205173933,1308,1309,2026-06-01 14:23:57.928464,3
2344,10,P05,no,1,-0.3613670834829463,0.6354235592583607,0.6418340450887311,1716,1695,2026-06-01 14:23:57.930838,3
1016,8,P19,yes,9,4.718294363977975,0.49305600205173933,0.555328055262369,1317,1309,2026-06-01 14:23:57.945571,3
2345,10,P02,yes,5,3.287895625214105,0.6418340450887311,0.6730961777222321,1721,1695,2026-06-01 14:23:57.965199,3
2346,10,P12,no,1,0.32996963429854986,0.6730961777222321,0.6669548851735586,1721,1696,2026-06-01 14:23:57.985278,3
408,7,P20,no,1,0.23998512580624265,0.7625419716560975,0.7574755792628283,933,892,2026-06-01 14:23:58.009439,3
2801,11,P17,yes,11,8.465956102232894,0.7418402904888368,0.7959402230407707,1811,1762,2026-06-01 14:23:58.022579,3
409,7,P12,yes,1,-0.7549119542420613,0.7574755792628283,0.7523361988609284,932,892,2026-06-01 14:23:58.031892,3
2802,11,P09,no,1,0.20632796774816597,0.7959402230407707,0.791391472673955,1811,1763,2026-06-01 14:23:58.033769,3
2347,10,P11,no,13,4.86981723293502,0.6669548851735586,0.5825702064623147,1721,1709,2026-06-01 14:23:58.049456,3
1017,8,P10,yes,1,0.5587541409070127,0.555328055262369,0.5621765008857981,1318,1309,2026-06-01 14:23:58.062917,3
2348,10,P02,yes,1,0.5859424726522775,0.5825702064623147,0.5893093760914265,1722,1709,2026-06-01 14:23:58.066319,3
410,7,P01,no,8,2.1530257176311807,0.7523361988609284,0.7086608250294356,932,900,2026-06-01 14:23:58.095656,3
1714,9,P04,yes,7,3.5728487716041855,0.4861146822539951,0.534666513353404,1511,1506,2026-06-01 14:23:58.148630,3
1018,8,P06,no,5,2.275006385613551,0.5621765008857981,0.5277492350545132,1318,1314,2026-06-01 14:23:58.156641,3
411,7,P09,yes,2,1.4287023600412567,0.7086608250294356,0.7199965396446176,934,900,2026-06-01 14:23:58.203133,3
1019,8,P04,no,1,0.4757139608448142,0.5277492350545132,0.520821285372743,1318,1315,2026-06-01 14:23:58.219813,3
412,7,P09,yes,1,0.7227851163621608,0.7199965396446176,0.7255622121589215,935,900,2026-06-01 14:23:58.229428,3
2803,11,P13,no,6,-1.1717728954129143,0.791391472673955,0.8175744761936437,1811,1757,2026-06-01 14:23:58.235070,3
1020,8,P02,no,1,0.4826461411951186,0.520821285372743,0.5138853177460049,1318,1316,2026-06-01 14:23:58.264343,3
2349,10,P18,no,1,0.4140575273477225,0.5893093760914265,0.5825702064623147,1722,1710,2026-06-01 14:23:58.289106,3
1715,9,P21,no,1,0.4687911263558817,0.534666513353404,0.5277492350545132,1511,1507,2026-06-01 14:23:58.296243,3
1716,9,P18,no,13,-5.5612421462403745,0.5277492350545132,0.6159095915435134,1511,1494,2026-06-01 14:23:58.315562,3
1717,9,P24,no,3,1.1820249679808512,0.6159095915435134,0.5960151933265168,1511,1497,2026-06-01 14:23:58.317078,3
1718,9,P21,yes,19,-10.089573948096131,0.5960151933265168,0.46533348664659613,1492,1497,2026-06-01 14:23:58.326442,3
2350,10,P09,no,1,-0.4140575273477225,0.5825702064623147,0.5893093760914265,1722,1709,2026-06-01 14:23:58.354347,3
2804,11,P14,yes,12,-9.491359827437464,0.8175744761936437,0.7625419716560975,1799,1757,2026-06-01 14:23:58.370118,3
2805,11,P11,yes,1,0.7650446160455431,0.7625419716560975,0.7675350070438758,1800,1757,2026-06-01 14:23:58.399606,3
2806,11,P13,yes,1,0.7700008441133832,0.7675350070438758,0.7724543828071839,1801,1757,2026-06-01 14:23:58.435095,3
1719,9,P04,no,9,-4.531208873644346,0.46533348664659613,0.5277492350545132,1492,1488,2026-06-01 14:23:58.455419,3
2351,10,P01,no,1,-0.40733483847839125,0.5893093760914265,0.5960151933265168,1722,1708,2026-06-01 14:23:58.455981,3
1720,9,P18,no,2,0.9583601020399328,0.5277492350545132,0.5138853177460049,1492,1490,2026-06-01 14:23:58.464691,3
3234,12,P08,no,6,3.124855591428915,0.5,0.45842951678320015,0,6,2026-06-01 14:23:58.488219,4
1721,9,P04,yes,1,0.5173538588048814,0.5138853177460049,0.520821285372743,1493,1490,2026-06-01 14:23:58.505098,3
2352,10,P09,no,1,0.40733483847839125,0.5960151933265168,0.5893093760914265,1722,1709,2026-06-01 14:23:58.518785,3
2353,10,P05,yes,3,1.7980231899400678,0.5893093760914265,0.6093175418435606,1725,1709,2026-06-01 14:23:58.570430,3
1722,9,P19,no,1,0.4826461411951186,0.520821285372743,0.5138853177460049,1493,1491,2026-06-01 14:23:58.578613,3
3235,12,P10,yes,7,3.3786165191663855,0.45842951678320015,0.5069439979482607,7,6,2026-06-01 14:23:58.585162,4
1723,9,P23,no,1,0.4895850074617556,0.5138853177460049,0.5069439979482607,1493,1492,2026-06-01 14:23:58.603631,3
1021,8,P10,no,1,-0.4826461411951186,0.5138853177460049,0.520821285372743,1318,1315,2026-06-01 14:23:58.613832,3
1724,9,P21,no,1,0.4965278894046605,0.5069439979482607,0.5,1493,1493,2026-06-01 14:23:58.619440,3
1725,9,P05,no,1,0.5034721105953395,0.5,0.49305600205173933,1493,1494,2026-06-01 14:23:58.623997,3
1022,8,P04,yes,1,-0.5173538588051088,0.520821285372743,0.5138853177460049,1317,1315,2026-06-01 14:23:58.632551,3
1023,8,P10,yes,1,0.5173538588051088,0.5138853177460049,0.520821285372743,1318,1315,2026-06-01 14:23:58.632727,3
3236,12,P09,no,12,6.415042466041577,0.5069439979482607,0.4241999463841996,7,18,2026-06-01 14:23:58.671068,4
3237,12,P22,yes,10,4.584957533958423,0.4241999463841996,0.49305600205173933,17,18,2026-06-01 14:23:58.672983,4
2807,11,P14,no,20,5.622759486574296,0.7724543828071839,0.6607563687658172,1801,1777,2026-06-01 14:23:58.686283,3
2808,11,P14,no,6,2.149448303809095,0.6607563687658172,0.6224593312018546,1801,1783,2026-06-01 14:23:58.686284,3
3238,12,P08,no,1,0.5104149925384789,0.49305600205173933,0.4861146822539951,17,19,2026-06-01 14:23:58.691843,4
413,7,P18,yes,11,-7.631781418865785,0.7255622121589215,0.6607563687658172,924,900,2026-06-01 14:23:58.695105,3
1024,8,P18,no,1,-0.4757139608448142,0.520821285372743,0.5277492350545132,1318,1314,2026-06-01 14:23:58.714387,3
1025,8,P04,no,1,0.4757139608448142,0.5277492350545132,0.520821285372743,1318,1315,2026-06-01 14:23:58.721941,3
414,7,P08,yes,1,0.6638603292091148,0.6607563687658172,0.6669548851735586,925,900,2026-06-01 14:23:58.754174,3
1026,8,P18,no,7,3.5242860391549584,0.520821285372743,0.47225076494548685,1318,1322,2026-06-01 14:23:58.763874,3
415,7,P01,yes,5,3.410669917747555,0.6669548851735586,0.6970592839654074,930,900,2026-06-01 14:23:58.787304,3
1027,8,P12,yes,7,3.4757139608450416,0.47225076494548685,0.520821285372743,1325,1322,2026-06-01 14:23:58.799167,3
2809,11,P15,yes,1,0.6257157842683227,0.6224593312018546,0.6289646649499733,1802,1783,2026-06-01 14:23:58.805536,3
2810,11,P19,yes,4,2.567202038773985,0.6289646649499733,0.6545022492518787,1806,1783,2026-06-01 14:23:58.830212,3
2811,11,P11,no,12,-3.710584707985845,0.6545022492518787,0.7255622121589215,1806,1771,2026-06-01 14:23:58.849901,3
2812,11,P01,yes,1,0.7283162051155614,0.7255622121589215,0.7310585786300049,1807,1771,2026-06-01 14:23:58.880201,3
2813,11,P09,yes,1,0.7337775846076511,0.7310585786300049,0.736484844941675,1808,1771,2026-06-01 14:23:58.897342,3
2814,11,P14,no,14,4.24849091826286,0.736484844941675,0.6545022492518787,1808,1785,2026-06-01 14:23:58.932057,3
2815,11,P06,yes,1,0.6576338731481428,0.6545022492518787,0.6607563687658172,1809,1785,2026-06-01 14:23:58.947485,3
2354,10,P05,no,4,-1.510281071557074,0.6093175418435606,0.6354235592583607,1725,1705,2026-06-01 14:23:58.947831,3
2816,11,P13,no,1,-0.33613967079099893,0.6607563687658172,0.6669548851735586,1809,1784,2026-06-01 14:23:58.961962,3
1028,8,P09,yes,2,1.055494912799304,0.520821285372743,0.534666513353404,1327,1322,2026-06-01 14:23:58.974944,3
1726,9,P09,no,2,1.0277688513433532,0.49305600205173933,0.4791787146272571,1493,1496,2026-06-01 14:23:58.981317,3
2817,11,P01,no,6,-1.8893486669519461,0.6669548851735586,0.702892745013669,1809,1778,2026-06-01 14:23:58.990598,3
2818,11,P03,yes,1,0.7057822802053124,0.702892745013669,0.7086608250294356,1810,1778,2026-06-01 14:23:59.002737,3
2819,11,P03,no,7,-1.9027619766127373,0.7086608250294356,0.7471242672706695,1810,1771,2026-06-01 14:23:59.016100,3
2820,11,P22,yes,1,0.7497362589815566,0.7471242672706695,0.7523361988609284,1811,1771,2026-06-01 14:23:59.022654,3
2355,10,P09,yes,1,-0.6321980651018748,0.6354235592583607,0.6289646649499733,1724,1705,2026-06-01 14:23:59.074826,3
1727,9,P21,no,19,11.123797136824123,0.4791787146272571,0.3518057801362553,1493,1515,2026-06-01 14:23:59.076159,3
1728,9,P24,yes,1,0.35498159744975055,0.3518057801362553,0.358165954911269,1494,1515,2026-06-01 14:23:59.078108,3
1029,8,P18,no,3,1.4271512283958145,0.534666513353404,0.5138853177460049,1327,1325,2026-06-01 14:23:59.083706,3
1729,9,P18,yes,2,0.7291690183815263,0.358165954911269,0.3710353350500268,1496,1515,2026-06-01 14:23:59.087240,3
1730,9,P11,no,12,-7.069317182061923,0.3710353350500268,0.4515414720267231,1496,1503,2026-06-01 14:23:59.087568,3
1030,8,P02,yes,3,-1.5104149925384718,0.5138853177460049,0.49305600205173933,1324,1325,2026-06-01 14:23:59.111538,3
2356,10,P05,no,2,0.7550961402594112,0.6289646649499733,0.6159095915435134,1724,1707,2026-06-01 14:23:59.188866,3
1031,8,P22,yes,1,0.4965278894046605,0.49305600205173933,0.5,1325,1325,2026-06-01 14:23:59.195948,3
2821,11,P14,no,20,6.080093928348106,0.7523361988609284,0.6354235592583607,1811,1791,2026-06-01 14:23:59.222318,3
2822,11,P14,no,1,0.36780193489835256,0.6354235592583607,0.6289646649499733,1811,1792,2026-06-01 14:23:59.222319,3
2823,11,P02,yes,1,0.6321980651016474,0.6289646649499733,0.6354235592583607,1812,1792,2026-06-01 14:23:59.223664,3
1731,9,P09,yes,1,-0.44810505795885547,0.4515414720267231,0.444671944737631,1495,1503,2026-06-01 14:23:59.233112,3
2357,10,P02,no,8,-2.8663998991278277,0.6159095915435134,0.6669548851735586,1724,1699,2026-06-01 14:23:59.265803,3
1032,8,P18,yes,10,-4.65388839536422,0.5,0.4309986674318095,1315,1325,2026-06-01 14:23:59.267575,3
1033,8,P10,no,12,-6.332224501502196,0.4309986674318095,0.5138853177460049,1315,1313,2026-06-01 14:23:59.271883,3
1732,9,P20,no,12,-6.1662394734796635,0.444671944737631,0.5277492350545132,1495,1491,2026-06-01 14:23:59.297383,3
2824,11,P11,yes,1,0.6386329165170537,0.6354235592583607,0.6418340450887311,1813,1792,2026-06-01 14:23:59.299836,3
2825,11,P11,yes,1,0.6450184025497947,0.6418340450887311,0.6481942198637447,1814,1792,2026-06-01 14:23:59.301567,3
2826,11,P14,yes,1,-0.6450184025497947,0.6481942198637447,0.6418340450887311,1813,1792,2026-06-01 14:23:59.304759,3
2358,10,P11,no,3,1.0271531430371397,0.6669548851735586,0.6481942198637447,1724,1702,2026-06-01 14:23:59.309934,3
1733,9,P21,yes,10,-4.93067140966491,0.5277492350545132,0.45842951678320015,1485,1491,2026-06-01 14:23:59.329270,3
1734,9,P13,no,1,-0.5381197166909715,0.45842951678320015,0.46533348664659613,1485,1490,2026-06-01 14:23:59.330031,3
416,7,P09,yes,1,0.699981415300158,0.6970592839654074,0.702892745013669,931,900,2026-06-01 14:23:59.349703,3
1034,8,P18,yes,9,-4.344015570601414,0.5138853177460049,0.4515414720267231,1306,1313,2026-06-01 14:23:59.368569,3
1035,8,P01,yes,1,0.4549840588965708,0.4515414720267231,0.45842951678320015,1307,1313,2026-06-01 14:23:59.387710,3
1036,8,P02,no,1,0.5450159411034292,0.45842951678320015,0.4515414720267231,1307,1314,2026-06-01 14:23:59.388367,3
2359,10,P02,yes,1,0.6513526546054891,0.6481942198637447,0.6545022492518787,1725,1702,2026-06-01 14:23:59.390528,3
2360,10,P20,no,1,0.3486473453945109,0.6545022492518787,0.6481942198637447,1725,1703,2026-06-01 14:23:59.414572,3
2361,10,P13,yes,1,-0.6450184025497947,0.6481942198637447,0.6418340450887311,1724,1703,2026-06-01 14:23:59.429886,3
2827,11,P23,yes,1,0.6450184025497947,0.6418340450887311,0.6481942198637447,1814,1792,2026-06-01 14:23:59.446546,3
2362,10,P05,yes,1,0.6450184025497947,0.6418340450887311,0.6481942198637447,1725,1703,2026-06-01 14:23:59.456283,3
1735,9,P05,no,1,0.5381197166909715,0.46533348664659613,0.45842951678320015,1485,1491,2026-06-01 14:23:59.457161,3
1037,8,P04,yes,1,-0.44810505795885547,0.4515414720267231,0.444671944737631,1306,1314,2026-06-01 14:23:59.475310,3
2363,10,P23,no,1,0.3549815974502053,0.6481942198637447,0.6418340450887311,1725,1704,2026-06-01 14:23:59.489570,3
1038,8,P12,yes,13,6.364969400164455,0.444671944737631,0.534666513353404,1319,1314,2026-06-01 14:23:59.496155,3
2828,11,P20,no,2,-0.6910134722461407,0.6481942198637447,0.6607563687658172,1814,1790,2026-06-01 14:23:59.501731,3
2829,11,P03,yes,9,6.191811152955552,0.6607563687658172,0.7143624294910559,1823,1790,2026-06-01 14:23:59.511089,3
1039,8,P02,no,1,0.4687911263558817,0.534666513353404,0.5277492350545132,1319,1315,2026-06-01 14:23:59.552182,3
2830,11,P23,yes,4,2.902064055633673,0.7143624294910559,0.736484844941675,1827,1790,2026-06-01 14:23:59.561512,3
2364,10,P05,no,8,-2.6655805710074674,0.6418340450887311,0.6911616123625146,1725,1696,2026-06-01 14:23:59.566461,3
2365,10,P09,no,1,-0.30588425173209544,0.6911616123625146,0.6970592839654074,1725,1695,2026-06-01 14:23:59.617955,3
2366,10,P19,no,1,0.30588425173209544,0.6970592839654074,0.6911616123625146,1725,1696,2026-06-01 14:23:59.650575,3
2367,10,P22,yes,1,-0.6881864875826977,0.6911616123625146,0.6852009766653157,1724,1696,2026-06-01 14:23:59.730958,3
1736,9,P01,yes,9,4.4063853705097245,0.45842951678320015,0.520821285372743,1494,1491,2026-06-01 14:23:59.759568,3
1737,9,P04,yes,6,3.2492796535416346,0.520821285372743,0.5621765008857981,1500,1491,2026-06-01 14:23:59.798628,3
2831,11,P23,yes,4,2.988304970484023,0.736484844941675,0.7574755792628283,1831,1790,2026-06-01 14:23:59.813718,3
1738,9,P05,no,1,0.4412458590929873,0.5621765008857981,0.555328055262369,1500,1492,2026-06-01 14:23:59.821810,3
1040,8,P18,yes,2,1.0693285903350898,0.5277492350545132,0.5415704832167999,1321,1315,2026-06-01 14:23:59.833872,3
1739,9,P12,no,1,0.44810505795908284,0.555328055262369,0.548458527973277,1500,1493,2026-06-01 14:23:59.839363,3
2368,10,P13,no,1,0.31780508235556226,0.6852009766653157,0.679178699175393,1724,1697,2026-06-01 14:23:59.856777,3
2369,10,P18,yes,19,-11.752291245404876,0.679178699175393,0.555328055262369,1705,1697,2026-06-01 14:23:59.871597,3
1740,9,P11,no,1,0.4549840588965708,0.548458527973277,0.5415704832167999,1500,1494,2026-06-01 14:23:59.902021,3
2370,10,P23,yes,1,0.5587541409067853,0.555328055262369,0.5621765008857981,1706,1697,2026-06-01 14:23:59.914331,3
2371,10,P18,yes,2,1.1379939611567806,0.5621765008857981,0.5758000536158003,1708,1697,2026-06-01 14:23:59.932453,3
1741,9,P01,yes,7,-3.6213834808334013,0.5415704832167999,0.49305600205173933,1493,1494,2026-06-01 14:23:59.946686,3
417,7,P02,yes,6,-4.110651333047713,0.702892745013669,0.6669548851735586,925,900,2026-06-01 14:23:59.950033,3
2372,10,P09,yes,1,0.5791876120235884,0.5758000536158003,0.5825702064623147,1709,1697,2026-06-01 14:23:59.952478,3
2373,10,P21,no,8,-3.1263154089647287,0.5825702064623147,0.6354235592583607,1709,1689,2026-06-01 14:23:59.980218,3
418,7,P02,yes,1,0.6700303657012228,0.6669548851735586,0.6730961777222321,926,900,2026-06-01 14:23:59.986455,3
2832,11,P14,no,3,0.7508635270633022,0.7574755792628283,0.7418402904888368,1831,1793,2026-06-01 14:24:00.020266,3
1742,9,P05,no,6,3.1663994219368305,0.49305600205173933,0.4515414720267231,1493,1500,2026-06-01 14:24:00.049687,3
2374,10,P09,yes,1,0.6386329165168263,0.6354235592583607,0.6418340450887311,1710,1689,2026-06-01 14:24:00.128015,3
2833,11,P22,yes,1,0.7444882597128526,0.7418402904888368,0.7471242672706695,1832,1793,2026-06-01 14:24:00.163299,3
1743,9,P09,yes,1,0.4549840588965708,0.4515414720267231,0.45842951678320015,1494,1500,2026-06-01 14:24:00.200698,3
2375,10,P18,no,1,-0.35498159744975055,0.6418340450887311,0.6481942198637447,1710,1688,2026-06-01 14:24:00.248503,3
1744,9,P09,no,3,-1.5936146294900482,0.45842951678320015,0.4791787146272571,1494,1497,2026-06-01 14:24:00.327032,3
1041,8,P02,no,3,1.4063853705097245,0.5415704832167999,0.520821285372743,1321,1318,2026-06-01 14:24:00.427093,3
2376,10,P23,yes,1,-0.6450184025502494,0.6481942198637447,0.6418340450887311,1709,1688,2026-06-01 14:24:00.437681,3
2377,10,P05,yes,1,0.6450184025502494,0.6418340450887311,0.6481942198637447,1710,1688,2026-06-01 14:24:00.450177,3
1745,9,P10,yes,3,1.4687590380613074,0.4791787146272571,0.5,1497,1497,2026-06-01 14:24:00.475697,3
2378,10,P05,yes,4,2.6428772226638557,0.6481942198637447,0.6730961777222321,1714,1688,2026-06-01 14:24:00.480588,3
1042,8,P10,no,1,-0.4757139608448142,0.520821285372743,0.5277492350545132,1321,1317,2026-06-01 14:24:00.505625,3
2379,10,P22,no,1,0.3299696342990046,0.6730961777222321,0.6669548851735586,1714,1689,2026-06-01 14:24:00.515190,3
2380,10,P18,no,1,0.33613967079099893,0.6669548851735586,0.6607563687658172,1714,1690,2026-06-01 14:24:00.571187,3
2834,11,P09,no,5,-1.2002914524236985,0.7471242672706695,0.7724543828071839,1832,1788,2026-06-01 14:24:00.630419,3
1043,8,P10,yes,1,0.5312088736441183,0.5277492350545132,0.534666513353404,1322,1317,2026-06-01 14:24:00.648405,3
1044,8,P10,yes,7,3.910966313922927,0.534666513353404,0.5825702064623147,1329,1317,2026-06-01 14:24:00.669675,3
2381,10,P23,no,1,0.3423661268516298,0.6607563687658172,0.6545022492518787,1714,1691,2026-06-01 14:24:00.675417,3
1045,8,P08,no,3,1.2828184268194036,0.5825702064623147,0.5621765008857981,1329,1320,2026-06-01 14:24:00.701030,3
1046,8,P10,yes,4,2.3031240458326465,0.5621765008857981,0.5893093760914265,1333,1320,2026-06-01 14:24:00.702111,3
1047,8,P18,yes,4,2.41064019354053,0.5893093760914265,0.6159095915435134,1337,1320,2026-06-01 14:24:00.702880,3
1048,8,P13,no,1,0.38738299639953766,0.6159095915435134,0.6093175418435606,1337,1321,2026-06-01 14:24:00.719095,3
2382,10,P18,no,20,-5.735126457539309,0.6545022492518787,0.7675350070438758,1714,1671,2026-06-01 14:24:00.721049,3
2383,10,P18,no,3,-0.675424124863639,0.7675350070438758,0.7820712676154848,1714,1668,2026-06-01 14:24:00.721050,3
1049,8,P22,yes,1,-0.6060046947259252,0.6093175418435606,0.6026853379784917,1336,1321,2026-06-01 14:24:00.724572,3
2384,10,P13,no,1,0.22030825731008008,0.7820712676154848,0.7772998611746911,1714,1669,2026-06-01 14:24:00.727379,3
419,7,P02,yes,5,3.44062096734649,0.6730961777222321,0.702892745013669,931,900,2026-06-01 14:24:00.730913,3
1050,8,P06,yes,1,-0.5993533336925339,0.6026853379784917,0.5960151933265168,1335,1321,2026-06-01 14:24:00.743993,3
2385,10,P06,no,1,0.22511671166694214,0.7772998611746911,0.7724543828071839,1714,1670,2026-06-01 14:24:00.754907,3
2835,11,P14,yes,10,-7.468244210921966,0.7724543828071839,0.7199965396446176,1822,1788,2026-06-01 14:24:00.777693,3
1051,8,P13,no,1,0.40733483847839125,0.5960151933265168,0.5893093760914265,1335,1322,2026-06-01 14:24:00.779641,3
2386,10,P21,no,1,-0.22511671166694214,0.7724543828071839,0.7772998611746911,1714,1669,2026-06-01 14:24:00.794886,3
1052,8,P02,yes,1,-0.5859424726522775,0.5893093760914265,0.5825702064623147,1334,1322,2026-06-01 14:24:00.809395,3
2836,11,P20,yes,1,0.7227851163620471,0.7199965396446176,0.7255622121589215,1823,1788,2026-06-01 14:24:00.819304,3
2837,11,P20,no,6,-1.5496012397927643,0.7255622121589215,0.7574755792628283,1823,1782,2026-06-01 14:24:00.838254,3
1053,8,P10,no,2,-0.8213923658261137,0.5825702064623147,0.5960151933265168,1334,1320,2026-06-01 14:24:00.846998,3
2387,10,P23,no,1,0.22511671166694214,0.7772998611746911,0.7724543828071839,1714,1670,2026-06-01 14:24:00.847225,3
1054,8,P09,no,1,-0.40064666630746615,0.5960151933265168,0.6026853379784917,1334,1319,2026-06-01 14:24:00.949183,3
1746,9,P09,no,3,1.5312409619384653,0.5,0.4791787146272571,1497,1500,2026-06-01 14:24:00.952540,3
2388,10,P09,yes,1,-0.7700008441133832,0.7724543828071839,0.7675350070438758,1713,1670,2026-06-01 14:24:00.953254,3
1055,8,P13,no,1,0.40064666630746615,0.6026853379784917,0.5960151933265168,1334,1320,2026-06-01 14:24:00.953629,3
1056,8,P12,yes,7,-4.006438290301958,0.5960151933265168,0.548458527973277,1327,1320,2026-06-01 14:24:00.962610,3
2389,10,P17,yes,10,-7.415428516356769,0.7675350070438758,0.7143624294910559,1703,1670,2026-06-01 14:24:00.968171,3
420,7,P18,no,1,-0.2942177197944602,0.702892745013669,0.7086608250294356,931,899,2026-06-01 14:24:00.994251,3
2390,10,P11,no,1,0.28848278950658823,0.7143624294910559,0.7086608250294356,1703,1671,2026-06-01 14:24:01.005685,3
1057,8,P18,no,1,-0.44810505795908284,0.548458527973277,0.555328055262369,1327,1319,2026-06-01 14:24:01.006742,3
1747,9,P05,yes,10,-4.447596300625719,0.4791787146272571,0.41069062390857347,1487,1500,2026-06-01 14:24:01.014795,3
1058,8,P04,yes,20,-9.724064285912618,0.555328055262369,0.41742979353768533,1307,1319,2026-06-01 14:24:01.034197,3
1059,8,P04,yes,1,-0.41405752734794987,0.41742979353768533,0.41069062390857347,1306,1319,2026-06-01 14:24:01.034198,3
2838,11,P12,no,8,-1.7831803707040308,0.7574755792628283,0.7959402230407707,1823,1774,2026-06-01 14:24:01.069912,3
1060,8,P24,yes,3,1.2624669433228064,0.41069062390857347,0.4309986674318095,1309,1319,2026-06-01 14:24:01.083173,3
2839,11,P14,yes,2,-1.5827582003416865,0.7959402230407707,0.7867684891624728,1821,1774,2026-06-01 14:24:01.097189,3
1748,9,P18,yes,9,3.9718823397809047,0.41069062390857347,0.47225076494548685,1496,1500,2026-06-01 14:24:01.104600,3
1061,8,P04,no,16,9.951803716791574,0.4309986674318095,0.32690382227776793,1309,1335,2026-06-01 14:24:01.126814,3
2840,11,P03,no,1,0.21557393642160605,0.7867684891624728,0.7820712676154848,1821,1775,2026-06-01 14:24:01.128828,3
1749,9,P04,no,5,-2.5520548904983116,0.47225076494548685,0.5069439979482607,1496,1495,2026-06-01 14:24:01.130838,3
2841,11,P18,no,8,-1.5982606637442132,0.7820712676154848,0.8175744761936437,1821,1767,2026-06-01 14:24:01.156022,3
1062,8,P09,yes,1,0.32996963429854986,0.32690382227776793,0.3330451148264414,1310,1335,2026-06-01 14:24:01.170948,3
2391,10,P11,yes,1,-0.7057822802053124,0.7086608250294356,0.702892745013669,1702,1671,2026-06-01 14:24:01.172419,3
1750,9,P05,no,8,4.1663994219368305,0.5069439979482607,0.4515414720267231,1496,1503,2026-06-01 14:24:01.182767,3
2842,11,P22,no,12,2.508640172562309,0.8175744761936437,0.7625419716560975,1821,1779,2026-06-01 14:24:01.189541,3
2392,10,P19,no,1,0.3000185846997283,0.702892745013669,0.6970592839654074,1702,1672,2026-06-01 14:24:01.202953,3
1063,8,P19,yes,1,0.33613967079099893,0.3330451148264414,0.33924363123418283,1311,1335,2026-06-01 14:24:01.206044,3
1064,8,P07,yes,1,0.3423661268516298,0.33924363123418283,0.3454977507481214,1312,1335,2026-06-01 14:24:01.211716,3
1751,9,P18,no,15,-7.4481050579588555,0.4515414720267231,0.555328055262369,1496,1488,2026-06-01 14:24:01.232610,3
1752,9,P19,no,1,0.44810505795908284,0.555328055262369,0.548458527973277,1496,1489,2026-06-01 14:24:01.245473,3
1753,9,P18,no,1,0.4549840588963434,0.548458527973277,0.5415704832167999,1496,1490,2026-06-01 14:24:01.254208,3
1065,8,P08,yes,2,0.7036289428442615,0.3454977507481214,0.358165954911269,1314,1335,2026-06-01 14:24:01.268593,3
421,7,P09,no,6,1.8535967524479702,0.7086608250294356,0.6730961777222321,931,905,2026-06-01 14:24:01.285153,3
1754,9,P08,no,2,0.9306714096651376,0.5415704832167999,0.5277492350545132,1496,1492,2026-06-01 14:24:01.290044,3
422,7,P23,no,1,-0.32385760144848064,0.6730961777222321,0.679178699175393,931,904,2026-06-01 14:24:01.290079,3
2393,10,P12,yes,1,-0.6941157482681319,0.6970592839654074,0.6911616123625146,1701,1672,2026-06-01 14:24:01.305680,3
1755,9,P21,no,2,0.9583601020397055,0.5277492350545132,0.5138853177460049,1496,1494,2026-06-01 14:24:01.321014,3
1066,8,P10,no,1,-0.6386329165168263,0.358165954911269,0.36457644074163925,1314,1334,2026-06-01 14:24:01.321402,3
1756,9,P23,no,1,0.4895850074617556,0.5138853177460049,0.5069439979482607,1496,1495,2026-06-01 14:24:01.327948,3
1067,8,P10,yes,3,1.1228980751575364,0.36457644074163925,0.3840904084564866,1317,1334,2026-06-01 14:24:01.335022,3
1068,8,P10,yes,2,0.7813783016736124,0.3840904084564866,0.3973146620215083,1319,1334,2026-06-01 14:24:01.349226,3
1069,8,P01,yes,10,4.31107271821088,0.3973146620215083,0.46533348664659613,1329,1334,2026-06-01 14:24:01.349425,3
1757,9,P05,no,1,0.4965278894046605,0.5069439979482607,0.5,1496,1496,2026-06-01 14:24:01.353917,3
2394,10,P19,no,1,0.31181351241730226,0.6911616123625146,0.6852009766653157,1701,1673,2026-06-01 14:24:01.357958,3
2395,10,P20,yes,6,-4.0012145388595854,0.6852009766653157,0.6481942198637447,1695,1673,2026-06-01 14:24:01.369292,3
423,7,P09,no,2,0.6538272357473716,0.679178699175393,0.6669548851735586,931,906,2026-06-01 14:24:01.375716,3
2396,10,P05,no,1,-0.3486473453945109,0.6481942198637447,0.6545022492518787,1695,1672,2026-06-01 14:24:01.387187,3
2843,11,P18,no,1,0.23998512580624265,0.7625419716560975,0.7574755792628283,1821,1780,2026-06-01 14:24:01.398867,3
1070,8,P08,no,4,2.1937847407423305,0.46533348664659613,0.4378234991142019,1329,1338,2026-06-01 14:24:01.506134,3
1071,8,P04,no,1,0.5655909891556803,0.4378234991142019,0.4309986674318095,1329,1339,2026-06-01 14:24:01.506732,3
2397,10,P02,yes,3,1.991524568058594,0.6545022492518787,0.6730961777222321,1698,1672,2026-06-01 14:24:01.514033,3
1072,8,P01,yes,1,0.4344090108443197,0.4309986674318095,0.4378234991142019,1330,1339,2026-06-01 14:24:01.524380,3
2398,10,P01,no,1,0.32996963429854986,0.6730961777222321,0.6669548851735586,1698,1673,2026-06-01 14:24:01.535032,3
1073,8,P20,no,1,-0.5587541409070127,0.4378234991142019,0.444671944737631,1330,1338,2026-06-01 14:24:01.538995,3
2844,11,P14,no,18,5.260185947778609,0.7574755792628283,0.6545022492518787,1821,1798,2026-06-01 14:24:01.619930,3
2845,11,P15,yes,12,8.289415292013928,0.6545022492518787,0.7255622121589215,1833,1798,2026-06-01 14:24:01.627802,3
1758,9,P18,yes,3,1.5312409619384653,0.5,0.520821285372743,1499,1496,2026-06-01 14:24:01.642978,3
1074,8,P17,yes,7,3.281705636022025,0.444671944737631,0.49305600205173933,1337,1338,2026-06-01 14:24:01.644740,3
2846,11,P09,yes,1,0.7283162051155614,0.7255622121589215,0.7310585786300049,1834,1798,2026-06-01 14:24:01.644837,3
2847,11,P09,yes,4,2.9671706008498404,0.7310585786300049,0.7523361988609284,1838,1798,2026-06-01 14:24:01.667247,3
1759,9,P20,yes,1,-0.517353858804654,0.520821285372743,0.5138853177460049,1498,1496,2026-06-01 14:24:01.676195,3
1760,9,P18,no,1,0.4895850074615282,0.5138853177460049,0.5069439979482607,1498,1497,2026-06-01 14:24:01.676444,3
2399,10,P21,yes,5,3.4106699177480095,0.6669548851735586,0.6970592839654074,1703,1673,2026-06-01 14:24:01.682139,3
2400,10,P09,no,1,0.30588425173186806,0.6970592839654074,0.6911616123625146,1703,1674,2026-06-01 14:24:01.682606,3
2848,11,P14,yes,2,-1.494224518694864,0.7523361988609284,0.7418402904888368,1836,1798,2026-06-01 14:24:01.683675,3
1761,9,P18,no,5,2.5520548904983116,0.5069439979482607,0.47225076494548685,1498,1502,2026-06-01 14:24:01.718527,3
1762,9,P05,yes,11,-4.779863844566535,0.47225076494548685,0.3973146620215083,1487,1502,2026-06-01 14:24:01.721777,3
2401,10,P03,no,7,2.3105989735574894,0.6911616123625146,0.6481942198637447,1703,1681,2026-06-01 14:24:01.745499,3
2849,11,P14,yes,2,-1.4729460821549765,0.7418402904888368,0.7310585786300049,1834,1798,2026-06-01 14:24:01.758351,3
2402,10,P21,no,1,-0.3486473453945109,0.6481942198637447,0.6545022492518787,1703,1680,2026-06-01 14:24:01.758959,3
1763,9,P19,yes,1,0.4006466663070114,0.3973146620215083,0.4039848066734832,1488,1502,2026-06-01 14:24:01.762140,3
1764,9,P04,yes,6,2.545456651739187,0.4039848066734832,0.444671944737631,1494,1502,2026-06-01 14:24:01.775806,3
1765,9,P12,yes,12,5.833760526520564,0.444671944737631,0.5277492350545132,1506,1502,2026-06-01 14:24:01.843030,3
2403,10,P21,no,1,-0.3423661268516298,0.6545022492518787,0.6607563687658172,1703,1679,2026-06-01 14:24:01.878954,3
2404,10,P02,no,1,-0.3361396707912263,0.6607563687658172,0.6669548851735586,1703,1678,2026-06-01 14:24:01.918728,3
1766,9,P22,no,1,0.4757139608448142,0.5277492350545132,0.520821285372743,1506,1503,2026-06-01 14:24:01.945207,3
2405,10,P05,no,8,-2.472049176253222,0.6669548851735586,0.7143624294910559,1703,1670,2026-06-01 14:24:01.951322,3
2406,10,P02,yes,1,0.7171851495477313,0.7143624294910559,0.7199965396446176,1704,1670,2026-06-01 14:24:01.958871,3
2407,10,P12,yes,5,-3.528581803814859,0.7199965396446176,0.6911616123625146,1699,1670,2026-06-01 14:24:01.967236,3
2408,10,P23,no,1,0.31181351241730226,0.6911616123625146,0.6852009766653157,1699,1671,2026-06-01 14:24:01.968120,3
1075,8,P22,yes,1,0.4965278894048879,0.49305600205173933,0.5,1338,1338,2026-06-01 14:24:02.036843,3
2409,10,P20,no,1,0.317805082356017,0.6852009766653157,0.679178699175393,1699,1672,2026-06-01 14:24:02.074791,3
2850,11,P18,no,4,1.1201963184812485,0.7310585786300049,0.7086608250294356,1834,1802,2026-06-01 14:24:02.114151,3
2410,10,P09,yes,1,-0.6761423985515194,0.679178699175393,0.6730961777222321,1698,1672,2026-06-01 14:24:02.133072,3
1767,9,P04,yes,2,1.0554949127990767,0.520821285372743,0.534666513353404,1508,1503,2026-06-01 14:24:02.135916,3
1768,9,P10,yes,1,0.5381197166909715,0.534666513353404,0.5415704832167999,1509,1503,2026-06-01 14:24:02.143120,3
1769,9,P10,yes,1,0.5450159411034292,0.5415704832167999,0.548458527973277,1510,1503,2026-06-01 14:24:02.149726,3
1770,9,P09,yes,1,-0.5450159411034292,0.548458527973277,0.5415704832167999,1509,1503,2026-06-01 14:24:02.171714,3
2411,10,P02,no,10,-2.973793070929105,0.6730961777222321,0.7310585786300049,1698,1662,2026-06-01 14:24:02.181201,3
2412,10,P03,yes,8,-5.667869612875393,0.7310585786300049,0.6852009766653157,1690,1662,2026-06-01 14:24:02.181412,3
1076,8,P12,yes,1,0.5034721105953395,0.5,0.5069439979482607,1339,1338,2026-06-01 14:24:02.185065,3
2851,11,P12,yes,1,0.711517210492957,0.7086608250294356,0.7143624294910559,1835,1802,2026-06-01 14:24:02.189544,3
2852,11,P14,no,19,6.520474043362128,0.7143624294910559,0.5960151933265168,1835,1821,2026-06-01 14:24:02.190775,3
1771,9,P20,no,8,3.889031511704843,0.5415704832167999,0.4861146822539951,1509,1511,2026-06-01 14:24:02.191154,3
2853,11,P17,no,1,-0.4006466663070114,0.5960151933265168,0.6026853379784917,1835,1820,2026-06-01 14:24:02.193115,3
1772,9,P21,no,1,0.5173538588048814,0.4861146822539951,0.4791787146272571,1509,1512,2026-06-01 14:24:02.202926,3
2854,11,P23,no,1,-0.3939953052740748,0.6026853379784917,0.6093175418435606,1835,1819,2026-06-01 14:24:02.205248,3
1773,9,P21,no,1,0.5242860391551858,0.4791787146272571,0.47225076494548685,1509,1513,2026-06-01 14:24:02.214466,3
1774,9,P18,no,5,2.724993614386449,0.47225076494548685,0.4378234991142019,1509,1518,2026-06-01 14:24:02.229590,3
2855,11,P17,yes,8,5.082356775263406,0.6093175418435606,0.6607563687658172,1843,1819,2026-06-01 14:24:02.239804,3
424,7,P18,yes,2,1.3461727642527421,0.6669548851735586,0.679178699175393,933,906,2026-06-01 14:24:02.292212,3
2856,11,P13,no,1,-0.33613967079099893,0.6607563687658172,0.6669548851735586,1843,1818,2026-06-01 14:24:02.304005,3
1077,8,P04,no,1,0.4965278894046605,0.5069439979482607,0.5,1339,1339,2026-06-01 14:24:02.311641,3
1775,9,P09,no,1,0.5655909891556803,0.4378234991142019,0.4309986674318095,1509,1519,2026-06-01 14:24:02.321011,3
2857,11,P14,yes,17,-10.406118481152134,0.6669548851735586,0.555328055262369,1826,1818,2026-06-01 14:24:02.342792,3
2858,11,P01,yes,2,1.1243451300624656,0.555328055262369,0.5690013325681905,1828,1818,2026-06-01 14:24:02.359236,3
1776,9,P18,yes,1,0.4344090108443197,0.4309986674318095,0.4378234991142019,1510,1519,2026-06-01 14:24:02.393698,3
1078,8,P10,no,1,-0.4965278894046605,0.5,0.5069439979482607,1339,1338,2026-06-01 14:24:02.404708,3
2859,11,P15,yes,10,6.02527517505996,0.5690013325681905,0.6354235592583607,1838,1818,2026-06-01 14:24:02.412960,3
2860,11,P20,yes,2,1.2836513190670757,0.6354235592583607,0.6481942198637447,1840,1818,2026-06-01 14:24:02.455030,3
2861,11,P20,no,1,-0.3486473453945109,0.6481942198637447,0.6545022492518787,1840,1817,2026-06-01 14:24:02.472856,3
1777,9,P01,yes,8,3.7229514951152396,0.4378234991142019,0.49305600205173933,1518,1519,2026-06-01 14:24:02.481754,3
2413,10,P05,yes,1,0.6881864875826977,0.6852009766653157,0.6911616123625146,1691,1662,2026-06-01 14:24:02.484756,3
1079,8,P02,no,1,0.4965278894046605,0.5069439979482607,0.5,1339,1339,2026-06-01 14:24:02.487175,3
2862,11,P14,no,3,1.0649960263274352,0.6545022492518787,0.6354235592583607,1840,1820,2026-06-01 14:24:02.489407,3
2863,11,P14,no,20,8.628613220304487,0.6354235592583607,0.5,1840,1840,2026-06-01 14:24:02.495514,3
2864,11,P14,no,1,0.5034721105948847,0.5,0.49305600205173933,1840,1841,2026-06-01 14:24:02.495515,3
2414,10,P09,no,1,0.31181351241730226,0.6911616123625146,0.6852009766653157,1691,1663,2026-06-01 14:24:02.507628,3
2415,10,P05,yes,1,0.6881864875826977,0.6852009766653157,0.6911616123625146,1692,1663,2026-06-01 14:24:02.515217,3
2865,11,P17,yes,6,3.0832637641426572,0.49305600205173933,0.534666513353404,1846,1841,2026-06-01 14:24:02.521485,3
2416,10,P20,no,3,0.9534761962217999,0.6911616123625146,0.6730961777222321,1692,1666,2026-06-01 14:24:02.523624,3
2417,10,P18,yes,2,1.3583373161955024,0.6730961777222321,0.6852009766653157,1694,1666,2026-06-01 14:24:02.525834,3
2418,10,P02,no,1,-0.3118135124170749,0.6852009766653157,0.6911616123625146,1694,1665,2026-06-01 14:24:02.532825,3
2866,11,P13,yes,1,0.5381197166909715,0.534666513353404,0.5415704832167999,1847,1841,2026-06-01 14:24:02.567480,3
2867,11,P01,yes,1,0.5450159411036566,0.5415704832167999,0.548458527973277,1848,1841,2026-06-01 14:24:02.576353,3
2868,11,P18,no,9,-3.788203681279583,0.548458527973277,0.6093175418435606,1848,1832,2026-06-01 14:24:02.587324,3
1778,9,P10,yes,6,3.0832637641426572,0.49305600205173933,0.534666513353404,1524,1519,2026-06-01 14:24:02.609665,3
1779,9,P03,no,4,1.9167362358573428,0.534666513353404,0.5069439979482607,1524,1523,2026-06-01 14:24:02.612500,3
2869,11,P09,yes,1,0.6126170036004623,0.6093175418435606,0.6159095915435134,1849,1832,2026-06-01 14:24:02.648240,3
2870,11,P22,yes,4,2.51573484135929,0.6159095915435134,0.6418340450887311,1853,1832,2026-06-01 14:24:02.652164,3
2871,11,P18,no,2,0.7291690183815263,0.6418340450887311,0.6289646649499733,1853,1834,2026-06-01 14:24:02.667060,3
2872,11,P20,yes,1,0.6321980651016474,0.6289646649499733,0.6354235592583607,1854,1834,2026-06-01 14:24:02.674382,3
2419,10,P22,no,7,2.3105989735574894,0.6911616123625146,0.6481942198637447,1694,1672,2026-06-01 14:24:02.675095,3
2873,11,P19,yes,1,0.6386329165168263,0.6354235592583607,0.6418340450887311,1855,1834,2026-06-01 14:24:02.690590,3
2420,10,P05,yes,2,1.3089865277538593,0.6481942198637447,0.6607563687658172,1696,1672,2026-06-01 14:24:02.692554,3
2421,10,P21,yes,1,0.6638603292087737,0.6607563687658172,0.6669548851735586,1697,1672,2026-06-01 14:24:02.772164,3
2874,11,P22,yes,4,2.6178652595128824,0.6418340450887311,0.6669548851735586,1859,1834,2026-06-01 14:24:02.918765,3
2422,10,P05,no,1,-0.32996963429854986,0.6669548851735586,0.6730961777222321,1697,1671,2026-06-01 14:24:02.954348,3
1080,8,P10,yes,1,0.5034721105953395,0.5,0.5069439979482607,1340,1339,2026-06-01 14:24:02.963828,3
2423,10,P18,no,1,0.32996963429854986,0.6730961777222321,0.6669548851735586,1697,1672,2026-06-01 14:24:03.010693,3
2875,11,P11,yes,4,2.7165541694796502,0.6669548851735586,0.6911616123625146,1863,1834,2026-06-01 14:24:03.029971,3
1780,9,P18,no,4,-1.9167362358573428,0.5069439979482607,0.534666513353404,1524,1519,2026-06-01 14:24:03.067739,3
1781,9,P19,yes,6,-3.0832637641426572,0.534666513353404,0.49305600205173933,1518,1519,2026-06-01 14:24:03.105915,3
1081,8,P09,no,1,-0.4895850074617556,0.5069439979482607,0.5138853177460049,1340,1338,2026-06-01 14:24:03.106283,3
2876,11,P14,no,1,0.31181351241730226,0.6911616123625146,0.6852009766653157,1863,1835,2026-06-01 14:24:03.126246,3
1082,8,P09,yes,1,0.5173538588048814,0.5138853177460049,0.520821285372743,1341,1338,2026-06-01 14:24:03.129891,3
1083,8,P04,yes,1,-0.5173538588048814,0.520821285372743,0.5138853177460049,1340,1338,2026-06-01 14:24:03.148543,3
2877,11,P19,yes,1,0.6881864875829251,0.6852009766653157,0.6911616123625146,1864,1835,2026-06-01 14:24:03.193075,3
2424,10,P02,no,9,-2.7548640267054907,0.6669548851735586,0.7199965396446176,1697,1663,2026-06-01 14:24:03.221227,3
1782,9,P04,no,1,-0.5034721105953395,0.49305600205173933,0.5,1518,1518,2026-06-01 14:24:03.266060,3
2425,10,P22,yes,1,-0.7171851495477313,0.7199965396446176,0.7143624294910559,1696,1663,2026-06-01 14:24:03.274365,3
2878,11,P14,yes,1,-0.6881864875829251,0.6911616123625146,0.6852009766653157,1863,1835,2026-06-01 14:24:03.296684,3
2879,11,P09,yes,3,2.0822836511511014,0.6852009766653157,0.702892745013669,1866,1835,2026-06-01 14:24:03.303984,3
2426,10,P03,no,1,0.28848278950658823,0.7143624294910559,0.7086608250294356,1696,1664,2026-06-01 14:24:03.385146,3
2880,11,P18,yes,1,0.7057822802053124,0.702892745013669,0.7086608250294356,1867,1835,2026-06-01 14:24:03.385978,3
1783,9,P05,no,1,0.5034721105953395,0.5,0.49305600205173933,1518,1519,2026-06-01 14:24:03.457703,3
2427,10,P13,no,1,0.2942177197946876,0.7086608250294356,0.702892745013669,1696,1665,2026-06-01 14:24:03.488662,3
2428,10,P05,no,2,-0.5827005093012758,0.702892745013669,0.7143624294910559,1696,1663,2026-06-01 14:24:03.529303,3
2429,10,P22,no,8,2.4720491762534493,0.7143624294910559,0.6669548851735586,1696,1671,2026-06-01 14:24:03.562960,3
1084,8,P10,no,1,-0.4826461411951186,0.5138853177460049,0.520821285372743,1340,1337,2026-06-01 14:24:03.571303,3
1085,8,P09,no,1,-0.4757139608448142,0.520821285372743,0.5277492350545132,1340,1336,2026-06-01 14:24:03.582614,3
2430,10,P05,yes,1,0.6700303657012228,0.6669548851735586,0.6730961777222321,1697,1671,2026-06-01 14:24:03.599587,3
2881,11,P01,no,1,0.2942177197946876,0.7086608250294356,0.702892745013669,1867,1836,2026-06-01 14:24:03.657105,3
2882,11,P14,no,2,0.6059028364318237,0.702892745013669,0.6911616123625146,1867,1838,2026-06-01 14:24:03.680895,3
1086,8,P10,no,1,-0.4687911263558817,0.5277492350545132,0.534666513353404,1340,1335,2026-06-01 14:24:03.720476,3
2431,10,P05,no,1,-0.323857601448708,0.6730961777222321,0.679178699175393,1697,1670,2026-06-01 14:24:03.727798,3
425,7,P09,yes,1,0.6821949176440967,0.679178699175393,0.6852009766653157,934,906,2026-06-01 14:24:03.738505,3
2883,11,P23,yes,1,0.6941157482679046,0.6911616123625146,0.6970592839654074,1868,1838,2026-06-01 14:24:03.777699,3
1784,9,P04,yes,1,0.4965278894046605,0.49305600205173933,0.5,1519,1519,2026-06-01 14:24:03.800468,3
2884,11,P14,yes,1,-0.6941157482679046,0.6970592839654074,0.6911616123625146,1867,1838,2026-06-01 14:24:03.854043,3
426,7,P18,no,3,0.9716323181030475,0.6852009766653157,0.6669548851735586,934,909,2026-06-01 14:24:03.862793,3
1087,8,P04,yes,2,-1.055494912799304,0.534666513353404,0.520821285372743,1338,1335,2026-06-01 14:24:03.911941,3
1785,9,P21,no,2,1.0138871031335839,0.5,0.4861146822539951,1519,1521,2026-06-01 14:24:03.932122,3
2885,11,P18,yes,2,1.3940971635679489,0.6911616123625146,0.702892745013669,1869,1838,2026-06-01 14:24:03.955728,3
2886,11,P14,yes,2,-1.3940971635679489,0.702892745013669,0.6911616123625146,1867,1838,2026-06-01 14:24:03.964319,3
1786,9,P04,no,1,-0.5104149925382444,0.4861146822539951,0.49305600205173933,1519,1520,2026-06-01 14:24:03.997875,3
1787,9,P21,no,7,3.7182943639777477,0.49305600205173933,0.444671944737631,1519,1527,2026-06-01 14:24:04.014791,3
2432,10,P09,yes,1,0.6821949176442104,0.679178699175393,0.6852009766653157,1698,1670,2026-06-01 14:24:04.054353,3
427,7,P18,no,1,0.33613967079088525,0.6669548851735586,0.6607563687658172,934,910,2026-06-01 14:24:04.113906,3
1088,8,P04,no,3,1.4687590380615347,0.520821285372743,0.5,1338,1338,2026-06-01 14:24:04.131435,3
428,7,P18,no,3,1.0459950696962323,0.6607563687658172,0.6418340450887311,934,913,2026-06-01 14:24:04.182143,3
1788,9,P19,yes,1,0.44810505795908284,0.444671944737631,0.4515414720267231,1520,1527,2026-06-01 14:24:04.199452,3
429,7,P13,yes,3,1.9540049303037677,0.6418340450887311,0.6607563687658172,937,913,2026-06-01 14:24:04.223087,3
2433,10,P09,no,1,-0.3118135124170749,0.6852009766653157,0.6911616123625146,1698,1669,2026-06-01 14:24:04.228232,3
1789,9,P01,yes,1,0.4549840588965708,0.4515414720267231,0.45842951678320015,1521,1527,2026-06-01 14:24:04.233023,3
1790,9,P18,yes,2,0.9306714096649102,0.45842951678320015,0.47225076494548685,1523,1527,2026-06-01 14:24:04.261162,3
1089,8,P10,yes,1,0.5034721105953395,0.5,0.5069439979482607,1339,1338,2026-06-01 14:24:04.265038,3
1791,9,P09,no,1,-0.5242860391551858,0.47225076494548685,0.4791787146272571,1523,1526,2026-06-01 14:24:04.380199,3
2887,11,P09,yes,3,2.099879443773716,0.6911616123625146,0.7086608250294356,1870,1838,2026-06-01 14:24:04.386964,3
1792,9,P21,no,7,3.814870642697315,0.4791787146272571,0.4309986674318095,1523,1533,2026-06-01 14:24:04.578491,3
430,7,P18,yes,1,-0.6576338731481428,0.6607563687658172,0.6545022492518787,936,913,2026-06-01 14:24:04.662605,3
1793,9,P20,yes,10,4.65388839536422,0.4309986674318095,0.5,1533,1533,2026-06-01 14:24:04.676094,3
2434,10,P09,no,4,-1.188603345733327,0.6911616123625146,0.7143624294910559,1698,1665,2026-06-01 14:24:04.739049,3
1794,9,P09,no,1,0.5034721105953395,0.5,0.49305600205173933,1533,1534,2026-06-01 14:24:04.793847,3
1795,9,P05,yes,1,-0.4895850074615282,0.49305600205173933,0.4861146822539951,1532,1534,2026-06-01 14:24:04.796793,3
1796,9,P21,no,5,2.6559844293983588,0.4861146822539951,0.4515414720267231,1532,1539,2026-06-01 14:24:04.799421,3
2888,11,P14,no,3,0.9001205562260566,0.7086608250294356,0.6911616123625146,1870,1841,2026-06-01 14:24:04.849928,3
2889,11,P14,no,2,0.6296185947733193,0.6911616123625146,0.679178699175393,1870,1843,2026-06-01 14:24:04.855578,3
2435,10,P03,yes,1,-0.7115172104931844,0.7143624294910559,0.7086608250294356,1697,1665,2026-06-01 14:24:04.869444,3
1090,8,P18,yes,1,-0.5034721105953395,0.5069439979482607,0.5,1338,1338,2026-06-01 14:24:04.917989,3
2436,10,P02,yes,1,0.7115172104931844,0.7086608250294356,0.7143624294910559,1698,1665,2026-06-01 14:24:04.957310,3
2437,10,P23,yes,1,-0.7115172104931844,0.7143624294910559,0.7086608250294356,1697,1665,2026-06-01 14:24:05.036369,3
2438,10,P01,no,1,0.2942177197944602,0.7086608250294356,0.702892745013669,1697,1666,2026-06-01 14:24:05.149561,3
431,7,P18,no,3,1.0649960263273215,0.6545022492518787,0.6354235592583607,936,916,2026-06-01 14:24:05.158343,3
432,7,P14,yes,1,0.6386329165170537,0.6354235592583607,0.6418340450887311,937,916,2026-06-01 14:24:05.164380,3
1091,8,P04,yes,9,-4.2194793845199,0.5,0.4378234991142019,1329,1338,2026-06-01 14:24:05.172103,3
1797,9,P05,no,2,1.1106490829481572,0.4515414720267231,0.4378234991142019,1532,1541,2026-06-01 14:24:05.182421,3
1798,9,P04,yes,1,0.4412458590929873,0.4378234991142019,0.444671944737631,1533,1541,2026-06-01 14:24:05.196089,3
1092,8,P12,yes,1,0.4412458590929873,0.4378234991142019,0.444671944737631,1330,1338,2026-06-01 14:24:05.207720,3
1093,8,P04,no,6,3.454543348261268,0.444671944737631,0.4039848066734832,1330,1344,2026-06-01 14:24:05.243277,3
1094,8,P22,yes,7,2.9935617096980423,0.4039848066734832,0.4515414720267231,1337,1344,2026-06-01 14:24:05.246640,3
1799,9,P22,no,1,-0.5518949420411445,0.444671944737631,0.4515414720267231,1533,1540,2026-06-01 14:24:05.427196,3
2890,11,P18,yes,3,2.0644971534948127,0.679178699175393,0.6970592839654074,1873,1843,2026-06-01 14:24:05.430101,3
1095,8,P04,no,1,0.5518949420409172,0.4515414720267231,0.444671944737631,1337,1345,2026-06-01 14:24:05.444824,3
1800,9,P04,no,1,-0.5450159411034292,0.4515414720267231,0.45842951678320015,1533,1539,2026-06-01 14:24:05.448982,3
1801,9,P18,no,1,0.5450159411034292,0.45842951678320015,0.4515414720267231,1533,1540,2026-06-01 14:24:05.451460,3
1096,8,P04,yes,4,-1.7240642859126183,0.444671944737631,0.41742979353768533,1333,1345,2026-06-01 14:24:05.491204,3
1097,8,P10,no,1,-0.5791876120235884,0.41742979353768533,0.4241999463841996,1333,1344,2026-06-01 14:24:05.504721,3
1098,8,P17,yes,2,0.8620060388432194,0.4241999463841996,0.4378234991142019,1335,1344,2026-06-01 14:24:05.537688,3
1099,8,P11,no,11,-5.766633512346743,0.4378234991142019,0.5138853177460049,1335,1333,2026-06-01 14:24:05.598077,3
433,7,P18,yes,1,-0.6386329165170537,0.6418340450887311,0.6354235592583607,936,916,2026-06-01 14:24:05.599575,3
2891,11,P14,yes,18,-11.540852684812762,0.6970592839654074,0.5825702064623147,1855,1843,2026-06-01 14:24:05.602668,3
1802,9,P09,no,2,-1.0831356577944007,0.4515414720267231,0.46533348664659613,1533,1538,2026-06-01 14:24:05.626755,3
2439,10,P21,no,1,-0.2942177197944602,0.702892745013669,0.7086608250294356,1697,1665,2026-06-01 14:24:05.633830,3
2892,11,P20,no,1,-0.4140575273477225,0.5825702064623147,0.5893093760914265,1855,1842,2026-06-01 14:24:05.686016,3
2893,11,P12,yes,7,4.287742118382994,0.5893093760914265,0.6354235592583607,1862,1842,2026-06-01 14:24:05.686992,3
434,7,P23,yes,1,0.6386329165170537,0.6354235592583607,0.6418340450887311,937,916,2026-06-01 14:24:05.701438,3
2894,11,P22,yes,3,1.9350039736725648,0.6354235592583607,0.6545022492518787,1865,1842,2026-06-01 14:24:05.755544,3
2440,10,P18,yes,1,0.7115172104931844,0.7086608250294356,0.7143624294910559,1698,1665,2026-06-01 14:24:05.760457,3
1100,8,P10,yes,1,0.5173538588051088,0.5138853177460049,0.520821285372743,1336,1333,2026-06-01 14:24:05.803563,3
1101,8,P18,yes,1,-0.5173538588051088,0.520821285372743,0.5138853177460049,1335,1333,2026-06-01 14:24:05.826272,3
2441,10,P21,no,1,-0.28281485045204136,0.7143624294910559,0.7199965396446176,1698,1664,2026-06-01 14:24:05.833055,3
2895,11,P18,yes,3,1.991524568058594,0.6545022492518787,0.6730961777222321,1868,1842,2026-06-01 14:24:05.897017,3
1803,9,P05,yes,17,-6.931697775975181,0.46533348664659613,0.3518057801362553,1516,1538,2026-06-01 14:24:05.936135,3
1804,9,P17,no,3,-1.9158493841687232,0.3518057801362553,0.3710353350500268,1516,1535,2026-06-01 14:24:05.945845,3
1805,9,P09,no,1,-0.625715784267868,0.3710353350500268,0.37754066879814546,1516,1534,2026-06-01 14:24:05.947771,3
1102,8,P18,yes,1,-0.5104149925382444,0.5138853177460049,0.5069439979482607,1334,1333,2026-06-01 14:24:05.948417,3
2442,10,P23,no,4,1.1655339444532729,0.7199965396446176,0.6970592839654074,1698,1668,2026-06-01 14:24:05.953360,3
1806,9,P12,yes,14,5.942054070767881,0.37754066879814546,0.47225076494548685,1530,1534,2026-06-01 14:24:05.964686,3
2896,11,P14,no,2,0.6661093050895488,0.6730961777222321,0.6607563687658172,1868,1844,2026-06-01 14:24:05.978356,3
2897,11,P23,yes,3,2.0100330934619706,0.6607563687658172,0.679178699175393,1871,1844,2026-06-01 14:24:05.981942,3
1807,9,P09,yes,4,1.944472998906349,0.47225076494548685,0.5,1534,1534,2026-06-01 14:24:06.028651,3
1808,9,P05,yes,1,-0.4965278894048879,0.5,0.49305600205173933,1533,1534,2026-06-01 14:24:06.043310,3
1103,8,P09,no,1,0.4965278894046605,0.5069439979482607,0.5,1334,1334,2026-06-01 14:24:06.046679,3
1809,9,P17,no,9,4.842639494040441,0.49305600205173933,0.4309986674318095,1533,1543,2026-06-01 14:24:06.063347,3
2898,11,P18,no,1,-0.317805082356017,0.679178699175393,0.6852009766653157,1871,1843,2026-06-01 14:24:06.135891,3
2899,11,P14,no,20,7.565513836950913,0.6852009766653157,0.555328055262369,1871,1863,2026-06-01 14:24:06.156892,3
2900,11,P14,no,5,2.3094744873651507,0.555328055262369,0.520821285372743,1871,1868,2026-06-01 14:24:06.156893,3
1104,8,P04,no,1,0.5034721105953395,0.5,0.49305600205173933,1334,1335,2026-06-01 14:24:06.163641,3
1105,8,P04,no,2,1.0277688513431258,0.49305600205173933,0.4791787146272571,1334,1337,2026-06-01 14:24:06.177208,3
2901,11,P14,no,3,1.4687590380615347,0.520821285372743,0.5,1871,1871,2026-06-01 14:24:06.182939,3
1810,9,P11,yes,5,2.2406242701022165,0.4309986674318095,0.46533348664659613,1538,1543,2026-06-01 14:24:06.206097,3
2902,11,P15,yes,2,1.0138871031335839,0.5,0.5138853177460049,1873,1871,2026-06-01 14:24:06.221911,3
2903,11,P22,yes,2,1.0416398979602945,0.5138853177460049,0.5277492350545132,1875,1871,2026-06-01 14:24:06.249090,3
1811,9,P21,yes,1,-0.4618802833090285,0.46533348664659613,0.45842951678320015,1537,1543,2026-06-01 14:24:06.279913,3
2443,10,P09,no,5,1.5893300822522178,0.6970592839654074,0.6669548851735586,1698,1673,2026-06-01 14:24:06.285961,3
2904,11,P11,no,10,-4.379217178259523,0.5277492350545132,0.5960151933265168,1875,1861,2026-06-01 14:24:06.290762,3
2444,10,P05,no,9,-2.7548640267054907,0.6669548851735586,0.7199965396446176,1698,1664,2026-06-01 14:24:06.307275,3
2445,10,P02,yes,1,0.7227851163622745,0.7199965396446176,0.7255622121589215,1699,1664,2026-06-01 14:24:06.354938,3
2446,10,P02,no,1,-0.2716837948844386,0.7255622121589215,0.7310585786300049,1699,1663,2026-06-01 14:24:06.355850,3
1812,9,P04,yes,1,0.4618802833090285,0.45842951678320015,0.46533348664659613,1538,1543,2026-06-01 14:24:06.369607,3
2905,11,P14,yes,2,-1.1786076341738863,0.5960151933265168,0.5825702064623147,1873,1861,2026-06-01 14:24:06.388131,3
1106,8,P13,yes,6,3.0,0.4791787146272571,0.520821285372743,1340,1337,2026-06-01 14:24:06.389951,3
2447,10,P02,yes,5,3.7220825550919017,0.7310585786300049,0.7574755792628283,1704,1663,2026-06-01 14:24:06.404780,3
2906,11,P03,no,1,-0.4140575273477225,0.5825702064623147,0.5893093760914265,1873,1860,2026-06-01 14:24:06.424598,3
1813,9,P09,no,1,-0.5312088736441183,0.46533348664659613,0.47225076494548685,1538,1542,2026-06-01 14:24:06.430784,3
2448,10,P20,no,1,0.24508804575793874,0.7574755792628283,0.7523361988609284,1704,1664,2026-06-01 14:24:06.435031,3
2907,11,P14,no,3,1.2624669433230338,0.5893093760914265,0.5690013325681905,1873,1863,2026-06-01 14:24:06.465997,3
1107,8,P10,no,1,-0.4757139608448142,0.520821285372743,0.5277492350545132,1340,1336,2026-06-01 14:24:06.470822,3
1108,8,P09,no,10,-4.379217178259523,0.5277492350545132,0.5960151933265168,1340,1326,2026-06-01 14:24:06.470924,3
2908,11,P01,no,1,-0.42759702799889965,0.5690013325681905,0.5758000536158003,1873,1862,2026-06-01 14:24:06.477901,3
435,7,P09,no,7,2.6662901266215613,0.6418340450887311,0.5960151933265168,937,923,2026-06-01 14:24:06.505113,3
1109,8,P18,no,1,0.407334838478846,0.5960151933265168,0.5893093760914265,1340,1327,2026-06-01 14:24:06.511591,3
2909,11,P01,yes,1,0.5791876120235884,0.5758000536158003,0.5825702064623147,1874,1862,2026-06-01 14:24:06.524894,3
436,7,P19,yes,1,0.5993533336927612,0.5960151933265168,0.6026853379784917,938,923,2026-06-01 14:24:06.530571,3
1110,8,P04,no,1,0.4140575273474951,0.5893093760914265,0.5825702064623147,1340,1328,2026-06-01 14:24:06.537656,3
2449,10,P09,no,15,-3.1740795574451113,0.7523361988609284,0.8216809438923075,1704,1649,2026-06-01 14:24:06.538544,3
437,7,P20,yes,1,0.6060046947259252,0.6026853379784917,0.6093175418435606,939,923,2026-06-01 14:24:06.555588,3
2910,11,P23,yes,1,0.5859424726522775,0.5825702064623147,0.5893093760914265,1875,1862,2026-06-01 14:24:06.561160,3
1111,8,P09,no,10,-3.8426640898978803,0.5825702064623147,0.6481942198637447,1340,1318,2026-06-01 14:24:06.575708,3
1112,8,P06,no,1,0.3549815974499779,0.6481942198637447,0.6418340450887311,1340,1319,2026-06-01 14:24:06.576257,3
438,7,P12,yes,1,0.6126170036003487,0.6093175418435606,0.6159095915435134,940,923,2026-06-01 14:24:06.580124,3
2911,11,P09,no,4,-1.5893598064594698,0.5893093760914265,0.6159095915435134,1875,1858,2026-06-01 14:24:06.597853,3
1814,9,P09,yes,1,0.4757139608448142,0.47225076494548685,0.4791787146272571,1539,1542,2026-06-01 14:24:06.602208,3
1113,8,P11,no,9,3.4876824924479024,0.6418340450887311,0.5825702064623147,1340,1328,2026-06-01 14:24:06.617119,3
2912,11,P13,yes,1,0.6191880754727208,0.6159095915435134,0.6224593312018546,1876,1858,2026-06-01 14:24:06.639300,3
1815,9,P05,yes,1,-0.4757139608448142,0.4791787146272571,0.47225076494548685,1538,1542,2026-06-01 14:24:06.648124,3
2450,10,P06,no,1,0.1803662133186208,0.8216809438923075,0.8175744761936437,1704,1650,2026-06-01 14:24:06.648658,3
2451,10,P23,no,2,0.3732346326582956,0.8175744761936437,0.8091419557551346,1704,1652,2026-06-01 14:24:06.648904,3
2452,10,P05,yes,1,-0.80698478843874,0.8091419557551346,0.8048153229861598,1703,1652,2026-06-01 14:24:06.670969,3
2453,10,P20,no,4,0.8164368831030515,0.8048153229861598,0.7867684891624728,1703,1656,2026-06-01 14:24:06.676775,3
439,7,P20,yes,8,5.133600100872286,0.6159095915435134,0.6669548851735586,948,923,2026-06-01 14:24:06.683817,3
2454,10,P01,no,1,0.21557393642160605,0.7867684891624728,0.7820712676154848,1703,1657,2026-06-01 14:24:06.697254,3
1114,8,P18,yes,1,0.5859424726522775,0.5825702064623147,0.5893093760914265,1341,1328,2026-06-01 14:24:06.721771,3
1115,8,P11,no,5,2.138121813260568,0.5893093760914265,0.555328055262369,1341,1333,2026-06-01 14:24:06.730041,3
1816,9,P18,no,12,-5.833760526520564,0.47225076494548685,0.555328055262369,1538,1530,2026-06-01 14:24:06.750120,3
1817,9,P16,no,2,0.9030891168554263,0.555328055262369,0.5415704832167999,1538,1532,2026-06-01 14:24:06.789071,3
2913,11,P14,yes,1,-0.6191880754727208,0.6224593312018546,0.6159095915435134,1875,1858,2026-06-01 14:24:06.813207,3
1818,9,P04,no,4,-1.7787439867929606,0.5415704832167999,0.5690013325681905,1538,1528,2026-06-01 14:24:06.813656,3
1116,8,P03,no,1,0.44810505795885547,0.555328055262369,0.548458527973277,1341,1334,2026-06-01 14:24:06.836192,3
2455,10,P13,yes,3,-2.324575875136361,0.7820712676154848,0.7675350070438758,1700,1657,2026-06-01 14:24:06.842439,3
1819,9,P23,no,4,1.7787439867929606,0.5690013325681905,0.5415704832167999,1538,1532,2026-06-01 14:24:06.871455,3
1820,9,P09,yes,1,-0.5381197166909715,0.5415704832167999,0.534666513353404,1537,1532,2026-06-01 14:24:06.871521,3
1821,9,P05,no,11,5.538119716691199,0.534666513353404,0.45842951678320015,1537,1543,2026-06-01 14:24:06.893035,3
1117,8,P04,yes,2,-1.0831356577944007,0.548458527973277,0.534666513353404,1339,1334,2026-06-01 14:24:06.912083,3
2914,11,P18,no,5,-1.8392467560904606,0.6159095915435134,0.6481942198637447,1875,1853,2026-06-01 14:24:06.920814,3
2915,11,P19,no,12,-3.7820171697428577,0.6481942198637447,0.7199965396446176,1875,1841,2026-06-01 14:24:06.922892,3
2916,11,P08,yes,1,-0.7171851495477313,0.7199965396446176,0.7143624294910559,1874,1841,2026-06-01 14:24:06.933906,3
2917,11,P20,yes,14,-9.416647064878134,0.7143624294910559,0.6289646649499733,1860,1841,2026-06-01 14:24:06.936263,3
2456,10,P11,no,1,0.23495538395445692,0.7675350070438758,0.7625419716560975,1700,1658,2026-06-01 14:24:06.966651,3
2918,11,P14,no,2,0.7550961402591838,0.6289646649499733,0.6159095915435134,1860,1843,2026-06-01 14:24:06.983138,3
1118,8,P01,no,5,2.4132641252622307,0.534666513353404,0.5,1339,1339,2026-06-01 14:24:07.043938,3
1822,9,P05,no,8,4.551454231405387,0.45842951678320015,0.4039848066734832,1537,1551,2026-06-01 14:24:07.048357,3
1823,9,P08,yes,2,0.8213923658261137,0.4039848066734832,0.41742979353768533,1539,1551,2026-06-01 14:24:07.048712,3
2457,10,P19,no,1,0.23998512580601528,0.7625419716560975,0.7574755792628283,1700,1659,2026-06-01 14:24:07.074215,3
2919,11,P12,yes,1,0.6191880754724934,0.6159095915435134,0.6224593312018546,1861,1843,2026-06-01 14:24:07.080782,3
2458,10,P22,no,8,2.109630973882531,0.7574755792628283,0.7143624294910559,1700,1667,2026-06-01 14:24:07.090932,3
1824,9,P01,yes,14,6.516184914473342,0.41742979353768533,0.5138853177460049,1553,1551,2026-06-01 14:24:07.101609,3
1825,9,P04,yes,3,1.572848771603958,0.5138853177460049,0.534666513353404,1556,1551,2026-06-01 14:24:07.128418,3
1119,8,P06,yes,10,5.34611160463578,0.5,0.5690013325681905,1349,1339,2026-06-01 14:24:07.129619,3
1826,9,P05,no,3,1.4271512283958145,0.534666513353404,0.5138853177460049,1556,1554,2026-06-01 14:24:07.201571,3
1120,8,P19,yes,2,-1.124345130062693,0.5690013325681905,0.555328055262369,1347,1339,2026-06-01 14:24:07.218432,3
1121,8,P13,yes,3,-1.6350305998350905,0.555328055262369,0.534666513353404,1344,1339,2026-06-01 14:24:07.235179,3
1827,9,P19,yes,6,-2.958360102039933,0.5138853177460049,0.47225076494548685,1550,1554,2026-06-01 14:24:07.267955,3
2459,10,P04,yes,12,-8.145816083259206,0.7143624294910559,0.6418340450887311,1688,1667,2026-06-01 14:24:07.270257,3
1828,9,P05,yes,12,-5.173859149840837,0.47225076494548685,0.3906824581564393,1538,1554,2026-06-01 14:24:07.282933,3
1829,9,P21,no,1,0.6126170036004623,0.3906824581564393,0.3840904084564866,1538,1555,2026-06-01 14:24:07.293309,3
1830,9,P04,yes,1,0.38738299639953766,0.3840904084564866,0.3906824581564393,1539,1555,2026-06-01 14:24:07.299108,3
2920,11,P19,yes,1,0.6257157842683227,0.6224593312018546,0.6289646649499733,1862,1843,2026-06-01 14:24:07.314782,3
2460,10,P19,yes,4,2.617865259512655,0.6418340450887311,0.6669548851735586,1692,1667,2026-06-01 14:24:07.317199,3
1831,9,P19,yes,11,4.705068023484955,0.3906824581564393,0.46533348664659613,1550,1555,2026-06-01 14:24:07.318395,3
1832,9,P21,yes,4,-1.8062152592576695,0.46533348664659613,0.4378234991142019,1546,1555,2026-06-01 14:24:07.338682,3
2461,10,P11,yes,1,0.6700303657014501,0.6669548851735586,0.6730961777222321,1693,1667,2026-06-01 14:24:07.355320,3
2462,10,P06,no,1,-0.32385760144848064,0.6730961777222321,0.679178699175393,1693,1666,2026-06-01 14:24:07.355743,3
2921,11,P13,no,9,-3.0829360769716914,0.6289646649499733,0.6852009766653157,1862,1834,2026-06-01 14:24:07.432107,3
2463,10,P05,yes,4,2.764478568794857,0.679178699175393,0.702892745013669,1697,1666,2026-06-01 14:24:07.441296,3
2922,11,P11,yes,12,-7.774584786369587,0.6852009766653157,0.6093175418435606,1850,1834,2026-06-01 14:24:07.442645,3
1833,9,P18,yes,7,3.233366487653484,0.4378234991142019,0.4861146822539951,1553,1555,2026-06-01 14:24:07.473380,3
1834,9,P18,no,1,0.5173538588048814,0.4861146822539951,0.4791787146272571,1553,1556,2026-06-01 14:24:07.490590,3
2464,10,P09,yes,1,0.7057822802055398,0.702892745013669,0.7086608250294356,1698,1666,2026-06-01 14:24:07.497270,3
2465,10,P04,yes,1,0.7115172104931844,0.7086608250294356,0.7143624294910559,1699,1666,2026-06-01 14:24:07.526932,3
1835,9,P21,yes,14,-6.036956107085189,0.4791787146272571,0.3840904084564866,1539,1556,2026-06-01 14:24:07.534144,3
2923,11,P14,yes,3,-1.7980231899400678,0.6093175418435606,0.5893093760914265,1847,1834,2026-06-01 14:24:07.536495,3
2466,10,P05,yes,1,0.7171851495479586,0.7143624294910559,0.7199965396446176,1700,1666,2026-06-01 14:24:07.537629,3
1836,9,P11,yes,1,0.38738299639976503,0.3840904084564866,0.3906824581564393,1540,1556,2026-06-01 14:24:07.543274,3
2924,11,P23,no,8,-3.07362496510018,0.5893093760914265,0.6418340450887311,1847,1826,2026-06-01 14:24:07.543706,3
2925,11,P14,no,5,1.871648155040475,0.6418340450887311,0.6093175418435606,1847,1831,2026-06-01 14:24:07.557613,3
1837,9,P01,yes,13,5.649573110685424,0.3906824581564393,0.4791787146272571,1553,1556,2026-06-01 14:24:07.581430,3
1122,8,P01,no,1,0.4687911263558817,0.534666513353404,0.5277492350545132,1344,1340,2026-06-01 14:24:07.585409,3
1838,9,P21,no,1,0.5242860391551858,0.4791787146272571,0.47225076494548685,1553,1557,2026-06-01 14:24:07.631063,3
1839,9,P04,no,9,-4.468791126355882,0.47225076494548685,0.534666513353404,1553,1548,2026-06-01 14:24:07.738905,3
1123,8,P18,no,1,-0.4687911263558817,0.5277492350545132,0.534666513353404,1344,1339,2026-06-01 14:24:07.749126,3
2926,11,P23,no,9,-3.2537828955275927,0.6093175418435606,0.6669548851735586,1847,1822,2026-06-01 14:24:07.766949,3
1840,9,P11,no,1,0.4687911263558817,0.534666513353404,0.5277492350545132,1553,1549,2026-06-01 14:24:07.781520,3
2467,10,P21,no,4,-1.0759525963671877,0.7199965396446176,0.7418402904888368,1700,1662,2026-06-01 14:24:07.795554,3
1124,8,P04,no,1,0.4687911263558817,0.534666513353404,0.5277492350545132,1344,1340,2026-06-01 14:24:07.818884,3
2927,11,P18,yes,1,0.6700303657016775,0.6669548851735586,0.6730961777222321,1848,1822,2026-06-01 14:24:07.830013,3
2468,10,P04,yes,5,3.7741959631762256,0.7418402904888368,0.7675350070438758,1705,1662,2026-06-01 14:24:07.850341,3
1841,9,P23,yes,12,-5.8337605265203365,0.5277492350545132,0.444671944737631,1541,1549,2026-06-01 14:24:07.874408,3
2469,10,P18,no,3,0.7200285555186383,0.7675350070438758,0.7523361988609284,1705,1665,2026-06-01 14:24:07.875492,3
2470,10,P19,no,8,2.1530257176311807,0.7523361988609284,0.7086608250294356,1705,1673,2026-06-01 14:24:07.885038,3
2471,10,P18,yes,5,3.6135812661268574,0.7086608250294356,0.736484844941675,1710,1673,2026-06-01 14:24:07.936925,3
2472,10,P02,no,10,-2.3776336005619214,0.736484844941675,0.7867684891624728,1710,1663,2026-06-01 14:24:07.946283,3
2473,10,P22,yes,1,-0.784426063578394,0.7867684891624728,0.7820712676154848,1709,1663,2026-06-01 14:24:08.021241,3
1125,8,P09,yes,4,2.166239473479436,0.5277492350545132,0.555328055262369,1348,1340,2026-06-01 14:24:08.029068,3
2474,10,P19,no,1,0.22030825731008008,0.7820712676154848,0.7772998611746911,1709,1664,2026-06-01 14:24:08.044845,3
2475,10,P21,yes,2,1.5641178062683139,0.7772998611746911,0.7867684891624728,1711,1664,2026-06-01 14:24:08.049051,3
1842,9,P21,no,3,1.6967481020637933,0.444671944737631,0.4241999463841996,1541,1552,2026-06-01 14:24:08.054753,3
2476,10,P11,no,1,0.21557393642160605,0.7867684891624728,0.7820712676154848,1711,1665,2026-06-01 14:24:08.092096,3
1843,9,P21,no,7,4.194958353688662,0.4241999463841996,0.37754066879814546,1541,1559,2026-06-01 14:24:08.118390,3
2477,10,P23,yes,1,-0.7796917426899199,0.7820712676154848,0.7772998611746911,1710,1665,2026-06-01 14:24:08.118983,3
2478,10,P09,yes,1,0.7796917426899199,0.7772998611746911,0.7820712676154848,1711,1665,2026-06-01 14:24:08.132027,3
2479,10,P12,yes,1,-0.7796917426899199,0.7820712676154848,0.7772998611746911,1710,1665,2026-06-01 14:24:08.133554,3
1126,8,P09,no,1,0.44810505795885547,0.555328055262369,0.548458527973277,1348,1341,2026-06-01 14:24:08.134068,3
1844,9,P20,yes,1,0.38081192452750656,0.37754066879814546,0.3840904084564866,1542,1559,2026-06-01 14:24:08.146329,3
1845,9,P11,yes,10,4.175586677679121,0.3840904084564866,0.4515414720267231,1552,1559,2026-06-01 14:24:08.146883,3
2480,10,P11,yes,1,-0.7748832883330579,0.7772998611746911,0.7724543828071839,1709,1665,2026-06-01 14:24:08.153440,3
2481,10,P03,no,2,0.4649545398410737,0.7724543828071839,0.7625419716560975,1709,1667,2026-06-01 14:24:08.176544,3
1127,8,P09,no,4,-1.7513569558952895,0.548458527973277,0.5758000536158003,1348,1337,2026-06-01 14:24:08.179948,3
1128,8,P22,no,1,0.42759702799889965,0.5758000536158003,0.5690013325681905,1348,1338,2026-06-01 14:24:08.183160,3
2482,10,P22,no,1,0.23998512580601528,0.7625419716560975,0.7574755792628283,1709,1668,2026-06-01 14:24:08.215701,3
1129,8,P10,yes,1,0.5724029720011004,0.5690013325681905,0.5758000536158003,1349,1338,2026-06-01 14:24:08.222335,3
2483,10,P12,no,1,0.2450880457583935,0.7574755792628283,0.7523361988609284,1709,1669,2026-06-01 14:24:08.247915,3
1846,9,P21,yes,5,-2.1721693438719285,0.4515414720267231,0.41742979353768533,1547,1559,2026-06-01 14:24:08.297998,3
1847,9,P04,yes,8,3.5578248124334095,0.41742979353768533,0.47225076494548685,1555,1559,2026-06-01 14:24:08.321293,3
1130,8,P18,yes,1,-0.5724029720011004,0.5758000536158003,0.5690013325681905,1348,1338,2026-06-01 14:24:08.339483,3
1131,8,P13,no,9,4.157360505959559,0.5690013325681905,0.5069439979482607,1348,1347,2026-06-01 14:24:08.340578,3
2484,10,P02,yes,4,3.0499722885945175,0.7523361988609284,0.7724543828071839,1713,1669,2026-06-01 14:24:08.349196,3
2485,10,P13,no,7,1.7166346951632931,0.7724543828071839,0.736484844941675,1713,1676,2026-06-01 14:24:08.366844,3
2486,10,P04,yes,1,0.7391684975473254,0.736484844941675,0.7418402904888368,1714,1676,2026-06-01 14:24:08.369694,3
2928,11,P01,yes,1,-0.6700303657016775,0.6730961777222321,0.6669548851735586,1847,1822,2026-06-01 14:24:08.443298,3
440,7,P18,no,1,0.33613967079099893,0.6669548851735586,0.6607563687658172,948,924,2026-06-01 14:24:08.450010,3
1132,8,P04,yes,1,-0.5034721105953395,0.5069439979482607,0.5,1347,1347,2026-06-01 14:24:08.508637,3
2487,10,P05,no,8,-1.9012281616876407,0.7418402904888368,0.7820712676154848,1714,1668,2026-06-01 14:24:08.539668,3
1133,8,P10,no,15,-6.724336843473111,0.5,0.6026853379784917,1347,1332,2026-06-01 14:24:08.548799,3
1134,8,P12,yes,1,-0.5993533336927612,0.6026853379784917,0.5960151933265168,1346,1332,2026-06-01 14:24:08.551490,3
1135,8,P12,no,1,0.4073348384786186,0.5960151933265168,0.5893093760914265,1346,1333,2026-06-01 14:24:08.557375,3
1136,8,P01,no,2,0.8348699153241341,0.5893093760914265,0.5758000536158003,1346,1335,2026-06-01 14:24:08.580899,3
2488,10,P09,no,1,-0.21557393642160605,0.7820712676154848,0.7867684891624728,1714,1667,2026-06-01 14:24:08.598523,3
1137,8,P13,yes,4,-2.2486430441047105,0.5758000536158003,0.548458527973277,1342,1335,2026-06-01 14:24:08.600129,3
2929,11,P14,yes,1,-0.6638603292087737,0.6669548851735586,0.6607563687658172,1846,1822,2026-06-01 14:24:08.604205,3
1848,9,P05,no,5,2.7249936143862215,0.47225076494548685,0.4378234991142019,1555,1564,2026-06-01 14:24:08.611622,3
2489,10,P22,no,1,0.21557393642160605,0.7867684891624728,0.7820712676154848,1714,1668,2026-06-01 14:24:08.621218,3
1849,9,P03,yes,1,0.4412458590932147,0.4378234991142019,0.444671944737631,1556,1564,2026-06-01 14:24:08.642840,3
2930,11,P09,yes,1,0.6638603292087737,0.6607563687658172,0.6669548851735586,1847,1822,2026-06-01 14:24:08.668045,3
2490,10,P04,yes,1,0.7844260635781666,0.7820712676154848,0.7867684891624728,1715,1668,2026-06-01 14:24:08.676590,3
2491,10,P22,no,12,2.915539810838709,0.7867684891624728,0.7255622121589215,1715,1680,2026-06-01 14:24:08.709739,3
2931,11,P14,yes,18,-10.958013423193051,0.6669548851735586,0.548458527973277,1829,1822,2026-06-01 14:24:08.720979,3
2932,11,P16,yes,13,7.701515247163343,0.548458527973277,0.6354235592583607,1842,1822,2026-06-01 14:24:08.723729,3
441,7,P18,yes,14,9.833043706136323,0.6607563687658172,0.7418402904888368,962,924,2026-06-01 14:24:08.766826,3
1850,9,P23,no,1,-0.5518949420411445,0.444671944737631,0.4515414720267231,1556,1563,2026-06-01 14:24:08.768798,3
442,7,P22,no,7,1.9414679561203911,0.7418402904888368,0.702892745013669,962,931,2026-06-01 14:24:08.773583,3
2492,10,P05,yes,3,2.201262287270538,0.7255622121589215,0.7418402904888368,1718,1680,2026-06-01 14:24:08.774037,3
443,7,P13,no,4,1.2355214312050293,0.702892745013669,0.679178699175393,962,935,2026-06-01 14:24:08.791681,3
2933,11,P12,yes,2,1.2836513190668484,0.6354235592583607,0.6481942198637447,1844,1822,2026-06-01 14:24:08.797970,3
2493,10,P18,no,8,2.2414865408204605,0.7418402904888368,0.6970592839654074,1718,1688,2026-06-01 14:24:08.819931,3
444,7,P18,yes,1,-0.6761423985515194,0.679178699175393,0.6730961777222321,961,935,2026-06-01 14:24:08.830349,3
2494,10,P09,yes,1,0.6999814153002717,0.6970592839654074,0.702892745013669,1719,1688,2026-06-01 14:24:08.836678,3
1851,9,P09,no,1,0.5518949420411445,0.4515414720267231,0.444671944737631,1556,1564,2026-06-01 14:24:08.843906,3
2495,10,P22,no,13,-3.3972711488311234,0.702892745013669,0.7724543828071839,1719,1675,2026-06-01 14:24:08.850223,3
2934,11,P18,yes,1,0.6513526546057165,0.6481942198637447,0.6545022492518787,1845,1822,2026-06-01 14:24:08.869640,3
1852,9,P04,no,2,-1.0969108831445737,0.444671944737631,0.45842951678320015,1556,1562,2026-06-01 14:24:08.872238,3
2496,10,P09,yes,1,0.7748832883330579,0.7724543828071839,0.7772998611746911,1720,1675,2026-06-01 14:24:08.914786,3
1853,9,P05,yes,8,-3.448545768594613,0.45842951678320015,0.4039848066734832,1548,1562,2026-06-01 14:24:08.980637,3
1138,8,P19,yes,1,-0.5450159411034292,0.548458527973277,0.5415704832167999,1341,1335,2026-06-01 14:24:08.993965,3
445,7,P09,no,12,4.378394501407456,0.6730961777222321,0.5960151933265168,961,947,2026-06-01 14:24:09.010685,3
446,7,P01,yes,1,0.5993533336926475,0.5960151933265168,0.6026853379784917,962,947,2026-06-01 14:24:09.016284,3
2497,10,P22,yes,6,-4.574591835909359,0.7772998611746911,0.7471242672706695,1714,1675,2026-06-01 14:24:09.016516,3
2498,10,P04,yes,2,1.5046482132233905,0.7471242672706695,0.7574755792628283,1716,1675,2026-06-01 14:24:09.048466,3
2499,10,P21,no,11,-2.375390665710256,0.7574755792628283,0.8091419557551346,1716,1664,2026-06-01 14:24:09.050470,3
2500,10,P19,no,5,1.0094520946643115,0.8091419557551346,0.7867684891624728,1716,1669,2026-06-01 14:24:09.068442,3
2935,11,P14,no,18,7.280345121369464,0.6545022492518787,0.534666513353404,1845,1840,2026-06-01 14:24:09.073500,3
447,7,P08,no,1,-0.3939953052739611,0.6026853379784917,0.6093175418435606,962,946,2026-06-01 14:24:09.087181,3
2936,11,P13,no,14,-5.847547160143677,0.534666513353404,0.6289646649499733,1845,1826,2026-06-01 14:24:09.092726,3
2501,10,P18,no,18,4.664172890661803,0.7867684891624728,0.6911616123625146,1716,1687,2026-06-01 14:24:09.118391,3
1854,9,P03,yes,1,0.4073348384786186,0.4039848066734832,0.41069062390857347,1549,1562,2026-06-01 14:24:09.132430,3
448,7,P20,no,1,-0.38738299639965135,0.6093175418435606,0.6159095915435134,962,945,2026-06-01 14:24:09.151015,3
2502,10,P18,yes,1,0.6941157482679046,0.6911616123625146,0.6970592839654074,1717,1687,2026-06-01 14:24:09.164027,3
1855,9,P18,no,3,1.7980231899402952,0.41069062390857347,0.3906824581564393,1549,1565,2026-06-01 14:24:09.189760,3
2937,11,P09,yes,1,0.6321980651016474,0.6289646649499733,0.6354235592583607,1846,1826,2026-06-01 14:24:09.195196,3
1139,8,P10,yes,1,0.5450159411034292,0.5415704832167999,0.548458527973277,1342,1335,2026-06-01 14:24:09.230887,3
1856,9,P21,yes,4,-1.5102810715573014,0.3906824581564393,0.36457644074163925,1545,1565,2026-06-01 14:24:09.235576,3
2503,10,P17,yes,1,0.6999814153002717,0.6970592839654074,0.702892745013669,1718,1687,2026-06-01 14:24:09.246632,3
449,7,P09,no,3,1.1820249679808512,0.6159095915435134,0.5960151933265168,962,948,2026-06-01 14:24:09.259971,3
2938,11,P09,no,1,-0.3613670834831737,0.6354235592583607,0.6418340450887311,1846,1825,2026-06-01 14:24:09.274323,3
1857,9,P03,yes,1,0.36780193489835256,0.36457644074163925,0.3710353350500268,1546,1565,2026-06-01 14:24:09.277247,3
1140,8,P18,no,1,-0.44810505795885547,0.548458527973277,0.555328055262369,1342,1334,2026-06-01 14:24:09.284708,3
1858,9,P11,no,12,-7.069317182061923,0.3710353350500268,0.4515414720267231,1546,1553,2026-06-01 14:24:09.302529,3
450,7,P11,yes,1,0.5993533336928749,0.5960151933265168,0.6026853379784917,963,948,2026-06-01 14:24:09.336471,3
2504,10,P19,no,1,-0.2942177197944602,0.702892745013669,0.7086608250294356,1718,1686,2026-06-01 14:24:09.358719,3
451,7,P12,yes,1,0.6060046947259252,0.6026853379784917,0.6093175418435606,964,948,2026-06-01 14:24:09.388450,3
1859,9,P04,yes,4,1.8613694294062952,0.4515414720267231,0.4791787146272571,1550,1553,2026-06-01 14:24:09.414762,3
1860,9,P05,yes,8,-3.6127263853015847,0.4791787146272571,0.4241999463841996,1542,1553,2026-06-01 14:24:09.417696,3
452,7,P11,yes,1,0.612617003600235,0.6093175418435606,0.6159095915435134,965,948,2026-06-01 14:24:09.441268,3
1141,8,P10,yes,8,4.659901376679727,0.555328055262369,0.6093175418435606,1350,1334,2026-06-01 14:24:09.444352,3
1142,8,P17,no,2,0.7946419715810862,0.6093175418435606,0.5960151933265168,1350,1336,2026-06-01 14:24:09.448885,3
453,7,P19,no,1,-0.3808119245272792,0.6159095915435134,0.6224593312018546,965,947,2026-06-01 14:24:09.460705,3
1861,9,P04,no,9,-4.904627473503069,0.4241999463841996,0.4861146822539951,1542,1544,2026-06-01 14:24:09.488263,3
2505,10,P18,yes,13,-8.705129854384722,0.7086608250294356,0.6289646649499733,1705,1686,2026-06-01 14:24:09.490933,3
2506,10,P19,yes,1,0.6321980651011927,0.6289646649499733,0.6354235592583607,1706,1686,2026-06-01 14:24:09.496575,3
1143,8,P23,no,1,0.4073348384786186,0.5960151933265168,0.5893093760914265,1350,1337,2026-06-01 14:24:09.507863,3
1144,8,P12,no,1,0.4140575273477225,0.5893093760914265,0.5825702064623147,1350,1338,2026-06-01 14:24:09.508835,3
2507,10,P11,yes,1,0.638632916517281,0.6354235592583607,0.6418340450887311,1707,1686,2026-06-01 14:24:09.527670,3
2508,10,P17,yes,8,5.334419428992533,0.6418340450887311,0.6911616123625146,1715,1686,2026-06-01 14:24:09.532570,3
1862,9,P21,no,9,4.904627473503069,0.4861146822539951,0.4241999463841996,1542,1553,2026-06-01 14:24:09.536272,3
1863,9,P05,no,1,0.5791876120238157,0.4241999463841996,0.41742979353768533,1542,1554,2026-06-01 14:24:09.561060,3
1145,8,P04,yes,2,-1.1515905840246887,0.5825702064623147,0.5690013325681905,1348,1338,2026-06-01 14:24:09.568900,3
1864,9,P09,no,1,-0.5791876120238157,0.41742979353768533,0.4241999463841996,1542,1553,2026-06-01 14:24:09.573817,3
2509,10,P09,yes,5,-3.3804144986888787,0.6911616123625146,0.6607563687658172,1710,1686,2026-06-01 14:24:09.614720,3
454,7,P03,no,1,-0.3742842157319046,0.6224593312018546,0.6289646649499733,965,946,2026-06-01 14:24:09.619946,3
2510,10,P11,yes,8,5.480293942462595,0.6607563687658172,0.7086608250294356,1718,1686,2026-06-01 14:24:09.694754,3
2939,11,P09,no,2,0.7291690183815263,0.6418340450887311,0.6289646649499733,1846,1827,2026-06-01 14:24:09.712366,3
2940,11,P18,yes,8,-4.820674137957212,0.6289646649499733,0.5758000536158003,1838,1827,2026-06-01 14:24:09.730483,3
1865,9,P22,no,7,-3.8629875755432295,0.4241999463841996,0.47225076494548685,1542,1546,2026-06-01 14:24:09.737459,3
2941,11,P08,no,1,-0.42081238797641163,0.5758000536158003,0.5825702064623147,1838,1826,2026-06-01 14:24:09.758345,3
2942,11,P14,no,9,4.033538773278224,0.5825702064623147,0.520821285372743,1838,1835,2026-06-01 14:24:09.766484,3
1866,9,P21,yes,4,-1.8337605265203365,0.47225076494548685,0.444671944737631,1538,1546,2026-06-01 14:24:09.766499,3
2943,11,P08,yes,17,9.840145817757048,0.520821285372743,0.6354235592583607,1855,1835,2026-06-01 14:24:09.769137,3
2511,10,P05,no,1,-0.288482789507043,0.7086608250294356,0.7143624294910559,1718,1685,2026-06-01 14:24:09.786702,3
1867,9,P04,no,20,-9.724064285912846,0.444671944737631,0.5825702064623147,1538,1526,2026-06-01 14:24:09.788978,3
1868,9,P04,no,3,-1.2220390321333525,0.5825702064623147,0.6026853379784917,1538,1523,2026-06-01 14:24:09.788979,3
1146,8,P10,yes,1,0.5724029720011004,0.5690013325681905,0.5758000536158003,1349,1338,2026-06-01 14:24:09.813608,3
1869,9,P11,no,11,4.779863844566535,0.6026853379784917,0.5277492350545132,1538,1534,2026-06-01 14:24:09.829175,3
1870,9,P04,yes,18,10.599511097668938,0.5277492350545132,0.6481942198637447,1556,1534,2026-06-01 14:24:09.849564,3
1147,8,P20,no,1,0.42759702799889965,0.5758000536158003,0.5690013325681905,1349,1339,2026-06-01 14:24:09.859559,3
1871,9,P13,no,11,4.263476477874292,0.6481942198637447,0.5758000536158003,1556,1545,2026-06-01 14:24:09.862986,3
455,7,P09,no,2,0.7550961402591838,0.6289646649499733,0.6159095915435134,965,948,2026-06-01 14:24:09.871081,3
1148,8,P03,no,1,0.4344090108443197,0.5690013325681905,0.5621765008857981,1349,1340,2026-06-01 14:24:09.873153,3
1872,9,P17,no,1,0.42759702799889965,0.5758000536158003,0.5690013325681905,1556,1546,2026-06-01 14:24:09.901455,3
1873,9,P22,no,1,0.4344090108443197,0.5690013325681905,0.5621765008857981,1556,1547,2026-06-01 14:24:09.912896,3
2944,11,P08,no,7,2.712257881617006,0.6354235592583607,0.5893093760914265,1855,1842,2026-06-01 14:24:09.920922,3
2945,11,P14,yes,1,-0.5859424726522775,0.5893093760914265,0.5825702064623147,1854,1842,2026-06-01 14:24:09.927624,3
2946,11,P20,yes,1,0.5859424726522775,0.5825702064623147,0.5893093760914265,1855,1842,2026-06-01 14:24:09.936706,3
2512,10,P21,yes,3,2.1682864710257945,0.7143624294910559,0.7310585786300049,1721,1685,2026-06-01 14:24:09.944364,3
1874,9,P18,yes,1,0.5655909891556803,0.5621765008857981,0.5690013325681905,1557,1547,2026-06-01 14:24:09.964271,3
2513,10,P09,no,3,0.8317135289744328,0.7310585786300049,0.7143624294910559,1721,1688,2026-06-01 14:24:09.999066,3
2947,11,P13,yes,9,5.5713934374500695,0.5893093760914265,0.6481942198637447,1864,1842,2026-06-01 14:24:10.001356,3
1875,9,P21,yes,1,-0.5655909891556803,0.5690013325681905,0.5621765008857981,1556,1547,2026-06-01 14:24:10.008659,3
2948,11,P14,no,2,0.7163486809329243,0.6481942198637447,0.6354235592583607,1864,1844,2026-06-01 14:24:10.039389,3
1876,9,P11,no,1,0.4412458590932147,0.5621765008857981,0.555328055262369,1556,1548,2026-06-01 14:24:10.096868,3
1149,8,P04,no,5,2.275006385613551,0.5621765008857981,0.5277492350545132,1349,1345,2026-06-01 14:24:10.191436,3
2514,10,P21,no,2,-0.5600297340897669,0.7143624294910559,0.7255622121589215,1721,1686,2026-06-01 14:24:10.208689,3
1150,8,P09,no,1,-0.4687911263558817,0.5277492350545132,0.534666513353404,1349,1344,2026-06-01 14:24:10.221297,3
1877,9,P21,no,5,2.3094744873651507,0.555328055262369,0.520821285372743,1556,1553,2026-06-01 14:24:10.227134,3
1878,9,P04,yes,7,3.8148706426970875,0.520821285372743,0.5690013325681905,1563,1553,2026-06-01 14:24:10.229696,3
1879,9,P23,no,1,0.4344090108445471,0.5690013325681905,0.5621765008857981,1563,1554,2026-06-01 14:24:10.238865,3
1880,9,P22,no,1,0.4412458590929873,0.5621765008857981,0.555328055262369,1563,1555,2026-06-01 14:24:10.239534,3
1881,9,P05,no,1,0.44810505795908284,0.555328055262369,0.548458527973277,1563,1556,2026-06-01 14:24:10.245656,3
2949,11,P14,yes,1,-0.6321980651016474,0.6354235592583607,0.6289646649499733,1863,1844,2026-06-01 14:24:10.253271,3
1882,9,P05,no,17,8.67624007210361,0.548458527973277,0.4309986674318095,1563,1573,2026-06-01 14:24:10.287675,3
1151,8,P10,yes,1,0.5381197166909715,0.534666513353404,0.5415704832167999,1350,1344,2026-06-01 14:24:10.304421,3
2515,10,P02,no,1,-0.271683794884666,0.7255622121589215,0.7310585786300049,1721,1685,2026-06-01 14:24:10.309602,3
2516,10,P05,yes,1,0.7337775846078785,0.7310585786300049,0.736484844941675,1722,1685,2026-06-01 14:24:10.354416,3
2517,10,P05,no,1,-0.260831502452902,0.736484844941675,0.7418402904888368,1722,1684,2026-06-01 14:24:10.370992,3
1152,8,P10,yes,1,0.5450159411034292,0.5415704832167999,0.548458527973277,1351,1344,2026-06-01 14:24:10.389775,3
1883,9,P05,yes,1,-0.42759702799889965,0.4309986674318095,0.4241999463841996,1562,1573,2026-06-01 14:24:10.440075,3
2950,11,P14,no,2,0.7550961402591838,0.6289646649499733,0.6159095915435134,1863,1846,2026-06-01 14:24:10.446808,3
1153,8,P04,yes,1,-0.5450159411034292,0.548458527973277,0.5415704832167999,1350,1344,2026-06-01 14:24:10.517058,3
1884,9,P13,yes,2,0.8620060388432194,0.4241999463841996,0.4378234991142019,1564,1573,2026-06-01 14:24:10.521193,3
1885,9,P09,no,1,0.5655909891556803,0.4378234991142019,0.4309986674318095,1564,1574,2026-06-01 14:24:10.543369,3
1886,9,P11,yes,7,3.185129357302685,0.4309986674318095,0.4791787146272571,1571,1574,2026-06-01 14:24:10.543495,3
2951,11,P14,yes,5,-2.9965826661925803,0.6159095915435134,0.5825702064623147,1858,1846,2026-06-01 14:24:10.580046,3
2952,11,P19,yes,1,0.5859424726520501,0.5825702064623147,0.5893093760914265,1859,1846,2026-06-01 14:24:10.581617,3
1154,8,P04,no,1,0.4618802833090285,0.5415704832167999,0.534666513353404,1350,1345,2026-06-01 14:24:10.594378,3
2953,11,P12,no,1,-0.4073348384786186,0.5893093760914265,0.5960151933265168,1859,1845,2026-06-01 14:24:10.613441,3
2954,11,P03,yes,8,4.978728275928688,0.5960151933265168,0.6481942198637447,1867,1845,2026-06-01 14:24:10.618878,3
1155,8,P10,no,9,-3.9104260519036416,0.534666513353404,0.5960151933265168,1350,1336,2026-06-01 14:24:10.637585,3
1156,8,P19,no,8,3.448545768594613,0.5960151933265168,0.5415704832167999,1350,1344,2026-06-01 14:24:10.655340,3
2955,11,P14,no,2,0.7163486809329243,0.6481942198637447,0.6354235592583607,1867,1847,2026-06-01 14:24:10.660969,3
1157,8,P09,no,10,4.930671409665138,0.5415704832167999,0.47225076494548685,1350,1354,2026-06-01 14:24:10.729736,3
1887,9,P18,no,1,-0.5173538588048814,0.4791787146272571,0.4861146822539951,1571,1573,2026-06-01 14:24:10.740054,3
1158,8,P24,yes,2,0.9583601020399328,0.47225076494548685,0.4861146822539951,1352,1354,2026-06-01 14:24:10.740510,3
2518,10,P21,yes,1,0.7444882597133073,0.7418402904888368,0.7471242672706695,1723,1684,2026-06-01 14:24:10.769500,3
1159,8,P18,no,10,5.483815085526885,0.4861146822539951,0.41742979353768533,1352,1364,2026-06-01 14:24:10.769816,3
1160,8,P10,no,3,-1.717181573180369,0.41742979353768533,0.4378234991142019,1352,1361,2026-06-01 14:24:10.773427,3
2956,11,P14,no,1,0.36780193489857993,0.6354235592583607,0.6289646649499733,1867,1848,2026-06-01 14:24:10.823608,3
1161,8,P20,yes,1,0.4412458590929873,0.4378234991142019,0.444671944737631,1353,1361,2026-06-01 14:24:10.860012,3
2957,11,P14,no,1,0.37428421573167725,0.6289646649499733,0.6224593312018546,1867,1849,2026-06-01 14:24:10.877151,3
2519,10,P21,no,11,-2.4803484682747694,0.7471242672706695,0.8004148013462675,1723,1673,2026-06-01 14:24:10.889517,3
456,7,P18,no,1,-0.3808119245272792,0.6159095915435134,0.6224593312018546,965,947,2026-06-01 14:24:10.914744,3
1162,8,P01,yes,4,1.8337605265205639,0.444671944737631,0.47225076494548685,1357,1361,2026-06-01 14:24:10.946462,3
1163,8,P03,yes,1,0.4757139608448142,0.47225076494548685,0.4791787146272571,1358,1361,2026-06-01 14:24:10.956729,3
2520,10,P17,no,10,2.230084727256326,0.8004148013462675,0.7523361988609284,1723,1683,2026-06-01 14:24:10.963253,3
2521,10,P21,yes,3,2.2799714444811343,0.7523361988609284,0.7675350070438758,1726,1683,2026-06-01 14:24:10.964964,3
1888,9,P04,yes,3,1.4895850074617556,0.4861146822539951,0.5069439979482607,1574,1573,2026-06-01 14:24:10.992007,3
2522,10,P09,no,5,1.2258040368240017,0.7675350070438758,0.7418402904888368,1726,1688,2026-06-01 14:24:10.998974,3
457,7,P09,no,13,5.473262944411999,0.6224593312018546,0.534666513353404,965,960,2026-06-01 14:24:11.035958,3
2523,10,P04,yes,1,0.7444882597133073,0.7418402904888368,0.7471242672706695,1727,1688,2026-06-01 14:24:11.038316,3
1889,9,P01,yes,6,-2.91673623585757,0.5069439979482607,0.46533348664659613,1568,1573,2026-06-01 14:24:11.044109,3
1164,8,P11,yes,1,0.48264614119489124,0.4791787146272571,0.4861146822539951,1359,1361,2026-06-01 14:24:11.044514,3
2958,11,P09,yes,5,-3.0298282690130236,0.6224593312018546,0.5893093760914265,1862,1849,2026-06-01 14:24:11.059001,3
2524,10,P05,no,1,-0.250263741018216,0.7471242672706695,0.7523361988609284,1727,1687,2026-06-01 14:24:11.059244,3
458,7,P13,yes,9,5.089573948096358,0.534666513353404,0.5960151933265168,974,960,2026-06-01 14:24:11.067187,3
2959,11,P23,yes,1,0.592665161521154,0.5893093760914265,0.5960151933265168,1863,1849,2026-06-01 14:24:11.072979,3
1165,8,P11,no,1,-0.5104149925382444,0.4861146822539951,0.49305600205173933,1359,1360,2026-06-01 14:24:11.077387,3
2960,11,P14,yes,2,-1.1786076341734315,0.5960151933265168,0.5825702064623147,1861,1849,2026-06-01 14:24:11.082818,3
1166,8,P09,no,16,-7.227808954068223,0.49305600205173933,0.6026853379784917,1359,1344,2026-06-01 14:24:11.105035,3
1890,9,P04,no,13,-6.364969400164455,0.46533348664659613,0.555328055262369,1568,1560,2026-06-01 14:24:11.110394,3
2961,11,P09,yes,20,-10.275935714087382,0.5825702064623147,0.444671944737631,1841,1849,2026-06-01 14:24:11.113153,3
2962,11,P09,yes,6,-2.5454566517389594,0.444671944737631,0.4039848066734832,1835,1849,2026-06-01 14:24:11.113154,3
1167,8,P09,no,1,0.4006466663070114,0.6026853379784917,0.5960151933265168,1359,1345,2026-06-01 14:24:11.114094,3
1891,9,P11,no,1,0.44810505795908284,0.555328055262369,0.548458527973277,1568,1561,2026-06-01 14:24:11.133728,3
1892,9,P04,no,1,-0.44810505795908284,0.548458527973277,0.555328055262369,1568,1560,2026-06-01 14:24:11.134689,3
1893,9,P12,no,1,0.44810505795908284,0.555328055262369,0.548458527973277,1568,1561,2026-06-01 14:24:11.136881,3
459,7,P03,no,1,-0.4006466663072388,0.5960151933265168,0.6026853379784917,974,959,2026-06-01 14:24:11.137607,3
1894,9,P04,yes,3,1.6762400721031554,0.548458527973277,0.5690013325681905,1571,1561,2026-06-01 14:24:11.155862,3
1895,9,P22,no,1,0.4344090108445471,0.5690013325681905,0.5621765008857981,1571,1562,2026-06-01 14:24:11.156005,3
1168,8,P01,no,1,0.4073348384786186,0.5960151933265168,0.5893093760914265,1359,1346,2026-06-01 14:24:11.183575,3
1169,8,P03,no,1,0.4140575273477225,0.5893093760914265,0.5825702064623147,1359,1347,2026-06-01 14:24:11.185618,3
1170,8,P07,no,14,6.516184914473115,0.5825702064623147,0.4861146822539951,1359,1361,2026-06-01 14:24:11.188097,3
1171,8,P10,yes,1,0.4895850074617556,0.4861146822539951,0.49305600205173933,1360,1361,2026-06-01 14:24:11.191373,3
1896,9,P08,no,1,0.4412458590929873,0.5621765008857981,0.555328055262369,1571,1563,2026-06-01 14:24:11.193868,3
2963,11,P21,yes,1,0.40733483847839125,0.4039848066734832,0.41069062390857347,1836,1849,2026-06-01 14:24:11.207053,3
2964,11,P01,no,6,-3.4137731287805764,0.41069062390857347,0.4515414720267231,1836,1843,2026-06-01 14:24:11.210983,3
1172,8,P09,no,13,7.172837712238788,0.49305600205173933,0.4039848066734832,1360,1374,2026-06-01 14:24:11.217448,3
1173,8,P18,yes,3,1.2422047538027527,0.4039848066734832,0.4241999463841996,1363,1374,2026-06-01 14:24:11.219572,3
1897,9,P19,no,7,3.281705636022025,0.555328055262369,0.5069439979482607,1571,1570,2026-06-01 14:24:11.252889,3
1174,8,P12,yes,17,8.20634101479186,0.4241999463841996,0.5415704832167999,1380,1374,2026-06-01 14:24:11.256449,3
1898,9,P19,yes,1,-0.5034721105948847,0.5069439979482607,0.5,1570,1570,2026-06-01 14:24:11.257602,3
2525,10,P01,no,6,1.5817280776720963,0.7523361988609284,0.7199965396446176,1727,1693,2026-06-01 14:24:11.263572,3
2965,11,P13,yes,6,2.8336005780631695,0.4515414720267231,0.49305600205173933,1842,1843,2026-06-01 14:24:11.273077,3
460,7,P18,yes,1,0.6060046947259252,0.6026853379784917,0.6093175418435606,975,959,2026-06-01 14:24:11.288040,3
2966,11,P24,yes,8,4.1663994219368305,0.49305600205173933,0.548458527973277,1850,1843,2026-06-01 14:24:11.291100,3
461,7,P19,yes,8,5.08235677526352,0.6093175418435606,0.6607563687658172,983,959,2026-06-01 14:24:11.295720,3
2526,10,P05,no,11,-2.756872500744521,0.7199965396446176,0.7772998611746911,1727,1682,2026-06-01 14:24:11.313514,3
1899,9,P05,yes,4,-1.944472998906349,0.5,0.47225076494548685,1566,1570,2026-06-01 14:24:11.356835,3
2967,11,P23,yes,1,0.5518949420409172,0.548458527973277,0.555328055262369,1851,1843,2026-06-01 14:24:11.403915,3
1900,9,P05,no,4,2.166239473479436,0.47225076494548685,0.444671944737631,1566,1574,2026-06-01 14:24:11.415699,3
2527,10,P12,yes,6,-4.574591835909359,0.7772998611746911,0.7471242672706695,1721,1682,2026-06-01 14:24:11.422803,3
1901,9,P04,yes,1,0.44810505795885547,0.444671944737631,0.4515414720267231,1567,1574,2026-06-01 14:24:11.426015,3
462,7,P13,yes,1,-0.6576338731481428,0.6607563687658172,0.6545022492518787,982,959,2026-06-01 14:24:11.431737,3
2968,11,P23,yes,1,0.5587541409070127,0.555328055262369,0.5621765008857981,1852,1843,2026-06-01 14:24:11.468181,3
2969,11,P20,yes,1,0.5655909891556803,0.5621765008857981,0.5690013325681905,1853,1843,2026-06-01 14:24:11.484180,3
2970,11,P20,no,1,-0.42759702799889965,0.5690013325681905,0.5758000536158003,1853,1842,2026-06-01 14:24:11.511282,3
2528,10,P21,no,11,-2.4803484682749968,0.7471242672706695,0.8004148013462675,1721,1671,2026-06-01 14:24:11.515604,3
2529,10,P01,no,1,0.20181631079458384,0.8004148013462675,0.7959402230407707,1721,1672,2026-06-01 14:24:11.518065,3
2530,10,P05,no,2,-0.39919508344496535,0.7959402230407707,0.8048153229861598,1721,1670,2026-06-01 14:24:11.523448,3
2531,10,P05,yes,1,0.80698478843874,0.8048153229861598,0.8091419557551346,1722,1670,2026-06-01 14:24:11.550935,3
2971,11,P09,yes,13,8.045510049879795,0.5758000536158003,0.6607563687658172,1866,1842,2026-06-01 14:24:11.576323,3
463,7,P09,yes,1,0.6576338731481428,0.6545022492518787,0.6607563687658172,983,959,2026-06-01 14:24:11.584974,3
2532,10,P03,no,1,0.19301521156126,0.8091419557551346,0.8048153229861598,1722,1671,2026-06-01 14:24:11.635619,3
2972,11,P18,no,6,2.149448303809322,0.6607563687658172,0.6224593312018546,1866,1848,2026-06-01 14:24:11.674246,3
1902,9,P22,yes,6,2.8336005780631695,0.4515414720267231,0.49305600205173933,1573,1574,2026-06-01 14:24:11.674961,3
464,7,P09,yes,16,11.327268224831187,0.6607563687658172,0.7523361988609284,999,959,2026-06-01 14:24:11.741963,3
465,7,P08,no,1,0.2502637410184434,0.7523361988609284,0.7471242672706695,999,960,2026-06-01 14:24:11.753877,3
2973,11,P14,no,1,0.3808119245272792,0.6224593312018546,0.6159095915435134,1866,1849,2026-06-01 14:24:11.776435,3
1903,9,P05,yes,13,-5.827162287761212,0.49305600205173933,0.4039848066734832,1560,1574,2026-06-01 14:24:11.788248,3
1904,9,P22,yes,1,0.407334838478846,0.4039848066734832,0.41069062390857347,1561,1574,2026-06-01 14:24:11.802245,3
1175,8,P10,yes,1,0.5450159411036566,0.5415704832167999,0.548458527973277,1381,1374,2026-06-01 14:24:11.805903,3
466,7,P19,no,1,0.25551174028680634,0.7471242672706695,0.7418402904888368,999,961,2026-06-01 14:24:11.815302,3
1905,9,P04,yes,1,0.4140575273474951,0.41069062390857347,0.41742979353768533,1562,1574,2026-06-01 14:24:11.835741,3
1176,8,P10,yes,6,3.413773128780349,0.548458527973277,0.5893093760914265,1387,1374,2026-06-01 14:24:11.857771,3
467,7,P09,no,1,0.2608315024525609,0.7418402904888368,0.736484844941675,999,962,2026-06-01 14:24:11.859322,3
1906,9,P20,yes,1,0.42081238797641163,0.41742979353768533,0.4241999463841996,1563,1574,2026-06-01 14:24:11.865337,3
2533,10,P21,no,5,-0.9229122011645359,0.8048153229861598,0.8257146788214146,1722,1666,2026-06-01 14:24:11.874751,3
2974,11,P18,yes,4,2.5157348413595173,0.6159095915435134,0.6418340450887311,1870,1849,2026-06-01 14:24:11.877706,3
468,7,P19,no,11,3.24001548632134,0.736484844941675,0.6730961777222321,999,973,2026-06-01 14:24:11.882730,3
1177,8,P08,no,1,0.4140575273477225,0.5893093760914265,0.5825702064623147,1387,1375,2026-06-01 14:24:11.888843,3
1907,9,P23,no,12,-6.415042466041768,0.4241999463841996,0.5069439979482607,1563,1562,2026-06-01 14:24:11.889564,3
2534,10,P21,yes,1,0.8277013900203656,0.8257146788214146,0.8296760813561542,1723,1666,2026-06-01 14:24:11.894605,3
2535,10,P21,yes,2,1.6671073805187007,0.8296760813561542,0.8373836916384682,1725,1666,2026-06-01 14:24:11.923102,3
2975,11,P24,yes,1,-0.6386329165170537,0.6418340450887311,0.6354235592583607,1869,1849,2026-06-01 14:24:11.924700,3
469,7,P12,no,6,2.073471458268841,0.6730961777222321,0.6354235592583607,999,979,2026-06-01 14:24:11.934364,3
470,7,P09,yes,12,8.072931789283189,0.6354235592583607,0.7086608250294356,1011,979,2026-06-01 14:24:11.936173,3
471,7,P01,no,15,5.049966285874461,0.7086608250294356,0.6159095915435134,1011,994,2026-06-01 14:24:11.939556,3
2976,11,P12,no,1,0.36780193489835256,0.6354235592583607,0.6289646649499733,1869,1850,2026-06-01 14:24:11.944566,3
1178,8,P12,no,11,5.005769921934871,0.5825702064623147,0.5069439979482607,1387,1386,2026-06-01 14:24:11.947828,3
2536,10,P21,yes,1,0.8392631789170082,0.8373836916384682,0.8411308951190849,1726,1666,2026-06-01 14:24:11.954291,3
2537,10,P05,yes,2,1.6895922534508827,0.8411308951190849,0.8484148512107131,1728,1666,2026-06-01 14:24:11.979859,3
2538,10,P01,no,1,0.15338290922727538,0.8484148512107131,0.844807753762903,1728,1667,2026-06-01 14:24:11.992858,3
472,7,P11,yes,1,0.6191880754724934,0.6159095915435134,0.6224593312018546,1012,994,2026-06-01 14:24:12.000572,3
473,7,P19,yes,2,1.2579138493699702,0.6224593312018546,0.6354235592583607,1014,994,2026-06-01 14:24:12.002436,3
1908,9,P09,yes,16,-7.227808954068223,0.5069439979482607,0.3973146620215083,1547,1562,2026-06-01 14:24:12.013375,3
2539,10,P13,no,3,0.4822810863340692,0.844807753762903,0.8335655924457414,1728,1670,2026-06-01 14:24:12.026402,3
1179,8,P09,yes,1,0.5104149925382444,0.5069439979482607,0.5138853177460049,1388,1386,2026-06-01 14:24:12.040629,3
2540,10,P03,no,1,0.16837319155206387,0.8335655924457414,0.8296760813561542,1728,1671,2026-06-01 14:24:12.043237,3
1909,9,P11,yes,1,0.4006466663072388,0.3973146620215083,0.4039848066734832,1548,1562,2026-06-01 14:24:12.074065,3
1910,9,P07,yes,9,3.9104260519036416,0.4039848066734832,0.46533348664659613,1557,1562,2026-06-01 14:24:12.113702,3
2541,10,P13,no,1,0.17229860997963442,0.8296760813561542,0.8257146788214146,1728,1672,2026-06-01 14:24:12.161223,3
2542,10,P22,no,1,0.17629614362635948,0.8257146788214146,0.8216809438923075,1728,1673,2026-06-01 14:24:12.179931,3
2543,10,P22,no,1,0.18036621331839342,0.8216809438923075,0.8175744761936437,1728,1674,2026-06-01 14:24:12.213242,3
1180,8,P09,no,1,-0.48264614119489124,0.5138853177460049,0.520821285372743,1388,1385,2026-06-01 14:24:12.224288,3
2544,10,P03,no,1,0.18450919831866486,0.8175744761936437,0.8133949179068393,1728,1675,2026-06-01 14:24:12.268379,3
2545,10,P05,yes,1,0.8154908016813351,0.8133949179068393,0.8175744761936437,1729,1675,2026-06-01 14:24:12.272904,3
2546,10,P18,yes,8,-6.4017393362555595,0.8175744761936437,0.7820712676154848,1721,1675,2026-06-01 14:24:12.329959,3
1911,9,P04,yes,1,0.4687911263558817,0.46533348664659613,0.47225076494548685,1558,1562,2026-06-01 14:24:12.370510,3
1912,9,P04,no,1,-0.5242860391549584,0.47225076494548685,0.4791787146272571,1558,1561,2026-06-01 14:24:12.378890,3
2977,11,P09,no,4,1.5364744419327963,0.6289646649499733,0.6026853379784917,1869,1854,2026-06-01 14:24:12.387644,3
2978,11,P14,no,5,2.070448448108664,0.6026853379784917,0.5690013325681905,1869,1859,2026-06-01 14:24:12.409589,3
2547,10,P19,yes,6,-4.604547319617723,0.7820712676154848,0.7523361988609284,1715,1675,2026-06-01 14:24:12.424987,3
2548,10,P21,no,8,-1.821940448714031,0.7523361988609284,0.791391472673955,1715,1667,2026-06-01 14:24:12.427158,3
2979,11,P22,no,1,-0.4275970279986723,0.5690013325681905,0.5758000536158003,1869,1858,2026-06-01 14:24:12.437703,3
1181,8,P10,no,1,-0.4757139608448142,0.520821285372743,0.5277492350545132,1388,1384,2026-06-01 14:24:12.462979,3
2549,10,P05,no,1,-0.20632796774816597,0.791391472673955,0.7959402230407707,1715,1666,2026-06-01 14:24:12.501091,3
2980,11,P23,yes,4,2.357148579890236,0.5758000536158003,0.6026853379784917,1873,1858,2026-06-01 14:24:12.505515,3
1182,8,P18,yes,1,0.5312088736441183,0.5277492350545132,0.534666513353404,1389,1384,2026-06-01 14:24:12.514696,3
1183,8,P10,no,1,-0.4618802833092559,0.534666513353404,0.5415704832167999,1389,1383,2026-06-01 14:24:12.522219,3
1913,9,P18,no,1,0.5242860391549584,0.4791787146272571,0.47225076494548685,1558,1562,2026-06-01 14:24:12.555504,3
2550,10,P20,no,5,1.0782407050567144,0.7959402230407707,0.7724543828071839,1715,1671,2026-06-01 14:24:12.598400,3
2551,10,P18,no,1,-0.22511671166694214,0.7724543828071839,0.7772998611746911,1715,1670,2026-06-01 14:24:12.628103,3
2552,10,P23,no,10,2.479657617107023,0.7772998611746911,0.7255622121589215,1715,1680,2026-06-01 14:24:12.716486,3
1184,8,P09,yes,2,1.0969108831443464,0.5415704832167999,0.555328055262369,1391,1383,2026-06-01 14:24:12.747308,3
2981,11,P09,no,1,0.4006466663070114,0.6026853379784917,0.5960151933265168,1873,1859,2026-06-01 14:24:12.783126,3
1185,8,P10,no,8,-3.340098623320273,0.555328055262369,0.6093175418435606,1391,1375,2026-06-01 14:24:12.789086,3
2553,10,P08,yes,5,3.695486805965402,0.7255622121589215,0.7523361988609284,1720,1680,2026-06-01 14:24:12.826996,3
1914,9,P09,yes,1,-0.4687911263558817,0.47225076494548685,0.46533348664659613,1557,1562,2026-06-01 14:24:12.831441,3
474,7,P09,no,1,0.36780193489835256,0.6354235592583607,0.6289646649499733,1014,995,2026-06-01 14:24:12.832872,3
1186,8,P10,yes,2,1.2318050790729558,0.6093175418435606,0.6224593312018546,1393,1375,2026-06-01 14:24:12.834675,3
1187,8,P12,no,4,1.5628368925083578,0.6224593312018546,0.5960151933265168,1393,1379,2026-06-01 14:24:12.896427,3
1188,8,P18,no,1,0.407334838478846,0.5960151933265168,0.5893093760914265,1393,1380,2026-06-01 14:24:12.939451,3
2554,10,P05,no,1,-0.24508804575793874,0.7523361988609284,0.7574755792628283,1720,1679,2026-06-01 14:24:12.973934,3
2555,10,P18,no,1,0.24508804575793874,0.7574755792628283,0.7523361988609284,1720,1680,2026-06-01 14:24:12.974742,3
2982,11,P09,no,7,2.9935617096980423,0.5960151933265168,0.548458527973277,1873,1866,2026-06-01 14:24:12.987658,3
2983,11,P23,no,11,-4.5563986022064,0.548458527973277,0.6224593312018546,1873,1855,2026-06-01 14:24:13.003488,3
1915,9,P18,yes,5,-2.2406242701022165,0.46533348664659613,0.4309986674318095,1552,1562,2026-06-01 14:24:13.015547,3
1916,9,P23,yes,3,1.3237599278966172,0.4309986674318095,0.4515414720267231,1555,1562,2026-06-01 14:24:13.023420,3
1189,8,P10,yes,5,3.0298282690130236,0.5893093760914265,0.6224593312018546,1398,1380,2026-06-01 14:24:13.125194,3
1917,9,P04,yes,2,0.9168643422055993,0.4515414720267231,0.46533348664659613,1557,1562,2026-06-01 14:24:13.153595,3
1190,8,P23,no,14,5.942054070767881,0.6224593312018546,0.5277492350545132,1398,1394,2026-06-01 14:24:13.154837,3
2556,10,P02,yes,1,0.7549119542420613,0.7523361988609284,0.7574755792628283,1721,1680,2026-06-01 14:24:13.179972,3
2557,10,P02,no,1,-0.23998512580624265,0.7574755792628283,0.7625419716560975,1721,1679,2026-06-01 14:24:13.259195,3
2558,10,P02,no,1,-0.23495538395445692,0.7625419716560975,0.7675350070438758,1721,1678,2026-06-01 14:24:13.296351,3
2559,10,P09,yes,1,0.7700008441133832,0.7675350070438758,0.7724543828071839,1722,1678,2026-06-01 14:24:13.300041,3
1918,9,P04,yes,1,0.4687911263558817,0.46533348664659613,0.47225076494548685,1558,1562,2026-06-01 14:24:13.343801,3
1919,9,P09,no,5,2.724993614386676,0.47225076494548685,0.4378234991142019,1558,1567,2026-06-01 14:24:13.468526,3
1920,9,P18,no,1,0.5655909891554529,0.4378234991142019,0.4309986674318095,1558,1568,2026-06-01 14:24:13.477070,3
475,7,P18,no,12,4.930682817938305,0.6289646649499733,0.548458527973277,1014,1007,2026-06-01 14:24:13.480249,3
476,7,P19,yes,13,7.701515247163115,0.548458527973277,0.6354235592583607,1027,1007,2026-06-01 14:24:13.487936,3
1921,9,P23,yes,1,0.4344090108445471,0.4309986674318095,0.4378234991142019,1559,1568,2026-06-01 14:24:13.493961,3
1922,9,P04,no,1,-0.5587541409070127,0.4378234991142019,0.444671944737631,1559,1567,2026-06-01 14:24:13.528343,3
477,7,P18,no,11,4.409133835784814,0.6354235592583607,0.5621765008857981,1027,1018,2026-06-01 14:24:13.529536,3
2984,11,P18,no,1,0.38081192452750656,0.6224593312018546,0.6159095915435134,1873,1856,2026-06-01 14:24:13.565825,3
478,7,P23,yes,13,7.874517483282489,0.5621765008857981,0.6481942198637447,1040,1018,2026-06-01 14:24:13.614632,3
1191,8,P09,yes,1,0.5312088736441183,0.5277492350545132,0.534666513353404,1399,1394,2026-06-01 14:24:13.696643,3
479,7,P09,yes,14,9.669084151735206,0.6481942198637447,0.7310585786300049,1054,1018,2026-06-01 14:24:13.755549,3
2985,11,P09,no,1,0.38738299639976503,0.6159095915435134,0.6093175418435606,1873,1857,2026-06-01 14:24:13.763160,3
480,7,P01,no,10,2.9737930709288776,0.7310585786300049,0.6730961777222321,1054,1028,2026-06-01 14:24:13.772784,3
2560,10,P18,no,1,0.2299991558866168,0.7724543828071839,0.7675350070438758,1722,1679,2026-06-01 14:24:13.777344,3
1923,9,P13,yes,1,0.44810505795885547,0.444671944737631,0.4515414720267231,1560,1567,2026-06-01 14:24:13.818897,3
1192,8,P10,yes,2,1.0831356577941733,0.534666513353404,0.548458527973277,1401,1394,2026-06-01 14:24:13.844752,3
2561,10,P21,yes,2,1.5448841324462137,0.7675350070438758,0.7772998611746911,1724,1679,2026-06-01 14:24:13.854259,3
2562,10,P19,yes,1,-0.7748832883328305,0.7772998611746911,0.7724543828071839,1723,1679,2026-06-01 14:24:13.936413,3
481,7,P03,no,1,0.32996963429854986,0.6730961777222321,0.6669548851735586,1054,1029,2026-06-01 14:24:13.949614,3
2563,10,P21,no,7,-1.4774357885016798,0.7724543828071839,0.8048153229861598,1723,1672,2026-06-01 14:24:13.951780,3
2564,10,P22,yes,1,-0.8026212273493911,0.8048153229861598,0.8004148013462675,1722,1672,2026-06-01 14:24:14.072189,3
482,7,P09,no,20,-5.511736527450012,0.6669548851735586,0.7772998611746911,1054,1009,2026-06-01 14:24:14.080455,3
1193,8,P10,no,1,-0.44810505795908284,0.548458527973277,0.555328055262369,1401,1393,2026-06-01 14:24:14.086738,3
483,7,P09,no,1,0.22511671166694214,0.7772998611746911,0.7724543828071839,1054,1010,2026-06-01 14:24:14.111403,3
2565,10,P09,yes,1,0.8026212273493911,0.8004148013462675,0.8048153229861598,1723,1672,2026-06-01 14:24:14.130063,3
484,7,P11,no,16,4.314987497680249,0.7724543828071839,0.6852009766653157,1054,1026,2026-06-01 14:24:14.136107,3
485,7,P22,no,11,3.838032217230648,0.6852009766653157,0.6159095915435134,1054,1037,2026-06-01 14:24:14.143523,3
486,7,P09,no,5,2.0034173338074197,0.6159095915435134,0.5825702064623147,1054,1042,2026-06-01 14:24:14.151660,3
487,7,P01,yes,1,0.5859424726520501,0.5825702064623147,0.5893093760914265,1055,1042,2026-06-01 14:24:14.171440,3
488,7,P11,no,8,-3.0736249650999525,0.5893093760914265,0.6418340450887311,1055,1034,2026-06-01 14:24:14.205973,3
1194,8,P10,no,2,-0.8756548699375344,0.555328055262369,0.5690013325681905,1401,1391,2026-06-01 14:24:14.218042,3
1195,8,P09,yes,1,0.5724029720013277,0.5690013325681905,0.5758000536158003,1402,1391,2026-06-01 14:24:14.225988,3
2986,11,P09,yes,1,0.612617003600235,0.6093175418435606,0.6159095915435134,1874,1857,2026-06-01 14:24:14.226745,3
2987,11,P09,no,2,-0.7550961402591838,0.6159095915435134,0.6289646649499733,1874,1855,2026-06-01 14:24:14.247019,3
1196,8,P20,no,8,3.6127263853015847,0.5758000536158003,0.520821285372743,1402,1399,2026-06-01 14:24:14.287180,3
489,7,P09,yes,1,0.6450184025497947,0.6418340450887311,0.6481942198637447,1056,1034,2026-06-01 14:24:14.316630,3
1924,9,P18,no,1,-0.5450159411034292,0.4515414720267231,0.45842951678320015,1560,1566,2026-06-01 14:24:14.331962,3
1197,8,P09,no,2,-0.9445050872006959,0.520821285372743,0.534666513353404,1402,1397,2026-06-01 14:24:14.351839,3
1198,8,P10,yes,3,1.6350305998355452,0.534666513353404,0.555328055262369,1405,1397,2026-06-01 14:24:14.369208,3
2988,11,P09,yes,4,2.567202038773985,0.6289646649499733,0.6545022492518787,1878,1855,2026-06-01 14:24:14.393312,3
490,7,P09,no,1,-0.34864734539428355,0.6481942198637447,0.6545022492518787,1056,1033,2026-06-01 14:24:14.399294,3
2566,10,P05,yes,1,0.8069847884385126,0.8048153229861598,0.8091419557551346,1724,1672,2026-06-01 14:24:14.419973,3
2567,10,P23,no,2,0.39039398421209626,0.8091419557551346,0.8004148013462675,1724,1674,2026-06-01 14:24:14.433329,3
1925,9,P05,no,5,2.7936589852081397,0.45842951678320015,0.4241999463841996,1560,1571,2026-06-01 14:24:14.448482,3
2989,11,P14,no,1,0.3486473453945109,0.6545022492518787,0.6481942198637447,1878,1856,2026-06-01 14:24:14.480882,3
491,7,P09,no,4,1.4327979612255604,0.6545022492518787,0.6289646649499733,1056,1037,2026-06-01 14:24:14.516705,3
1926,9,P05,no,5,2.963153274616161,0.4241999463841996,0.3906824581564393,1560,1576,2026-06-01 14:24:14.525605,3
1927,9,P18,yes,4,1.6160343374074273,0.3906824581564393,0.41742979353768533,1564,1576,2026-06-01 14:24:14.533024,3
1928,9,P09,no,1,0.5859424726522775,0.41742979353768533,0.41069062390857347,1564,1577,2026-06-01 14:24:14.557512,3
1199,8,P18,yes,4,-2.1662394734796635,0.555328055262369,0.5277492350545132,1401,1397,2026-06-01 14:24:14.571406,3
2990,11,P13,no,1,0.3549815974502053,0.6481942198637447,0.6418340450887311,1878,1857,2026-06-01 14:24:14.577767,3
1929,9,P11,no,1,-0.5859424726522775,0.41069062390857347,0.41742979353768533,1564,1576,2026-06-01 14:24:14.594438,3
1930,9,P01,yes,1,0.42081238797641163,0.41742979353768533,0.4241999463841996,1565,1576,2026-06-01 14:24:14.606318,3
1200,8,P09,yes,1,0.5312088736441183,0.5277492350545132,0.534666513353404,1402,1397,2026-06-01 14:24:14.678620,3
492,7,P18,yes,1,0.6321980651018748,0.6289646649499733,0.6354235592583607,1057,1037,2026-06-01 14:24:14.717556,3
1931,9,P05,yes,4,-1.6428514201097641,0.4241999463841996,0.3973146620215083,1561,1576,2026-06-01 14:24:14.717669,3
1932,9,P09,no,1,0.6060046947259252,0.3973146620215083,0.3906824581564393,1561,1577,2026-06-01 14:24:14.719830,3
1933,9,P20,yes,8,3.340098623320273,0.3906824581564393,0.444671944737631,1569,1577,2026-06-01 14:24:14.762901,3
1934,9,P04,yes,1,0.44810505795908284,0.444671944737631,0.4515414720267231,1570,1577,2026-06-01 14:24:14.769073,3
1935,9,P05,no,3,1.6762400721031554,0.4515414720267231,0.4309986674318095,1570,1580,2026-06-01 14:24:14.789779,3
2568,10,P19,yes,1,-0.7981836892056435,0.8004148013462675,0.7959402230407707,1723,1674,2026-06-01 14:24:14.806725,3
493,7,P18,yes,20,13.919906071651894,0.6354235592583607,0.7523361988609284,1077,1037,2026-06-01 14:24:14.876756,3
494,7,P18,yes,3,2.2799714444813617,0.7523361988609284,0.7675350070438758,1080,1037,2026-06-01 14:24:14.876757,3
1936,9,P04,yes,1,0.4344090108445471,0.4309986674318095,0.4378234991142019,1571,1580,2026-06-01 14:24:14.903125,3
1937,9,P04,yes,5,2.275006385613551,0.4378234991142019,0.47225076494548685,1576,1580,2026-06-01 14:24:14.905544,3
495,7,P13,no,11,2.873054273149819,0.7675350070438758,0.7086608250294356,1080,1048,2026-06-01 14:24:14.914492,3
2569,10,P09,no,1,-0.20181631079435647,0.7959402230407707,0.8004148013462675,1723,1673,2026-06-01 14:24:14.937539,3
496,7,P20,no,12,3.9270682107166976,0.7086608250294356,0.6354235592583607,1080,1060,2026-06-01 14:24:14.957075,3
2570,10,P09,no,5,-0.9439948301887853,0.8004148013462675,0.8216809438923075,1723,1668,2026-06-01 14:24:14.986730,3
1938,9,P05,yes,2,-0.9306714096649102,0.47225076494548685,0.45842951678320015,1574,1580,2026-06-01 14:24:14.997564,3
1939,9,P05,no,2,1.0969108831445737,0.45842951678320015,0.444671944737631,1574,1582,2026-06-01 14:24:15.076047,3
2571,10,P01,no,1,0.1803662133186208,0.8216809438923075,0.8175744761936437,1723,1669,2026-06-01 14:24:15.077281,3
2572,10,P01,no,12,2.5086401725625365,0.8175744761936437,0.7625419716560975,1723,1681,2026-06-01 14:24:15.117943,3
2573,10,P05,no,1,-0.2349553839546843,0.7625419716560975,0.7675350070438758,1723,1680,2026-06-01 14:24:15.150296,3
1940,9,P04,yes,1,0.44810505795885547,0.444671944737631,0.4515414720267231,1575,1582,2026-06-01 14:24:15.189054,3
1201,8,P09,no,1,0.4687911263558817,0.534666513353404,0.5277492350545132,1402,1398,2026-06-01 14:24:15.391563,3
1941,9,P09,no,1,-0.5450159411034292,0.4515414720267231,0.45842951678320015,1575,1581,2026-06-01 14:24:15.425530,3
2991,11,P18,yes,1,0.6450184025497947,0.6418340450887311,0.6481942198637447,1879,1857,2026-06-01 14:24:15.433348,3
2992,11,P12,no,3,1.0841506158315042,0.6481942198637447,0.6289646649499733,1879,1860,2026-06-01 14:24:15.450557,3
1202,8,P10,no,10,-4.379217178259523,0.5277492350545132,0.5960151933265168,1402,1388,2026-06-01 14:24:15.585192,3
1203,8,P01,no,11,4.8549311391043375,0.5960151933265168,0.520821285372743,1402,1399,2026-06-01 14:24:15.611861,3
497,7,P18,no,1,0.36780193489835256,0.6354235592583607,0.6289646649499733,1080,1061,2026-06-01 14:24:15.703134,3
2993,11,P09,no,2,-0.7291690183812989,0.6289646649499733,0.6418340450887311,1879,1858,2026-06-01 14:24:15.711785,3
2574,10,P18,yes,1,-0.7650446160455431,0.7675350070438758,0.7625419716560975,1722,1680,2026-06-01 14:24:15.751483,3
2575,10,P21,yes,1,0.7650446160455431,0.7625419716560975,0.7675350070438758,1723,1680,2026-06-01 14:24:15.757154,3
2576,10,P21,yes,1,0.7700008441131558,0.7675350070438758,0.7724543828071839,1724,1680,2026-06-01 14:24:15.849278,3
2577,10,P05,no,1,-0.22511671166694214,0.7724543828071839,0.7772998611746911,1724,1679,2026-06-01 14:24:15.856519,3
2578,10,P18,yes,4,-3.069943622685514,0.7772998611746911,0.7574755792628283,1720,1679,2026-06-01 14:24:15.859072,3
498,7,P09,no,16,6.7920522473446,0.6289646649499733,0.520821285372743,1080,1077,2026-06-01 14:24:15.929963,3
499,7,P06,yes,11,6.14506886089589,0.520821285372743,0.5960151933265168,1091,1077,2026-06-01 14:24:15.971695,3
2994,11,P09,yes,2,-1.2708309816189285,0.6418340450887311,0.6289646649499733,1877,1858,2026-06-01 14:24:16.023067,3
500,7,P13,yes,5,3.0628788917595102,0.5960151933265168,0.6289646649499733,1096,1077,2026-06-01 14:24:16.043161,3
2579,10,P18,no,1,0.24508804575793874,0.7574755792628283,0.7523361988609284,1720,1680,2026-06-01 14:24:16.051624,3
2580,10,P21,no,9,-2.0282684164619695,0.7523361988609284,0.7959402230407707,1720,1671,2026-06-01 14:24:16.066829,3
501,7,P18,yes,4,2.5672020387744396,0.6289646649499733,0.6545022492518787,1100,1077,2026-06-01 14:24:16.191499,3
2581,10,P05,no,4,-0.7809357293460835,0.7959402230407707,0.8133949179068393,1720,1667,2026-06-01 14:24:16.240853,3
2582,10,P22,yes,1,-0.8112745656603693,0.8133949179068393,0.8091419557551346,1719,1667,2026-06-01 14:24:16.271686,3
1204,8,P10,yes,8,4.387273614698415,0.520821285372743,0.5758000536158003,1410,1399,2026-06-01 14:24:16.281607,3
1205,8,P11,no,12,5.584957533958459,0.5758000536158003,0.49305600205173933,1410,1411,2026-06-01 14:24:16.281665,3
2583,10,P18,yes,2,1.6267653673417044,0.8091419557551346,0.8175744761936437,1721,1667,2026-06-01 14:24:16.295380,3
2584,10,P03,no,1,0.18450919831866486,0.8175744761936437,0.8133949179068393,1721,1668,2026-06-01 14:24:16.309241,3
2585,10,P12,no,1,0.1887254343398581,0.8133949179068393,0.8091419557551346,1721,1669,2026-06-01 14:24:16.345650,3
502,7,P09,yes,4,2.6676669666101134,0.6545022492518787,0.679178699175393,1104,1077,2026-06-01 14:24:16.353304,3
1206,8,P03,yes,1,0.4965278894046605,0.49305600205173933,0.5,1411,1411,2026-06-01 14:24:16.373506,3
2586,10,P23,no,9,1.9004501559495566,0.8091419557551346,0.7675350070438758,1721,1678,2026-06-01 14:24:16.529548,3
503,7,P03,no,1,0.32385760144848064,0.679178699175393,0.6730961777222321,1104,1078,2026-06-01 14:24:16.536808,3
2587,10,P09,yes,1,-0.7650446160455431,0.7675350070438758,0.7625419716560975,1720,1678,2026-06-01 14:24:16.537308,3
2588,10,P21,yes,3,2.309928748491984,0.7625419716560975,0.7772998611746911,1723,1678,2026-06-01 14:24:16.538790,3
1942,9,P04,no,9,-4.5936146294902755,0.45842951678320015,0.520821285372743,1575,1572,2026-06-01 14:24:16.545808,3
1207,8,P18,yes,4,2.0555270010938784,0.5,0.5277492350545132,1415,1411,2026-06-01 14:24:16.557667,3
2589,10,P09,no,1,0.22511671166694214,0.7772998611746911,0.7724543828071839,1723,1679,2026-06-01 14:24:16.584567,3
1943,9,P20,no,8,4.055494912799304,0.520821285372743,0.46533348664659613,1575,1580,2026-06-01 14:24:16.653121,3
1944,9,P04,no,3,-1.5728487716041855,0.46533348664659613,0.4861146822539951,1575,1577,2026-06-01 14:24:16.660277,3
1945,9,P09,yes,5,2.5173538588048814,0.4861146822539951,0.520821285372743,1580,1577,2026-06-01 14:24:16.664467,3
1946,9,P19,no,1,0.482646141195346,0.520821285372743,0.5138853177460049,1580,1578,2026-06-01 14:24:16.672562,3
3239,17,P22,no,15,8.275663156527028,0.5,0.3973146620215083,0,15,2026-06-01 14:24:16.756561,5
1947,9,P23,yes,5,-2.4826461411951186,0.5138853177460049,0.4791787146272571,1575,1578,2026-06-01 14:24:16.761637,3
3240,17,P09,yes,1,0.40064666630731693,0.3973146620215083,0.4039848066734832,1,15,2026-06-01 14:24:16.779599,5
504,7,P18,yes,1,0.6761423985515194,0.6730961777222321,0.679178699175393,1105,1078,2026-06-01 14:24:16.788980,3
3241,17,P09,yes,1,0.40733483847851204,0.4039848066734832,0.41069062390857347,2,15,2026-06-01 14:24:16.805021,5
3242,17,P20,yes,1,0.41405752734781487,0.41069062390857347,0.41742979353768533,3,15,2026-06-01 14:24:16.844341,5
3243,17,P12,yes,1,0.4208123879762127,0.41742979353768533,0.4241999463841996,4,15,2026-06-01 14:24:16.861708,5
2590,10,P21,no,6,-1.280057015851071,0.7724543828071839,0.8004148013462675,1723,1673,2026-06-01 14:24:16.865919,3
505,7,P09,no,13,-3.682764868630784,0.679178699175393,0.7523361988609284,1105,1065,2026-06-01 14:24:16.883056,3
3244,17,P13,yes,1,0.4275970279988428,0.4241999463841996,0.4309986674318095,5,15,2026-06-01 14:24:16.883130,5
506,7,P11,no,1,0.2502637410184434,0.7523361988609284,0.7471242672706695,1105,1066,2026-06-01 14:24:16.890488,3
1208,8,P18,no,1,-0.4687911263561091,0.5277492350545132,0.534666513353404,1415,1410,2026-06-01 14:24:16.925531,3
1209,8,P18,no,1,0.4687911263561091,0.534666513353404,0.5277492350545132,1415,1411,2026-06-01 14:24:16.932887,3
3245,17,P19,no,1,0.5724029720011501,0.4309986674318095,0.4241999463841996,5,16,2026-06-01 14:24:16.934571,5
1210,8,P18,no,1,-0.4687911263561091,0.5277492350545132,0.534666513353404,1415,1410,2026-06-01 14:24:16.968976,3
507,7,P17,no,16,4.764834161002,0.7471242672706695,0.6545022492518787,1105,1082,2026-06-01 14:24:16.976685,3
3246,17,P23,yes,1,0.4275970279988499,0.4241999463841996,0.4309986674318095,6,16,2026-06-01 14:24:16.980191,5
2591,10,P21,yes,2,1.6096060157879037,0.8004148013462675,0.8091419557551346,1725,1673,2026-06-01 14:24:16.982727,3
3247,17,P11,yes,1,0.43440901084461103,0.4309986674318095,0.4378234991142019,7,16,2026-06-01 14:24:16.983977,5
3248,17,P09,yes,1,0.4412458590929802,0.4378234991142019,0.444671944737631,8,16,2026-06-01 14:24:16.995113,5
2592,10,P02,no,13,-2.145221336326813,0.8091419557551346,0.8588238645581401,1725,1660,2026-06-01 14:24:17.002406,3
3249,17,P22,no,2,1.1243451300624088,0.444671944737631,0.4309986674318095,8,18,2026-06-01 14:24:17.030012,5
2593,10,P05,yes,1,0.8604966688735658,0.8588238645581401,0.8621583430350643,1726,1660,2026-06-01 14:24:17.056413,3
3250,17,P19,no,11,6.663908091577014,0.4309986674318095,0.358165954911269,8,29,2026-06-01 14:24:17.078325,5
3251,17,P05,no,1,0.6450184025501002,0.358165954911269,0.3518057801362553,8,30,2026-06-01 14:24:17.082694,5
1948,9,P04,yes,5,2.4826461411951186,0.4791787146272571,0.5138853177460049,1580,1578,2026-06-01 14:24:17.083442,3
1949,9,P23,yes,10,-4.792120628560497,0.5138853177460049,0.444671944737631,1570,1578,2026-06-01 14:24:17.124999,3
1211,8,P10,no,2,-0.9168643422053719,0.534666513353404,0.548458527973277,1415,1408,2026-06-01 14:24:17.128693,3
3252,17,P02,yes,1,0.35498159744989266,0.3518057801362553,0.358165954911269,9,30,2026-06-01 14:24:17.133821,5
3253,17,P05,no,2,1.296371057155568,0.358165954911269,0.3454977507481214,9,32,2026-06-01 14:24:17.164156,5
1950,9,P18,no,1,-0.5518949420409172,0.444671944737631,0.4515414720267231,1570,1577,2026-06-01 14:24:17.179652,3
3254,17,P13,yes,1,0.34864734539453934,0.3454977507481214,0.3518057801362553,10,32,2026-06-01 14:24:17.182407,5
2594,10,P09,no,1,0.1395033311264342,0.8621583430350643,0.8588238645581401,1726,1661,2026-06-01 14:24:17.183817,3
2595,10,P23,no,5,0.7493962961798388,0.8588238645581401,0.8411308951190849,1726,1666,2026-06-01 14:24:17.194621,3
2995,11,P09,yes,2,1.2708309816189285,0.6289646649499733,0.6418340450887311,1879,1858,2026-06-01 14:24:17.201373,3
2596,10,P19,no,1,0.1607368210829918,0.8411308951190849,0.8373836916384682,1726,1667,2026-06-01 14:24:17.210764,3
2597,10,P18,yes,6,5.089866882737169,0.8373836916384682,0.8588238645581401,1732,1667,2026-06-01 14:24:17.234104,3
2598,10,P05,no,6,-0.7888114220643274,0.8588238645581401,0.877849601504058,1732,1661,2026-06-01 14:24:17.257199,3
3255,17,P02,yes,7,2.6206250577641867,0.3518057801362553,0.3973146620215083,17,32,2026-06-01 14:24:17.262717,5
3256,17,P11,yes,1,0.40064666630732404,0.3973146620215083,0.4039848066734832,18,32,2026-06-01 14:24:17.266521,5
2599,10,P19,no,8,1.0779895341252086,0.877849601504058,0.8519528019683106,1732,1669,2026-06-01 14:24:17.274505,3
2600,10,P09,no,1,0.149810437569613,0.8519528019683106,0.8484148512107131,1732,1670,2026-06-01 14:24:17.275601,3
2996,11,P18,no,2,-0.7036289428447162,0.6418340450887311,0.6545022492518787,1879,1856,2026-06-01 14:24:17.281949,3
3257,17,P13,yes,1,0.40733483847849783,0.4039848066734832,0.41069062390857347,19,32,2026-06-01 14:24:17.302927,5
2601,10,P18,yes,1,0.8501895624301596,0.8484148512107131,0.8519528019683106,1733,1670,2026-06-01 14:24:17.329599,3
508,7,P18,yes,1,-0.6513526546052617,0.6545022492518787,0.6481942198637447,1104,1082,2026-06-01 14:24:17.364531,3
2602,10,P13,yes,9,-7.5171914083921365,0.8519528019683106,0.8175744761936437,1724,1670,2026-06-01 14:24:17.385790,3
3258,17,P09,yes,1,0.4140575273478291,0.41069062390857347,0.41742979353768533,20,32,2026-06-01 14:24:17.430561,5
3259,17,P23,yes,1,0.42081238797619847,0.41742979353768533,0.4241999463841996,21,32,2026-06-01 14:24:17.479994,5
3260,17,P02,yes,9,4.095372526496902,0.4241999463841996,0.4861146822539951,30,32,2026-06-01 14:24:17.527538,5
1951,9,P18,no,4,-2.138630570593932,0.4515414720267231,0.4791787146272571,1570,1573,2026-06-01 14:24:17.553543,3
3261,17,P18,no,2,1.0416398979600388,0.4861146822539951,0.47225076494548685,30,34,2026-06-01 14:24:17.561836,5
509,7,P09,yes,1,0.6513526546052617,0.6481942198637447,0.6545022492518787,1105,1082,2026-06-01 14:24:17.565695,3
3262,17,P17,no,1,0.531208873644097,0.47225076494548685,0.46533348664659613,30,35,2026-06-01 14:24:17.568153,5
3263,17,P05,no,2,1.0831356577944078,0.46533348664659613,0.4515414720267231,30,37,2026-06-01 14:24:17.579771,5
3264,17,P21,yes,1,0.4549840588965921,0.4515414720267231,0.45842951678320015,31,37,2026-06-01 14:24:17.600328,5
3265,17,P24,yes,1,0.4618802833090001,0.45842951678320015,0.46533348664659613,32,37,2026-06-01 14:24:17.609663,5
1952,9,P18,no,17,-7.85493113910411,0.4791787146272571,0.5960151933265168,1570,1556,2026-06-01 14:24:17.709732,3
3266,17,P15,no,11,6.294931976515066,0.46533348664659613,0.3906824581564393,32,48,2026-06-01 14:24:17.713325,5
1953,9,P06,yes,13,-7.172837712239016,0.5960151933265168,0.5069439979482607,1557,1556,2026-06-01 14:24:17.715308,3
1954,9,P18,yes,1,0.5104149925382444,0.5069439979482607,0.5138853177460049,1558,1556,2026-06-01 14:24:17.762650,3
3267,17,P22,no,2,1.2318050790728279,0.3906824581564393,0.37754066879814546,32,50,2026-06-01 14:24:17.777555,5
1955,9,P04,yes,3,1.5728487716044128,0.5138853177460049,0.534666513353404,1561,1556,2026-06-01 14:24:17.779047,3
3268,17,P17,no,1,0.6257157842682375,0.37754066879814546,0.3710353350500268,32,51,2026-06-01 14:24:17.806790,5
3269,17,P05,no,11,7.299366158879252,0.3710353350500268,0.3029407160345927,32,62,2026-06-01 14:24:17.807452,5
1956,9,P11,no,1,0.4687911263558817,0.534666513353404,0.5277492350545132,1561,1557,2026-06-01 14:24:17.812675,3
2603,10,P02,yes,2,1.643337643055247,0.8175744761936437,0.8257146788214146,1726,1670,2026-06-01 14:24:17.825029,3
3270,17,P08,yes,1,0.3058842517320386,0.3029407160345927,0.30883838763748533,33,62,2026-06-01 14:24:17.859160,5
2604,10,P05,yes,1,0.8277013900203656,0.8257146788214146,0.8296760813561542,1727,1670,2026-06-01 14:24:17.878257,3
3271,17,P16,yes,2,0.6296185947730351,0.30883838763748533,0.32082130082460697,35,62,2026-06-01 14:24:17.893010,5
2605,10,P23,no,1,0.17229860997963442,0.8296760813561542,0.8257146788214146,1727,1671,2026-06-01 14:24:17.901107,3
2997,11,P18,no,2,0.7036289428447162,0.6545022492518787,0.6418340450887311,1879,1858,2026-06-01 14:24:17.904433,3
510,7,P09,no,1,-0.3423661268516298,0.6545022492518787,0.6607563687658172,1105,1081,2026-06-01 14:24:17.915852,3
1212,8,P09,no,1,0.4549840588963434,0.548458527973277,0.5415704832167999,1415,1409,2026-06-01 14:24:17.927809,3
1213,8,P18,no,1,0.4618802833090285,0.5415704832167999,0.534666513353404,1415,1410,2026-06-01 14:24:17.928564,3
3272,17,P01,yes,1,0.3238576014485375,0.32082130082460697,0.32690382227776793,36,62,2026-06-01 14:24:17.930681,5
3273,17,P18,yes,1,0.3299696342987346,0.32690382227776793,0.3330451148264414,37,62,2026-06-01 14:24:17.956610,5
3274,17,P03,no,1,0.6700303657012512,0.3330451148264414,0.32690382227776793,37,63,2026-06-01 14:24:17.977785,5
1957,9,P03,no,8,3.9999999999997726,0.5277492350545132,0.47225076494548685,1561,1565,2026-06-01 14:24:17.986970,3
1958,9,P09,yes,2,0.9583601020399328,0.47225076494548685,0.4861146822539951,1563,1565,2026-06-01 14:24:17.994582,3
3275,17,P20,yes,2,0.6661093050896767,0.32690382227776793,0.33924363123418283,39,63,2026-06-01 14:24:18.002080,5
511,7,P18,yes,11,7.631781418865785,0.6607563687658172,0.7255622121589215,1116,1081,2026-06-01 14:24:18.002976,3
512,7,P08,no,2,0.5600297340897669,0.7255622121589215,0.7143624294910559,1116,1083,2026-06-01 14:24:18.006242,3
2606,10,P02,no,1,-0.17229860997963442,0.8257146788214146,0.8296760813561542,1727,1670,2026-06-01 14:24:18.011171,3
513,7,P03,no,5,1.5004168581506292,0.7143624294910559,0.6852009766653157,1116,1088,2026-06-01 14:24:18.016035,3
3276,17,P03,no,1,0.6638603292090579,0.33924363123418283,0.3330451148264414,39,64,2026-06-01 14:24:18.102006,5
1214,8,P18,no,1,-0.4618802833090285,0.534666513353404,0.5415704832167999,1415,1409,2026-06-01 14:24:18.114013,3
514,7,P18,no,1,0.31780508235578964,0.6852009766653157,0.679178699175393,1116,1089,2026-06-01 14:24:18.151965,3
3277,17,P03,no,1,0.6700303657012654,0.3330451148264414,0.32690382227776793,39,65,2026-06-01 14:24:18.165959,5
3278,17,P09,yes,1,0.3299696342987346,0.32690382227776793,0.3330451148264414,40,65,2026-06-01 14:24:18.172727,5
3279,17,P03,no,1,0.6700303657012512,0.3330451148264414,0.32690382227776793,40,66,2026-06-01 14:24:18.172832,5
3280,17,P17,yes,1,0.3299696342987488,0.32690382227776793,0.3330451148264414,41,66,2026-06-01 14:24:18.232160,5
515,7,P09,yes,9,6.350064530519603,0.679178699175393,0.7310585786300049,1125,1089,2026-06-01 14:24:18.232864,3
2607,10,P02,yes,1,0.8316268084479361,0.8296760813561542,0.8335655924457414,1728,1670,2026-06-01 14:24:18.239545,3
1959,9,P09,yes,1,0.4895850074617556,0.4861146822539951,0.49305600205173933,1564,1565,2026-06-01 14:24:18.243102,3
3281,17,P14,yes,1,0.3361396707909421,0.3330451148264414,0.33924363123418283,42,66,2026-06-01 14:24:18.284530,5
3282,17,P03,no,16,11.327268224831172,0.33924363123418283,0.2476638011390716,42,82,2026-06-01 14:24:18.290090,5
2608,10,P05,no,1,-0.16451942792923546,0.8335655924457414,0.8373836916384682,1728,1669,2026-06-01 14:24:18.296766,3
516,7,P13,yes,1,-0.7283162051157888,0.7310585786300049,0.7255622121589215,1124,1089,2026-06-01 14:24:18.311093,3
2609,10,P21,no,1,-0.1607368210829918,0.8373836916384682,0.8411308951190849,1728,1668,2026-06-01 14:24:18.328186,3
517,7,P20,yes,8,-5.621748325403814,0.7255622121589215,0.679178699175393,1116,1089,2026-06-01 14:24:18.330518,3
3283,17,P02,yes,1,0.25026374101827287,0.2476638011390716,0.25287573272933045,43,82,2026-06-01 14:24:18.370615,5
3284,17,P18,yes,12,3.4325011276123405,0.25287573272933045,0.32082130082460697,55,82,2026-06-01 14:24:18.371067,5
518,7,P18,no,3,0.9899669065380294,0.679178699175393,0.6607563687658172,1116,1092,2026-06-01 14:24:18.412990,3
3285,17,P04,yes,7,2.397329059717336,0.32082130082460697,0.36457644074163925,62,82,2026-06-01 14:24:18.435755,5
1215,8,P09,yes,1,-0.5381197166909715,0.5415704832167999,0.534666513353404,1414,1409,2026-06-01 14:24:18.475825,3
3286,17,P22,no,8,5.284865857926917,0.36457644074163925,0.3147990233346844,62,90,2026-06-01 14:24:18.479835,5
2610,10,P18,yes,1,0.8429751626781581,0.8411308951190849,0.844807753762903,1729,1668,2026-06-01 14:24:18.530991,3
3287,17,P01,yes,12,4.225415213630356,0.3147990233346844,0.3906824581564393,74,90,2026-06-01 14:24:18.578617,5
3288,17,P09,no,2,1.2318050790728279,0.3906824581564393,0.37754066879814546,74,92,2026-06-01 14:24:18.579478,5
2611,10,P02,no,3,-0.4495001399895955,0.844807753762903,0.8554222495341228,1729,1665,2026-06-01 14:24:18.586008,3
1216,8,P18,no,1,0.4687911263558817,0.534666513353404,0.5277492350545132,1414,1410,2026-06-01 14:24:18.589111,3
2612,10,P02,no,4,-0.5515437330047916,0.8554222495341228,0.8686287904691933,1729,1661,2026-06-01 14:24:18.596468,3
3289,17,P09,no,1,0.6257157842682517,0.37754066879814546,0.3710353350500268,74,93,2026-06-01 14:24:18.608170,5
1960,9,P18,no,1,0.5104149925382444,0.49305600205173933,0.4861146822539951,1564,1566,2026-06-01 14:24:18.631292,3
3290,17,P24,yes,8,3.179325862042816,0.3710353350500268,0.4241999463841996,82,93,2026-06-01 14:24:18.635602,5
1961,9,P09,no,3,-1.5104149925382444,0.4861146822539951,0.5069439979482607,1564,1563,2026-06-01 14:24:18.697601,3
2613,10,P12,no,13,2.000292904486514,0.8686287904691933,0.8216809438923075,1729,1674,2026-06-01 14:24:18.711733,3
519,7,P09,yes,9,6.191811152955552,0.6607563687658172,0.7143624294910559,1125,1092,2026-06-01 14:24:18.713761,3
3291,17,P23,yes,9,4.095372526496902,0.4241999463841996,0.4861146822539951,91,93,2026-06-01 14:24:18.719802,5
3292,17,P12,no,14,7.867780748119216,0.4861146822539951,0.3906824581564393,91,107,2026-06-01 14:24:18.722793,5
3293,17,P11,yes,1,0.39399530527404636,0.3906824581564393,0.3973146620215083,92,107,2026-06-01 14:24:18.730601,5
1962,9,P09,no,1,0.4965278894046605,0.5069439979482607,0.5,1564,1564,2026-06-01 14:24:18.736840,3
2614,10,P02,yes,1,0.8237038563736405,0.8216809438923075,0.8257146788214146,1730,1674,2026-06-01 14:24:18.767050,3
3294,17,P23,yes,1,0.40064666630732404,0.3973146620215083,0.4039848066734832,93,107,2026-06-01 14:24:18.783933,5
3295,17,P13,yes,1,0.40733483847850493,0.4039848066734832,0.41069062390857347,94,107,2026-06-01 14:24:18.811002,5
520,7,P01,yes,5,-3.499583141849371,0.7143624294910559,0.6852009766653157,1120,1092,2026-06-01 14:24:18.834268,3
3296,17,P03,no,1,0.5926651615214809,0.41069062390857347,0.4039848066734832,94,108,2026-06-01 14:24:18.849742,5
3297,17,P21,yes,8,3.4485457685945846,0.4039848066734832,0.45842951678320015,102,108,2026-06-01 14:24:18.859198,5
2998,11,P09,no,1,-0.3549815974502053,0.6418340450887311,0.6481942198637447,1879,1857,2026-06-01 14:24:18.863901,3
3298,17,P22,no,2,1.0969108831443748,0.45842951678320015,0.444671944737631,102,110,2026-06-01 14:24:18.865068,5
1963,9,P04,yes,2,1.0138871031335839,0.5,0.5138853177460049,1566,1564,2026-06-01 14:24:18.871631,3
1964,9,P09,no,1,0.4895850074617556,0.5138853177460049,0.5069439979482607,1566,1565,2026-06-01 14:24:18.889492,3
3299,17,P14,yes,1,0.448105057959026,0.444671944737631,0.4515414720267231,103,110,2026-06-01 14:24:18.902174,5
3300,17,P01,no,1,0.5518949420410024,0.4515414720267231,0.444671944737631,103,111,2026-06-01 14:24:18.909729,5
1217,8,P18,yes,6,-3.04163989795984,0.5277492350545132,0.4861146822539951,1408,1410,2026-06-01 14:24:18.994748,3
3301,17,P24,no,11,6.517422240020721,0.444671944737631,0.3710353350500268,103,122,2026-06-01 14:24:19.000017,5
2615,10,P02,no,1,-0.17229860997963442,0.8257146788214146,0.8296760813561542,1730,1673,2026-06-01 14:24:19.031187,3
2616,10,P21,no,1,-0.1683731915518365,0.8296760813561542,0.8335655924457414,1730,1672,2026-06-01 14:24:19.033416,3
1965,9,P18,no,1,0.4965278894046605,0.5069439979482607,0.5,1566,1566,2026-06-01 14:24:19.050578,3
3302,17,P14,yes,13,5.385666876834875,0.3710353350500268,0.45842951678320015,116,122,2026-06-01 14:24:19.057131,5
1218,8,P22,yes,1,0.48958500746130085,0.4861146822539951,0.49305600205173933,1409,1410,2026-06-01 14:24:19.059859,3
3303,17,P02,no,5,2.793658985207969,0.45842951678320015,0.4241999463841996,116,127,2026-06-01 14:24:19.071968,5
3304,17,P15,yes,9,4.095372526496874,0.4241999463841996,0.4861146822539951,125,127,2026-06-01 14:24:19.078528,5
1219,8,P13,yes,1,0.4965278894048879,0.49305600205173933,0.5,1410,1410,2026-06-01 14:24:19.114464,3
1220,8,P23,no,6,-2.875144408571259,0.5,0.5415704832167999,1410,1404,2026-06-01 14:24:19.134197,3
3305,17,P19,no,1,0.5173538588048814,0.4861146822539951,0.4791787146272571,125,128,2026-06-01 14:24:19.172217,5
3306,17,P19,no,6,3.2492796535416915,0.4791787146272571,0.4378234991142019,125,134,2026-06-01 14:24:19.176264,5
3307,17,P22,no,7,4.101147235772629,0.4378234991142019,0.3906824581564393,125,141,2026-06-01 14:24:19.191915,5
3308,17,P10,yes,11,4.705068023484927,0.3906824581564393,0.46533348664659613,136,141,2026-06-01 14:24:19.209343,5
3309,17,P15,no,1,0.5381197166910283,0.46533348664659613,0.45842951678320015,136,142,2026-06-01 14:24:19.213073,5
2617,10,P09,yes,1,0.8354805720705372,0.8335655924457414,0.8373836916384682,1731,1672,2026-06-01 14:24:19.226111,3
3310,17,P18,no,1,0.5450159411034008,0.45842951678320015,0.4515414720267231,136,143,2026-06-01 14:24:19.256474,5
2618,10,P21,no,4,-0.6209550052019495,0.8373836916384682,0.8519528019683106,1731,1668,2026-06-01 14:24:19.257917,3
2619,10,P13,yes,1,-0.8501895624301596,0.8519528019683106,0.8484148512107131,1730,1668,2026-06-01 14:24:19.271897,3
2620,10,P01,yes,1,-0.8466170907727246,0.8484148512107131,0.844807753762903,1729,1668,2026-06-01 14:24:19.273955,3
2621,10,P21,yes,1,0.8466170907727246,0.844807753762903,0.8484148512107131,1730,1668,2026-06-01 14:24:19.283902,3
1966,9,P13,no,11,5.9185145766368805,0.5,0.4241999463841996,1566,1577,2026-06-01 14:24:19.293016,3
1967,9,P20,yes,5,2.2063410147918603,0.4241999463841996,0.45842951678320015,1571,1577,2026-06-01 14:24:19.295660,3
3311,17,P22,no,1,0.551894942040974,0.4515414720267231,0.444671944737631,136,144,2026-06-01 14:24:19.328283,5
3312,17,P18,no,1,0.5587541409070411,0.444671944737631,0.4378234991142019,136,145,2026-06-01 14:24:19.349878,5
1221,8,P18,yes,1,0.5450159411034292,0.5415704832167999,0.548458527973277,1411,1404,2026-06-01 14:24:19.357611,3
3313,17,P03,no,9,5.332952314845471,0.4378234991142019,0.37754066879814546,136,154,2026-06-01 14:24:19.373735,5
3314,17,P19,no,4,2.541565168437046,0.37754066879814546,0.3518057801362553,136,158,2026-06-01 14:24:19.374611,5
2622,10,P05,no,1,-0.14981043756984036,0.8484148512107131,0.8519528019683106,1730,1667,2026-06-01 14:24:19.392344,3
1222,8,P18,yes,1,0.5518949420411445,0.548458527973277,0.555328055262369,1412,1404,2026-06-01 14:24:19.406367,3
3315,17,P13,yes,1,0.35498159744989266,0.3518057801362553,0.358165954911269,137,158,2026-06-01 14:24:19.449418,5
1223,8,P10,no,1,-0.4412458590932147,0.555328055262369,0.5621765008857981,1412,1403,2026-06-01 14:24:19.462298,3
2623,10,P09,no,1,-0.14630679319247974,0.8519528019683106,0.8554222495341228,1730,1666,2026-06-01 14:24:19.468438,3
521,7,P09,yes,1,0.6881864875824704,0.6852009766653157,0.6911616123625146,1121,1092,2026-06-01 14:24:19.468922,3
3316,17,P04,yes,1,0.3613670834829463,0.358165954911269,0.36457644074163925,138,158,2026-06-01 14:24:19.476923,5
1968,9,P18,no,4,2.221256013206812,0.45842951678320015,0.4309986674318095,1571,1581,2026-06-01 14:24:19.498573,3
1969,9,P04,yes,2,0.8756548699375344,0.4309986674318095,0.444671944737631,1573,1581,2026-06-01 14:24:19.521743,3
522,7,P09,yes,1,0.6941157482681319,0.6911616123625146,0.6970592839654074,1122,1092,2026-06-01 14:24:19.564444,3
2624,10,P11,no,9,1.4487491714817224,0.8554222495341228,0.8216809438923075,1730,1675,2026-06-01 14:24:19.569158,3
1224,8,P18,yes,2,-1.1106490829479299,0.5621765008857981,0.548458527973277,1410,1403,2026-06-01 14:24:19.578736,3
1970,9,P04,no,1,-0.5518949420409172,0.444671944737631,0.4515414720267231,1573,1580,2026-06-01 14:24:19.618189,3
1225,8,P18,yes,1,0.5518949420411445,0.548458527973277,0.555328055262369,1411,1403,2026-06-01 14:24:19.671010,3
3317,17,P05,no,16,10.95273547080231,0.36457644074163925,0.2689414213699951,138,174,2026-06-01 14:24:19.687432,5
3318,17,P23,yes,3,0.8317135289742055,0.2689414213699951,0.2856375705089441,141,174,2026-06-01 14:24:19.705291,5
2625,10,P21,no,1,-0.17629614362635948,0.8216809438923075,0.8257146788214146,1730,1674,2026-06-01 14:24:19.719752,3
3319,17,P24,yes,2,0.5827005093012474,0.2856375705089441,0.2971072549863309,143,174,2026-06-01 14:24:19.750292,5
2999,11,P18,yes,5,-3.160753243909312,0.6481942198637447,0.6159095915435134,1874,1857,2026-06-01 14:24:19.810655,3
1971,9,P04,yes,1,0.4549840588965708,0.4515414720267231,0.45842951678320015,1574,1580,2026-06-01 14:24:19.819988,3
3320,17,P01,yes,1,0.3000185846998136,0.2971072549863309,0.3029407160345927,144,174,2026-06-01 14:24:19.891296,5
3321,17,P01,yes,1,0.3058842517320386,0.3029407160345927,0.30883838763748533,145,174,2026-06-01 14:24:19.894213,5
3322,17,P04,yes,1,0.31181351241727384,0.30883838763748533,0.3147990233346844,146,174,2026-06-01 14:24:19.912598,5
1972,9,P09,no,2,-1.0693285903348624,0.45842951678320015,0.47225076494548685,1574,1578,2026-06-01 14:24:19.924572,3
523,7,P22,no,1,0.30588425173209544,0.6970592839654074,0.6911616123625146,1122,1093,2026-06-01 14:24:19.944385,3
1973,9,P04,no,1,-0.5242860391551858,0.47225076494548685,0.4791787146272571,1574,1577,2026-06-01 14:24:19.976395,3
3323,17,P01,yes,1,0.3178050823557612,0.3147990233346844,0.32082130082460697,147,174,2026-06-01 14:24:20.000920,5
3324,17,P02,yes,1,0.3238576014485375,0.32082130082460697,0.32690382227776793,148,174,2026-06-01 14:24:20.008724,5
1226,8,P10,yes,1,0.5587541409067853,0.555328055262369,0.5621765008857981,1412,1403,2026-06-01 14:24:20.022484,3
3325,17,P09,no,2,1.3583373161957297,0.32690382227776793,0.3147990233346844,148,176,2026-06-01 14:24:20.027831,5
2626,10,P18,no,3,-0.5051912294609338,0.8257146788214146,0.8373836916384682,1730,1671,2026-06-01 14:24:20.029576,3
3326,17,P23,yes,1,0.3178050823557612,0.3147990233346844,0.32082130082460697,149,176,2026-06-01 14:24:20.044264,5
524,7,P09,yes,1,0.6941157482679046,0.6911616123625146,0.6970592839654074,1123,1093,2026-06-01 14:24:20.048430,3
3327,17,P04,yes,1,0.3238576014485375,0.32082130082460697,0.32690382227776793,150,176,2026-06-01 14:24:20.069064,5
3328,17,P24,yes,1,0.3299696342987488,0.32690382227776793,0.3330451148264414,151,176,2026-06-01 14:24:20.074890,5
3000,11,P18,yes,1,0.6191880754727208,0.6159095915435134,0.6224593312018546,1875,1857,2026-06-01 14:24:20.084042,3
3329,17,P12,yes,1,0.33613967079091367,0.3330451148264414,0.33924363123418283,152,176,2026-06-01 14:24:20.085052,5
3330,17,P05,no,9,6.191811152955665,0.33924363123418283,0.2856375705089441,152,185,2026-06-01 14:24:20.121957,5
2627,10,P02,no,1,-0.16073682108321918,0.8373836916384682,0.8411308951190849,1730,1670,2026-06-01 14:24:20.170683,3
3331,17,P21,yes,12,3.85418391674051,0.2856375705089441,0.358165954911269,164,185,2026-06-01 14:24:20.202230,5
3332,17,P15,no,7,4.646232941409835,0.358165954911269,0.3147990233346844,164,192,2026-06-01 14:24:20.204378,5
3333,17,P04,yes,1,0.3178050823557612,0.3147990233346844,0.32082130082460697,165,192,2026-06-01 14:24:20.222897,5
3334,17,P05,no,18,13.142090708297047,0.32082130082460697,0.22270013882530884,165,210,2026-06-01 14:24:20.236010,5
3335,17,P08,yes,13,3.3281701407035484,0.22270013882530884,0.29133917497056444,178,210,2026-06-01 14:24:20.247918,5
1974,9,P18,no,2,1.055494912799304,0.4791787146272571,0.46533348664659613,1574,1579,2026-06-01 14:24:20.258687,3
2628,10,P21,no,1,-0.15702483732138717,0.8411308951190849,0.844807753762903,1730,1669,2026-06-01 14:24:20.324022,3
1227,8,P09,no,1,-0.4344090108443197,0.5621765008857981,0.5690013325681905,1412,1402,2026-06-01 14:24:20.334664,3
525,7,P12,no,14,4.843112977779583,0.6970592839654074,0.6093175418435606,1123,1107,2026-06-01 14:24:20.345932,3
1975,9,P04,no,1,-0.5312088736441183,0.46533348664659613,0.47225076494548685,1574,1578,2026-06-01 14:24:20.356587,3
3336,17,P20,yes,10,3.2107195297839155,0.29133917497056444,0.3518057801362553,188,210,2026-06-01 14:24:20.358959,5
3337,17,P14,yes,2,0.716348680932839,0.3518057801362553,0.36457644074163925,190,210,2026-06-01 14:24:20.361708,5
3338,17,P22,no,1,0.6386329165170253,0.36457644074163925,0.358165954911269,190,211,2026-06-01 14:24:20.364109,5
1976,9,P09,no,1,0.5312088736441183,0.47225076494548685,0.46533348664659613,1574,1579,2026-06-01 14:24:20.386513,3
526,7,P12,yes,13,8.462771273952512,0.6093175418435606,0.6911616123625146,1136,1107,2026-06-01 14:24:20.395550,3
3339,17,P11,yes,1,0.36136708348297475,0.358165954911269,0.36457644074163925,191,211,2026-06-01 14:24:20.423143,5
3340,17,P14,yes,1,0.36780193489835256,0.36457644074163925,0.3710353350500268,192,211,2026-06-01 14:24:20.425655,5
3341,17,P14,yes,1,0.3742842157317341,0.3710353350500268,0.37754066879814546,193,211,2026-06-01 14:24:20.468867,5
3342,17,P15,yes,7,2.805041646311082,0.37754066879814546,0.4241999463841996,200,211,2026-06-01 14:24:20.489574,5
1977,9,P04,yes,2,0.9445050872006959,0.46533348664659613,0.4791787146272571,1576,1579,2026-06-01 14:24:20.515920,3
3001,11,P18,no,5,-1.8070821769576924,0.6224593312018546,0.6545022492518787,1875,1852,2026-06-01 14:24:20.567917,3
3343,17,P19,no,1,0.5791876120238157,0.4241999463841996,0.41742979353768533,200,212,2026-06-01 14:24:20.630004,5
3002,11,P18,yes,1,0.6576338731483702,0.6545022492518787,0.6607563687658172,1876,1852,2026-06-01 14:24:20.704626,3
3344,17,P04,no,6,3.615770741665102,0.41742979353768533,0.37754066879814546,200,218,2026-06-01 14:24:20.743987,5
527,7,P23,no,1,0.31181351241730226,0.6911616123625146,0.6852009766653157,1136,1108,2026-06-01 14:24:20.772773,3
3345,17,P08,no,6,3.8505516961907915,0.37754066879814546,0.33924363123418283,200,224,2026-06-01 14:24:20.786143,5
3346,17,P21,yes,1,0.3423661268517435,0.33924363123418283,0.3454977507481214,201,224,2026-06-01 14:24:20.806069,5
3347,17,P19,no,1,0.6576338731482565,0.3454977507481214,0.33924363123418283,201,225,2026-06-01 14:24:20.812279,5
1978,9,P18,no,1,0.5242860391549584,0.4791787146272571,0.47225076494548685,1576,1580,2026-06-01 14:24:20.836767,3
3348,17,P12,yes,14,5.382086978119162,0.33924363123418283,0.4309986674318095,215,225,2026-06-01 14:24:20.925712,5
3349,17,P22,no,1,0.5724029720011572,0.4309986674318095,0.4241999463841996,215,226,2026-06-01 14:24:20.927148,5
3350,17,P19,no,14,8.709370379088767,0.4241999463841996,0.3330451148264414,215,240,2026-06-01 14:24:20.938169,5
3351,17,P11,yes,1,0.33613967079091367,0.3330451148264414,0.33924363123418283,216,240,2026-06-01 14:24:20.953184,5
3352,17,P10,yes,15,5.816495988963766,0.33924363123418283,0.4378234991142019,231,240,2026-06-01 14:24:20.956763,5
3353,17,P04,yes,1,-0.4344090108446039,0.4378234991142019,0.4309986674318095,230,240,2026-06-01 14:24:20.985704,5
3354,17,P22,no,5,2.9295515518912794,0.4309986674318095,0.3973146620215083,230,245,2026-06-01 14:24:20.991265,5
1979,9,P04,no,6,-3.041639897960067,0.47225076494548685,0.5138853177460049,1576,1574,2026-06-01 14:24:20.992012,3
1980,9,P20,no,1,0.4895850074617556,0.5138853177460049,0.5069439979482607,1576,1575,2026-06-01 14:24:21.039652,3
3003,11,P18,no,8,-2.51970605753786,0.6607563687658172,0.7086608250294356,1876,1844,2026-06-01 14:24:21.065771,3
1981,9,P09,no,1,0.4965278894046605,0.5069439979482607,0.5,1576,1576,2026-06-01 14:24:21.090490,3
3004,11,P11,no,1,0.2942177197946876,0.7086608250294356,0.702892745013669,1876,1845,2026-06-01 14:24:21.099903,3
3005,11,P22,yes,6,-4.110651333048054,0.702892745013669,0.6669548851735586,1870,1845,2026-06-01 14:24:21.100456,3
528,7,P18,no,1,-0.31181351241730226,0.6852009766653157,0.6911616123625146,1136,1107,2026-06-01 14:24:21.124334,3
3355,17,P22,no,8,5.030727596841302,0.3973146620215083,0.3454977507481214,230,253,2026-06-01 14:24:21.142371,5
3356,17,P20,yes,1,0.34864734539456776,0.3454977507481214,0.3518057801362553,231,253,2026-06-01 14:24:21.208476,5
3357,17,P05,no,1,0.6513526546054322,0.3518057801362553,0.3454977507481214,231,254,2026-06-01 14:24:21.214161,5
1228,8,P18,no,1,0.4344090108443197,0.5690013325681905,0.5621765008857981,1412,1403,2026-06-01 14:24:21.225643,3
2629,10,P05,no,1,-0.15338290922750275,0.844807753762903,0.8484148512107131,1730,1668,2026-06-01 14:24:21.236319,3
529,7,P18,no,2,-0.6059028364318237,0.6911616123625146,0.702892745013669,1136,1105,2026-06-01 14:24:21.237198,3
3358,17,P19,no,1,0.6576338731482565,0.3454977507481214,0.33924363123418283,231,255,2026-06-01 14:24:21.239066,5
3359,17,P21,yes,1,0.3423661268517435,0.33924363123418283,0.3454977507481214,232,255,2026-06-01 14:24:21.278055,5
1982,9,P04,yes,6,3.124855591428741,0.5,0.5415704832167999,1582,1576,2026-06-01 14:24:21.383261,3
1983,9,P18,no,10,4.930671409665138,0.5415704832167999,0.47225076494548685,1582,1586,2026-06-01 14:24:21.394273,3
3360,17,P20,yes,1,0.3486473453945109,0.3454977507481214,0.3518057801362553,233,255,2026-06-01 14:24:21.435233,5
1984,9,P18,no,1,0.5312088736441183,0.47225076494548685,0.46533348664659613,1582,1587,2026-06-01 14:24:21.465840,3
3006,11,P18,yes,1,0.6700303657014501,0.6669548851735586,0.6730961777222321,1871,1845,2026-06-01 14:24:21.466005,3
3361,17,P10,yes,5,1.8392467560904606,0.3518057801362553,0.3840904084564866,238,255,2026-06-01 14:24:21.468844,5
3007,11,P09,no,2,0.6661093050895488,0.6730961777222321,0.6607563687658172,1871,1847,2026-06-01 14:24:21.471266,3
3008,11,P09,yes,1,-0.6576338731483702,0.6607563687658172,0.6545022492518787,1870,1847,2026-06-01 14:24:21.487907,3
2630,10,P02,no,1,-0.14981043756984036,0.8484148512107131,0.8519528019683106,1730,1667,2026-06-01 14:24:21.509185,3
3009,11,P09,no,1,0.3486473453945109,0.6545022492518787,0.6481942198637447,1870,1848,2026-06-01 14:24:21.539573,3
3362,17,P17,no,1,0.6191880754724934,0.3840904084564866,0.37754066879814546,238,256,2026-06-01 14:24:21.545168,5
3363,17,P09,yes,5,1.9701717309870332,0.37754066879814546,0.41069062390857347,243,256,2026-06-01 14:24:21.555257,5
3364,17,P15,yes,7,-2.71225788161712,0.41069062390857347,0.36457644074163925,236,256,2026-06-01 14:24:21.578501,5
530,7,P09,yes,1,-0.6999814153002717,0.702892745013669,0.6970592839654074,1135,1105,2026-06-01 14:24:21.578971,3
3365,17,P17,no,1,0.6386329165170537,0.36457644074163925,0.358165954911269,236,257,2026-06-01 14:24:21.621288,5
3366,17,P17,no,20,14.036185109376959,0.358165954911269,0.24252442073717165,236,277,2026-06-01 14:24:21.736901,5
3367,17,P19,no,1,0.7600148741937574,0.24252442073717165,0.23745802834390253,236,278,2026-06-01 14:24:21.774064,5
1229,8,P10,yes,1,0.5655909891556803,0.5621765008857981,0.5690013325681905,1413,1403,2026-06-01 14:24:21.864254,3
531,7,P18,yes,1,-0.6941157482681319,0.6970592839654074,0.6911616123625146,1134,1105,2026-06-01 14:24:21.896415,3
1230,8,P18,yes,4,2.330198218198575,0.5690013325681905,0.5960151933265168,1417,1403,2026-06-01 14:24:21.914647,3
1231,8,P11,no,5,2.104210792645972,0.5960151933265168,0.5621765008857981,1417,1408,2026-06-01 14:24:21.928451,3
3368,17,P22,no,1,0.7650446160455999,0.23745802834390253,0.2324649929561242,236,279,2026-06-01 14:24:21.944978,5
3369,17,P13,yes,1,0.23495538395440008,0.2324649929561242,0.23745802834390253,237,279,2026-06-01 14:24:21.956538,5
3370,17,P03,no,13,10.310993614119127,0.23745802834390253,0.17831905610769247,237,292,2026-06-01 14:24:21.985102,5
3371,17,P18,yes,1,0.18036621331845026,0.17831905610769247,0.18242552380635632,238,292,2026-06-01 14:24:22.021734,5
3372,17,P20,yes,1,0.18450919831855117,0.18242552380635632,0.18660508209316082,239,292,2026-06-01 14:24:22.033036,5
3933,18,P17,no,2,-1.9191116968836468,0.039375324260408275,0.04153132619455174,1333,1446,2026-06-01 14:24:22.035448,5
3373,17,P21,yes,14,3.0594678868264396,0.18660508209316082,0.25287573272933045,253,292,2026-06-01 14:24:22.046191,5
3374,17,P09,yes,11,3.114696045256551,0.25287573272933045,0.3147990233346844,264,292,2026-06-01 14:24:22.046245,5
1985,9,P18,yes,1,0.4687911263558817,0.46533348664659613,0.47225076494548685,1583,1587,2026-06-01 14:24:22.077538,3
3375,17,P01,yes,1,0.31780508235578964,0.3147990233346844,0.32082130082460697,265,292,2026-06-01 14:24:22.085150,5
3010,11,P09,no,1,0.3549815974502053,0.6481942198637447,0.6418340450887311,1870,1849,2026-06-01 14:24:22.097350,3
3376,17,P02,no,1,-0.6761423985514625,0.32082130082460697,0.32690382227776793,265,291,2026-06-01 14:24:22.114003,5
532,7,P18,no,1,0.31181351241752964,0.6911616123625146,0.6852009766653157,1134,1106,2026-06-01 14:24:22.152643,3
3377,17,P23,yes,13,4.785729339885904,0.32690382227776793,0.41069062390857347,278,291,2026-06-01 14:24:22.161320,5
3378,17,P01,no,1,0.5926651615214951,0.41069062390857347,0.4039848066734832,278,292,2026-06-01 14:24:22.187899,5
3934,18,P19,no,1,0.9590168745444316,0.04153132619455174,0.04043956481800324,1333,1447,2026-06-01 14:24:22.229518,5
1986,9,P04,no,1,-0.5242860391551858,0.47225076494548685,0.4791787146272571,1583,1586,2026-06-01 14:24:22.283104,3
1987,9,P18,no,2,-1.0277688513433532,0.4791787146272571,0.49305600205173933,1583,1584,2026-06-01 14:24:22.299592,3
3379,17,P07,no,13,8.297747897144006,0.4039848066734832,0.32082130082460697,278,305,2026-06-01 14:24:22.305147,5
3380,17,P09,no,6,4.181778059493922,0.32082130082460697,0.2856375705089441,278,311,2026-06-01 14:24:22.318088,5
3381,17,P02,no,1,-0.7115172104932412,0.2856375705089441,0.29133917497056444,278,310,2026-06-01 14:24:22.327017,5
3382,17,P19,no,3,2.151487476403304,0.29133917497056444,0.2744377878410785,278,313,2026-06-01 14:24:22.327465,5
1988,9,P09,no,2,-1.0,0.49305600205173933,0.5069439979482607,1583,1582,2026-06-01 14:24:22.329933,3
1232,8,P18,yes,1,-0.5587541409070127,0.5621765008857981,0.555328055262369,1416,1408,2026-06-01 14:24:22.356343,3
3383,17,P24,yes,1,0.27721488363789604,0.2744377878410785,0.2800034603553825,279,313,2026-06-01 14:24:22.364207,5
3011,11,P09,no,1,0.3613670834829463,0.6418340450887311,0.6354235592583607,1870,1850,2026-06-01 14:24:22.384786,3
3384,17,P05,no,13,9.807245305523395,0.2800034603553825,0.2132315108375271,279,326,2026-06-01 14:24:22.406994,5
3385,17,P10,yes,1,0.21557393642189027,0.2132315108375271,0.21792873238451507,280,326,2026-06-01 14:24:22.410788,5
3386,17,P17,yes,4,0.9103795088179822,0.21792873238451507,0.23745802834390253,284,326,2026-06-01 14:24:22.443753,5
3387,17,P09,no,1,-0.7600148741937574,0.23745802834390253,0.24252442073717165,284,325,2026-06-01 14:24:22.447848,5
2631,10,P09,yes,1,0.8536932068075203,0.8519528019683106,0.8554222495341228,1731,1667,2026-06-01 14:24:22.454030,3
3935,18,P15,yes,1,0.04098312545556837,0.04043956481800324,0.04153132619455174,1334,1447,2026-06-01 14:24:22.457605,5
2632,10,P20,no,1,0.14630679319247974,0.8554222495341228,0.8519528019683106,1731,1668,2026-06-01 14:24:22.467711,3
533,7,P09,yes,1,0.6881864875826977,0.6852009766653157,0.6911616123625146,1135,1106,2026-06-01 14:24:22.513743,3
3388,17,P03,no,1,0.7600148741937574,0.24252442073717165,0.23745802834390253,284,326,2026-06-01 14:24:22.532984,5
3389,17,P22,no,1,0.7650446160455999,0.23745802834390253,0.2324649929561242,284,327,2026-06-01 14:24:22.560742,5
534,7,P09,yes,1,-0.6881864875826977,0.6911616123625146,0.6852009766653157,1134,1106,2026-06-01 14:24:22.589788,3
2633,10,P09,no,1,-0.14630679319247974,0.8519528019683106,0.8554222495341228,1731,1667,2026-06-01 14:24:22.611123,3
1233,8,P18,yes,1,0.5587541409070127,0.555328055262369,0.5621765008857981,1417,1408,2026-06-01 14:24:22.617536,3
3390,17,P21,yes,1,0.23495538395445692,0.2324649929561242,0.23745802834390253,285,327,2026-06-01 14:24:22.640028,5
3936,18,P05,no,2,1.9191116968836468,0.04153132619455174,0.039375324260408275,1334,1449,2026-06-01 14:24:22.658694,5
3391,17,P12,no,2,-1.5149268284357618,0.23745802834390253,0.2476638011390716,285,325,2026-06-01 14:24:22.713326,5
3392,17,P19,no,14,11.006286655873282,0.2476638011390716,0.18242552380635632,285,339,2026-06-01 14:24:22.730879,5
3393,17,P18,no,1,-0.815490801681392,0.18242552380635632,0.18660508209316082,285,338,2026-06-01 14:24:22.732586,5
3394,17,P08,no,5,-4.012736302905978,0.18660508209316082,0.20860852732604496,285,333,2026-06-01 14:24:22.760769,5
1989,9,P18,no,7,-3.281705636022025,0.5069439979482607,0.555328055262369,1583,1575,2026-06-01 14:24:22.784244,3
1990,9,P08,no,1,0.44810505795885547,0.555328055262369,0.548458527973277,1583,1576,2026-06-01 14:24:22.799059,3
3012,11,P18,no,1,0.36780193489835256,0.6354235592583607,0.6289646649499733,1870,1851,2026-06-01 14:24:22.860576,3
1234,8,P18,no,6,-2.5048574589534383,0.5621765008857981,0.6026853379784917,1417,1402,2026-06-01 14:24:22.869037,3
1235,8,P10,no,6,-2.265643460314095,0.6026853379784917,0.6418340450887311,1417,1396,2026-06-01 14:24:22.902284,3
1236,8,P19,no,14,5.6598518363196035,0.6418340450887311,0.548458527973277,1417,1410,2026-06-01 14:24:22.905586,3
2634,10,P02,no,1,-0.14287131886840143,0.8554222495341228,0.8588238645581401,1731,1666,2026-06-01 14:24:22.913410,3
1991,9,P12,yes,1,-0.5450159411034292,0.548458527973277,0.5415704832167999,1582,1576,2026-06-01 14:24:22.919143,3
1992,9,P04,yes,1,0.5450159411034292,0.5415704832167999,0.548458527973277,1583,1576,2026-06-01 14:24:22.935360,3
2635,10,P18,no,11,1.7719867036687447,0.8588238645581401,0.8175744761936437,1731,1677,2026-06-01 14:24:22.963802,3
1237,8,P09,no,1,0.4549840588965708,0.548458527973277,0.5415704832167999,1417,1411,2026-06-01 14:24:22.973156,3
1993,9,P12,no,13,6.454984058896571,0.548458527973277,0.45842951678320015,1583,1589,2026-06-01 14:24:23.025163,3
2636,10,P05,yes,1,0.8196337866813792,0.8175744761936437,0.8216809438923075,1732,1677,2026-06-01 14:24:23.032152,3
1994,9,P08,yes,1,0.4618802833090285,0.45842951678320015,0.46533348664659613,1584,1589,2026-06-01 14:24:23.076886,3
3395,17,P09,yes,4,0.8719127373087758,0.20860852732604496,0.22754561719281613,289,333,2026-06-01 14:24:23.085320,5
3396,17,P11,yes,6,1.4558031927105617,0.22754561719281613,0.2581597095111632,295,333,2026-06-01 14:24:23.086202,5
3397,17,P24,no,1,-0.7391684975474391,0.2581597095111632,0.26351515505832507,295,332,2026-06-01 14:24:23.131297,5
3398,17,P13,yes,12,3.5699851206200606,0.26351515505832507,0.3330451148264414,307,332,2026-06-01 14:24:23.149659,5
1995,9,P18,yes,3,1.427151228396042,0.46533348664659613,0.4861146822539951,1587,1589,2026-06-01 14:24:23.162740,3
3013,11,P18,no,1,-0.36780193489835256,0.6289646649499733,0.6354235592583607,1870,1850,2026-06-01 14:24:23.183981,3
3399,17,P16,no,1,0.6700303657012796,0.3330451148264414,0.32690382227776793,307,333,2026-06-01 14:24:23.213354,5
3400,17,P19,no,5,3.4406209673466037,0.32690382227776793,0.2971072549863309,307,338,2026-06-01 14:24:23.260405,5
3401,17,P23,yes,13,4.374936641552324,0.2971072549863309,0.37754066879814546,320,338,2026-06-01 14:24:23.261041,5
3402,17,P15,no,1,0.6257157842682091,0.37754066879814546,0.3710353350500268,320,339,2026-06-01 14:24:23.269377,5
3403,17,P17,no,1,0.6321980651016474,0.3710353350500268,0.36457644074163925,320,340,2026-06-01 14:24:23.274141,5
3404,17,P10,no,1,0.6386329165170537,0.36457644074163925,0.358165954911269,320,341,2026-06-01 14:24:23.277480,5
3014,11,P09,yes,2,-1.2579138493699702,0.6354235592583607,0.6224593312018546,1868,1850,2026-06-01 14:24:23.309757,3
3405,17,P08,no,1,0.6450184025501358,0.358165954911269,0.3518057801362553,320,342,2026-06-01 14:24:23.339860,5
3015,11,P18,no,10,4.108293544247317,0.6224593312018546,0.555328055262369,1868,1860,2026-06-01 14:24:23.344743,3
1996,9,P09,yes,3,1.4895850074613008,0.4861146822539951,0.5069439979482607,1590,1589,2026-06-01 14:24:23.363735,3
3016,11,P13,no,1,-0.4412458590929873,0.555328055262369,0.5621765008857981,1868,1859,2026-06-01 14:24:23.368280,3
3406,17,P09,yes,9,3.4286065625499873,0.3518057801362553,0.41069062390857347,329,342,2026-06-01 14:24:23.388592,5
3407,17,P11,no,13,8.214270660114039,0.41069062390857347,0.32690382227776793,329,355,2026-06-01 14:24:23.394395,5
3408,17,P14,yes,1,0.3299696342987204,0.32690382227776793,0.3330451148264414,330,355,2026-06-01 14:24:23.444928,5
3409,17,P03,no,15,10.663407895622129,0.3330451148264414,0.2476638011390716,330,370,2026-06-01 14:24:23.483735,5
3017,11,P22,yes,5,2.895789207354028,0.5621765008857981,0.5960151933265168,1873,1859,2026-06-01 14:24:23.486454,3
535,7,P09,yes,1,0.6881864875826977,0.6852009766653157,0.6911616123625146,1135,1106,2026-06-01 14:24:23.495894,3
3410,17,P24,yes,1,0.25026374101827287,0.2476638011390716,0.25287573272933045,331,370,2026-06-01 14:24:23.496356,5
1238,8,P09,no,1,0.4618802833090285,0.5415704832167999,0.534666513353404,1417,1412,2026-06-01 14:24:23.507041,3
1997,9,P09,yes,1,0.5104149925384718,0.5069439979482607,0.5138853177460049,1591,1589,2026-06-01 14:24:23.515437,3
3411,17,P13,yes,8,2.196979696407425,0.25287573272933045,0.2971072549863309,339,370,2026-06-01 14:24:23.529215,5
3412,17,P04,yes,9,2.91650180998937,0.2971072549863309,0.3518057801362553,348,370,2026-06-01 14:24:23.533556,5
3413,17,P08,no,1,0.6513526546054891,0.3518057801362553,0.3454977507481214,348,371,2026-06-01 14:24:23.541004,5
3018,11,P18,no,8,-3.021271724071312,0.5960151933265168,0.6481942198637447,1873,1851,2026-06-01 14:24:23.545249,3
3414,17,P19,no,1,0.6576338731482565,0.3454977507481214,0.33924363123418283,348,372,2026-06-01 14:24:23.548004,5
1998,9,P04,no,2,-0.9583601020399328,0.5138853177460049,0.5277492350545132,1591,1587,2026-06-01 14:24:23.580190,3
3415,17,P09,yes,20,8.091502374577203,0.33924363123418283,0.47225076494548685,368,372,2026-06-01 14:24:23.610275,5
3416,17,P09,yes,2,0.9583601020400465,0.47225076494548685,0.4861146822539951,370,372,2026-06-01 14:24:23.610276,5
3417,17,P22,no,7,3.766633512346516,0.4861146822539951,0.4378234991142019,370,379,2026-06-01 14:24:23.619275,5
1999,9,P04,yes,2,1.0693285903350898,0.5277492350545132,0.5415704832167999,1593,1587,2026-06-01 14:24:23.696938,3
3418,17,P22,no,1,0.5655909891553961,0.4378234991142019,0.4309986674318095,370,380,2026-06-01 14:24:23.711557,5
3419,17,P19,no,1,0.572402972001214,0.4309986674318095,0.4241999463841996,370,381,2026-06-01 14:24:23.718700,5
2000,9,P20,no,5,2.3786165191665987,0.5415704832167999,0.5069439979482607,1593,1592,2026-06-01 14:24:23.779256,3
2637,10,P02,yes,1,0.8237038563734131,0.8216809438923075,0.8257146788214146,1733,1677,2026-06-01 14:24:23.818951,3
3420,17,P18,no,1,0.5791876120237021,0.4241999463841996,0.41742979353768533,370,382,2026-06-01 14:24:23.865691,5
2001,9,P04,no,1,-0.4895850074617556,0.5069439979482607,0.5138853177460049,1593,1591,2026-06-01 14:24:23.875747,3
3421,17,P11,yes,3,-1.2220390321336367,0.41742979353768533,0.3973146620215083,367,382,2026-06-01 14:24:23.925089,5
3422,17,P10,no,1,0.6060046947259821,0.3973146620215083,0.3906824581564393,367,383,2026-06-01 14:24:23.966771,5
3423,17,P12,yes,4,-1.5102810715572446,0.3906824581564393,0.36457644074163925,363,383,2026-06-01 14:24:23.978495,5
3424,17,P15,no,1,0.6386329165169968,0.36457644074163925,0.358165954911269,363,384,2026-06-01 14:24:23.995383,5
3425,17,P05,no,16,11.047880138892822,0.358165954911269,0.26351515505832507,363,400,2026-06-01 14:24:24.089320,5
3426,17,P22,no,1,0.7391684975474391,0.26351515505832507,0.2581597095111632,363,401,2026-06-01 14:24:24.099657,5
536,7,P09,yes,3,-2.046523803778655,0.6911616123625146,0.6730961777222321,1132,1106,2026-06-01 14:24:24.139885,3
3427,17,P11,yes,6,1.647250236325931,0.2581597095111632,0.29133917497056444,369,401,2026-06-01 14:24:24.154743,5
3428,17,P08,yes,1,0.2942177197945739,0.29133917497056444,0.2971072549863309,370,401,2026-06-01 14:24:24.161488,5
3019,11,P09,yes,2,1.3089865277538593,0.6481942198637447,0.6607563687658172,1875,1851,2026-06-01 14:24:24.185465,3
3429,17,P01,yes,9,2.91650180998937,0.2971072549863309,0.3518057801362553,379,401,2026-06-01 14:24:24.209499,5
3430,17,P05,no,1,0.6513526546054322,0.3518057801362553,0.3454977507481214,379,402,2026-06-01 14:24:24.233429,5
2638,10,P02,no,1,-0.17229860997963442,0.8257146788214146,0.8296760813561542,1733,1676,2026-06-01 14:24:24.262800,3
2639,10,P05,no,5,-0.8040371871131811,0.8296760813561542,0.8484148512107131,1733,1671,2026-06-01 14:24:24.282773,3
3431,17,P19,no,1,0.6576338731482565,0.3454977507481214,0.33924363123418283,379,403,2026-06-01 14:24:24.339510,5
537,7,P09,yes,3,2.046523803778655,0.6730961777222321,0.6911616123625146,1135,1106,2026-06-01 14:24:24.358088,3
3020,11,P09,yes,1,-0.6576338731483702,0.6607563687658172,0.6545022492518787,1874,1851,2026-06-01 14:24:24.381556,3
2640,10,P14,yes,2,-1.68959225345111,0.8484148512107131,0.8411308951190849,1731,1671,2026-06-01 14:24:24.450970,3
3432,17,P19,no,3,2.0100330934618,0.33924363123418283,0.32082130082460697,379,406,2026-06-01 14:24:24.486197,5
3433,17,P22,no,10,7.083842115127197,0.32082130082460697,0.26351515505832507,379,416,2026-06-01 14:24:24.640190,5
3434,17,P09,yes,1,0.26622241539240576,0.26351515505832507,0.2689414213699951,380,416,2026-06-01 14:24:24.650677,5
2002,9,P18,yes,6,-2.958360102039933,0.5138853177460049,0.47225076494548685,1587,1591,2026-06-01 14:24:24.651902,3
3435,17,P13,yes,1,0.2716837948843249,0.2689414213699951,0.2744377878410785,381,416,2026-06-01 14:24:24.680558,5
3436,17,P12,yes,4,1.1427302433911564,0.2744377878410785,0.2971072549863309,385,416,2026-06-01 14:24:24.680820,5
1239,8,P18,yes,18,-8.503091213425023,0.534666513353404,0.41069062390857347,1399,1412,2026-06-01 14:24:24.719930,3
1240,8,P11,yes,4,1.696875954167126,0.41069062390857347,0.4378234991142019,1403,1412,2026-06-01 14:24:24.729903,3
3437,17,P10,yes,6,1.8893486669521735,0.2971072549863309,0.3330451148264414,391,416,2026-06-01 14:24:24.739029,5
2003,9,P18,yes,6,2.958360102039933,0.47225076494548685,0.5138853177460049,1593,1591,2026-06-01 14:24:24.755495,3
1241,8,P23,yes,9,4.2194793845199,0.4378234991142019,0.5,1412,1412,2026-06-01 14:24:24.776440,3
1242,8,P09,yes,8,-3.7782335254266854,0.5,0.444671944737631,1404,1412,2026-06-01 14:24:24.780630,3
3438,17,P14,yes,9,3.2537828955273653,0.3330451148264414,0.3906824581564393,400,416,2026-06-01 14:24:24.784479,5
1243,8,P08,no,7,-3.718294363977975,0.444671944737631,0.49305600205173933,1404,1405,2026-06-01 14:24:24.789225,3
1244,8,P12,yes,1,0.4965278894046605,0.49305600205173933,0.5,1405,1405,2026-06-01 14:24:24.792822,3
1245,8,P18,no,6,3.124855591428741,0.5,0.45842951678320015,1405,1411,2026-06-01 14:24:24.798878,3
2641,10,P09,no,1,-0.15702483732138717,0.8411308951190849,0.844807753762903,1731,1670,2026-06-01 14:24:24.821237,3
2004,9,P04,yes,1,0.5173538588051088,0.5138853177460049,0.520821285372743,1594,1591,2026-06-01 14:24:24.859418,3
1246,8,P11,yes,1,0.4618802833090285,0.45842951678320015,0.46533348664659613,1406,1411,2026-06-01 14:24:24.869708,3
3439,17,P19,no,1,0.6126170036002918,0.3906824581564393,0.3840904084564866,400,417,2026-06-01 14:24:24.871107,5
3440,17,P13,no,11,7.161967782769352,0.3840904084564866,0.3147990233346844,400,428,2026-06-01 14:24:24.905328,5
2005,9,P18,no,1,-0.4757139608450416,0.520821285372743,0.5277492350545132,1594,1590,2026-06-01 14:24:24.914672,3
2006,9,P13,no,1,0.4757139608450416,0.5277492350545132,0.520821285372743,1594,1591,2026-06-01 14:24:24.937705,3
2642,10,P18,yes,1,0.8466170907722699,0.844807753762903,0.8484148512107131,1732,1670,2026-06-01 14:24:24.941566,3
1247,8,P23,yes,1,0.4687911263558817,0.46533348664659613,0.47225076494548685,1407,1411,2026-06-01 14:24:24.975023,3
3021,11,P18,yes,4,-2.5672020387742123,0.6545022492518787,0.6289646649499733,1870,1851,2026-06-01 14:24:25.029723,3
3441,17,P19,no,1,0.6881864875826409,0.3147990233346844,0.30883838763748533,400,429,2026-06-01 14:24:25.030084,5
1248,8,P03,yes,1,0.4757139608448142,0.47225076494548685,0.4791787146272571,1408,1411,2026-06-01 14:24:25.033952,3
1249,8,P19,yes,7,3.524286039155413,0.4791787146272571,0.5277492350545132,1415,1411,2026-06-01 14:24:25.042844,3
3442,17,P05,no,1,0.6941157482680183,0.30883838763748533,0.3029407160345927,400,430,2026-06-01 14:24:25.096615,5
1250,8,P18,no,6,2.958360102039933,0.5277492350545132,0.4861146822539951,1415,1417,2026-06-01 14:24:25.129950,3
3443,17,P11,no,8,-5.383516774710472,0.3029407160345927,0.3518057801362553,400,422,2026-06-01 14:24:25.269592,5
1251,8,P10,no,1,-0.5104149925384718,0.4861146822539951,0.49305600205173933,1415,1416,2026-06-01 14:24:25.272277,3
3444,17,P19,no,2,1.3089865277537456,0.3518057801362553,0.33924363123418283,400,424,2026-06-01 14:24:25.300203,5
2643,10,P18,yes,5,4.285305997204432,0.8484148512107131,0.8654264045343061,1737,1670,2026-06-01 14:24:25.323218,3
2644,10,P01,yes,1,-0.8637978779613604,0.8654264045343061,0.8621583430350643,1736,1670,2026-06-01 14:24:25.349250,3
3022,11,P18,no,4,1.5364744419330236,0.6289646649499733,0.6026853379784917,1870,1855,2026-06-01 14:24:25.354455,3
3023,11,P20,no,1,-0.39399530527430215,0.6026853379784917,0.6093175418435606,1870,1854,2026-06-01 14:24:25.384701,3
3024,11,P19,yes,1,0.6126170036004623,0.6093175418435606,0.6159095915435134,1871,1854,2026-06-01 14:24:25.396982,3
1252,8,P13,yes,10,5.277048504884988,0.49305600205173933,0.5621765008857981,1425,1416,2026-06-01 14:24:25.399620,3
538,7,P09,no,8,-2.2865392900998813,0.6911616123625146,0.736484844941675,1135,1098,2026-06-01 14:24:25.407887,3
539,7,P20,yes,1,-0.7337775846074237,0.736484844941675,0.7310585786300049,1134,1098,2026-06-01 14:24:25.485092,3
3445,17,P24,no,9,6.191811152955665,0.33924363123418283,0.2856375705089441,400,433,2026-06-01 14:24:25.497767,5
3446,17,P23,yes,1,0.2884827895067019,0.2856375705089441,0.29133917497056444,401,433,2026-06-01 14:24:25.504395,5
4030,19,P22,no,4,3.842426996973927,0.04153132619455174,0.037326887344129464,1568,1685,2026-06-01 14:24:25.514617,5
3447,17,P12,yes,9,2.862072184389433,0.29133917497056444,0.3454977507481214,410,433,2026-06-01 14:24:25.533856,5
540,7,P09,no,11,-2.6438560159544977,0.7310585786300049,0.7867684891624728,1134,1087,2026-06-01 14:24:25.550117,3
2645,10,P14,yes,1,0.8637978779613604,0.8621583430350643,0.8654264045343061,1737,1670,2026-06-01 14:24:25.552979,3
541,7,P17,no,2,0.4358821937319135,0.7867684891624728,0.7772998611746911,1134,1089,2026-06-01 14:24:25.565786,3
2007,9,P18,yes,1,0.5242860391551858,0.520821285372743,0.5277492350545132,1595,1591,2026-06-01 14:24:25.584549,3
3448,17,P19,no,7,4.732164120104926,0.3454977507481214,0.3029407160345927,410,440,2026-06-01 14:24:25.625390,5
542,7,P09,no,9,2.207973822222584,0.7772998611746911,0.7310585786300049,1134,1098,2026-06-01 14:24:25.665697,3
3449,17,P05,no,5,3.5572511719090016,0.3029407160345927,0.2744377878410785,410,445,2026-06-01 14:24:25.681065,5
543,7,P23,yes,6,-4.28556737702479,0.7310585786300049,0.6970592839654074,1128,1098,2026-06-01 14:24:25.683841,3
3450,17,P18,yes,1,0.2772148836378392,0.2744377878410785,0.2800034603553825,411,445,2026-06-01 14:24:25.688784,5
3451,17,P13,no,1,-0.7171851495479018,0.2800034603553825,0.2856375705089441,411,444,2026-06-01 14:24:25.690435,5
2008,9,P18,no,1,0.4757139608448142,0.5277492350545132,0.520821285372743,1595,1592,2026-06-01 14:24:25.714301,3
3452,17,P12,yes,1,0.28848278950675876,0.2856375705089441,0.29133917497056444,412,444,2026-06-01 14:24:25.730860,5
3453,17,P09,yes,12,3.9270682107167545,0.29133917497056444,0.36457644074163925,424,444,2026-06-01 14:24:25.739428,5
3454,17,P24,yes,13,5.2984847528366,0.36457644074163925,0.4515414720267231,437,444,2026-06-01 14:24:25.739964,5
3455,17,P18,no,1,0.551894942040974,0.4515414720267231,0.444671944737631,437,445,2026-06-01 14:24:25.745642,5
3456,17,P20,no,1,0.5587541409070127,0.444671944737631,0.4378234991142019,437,446,2026-06-01 14:24:25.762961,5
2646,10,P05,no,3,-0.38945581431767096,0.8654264045343061,0.8748396004250029,1737,1667,2026-06-01 14:24:25.772708,3
2009,9,P18,no,1,-0.4757139608448142,0.520821285372743,0.5277492350545132,1595,1591,2026-06-01 14:24:25.775409,3
3457,17,P09,yes,17,-6.482605294053485,0.4378234991142019,0.32690382227776793,420,446,2026-06-01 14:24:25.812697,5
3458,17,P14,yes,4,1.3571227773360306,0.32690382227776793,0.3518057801362553,424,446,2026-06-01 14:24:25.815701,5
3459,17,P19,no,12,8.217982830257256,0.3518057801362553,0.2800034603553825,424,458,2026-06-01 14:24:25.815795,5
1253,8,P23,no,1,0.4412458590929873,0.5621765008857981,0.555328055262369,1425,1417,2026-06-01 14:24:25.863171,3
2010,9,P09,no,1,-0.4687911263561091,0.5277492350545132,0.534666513353404,1595,1590,2026-06-01 14:24:25.899990,3
3460,17,P11,yes,11,3.4333698243481194,0.2800034603553825,0.3454977507481214,435,458,2026-06-01 14:24:25.900326,5
3461,17,P15,yes,1,-0.3423661268517435,0.3454977507481214,0.33924363123418283,434,458,2026-06-01 14:24:25.976833,5
1254,8,P08,yes,1,-0.5518949420409172,0.555328055262369,0.548458527973277,1424,1417,2026-06-01 14:24:25.978825,3
2647,10,P18,no,1,-0.12365015458181006,0.8748396004250029,0.877849601504058,1737,1666,2026-06-01 14:24:25.979810,3
3462,17,P03,no,2,1.3338906949103944,0.33924363123418283,0.32690382227776793,434,460,2026-06-01 14:24:25.988716,5
3463,17,P05,no,1,0.6761423985514625,0.32690382227776793,0.32082130082460697,434,461,2026-06-01 14:24:25.994712,5
3464,17,P22,no,1,0.6821949176442672,0.32082130082460697,0.3147990233346844,434,462,2026-06-01 14:24:25.998049,5
3937,18,P24,yes,12,0.5564622874589986,0.039375324260408275,0.05410980348435149,1346,1449,2026-06-01 14:24:26.032971,5
2011,9,P09,no,1,0.4687911263561091,0.534666513353404,0.5277492350545132,1595,1591,2026-06-01 14:24:26.042992,3
2648,10,P18,yes,1,0.8793285159010793,0.877849601504058,0.8807970779778823,1738,1666,2026-06-01 14:24:26.065659,3
3465,17,P05,no,4,2.788065931356357,0.3147990233346844,0.29133917497056444,434,466,2026-06-01 14:24:26.114354,5
3466,17,P19,no,17,12.818705865906566,0.29133917497056444,0.20405977695922933,434,483,2026-06-01 14:24:26.120814,5
3467,17,P22,no,4,3.219064270654087,0.20405977695922933,0.18660508209316082,434,487,2026-06-01 14:24:26.130666,5
3468,17,P09,no,1,-0.8112745656603693,0.18660508209316082,0.19085804424486547,434,486,2026-06-01 14:24:26.134598,5
3469,17,P01,yes,1,0.19301521156143053,0.19085804424486547,0.19518467701384015,435,486,2026-06-01 14:24:26.149645,5
1255,8,P10,yes,1,0.5518949420409172,0.548458527973277,0.555328055262369,1425,1417,2026-06-01 14:24:26.161930,3
2012,9,P09,no,2,-0.9306714096651376,0.5277492350545132,0.5415704832167999,1595,1589,2026-06-01 14:24:26.163957,3
1256,8,P09,no,1,-0.4412458590929873,0.555328055262369,0.5621765008857981,1425,1416,2026-06-01 14:24:26.174425,3
3470,17,P11,yes,3,0.6055230511929608,0.19518467701384015,0.20860852732604496,438,486,2026-06-01 14:24:26.181953,5
3938,18,P24,yes,13,0.8373940664030215,0.05410980348435149,0.07585818002124356,1359,1449,2026-06-01 14:24:26.185399,5
2649,10,P20,no,3,0.3710133957324615,0.8807970779778823,0.8717662624074807,1738,1669,2026-06-01 14:24:26.224109,3
3471,17,P03,no,1,0.7936720322519477,0.20860852732604496,0.20405977695922933,438,487,2026-06-01 14:24:26.224783,5
544,7,P09,no,1,0.30588425173209544,0.6970592839654074,0.6911616123625146,1128,1099,2026-06-01 14:24:26.229711,3
2013,9,P03,yes,1,-0.5381197166909715,0.5415704832167999,0.534666513353404,1594,1589,2026-06-01 14:24:26.256422,3
1257,8,P10,yes,4,2.3031240458326465,0.5621765008857981,0.5893093760914265,1429,1416,2026-06-01 14:24:26.280757,3
1258,8,P08,yes,1,-0.5859424726522775,0.5893093760914265,0.5825702064623147,1428,1416,2026-06-01 14:24:26.284573,3
4031,19,P03,yes,11,0.47705937971682033,0.037326887344129464,0.049999740399933254,1579,1685,2026-06-01 14:24:26.347605,5
3025,11,P09,yes,13,-7.438757853759398,0.6159095915435134,0.5277492350545132,1858,1854,2026-06-01 14:24:26.363481,3
3026,11,P08,yes,20,11.90849762542257,0.5277492350545132,0.6607563687658172,1878,1854,2026-06-01 14:24:26.372643,3
3027,11,P08,yes,1,0.6638603292090011,0.6607563687658172,0.6669548851735586,1879,1854,2026-06-01 14:24:26.372644,3
3028,11,P18,yes,1,-0.6638603292090011,0.6669548851735586,0.6607563687658172,1878,1854,2026-06-01 14:24:26.373019,3
2014,9,P09,no,1,0.4687911263558817,0.534666513353404,0.5277492350545132,1594,1590,2026-06-01 14:24:26.388362,3
545,7,P18,yes,1,0.6941157482679046,0.6911616123625146,0.6970592839654074,1129,1099,2026-06-01 14:24:26.397955,3
1259,8,P20,no,10,4.516184914473115,0.5825702064623147,0.5138853177460049,1428,1426,2026-06-01 14:24:26.397982,3
3472,17,P05,no,5,4.034555072335422,0.20405977695922933,0.18242552380635632,438,492,2026-06-01 14:24:26.418917,5
3473,17,P10,yes,1,0.18450919831855117,0.18242552380635632,0.18660508209316082,439,492,2026-06-01 14:24:26.429669,5
3474,17,P04,yes,1,0.18872543433968758,0.18660508209316082,0.19085804424486547,440,492,2026-06-01 14:24:26.472927,5
1260,8,P10,no,1,-0.482646141195346,0.5138853177460049,0.520821285372743,1428,1425,2026-06-01 14:24:26.501978,3
546,7,P09,no,1,0.30588425173209544,0.6970592839654074,0.6911616123625146,1129,1100,2026-06-01 14:24:26.511687,3
2650,10,P18,yes,1,0.8733082429482693,0.8717662624074807,0.8748396004250029,1739,1669,2026-06-01 14:24:26.528347,3
1261,8,P18,no,1,0.482646141195346,0.520821285372743,0.5138853177460049,1428,1426,2026-06-01 14:24:26.533231,3
3475,17,P24,no,3,-2.407789704993661,0.19085804424486547,0.20405977695922933,440,489,2026-06-01 14:24:26.539701,5
3476,17,P05,no,12,9.854939827524845,0.20405977695922933,0.15519224623709701,440,501,2026-06-01 14:24:26.553441,5
3477,17,P06,yes,1,0.15702483732167138,0.15519224623709701,0.15886910488091516,441,501,2026-06-01 14:24:26.555590,5
3478,17,P18,yes,1,0.16073682108316234,0.15886910488091516,0.16261630836153196,442,501,2026-06-01 14:24:26.558321,5
2651,10,P02,no,13,-1.3922719616509767,0.8748396004250029,0.9093361037264148,1739,1656,2026-06-01 14:24:26.580428,3
3029,11,P18,no,2,-0.6661093050895488,0.6607563687658172,0.6730961777222321,1878,1852,2026-06-01 14:24:26.619241,3
2652,10,P19,no,14,1.51896371870248,0.9093361037264148,0.8717662624074807,1739,1670,2026-06-01 14:24:26.621147,3
3939,18,P19,no,14,13.109201152139349,0.07585818002124356,0.05270556608289024,1359,1463,2026-06-01 14:24:26.641407,5
2015,9,P18,yes,1,0.5312088736441183,0.5277492350545132,0.534666513353404,1595,1590,2026-06-01 14:24:26.645280,3
1262,8,P09,yes,1,0.517353858804654,0.5138853177460049,0.520821285372743,1429,1426,2026-06-01 14:24:26.689584,3
3479,17,P18,yes,8,1.428103430625356,0.16261630836153196,0.19518467701384015,450,501,2026-06-01 14:24:26.728552,5
3480,17,P02,yes,12,2.6777272409253783,0.19518467701384015,0.25287573272933045,462,501,2026-06-01 14:24:26.749257,5
3030,11,P18,yes,1,0.6761423985515194,0.6730961777222321,0.679178699175393,1879,1852,2026-06-01 14:24:26.763449,3
3481,17,P12,yes,1,0.2555117402868632,0.25287573272933045,0.2581597095111632,463,501,2026-06-01 14:24:26.809419,5
3482,17,P10,yes,1,0.26083150245261777,0.2581597095111632,0.26351515505832507,464,501,2026-06-01 14:24:26.844430,5
3483,17,P24,yes,12,3.5699851206201174,0.26351515505832507,0.3330451148264414,476,501,2026-06-01 14:24:26.849448,5
3484,17,P22,no,2,1.3461727642527421,0.3330451148264414,0.32082130082460697,476,503,2026-06-01 14:24:26.868490,5
3485,17,P03,no,11,7.8230106126745795,0.32082130082460697,0.2581597095111632,476,514,2026-06-01 14:24:26.906072,5
3486,17,P21,yes,1,0.2608315024525609,0.2581597095111632,0.26351515505832507,477,514,2026-06-01 14:24:26.909932,5
547,7,P18,no,1,0.31181351241730226,0.6911616123625146,0.6852009766653157,1129,1101,2026-06-01 14:24:26.924609,3
3487,17,P23,yes,14,4.24849091826286,0.26351515505832507,0.3454977507481214,491,514,2026-06-01 14:24:26.926983,5
3031,11,P01,no,8,2.7651309946156744,0.679178699175393,0.6289646649499733,1879,1860,2026-06-01 14:24:26.928634,3
3488,17,P18,no,1,0.6576338731481428,0.3454977507481214,0.33924363123418283,491,515,2026-06-01 14:24:26.935728,5
2653,10,P02,yes,2,1.749658088366914,0.8717662624074807,0.877849601504058,1741,1670,2026-06-01 14:24:26.967247,3
3489,17,P18,no,1,0.6638603292091148,0.33924363123418283,0.3330451148264414,491,516,2026-06-01 14:24:26.979649,5
2654,10,P02,no,1,-0.12067148409914807,0.877849601504058,0.8807970779778823,1741,1669,2026-06-01 14:24:27.051613,3
2655,10,P12,no,1,0.12067148409914807,0.8807970779778823,0.877849601504058,1741,1670,2026-06-01 14:24:27.058605,3
3490,17,P03,no,1,0.6700303657013365,0.3330451148264414,0.32690382227776793,491,517,2026-06-01 14:24:27.068767,5
3940,18,P22,no,1,0.9479821612655996,0.05270556608289024,0.05133579311531625,1359,1464,2026-06-01 14:24:27.090713,5
3491,17,P17,no,15,10.748289484162797,0.32690382227776793,0.24252442073717165,491,532,2026-06-01 14:24:27.091120,5
3492,17,P20,yes,1,0.24508804575805243,0.24252442073717165,0.2476638011390716,492,532,2026-06-01 14:24:27.105706,5
3493,17,P19,no,1,0.7549119542418339,0.2476638011390716,0.24252442073717165,492,533,2026-06-01 14:24:27.146743,5
2656,10,P18,yes,1,0.8793285159006246,0.877849601504058,0.8807970779778823,1742,1670,2026-06-01 14:24:27.171905,3
3494,17,P20,yes,14,3.9278529143887226,0.24252442073717165,0.32082130082460697,506,533,2026-06-01 14:24:27.183497,5
3495,17,P07,no,8,5.621748325403928,0.32082130082460697,0.2744377878410785,506,541,2026-06-01 14:24:27.262625,5
3496,17,P23,yes,3,0.8485125235966962,0.2744377878410785,0.29133917497056444,509,541,2026-06-01 14:24:27.262873,5
2016,9,P09,no,1,-0.4618802833090285,0.534666513353404,0.5415704832167999,1595,1589,2026-06-01 14:24:27.268170,3
3497,17,P05,no,2,1.4287023600412567,0.29133917497056444,0.2800034603553825,509,543,2026-06-01 14:24:27.279296,5
3498,17,P05,no,1,0.7227851163620471,0.2800034603553825,0.2744377878410785,509,544,2026-06-01 14:24:27.307735,5
3499,17,P05,no,1,0.7283162051156751,0.2744377878410785,0.2689414213699951,509,545,2026-06-01 14:24:27.340575,5
3500,17,P23,yes,1,0.2716837948843249,0.2689414213699951,0.2744377878410785,510,545,2026-06-01 14:24:27.366124,5
3501,17,P24,yes,16,5.143382669211746,0.2744377878410785,0.3710353350500268,526,545,2026-06-01 14:24:27.367900,5
3502,17,P04,no,1,0.6321980651016474,0.3710353350500268,0.36457644074163925,526,546,2026-06-01 14:24:27.382943,5
2017,9,P09,no,1,-0.4549840588963434,0.5415704832167999,0.548458527973277,1595,1588,2026-06-01 14:24:27.401732,3
548,7,P18,yes,1,0.6881864875824704,0.6852009766653157,0.6911616123625146,1130,1101,2026-06-01 14:24:27.403743,3
2657,10,P05,yes,1,0.8822450737743566,0.8807970779778823,0.8836828560223441,1743,1670,2026-06-01 14:24:27.405181,3
4032,19,P03,yes,12,0.7051473451140282,0.049999740399933254,0.06842674250359211,1591,1685,2026-06-01 14:24:27.448080,5
3503,17,P08,no,2,1.2836513190671894,0.36457644074163925,0.3518057801362553,526,548,2026-06-01 14:24:27.462574,5
3504,17,P19,no,1,0.6513526546054891,0.3518057801362553,0.3454977507481214,526,549,2026-06-01 14:24:27.466625,5
3941,18,P03,no,4,3.8051272597740535,0.05133579311531625,0.04618662486055427,1359,1468,2026-06-01 14:24:27.474211,5
2658,10,P02,no,13,-1.292112935469504,0.8836828560223441,0.9159760921836879,1743,1657,2026-06-01 14:24:27.487217,3
2659,10,P13,no,1,0.08510112210637999,0.9159760921836879,0.9138133552020657,1743,1658,2026-06-01 14:24:27.492296,3
3942,18,P19,no,11,10.5595459711501,0.04618662486055427,0.034445195666211174,1359,1479,2026-06-01 14:24:27.532264,5
2660,10,P09,yes,18,-16.041455807412603,0.9138133552020657,0.8654264045343061,1725,1658,2026-06-01 14:24:27.550415,3
3032,11,P18,yes,1,0.6321980651016474,0.6289646649499733,0.6354235592583607,1880,1860,2026-06-01 14:24:27.573996,3
3505,17,P19,no,18,12.739814052221277,0.3454977507481214,0.24252442073717165,526,567,2026-06-01 14:24:27.574221,5
3506,17,P03,no,12,9.435883899949886,0.24252442073717165,0.18660508209316082,526,579,2026-06-01 14:24:27.587998,5
3507,17,P22,no,1,0.8154908016814488,0.18660508209316082,0.18242552380635632,526,580,2026-06-01 14:24:27.602780,5
3033,11,P18,no,4,-1.4073621531792924,0.6354235592583607,0.6607563687658172,1880,1856,2026-06-01 14:24:27.620961,3
3508,17,P11,yes,8,1.5982606637444405,0.18242552380635632,0.21792873238451507,534,580,2026-06-01 14:24:27.621905,5
2661,10,P02,yes,1,0.8670330390286836,0.8654264045343061,0.8686287904691933,1726,1658,2026-06-01 14:24:27.656721,3
3509,17,P19,no,15,12.222124091445153,0.21792873238451507,0.15519224623709701,534,595,2026-06-01 14:24:27.671811,5
3510,17,P18,yes,1,0.15702483732161454,0.15519224623709701,0.15886910488091516,535,595,2026-06-01 14:24:27.682884,5
1263,8,P18,no,1,0.4826461411951186,0.520821285372743,0.5138853177460049,1429,1427,2026-06-01 14:24:27.710948,3
3034,11,P18,no,6,-1.9254697530432168,0.6607563687658172,0.6970592839654074,1880,1850,2026-06-01 14:24:27.740252,3
3511,17,P15,yes,2,0.32525624901256833,0.15886910488091516,0.16643440755425876,537,595,2026-06-01 14:24:27.747499,5
3512,17,P10,yes,2,0.3406718015314709,0.16643440755425876,0.17428532117858547,539,595,2026-06-01 14:24:27.760892,5
3513,17,P08,yes,2,0.3566623569448666,0.17428532117858547,0.18242552380635632,541,595,2026-06-01 14:24:27.778675,5
4033,19,P22,no,1,0.9324515574612633,0.06842674250359211,0.06667714818800587,1591,1686,2026-06-01 14:24:27.795612,5
4034,19,P22,no,4,3.7466855410627886,0.06667714818800587,0.06008665017400762,1591,1690,2026-06-01 14:24:27.798993,5
3514,17,P24,yes,15,3.243977085144934,0.18242552380635632,0.25287573272933045,556,595,2026-06-01 14:24:27.807283,5
1264,8,P18,no,1,0.4895850074617556,0.5138853177460049,0.5069439979482607,1429,1428,2026-06-01 14:24:27.834448,3
549,7,P18,no,9,-2.547370792552101,0.6911616123625146,0.7418402904888368,1130,1092,2026-06-01 14:24:27.838351,3
2662,10,P02,no,12,-1.3662262620650836,0.8686287904691933,0.9022274001492008,1726,1646,2026-06-01 14:24:27.839226,3
3035,11,P09,no,2,0.6176977641491703,0.6970592839654074,0.6852009766653157,1880,1852,2026-06-01 14:24:27.841333,3
4035,19,P03,yes,9,0.6091972304168394,0.06008665017400762,0.07585818002124356,1600,1690,2026-06-01 14:24:27.873451,5
550,7,P19,no,1,0.26083150245244724,0.7418402904888368,0.736484844941675,1130,1093,2026-06-01 14:24:27.883624,3
2663,10,P13,no,1,0.0990069450745068,0.9022274001492008,0.899749509642487,1726,1647,2026-06-01 14:24:27.885549,3
3515,17,P14,yes,1,0.2555117402870337,0.25287573272933045,0.2581597095111632,557,595,2026-06-01 14:24:27.889603,5
3516,17,P22,no,5,3.7741959631759983,0.2581597095111632,0.2324649929561242,557,600,2026-06-01 14:24:27.899795,5
551,7,P20,no,8,2.286539290099654,0.736484844941675,0.6911616123625146,1130,1101,2026-06-01 14:24:27.910006,3
3517,17,P05,no,2,1.5448841324463274,0.2324649929561242,0.22270013882530884,557,602,2026-06-01 14:24:27.918132,5
3036,11,P09,no,2,0.6416626838044976,0.6852009766653157,0.6730961777222321,1880,1854,2026-06-01 14:24:27.938302,3
3518,17,P21,yes,14,3.622387860497952,0.22270013882530884,0.2971072549863309,571,602,2026-06-01 14:24:27.957559,5
2018,9,P09,yes,2,1.1106490829479299,0.548458527973277,0.5621765008857981,1597,1588,2026-06-01 14:24:27.963684,3
3519,17,P03,no,12,8.83272800705572,0.2971072549863309,0.2324649929561242,571,614,2026-06-01 14:24:28.039152,5
3520,17,P13,yes,1,0.23495538395445692,0.2324649929561242,0.23745802834390253,572,614,2026-06-01 14:24:28.050617,5
1265,8,P09,no,1,0.4965278894046605,0.5069439979482607,0.5,1429,1429,2026-06-01 14:24:28.051397,3
2664,10,P05,no,3,-0.28972382974711763,0.899749509642487,0.9070198054777002,1726,1644,2026-06-01 14:24:28.054938,3
552,7,P09,no,3,0.9534761962217999,0.6911616123625146,0.6730961777222321,1130,1104,2026-06-01 14:24:28.113197,3
1266,8,P10,no,3,-1.4687590380615347,0.5,0.520821285372743,1429,1426,2026-06-01 14:24:28.135067,3
4036,19,P19,no,2,-1.844327226323685,0.07585818002124356,0.07984576661461423,1600,1688,2026-06-01 14:24:28.181263,5
3037,11,P13,no,1,0.32996963429854986,0.6730961777222321,0.6669548851735586,1880,1855,2026-06-01 14:24:28.188275,3
2665,10,P11,yes,1,-0.9058396218335929,0.9070198054777002,0.9046505351008906,1725,1644,2026-06-01 14:24:28.199774,3
2666,10,P12,no,1,0.09655650650597636,0.9046505351008906,0.9022274001492008,1725,1645,2026-06-01 14:24:28.200905,3
553,7,P18,no,5,-1.5593790326536237,0.6730961777222321,0.702892745013669,1130,1099,2026-06-01 14:24:28.228181,3
4037,19,P19,no,20,-17.925484318634062,0.07984576661461423,0.13137120953080678,1600,1668,2026-06-01 14:24:28.232163,5
4038,19,P19,no,4,-3.4484562669954357,0.13137120953080678,0.14457775046587726,1600,1664,2026-06-01 14:24:28.232164,5
3521,17,P03,no,1,0.7650446160455431,0.23745802834390253,0.2324649929561242,572,615,2026-06-01 14:24:28.245101,5
1267,8,P10,yes,4,2.138630570593932,0.520821285372743,0.548458527973277,1433,1426,2026-06-01 14:24:28.268920,3
3522,17,P13,yes,1,0.23495538395434323,0.2324649929561242,0.23745802834390253,573,615,2026-06-01 14:24:28.277448,5
2019,9,P23,yes,12,-6.249279653541635,0.5621765008857981,0.4791787146272571,1585,1588,2026-06-01 14:24:28.303769,3
2020,9,P22,yes,1,0.4826461411951186,0.4791787146272571,0.4861146822539951,1586,1588,2026-06-01 14:24:28.319437,3
4039,19,P22,no,11,9.60288639358032,0.14457775046587726,0.1107273179723682,1600,1675,2026-06-01 14:24:28.330260,5
4040,19,P12,no,1,0.8906304535826166,0.1107273179723682,0.10802156134341918,1600,1676,2026-06-01 14:24:28.335918,5
3523,17,P15,no,2,1.53504546015904,0.23745802834390253,0.22754561719281613,573,617,2026-06-01 14:24:28.341324,5
3524,17,P22,no,6,4.719942984148929,0.22754561719281613,0.19958519865373256,573,623,2026-06-01 14:24:28.346784,5
3525,17,P11,yes,1,0.20181631079424278,0.19958519865373256,0.20405977695922933,574,623,2026-06-01 14:24:28.364172,5
554,7,P18,no,5,-1.414414038275254,0.702892745013669,0.7310585786300049,1130,1094,2026-06-01 14:24:28.366289,3
555,7,P22,no,1,0.27168379488421124,0.7310585786300049,0.7255622121589215,1130,1095,2026-06-01 14:24:28.372114,3
1268,8,P10,no,11,-4.556398602206627,0.548458527973277,0.6224593312018546,1433,1415,2026-06-01 14:24:28.378460,3
3526,17,P12,yes,1,0.20632796774816597,0.20405977695922933,0.20860852732604496,575,623,2026-06-01 14:24:28.395341,5
4041,19,P10,no,1,0.8933069957299722,0.10802156134341918,0.10537408848177848,1600,1677,2026-06-01 14:24:28.399528,5
1269,8,P11,no,11,4.556398602206627,0.6224593312018546,0.548458527973277,1433,1426,2026-06-01 14:24:28.416301,3
4042,19,P23,no,1,0.8959256908096904,0.10537408848177848,0.10278402491725176,1600,1678,2026-06-01 14:24:28.428844,5
2021,9,P18,no,1,0.517353858804654,0.4861146822539951,0.4791787146272571,1586,1589,2026-06-01 14:24:28.455855,3
2667,10,P18,no,3,0.30459383796278416,0.9022274001492008,0.8946259115182216,1725,1648,2026-06-01 14:24:28.465925,3
4043,19,P19,yes,8,0.9092178799467092,0.10278402491725176,0.1251603995749971,1608,1678,2026-06-01 14:24:28.478907,5
4044,19,P19,yes,20,3.2007765880214265,0.1251603995749971,0.19958519865373256,1628,1678,2026-06-01 14:24:28.480571,5
4045,19,P19,yes,2,0.40814427854252244,0.19958519865373256,0.20860852732604496,1630,1678,2026-06-01 14:24:28.480572,5
1270,8,P10,yes,1,0.5518949420409172,0.548458527973277,0.555328055262369,1434,1426,2026-06-01 14:24:28.491262,3
3527,17,P04,yes,12,2.854769847864304,0.20860852732604496,0.2689414213699951,587,623,2026-06-01 14:24:28.496728,5
1271,8,P10,yes,5,2.861878186739659,0.555328055262369,0.5893093760914265,1439,1426,2026-06-01 14:24:28.525406,3
1272,8,P13,no,5,2.138121813260341,0.5893093760914265,0.555328055262369,1439,1431,2026-06-01 14:24:28.527764,3
556,7,P12,no,1,0.2772148836379529,0.7255622121589215,0.7199965396446176,1130,1096,2026-06-01 14:24:28.532929,3
4046,19,P21,yes,1,-0.20632796774816597,0.20860852732604496,0.20405977695922933,1629,1678,2026-06-01 14:24:28.562844,5
4047,19,P23,no,1,0.7981836892056435,0.20405977695922933,0.19958519865373256,1629,1679,2026-06-01 14:24:28.563127,5
4048,19,P10,yes,12,-2.0966267709081876,0.19958519865373256,0.1515851487892869,1617,1679,2026-06-01 14:24:28.564731,5
4049,19,P24,no,1,0.8501895624299323,0.1515851487892869,0.1480471980316895,1617,1680,2026-06-01 14:24:28.567572,5
3528,17,P03,no,1,0.7337775846074237,0.2689414213699951,0.26351515505832507,587,624,2026-06-01 14:24:28.568470,5
3529,17,P02,no,1,-0.7337775846074237,0.26351515505832507,0.2689414213699951,587,623,2026-06-01 14:24:28.571506,5
3530,17,P18,no,11,8.356143984045502,0.2689414213699951,0.2132315108375271,587,634,2026-06-01 14:24:28.576371,5
4050,19,P21,no,1,0.8536932068075203,0.1480471980316895,0.14457775046587726,1617,1681,2026-06-01 14:24:28.595909,5
557,7,P18,yes,1,0.7227851163620471,0.7199965396446176,0.7255622121589215,1131,1096,2026-06-01 14:24:28.600590,3
2668,10,P20,no,2,0.21606255068718383,0.8946259115182216,0.8892726820276319,1725,1650,2026-06-01 14:24:28.605999,3
3531,17,P22,no,2,1.5827582003419138,0.2132315108375271,0.20405977695922933,587,636,2026-06-01 14:24:28.618000,5
1273,8,P10,yes,2,1.1243451300624656,0.555328055262369,0.5690013325681905,1441,1431,2026-06-01 14:24:28.619328,3
1274,8,P10,no,1,-0.42759702799889965,0.5690013325681905,0.5758000536158003,1441,1430,2026-06-01 14:24:28.636485,3
2022,9,P11,yes,9,4.5936146294902755,0.4791787146272571,0.5415704832167999,1595,1589,2026-06-01 14:24:28.655101,3
3532,17,P09,no,1,0.7981836892057572,0.20405977695922933,0.19958519865373256,587,637,2026-06-01 14:24:28.708299,5
4051,19,P22,no,1,0.8571286811318259,0.14457775046587726,0.14117613544185983,1617,1682,2026-06-01 14:24:28.716785,5
3533,17,P23,yes,1,0.20181631079424278,0.19958519865373256,0.20405977695922933,588,637,2026-06-01 14:24:28.749507,5
4052,19,P21,no,1,0.8604966688735658,0.14117613544185983,0.13784165696493572,1617,1683,2026-06-01 14:24:28.768113,5
4053,19,P20,no,9,7.885261043574701,0.13784165696493572,0.1107273179723682,1617,1692,2026-06-01 14:24:28.792917,5
4054,19,P13,no,12,10.851928357425322,0.1107273179723682,0.08191057715532518,1617,1704,2026-06-01 14:24:28.795680,5
3534,17,P21,yes,11,2.5340438977674467,0.20405977695922933,0.2581597095111632,599,637,2026-06-01 14:24:28.814033,5
2669,10,P05,no,1,-0.10936954641715602,0.8892726820276319,0.8919784386565807,1725,1649,2026-06-01 14:24:28.843778,3
2670,10,P18,yes,16,-13.886991869851272,0.8919784386565807,0.8411308951190849,1709,1649,2026-06-01 14:24:28.849118,3
558,7,P18,no,6,-1.549601239792537,0.7255622121589215,0.7574755792628283,1131,1090,2026-06-01 14:24:28.864314,3
3535,17,P15,no,1,0.74448825971308,0.2581597095111632,0.25287573272933045,599,638,2026-06-01 14:24:28.881667,5
2671,10,P12,yes,1,0.8429751626781581,0.8411308951190849,0.844807753762903,1710,1649,2026-06-01 14:24:28.899439,3
1275,8,P23,no,1,0.42759702799889965,0.5758000536158003,0.5690013325681905,1441,1431,2026-06-01 14:24:28.905120,3
1276,8,P10,no,1,-0.42759702799889965,0.5690013325681905,0.5758000536158003,1441,1430,2026-06-01 14:24:28.925412,3
559,7,P23,no,1,0.24508804575793874,0.7574755792628283,0.7523361988609284,1131,1091,2026-06-01 14:24:28.948394,3
4055,19,P19,yes,1,0.082963162267788,0.08191057715532518,0.084023907816312,1618,1704,2026-06-01 14:24:28.955344,5
4056,19,P19,yes,7,0.6434590367318833,0.084023907816312,0.10025049035751298,1625,1704,2026-06-01 14:24:28.982460,5
2672,10,P02,yes,2,1.6968066532028843,0.844807753762903,0.8519528019683106,1712,1649,2026-06-01 14:24:28.994110,3
3536,17,P15,yes,1,-0.2502637410183297,0.25287573272933045,0.2476638011390716,598,638,2026-06-01 14:24:29.011357,5
560,7,P20,no,1,0.250263741018216,0.7523361988609284,0.7471242672706695,1131,1092,2026-06-01 14:24:29.013618,3
4057,19,P05,no,6,5.441642085374269,0.10025049035751298,0.08618664479793421,1625,1710,2026-06-01 14:24:29.020163,5
1277,8,P23,yes,1,-0.5724029720011004,0.5758000536158003,0.5690013325681905,1440,1430,2026-06-01 14:24:29.055368,3
561,7,P03,no,8,2.196979696407425,0.7471242672706695,0.702892745013669,1131,1100,2026-06-01 14:24:29.068714,3
3537,17,P19,no,1,0.7549119542419476,0.2476638011390716,0.24252442073717165,598,639,2026-06-01 14:24:29.088283,5
3038,11,P09,yes,6,4.1106513330478265,0.6669548851735586,0.702892745013669,1886,1855,2026-06-01 14:24:29.102297,3
4058,19,P19,yes,8,0.7639448075135533,0.08618664479793421,0.10537408848177848,1633,1710,2026-06-01 14:24:29.142517,5
4059,19,P03,no,8,-7.068164672192097,0.10537408848177848,0.12823373759251924,1633,1702,2026-06-01 14:24:29.201987,5
3538,17,P13,yes,1,0.24508804575805243,0.24252442073717165,0.2476638011390716,599,639,2026-06-01 14:24:29.208152,5
4060,19,P23,yes,13,-1.4271460504430706,0.12823373759251924,0.09298019452229982,1620,1702,2026-06-01 14:24:29.209511,5
4061,19,P22,no,1,0.9081823317403632,0.09298019452229982,0.09066389627358525,1620,1703,2026-06-01 14:24:29.210939,5
3539,17,P15,yes,6,-1.3954526803822773,0.2476638011390716,0.21792873238451507,593,639,2026-06-01 14:24:29.213277,5
3039,11,P18,no,5,1.5593790326536237,0.702892745013669,0.6730961777222321,1886,1860,2026-06-01 14:24:29.217627,3
3540,17,P12,yes,1,0.2203082573099664,0.21792873238451507,0.22270013882530884,594,639,2026-06-01 14:24:29.218230,5
1278,8,P03,no,2,0.8756548699375344,0.5690013325681905,0.555328055262369,1440,1432,2026-06-01 14:24:29.258290,3
3541,17,P02,yes,13,3.3281701407034916,0.22270013882530884,0.29133917497056444,607,639,2026-06-01 14:24:29.270875,5
3542,17,P10,yes,12,-3.1030534290364358,0.29133917497056444,0.22754561719281613,595,639,2026-06-01 14:24:29.377203,5
562,7,P09,no,1,0.3000185846999557,0.702892745013669,0.6970592839654074,1131,1101,2026-06-01 14:24:29.396217,3
3543,17,P15,no,4,3.128087262691224,0.22754561719281613,0.20860852732604496,595,643,2026-06-01 14:24:29.396320,5
1279,8,P10,no,1,-0.4412458590929873,0.555328055262369,0.5621765008857981,1440,1431,2026-06-01 14:24:29.410149,3
3544,17,P03,no,14,11.495228950549404,0.20860852732604496,0.1515851487892869,595,657,2026-06-01 14:24:29.419563,5
563,7,P18,yes,4,2.8344660555469545,0.6970592839654074,0.7199965396446176,1135,1101,2026-06-01 14:24:29.423995,3
3545,17,P03,no,1,0.850189562430046,0.1515851487892869,0.1480471980316895,595,658,2026-06-01 14:24:29.430334,5
3943,18,P09,yes,1,0.03491112870597135,0.034445195666211174,0.03538109202197851,1360,1479,2026-06-01 14:24:29.455314,5
4062,19,P05,no,1,0.9104725159897953,0.09066389627358525,0.08839967720705841,1620,1704,2026-06-01 14:24:29.457978,5
2673,10,P09,no,7,1.1261462346628832,0.8519528019683106,0.8257146788214146,1712,1656,2026-06-01 14:24:29.462220,3
3546,17,P05,no,13,11.34721005397057,0.1480471980316895,0.10802156134341918,595,671,2026-06-01 14:24:29.468082,5
3547,17,P13,yes,17,2.273744951231606,0.10802156134341918,0.16261630836153196,612,671,2026-06-01 14:24:29.470100,5
3548,17,P12,no,1,-0.8354805720705372,0.16261630836153196,0.16643440755425876,612,670,2026-06-01 14:24:29.478579,5
564,7,P18,no,1,-0.2772148836379529,0.7199965396446176,0.7255622121589215,1135,1100,2026-06-01 14:24:29.479214,3
3549,17,P12,yes,2,0.3406718015315846,0.16643440755425876,0.17428532117858547,614,670,2026-06-01 14:24:29.485066,5
4063,19,P09,yes,15,1.6084912027126848,0.08839967720705841,0.12823373759251924,1635,1704,2026-06-01 14:24:29.494398,5
3550,17,P23,yes,1,0.1762961436262458,0.17428532117858547,0.17831905610769247,615,670,2026-06-01 14:24:29.501281,5
2023,9,P09,yes,1,-0.5381197166909715,0.5415704832167999,0.534666513353404,1594,1589,2026-06-01 14:24:29.504128,3
3551,17,P12,yes,1,0.18036621331839342,0.17831905610769247,0.18242552380635632,616,670,2026-06-01 14:24:29.513036,5
4064,19,P14,no,13,11.572853949557157,0.12823373759251924,0.09298019452229982,1635,1717,2026-06-01 14:24:29.515232,5
3552,17,P19,no,1,0.8196337866816066,0.18242552380635632,0.17831905610769247,616,671,2026-06-01 14:24:29.608268,5
2674,10,P05,no,3,-0.5051912294609338,0.8257146788214146,0.8373836916384682,1712,1653,2026-06-01 14:24:29.619047,3
1280,8,P18,yes,1,-0.5587541409070127,0.5621765008857981,0.555328055262369,1439,1431,2026-06-01 14:24:29.622883,3
3553,17,P10,no,1,-0.8196337866816066,0.17831905610769247,0.18242552380635632,616,670,2026-06-01 14:24:29.626593,5
3554,17,P03,no,1,0.8196337866816066,0.18242552380635632,0.17831905610769247,616,671,2026-06-01 14:24:29.637449,5
3555,17,P21,yes,9,1.778626877062834,0.17831905610769247,0.21792873238451507,625,671,2026-06-01 14:24:29.647749,5
2675,10,P18,yes,1,0.8392631789167808,0.8373836916384682,0.8411308951190849,1713,1653,2026-06-01 14:24:29.651883,3
3040,11,P09,yes,3,2.0465238037782,0.6730961777222321,0.6911616123625146,1889,1860,2026-06-01 14:24:29.653320,3
2676,10,P02,no,8,-1.1580687103160017,0.8411308951190849,0.8686287904691933,1713,1645,2026-06-01 14:24:29.789308,3
3556,17,P01,no,1,-0.7796917426900336,0.21792873238451507,0.22270013882530884,625,670,2026-06-01 14:24:29.824144,5
3557,17,P17,yes,16,4.228290696930003,0.22270013882530884,0.30883838763748533,641,670,2026-06-01 14:24:29.824566,5
3558,17,P21,no,4,2.8113966542669004,0.30883838763748533,0.2856375705089441,641,674,2026-06-01 14:24:29.837486,5
3559,17,P03,no,10,7.415428516356769,0.2856375705089441,0.2324649929561242,641,684,2026-06-01 14:24:29.849350,5
1281,8,P09,yes,1,-0.5518949420411445,0.555328055262369,0.548458527973277,1438,1431,2026-06-01 14:24:29.882138,3
2024,9,P09,no,1,0.4687911263558817,0.534666513353404,0.5277492350545132,1594,1590,2026-06-01 14:24:29.920036,3
3041,11,P18,no,3,0.9534761962217999,0.6911616123625146,0.6730961777222321,1889,1863,2026-06-01 14:24:29.922027,3
2677,10,P02,yes,1,0.8702029037053762,0.8686287904691933,0.8717662624074807,1714,1645,2026-06-01 14:24:29.962676,3
2025,9,P09,yes,1,-0.5242860391551858,0.5277492350545132,0.520821285372743,1593,1590,2026-06-01 14:24:29.977944,3
3560,17,P24,yes,8,2.0245417495532365,0.2324649929561242,0.2744377878410785,649,684,2026-06-01 14:24:29.998439,5
3561,17,P05,no,2,1.4620937897233262,0.2744377878410785,0.26351515505832507,649,686,2026-06-01 14:24:29.999352,5
3562,17,P19,no,16,12.424188870433909,0.26351515505832507,0.18660508209316082,649,702,2026-06-01 14:24:30.006490,5
4065,19,P12,no,1,0.9081823317403632,0.09298019452229982,0.09066389627358525,1635,1718,2026-06-01 14:24:30.010528,5
3563,17,P20,yes,4,0.7809357293459698,0.18660508209316082,0.20405977695922933,653,702,2026-06-01 14:24:30.015156,5
2678,10,P02,no,4,-0.48876832195810493,0.8717662624074807,0.8836828560223441,1714,1641,2026-06-01 14:24:30.024330,3
3564,17,P14,yes,4,0.853123993389886,0.20405977695922933,0.22270013882530884,657,702,2026-06-01 14:24:30.030468,5
4066,19,P05,no,1,0.9104725159895679,0.09066389627358525,0.08839967720705841,1635,1719,2026-06-01 14:24:30.035571,5
3565,17,P03,no,13,10.48409692046937,0.22270013882530884,0.16643440755425876,657,715,2026-06-01 14:24:30.048985,5
3566,17,P08,yes,3,0.5169679451578304,0.16643440755425876,0.17831905610769247,660,715,2026-06-01 14:24:30.058700,5
3567,17,P09,yes,5,0.9439948301886716,0.17831905610769247,0.19958519865373256,665,715,2026-06-01 14:24:30.063756,5
2026,9,P09,no,1,0.4826461411951186,0.520821285372743,0.5138853177460049,1593,1591,2026-06-01 14:24:30.085840,3
1282,8,P09,yes,1,-0.5450159411034292,0.548458527973277,0.5415704832167999,1437,1431,2026-06-01 14:24:30.094219,3
3568,17,P10,no,1,-0.7981836892057572,0.19958519865373256,0.20405977695922933,665,714,2026-06-01 14:24:30.096367,5
565,7,P18,yes,2,1.4620937897232125,0.7255622121589215,0.736484844941675,1137,1100,2026-06-01 14:24:30.105579,3
3569,17,P23,yes,9,2.028268416462197,0.20405977695922933,0.2476638011390716,674,714,2026-06-01 14:24:30.237962,5
3944,18,P09,yes,2,0.07269127319341351,0.03538109202197851,0.037326887344129464,1362,1479,2026-06-01 14:24:30.241222,5
566,7,P13,no,1,0.2662224153925763,0.736484844941675,0.7310585786300049,1137,1101,2026-06-01 14:24:30.258708,3
567,7,P09,yes,1,0.7337775846074237,0.7310585786300049,0.736484844941675,1138,1101,2026-06-01 14:24:30.275572,3
3945,18,P09,no,1,-0.9621697336319812,0.037326887344129464,0.03833797212535963,1362,1478,2026-06-01 14:24:30.275901,5
3570,17,P03,no,6,4.604547319617723,0.2476638011390716,0.21792873238451507,674,720,2026-06-01 14:24:30.276839,5
3571,17,P05,no,1,0.7844260635781666,0.21792873238451507,0.2132315108375271,674,721,2026-06-01 14:24:30.280067,5
2027,9,P18,yes,1,0.5173538588051088,0.5138853177460049,0.520821285372743,1594,1591,2026-06-01 14:24:30.312942,3
3572,17,P23,yes,11,2.6438560159544977,0.2132315108375271,0.2689414213699951,685,721,2026-06-01 14:24:30.313491,5
4067,19,P19,no,6,-5.427418434285073,0.08839967720705841,0.10278402491725176,1635,1713,2026-06-01 14:24:30.334921,5
3573,17,P12,yes,1,-0.2662224153925763,0.2689414213699951,0.26351515505832507,684,721,2026-06-01 14:24:30.354210,5
4068,19,P19,yes,1,0.10407430919030958,0.10278402491725176,0.10537408848177848,1636,1713,2026-06-01 14:24:30.372103,5
3574,17,P15,no,1,0.7391684975475528,0.26351515505832507,0.2581597095111632,684,722,2026-06-01 14:24:30.390697,5
568,7,P09,yes,1,-0.7337775846074237,0.736484844941675,0.7310585786300049,1137,1101,2026-06-01 14:24:30.424889,3
4069,19,P17,no,1,0.8959256908096904,0.10537408848177848,0.10278402491725176,1636,1714,2026-06-01 14:24:30.425260,5
1283,8,P18,no,4,1.8890315117050704,0.5415704832167999,0.5138853177460049,1437,1435,2026-06-01 14:24:30.427281,3
2679,10,P05,yes,1,0.8851003515246703,0.8836828560223441,0.8865077741957712,1715,1641,2026-06-01 14:24:30.459006,3
2028,9,P18,yes,1,0.5242860391551858,0.520821285372743,0.5277492350545132,1595,1591,2026-06-01 14:24:30.474854,3
1284,8,P18,yes,3,1.572848771603958,0.5138853177460049,0.534666513353404,1440,1435,2026-06-01 14:24:30.487242,3
2029,9,P09,yes,4,-2.0555270010938784,0.5277492350545132,0.5,1591,1591,2026-06-01 14:24:30.492558,3
4070,19,P05,no,1,0.8984874163022596,0.10278402491725176,0.10025049035751298,1636,1715,2026-06-01 14:24:30.569795,5
3575,17,P05,no,1,0.7444882597129663,0.2581597095111632,0.25287573272933045,684,723,2026-06-01 14:24:30.571399,5
569,7,P09,yes,1,-0.7283162051157888,0.7310585786300049,0.7255622121589215,1136,1101,2026-06-01 14:24:30.585012,3
3576,17,P14,yes,1,0.25551174028692003,0.25287573272933045,0.2581597095111632,685,723,2026-06-01 14:24:30.587678,5
3577,17,P02,yes,1,0.2608315024525609,0.2581597095111632,0.26351515505832507,686,723,2026-06-01 14:24:30.643024,5
3578,17,P17,no,5,3.748319844678008,0.26351515505832507,0.23745802834390253,686,728,2026-06-01 14:24:30.679653,5
3579,17,P17,no,1,0.7650446160455431,0.23745802834390253,0.2324649929561242,686,729,2026-06-01 14:24:30.679816,5
2030,9,P18,yes,1,0.5034721105953395,0.5,0.5069439979482607,1592,1591,2026-06-01 14:24:30.684370,3
570,7,P09,no,2,0.5600297340899942,0.7255622121589215,0.7143624294910559,1136,1103,2026-06-01 14:24:30.732584,3
4071,19,P22,no,7,6.356540963268344,0.10025049035751298,0.084023907816312,1636,1722,2026-06-01 14:24:30.758631,5
3580,17,P03,no,13,10.369652854447281,0.2324649929561242,0.17428532117858547,686,742,2026-06-01 14:24:30.843954,5
3581,17,P12,yes,14,2.865302529507062,0.17428532117858547,0.23745802834390253,700,742,2026-06-01 14:24:30.903830,5
1285,8,P10,yes,2,1.083135657794628,0.534666513353404,0.548458527973277,1442,1435,2026-06-01 14:24:30.933028,3
1286,8,P10,no,4,-1.7513569558955169,0.548458527973277,0.5758000536158003,1442,1431,2026-06-01 14:24:30.934179,3
3582,17,P03,no,8,6.254988444307855,0.23745802834390253,0.19958519865373256,700,750,2026-06-01 14:24:30.935016,5
4072,19,P05,no,12,11.132170134234684,0.084023907816312,0.06167473878348325,1636,1734,2026-06-01 14:24:30.959525,5
3583,17,P05,no,1,0.8026212273493911,0.19958519865373256,0.19518467701384015,700,751,2026-06-01 14:24:31.032549,5
3584,17,P17,yes,13,2.9332389812122983,0.19518467701384015,0.2581597095111632,713,751,2026-06-01 14:24:31.046678,5
4073,19,P19,yes,1,0.06248506026076939,0.06167473878348325,0.0633019736959414,1637,1734,2026-06-01 14:24:31.099671,5
3042,11,P09,no,1,0.32996963429854986,0.6730961777222321,0.6669548851735586,1889,1864,2026-06-01 14:24:31.121974,3
3043,11,P09,no,9,-2.7548640267054907,0.6669548851735586,0.7199965396446176,1889,1855,2026-06-01 14:24:31.125689,3
3044,11,P11,no,1,0.28281485045204136,0.7199965396446176,0.7143624294910559,1889,1856,2026-06-01 14:24:31.155672,3
4074,19,P17,yes,2,0.12995193270467098,0.0633019736959414,0.06667714818800587,1639,1734,2026-06-01 14:24:31.158093,5
3585,17,P22,no,8,6.098771838312473,0.2581597095111632,0.21792873238451507,713,759,2026-06-01 14:24:31.160721,5
3045,11,P01,no,1,0.288482789507043,0.7143624294910559,0.7086608250294356,1889,1857,2026-06-01 14:24:31.168112,3
3046,11,P11,no,10,3.210719529783546,0.7086608250294356,0.6481942198637447,1889,1867,2026-06-01 14:24:31.181873,3
3586,17,P05,no,4,3.1653679531258376,0.21792873238451507,0.19958519865373256,713,763,2026-06-01 14:24:31.197820,5
3587,17,P02,yes,1,0.20181631079424278,0.19958519865373256,0.20405977695922933,714,763,2026-06-01 14:24:31.206298,5
2031,9,P18,yes,8,-3.8336005780631695,0.5069439979482607,0.4515414720267231,1584,1591,2026-06-01 14:24:31.238019,3
5314,20,P24,yes,12,7.774584786370269,0.6093175418435606,0.6852009766653157,3185,3157,2026-06-01 14:24:31.243073,5
3588,17,P20,yes,9,2.028268416462197,0.20405977695922933,0.2476638011390716,723,763,2026-06-01 14:24:31.246825,5
5315,20,P07,no,1,0.3178050823553349,0.6852009766653157,0.679178699175393,3185,3158,2026-06-01 14:24:31.253441,5
5316,20,P02,no,1,0.323857601448708,0.679178699175393,0.6730961777222321,3185,3159,2026-06-01 14:24:31.256922,5
571,7,P18,no,8,-2.109630973882531,0.7143624294910559,0.7574755792628283,1136,1095,2026-06-01 14:24:31.291575,3
3047,11,P18,no,4,-1.3571227773356895,0.6481942198637447,0.6730961777222321,1889,1863,2026-06-01 14:24:31.320712,3
572,7,P03,no,12,3.2982343196156307,0.7574755792628283,0.6911616123625146,1136,1107,2026-06-01 14:24:31.324281,3
2680,10,P05,no,1,-0.11210480668728451,0.8865077741957712,0.8892726820276319,1715,1640,2026-06-01 14:24:31.331297,3
5317,20,P13,yes,4,-2.642877222664083,0.6730961777222321,0.6481942198637447,3181,3159,2026-06-01 14:24:31.336327,5
5318,20,P15,no,7,2.6206250577638457,0.6481942198637447,0.6026853379784917,3181,3166,2026-06-01 14:24:31.359146,5
5319,20,P19,no,8,-2.9692724031583566,0.6026853379784917,0.6545022492518787,3181,3158,2026-06-01 14:24:31.363152,5
1287,8,P03,yes,1,-0.5724029720011004,0.5758000536158003,0.5690013325681905,1441,1431,2026-06-01 14:24:31.380426,3
5320,20,P18,yes,1,-0.6513526546059438,0.6545022492518787,0.6481942198637447,3180,3158,2026-06-01 14:24:31.405229,5
5321,20,P19,yes,2,1.3089865277538593,0.6481942198637447,0.6607563687658172,3182,3158,2026-06-01 14:24:31.407825,5
2681,10,P02,yes,1,0.890630453582844,0.8892726820276319,0.8919784386565807,1716,1640,2026-06-01 14:24:31.419647,3
1288,8,P09,yes,2,1.1515905840246887,0.5690013325681905,0.5825702064623147,1443,1431,2026-06-01 14:24:31.430316,3
1289,8,P10,yes,3,1.77796096786642,0.5825702064623147,0.6026853379784917,1446,1431,2026-06-01 14:24:31.434690,3
2032,9,P20,yes,9,4.344015570601414,0.4515414720267231,0.5138853177460049,1593,1591,2026-06-01 14:24:31.437711,3
1290,8,P10,no,1,-0.3939953052740748,0.6026853379784917,0.6093175418435606,1446,1430,2026-06-01 14:24:31.450167,3
3589,17,P19,no,1,0.7549119542419476,0.2476638011390716,0.24252442073717165,723,764,2026-06-01 14:24:31.450720,5
2033,9,P09,no,1,0.4895850074617556,0.5138853177460049,0.5069439979482607,1593,1592,2026-06-01 14:24:31.463637,3
5322,20,P10,no,1,0.3423661268516298,0.6607563687658172,0.6545022492518787,3182,3159,2026-06-01 14:24:31.468126,5
3590,17,P24,yes,11,2.9923500678835353,0.24252442073717165,0.3029407160345927,734,764,2026-06-01 14:24:31.488521,5
1291,8,P11,yes,9,-5.211796318720644,0.6093175418435606,0.548458527973277,1437,1430,2026-06-01 14:24:31.493073,3
4075,19,P09,yes,1,0.06754844253896408,0.06667714818800587,0.06842674250359211,1640,1734,2026-06-01 14:24:31.493276,5
1292,8,P10,yes,1,0.5518949420411445,0.548458527973277,0.555328055262369,1438,1430,2026-06-01 14:24:31.496790,3
3591,17,P03,no,6,4.285567377024904,0.3029407160345927,0.2689414213699951,734,770,2026-06-01 14:24:31.510815,5
5323,20,P11,no,8,2.969272403159266,0.6545022492518787,0.6026853379784917,3182,3167,2026-06-01 14:24:31.518510,5
3048,11,P09,yes,1,0.6761423985515194,0.6730961777222321,0.679178699175393,1890,1863,2026-06-01 14:24:31.519424,3
2034,9,P18,yes,1,0.5104149925382444,0.5069439979482607,0.5138853177460049,1594,1592,2026-06-01 14:24:31.543808,3
573,7,P09,no,11,-3.053146273857692,0.6911616123625146,0.7523361988609284,1136,1096,2026-06-01 14:24:31.550891,3
574,7,P11,no,11,3.053146273857692,0.7523361988609284,0.6911616123625146,1136,1107,2026-06-01 14:24:31.556830,3
3592,17,P09,yes,2,-0.5270539178450235,0.2689414213699951,0.2581597095111632,732,770,2026-06-01 14:24:31.565827,5
2682,10,P05,no,1,-0.10669300427002781,0.8919784386565807,0.8946259115182216,1716,1639,2026-06-01 14:24:31.584448,3
4076,19,P19,yes,4,0.2883343289408913,0.06842674250359211,0.07585818002124356,1644,1734,2026-06-01 14:24:31.606430,5
5324,20,P24,no,1,0.4006466663072388,0.6026853379784917,0.5960151933265168,3182,3168,2026-06-01 14:24:31.607503,5
3049,11,P09,yes,1,-0.6761423985515194,0.679178699175393,0.6730961777222321,1889,1863,2026-06-01 14:24:31.637434,3
3050,11,P18,yes,13,-8.214270660114153,0.6730961777222321,0.5893093760914265,1876,1863,2026-06-01 14:24:31.651498,3
2683,10,P05,no,1,-0.10407430919053695,0.8946259115182216,0.8972159750827483,1716,1638,2026-06-01 14:24:31.654964,3
1293,8,P18,yes,1,0.5587541409067853,0.555328055262369,0.5621765008857981,1439,1430,2026-06-01 14:24:31.686579,3
3051,11,P03,yes,13,8.214270660114153,0.5893093760914265,0.6730961777222321,1889,1863,2026-06-01 14:24:31.695683,3
4077,19,P19,no,1,-0.9231604733174663,0.07585818002124356,0.07782859364011989,1644,1733,2026-06-01 14:24:31.701724,5
5325,20,P20,yes,5,3.062878891759283,0.5960151933265168,0.6289646649499733,3187,3168,2026-06-01 14:24:31.730104,5
3052,11,P18,no,1,0.32996963429854986,0.6730961777222321,0.6669548851735586,1889,1864,2026-06-01 14:24:31.753174,3
5326,20,P19,no,10,-3.394749589388539,0.6289646649499733,0.6911616123625146,3187,3158,2026-06-01 14:24:31.755300,5
3593,17,P05,no,13,10.066761018787588,0.2581597095111632,0.19518467701384015,732,783,2026-06-01 14:24:31.784239,5
5327,20,P01,no,1,0.31181351241730226,0.6911616123625146,0.6852009766653157,3187,3159,2026-06-01 14:24:31.796474,5
5328,20,P03,no,2,0.6416626838035882,0.6852009766653157,0.6730961777222321,3187,3161,2026-06-01 14:24:31.799581,5
3594,17,P22,no,2,1.6182593540989956,0.19518467701384015,0.18660508209316082,732,785,2026-06-01 14:24:31.818921,5
575,7,P18,yes,1,0.6941157482679046,0.6911616123625146,0.6970592839654074,1137,1107,2026-06-01 14:24:31.823518,3
3595,17,P24,yes,1,0.18872543433963074,0.18660508209316082,0.19085804424486547,733,785,2026-06-01 14:24:31.844817,5
3596,17,P19,no,7,5.764911780936018,0.19085804424486547,0.16261630836153196,733,792,2026-06-01 14:24:31.865133,5
4078,19,P03,no,1,-0.9211667530059913,0.07782859364011989,0.07984576661461423,1644,1732,2026-06-01 14:24:31.866695,5
5329,20,P10,no,1,0.329969634299232,0.6730961777222321,0.6669548851735586,3187,3162,2026-06-01 14:24:31.870941,5
3053,11,P09,yes,2,1.3461727642529695,0.6669548851735586,0.679178699175393,1891,1864,2026-06-01 14:24:31.881637,3
3597,17,P03,no,1,0.8392631789168945,0.16261630836153196,0.15886910488091516,733,793,2026-06-01 14:24:31.884904,5
5330,20,P24,yes,1,-0.6638603292090011,0.6669548851735586,0.6607563687658172,3186,3162,2026-06-01 14:24:31.896846,5
3598,17,P14,yes,2,0.32525624901256833,0.15886910488091516,0.16643440755425876,735,793,2026-06-01 14:24:31.906971,5
5331,20,P21,no,3,1.045995069696346,0.6607563687658172,0.6418340450887311,3186,3165,2026-06-01 14:24:31.914436,5
5332,20,P09,no,20,8.493452414382773,0.6418340450887311,0.5069439979482607,3186,3185,2026-06-01 14:24:31.935075,5
5333,20,P09,no,5,2.5520548904983116,0.5069439979482607,0.47225076494548685,3186,3190,2026-06-01 14:24:31.935076,5
3599,17,P14,yes,9,1.6627790861407448,0.16643440755425876,0.20405977695922933,744,793,2026-06-01 14:24:31.951180,5
3600,17,P19,no,2,1.6008049165550347,0.20405977695922933,0.19518467701384015,744,795,2026-06-01 14:24:31.959590,5
5334,20,P17,no,1,0.5312088736441183,0.47225076494548685,0.46533348664659613,3186,3191,2026-06-01 14:24:31.961852,5
5335,20,P23,yes,5,2.413264125261776,0.46533348664659613,0.5,3191,3191,2026-06-01 14:24:31.974689,5
3054,11,P18,yes,1,0.682194917643983,0.679178699175393,0.6852009766653157,1892,1864,2026-06-01 14:24:31.982750,3
5336,20,P10,yes,2,1.0138871031335839,0.5,0.5138853177460049,3193,3191,2026-06-01 14:24:31.986895,5
4079,19,P22,no,2,1.8443272263234576,0.07984576661461423,0.07585818002124356,1644,1734,2026-06-01 14:24:32.019575,5
5337,20,P18,yes,14,7.867780748119458,0.5138853177460049,0.6093175418435606,3207,3191,2026-06-01 14:24:32.024282,5
3055,11,P09,no,1,0.317805082356017,0.6852009766653157,0.679178699175393,1892,1865,2026-06-01 14:24:32.030183,3
2035,9,P05,no,1,-0.48264614119489124,0.5138853177460049,0.520821285372743,1594,1591,2026-06-01 14:24:32.037157,3
3601,17,P08,yes,6,1.2523190768348513,0.19518467701384015,0.22270013882530884,750,795,2026-06-01 14:24:32.047153,5
5338,20,P17,no,10,4.243187740175927,0.6093175418435606,0.5415704832167999,3207,3201,2026-06-01 14:24:32.060963,5
3602,17,P17,no,1,0.7796917426900336,0.22270013882530884,0.21792873238451507,750,796,2026-06-01 14:24:32.164355,5
3603,17,P09,no,8,6.4017393362555595,0.21792873238451507,0.18242552380635632,750,804,2026-06-01 14:24:32.196116,5
5339,20,P01,yes,4,2.2212560132070394,0.5415704832167999,0.5690013325681905,3211,3201,2026-06-01 14:24:32.201084,5
5340,20,P24,no,7,3.185129357302685,0.5690013325681905,0.520821285372743,3211,3208,2026-06-01 14:24:32.228949,5
5341,20,P19,yes,2,1.0554949127995314,0.520821285372743,0.534666513353404,3213,3208,2026-06-01 14:24:32.232605,5
3604,17,P10,yes,1,0.18450919831855117,0.18242552380635632,0.18660508209316082,751,804,2026-06-01 14:24:32.237927,5
3605,17,P23,yes,1,0.18872543433974442,0.18660508209316082,0.19085804424486547,752,804,2026-06-01 14:24:32.252476,5
5342,20,P10,yes,1,0.5381197166907441,0.534666513353404,0.5415704832167999,3214,3208,2026-06-01 14:24:32.290123,5
3606,17,P02,yes,6,1.225026031086145,0.19085804424486547,0.21792873238451507,758,804,2026-06-01 14:24:32.308781,5
4080,19,P05,no,1,0.9251078713211882,0.07585818002124356,0.07393365254646753,1644,1735,2026-06-01 14:24:32.309693,5
3607,17,P15,no,1,0.7844260635781666,0.21792873238451507,0.2132315108375271,758,805,2026-06-01 14:24:32.310093,5
5343,20,P03,yes,10,-5.069328590334862,0.5415704832167999,0.47225076494548685,3204,3208,2026-06-01 14:24:32.338499,5
5344,20,P15,no,1,-0.5242860391554132,0.47225076494548685,0.4791787146272571,3204,3207,2026-06-01 14:24:32.349245,5
576,7,P18,no,1,0.30588425173209544,0.6970592839654074,0.6911616123625146,1137,1108,2026-06-01 14:24:32.369711,3
5345,20,P08,yes,2,0.9722311486571016,0.4791787146272571,0.49305600205173933,3206,3207,2026-06-01 14:24:32.369896,5
4081,19,P03,yes,1,0.07489212867881179,0.07393365254646753,0.07585818002124356,1645,1735,2026-06-01 14:24:32.373571,5
3608,17,P19,no,1,0.7890861680900798,0.2132315108375271,0.20860852732604496,758,806,2026-06-01 14:24:32.399337,5
3609,17,P17,no,1,0.793672032251834,0.20860852732604496,0.20405977695922933,758,807,2026-06-01 14:24:32.431748,5
577,7,P18,no,4,1.2834458305203498,0.6911616123625146,0.6669548851735586,1137,1112,2026-06-01 14:24:32.482335,3
5346,20,P23,yes,7,3.621383480833174,0.49305600205173933,0.5415704832167999,3213,3207,2026-06-01 14:24:32.510487,5
5347,20,P03,no,3,1.4063853705097245,0.5415704832167999,0.520821285372743,3213,3210,2026-06-01 14:24:32.538911,5
578,7,P01,no,1,-0.3299696342990046,0.6669548851735586,0.6730961777222321,1137,1111,2026-06-01 14:24:32.542699,3
5348,20,P01,yes,4,2.1386305705941595,0.520821285372743,0.548458527973277,3217,3210,2026-06-01 14:24:32.565293,5
1294,8,P18,no,1,-0.4344090108443197,0.5621765008857981,0.5690013325681905,1439,1429,2026-06-01 14:24:32.566043,3
5349,20,P12,yes,1,0.5518949420406898,0.548458527973277,0.555328055262369,3218,3210,2026-06-01 14:24:32.580521,5
579,7,P18,yes,20,-12.17305972999793,0.6730961777222321,0.5415704832167999,1117,1111,2026-06-01 14:24:32.582046,3
580,7,P18,yes,9,-4.5936146294902755,0.5415704832167999,0.4791787146272571,1108,1111,2026-06-01 14:24:32.582047,3
5350,20,P02,yes,12,7.149620305122426,0.555328055262369,0.6354235592583607,3230,3210,2026-06-01 14:24:32.588957,5
5351,20,P08,no,1,0.36780193489857993,0.6354235592583607,0.6289646649499733,3230,3211,2026-06-01 14:24:32.593093,5
581,7,P01,yes,16,8.552403699374281,0.4791787146272571,0.5893093760914265,1124,1111,2026-06-01 14:24:32.605610,3
3610,17,P17,no,1,0.7981836892057572,0.20405977695922933,0.19958519865373256,758,808,2026-06-01 14:24:32.613267,5
3611,17,P02,yes,1,0.20181631079424278,0.19958519865373256,0.20405977695922933,759,808,2026-06-01 14:24:32.630786,5
3612,17,P24,yes,1,0.20632796774816597,0.20405977695922933,0.20860852732604496,760,808,2026-06-01 14:24:32.649449,5
582,7,P23,no,10,-3.7772539079444414,0.5893093760914265,0.6545022492518787,1124,1101,2026-06-01 14:24:32.715618,3
4082,19,P19,yes,1,0.07683952668253369,0.07585818002124356,0.07782859364011989,1646,1735,2026-06-01 14:24:32.739932,5
2684,10,P09,no,5,0.5471413150401077,0.8972159750827483,0.8836828560223441,1716,1643,2026-06-01 14:24:32.753916,3
2036,9,P09,no,1,0.48264614119489124,0.520821285372743,0.5138853177460049,1594,1592,2026-06-01 14:24:32.776942,3
5352,20,P16,yes,1,-0.6257157842687775,0.6289646649499733,0.6224593312018546,3229,3211,2026-06-01 14:24:32.887664,5
1295,8,P10,no,3,-1.2624669433228064,0.5690013325681905,0.5893093760914265,1439,1426,2026-06-01 14:24:32.887890,3
583,7,P18,no,11,4.191311435292391,0.6545022492518787,0.5825702064623147,1124,1112,2026-06-01 14:24:32.912313,3
584,7,P18,yes,1,0.5859424726520501,0.5825702064623147,0.5893093760914265,1125,1112,2026-06-01 14:24:32.969102,3
5353,20,P19,no,19,-6.0555730952200975,0.6224593312018546,0.736484844941675,3229,3192,2026-06-01 14:24:32.993667,5
3056,11,P18,yes,2,1.370381405226908,0.679178699175393,0.6911616123625146,1894,1865,2026-06-01 14:24:32.998806,3
3613,17,P19,no,1,0.793672032251834,0.20860852732604496,0.20405977695922933,760,809,2026-06-01 14:24:32.999685,5
585,7,P17,yes,2,1.19201849521437,0.5893093760914265,0.6026853379784917,1127,1112,2026-06-01 14:24:33.021764,3
2685,10,P02,no,1,-0.11489964847510237,0.8836828560223441,0.8865077741957712,1716,1642,2026-06-01 14:24:33.027473,3
3614,17,P05,no,11,9.011964664846687,0.20405977695922933,0.15886910488091516,760,820,2026-06-01 14:24:33.045520,5
3615,17,P10,yes,1,0.1607368210831055,0.15886910488091516,0.16261630836153196,761,820,2026-06-01 14:24:33.046107,5
5354,20,P15,no,1,0.2662224153923489,0.736484844941675,0.7310585786300049,3229,3193,2026-06-01 14:24:33.054232,5
3616,17,P10,yes,7,1.2350882190639823,0.16261630836153196,0.19085804424486547,768,820,2026-06-01 14:24:33.072711,5
1296,8,P09,yes,5,3.0298282690130236,0.5893093760914265,0.6224593312018546,1444,1426,2026-06-01 14:24:33.111488,3
586,7,P11,yes,1,0.6060046947259252,0.6026853379784917,0.6093175418435606,1128,1112,2026-06-01 14:24:33.124728,3
3617,17,P04,yes,7,1.445334288396225,0.19085804424486547,0.22270013882530884,775,820,2026-06-01 14:24:33.134864,5
4083,19,P09,yes,1,0.07883324699400873,0.07782859364011989,0.07984576661461423,1647,1735,2026-06-01 14:24:33.140614,5
2037,9,P09,no,1,0.4895850074617556,0.5138853177460049,0.5069439979482607,1594,1593,2026-06-01 14:24:33.145605,3
3618,17,P24,yes,1,0.22511671166705582,0.22270013882530884,0.22754561719281613,776,820,2026-06-01 14:24:33.156777,5
2686,10,P02,no,1,-0.11210480668728451,0.8865077741957712,0.8892726820276319,1716,1641,2026-06-01 14:24:33.157299,3
4084,19,P05,no,1,0.9211667530059913,0.07984576661461423,0.07782859364011989,1647,1736,2026-06-01 14:24:33.158698,5
1297,8,P10,yes,1,0.625715784267868,0.6224593312018546,0.6289646649499733,1445,1426,2026-06-01 14:24:33.161968,3
5355,20,P10,no,8,2.3321303871248347,0.7310585786300049,0.6852009766653157,3229,3201,2026-06-01 14:24:33.170684,5
587,7,P23,yes,13,8.462771273952058,0.6093175418435606,0.6911616123625146,1141,1112,2026-06-01 14:24:33.172747,3
5356,20,P20,no,1,0.31780508235578964,0.6852009766653157,0.679178699175393,3229,3202,2026-06-01 14:24:33.182954,5
5357,20,P03,no,1,0.32385760144825326,0.679178699175393,0.6730961777222321,3229,3203,2026-06-01 14:24:33.188272,5
5358,20,P23,no,13,4.785729339886075,0.6730961777222321,0.5893093760914265,3229,3216,2026-06-01 14:24:33.197414,5
5359,20,P03,no,1,0.4140575273477225,0.5893093760914265,0.5825702064623147,3229,3217,2026-06-01 14:24:33.209505,5
1298,8,P01,no,1,0.3742842157319046,0.6289646649499733,0.6224593312018546,1445,1427,2026-06-01 14:24:33.230967,3
1299,8,P18,no,1,0.38081192452750656,0.6224593312018546,0.6159095915435134,1445,1428,2026-06-01 14:24:33.245634,3
1300,8,P20,no,9,3.7274816197198106,0.6159095915435134,0.555328055262369,1445,1437,2026-06-01 14:24:33.275914,3
2038,9,P18,yes,1,0.5104149925382444,0.5069439979482607,0.5138853177460049,1595,1593,2026-06-01 14:24:33.283676,3
588,7,P18,yes,2,-1.370381405226908,0.6911616123625146,0.679178699175393,1139,1112,2026-06-01 14:24:33.301390,3
2039,9,P05,no,1,0.4895850074617556,0.5138853177460049,0.5069439979482607,1595,1594,2026-06-01 14:24:33.306607,3
1301,8,P18,yes,3,-1.6350305998353178,0.555328055262369,0.534666513353404,1442,1437,2026-06-01 14:24:33.328208,3
5360,20,P19,yes,12,7.466322437855979,0.5825702064623147,0.6607563687658172,3241,3217,2026-06-01 14:24:33.328341,5
5361,20,P24,yes,1,0.6638603292090011,0.6607563687658172,0.6669548851735586,3242,3217,2026-06-01 14:24:33.346947,5
3619,17,P19,no,1,0.7748832883329442,0.22754561719281613,0.22270013882530884,776,821,2026-06-01 14:24:33.346990,5
3057,11,P18,no,9,3.0269476544904137,0.6911616123625146,0.6354235592583607,1894,1874,2026-06-01 14:24:33.362026,3
3620,17,P05,no,1,0.7796917426899199,0.22270013882530884,0.21792873238451507,776,822,2026-06-01 14:24:33.364048,5
5362,20,P10,no,7,2.4855879746000937,0.6669548851735586,0.6224593312018546,3242,3224,2026-06-01 14:24:33.372376,5
4085,19,P03,no,3,-2.757329425362741,0.07782859364011989,0.084023907816312,1647,1733,2026-06-01 14:24:33.395890,5
5363,20,P15,no,7,2.8050416463111105,0.6224593312018546,0.5758000536158003,3242,3231,2026-06-01 14:24:33.412157,5
4086,19,P19,yes,1,0.08510112210637999,0.084023907816312,0.08618664479793421,1648,1733,2026-06-01 14:24:33.418556,5
5364,20,P14,yes,1,0.5791876120238157,0.5758000536158003,0.5825702064623147,3243,3231,2026-06-01 14:24:33.450173,5
589,7,P18,no,5,1.680980378784625,0.679178699175393,0.6481942198637447,1139,1117,2026-06-01 14:24:33.480657,3
2040,9,P09,no,5,-2.3786165191665987,0.5069439979482607,0.5415704832167999,1595,1589,2026-06-01 14:24:33.504915,3
3621,17,P22,no,4,3.1653679531258376,0.21792873238451507,0.19958519865373256,776,826,2026-06-01 14:24:33.520474,5
5365,20,P19,yes,2,1.1786076341741136,0.5825702064623147,0.5960151933265168,3245,3231,2026-06-01 14:24:33.524890,5
3058,11,P22,yes,2,1.2836513190668484,0.6354235592583607,0.6481942198637447,1896,1874,2026-06-01 14:24:33.526938,3
3622,17,P24,yes,6,1.2800570158511846,0.19958519865373256,0.22754561719281613,782,826,2026-06-01 14:24:33.541574,5
2687,10,P05,no,1,-0.10936954641715602,0.8892726820276319,0.8919784386565807,1716,1640,2026-06-01 14:24:33.545315,3
5366,20,P20,yes,1,0.5993533336923065,0.5960151933265168,0.6026853379784917,3246,3231,2026-06-01 14:24:33.576153,5
3623,17,P05,no,4,3.128087262691338,0.22754561719281613,0.20860852732604496,782,830,2026-06-01 14:24:33.579852,5
5367,20,P19,yes,8,5.030727596841189,0.6026853379784917,0.6545022492518787,3254,3231,2026-06-01 14:24:33.634449,5
590,7,P11,yes,8,5.383516774710415,0.6481942198637447,0.6970592839654074,1147,1117,2026-06-01 14:24:33.635740,3
591,7,P18,no,10,3.3328319062222818,0.6970592839654074,0.6354235592583607,1147,1127,2026-06-01 14:24:33.662901,3
592,7,P12,yes,1,0.638632916517281,0.6354235592583607,0.6418340450887311,1148,1127,2026-06-01 14:24:33.673423,3
3624,17,P24,yes,2,0.4264877683317536,0.20860852732604496,0.21792873238451507,784,830,2026-06-01 14:24:33.680380,5
3625,17,P19,no,14,11.37914892876654,0.21792873238451507,0.15886910488091516,784,844,2026-06-01 14:24:33.691573,5
5368,20,P13,yes,1,-0.6513526546050343,0.6545022492518787,0.6481942198637447,3253,3231,2026-06-01 14:24:33.695971,5
593,7,P11,no,12,-3.854183916740567,0.6418340450887311,0.7143624294910559,1148,1115,2026-06-01 14:24:33.710890,3
3626,17,P14,yes,1,0.16073682108321918,0.15886910488091516,0.16261630836153196,785,844,2026-06-01 14:24:33.725180,5
5369,20,P23,no,1,0.35498159744975055,0.6481942198637447,0.6418340450887311,3253,3232,2026-06-01 14:24:33.733571,5
5370,20,P19,no,9,-2.971464822739563,0.6418340450887311,0.6970592839654074,3253,3223,2026-06-01 14:24:33.766245,5
5371,20,P20,no,1,0.3058842517325502,0.6970592839654074,0.6911616123625146,3253,3224,2026-06-01 14:24:33.775818,5
4087,19,P17,yes,4,0.3627944630447928,0.08618664479793421,0.0953494648991095,1652,1733,2026-06-01 14:24:33.777844,5
3627,17,P13,yes,9,1.6254822032759648,0.16261630836153196,0.19958519865373256,794,844,2026-06-01 14:24:33.779028,5
5372,20,P02,no,1,0.3118135124168475,0.6911616123625146,0.6852009766653157,3253,3225,2026-06-01 14:24:33.798354,5
3628,17,P17,yes,17,-2.8113207737038692,0.19958519865373256,0.13457359546569392,777,844,2026-06-01 14:24:33.816982,5
4088,19,P17,yes,13,1.46278276857106,0.0953494648991095,0.13137120953080678,1665,1733,2026-06-01 14:24:33.842089,5
4089,19,P05,no,7,6.154430126585112,0.13137120953080678,0.1107273179723682,1665,1740,2026-06-01 14:24:33.847134,5
4090,19,P12,no,1,0.890630453582844,0.1107273179723682,0.10802156134341918,1665,1741,2026-06-01 14:24:33.848409,5
594,7,P07,yes,1,-0.7115172104934118,0.7143624294910559,0.7086608250294356,1147,1115,2026-06-01 14:24:33.853643,3
3059,11,P09,no,4,1.4584348315631814,0.6481942198637447,0.6224593312018546,1896,1878,2026-06-01 14:24:33.856819,3
595,7,P09,yes,4,2.879803681518979,0.7086608250294356,0.7310585786300049,1151,1115,2026-06-01 14:24:33.885741,3
5373,20,P18,no,1,0.31780508235578964,0.6852009766653157,0.679178699175393,3253,3226,2026-06-01 14:24:33.894531,5
596,7,P13,no,10,2.973793070929105,0.7310585786300049,0.6730961777222321,1151,1125,2026-06-01 14:24:33.894977,3
3629,17,P08,no,2,-1.7242945468349262,0.13457359546569392,0.14117613544185983,777,842,2026-06-01 14:24:33.918360,5
1302,8,P10,yes,1,0.5381197166909715,0.534666513353404,0.5415704832167999,1443,1437,2026-06-01 14:24:33.921720,3
4091,19,P22,no,1,0.8933069957295174,0.10802156134341918,0.10537408848177848,1665,1742,2026-06-01 14:24:33.931766,5
597,7,P18,no,3,1.008475431941406,0.6730961777222321,0.6545022492518787,1151,1128,2026-06-01 14:24:33.962051,3
5374,20,P19,yes,4,2.764478568794857,0.679178699175393,0.702892745013669,3257,3226,2026-06-01 14:24:33.977303,5
3630,17,P19,no,15,13.22510132379864,0.14117613544185983,0.09777259985079932,777,857,2026-06-01 14:24:33.989431,5
4092,19,P22,no,13,11.831443969060501,0.10537408848177848,0.07585818002124356,1665,1755,2026-06-01 14:24:34.001115,5
3631,17,P13,no,1,-0.9009930549254932,0.09777259985079932,0.10025049035751298,777,856,2026-06-01 14:24:34.013735,5
3632,17,P12,yes,13,1.5363884000005328,0.10025049035751298,0.13784165696493572,790,856,2026-06-01 14:24:34.021045,5
4093,19,P03,no,12,-10.935518278250811,0.07585818002124356,0.10278402491725176,1665,1743,2026-06-01 14:24:34.050065,5
3060,11,P13,no,1,-0.37428421573167725,0.6224593312018546,0.6289646649499733,1896,1877,2026-06-01 14:24:34.054522,3
3061,11,P18,no,1,0.37428421573167725,0.6289646649499733,0.6224593312018546,1896,1878,2026-06-01 14:24:34.138881,3
3633,17,P12,no,1,-0.8604966688736795,0.13784165696493572,0.14117613544185983,790,855,2026-06-01 14:24:34.142430,5
4094,19,P22,no,3,2.7029239647217764,0.10278402491725176,0.0953494648991095,1665,1746,2026-06-01 14:24:34.170870,5
5375,20,P21,no,4,1.235521431205143,0.702892745013669,0.679178699175393,3257,3230,2026-06-01 14:24:34.170883,5
3062,11,P12,yes,5,3.192917823042535,0.6224593312018546,0.6545022492518787,1901,1878,2026-06-01 14:24:34.171146,3
1303,8,P10,no,1,-0.4549840588963434,0.5415704832167999,0.548458527973277,1443,1436,2026-06-01 14:24:34.185108,3
1304,8,P10,yes,1,0.5518949420409172,0.548458527973277,0.555328055262369,1444,1436,2026-06-01 14:24:34.191022,3
3634,17,P11,yes,1,0.14287131886840143,0.14117613544185983,0.14457775046587726,791,855,2026-06-01 14:24:34.201994,5
5376,20,P17,yes,3,2.0644971534948127,0.679178699175393,0.6970592839654074,3260,3230,2026-06-01 14:24:34.203229,5
3063,11,P18,yes,1,-0.6513526546054891,0.6545022492518787,0.6481942198637447,1900,1878,2026-06-01 14:24:34.222359,3
3635,17,P09,no,10,-8.370884615199884,0.14457775046587726,0.18242552380635632,791,845,2026-06-01 14:24:34.239268,5
5377,20,P03,no,2,0.6176977641493977,0.6970592839654074,0.6852009766653157,3260,3232,2026-06-01 14:24:34.240148,5
4095,19,P24,yes,1,0.09655650650620373,0.0953494648991095,0.09777259985079932,1666,1746,2026-06-01 14:24:34.260171,5
3636,17,P23,yes,1,0.18450919831855117,0.18242552380635632,0.18660508209316082,792,845,2026-06-01 14:24:34.260487,5
5378,20,P01,no,6,1.9987854611404146,0.6852009766653157,0.6481942198637447,3260,3238,2026-06-01 14:24:34.278680,5
5379,20,P09,no,1,0.35498159744975055,0.6481942198637447,0.6418340450887311,3260,3239,2026-06-01 14:24:34.279223,5
2688,10,P02,no,2,-0.21076731346056476,0.8919784386565807,0.8972159750827483,1716,1638,2026-06-01 14:24:34.280026,3
598,7,P22,yes,11,7.566630175651653,0.6545022492518787,0.7199965396446176,1162,1128,2026-06-01 14:24:34.309244,3
5380,20,P24,yes,5,-3.128351844959525,0.6418340450887311,0.6093175418435606,3255,3239,2026-06-01 14:24:34.312793,5
599,7,P09,no,1,0.28281485045226873,0.7199965396446176,0.7143624294910559,1162,1129,2026-06-01 14:24:34.314914,3
2689,10,P05,no,1,-0.10151258369751304,0.8972159750827483,0.899749509642487,1716,1637,2026-06-01 14:24:34.335216,3
600,7,P08,no,8,2.472049176253222,0.7143624294910559,0.6669548851735586,1162,1137,2026-06-01 14:24:34.340054,3
3637,17,P22,no,1,0.8154908016814488,0.18660508209316082,0.18242552380635632,792,846,2026-06-01 14:24:34.355806,5
4096,19,P24,yes,11,1.2364291657704598,0.09777259985079932,0.12823373759251924,1677,1746,2026-06-01 14:24:34.386171,5
5381,20,P15,no,1,0.39399530527362003,0.6093175418435606,0.6026853379784917,3255,3240,2026-06-01 14:24:34.393908,5
3946,18,P24,yes,1,0.03885443354170093,0.03833797212535963,0.039375324260408275,1363,1478,2026-06-01 14:24:34.398132,5
3638,17,P23,yes,1,0.18450919831855117,0.18242552380635632,0.18660508209316082,793,846,2026-06-01 14:24:34.399386,5
4097,19,P20,no,1,0.8733082429482693,0.12823373759251924,0.1251603995749971,1677,1747,2026-06-01 14:24:34.423122,5
4098,19,P03,yes,5,0.6651612674827447,0.1251603995749971,0.14117613544185983,1682,1747,2026-06-01 14:24:34.423162,5
1305,8,P10,no,6,-2.5454566517389594,0.555328055262369,0.5960151933265168,1444,1430,2026-06-01 14:24:34.443171,3
3639,17,P05,no,2,1.6351245883630554,0.18660508209316082,0.17831905610769247,793,848,2026-06-01 14:24:34.444118,5
1306,8,P23,no,1,0.40733483847839125,0.5960151933265168,0.5893093760914265,1444,1431,2026-06-01 14:24:34.447340,3
4099,19,P02,yes,1,-0.1395033311264342,0.14117613544185983,0.13784165696493572,1681,1747,2026-06-01 14:24:34.488805,5
3640,17,P21,yes,1,0.1803662133185071,0.17831905610769247,0.18242552380635632,794,848,2026-06-01 14:24:34.494907,5
3947,18,P24,yes,1,0.03990517766078483,0.039375324260408275,0.04043956481800324,1364,1478,2026-06-01 14:24:34.501028,5
3641,17,P17,no,1,0.8196337866814929,0.18242552380635632,0.17831905610769247,794,849,2026-06-01 14:24:34.502201,5
4100,19,P02,no,1,0.8637978779613604,0.13784165696493572,0.13457359546569392,1681,1748,2026-06-01 14:24:34.505448,5
4101,19,P22,no,1,0.8670330390286836,0.13457359546569392,0.13137120953080678,1681,1749,2026-06-01 14:24:34.519384,5
5382,20,P20,yes,9,5.688361469990014,0.6026853379784917,0.6607563687658172,3264,3240,2026-06-01 14:24:34.538854,5
5383,20,P09,no,3,1.0459950696958913,0.6607563687658172,0.6418340450887311,3264,3243,2026-06-01 14:24:34.560686,5
1307,8,P12,no,1,0.41405752734794987,0.5893093760914265,0.5825702064623147,1444,1432,2026-06-01 14:24:34.564950,3
3642,17,P19,no,1,0.8237038563737542,0.17831905610769247,0.17428532117858547,794,850,2026-06-01 14:24:34.573343,5
5384,20,P24,no,4,1.4842651586404827,0.6418340450887311,0.6159095915435134,3264,3247,2026-06-01 14:24:34.690996,5
4102,19,P05,no,1,0.8702029037053762,0.13137120953080678,0.12823373759251924,1681,1750,2026-06-01 14:24:34.693300,5
2041,9,P09,yes,6,3.372846597231728,0.5415704832167999,0.5825702064623147,1601,1589,2026-06-01 14:24:34.709142,3
4103,19,P12,no,14,12.481036281297293,0.12823373759251924,0.09066389627358525,1681,1764,2026-06-01 14:24:34.712377,5
2042,9,P11,no,1,0.42081238797641163,0.5825702064623147,0.5758000536158003,1601,1590,2026-06-01 14:24:34.727178,3
1308,8,P09,no,3,-1.2220390321338073,0.5825702064623147,0.6026853379784917,1444,1429,2026-06-01 14:24:34.749039,3
3064,11,P09,yes,1,-0.6450184025502494,0.6481942198637447,0.6418340450887311,1899,1878,2026-06-01 14:24:34.771256,3
1309,8,P09,yes,1,0.6060046947259252,0.6026853379784917,0.6093175418435606,1445,1429,2026-06-01 14:24:34.772132,3
5385,20,P15,no,1,0.3873829963999924,0.6159095915435134,0.6093175418435606,3264,3248,2026-06-01 14:24:34.788732,5
2043,9,P23,no,7,3.1370124244567705,0.5758000536158003,0.5277492350545132,1601,1597,2026-06-01 14:24:34.790001,3
3643,17,P20,yes,1,0.1762961436262458,0.17428532117858547,0.17831905610769247,795,850,2026-06-01 14:24:34.801487,5
5386,20,P17,yes,1,0.6126170036000076,0.6093175418435606,0.6159095915435134,3265,3248,2026-06-01 14:24:34.818206,5
4104,19,P05,no,1,0.9104725159897953,0.09066389627358525,0.08839967720705841,1681,1765,2026-06-01 14:24:34.821296,5
5387,20,P03,yes,6,-3.5757702782161687,0.6159095915435134,0.5758000536158003,3259,3248,2026-06-01 14:24:34.822018,5
5388,20,P09,no,20,9.862006038842992,0.5758000536158003,0.4378234991142019,3259,3268,2026-06-01 14:24:34.826802,5
5389,20,P09,no,2,1.1379939611565533,0.4378234991142019,0.4241999463841996,3259,3270,2026-06-01 14:24:34.826803,5
5390,20,P13,no,7,-3.8629875755432295,0.4241999463841996,0.47225076494548685,3259,3263,2026-06-01 14:24:34.864652,5
5391,20,P11,no,1,-0.5242860391545037,0.47225076494548685,0.4791787146272571,3259,3262,2026-06-01 14:24:34.898731,5
5392,20,P04,yes,1,0.48264614119489124,0.4791787146272571,0.4861146822539951,3260,3262,2026-06-01 14:24:34.906318,5
5393,20,P11,yes,8,4.11096848829493,0.4861146822539951,0.5415704832167999,3268,3262,2026-06-01 14:24:34.907748,5
3644,17,P05,no,1,0.8237038563737542,0.17831905610769247,0.17428532117858547,795,851,2026-06-01 14:24:34.922301,5
5394,20,P11,yes,1,0.545015941103884,0.5415704832167999,0.548458527973277,3269,3262,2026-06-01 14:24:34.926215,5
5395,20,P14,yes,4,2.2486430441040284,0.548458527973277,0.5758000536158003,3273,3262,2026-06-01 14:24:34.943098,5
3645,17,P19,no,12,10.176003239139732,0.17428532117858547,0.13137120953080678,795,863,2026-06-01 14:24:34.944360,5
3646,17,P10,yes,1,0.13296696097131644,0.13137120953080678,0.13457359546569392,796,863,2026-06-01 14:24:34.961195,5
1310,8,P01,no,7,2.8988527642272857,0.6093175418435606,0.5621765008857981,1445,1436,2026-06-01 14:24:34.969957,3
3647,17,P10,yes,7,1.025101749344799,0.13457359546569392,0.15886910488091516,803,863,2026-06-01 14:24:34.976406,5
5396,20,P01,no,1,-0.42081238797618425,0.5758000536158003,0.5825702064623147,3273,3261,2026-06-01 14:24:34.979276,5
3648,17,P23,yes,1,0.1607368210831055,0.15886910488091516,0.16261630836153196,804,863,2026-06-01 14:24:34.986840,5
2044,9,P18,yes,5,2.724993614386676,0.5277492350545132,0.5621765008857981,1606,1597,2026-06-01 14:24:34.987653,3
3649,17,P04,yes,3,0.5051912294610474,0.16261630836153196,0.17428532117858547,807,863,2026-06-01 14:24:34.991511,5
2690,10,P02,no,1,-0.09900694507473418,0.899749509642487,0.9022274001492008,1716,1636,2026-06-01 14:24:35.054118,3
5397,20,P02,yes,3,1.77796096786642,0.5825702064623147,0.6026853379784917,3276,3261,2026-06-01 14:24:35.059494,5
3650,17,P09,no,5,4.1770471121342325,0.17428532117858547,0.15519224623709701,807,868,2026-06-01 14:24:35.064867,5
3651,17,P21,yes,7,1.1796152448104067,0.15519224623709701,0.18242552380635632,814,868,2026-06-01 14:24:35.072546,5
3652,17,P02,yes,10,2.0436856327214628,0.18242552380635632,0.22754561719281613,824,868,2026-06-01 14:24:35.097631,5
2691,10,P20,no,1,0.09900694507473418,0.9022274001492008,0.899749509642487,1716,1637,2026-06-01 14:24:35.105650,3
2045,9,P01,no,1,0.4412458590929873,0.5621765008857981,0.555328055262369,1606,1598,2026-06-01 14:24:35.110727,3
3653,17,P12,no,6,4.719942984148929,0.22754561719281613,0.19958519865373256,824,874,2026-06-01 14:24:35.111701,5
4105,19,P24,no,1,-0.9104725159897953,0.08839967720705841,0.09066389627358525,1681,1764,2026-06-01 14:24:35.142622,5
601,7,P18,no,2,-0.6538272357470305,0.6669548851735586,0.679178699175393,1162,1135,2026-06-01 14:24:35.168517,3
4106,19,P19,yes,15,1.6487608149973312,0.09066389627358525,0.13137120953080678,1696,1764,2026-06-01 14:24:35.194996,5
5398,20,P03,no,4,1.6428514201097641,0.6026853379784917,0.5758000536158003,3276,3265,2026-06-01 14:24:35.198776,5
5399,20,P19,no,11,-4.26347647787361,0.5758000536158003,0.6481942198637447,3276,3254,2026-06-01 14:24:35.203728,5
1311,8,P18,no,3,1.344334975948641,0.5621765008857981,0.5415704832167999,1445,1439,2026-06-01 14:24:35.232265,3
4107,19,P24,yes,1,0.13296696097131644,0.13137120953080678,0.13457359546569392,1697,1764,2026-06-01 14:24:35.241719,5
3654,17,P19,no,1,0.8026212273492774,0.19958519865373256,0.19518467701384015,824,875,2026-06-01 14:24:35.250795,5
5400,20,P11,no,1,0.35498159744975055,0.6481942198637447,0.6418340450887311,3276,3255,2026-06-01 14:24:35.260299,5
5401,20,P10,no,13,5.211746778360521,0.6418340450887311,0.555328055262369,3276,3268,2026-06-01 14:24:35.279149,5
5402,20,P01,yes,1,0.5587541409067853,0.555328055262369,0.5621765008857981,3277,3268,2026-06-01 14:24:35.293968,5
1312,8,P09,yes,1,0.5450159411034292,0.5415704832167999,0.548458527973277,1446,1439,2026-06-01 14:24:35.348909,3
5403,20,P23,yes,1,0.5655909891556803,0.5621765008857981,0.5690013325681905,3278,3268,2026-06-01 14:24:35.360358,5
5404,20,P18,yes,10,6.025275175059505,0.5690013325681905,0.6354235592583607,3288,3268,2026-06-01 14:24:35.408509,5
5405,20,P17,no,15,6.215349095042711,0.6354235592583607,0.534666513353404,3288,3283,2026-06-01 14:24:35.410256,5
5406,20,P02,yes,1,0.5381197166907441,0.534666513353404,0.5415704832167999,3289,3283,2026-06-01 14:24:35.413043,5
4108,19,P20,no,1,0.8670330390286836,0.13457359546569392,0.13137120953080678,1697,1765,2026-06-01 14:24:35.415050,5
602,7,P18,no,1,0.32385760144848064,0.679178699175393,0.6730961777222321,1162,1136,2026-06-01 14:24:35.418860,3
4109,19,P05,no,2,1.7435111466538729,0.13137120953080678,0.1251603995749971,1697,1767,2026-06-01 14:24:35.442217,5
5407,20,P13,yes,4,2.2212560132070394,0.5415704832167999,0.5690013325681905,3293,3283,2026-06-01 14:24:35.444426,5
4110,19,P01,no,1,0.8763498454181899,0.1251603995749971,0.122150398495942,1697,1768,2026-06-01 14:24:35.445933,5
4111,19,P19,no,1,-0.8763498454181899,0.122150398495942,0.1251603995749971,1697,1767,2026-06-01 14:24:35.447640,5
4112,19,P05,no,7,6.1948564292436,0.1251603995749971,0.10537408848177848,1697,1774,2026-06-01 14:24:35.455309,5
2046,9,P09,yes,1,-0.5518949420409172,0.555328055262369,0.548458527973277,1605,1598,2026-06-01 14:24:35.458539,3
4113,19,P22,no,8,7.236055192486447,0.10537408848177848,0.08618664479793421,1697,1782,2026-06-01 14:24:35.484358,5
1313,8,P09,no,6,-2.5862268712194236,0.548458527973277,0.5893093760914265,1446,1433,2026-06-01 14:24:35.490103,3
4114,19,P17,yes,1,0.08728893260831683,0.08618664479793421,0.08839967720705841,1698,1782,2026-06-01 14:24:35.498549,5
3655,17,P24,yes,1,0.19737877265072257,0.19518467701384015,0.19958519865373256,825,875,2026-06-01 14:24:35.499340,5
5408,20,P17,no,2,0.8756548699375344,0.5690013325681905,0.555328055262369,3293,3285,2026-06-01 14:24:35.507528,5
4115,19,P03,yes,2,0.18134515227006887,0.08839967720705841,0.09298019452229982,1700,1782,2026-06-01 14:24:35.530319,5
5409,20,P12,yes,1,0.5587541409072401,0.555328055262369,0.5621765008857981,3294,3285,2026-06-01 14:24:35.541356,5
5410,20,P24,no,4,1.806215259257442,0.5621765008857981,0.534666513353404,3294,3289,2026-06-01 14:24:35.547245,5
3065,11,P09,no,2,0.7291690183815263,0.6418340450887311,0.6289646649499733,1899,1880,2026-06-01 14:24:35.549518,3
5411,20,P11,yes,1,0.5381197166907441,0.534666513353404,0.5415704832167999,3295,3289,2026-06-01 14:24:35.551202,5
2047,9,P09,no,1,0.4549840588963434,0.548458527973277,0.5415704832167999,1605,1599,2026-06-01 14:24:35.579392,3
1314,8,P18,no,4,-1.5893598064594698,0.5893093760914265,0.6159095915435134,1446,1429,2026-06-01 14:24:35.603888,3
5412,20,P01,yes,1,0.545015941103884,0.5415704832167999,0.548458527973277,3296,3289,2026-06-01 14:24:35.612812,5
5413,20,P09,no,1,0.4549840588965708,0.548458527973277,0.5415704832167999,3296,3290,2026-06-01 14:24:35.616730,5
5414,20,P24,no,2,0.9306714096646829,0.5415704832167999,0.5277492350545132,3296,3292,2026-06-01 14:24:35.626330,5
603,7,P09,no,1,0.32996963429854986,0.6730961777222321,0.6669548851735586,1162,1137,2026-06-01 14:24:35.649110,3
5415,20,P21,yes,1,0.5312088736441183,0.5277492350545132,0.534666513353404,3297,3292,2026-06-01 14:24:35.658286,5
5416,20,P11,yes,1,0.5381197166907441,0.534666513353404,0.5415704832167999,3298,3292,2026-06-01 14:24:35.674520,5
5417,20,P13,yes,6,3.372846597231728,0.5415704832167999,0.5825702064623147,3304,3292,2026-06-01 14:24:35.746206,5
1315,8,P19,no,1,0.38738299639953766,0.6159095915435134,0.6093175418435606,1446,1430,2026-06-01 14:24:35.765907,3
5418,20,P20,yes,4,2.3839656625923453,0.5825702064623147,0.6093175418435606,3308,3292,2026-06-01 14:24:35.772297,5
1316,8,P23,no,6,2.4644437533827386,0.6093175418435606,0.5690013325681905,1446,1436,2026-06-01 14:24:35.787874,3
5419,20,P03,no,5,2.036846725383839,0.6093175418435606,0.5758000536158003,3308,3297,2026-06-01 14:24:35.844230,5
604,7,P18,no,9,3.2537828955275927,0.6669548851735586,0.6093175418435606,1162,1146,2026-06-01 14:24:35.873895,3
5420,20,P15,no,4,1.7513569558959716,0.5758000536158003,0.548458527973277,3308,3301,2026-06-01 14:24:35.882173,5
3656,17,P09,yes,1,0.20181631079424278,0.19958519865373256,0.20405977695922933,826,875,2026-06-01 14:24:35.908356,5
4116,19,P24,yes,1,0.0941603781664071,0.09298019452229982,0.0953494648991095,1701,1782,2026-06-01 14:24:35.915057,5
2048,9,P09,yes,20,-9.448545768594613,0.5415704832167999,0.4039848066734832,1585,1599,2026-06-01 14:24:35.942861,3
5421,20,P20,yes,8,4.605791623994264,0.548458527973277,0.6026853379784917,3316,3301,2026-06-01 14:24:35.943532,5
605,7,P23,yes,1,0.612617003600235,0.6093175418435606,0.6159095915435134,1163,1146,2026-06-01 14:24:35.976982,3
606,7,P12,yes,2,1.2449038597405888,0.6159095915435134,0.6289646649499733,1165,1146,2026-06-01 14:24:35.993017,3
2049,9,P11,no,11,-6.145068860895435,0.4039848066734832,0.4791787146272571,1585,1588,2026-06-01 14:24:36.017794,3
3066,11,P18,no,1,0.37428421573167725,0.6289646649499733,0.6224593312018546,1899,1881,2026-06-01 14:24:36.032176,3
4117,19,P17,yes,7,0.7293177018432289,0.0953494648991095,0.11349222580422871,1708,1782,2026-06-01 14:24:36.042498,5
3657,17,P15,no,6,4.854188859016972,0.20405977695922933,0.17831905610769247,826,881,2026-06-01 14:24:36.046942,5
5422,20,P03,no,5,2.070448448108891,0.6026853379784917,0.5690013325681905,3316,3306,2026-06-01 14:24:36.051338,5
5423,20,P17,yes,1,0.572402972000873,0.5690013325681905,0.5758000536158003,3317,3306,2026-06-01 14:24:36.052087,5
3067,11,P01,yes,1,0.6257157842683227,0.6224593312018546,0.6289646649499733,1900,1881,2026-06-01 14:24:36.064123,3
2050,9,P17,no,1,-0.5173538588051088,0.4791787146272571,0.4861146822539951,1585,1587,2026-06-01 14:24:36.093133,3
3658,17,P03,no,1,0.8237038563736405,0.17831905610769247,0.17428532117858547,826,882,2026-06-01 14:24:36.094576,5
3068,11,P22,no,1,-0.36780193489835256,0.6289646649499733,0.6354235592583607,1900,1880,2026-06-01 14:24:36.101356,3
607,7,P03,no,1,-0.3678019348981252,0.6289646649499733,0.6354235592583607,1165,1145,2026-06-01 14:24:36.119761,3
3659,17,P02,yes,1,0.17629614362635948,0.17428532117858547,0.17831905610769247,827,882,2026-06-01 14:24:36.128776,5
3660,17,P19,no,2,1.6514052463938924,0.17831905610769247,0.17032391864384583,827,884,2026-06-01 14:24:36.130081,5
2051,9,P12,yes,9,4.655984429398586,0.4861146822539951,0.548458527973277,1594,1587,2026-06-01 14:24:36.134320,3
3661,17,P05,no,1,0.8316268084481635,0.17032391864384583,0.16643440755425876,827,885,2026-06-01 14:24:36.156867,5
5424,20,P17,no,4,-1.6428514201093094,0.5758000536158003,0.6026853379784917,3317,3302,2026-06-01 14:24:36.157706,5
3662,17,P22,no,1,0.8354805720706509,0.16643440755425876,0.16261630836153196,827,886,2026-06-01 14:24:36.158000,5
4118,19,P22,no,1,0.8878951933129429,0.11349222580422871,0.1107273179723682,1708,1783,2026-06-01 14:24:36.175136,5
3663,17,P14,yes,1,0.16451942792946284,0.16261630836153196,0.16643440755425876,828,886,2026-06-01 14:24:36.191277,5
608,7,P09,no,9,-3.0269476544904137,0.6354235592583607,0.6911616123625146,1165,1136,2026-06-01 14:24:36.198447,3
4119,19,P19,yes,2,0.22700445516238688,0.1107273179723682,0.11631714397765597,1710,1783,2026-06-01 14:24:36.256197,5
3664,17,P09,yes,1,0.16837319155160912,0.16643440755425876,0.17032391864384583,829,886,2026-06-01 14:24:36.259995,5
609,7,P23,no,1,0.31181351241730226,0.6911616123625146,0.6852009766653157,1165,1137,2026-06-01 14:24:36.263140,3
3665,17,P02,no,1,-0.8277013900200245,0.17032391864384583,0.17428532117858547,829,885,2026-06-01 14:24:36.288503,5
1317,8,P18,no,1,0.4344090108445471,0.5690013325681905,0.5621765008857981,1446,1437,2026-06-01 14:24:36.293746,3
5425,20,P09,no,1,0.4006466663072388,0.6026853379784917,0.5960151933265168,3317,3303,2026-06-01 14:24:36.413394,5
3666,17,P22,no,1,0.8277013900200245,0.17428532117858547,0.17032391864384583,829,886,2026-06-01 14:24:36.415329,5
3948,18,P09,yes,9,0.41113448960595633,0.04043956481800324,0.05133579311531625,1373,1478,2026-06-01 14:24:36.472076,5
2052,9,P22,no,1,0.4549840588965708,0.548458527973277,0.5415704832167999,1594,1588,2026-06-01 14:24:36.541958,3
3949,18,P22,no,7,6.671937550843495,0.05133579311531625,0.042651252130942854,1373,1485,2026-06-01 14:24:36.543425,5
5426,20,P09,no,1,0.4073348384781639,0.5960151933265168,0.5893093760914265,3317,3304,2026-06-01 14:24:36.545245,5
1318,8,P18,no,1,0.4412458590929873,0.5621765008857981,0.555328055262369,1446,1438,2026-06-01 14:24:36.563002,3
1319,8,P09,no,6,-2.5454566517389594,0.555328055262369,0.5960151933265168,1446,1432,2026-06-01 14:24:36.590514,3
3950,18,P05,no,11,10.593451810914758,0.042651252130942854,0.03177863095923023,1373,1496,2026-06-01 14:24:36.596375,5
610,7,P18,yes,2,1.3823022358506023,0.6852009766653157,0.6970592839654074,1167,1137,2026-06-01 14:24:36.596394,3
5427,20,P03,yes,1,-0.5859424726522775,0.5893093760914265,0.5825702064623147,3316,3304,2026-06-01 14:24:36.600747,5
4120,19,P03,no,8,-6.972762167610881,0.11631714397765597,0.14117613544185983,1710,1775,2026-06-01 14:24:36.653017,5
1320,8,P19,no,1,0.4073348384786186,0.5960151933265168,0.5893093760914265,1446,1433,2026-06-01 14:24:36.659083,3
4121,19,P09,no,1,0.8604966688737932,0.14117613544185983,0.13784165696493572,1710,1776,2026-06-01 14:24:36.678011,5
4122,19,P17,yes,5,-0.6493080909381206,0.13784165696493572,0.122150398495942,1705,1776,2026-06-01 14:24:36.681703,5
3069,11,P18,no,1,0.36780193489835256,0.6354235592583607,0.6289646649499733,1900,1881,2026-06-01 14:24:36.749656,3
1321,8,P13,no,1,0.41405752734794987,0.5893093760914265,0.5825702064623147,1446,1434,2026-06-01 14:24:36.842080,3
3667,17,P03,no,1,0.8316268084483909,0.17032391864384583,0.16643440755425876,829,887,2026-06-01 14:24:36.851096,5
2053,9,P18,no,6,-2.627153402768272,0.5415704832167999,0.5825702064623147,1594,1582,2026-06-01 14:24:36.867143,3
3668,17,P11,yes,1,0.1683731915517228,0.16643440755425876,0.17032391864384583,830,887,2026-06-01 14:24:36.876076,5
2054,9,P19,yes,1,-0.5791876120235884,0.5825702064623147,0.5758000536158003,1593,1582,2026-06-01 14:24:36.889150,3
2055,9,P03,no,1,0.42759702799889965,0.5758000536158003,0.5690013325681905,1593,1583,2026-06-01 14:24:36.897236,3
4123,19,P19,yes,1,0.12365015458181006,0.122150398495942,0.1251603995749971,1706,1776,2026-06-01 14:24:36.903277,5
4124,19,P09,yes,12,1.7398138126748108,0.1251603995749971,0.16643440755425876,1718,1776,2026-06-01 14:24:36.913695,5
2056,9,P18,yes,1,0.5724029720011004,0.5690013325681905,0.5758000536158003,1594,1583,2026-06-01 14:24:36.916422,3
4125,19,P17,no,6,5.068218773675881,0.16643440755425876,0.14457775046587726,1718,1782,2026-06-01 14:24:36.920814,5
611,7,P09,yes,1,0.6999814153002717,0.6970592839654074,0.702892745013669,1168,1137,2026-06-01 14:24:36.924007,3
612,7,P01,no,1,0.3000185846997283,0.702892745013669,0.6970592839654074,1168,1138,2026-06-01 14:24:36.949547,3
2057,9,P12,no,13,6.095372526496703,0.5758000536158003,0.4861146822539951,1594,1596,2026-06-01 14:24:36.959387,3
2058,9,P12,yes,1,0.4895850074617556,0.4861146822539951,0.49305600205173933,1595,1596,2026-06-01 14:24:36.978836,3
1322,8,P09,yes,1,-0.5791876120238157,0.5825702064623147,0.5758000536158003,1445,1434,2026-06-01 14:24:36.989363,3
2059,9,P18,yes,1,0.4965278894046605,0.49305600205173933,0.5,1596,1596,2026-06-01 14:24:37.001839,3
4126,19,P03,yes,14,2.392744001670735,0.14457775046587726,0.19958519865373256,1732,1782,2026-06-01 14:24:37.014165,5
2060,9,P01,yes,1,0.5034721105953395,0.5,0.5069439979482607,1597,1596,2026-06-01 14:24:37.014720,3
4127,19,P09,yes,6,1.280057015851071,0.19958519865373256,0.22754561719281613,1738,1782,2026-06-01 14:24:37.073194,5
4128,19,P21,no,14,11.258980208802313,0.22754561719281613,0.16643440755425876,1738,1796,2026-06-01 14:24:37.096981,5
4129,19,P12,no,7,5.9253474548077065,0.16643440755425876,0.14117613544185983,1738,1803,2026-06-01 14:24:37.102318,5
3070,11,P09,no,1,-0.36780193489835256,0.6289646649499733,0.6354235592583607,1900,1880,2026-06-01 14:24:37.110617,3
5428,20,P19,yes,1,0.5859424726522775,0.5825702064623147,0.5893093760914265,3317,3304,2026-06-01 14:24:37.126242,5
4130,19,P24,yes,1,0.14287131886840143,0.14117613544185983,0.14457775046587726,1739,1803,2026-06-01 14:24:37.129561,5
4131,19,P02,no,12,10.49351684716271,0.14457775046587726,0.10802156134341918,1739,1815,2026-06-01 14:24:37.165078,5
5429,20,P03,yes,16,-8.552403699374281,0.5893093760914265,0.4791787146272571,3301,3304,2026-06-01 14:24:37.184699,5
5430,20,P15,no,1,0.5242860391554132,0.4791787146272571,0.47225076494548685,3301,3305,2026-06-01 14:24:37.190873,5
2061,9,P18,no,2,0.9999999999997726,0.5069439979482607,0.49305600205173933,1597,1598,2026-06-01 14:24:37.195272,3
3669,17,P11,yes,3,0.5289609669246147,0.17032391864384583,0.18242552380635632,833,887,2026-06-01 14:24:37.202668,5
5431,20,P15,no,2,1.0693285903348624,0.47225076494548685,0.45842951678320015,3301,3307,2026-06-01 14:24:37.213068,5
5432,20,P10,no,17,-8.206341014792088,0.45842951678320015,0.5758000536158003,3301,3290,2026-06-01 14:24:37.218932,5
2062,9,P18,no,1,0.5104149925386992,0.49305600205173933,0.4861146822539951,1597,1599,2026-06-01 14:24:37.243185,3
4132,19,P05,no,1,0.8933069957299722,0.10802156134341918,0.10537408848177848,1739,1816,2026-06-01 14:24:37.244796,5
4133,19,P17,no,1,-0.8933069957299722,0.10537408848177848,0.10802156134341918,1739,1815,2026-06-01 14:24:37.246277,5
4134,19,P22,no,11,9.961297903842478,0.10802156134341918,0.08191057715532518,1739,1826,2026-06-01 14:24:37.259837,5
3071,11,P09,no,10,-3.332831906222509,0.6354235592583607,0.6970592839654074,1900,1870,2026-06-01 14:24:37.263518,3
5433,20,P03,no,1,0.427597027999127,0.5758000536158003,0.5690013325681905,3301,3291,2026-06-01 14:24:37.289728,5
613,7,P09,yes,2,1.4057636955058115,0.6970592839654074,0.7086608250294356,1170,1138,2026-06-01 14:24:37.293435,3
5434,20,P19,yes,1,0.572402972000873,0.5690013325681905,0.5758000536158003,3302,3291,2026-06-01 14:24:37.313138,5
3670,17,P05,no,1,0.8196337866814929,0.18242552380635632,0.17831905610769247,833,888,2026-06-01 14:24:37.340496,5
614,7,P23,no,8,2.5197060575374053,0.7086608250294356,0.6607563687658172,1170,1146,2026-06-01 14:24:37.347722,3
2063,9,P18,no,1,0.517353858804654,0.4861146822539951,0.4791787146272571,1597,1600,2026-06-01 14:24:37.347865,3
5435,20,P19,yes,5,2.963153274616616,0.5758000536158003,0.6093175418435606,3307,3291,2026-06-01 14:24:37.356902,5
3072,11,P20,yes,8,-5.383516774710415,0.6970592839654074,0.6481942198637447,1892,1870,2026-06-01 14:24:37.361334,3
4135,19,P10,yes,1,0.082963162267788,0.08191057715532518,0.084023907816312,1740,1826,2026-06-01 14:24:37.398485,5
2064,9,P18,yes,1,-0.4757139608448142,0.4791787146272571,0.47225076494548685,1596,1600,2026-06-01 14:24:37.402607,3
2065,9,P09,no,1,-0.5242860391551858,0.47225076494548685,0.4791787146272571,1596,1599,2026-06-01 14:24:37.437989,3
5436,20,P24,no,12,5.1738591498406095,0.6093175418435606,0.5277492350545132,3307,3303,2026-06-01 14:24:37.456066,5
4136,19,P24,yes,1,0.08510112210615262,0.084023907816312,0.08618664479793421,1741,1826,2026-06-01 14:24:37.469283,5
5437,20,P19,yes,1,0.5312088736441183,0.5277492350545132,0.534666513353404,3308,3303,2026-06-01 14:24:37.556743,5
2066,9,P13,no,13,-6.185129357302685,0.4791787146272571,0.5690013325681905,1596,1586,2026-06-01 14:24:37.572643,3
5438,20,P23,yes,1,0.5381197166911988,0.534666513353404,0.5415704832167999,3309,3303,2026-06-01 14:24:37.575633,5
5439,20,P13,no,1,-0.4549840588965708,0.5415704832167999,0.548458527973277,3309,3302,2026-06-01 14:24:37.578457,5
5440,20,P19,no,1,-0.4481050579593102,0.548458527973277,0.555328055262369,3309,3301,2026-06-01 14:24:37.580882,5
2067,9,P12,no,4,1.7787439867929606,0.5690013325681905,0.5415704832167999,1596,1590,2026-06-01 14:24:37.583343,3
5441,20,P19,no,1,-0.44124585909275993,0.555328055262369,0.5621765008857981,3309,3300,2026-06-01 14:24:37.612037,5
5442,20,P15,no,14,6.806215259257442,0.5621765008857981,0.46533348664659613,3309,3314,2026-06-01 14:24:37.637597,5
4137,19,P19,yes,2,0.17681641661874892,0.08618664479793421,0.09066389627358525,1743,1826,2026-06-01 14:24:37.647307,5
5443,20,P10,yes,1,0.4687911263558817,0.46533348664659613,0.47225076494548685,3310,3314,2026-06-01 14:24:37.665925,5
3671,17,P19,no,2,1.651405246394006,0.17831905610769247,0.17032391864384583,833,890,2026-06-01 14:24:37.685097,5
5444,20,P14,yes,2,0.9583601020399328,0.47225076494548685,0.4861146822539951,3312,3314,2026-06-01 14:24:37.690061,5
5445,20,P24,yes,6,3.041639897960067,0.4861146822539951,0.5277492350545132,3318,3314,2026-06-01 14:24:37.723376,5
5446,20,P11,yes,4,2.1662394734789814,0.5277492350545132,0.555328055262369,3322,3314,2026-06-01 14:24:37.745092,5
3073,11,P18,yes,5,3.3190196212156025,0.6481942198637447,0.679178699175393,1897,1870,2026-06-01 14:24:37.760570,3
6384,21,P17,yes,14,2.620851071233119,0.15886910488091516,0.21792873238451507,4115,4161,2026-06-01 14:24:37.781218,5
3672,17,P05,no,1,0.8316268084481635,0.17032391864384583,0.16643440755425876,833,891,2026-06-01 14:24:37.793183,5
5447,20,P21,yes,1,0.5587541409076948,0.555328055262369,0.5621765008857981,3323,3314,2026-06-01 14:24:37.800629,5
6385,21,P04,no,9,7.221373122937621,0.21792873238451507,0.17831905610769247,4115,4170,2026-06-01 14:24:37.814670,5
1323,8,P09,no,3,1.3032518979362067,0.5758000536158003,0.555328055262369,1445,1437,2026-06-01 14:24:37.898086,3
3673,17,P24,no,11,-8.919979114201169,0.16643440755425876,0.2132315108375271,833,880,2026-06-01 14:24:37.929408,5
4138,19,P22,no,13,11.996869862976382,0.09066389627358525,0.06496916912866407,1743,1839,2026-06-01 14:24:37.978289,5
4139,19,P05,no,10,9.428220822923777,0.06496916912866407,0.049999740399933254,1743,1849,2026-06-01 14:24:38.009863,5
5448,20,P24,yes,11,-5.766633512346743,0.5621765008857981,0.4861146822539951,3312,3314,2026-06-01 14:24:38.033229,5
5449,20,P23,yes,14,7.483815085526658,0.4861146822539951,0.5825702064623147,3326,3314,2026-06-01 14:24:38.071620,5
5450,20,P19,yes,1,0.5859424726522775,0.5825702064623147,0.5893093760914265,3327,3314,2026-06-01 14:24:38.079766,5
4140,19,P19,yes,1,0.05066498746009529,0.049999740399933254,0.05133579311531625,1744,1849,2026-06-01 14:24:38.080190,5
2068,9,P09,no,1,0.4618802833092559,0.5415704832167999,0.534666513353404,1596,1591,2026-06-01 14:24:38.121513,3
4141,19,P22,no,4,3.805127259773826,0.05133579311531625,0.04618662486055427,1744,1853,2026-06-01 14:24:38.151608,5
3674,17,P22,no,5,3.9905479053356885,0.2132315108375271,0.19085804424486547,833,885,2026-06-01 14:24:38.168445,5
6386,21,P15,yes,8,1.5630529406407732,0.17831905610769247,0.2132315108375271,4123,4170,2026-06-01 14:24:38.208986,5
6387,21,P21,no,3,2.380941889548012,0.2132315108375271,0.19958519865373256,4123,4173,2026-06-01 14:24:38.214656,5
5451,20,P15,no,7,3.041210930116449,0.5893093760914265,0.5415704832167999,3327,3321,2026-06-01 14:24:38.227122,5
4142,19,P05,no,1,0.9544201150688423,0.04618662486055427,0.04497822937897771,1744,1854,2026-06-01 14:24:38.229479,5
5452,20,P12,yes,1,0.5450159411034292,0.5415704832167999,0.548458527973277,3328,3321,2026-06-01 14:24:38.229536,5
6388,21,P11,no,1,0.8026212273498459,0.19958519865373256,0.19518467701384015,4123,4174,2026-06-01 14:24:38.243635,5
3675,17,P05,no,1,0.8112745656602556,0.19085804424486547,0.18660508209316082,833,886,2026-06-01 14:24:38.301674,5
4143,19,P11,yes,1,0.04557988493115772,0.04497822937897771,0.04618662486055427,1745,1854,2026-06-01 14:24:38.307504,5
6389,21,P24,yes,4,0.816436883102142,0.19518467701384015,0.2132315108375271,4127,4174,2026-06-01 14:24:38.308491,5
6390,21,P17,yes,1,0.21557393642251554,0.2132315108375271,0.21792873238451507,4128,4174,2026-06-01 14:24:38.315080,5
5453,20,P24,no,1,-0.4481050579593102,0.548458527973277,0.555328055262369,3328,3320,2026-06-01 14:24:38.319769,5
3676,17,P24,yes,1,0.1887254343398581,0.18660508209316082,0.19085804424486547,834,886,2026-06-01 14:24:38.330350,5
5454,20,P02,no,1,-0.44124585909275993,0.555328055262369,0.5621765008857981,3328,3319,2026-06-01 14:24:38.341526,5
4144,19,P17,yes,1,0.04680364894397826,0.04618662486055427,0.04742587317756679,1746,1854,2026-06-01 14:24:38.341621,5
615,7,P18,yes,1,0.6638603292090011,0.6607563687658172,0.6669548851735586,1171,1146,2026-06-01 14:24:38.341640,3
1324,8,P10,yes,4,2.2759357140873817,0.555328055262369,0.5825702064623147,1449,1437,2026-06-01 14:24:38.355938,3
4145,19,P23,yes,1,0.04805861497720798,0.04742587317756679,0.04869667456442473,1747,1854,2026-06-01 14:24:38.363456,5
616,7,P18,no,1,0.3361396707912263,0.6669548851735586,0.6607563687658172,1171,1147,2026-06-01 14:24:38.365947,3
3074,11,P19,no,1,0.32385760144848064,0.679178699175393,0.6730961777222321,1897,1871,2026-06-01 14:24:38.398368,3
6391,21,P02,no,1,0.7844260635774845,0.21792873238451507,0.2132315108375271,4128,4175,2026-06-01 14:24:38.411431,5
3075,11,P09,yes,1,0.6761423985515194,0.6730961777222321,0.679178699175393,1898,1871,2026-06-01 14:24:38.421802,3
4146,19,P09,yes,1,0.049345488844892316,0.04869667456442473,0.049999740399933254,1748,1854,2026-06-01 14:24:38.434285,5
3677,17,P22,no,8,6.604174959852685,0.19085804424486547,0.15886910488091516,834,894,2026-06-01 14:24:38.441138,5
4147,19,P03,yes,3,0.156087607651898,0.049999740399933254,0.05410980348435149,1751,1854,2026-06-01 14:24:38.463112,5
3678,17,P19,no,1,0.8429751626784991,0.15886910488091516,0.15519224623709701,834,895,2026-06-01 14:24:38.465319,5
3679,17,P11,yes,1,0.15702483732161454,0.15519224623709701,0.15886910488091516,835,895,2026-06-01 14:24:38.475249,5
6392,21,P01,no,1,0.7890861680898524,0.2132315108375271,0.20860852732604496,4128,4176,2026-06-01 14:24:38.477699,5
5455,20,P17,no,2,0.8893509170520701,0.5621765008857981,0.548458527973277,3328,3321,2026-06-01 14:24:38.478167,5
6393,21,P02,yes,1,-0.20632796774771123,0.20860852732604496,0.20405977695922933,4127,4176,2026-06-01 14:24:38.489578,5
3680,17,P22,no,1,0.8429751626783855,0.15886910488091516,0.15519224623709701,835,896,2026-06-01 14:24:38.500741,5
3681,17,P22,no,13,11.265491060277554,0.15519224623709701,0.11349222580422871,835,909,2026-06-01 14:24:38.505918,5
4148,19,P17,yes,17,1.1569041677230416,0.05410980348435149,0.084023907816312,1768,1854,2026-06-01 14:24:38.520069,5
3682,17,P01,yes,1,0.11489964847498868,0.11349222580422871,0.11631714397765597,836,909,2026-06-01 14:24:38.526011,5
5456,20,P03,no,1,0.45498405889611604,0.548458527973277,0.5415704832167999,3328,3322,2026-06-01 14:24:38.534153,5
6394,21,P11,no,1,0.7981836892058709,0.20405977695922933,0.19958519865373256,4127,4177,2026-06-01 14:24:38.544960,5
3683,17,P08,no,1,-0.8822450737741292,0.11631714397765597,0.11920292202211755,836,908,2026-06-01 14:24:38.545510,5
3076,11,P09,yes,4,2.7644785687950844,0.679178699175393,0.702892745013669,1902,1871,2026-06-01 14:24:38.549283,3
2069,9,P18,no,1,0.4687911263558817,0.534666513353404,0.5277492350545132,1596,1592,2026-06-01 14:24:38.553252,3
3684,17,P15,yes,1,0.12067148409903439,0.11920292202211755,0.122150398495942,837,908,2026-06-01 14:24:38.555392,5
3077,11,P22,no,1,0.3000185846999557,0.702892745013669,0.6970592839654074,1902,1872,2026-06-01 14:24:38.564767,3
5457,20,P15,no,1,0.4618802833092559,0.5415704832167999,0.534666513353404,3328,3323,2026-06-01 14:24:38.580452,5
3078,11,P19,no,4,1.259360447953668,0.6970592839654074,0.6730961777222321,1902,1876,2026-06-01 14:24:38.587120,3
5458,20,P21,yes,1,0.5381197166907441,0.534666513353404,0.5415704832167999,3329,3323,2026-06-01 14:24:38.594905,5
6395,21,P15,no,8,-6.254988444307855,0.19958519865373256,0.23745802834390253,4127,4169,2026-06-01 14:24:38.603475,5
3685,17,P01,yes,1,0.12365015458158268,0.122150398495942,0.1251603995749971,838,908,2026-06-01 14:24:38.615415,5
5459,20,P19,no,7,-3.0412109301159944,0.5415704832167999,0.5893093760914265,3329,3316,2026-06-01 14:24:38.624419,5
1325,8,P10,no,1,-0.4140575273477225,0.5825702064623147,0.5893093760914265,1449,1436,2026-06-01 14:24:38.651975,3
3686,17,P05,no,1,0.876349845418531,0.1251603995749971,0.122150398495942,838,909,2026-06-01 14:24:38.677652,5
5460,20,P19,yes,1,0.5926651615218361,0.5893093760914265,0.5960151933265168,3330,3316,2026-06-01 14:24:38.720265,5
4149,19,P22,no,11,10.194655194495454,0.084023907816312,0.0633019736959414,1768,1865,2026-06-01 14:24:38.724562,5
6396,21,P04,no,1,0.7650446160450883,0.23745802834390253,0.2324649929561242,4127,4170,2026-06-01 14:24:38.737655,5
2070,9,P18,no,3,-1.385655468561481,0.5277492350545132,0.548458527973277,1596,1589,2026-06-01 14:24:38.751169,3
1326,8,P10,yes,1,0.5926651615213814,0.5893093760914265,0.5960151933265168,1450,1436,2026-06-01 14:24:38.765324,3
4150,19,P03,yes,14,1.067262344229448,0.0633019736959414,0.09066389627358525,1782,1865,2026-06-01 14:24:38.765580,5
3687,17,P14,yes,13,1.863463967256621,0.122150398495942,0.16643440755425876,851,909,2026-06-01 14:24:38.785463,5
3688,17,P05,no,1,0.8354805720705372,0.16643440755425876,0.16261630836153196,851,910,2026-06-01 14:24:38.814836,5
6397,21,P04,no,3,2.3245758751372705,0.2324649929561242,0.21792873238451507,4127,4173,2026-06-01 14:24:38.834277,5
1327,8,P09,no,5,2.1042107926461995,0.5960151933265168,0.5621765008857981,1450,1441,2026-06-01 14:24:38.835574,3
2071,9,P18,yes,1,0.5518949420409172,0.548458527973277,0.555328055262369,1597,1589,2026-06-01 14:24:38.868631,3
6398,21,P01,yes,1,-0.21557393642251554,0.21792873238451507,0.2132315108375271,4126,4173,2026-06-01 14:24:38.886375,5
2072,9,P09,yes,2,1.1243451300622382,0.555328055262369,0.5690013325681905,1599,1589,2026-06-01 14:24:38.891666,3
6399,21,P15,yes,9,2.1168020981103837,0.2132315108375271,0.2581597095111632,4135,4173,2026-06-01 14:24:38.901836,5
6400,21,P10,no,2,1.4942245186939545,0.2581597095111632,0.2476638011390716,4135,4175,2026-06-01 14:24:38.905329,5
2073,9,P18,yes,1,0.5724029720013277,0.5690013325681905,0.5758000536158003,1600,1589,2026-06-01 14:24:38.929816,3
3689,17,P22,no,13,11.180383976573694,0.16261630836153196,0.11920292202211755,851,923,2026-06-01 14:24:38.951479,5
6401,21,P01,yes,1,-0.24508804575816612,0.2476638011390716,0.24252442073717165,4134,4175,2026-06-01 14:24:38.964965,5
2074,9,P20,yes,9,-4.904627473503297,0.5758000536158003,0.5138853177460049,1591,1589,2026-06-01 14:24:38.980678,3
6402,21,P01,yes,1,-0.23998512580601528,0.24252442073717165,0.23745802834390253,4133,4175,2026-06-01 14:24:38.987043,5
4151,19,P09,yes,1,0.09181766825963678,0.09066389627358525,0.09298019452229982,1783,1865,2026-06-01 14:24:38.994447,5
3079,11,P18,no,10,3.583752529825688,0.6730961777222321,0.6093175418435606,1902,1886,2026-06-01 14:24:38.995741,3
4152,19,P22,no,1,0.9081823317403632,0.09298019452229982,0.09066389627358525,1783,1866,2026-06-01 14:24:38.997545,5
617,7,P09,yes,2,1.3338906949099965,0.6607563687658172,0.6730961777222321,1173,1147,2026-06-01 14:24:39.011107,3
4153,19,P17,yes,1,0.09181766825963678,0.09066389627358525,0.09298019452229982,1784,1866,2026-06-01 14:24:39.014152,5
3690,17,P13,yes,1,0.12067148409914807,0.11920292202211755,0.122150398495942,852,923,2026-06-01 14:24:39.014665,5
6403,21,P11,no,1,0.7650446160459978,0.23745802834390253,0.2324649929561242,4133,4176,2026-06-01 14:24:39.015850,5
3080,11,P03,yes,1,0.6126170036004623,0.6093175418435606,0.6159095915435134,1903,1886,2026-06-01 14:24:39.034694,3
3691,17,P09,yes,1,0.12365015458158268,0.122150398495942,0.1251603995749971,853,923,2026-06-01 14:24:39.040130,5
6404,21,P19,yes,1,-0.2299991558866168,0.2324649929561242,0.22754561719281613,4132,4176,2026-06-01 14:24:39.040533,5
6405,21,P23,yes,3,-0.6609989053995378,0.22754561719281613,0.2132315108375271,4129,4176,2026-06-01 14:24:39.043737,5
6406,21,P17,yes,20,-3.430378884156198,0.2132315108375271,0.13457359546569392,4109,4176,2026-06-01 14:24:39.052752,5
3081,11,P22,no,6,-2.1878941014849715,0.6159095915435134,0.6545022492518787,1903,1880,2026-06-01 14:24:39.058876,3
6407,21,P08,yes,2,0.2757054531648464,0.13457359546569392,0.14117613544185983,4111,4176,2026-06-01 14:24:39.072053,5
3951,18,P17,yes,1,0.03220970259690148,0.03177863095923023,0.0326445247140918,1374,1496,2026-06-01 14:24:39.078765,5
4154,19,P22,no,1,0.9081823317403632,0.09298019452229982,0.09066389627358525,1784,1867,2026-06-01 14:24:39.081092,5
5461,20,P19,yes,4,2.43716310749096,0.5960151933265168,0.6224593312018546,3334,3316,2026-06-01 14:24:39.093445,5
3692,17,P03,no,8,7.0907821200534045,0.1251603995749971,0.10278402491725176,853,931,2026-06-01 14:24:39.097752,5
3693,17,P21,no,1,-0.8959256908096904,0.10278402491725176,0.10537408848177848,853,930,2026-06-01 14:24:39.104704,5
5462,20,P03,no,10,4.108293544247772,0.6224593312018546,0.555328055262369,3334,3326,2026-06-01 14:24:39.109816,5
6408,21,P03,yes,1,-0.1395033311255247,0.14117613544185983,0.13784165696493572,4110,4176,2026-06-01 14:24:39.123939,5
3694,17,P11,no,1,-0.8933069957296311,0.10537408848177848,0.10802156134341918,853,929,2026-06-01 14:24:39.141374,5
3952,18,P17,yes,1,0.03308693886151559,0.0326445247140918,0.03353319492319511,1375,1496,2026-06-01 14:24:39.142109,5
3695,17,P13,yes,8,0.9549394198322716,0.10802156134341918,0.13137120953080678,861,929,2026-06-01 14:24:39.145594,5
6409,21,P24,no,1,-0.8604966688735658,0.13784165696493572,0.14117613544185983,4110,4175,2026-06-01 14:24:39.156905,5
4155,19,P19,yes,20,2.3466113411946026,0.09066389627358525,0.1480471980316895,1804,1867,2026-06-01 14:24:39.207361,5
4156,19,P19,yes,2,0.3031933467973431,0.1480471980316895,0.15519224623709701,1806,1867,2026-06-01 14:24:39.207362,5
5463,20,P17,yes,2,1.1243451300624656,0.555328055262369,0.5690013325681905,3336,3326,2026-06-01 14:24:39.222046,5
5464,20,P03,yes,2,-1.1243451300624656,0.5690013325681905,0.555328055262369,3334,3326,2026-06-01 14:24:39.223200,5
2075,9,P18,no,13,-5.7382239466064675,0.5138853177460049,0.6026853379784917,1591,1576,2026-06-01 14:24:39.225874,3
4157,19,P19,yes,20,3.928240543179072,0.15519224623709701,0.24252442073717165,1826,1867,2026-06-01 14:24:39.226256,5
1328,8,P10,no,1,-0.4344090108445471,0.5621765008857981,0.5690013325681905,1450,1440,2026-06-01 14:24:39.230505,3
2076,9,P13,no,14,6.227808954068223,0.6026853379784917,0.5069439979482607,1591,1590,2026-06-01 14:24:39.268550,3
4158,19,P05,no,6,4.634061428954055,0.24252442073717165,0.2132315108375271,1826,1873,2026-06-01 14:24:39.281840,5
4159,19,P22,no,5,3.990547905335461,0.2132315108375271,0.19085804424486547,1826,1878,2026-06-01 14:24:39.287416,5
5465,20,P17,yes,10,5.891706455752228,0.555328055262369,0.6224593312018546,3344,3326,2026-06-01 14:24:39.368625,5
3696,17,P24,yes,8,1.1580687103161154,0.13137120953080678,0.15886910488091516,869,929,2026-06-01 14:24:39.372418,5
2077,9,P18,yes,11,5.994230078065129,0.5069439979482607,0.5825702064623147,1602,1590,2026-06-01 14:24:39.416170,3
2078,9,P23,no,1,0.42081238797641163,0.5825702064623147,0.5758000536158003,1602,1591,2026-06-01 14:24:39.416755,3
4160,19,P03,yes,1,0.19301521156126,0.19085804424486547,0.19518467701384015,1827,1878,2026-06-01 14:24:39.417329,5
5466,20,P15,no,1,0.38081192452773394,0.6224593312018546,0.6159095915435134,3344,3327,2026-06-01 14:24:39.429250,5
6410,21,P09,yes,9,1.415324346723537,0.14117613544185983,0.17428532117858547,4119,4175,2026-06-01 14:24:39.437892,5
5467,20,P19,no,15,-5.049966285874234,0.6159095915435134,0.7086608250294356,3344,3312,2026-06-01 14:24:39.451084,5
5468,20,P13,no,1,0.29421771979423283,0.7086608250294356,0.702892745013669,3344,3313,2026-06-01 14:24:39.451808,5
4161,19,P22,no,1,0.80698478843874,0.19518467701384015,0.19085804424486547,1827,1879,2026-06-01 14:24:39.453879,5
5469,20,P10,no,4,1.235521431205143,0.702892745013669,0.679178699175393,3344,3317,2026-06-01 14:24:39.459449,5
2079,9,P12,yes,1,-0.5724029720011004,0.5758000536158003,0.5690013325681905,1601,1591,2026-06-01 14:24:39.496328,3
4162,19,P03,yes,11,2.375390665710256,0.19085804424486547,0.24252442073717165,1838,1879,2026-06-01 14:24:39.504110,5
5470,20,P17,yes,5,-3.319019621215375,0.679178699175393,0.6481942198637447,3339,3317,2026-06-01 14:24:39.504974,5
4163,19,P11,no,1,0.7600148741939847,0.24252442073717165,0.23745802834390253,1838,1880,2026-06-01 14:24:39.519134,5
4164,19,P05,no,1,0.7650446160455431,0.23745802834390253,0.2324649929561242,1838,1881,2026-06-01 14:24:39.520505,5
5471,20,P11,yes,5,-3.1607532439097668,0.6481942198637447,0.6159095915435134,3334,3317,2026-06-01 14:24:39.525190,5
4165,19,P05,no,10,7.910824409710585,0.2324649929561242,0.18660508209316082,1838,1891,2026-06-01 14:24:39.546707,5
1329,8,P09,no,1,0.4344090108445471,0.5690013325681905,0.5621765008857981,1450,1441,2026-06-01 14:24:39.575673,3
3697,17,P05,no,1,0.8429751626782718,0.15886910488091516,0.15519224623709701,869,930,2026-06-01 14:24:39.595098,5
4166,19,P19,yes,11,2.3241309742438716,0.18660508209316082,0.23745802834390253,1849,1891,2026-06-01 14:24:39.615570,5
3698,17,P22,no,6,5.131923087976929,0.15519224623709701,0.13457359546569392,869,936,2026-06-01 14:24:39.616151,5
4167,19,P21,no,5,3.8740465547600706,0.23745802834390253,0.2132315108375271,1849,1896,2026-06-01 14:24:39.618890,5
4168,19,P12,yes,16,-2.8654953189304706,0.2132315108375271,0.1480471980316895,1833,1896,2026-06-01 14:24:39.634776,5
2692,10,P09,yes,1,0.9009930549254932,0.899749509642487,0.9022274001492008,1717,1637,2026-06-01 14:24:39.643456,3
5472,20,P23,no,14,6.0369561070856435,0.6159095915435134,0.520821285372743,3334,3331,2026-06-01 14:24:39.646517,5
4169,19,P11,no,6,5.172352377508105,0.1480471980316895,0.12823373759251924,1833,1902,2026-06-01 14:24:39.650310,5
4170,19,P24,yes,1,0.12979709629485114,0.12823373759251924,0.13137120953080678,1834,1902,2026-06-01 14:24:39.665597,5
2080,9,P09,no,1,-0.42759702799889965,0.5690013325681905,0.5758000536158003,1601,1590,2026-06-01 14:24:39.671957,3
5473,20,P04,yes,10,5.552403699373826,0.520821285372743,0.5893093760914265,3344,3331,2026-06-01 14:24:39.689990,5
3699,17,P12,yes,9,1.3503579983573673,0.13457359546569392,0.16643440755425876,878,936,2026-06-01 14:24:39.691571,5
2081,9,P03,no,11,5.0814854233631195,0.5758000536158003,0.5,1601,1601,2026-06-01 14:24:39.715042,3
5474,20,P19,yes,5,3.0298282690127962,0.5893093760914265,0.6224593312018546,3349,3331,2026-06-01 14:24:39.763563,5
5475,20,P19,yes,3,1.8965467658872512,0.6224593312018546,0.6418340450887311,3352,3331,2026-06-01 14:24:39.775133,5
2082,9,P23,yes,7,3.66987153253217,0.5,0.548458527973277,1608,1601,2026-06-01 14:24:39.779920,3
618,7,P18,yes,1,0.6761423985517467,0.6730961777222321,0.679178699175393,1174,1147,2026-06-01 14:24:39.795967,3
3700,17,P03,no,6,5.068218773676108,0.16643440755425876,0.14457775046587726,878,942,2026-06-01 14:24:39.797709,5
6411,21,P03,yes,1,-0.17229860998031654,0.17428532117858547,0.17032391864384583,4118,4175,2026-06-01 14:24:39.802761,5
3701,17,P19,no,13,11.386823842892682,0.14457775046587726,0.10537408848177848,878,955,2026-06-01 14:24:39.807292,5
4171,19,P22,no,2,1.7435111466536455,0.13137120953080678,0.1251603995749971,1834,1904,2026-06-01 14:24:39.819583,5
5476,20,P23,yes,9,-5.512317507552325,0.6418340450887311,0.5825702064623147,3343,3331,2026-06-01 14:24:39.826180,5
3702,17,P10,yes,9,1.0616324241025268,0.10537408848177848,0.13137120953080678,887,955,2026-06-01 14:24:39.839759,5
3703,17,P19,no,1,0.8702029037053762,0.13137120953080678,0.12823373759251924,887,956,2026-06-01 14:24:39.857950,5
4172,19,P09,yes,1,0.12669175705173075,0.1251603995749971,0.12823373759251924,1835,1904,2026-06-01 14:24:39.866297,5
5477,20,P03,no,8,3.5578248124334095,0.5825702064623147,0.5277492350545132,3343,3339,2026-06-01 14:24:39.874357,5
5478,20,P11,yes,1,0.5312088736441183,0.5277492350545132,0.534666513353404,3344,3339,2026-06-01 14:24:39.882759,5
5479,20,P17,yes,2,1.083135657794628,0.534666513353404,0.548458527973277,3346,3339,2026-06-01 14:24:39.902047,5
5480,20,P10,yes,1,0.5518949420406898,0.548458527973277,0.555328055262369,3347,3339,2026-06-01 14:24:39.925499,5
3082,11,P09,no,1,-0.3423661268516298,0.6545022492518787,0.6607563687658172,1903,1879,2026-06-01 14:24:39.940366,3
6412,21,P17,no,1,0.8316268084481635,0.17032391864384583,0.16643440755425876,4118,4176,2026-06-01 14:24:39.943283,5
5481,20,P24,yes,1,-0.5518949420406898,0.555328055262369,0.548458527973277,3346,3339,2026-06-01 14:24:39.945153,5
5482,20,P13,yes,6,3.4137731287801216,0.548458527973277,0.5893093760914265,3352,3339,2026-06-01 14:24:39.946821,5
3704,17,P17,no,4,-3.4615304895688723,0.12823373759251924,0.14117613544185983,887,952,2026-06-01 14:24:39.952186,5
4173,19,P03,no,1,-0.8702029037051489,0.12823373759251924,0.13137120953080678,1835,1903,2026-06-01 14:24:39.953333,5
3705,17,P03,no,11,9.63638816603111,0.14117613544185983,0.10802156134341918,887,963,2026-06-01 14:24:39.953926,5
4174,19,P19,yes,18,2.944287734675072,0.13137120953080678,0.19958519865373256,1853,1903,2026-06-01 14:24:39.965910,5
2083,9,P18,no,11,-4.5563986022064,0.548458527973277,0.6224593312018546,1608,1590,2026-06-01 14:24:40.022053,3
2084,9,P17,no,1,0.38081192452750656,0.6224593312018546,0.6159095915435134,1608,1591,2026-06-01 14:24:40.044878,3
3706,17,P01,yes,10,1.2241085028425687,0.10802156134341918,0.13784165696493572,897,963,2026-06-01 14:24:40.050656,5
4175,19,P23,yes,1,-0.19737877265060888,0.19958519865373256,0.19518467701384015,1852,1903,2026-06-01 14:24:40.067203,5
4176,19,P04,no,6,4.90478918885583,0.19518467701384015,0.17032391864384583,1852,1909,2026-06-01 14:24:40.074435,5
2085,9,P12,no,1,0.38738299639953766,0.6159095915435134,0.6093175418435606,1608,1592,2026-06-01 14:24:40.078647,3
4177,19,P11,no,12,10.218504752824856,0.17032391864384583,0.12823373759251924,1852,1921,2026-06-01 14:24:40.079829,5
2086,9,P01,no,1,0.3939953052740748,0.6093175418435606,0.6026853379784917,1608,1593,2026-06-01 14:24:40.086116,3
6413,21,P15,yes,11,2.0800208857990583,0.16643440755425876,0.2132315108375271,4129,4176,2026-06-01 14:24:40.099630,5
6414,21,P23,yes,1,-0.21091383191014756,0.2132315108375271,0.20860852732604496,4128,4176,2026-06-01 14:24:40.102469,5
2087,9,P22,no,1,0.4006466663072388,0.6026853379784917,0.5960151933265168,1608,1594,2026-06-01 14:24:40.124882,3
2088,9,P11,no,1,0.4073348384786186,0.5960151933265168,0.5893093760914265,1608,1595,2026-06-01 14:24:40.136698,3
6415,21,P19,yes,13,-2.3513881402232073,0.20860852732604496,0.15519224623709701,4115,4176,2026-06-01 14:24:40.163431,5
6416,21,P09,yes,1,0.15702483732184191,0.15519224623709701,0.15886910488091516,4116,4176,2026-06-01 14:24:40.188947,5
4178,19,P03,yes,2,0.2627640572659402,0.12823373759251924,0.13457359546569392,1854,1921,2026-06-01 14:24:40.190991,5
4179,19,P05,no,3,2.610544185682329,0.13457359546569392,0.1251603995749971,1854,1924,2026-06-01 14:24:40.193085,5
2089,9,P01,no,7,3.0412109301159944,0.5893093760914265,0.5415704832167999,1608,1602,2026-06-01 14:24:40.234236,3
2693,10,P18,no,1,0.0990069450745068,0.9022274001492008,0.899749509642487,1717,1638,2026-06-01 14:24:40.258189,3
619,7,P18,no,1,0.32385760144825326,0.679178699175393,0.6730961777222321,1174,1148,2026-06-01 14:24:40.281645,3
5483,20,P19,no,10,-3.777253907944214,0.5893093760914265,0.6545022492518787,3352,3329,2026-06-01 14:24:40.289120,5
1330,8,P18,no,1,0.4412458590929873,0.5621765008857981,0.555328055262369,1450,1442,2026-06-01 14:24:40.349613,3
6417,21,P17,no,4,3.3934750226890174,0.15886910488091516,0.14457775046587726,4116,4180,2026-06-01 14:24:40.359464,5
6418,21,P15,yes,1,0.14630679319179762,0.14457775046587726,0.1480471980316895,4117,4180,2026-06-01 14:24:40.364436,5
1331,8,P09,no,1,-0.4412458590929873,0.555328055262369,0.5621765008857981,1450,1441,2026-06-01 14:24:40.367880,3
5484,20,P21,no,1,0.3486473453945109,0.6545022492518787,0.6481942198637447,3352,3330,2026-06-01 14:24:40.373158,5
5485,20,P12,no,6,2.2266297524902257,0.6481942198637447,0.6093175418435606,3352,3336,2026-06-01 14:24:40.383527,5
1332,8,P18,yes,1,0.5655909891554529,0.5621765008857981,0.5690013325681905,1451,1441,2026-06-01 14:24:40.396310,3
4180,19,P19,yes,17,2.621657169469927,0.1251603995749971,0.18660508209316082,1871,1924,2026-06-01 14:24:40.469643,5
4181,19,P03,yes,10,2.0891755902891873,0.18660508209316082,0.2324649929561242,1881,1924,2026-06-01 14:24:40.492533,5
3083,11,P09,no,1,0.3423661268516298,0.6607563687658172,0.6545022492518787,1903,1880,2026-06-01 14:24:40.535248,3
2090,9,P18,yes,1,0.5450159411034292,0.5415704832167999,0.548458527973277,1609,1602,2026-06-01 14:24:40.535950,3
6419,21,P01,yes,6,0.9538476246834762,0.1480471980316895,0.17032391864384583,4123,4180,2026-06-01 14:24:40.572443,5
4182,19,P10,no,9,7.099549844050443,0.2324649929561242,0.19085804424486547,1881,1933,2026-06-01 14:24:40.618350,5
5486,20,P03,no,2,0.7946419715813136,0.6093175418435606,0.5960151933265168,3352,3338,2026-06-01 14:24:40.637418,5
4183,19,P13,no,1,0.8112745656603693,0.19085804424486547,0.18660508209316082,1881,1934,2026-06-01 14:24:40.665555,5
5487,20,P17,yes,1,0.5993533336927612,0.5960151933265168,0.6026853379784917,3353,3338,2026-06-01 14:24:40.689308,5
5488,20,P19,yes,4,2.4635255580665216,0.6026853379784917,0.6289646649499733,3357,3338,2026-06-01 14:24:40.698850,5
4184,19,P19,yes,12,2.564116100049887,0.18660508209316082,0.24252442073717165,1893,1934,2026-06-01 14:24:40.699515,5
4185,19,P03,yes,1,0.2450880457583935,0.24252442073717165,0.2476638011390716,1894,1934,2026-06-01 14:24:40.710265,5
3707,17,P03,no,9,7.885261043574587,0.13784165696493572,0.1107273179723682,897,972,2026-06-01 14:24:40.715786,5
3708,17,P03,no,1,0.890630453582844,0.1107273179723682,0.10802156134341918,897,973,2026-06-01 14:24:40.741765,5
5489,20,P10,no,3,1.1424791366589488,0.6289646649499733,0.6093175418435606,3357,3341,2026-06-01 14:24:40.756043,5
4186,19,P01,no,1,0.7549119542418339,0.2476638011390716,0.24252442073717165,1894,1935,2026-06-01 14:24:40.766907,5
4187,19,P13,no,1,0.7600148741937574,0.24252442073717165,0.23745802834390253,1894,1936,2026-06-01 14:24:40.779397,5
3084,11,P09,no,1,-0.3423661268516298,0.6545022492518787,0.6607563687658172,1903,1879,2026-06-01 14:24:40.804523,3
4188,19,P20,no,1,0.7650446160455431,0.23745802834390253,0.2324649929561242,1894,1937,2026-06-01 14:24:40.820435,5
3709,17,P20,no,1,-0.890630453582844,0.10802156134341918,0.1107273179723682,897,972,2026-06-01 14:24:40.839144,5
4189,19,P11,yes,1,-0.2299991558866168,0.2324649929561242,0.22754561719281613,1893,1937,2026-06-01 14:24:40.840085,5
5490,20,P17,yes,7,4.424722902115263,0.6093175418435606,0.6545022492518787,3364,3341,2026-06-01 14:24:40.868611,5
3710,17,P04,yes,13,1.6932308371822273,0.1107273179723682,0.1515851487892869,910,972,2026-06-01 14:24:40.889374,5
3711,17,P05,no,12,10.418873969505057,0.1515851487892869,0.11349222580422871,910,984,2026-06-01 14:24:40.892080,5
4190,19,P10,no,1,0.7748832883330579,0.22754561719281613,0.22270013882530884,1893,1938,2026-06-01 14:24:40.894918,5
4191,19,P11,no,1,0.7796917426899199,0.22270013882530884,0.21792873238451507,1893,1939,2026-06-01 14:24:40.924467,5
3085,11,P09,yes,1,0.6638603292087737,0.6607563687658172,0.6669548851735586,1904,1879,2026-06-01 14:24:40.936000,3
3712,17,P03,no,2,1.7785256468955595,0.11349222580422871,0.10802156134341918,910,986,2026-06-01 14:24:40.958287,5
3713,17,P20,yes,1,0.10936954641715602,0.10802156134341918,0.1107273179723682,911,986,2026-06-01 14:24:40.974020,5
5491,20,P24,no,5,1.807082176957465,0.6545022492518787,0.6224593312018546,3364,3346,2026-06-01 14:24:41.005219,5
5492,20,P03,no,3,1.1621902262013464,0.6224593312018546,0.6026853379784917,3364,3349,2026-06-01 14:24:41.019981,5
3714,17,P04,yes,1,0.1121048066873982,0.1107273179723682,0.11349222580422871,912,986,2026-06-01 14:24:41.022957,5
2091,9,P09,yes,1,0.5518949420411445,0.548458527973277,0.555328055262369,1610,1602,2026-06-01 14:24:41.027641,3
2092,9,P18,yes,1,0.5587541409070127,0.555328055262369,0.5621765008857981,1611,1602,2026-06-01 14:24:41.053463,3
5493,20,P15,yes,9,5.688361469989559,0.6026853379784917,0.6607563687658172,3373,3349,2026-06-01 14:24:41.059438,5
4192,19,P14,no,2,1.5735122316682464,0.21792873238451507,0.20860852732604496,1893,1941,2026-06-01 14:24:41.061093,5
5494,20,P20,no,4,1.4073621531788376,0.6607563687658172,0.6354235592583607,3373,3353,2026-06-01 14:24:41.097961,5
4193,19,P21,yes,4,-0.7985382627543913,0.20860852732604496,0.19085804424486547,1889,1941,2026-06-01 14:24:41.106797,5
4194,19,P19,yes,1,0.19301521156126,0.19085804424486547,0.19518467701384015,1890,1941,2026-06-01 14:24:41.124399,5
3715,17,P11,no,3,-2.646673941200106,0.11349222580422871,0.122150398495942,912,983,2026-06-01 14:24:41.125118,5
5495,20,P23,no,11,4.409133835785269,0.6354235592583607,0.5621765008857981,3373,3364,2026-06-01 14:24:41.139638,5
2093,9,P09,yes,1,0.5655909891554529,0.5621765008857981,0.5690013325681905,1612,1602,2026-06-01 14:24:41.141592,3
3716,17,P05,no,1,0.8793285159008519,0.122150398495942,0.11920292202211755,912,984,2026-06-01 14:24:41.160483,5
5496,20,P19,yes,2,1.1379939611560985,0.5621765008857981,0.5758000536158003,3375,3364,2026-06-01 14:24:41.162574,5
1333,8,P09,yes,3,1.7375330566769662,0.5690013325681905,0.5893093760914265,1454,1441,2026-06-01 14:24:41.176228,3
4195,19,P13,no,1,0.80698478843874,0.19518467701384015,0.19085804424486547,1890,1942,2026-06-01 14:24:41.182870,5
4196,19,P17,no,2,1.6267653673417044,0.19085804424486547,0.18242552380635632,1890,1944,2026-06-01 14:24:41.215633,5
3717,17,P04,yes,12,1.658879202343087,0.11920292202211755,0.15886910488091516,924,984,2026-06-01 14:24:41.228002,5
3953,18,P09,yes,3,0.10475756888376964,0.03353319492319511,0.03634146014678239,1378,1496,2026-06-01 14:24:41.241104,5
1334,8,P10,no,4,-1.5893598064594698,0.5893093760914265,0.6159095915435134,1454,1437,2026-06-01 14:24:41.248018,3
3718,17,P09,no,9,7.712134193389261,0.15886910488091516,0.12823373759251924,924,993,2026-06-01 14:24:41.282187,5
4197,19,P05,no,1,0.8196337866816066,0.18242552380635632,0.17831905610769247,1890,1945,2026-06-01 14:24:41.324025,5
1335,8,P18,yes,1,-0.6126170036004623,0.6159095915435134,0.6093175418435606,1453,1437,2026-06-01 14:24:41.371092,3
1336,8,P18,no,1,0.3939953052740748,0.6093175418435606,0.6026853379784917,1453,1438,2026-06-01 14:24:41.380653,3
2094,9,P18,yes,3,1.7375330566769662,0.5690013325681905,0.5893093760914265,1615,1602,2026-06-01 14:24:41.384602,3
2095,9,P21,no,1,0.41405752734794987,0.5893093760914265,0.5825702064623147,1615,1603,2026-06-01 14:24:41.386816,3
6420,21,P09,no,3,2.506370559435709,0.17032391864384583,0.15886910488091516,4123,4183,2026-06-01 14:24:41.391437,5
2096,9,P18,yes,1,0.5859424726520501,0.5825702064623147,0.5893093760914265,1616,1603,2026-06-01 14:24:41.406355,3
2097,9,P18,yes,5,-2.861878186739432,0.5893093760914265,0.555328055262369,1611,1603,2026-06-01 14:24:41.434055,3
3719,17,P19,no,8,7.068164672192211,0.12823373759251924,0.10537408848177848,924,1001,2026-06-01 14:24:41.434584,5
4198,19,P19,yes,1,0.18036621331839342,0.17831905610769247,0.18242552380635632,1891,1945,2026-06-01 14:24:41.462530,5
3720,17,P05,no,5,4.504689277364832,0.10537408848177848,0.09298019452229982,924,1006,2026-06-01 14:24:41.498829,5
5497,20,P15,no,3,1.3032518979366614,0.5758000536158003,0.555328055262369,3375,3367,2026-06-01 14:24:41.508669,5
3721,17,P22,no,11,10.1077395568077,0.09298019452229982,0.0702187918305528,924,1017,2026-06-01 14:24:41.531182,5
3722,17,P20,yes,1,0.07113282368129603,0.0702187918305528,0.07205414361856403,925,1017,2026-06-01 14:24:41.564456,5
3723,17,P03,no,1,0.928867176318704,0.07205414361856403,0.0702187918305528,925,1018,2026-06-01 14:24:41.637620,5
4199,19,P19,yes,1,0.18450919831866486,0.18242552380635632,0.18660508209316082,1892,1945,2026-06-01 14:24:41.647810,5
3724,17,P19,no,12,11.276198448292917,0.0702187918305528,0.05133579311531625,925,1030,2026-06-01 14:24:41.696217,5
5498,20,P24,no,1,0.4481050579593102,0.555328055262369,0.548458527973277,3375,3368,2026-06-01 14:24:41.699898,5
5499,20,P03,yes,1,-0.545015941103884,0.548458527973277,0.5415704832167999,3374,3368,2026-06-01 14:24:41.713435,5
3725,17,P08,yes,5,0.27431084147110596,0.05133579311531625,0.05853690287436789,930,1030,2026-06-01 14:24:41.719350,5
5500,20,P12,yes,1,0.545015941103884,0.5415704832167999,0.548458527973277,3375,3368,2026-06-01 14:24:41.730886,5
1337,8,P10,yes,3,1.837809773798881,0.6026853379784917,0.6224593312018546,1456,1438,2026-06-01 14:24:41.769199,3
5501,20,P21,no,10,-4.175586677679348,0.548458527973277,0.6159095915435134,3375,3358,2026-06-01 14:24:41.770229,5
1338,8,P20,no,1,0.38081192452750656,0.6224593312018546,0.6159095915435134,1456,1439,2026-06-01 14:24:41.775846,3
3726,17,P11,yes,11,0.7453453718062519,0.05853690287436789,0.07782859364011989,941,1030,2026-06-01 14:24:41.790598,5
1339,8,P09,yes,1,-0.6126170036004623,0.6159095915435134,0.6093175418435606,1455,1439,2026-06-01 14:24:41.835026,3
5502,20,P17,yes,1,0.6191880754722661,0.6159095915435134,0.6224593312018546,3376,3358,2026-06-01 14:24:41.852383,5
5503,20,P10,no,1,0.38081192452773394,0.6224593312018546,0.6159095915435134,3376,3359,2026-06-01 14:24:41.855593,5
3727,17,P22,yes,12,1.0917165042571924,0.07782859364011989,0.10537408848177848,953,1030,2026-06-01 14:24:41.874649,5
1340,8,P12,yes,12,-6.826140850158936,0.6093175418435606,0.5277492350545132,1443,1439,2026-06-01 14:24:41.887281,3
3728,17,P03,no,1,0.8959256908096904,0.10537408848177848,0.10278402491725176,953,1031,2026-06-01 14:24:41.895729,5
4200,19,P22,no,4,3.2865298347567204,0.18660508209316082,0.17032391864384583,1892,1949,2026-06-01 14:24:41.896626,5
2694,10,P18,no,1,0.10151258369751304,0.899749509642487,0.8972159750827483,1717,1639,2026-06-01 14:24:41.931986,3
3729,17,P22,yes,5,-0.4830540817044948,0.10278402491725176,0.09066389627358525,948,1031,2026-06-01 14:24:41.946888,5
3730,17,P12,no,1,-0.9081823317403632,0.09066389627358525,0.09298019452229982,948,1030,2026-06-01 14:24:41.994777,5
1341,8,P11,yes,1,0.5312088736441183,0.5277492350545132,0.534666513353404,1444,1439,2026-06-01 14:24:42.039635,3
1342,8,P09,yes,1,-0.5312088736441183,0.534666513353404,0.5277492350545132,1443,1439,2026-06-01 14:24:42.061014,3
6421,21,P24,yes,1,0.16073682108344656,0.15886910488091516,0.16261630836153196,4124,4183,2026-06-01 14:24:42.099534,5
6422,21,P09,no,1,0.8392631789174629,0.16261630836153196,0.15886910488091516,4124,4184,2026-06-01 14:24:42.104293,5
4201,19,P24,yes,1,0.17229860997963442,0.17032391864384583,0.17428532117858547,1893,1949,2026-06-01 14:24:42.145385,5
5504,20,P24,no,7,2.851826749782049,0.6159095915435134,0.5690013325681905,3376,3366,2026-06-01 14:24:42.148923,5
5505,20,P19,yes,1,0.5724029720013277,0.5690013325681905,0.5758000536158003,3377,3366,2026-06-01 14:24:42.154530,5
3731,17,P24,no,3,-2.710276170252655,0.09298019452229982,0.10025049035751298,948,1027,2026-06-01 14:24:42.162542,5
2098,9,P09,no,1,0.44810505795885547,0.555328055262369,0.548458527973277,1611,1604,2026-06-01 14:24:42.167322,3
3732,17,P22,yes,1,-0.0990069450745068,0.10025049035751298,0.09777259985079932,947,1027,2026-06-01 14:24:42.189976,5
1343,8,P19,yes,9,5.028117660218868,0.5277492350545132,0.5893093760914265,1452,1439,2026-06-01 14:24:42.192650,3
4202,19,P14,no,12,10.176003239140073,0.17428532117858547,0.13137120953080678,1893,1961,2026-06-01 14:24:42.218338,5
4203,19,P09,yes,1,0.1329669609715438,0.13137120953080678,0.13457359546569392,1894,1961,2026-06-01 14:24:42.221926,5
4204,19,P19,yes,1,0.1362021220384122,0.13457359546569392,0.13784165696493572,1895,1961,2026-06-01 14:24:42.232591,5
5506,20,P19,no,4,-1.6428514201097641,0.5758000536158003,0.6026853379784917,3377,3362,2026-06-01 14:24:42.240686,5
5507,20,P17,no,8,3.3942083760057358,0.6026853379784917,0.548458527973277,3377,3370,2026-06-01 14:24:42.242322,5
3733,17,P19,no,7,6.3725847460748355,0.09777259985079932,0.08191057715532518,947,1034,2026-06-01 14:24:42.263073,5
3734,17,P23,yes,1,0.082963162267788,0.08191057715532518,0.084023907816312,948,1034,2026-06-01 14:24:42.286640,5
2099,9,P18,yes,3,1.6762400721036101,0.548458527973277,0.5690013325681905,1614,1604,2026-06-01 14:24:42.289400,3
3735,17,P11,yes,1,0.08510112210615262,0.084023907816312,0.08618664479793421,949,1034,2026-06-01 14:24:42.303638,5
3736,17,P22,no,4,3.672228303256361,0.08618664479793421,0.07782859364011989,949,1038,2026-06-01 14:24:42.325734,5
1344,8,P10,no,1,-0.40733483847839125,0.5893093760914265,0.5960151933265168,1452,1438,2026-06-01 14:24:42.326681,3
4205,19,P22,no,1,0.8637978779613604,0.13784165696493572,0.13457359546569392,1895,1962,2026-06-01 14:24:42.336890,5
5508,20,P09,yes,11,6.443601397792918,0.548458527973277,0.6224593312018546,3388,3370,2026-06-01 14:24:42.358172,5
5509,20,P04,no,11,4.556398602207082,0.6224593312018546,0.548458527973277,3388,3381,2026-06-01 14:24:42.359699,5
3737,17,P14,yes,6,0.504588113362388,0.07782859364011989,0.09066389627358525,955,1038,2026-06-01 14:24:42.384101,5
5510,20,P19,yes,3,1.6762400721031554,0.548458527973277,0.5690013325681905,3391,3381,2026-06-01 14:24:42.395068,5
4206,19,P19,yes,11,1.6910297998888382,0.13457359546569392,0.17428532117858547,1906,1962,2026-06-01 14:24:42.397951,5
6423,21,P19,yes,7,-1.0251017493446852,0.15886910488091516,0.13457359546569392,4117,4184,2026-06-01 14:24:42.400654,5
6424,21,P24,no,4,-3.4351164347754093,0.13457359546569392,0.1480471980316895,4117,4180,2026-06-01 14:24:42.413517,5
4207,19,P19,yes,3,0.5411715552634178,0.17428532117858547,0.18660508209316082,1909,1962,2026-06-01 14:24:42.427018,5
1345,8,P18,no,1,0.40733483847839125,0.5960151933265168,0.5893093760914265,1452,1439,2026-06-01 14:24:42.442286,3
4208,19,P14,yes,1,-0.18450919831866486,0.18660508209316082,0.18242552380635632,1908,1962,2026-06-01 14:24:42.461944,5
3738,17,P03,no,1,0.9104725159897953,0.09066389627358525,0.08839967720705841,955,1039,2026-06-01 14:24:42.471694,5
5511,20,P09,no,1,0.43440901084477446,0.5690013325681905,0.5621765008857981,3391,3382,2026-06-01 14:24:42.493424,5
6425,21,P15,yes,1,0.14981043757052248,0.1480471980316895,0.1515851487892869,4118,4180,2026-06-01 14:24:42.515441,5
1346,8,P09,no,3,-1.2019768100599322,0.5893093760914265,0.6093175418435606,1452,1436,2026-06-01 14:24:42.531415,3
3739,17,P10,yes,1,0.08952748401020472,0.08839967720705841,0.09066389627358525,956,1039,2026-06-01 14:24:42.533098,5
6426,21,P03,yes,3,-0.4389885496302668,0.1515851487892869,0.14117613544185983,4115,4180,2026-06-01 14:24:42.614281,5
5512,20,P02,yes,1,0.5655909891552255,0.5621765008857981,0.5690013325681905,3392,3382,2026-06-01 14:24:42.633330,5
2100,9,P09,no,15,7.240624270101989,0.5690013325681905,0.46533348664659613,1614,1619,2026-06-01 14:24:42.639539,3
2101,9,P09,yes,3,-1.3649694001644548,0.46533348664659613,0.444671944737631,1611,1619,2026-06-01 14:24:42.647672,3
1347,8,P01,no,5,2.0368467253842937,0.6093175418435606,0.5758000536158003,1452,1441,2026-06-01 14:24:42.648916,3
3086,11,P10,yes,1,-0.6638603292087737,0.6669548851735586,0.6607563687658172,1903,1879,2026-06-01 14:24:42.674576,3
3740,17,P04,yes,9,0.9152957482695001,0.09066389627358525,0.11349222580422871,965,1039,2026-06-01 14:24:42.688129,5
2102,9,P15,yes,1,0.44810505795885547,0.444671944737631,0.4515414720267231,1612,1619,2026-06-01 14:24:42.704910,3
2103,9,P19,yes,1,0.4549840588965708,0.4515414720267231,0.45842951678320015,1613,1619,2026-06-01 14:24:42.713797,3
5513,20,P17,yes,1,0.572402972000873,0.5690013325681905,0.5758000536158003,3393,3382,2026-06-01 14:24:42.717817,5
3954,18,P09,yes,4,0.1534219382936044,0.03634146014678239,0.04043956481800324,1382,1496,2026-06-01 14:24:42.731100,5
4209,19,P02,yes,1,-0.18036621331839342,0.18242552380635632,0.17831905610769247,1907,1962,2026-06-01 14:24:42.740345,5
2104,9,P23,yes,6,2.875144408571259,0.45842951678320015,0.5,1619,1619,2026-06-01 14:24:42.777030,3
2105,9,P20,no,1,-0.4965278894046605,0.5,0.5069439979482607,1619,1618,2026-06-01 14:24:42.779721,3
3087,11,P09,no,2,-0.6661093050900035,0.6607563687658172,0.6730961777222321,1903,1877,2026-06-01 14:24:42.795228,3
3741,17,P02,yes,1,0.114899648474875,0.11349222580422871,0.11631714397765597,966,1039,2026-06-01 14:24:42.801148,5
3742,17,P02,yes,1,0.1177549262258708,0.11631714397765597,0.11920292202211755,967,1039,2026-06-01 14:24:42.866153,5
5514,20,P03,no,1,0.427597027999127,0.5758000536158003,0.5690013325681905,3393,3383,2026-06-01 14:24:42.875438,5
5515,20,P09,yes,1,0.5724029720013277,0.5690013325681905,0.5758000536158003,3394,3383,2026-06-01 14:24:42.884797,5
4210,19,P04,yes,8,-1.30244237828947,0.17831905610769247,0.1480471980316895,1899,1962,2026-06-01 14:24:42.893202,5
4211,19,P22,no,1,0.8536932068077476,0.1480471980316895,0.14457775046587726,1899,1963,2026-06-01 14:24:42.907246,5
4212,19,P22,no,1,0.8571286811315986,0.14457775046587726,0.14117613544185983,1899,1964,2026-06-01 14:24:42.925273,5
6427,21,P09,yes,1,0.14287131886794668,0.14117613544185983,0.14457775046587726,4116,4180,2026-06-01 14:24:42.946220,5
3743,17,P19,no,10,8.94386734528939,0.11920292202211755,0.09298019452229982,967,1049,2026-06-01 14:24:42.954050,5
1348,8,P10,yes,1,0.5791876120235884,0.5758000536158003,0.5825702064623147,1453,1441,2026-06-01 14:24:43.033816,3
4213,19,P22,no,1,0.8604966688737932,0.14117613544185983,0.13784165696493572,1899,1965,2026-06-01 14:24:43.038583,5
3744,17,P19,no,1,0.9081823317403632,0.09298019452229982,0.09066389627358525,967,1050,2026-06-01 14:24:43.042712,5
3745,17,P10,yes,1,0.09181766825963678,0.09066389627358525,0.09298019452229982,968,1050,2026-06-01 14:24:43.051129,5
5516,20,P03,yes,11,-5.9185145766368805,0.5758000536158003,0.5,3383,3383,2026-06-01 14:24:43.057234,5
4214,19,P03,yes,13,2.095999233113389,0.13784165696493572,0.18660508209316082,1912,1965,2026-06-01 14:24:43.067058,5
2106,9,P11,yes,6,3.1663994219368305,0.5069439979482607,0.548458527973277,1625,1618,2026-06-01 14:24:43.067925,3
5517,20,P18,yes,4,2.0555270010931963,0.5,0.5277492350545132,3387,3383,2026-06-01 14:24:43.074342,5
5518,20,P14,no,1,-0.46879112635542697,0.5277492350545132,0.534666513353404,3387,3382,2026-06-01 14:24:43.076701,5
5519,20,P24,yes,1,0.5381197166907441,0.534666513353404,0.5415704832167999,3388,3382,2026-06-01 14:24:43.080511,5
4215,19,P09,yes,18,4.113717339842879,0.18660508209316082,0.2744377878410785,1930,1965,2026-06-01 14:24:43.087633,5
4216,19,P03,yes,3,0.8485125235963551,0.2744377878410785,0.29133917497056444,1933,1965,2026-06-01 14:24:43.105129,5
5520,20,P13,yes,1,0.545015941103884,0.5415704832167999,0.548458527973277,3389,3382,2026-06-01 14:24:43.124715,5
4217,19,P15,no,12,8.896946570963337,0.29133917497056444,0.22754561719281613,1933,1977,2026-06-01 14:24:43.129669,5
3088,11,P09,no,2,-0.6416626838040429,0.6730961777222321,0.6852009766653157,1903,1875,2026-06-01 14:24:43.130581,3
3089,11,P09,yes,2,1.3823022358506023,0.6852009766653157,0.6970592839654074,1905,1875,2026-06-01 14:24:43.131691,3
4218,19,P10,yes,1,-0.22511671166694214,0.22754561719281613,0.22270013882530884,1932,1977,2026-06-01 14:24:43.152132,5
3746,17,P22,yes,1,-0.09181766825963678,0.09298019452229982,0.09066389627358525,967,1050,2026-06-01 14:24:43.162956,5
5521,20,P21,no,3,-1.3237599278968446,0.548458527973277,0.5690013325681905,3389,3379,2026-06-01 14:24:43.175535,5
6428,21,P03,no,1,0.8571286811311438,0.14457775046587726,0.14117613544185983,4116,4181,2026-06-01 14:24:43.177931,5
3747,17,P12,yes,1,0.09181766825963678,0.09066389627358525,0.09298019452229982,968,1050,2026-06-01 14:24:43.181035,5
3748,17,P14,yes,10,1.0561326547106091,0.09298019452229982,0.11920292202211755,978,1050,2026-06-01 14:24:43.183127,5
2107,9,P18,no,9,-3.788203681279356,0.548458527973277,0.6093175418435606,1625,1609,2026-06-01 14:24:43.183187,3
2108,9,P23,no,1,0.3939953052740748,0.6093175418435606,0.6026853379784917,1625,1610,2026-06-01 14:24:43.197078,3
3749,17,P19,no,9,8.038027723455798,0.11920292202211755,0.0953494648991095,978,1059,2026-06-01 14:24:43.199324,5
4219,19,P22,no,2,1.5641178062685412,0.22270013882530884,0.2132315108375271,1932,1979,2026-06-01 14:24:43.199959,5
4220,19,P02,yes,1,-0.21091383191014756,0.2132315108375271,0.20860852732604496,1931,1979,2026-06-01 14:24:43.213055,5
4221,19,P13,yes,7,-1.3521391087310803,0.20860852732604496,0.17831905610769247,1924,1979,2026-06-01 14:24:43.213716,5
4222,19,P19,yes,10,1.998935134372914,0.17831905610769247,0.22270013882530884,1934,1979,2026-06-01 14:24:43.215980,5
6429,21,P03,yes,7,-0.9094829061632481,0.14117613544185983,0.11920292202211755,4109,4181,2026-06-01 14:24:43.240326,5
4223,19,P19,yes,3,0.6900712515080158,0.22270013882530884,0.23745802834390253,1937,1979,2026-06-01 14:24:43.244904,5
6430,21,P14,no,12,-10.341120797656004,0.11920292202211755,0.15886910488091516,4109,4169,2026-06-01 14:24:43.252480,5
4224,19,P08,no,1,0.7650446160455431,0.23745802834390253,0.2324649929561242,1937,1980,2026-06-01 14:24:43.254497,5
2109,9,P17,no,13,5.738223946606922,0.6026853379784917,0.5138853177460049,1625,1623,2026-06-01 14:24:43.254720,3
6431,21,P09,no,6,-4.977409592512231,0.15886910488091516,0.18242552380635632,4109,4163,2026-06-01 14:24:43.274967,5
3750,17,P03,no,1,0.9058396218335929,0.0953494648991095,0.09298019452229982,978,1060,2026-06-01 14:24:43.304945,5
5522,20,P19,no,11,-4.336091908423441,0.5690013325681905,0.6418340450887311,3389,3368,2026-06-01 14:24:43.353759,5
2110,9,P13,yes,1,0.517353858804654,0.5138853177460049,0.520821285372743,1626,1623,2026-06-01 14:24:43.364448,3
5523,20,P04,no,1,0.3613670834829463,0.6418340450887311,0.6354235592583607,3389,3369,2026-06-01 14:24:43.392733,5
4225,19,P04,no,13,10.369652854447395,0.2324649929561242,0.17428532117858547,1937,1993,2026-06-01 14:24:43.415279,5
5524,20,P08,no,1,0.36780193489857993,0.6354235592583607,0.6289646649499733,3389,3370,2026-06-01 14:24:43.444351,5
5525,20,P11,no,9,3.606922890041915,0.6289646649499733,0.5690013325681905,3389,3379,2026-06-01 14:24:43.476668,5
3751,17,P19,no,1,0.9081823317403632,0.09298019452229982,0.09066389627358525,978,1061,2026-06-01 14:24:43.479824,5
4226,19,P03,no,1,-0.8237038563738679,0.17428532117858547,0.17831905610769247,1937,1992,2026-06-01 14:24:43.527372,5
4227,19,P24,yes,1,0.1803662133186208,0.17831905610769247,0.18242552380635632,1938,1992,2026-06-01 14:24:43.545653,5
5526,20,P03,yes,15,-7.7593757298977835,0.5690013325681905,0.46533348664659613,3374,3379,2026-06-01 14:24:43.555103,5
3090,11,P18,yes,4,2.834466055546727,0.6970592839654074,0.7199965396446176,1909,1875,2026-06-01 14:24:43.556897,3
5527,20,P12,yes,2,0.9445050872009233,0.46533348664659613,0.4791787146272571,3376,3379,2026-06-01 14:24:43.568498,5
5528,20,P24,no,17,-7.854931139104792,0.4791787146272571,0.5960151933265168,3376,3362,2026-06-01 14:24:43.582621,5
5529,20,P24,no,1,0.4073348384786186,0.5960151933265168,0.5893093760914265,3376,3363,2026-06-01 14:24:43.587377,5
4228,19,P19,no,1,-0.8154908016815625,0.18242552380635632,0.18660508209316082,1938,1991,2026-06-01 14:24:43.588013,5
3091,11,P11,no,1,0.28281485045226873,0.7199965396446176,0.7143624294910559,1909,1876,2026-06-01 14:24:43.594948,3
6432,21,P03,no,1,0.8196337866820613,0.18242552380635632,0.17831905610769247,4109,4164,2026-06-01 14:24:43.613044,5
4229,19,P24,yes,11,2.3241309742438716,0.18660508209316082,0.23745802834390253,1949,1991,2026-06-01 14:24:43.616979,5
4230,19,P22,no,1,0.7650446160455431,0.23745802834390253,0.2324649929561242,1949,1992,2026-06-01 14:24:43.620755,5
620,7,P09,no,1,-0.32385760144825326,0.6730961777222321,0.679178699175393,1174,1147,2026-06-01 14:24:43.625430,3
1349,8,P09,yes,3,1.77796096786642,0.5825702064623147,0.6026853379784917,1456,1441,2026-06-01 14:24:43.629703,3
1350,8,P18,yes,2,-1.19201849521437,0.6026853379784917,0.5893093760914265,1454,1441,2026-06-01 14:24:43.630473,3
4231,19,P04,yes,10,-2.0891755902894147,0.2324649929561242,0.18660508209316082,1939,1992,2026-06-01 14:24:43.634175,5
5530,20,P17,no,5,-1.9701717309872038,0.5893093760914265,0.6224593312018546,3376,3358,2026-06-01 14:24:43.651865,5
6433,21,P09,yes,2,0.36487541163660353,0.17831905610769247,0.18660508209316082,4111,4164,2026-06-01 14:24:43.652958,5
5531,20,P21,no,1,0.38081192452773394,0.6224593312018546,0.6159095915435134,3376,3359,2026-06-01 14:24:43.661992,5
5532,20,P12,no,14,6.036956107085189,0.6159095915435134,0.520821285372743,3376,3373,2026-06-01 14:24:43.663104,5
6434,21,P03,yes,1,-0.18450919831775536,0.18660508209316082,0.18242552380635632,4110,4164,2026-06-01 14:24:43.666784,5
3752,17,P03,no,1,0.9104725159897953,0.09066389627358525,0.08839967720705841,978,1062,2026-06-01 14:24:43.666960,5
3092,11,P22,no,2,0.5827005093012758,0.7143624294910559,0.702892745013669,1909,1878,2026-06-01 14:24:43.667330,3
1351,8,P18,no,1,0.41405752734794987,0.5893093760914265,0.5825702064623147,1454,1442,2026-06-01 14:24:43.688170,3
4232,19,P22,no,7,5.792900394192657,0.18660508209316082,0.15886910488091516,1939,1999,2026-06-01 14:24:43.690891,5
6435,21,P03,yes,1,-0.18036621331884817,0.18242552380635632,0.17831905610769247,4109,4164,2026-06-01 14:24:43.699794,5
4233,19,P17,no,6,5.111100372693727,0.15886910488091516,0.13784165696493572,1939,2005,2026-06-01 14:24:43.722632,5
5533,20,P19,yes,6,3.2492796535420894,0.520821285372743,0.5621765008857981,3382,3373,2026-06-01 14:24:43.728125,5
6436,21,P03,yes,6,-0.9992490314916722,0.17831905610769247,0.15519224623709701,4103,4164,2026-06-01 14:24:43.732269,5
4234,19,P19,yes,5,0.7318747899844311,0.13784165696493572,0.15519224623709701,1944,2005,2026-06-01 14:24:43.755158,5
621,7,P18,yes,3,2.0644971534948127,0.679178699175393,0.6970592839654074,1177,1147,2026-06-01 14:24:43.769499,3
5534,20,P09,no,1,0.44124585909275993,0.5621765008857981,0.555328055262369,3382,3374,2026-06-01 14:24:43.816243,5
6437,21,P03,no,1,0.8466170907722699,0.15519224623709701,0.1515851487892869,4103,4165,2026-06-01 14:24:43.831437,5
3753,17,P19,no,10,9.219765515024392,0.08839967720705841,0.06842674250359211,978,1072,2026-06-01 14:24:43.849319,5
2111,9,P09,yes,1,-0.517353858804654,0.520821285372743,0.5138853177460049,1625,1623,2026-06-01 14:24:43.858254,3
5535,20,P19,no,1,-0.44124585909275993,0.555328055262369,0.5621765008857981,3382,3373,2026-06-01 14:24:43.887852,5
3754,17,P22,no,7,6.5620507776022805,0.06842674250359211,0.0570247014210931,978,1079,2026-06-01 14:24:43.916031,5
3755,17,P01,yes,1,0.05777770621466516,0.0570247014210931,0.05853690287436789,979,1079,2026-06-01 14:24:43.934530,5
5536,20,P19,yes,2,1.1379939611560985,0.5621765008857981,0.5758000536158003,3384,3373,2026-06-01 14:24:43.964689,5
1352,8,P10,no,1,-0.41405752734794987,0.5825702064623147,0.5893093760914265,1454,1441,2026-06-01 14:24:43.978721,3
4235,19,P03,yes,10,1.745865089030076,0.15519224623709701,0.19518467701384015,1954,2005,2026-06-01 14:24:43.978950,5
1353,8,P09,yes,1,0.5926651615213814,0.5893093760914265,0.5960151933265168,1455,1441,2026-06-01 14:24:43.981689,3
5537,20,P15,no,11,-4.26347647787361,0.5758000536158003,0.6481942198637447,3384,3362,2026-06-01 14:24:44.017263,5
5538,20,P11,no,1,0.35498159744975055,0.6481942198637447,0.6418340450887311,3384,3363,2026-06-01 14:24:44.035153,5
5539,20,P04,no,1,0.3613670834824916,0.6418340450887311,0.6354235592583607,3384,3364,2026-06-01 14:24:44.035626,5
5540,20,P15,yes,4,-2.4897189284424712,0.6354235592583607,0.6093175418435606,3380,3364,2026-06-01 14:24:44.058110,5
5541,20,P19,no,12,-4.2254152136301855,0.6093175418435606,0.6852009766653157,3380,3352,2026-06-01 14:24:44.074724,5
5542,20,P02,no,5,1.6501381157454489,0.6852009766653157,0.6545022492518787,3380,3357,2026-06-01 14:24:44.082668,5
4236,19,P09,no,1,-0.8026212273491637,0.19518467701384015,0.19958519865373256,1954,2004,2026-06-01 14:24:44.083182,5
3756,17,P10,yes,1,0.05930861470733362,0.05853690287436789,0.06008665017400762,980,1079,2026-06-01 14:24:44.093885,5
5543,20,P03,no,6,2.187894101485199,0.6545022492518787,0.6159095915435134,3380,3363,2026-06-01 14:24:44.099160,5
3757,17,P10,yes,1,0.06087746597154364,0.06008665017400762,0.06167473878348325,981,1079,2026-06-01 14:24:44.101514,5
4237,19,P17,yes,1,-0.19737877265083625,0.19958519865373256,0.19518467701384015,1953,2004,2026-06-01 14:24:44.132325,5
2695,10,P18,yes,1,-0.895925690809463,0.8972159750827483,0.8946259115182216,1716,1639,2026-06-01 14:24:44.163845,3
6438,21,P03,yes,5,-0.7146940027960227,0.1515851487892869,0.13457359546569392,4098,4165,2026-06-01 14:24:44.180146,5
4238,19,P19,no,7,-5.522564211498093,0.19518467701384015,0.22754561719281613,1953,1997,2026-06-01 14:24:44.180821,5
4239,19,P21,no,11,8.775948153960144,0.22754561719281613,0.17831905610769247,1953,2008,2026-06-01 14:24:44.203899,5
1354,8,P10,yes,1,0.5993533336929886,0.5960151933265168,0.6026853379784917,1456,1441,2026-06-01 14:24:44.257564,3
4240,19,P15,no,1,-0.8196337866816066,0.17831905610769247,0.18242552380635632,1953,2007,2026-06-01 14:24:44.307325,5
4241,19,P19,yes,4,0.7636286168703919,0.18242552380635632,0.19958519865373256,1957,2007,2026-06-01 14:24:44.308953,5
4242,19,P19,yes,1,0.20181631079435647,0.19958519865373256,0.20405977695922933,1958,2007,2026-06-01 14:24:44.309463,5
4243,19,P01,no,1,0.7981836892054162,0.20405977695922933,0.19958519865373256,1958,2008,2026-06-01 14:24:44.318262,5
6439,21,P19,no,3,2.6105441856825564,0.13457359546569392,0.1251603995749971,4098,4168,2026-06-01 14:24:44.326544,5
2696,10,P09,no,1,0.10669300427002781,0.8946259115182216,0.8919784386565807,1716,1640,2026-06-01 14:24:44.328244,3
6440,21,P02,yes,3,0.3894558143174436,0.1251603995749971,0.13457359546569392,4101,4168,2026-06-01 14:24:44.336532,5
5544,20,P17,no,8,3.286235760627278,0.6159095915435134,0.5621765008857981,3380,3371,2026-06-01 14:24:44.368120,5
4244,19,P12,no,1,0.8026212273496185,0.19958519865373256,0.19518467701384015,1958,2009,2026-06-01 14:24:44.370421,5
3758,17,P22,no,1,0.9391225340284564,0.06167473878348325,0.06008665017400762,981,1080,2026-06-01 14:24:44.395656,5
3759,17,P23,yes,10,0.6860367570991457,0.06008665017400762,0.07782859364011989,991,1080,2026-06-01 14:24:44.413477,5
6441,21,P03,no,1,0.8670330390286836,0.13457359546569392,0.13137120953080678,4101,4169,2026-06-01 14:24:44.416506,5
3760,17,P12,yes,1,0.07883324699400873,0.07782859364011989,0.07984576661461423,992,1080,2026-06-01 14:24:44.419332,5
6442,21,P19,yes,1,-0.12979709629416902,0.13137120953080678,0.12823373759251924,4100,4169,2026-06-01 14:24:44.440946,5
5545,20,P15,no,1,0.44124585909275993,0.5621765008857981,0.555328055262369,3380,3372,2026-06-01 14:24:44.524315,5
6443,21,P15,yes,1,0.12979709629416902,0.12823373759251924,0.13137120953080678,4101,4169,2026-06-01 14:24:44.529633,5
622,7,P18,yes,1,0.6999814153002717,0.6970592839654074,0.702892745013669,1178,1147,2026-06-01 14:24:44.576291,3
6444,21,P03,yes,4,-0.5008104920270853,0.13137120953080678,0.11920292202211755,4097,4169,2026-06-01 14:24:44.577076,5
3761,17,P19,no,9,8.358492522138931,0.07984576661461423,0.0633019736959414,992,1089,2026-06-01 14:24:44.596621,5
623,7,P09,yes,11,-7.367149509077763,0.702892745013669,0.6354235592583607,1167,1147,2026-06-01 14:24:44.596813,3
624,7,P11,yes,11,7.367149509077763,0.6354235592583607,0.702892745013669,1178,1147,2026-06-01 14:24:44.622906,3
6445,21,P19,no,1,0.8822450737743566,0.11920292202211755,0.11631714397765597,4097,4170,2026-06-01 14:24:44.653167,5
3762,17,P19,no,6,5.648440637781732,0.0633019736959414,0.05410980348435149,992,1095,2026-06-01 14:24:44.670315,5
3763,17,P20,yes,6,0.3515593622182678,0.05410980348435149,0.0633019736959414,998,1095,2026-06-01 14:24:44.671753,5
3764,17,P20,yes,11,0.8053448055045465,0.0633019736959414,0.084023907816312,1009,1095,2026-06-01 14:24:44.680391,5
5546,20,P03,no,2,0.9030891168554263,0.555328055262369,0.5415704832167999,3380,3374,2026-06-01 14:24:44.722367,5
3765,17,P17,no,1,-0.9148988778938474,0.084023907816312,0.08618664479793421,1009,1094,2026-06-01 14:24:44.727855,5
6446,21,P24,yes,6,0.7515323792240451,0.11631714397765597,0.13457359546569392,4103,4170,2026-06-01 14:24:44.738850,5
4245,19,P03,no,1,-0.8026212273496185,0.19518467701384015,0.19958519865373256,1958,2008,2026-06-01 14:24:44.754424,5
6447,21,P19,yes,1,-0.13296696097131644,0.13457359546569392,0.13137120953080678,4102,4170,2026-06-01 14:24:44.771657,5
4246,19,P24,yes,1,0.20181631079458384,0.19958519865373256,0.20405977695922933,1959,2008,2026-06-01 14:24:44.772340,5
4247,19,P14,no,14,11.551746480727388,0.20405977695922933,0.1480471980316895,1959,2022,2026-06-01 14:24:44.800674,5
3766,17,P02,yes,10,0.9800073582009645,0.08618664479793421,0.1107273179723682,1019,1094,2026-06-01 14:24:44.810265,5
3093,11,P10,yes,1,0.7057822802053124,0.702892745013669,0.7086608250294356,1910,1878,2026-06-01 14:24:44.825493,3
5547,20,P21,yes,1,0.545015941103884,0.5415704832167999,0.548458527973277,3381,3374,2026-06-01 14:24:44.830094,5
5548,20,P03,no,2,0.9168643422049172,0.548458527973277,0.534666513353404,3381,3376,2026-06-01 14:24:44.831697,5
3767,17,P17,yes,1,0.11210480668728451,0.1107273179723682,0.11349222580422871,1020,1094,2026-06-01 14:24:44.851524,5
4248,19,P19,yes,1,0.14981043757006773,0.1480471980316895,0.1515851487892869,1960,2022,2026-06-01 14:24:44.862239,5
4249,19,P24,yes,2,0.3104077465491173,0.1515851487892869,0.15886910488091516,1962,2022,2026-06-01 14:24:44.908069,5
4250,19,P22,no,11,9.461792281755606,0.15886910488091516,0.122150398495942,1962,2033,2026-06-01 14:24:44.914707,5
4251,19,P12,yes,13,1.8634639672568483,0.122150398495942,0.16643440755425876,1975,2033,2026-06-01 14:24:44.920428,5
4252,19,P03,yes,1,0.1683731915518365,0.16643440755425876,0.17032391864384583,1976,2033,2026-06-01 14:24:44.942632,5
5549,20,P01,no,1,-0.4618802833083464,0.534666513353404,0.5415704832167999,3381,3375,2026-06-01 14:24:44.962500,5
5550,20,P09,no,5,2.3786165191659165,0.5415704832167999,0.5069439979482607,3381,3380,2026-06-01 14:24:44.976727,5
2112,9,P18,yes,1,0.517353858804654,0.5138853177460049,0.520821285372743,1626,1623,2026-06-01 14:24:44.998716,3
1355,8,P09,yes,1,-0.5993533336929886,0.6026853379784917,0.5960151933265168,1455,1441,2026-06-01 14:24:45.001758,3
5551,20,P01,yes,1,0.5104149925382444,0.5069439979482607,0.5138853177460049,3382,3380,2026-06-01 14:24:45.024779,5
4253,19,P19,yes,14,2.802645755532467,0.17032391864384583,0.2324649929561242,1990,2033,2026-06-01 14:24:45.035131,5
5552,20,P24,no,1,0.48958500746221034,0.5138853177460049,0.5069439979482607,3382,3381,2026-06-01 14:24:45.043325,5
4254,19,P02,yes,1,-0.2299991558866168,0.2324649929561242,0.22754561719281613,1989,2033,2026-06-01 14:24:45.056732,5
5553,20,P03,no,1,0.4965278894042058,0.5069439979482607,0.5,3382,3382,2026-06-01 14:24:45.063445,5
1356,8,P10,no,14,-5.020057185211726,0.5960151933265168,0.6852009766653157,1455,1427,2026-06-01 14:24:45.093174,3
1357,8,P17,yes,1,-0.6821949176442104,0.6852009766653157,0.679178699175393,1454,1427,2026-06-01 14:24:45.132724,3
1358,8,P19,no,10,3.5202271348750855,0.679178699175393,0.6159095915435134,1454,1437,2026-06-01 14:24:45.144636,3
1359,8,P09,no,1,0.38738299639953766,0.6159095915435134,0.6093175418435606,1454,1438,2026-06-01 14:24:45.157359,3
5554,20,P04,yes,1,0.5034721105953395,0.5,0.5069439979482607,3383,3382,2026-06-01 14:24:45.192636,5
4255,19,P24,no,5,3.9217592949432856,0.22754561719281613,0.20405977695922933,1989,2038,2026-06-01 14:24:45.223348,5
4256,19,P22,no,4,3.2190642706539165,0.20405977695922933,0.18660508209316082,1989,2042,2026-06-01 14:24:45.271488,5
625,7,P09,yes,1,0.7057822802055398,0.702892745013669,0.7086608250294356,1179,1147,2026-06-01 14:24:45.272527,3
626,7,P09,no,16,5.437349282273999,0.7086608250294356,0.6093175418435606,1179,1163,2026-06-01 14:24:45.348299,3
5555,20,P14,yes,1,0.5104149925386992,0.5069439979482607,0.5138853177460049,3384,3382,2026-06-01 14:24:45.362325,5
4257,19,P03,yes,10,2.0891755902894147,0.18660508209316082,0.2324649929561242,1999,2042,2026-06-01 14:24:45.388527,5
2113,9,P18,no,1,-0.4757139608448142,0.520821285372743,0.5277492350545132,1626,1622,2026-06-01 14:24:45.388938,3
2114,9,P09,yes,1,0.5312088736441183,0.5277492350545132,0.534666513353404,1627,1622,2026-06-01 14:24:45.389814,3
627,7,P11,yes,4,2.4897189284426986,0.6093175418435606,0.6354235592583607,1183,1163,2026-06-01 14:24:45.394248,3
4258,19,P20,no,1,0.7700008441133832,0.2324649929561242,0.22754561719281613,1999,2043,2026-06-01 14:24:45.396588,5
5556,20,P01,yes,1,0.517353858804654,0.5138853177460049,0.520821285372743,3385,3382,2026-06-01 14:24:45.400738,5
5557,20,P02,yes,1,0.5242860391554132,0.520821285372743,0.5277492350545132,3386,3382,2026-06-01 14:24:45.400760,5
4259,19,P13,no,6,4.719942984148929,0.22754561719281613,0.19958519865373256,1999,2049,2026-06-01 14:24:45.403492,5
5558,20,P19,yes,1,0.5312088736441183,0.5277492350545132,0.534666513353404,3387,3382,2026-06-01 14:24:45.450989,5
1360,8,P09,yes,1,0.6126170036004623,0.6093175418435606,0.6159095915435134,1455,1438,2026-06-01 14:24:45.454234,3
2115,9,P09,yes,9,-4.531208873643891,0.534666513353404,0.47225076494548685,1618,1622,2026-06-01 14:24:45.457848,3
4260,19,P19,yes,7,1.5100561717376877,0.19958519865373256,0.2324649929561242,2006,2049,2026-06-01 14:24:45.458120,5
628,7,P19,yes,1,0.6386329165170537,0.6354235592583607,0.6418340450887311,1184,1163,2026-06-01 14:24:45.463768,3
2116,9,P12,yes,2,0.9583601020397055,0.47225076494548685,0.4861146822539951,1620,1622,2026-06-01 14:24:45.472984,3
629,7,P20,yes,1,0.6450184025497947,0.6418340450887311,0.6481942198637447,1185,1163,2026-06-01 14:24:45.476207,3
5559,20,P15,no,1,0.46879112635542697,0.534666513353404,0.5277492350545132,3387,3383,2026-06-01 14:24:45.478005,5
3094,11,P09,no,17,-4.18129413409315,0.7086608250294356,0.7959402230407707,1910,1861,2026-06-01 14:24:45.478289,3
3095,11,P09,yes,4,3.2190642706539165,0.7959402230407707,0.8133949179068393,1914,1861,2026-06-01 14:24:45.479382,3
4261,19,P11,no,1,0.7700008441133832,0.2324649929561242,0.22754561719281613,2006,2050,2026-06-01 14:24:45.492565,5
6448,21,P24,yes,3,0.40867241413616284,0.13137120953080678,0.14117613544185983,4105,4170,2026-06-01 14:24:45.498953,5
630,7,P23,yes,1,0.6513526546054891,0.6481942198637447,0.6545022492518787,1186,1163,2026-06-01 14:24:45.499963,3
1361,8,P10,yes,1,0.6191880754724934,0.6159095915435134,0.6224593312018546,1456,1438,2026-06-01 14:24:45.505076,3
3096,11,P22,no,2,0.38174064590089074,0.8133949179068393,0.8048153229861598,1914,1863,2026-06-01 14:24:45.506994,3
4262,19,P14,yes,5,-1.0782407050569418,0.22754561719281613,0.20405977695922933,2001,2050,2026-06-01 14:24:45.507256,5
631,7,P09,yes,1,0.6576338731483702,0.6545022492518787,0.6607563687658172,1187,1163,2026-06-01 14:24:45.517667,3
4263,19,P22,no,1,0.7981836892058709,0.20405977695922933,0.19958519865373256,2001,2051,2026-06-01 14:24:45.520445,5
3097,11,P11,no,2,0.39919508344496535,0.8048153229861598,0.7959402230407707,1914,1865,2026-06-01 14:24:45.525387,3
3098,11,P12,no,7,1.5431952448980155,0.7959402230407707,0.7625419716560975,1914,1872,2026-06-01 14:24:45.535335,3
3099,11,P20,no,6,1.517902570714341,0.7625419716560975,0.7310585786300049,1914,1878,2026-06-01 14:24:45.536463,3
5560,20,P20,no,5,-2.275006385612869,0.5277492350545132,0.5621765008857981,3387,3378,2026-06-01 14:24:45.561869,5
2117,9,P01,yes,5,2.5173538588048814,0.4861146822539951,0.520821285372743,1625,1622,2026-06-01 14:24:45.569697,3
3100,11,P18,no,15,-3.460292899057322,0.7310585786300049,0.8048153229861598,1914,1863,2026-06-01 14:24:45.580413,3
1362,8,P10,yes,6,3.850551696190905,0.6224593312018546,0.6607563687658172,1462,1438,2026-06-01 14:24:45.619135,3
1363,8,P10,no,8,-2.51970605753786,0.6607563687658172,0.7086608250294356,1462,1430,2026-06-01 14:24:45.623159,3
1364,8,P13,yes,2,-1.4057636955053567,0.7086608250294356,0.6970592839654074,1460,1430,2026-06-01 14:24:45.639719,3
1365,8,P12,yes,1,-0.6941157482681319,0.6970592839654074,0.6911616123625146,1459,1430,2026-06-01 14:24:45.643100,3
1366,8,P08,no,1,0.3118135124170749,0.6911616123625146,0.6852009766653157,1459,1431,2026-06-01 14:24:45.644670,3
6449,21,P17,no,2,1.7242945468351536,0.14117613544185983,0.13457359546569392,4105,4172,2026-06-01 14:24:45.645169,5
6450,21,P19,yes,6,-0.7515323792240451,0.13457359546569392,0.11631714397765597,4099,4172,2026-06-01 14:24:45.648897,5
5561,20,P17,no,5,2.275006385612869,0.5621765008857981,0.5277492350545132,3387,3383,2026-06-01 14:24:45.650767,5
5562,20,P12,yes,5,2.724993614387131,0.5277492350545132,0.5621765008857981,3392,3383,2026-06-01 14:24:45.652048,5
1367,8,P23,yes,1,-0.682194917643983,0.6852009766653157,0.679178699175393,1458,1431,2026-06-01 14:24:45.654792,3
1368,8,P20,no,10,3.520227134874858,0.679178699175393,0.6159095915435134,1458,1441,2026-06-01 14:24:45.668971,3
3768,17,P03,no,10,8.995176767720295,0.11349222580422871,0.08839967720705841,1020,1104,2026-06-01 14:24:45.683632,5
3101,11,P17,no,1,0.19737877265083625,0.8048153229861598,0.8004148013462675,1914,1864,2026-06-01 14:24:45.684871,3
6451,21,P17,no,1,0.8851003515255798,0.11631714397765597,0.11349222580422871,4099,4173,2026-06-01 14:24:45.721296,5
3102,11,P08,no,1,0.2018163107941291,0.8004148013462675,0.7959402230407707,1914,1865,2026-06-01 14:24:45.723049,3
4264,19,P03,no,3,-2.3809418895475574,0.19958519865373256,0.2132315108375271,2001,2048,2026-06-01 14:24:45.736415,5
3769,17,P03,no,1,0.9127110673912284,0.08839967720705841,0.08618664479793421,1020,1105,2026-06-01 14:24:45.747168,5
4265,19,P23,no,1,0.7890861680898524,0.2132315108375271,0.20860852732604496,2001,2049,2026-06-01 14:24:45.771269,5
3103,11,P22,no,1,0.20632796774816597,0.7959402230407707,0.791391472673955,1914,1866,2026-06-01 14:24:45.794536,3
3104,11,P01,no,2,0.42648776833152624,0.791391472673955,0.7820712676154848,1914,1868,2026-06-01 14:24:45.878215,3
3770,17,P24,yes,11,1.092112164888249,0.08618664479793421,0.11349222580422871,1031,1105,2026-06-01 14:24:45.882850,5
3105,11,P18,yes,2,1.5735122316684738,0.7820712676154848,0.791391472673955,1916,1868,2026-06-01 14:24:45.884728,3
1369,8,P10,yes,1,0.6191880754724934,0.6159095915435134,0.6224593312018546,1459,1441,2026-06-01 14:24:45.888266,3
5563,20,P19,no,19,-7.124267977857471,0.5621765008857981,0.6852009766653157,3392,3364,2026-06-01 14:24:45.902286,5
6452,21,P11,no,4,-3.523023786618978,0.11349222580422871,0.1251603995749971,4099,4169,2026-06-01 14:24:45.906619,5
5564,20,P11,yes,1,-0.6821949176446651,0.6852009766653157,0.679178699175393,3391,3364,2026-06-01 14:24:45.913173,5
6453,21,P19,yes,4,-0.4769762133810218,0.1251603995749971,0.11349222580422871,4095,4169,2026-06-01 14:24:45.914701,5
5565,20,P04,yes,11,-7.092389868725604,0.679178699175393,0.6093175418435606,3380,3364,2026-06-01 14:24:45.933386,5
3106,11,P18,no,1,0.21091383191014756,0.791391472673955,0.7867684891624728,1916,1869,2026-06-01 14:24:45.961213,3
3771,17,P17,yes,10,1.28500879973285,0.11349222580422871,0.14457775046587726,1041,1105,2026-06-01 14:24:45.983757,5
3772,17,P23,no,7,6.068317259067271,0.14457775046587726,0.122150398495942,1041,1112,2026-06-01 14:24:45.993450,5
4266,19,P03,no,1,-0.7890861680898524,0.20860852732604496,0.2132315108375271,2001,2048,2026-06-01 14:24:45.998593,5
5566,20,P17,no,11,4.7050680234851825,0.6093175418435606,0.534666513353404,3380,3375,2026-06-01 14:24:46.027098,5
4267,19,P14,no,6,4.80182247099583,0.2132315108375271,0.18660508209316082,2001,2054,2026-06-01 14:24:46.033210,5
632,7,P09,no,1,0.3423661268518572,0.6607563687658172,0.6545022492518787,1187,1164,2026-06-01 14:24:46.033972,3
4268,19,P22,no,1,0.8154908016813351,0.18660508209316082,0.18242552380635632,2001,2055,2026-06-01 14:24:46.057916,5
6454,21,P20,no,1,-0.8851003515255798,0.11349222580422871,0.11631714397765597,4095,4168,2026-06-01 14:24:46.073846,5
3773,17,P22,no,6,5.31850658382541,0.122150398495942,0.10537408848177848,1041,1118,2026-06-01 14:24:46.074771,5
1370,8,P10,yes,3,1.8965467658870239,0.6224593312018546,0.6418340450887311,1462,1441,2026-06-01 14:24:46.080089,3
3107,11,P11,yes,2,-1.5641178062685412,0.7867684891624728,0.7772998611746911,1914,1869,2026-06-01 14:24:46.100747,3
4269,19,P09,no,1,0.8196337866816066,0.18242552380635632,0.17831905610769247,2001,2056,2026-06-01 14:24:46.127204,5
3108,11,P13,no,2,0.45511586755355893,0.7772998611746911,0.7675350070438758,1914,1871,2026-06-01 14:24:46.161741,3
5567,20,P03,no,13,6.635030599835318,0.534666513353404,0.444671944737631,3380,3388,2026-06-01 14:24:46.165053,5
5568,20,P17,no,5,2.861878186739432,0.444671944737631,0.41069062390857347,3380,3393,2026-06-01 14:24:46.168361,5
1371,8,P01,yes,1,-0.6386329165170537,0.6418340450887311,0.6354235592583607,1461,1441,2026-06-01 14:24:46.174109,3
6455,21,P12,yes,1,0.11775492622564343,0.11631714397765597,0.11920292202211755,4096,4168,2026-06-01 14:24:46.182586,5
4270,19,P03,yes,2,0.3648754116370583,0.17831905610769247,0.18660508209316082,2003,2056,2026-06-01 14:24:46.196046,5
5569,20,P21,no,1,-0.5859424726522775,0.41069062390857347,0.41742979353768533,3380,3392,2026-06-01 14:24:46.196142,5
5570,20,P21,yes,3,1.2828184268200857,0.41742979353768533,0.4378234991142019,3383,3392,2026-06-01 14:24:46.246244,5
5571,20,P06,yes,11,5.233366487653257,0.4378234991142019,0.5138853177460049,3394,3392,2026-06-01 14:24:46.250566,5
3109,11,P09,no,1,0.2349553839546843,0.7675350070438758,0.7625419716560975,1914,1872,2026-06-01 14:24:46.255251,3
2118,9,P09,no,5,2.4826461411951186,0.520821285372743,0.4861146822539951,1625,1627,2026-06-01 14:24:46.257355,3
3110,11,P19,no,1,0.23998512580601528,0.7625419716560975,0.7574755792628283,1914,1873,2026-06-01 14:24:46.258231,3
633,7,P09,no,2,-0.6785057976428561,0.6545022492518787,0.6669548851735586,1187,1162,2026-06-01 14:24:46.262301,3
3774,17,P19,no,1,0.895925690809463,0.10537408848177848,0.10278402491725176,1041,1119,2026-06-01 14:24:46.268215,5
1372,8,P09,no,1,-0.3613670834831737,0.6354235592583607,0.6418340450887311,1461,1440,2026-06-01 14:24:46.271425,3
6456,21,P15,yes,1,0.12067148409914807,0.11920292202211755,0.122150398495942,4097,4168,2026-06-01 14:24:46.279966,5
1373,8,P09,no,1,0.3613670834831737,0.6418340450887311,0.6354235592583607,1461,1441,2026-06-01 14:24:46.288219,3
2119,9,P22,yes,1,0.4895850074617556,0.4861146822539951,0.49305600205173933,1626,1627,2026-06-01 14:24:46.289546,3
5572,20,P12,yes,6,3.2078793714395033,0.5138853177460049,0.555328055262369,3400,3392,2026-06-01 14:24:46.301040,5
6457,21,P15,no,1,-0.8763498454181899,0.122150398495942,0.1251603995749971,4097,4167,2026-06-01 14:24:46.312695,5
5573,20,P19,yes,1,0.5587541409072401,0.555328055262369,0.5621765008857981,3401,3392,2026-06-01 14:24:46.333802,5
6458,21,P24,yes,1,0.12669175705195812,0.1251603995749971,0.12823373759251924,4098,4167,2026-06-01 14:24:46.339528,5
1374,8,P10,no,5,-1.743501823970064,0.6354235592583607,0.6669548851735586,1461,1436,2026-06-01 14:24:46.356993,3
1375,8,P22,no,1,0.33613967079099893,0.6669548851735586,0.6607563687658172,1461,1437,2026-06-01 14:24:46.372218,3
1376,8,P23,yes,1,-0.6576338731483702,0.6607563687658172,0.6545022492518787,1460,1437,2026-06-01 14:24:46.373747,3
634,7,P09,yes,2,1.3461727642529695,0.6669548851735586,0.679178699175393,1189,1162,2026-06-01 14:24:46.399959,3
1377,8,P01,no,1,0.3486473453945109,0.6545022492518787,0.6481942198637447,1460,1438,2026-06-01 14:24:46.407224,3
1378,8,P10,yes,2,1.3089865277538593,0.6481942198637447,0.6607563687658172,1462,1438,2026-06-01 14:24:46.433532,3
5574,20,P03,no,1,0.44124585909275993,0.5621765008857981,0.555328055262369,3401,3393,2026-06-01 14:24:46.469310,5
3775,17,P09,yes,11,1.2986736942643802,0.10278402491725176,0.13457359546569392,1052,1119,2026-06-01 14:24:46.476553,5
1379,8,P22,no,7,2.5302602283366014,0.6607563687658172,0.6159095915435134,1462,1445,2026-06-01 14:24:46.487214,3
2120,9,P18,yes,3,1.5104149925382444,0.49305600205173933,0.5138853177460049,1629,1627,2026-06-01 14:24:46.488573,3
3776,17,P22,no,5,4.366222547001598,0.13457359546569392,0.11920292202211755,1052,1124,2026-06-01 14:24:46.496652,5
4271,19,P19,yes,1,0.18872543433963074,0.18660508209316082,0.19085804424486547,2004,2056,2026-06-01 14:24:46.534133,5
5575,20,P24,no,1,0.44810505795885547,0.555328055262369,0.548458527973277,3401,3394,2026-06-01 14:24:46.552124,5
3111,11,P11,no,1,0.24508804575816612,0.7574755792628283,0.7523361988609284,1914,1874,2026-06-01 14:24:46.595516,3
3112,11,P03,no,9,2.447243437425641,0.7523361988609284,0.702892745013669,1914,1883,2026-06-01 14:24:46.624884,3
635,7,P09,yes,3,-2.0100330934619706,0.679178699175393,0.6607563687658172,1186,1162,2026-06-01 14:24:46.655353,3
3777,17,P03,no,1,0.8822450737741292,0.11920292202211755,0.11631714397765597,1052,1125,2026-06-01 14:24:46.671425,5
4272,19,P19,no,4,-3.2014617372456087,0.19085804424486547,0.20860852732604496,2004,2052,2026-06-01 14:24:46.697118,5
2121,9,P09,yes,1,0.5173538588051088,0.5138853177460049,0.520821285372743,1630,1627,2026-06-01 14:24:46.706903,3
5576,20,P19,yes,9,5.211796318720644,0.548458527973277,0.6093175418435606,3410,3394,2026-06-01 14:24:46.766491,5
3113,11,P08,yes,2,1.4172994906987242,0.702892745013669,0.7143624294910559,1916,1883,2026-06-01 14:24:46.773214,3
2122,9,P09,no,2,0.9722311486566468,0.520821285372743,0.5069439979482607,1630,1629,2026-06-01 14:24:46.798088,3
5577,20,P03,no,1,0.3939953052740748,0.6093175418435606,0.6026853379784917,3410,3395,2026-06-01 14:24:46.824144,5
3114,11,P18,no,1,0.288482789507043,0.7143624294910559,0.7086608250294356,1916,1884,2026-06-01 14:24:46.842857,3
636,7,P18,no,1,-0.33613967079099893,0.6607563687658172,0.6669548851735586,1186,1161,2026-06-01 14:24:46.857582,3
3778,17,P22,no,1,0.885100351525125,0.11631714397765597,0.11349222580422871,1052,1126,2026-06-01 14:24:46.865170,5
5578,20,P12,no,2,0.8079815047858574,0.6026853379784917,0.5893093760914265,3410,3397,2026-06-01 14:24:46.874545,5
5579,20,P03,no,1,0.4140575273477225,0.5893093760914265,0.5825702064623147,3410,3398,2026-06-01 14:24:46.894736,5
5580,20,P09,no,1,0.42081238797618425,0.5825702064623147,0.5758000536158003,3410,3399,2026-06-01 14:24:46.912581,5
3779,17,P19,no,8,7.176521919990137,0.11349222580422871,0.09298019452229982,1052,1134,2026-06-01 14:24:46.923178,5
3780,17,P24,yes,14,1.5569431467376944,0.09298019452229982,0.13137120953080678,1066,1134,2026-06-01 14:24:46.985616,5
6459,21,P17,no,20,17.976448167934905,0.12823373759251924,0.07782859364011989,4098,4187,2026-06-01 14:24:46.995503,5
3781,17,P03,no,12,10.633773737934916,0.13137120953080678,0.09777259985079932,1066,1146,2026-06-01 14:24:46.999037,5
5581,20,P21,yes,1,-0.572402972000873,0.5758000536158003,0.5690013325681905,3409,3399,2026-06-01 14:24:47.002755,5
637,7,P09,yes,1,0.6700303657014501,0.6669548851735586,0.6730961777222321,1187,1161,2026-06-01 14:24:47.078696,3
6460,21,P13,yes,11,0.9876421950666554,0.07782859364011989,0.10278402491725176,4109,4187,2026-06-01 14:24:47.079205,5
4273,19,P19,yes,3,0.6467960256418337,0.20860852732604496,0.22270013882530884,2007,2052,2026-06-01 14:24:47.080292,5
4274,19,P12,yes,11,-2.175231277999046,0.22270013882530884,0.17428532117858547,1996,2052,2026-06-01 14:24:47.085435,5
5582,20,P15,no,1,0.43440901084477446,0.5690013325681905,0.5621765008857981,3409,3400,2026-06-01 14:24:47.088286,5
6461,21,P01,yes,5,0.5471413150398803,0.10278402491725176,0.11631714397765597,4114,4187,2026-06-01 14:24:47.115876,5
4275,19,P17,yes,1,0.1762961436261321,0.17428532117858547,0.17831905610769247,1997,2052,2026-06-01 14:24:47.135670,5
3115,11,P18,yes,1,0.711517210492957,0.7086608250294356,0.7143624294910559,1917,1884,2026-06-01 14:24:47.141595,3
3782,17,P05,no,8,7.291710580699373,0.09777259985079932,0.07984576661461423,1066,1154,2026-06-01 14:24:47.160898,5
4276,19,P03,yes,2,0.3648754116370583,0.17831905610769247,0.18660508209316082,1999,2052,2026-06-01 14:24:47.188616,5
6462,21,P03,no,1,0.8851003515246703,0.11631714397765597,0.11349222580422871,4114,4188,2026-06-01 14:24:47.210325,5
6463,21,P03,yes,6,-0.6327611953365704,0.11349222580422871,0.09777259985079932,4108,4188,2026-06-01 14:24:47.268160,5
3783,17,P19,no,1,0.9211667530062186,0.07984576661461423,0.07782859364011989,1066,1155,2026-06-01 14:24:47.270101,5
6464,21,P09,yes,5,0.5206563886495132,0.09777259985079932,0.1107273179723682,4113,4188,2026-06-01 14:24:47.270296,5
5583,20,P15,no,1,0.44124585909275993,0.5621765008857981,0.555328055262369,3409,3401,2026-06-01 14:24:47.276836,5
6465,21,P24,yes,9,1.1147389564248442,0.1107273179723682,0.13784165696493572,4122,4188,2026-06-01 14:24:47.286112,5
1380,8,P18,yes,1,0.6191880754724934,0.6159095915435134,0.6224593312018546,1463,1445,2026-06-01 14:24:47.297220,3
3116,11,P18,yes,1,0.7171851495479586,0.7143624294910559,0.7199965396446176,1918,1884,2026-06-01 14:24:47.302707,3
2123,9,P09,yes,2,1.0277688513433532,0.5069439979482607,0.520821285372743,1632,1629,2026-06-01 14:24:47.310957,3
5584,20,P15,yes,4,2.275935714087609,0.555328055262369,0.5825702064623147,3413,3401,2026-06-01 14:24:47.315465,5
4277,19,P22,no,6,4.9536372152756485,0.18660508209316082,0.16261630836153196,1999,2058,2026-06-01 14:24:47.320490,5
1381,8,P18,yes,1,-0.6191880754724934,0.6224593312018546,0.6159095915435134,1462,1445,2026-06-01 14:24:47.350767,3
6466,21,P03,yes,1,-0.1362021220384122,0.13784165696493572,0.13457359546569392,4121,4188,2026-06-01 14:24:47.352409,5
5585,20,P17,no,7,3.089033686077073,0.5825702064623147,0.534666513353404,3413,3408,2026-06-01 14:24:47.428287,5
1382,8,P18,no,2,0.7813783016736124,0.6159095915435134,0.6026853379784917,1462,1447,2026-06-01 14:24:47.440419,3
3784,17,P22,no,5,4.634826144376348,0.07782859364011989,0.06842674250359211,1066,1160,2026-06-01 14:24:47.449511,5
3785,17,P02,yes,11,0.8697619689858129,0.06842674250359211,0.09066389627358525,1077,1160,2026-06-01 14:24:47.486268,5
3786,17,P09,yes,1,0.09181766825963678,0.09066389627358525,0.09298019452229982,1078,1160,2026-06-01 14:24:47.490009,5
3787,17,P19,no,13,11.970871920215814,0.09298019452229982,0.06667714818800587,1078,1173,2026-06-01 14:24:47.512066,5
5586,20,P04,yes,1,0.5381197166907441,0.534666513353404,0.5415704832167999,3414,3408,2026-06-01 14:24:47.515163,5
5587,20,P19,yes,6,3.372846597232183,0.5415704832167999,0.5825702064623147,3420,3408,2026-06-01 14:24:47.535697,5
3788,17,P14,yes,8,0.5924297105318601,0.06667714818800587,0.08191057715532518,1086,1173,2026-06-01 14:24:47.612411,5
638,7,P18,no,1,0.32996963429854986,0.6730961777222321,0.6669548851735586,1187,1162,2026-06-01 14:24:47.647941,3
2697,10,P09,yes,9,8.129362188216419,0.8919784386565807,0.9138133552020657,1725,1640,2026-06-01 14:24:47.660980,3
6467,21,P09,yes,20,3.430378884156198,0.13457359546569392,0.2132315108375271,4141,4188,2026-06-01 14:24:47.675586,5
6468,21,P09,yes,1,0.21557393642160605,0.2132315108375271,0.21792873238451507,4142,4188,2026-06-01 14:24:47.675587,5
6469,21,P01,yes,1,-0.21557393642160605,0.21792873238451507,0.2132315108375271,4141,4188,2026-06-01 14:24:47.701418,5
3789,17,P05,no,1,0.9191258346243103,0.08191057715532518,0.07984576661461423,1086,1174,2026-06-01 14:24:47.712629,5
6470,21,P24,yes,4,0.8909980612852451,0.2132315108375271,0.2324649929561242,4145,4188,2026-06-01 14:24:47.717928,5
3790,17,P19,no,11,10.235129995906618,0.07984576661461423,0.06008665017400762,1086,1185,2026-06-01 14:24:47.725093,5
4278,19,P19,no,6,-4.9536372152756485,0.16261630836153196,0.18660508209316082,1999,2052,2026-06-01 14:24:47.737339,5
6471,21,P20,no,1,0.7700008441142927,0.2324649929561242,0.22754561719281613,4145,4189,2026-06-01 14:24:47.740359,5
3791,17,P04,yes,1,0.06087746597154364,0.06008665017400762,0.06167473878348325,1087,1185,2026-06-01 14:24:47.744367,5
1383,8,P18,yes,1,-0.5993533336925339,0.6026853379784917,0.5960151933265168,1461,1447,2026-06-01 14:24:47.748719,3
3792,17,P10,yes,3,0.19243699296544037,0.06167473878348325,0.06667714818800587,1090,1185,2026-06-01 14:24:47.769589,5
6472,21,P18,yes,18,-3.3766837867597133,0.22754561719281613,0.1515851487892869,4127,4189,2026-06-01 14:24:47.784604,5
639,7,P18,no,12,-3.5699851206200037,0.6669548851735586,0.736484844941675,1187,1150,2026-06-01 14:24:47.846412,3
640,7,P09,no,7,-1.7166346951630658,0.736484844941675,0.7724543828071839,1187,1143,2026-06-01 14:24:47.854421,3
641,7,P03,no,1,0.2299991558866168,0.7724543828071839,0.7675350070438758,1187,1144,2026-06-01 14:24:47.873273,3
4279,19,P03,yes,9,1.859176434402798,0.18660508209316082,0.22754561719281613,2008,2052,2026-06-01 14:24:47.876803,5
5588,20,P24,no,1,0.4208123879757295,0.5825702064623147,0.5758000536158003,3420,3409,2026-06-01 14:24:47.877331,5
4280,19,P14,no,14,11.258980208802313,0.22754561719281613,0.16643440755425876,2008,2066,2026-06-01 14:24:47.887126,5
2698,10,P18,no,1,0.08728893260831683,0.9138133552020657,0.9116003227929417,1725,1641,2026-06-01 14:24:47.894299,3
642,7,P22,yes,5,-3.7741959631762256,0.7675350070438758,0.7418402904888368,1182,1144,2026-06-01 14:24:47.897117,3
643,7,P11,no,1,0.260831502452902,0.7418402904888368,0.736484844941675,1182,1145,2026-06-01 14:24:47.898339,3
3793,17,P11,yes,1,0.06754844253896408,0.06667714818800587,0.06842674250359211,1091,1185,2026-06-01 14:24:47.921305,5
4281,19,P03,no,1,-0.8316268084481635,0.16643440755425876,0.17032391864384583,2008,2065,2026-06-01 14:24:47.921867,5
644,7,P03,no,1,0.2662224153923489,0.736484844941675,0.7310585786300049,1182,1146,2026-06-01 14:24:47.942413,3
1384,8,P10,no,1,-0.40064666630746615,0.5960151933265168,0.6026853379784917,1461,1446,2026-06-01 14:24:47.949864,3
3794,17,P03,no,1,0.9324515574610359,0.06842674250359211,0.06667714818800587,1091,1186,2026-06-01 14:24:47.957627,5
3795,17,P03,no,9,8.465083923619432,0.06667714818800587,0.05270556608289024,1091,1195,2026-06-01 14:24:47.960779,5
645,7,P23,yes,1,-0.7283162051157888,0.7310585786300049,0.7255622121589215,1181,1146,2026-06-01 14:24:47.975826,3
6473,21,P19,yes,7,-0.9774580600615081,0.1515851487892869,0.12823373759251924,4120,4189,2026-06-01 14:24:47.982451,5
4282,19,P17,yes,1,0.1722986099798618,0.17032391864384583,0.17428532117858547,2009,2065,2026-06-01 14:24:47.991492,5
646,7,P12,no,10,3.032078910343216,0.7255622121589215,0.6669548851735586,1181,1156,2026-06-01 14:24:48.002447,3
6474,21,P03,no,1,0.8733082429480419,0.12823373759251924,0.1251603995749971,4120,4190,2026-06-01 14:24:48.024991,5
6475,21,P17,yes,4,0.5256579363558558,0.1251603995749971,0.13784165696493572,4124,4190,2026-06-01 14:24:48.025077,5
5589,20,P09,no,1,0.427597027999127,0.5758000536158003,0.5690013325681905,3420,3410,2026-06-01 14:24:48.087599,5
4283,19,P19,yes,7,1.3221072846095012,0.17428532117858547,0.20405977695922933,2016,2065,2026-06-01 14:24:48.094782,5
2124,9,P09,no,2,0.9722311486566468,0.520821285372743,0.5069439979482607,1632,1631,2026-06-01 14:24:48.096374,3
4284,19,P19,no,1,-0.793672032251834,0.20405977695922933,0.20860852732604496,2016,2064,2026-06-01 14:24:48.123918,5
5590,20,P24,yes,1,-0.5655909891552255,0.5690013325681905,0.5621765008857981,3419,3410,2026-06-01 14:24:48.141243,5
3796,17,P23,yes,12,0.7429165366540929,0.05270556608289024,0.07205414361856403,1103,1195,2026-06-01 14:24:48.145483,5
4285,19,P19,no,1,-0.7890861680903072,0.20860852732604496,0.2132315108375271,2016,2063,2026-06-01 14:24:48.148808,5
6476,21,P17,no,1,-0.8604966688726563,0.13784165696493572,0.14117613544185983,4124,4189,2026-06-01 14:24:48.161322,5
4286,19,P22,no,1,0.7890861680903072,0.2132315108375271,0.20860852732604496,2016,2064,2026-06-01 14:24:48.173609,5
5591,20,P03,no,1,0.44124585909275993,0.5621765008857981,0.555328055262369,3419,3411,2026-06-01 14:24:48.251935,5
4287,19,P22,no,1,0.793672032251834,0.20860852732604496,0.20405977695922933,2016,2065,2026-06-01 14:24:48.283424,5
1385,8,P10,yes,2,1.2186216983263876,0.6026853379784917,0.6159095915435134,1463,1446,2026-06-01 14:24:48.287482,3
3117,11,P18,no,1,0.28281485045226873,0.7199965396446176,0.7143624294910559,1918,1885,2026-06-01 14:24:48.293646,3
4288,19,P09,no,4,3.219064270653689,0.20405977695922933,0.18660508209316082,2016,2069,2026-06-01 14:24:48.322883,5
1386,8,P10,no,1,-0.38081192452750656,0.6159095915435134,0.6224593312018546,1463,1445,2026-06-01 14:24:48.431487,3
1387,8,P09,no,1,-0.3742842157319046,0.6224593312018546,0.6289646649499733,1463,1444,2026-06-01 14:24:48.436270,3
3797,17,P05,no,12,11.257083463345907,0.07205414361856403,0.05270556608289024,1103,1207,2026-06-01 14:24:48.452721,5
3798,17,P10,yes,5,0.2816016174435845,0.05270556608289024,0.06008665017400762,1108,1207,2026-06-01 14:24:48.460831,5
5592,20,P24,yes,1,-0.5518949420406898,0.555328055262369,0.548458527973277,3418,3411,2026-06-01 14:24:48.509957,5
4289,19,P17,yes,3,0.579119418551727,0.18660508209316082,0.19958519865373256,2019,2069,2026-06-01 14:24:48.512249,5
6477,21,P03,yes,1,-0.1395033311264342,0.14117613544185983,0.13784165696493572,4123,4189,2026-06-01 14:24:48.520964,5
4290,19,P17,yes,1,0.2018163107941291,0.19958519865373256,0.20405977695922933,2020,2069,2026-06-01 14:24:48.540096,5
647,7,P18,yes,1,0.6700303657016775,0.6669548851735586,0.6730961777222321,1182,1156,2026-06-01 14:24:48.568302,3
4291,19,P19,no,8,-6.216819629295969,0.20405977695922933,0.24252442073717165,2020,2061,2026-06-01 14:24:48.570045,5
5593,20,P19,yes,3,1.6762400721027007,0.548458527973277,0.5690013325681905,3421,3411,2026-06-01 14:24:48.593890,5
4292,19,P09,no,1,0.7600148741939847,0.24252442073717165,0.23745802834390253,2020,2062,2026-06-01 14:24:48.681515,5
4293,19,P17,yes,6,-1.3368672771498495,0.23745802834390253,0.20860852732604496,2014,2062,2026-06-01 14:24:48.682373,5
6478,21,P03,yes,7,-0.8877345012633668,0.13784165696493572,0.11631714397765597,4116,4189,2026-06-01 14:24:48.716485,5
3799,17,P03,no,1,0.9406913852931211,0.06008665017400762,0.05853690287436789,1108,1208,2026-06-01 14:24:48.737525,5
4294,19,P17,yes,6,-1.171772895412687,0.20860852732604496,0.18242552380635632,2008,2062,2026-06-01 14:24:48.752718,5
6479,21,P20,yes,1,0.11775492622655293,0.11631714397765597,0.11920292202211755,4117,4189,2026-06-01 14:24:48.762465,5
4295,19,P03,no,1,-0.8154908016813351,0.18242552380635632,0.18660508209316082,2008,2061,2026-06-01 14:24:48.784519,5
3800,17,P09,yes,1,0.05930861470687887,0.05853690287436789,0.06008665017400762,1109,1208,2026-06-01 14:24:48.829213,5
4296,19,P03,no,16,-12.424188870434136,0.18660508209316082,0.26351515505832507,2008,2045,2026-06-01 14:24:48.846297,5
3801,17,P05,no,1,0.9406913852931211,0.06008665017400762,0.05853690287436789,1109,1209,2026-06-01 14:24:48.875371,5
4297,19,P03,yes,2,0.5379062102770149,0.26351515505832507,0.2744377878410785,2010,2045,2026-06-01 14:24:48.880624,5
4298,19,P08,no,3,2.2012622872703105,0.2744377878410785,0.2581597095111632,2010,2048,2026-06-01 14:24:48.889764,5
3802,17,P20,yes,1,0.059308614707106244,0.05853690287436789,0.06008665017400762,1110,1209,2026-06-01 14:24:48.923689,5
4299,19,P03,yes,12,3.500846988773901,0.2581597095111632,0.32690382227776793,2022,2048,2026-06-01 14:24:48.948631,5
648,7,P09,no,1,-0.323857601448708,0.6730961777222321,0.679178699175393,1182,1155,2026-06-01 14:24:48.964888,3
4300,19,P09,yes,16,-4.4916956416432186,0.32690382227776793,0.23745802834390253,2006,2048,2026-06-01 14:24:48.970787,5
6480,21,P03,no,1,0.8822450737734471,0.11920292202211755,0.11631714397765597,4117,4190,2026-06-01 14:24:48.981885,5
4301,19,P10,no,6,4.6631327228501505,0.23745802834390253,0.20860852732604496,2006,2054,2026-06-01 14:24:48.985758,5
1388,8,P09,yes,1,0.6321980651018748,0.6289646649499733,0.6354235592583607,1464,1444,2026-06-01 14:24:49.057433,3
3803,17,P14,yes,1,0.06087746597154364,0.06008665017400762,0.06167473878348325,1111,1209,2026-06-01 14:24:49.079692,5
3804,17,P22,no,3,2.8220362131064576,0.06167473878348325,0.0570247014210931,1111,1212,2026-06-01 14:24:49.091023,5
1389,8,P10,no,1,-0.3613670834829463,0.6354235592583607,0.6418340450887311,1464,1443,2026-06-01 14:24:49.105813,3
6481,21,P15,yes,13,1.7766341285687304,0.11631714397765597,0.15886910488091516,4130,4190,2026-06-01 14:24:49.119172,5
1390,8,P18,yes,1,0.6450184025497947,0.6418340450887311,0.6481942198637447,1465,1443,2026-06-01 14:24:49.153596,3
4302,19,P03,yes,11,2.5885474324718416,0.20860852732604496,0.26351515505832507,2017,2054,2026-06-01 14:24:49.159064,5
3805,17,P22,no,1,0.9437160500876871,0.0570247014210931,0.055549260157611746,1111,1213,2026-06-01 14:24:49.169201,5
5594,20,P03,no,1,0.43440901084477446,0.5690013325681905,0.5621765008857981,3421,3412,2026-06-01 14:24:49.170525,5
2699,10,P09,no,20,2.2898320320123275,0.9116003227929417,0.8554222495341228,1725,1661,2026-06-01 14:24:49.181902,3
2700,10,P09,no,2,0.2961172307625475,0.8554222495341228,0.8484148512107131,1725,1663,2026-06-01 14:24:49.181903,3
4303,19,P10,yes,6,-1.486635539276449,0.26351515505832507,0.2324649929561242,2011,2054,2026-06-01 14:24:49.191322,5
2125,9,P18,yes,1,-0.5034721105953395,0.5069439979482607,0.5,1631,1631,2026-06-01 14:24:49.208520,3
3806,17,P19,no,13,12.388711147389131,0.055549260157611746,0.039375324260408275,1111,1226,2026-06-01 14:24:49.219789,5
1391,8,P19,no,1,0.3549815974502053,0.6481942198637447,0.6418340450887311,1465,1444,2026-06-01 14:24:49.221135,3
649,7,P09,yes,1,0.6821949176442104,0.679178699175393,0.6852009766653157,1183,1155,2026-06-01 14:24:49.252248,3
6482,21,P09,yes,1,0.16073682108344656,0.15886910488091516,0.16261630836153196,4131,4190,2026-06-01 14:24:49.256552,5
6483,21,P03,yes,11,-1.5752943847455754,0.16261630836153196,0.1251603995749971,4120,4190,2026-06-01 14:24:49.262738,5
2701,10,P23,yes,1,0.8501895624299323,0.8484148512107131,0.8519528019683106,1726,1663,2026-06-01 14:24:49.274172,3
4304,19,P12,no,4,3.109001938714755,0.2324649929561242,0.2132315108375271,2011,2058,2026-06-01 14:24:49.276201,5
6484,21,P24,yes,8,1.1041498171134663,0.1251603995749971,0.1515851487892869,4128,4190,2026-06-01 14:24:49.283664,5
6485,21,P03,yes,1,-0.14981043757052248,0.1515851487892869,0.1480471980316895,4127,4190,2026-06-01 14:24:49.289566,5
5595,20,P09,no,1,0.44124585909275993,0.5621765008857981,0.555328055262369,3421,3413,2026-06-01 14:24:49.302298,5
3807,17,P24,yes,1,0.03990517766078483,0.039375324260408275,0.04043956481800324,1112,1226,2026-06-01 14:24:49.317978,5
3808,17,P09,yes,1,0.04098312545556837,0.04043956481800324,0.04153132619455174,1113,1226,2026-06-01 14:24:49.391525,5
4305,19,P03,yes,13,3.192754694476207,0.2132315108375271,0.2800034603553825,2024,2058,2026-06-01 14:24:49.393485,5
1392,8,P18,no,1,-0.3549815974502053,0.6418340450887311,0.6481942198637447,1465,1443,2026-06-01 14:24:49.409405,3
1393,8,P10,yes,1,0.6513526546057165,0.6481942198637447,0.6545022492518787,1466,1443,2026-06-01 14:24:49.411830,3
1394,8,P13,yes,3,-1.9350039736727922,0.6545022492518787,0.6354235592583607,1463,1443,2026-06-01 14:24:49.412623,3
3809,17,P24,no,1,-0.9579110850058896,0.04153132619455174,0.042651252130942854,1113,1225,2026-06-01 14:24:49.424388,5
4306,19,P20,no,1,0.7227851163625019,0.2800034603553825,0.2744377878410785,2024,2059,2026-06-01 14:24:49.427229,5
4307,19,P19,no,1,-0.7227851163625019,0.2744377878410785,0.2800034603553825,2024,2058,2026-06-01 14:24:49.433318,5
4308,19,P15,no,1,0.7227851163625019,0.2800034603553825,0.2744377878410785,2024,2059,2026-06-01 14:24:49.439918,5
6486,21,P19,yes,1,-0.14630679319179762,0.1480471980316895,0.14457775046587726,4126,4190,2026-06-01 14:24:49.451390,5
2702,10,P22,yes,6,5.172352377508332,0.8519528019683106,0.8717662624074807,1732,1663,2026-06-01 14:24:49.478671,3
2126,9,P09,no,1,-0.4965278894046605,0.5,0.5069439979482607,1631,1630,2026-06-01 14:24:49.504724,3
4309,19,P03,no,16,-10.856617330788595,0.2744377878410785,0.3710353350500268,2024,2043,2026-06-01 14:24:49.521768,5
5596,20,P24,no,1,0.4481050579593102,0.555328055262369,0.548458527973277,3421,3414,2026-06-01 14:24:49.525563,5
3810,17,P10,yes,1,0.0432231956913256,0.042651252130942854,0.04379999771646115,1114,1225,2026-06-01 14:24:49.548864,5
2127,9,P18,yes,1,0.5104149925382444,0.5069439979482607,0.5138853177460049,1632,1630,2026-06-01 14:24:49.559718,3
4310,19,P08,yes,9,-3.0829360769712366,0.3710353350500268,0.3147990233346844,2015,2043,2026-06-01 14:24:49.566511,5
4311,19,P02,yes,5,-1.5004168581504018,0.3147990233346844,0.2856375705089441,2010,2043,2026-06-01 14:24:49.586701,5
4312,19,P24,yes,2,0.5827005093010484,0.2856375705089441,0.2971072549863309,2012,2043,2026-06-01 14:24:49.592810,5
4313,19,P21,no,8,5.8030203035928025,0.2971072549863309,0.25287573272933045,2012,2051,2026-06-01 14:24:49.624965,5
3118,11,P18,no,13,-3.2599956085068698,0.7143624294910559,0.7820712676154848,1918,1872,2026-06-01 14:24:49.627316,3
4314,19,P02,no,2,1.5046482132233905,0.25287573272933045,0.24252442073717165,2012,2053,2026-06-01 14:24:49.633044,5
3119,11,P01,yes,9,-6.837940335859685,0.7820712676154848,0.736484844941675,1909,1872,2026-06-01 14:24:49.636425,3
4315,19,P09,yes,1,0.24508804575816612,0.24252442073717165,0.2476638011390716,2013,2053,2026-06-01 14:24:49.650827,5
4316,19,P21,yes,1,-0.24508804575816612,0.2476638011390716,0.24252442073717165,2012,2053,2026-06-01 14:24:49.669021,5
3811,17,P14,yes,1,0.044386628307847786,0.04379999771646115,0.04497822937897771,1115,1225,2026-06-01 14:24:49.681766,5
5597,20,P15,yes,14,8.340148163680624,0.548458527973277,0.6418340450887311,3435,3414,2026-06-01 14:24:49.689320,5
4317,19,P08,yes,7,1.8268161234304898,0.24252442073717165,0.2800034603553825,2019,2053,2026-06-01 14:24:49.698433,5
4318,19,P23,no,1,0.7227851163625019,0.2800034603553825,0.2744377878410785,2019,2054,2026-06-01 14:24:49.711663,5
6487,21,P17,no,1,0.8571286811320533,0.14457775046587726,0.14117613544185983,4126,4191,2026-06-01 14:24:49.724889,5
4319,19,P19,yes,1,0.27721488363749813,0.2744377878410785,0.2800034603553825,2020,2054,2026-06-01 14:24:49.729754,5
5598,20,P02,no,1,0.3613670834829463,0.6418340450887311,0.6354235592583607,3435,3415,2026-06-01 14:24:49.769806,5
3120,11,P09,yes,1,0.739168497547098,0.736484844941675,0.7418402904888368,1910,1872,2026-06-01 14:24:49.780273,3
5599,20,P15,no,1,-0.3613670834829463,0.6354235592583607,0.6418340450887311,3435,3414,2026-06-01 14:24:49.784616,5
5600,20,P02,no,1,0.3613670834829463,0.6418340450887311,0.6354235592583607,3435,3415,2026-06-01 14:24:49.794214,5
2703,10,P05,yes,1,0.8733082429482693,0.8717662624074807,0.8748396004250029,1733,1663,2026-06-01 14:24:49.800724,3
3812,17,P19,no,6,5.750558524348435,0.04497822937897771,0.03833797212535963,1115,1231,2026-06-01 14:24:49.819485,5
4320,19,P02,no,8,5.933198750763495,0.2800034603553825,0.23745802834390253,2020,2062,2026-06-01 14:24:49.845725,5
650,7,P09,yes,7,-4.646232941409835,0.6852009766653157,0.6418340450887311,1176,1155,2026-06-01 14:24:49.877897,3
3813,17,P02,yes,13,0.5953167210006995,0.03833797212535963,0.05410980348435149,1128,1231,2026-06-01 14:24:49.887257,5
3814,17,P11,no,1,-0.9451734348479022,0.05410980348435149,0.055549260157611746,1128,1230,2026-06-01 14:24:49.888456,5
4321,19,P22,no,2,1.5350454601589263,0.23745802834390253,0.22754561719281613,2020,2064,2026-06-01 14:24:49.920028,5
3121,11,P18,yes,4,3.0091513471306826,0.7418402904888368,0.7625419716560975,1914,1872,2026-06-01 14:24:49.926817,3
5601,20,P03,no,1,0.36780193489857993,0.6354235592583607,0.6289646649499733,3435,3416,2026-06-01 14:24:49.959077,5
3122,11,P01,no,4,0.9908486528695448,0.7625419716560975,0.7418402904888368,1914,1876,2026-06-01 14:24:49.972288,3
4322,19,P19,yes,1,0.2299991558866168,0.22754561719281613,0.2324649929561242,2021,2064,2026-06-01 14:24:49.983867,5
4323,19,P24,yes,5,1.2258040368237744,0.2324649929561242,0.2581597095111632,2026,2064,2026-06-01 14:24:49.993600,5
4324,19,P14,no,1,0.7444882597133073,0.2581597095111632,0.25287573272933045,2026,2065,2026-06-01 14:24:49.996512,5
5602,20,P11,yes,2,-1.2449038597410436,0.6289646649499733,0.6159095915435134,3433,3416,2026-06-01 14:24:49.998907,5
3123,11,P23,no,7,1.9414679561202774,0.7418402904888368,0.702892745013669,1914,1883,2026-06-01 14:24:50.001849,3
2128,9,P09,yes,1,0.5173538588051088,0.5138853177460049,0.520821285372743,1633,1630,2026-06-01 14:24:50.038571,3
4325,19,P03,no,10,-7.197117467160751,0.25287573272933045,0.30883838763748533,2026,2055,2026-06-01 14:24:50.044305,5
4326,19,P13,no,2,1.3940971635679489,0.30883838763748533,0.2971072549863309,2026,2057,2026-06-01 14:24:50.067997,5
6488,21,P19,no,1,0.8604966688735658,0.14117613544185983,0.13784165696493572,4126,4192,2026-06-01 14:24:50.102911,5
4327,19,P21,no,1,0.7057822802057672,0.2971072549863309,0.29133917497056444,2026,2058,2026-06-01 14:24:50.119152,5
4328,19,P10,no,13,9.671829859296395,0.29133917497056444,0.22270013882530884,2026,2071,2026-06-01 14:24:50.121383,5
2129,9,P09,no,11,-4.8549311391043375,0.520821285372743,0.5960151933265168,1633,1619,2026-06-01 14:24:50.161579,3
651,7,P13,yes,5,3.287895625214105,0.6418340450887311,0.6730961777222321,1181,1155,2026-06-01 14:24:50.161676,3
3815,17,P01,yes,11,0.7076753725721119,0.055549260157611746,0.07393365254646753,1139,1230,2026-06-01 14:24:50.163615,5
6489,21,P17,yes,1,-0.1362021220393217,0.13784165696493572,0.13457359546569392,4125,4192,2026-06-01 14:24:50.188034,5
5603,20,P18,no,1,0.3873829963999924,0.6159095915435134,0.6093175418435606,3433,3417,2026-06-01 14:24:50.196661,5
652,7,P18,yes,3,-1.991524568058594,0.6730961777222321,0.6545022492518787,1178,1155,2026-06-01 14:24:50.198850,3
2130,9,P01,yes,4,-2.330198218198575,0.5960151933265168,0.5690013325681905,1629,1619,2026-06-01 14:24:50.201828,3
3124,11,P09,no,10,-2.692331483183807,0.702892745013669,0.7574755792628283,1914,1873,2026-06-01 14:24:50.225562,3
6490,21,P17,yes,1,-0.13296696097131644,0.13457359546569392,0.13137120953080678,4124,4192,2026-06-01 14:24:50.245745,5
2131,9,P01,no,5,2.240624270101989,0.5690013325681905,0.534666513353404,1629,1624,2026-06-01 14:24:50.297642,3
3125,11,P19,no,1,0.24508804575816612,0.7574755792628283,0.7523361988609284,1914,1874,2026-06-01 14:24:50.303112,3
1395,8,P10,no,1,-0.36136708348271895,0.6354235592583607,0.6418340450887311,1463,1442,2026-06-01 14:24:50.322638,3
3816,17,P05,no,13,12.184093280818388,0.07393365254646753,0.05270556608289024,1139,1243,2026-06-01 14:24:50.346790,5
3817,17,P05,no,14,13.383425733365584,0.05270556608289024,0.03634146014678239,1139,1257,2026-06-01 14:24:50.348062,5
3818,17,P21,yes,1,0.03683206072309986,0.03634146014678239,0.037326887344129464,1140,1257,2026-06-01 14:24:50.362825,5
5604,20,P24,no,6,2.464443753382511,0.6093175418435606,0.5690013325681905,3433,3423,2026-06-01 14:24:50.365379,5
1396,8,P10,no,4,-1.382134740487345,0.6418340450887311,0.6669548851735586,1463,1438,2026-06-01 14:24:50.373605,3
2132,9,P18,no,1,-0.4618802833090285,0.534666513353404,0.5415704832167999,1629,1623,2026-06-01 14:24:50.406299,3
1397,8,P18,no,1,0.33613967079099893,0.6669548851735586,0.6607563687658172,1463,1439,2026-06-01 14:24:50.417562,3
2704,10,P18,yes,1,-0.8733082429482693,0.8748396004250029,0.8717662624074807,1732,1663,2026-06-01 14:24:50.447305,3
3819,17,P20,yes,1,0.03783026636801878,0.037326887344129464,0.03833797212535963,1141,1257,2026-06-01 14:24:50.471973,5
4329,19,P24,yes,5,1.1751444230721972,0.22270013882530884,0.2476638011390716,2031,2071,2026-06-01 14:24:50.477232,5
4330,19,P17,no,15,-10.663407895622186,0.2476638011390716,0.3330451148264414,2031,2056,2026-06-01 14:24:50.482859,5
4331,19,P03,yes,1,0.3361396707914537,0.3330451148264414,0.33924363123418283,2032,2056,2026-06-01 14:24:50.484819,5
3126,11,P03,no,1,0.250263741018216,0.7523361988609284,0.7471242672706695,1914,1875,2026-06-01 14:24:50.488119,3
3820,17,P12,yes,10,0.4392291133485742,0.03833797212535963,0.049999740399933254,1151,1257,2026-06-01 14:24:50.495127,5
3127,11,P23,yes,4,-2.9457505469833904,0.7471242672706695,0.7255622121589215,1910,1875,2026-06-01 14:24:50.508391,3
1398,8,P20,yes,6,-3.850551696190678,0.6607563687658172,0.6224593312018546,1457,1439,2026-06-01 14:24:50.512873,3
2133,9,P18,yes,8,4.551454231405387,0.5415704832167999,0.5960151933265168,1637,1623,2026-06-01 14:24:50.546251,3
4332,19,P17,no,10,6.908996302503056,0.33924363123418283,0.2800034603553825,2032,2066,2026-06-01 14:24:50.561077,5
6491,21,P03,no,1,0.870202903705831,0.13137120953080678,0.12823373759251924,4124,4193,2026-06-01 14:24:50.571815,5
2134,9,P13,no,1,0.407334838478846,0.5960151933265168,0.5893093760914265,1637,1624,2026-06-01 14:24:50.581116,3
3821,17,P19,no,11,10.522940620283407,0.049999740399933254,0.037326887344129464,1151,1268,2026-06-01 14:24:50.587759,5
6492,21,P03,no,1,0.8733082429480419,0.12823373759251924,0.1251603995749971,4124,4194,2026-06-01 14:24:50.600869,5
4333,19,P19,yes,1,0.282814850451814,0.2800034603553825,0.2856375705089441,2033,2066,2026-06-01 14:24:50.603477,5
4334,19,P09,yes,9,-2.349616099688319,0.2856375705089441,0.23745802834390253,2024,2066,2026-06-01 14:24:50.619214,5
1399,8,P09,no,2,-0.7420861506300298,0.6224593312018546,0.6354235592583607,1457,1437,2026-06-01 14:24:50.672190,3
2135,9,P20,no,1,0.4140575273474951,0.5893093760914265,0.5825702064623147,1637,1625,2026-06-01 14:24:50.690084,3
3822,17,P01,yes,1,0.03783026636801878,0.037326887344129464,0.03833797212535963,1152,1268,2026-06-01 14:24:50.710176,5
3128,11,P09,yes,2,1.4620937897232125,0.7255622121589215,0.736484844941675,1912,1875,2026-06-01 14:24:50.718670,3
5605,20,P24,no,1,0.43440901084477446,0.5690013325681905,0.5621765008857981,3433,3424,2026-06-01 14:24:50.727518,5
1400,8,P09,yes,1,0.6386329165168263,0.6354235592583607,0.6418340450887311,1458,1437,2026-06-01 14:24:50.751946,3
2136,9,P01,no,1,0.42081238797641163,0.5825702064623147,0.5758000536158003,1637,1626,2026-06-01 14:24:50.762994,3
4335,19,P19,no,1,-0.76001487419353,0.23745802834390253,0.24252442073717165,2024,2065,2026-06-01 14:24:50.798116,5
5606,20,P17,yes,11,-5.766633512346743,0.5621765008857981,0.4861146822539951,3422,3424,2026-06-01 14:24:50.813968,5
5607,20,P03,yes,1,-0.48264614119489124,0.4861146822539951,0.4791787146272571,3421,3424,2026-06-01 14:24:50.828993,5
5608,20,P21,yes,4,1.9722311486566468,0.4791787146272571,0.5069439979482607,3425,3424,2026-06-01 14:24:50.875049,5
5609,20,P11,yes,11,5.994230078064902,0.5069439979482607,0.5825702064623147,3436,3424,2026-06-01 14:24:50.875062,5
4336,19,P19,yes,18,5.260185947778609,0.24252442073717165,0.3454977507481214,2042,2065,2026-06-01 14:24:50.885878,5
4337,19,P12,no,2,1.3214942023569165,0.3454977507481214,0.3330451148264414,2042,2067,2026-06-01 14:24:50.893240,5
2137,9,P11,no,13,6.095372526496703,0.5758000536158003,0.4861146822539951,1637,1639,2026-06-01 14:24:50.924290,3
4338,19,P23,no,9,6.245135973294509,0.3330451148264414,0.2800034603553825,2042,2076,2026-06-01 14:24:50.930828,5
3129,11,P09,yes,1,0.7391684975473254,0.736484844941675,0.7418402904888368,1913,1875,2026-06-01 14:24:50.942998,3
1401,8,P09,no,5,-1.7121043747856675,0.6418340450887311,0.6730961777222321,1458,1432,2026-06-01 14:24:50.965371,3
4339,19,P13,yes,1,-0.27721488363749813,0.2800034603553825,0.2744377878410785,2041,2076,2026-06-01 14:24:50.999626,5
2705,10,P09,no,2,-0.25034191163331343,0.8717662624074807,0.877849601504058,1732,1661,2026-06-01 14:24:51.003121,3
1402,8,P19,no,1,0.32996963429854986,0.6730961777222321,0.6669548851735586,1458,1433,2026-06-01 14:24:51.006768,3
4340,19,P04,yes,11,-2.699965874417103,0.2744377878410785,0.21792873238451507,2030,2076,2026-06-01 14:24:51.007810,5
653,7,P18,yes,4,-2.567202038773985,0.6545022492518787,0.6289646649499733,1174,1155,2026-06-01 14:24:51.007873,3
1403,8,P10,yes,2,1.3461727642529695,0.6669548851735586,0.679178699175393,1460,1433,2026-06-01 14:24:51.033938,3
1404,8,P01,no,1,0.32385760144848064,0.679178699175393,0.6730961777222321,1460,1434,2026-06-01 14:24:51.048342,3
654,7,P18,yes,3,1.9158493841682684,0.6289646649499733,0.6481942198637447,1177,1155,2026-06-01 14:24:51.054903,3
5610,20,P15,yes,1,0.5859424726522775,0.5825702064623147,0.5893093760914265,3437,3424,2026-06-01 14:24:51.073377,5
1405,8,P22,yes,1,-0.6700303657014501,0.6730961777222321,0.6669548851735586,1459,1434,2026-06-01 14:24:51.074344,3
655,7,P18,yes,7,4.689401026442738,0.6481942198637447,0.6911616123625146,1184,1155,2026-06-01 14:24:51.076523,3
4341,19,P09,no,1,0.784426063578394,0.21792873238451507,0.2132315108375271,2030,2077,2026-06-01 14:24:51.083893,5
1406,8,P11,no,1,0.3361396707912263,0.6669548851735586,0.6607563687658172,1459,1435,2026-06-01 14:24:51.105225,3
6493,21,P15,yes,1,0.12669175705195812,0.1251603995749971,0.12823373759251924,4125,4194,2026-06-01 14:24:51.107218,5
3130,11,P09,no,4,-0.9908486528695448,0.7418402904888368,0.7625419716560975,1913,1871,2026-06-01 14:24:51.112588,3
1407,8,P09,yes,2,1.3338906949104512,0.6607563687658172,0.6730961777222321,1461,1435,2026-06-01 14:24:51.151780,3
3823,17,P17,yes,9,0.38988362450390923,0.03833797212535963,0.04869667456442473,1161,1268,2026-06-01 14:24:51.164197,5
5611,20,P17,yes,15,9.572607976309882,0.5893093760914265,0.6852009766653157,3452,3424,2026-06-01 14:24:51.164711,5
2706,10,P18,no,1,0.12365015458181006,0.877849601504058,0.8748396004250029,1732,1662,2026-06-01 14:24:51.165435,3
5612,20,P15,no,7,2.3537670585897104,0.6852009766653157,0.6418340450887311,3452,3431,2026-06-01 14:24:51.174263,5
6494,21,P03,yes,1,-0.12669175705195812,0.12823373759251924,0.1251603995749971,4124,4194,2026-06-01 14:24:51.180263,5
6495,21,P03,yes,1,-0.12365015458181006,0.1251603995749971,0.122150398495942,4123,4194,2026-06-01 14:24:51.202506,5
5613,20,P09,yes,1,-0.6386329165165989,0.6418340450887311,0.6354235592583607,3451,3431,2026-06-01 14:24:51.223792,5
5614,20,P15,yes,1,0.6386329165165989,0.6354235592583607,0.6418340450887311,3452,3431,2026-06-01 14:24:51.232979,5
6496,21,P17,yes,5,-0.574800411904107,0.122150398495942,0.10802156134341918,4118,4194,2026-06-01 14:24:51.233520,5
6497,21,P24,yes,1,0.10936954641692864,0.10802156134341918,0.1107273179723682,4119,4194,2026-06-01 14:24:51.242292,5
2138,9,P18,yes,1,-0.48264614119489124,0.4861146822539951,0.4791787146272571,1636,1639,2026-06-01 14:24:51.254577,3
5615,20,P03,no,2,0.7291690183815263,0.6418340450887311,0.6289646649499733,3452,3433,2026-06-01 14:24:51.257674,5
5616,20,P01,yes,7,-4.2414865259333965,0.6289646649499733,0.5825702064623147,3445,3433,2026-06-01 14:24:51.262802,5
6498,21,P17,no,1,0.8906304535821619,0.1107273179723682,0.10802156134341918,4119,4195,2026-06-01 14:24:51.268131,5
6499,21,P17,yes,1,-0.10669300426980044,0.10802156134341918,0.10537408848177848,4118,4195,2026-06-01 14:24:51.282147,5
4342,19,P19,yes,8,1.8612903578223268,0.2132315108375271,0.25287573272933045,2038,2077,2026-06-01 14:24:51.290786,5
2707,10,P18,no,1,0.12669175705150337,0.8748396004250029,0.8717662624074807,1732,1663,2026-06-01 14:24:51.297405,3
4343,19,P17,no,1,0.7497362589815566,0.25287573272933045,0.2476638011390716,2038,2078,2026-06-01 14:24:51.326597,5
4344,19,P04,no,8,6.178059551285969,0.2476638011390716,0.20860852732604496,2038,2086,2026-06-01 14:24:51.337049,5
4345,19,P17,yes,1,0.21091383191014756,0.20860852732604496,0.2132315108375271,2039,2086,2026-06-01 14:24:51.342623,5
1408,8,P10,no,15,-4.251710515837431,0.6730961777222321,0.7574755792628283,1461,1420,2026-06-01 14:24:51.384623,3
1409,8,P02,no,1,0.24508804575793874,0.7574755792628283,0.7523361988609284,1461,1421,2026-06-01 14:24:51.389412,3
656,7,P18,yes,1,0.6941157482679046,0.6911616123625146,0.6970592839654074,1185,1155,2026-06-01 14:24:51.395730,3
1410,8,P13,yes,7,-5.135457071875635,0.7523361988609284,0.7143624294910559,1454,1421,2026-06-01 14:24:51.399020,3
1411,8,P13,yes,9,-6.191811152955552,0.7143624294910559,0.6607563687658172,1445,1421,2026-06-01 14:24:51.399424,3
3824,17,P05,no,8,7.648970809037792,0.04869667456442473,0.039375324260408275,1161,1276,2026-06-01 14:24:51.400564,5
657,7,P18,no,5,-1.4427488280909984,0.6970592839654074,0.7255622121589215,1185,1150,2026-06-01 14:24:51.408320,3
5617,20,P03,yes,1,-0.5791876120238157,0.5825702064623147,0.5758000536158003,3444,3433,2026-06-01 14:24:51.462993,5
3825,17,P24,no,1,-0.9600948223392152,0.039375324260408275,0.04043956481800324,1161,1275,2026-06-01 14:24:51.472328,5
4346,19,P09,no,1,0.7890861680898524,0.2132315108375271,0.20860852732604496,2039,2087,2026-06-01 14:24:51.507740,5
658,7,P09,yes,5,3.695486805965402,0.7255622121589215,0.7523361988609284,1190,1150,2026-06-01 14:24:51.519797,3
659,7,P09,no,1,0.2502637410184434,0.7523361988609284,0.7471242672706695,1190,1151,2026-06-01 14:24:51.522913,3
660,7,P01,no,1,0.25551174028669266,0.7471242672706695,0.7418402904888368,1190,1152,2026-06-01 14:24:51.540045,3
1412,8,P09,no,1,-0.33613967079099893,0.6607563687658172,0.6669548851735586,1445,1420,2026-06-01 14:24:51.572685,3
661,7,P20,no,1,0.260831502452902,0.7418402904888368,0.736484844941675,1190,1153,2026-06-01 14:24:51.578233,3
2139,9,P01,yes,2,0.9722311486566468,0.4791787146272571,0.49305600205173933,1638,1639,2026-06-01 14:24:51.583070,3
2708,10,P09,yes,1,0.8733082429482693,0.8717662624074807,0.8748396004250029,1733,1663,2026-06-01 14:24:51.589443,3
2140,9,P20,yes,12,6.415042466041768,0.49305600205173933,0.5758000536158003,1650,1639,2026-06-01 14:24:51.592078,3
662,7,P20,no,7,1.980655038367786,0.736484844941675,0.6970592839654074,1190,1160,2026-06-01 14:24:51.600880,3
5618,20,P15,yes,1,0.5791876120238157,0.5758000536158003,0.5825702064623147,3445,3433,2026-06-01 14:24:51.652043,5
2141,9,P03,no,9,4.095372526496476,0.5758000536158003,0.5138853177460049,1650,1648,2026-06-01 14:24:51.657291,3
3826,17,P09,yes,9,0.4111344896061837,0.04043956481800324,0.05133579311531625,1170,1275,2026-06-01 14:24:51.659714,5
4347,19,P09,yes,6,-1.171772895412687,0.20860852732604496,0.18242552380635632,2033,2087,2026-06-01 14:24:51.729766,5
6500,21,P19,no,1,0.8959256908101452,0.10537408848177848,0.10278402491725176,4118,4196,2026-06-01 14:24:51.737241,5
2142,9,P18,yes,6,-2.958360102039933,0.5138853177460049,0.47225076494548685,1644,1648,2026-06-01 14:24:51.740805,3
2143,9,P11,yes,1,0.4757139608450416,0.47225076494548685,0.4791787146272571,1645,1648,2026-06-01 14:24:51.743135,3
6501,21,P01,no,11,-9.701326305736075,0.10278402491725176,0.13457359546569392,4118,4185,2026-06-01 14:24:51.794946,5
3131,11,P09,yes,1,0.7650446160453157,0.7625419716560975,0.7675350070438758,1914,1871,2026-06-01 14:24:51.805098,3
3132,11,P23,no,7,1.7528579546690253,0.7675350070438758,0.7310585786300049,1914,1878,2026-06-01 14:24:51.815054,3
6502,21,P15,no,6,-5.131923087977157,0.13457359546569392,0.15519224623709701,4118,4179,2026-06-01 14:24:51.832499,5
4348,19,P10,no,12,-9.491359827437464,0.18242552380635632,0.23745802834390253,2033,2075,2026-06-01 14:24:51.840598,5
5619,20,P24,no,12,5.502297811339304,0.5825702064623147,0.5,3445,3445,2026-06-01 14:24:51.846618,5
4349,19,P15,yes,1,-0.23495538395445692,0.23745802834390253,0.2324649929561242,2032,2075,2026-06-01 14:24:51.875435,5
5620,20,P23,yes,1,0.5034721105953395,0.5,0.5069439979482607,3446,3445,2026-06-01 14:24:51.882532,5
1413,8,P10,no,8,-2.4720491762534493,0.6669548851735586,0.7143624294910559,1445,1412,2026-06-01 14:24:51.904881,3
3133,11,P09,no,4,-1.0328293991501596,0.7310585786300049,0.7523361988609284,1914,1874,2026-06-01 14:24:51.909225,3
1414,8,P03,yes,10,-6.8494450261036945,0.7143624294910559,0.6545022492518787,1435,1412,2026-06-01 14:24:51.909697,3
5621,20,P11,yes,1,0.5104149925386992,0.5069439979482607,0.5138853177460049,3447,3445,2026-06-01 14:24:51.921211,5
4350,19,P15,yes,3,-0.675424124863639,0.2324649929561242,0.21792873238451507,2029,2075,2026-06-01 14:24:51.922704,5
3827,17,P19,no,1,0.9493350125401321,0.05133579311531625,0.049999740399933254,1170,1276,2026-06-01 14:24:51.940770,5
1415,8,P18,yes,1,-0.6513526546054891,0.6545022492518787,0.6481942198637447,1434,1412,2026-06-01 14:24:51.956674,3
4351,19,P19,no,1,-0.7796917426899199,0.21792873238451507,0.22270013882530884,2029,2074,2026-06-01 14:24:51.966502,5
5622,20,P12,yes,1,0.517353858804654,0.5138853177460049,0.520821285372743,3448,3445,2026-06-01 14:24:51.975311,5
2144,9,P01,yes,1,0.48264614119489124,0.4791787146272571,0.4861146822539951,1646,1648,2026-06-01 14:24:52.053129,3
5623,20,P08,yes,1,0.5242860391554132,0.520821285372743,0.5277492350545132,3449,3445,2026-06-01 14:24:52.053217,5
1416,8,P10,yes,1,0.6513526546054891,0.6481942198637447,0.6545022492518787,1435,1412,2026-06-01 14:24:52.054359,3
2145,9,P09,no,6,3.2078793714397307,0.4861146822539951,0.444671944737631,1646,1654,2026-06-01 14:24:52.059688,3
4352,19,P03,yes,1,0.22511671166694214,0.22270013882530884,0.22754561719281613,2030,2074,2026-06-01 14:24:52.071534,5
5624,20,P14,no,1,-0.4687911263558817,0.5277492350545132,0.534666513353404,3449,3444,2026-06-01 14:24:52.079868,5
3828,17,P03,no,5,4.765825733994916,0.049999740399933254,0.04379999771646115,1170,1281,2026-06-01 14:24:52.087668,5
3134,11,P18,no,3,-0.7200285555188657,0.7523361988609284,0.7675350070438758,1914,1871,2026-06-01 14:24:52.097564,3
2146,9,P08,yes,4,1.8337605265203365,0.444671944737631,0.47225076494548685,1650,1654,2026-06-01 14:24:52.103860,3
6503,21,P03,yes,1,-0.15338290922682063,0.15519224623709701,0.1515851487892869,4117,4179,2026-06-01 14:24:52.151896,5
6504,21,P03,yes,1,-0.14981043757052248,0.1515851487892869,0.1480471980316895,4116,4179,2026-06-01 14:24:52.155021,5
3829,17,P09,yes,10,0.5013723887216202,0.04379999771646115,0.0570247014210931,1180,1281,2026-06-01 14:24:52.158653,5
6505,21,P17,yes,6,-0.8276476224909857,0.1480471980316895,0.12823373759251924,4110,4179,2026-06-01 14:24:52.164705,5
3830,17,P19,no,1,0.9437160500876871,0.0570247014210931,0.055549260157611746,1180,1282,2026-06-01 14:24:52.170060,5
5625,20,P02,yes,1,0.5381197166907441,0.534666513353404,0.5415704832167999,3450,3444,2026-06-01 14:24:52.184513,5
4353,19,P17,yes,4,-0.8719127373083211,0.22754561719281613,0.20860852732604496,2026,2074,2026-06-01 14:24:52.197237,5
3135,11,P09,no,7,-1.5100561717374603,0.7675350070438758,0.8004148013462675,1914,1864,2026-06-01 14:24:52.205558,3
3136,11,P22,yes,10,-7.769915272743674,0.8004148013462675,0.7523361988609284,1904,1864,2026-06-01 14:24:52.239485,3
5626,20,P03,yes,1,-0.5381197166907441,0.5415704832167999,0.534666513353404,3449,3444,2026-06-01 14:24:52.257641,5
4354,19,P19,yes,7,1.5768524029558648,0.20860852732604496,0.24252442073717165,2033,2074,2026-06-01 14:24:52.300412,5
5627,20,P18,yes,4,2.193784740742558,0.534666513353404,0.5621765008857981,3453,3444,2026-06-01 14:24:52.308442,5
4355,19,P09,yes,6,-1.365938571046172,0.24252442073717165,0.2132315108375271,2027,2074,2026-06-01 14:24:52.345027,5
663,7,P09,no,2,0.617697764148943,0.6970592839654074,0.6852009766653157,1190,1162,2026-06-01 14:24:52.369325,3
6506,21,P24,yes,1,0.12979709629416902,0.12823373759251924,0.13137120953080678,4111,4179,2026-06-01 14:24:52.378383,5
2147,9,P18,no,3,1.614344531438519,0.47225076494548685,0.4515414720267231,1650,1657,2026-06-01 14:24:52.389511,3
4356,19,P03,yes,7,1.6110266168038834,0.2132315108375271,0.2476638011390716,2034,2074,2026-06-01 14:24:52.396017,5
5628,20,P15,no,11,5.233366487653257,0.5621765008857981,0.4861146822539951,3453,3455,2026-06-01 14:24:52.425549,5
2148,9,P12,yes,3,1.385655468561481,0.4515414720267231,0.47225076494548685,1653,1657,2026-06-01 14:24:52.431252,3
4357,19,P24,no,1,-0.7497362589815566,0.2476638011390716,0.25287573272933045,2034,2073,2026-06-01 14:24:52.441966,5
5629,20,P12,yes,2,0.9861128968664161,0.4861146822539951,0.5,3455,3455,2026-06-01 14:24:52.444342,5
5630,20,P02,yes,1,0.5034721105953395,0.5,0.5069439979482607,3456,3455,2026-06-01 14:24:52.465586,5
5631,20,P04,no,9,-4.157360505959787,0.5069439979482607,0.5690013325681905,3456,3446,2026-06-01 14:24:52.466860,5
4358,19,P01,no,1,0.7497362589815566,0.25287573272933045,0.2476638011390716,2034,2074,2026-06-01 14:24:52.473937,5
1417,8,P10,yes,1,0.6576338731481428,0.6545022492518787,0.6607563687658172,1436,1412,2026-06-01 14:24:52.481224,3
1418,8,P10,yes,1,0.6638603292090011,0.6607563687658172,0.6669548851735586,1437,1412,2026-06-01 14:24:52.517079,3
4359,19,P03,no,16,-11.327268224831187,0.2476638011390716,0.33924363123418283,2034,2058,2026-06-01 14:24:52.567131,5
4360,19,P16,no,1,0.6638603292090011,0.33924363123418283,0.3330451148264414,2034,2059,2026-06-01 14:24:52.613162,5
1419,8,P18,yes,1,0.6700303657014501,0.6669548851735586,0.6730961777222321,1438,1412,2026-06-01 14:24:52.628214,3
5632,20,P15,no,8,3.667775498498031,0.5690013325681905,0.5138853177460049,3456,3454,2026-06-01 14:24:52.641172,5
1420,8,P10,yes,2,1.3583373161955024,0.6730961777222321,0.6852009766653157,1440,1412,2026-06-01 14:24:52.648878,3
4361,19,P20,no,1,0.6700303657016775,0.3330451148264414,0.32690382227776793,2034,2060,2026-06-01 14:24:52.672148,5
3831,17,P22,no,3,2.8397508146556447,0.055549260157611746,0.05133579311531625,1180,1285,2026-06-01 14:24:52.673726,5
4362,19,P09,no,12,8.499153011225644,0.32690382227776793,0.2581597095111632,2034,2072,2026-06-01 14:24:52.674301,5
5633,20,P10,no,1,-0.482646141195346,0.5138853177460049,0.520821285372743,3456,3453,2026-06-01 14:24:52.713884,5
4363,19,P14,no,4,3.0091513471306826,0.2581597095111632,0.23745802834390253,2034,2076,2026-06-01 14:24:52.719721,5
5634,20,P11,yes,8,4.387273614698188,0.520821285372743,0.5758000536158003,3464,3453,2026-06-01 14:24:52.727013,5
1421,8,P20,no,5,1.6501381157459036,0.6852009766653157,0.6545022492518787,1440,1417,2026-06-01 14:24:52.732821,3
6507,21,P03,yes,6,-0.7334650667280584,0.13137120953080678,0.11349222580422871,4105,4179,2026-06-01 14:24:52.829911,5
664,7,P09,yes,4,2.788065931356414,0.6852009766653157,0.7086608250294356,1194,1162,2026-06-01 14:24:52.846814,3
5635,20,P03,yes,18,-9.248643044104028,0.5758000536158003,0.4515414720267231,3446,3453,2026-06-01 14:24:52.862306,5
6508,21,P19,yes,1,-0.11210480668705713,0.11349222580422871,0.1107273179723682,4104,4179,2026-06-01 14:24:52.880043,5
5636,20,P17,no,1,-0.545015941103884,0.4515414720267231,0.45842951678320015,3446,3452,2026-06-01 14:24:52.916353,5
2149,9,P03,no,9,-4.468791126355882,0.47225076494548685,0.534666513353404,1653,1648,2026-06-01 14:24:52.929567,3
3955,18,P24,yes,14,0.6854453310772897,0.04043956481800324,0.05853690287436789,1396,1496,2026-06-01 14:24:52.957071,5
4364,19,P17,yes,2,-0.4649545398410737,0.23745802834390253,0.22754561719281613,2032,2076,2026-06-01 14:24:52.958249,5
5637,20,P09,no,1,0.545015941103884,0.45842951678320015,0.4515414720267231,3446,3453,2026-06-01 14:24:52.960246,5
5638,20,P23,yes,1,0.4549840588965708,0.4515414720267231,0.45842951678320015,3447,3453,2026-06-01 14:24:52.963954,5
5639,20,P13,yes,1,0.4618802833083464,0.45842951678320015,0.46533348664659613,3448,3453,2026-06-01 14:24:52.969550,5
5640,20,P20,yes,1,0.46879112635633646,0.46533348664659613,0.47225076494548685,3449,3453,2026-06-01 14:24:52.990079,5
3832,17,P05,no,1,0.9493350125401321,0.05133579311531625,0.049999740399933254,1180,1286,2026-06-01 14:24:53.003022,5
5641,20,P09,yes,1,-0.46879112635633646,0.47225076494548685,0.46533348664659613,3448,3453,2026-06-01 14:24:53.026283,5
5642,20,P20,yes,1,0.46879112635633646,0.46533348664659613,0.47225076494548685,3449,3453,2026-06-01 14:24:53.029743,5
3833,17,P19,no,1,0.9506545111551077,0.049999740399933254,0.04869667456442473,1180,1287,2026-06-01 14:24:53.041581,5
3137,11,P18,no,4,1.0328293991501596,0.7523361988609284,0.7310585786300049,1904,1868,2026-06-01 14:24:53.048689,3
2150,9,P09,no,3,1.427151228396042,0.534666513353404,0.5138853177460049,1653,1651,2026-06-01 14:24:53.050268,3
1422,8,P18,no,8,-2.5678544645948023,0.6545022492518787,0.702892745013669,1440,1409,2026-06-01 14:24:53.105193,3
3138,11,P09,no,1,-0.2662224153923489,0.7310585786300049,0.736484844941675,1904,1867,2026-06-01 14:24:53.123176,3
2151,9,P18,no,2,0.9861128968661887,0.5138853177460049,0.5,1653,1653,2026-06-01 14:24:53.132130,3
3834,17,P03,no,12,11.499594835934886,0.04869667456442473,0.03538109202197851,1180,1299,2026-06-01 14:24:53.133113,5
5643,20,P18,no,2,-1.0416398979600672,0.47225076494548685,0.4861146822539951,3449,3451,2026-06-01 14:24:53.142786,5
1423,8,P18,yes,1,0.7057822802053124,0.702892745013669,0.7086608250294356,1441,1409,2026-06-01 14:24:53.156173,3
665,7,P18,yes,2,1.428702360041143,0.7086608250294356,0.7199965396446176,1196,1162,2026-06-01 14:24:53.169641,3
5644,20,P11,yes,6,3.041639897960067,0.4861146822539951,0.5277492350545132,3455,3451,2026-06-01 14:24:53.214060,5
1424,8,P12,yes,11,-7.434298872766249,0.7086608250294356,0.6418340450887311,1430,1409,2026-06-01 14:24:53.260188,3
4365,19,P20,yes,1,0.2299991558866168,0.22754561719281613,0.2324649929561242,2033,2076,2026-06-01 14:24:53.266603,5
4366,19,P24,yes,5,1.2258040368237744,0.2324649929561242,0.2581597095111632,2038,2076,2026-06-01 14:24:53.299015,5
666,7,P09,no,7,-1.8268161234304898,0.7199965396446176,0.7574755792628283,1196,1155,2026-06-01 14:24:53.317301,3
667,7,P19,no,1,0.2450880457583935,0.7574755792628283,0.7523361988609284,1196,1156,2026-06-01 14:24:53.329953,3
3956,18,P22,no,8,7.5776200672466985,0.05853690287436789,0.04742587317756679,1396,1504,2026-06-01 14:24:53.345484,5
5645,20,P03,no,9,4.531208873644118,0.5277492350545132,0.46533348664659613,3455,3460,2026-06-01 14:24:53.363740,5
5646,20,P20,no,9,-4.531208873644118,0.46533348664659613,0.5277492350545132,3455,3451,2026-06-01 14:24:53.398172,5
4367,19,P09,yes,5,1.3587674468190016,0.2581597095111632,0.2856375705089441,2043,2076,2026-06-01 14:24:53.406876,5
668,7,P09,no,7,1.8645429281241377,0.7523361988609284,0.7143624294910559,1196,1163,2026-06-01 14:24:53.424036,3
3957,18,P22,no,1,0.9531963510560217,0.04742587317756679,0.04618662486055427,1396,1505,2026-06-01 14:24:53.427451,5
5647,20,P24,no,9,4.531208873644118,0.5277492350545132,0.46533348664659613,3455,3460,2026-06-01 14:24:53.441195,5
1425,8,P09,no,1,-0.3549815974499779,0.6418340450887311,0.6481942198637447,1430,1408,2026-06-01 14:24:53.463730,3
4368,19,P03,yes,10,3.1505549738963055,0.2856375705089441,0.3454977507481214,2053,2076,2026-06-01 14:24:53.472834,5
4369,19,P20,no,1,0.6576338731483702,0.3454977507481214,0.33924363123418283,2053,2077,2026-06-01 14:24:53.475277,5
3958,18,P17,no,1,-0.9531963510560217,0.04618662486055427,0.04742587317756679,1396,1504,2026-06-01 14:24:53.487699,5
3959,18,P22,no,7,6.697029424015,0.04742587317756679,0.039375324260408275,1396,1511,2026-06-01 14:24:53.512620,5
4370,19,P14,no,12,8.360097623981346,0.33924363123418283,0.2689414213699951,2053,2089,2026-06-01 14:24:53.580644,5
5648,20,P13,no,7,-3.5728487716041855,0.46533348664659613,0.5138853177460049,3455,3453,2026-06-01 14:24:53.593238,5
3139,11,P09,no,1,0.2662224153923489,0.736484844941675,0.7310585786300049,1904,1868,2026-06-01 14:24:53.594033,3
5649,20,P10,yes,1,0.517353858804654,0.5138853177460049,0.520821285372743,3456,3453,2026-06-01 14:24:53.610387,5
5650,20,P15,no,1,0.482646141195346,0.520821285372743,0.5138853177460049,3456,3454,2026-06-01 14:24:53.641643,5
5651,20,P15,no,1,0.4895850074617556,0.5138853177460049,0.5069439979482607,3456,3455,2026-06-01 14:24:53.657074,5
3835,17,P11,yes,1,0.03585921247031365,0.03538109202197851,0.03634146014678239,1181,1299,2026-06-01 14:24:53.658781,5
4371,19,P03,yes,1,0.271683794884666,0.2689414213699951,0.2744377878410785,2054,2089,2026-06-01 14:24:53.659156,5
4372,19,P09,no,1,-0.7227851163625019,0.2744377878410785,0.2800034603553825,2054,2088,2026-06-01 14:24:53.673101,5
5652,20,P24,yes,4,2.08326376414243,0.5069439979482607,0.534666513353404,3460,3455,2026-06-01 14:24:53.690636,5
4373,19,P01,no,1,0.7227851163625019,0.2800034603553825,0.2744377878410785,2054,2089,2026-06-01 14:24:53.738155,5
6509,21,P03,no,1,0.8906304535830714,0.1107273179723682,0.10802156134341918,4104,4180,2026-06-01 14:24:53.751826,5
5653,20,P17,yes,2,1.083135657794628,0.534666513353404,0.548458527973277,3462,3455,2026-06-01 14:24:53.752202,5
4374,19,P11,no,1,0.728316205115334,0.2744377878410785,0.2689414213699951,2054,2090,2026-06-01 14:24:53.753904,5
6510,21,P15,yes,9,1.0879063808042702,0.10802156134341918,0.13457359546569392,4113,4180,2026-06-01 14:24:53.768879,5
4375,19,P11,yes,1,-0.2662224153923489,0.2689414213699951,0.26351515505832507,2053,2090,2026-06-01 14:24:53.777322,5
1426,8,P09,yes,1,-0.6450184025497947,0.6481942198637447,0.6418340450887311,1429,1408,2026-06-01 14:24:53.834741,3
5654,20,P17,yes,19,11.628043788894047,0.548458527973277,0.6730961777222321,3481,3455,2026-06-01 14:24:53.857536,5
1427,8,P18,no,1,-0.3549815974502053,0.6418340450887311,0.6481942198637447,1429,1407,2026-06-01 14:24:53.873356,3
1428,8,P09,yes,17,-10.06830222402482,0.6481942198637447,0.534666513353404,1412,1407,2026-06-01 14:24:53.884276,3
5655,20,P14,no,2,0.6661093050897762,0.6730961777222321,0.6607563687658172,3481,3457,2026-06-01 14:24:53.895313,5
4376,19,P02,no,7,5.283365304836934,0.26351515505832507,0.22754561719281613,2053,2097,2026-06-01 14:24:53.905841,5
5656,20,P21,no,6,2.149448303809095,0.6607563687658172,0.6224593312018546,3481,3463,2026-06-01 14:24:53.909523,5
1429,8,P13,yes,11,6.294931976515272,0.534666513353404,0.6093175418435606,1423,1407,2026-06-01 14:24:53.919224,3
5657,20,P23,yes,3,-1.8378097737986536,0.6224593312018546,0.6026853379784917,3478,3463,2026-06-01 14:24:53.923110,5
1430,8,P11,no,1,-0.38738299639976503,0.6093175418435606,0.6159095915435134,1423,1406,2026-06-01 14:24:53.933609,3
3140,11,P09,no,1,0.2716837948844386,0.7310585786300049,0.7255622121589215,1904,1869,2026-06-01 14:24:53.949446,3
669,7,P23,no,1,0.288482789507043,0.7143624294910559,0.7086608250294356,1196,1164,2026-06-01 14:24:53.952391,3
5658,20,P02,no,1,0.4006466663076935,0.6026853379784917,0.5960151933265168,3478,3464,2026-06-01 14:24:53.962737,5
2709,10,P09,no,10,1.4145575636625836,0.8748396004250029,0.8411308951190849,1733,1673,2026-06-01 14:24:53.986370,3
5659,20,P03,yes,9,-5.089573948096586,0.5960151933265168,0.534666513353404,3469,3464,2026-06-01 14:24:53.992362,5
6511,21,P19,yes,12,-1.400186277962348,0.13457359546569392,0.10025049035751298,4101,4180,2026-06-01 14:24:53.996399,5
2152,9,P09,yes,5,-2.4132641252622307,0.5,0.46533348664659613,1648,1653,2026-06-01 14:24:53.999093,3
2710,10,P19,yes,3,2.539781815880815,0.8411308951190849,0.8519528019683106,1736,1673,2026-06-01 14:24:54.038360,3
5660,20,P03,no,10,5.0,0.534666513353404,0.46533348664659613,3469,3474,2026-06-01 14:24:54.039692,5
5661,20,P14,no,1,-0.5312088736441183,0.46533348664659613,0.47225076494548685,3469,3473,2026-06-01 14:24:54.040571,5
3141,11,P18,no,18,-4.113717339842651,0.7255622121589215,0.8133949179068393,1904,1851,2026-06-01 14:24:54.043513,3
6512,21,P10,no,14,-12.324108268872806,0.10025049035751298,0.14117613544185983,4101,4166,2026-06-01 14:24:54.061107,5
3142,11,P03,no,1,0.18872543433963074,0.8133949179068393,0.8091419557551346,1904,1852,2026-06-01 14:24:54.079559,3
2153,9,P19,yes,6,2.91673623585757,0.46533348664659613,0.5069439979482607,1654,1653,2026-06-01 14:24:54.102265,3
1431,8,P10,yes,6,3.812105898514801,0.6159095915435134,0.6545022492518787,1429,1406,2026-06-01 14:24:54.130521,3
3143,11,P09,no,1,0.19301521156126,0.8091419557551346,0.8048153229861598,1904,1853,2026-06-01 14:24:54.132743,3
5662,20,P07,yes,1,0.4757139608450416,0.47225076494548685,0.4791787146272571,3470,3473,2026-06-01 14:24:54.158511,5
5663,20,P04,yes,6,2.9999999999995453,0.4791787146272571,0.520821285372743,3476,3473,2026-06-01 14:24:54.159217,5
1432,8,P09,yes,12,8.289415292014382,0.6545022492518787,0.7255622121589215,1441,1406,2026-06-01 14:24:54.159447,3
5664,20,P21,yes,1,0.5242860391549584,0.520821285372743,0.5277492350545132,3477,3473,2026-06-01 14:24:54.169049,5
3144,11,P23,no,3,0.6055230511931313,0.8048153229861598,0.791391472673955,1904,1856,2026-06-01 14:24:54.176478,3
2154,9,P18,yes,8,-3.8336005780631695,0.5069439979482607,0.4515414720267231,1646,1653,2026-06-01 14:24:54.207760,3
1433,8,P22,no,5,1.442748828090771,0.7255622121589215,0.6970592839654074,1441,1411,2026-06-01 14:24:54.220069,3
1434,8,P13,no,1,0.30588425173209544,0.6970592839654074,0.6911616123625146,1441,1412,2026-06-01 14:24:54.222589,3
6513,21,P19,no,1,0.8604966688735658,0.14117613544185983,0.13784165696493572,4101,4167,2026-06-01 14:24:54.234121,5
4377,19,P17,yes,1,-0.22511671166694214,0.22754561719281613,0.22270013882530884,2052,2097,2026-06-01 14:24:54.244555,5
1435,8,P22,no,1,0.3118135124170749,0.6911616123625146,0.6852009766653157,1441,1413,2026-06-01 14:24:54.261013,3
5665,20,P24,yes,11,6.22013615543392,0.5277492350545132,0.6026853379784917,3488,3473,2026-06-01 14:24:54.262590,5
4378,19,P19,no,9,-6.792026177777643,0.22270013882530884,0.2689414213699951,2052,2088,2026-06-01 14:24:54.286466,5
5666,20,P10,yes,5,-2.9295515518915636,0.6026853379784917,0.5690013325681905,3483,3473,2026-06-01 14:24:54.286715,5
5667,20,P15,no,9,4.157360505959787,0.5690013325681905,0.5069439979482607,3483,3482,2026-06-01 14:24:54.289984,5
6514,21,P09,no,1,0.8637978779606783,0.13784165696493572,0.13457359546569392,4101,4168,2026-06-01 14:24:54.303930,5
3145,11,P20,no,5,1.1019118931951652,0.791391472673955,0.7675350070438758,1904,1861,2026-06-01 14:24:54.325816,3
2155,9,P18,no,1,0.5518949420411445,0.4515414720267231,0.444671944737631,1646,1654,2026-06-01 14:24:54.347746,3
2156,9,P13,yes,1,0.44810505795885547,0.444671944737631,0.4515414720267231,1647,1654,2026-06-01 14:24:54.376707,3
1436,8,P11,no,3,0.9716323181030475,0.6852009766653157,0.6669548851735586,1441,1416,2026-06-01 14:24:54.403629,3
4379,19,P02,no,1,0.7337775846076511,0.2689414213699951,0.26351515505832507,2052,2089,2026-06-01 14:24:54.408450,5
4380,19,P15,no,5,3.748319844678008,0.26351515505832507,0.23745802834390253,2052,2094,2026-06-01 14:24:54.465777,5
6515,21,P24,yes,6,0.8680769120228433,0.13457359546569392,0.15519224623709701,4107,4168,2026-06-01 14:24:54.487935,5
6516,21,P09,no,20,17.536173358435008,0.15519224623709701,0.0953494648991095,4107,4188,2026-06-01 14:24:54.498508,5
5668,20,P17,yes,1,0.5104149925382444,0.5069439979482607,0.5138853177460049,3484,3482,2026-06-01 14:24:54.508263,5
6517,21,P11,yes,4,0.4011503444680784,0.0953494648991095,0.10537408848177848,4111,4188,2026-06-01 14:24:54.533224,5
4381,19,P24,yes,1,0.23998512580601528,0.23745802834390253,0.24252442073717165,2053,2094,2026-06-01 14:24:54.545284,5
670,7,P18,no,1,0.2942177197944602,0.7086608250294356,0.702892745013669,1196,1165,2026-06-01 14:24:54.547473,3
2157,9,P11,yes,1,0.4549840588965708,0.4515414720267231,0.45842951678320015,1648,1654,2026-06-01 14:24:54.575873,3
4382,19,P09,yes,1,0.24508804575816612,0.24252442073717165,0.2476638011390716,2054,2094,2026-06-01 14:24:54.586861,5
671,7,P09,no,7,-1.9414679561207322,0.702892745013669,0.7418402904888368,1196,1158,2026-06-01 14:24:54.596390,3
2158,9,P03,yes,1,0.4618802833090285,0.45842951678320015,0.46533348664659613,1649,1654,2026-06-01 14:24:54.609073,3
5669,20,P09,yes,1,0.517353858804654,0.5138853177460049,0.520821285372743,3485,3482,2026-06-01 14:24:54.611727,5
672,7,P03,no,1,0.2608315024526746,0.7418402904888368,0.736484844941675,1196,1159,2026-06-01 14:24:54.649945,3
673,7,P09,no,1,-0.2608315024526746,0.736484844941675,0.7418402904888368,1196,1158,2026-06-01 14:24:54.683256,3
5670,20,P17,yes,1,0.5242860391549584,0.520821285372743,0.5277492350545132,3486,3482,2026-06-01 14:24:54.685386,5
4383,19,P15,no,9,6.971731583537803,0.2476638011390716,0.20405977695922933,2054,2103,2026-06-01 14:24:54.691394,5
4384,19,P10,no,10,-7.72146784251936,0.20405977695922933,0.25287573272933045,2054,2093,2026-06-01 14:24:54.736852,5
674,7,P13,no,1,0.2608315024526746,0.7418402904888368,0.736484844941675,1196,1159,2026-06-01 14:24:54.776238,3
4385,19,P03,yes,1,0.25551174028669266,0.25287573272933045,0.2581597095111632,2055,2093,2026-06-01 14:24:54.808299,5
4386,19,P19,yes,1,0.2608315024526746,0.2581597095111632,0.26351515505832507,2056,2093,2026-06-01 14:24:54.828064,5
675,7,P13,no,12,3.5699851206200037,0.736484844941675,0.6669548851735586,1196,1171,2026-06-01 14:24:54.831554,3
5671,20,P24,yes,1,0.531208873644573,0.5277492350545132,0.534666513353404,3487,3482,2026-06-01 14:24:54.836301,5
6518,21,P24,yes,1,0.10669300427070993,0.10537408848177848,0.10802156134341918,4112,4188,2026-06-01 14:24:54.840501,5
4387,19,P21,no,9,6.837940335859912,0.26351515505832507,0.21792873238451507,2056,2102,2026-06-01 14:24:54.868319,5
6519,21,P09,no,1,0.8933069957292901,0.10802156134341918,0.10537408848177848,4112,4189,2026-06-01 14:24:54.902474,5
5672,20,P03,no,4,1.9167362358571154,0.534666513353404,0.5069439979482607,3487,3486,2026-06-01 14:24:54.905253,5
3146,11,P09,yes,1,0.7700008441133832,0.7675350070438758,0.7724543828071839,1905,1861,2026-06-01 14:24:54.932063,3
6520,21,P17,yes,1,0.10669300427070993,0.10537408848177848,0.10802156134341918,4113,4189,2026-06-01 14:24:54.997234,5
1437,8,P05,yes,1,-0.6638603292090011,0.6669548851735586,0.6607563687658172,1440,1416,2026-06-01 14:24:55.000664,3
5673,20,P02,no,10,-4.584957533958459,0.5069439979482607,0.5758000536158003,3487,3476,2026-06-01 14:24:55.006031,5
676,7,P20,yes,1,0.6700303657014501,0.6669548851735586,0.6730961777222321,1197,1171,2026-06-01 14:24:55.015483,3
6521,21,P09,yes,20,-1.6969515321889048,0.10802156134341918,0.06496916912866407,4093,4189,2026-06-01 14:24:55.028910,5
1438,8,P09,no,8,2.9176432247365938,0.6607563687658172,0.6093175418435606,1440,1424,2026-06-01 14:24:55.047812,3
4388,19,P03,yes,17,4.448598954239969,0.21792873238451507,0.30883838763748533,2073,2102,2026-06-01 14:24:55.049697,5
1439,8,P11,yes,1,0.612617003600235,0.6093175418435606,0.6159095915435134,1441,1424,2026-06-01 14:24:55.058241,3
6522,21,P13,yes,14,1.094947805283482,0.06496916912866407,0.09298019452229982,4107,4189,2026-06-01 14:24:55.061037,5
4389,19,P01,no,5,3.5285818038146317,0.30883838763748533,0.2800034603553825,2073,2107,2026-06-01 14:24:55.076517,5
677,7,P18,no,1,-0.32385760144848064,0.6730961777222321,0.679178699175393,1197,1170,2026-06-01 14:24:55.093354,3
5674,20,P03,no,6,2.6682212981013436,0.5758000536158003,0.534666513353404,3487,3482,2026-06-01 14:24:55.095141,5
6523,21,P19,no,1,0.9081823317401359,0.09298019452229982,0.09066389627358525,4107,4190,2026-06-01 14:24:55.117752,5
4390,19,P03,yes,15,4.866167785574362,0.2800034603553825,0.3710353350500268,2088,2107,2026-06-01 14:24:55.130426,5
4391,19,P16,no,1,0.6321980651014201,0.3710353350500268,0.36457644074163925,2088,2108,2026-06-01 14:24:55.136617,5
6524,21,P02,yes,5,0.4830540817047222,0.09066389627358525,0.10278402491725176,4112,4190,2026-06-01 14:24:55.140177,5
4392,19,P02,no,2,1.2836513190673031,0.36457644074163925,0.3518057801362553,2088,2110,2026-06-01 14:24:55.140601,5
1440,8,P22,yes,1,0.6191880754724934,0.6159095915435134,0.6224593312018546,1442,1424,2026-06-01 14:24:55.169163,3
4393,19,P13,no,12,8.217982830256915,0.3518057801362553,0.2800034603553825,2088,2122,2026-06-01 14:24:55.176661,5
3147,11,P18,yes,1,-0.7700008441133832,0.7724543828071839,0.7675350070438758,1904,1861,2026-06-01 14:24:55.188446,3
1441,8,P09,no,1,0.38081192452750656,0.6224593312018546,0.6159095915435134,1442,1425,2026-06-01 14:24:55.198353,3
4394,19,P12,no,1,0.7227851163625019,0.2800034603553825,0.2744377878410785,2088,2123,2026-06-01 14:24:55.207214,5
4395,19,P09,yes,4,1.1427302433908153,0.2744377878410785,0.2971072549863309,2092,2123,2026-06-01 14:24:55.233400,5
4396,19,P24,no,1,0.7057822802057672,0.2971072549863309,0.29133917497056444,2092,2124,2026-06-01 14:24:55.239431,5
3836,17,P09,yes,4,0.1534219382936044,0.03634146014678239,0.04043956481800324,1185,1299,2026-06-01 14:24:55.243716,5
3148,11,P18,yes,4,3.1090019387149823,0.7675350070438758,0.7867684891624728,1908,1861,2026-06-01 14:24:55.267632,3
2159,9,P09,no,4,2.193784740742558,0.46533348664659613,0.4378234991142019,1649,1658,2026-06-01 14:24:55.293111,3
2160,9,P20,yes,5,2.275006385613551,0.4378234991142019,0.47225076494548685,1654,1658,2026-06-01 14:24:55.296926,3
4397,19,P01,no,1,0.7115172104931844,0.29133917497056444,0.2856375705089441,2092,2125,2026-06-01 14:24:55.303621,5
4398,19,P11,no,7,5.135457071875408,0.2856375705089441,0.2476638011390716,2092,2132,2026-06-01 14:24:55.310685,5
1442,8,P20,yes,4,2.5157348413595173,0.6159095915435134,0.6418340450887311,1446,1425,2026-06-01 14:24:55.324747,3
4399,19,P24,yes,1,0.2502637410184434,0.2476638011390716,0.25287573272933045,2093,2132,2026-06-01 14:24:55.340015,5
4400,19,P24,yes,9,2.496998281107153,0.25287573272933045,0.3029407160345927,2102,2132,2026-06-01 14:24:55.409078,5
4401,19,P17,no,6,4.285567377024563,0.3029407160345927,0.2689414213699951,2102,2138,2026-06-01 14:24:55.434137,5
3149,11,P13,no,1,0.21557393642160605,0.7867684891624728,0.7820712676154848,1908,1862,2026-06-01 14:24:55.454719,3
5675,20,P24,yes,1,0.5381197166907441,0.534666513353404,0.5415704832167999,3488,3482,2026-06-01 14:24:55.456648,5
1443,8,P18,yes,3,1.954004930303654,0.6418340450887311,0.6607563687658172,1449,1425,2026-06-01 14:24:55.499011,3
2161,9,P09,no,4,-2.0555270010938784,0.47225076494548685,0.5,1654,1654,2026-06-01 14:24:55.517290,3
4402,19,P19,yes,4,1.1201963184812485,0.2689414213699951,0.29133917497056444,2106,2138,2026-06-01 14:24:55.534206,5
1444,8,P09,no,6,-1.9254697530432168,0.6607563687658172,0.6970592839654074,1449,1419,2026-06-01 14:24:55.542295,3
4403,19,P22,no,1,0.7115172104927296,0.29133917497056444,0.2856375705089441,2106,2139,2026-06-01 14:24:55.580958,5
4404,19,P17,no,3,2.168286471026022,0.2856375705089441,0.2689414213699951,2106,2142,2026-06-01 14:24:55.624221,5
6525,21,P19,yes,1,-0.10151258369751304,0.10278402491725176,0.10025049035751298,4111,4190,2026-06-01 14:24:55.668671,5
678,7,P18,no,1,-0.317805082356017,0.679178699175393,0.6852009766653157,1197,1169,2026-06-01 14:24:55.674640,3
5676,20,P03,no,1,0.4618802833092559,0.5415704832167999,0.534666513353404,3488,3483,2026-06-01 14:24:55.685386,5
4405,19,P03,yes,1,0.271683794884666,0.2689414213699951,0.2744377878410785,2107,2142,2026-06-01 14:24:55.693994,5
4406,19,P24,no,4,-2.8572697566091847,0.2744377878410785,0.2971072549863309,2107,2138,2026-06-01 14:24:55.699450,5
6526,21,P03,yes,2,-0.19556345158071053,0.10025049035751298,0.0953494648991095,4109,4190,2026-06-01 14:24:55.704140,5
1445,8,P05,yes,1,0.6999814153002717,0.6970592839654074,0.702892745013669,1450,1419,2026-06-01 14:24:55.717990,3
1446,8,P22,yes,1,-0.6999814153002717,0.702892745013669,0.6970592839654074,1449,1419,2026-06-01 14:24:55.720559,3
3960,18,P09,yes,19,0.9721538568833239,0.039375324260408275,0.06496916912866407,1415,1511,2026-06-01 14:24:55.727037,5
2162,9,P18,yes,4,2.0555270010938784,0.5,0.5277492350545132,1658,1654,2026-06-01 14:24:55.727319,3
3150,11,P18,no,1,-0.21557393642160605,0.7820712676154848,0.7867684891624728,1908,1861,2026-06-01 14:24:55.734183,3
2163,9,P13,no,12,6.166239473479436,0.5277492350545132,0.444671944737631,1658,1666,2026-06-01 14:24:55.745709,3
2164,9,P12,yes,1,0.44810505795885547,0.444671944737631,0.4515414720267231,1659,1666,2026-06-01 14:24:55.747293,3
1447,8,P23,no,1,0.30588425173186806,0.6970592839654074,0.6911616123625146,1449,1420,2026-06-01 14:24:55.748153,3
2711,10,P18,no,18,3.301377512662384,0.8519528019683106,0.7772998611746911,1736,1691,2026-06-01 14:24:55.751910,3
2712,10,P01,yes,1,0.7796917426899199,0.7772998611746911,0.7820712676154848,1737,1691,2026-06-01 14:24:55.763619,3
3151,11,P11,no,14,3.4755695449282484,0.7867684891624728,0.7143624294910559,1908,1875,2026-06-01 14:24:55.764525,3
1448,8,P12,yes,7,-4.689401026442283,0.6911616123625146,0.6481942198637447,1442,1420,2026-06-01 14:24:55.770900,3
3152,11,P09,yes,2,1.4399702659104605,0.7143624294910559,0.7255622121589215,1910,1875,2026-06-01 14:24:55.776400,3
3961,18,P19,no,13,12.284013070157698,0.06496916912866407,0.04618662486055427,1415,1524,2026-06-01 14:24:55.820854,5
2713,10,P08,yes,1,0.784426063578394,0.7820712676154848,0.7867684891624728,1738,1691,2026-06-01 14:24:55.838607,3
4407,19,P02,yes,1,-0.29421771979423283,0.2971072549863309,0.29133917497056444,2106,2138,2026-06-01 14:24:55.852564,5
2714,10,P22,yes,5,3.990547905335461,0.7867684891624728,0.8091419557551346,1743,1691,2026-06-01 14:24:55.865028,3
5677,20,P17,yes,3,1.6350305998353178,0.534666513353404,0.555328055262369,3491,3483,2026-06-01 14:24:55.869939,5
2715,10,P11,yes,5,4.097804400417317,0.8091419557551346,0.8296760813561542,1748,1691,2026-06-01 14:24:55.875152,3
4408,19,P21,no,2,1.4287023600409157,0.29133917497056444,0.2800034603553825,2106,2140,2026-06-01 14:24:55.920918,5
4409,19,P19,yes,1,0.28281485045226873,0.2800034603553825,0.2856375705089441,2107,2140,2026-06-01 14:24:55.959821,5
5678,20,P17,no,2,-0.8756548699375344,0.555328055262369,0.5690013325681905,3491,3481,2026-06-01 14:24:55.966964,5
5679,20,P15,no,1,0.43440901084477446,0.5690013325681905,0.5621765008857981,3491,3482,2026-06-01 14:24:55.973890,5
679,7,P18,no,1,0.317805082356017,0.6852009766653157,0.679178699175393,1197,1170,2026-06-01 14:24:55.984694,3
3962,18,P17,yes,5,0.2468905789605742,0.04618662486055427,0.05270556608289024,1420,1524,2026-06-01 14:24:55.985125,5
2165,9,P22,yes,2,0.9168643422055993,0.4515414720267231,0.46533348664659613,1661,1666,2026-06-01 14:24:56.001175,3
2716,10,P14,yes,1,0.8316268084481635,0.8296760813561542,0.8335655924457414,1749,1691,2026-06-01 14:24:56.030912,3
3153,11,P01,yes,3,2.201262287270538,0.7255622121589215,0.7418402904888368,1913,1875,2026-06-01 14:24:56.123997,3
3154,11,P18,yes,1,0.7444882597128526,0.7418402904888368,0.7471242672706695,1914,1875,2026-06-01 14:24:56.150700,3
3963,18,P24,yes,4,0.2222930027367056,0.05270556608289024,0.05853690287436789,1424,1524,2026-06-01 14:24:56.153399,5
1449,8,P09,yes,2,1.3089865277538593,0.6481942198637447,0.6607563687658172,1444,1420,2026-06-01 14:24:56.164182,3
4410,19,P21,no,1,0.7171851495477313,0.2856375705089441,0.2800034603553825,2107,2141,2026-06-01 14:24:56.196940,5
2717,10,P13,yes,4,3.364336004438428,0.8335655924457414,0.8484148512107131,1753,1691,2026-06-01 14:24:56.385027,3
5680,20,P24,yes,1,-0.5587541409072401,0.5621765008857981,0.555328055262369,3490,3482,2026-06-01 14:24:56.401783,5
6527,21,P19,yes,1,-0.09416037816663447,0.0953494648991095,0.09298019452229982,4108,4190,2026-06-01 14:24:56.430110,5
3155,11,P09,no,1,0.2555117402871474,0.7471242672706695,0.7418402904888368,1914,1876,2026-06-01 14:24:56.454072,3
4411,19,P17,yes,1,0.28281485045226873,0.2800034603553825,0.2856375705089441,2108,2141,2026-06-01 14:24:56.485651,5
6528,21,P03,yes,5,-0.4366983692525537,0.09298019452229982,0.08191057715532518,4103,4190,2026-06-01 14:24:56.487917,5
2166,9,P09,no,4,2.1937847407423305,0.46533348664659613,0.4378234991142019,1661,1670,2026-06-01 14:24:56.502428,3
5681,20,P17,no,1,0.4481050579593102,0.555328055262369,0.548458527973277,3490,3483,2026-06-01 14:24:56.518359,5
2718,10,P09,no,6,0.9763357970930429,0.8484148512107131,0.8257146788214146,1753,1697,2026-06-01 14:24:56.522503,3
3964,18,P22,no,4,3.7777069972632944,0.05853690287436789,0.05270556608289024,1424,1528,2026-06-01 14:24:56.529505,5
2167,9,P23,no,14,-7.1937847407423305,0.4378234991142019,0.534666513353404,1661,1656,2026-06-01 14:24:56.564066,3
2168,9,P13,no,11,5.5381197166909715,0.534666513353404,0.45842951678320015,1661,1667,2026-06-01 14:24:56.564410,3
3965,18,P19,no,1,0.9479821612653723,0.05270556608289024,0.05133579311531625,1424,1529,2026-06-01 14:24:56.596304,5
2719,10,P13,no,1,-0.17229860997963442,0.8257146788214146,0.8296760813561542,1753,1696,2026-06-01 14:24:56.630002,3
3966,18,P19,no,8,7.629848635849385,0.05133579311531625,0.04153132619455174,1424,1537,2026-06-01 14:24:56.641205,5
6529,21,P03,no,1,0.9191258346245377,0.08191057715532518,0.07984576661461423,4103,4191,2026-06-01 14:24:56.665024,5
680,7,P18,no,2,0.6538272357470305,0.679178699175393,0.6669548851735586,1197,1172,2026-06-01 14:24:56.679636,3
1450,8,P18,no,1,-0.33613967079099893,0.6607563687658172,0.6669548851735586,1444,1419,2026-06-01 14:24:56.681809,3
1451,8,P18,no,1,0.33613967079099893,0.6669548851735586,0.6607563687658172,1444,1420,2026-06-01 14:24:56.683849,3
5682,20,P17,yes,8,-4.166399421937058,0.548458527973277,0.49305600205173933,3482,3483,2026-06-01 14:24:56.685442,5
2169,9,P18,no,1,0.5450159411036566,0.45842951678320015,0.4515414720267231,1661,1668,2026-06-01 14:24:56.695180,3
3967,18,P03,no,9,8.66775042850577,0.04153132619455174,0.0326445247140918,1424,1546,2026-06-01 14:24:56.697358,5
2170,9,P18,no,3,1.6762400721031554,0.4515414720267231,0.4309986674318095,1661,1671,2026-06-01 14:24:56.702868,3
5683,20,P12,no,10,-4.722951495115012,0.49305600205173933,0.5621765008857981,3482,3473,2026-06-01 14:24:56.723768,5
4412,19,P03,yes,9,2.808188847044221,0.2856375705089441,0.33924363123418283,2117,2141,2026-06-01 14:24:56.733930,5
2171,9,P13,yes,1,0.4344090108445471,0.4309986674318095,0.4378234991142019,1662,1671,2026-06-01 14:24:56.762652,3
6530,21,P21,yes,1,0.08087416537546233,0.07984576661461423,0.08191057715532518,4104,4191,2026-06-01 14:24:56.786362,5
4413,19,P19,yes,13,4.954489950120205,0.33924363123418283,0.4241999463841996,2130,2141,2026-06-01 14:24:56.787905,5
4414,19,P14,no,1,0.5791876120238157,0.4241999463841996,0.41742979353768533,2130,2142,2026-06-01 14:24:56.789045,5
2172,9,P09,no,1,-0.5587541409070127,0.4378234991142019,0.444671944737631,1662,1670,2026-06-01 14:24:56.794491,3
4415,19,P09,yes,4,-1.6160343374076547,0.41742979353768533,0.3906824581564393,2126,2142,2026-06-01 14:24:56.814126,5
4416,19,P14,yes,15,-5.143131562479539,0.3906824581564393,0.2971072549863309,2111,2142,2026-06-01 14:24:56.820350,5
2720,10,P23,yes,9,7.617470932129436,0.8296760813561542,0.8621583430350643,1762,1696,2026-06-01 14:24:56.842793,3
681,7,P22,yes,1,0.6700303657014501,0.6669548851735586,0.6730961777222321,1198,1172,2026-06-01 14:24:56.853711,3
6531,21,P03,yes,1,-0.08087416537546233,0.08191057715532518,0.07984576661461423,4103,4191,2026-06-01 14:24:56.884097,5
682,7,P18,yes,16,-9.951803716791119,0.6730961777222321,0.5690013325681905,1182,1172,2026-06-01 14:24:56.891023,3
683,7,P23,yes,10,6.02527517505996,0.5690013325681905,0.6354235592583607,1192,1172,2026-06-01 14:24:56.907914,3
2173,9,P03,no,1,-0.5518949420406898,0.444671944737631,0.4515414720267231,1662,1669,2026-06-01 14:24:56.909434,3
4417,19,P19,yes,14,4.755748566080001,0.2971072549863309,0.3840904084564866,2125,2142,2026-06-01 14:24:56.935891,5
684,7,P18,no,4,1.510281071557074,0.6354235592583607,0.6093175418435606,1192,1176,2026-06-01 14:24:56.952252,3
685,7,P13,no,4,-1.510281071557074,0.6093175418435606,0.6354235592583607,1192,1172,2026-06-01 14:24:56.974304,3
4418,19,P04,no,12,7.85015427035205,0.3840904084564866,0.30883838763748533,2125,2154,2026-06-01 14:24:56.974983,5
2721,10,P18,no,1,0.1395033311264342,0.8621583430350643,0.8588238645581401,1762,1697,2026-06-01 14:24:56.984110,3
1452,8,P09,yes,1,0.6638603292087737,0.6607563687658172,0.6669548851735586,1445,1420,2026-06-01 14:24:56.988232,3
4419,19,P11,yes,1,-0.30588425173209544,0.30883838763748533,0.3029407160345927,2124,2154,2026-06-01 14:24:56.988358,5
1453,8,P18,yes,5,-3.2564981760297087,0.6669548851735586,0.6354235592583607,1440,1420,2026-06-01 14:24:57.002415,3
686,7,P09,no,1,-0.3613670834829463,0.6354235592583607,0.6418340450887311,1192,1171,2026-06-01 14:24:57.003155,3
1454,8,P09,no,1,-0.3613670834831737,0.6354235592583607,0.6418340450887311,1440,1419,2026-06-01 14:24:57.031466,3
2174,9,P09,yes,1,0.4549840588965708,0.4515414720267231,0.45842951678320015,1663,1669,2026-06-01 14:24:57.039130,3
4420,19,P19,yes,1,0.30588425173209544,0.3029407160345927,0.30883838763748533,2125,2154,2026-06-01 14:24:57.048569,5
5684,20,P09,no,1,0.44124585909275993,0.5621765008857981,0.555328055262369,3482,3474,2026-06-01 14:24:57.073395,5
687,7,P01,no,11,-3.5657011272339787,0.6418340450887311,0.7086608250294356,1192,1160,2026-06-01 14:24:57.087229,3
4421,19,P03,yes,5,1.6195855013111213,0.30883838763748533,0.33924363123418283,2130,2154,2026-06-01 14:24:57.101715,5
3156,11,P18,yes,1,-0.7391684975475528,0.7418402904888368,0.736484844941675,1913,1876,2026-06-01 14:24:57.111937,3
4422,19,P15,no,3,-1.954004930303654,0.33924363123418283,0.358165954911269,2130,2151,2026-06-01 14:24:57.120732,5
6532,21,P15,yes,9,0.807296364375361,0.07984576661461423,0.10025049035751298,4112,4191,2026-06-01 14:24:57.124194,5
4423,19,P15,no,10,6.7285165925604815,0.358165954911269,0.2971072549863309,2130,2161,2026-06-01 14:24:57.125239,5
1455,8,P18,no,5,1.871648155040475,0.6418340450887311,0.6093175418435606,1440,1424,2026-06-01 14:24:57.151780,3
1456,8,P09,yes,1,0.612617003600235,0.6093175418435606,0.6159095915435134,1441,1424,2026-06-01 14:24:57.153470,3
1457,8,P20,yes,1,0.6191880754724934,0.6159095915435134,0.6224593312018546,1442,1424,2026-06-01 14:24:57.213285,3
1458,8,P22,no,6,-2.149448303809095,0.6224593312018546,0.6607563687658172,1442,1418,2026-06-01 14:24:57.252047,3
4424,19,P12,no,6,4.31936354633217,0.2971072549863309,0.26351515505832507,2130,2167,2026-06-01 14:24:57.326912,5
3157,11,P18,yes,1,-0.7337775846074237,0.736484844941675,0.7310585786300049,1912,1876,2026-06-01 14:24:57.348502,3
5685,20,P03,yes,1,-0.5518949420406898,0.555328055262369,0.548458527973277,3481,3474,2026-06-01 14:24:57.404536,5
4425,19,P17,no,12,-8.430014879379996,0.26351515505832507,0.3330451148264414,2130,2155,2026-06-01 14:24:57.423288,5
5686,20,P17,no,1,0.45498405889611604,0.548458527973277,0.5415704832167999,3481,3475,2026-06-01 14:24:57.424530,5
4426,19,P04,no,1,0.6700303657012228,0.3330451148264414,0.32690382227776793,2130,2156,2026-06-01 14:24:57.448261,5
4427,19,P17,yes,1,0.32996963429877724,0.32690382227776793,0.3330451148264414,2131,2156,2026-06-01 14:24:57.458679,5
4428,19,P20,no,2,1.3461727642529695,0.3330451148264414,0.32082130082460697,2131,2158,2026-06-01 14:24:57.532717,5
4429,19,P17,no,1,0.6821949176442104,0.32082130082460697,0.3147990233346844,2131,2159,2026-06-01 14:24:57.549174,5
4430,19,P21,no,8,5.667869612875165,0.3147990233346844,0.2689414213699951,2131,2167,2026-06-01 14:24:57.552531,5
5687,20,P03,no,1,0.4618802833092559,0.5415704832167999,0.534666513353404,3481,3476,2026-06-01 14:24:57.588832,5
688,7,P23,no,8,2.51970605753786,0.7086608250294356,0.6607563687658172,1192,1168,2026-06-01 14:24:57.594104,3
689,7,P09,no,1,0.3423661268516298,0.6607563687658172,0.6545022492518787,1192,1169,2026-06-01 14:24:57.594166,3
5688,20,P24,no,15,7.7593757298977835,0.534666513353404,0.4309986674318095,3481,3491,2026-06-01 14:24:57.602795,5
6533,21,P03,yes,1,-0.0990069450745068,0.10025049035751298,0.09777259985079932,4111,4191,2026-06-01 14:24:57.618961,5
4431,19,P03,yes,14,4.3309158482647945,0.2689414213699951,0.3518057801362553,2145,2167,2026-06-01 14:24:57.626209,5
4432,19,P13,no,1,0.6513526546054891,0.3518057801362553,0.3454977507481214,2145,2168,2026-06-01 14:24:57.640726,5
690,7,P20,yes,5,3.3498618842540964,0.6545022492518787,0.6852009766653157,1197,1169,2026-06-01 14:24:57.645877,3
5689,20,P15,no,11,6.663908091576559,0.4309986674318095,0.358165954911269,3481,3502,2026-06-01 14:24:57.657168,5
2722,10,P09,no,1,-0.1395033311264342,0.8588238645581401,0.8621583430350643,1762,1696,2026-06-01 14:24:57.657590,3
5690,20,P24,yes,17,7.045507304881085,0.358165954911269,0.47225076494548685,3498,3502,2026-06-01 14:24:57.695739,5
691,7,P18,no,1,-0.31181351241730226,0.6852009766653157,0.6911616123625146,1197,1168,2026-06-01 14:24:57.713110,3
5691,20,P17,yes,1,-0.46879112635542697,0.47225076494548685,0.46533348664659613,3497,3502,2026-06-01 14:24:57.719849,5
4433,19,P18,no,8,5.432145535405198,0.3454977507481214,0.2971072549863309,2145,2176,2026-06-01 14:24:57.720663,5
4434,19,P17,yes,2,0.6059028364320511,0.2971072549863309,0.30883838763748533,2147,2176,2026-06-01 14:24:57.739552,5
3158,11,P18,no,7,2.020316874707305,0.7310585786300049,0.6911616123625146,1912,1883,2026-06-01 14:24:57.775600,3
4435,19,P11,no,10,7.197117467160751,0.30883838763748533,0.25287573272933045,2147,2186,2026-06-01 14:24:57.796235,5
5692,20,P08,no,1,-0.5312088736441183,0.46533348664659613,0.47225076494548685,3497,3501,2026-06-01 14:24:57.803472,5
6534,21,P09,no,3,2.717465447068207,0.09777259985079932,0.09066389627358525,4111,4194,2026-06-01 14:24:57.825683,5
4436,19,P03,yes,1,0.25551174028669266,0.25287573272933045,0.2581597095111632,2148,2186,2026-06-01 14:24:57.831685,5
5693,20,P12,no,1,-0.5242860391549584,0.47225076494548685,0.4791787146272571,3497,3500,2026-06-01 14:24:57.847523,5
4437,19,P24,yes,11,3.176989387325648,0.2581597095111632,0.32082130082460697,2159,2186,2026-06-01 14:24:57.868758,5
5694,20,P21,no,7,-3.4757139608454963,0.4791787146272571,0.5277492350545132,3497,3493,2026-06-01 14:24:57.917731,5
692,7,P18,no,2,-0.6059028364315964,0.6911616123625146,0.702892745013669,1197,1166,2026-06-01 14:24:57.929922,3
4438,19,P03,yes,14,5.109586941334328,0.32082130082460697,0.41069062390857347,2173,2186,2026-06-01 14:24:57.940808,5
2175,9,P18,no,1,-0.5381197166909715,0.45842951678320015,0.46533348664659613,1663,1668,2026-06-01 14:24:57.941926,3
4439,19,P03,yes,5,2.138121813260568,0.41069062390857347,0.444671944737631,2178,2186,2026-06-01 14:24:57.961343,5
3159,11,P11,yes,3,2.099879443773716,0.6911616123625146,0.7086608250294356,1915,1883,2026-06-01 14:24:57.975375,3
2723,10,P09,no,1,-0.1362021220384122,0.8621583430350643,0.8654264045343061,1762,1695,2026-06-01 14:24:57.978734,3
4440,19,P08,no,1,0.5587541409067853,0.444671944737631,0.4378234991142019,2178,2187,2026-06-01 14:24:58.025265,5
4441,19,P14,no,1,0.5655909891556803,0.4378234991142019,0.4309986674318095,2178,2188,2026-06-01 14:24:58.075746,5
5695,20,P09,no,8,4.000000000000455,0.5277492350545132,0.47225076494548685,3497,3501,2026-06-01 14:24:58.091499,5
1459,8,P18,no,4,1.407362153179065,0.6607563687658172,0.6354235592583607,1442,1422,2026-06-01 14:24:58.096515,3
3160,11,P18,no,1,0.2942177197944602,0.7086608250294356,0.702892745013669,1915,1884,2026-06-01 14:24:58.101865,3
4442,19,P13,yes,1,-0.4275970279986723,0.4309986674318095,0.4241999463841996,2177,2188,2026-06-01 14:24:58.104951,5
5696,20,P14,no,1,-0.5242860391549584,0.47225076494548685,0.4791787146272571,3497,3500,2026-06-01 14:24:58.113083,5
4443,19,P07,no,2,1.1651300846756385,0.4241999463841996,0.41069062390857347,2177,2190,2026-06-01 14:24:58.118950,5
4444,19,P13,no,1,0.5926651615213814,0.41069062390857347,0.4039848066734832,2177,2191,2026-06-01 14:24:58.120533,5
6535,21,P19,no,1,0.9104725159886584,0.09066389627358525,0.08839967720705841,4111,4195,2026-06-01 14:24:58.152081,5
4445,19,P09,no,1,0.5993533336927612,0.4039848066734832,0.3973146620215083,2177,2192,2026-06-01 14:24:58.153252,5
4446,19,P02,no,5,3.095723623168851,0.3973146620215083,0.36457644074163925,2177,2197,2026-06-01 14:24:58.169073,5
3161,11,P12,yes,3,2.1344846402464555,0.702892745013669,0.7199965396446176,1918,1884,2026-06-01 14:24:58.186004,3
5697,20,P01,yes,1,0.48264614119489124,0.4791787146272571,0.4861146822539951,3498,3500,2026-06-01 14:24:58.197073,5
5698,20,P12,no,1,-0.5104149925382444,0.4861146822539951,0.49305600205173933,3498,3499,2026-06-01 14:24:58.208063,5
5699,20,P03,yes,6,-2.833600578062942,0.49305600205173933,0.4515414720267231,3492,3499,2026-06-01 14:24:58.213453,5
5700,20,P01,yes,1,0.45498405889611604,0.4515414720267231,0.45842951678320015,3493,3499,2026-06-01 14:24:58.241038,5
4447,19,P20,no,11,7.36714950907799,0.36457644074163925,0.2971072549863309,2177,2208,2026-06-01 14:24:58.263201,5
5701,20,P10,yes,9,4.4063853705097245,0.45842951678320015,0.520821285372743,3502,3499,2026-06-01 14:24:58.277807,5
4448,19,P03,yes,1,0.30001858469950093,0.2971072549863309,0.3029407160345927,2178,2208,2026-06-01 14:24:58.338271,5
4449,19,P12,yes,1,-0.30001858469950093,0.3029407160345927,0.2971072549863309,2177,2208,2026-06-01 14:24:58.394210,5
2724,10,P18,yes,6,5.2484676207757275,0.8654264045343061,0.8836828560223441,1768,1695,2026-06-01 14:24:58.426452,3
1460,8,P09,yes,4,-2.489718928442926,0.6354235592583607,0.6093175418435606,1438,1422,2026-06-01 14:24:58.464062,3
1461,8,P23,yes,1,0.6126170036004623,0.6093175418435606,0.6159095915435134,1439,1422,2026-06-01 14:24:58.478389,3
3162,11,P18,no,1,0.28281485045226873,0.7199965396446176,0.7143624294910559,1918,1885,2026-06-01 14:24:58.513543,3
6536,21,P15,yes,4,0.37206203694313444,0.08839967720705841,0.09777259985079932,4115,4195,2026-06-01 14:24:58.593887,5
3163,11,P01,yes,1,0.7171851495477313,0.7143624294910559,0.7199965396446176,1919,1885,2026-06-01 14:24:58.605748,3
1462,8,P09,yes,1,-0.6126170036004623,0.6159095915435134,0.6093175418435606,1438,1422,2026-06-01 14:24:58.673592,3
4450,19,P17,yes,2,0.6059028364315964,0.2971072549863309,0.30883838763748533,2179,2208,2026-06-01 14:24:58.770971,5
4451,19,P03,yes,1,0.31181351241730226,0.30883838763748533,0.3147990233346844,2180,2208,2026-06-01 14:24:58.773682,5
4452,19,P03,yes,13,4.61941051890426,0.3147990233346844,0.3973146620215083,2193,2208,2026-06-01 14:24:58.806470,5
1463,8,P20,yes,3,1.8575208633412785,0.6093175418435606,0.6289646649499733,1441,1422,2026-06-01 14:24:58.827602,3
6537,21,P24,no,1,-0.9009930549254932,0.09777259985079932,0.10025049035751298,4115,4194,2026-06-01 14:24:58.829223,5
4453,19,P18,no,1,0.6060046947259252,0.3973146620215083,0.3906824581564393,2193,2209,2026-06-01 14:24:58.830780,5
4454,19,P01,no,12,7.77458478636936,0.3906824581564393,0.3147990233346844,2193,2221,2026-06-01 14:24:58.844008,5
4455,19,P21,no,12,8.63504021372546,0.3147990233346844,0.2476638011390716,2193,2233,2026-06-01 14:24:58.894303,5
4456,19,P17,yes,3,0.7666069837578107,0.2476638011390716,0.26351515505832507,2196,2233,2026-06-01 14:24:58.895848,5
4457,19,P18,no,1,-0.7337775846076511,0.26351515505832507,0.2689414213699951,2196,2232,2026-06-01 14:24:58.903355,5
5702,20,P03,no,6,3.0000000000004547,0.520821285372743,0.4791787146272571,3502,3505,2026-06-01 14:24:58.910709,5
4458,19,P01,yes,1,0.271683794884666,0.2689414213699951,0.2744377878410785,2197,2232,2026-06-01 14:24:58.935841,5
2176,9,P09,no,1,-0.5312088736441183,0.46533348664659613,0.47225076494548685,1663,1667,2026-06-01 14:24:58.937773,3
4459,19,P19,yes,1,0.27721488363749813,0.2744377878410785,0.2800034603553825,2198,2232,2026-06-01 14:24:58.970413,5
4460,19,P13,yes,1,0.28281485045226873,0.2800034603553825,0.2856375705089441,2199,2232,2026-06-01 14:24:58.988148,5
693,7,P18,no,11,3.6328504909222374,0.702892745013669,0.6354235592583607,1197,1177,2026-06-01 14:24:58.996263,3
4461,19,P24,yes,1,0.2884827895068156,0.2856375705089441,0.29133917497056444,2200,2232,2026-06-01 14:24:59.006516,5
694,7,P23,no,3,-1.0649960263274352,0.6354235592583607,0.6545022492518787,1197,1174,2026-06-01 14:24:59.010275,3
5703,20,P13,yes,5,2.4826461411948912,0.4791787146272571,0.5138853177460049,3507,3505,2026-06-01 14:24:59.034885,5
4462,19,P15,no,1,0.7115172104931844,0.29133917497056444,0.2856375705089441,2200,2233,2026-06-01 14:24:59.039720,5
6538,21,P09,no,1,0.9009930549254932,0.10025049035751298,0.09777259985079932,4115,4195,2026-06-01 14:24:59.083360,5
4463,19,P20,yes,1,0.28848278950636086,0.2856375705089441,0.29133917497056444,2201,2233,2026-06-01 14:24:59.119238,5
4464,19,P03,yes,1,0.2942177197946876,0.29133917497056444,0.2971072549863309,2202,2233,2026-06-01 14:24:59.160309,5
5704,20,P24,no,1,0.48958500746130085,0.5138853177460049,0.5069439979482607,3507,3506,2026-06-01 14:24:59.166784,5
4465,19,P09,yes,20,7.1799782878638325,0.2971072549863309,0.4241999463841996,2222,2233,2026-06-01 14:24:59.168197,5
4466,19,P09,yes,9,4.095372526496703,0.4241999463841996,0.4861146822539951,2231,2233,2026-06-01 14:24:59.168198,5
6539,21,P24,yes,3,0.30459383796187467,0.09777259985079932,0.10537408848177848,4118,4195,2026-06-01 14:24:59.200915,5
4467,19,P17,no,1,0.517353858804654,0.4861146822539951,0.4791787146272571,2231,2234,2026-06-01 14:24:59.238128,5
6540,21,P09,no,1,0.8959256908101452,0.10537408848177848,0.10278402491725176,4118,4196,2026-06-01 14:24:59.291511,5
6541,21,P15,no,1,-0.8959256908101452,0.10278402491725176,0.10537408848177848,4118,4195,2026-06-01 14:24:59.293495,5
5705,20,P24,yes,2,-0.9999999999995453,0.5069439979482607,0.49305600205173933,3505,3506,2026-06-01 14:24:59.300157,5
4468,19,P08,no,4,2.1386305705937048,0.4791787146272571,0.4515414720267231,2231,2238,2026-06-01 14:24:59.301310,5
1464,8,P18,yes,2,-1.2449038597408162,0.6289646649499733,0.6159095915435134,1439,1422,2026-06-01 14:24:59.306027,3
695,7,P09,yes,1,0.6576338731483702,0.6545022492518787,0.6607563687658172,1198,1174,2026-06-01 14:24:59.319355,3
696,7,P18,no,9,3.311638530010441,0.6607563687658172,0.6026853379784917,1198,1183,2026-06-01 14:24:59.319362,3
5706,20,P02,yes,4,2.027768851343353,0.49305600205173933,0.520821285372743,3509,3506,2026-06-01 14:24:59.338985,5
4469,19,P23,no,1,0.5518949420411445,0.4515414720267231,0.444671944737631,2231,2239,2026-06-01 14:24:59.348310,5
4470,19,P24,yes,1,0.44810505795885547,0.444671944737631,0.4515414720267231,2232,2239,2026-06-01 14:24:59.356389,5
4471,19,P13,no,15,8.985166566230873,0.4515414720267231,0.3518057801362553,2232,2254,2026-06-01 14:24:59.369339,5
697,7,P17,no,7,-2.6206250577643004,0.6026853379784917,0.6481942198637447,1198,1176,2026-06-01 14:24:59.369513,3
6542,21,P09,no,5,4.504689277365287,0.10537408848177848,0.09298019452229982,4118,4200,2026-06-01 14:24:59.376175,5
6543,21,P05,no,1,-0.9058396218333655,0.09298019452229982,0.0953494648991095,4118,4199,2026-06-01 14:24:59.389378,5
1465,8,P18,yes,12,-6.907548980115507,0.6159095915435134,0.534666513353404,1427,1422,2026-06-01 14:24:59.414754,3
4472,19,P19,yes,1,0.35498159744975055,0.3518057801362553,0.358165954911269,2233,2254,2026-06-01 14:24:59.420813,5
4473,19,P04,no,1,0.6450184025497947,0.358165954911269,0.3518057801362553,2233,2255,2026-06-01 14:24:59.436848,5
1466,8,P19,yes,1,0.5381197166909715,0.534666513353404,0.5415704832167999,1428,1422,2026-06-01 14:24:59.456671,3
4474,19,P15,no,1,0.6513526546054891,0.3518057801362553,0.3454977507481214,2233,2256,2026-06-01 14:24:59.484683,5
1467,8,P23,yes,2,1.0969108831445737,0.5415704832167999,0.555328055262369,1430,1422,2026-06-01 14:24:59.495330,3
1468,8,P09,yes,3,-1.6350305998355452,0.555328055262369,0.534666513353404,1427,1422,2026-06-01 14:24:59.506656,3
5707,20,P24,no,4,1.9722311486566468,0.520821285372743,0.49305600205173933,3509,3510,2026-06-01 14:24:59.509007,5
698,7,P05,yes,2,-1.2836513190670757,0.6481942198637447,0.6354235592583607,1196,1176,2026-06-01 14:24:59.535892,3
699,7,P05,yes,1,0.6386329165168263,0.6354235592583607,0.6418340450887311,1197,1176,2026-06-01 14:24:59.555716,3
700,7,P13,yes,11,7.434298872766249,0.6418340450887311,0.7086608250294356,1208,1176,2026-06-01 14:24:59.574409,3
4475,19,P19,yes,3,1.0649960263276625,0.3454977507481214,0.36457644074163925,2236,2256,2026-06-01 14:24:59.607420,5
4476,19,P15,no,1,0.6386329165170537,0.36457644074163925,0.358165954911269,2236,2257,2026-06-01 14:24:59.612254,5
5708,20,P09,yes,1,0.4965278894042058,0.49305600205173933,0.5,3510,3510,2026-06-01 14:24:59.620649,5
6544,21,P17,no,1,-0.9034434934937963,0.0953494648991095,0.09777259985079932,4118,4198,2026-06-01 14:24:59.637031,5
3837,17,P09,yes,1,0.04098312545556837,0.04043956481800324,0.04153132619455174,1186,1299,2026-06-01 14:24:59.645637,5
4477,19,P19,no,1,-0.6386329165170537,0.358165954911269,0.36457644074163925,2236,2256,2026-06-01 14:24:59.652383,5
3838,17,P05,no,1,0.9590168745444316,0.04153132619455174,0.04043956481800324,1186,1300,2026-06-01 14:24:59.685692,5
4478,19,P11,no,1,0.6386329165170537,0.36457644074163925,0.358165954911269,2236,2257,2026-06-01 14:24:59.691290,5
4479,19,P12,no,1,0.6450184025497947,0.358165954911269,0.3518057801362553,2236,2258,2026-06-01 14:24:59.705159,5
1469,8,P11,no,1,-0.4618802833090285,0.534666513353404,0.5415704832167999,1427,1421,2026-06-01 14:24:59.739459,3
5709,20,P17,yes,3,1.5312409619386926,0.5,0.520821285372743,3513,3510,2026-06-01 14:24:59.745670,5
1470,8,P12,no,1,-0.4549840588965708,0.5415704832167999,0.548458527973277,1427,1420,2026-06-01 14:24:59.767144,3
1471,8,P12,yes,1,0.5518949420409172,0.548458527973277,0.555328055262369,1428,1420,2026-06-01 14:24:59.768154,3
701,7,P05,yes,1,0.7115172104934118,0.7086608250294356,0.7143624294910559,1209,1176,2026-06-01 14:24:59.779534,3
6545,21,P03,yes,2,-0.1907168846728382,0.09777259985079932,0.09298019452229982,4116,4198,2026-06-01 14:24:59.806833,5
4480,19,P03,yes,1,0.35498159744975055,0.3518057801362553,0.358165954911269,2237,2258,2026-06-01 14:24:59.824071,5
4481,19,P10,no,1,0.6450184025502494,0.358165954911269,0.3518057801362553,2237,2259,2026-06-01 14:24:59.835685,5
1472,8,P19,no,1,-0.4412458590929873,0.555328055262369,0.5621765008857981,1428,1419,2026-06-01 14:24:59.862430,3
4482,19,P21,no,1,0.6513526546054891,0.3518057801362553,0.3454977507481214,2237,2260,2026-06-01 14:24:59.868857,5
1473,8,P01,yes,1,0.5655909891556803,0.5621765008857981,0.5690013325681905,1429,1419,2026-06-01 14:24:59.879616,3
702,7,P09,yes,1,-0.7115172104934118,0.7143624294910559,0.7086608250294356,1208,1176,2026-06-01 14:24:59.901683,3
3968,18,P24,yes,1,0.03308693886128822,0.0326445247140918,0.03353319492319511,1425,1546,2026-06-01 14:24:59.959001,5
703,7,P09,no,1,0.2942177197946876,0.7086608250294356,0.702892745013669,1208,1177,2026-06-01 14:24:59.968698,3
4483,19,P09,yes,5,1.8070821769579197,0.3454977507481214,0.37754066879814546,2242,2260,2026-06-01 14:24:59.977772,5
4484,19,P03,yes,1,0.3808119245272792,0.37754066879814546,0.3840904084564866,2243,2260,2026-06-01 14:24:59.987134,5
4485,19,P12,yes,7,-2.5302602283368287,0.3840904084564866,0.33924363123418283,2236,2260,2026-06-01 14:24:59.996053,5
704,7,P09,no,1,0.3000185846999557,0.702892745013669,0.6970592839654074,1208,1178,2026-06-01 14:25:00.006022,3
5710,20,P03,no,1,0.48264614119489124,0.520821285372743,0.5138853177460049,3513,3511,2026-06-01 14:25:00.013953,5
4486,19,P17,no,10,6.90899630250351,0.33924363123418283,0.2800034603553825,2236,2270,2026-06-01 14:25:00.016307,5
705,7,P18,yes,2,1.4057636955053567,0.6970592839654074,0.7086608250294356,1210,1178,2026-06-01 14:25:00.021299,3
4487,19,P08,yes,7,2.10103679095846,0.2800034603553825,0.32082130082460697,2243,2270,2026-06-01 14:25:00.032672,5
5711,20,P15,no,10,5.207879371439958,0.5138853177460049,0.444671944737631,3513,3521,2026-06-01 14:25:00.087163,5
5712,20,P14,yes,2,0.903089116855881,0.444671944737631,0.45842951678320015,3515,3521,2026-06-01 14:25:00.120514,5
4488,19,P19,yes,2,0.6538272357470305,0.32082130082460697,0.3330451148264414,2245,2270,2026-06-01 14:25:00.134452,5
706,7,P18,yes,1,0.7115172104931844,0.7086608250294356,0.7143624294910559,1211,1178,2026-06-01 14:25:00.158137,3
5713,20,P18,yes,10,4.930671409664683,0.45842951678320015,0.5277492350545132,3525,3521,2026-06-01 14:25:00.171629,5
2177,9,P09,yes,1,0.4757139608448142,0.47225076494548685,0.4791787146272571,1664,1667,2026-06-01 14:25:00.185266,3
5714,20,P17,yes,1,0.5312088736441183,0.5277492350545132,0.534666513353404,3526,3521,2026-06-01 14:25:00.296333,5
1474,8,P11,yes,1,0.5724029720011004,0.5690013325681905,0.5758000536158003,1430,1419,2026-06-01 14:25:00.301327,3
4489,19,P19,no,12,-7.5442402944127025,0.3330451148264414,0.41069062390857347,2245,2258,2026-06-01 14:25:00.304315,5
4490,19,P24,yes,6,2.5862268712194236,0.41069062390857347,0.4515414720267231,2251,2258,2026-06-01 14:25:00.309779,5
4491,19,P11,no,13,7.70151524716357,0.4515414720267231,0.36457644074163925,2251,2271,2026-06-01 14:25:00.386211,5
5715,20,P17,no,6,2.9167362358571154,0.534666513353404,0.49305600205173933,3526,3527,2026-06-01 14:25:00.449666,5
5716,20,P03,yes,12,-5.419827449282366,0.49305600205173933,0.41069062390857347,3514,3527,2026-06-01 14:25:00.451279,5
3164,11,P09,no,1,-0.27721488363749813,0.7199965396446176,0.7255622121589215,1919,1884,2026-06-01 14:25:00.471451,3
1475,8,P17,yes,1,0.5791876120235884,0.5758000536158003,0.5825702064623147,1431,1419,2026-06-01 14:25:00.474130,3
5717,20,P04,yes,8,3.5030912134252503,0.41069062390857347,0.46533348664659613,3522,3527,2026-06-01 14:25:00.504452,5
4492,19,P15,yes,2,-0.7163486809331516,0.36457644074163925,0.3518057801362553,2249,2271,2026-06-01 14:25:00.513402,5
707,7,P18,no,1,-0.28281485045204136,0.7143624294910559,0.7199965396446176,1211,1177,2026-06-01 14:25:00.519934,3
5718,20,P20,yes,1,0.4687911263558817,0.46533348664659613,0.47225076494548685,3523,3527,2026-06-01 14:25:00.561350,5
5719,20,P14,no,1,-0.5242860391554132,0.47225076494548685,0.4791787146272571,3523,3526,2026-06-01 14:25:00.565825,5
4493,19,P21,no,7,4.689401026442738,0.3518057801362553,0.30883838763748533,2249,2278,2026-06-01 14:25:00.591611,5
5720,20,P12,yes,1,0.48264614119489124,0.4791787146272571,0.4861146822539951,3524,3526,2026-06-01 14:25:00.599340,5
4494,19,P24,yes,4,1.2834458305201224,0.30883838763748533,0.3330451148264414,2253,2278,2026-06-01 14:25:00.612705,5
3839,17,P24,yes,1,0.04098312545556837,0.04043956481800324,0.04153132619455174,1187,1300,2026-06-01 14:25:00.647571,5
3165,11,P18,yes,1,-0.7227851163625019,0.7255622121589215,0.7199965396446176,1918,1884,2026-06-01 14:25:00.672472,3
5721,20,P03,no,6,3.207879371439958,0.4861146822539951,0.444671944737631,3524,3532,2026-06-01 14:25:00.678193,5
4495,19,P19,no,18,-10.958013423193279,0.3330451148264414,0.4515414720267231,2253,2260,2026-06-01 14:25:00.703164,5
708,7,P18,no,2,-0.5488986785221641,0.7199965396446176,0.7310585786300049,1211,1175,2026-06-01 14:25:00.725835,3
5722,20,P04,yes,1,0.4481050579593102,0.444671944737631,0.4515414720267231,3525,3532,2026-06-01 14:25:00.731456,5
2178,9,P09,yes,4,-1.8613694294062952,0.4791787146272571,0.4515414720267231,1660,1667,2026-06-01 14:25:00.734192,3
4496,19,P01,no,14,8.340148163680624,0.4515414720267231,0.358165954911269,2253,2274,2026-06-01 14:25:00.750358,5
709,7,P18,no,14,-3.2629141264064856,0.7310585786300049,0.8004148013462675,1211,1161,2026-06-01 14:25:00.752625,3
6546,21,P05,no,1,0.9081823317401359,0.09298019452229982,0.09066389627358525,4116,4199,2026-06-01 14:25:00.759043,5
5723,20,P11,yes,3,1.3856554685612537,0.4515414720267231,0.47225076494548685,3528,3532,2026-06-01 14:25:00.768770,5
5724,20,P21,yes,3,1.4479451095012337,0.47225076494548685,0.49305600205173933,3531,3532,2026-06-01 14:25:00.775909,5
3840,17,P22,yes,1,-0.04098312545556837,0.04153132619455174,0.04043956481800324,1186,1300,2026-06-01 14:25:00.783137,5
1476,8,P18,no,1,0.42081238797641163,0.5825702064623147,0.5758000536158003,1431,1420,2026-06-01 14:25:00.795851,3
2179,9,P18,no,11,-5.614344531438519,0.4515414720267231,0.5277492350545132,1660,1656,2026-06-01 14:25:00.833123,3
2180,9,P03,no,13,6.724993614386449,0.5277492350545132,0.4378234991142019,1660,1669,2026-06-01 14:25:00.858313,3
710,7,P20,no,7,1.5100561717374603,0.8004148013462675,0.7675350070438758,1211,1168,2026-06-01 14:25:00.891058,3
2181,9,P03,yes,11,5.233366487653484,0.4378234991142019,0.5138853177460049,1671,1669,2026-06-01 14:25:00.907424,3
2725,10,P18,yes,7,6.252339156187645,0.8836828560223441,0.9022274001492008,1775,1695,2026-06-01 14:25:00.952442,3
2182,9,P11,no,7,3.572848771603958,0.5138853177460049,0.46533348664659613,1671,1676,2026-06-01 14:25:00.955674,3
711,7,P08,no,1,0.2349553839546843,0.7675350070438758,0.7625419716560975,1211,1169,2026-06-01 14:25:00.975588,3
5725,20,P03,no,1,0.5104149925382444,0.49305600205173933,0.4861146822539951,3531,3533,2026-06-01 14:25:01.010889,5
2183,9,P09,yes,1,0.4687911263561091,0.46533348664659613,0.47225076494548685,1672,1676,2026-06-01 14:25:01.018918,3
712,7,P01,yes,1,-0.7600148741937574,0.7625419716560975,0.7574755792628283,1210,1169,2026-06-01 14:25:01.108029,3
5726,20,P02,no,12,-5.667775498498031,0.4861146822539951,0.5690013325681905,3531,3521,2026-06-01 14:25:01.108728,5
4497,19,P03,yes,11,4.336091908422986,0.358165954911269,0.4309986674318095,2264,2274,2026-06-01 14:25:01.125006,5
4498,19,P17,no,5,2.929551551891109,0.4309986674318095,0.3973146620215083,2264,2279,2026-06-01 14:25:01.125407,5
4499,19,P13,no,1,0.6060046947259252,0.3973146620215083,0.3906824581564393,2264,2280,2026-06-01 14:25:01.152534,5
713,7,P01,no,1,0.24508804575793874,0.7574755792628283,0.7523361988609284,1210,1170,2026-06-01 14:25:01.167348,3
5727,20,P02,no,6,2.7094153964580983,0.5690013325681905,0.5277492350545132,3531,3527,2026-06-01 14:25:01.167834,5
2726,10,P02,no,5,0.520656388649968,0.9022274001492008,0.8892726820276319,1775,1700,2026-06-01 14:25:01.185461,3
714,7,P03,no,1,0.2502637410184434,0.7523361988609284,0.7471242672706695,1210,1171,2026-06-01 14:25:01.192681,3
4500,19,P12,yes,7,-2.575277097884282,0.3906824581564393,0.3454977507481214,2257,2280,2026-06-01 14:25:01.214291,5
6547,21,P19,yes,1,-0.08952748401043209,0.09066389627358525,0.08839967720705841,4115,4199,2026-06-01 14:25:01.227971,5
2184,9,P18,no,1,0.5312088736441183,0.47225076494548685,0.46533348664659613,1672,1677,2026-06-01 14:25:01.261833,3
4501,19,P19,yes,14,5.474129862112022,0.3454977507481214,0.4378234991142019,2271,2280,2026-06-01 14:25:01.262851,5
4502,19,P11,no,1,0.5655909891552255,0.4378234991142019,0.4309986674318095,2271,2281,2026-06-01 14:25:01.263221,5
1477,8,P13,no,11,-4.263476477874065,0.5758000536158003,0.6481942198637447,1431,1409,2026-06-01 14:25:01.279103,3
1478,8,P09,yes,1,0.6513526546054891,0.6481942198637447,0.6545022492518787,1432,1409,2026-06-01 14:25:01.330403,3
1479,8,P22,no,7,2.5752770978847366,0.6545022492518787,0.6093175418435606,1432,1416,2026-06-01 14:25:01.350526,3
2185,9,P09,yes,2,0.9445050872006959,0.46533348664659613,0.4791787146272571,1674,1677,2026-06-01 14:25:01.385771,3
4503,19,P17,no,1,0.572402972000873,0.4309986674318095,0.4241999463841996,2271,2282,2026-06-01 14:25:01.417041,5
4504,19,P14,no,5,2.963153274616161,0.4241999463841996,0.3906824581564393,2271,2287,2026-06-01 14:25:01.418047,5
4505,19,P13,yes,5,-1.8716481550400204,0.3906824581564393,0.358165954911269,2266,2287,2026-06-01 14:25:01.432784,5
4506,19,P15,yes,1,0.3613670834829463,0.358165954911269,0.36457644074163925,2267,2287,2026-06-01 14:25:01.459378,5
4507,19,P09,yes,20,8.628613220304032,0.36457644074163925,0.5,2287,2287,2026-06-01 14:25:01.475727,5
4508,19,P09,yes,4,2.055527001093651,0.5,0.5277492350545132,2291,2287,2026-06-01 14:25:01.475728,5
2186,9,P18,no,1,-0.5173538588051088,0.4791787146272571,0.4861146822539951,1674,1676,2026-06-01 14:25:01.502006,3
4509,19,P14,no,9,4.531208873644573,0.5277492350545132,0.46533348664659613,2291,2296,2026-06-01 14:25:01.517432,5
1480,8,P09,no,1,0.3939953052740748,0.6093175418435606,0.6026853379784917,1432,1417,2026-06-01 14:25:01.523808,3
1481,8,P18,yes,7,-4.053896681953802,0.6026853379784917,0.555328055262369,1425,1417,2026-06-01 14:25:01.528229,3
4510,19,P08,yes,9,-3.910426051903869,0.46533348664659613,0.4039848066734832,2282,2296,2026-06-01 14:25:01.542348,5
1482,8,P11,no,6,-2.5454566517389594,0.555328055262369,0.5960151933265168,1425,1411,2026-06-01 14:25:01.556725,3
6548,21,P03,yes,9,-0.7109152909224576,0.08839967720705841,0.0702187918305528,4106,4199,2026-06-01 14:25:01.564874,5
4511,19,P15,no,3,1.8179750320191488,0.4039848066734832,0.3840904084564866,2282,2299,2026-06-01 14:25:01.564990,5
5728,20,P03,yes,17,-7.971882339780677,0.5277492350545132,0.41069062390857347,3514,3527,2026-06-01 14:25:01.565831,5
5729,20,P10,yes,6,2.5862268712194236,0.41069062390857347,0.4515414720267231,3520,3527,2026-06-01 14:25:01.578448,5
5730,20,P02,yes,2,0.9168643422058267,0.4515414720267231,0.46533348664659613,3522,3527,2026-06-01 14:25:01.588951,5
4512,19,P04,no,1,0.6191880754722661,0.3840904084564866,0.37754066879814546,2282,2300,2026-06-01 14:25:01.647294,5
2187,9,P09,yes,1,0.4895850074617556,0.4861146822539951,0.49305600205173933,1675,1676,2026-06-01 14:25:01.702096,3
4513,19,P04,no,9,5.860584789652876,0.37754066879814546,0.32082130082460697,2282,2309,2026-06-01 14:25:01.708971,5
5731,20,P20,yes,1,0.4687911263558817,0.46533348664659613,0.47225076494548685,3523,3527,2026-06-01 14:25:01.725874,5
4514,19,P15,yes,1,-0.31780508235578964,0.32082130082460697,0.3147990233346844,2281,2309,2026-06-01 14:25:01.755260,5
5732,20,P21,yes,1,0.4757139608450416,0.47225076494548685,0.4791787146272571,3524,3527,2026-06-01 14:25:01.757133,5
4515,19,P01,no,5,-3.349861884254551,0.3147990233346844,0.3454977507481214,2281,2304,2026-06-01 14:25:01.772482,5
6549,21,P03,no,1,0.9306808059473042,0.0702187918305528,0.06842674250359211,4106,4200,2026-06-01 14:25:01.785937,5
4516,19,P19,yes,3,1.0649960263272078,0.3454977507481214,0.36457644074163925,2284,2304,2026-06-01 14:25:01.898125,5
5733,20,P24,no,1,0.5242860391549584,0.4791787146272571,0.47225076494548685,3524,3528,2026-06-01 14:25:01.938453,5
2727,10,P18,yes,2,1.7839374493125888,0.8892726820276319,0.8946259115182216,1777,1700,2026-06-01 14:25:01.963783,3
4517,19,P19,yes,1,0.36780193489857993,0.36457644074163925,0.3710353350500268,2285,2304,2026-06-01 14:25:01.971596,5
4518,19,P09,no,2,1.2708309816189285,0.3710353350500268,0.358165954911269,2285,2306,2026-06-01 14:25:01.972208,5
5734,20,P13,yes,1,0.47571396084458684,0.47225076494548685,0.4791787146272571,3525,3528,2026-06-01 14:25:02.001640,5
4519,19,P17,yes,1,0.3613670834829463,0.358165954911269,0.36457644074163925,2286,2306,2026-06-01 14:25:02.004326,5
3166,11,P09,no,1,0.28281485045226873,0.7199965396446176,0.7143624294910559,1918,1885,2026-06-01 14:25:02.012970,3
6550,21,P19,yes,1,-0.06754844253919146,0.06842674250359211,0.06667714818800587,4105,4200,2026-06-01 14:25:02.014688,5
4520,19,P15,no,1,0.6386329165165989,0.36457644074163925,0.358165954911269,2286,2307,2026-06-01 14:25:02.032930,5
4521,19,P17,yes,1,0.3613670834829463,0.358165954911269,0.36457644074163925,2287,2307,2026-06-01 14:25:02.038223,5
5735,20,P15,no,9,4.966461226722458,0.4791787146272571,0.41742979353768533,3525,3537,2026-06-01 14:25:02.057584,5
5736,20,P12,yes,7,3.089033686077073,0.41742979353768533,0.46533348664659613,3532,3537,2026-06-01 14:25:02.071006,5
4522,19,P24,no,1,-0.6321980651009653,0.36457644074163925,0.3710353350500268,2287,2306,2026-06-01 14:25:02.078485,5
6551,21,P19,yes,1,-0.06581972549884085,0.06667714818800587,0.06496916912866407,4104,4200,2026-06-01 14:25:02.157702,5
5737,20,P11,no,11,-5.461880283309256,0.46533348664659613,0.5415704832167999,3532,3526,2026-06-01 14:25:02.160310,5
3167,11,P18,yes,4,-2.8113966542669004,0.7143624294910559,0.6911616123625146,1914,1885,2026-06-01 14:25:02.207467,3
5738,20,P18,yes,1,-0.5381197166907441,0.5415704832167999,0.534666513353404,3531,3526,2026-06-01 14:25:02.225044,5
4523,19,P21,no,6,3.8886962411315835,0.3710353350500268,0.3330451148264414,2287,2312,2026-06-01 14:25:02.258482,5
5739,20,P15,yes,2,-1.0554949127995314,0.534666513353404,0.520821285372743,3529,3526,2026-06-01 14:25:02.260907,5
5740,20,P24,no,1,0.482646141195346,0.520821285372743,0.5138853177460049,3529,3527,2026-06-01 14:25:02.301639,5
4524,19,P17,yes,1,0.33613967079099893,0.3330451148264414,0.33924363123418283,2288,2312,2026-06-01 14:25:02.338645,5
2188,9,P18,no,1,-0.5034721105953395,0.49305600205173933,0.5,1675,1675,2026-06-01 14:25:02.353296,3
3168,11,P01,yes,3,2.099879443773716,0.6911616123625146,0.7086608250294356,1917,1885,2026-06-01 14:25:02.359442,3
2728,10,P09,no,1,0.10669300427025519,0.8946259115182216,0.8919784386565807,1777,1701,2026-06-01 14:25:02.377985,3
4525,19,P03,yes,5,1.7751640880774175,0.33924363123418283,0.3710353350500268,2293,2312,2026-06-01 14:25:02.391381,5
4526,19,P24,yes,1,-0.36780193489857993,0.3710353350500268,0.36457644074163925,2292,2312,2026-06-01 14:25:02.413054,5
4527,19,P21,no,1,0.6386329165170537,0.36457644074163925,0.358165954911269,2292,2313,2026-06-01 14:25:02.419740,5
2729,10,P18,no,5,-0.5078433487387883,0.8919784386565807,0.9046505351008906,1777,1696,2026-06-01 14:25:02.422969,3
3169,11,P09,yes,4,-2.788065931356414,0.7086608250294356,0.6852009766653157,1913,1885,2026-06-01 14:25:02.425528,3
4528,19,P24,yes,1,0.3613670834824916,0.358165954911269,0.36457644074163925,2293,2313,2026-06-01 14:25:02.453076,5
5741,20,P17,no,6,3.0416398979596124,0.5138853177460049,0.47225076494548685,3529,3533,2026-06-01 14:25:02.470659,5
5742,20,P24,no,1,0.5312088736441183,0.47225076494548685,0.46533348664659613,3529,3534,2026-06-01 14:25:02.477050,5
4529,19,P03,yes,3,1.1228980751579911,0.36457644074163925,0.3840904084564866,2296,2313,2026-06-01 14:25:02.488246,5
2189,9,P09,yes,1,-0.4965278894046605,0.5,0.49305600205173933,1674,1675,2026-06-01 14:25:02.492780,3
5743,20,P17,yes,5,2.4132641252626854,0.46533348664659613,0.5,3534,3534,2026-06-01 14:25:02.509112,5
3170,11,P19,no,2,-0.6176977641493977,0.6852009766653157,0.6970592839654074,1913,1883,2026-06-01 14:25:02.540158,3
5744,20,P03,no,1,0.5034721105953395,0.5,0.49305600205173933,3534,3535,2026-06-01 14:25:02.544503,5
5745,20,P03,no,1,0.5104149925382444,0.49305600205173933,0.4861146822539951,3534,3536,2026-06-01 14:25:02.550104,5
4530,19,P03,yes,5,2.003417333807647,0.3840904084564866,0.41742979353768533,2301,2313,2026-06-01 14:25:02.565874,5
6552,21,P15,yes,1,0.06581972549884085,0.06496916912866407,0.06667714818800587,4105,4200,2026-06-01 14:25:02.569905,5
3171,11,P18,no,2,0.6176977641493977,0.6970592839654074,0.6852009766653157,1913,1885,2026-06-01 14:25:02.580274,3
3172,11,P23,yes,3,2.082283651150874,0.6852009766653157,0.702892745013669,1916,1885,2026-06-01 14:25:02.608511,3
4531,19,P23,no,10,6.157335910101665,0.41742979353768533,0.3518057801362553,2301,2323,2026-06-01 14:25:02.625113,5
6553,21,P03,yes,8,-0.4815112949227114,0.06667714818800587,0.05410980348435149,4097,4200,2026-06-01 14:25:02.653402,5
6554,21,P01,no,5,-4.710925698042956,0.05410980348435149,0.06167473878348325,4097,4195,2026-06-01 14:25:02.701151,5
4532,19,P19,yes,2,0.7163486809326969,0.3518057801362553,0.36457644074163925,2303,2323,2026-06-01 14:25:02.789042,5
5746,20,P03,no,2,1.0416398979596124,0.4861146822539951,0.47225076494548685,3534,3538,2026-06-01 14:25:02.919360,5
4533,19,P10,no,9,5.973052345510041,0.36457644074163925,0.30883838763748533,2303,2332,2026-06-01 14:25:02.956934,5
5747,20,P24,no,2,1.0693285903353171,0.47225076494548685,0.45842951678320015,3534,3540,2026-06-01 14:25:02.979401,5
4534,19,P17,yes,6,1.9619516281627511,0.30883838763748533,0.3454977507481214,2309,2332,2026-06-01 14:25:02.980344,5
1483,8,P18,no,3,1.2422047538027527,0.5960151933265168,0.5758000536158003,1425,1414,2026-06-01 14:25:02.981291,3
5748,20,P12,yes,1,0.4618802833092559,0.45842951678320015,0.46533348664659613,3535,3540,2026-06-01 14:25:03.043712,5
6555,21,P03,yes,7,-0.3944969221493011,0.06167473878348325,0.05133579311531625,4090,4195,2026-06-01 14:25:03.051479,5
4535,19,P15,no,11,7.566630175651881,0.3454977507481214,0.2800034603553825,2309,2343,2026-06-01 14:25:03.061582,5
5749,20,P15,no,14,8.152452839856323,0.46533348664659613,0.3710353350500268,3535,3554,2026-06-01 14:25:03.075555,5
5750,20,P23,no,2,-1.2449038597410436,0.3710353350500268,0.3840904084564866,3535,3552,2026-06-01 14:25:03.077991,5
4536,19,P14,yes,1,0.28281485045226873,0.2800034603553825,0.2856375705089441,2310,2343,2026-06-01 14:25:03.089705,5
4537,19,P20,yes,13,4.2155510002230585,0.2856375705089441,0.36457644074163925,2323,2343,2026-06-01 14:25:03.090350,5
3173,11,P18,no,1,0.3000185846997283,0.702892745013669,0.6970592839654074,1916,1886,2026-06-01 14:25:03.096352,3
5751,20,P19,yes,1,0.3873829963999924,0.3840904084564866,0.3906824581564393,3536,3552,2026-06-01 14:25:03.118181,5
4538,19,P19,yes,7,2.7122578816179157,0.36457644074163925,0.41069062390857347,2330,2343,2026-06-01 14:25:03.165448,5
5752,20,P12,yes,1,0.39399530527362003,0.3906824581564393,0.3973146620215083,3537,3552,2026-06-01 14:25:03.173106,5
1484,8,P03,yes,11,6.736523522125481,0.5758000536158003,0.6481942198637447,1436,1414,2026-06-01 14:25:03.176038,3
4539,19,P23,no,1,0.5926651615213814,0.41069062390857347,0.4039848066734832,2330,2344,2026-06-01 14:25:03.198614,5
4540,19,P09,no,12,7.621605498592089,0.4039848066734832,0.32690382227776793,2330,2356,2026-06-01 14:25:03.211080,5
6556,21,P24,yes,1,0.05201783873508248,0.05133579311531625,0.05270556608289024,4091,4195,2026-06-01 14:25:03.226880,5
5753,20,P17,no,6,-3.4951425410463344,0.3973146620215083,0.4378234991142019,3537,3546,2026-06-01 14:25:03.230273,5
6557,21,P04,yes,1,0.05340478145717498,0.05270556608289024,0.05410980348435149,4092,4195,2026-06-01 14:25:03.230434,5
5754,20,P10,yes,4,1.806215259257442,0.4378234991142019,0.46533348664659613,3541,3546,2026-06-01 14:25:03.250755,5
1485,8,P01,yes,2,-1.2836513190668484,0.6481942198637447,0.6354235592583607,1434,1414,2026-06-01 14:25:03.257891,3
4541,19,P09,no,2,1.358337316195957,0.32690382227776793,0.3147990233346844,2330,2358,2026-06-01 14:25:03.281371,5
5755,20,P03,yes,1,-0.4618802833092559,0.46533348664659613,0.45842951678320015,3540,3546,2026-06-01 14:25:03.285991,5
4542,19,P17,yes,1,0.31780508235578964,0.3147990233346844,0.32082130082460697,2331,2358,2026-06-01 14:25:03.297137,5
4543,19,P08,yes,10,3.520227134874858,0.32082130082460697,0.3840904084564866,2341,2358,2026-06-01 14:25:03.317164,5
3174,11,P09,no,1,-0.3000185846997283,0.6970592839654074,0.702892745013669,1916,1885,2026-06-01 14:25:03.330134,3
1486,8,P23,no,8,3.1263154089647287,0.6354235592583607,0.5825702064623147,1434,1422,2026-06-01 14:25:03.334774,3
3175,11,P09,no,1,0.3000185846997283,0.702892745013669,0.6970592839654074,1916,1886,2026-06-01 14:25:03.351567,3
5756,20,P04,no,1,-0.5381197166907441,0.45842951678320015,0.46533348664659613,3540,3545,2026-06-01 14:25:03.367426,5
6558,21,P12,yes,5,0.28907430195704364,0.05410980348435149,0.06167473878348325,4097,4195,2026-06-01 14:25:03.367805,5
4544,19,P09,no,12,7.85015427035205,0.3840904084564866,0.30883838763748533,2341,2370,2026-06-01 14:25:03.372865,5
1487,8,P18,no,1,0.420812387976639,0.5825702064623147,0.5758000536158003,1434,1423,2026-06-01 14:25:03.382351,3
4545,19,P18,yes,17,6.153263063455142,0.30883838763748533,0.41742979353768533,2358,2370,2026-06-01 14:25:03.412264,5
4546,19,P19,yes,1,0.42081238797618425,0.41742979353768533,0.4241999463841996,2359,2370,2026-06-01 14:25:03.437494,5
4547,19,P17,no,11,-5.9185145766368805,0.4241999463841996,0.5,2359,2359,2026-06-01 14:25:03.452692,5
5757,20,P24,yes,7,-3.089033686077528,0.46533348664659613,0.41742979353768533,3533,3545,2026-06-01 14:25:03.479410,5
1488,8,P03,yes,1,0.5791876120235884,0.5758000536158003,0.5825702064623147,1435,1423,2026-06-01 14:25:03.482874,3
4548,19,P01,no,11,5.9185145766368805,0.5,0.4241999463841996,2359,2370,2026-06-01 14:25:03.491088,5
4549,19,P08,no,5,2.963153274616161,0.4241999463841996,0.3906824581564393,2359,2375,2026-06-01 14:25:03.550889,5
3176,11,P18,no,2,0.6176977641491703,0.6970592839654074,0.6852009766653157,1916,1888,2026-06-01 14:25:03.594058,3
5758,20,P12,yes,2,0.8484094159753113,0.41742979353768533,0.4309986674318095,3535,3545,2026-06-01 14:25:03.616966,5
5759,20,P15,no,11,6.663908091576559,0.4309986674318095,0.358165954911269,3535,3556,2026-06-01 14:25:03.625145,5
2190,9,P18,yes,1,0.4965278894046605,0.49305600205173933,0.5,1675,1675,2026-06-01 14:25:03.658120,3
4550,19,P21,no,1,0.6126170036004623,0.3906824581564393,0.3840904084564866,2359,2376,2026-06-01 14:25:03.665008,5
3177,11,P09,yes,4,2.788065931356414,0.6852009766653157,0.7086608250294356,1920,1888,2026-06-01 14:25:03.691318,3
6559,21,P24,yes,11,0.7848667034977552,0.06167473878348325,0.08191057715532518,4108,4195,2026-06-01 14:25:03.705493,5
4551,19,P20,yes,1,-0.38081192452773394,0.3840904084564866,0.37754066879814546,2358,2376,2026-06-01 14:25:03.710900,5
5760,20,P17,yes,17,7.045507304881085,0.358165954911269,0.47225076494548685,3552,3556,2026-06-01 14:25:03.724720,5
2191,9,P18,yes,2,1.0138871031335839,0.5,0.5138853177460049,1677,1675,2026-06-01 14:25:03.730918,3
2730,10,P09,no,2,-0.18597804642627125,0.9046505351008906,0.9093361037264148,1777,1694,2026-06-01 14:25:03.777525,3
5761,20,P02,no,1,-0.5242860391549584,0.47225076494548685,0.4791787146272571,3552,3555,2026-06-01 14:25:03.779243,5
1489,8,P09,yes,1,0.5859424726520501,0.5825702064623147,0.5893093760914265,1436,1423,2026-06-01 14:25:03.791434,3
4552,19,P10,no,1,0.6257157842683227,0.37754066879814546,0.3710353350500268,2358,2377,2026-06-01 14:25:03.909479,5
5762,20,P15,no,7,3.814870642697315,0.4791787146272571,0.4309986674318095,3552,3562,2026-06-01 14:25:03.959210,5
5763,20,P04,no,1,-0.5655909891552255,0.4309986674318095,0.4378234991142019,3552,3561,2026-06-01 14:25:03.967480,5
6560,21,P19,yes,1,-0.08087416537546233,0.08191057715532518,0.07984576661461423,4107,4195,2026-06-01 14:25:03.976748,5
5764,20,P24,no,14,8.525870137887978,0.4378234991142019,0.3454977507481214,3552,3575,2026-06-01 14:25:03.998419,5
4553,19,P24,yes,12,4.930682817938305,0.3710353350500268,0.4515414720267231,2370,2377,2026-06-01 14:25:04.013879,5
2192,9,P18,yes,8,4.332224501502196,0.5138853177460049,0.5690013325681905,1685,1675,2026-06-01 14:25:04.020406,3
2193,9,P18,yes,2,1.151590584024916,0.5690013325681905,0.5825702064623147,1687,1675,2026-06-01 14:25:04.021293,3
5765,20,P13,no,9,-5.63008093053395,0.3454977507481214,0.4039848066734832,3552,3566,2026-06-01 14:25:04.043925,5
2194,9,P08,no,1,0.42081238797641163,0.5825702064623147,0.5758000536158003,1687,1676,2026-06-01 14:25:04.055707,3
2195,9,P17,no,10,4.584957533958232,0.5758000536158003,0.5069439979482607,1687,1686,2026-06-01 14:25:04.087983,3
5766,20,P02,yes,8,3.448545768594613,0.4039848066734832,0.45842951678320015,3560,3566,2026-06-01 14:25:04.093919,5
4554,19,P11,no,4,2.248643044104483,0.4515414720267231,0.4241999463841996,2370,2381,2026-06-01 14:25:04.095700,5
4555,19,P11,no,11,6.73652352212639,0.4241999463841996,0.3518057801362553,2370,2392,2026-06-01 14:25:04.102094,5
1490,8,P18,no,1,0.41405752734794987,0.5893093760914265,0.5825702064623147,1436,1424,2026-06-01 14:25:04.112326,3
6561,21,P19,yes,1,-0.07883324699378136,0.07984576661461423,0.07782859364011989,4106,4195,2026-06-01 14:25:04.112956,5
5767,20,P03,no,1,0.5450159411029745,0.45842951678320015,0.4515414720267231,3560,3567,2026-06-01 14:25:04.130274,5
5768,20,P14,yes,1,0.4549840588965708,0.4515414720267231,0.45842951678320015,3561,3567,2026-06-01 14:25:04.149317,5
3178,11,P18,no,6,1.8535967524483112,0.7086608250294356,0.6730961777222321,1920,1894,2026-06-01 14:25:04.152180,3
2196,9,P18,no,5,-2.3786165191663713,0.5069439979482607,0.5415704832167999,1687,1681,2026-06-01 14:25:04.152711,3
4556,19,P19,yes,17,6.931697775974953,0.3518057801362553,0.46533348664659613,2387,2392,2026-06-01 14:25:04.179741,5
4557,19,P14,yes,1,-0.4618802833092559,0.46533348664659613,0.45842951678320015,2386,2392,2026-06-01 14:25:04.185544,5
2197,9,P23,yes,9,-4.593614629490503,0.5415704832167999,0.4791787146272571,1678,1681,2026-06-01 14:25:04.200962,3
5769,20,P03,no,5,2.7936589852079123,0.45842951678320015,0.4241999463841996,3561,3572,2026-06-01 14:25:04.233686,5
6562,21,P19,yes,1,-0.07683952668321581,0.07782859364011989,0.07585818002124356,4105,4195,2026-06-01 14:25:04.246099,5
3179,11,P01,yes,1,0.676142398551292,0.6730961777222321,0.679178699175393,1921,1894,2026-06-01 14:25:04.257006,3
5770,20,P17,yes,2,-0.8348699153239068,0.4241999463841996,0.41069062390857347,3559,3572,2026-06-01 14:25:04.275010,5
4558,19,P23,no,4,2.2212560132070394,0.45842951678320015,0.4309986674318095,2386,2396,2026-06-01 14:25:04.296835,5
4559,19,P13,no,6,3.535556246617034,0.4309986674318095,0.3906824581564393,2386,2402,2026-06-01 14:25:04.303135,5
4560,19,P03,yes,7,2.8988527642277404,0.3906824581564393,0.4378234991142019,2393,2402,2026-06-01 14:25:04.375190,5
4561,19,P13,no,1,0.5655909891552255,0.4378234991142019,0.4309986674318095,2393,2403,2026-06-01 14:25:04.378528,5
5771,20,P03,no,1,0.5926651615218361,0.41069062390857347,0.4039848066734832,3559,3573,2026-06-01 14:25:04.378825,5
4562,19,P23,no,7,4.148173250217496,0.4309986674318095,0.3840904084564866,2393,2410,2026-06-01 14:25:04.391573,5
5772,20,P03,no,4,2.43716310749096,0.4039848066734832,0.37754066879814546,3559,3577,2026-06-01 14:25:04.431171,5
4563,19,P15,no,1,0.6191880754722661,0.3840904084564866,0.37754066879814546,2393,2411,2026-06-01 14:25:04.438701,5
5773,20,P15,yes,1,0.38081192452773394,0.37754066879814546,0.3840904084564866,3560,3577,2026-06-01 14:25:04.446741,5
1491,8,P18,no,2,0.8484094159748565,0.5825702064623147,0.5690013325681905,1436,1426,2026-06-01 14:25:04.451090,3
5774,20,P24,no,1,0.6191880754722661,0.3840904084564866,0.37754066879814546,3560,3578,2026-06-01 14:25:04.465094,5
4564,19,P15,no,5,3.1929178230429898,0.37754066879814546,0.3454977507481214,2393,2416,2026-06-01 14:25:04.488195,5
5775,20,P17,yes,2,0.7681949209272716,0.37754066879814546,0.3906824581564393,3562,3578,2026-06-01 14:25:04.489129,5
5776,20,P14,no,2,-1.2053580284186864,0.3906824581564393,0.4039848066734832,3562,3576,2026-06-01 14:25:04.513402,5
5777,20,P09,yes,1,-0.400646666306784,0.4039848066734832,0.3973146620215083,3561,3576,2026-06-01 14:25:04.514341,5
5778,20,P24,no,3,1.8378097737981989,0.3973146620215083,0.37754066879814546,3561,3579,2026-06-01 14:25:04.533034,5
5779,20,P08,yes,1,0.38081192452773394,0.37754066879814546,0.3840904084564866,3562,3579,2026-06-01 14:25:04.542558,5
4565,19,P11,yes,1,0.3486473453945109,0.3454977507481214,0.3518057801362553,2394,2416,2026-06-01 14:25:04.577115,5
4566,19,P09,yes,7,2.6206250577638457,0.3518057801362553,0.3973146620215083,2401,2416,2026-06-01 14:25:04.607868,5
3180,11,P09,no,3,-0.93550284650496,0.679178699175393,0.6970592839654074,1921,1891,2026-06-01 14:25:04.614631,3
5780,20,P09,no,5,3.1607532439097668,0.3840904084564866,0.3518057801362553,3562,3584,2026-06-01 14:25:04.628528,5
5781,20,P04,yes,1,0.35498159744975055,0.3518057801362553,0.358165954911269,3563,3584,2026-06-01 14:25:04.639746,5
5782,20,P03,no,1,0.6450184025497947,0.358165954911269,0.3518057801362553,3563,3585,2026-06-01 14:25:04.645250,5
5783,20,P02,no,1,-0.6450184025497947,0.3518057801362553,0.358165954911269,3563,3584,2026-06-01 14:25:04.650887,5
4567,19,P19,yes,2,0.8079815047858574,0.3973146620215083,0.41069062390857347,2403,2416,2026-06-01 14:25:04.651775,5
4568,19,P10,no,10,6.222746092055331,0.41069062390857347,0.3454977507481214,2403,2426,2026-06-01 14:25:04.655506,5
4569,19,P03,no,1,-0.6513526546050343,0.3454977507481214,0.3518057801362553,2403,2425,2026-06-01 14:25:04.683572,5
5784,20,P13,yes,4,1.4842651586404827,0.358165954911269,0.3840904084564866,3567,3584,2026-06-01 14:25:04.749651,5
5785,20,P12,yes,1,0.38738299639953766,0.3840904084564866,0.3906824581564393,3568,3584,2026-06-01 14:25:04.763154,5
4570,19,P09,no,1,-0.6450184025507042,0.3518057801362553,0.358165954911269,2403,2424,2026-06-01 14:25:04.780750,5
5786,20,P20,yes,1,0.3939953052740748,0.3906824581564393,0.3973146620215083,3569,3584,2026-06-01 14:25:04.782393,5
5787,20,P14,no,9,-5.150807565097693,0.3973146620215083,0.45842951678320015,3569,3575,2026-06-01 14:25:04.848200,5
4571,19,P17,yes,5,1.871648155040475,0.358165954911269,0.3906824581564393,2408,2424,2026-06-01 14:25:04.868564,5
5788,20,P24,yes,1,-0.4549840588965708,0.45842951678320015,0.4515414720267231,3568,3575,2026-06-01 14:25:04.883403,5
4572,19,P19,no,1,-0.6060046947259252,0.3906824581564393,0.3973146620215083,2408,2423,2026-06-01 14:25:04.883586,5
2198,9,P09,no,1,0.5242860391551858,0.4791787146272571,0.47225076494548685,1678,1682,2026-06-01 14:25:04.963774,3
4573,19,P19,yes,1,0.4006466663076935,0.3973146620215083,0.4039848066734832,2409,2423,2026-06-01 14:25:05.001355,5
6563,21,P03,yes,12,-0.7825675012509237,0.07585818002124356,0.055549260157611746,4093,4195,2026-06-01 14:25:05.007078,5
2731,10,P02,no,3,-0.26191753872490153,0.9093361037264148,0.9159760921836879,1777,1691,2026-06-01 14:25:05.019630,3
2199,9,P09,no,2,-1.0416398979598398,0.47225076494548685,0.4861146822539951,1678,1680,2026-06-01 14:25:05.031424,3
4574,19,P10,no,1,0.5993533336927612,0.4039848066734832,0.3973146620215083,2409,2424,2026-06-01 14:25:05.042620,5
4575,19,P03,no,2,-1.1920184952145974,0.3973146620215083,0.41069062390857347,2409,2422,2026-06-01 14:25:05.053774,5
5789,20,P24,yes,1,-0.4481050579593102,0.4515414720267231,0.444671944737631,3567,3575,2026-06-01 14:25:05.066368,5
2732,10,P02,no,1,-0.08296316226756062,0.9159760921836879,0.9180894228446748,1777,1690,2026-06-01 14:25:05.090162,3
4576,19,P12,no,10,6.222746092055786,0.41069062390857347,0.3454977507481214,2409,2432,2026-06-01 14:25:05.123053,5
4577,19,P17,no,2,1.3214942023569165,0.3454977507481214,0.3330451148264414,2409,2434,2026-06-01 14:25:05.142704,5
4578,19,P11,yes,3,1.0271531430375944,0.3330451148264414,0.3518057801362553,2412,2434,2026-06-01 14:25:05.167841,5
4579,19,P24,yes,1,0.35498159744975055,0.3518057801362553,0.358165954911269,2413,2434,2026-06-01 14:25:05.236755,5
4580,19,P19,yes,1,0.3613670834829463,0.358165954911269,0.36457644074163925,2414,2434,2026-06-01 14:25:05.262890,5
4581,19,P19,no,2,-1.2579138493701976,0.36457644074163925,0.37754066879814546,2414,2432,2026-06-01 14:25:05.270528,5
3181,11,P18,yes,1,-0.6941157482681319,0.6970592839654074,0.6911616123625146,1920,1891,2026-06-01 14:25:05.385437,3
6564,21,P02,yes,1,0.056283949912540265,0.055549260157611746,0.0570247014210931,4094,4195,2026-06-01 14:25:05.490892,5
3841,17,P17,yes,10,0.46315232834058406,0.04043956481800324,0.05270556608289024,1196,1300,2026-06-01 14:25:05.533381,5
2200,9,P18,yes,4,1.9999999999997726,0.4861146822539951,0.5138853177460049,1682,1680,2026-06-01 14:25:05.549775,3
4582,19,P15,no,1,0.6257157842683227,0.37754066879814546,0.3710353350500268,2414,2433,2026-06-01 14:25:05.592360,5
5790,20,P17,no,1,-0.5518949420411445,0.444671944737631,0.4515414720267231,3567,3574,2026-06-01 14:25:05.607416,5
2733,10,P09,no,2,0.1680642843739406,0.9180894228446748,0.9138133552020657,1777,1692,2026-06-01 14:25:05.661168,3
3842,17,P03,no,1,0.9479821612653723,0.05270556608289024,0.05133579311531625,1196,1301,2026-06-01 14:25:05.740568,5
1492,8,P18,no,9,4.157360505959559,0.5690013325681905,0.5069439979482607,1436,1435,2026-06-01 14:25:05.769027,3
1493,8,P23,yes,1,0.5104149925386992,0.5069439979482607,0.5138853177460049,1437,1435,2026-06-01 14:25:05.811008,3
3182,11,P02,yes,1,-0.6881864875829251,0.6911616123625146,0.6852009766653157,1919,1891,2026-06-01 14:25:05.823387,3
5791,20,P17,yes,1,-0.4481050579593102,0.4515414720267231,0.444671944737631,3566,3574,2026-06-01 14:25:05.829399,5
6565,21,P03,no,1,0.9437160500883692,0.0570247014210931,0.055549260157611746,4094,4196,2026-06-01 14:25:05.874434,5
1494,8,P01,no,1,-0.482646141195346,0.5138853177460049,0.520821285372743,1437,1434,2026-06-01 14:25:05.895847,3
6566,21,P19,yes,10,-0.48831163450086024,0.055549260157611746,0.042651252130942854,4084,4196,2026-06-01 14:25:05.953771,5
2201,9,P18,no,1,-0.4826461411951186,0.5138853177460049,0.520821285372743,1682,1679,2026-06-01 14:25:05.957664,3
3843,17,P19,no,1,0.9493350125399047,0.05133579311531625,0.049999740399933254,1196,1302,2026-06-01 14:25:05.965591,5
5792,20,P03,no,1,0.5587541409076948,0.444671944737631,0.4378234991142019,3566,3575,2026-06-01 14:25:05.997135,5
1495,8,P23,yes,8,4.387273614698415,0.520821285372743,0.5758000536158003,1445,1434,2026-06-01 14:25:06.002830,3
6567,21,P21,yes,1,0.043223195691098226,0.042651252130942854,0.04379999771646115,4085,4196,2026-06-01 14:25:06.003315,5
4583,19,P03,yes,17,7.274698388539491,0.3710353350500268,0.4861146822539951,2431,2433,2026-06-01 14:25:06.040656,5
4584,19,P13,no,1,0.5173538588055635,0.4861146822539951,0.4791787146272571,2431,2434,2026-06-01 14:25:06.043902,5
3183,11,P18,yes,1,-0.682194917643983,0.6852009766653157,0.679178699175393,1918,1891,2026-06-01 14:25:06.045859,3
2202,9,P09,no,1,0.4826461411951186,0.520821285372743,0.5138853177460049,1682,1680,2026-06-01 14:25:06.058131,3
4585,19,P20,yes,1,-0.4757139608450416,0.4791787146272571,0.47225076494548685,2430,2434,2026-06-01 14:25:06.070366,5
4586,19,P02,no,1,0.5312088736441183,0.47225076494548685,0.46533348664659613,2430,2435,2026-06-01 14:25:06.106314,5
5793,20,P03,no,1,0.5655909891547708,0.4378234991142019,0.4309986674318095,3566,3576,2026-06-01 14:25:06.106696,5
4587,19,P24,no,1,0.5381197166911988,0.46533348664659613,0.45842951678320015,2430,2436,2026-06-01 14:25:06.133416,5
3844,17,P03,no,1,0.9506545111553351,0.049999740399933254,0.04869667456442473,1196,1303,2026-06-01 14:25:06.135354,5
5794,20,P09,no,20,12.69244326883745,0.4309986674318095,0.3029407160345927,3566,3596,2026-06-01 14:25:06.150588,5
5795,20,P09,no,2,1.4057636955062662,0.3029407160345927,0.29133917497056444,3566,3598,2026-06-01 14:25:06.150589,5
5796,20,P13,yes,13,4.294870145614823,0.29133917497056444,0.3710353350500268,3579,3598,2026-06-01 14:25:06.159110,5
5797,20,P08,yes,1,0.37428421573167725,0.3710353350500268,0.37754066879814546,3580,3598,2026-06-01 14:25:06.185910,5
5798,20,P14,no,1,-0.6191880754722661,0.37754066879814546,0.3840904084564866,3580,3597,2026-06-01 14:25:06.195612,5
4588,19,P01,no,1,0.5450159411034292,0.45842951678320015,0.4515414720267231,2430,2437,2026-06-01 14:25:06.203099,5
3184,11,P09,no,1,-0.317805082356017,0.679178699175393,0.6852009766653157,1918,1890,2026-06-01 14:25:06.243479,3
4589,19,P08,no,1,0.5518949420406898,0.4515414720267231,0.444671944737631,2430,2438,2026-06-01 14:25:06.246719,5
5799,20,P14,yes,9,3.727481619720038,0.3840904084564866,0.444671944737631,3589,3597,2026-06-01 14:25:06.248217,5
4590,19,P09,no,18,-8.875654869937534,0.444671944737631,0.5690013325681905,2430,2420,2026-06-01 14:25:06.273353,5
4591,19,P02,no,1,0.43440901084477446,0.5690013325681905,0.5621765008857981,2430,2421,2026-06-01 14:25:06.284471,5
4592,19,P10,no,15,7.344334975948641,0.5621765008857981,0.45842951678320015,2430,2436,2026-06-01 14:25:06.285315,5
4593,19,P12,no,6,3.3728465972312733,0.45842951678320015,0.41742979353768533,2430,2442,2026-06-01 14:25:06.288612,5
4594,19,P03,no,14,-7.483815085526658,0.41742979353768533,0.5138853177460049,2430,2428,2026-06-01 14:25:06.322292,5
4595,19,P02,no,1,0.4895850074617556,0.5138853177460049,0.5069439979482607,2430,2429,2026-06-01 14:25:06.325035,5
4596,19,P19,yes,1,0.5104149925382444,0.5069439979482607,0.5138853177460049,2431,2429,2026-06-01 14:25:06.327469,5
4597,19,P18,no,9,4.655984429398359,0.5138853177460049,0.4515414720267231,2431,2438,2026-06-01 14:25:06.362044,5
4598,19,P20,no,5,2.827830656128299,0.4515414720267231,0.41742979353768533,2431,2443,2026-06-01 14:25:06.376500,5
4599,19,P04,no,1,0.5859424726522775,0.41742979353768533,0.41069062390857347,2431,2444,2026-06-01 14:25:06.423762,5
4600,19,P19,yes,1,0.4140575273477225,0.41069062390857347,0.41742979353768533,2432,2444,2026-06-01 14:25:06.460525,5
4601,19,P14,no,1,0.5859424726522775,0.41742979353768533,0.41069062390857347,2432,2445,2026-06-01 14:25:06.460554,5
4602,19,P19,no,14,-7.580172550717634,0.41069062390857347,0.5069439979482607,2432,2431,2026-06-01 14:25:06.498717,5
5800,20,P15,no,2,1.1243451300624656,0.444671944737631,0.4309986674318095,3589,3599,2026-06-01 14:25:06.538043,5
4603,19,P06,no,4,2.027768851343353,0.5069439979482607,0.4791787146272571,2432,2435,2026-06-01 14:25:06.541841,5
3185,11,P21,yes,9,-5.917063923028309,0.6852009766653157,0.6289646649499733,1909,1890,2026-06-01 14:25:06.583141,3
3186,11,P13,no,1,-0.36780193489835256,0.6289646649499733,0.6354235592583607,1909,1889,2026-06-01 14:25:06.599733,3
3187,11,P09,yes,2,1.2836513190670757,0.6354235592583607,0.6481942198637447,1911,1889,2026-06-01 14:25:06.618719,3
4604,19,P24,yes,12,6.249279653542089,0.4791787146272571,0.5621765008857981,2444,2435,2026-06-01 14:25:06.620766,5
3188,11,P19,yes,1,0.6513526546054891,0.6481942198637447,0.6545022492518787,1912,1889,2026-06-01 14:25:06.627868,3
3845,17,P03,no,10,9.572286109128072,0.04869667456442473,0.037326887344129464,1196,1313,2026-06-01 14:25:06.633105,5
4605,19,P10,yes,14,-7.193784740742558,0.5621765008857981,0.46533348664659613,2430,2435,2026-06-01 14:25:06.659642,5
3189,11,P21,yes,1,0.6576338731481428,0.6545022492518787,0.6607563687658172,1913,1889,2026-06-01 14:25:06.663751,3
3190,11,P02,yes,1,0.6638603292090011,0.6607563687658172,0.6669548851735586,1914,1889,2026-06-01 14:25:06.671089,3
6568,21,P09,yes,18,1.0086408051720355,0.04379999771646115,0.0702187918305528,4103,4196,2026-06-01 14:25:06.685256,5
4606,19,P01,no,14,8.152452839855869,0.46533348664659613,0.3710353350500268,2430,2449,2026-06-01 14:25:06.694374,5
3969,18,P24,yes,11,0.42886137162645355,0.03353319492319511,0.04497822937897771,1436,1546,2026-06-01 14:25:06.702547,5
4607,19,P15,no,1,-0.6257157842683227,0.3710353350500268,0.37754066879814546,2430,2448,2026-06-01 14:25:06.713436,5
3970,18,P05,no,1,0.9556133716921522,0.04497822937897771,0.04379999771646115,1436,1547,2026-06-01 14:25:06.725925,5
4608,19,P15,no,7,4.514412025399906,0.37754066879814546,0.3330451148264414,2430,2455,2026-06-01 14:25:06.728168,5
4609,19,P23,no,10,-6.35222179919856,0.3330451148264414,0.3973146620215083,2430,2445,2026-06-01 14:25:06.733109,5
3191,11,P18,no,1,0.33613967079099893,0.6669548851735586,0.6607563687658172,1914,1890,2026-06-01 14:25:06.740867,3
2203,9,P09,yes,5,-2.4826461411951186,0.5138853177460049,0.4791787146272571,1677,1680,2026-06-01 14:25:06.745247,3
6569,21,P22,no,12,-11.013579178640612,0.0702187918305528,0.0953494648991095,4103,4184,2026-06-01 14:25:06.753053,5
6570,21,P19,no,1,0.9058396218333655,0.0953494648991095,0.09298019452229982,4103,4185,2026-06-01 14:25:06.819084,5
3192,11,P09,no,1,-0.33613967079099893,0.6607563687658172,0.6669548851735586,1914,1889,2026-06-01 14:25:06.827191,3
5801,20,P09,yes,20,-7.307556731162549,0.4309986674318095,0.3029407160345927,3569,3599,2026-06-01 14:25:06.918911,5
4610,19,P03,no,1,-0.5993533336923065,0.3973146620215083,0.4039848066734832,2430,2444,2026-06-01 14:25:06.931072,5
5802,20,P20,no,11,-7.299366158878911,0.3029407160345927,0.3710353350500268,3569,3588,2026-06-01 14:25:06.936982,5
4611,19,P03,no,2,-1.1786076341741136,0.4039848066734832,0.41742979353768533,2430,2442,2026-06-01 14:25:06.998034,5
4612,19,P09,yes,1,0.42081238797618425,0.41742979353768533,0.4241999463841996,2431,2442,2026-06-01 14:25:07.004558,5
5803,20,P13,yes,1,0.3742842157312225,0.3710353350500268,0.37754066879814546,3570,3588,2026-06-01 14:25:07.023531,5
5804,20,P10,yes,7,2.8050416463111105,0.37754066879814546,0.4241999463841996,3577,3588,2026-06-01 14:25:07.048428,5
4613,19,P11,no,4,2.357148579890236,0.4241999463841996,0.3973146620215083,2431,2446,2026-06-01 14:25:07.177790,5
4614,19,P19,yes,17,7.738223946606922,0.3973146620215083,0.5138853177460049,2448,2446,2026-06-01 14:25:07.212233,5
4615,19,P04,no,1,0.4895850074617556,0.5138853177460049,0.5069439979482607,2448,2447,2026-06-01 14:25:07.212778,5
3193,11,P21,yes,1,0.6700303657014501,0.6669548851735586,0.6730961777222321,1915,1889,2026-06-01 14:25:07.229953,3
4616,19,P04,yes,5,-2.4479451095016884,0.5069439979482607,0.47225076494548685,2443,2447,2026-06-01 14:25:07.289382,5
3846,17,P24,yes,1,0.03783026636801878,0.037326887344129464,0.03833797212535963,1197,1313,2026-06-01 14:25:07.293536,5
5805,20,P03,yes,13,-4.954489950119751,0.4241999463841996,0.33924363123418283,3564,3588,2026-06-01 14:25:07.316104,5
5806,20,P12,yes,10,3.712285196317225,0.33924363123418283,0.4039848066734832,3574,3588,2026-06-01 14:25:07.326701,5
4617,19,P19,no,1,-0.5242860391554132,0.47225076494548685,0.4791787146272571,2443,2446,2026-06-01 14:25:07.332259,5
4618,19,P21,no,5,2.6905255126343945,0.4791787146272571,0.444671944737631,2443,2451,2026-06-01 14:25:07.362603,5
3971,18,P03,no,1,0.956776804308447,0.04379999771646115,0.042651252130942854,1436,1548,2026-06-01 14:25:07.382869,5
2204,9,P09,yes,1,0.482646141195346,0.4791787146272571,0.4861146822539951,1678,1680,2026-06-01 14:25:07.383644,3
3194,11,P21,yes,6,4.146403247551916,0.6730961777222321,0.7086608250294356,1921,1889,2026-06-01 14:25:07.387574,3
2734,10,P02,no,1,-0.08510112210637999,0.9138133552020657,0.9159760921836879,1777,1691,2026-06-01 14:25:07.424173,3
5807,20,P23,yes,5,2.104210792646427,0.4039848066734832,0.4378234991142019,3579,3588,2026-06-01 14:25:07.437456,5
6571,21,P17,no,1,0.9081823317401359,0.09298019452229982,0.09066389627358525,4103,4186,2026-06-01 14:25:07.474151,5
4619,19,P17,yes,2,0.903089116855881,0.444671944737631,0.45842951678320015,2445,2451,2026-06-01 14:25:07.482828,5
4620,19,P20,no,12,6.988617338896802,0.45842951678320015,0.37754066879814546,2445,2463,2026-06-01 14:25:07.503665,5
2205,9,P18,no,1,0.517353858804654,0.4861146822539951,0.4791787146272571,1678,1681,2026-06-01 14:25:07.518917,3
5808,20,P17,yes,1,0.44124585909275993,0.4378234991142019,0.444671944737631,3580,3588,2026-06-01 14:25:07.538941,5
4621,19,P02,no,1,-0.6191880754722661,0.37754066879814546,0.3840904084564866,2445,2462,2026-06-01 14:25:07.550345,5
4622,19,P19,yes,1,0.38738299639953766,0.3840904084564866,0.3906824581564393,2446,2462,2026-06-01 14:25:07.567315,5
5809,20,P09,no,1,0.5587541409072401,0.444671944737631,0.4378234991142019,3580,3589,2026-06-01 14:25:07.577029,5
3195,11,P09,no,1,0.2942177197946876,0.7086608250294356,0.702892745013669,1921,1890,2026-06-01 14:25:07.620286,3
4623,19,P10,yes,1,0.39399530527452953,0.3906824581564393,0.3973146620215083,2447,2462,2026-06-01 14:25:07.633633,5
4624,19,P18,yes,4,1.6428514201093094,0.3973146620215083,0.4241999463841996,2451,2462,2026-06-01 14:25:07.659316,5
6572,21,P24,yes,1,0.09181766825986415,0.09066389627358525,0.09298019452229982,4104,4186,2026-06-01 14:25:07.661718,5
6573,21,P17,no,14,-12.443056853262533,0.09298019452229982,0.13137120953080678,4104,4172,2026-06-01 14:25:07.720782,5
6574,21,P22,no,1,0.870202903705831,0.13137120953080678,0.12823373759251924,4104,4173,2026-06-01 14:25:07.733800,5
4625,19,P19,no,9,-4.904627473503297,0.4241999463841996,0.4861146822539951,2451,2453,2026-06-01 14:25:07.760858,5
5810,20,P15,yes,1,0.44124585909275993,0.4378234991142019,0.444671944737631,3581,3589,2026-06-01 14:25:07.773005,5
5811,20,P15,no,7,4.053896681954029,0.444671944737631,0.3973146620215083,3581,3596,2026-06-01 14:25:07.786858,5
5812,20,P24,no,1,0.6060046947259252,0.3973146620215083,0.3906824581564393,3581,3597,2026-06-01 14:25:07.790724,5
5813,20,P03,no,1,0.6126170036000076,0.3906824581564393,0.3840904084564866,3581,3598,2026-06-01 14:25:07.791221,5
5814,20,P23,yes,1,0.38738299639953766,0.3840904084564866,0.3906824581564393,3582,3598,2026-06-01 14:25:07.810404,5
4626,19,P13,no,14,7.867780748119458,0.4861146822539951,0.3906824581564393,2451,2467,2026-06-01 14:25:07.825732,5
6575,21,P22,no,1,0.8733082429480419,0.12823373759251924,0.1251603995749971,4104,4174,2026-06-01 14:25:07.834016,5
4627,19,P10,yes,1,0.3939953052740748,0.3906824581564393,0.3973146620215083,2452,2467,2026-06-01 14:25:07.844038,5
6576,21,P09,yes,1,0.12669175705195812,0.1251603995749971,0.12823373759251924,4105,4174,2026-06-01 14:25:07.845037,5
3972,18,P03,no,1,0.9579110850058896,0.042651252130942854,0.04153132619455174,1436,1549,2026-06-01 14:25:07.864088,5
5815,20,P24,yes,13,-4.537228726047488,0.3906824581564393,0.30883838763748533,3569,3598,2026-06-01 14:25:07.869284,5
6577,21,P09,yes,5,0.681340829299188,0.12823373759251924,0.14457775046587726,4110,4174,2026-06-01 14:25:07.929324,5
3196,11,P09,no,1,0.3000185846999557,0.702892745013669,0.6970592839654074,1921,1891,2026-06-01 14:25:07.938411,3
6578,21,P04,no,2,1.7176253500056191,0.14457775046587726,0.13784165696493572,4110,4176,2026-06-01 14:25:07.945688,5
3973,18,P05,no,9,8.66775042850577,0.04153132619455174,0.0326445247140918,1436,1558,2026-06-01 14:25:07.962439,5
5816,20,P12,no,17,-10.846736936544858,0.30883838763748533,0.41742979353768533,3569,3581,2026-06-01 14:25:07.978114,5
5817,20,P15,yes,1,-0.4140575273477225,0.41742979353768533,0.41069062390857347,3568,3581,2026-06-01 14:25:08.067218,5
6579,21,P19,yes,7,-0.8877345012633668,0.13784165696493572,0.11631714397765597,4103,4176,2026-06-01 14:25:08.093806,5
5818,20,P21,yes,2,0.8348699153239068,0.41069062390857347,0.4241999463841996,3570,3581,2026-06-01 14:25:08.118743,5
5819,20,P15,yes,1,-0.42081238797618425,0.4241999463841996,0.41742979353768533,3569,3581,2026-06-01 14:25:08.140434,5
6580,21,P24,yes,6,0.7515323792240451,0.11631714397765597,0.13457359546569392,4109,4176,2026-06-01 14:25:08.157212,5
5820,20,P03,no,1,0.5859424726522775,0.41742979353768533,0.41069062390857347,3569,3582,2026-06-01 14:25:08.161118,5
6581,21,P11,no,2,1.7372359427345145,0.13457359546569392,0.12823373759251924,4109,4178,2026-06-01 14:25:08.235960,5
6582,21,P15,yes,1,0.12979709629416902,0.12823373759251924,0.13137120953080678,4110,4178,2026-06-01 14:25:08.246505,5
6583,21,P02,yes,1,-0.12979709629416902,0.13137120953080678,0.12823373759251924,4109,4178,2026-06-01 14:25:08.249148,5
4628,19,P17,yes,1,0.4006466663072388,0.3973146620215083,0.4039848066734832,2453,2467,2026-06-01 14:25:08.353975,5
4629,19,P24,yes,13,5.827162287761439,0.4039848066734832,0.49305600205173933,2466,2467,2026-06-01 14:25:08.392176,5
2206,9,P09,no,12,-5.750720346458138,0.4791787146272571,0.5621765008857981,1678,1669,2026-06-01 14:25:08.397660,3
4630,19,P12,no,1,0.5104149925382444,0.49305600205173933,0.4861146822539951,2466,2468,2026-06-01 14:25:08.408120,5
4631,19,P01,no,14,7.867780748119003,0.4861146822539951,0.3906824581564393,2466,2482,2026-06-01 14:25:08.409683,5
2207,9,P22,yes,1,-0.5587541409070127,0.5621765008857981,0.555328055262369,1677,1669,2026-06-01 14:25:08.433250,3
4632,19,P19,yes,1,0.3939953052740748,0.3906824581564393,0.3973146620215083,2467,2482,2026-06-01 14:25:08.455722,5
4633,19,P24,no,1,0.6060046947259252,0.3973146620215083,0.3906824581564393,2467,2483,2026-06-01 14:25:08.483527,5
2208,9,P11,no,10,4.792120628560497,0.555328055262369,0.4861146822539951,1677,1679,2026-06-01 14:25:08.529149,3
6584,21,P01,no,1,0.8733082429480419,0.12823373759251924,0.1251603995749971,4109,4179,2026-06-01 14:25:08.546239,5
5821,20,P24,no,1,0.5926651615213814,0.41069062390857347,0.4039848066734832,3569,3583,2026-06-01 14:25:08.582211,5
5822,20,P17,yes,4,-1.5628368925085852,0.4039848066734832,0.37754066879814546,3565,3583,2026-06-01 14:25:08.671163,5
5823,20,P10,yes,4,1.5628368925085852,0.37754066879814546,0.4039848066734832,3569,3583,2026-06-01 14:25:08.688559,5
2209,9,P09,yes,6,3.04163989795984,0.4861146822539951,0.5277492350545132,1683,1679,2026-06-01 14:25:08.692854,3
4634,19,P19,yes,4,1.6160343374076547,0.3906824581564393,0.41742979353768533,2471,2483,2026-06-01 14:25:08.703240,5
4635,19,P15,yes,5,2.172169343871701,0.41742979353768533,0.4515414720267231,2476,2483,2026-06-01 14:25:08.736175,5
5824,20,P09,no,10,6.28771480368232,0.4039848066734832,0.33924363123418283,3569,3593,2026-06-01 14:25:08.783079,5
2210,9,P09,yes,3,1.6143445314387463,0.5277492350545132,0.548458527973277,1686,1679,2026-06-01 14:25:08.788102,3
5825,20,P03,no,1,0.6638603292090011,0.33924363123418283,0.3330451148264414,3569,3594,2026-06-01 14:25:08.790464,5
5826,20,P15,no,1,0.6700303657012228,0.3330451148264414,0.32690382227776793,3569,3595,2026-06-01 14:25:08.792220,5
2211,9,P08,no,4,1.8613694294062952,0.548458527973277,0.520821285372743,1686,1683,2026-06-01 14:25:08.794444,3
6585,21,P13,no,3,2.6379234350933984,0.1251603995749971,0.11631714397765597,4109,4182,2026-06-01 14:25:08.802160,5
4636,19,P24,no,1,0.5518949420411445,0.4515414720267231,0.444671944737631,2476,2484,2026-06-01 14:25:08.806087,5
6586,21,P24,yes,6,0.7515323792249546,0.11631714397765597,0.13457359546569392,4115,4182,2026-06-01 14:25:08.823880,5
5827,20,P17,yes,7,2.4412733931676485,0.32690382227776793,0.3710353350500268,3576,3595,2026-06-01 14:25:08.824371,5
5828,20,P23,yes,1,0.3742842157312225,0.3710353350500268,0.37754066879814546,3577,3595,2026-06-01 14:25:08.826754,5
6587,21,P01,yes,1,-0.13296696097222593,0.13457359546569392,0.13137120953080678,4114,4182,2026-06-01 14:25:08.832900,5
4637,19,P11,no,1,0.5587541409067853,0.444671944737631,0.4378234991142019,2476,2485,2026-06-01 14:25:08.838090,5
6588,21,P22,no,7,6.154430126584884,0.13137120953080678,0.1107273179723682,4114,4189,2026-06-01 14:25:08.844745,5
5829,20,P10,no,1,-0.6191880754722661,0.37754066879814546,0.3840904084564866,3577,3594,2026-06-01 14:25:08.865147,5
4638,19,P03,no,1,-0.5587541409067853,0.4378234991142019,0.444671944737631,2476,2484,2026-06-01 14:25:08.910383,5
5830,20,P23,yes,1,0.38738299639953766,0.3840904084564866,0.3906824581564393,3578,3594,2026-06-01 14:25:08.963326,5
6589,21,P09,yes,1,0.11210480668796663,0.1107273179723682,0.11349222580422871,4115,4189,2026-06-01 14:25:08.985439,5
4639,19,P20,no,7,4.053896681953574,0.444671944737631,0.3973146620215083,2476,2491,2026-06-01 14:25:09.017106,5
4640,19,P19,yes,7,2.9461033180464256,0.3973146620215083,0.444671944737631,2483,2491,2026-06-01 14:25:09.027700,5
4641,19,P14,no,7,4.053896681954029,0.444671944737631,0.3973146620215083,2483,2498,2026-06-01 14:25:09.045045,5
6590,21,P23,no,1,0.8878951933120334,0.11349222580422871,0.1107273179723682,4115,4190,2026-06-01 14:25:09.090473,5
2212,9,P09,yes,2,1.0554949127990767,0.520821285372743,0.534666513353404,1688,1683,2026-06-01 14:25:09.102630,3
3974,18,P24,yes,12,0.46194831048774176,0.0326445247140918,0.04497822937897771,1448,1558,2026-06-01 14:25:09.106540,5
2213,9,P13,no,1,0.4687911263558817,0.534666513353404,0.5277492350545132,1688,1684,2026-06-01 14:25:09.110585,3
2214,9,P18,yes,6,-3.041639897960067,0.5277492350545132,0.4861146822539951,1682,1684,2026-06-01 14:25:09.136120,3
5831,20,P03,no,1,0.6126170036004623,0.3906824581564393,0.3840904084564866,3578,3595,2026-06-01 14:25:09.138003,5
4642,19,P17,yes,6,2.504857458953211,0.3973146620215083,0.4378234991142019,2489,2498,2026-06-01 14:25:09.140940,5
4643,19,P03,yes,14,6.806215259257442,0.4378234991142019,0.534666513353404,2503,2498,2026-06-01 14:25:09.172918,5
3197,11,P09,yes,3,-2.06449715349504,0.6970592839654074,0.679178699175393,1918,1891,2026-06-01 14:25:09.183717,3
5832,20,P21,yes,1,0.3873829963999924,0.3840904084564866,0.3906824581564393,3579,3595,2026-06-01 14:25:09.185440,5
3975,18,P22,no,10,9.605125856081031,0.04497822937897771,0.034445195666211174,1448,1568,2026-06-01 14:25:09.216864,5
4644,19,P14,no,8,3.9445050872009233,0.534666513353404,0.4791787146272571,2503,2506,2026-06-01 14:25:09.219833,5
4645,19,P11,no,1,0.5242860391545037,0.4791787146272571,0.47225076494548685,2503,2507,2026-06-01 14:25:09.241525,5
4646,19,P14,yes,1,-0.46879112635542697,0.47225076494548685,0.46533348664659613,2502,2507,2026-06-01 14:25:09.266832,5
4647,19,P20,no,1,0.5381197166911988,0.46533348664659613,0.45842951678320015,2502,2508,2026-06-01 14:25:09.275111,5
6591,21,P03,no,1,0.8906304535830714,0.1107273179723682,0.10802156134341918,4115,4191,2026-06-01 14:25:09.281131,5
4648,19,P23,no,8,4.551454231405387,0.45842951678320015,0.4039848066734832,2502,2516,2026-06-01 14:25:09.286689,5
5833,20,P15,yes,8,-2.9176432247363664,0.3906824581564393,0.33924363123418283,3571,3595,2026-06-01 14:25:09.366567,5
5834,20,P18,yes,2,0.6910134722461407,0.33924363123418283,0.3518057801362553,3573,3595,2026-06-01 14:25:09.374821,5
3847,17,P17,yes,1,0.03885443354170093,0.03833797212535963,0.039375324260408275,1198,1313,2026-06-01 14:25:09.414750,5
3976,18,P24,yes,1,0.034911128706198724,0.034445195666211174,0.03538109202197851,1449,1568,2026-06-01 14:25:09.422349,5
5835,20,P20,yes,4,1.4584348315624993,0.3518057801362553,0.37754066879814546,3577,3595,2026-06-01 14:25:09.432322,5
5836,20,P09,yes,1,0.38081192452773394,0.37754066879814546,0.3840904084564866,3578,3595,2026-06-01 14:25:09.449968,5
2215,9,P18,no,5,2.655984429398586,0.4861146822539951,0.4515414720267231,1682,1689,2026-06-01 14:25:09.464759,3
5837,20,P24,yes,8,3.286235760627278,0.3840904084564866,0.4378234991142019,3586,3595,2026-06-01 14:25:09.474369,5
6592,21,P15,yes,1,0.10936954641692864,0.10802156134341918,0.1107273179723682,4116,4191,2026-06-01 14:25:09.489165,5
2216,9,P23,yes,1,0.4549840588965708,0.4515414720267231,0.45842951678320015,1683,1689,2026-06-01 14:25:09.490718,3
2217,9,P11,no,5,-2.6213834808334013,0.45842951678320015,0.49305600205173933,1683,1684,2026-06-01 14:25:09.503582,3
3977,18,P17,yes,1,0.03585921247031365,0.03538109202197851,0.03634146014678239,1450,1568,2026-06-01 14:25:09.513835,5
4649,19,P03,no,3,-1.7577952461979294,0.4039848066734832,0.4241999463841996,2502,2513,2026-06-01 14:25:09.557886,5
5838,20,P12,no,13,7.874517483282489,0.4378234991142019,0.3518057801362553,3586,3608,2026-06-01 14:25:09.624040,5
5839,20,P21,yes,1,0.35498159744975055,0.3518057801362553,0.358165954911269,3587,3608,2026-06-01 14:25:09.671506,5
3198,11,P18,no,3,0.9899669065382568,0.679178699175393,0.6607563687658172,1918,1894,2026-06-01 14:25:09.685483,3
3199,11,P09,yes,1,0.6638603292087737,0.6607563687658172,0.6669548851735586,1919,1894,2026-06-01 14:25:09.698104,3
5840,20,P08,yes,2,0.7291690183815263,0.358165954911269,0.3710353350500268,3589,3608,2026-06-01 14:25:09.773439,5
6593,21,P03,yes,8,-0.8031909415813061,0.1107273179723682,0.09066389627358525,4108,4191,2026-06-01 14:25:09.777541,5
3200,11,P18,yes,4,-2.617865259512655,0.6669548851735586,0.6418340450887311,1915,1894,2026-06-01 14:25:09.780990,3
4650,19,P19,no,11,-5.9185145766368805,0.4241999463841996,0.5,2502,2502,2026-06-01 14:25:09.797926,5
4651,19,P19,yes,1,0.5034721105957942,0.5,0.5069439979482607,2503,2502,2026-06-01 14:25:09.803220,5
3201,11,P19,no,1,-0.3549815974502053,0.6418340450887311,0.6481942198637447,1915,1893,2026-06-01 14:25:09.812332,3
6594,21,P15,yes,13,1.3922719616502945,0.09066389627358525,0.1251603995749971,4121,4191,2026-06-01 14:25:09.825852,5
4652,19,P12,no,9,4.718294363977748,0.5069439979482607,0.444671944737631,2503,2511,2026-06-01 14:25:09.834486,5
3202,11,P22,no,10,-3.210719529783546,0.6481942198637447,0.7086608250294356,1915,1883,2026-06-01 14:25:09.880643,3
3848,17,P17,yes,5,0.21058704210986434,0.039375324260408275,0.04497822937897771,1203,1313,2026-06-01 14:25:09.884601,5
2218,9,P18,no,1,0.5104149925382444,0.49305600205173933,0.4861146822539951,1683,1685,2026-06-01 14:25:09.896665,3
6595,21,P19,no,1,0.8763498454181899,0.1251603995749971,0.122150398495942,4121,4192,2026-06-01 14:25:09.910040,5
6596,21,P20,yes,1,-0.12067148409914807,0.122150398495942,0.11920292202211755,4120,4192,2026-06-01 14:25:09.955644,5
4653,19,P24,no,1,-0.5518949420411445,0.444671944737631,0.4515414720267231,2503,2510,2026-06-01 14:25:09.966351,5
3203,11,P09,yes,1,0.711517210492957,0.7086608250294356,0.7143624294910559,1916,1883,2026-06-01 14:25:09.986358,3
4654,19,P09,no,1,0.5518949420411445,0.4515414720267231,0.444671944737631,2503,2511,2026-06-01 14:25:10.046184,5
3849,17,P22,no,2,1.9123901760008266,0.04497822937897771,0.042651252130942854,1203,1315,2026-06-01 14:25:10.054034,5
3850,17,P24,yes,2,0.08760982399917339,0.042651252130942854,0.04497822937897771,1205,1315,2026-06-01 14:25:10.085450,5
4655,19,P01,yes,1,-0.44124585909275993,0.444671944737631,0.4378234991142019,2502,2511,2026-06-01 14:25:10.095111,5
3851,17,P03,no,1,0.9556133716921522,0.04497822937897771,0.04379999771646115,1205,1316,2026-06-01 14:25:10.116189,5
6597,21,P24,yes,8,1.0523542250321043,0.11920292202211755,0.14457775046587726,4128,4192,2026-06-01 14:25:10.121965,5
5841,20,P21,no,5,-3.0628788917601923,0.3710353350500268,0.4039848066734832,3589,3603,2026-06-01 14:25:10.122162,5
6598,21,P13,no,1,0.8571286811320533,0.14457775046587726,0.14117613544185983,4128,4193,2026-06-01 14:25:10.123236,5
6599,21,P10,no,1,0.8604966688735658,0.14117613544185983,0.13784165696493572,4128,4194,2026-06-01 14:25:10.217720,5
6600,21,P24,yes,1,0.1395033311255247,0.13784165696493572,0.14117613544185983,4129,4194,2026-06-01 14:25:10.220542,5
6601,21,P22,no,2,1.7242945468351536,0.14117613544185983,0.13457359546569392,4129,4196,2026-06-01 14:25:10.231709,5
3852,17,P05,no,1,0.9567768043086744,0.04379999771646115,0.042651252130942854,1205,1317,2026-06-01 14:25:10.250343,5
6602,21,P17,no,1,0.8670330390286836,0.13457359546569392,0.13137120953080678,4129,4197,2026-06-01 14:25:10.259360,5
3853,17,P24,yes,1,0.0432231956913256,0.042651252130942854,0.04379999771646115,1206,1317,2026-06-01 14:25:10.269091,5
4656,19,P19,yes,6,2.7507203464579106,0.4378234991142019,0.4791787146272571,2508,2511,2026-06-01 14:25:10.311411,5
4657,19,P17,yes,6,3.0,0.4791787146272571,0.520821285372743,2514,2511,2026-06-01 14:25:10.313722,5
5842,20,P24,yes,5,-1.9371211082402624,0.4039848066734832,0.3710353350500268,3584,3603,2026-06-01 14:25:10.314993,5
5843,20,P10,yes,1,0.37428421573167725,0.3710353350500268,0.37754066879814546,3585,3603,2026-06-01 14:25:10.318085,5
4658,19,P04,no,5,2.4826461411948912,0.520821285372743,0.4861146822539951,2514,2516,2026-06-01 14:25:10.319677,5
4659,19,P20,yes,1,-0.48264614119489124,0.4861146822539951,0.4791787146272571,2513,2516,2026-06-01 14:25:10.327094,5
5844,20,P03,no,1,0.6257157842687775,0.37754066879814546,0.3710353350500268,3585,3604,2026-06-01 14:25:10.342885,5
4660,19,P08,no,1,0.5242860391554132,0.4791787146272571,0.47225076494548685,2513,2517,2026-06-01 14:25:10.376565,5
6603,21,P19,yes,3,-0.3801390079279372,0.13137120953080678,0.122150398495942,4126,4197,2026-06-01 14:25:10.397985,5
5845,20,P01,yes,2,0.7550961402589564,0.3710353350500268,0.3840904084564866,3587,3604,2026-06-01 14:25:10.429901,5
2219,9,P18,no,2,-1.0138871031335839,0.4861146822539951,0.5,1683,1683,2026-06-01 14:25:10.435792,3
5846,20,P11,yes,1,0.3873829963999924,0.3840904084564866,0.3906824581564393,3588,3604,2026-06-01 14:25:10.511746,5
5847,20,P24,yes,7,2.8988527642272857,0.3906824581564393,0.4378234991142019,3595,3604,2026-06-01 14:25:10.517140,5
6604,21,P09,no,1,0.8793285159017614,0.122150398495942,0.11920292202211755,4126,4198,2026-06-01 14:25:10.520921,5
3978,18,P24,yes,2,0.07466232709111864,0.03634146014678239,0.03833797212535963,1452,1568,2026-06-01 14:25:10.521876,5
5848,20,P24,no,1,0.5655909891552255,0.4378234991142019,0.4309986674318095,3595,3605,2026-06-01 14:25:10.536003,5
6605,21,P19,yes,1,-0.11775492622655293,0.11920292202211755,0.11631714397765597,4125,4198,2026-06-01 14:25:10.562329,5
6606,21,P19,yes,1,-0.11489964847442025,0.11631714397765597,0.11349222580422871,4124,4198,2026-06-01 14:25:10.567609,5
5849,20,P17,no,6,-3.2905846035419017,0.4309986674318095,0.47225076494548685,3595,3599,2026-06-01 14:25:10.604206,5
5850,20,P09,no,17,9.95449269511846,0.47225076494548685,0.358165954911269,3595,3616,2026-06-01 14:25:10.604384,5
5851,20,P13,yes,1,0.3613670834829463,0.358165954911269,0.36457644074163925,3596,3616,2026-06-01 14:25:10.627153,5
4661,19,P19,yes,5,2.4479451095016884,0.47225076494548685,0.5069439979482607,2518,2517,2026-06-01 14:25:10.632962,5
3979,18,P24,yes,6,0.2494414756513379,0.03833797212535963,0.04497822937897771,1458,1568,2026-06-01 14:25:10.637134,5
4662,19,P12,no,7,3.621383480833174,0.5069439979482607,0.45842951678320015,2518,2524,2026-06-01 14:25:10.667143,5
4663,19,P03,no,1,-0.5381197166907441,0.45842951678320015,0.46533348664659613,2518,2523,2026-06-01 14:25:10.669658,5
3980,18,P05,no,1,0.9556133716921522,0.04497822937897771,0.04379999771646115,1458,1569,2026-06-01 14:25:10.729170,5
4664,19,P15,no,2,1.083135657794628,0.46533348664659613,0.4515414720267231,2518,2525,2026-06-01 14:25:10.729930,5
6607,21,P09,no,14,12.658949385361666,0.11349222580422871,0.07984576661461423,4124,4212,2026-06-01 14:25:10.768196,5
6608,21,P03,no,1,0.9211667530062186,0.07984576661461423,0.07782859364011989,4124,4213,2026-06-01 14:25:10.823211,5
4665,19,P19,yes,1,0.45498405889611604,0.4515414720267231,0.45842951678320015,2519,2525,2026-06-01 14:25:10.828041,5
4666,19,P24,yes,2,0.9306714096646829,0.45842951678320015,0.47225076494548685,2521,2525,2026-06-01 14:25:10.858853,5
6609,21,P17,no,1,-0.9211667530062186,0.07782859364011989,0.07984576661461423,4124,4212,2026-06-01 14:25:10.863897,5
2735,10,P18,no,1,0.08510112210637999,0.9159760921836879,0.9138133552020657,1777,1692,2026-06-01 14:25:10.909643,3
5852,20,P03,no,2,1.2836513190677579,0.36457644074163925,0.3518057801362553,3596,3618,2026-06-01 14:25:10.910576,5
6610,21,P22,no,1,0.9211667530062186,0.07984576661461423,0.07782859364011989,4124,4213,2026-06-01 14:25:10.919554,5
5853,20,P10,yes,13,5.125482516717511,0.3518057801362553,0.4378234991142019,3609,3618,2026-06-01 14:25:10.925548,5
2220,9,P18,yes,1,0.5034721105953395,0.5,0.5069439979482607,1684,1683,2026-06-01 14:25:10.963435,3
3204,11,P18,yes,2,1.4399702659104605,0.7143624294910559,0.7255622121589215,1918,1883,2026-06-01 14:25:10.971618,3
5854,20,P24,no,12,7.2294990807317845,0.4378234991142019,0.358165954911269,3609,3630,2026-06-01 14:25:10.981403,5
3854,17,P22,yes,3,-0.12629523614100435,0.04379999771646115,0.04043956481800324,1203,1317,2026-06-01 14:25:11.041173,5
6611,21,P04,yes,4,0.3277716967431843,0.07782859364011989,0.08618664479793421,4128,4213,2026-06-01 14:25:11.041846,5
4667,19,P23,no,1,0.5312088736441183,0.47225076494548685,0.46533348664659613,2521,2526,2026-06-01 14:25:11.090836,5
4668,19,P11,no,1,0.5381197166911988,0.46533348664659613,0.45842951678320015,2521,2527,2026-06-01 14:25:11.101176,5
4669,19,P24,no,2,-1.0693285903353171,0.45842951678320015,0.47225076494548685,2521,2525,2026-06-01 14:25:11.106256,5
4670,19,P15,no,1,-0.5242860391545037,0.47225076494548685,0.4791787146272571,2521,2524,2026-06-01 14:25:11.107883,5
5855,20,P11,yes,6,2.2656434603150046,0.358165954911269,0.3973146620215083,3615,3630,2026-06-01 14:25:11.140977,5
5856,20,P03,no,1,0.6060046947259252,0.3973146620215083,0.3906824581564393,3615,3631,2026-06-01 14:25:11.151340,5
5857,20,P24,no,6,3.7733702475093196,0.3906824581564393,0.3518057801362553,3615,3637,2026-06-01 14:25:11.152722,5
5858,20,P20,yes,1,0.35498159744975055,0.3518057801362553,0.358165954911269,3616,3637,2026-06-01 14:25:11.155538,5
5859,20,P21,yes,5,1.871648155040475,0.358165954911269,0.3906824581564393,3621,3637,2026-06-01 14:25:11.160200,5
6612,21,P15,yes,5,0.45935096955145127,0.08618664479793421,0.09777259985079932,4133,4213,2026-06-01 14:25:11.207477,5
4671,19,P20,no,7,3.81487064269686,0.4791787146272571,0.4309986674318095,2521,2531,2026-06-01 14:25:11.208593,5
3981,18,P19,no,8,7.684423613095078,0.04379999771646115,0.03538109202197851,1458,1577,2026-06-01 14:25:11.222855,5
5860,20,P03,yes,1,-0.38738299639953766,0.3906824581564393,0.3840904084564866,3620,3637,2026-06-01 14:25:11.240423,5
4672,19,P03,yes,5,2.2406242701022165,0.4309986674318095,0.46533348664659613,2526,2531,2026-06-01 14:25:11.243332,5
4673,19,P17,no,1,0.5381197166907441,0.46533348664659613,0.45842951678320015,2526,2532,2026-06-01 14:25:11.257752,5
4674,19,P15,no,3,1.6556650240518138,0.45842951678320015,0.4378234991142019,2526,2535,2026-06-01 14:25:11.307126,5
5861,20,P17,no,8,5.133600100872172,0.3840904084564866,0.3330451148264414,3620,3645,2026-06-01 14:25:11.322637,5
4675,19,P17,yes,4,1.8062152592569873,0.4378234991142019,0.46533348664659613,2530,2535,2026-06-01 14:25:11.331127,5
4676,19,P15,no,1,0.5381197166911988,0.46533348664659613,0.45842951678320015,2530,2536,2026-06-01 14:25:11.336177,5
5862,20,P10,yes,1,0.33613967079099893,0.3330451148264414,0.33924363123418283,3621,3645,2026-06-01 14:25:11.337239,5
4677,19,P21,no,5,2.7936589852079123,0.45842951678320015,0.4241999463841996,2530,2541,2026-06-01 14:25:11.340843,5
3982,18,P24,yes,4,0.14937597310313322,0.03538109202197851,0.039375324260408275,1462,1577,2026-06-01 14:25:11.350904,5
5863,20,P20,yes,1,0.3423661268516298,0.33924363123418283,0.3454977507481214,3622,3645,2026-06-01 14:25:11.385059,5
5864,20,P03,no,1,0.6576338731483702,0.3454977507481214,0.33924363123418283,3622,3646,2026-06-01 14:25:11.396171,5
6613,21,P15,yes,12,1.3662262620646288,0.09777259985079932,0.13137120953080678,4145,4213,2026-06-01 14:25:11.398599,5
3205,11,P09,no,7,-1.789586365599007,0.7255622121589215,0.7625419716560975,1918,1876,2026-06-01 14:25:11.425586,3
6614,21,P21,no,1,0.870202903705831,0.13137120953080678,0.12823373759251924,4145,4214,2026-06-01 14:25:11.433795,5
3206,11,P09,no,1,-0.23495538395445692,0.7625419716560975,0.7675350070438758,1918,1875,2026-06-01 14:25:11.464742,3
5865,20,P10,yes,1,0.3423661268516298,0.33924363123418283,0.3454977507481214,3623,3646,2026-06-01 14:25:11.483524,5
3207,11,P19,no,1,0.23495538395445692,0.7675350070438758,0.7625419716560975,1918,1876,2026-06-01 14:25:11.488674,3
3208,11,P03,no,1,0.23998512580624265,0.7625419716560975,0.7574755792628283,1918,1877,2026-06-01 14:25:11.520295,3
2736,10,P09,yes,14,-12.554561776312312,0.9138133552020657,0.877849601504058,1763,1692,2026-06-01 14:25:11.582280,3
4678,19,P24,yes,1,0.4275970279986723,0.4241999463841996,0.4309986674318095,2531,2541,2026-06-01 14:25:11.620037,5
5866,20,P17,yes,16,6.363480779164092,0.3454977507481214,0.4515414720267231,3639,3646,2026-06-01 14:25:11.633628,5
5867,20,P18,no,2,1.1106490829483846,0.4515414720267231,0.4378234991142019,3639,3648,2026-06-01 14:25:11.640011,5
5868,20,P12,no,6,3.4951425410463344,0.4378234991142019,0.3973146620215083,3639,3654,2026-06-01 14:25:11.654836,5
5869,20,P03,yes,1,-0.3939953052740748,0.3973146620215083,0.3906824581564393,3638,3654,2026-06-01 14:25:11.673814,5
6615,21,P17,yes,13,1.9537938571547784,0.12823373759251924,0.17428532117858547,4158,4214,2026-06-01 14:25:11.674629,5
3983,18,P24,yes,11,0.5030575060013689,0.039375324260408275,0.05270556608289024,1473,1577,2026-06-01 14:25:11.681638,5
6616,21,P12,no,2,1.659328198467847,0.17428532117858547,0.16643440755425876,4158,4216,2026-06-01 14:25:11.686058,5
4679,19,P17,yes,1,-0.4275970279986723,0.4309986674318095,0.4241999463841996,2530,2541,2026-06-01 14:25:11.751656,5
3209,11,P19,no,1,0.24508804575793874,0.7574755792628283,0.7523361988609284,1918,1878,2026-06-01 14:25:11.764717,3
3210,11,P13,no,1,0.2502637410184434,0.7523361988609284,0.7471242672706695,1918,1879,2026-06-01 14:25:11.764992,3
6617,21,P15,yes,5,0.8818433567948887,0.16643440755425876,0.18660508209316082,4163,4216,2026-06-01 14:25:11.779381,5
3211,11,P18,no,1,0.25551174028669266,0.7471242672706695,0.7418402904888368,1918,1880,2026-06-01 14:25:11.789275,3
6618,21,P10,no,15,12.634831683876655,0.18660508209316082,0.13137120953080678,4163,4231,2026-06-01 14:25:11.816192,5
4680,19,P09,yes,1,0.4275970279986723,0.4241999463841996,0.4309986674318095,2531,2541,2026-06-01 14:25:11.846586,5
5870,20,P03,yes,1,-0.38738299639953766,0.3906824581564393,0.3840904084564866,3637,3654,2026-06-01 14:25:11.859279,5
5871,20,P15,yes,1,0.38738299639953766,0.3840904084564866,0.3906824581564393,3638,3654,2026-06-01 14:25:11.899962,5
5872,20,P15,yes,1,-0.38738299639953766,0.3906824581564393,0.3840904084564866,3637,3654,2026-06-01 14:25:11.905750,5
4681,19,P24,yes,7,3.18512935730314,0.4309986674318095,0.4791787146272571,2538,2541,2026-06-01 14:25:11.958882,5
6619,21,P19,yes,6,-0.7334650667280584,0.13137120953080678,0.11349222580422871,4157,4231,2026-06-01 14:25:11.963287,5
5873,20,P15,yes,11,4.630570736575464,0.3840904084564866,0.45842951678320015,3648,3654,2026-06-01 14:25:11.980151,5
5874,20,P08,no,1,0.5450159411034292,0.45842951678320015,0.4515414720267231,3648,3655,2026-06-01 14:25:12.005771,5
5875,20,P13,yes,1,-0.4481050579593102,0.4515414720267231,0.444671944737631,3647,3655,2026-06-01 14:25:12.028829,5
4682,19,P09,no,13,7.350426889314349,0.4791787146272571,0.3906824581564393,2538,2554,2026-06-01 14:25:12.031287,5
4683,19,P03,yes,6,2.464443753382966,0.3906824581564393,0.4309986674318095,2544,2554,2026-06-01 14:25:12.047015,5
6620,21,P09,yes,8,1.002634149737787,0.11349222580422871,0.13784165696493572,4165,4231,2026-06-01 14:25:12.056566,5
5876,20,P15,no,12,7.14962030512288,0.444671944737631,0.36457644074163925,3647,3667,2026-06-01 14:25:12.074662,5
3984,18,P05,no,1,0.9479821612655996,0.05270556608289024,0.05133579311531625,1473,1578,2026-06-01 14:25:12.076714,5
4684,19,P24,no,1,0.572402972000873,0.4309986674318095,0.4241999463841996,2544,2555,2026-06-01 14:25:12.095230,5
5877,20,P14,yes,1,0.36780193489857993,0.36457644074163925,0.3710353350500268,3648,3667,2026-06-01 14:25:12.103031,5
5878,20,P11,yes,1,0.3742842157312225,0.3710353350500268,0.37754066879814546,3649,3667,2026-06-01 14:25:12.104201,5
3212,11,P18,no,4,1.0759525963671877,0.7418402904888368,0.7199965396446176,1918,1884,2026-06-01 14:25:12.119133,3
5879,20,P15,no,11,7.230966194880239,0.37754066879814546,0.30883838763748533,3649,3678,2026-06-01 14:25:12.163854,5
5880,20,P20,yes,1,0.3118135124168475,0.30883838763748533,0.3147990233346844,3650,3678,2026-06-01 14:25:12.170408,5
6621,21,P15,yes,11,1.7311238214770128,0.13784165696493572,0.17831905610769247,4176,4231,2026-06-01 14:25:12.191534,5
4685,19,P15,yes,1,0.427597027999127,0.4241999463841996,0.4309986674318095,2545,2555,2026-06-01 14:25:12.213700,5
6622,21,P01,no,1,0.8237038563738679,0.17831905610769247,0.17428532117858547,4176,4232,2026-06-01 14:25:12.219054,5
6623,21,P17,yes,1,0.1762961436261321,0.17428532117858547,0.17831905610769247,4177,4232,2026-06-01 14:25:12.230602,5
5881,20,P04,no,10,-6.542779707297086,0.3147990233346844,0.37754066879814546,3650,3668,2026-06-01 14:25:12.249241,5
4686,19,P03,yes,15,7.2406242701022165,0.4309986674318095,0.534666513353404,2560,2555,2026-06-01 14:25:12.295429,5
6624,21,P23,yes,1,-0.1762961436261321,0.17831905610769247,0.17428532117858547,4176,4232,2026-06-01 14:25:12.297533,5
4687,19,P21,yes,1,-0.531208873644573,0.534666513353404,0.5277492350545132,2559,2555,2026-06-01 14:25:12.357959,5
6625,21,P24,yes,1,0.1762961436261321,0.17428532117858547,0.17831905610769247,4177,4232,2026-06-01 14:25:12.364668,5
6626,21,P11,no,1,0.8237038563738679,0.17831905610769247,0.17428532117858547,4177,4233,2026-06-01 14:25:12.388251,5
4688,19,P01,yes,10,-4.930671409664683,0.5277492350545132,0.45842951678320015,2549,2555,2026-06-01 14:25:12.394677,5
6627,21,P13,no,1,0.8277013900196835,0.17428532117858547,0.17032391864384583,4177,4234,2026-06-01 14:25:12.437816,5
6628,21,P12,yes,1,-0.1683731915518365,0.17032391864384583,0.16643440755425876,4176,4234,2026-06-01 14:25:12.448844,5
6629,21,P03,yes,7,-1.074652545191384,0.16643440755425876,0.14117613544185983,4169,4234,2026-06-01 14:25:12.450529,5
4689,19,P03,yes,10,4.930671409664683,0.45842951678320015,0.5277492350545132,2559,2555,2026-06-01 14:25:12.466617,5
3985,18,P05,no,4,3.805127259773826,0.05133579311531625,0.04618662486055427,1473,1582,2026-06-01 14:25:12.477699,5
5882,20,P17,yes,12,5.011382661103198,0.37754066879814546,0.45842951678320015,3662,3668,2026-06-01 14:25:12.494946,5
5883,20,P04,no,3,1.6556650240518138,0.45842951678320015,0.4378234991142019,3662,3671,2026-06-01 14:25:12.496860,5
5884,20,P01,no,1,0.5655909891552255,0.4378234991142019,0.4309986674318095,3662,3672,2026-06-01 14:25:12.505531,5
3213,11,P09,yes,2,1.4511013214780633,0.7199965396446176,0.7310585786300049,1920,1884,2026-06-01 14:25:12.512389,3
4690,19,P23,no,5,2.4479451095016884,0.5277492350545132,0.49305600205173933,2559,2560,2026-06-01 14:25:12.543231,5
3986,18,P03,no,7,6.704978639417277,0.04618662486055427,0.03833797212535963,1473,1589,2026-06-01 14:25:12.547420,5
5885,20,P20,no,1,0.5724029720013277,0.4309986674318095,0.4241999463841996,3662,3673,2026-06-01 14:25:12.548237,5
4691,19,P10,no,1,0.5104149925382444,0.49305600205173933,0.4861146822539951,2559,2561,2026-06-01 14:25:12.573536,5
6630,21,P17,no,1,-0.8571286811320533,0.14117613544185983,0.14457775046587726,4169,4233,2026-06-01 14:25:12.596742,5
5886,20,P20,no,1,0.5791876120238157,0.4241999463841996,0.41742979353768533,3662,3674,2026-06-01 14:25:12.681368,5
5887,20,P15,yes,3,1.282818426819631,0.41742979353768533,0.4378234991142019,3665,3674,2026-06-01 14:25:12.699960,5
5888,20,P20,no,7,4.10114723577226,0.4378234991142019,0.3906824581564393,3665,3681,2026-06-01 14:25:12.718541,5
4692,19,P01,no,14,7.867780748119458,0.4861146822539951,0.3906824581564393,2559,2575,2026-06-01 14:25:12.724034,5
4693,19,P21,yes,4,1.6160343374076547,0.3906824581564393,0.41742979353768533,2563,2575,2026-06-01 14:25:12.748623,5
4694,19,P14,yes,7,3.089033686077528,0.41742979353768533,0.46533348664659613,2570,2575,2026-06-01 14:25:12.804953,5
4695,19,P03,no,13,-6.364969400164682,0.46533348664659613,0.555328055262369,2570,2562,2026-06-01 14:25:12.830189,5
4696,19,P19,no,1,-0.44124585909275993,0.555328055262369,0.5621765008857981,2570,2561,2026-06-01 14:25:12.836196,5
6631,21,P15,no,9,-7.551250828518278,0.14457775046587726,0.17831905610769247,4169,4224,2026-06-01 14:25:12.883405,5
4697,19,P17,no,1,0.44124585909275993,0.5621765008857981,0.555328055262369,2570,2562,2026-06-01 14:25:12.888342,5
6632,21,P19,no,1,0.8237038563738679,0.17831905610769247,0.17428532117858547,4169,4225,2026-06-01 14:25:12.908601,5
4698,19,P14,no,5,2.3094744873651507,0.555328055262369,0.520821285372743,2570,2567,2026-06-01 14:25:12.916546,5
4699,19,P20,no,9,4.59361462949073,0.520821285372743,0.45842951678320015,2570,2576,2026-06-01 14:25:12.923768,5
6633,21,P12,yes,1,-0.17229860998031654,0.17428532117858547,0.17032391864384583,4168,4225,2026-06-01 14:25:12.926293,5
3214,11,P18,yes,3,-2.168286471026022,0.7310585786300049,0.7143624294910559,1917,1884,2026-06-01 14:25:12.954188,3
5889,20,P15,no,8,5.082356775264088,0.3906824581564393,0.33924363123418283,3665,3689,2026-06-01 14:25:12.972406,5
6634,21,P13,no,1,0.8316268084481635,0.17032391864384583,0.16643440755425876,4168,4226,2026-06-01 14:25:13.006428,5
6635,21,P21,no,1,0.8354805720709919,0.16643440755425876,0.16261630836153196,4168,4227,2026-06-01 14:25:13.008936,5
5890,20,P15,no,1,0.6638603292085463,0.33924363123418283,0.3330451148264414,3665,3690,2026-06-01 14:25:13.037625,5
6636,21,P20,no,1,0.8392631789165534,0.16261630836153196,0.15886910488091516,4168,4228,2026-06-01 14:25:13.052314,5
4700,19,P15,yes,2,0.9306714096646829,0.45842951678320015,0.47225076494548685,2572,2576,2026-06-01 14:25:13.057500,5
5891,20,P24,no,1,0.670030365700768,0.3330451148264414,0.32690382227776793,3665,3691,2026-06-01 14:25:13.059388,5
3215,11,P09,yes,1,0.7171851495479586,0.7143624294910559,0.7199965396446176,1918,1884,2026-06-01 14:25:13.083896,3
6637,21,P15,yes,1,0.16073682108344656,0.15886910488091516,0.16261630836153196,4169,4228,2026-06-01 14:25:13.108465,5
4701,19,P09,no,12,-5.833760526520564,0.47225076494548685,0.555328055262369,2572,2564,2026-06-01 14:25:13.121063,5
4702,19,P02,no,11,5.309474487365151,0.555328055262369,0.4791787146272571,2572,2575,2026-06-01 14:25:13.122134,5
2737,10,P09,yes,10,8.917356239356877,0.877849601504058,0.9046505351008906,1773,1692,2026-06-01 14:25:13.122535,3
6638,21,P14,no,1,0.8392631789174629,0.16261630836153196,0.15886910488091516,4169,4229,2026-06-01 14:25:13.130428,5
5892,20,P01,yes,1,0.329969634299232,0.32690382227776793,0.3330451148264414,3666,3691,2026-06-01 14:25:13.167901,5
5893,20,P03,yes,1,-0.329969634299232,0.3330451148264414,0.32690382227776793,3665,3691,2026-06-01 14:25:13.169010,5
6639,21,P20,no,3,2.5397818158799055,0.15886910488091516,0.1480471980316895,4169,4232,2026-06-01 14:25:13.204007,5
6640,21,P19,yes,1,-0.14630679319179762,0.1480471980316895,0.14457775046587726,4168,4232,2026-06-01 14:25:13.204331,5
4703,19,P03,no,12,-5.750720346457911,0.4791787146272571,0.5621765008857981,2572,2563,2026-06-01 14:25:13.217702,5
5894,20,P11,yes,5,1.7121043747861222,0.32690382227776793,0.358165954911269,3670,3691,2026-06-01 14:25:13.221937,5
5895,20,P21,yes,3,1.1034532341132035,0.358165954911269,0.37754066879814546,3673,3691,2026-06-01 14:25:13.258634,5
4704,19,P02,no,1,0.44124585909275993,0.5621765008857981,0.555328055262369,2572,2564,2026-06-01 14:25:13.258684,5
4705,19,P24,no,9,4.2817056360217975,0.555328055262369,0.49305600205173933,2572,2573,2026-06-01 14:25:13.315090,5
3855,17,P17,yes,2,0.08307204044967875,0.04043956481800324,0.042651252130942854,1205,1317,2026-06-01 14:25:13.324291,5
4706,19,P19,no,1,-0.5034721105953395,0.49305600205173933,0.5,2572,2572,2026-06-01 14:25:13.356168,5
4707,19,P21,no,3,1.5312409619386926,0.5,0.4791787146272571,2572,2575,2026-06-01 14:25:13.358859,5
3856,17,P03,no,1,0.9579110850058896,0.042651252130942854,0.04153132619455174,1205,1318,2026-06-01 14:25:13.374281,5
5896,20,P15,no,1,-0.6191880754722661,0.37754066879814546,0.3840904084564866,3673,3690,2026-06-01 14:25:13.386627,5
6641,21,P15,yes,9,1.4487491714817224,0.14457775046587726,0.17831905610769247,4177,4232,2026-06-01 14:25:13.405945,5
4708,19,P09,no,1,0.5242860391554132,0.4791787146272571,0.47225076494548685,2572,2576,2026-06-01 14:25:13.409924,5
6642,21,P03,no,1,0.8237038563738679,0.17831905610769247,0.17428532117858547,4177,4233,2026-06-01 14:25:13.431764,5
6643,21,P14,no,1,0.8277013900196835,0.17428532117858547,0.17032391864384583,4177,4234,2026-06-01 14:25:13.447225,5
5897,20,P03,no,1,0.6191880754722661,0.3840904084564866,0.37754066879814546,3673,3691,2026-06-01 14:25:13.457891,5
6644,21,P02,yes,1,-0.1683731915518365,0.17032391864384583,0.16643440755425876,4176,4234,2026-06-01 14:25:13.484986,5
6645,21,P03,yes,9,-1.3503579983562304,0.16643440755425876,0.13457359546569392,4167,4234,2026-06-01 14:25:13.502345,5
3216,11,P18,no,2,0.571297639958857,0.7199965396446176,0.7086608250294356,1918,1886,2026-06-01 14:25:13.535129,3
4709,19,P15,yes,4,-1.8337605265205639,0.47225076494548685,0.444671944737631,2568,2576,2026-06-01 14:25:13.593922,5
4710,19,P03,yes,1,0.4481050579593102,0.444671944737631,0.4515414720267231,2569,2576,2026-06-01 14:25:13.603967,5
4711,19,P09,no,5,2.827830656127844,0.4515414720267231,0.41742979353768533,2569,2581,2026-06-01 14:25:13.643171,5
5898,20,P17,no,10,6.542779707297086,0.37754066879814546,0.3147990233346844,3673,3701,2026-06-01 14:25:13.644818,5
5899,20,P03,yes,1,-0.31181351241730226,0.3147990233346844,0.30883838763748533,3672,3701,2026-06-01 14:25:13.649173,5
6646,21,P24,yes,1,0.1362021220384122,0.13457359546569392,0.13784165696493572,4168,4234,2026-06-01 14:25:13.659385,5
5900,20,P13,yes,1,0.31181351241730226,0.30883838763748533,0.3147990233346844,3673,3701,2026-06-01 14:25:13.665305,5
3987,18,P24,yes,6,0.24944147565156527,0.03833797212535963,0.04497822937897771,1479,1589,2026-06-01 14:25:13.698877,5
5901,20,P10,yes,10,3.457220292702914,0.3147990233346844,0.37754066879814546,3683,3701,2026-06-01 14:25:13.709981,5
5902,20,P15,no,4,2.5415651684375007,0.37754066879814546,0.3518057801362553,3683,3705,2026-06-01 14:25:13.739181,5
5903,20,P23,yes,1,0.35498159744975055,0.3518057801362553,0.358165954911269,3684,3705,2026-06-01 14:25:13.740330,5
6647,21,P15,yes,17,2.8769349624590177,0.13784165696493572,0.20405977695922933,4185,4234,2026-06-01 14:25:13.871708,5
6648,21,P20,no,1,0.7981836892058709,0.20405977695922933,0.19958519865373256,4185,4235,2026-06-01 14:25:13.875999,5
5904,20,P22,no,1,-0.6386329165175084,0.358165954911269,0.36457644074163925,3684,3704,2026-06-01 14:25:13.898124,5
6649,21,P08,no,1,0.8026212273498459,0.19958519865373256,0.19518467701384015,4185,4236,2026-06-01 14:25:13.926624,5
6650,21,P13,no,1,0.8069847884380579,0.19518467701384015,0.19085804424486547,4185,4237,2026-06-01 14:25:13.928448,5
6651,21,P21,yes,1,-0.18872543434008549,0.19085804424486547,0.18660508209316082,4184,4237,2026-06-01 14:25:13.969278,5
5905,20,P03,no,1,0.6386329165175084,0.36457644074163925,0.358165954911269,3684,3705,2026-06-01 14:25:14.046172,5
4712,19,P02,yes,7,3.089033686077528,0.41742979353768533,0.46533348664659613,2576,2581,2026-06-01 14:25:14.055196,5
6652,21,P24,yes,6,1.1981775290041696,0.18660508209316082,0.2132315108375271,4190,4237,2026-06-01 14:25:14.063264,5
6653,21,P01,no,10,8.088352305752778,0.2132315108375271,0.17032391864384583,4190,4247,2026-06-01 14:25:14.094849,5
5906,20,P22,no,1,0.6450184025502494,0.358165954911269,0.3518057801362553,3684,3706,2026-06-01 14:25:14.109989,5
5907,20,P03,yes,1,-0.34864734539496567,0.3518057801362553,0.3454977507481214,3683,3706,2026-06-01 14:25:14.205457,5
4713,19,P03,yes,1,0.46879112635542697,0.46533348664659613,0.47225076494548685,2577,2581,2026-06-01 14:25:14.226734,5
4714,19,P03,yes,17,9.028117660219323,0.47225076494548685,0.5893093760914265,2594,2581,2026-06-01 14:25:14.238404,5
4715,19,P23,no,1,0.41405752734817725,0.5893093760914265,0.5825702064623147,2594,2582,2026-06-01 14:25:14.251218,5
4716,19,P12,yes,14,-7.483815085527112,0.5825702064623147,0.4861146822539951,2580,2582,2026-06-01 14:25:14.254956,5
6654,21,P03,no,1,0.8316268084481635,0.17032391864384583,0.16643440755425876,4190,4248,2026-06-01 14:25:14.274233,5
4717,19,P11,no,7,3.7666335123467434,0.4861146822539951,0.4378234991142019,2580,2589,2026-06-01 14:25:14.282445,5
4718,19,P19,yes,2,0.8893509170520701,0.4378234991142019,0.4515414720267231,2582,2589,2026-06-01 14:25:14.300809,5
6655,21,P24,yes,2,0.34067180153215304,0.16643440755425876,0.17428532117858547,4192,4248,2026-06-01 14:25:14.301650,5
3988,18,P22,no,11,10.571138628373546,0.04497822937897771,0.03353319492319511,1479,1600,2026-06-01 14:25:14.312897,5
5908,20,P15,yes,4,1.4327979612257877,0.3454977507481214,0.3710353350500268,3687,3706,2026-06-01 14:25:14.324471,5
3857,17,P05,no,1,0.9590168745442043,0.04153132619455174,0.04043956481800324,1205,1319,2026-06-01 14:25:14.359874,5
4719,19,P03,yes,1,0.4549840588965708,0.4515414720267231,0.45842951678320015,2583,2589,2026-06-01 14:25:14.399942,5
6656,21,P17,no,1,0.8277013900196835,0.17428532117858547,0.17032391864384583,4192,4249,2026-06-01 14:25:14.431947,5
6657,21,P09,yes,3,-0.49362944056429114,0.17032391864384583,0.15886910488091516,4189,4249,2026-06-01 14:25:14.488672,5
5909,20,P03,yes,1,-0.36780193489857993,0.3710353350500268,0.36457644074163925,3686,3706,2026-06-01 14:25:14.514131,5
5910,20,P03,yes,1,-0.3613670834829463,0.36457644074163925,0.358165954911269,3685,3706,2026-06-01 14:25:14.521938,5
4720,19,P19,no,6,-3.124855591429423,0.45842951678320015,0.5,2583,2583,2026-06-01 14:25:14.553467,5
4721,19,P19,no,1,-0.4965278894042058,0.5,0.5069439979482607,2583,2582,2026-06-01 14:25:14.567345,5
4722,19,P04,no,1,0.4965278894042058,0.5069439979482607,0.5,2583,2583,2026-06-01 14:25:14.575651,5
4723,19,P01,no,1,0.5034721105957942,0.5,0.49305600205173933,2583,2584,2026-06-01 14:25:14.612604,5
3217,11,P09,no,1,0.2942177197946876,0.7086608250294356,0.702892745013669,1918,1887,2026-06-01 14:25:14.685941,3
5911,20,P03,no,1,0.6450184025507042,0.358165954911269,0.3518057801362553,3685,3707,2026-06-01 14:25:14.823782,5
4724,19,P21,no,1,0.5104149925382444,0.49305600205173933,0.4861146822539951,2583,2585,2026-06-01 14:25:14.839928,5
6658,21,P24,yes,6,1.0225904074886785,0.15886910488091516,0.18242552380635632,4195,4249,2026-06-01 14:25:14.868043,5
6659,21,P23,yes,8,-1.332998154037341,0.18242552380635632,0.1515851487892869,4187,4249,2026-06-01 14:25:14.870778,5
3989,18,P03,yes,13,0.5212449055013622,0.03353319492319511,0.04742587317756679,1492,1600,2026-06-01 14:25:14.911372,5
3218,11,P18,no,3,0.9177163488488986,0.702892745013669,0.6852009766653157,1918,1890,2026-06-01 14:25:14.925905,3
6660,21,P09,yes,1,0.15338290922682063,0.1515851487892869,0.15519224623709701,4188,4249,2026-06-01 14:25:14.930403,5
4725,19,P19,yes,6,3.041639897960067,0.4861146822539951,0.5277492350545132,2589,2585,2026-06-01 14:25:14.934985,5
4726,19,P03,yes,1,0.5312088736441183,0.5277492350545132,0.534666513353404,2590,2585,2026-06-01 14:25:14.941154,5
4727,19,P07,no,7,3.4271512283958145,0.534666513353404,0.4861146822539951,2590,2592,2026-06-01 14:25:14.944025,5
3990,18,P05,no,10,9.583512663382635,0.04742587317756679,0.03634146014678239,1492,1610,2026-06-01 14:25:15.014222,5
5912,20,P15,yes,1,-0.3486473453945109,0.3518057801362553,0.3454977507481214,3684,3707,2026-06-01 14:25:15.055554,5
3858,17,P17,yes,1,0.04098312545556837,0.04043956481800324,0.04153132619455174,1206,1319,2026-06-01 14:25:15.068351,5
3219,11,P09,no,1,-0.3118135124170749,0.6852009766653157,0.6911616123625146,1918,1889,2026-06-01 14:25:15.113747,3
5913,20,P24,no,1,0.6576338731479154,0.3454977507481214,0.33924363123418283,3684,3708,2026-06-01 14:25:15.138564,5
5914,20,P17,yes,10,-3.091003697496035,0.33924363123418283,0.2800034603553825,3674,3708,2026-06-01 14:25:15.151623,5
5915,20,P18,yes,1,0.282814850451814,0.2800034603553825,0.2856375705089441,3675,3708,2026-06-01 14:25:15.180394,5
4728,19,P19,yes,1,0.4895850074617556,0.4861146822539951,0.49305600205173933,2591,2592,2026-06-01 14:25:15.188446,5
2738,10,P09,no,7,-0.6117329127944231,0.9046505351008906,0.9201542333853858,1773,1685,2026-06-01 14:25:15.194942,3
6661,21,P17,yes,1,0.15702483732184191,0.15519224623709701,0.15886910488091516,4189,4249,2026-06-01 14:25:15.199965,5
4729,19,P13,yes,7,-3.2817056360222523,0.49305600205173933,0.444671944737631,2584,2592,2026-06-01 14:25:15.202942,5
5916,20,P12,yes,3,0.8827190940010041,0.2856375705089441,0.3029407160345927,3678,3708,2026-06-01 14:25:15.240155,5
5917,20,P10,no,8,-5.3835167747106425,0.3029407160345927,0.3518057801362553,3678,3700,2026-06-01 14:25:15.282733,5
3991,18,P24,yes,1,0.036832060722872484,0.03634146014678239,0.037326887344129464,1493,1610,2026-06-01 14:25:15.323955,5
6662,21,P17,yes,1,0.16073682108344656,0.15886910488091516,0.16261630836153196,4190,4249,2026-06-01 14:25:15.364766,5
5918,20,P24,no,1,0.6513526546059438,0.3518057801362553,0.3454977507481214,3678,3701,2026-06-01 14:25:15.378685,5
5919,20,P03,yes,3,-1.0084754319418607,0.3454977507481214,0.32690382227776793,3675,3701,2026-06-01 14:25:15.392667,5
6663,21,P19,yes,1,-0.16073682108344656,0.16261630836153196,0.15886910488091516,4189,4249,2026-06-01 14:25:15.417427,5
3859,17,P09,yes,3,0.12969873899351114,0.04153132619455174,0.04497822937897771,1209,1319,2026-06-01 14:25:15.426413,5
5920,20,P14,yes,1,0.32996963429877724,0.32690382227776793,0.3330451148264414,3676,3701,2026-06-01 14:25:15.466278,5
3220,11,P18,yes,4,-2.7165541694798776,0.6911616123625146,0.6669548851735586,1914,1889,2026-06-01 14:25:15.473415,3
4730,19,P12,yes,2,0.9030891168554263,0.444671944737631,0.45842951678320015,2586,2592,2026-06-01 14:25:15.492378,5
3221,11,P01,no,1,-0.32996963429854986,0.6669548851735586,0.6730961777222321,1914,1888,2026-06-01 14:25:15.544253,3
4731,19,P03,yes,17,8.793658985207912,0.45842951678320015,0.5758000536158003,2603,2592,2026-06-01 14:25:15.570615,5
4732,19,P14,no,2,0.8620060388439015,0.5758000536158003,0.5621765008857981,2603,2594,2026-06-01 14:25:15.573015,5
6664,21,P17,yes,2,0.32525624901245465,0.15886910488091516,0.16643440755425876,4191,4249,2026-06-01 14:25:15.603417,5
4733,19,P17,no,13,6.275006385613324,0.5621765008857981,0.47225076494548685,2603,2607,2026-06-01 14:25:15.620936,5
5921,20,P23,yes,5,1.7435018239702913,0.3330451148264414,0.36457644074163925,3681,3701,2026-06-01 14:25:15.637542,5
3222,11,P09,no,1,-0.323857601448708,0.6730961777222321,0.679178699175393,1914,1887,2026-06-01 14:25:15.660824,3
6665,21,P19,yes,11,-1.6131220556226253,0.16643440755425876,0.12823373759251924,4180,4249,2026-06-01 14:25:15.729981,5
3223,11,P18,yes,4,2.7644785687953117,0.679178699175393,0.702892745013669,1918,1887,2026-06-01 14:25:15.735348,3
4734,19,P03,yes,5,2.4479451095016884,0.47225076494548685,0.5069439979482607,2608,2607,2026-06-01 14:25:15.776109,5
4735,19,P01,no,1,0.4965278894042058,0.5069439979482607,0.5,2608,2608,2026-06-01 14:25:15.777878,5
4736,19,P15,no,7,-3.330128467467148,0.5,0.548458527973277,2608,2601,2026-06-01 14:25:15.804441,5
5922,20,P15,yes,1,-0.3613670834829463,0.36457644074163925,0.358165954911269,3680,3701,2026-06-01 14:25:15.825740,5
4737,19,P20,no,10,4.8613694294058405,0.548458527973277,0.4791787146272571,2608,2611,2026-06-01 14:25:15.826751,5
3860,17,P22,no,7,6.712728257980643,0.04497822937897771,0.037326887344129464,1209,1326,2026-06-01 14:25:15.957706,5
6666,21,P24,yes,15,2.310456214098849,0.12823373759251924,0.18242552380635632,4195,4249,2026-06-01 14:25:15.972549,5
4738,19,P09,no,1,0.5242860391554132,0.4791787146272571,0.47225076494548685,2608,2612,2026-06-01 14:25:16.015007,5
4739,19,P15,yes,13,6.724993614386676,0.47225076494548685,0.5621765008857981,2621,2612,2026-06-01 14:25:16.058315,5
4740,19,P11,yes,13,-6.724993614386676,0.5621765008857981,0.47225076494548685,2608,2612,2026-06-01 14:25:16.071179,5
3992,18,P24,yes,1,0.03783026636801878,0.037326887344129464,0.03833797212535963,1494,1610,2026-06-01 14:25:16.088323,5
4741,19,P09,no,1,0.5312088736441183,0.47225076494548685,0.46533348664659613,2608,2613,2026-06-01 14:25:16.100227,5
6667,21,P11,yes,1,-0.18036621331793867,0.18242552380635632,0.17831905610769247,4194,4249,2026-06-01 14:25:16.151509,5
4742,19,P19,no,13,-6.364969400164682,0.46533348664659613,0.555328055262369,2608,2600,2026-06-01 14:25:16.248447,5
4743,19,P08,no,1,0.4481050579593102,0.555328055262369,0.548458527973277,2608,2601,2026-06-01 14:25:16.285999,5
4744,19,P14,yes,11,-5.614344531438746,0.548458527973277,0.47225076494548685,2597,2601,2026-06-01 14:25:16.301397,5
3224,11,P09,yes,1,0.7057822802053124,0.702892745013669,0.7086608250294356,1919,1887,2026-06-01 14:25:16.325081,3
6668,21,P19,no,2,1.6514052463935514,0.17831905610769247,0.17032391864384583,4194,4251,2026-06-01 14:25:16.360901,5
4745,19,P03,yes,16,8.44217518756659,0.47225076494548685,0.5825702064623147,2613,2601,2026-06-01 14:25:16.395578,5
4746,19,P01,no,13,6.005769921934643,0.5825702064623147,0.49305600205173933,2613,2614,2026-06-01 14:25:16.396865,5
6669,21,P24,no,1,-0.8277013900196835,0.17032391864384583,0.17428532117858547,4194,4250,2026-06-01 14:25:16.408066,5
3993,18,P17,yes,13,0.5953167210006995,0.03833797212535963,0.05410980348435149,1507,1610,2026-06-01 14:25:16.423242,5
3994,18,P05,no,9,8.566514930651465,0.05410980348435149,0.042651252130942854,1507,1619,2026-06-01 14:25:16.475794,5
3995,18,P19,no,1,0.9579110850058896,0.042651252130942854,0.04153132619455174,1507,1620,2026-06-01 14:25:16.500184,5
4747,19,P19,yes,1,0.4965278894051153,0.49305600205173933,0.5,2614,2614,2026-06-01 14:25:16.570249,5
5923,20,P15,no,1,0.6450184025497947,0.358165954911269,0.3518057801362553,3680,3702,2026-06-01 14:25:16.580739,5
5924,20,P15,yes,11,4.263476477874065,0.3518057801362553,0.4241999463841996,3691,3702,2026-06-01 14:25:16.610622,5
6670,21,P15,no,2,-1.6433376430550197,0.17428532117858547,0.18242552380635632,4194,4248,2026-06-01 14:25:16.622145,5
4748,19,P24,yes,1,0.5034721105953395,0.5,0.5069439979482607,2615,2614,2026-06-01 14:25:16.656374,5
3996,18,P22,no,1,0.959016874544659,0.04153132619455174,0.04043956481800324,1507,1621,2026-06-01 14:25:16.685113,5
5925,20,P09,no,1,0.5791876120238157,0.4241999463841996,0.41742979353768533,3691,3703,2026-06-01 14:25:16.761634,5
4749,19,P03,yes,9,4.842639494040213,0.5069439979482607,0.5690013325681905,2624,2614,2026-06-01 14:25:16.801313,5
5926,20,P23,no,1,0.5859424726522775,0.41742979353768533,0.41069062390857347,3691,3704,2026-06-01 14:25:16.817825,5
5927,20,P01,no,1,0.5926651615213814,0.41069062390857347,0.4039848066734832,3691,3705,2026-06-01 14:25:16.842535,5
6671,21,P09,yes,1,-0.18036621331884817,0.18242552380635632,0.17831905610769247,4193,4248,2026-06-01 14:25:16.873419,5
4750,19,P12,no,11,5.157360505959332,0.5690013325681905,0.49305600205173933,2624,2625,2026-06-01 14:25:16.878313,5
5928,20,P17,yes,10,4.379217178259751,0.4039848066734832,0.47225076494548685,3701,3705,2026-06-01 14:25:16.930849,5
4751,19,P19,yes,11,5.842639494040668,0.49305600205173933,0.5690013325681905,2635,2625,2026-06-01 14:25:16.943436,5
5929,20,P17,yes,1,0.4757139608450416,0.47225076494548685,0.4791787146272571,3702,3705,2026-06-01 14:25:16.949998,5
6672,21,P03,yes,1,-0.1762961436261321,0.17831905610769247,0.17428532117858547,4192,4248,2026-06-01 14:25:16.956215,5
4752,19,P10,no,1,0.43440901084477446,0.5690013325681905,0.5621765008857981,2635,2626,2026-06-01 14:25:16.984057,5
4753,19,P13,no,11,5.233366487653257,0.5621765008857981,0.4861146822539951,2635,2637,2026-06-01 14:25:16.997854,5
5930,20,P18,no,1,0.5242860391545037,0.4791787146272571,0.47225076494548685,3702,3706,2026-06-01 14:25:17.003451,5
3225,11,P18,no,1,0.2942177197946876,0.7086608250294356,0.702892745013669,1919,1888,2026-06-01 14:25:17.007549,3
5931,20,P24,no,1,0.531208873644573,0.47225076494548685,0.46533348664659613,3702,3707,2026-06-01 14:25:17.009437,5
5932,20,P12,yes,14,-5.847547160143677,0.46533348664659613,0.3710353350500268,3688,3707,2026-06-01 14:25:17.029115,5
6673,21,P17,no,1,-0.8237038563738679,0.17428532117858547,0.17831905610769247,4192,4247,2026-06-01 14:25:17.058077,5
3861,17,P24,yes,1,0.03783026636801878,0.037326887344129464,0.03833797212535963,1210,1326,2026-06-01 14:25:17.132579,5
6674,21,P09,no,1,0.8237038563738679,0.17831905610769247,0.17428532117858547,4192,4248,2026-06-01 14:25:17.155752,5
5933,20,P24,no,1,0.6321980651009653,0.3710353350500268,0.36457644074163925,3688,3708,2026-06-01 14:25:17.189839,5
4754,19,P15,no,7,3.7666335123467434,0.4861146822539951,0.4378234991142019,2635,2644,2026-06-01 14:25:17.197993,5
4755,19,P15,yes,1,-0.43440901084477446,0.4378234991142019,0.4309986674318095,2634,2644,2026-06-01 14:25:17.263485,5
4756,19,P02,yes,1,0.43440901084477446,0.4309986674318095,0.4378234991142019,2635,2644,2026-06-01 14:25:17.278259,5
4757,19,P18,yes,1,0.44124585909275993,0.4378234991142019,0.444671944737631,2636,2644,2026-06-01 14:25:17.306153,5
5934,20,P18,yes,1,0.36780193489857993,0.36457644074163925,0.3710353350500268,3689,3708,2026-06-01 14:25:17.314122,5
5935,20,P24,no,10,6.605250410611461,0.3710353350500268,0.30883838763748533,3689,3718,2026-06-01 14:25:17.317793,5
5936,20,P03,yes,2,-0.6059028364320511,0.30883838763748533,0.2971072549863309,3687,3718,2026-06-01 14:25:17.334092,5
5937,20,P11,yes,1,0.30001858469950093,0.2971072549863309,0.3029407160345927,3688,3718,2026-06-01 14:25:17.377155,5
5938,20,P20,no,7,-4.732164120104699,0.3029407160345927,0.3454977507481214,3688,3711,2026-06-01 14:25:17.407438,5
4758,19,P15,yes,2,-0.8756548699375344,0.444671944737631,0.4309986674318095,2634,2644,2026-06-01 14:25:17.420115,5
5939,20,P09,no,5,3.349861884255006,0.3454977507481214,0.3147990233346844,3688,3716,2026-06-01 14:25:17.436110,5
6675,21,P15,no,8,-6.471564747643242,0.17428532117858547,0.20860852732604496,4192,4240,2026-06-01 14:25:17.476757,5
5940,20,P14,yes,1,0.3178050823553349,0.3147990233346844,0.32082130082460697,3689,3716,2026-06-01 14:25:17.481536,5
4759,19,P20,yes,1,0.43440901084477446,0.4309986674318095,0.4378234991142019,2635,2644,2026-06-01 14:25:17.517228,5
6676,21,P03,no,1,0.7936720322522888,0.20860852732604496,0.20405977695922933,4192,4241,2026-06-01 14:25:17.517351,5
5941,20,P01,yes,1,0.323857601448708,0.32082130082460697,0.32690382227776793,3690,3716,2026-06-01 14:25:17.527951,5
6677,21,P04,no,1,0.7981836892058709,0.20405977695922933,0.19958519865373256,4192,4242,2026-06-01 14:25:17.532348,5
4760,19,P14,yes,8,3.722951495115012,0.4378234991142019,0.49305600205173933,2643,2644,2026-06-01 14:25:17.532463,5
5942,20,P15,no,4,2.74063955204565,0.32690382227776793,0.3029407160345927,3690,3720,2026-06-01 14:25:17.652664,5
5943,20,P14,no,1,-0.6941157482674498,0.3029407160345927,0.30883838763748533,3690,3719,2026-06-01 14:25:17.652771,5
4761,19,P17,yes,8,4.166399421937058,0.49305600205173933,0.548458527973277,2651,2644,2026-06-01 14:25:17.671546,5
6678,21,P03,yes,8,-1.4609627753470704,0.19958519865373256,0.16643440755425876,4184,4242,2026-06-01 14:25:17.672212,5
5944,20,P20,yes,1,0.31181351241730226,0.30883838763748533,0.3147990233346844,3691,3719,2026-06-01 14:25:17.706323,5
4762,19,P14,no,3,1.385655468560799,0.548458527973277,0.5277492350545132,2651,2647,2026-06-01 14:25:17.736303,5
6679,21,P17,yes,1,0.1683731915518365,0.16643440755425876,0.17032391864384583,4185,4242,2026-06-01 14:25:17.748567,5
4763,19,P14,no,1,0.4757139608450416,0.5277492350545132,0.520821285372743,2651,2648,2026-06-01 14:25:17.748677,5
4764,19,P11,yes,1,-0.517353858804654,0.520821285372743,0.5138853177460049,2650,2648,2026-06-01 14:25:17.753428,5
5945,20,P11,yes,2,0.6416626838040429,0.3147990233346844,0.32690382227776793,3693,3719,2026-06-01 14:25:17.764470,5
3862,17,P24,yes,15,0.7064272360651103,0.03833797212535963,0.0570247014210931,1225,1326,2026-06-01 14:25:17.773034,5
4765,19,P19,no,1,-0.48264614119489124,0.5138853177460049,0.520821285372743,2650,2647,2026-06-01 14:25:17.797672,5
5946,20,P03,yes,1,-0.32385760144825326,0.32690382227776793,0.32082130082460697,3692,3719,2026-06-01 14:25:17.804412,5
4766,19,P23,yes,1,-0.5173538588055635,0.520821285372743,0.5138853177460049,2649,2647,2026-06-01 14:25:17.835879,5
4767,19,P21,no,4,2.0,0.5138853177460049,0.4861146822539951,2649,2651,2026-06-01 14:25:17.850170,5
3863,17,P05,no,9,8.543014239586455,0.0570247014210931,0.04497822937897771,1225,1335,2026-06-01 14:25:17.877634,5
5947,20,P09,no,1,0.6821949176442104,0.32082130082460697,0.3147990233346844,3692,3720,2026-06-01 14:25:17.908098,5
3997,18,P17,yes,1,0.040983125455340996,0.04043956481800324,0.04153132619455174,1508,1621,2026-06-01 14:25:17.947902,5
3864,17,P03,no,7,6.712728257980189,0.04497822937897771,0.037326887344129464,1225,1342,2026-06-01 14:25:17.978248,5
6680,21,P03,yes,1,-0.1683731915518365,0.17032391864384583,0.16643440755425876,4184,4242,2026-06-01 14:25:18.052006,5
4768,19,P15,no,1,0.5173538588055635,0.4861146822539951,0.4791787146272571,2649,2652,2026-06-01 14:25:18.053081,5
5948,20,P04,yes,1,0.3178050823553349,0.3147990233346844,0.32082130082460697,3693,3720,2026-06-01 14:25:18.146210,5
5949,20,P13,no,2,-1.3461727642525148,0.32082130082460697,0.3330451148264414,3693,3718,2026-06-01 14:25:18.161027,5
4769,19,P03,no,1,-0.5173538588055635,0.4791787146272571,0.4861146822539951,2649,2651,2026-06-01 14:25:18.162019,5
3226,11,P18,no,1,-0.2942177197946876,0.702892745013669,0.7086608250294356,1919,1887,2026-06-01 14:25:18.167208,3
5950,20,P21,yes,1,0.33613967079099893,0.3330451148264414,0.33924363123418283,3694,3718,2026-06-01 14:25:18.324111,5
3227,11,P18,yes,1,0.7115172104934118,0.7086608250294356,0.7143624294910559,1920,1887,2026-06-01 14:25:18.360197,3
6681,21,P19,no,1,0.8354805720709919,0.16643440755425876,0.16261630836153196,4184,4243,2026-06-01 14:25:18.390770,5
3998,18,P05,no,1,0.959016874544659,0.04153132619455174,0.04043956481800324,1508,1622,2026-06-01 14:25:18.531208,5
5951,20,P24,yes,1,0.3423661268516298,0.33924363123418283,0.3454977507481214,3695,3718,2026-06-01 14:25:18.607918,5
6682,21,P19,yes,1,-0.16073682108253706,0.16261630836153196,0.15886910488091516,4183,4243,2026-06-01 14:25:18.640107,5
5952,20,P17,no,17,11.984902097979557,0.3454977507481214,0.2476638011390716,3695,3735,2026-06-01 14:25:18.649067,5
5953,20,P12,yes,1,0.2502637410184434,0.2476638011390716,0.25287573272933045,3696,3735,2026-06-01 14:25:18.649386,5
5954,20,P14,no,1,-0.7444882597128526,0.25287573272933045,0.2581597095111632,3696,3734,2026-06-01 14:25:18.658371,5
4770,19,P15,yes,4,2.0,0.4861146822539951,0.5138853177460049,2653,2651,2026-06-01 14:25:18.682227,5
4771,19,P19,yes,1,0.5173538588055635,0.5138853177460049,0.520821285372743,2654,2651,2026-06-01 14:25:18.685560,5
4772,19,P04,yes,1,-0.5173538588055635,0.520821285372743,0.5138853177460049,2653,2651,2026-06-01 14:25:18.698822,5
5955,20,P12,yes,6,1.6472502363258172,0.2581597095111632,0.29133917497056444,3702,3734,2026-06-01 14:25:18.710747,5
5956,20,P03,yes,1,-0.28848278950636086,0.29133917497056444,0.2856375705089441,3701,3734,2026-06-01 14:25:18.758751,5
4773,19,P15,yes,4,2.110968488295839,0.5138853177460049,0.5415704832167999,2657,2651,2026-06-01 14:25:18.799327,5
4774,19,P21,yes,1,-0.5381197166911988,0.5415704832167999,0.534666513353404,2656,2651,2026-06-01 14:25:18.801955,5
4775,19,P14,yes,10,-5.0,0.534666513353404,0.46533348664659613,2646,2651,2026-06-01 14:25:18.839665,5
5957,20,P11,yes,1,0.28848278950636086,0.2856375705089441,0.29133917497056444,3702,3734,2026-06-01 14:25:18.857283,5
5958,20,P17,no,1,0.7115172104931844,0.29133917497056444,0.2856375705089441,3702,3735,2026-06-01 14:25:18.874302,5
5959,20,P09,no,1,0.7171851495477313,0.2856375705089441,0.2800034603553825,3702,3736,2026-06-01 14:25:18.876697,5
5960,20,P03,yes,1,-0.2772148836379529,0.2800034603553825,0.2744377878410785,3701,3736,2026-06-01 14:25:18.900938,5
5961,20,P24,no,1,0.7283162051157888,0.2744377878410785,0.2689414213699951,3701,3737,2026-06-01 14:25:18.964916,5
5962,20,P03,no,2,1.4729460821554312,0.2689414213699951,0.2581597095111632,3701,3739,2026-06-01 14:25:19.006667,5
5963,20,P24,no,7,5.319080095621757,0.2581597095111632,0.22270013882530884,3701,3746,2026-06-01 14:25:19.086828,5
5964,20,P20,yes,9,2.2079738222228116,0.22270013882530884,0.2689414213699951,3710,3746,2026-06-01 14:25:19.127451,5
4776,19,P19,no,15,-7.2406242701022165,0.46533348664659613,0.5690013325681905,2646,2636,2026-06-01 14:25:19.129577,5
4777,19,P17,no,1,0.43440901084477446,0.5690013325681905,0.5621765008857981,2646,2637,2026-06-01 14:25:19.150971,5
4778,19,P17,yes,14,8.525870137887523,0.5621765008857981,0.6545022492518787,2660,2637,2026-06-01 14:25:19.168614,5
4779,19,P02,no,12,4.6121238232685755,0.6545022492518787,0.5758000536158003,2660,2649,2026-06-01 14:25:19.183254,5
5965,20,P02,yes,1,0.27168379488421124,0.2689414213699951,0.2744377878410785,3711,3746,2026-06-01 14:25:19.215558,5
4780,19,P12,no,7,3.1370124244567705,0.5758000536158003,0.5277492350545132,2660,2656,2026-06-01 14:25:19.237976,5
5966,20,P01,yes,2,0.5600297340902216,0.2744377878410785,0.2856375705089441,3713,3746,2026-06-01 14:25:19.238006,5
4781,19,P04,no,1,0.4757139608450416,0.5277492350545132,0.520821285372743,2660,2657,2026-06-01 14:25:19.242295,5
5967,20,P17,no,7,5.135457071875408,0.2856375705089441,0.2476638011390716,3713,3753,2026-06-01 14:25:19.248672,5
4782,19,P19,yes,7,3.81487064269686,0.520821285372743,0.5690013325681905,2667,2657,2026-06-01 14:25:19.268429,5
4783,19,P15,no,2,0.8756548699375344,0.5690013325681905,0.555328055262369,2667,2659,2026-06-01 14:25:19.273204,5
4784,19,P23,no,1,0.4481050579593102,0.555328055262369,0.548458527973277,2667,2660,2026-06-01 14:25:19.276376,5
3228,11,P18,no,1,-0.28281485045226873,0.7143624294910559,0.7199965396446176,1920,1886,2026-06-01 14:25:19.288627,3
5968,20,P17,yes,1,0.2502637410184434,0.2476638011390716,0.25287573272933045,3714,3753,2026-06-01 14:25:19.310611,5
4785,19,P01,yes,1,-0.5450159411029745,0.548458527973277,0.5415704832167999,2666,2660,2026-06-01 14:25:19.327487,5
6683,21,P03,no,1,0.8429751626772486,0.15886910488091516,0.15519224623709701,4183,4244,2026-06-01 14:25:19.341414,5
5969,20,P04,yes,7,1.9027619766129646,0.25287573272933045,0.29133917497056444,3721,3753,2026-06-01 14:25:19.343618,5
4786,19,P19,no,2,-0.903089116855881,0.5415704832167999,0.555328055262369,2666,2658,2026-06-01 14:25:19.353645,5
3229,11,P09,yes,3,-2.1344846402464555,0.7199965396446176,0.702892745013669,1917,1886,2026-06-01 14:25:19.384849,3
5970,20,P01,yes,1,0.29421771979423283,0.29133917497056444,0.2971072549863309,3722,3753,2026-06-01 14:25:19.393288,5
4787,19,P18,no,1,0.4481050579593102,0.555328055262369,0.548458527973277,2666,2659,2026-06-01 14:25:19.418649,5
4788,19,P08,no,1,0.4549840588965708,0.548458527973277,0.5415704832167999,2666,2660,2026-06-01 14:25:19.428810,5
5971,20,P17,yes,1,0.3000185846999557,0.2971072549863309,0.3029407160345927,3723,3753,2026-06-01 14:25:19.530149,5
4789,19,P02,no,7,3.3786165191663713,0.5415704832167999,0.49305600205173933,2666,2667,2026-06-01 14:25:19.582246,5
3230,11,P18,no,2,-0.5827005093015032,0.702892745013669,0.7143624294910559,1917,1884,2026-06-01 14:25:19.660806,3
4790,19,P17,no,6,3.166399421937058,0.49305600205173933,0.4515414720267231,2666,2673,2026-06-01 14:25:19.677368,5
6684,21,P24,yes,1,0.15702483732184191,0.15519224623709701,0.15886910488091516,4184,4244,2026-06-01 14:25:19.702038,5
4791,19,P19,yes,9,4.3440155706011865,0.4515414720267231,0.5138853177460049,2675,2673,2026-06-01 14:25:19.705673,5
5972,20,P17,no,1,0.6999814153000443,0.3029407160345927,0.2971072549863309,3723,3754,2026-06-01 14:25:19.752757,5
5973,20,P10,yes,11,3.632850490922465,0.2971072549863309,0.36457644074163925,3734,3754,2026-06-01 14:25:19.759653,5
5974,20,P01,yes,1,-0.3613670834834011,0.36457644074163925,0.358165954911269,3733,3754,2026-06-01 14:25:19.782910,5
5975,20,P07,no,1,0.6450184025507042,0.358165954911269,0.3518057801362553,3733,3755,2026-06-01 14:25:19.788578,5
5976,20,P09,yes,1,-0.3486473453945109,0.3518057801362553,0.3454977507481214,3732,3755,2026-06-01 14:25:19.816060,5
5977,20,P09,no,20,14.264873542460919,0.3454977507481214,0.2324649929561242,3732,3775,2026-06-01 14:25:19.842484,5
5978,20,P09,no,5,3.8980881068041526,0.2324649929561242,0.20860852732604496,3732,3780,2026-06-01 14:25:19.842485,5
5979,20,P08,yes,9,2.0722041897324743,0.20860852732604496,0.25287573272933045,3741,3780,2026-06-01 14:25:19.911426,5
6685,21,P03,no,1,0.8429751626790676,0.15886910488091516,0.15519224623709701,4184,4245,2026-06-01 14:25:19.952063,5
4792,19,P24,yes,1,0.517353858804654,0.5138853177460049,0.520821285372743,2676,2673,2026-06-01 14:25:19.967223,5
6686,21,P19,yes,1,-0.15338290922773012,0.15519224623709701,0.1515851487892869,4183,4245,2026-06-01 14:25:19.968460,5
5980,20,P18,yes,4,1.0542494530159274,0.25287573272933045,0.2744377878410785,3745,3780,2026-06-01 14:25:19.981953,5
5981,20,P11,no,12,-8.289415292013473,0.2744377878410785,0.3454977507481214,3745,3768,2026-06-01 14:25:20.011184,5
5982,20,P08,no,2,1.3214942023573713,0.3454977507481214,0.3330451148264414,3745,3770,2026-06-01 14:25:20.025865,5
6687,21,P03,yes,9,-1.2277999716952763,0.1515851487892869,0.122150398495942,4174,4245,2026-06-01 14:25:20.053246,5
3231,11,P18,no,2,0.5827005093015032,0.7143624294910559,0.702892745013669,1917,1886,2026-06-01 14:25:20.056043,3
5983,20,P17,yes,7,-2.183566386746861,0.3330451148264414,0.29133917497056444,3738,3770,2026-06-01 14:25:20.057659,5
4793,19,P17,yes,15,-7.033538773277542,0.520821285372743,0.41742979353768533,2661,2673,2026-06-01 14:25:20.058108,5
5984,20,P21,no,1,-0.7057822802057672,0.29133917497056444,0.2971072549863309,3738,3769,2026-06-01 14:25:20.062075,5
4794,19,P14,yes,5,2.172169343871701,0.41742979353768533,0.4515414720267231,2666,2673,2026-06-01 14:25:20.074342,5
5985,20,P15,no,1,0.7057822802057672,0.2971072549863309,0.29133917497056444,3738,3770,2026-06-01 14:25:20.094217,5
6688,21,P13,yes,3,0.3801390079279372,0.122150398495942,0.13137120953080678,4177,4245,2026-06-01 14:25:20.110092,5
3865,17,P24,yes,4,0.1575730030260729,0.037326887344129464,0.04153132619455174,1229,1342,2026-06-01 14:25:20.149147,5
4795,19,P12,yes,1,0.45498405889611604,0.4515414720267231,0.45842951678320015,2667,2673,2026-06-01 14:25:20.208135,5
4796,19,P19,no,7,-3.621383480833174,0.45842951678320015,0.5069439979482607,2667,2666,2026-06-01 14:25:20.251762,5
5986,20,P23,yes,4,1.211934068644041,0.29133917497056444,0.3147990233346844,3742,3770,2026-06-01 14:25:20.295570,5
4797,19,P19,yes,1,0.5104149925382444,0.5069439979482607,0.5138853177460049,2668,2666,2026-06-01 14:25:20.310768,5
4798,19,P17,yes,1,-0.5104149925382444,0.5138853177460049,0.5069439979482607,2667,2666,2026-06-01 14:25:20.321970,5
3866,17,P22,no,3,2.8802572633421732,0.04153132619455174,0.03833797212535963,1229,1345,2026-06-01 14:25:20.339774,5
6689,21,P15,yes,14,2.1806591178055896,0.13137120953080678,0.18242552380635632,4191,4245,2026-06-01 14:25:20.347394,5
6690,21,P03,yes,1,-0.18036621331884817,0.18242552380635632,0.17831905610769247,4190,4245,2026-06-01 14:25:20.349483,5
5987,20,P17,yes,1,-0.31181351241730226,0.3147990233346844,0.30883838763748533,3741,3770,2026-06-01 14:25:20.356969,5
5988,20,P03,no,2,1.3940971635674941,0.30883838763748533,0.2971072549863309,3741,3772,2026-06-01 14:25:20.394031,5
3867,17,P09,yes,1,0.03885443354170093,0.03833797212535963,0.039375324260408275,1230,1345,2026-06-01 14:25:20.493584,5
5989,20,P03,yes,1,-0.2942177197946876,0.2971072549863309,0.29133917497056444,3740,3772,2026-06-01 14:25:20.570203,5
5990,20,P17,no,8,5.846974282369047,0.29133917497056444,0.2476638011390716,3740,3780,2026-06-01 14:25:20.608422,5
3232,11,P18,no,1,0.3000185846997283,0.702892745013669,0.6970592839654074,1917,1887,2026-06-01 14:25:20.637517,3
4799,19,P19,no,19,-8.132085330900281,0.5069439979482607,0.6354235592583607,2667,2647,2026-06-01 14:25:20.651095,5
4800,19,P20,no,1,0.36780193489857993,0.6354235592583607,0.6289646649499733,2667,2648,2026-06-01 14:25:20.651928,5
5991,20,P09,no,1,-0.7497362589815566,0.2476638011390716,0.25287573272933045,3740,3779,2026-06-01 14:25:20.654615,5
4801,19,P15,no,6,2.3444559467193358,0.6289646649499733,0.5893093760914265,2667,2654,2026-06-01 14:25:20.659833,5
4802,19,P11,no,1,0.41405752734726775,0.5893093760914265,0.5825702064623147,2667,2655,2026-06-01 14:25:20.689116,5
5992,20,P21,yes,1,0.2555117402871474,0.25287573272933045,0.2581597095111632,3741,3779,2026-06-01 14:25:20.719752,5
4803,19,P24,yes,7,4.2414865259333965,0.5825702064623147,0.6289646649499733,2674,2655,2026-06-01 14:25:20.724238,5
5993,20,P10,yes,1,0.26083150245221987,0.2581597095111632,0.26351515505832507,3742,3779,2026-06-01 14:25:20.753885,5
5994,20,P24,yes,1,0.26622241539280367,0.26351515505832507,0.2689414213699951,3743,3779,2026-06-01 14:25:20.794522,5
4804,19,P02,no,7,2.7585134740666035,0.6289646649499733,0.5825702064623147,2674,2662,2026-06-01 14:25:20.798575,5
5995,20,P20,yes,9,2.6499354694801696,0.2689414213699951,0.32082130082460697,3752,3779,2026-06-01 14:25:20.806330,5
4805,19,P03,no,1,-0.4140575273477225,0.5825702064623147,0.5893093760914265,2674,2661,2026-06-01 14:25:20.806869,5
6691,21,P15,yes,1,0.18036621331884817,0.17831905610769247,0.18242552380635632,4191,4245,2026-06-01 14:25:20.807322,5
6692,21,P09,no,1,-0.8154908016822446,0.18242552380635632,0.18660508209316082,4191,4244,2026-06-01 14:25:20.814520,5
5996,20,P17,no,7,4.898963209041995,0.32082130082460697,0.2800034603553825,3752,3786,2026-06-01 14:25:20.826679,5
6693,21,P15,yes,2,0.3817406459011181,0.18660508209316082,0.19518467701384015,4193,4244,2026-06-01 14:25:20.868834,5
4806,19,P12,no,6,2.5862268712194236,0.5893093760914265,0.548458527973277,2674,2667,2026-06-01 14:25:20.873422,5
6694,21,P03,no,1,0.8069847884389674,0.19518467701384015,0.19085804424486547,4193,4245,2026-06-01 14:25:20.885168,5
5997,20,P12,yes,1,0.28281485045226873,0.2800034603553825,0.2856375705089441,3753,3786,2026-06-01 14:25:20.887620,5
6695,21,P09,no,1,0.8112745656599145,0.19085804424486547,0.18660508209316082,4193,4246,2026-06-01 14:25:20.910935,5
4807,19,P13,yes,6,-3.166399421937058,0.548458527973277,0.5069439979482607,2668,2667,2026-06-01 14:25:20.960960,5
5998,20,P17,yes,1,-0.28281485045226873,0.2856375705089441,0.2800034603553825,3752,3786,2026-06-01 14:25:20.989924,5
5999,20,P15,no,6,4.4182719223272215,0.2800034603553825,0.2476638011390716,3752,3792,2026-06-01 14:25:21.012882,5
6000,20,P02,no,10,-7.252737977874403,0.2476638011390716,0.3029407160345927,3752,3782,2026-06-01 14:25:21.059932,5
4808,19,P03,yes,10,5.415042466041541,0.5069439979482607,0.5758000536158003,2678,2667,2026-06-01 14:25:21.064453,5
4809,19,P01,no,1,0.427597027999127,0.5758000536158003,0.5690013325681905,2678,2668,2026-06-01 14:25:21.072160,5
6001,20,P03,yes,1,-0.3000185846999557,0.3029407160345927,0.2971072549863309,3751,3782,2026-06-01 14:25:21.115044,5
6696,21,P05,no,1,-0.8112745656599145,0.18660508209316082,0.19085804424486547,4193,4245,2026-06-01 14:25:21.130561,5
4810,19,P17,no,1,0.43440901084477446,0.5690013325681905,0.5621765008857981,2678,2669,2026-06-01 14:25:21.205761,5
4811,19,P11,no,1,0.44124585909275993,0.5621765008857981,0.555328055262369,2678,2670,2026-06-01 14:25:21.357334,5
6002,20,P03,no,1,0.7057822802053124,0.2971072549863309,0.29133917497056444,3751,3783,2026-06-01 14:25:21.402282,5
3233,11,P09,yes,3,2.117280905998996,0.6970592839654074,0.7143624294910559,1920,1887,2026-06-01 14:25:21.409372,3
3999,18,P17,yes,11,0.5165571097982138,0.04043956481800324,0.05410980348435149,1519,1622,2026-06-01 14:25:21.444440,5
4000,18,P05,no,1,0.9465952185423703,0.05410980348435149,0.05270556608289024,1519,1623,2026-06-01 14:25:21.533939,5
4812,19,P17,yes,1,0.5587541409072401,0.555328055262369,0.5621765008857981,2679,2670,2026-06-01 14:25:21.622084,5
4813,19,P13,yes,4,-2.193784740742558,0.5621765008857981,0.534666513353404,2675,2670,2026-06-01 14:25:21.622130,5
6003,20,P24,no,1,0.7115172104940939,0.29133917497056444,0.2856375705089441,3751,3784,2026-06-01 14:25:21.648167,5
6004,20,P17,yes,14,4.583352935121638,0.2856375705089441,0.3710353350500268,3765,3784,2026-06-01 14:25:21.850201,5
6005,20,P18,yes,1,-0.36780193489857993,0.3710353350500268,0.36457644074163925,3764,3784,2026-06-01 14:25:21.857866,5
6006,20,P20,no,4,2.5926378468211624,0.36457644074163925,0.33924363123418283,3764,3788,2026-06-01 14:25:21.915138,5
4814,19,P04,no,13,6.635030599834863,0.534666513353404,0.444671944737631,2675,2683,2026-06-01 14:25:21.971512,5
4815,19,P08,yes,1,0.4481050579593102,0.444671944737631,0.4515414720267231,2676,2683,2026-06-01 14:25:21.971752,5
4816,19,P12,yes,11,5.385655468561254,0.4515414720267231,0.5277492350545132,2687,2683,2026-06-01 14:25:21.979130,5
6007,20,P04,no,1,0.6638603292085463,0.33924363123418283,0.3330451148264414,3764,3789,2026-06-01 14:25:21.981589,5
3868,17,P17,no,1,-0.9600948223392152,0.039375324260408275,0.04043956481800324,1230,1344,2026-06-01 14:25:22.018237,5
6008,20,P24,no,12,8.430014879379542,0.3330451148264414,0.26351515505832507,3764,3801,2026-06-01 14:25:22.160488,5
4817,19,P03,yes,2,1.0693285903353171,0.5277492350545132,0.5415704832167999,2689,2683,2026-06-01 14:25:22.206399,5
4001,18,P22,no,9,8.577830797114984,0.05270556608289024,0.04153132619455174,1519,1632,2026-06-01 14:25:22.243482,5
6009,20,P03,yes,8,-1.941751406830008,0.26351515505832507,0.22270013882530884,3756,3801,2026-06-01 14:25:22.270547,5
4818,19,P15,yes,14,8.246531188266545,0.5415704832167999,0.6354235592583607,2703,2683,2026-06-01 14:25:22.280133,5
3869,17,P09,yes,1,0.04098312545556837,0.04043956481800324,0.04153132619455174,1231,1344,2026-06-01 14:25:22.300701,5
4002,18,P03,no,1,0.9590168745444316,0.04153132619455174,0.04043956481800324,1519,1633,2026-06-01 14:25:22.301332,5
3870,17,P09,no,17,-16.10873444623303,0.04153132619455174,0.06496916912866407,1231,1327,2026-06-01 14:25:22.326086,5
6697,21,P15,yes,7,1.445334288396225,0.19085804424486547,0.22270013882530884,4200,4245,2026-06-01 14:25:22.350090,5
6010,20,P03,no,1,0.7796917426908294,0.22270013882530884,0.21792873238451507,3756,3802,2026-06-01 14:25:22.361648,5
4819,19,P24,no,1,0.36780193489857993,0.6354235592583607,0.6289646649499733,2703,2684,2026-06-01 14:25:22.363061,5
4820,19,P09,yes,1,-0.6257157842683227,0.6289646649499733,0.6224593312018546,2702,2684,2026-06-01 14:25:22.378102,5
6698,21,P01,yes,1,-0.22030825730962533,0.22270013882530884,0.21792873238451507,4199,4245,2026-06-01 14:25:22.378108,5
4821,19,P04,no,1,0.38081192452773394,0.6224593312018546,0.6159095915435134,2702,2685,2026-06-01 14:25:22.394776,5
6011,20,P06,no,4,-3.089620491182359,0.21792873238451507,0.23745802834390253,3756,3798,2026-06-01 14:25:22.408554,5
4822,19,P10,no,1,0.38738299639953766,0.6159095915435134,0.6093175418435606,2702,2686,2026-06-01 14:25:22.430469,5
3871,17,P09,yes,7,0.4985420236612299,0.06496916912866407,0.07782859364011989,1238,1327,2026-06-01 14:25:22.456726,5
6012,20,P02,yes,4,0.9908486528697722,0.23745802834390253,0.2581597095111632,3760,3798,2026-06-01 14:25:22.466724,5
6013,20,P11,yes,10,2.8591843049694035,0.2581597095111632,0.3147990233346844,3770,3798,2026-06-01 14:25:22.466994,5
3872,17,P01,no,3,2.775278162110908,0.07782859364011989,0.07205414361856403,1238,1330,2026-06-01 14:25:22.474317,5
6699,21,P04,yes,11,-2.1272216306697374,0.21792873238451507,0.17032391864384583,4188,4245,2026-06-01 14:25:22.477445,5
4823,19,P15,no,8,3.3400986233205003,0.6093175418435606,0.555328055262369,2702,2694,2026-06-01 14:25:22.486689,5
3873,17,P03,no,5,4.662047607021805,0.07205414361856403,0.0633019736959414,1238,1335,2026-06-01 14:25:22.490684,5
6700,21,P19,yes,1,-0.1683731915518365,0.17032391864384583,0.16643440755425876,4187,4245,2026-06-01 14:25:22.554613,5
6701,21,P09,yes,1,0.1683731915518365,0.16643440755425876,0.17032391864384583,4188,4245,2026-06-01 14:25:22.554760,5
4824,19,P19,yes,1,0.5587541409072401,0.555328055262369,0.5621765008857981,2703,2694,2026-06-01 14:25:22.596850,5
4825,19,P03,yes,7,4.10114723577226,0.5621765008857981,0.6093175418435606,2710,2694,2026-06-01 14:25:22.679876,5
6014,20,P24,yes,1,0.31780508235578964,0.3147990233346844,0.32082130082460697,3771,3798,2026-06-01 14:25:22.692072,5
3874,17,P19,no,3,2.8173288590605807,0.0633019736959414,0.05853690287436789,1238,1338,2026-06-01 14:25:22.723027,5
4826,19,P14,no,5,2.0368467253842937,0.6093175418435606,0.5758000536158003,2710,2699,2026-06-01 14:25:22.746452,5
6702,21,P19,yes,4,-0.6506542778852236,0.17032391864384583,0.15519224623709701,4184,4245,2026-06-01 14:25:22.755707,5
4827,19,P21,no,3,1.303251897935752,0.5758000536158003,0.555328055262369,2710,2702,2026-06-01 14:25:22.760026,5
6703,21,P17,no,6,5.131923087976247,0.15519224623709701,0.13457359546569392,4184,4251,2026-06-01 14:25:22.780635,5
6015,20,P17,yes,5,1.680980378784625,0.32082130082460697,0.3518057801362553,3776,3798,2026-06-01 14:25:22.785673,5
6016,20,P01,yes,12,-3.7820171697426304,0.3518057801362553,0.2800034603553825,3764,3798,2026-06-01 14:25:22.788349,5
3875,17,P22,no,1,0.9422222937853348,0.05853690287436789,0.0570247014210931,1238,1339,2026-06-01 14:25:22.801947,5
4828,19,P09,no,1,0.4481050579593102,0.555328055262369,0.548458527973277,2710,2703,2026-06-01 14:25:22.820887,5
3876,17,P05,no,13,12.372332375137603,0.0570247014210931,0.04043956481800324,1238,1352,2026-06-01 14:25:22.840728,5
6704,21,P03,yes,1,-0.13296696097131644,0.13457359546569392,0.13137120953080678,4183,4251,2026-06-01 14:25:22.840931,5
6705,21,P08,yes,1,0.13296696097131644,0.13137120953080678,0.13457359546569392,4184,4251,2026-06-01 14:25:22.883758,5
4829,19,P24,yes,14,8.340148163680624,0.548458527973277,0.6418340450887311,2724,2703,2026-06-01 14:25:22.886045,5
4830,19,P03,yes,1,0.6450184025502494,0.6418340450887311,0.6481942198637447,2725,2703,2026-06-01 14:25:22.894144,5
4831,19,P14,yes,9,-5.571393437450297,0.6481942198637447,0.5893093760914265,2716,2703,2026-06-01 14:25:22.899315,5
3877,17,P09,yes,1,0.04098312545556837,0.04043956481800324,0.04153132619455174,1239,1352,2026-06-01 14:25:22.966126,5
6706,21,P19,no,1,0.8670330390286836,0.13457359546569392,0.13137120953080678,4184,4252,2026-06-01 14:25:22.971188,5
4832,19,P21,no,1,0.4140575273477225,0.5893093760914265,0.5825702064623147,2716,2704,2026-06-01 14:25:22.984367,5
6707,21,P17,yes,8,1.1580687103169112,0.13137120953080678,0.15886910488091516,4192,4252,2026-06-01 14:25:22.998454,5
4833,19,P20,yes,1,-0.5791876120238157,0.5825702064623147,0.5758000536158003,2715,2704,2026-06-01 14:25:22.999091,5
4834,19,P01,no,1,0.427597027999127,0.5758000536158003,0.5690013325681905,2715,2705,2026-06-01 14:25:23.001089,5
4835,19,P15,no,9,4.157360505959332,0.5690013325681905,0.5069439979482607,2715,2714,2026-06-01 14:25:23.056783,5
4836,19,P03,yes,16,8.990812744258164,0.5069439979482607,0.6159095915435134,2731,2714,2026-06-01 14:25:23.104028,5
4837,19,P23,no,1,0.3873829963999924,0.6159095915435134,0.6093175418435606,2731,2715,2026-06-01 14:25:23.104595,5
6708,21,P09,no,10,-8.213780975641384,0.15886910488091516,0.19958519865373256,4192,4242,2026-06-01 14:25:23.112689,5
6017,20,P15,no,1,0.7227851163615924,0.2800034603553825,0.2744377878410785,3764,3799,2026-06-01 14:25:23.122863,5
4838,19,P09,no,1,0.39399530527362003,0.6093175418435606,0.6026853379784917,2731,2716,2026-06-01 14:25:23.124259,5
4839,19,P15,no,1,0.4006466663076935,0.6026853379784917,0.5960151933265168,2731,2717,2026-06-01 14:25:23.131557,5
6709,21,P12,yes,1,-0.19737877265106363,0.19958519865373256,0.19518467701384015,4191,4242,2026-06-01 14:25:23.134819,5
4840,19,P10,no,1,0.4073348384781639,0.5960151933265168,0.5893093760914265,2731,2718,2026-06-01 14:25:23.197244,5
3878,17,P22,no,13,12.543952674027878,0.04153132619455174,0.029312230751356316,1239,1365,2026-06-01 14:25:23.261338,5
6018,20,P09,yes,1,0.2772148836379529,0.2744377878410785,0.2800034603553825,3765,3799,2026-06-01 14:25:23.262968,5
3879,17,P17,yes,1,0.029710877369097943,0.029312230751356316,0.030113010965194673,1240,1365,2026-06-01 14:25:23.289280,5
6710,21,P24,yes,1,0.19737877265106363,0.19518467701384015,0.19958519865373256,4192,4242,2026-06-01 14:25:23.320859,5
6711,21,P05,no,1,0.8026212273498459,0.19958519865373256,0.19518467701384015,4192,4243,2026-06-01 14:25:23.324269,5
4841,19,P09,no,1,0.4140575273477225,0.5893093760914265,0.5825702064623147,2731,2719,2026-06-01 14:25:23.361653,5
4842,19,P19,no,6,-2.3842292583349263,0.5825702064623147,0.6224593312018546,2731,2713,2026-06-01 14:25:23.368307,5
4843,19,P09,no,20,8.900414172808269,0.6224593312018546,0.4861146822539951,2731,2733,2026-06-01 14:25:23.379872,5
4844,19,P09,no,5,2.6559844293988135,0.4861146822539951,0.4515414720267231,2731,2738,2026-06-01 14:25:23.379873,5
4845,19,P11,yes,1,0.4549840588965708,0.4515414720267231,0.45842951678320015,2732,2738,2026-06-01 14:25:23.388327,5
4846,19,P07,yes,1,0.46188028330880115,0.45842951678320015,0.46533348664659613,2733,2738,2026-06-01 14:25:23.429804,5
6019,20,P09,yes,1,0.28281485045226873,0.2800034603553825,0.2856375705089441,3766,3799,2026-06-01 14:25:23.435650,5
4847,19,P24,no,7,-3.5728487716041855,0.46533348664659613,0.5138853177460049,2733,2731,2026-06-01 14:25:23.454055,5
6020,20,P03,no,1,0.717185149548186,0.2856375705089441,0.2800034603553825,3766,3800,2026-06-01 14:25:23.470384,5
4848,19,P18,yes,2,1.0416398979600672,0.5138853177460049,0.5277492350545132,2735,2731,2026-06-01 14:25:23.496382,5
4849,19,P19,yes,11,6.220136155433011,0.5277492350545132,0.6026853379784917,2746,2731,2026-06-01 14:25:23.526611,5
6021,20,P03,yes,7,-1.8268161234304898,0.2800034603553825,0.24252442073717165,3759,3800,2026-06-01 14:25:23.539358,5
4850,19,P23,no,1,0.4006466663072388,0.6026853379784917,0.5960151933265168,2746,2732,2026-06-01 14:25:23.548979,5
4851,19,P08,no,3,1.2422047538029801,0.5960151933265168,0.5758000536158003,2746,2735,2026-06-01 14:25:23.562764,5
6022,20,P13,no,7,-5.17318387656951,0.24252442073717165,0.2800034603553825,3759,3793,2026-06-01 14:25:23.579798,5
4852,19,P04,no,7,3.137012424456316,0.5758000536158003,0.5277492350545132,2746,2742,2026-06-01 14:25:23.607067,5
4853,19,P19,yes,5,2.724993614387131,0.5277492350545132,0.5621765008857981,2751,2742,2026-06-01 14:25:23.654636,5
3880,17,P09,yes,15,0.5560351875963079,0.030113010965194673,0.04497822937897771,1255,1365,2026-06-01 14:25:23.663567,5
4854,19,P03,yes,17,10.517394705946117,0.5621765008857981,0.6730961777222321,2768,2742,2026-06-01 14:25:23.720269,5
6023,20,P09,no,19,-12.59735777249307,0.2800034603553825,0.3973146620215083,3759,3774,2026-06-01 14:25:23.726877,5
4855,19,P10,no,1,0.32996963429877724,0.6730961777222321,0.6669548851735586,2768,2743,2026-06-01 14:25:23.767397,5
4856,19,P07,no,11,4.048424867109134,0.6669548851735586,0.5960151933265168,2768,2754,2026-06-01 14:25:23.774214,5
4857,19,P01,no,1,0.4073348384781639,0.5960151933265168,0.5893093760914265,2768,2755,2026-06-01 14:25:23.817840,5
6024,20,P04,no,11,7.022252164899328,0.3973146620215083,0.32690382227776793,3759,3785,2026-06-01 14:25:23.818731,5
4858,19,P15,yes,16,-8.552403699374281,0.5893093760914265,0.4791787146272571,2752,2755,2026-06-01 14:25:23.861813,5
6025,20,P15,no,6,4.146403247552371,0.32690382227776793,0.29133917497056444,3759,3791,2026-06-01 14:25:23.865163,5
3881,17,P05,no,7,6.712728257980643,0.04497822937897771,0.037326887344129464,1255,1372,2026-06-01 14:25:23.886107,5
4859,19,P03,yes,3,1.4687590380613074,0.4791787146272571,0.5,2755,2755,2026-06-01 14:25:23.904074,5
6026,20,P17,no,8,5.846974282368592,0.29133917497056444,0.2476638011390716,3759,3799,2026-06-01 14:25:23.943946,5
6027,20,P04,no,1,-0.7497362589815566,0.2476638011390716,0.25287573272933045,3759,3798,2026-06-01 14:25:23.985415,5
4860,19,P12,yes,6,3.124855591428968,0.5,0.5415704832167999,2761,2755,2026-06-01 14:25:24.029832,5
4861,19,P03,yes,4,2.2212560132070394,0.5415704832167999,0.5690013325681905,2765,2755,2026-06-01 14:25:24.030265,5
6028,20,P13,yes,1,0.2555117402871474,0.25287573272933045,0.2581597095111632,3760,3798,2026-06-01 14:25:24.044428,5
6029,20,P14,yes,4,1.0759525963671877,0.2581597095111632,0.2800034603553825,3764,3798,2026-06-01 14:25:24.073686,5
6030,20,P03,no,1,0.7227851163615924,0.2800034603553825,0.2744377878410785,3764,3799,2026-06-01 14:25:24.074063,5
3882,17,P09,yes,7,0.28727174201958405,0.037326887344129464,0.04497822937897771,1262,1372,2026-06-01 14:25:24.101430,5
6712,21,P03,no,1,0.8069847884380579,0.19518467701384015,0.19085804424486547,4192,4244,2026-06-01 14:25:24.104321,5
3883,17,P09,no,3,-2.859557851147656,0.04497822937897771,0.04869667456442473,1262,1369,2026-06-01 14:25:24.122780,5
6713,21,P03,yes,6,-1.0705687911349742,0.19085804424486547,0.16643440755425876,4186,4244,2026-06-01 14:25:24.131587,5
6031,20,P03,no,2,1.462093789722985,0.2744377878410785,0.26351515505832507,3764,3801,2026-06-01 14:25:24.199416,5
3884,17,P17,no,7,-6.625678682224134,0.04869667456442473,0.05853690287436789,1262,1362,2026-06-01 14:25:24.206998,5
6032,20,P20,yes,1,0.26622241539280367,0.26351515505832507,0.2689414213699951,3765,3801,2026-06-01 14:25:24.217104,5
6033,20,P17,no,11,8.356143984045502,0.2689414213699951,0.2132315108375271,3765,3812,2026-06-01 14:25:24.233867,5
4862,19,P24,yes,1,0.572402972000873,0.5690013325681905,0.5758000536158003,2766,2755,2026-06-01 14:25:24.245384,5
4863,19,P09,no,1,0.4275970279986723,0.5758000536158003,0.5690013325681905,2766,2756,2026-06-01 14:25:24.249845,5
6034,20,P17,no,11,8.919979114200942,0.2132315108375271,0.16643440755425876,3765,3823,2026-06-01 14:25:24.255509,5
3885,17,P05,no,9,8.53081641830272,0.05853690287436789,0.04618662486055427,1262,1371,2026-06-01 14:25:24.256773,5
6035,20,P20,yes,2,0.3406718015316983,0.16643440755425876,0.17428532117858547,3767,3823,2026-06-01 14:25:24.270596,5
3886,17,P05,no,6,5.743833072958978,0.04618662486055427,0.039375324260408275,1262,1377,2026-06-01 14:25:24.285907,5
4864,19,P19,yes,6,3.535556246617489,0.5690013325681905,0.6093175418435606,2772,2756,2026-06-01 14:25:24.316736,5
4865,19,P02,no,11,4.7050680234851825,0.6093175418435606,0.534666513353404,2772,2767,2026-06-01 14:25:24.350283,5
6714,21,P19,yes,1,-0.1645194279290081,0.16643440755425876,0.16261630836153196,4185,4244,2026-06-01 14:25:24.388902,5
4866,19,P03,yes,16,9.423283821474342,0.534666513353404,0.6418340450887311,2788,2767,2026-06-01 14:25:24.405073,5
6715,21,P17,no,1,0.8392631789174629,0.16261630836153196,0.15886910488091516,4185,4245,2026-06-01 14:25:24.424839,5
4867,19,P10,no,1,0.3613670834829463,0.6418340450887311,0.6354235592583607,2788,2768,2026-06-01 14:25:24.432041,5
6036,20,P20,yes,1,0.17629614362658685,0.17428532117858547,0.17831905610769247,3768,3823,2026-06-01 14:25:24.462624,5
6037,20,P02,no,13,-10.31099361411907,0.17831905610769247,0.23745802834390253,3768,3810,2026-06-01 14:25:24.483311,5
4868,19,P23,yes,2,-1.2579138493697428,0.6354235592583607,0.6224593312018546,2786,2768,2026-06-01 14:25:24.488375,5
6716,21,P19,yes,1,-0.15702483732184191,0.15886910488091516,0.15519224623709701,4184,4245,2026-06-01 14:25:24.532787,5
4869,19,P02,no,1,0.38081192452773394,0.6224593312018546,0.6159095915435134,2786,2769,2026-06-01 14:25:24.539107,5
4870,19,P18,yes,9,-5.272518380279962,0.6159095915435134,0.555328055262369,2777,2769,2026-06-01 14:25:24.541716,5
4871,19,P03,no,13,-5.211746778360975,0.555328055262369,0.6418340450887311,2777,2756,2026-06-01 14:25:24.581015,5
6038,20,P14,yes,1,0.23998512580601528,0.23745802834390253,0.24252442073717165,3769,3810,2026-06-01 14:25:24.599128,5
4872,19,P06,yes,1,-0.6386329165165989,0.6418340450887311,0.6354235592583607,2776,2756,2026-06-01 14:25:24.603426,5
6039,20,P12,yes,1,0.24508804575816612,0.24252442073717165,0.2476638011390716,3770,3810,2026-06-01 14:25:24.610860,5
6717,21,P17,yes,3,-0.44950013999005023,0.15519224623709701,0.14457775046587726,4181,4245,2026-06-01 14:25:24.628700,5
3887,17,P17,yes,12,0.5564622874589986,0.039375324260408275,0.05410980348435149,1274,1377,2026-06-01 14:25:24.720588,5
4003,18,P24,yes,9,0.4111344896061837,0.04043956481800324,0.05133579311531625,1528,1633,2026-06-01 14:25:24.731412,5
4873,19,P18,no,1,0.36780193489857993,0.6354235592583607,0.6289646649499733,2776,2757,2026-06-01 14:25:24.736499,5
6718,21,P17,no,4,3.448456266994981,0.14457775046587726,0.13137120953080678,4181,4249,2026-06-01 14:25:24.744425,5
6719,21,P23,yes,4,0.551543733005019,0.13137120953080678,0.14457775046587726,4185,4249,2026-06-01 14:25:24.748349,5
3888,17,P19,no,1,0.9465952185425976,0.05410980348435149,0.05270556608289024,1274,1378,2026-06-01 14:25:24.785983,5
4874,19,P24,yes,1,0.6321980651009653,0.6289646649499733,0.6354235592583607,2777,2757,2026-06-01 14:25:24.786614,5
4004,18,P19,no,1,0.9493350125396773,0.05133579311531625,0.049999740399933254,1528,1634,2026-06-01 14:25:24.809600,5
6040,20,P04,yes,1,0.25026374101798865,0.2476638011390716,0.25287573272933045,3771,3810,2026-06-01 14:25:24.809849,5
6041,20,P11,yes,1,0.2555117402871474,0.25287573272933045,0.2581597095111632,3772,3810,2026-06-01 14:25:24.824566,5
6720,21,P15,yes,6,0.9317812263234373,0.14457775046587726,0.16643440755425876,4191,4249,2026-06-01 14:25:24.830309,5
4875,19,P02,no,10,3.9747248249404947,0.6354235592583607,0.5690013325681905,2777,2767,2026-06-01 14:25:24.856638,5
6721,21,P09,yes,3,0.5169679451582851,0.16643440755425876,0.17831905610769247,4194,4249,2026-06-01 14:25:24.880589,5
3889,17,P03,no,1,0.9479821612653723,0.05270556608289024,0.05133579311531625,1274,1379,2026-06-01 14:25:24.910627,5
6722,21,P15,yes,1,0.18036621331793867,0.17831905610769247,0.18242552380635632,4195,4249,2026-06-01 14:25:24.928392,5
6723,21,P09,yes,7,1.3826867273228345,0.18242552380635632,0.2132315108375271,4202,4249,2026-06-01 14:25:24.945608,5
6042,20,P04,no,1,-0.7391684975473254,0.2581597095111632,0.26351515505832507,3772,3809,2026-06-01 14:25:24.960862,5
4005,18,P19,no,4,3.810212362302991,0.049999740399933254,0.04497822937897771,1528,1638,2026-06-01 14:25:24.975352,5
6724,21,P20,yes,8,-1.5630529406407732,0.2132315108375271,0.17831905610769247,4194,4249,2026-06-01 14:25:25.007646,5
4876,19,P09,no,4,1.7787439867929606,0.5690013325681905,0.5415704832167999,2777,2771,2026-06-01 14:25:25.062110,5
4877,19,P03,yes,4,2.2212560132070394,0.5415704832167999,0.5690013325681905,2781,2771,2026-06-01 14:25:25.072258,5
4878,19,P19,yes,1,0.5724029720013277,0.5690013325681905,0.5758000536158003,2782,2771,2026-06-01 14:25:25.167053,5
6043,20,P01,no,1,-0.7337775846076511,0.26351515505832507,0.2689414213699951,3772,3808,2026-06-01 14:25:25.175723,5
6725,21,P09,yes,1,0.18036621331793867,0.17831905610769247,0.18242552380635632,4195,4249,2026-06-01 14:25:25.182242,5
4006,18,P05,no,10,9.605125856081031,0.04497822937897771,0.034445195666211174,1528,1648,2026-06-01 14:25:25.189657,5
6044,20,P24,no,1,0.7337775846076511,0.2689414213699951,0.26351515505832507,3772,3809,2026-06-01 14:25:25.193407,5
3890,17,P05,no,1,0.9493350125401321,0.05133579311531625,0.049999740399933254,1274,1380,2026-06-01 14:25:25.253177,5
6726,21,P15,yes,6,1.171772895412687,0.18242552380635632,0.20860852732604496,4201,4249,2026-06-01 14:25:25.292324,5
4007,18,P24,yes,1,0.034911128706198724,0.034445195666211174,0.03538109202197851,1529,1648,2026-06-01 14:25:25.304012,5
6727,21,P23,no,1,0.7936720322522888,0.20860852732604496,0.20405977695922933,4201,4250,2026-06-01 14:25:25.346666,5
6728,21,P03,no,1,0.7981836892058709,0.20405977695922933,0.19958519865373256,4201,4251,2026-06-01 14:25:25.389968,5
6729,21,P09,yes,4,0.8346320468735939,0.19958519865373256,0.21792873238451507,4205,4251,2026-06-01 14:25:25.520656,5
6730,21,P02,yes,1,-0.21557393642160605,0.21792873238451507,0.2132315108375271,4204,4251,2026-06-01 14:25:25.547581,5
4879,19,P03,yes,11,6.736523522125481,0.5758000536158003,0.6481942198637447,2793,2771,2026-06-01 14:25:25.568560,5
4880,19,P13,no,1,0.35498159744975055,0.6481942198637447,0.6418340450887311,2793,2772,2026-06-01 14:25:25.605772,5
4881,19,P08,no,1,0.3613670834829463,0.6418340450887311,0.6354235592583607,2793,2773,2026-06-01 14:25:25.606088,5
4882,19,P21,yes,3,-1.8771019248420089,0.6354235592583607,0.6159095915435134,2790,2773,2026-06-01 14:25:25.617813,5
6731,21,P13,yes,2,-0.4172417996578588,0.2132315108375271,0.20405977695922933,4202,4251,2026-06-01 14:25:25.620303,5
6045,20,P01,yes,7,1.980655038367786,0.26351515505832507,0.3029407160345927,3779,3809,2026-06-01 14:25:25.622260,5
4883,19,P09,yes,1,-0.6126170036004623,0.6159095915435134,0.6093175418435606,2789,2773,2026-06-01 14:25:25.633230,5
4884,19,P03,yes,1,0.6126170036004623,0.6093175418435606,0.6159095915435134,2790,2773,2026-06-01 14:25:25.635870,5
6732,21,P15,yes,1,0.20632796774771123,0.20405977695922933,0.20860852732604496,4203,4251,2026-06-01 14:25:25.652796,5
4885,19,P24,yes,3,1.8771019248420089,0.6159095915435134,0.6354235592583607,2793,2773,2026-06-01 14:25:25.656560,5
4886,19,P12,yes,6,-3.6950769568611577,0.6354235592583607,0.5960151933265168,2787,2773,2026-06-01 14:25:25.656596,5
6046,20,P24,no,12,8.767664806310222,0.3029407160345927,0.23745802834390253,3779,3821,2026-06-01 14:25:25.660820,5
4887,19,P24,yes,7,4.333709873378666,0.5960151933265168,0.6418340450887311,2794,2773,2026-06-01 14:25:25.698280,5
4888,19,P02,no,6,2.265643460314095,0.6418340450887311,0.6026853379784917,2794,2779,2026-06-01 14:25:25.708786,5
6047,20,P12,yes,3,0.7353369125826248,0.23745802834390253,0.25287573272933045,3782,3821,2026-06-01 14:25:25.716936,5
4889,19,P11,no,2,0.8079815047858574,0.6026853379784917,0.5893093760914265,2794,2781,2026-06-01 14:25:25.738591,5
6048,20,P04,yes,10,2.8028825328392486,0.25287573272933045,0.30883838763748533,3792,3821,2026-06-01 14:25:25.749622,5
6049,20,P12,no,1,0.6941157482679046,0.30883838763748533,0.3029407160345927,3792,3822,2026-06-01 14:25:25.760020,5
6050,20,P03,yes,1,-0.3000185846999557,0.3029407160345927,0.2971072549863309,3791,3822,2026-06-01 14:25:25.809661,5
4890,19,P11,no,1,0.4140575273477225,0.5893093760914265,0.5825702064623147,2794,2782,2026-06-01 14:25:25.867364,5
4891,19,P15,no,1,0.42081238797618425,0.5825702064623147,0.5758000536158003,2794,2783,2026-06-01 14:25:25.906862,5
4892,19,P09,yes,1,0.5791876120238157,0.5758000536158003,0.5825702064623147,2795,2783,2026-06-01 14:25:25.920325,5
3891,17,P22,no,1,0.9506545111553351,0.049999740399933254,0.04869667456442473,1274,1381,2026-06-01 14:25:25.956068,5
6051,20,P03,yes,1,-0.29421771979423283,0.2971072549863309,0.29133917497056444,3790,3822,2026-06-01 14:25:25.977846,5
6052,20,P17,yes,1,0.29421771979423283,0.29133917497056444,0.2971072549863309,3791,3822,2026-06-01 14:25:26.009193,5
3892,17,P17,no,1,-0.9506545111553351,0.04869667456442473,0.049999740399933254,1274,1380,2026-06-01 14:25:26.019850,5
6053,20,P17,no,7,5.05853204387995,0.2971072549863309,0.2581597095111632,3791,3829,2026-06-01 14:25:26.068637,5
6054,20,P03,yes,6,-1.4558031927103912,0.2581597095111632,0.22754561719281613,3785,3829,2026-06-01 14:25:26.070102,5
6055,20,P21,yes,1,0.2299991558866168,0.22754561719281613,0.2324649929561242,3786,3829,2026-06-01 14:25:26.093450,5
4893,19,P03,no,2,-0.8213923658258864,0.5825702064623147,0.5960151933265168,2795,2781,2026-06-01 14:25:26.126853,5
6733,21,P09,yes,2,0.4264877683317536,0.20860852732604496,0.21792873238451507,4205,4251,2026-06-01 14:25:26.127083,5
6734,21,P15,yes,13,3.2599956085068698,0.21792873238451507,0.2856375705089441,4218,4251,2026-06-01 14:25:26.133598,5
6056,20,P17,no,16,12.864461624986234,0.2324649929561242,0.16261630836153196,3786,3845,2026-06-01 14:25:26.144686,5
6735,21,P11,no,1,0.7171851495486408,0.2856375705089441,0.2800034603553825,4218,4252,2026-06-01 14:25:26.168144,5
6736,21,P11,yes,13,-3.1927546944771166,0.2800034603553825,0.2132315108375271,4205,4252,2026-06-01 14:25:26.179722,5
6057,20,P20,yes,1,0.1645194279290081,0.16261630836153196,0.16643440755425876,3787,3845,2026-06-01 14:25:26.185651,5
6058,20,P14,no,4,-3.302665841523776,0.16643440755425876,0.18242552380635632,3787,3841,2026-06-01 14:25:26.214285,5
6059,20,P01,yes,11,2.2736847886080795,0.18242552380635632,0.2324649929561242,3798,3841,2026-06-01 14:25:26.253680,5
3893,17,P17,yes,1,0.05066498746009529,0.049999740399933254,0.05133579311531625,1275,1380,2026-06-01 14:25:26.262300,5
6060,20,P24,no,5,3.8980881068041526,0.2324649929561242,0.20860852732604496,3798,3846,2026-06-01 14:25:26.303400,5
6737,21,P17,no,1,0.7890861680898524,0.2132315108375271,0.20860852732604496,4205,4253,2026-06-01 14:25:26.308257,5
6061,20,P14,no,1,-0.7890861680898524,0.20860852732604496,0.2132315108375271,3798,3845,2026-06-01 14:25:26.316339,5
6062,20,P20,yes,1,0.21557393642251554,0.2132315108375271,0.21792873238451507,3799,3845,2026-06-01 14:25:26.333106,5
4894,19,P03,yes,2,1.2053580284182317,0.5960151933265168,0.6093175418435606,2797,2781,2026-06-01 14:25:26.362884,5
6063,20,P10,yes,1,0.22030825730917059,0.21792873238451507,0.22270013882530884,3800,3845,2026-06-01 14:25:26.364096,5
4895,19,P03,yes,5,3.128351844959525,0.6093175418435606,0.6418340450887311,2802,2781,2026-06-01 14:25:26.408776,5
6064,20,P11,yes,11,2.7568725007454304,0.22270013882530884,0.2800034603553825,3811,3845,2026-06-01 14:25:26.425012,5
4896,19,P19,no,1,-0.35498159744975055,0.6418340450887311,0.6481942198637447,2802,2780,2026-06-01 14:25:26.465903,5
4897,19,P10,no,1,0.35498159744975055,0.6481942198637447,0.6418340450887311,2802,2781,2026-06-01 14:25:26.497516,5
4898,19,P23,no,1,0.3613670834829463,0.6418340450887311,0.6354235592583607,2802,2782,2026-06-01 14:25:26.535649,5
4899,19,P10,no,1,0.36780193489857993,0.6354235592583607,0.6289646649499733,2802,2783,2026-06-01 14:25:26.573874,5
3894,17,P03,no,1,0.9493350125399047,0.05133579311531625,0.049999740399933254,1275,1381,2026-06-01 14:25:26.590879,5
4900,19,P04,no,14,5.847547160144131,0.6289646649499733,0.534666513353404,2802,2797,2026-06-01 14:25:26.644154,5
4901,19,P21,yes,1,0.5381197166907441,0.534666513353404,0.5415704832167999,2803,2797,2026-06-01 14:25:26.688699,5
6065,20,P24,no,1,0.7227851163615924,0.2800034603553825,0.2744377878410785,3811,3846,2026-06-01 14:25:26.772092,5
6738,21,P03,yes,1,-0.20632796774771123,0.20860852732604496,0.20405977695922933,4204,4253,2026-06-01 14:25:26.772434,5
6066,20,P24,no,8,5.975458250447446,0.2744377878410785,0.2324649929561242,3811,3854,2026-06-01 14:25:26.795062,5
6739,21,P19,yes,1,-0.2018163107941291,0.20405977695922933,0.19958519865373256,4203,4253,2026-06-01 14:25:26.838141,5
6067,20,P21,yes,1,0.23495538395400217,0.2324649929561242,0.23745802834390253,3812,3854,2026-06-01 14:25:26.844406,5
6068,20,P04,no,1,-0.7600148741939847,0.23745802834390253,0.24252442073717165,3812,3853,2026-06-01 14:25:26.852124,5
4902,19,P15,no,1,0.4618802833092559,0.5415704832167999,0.534666513353404,2803,2798,2026-06-01 14:25:26.876915,5
4903,19,P10,no,1,-0.4618802833092559,0.534666513353404,0.5415704832167999,2803,2797,2026-06-01 14:25:26.935190,5
4904,19,P15,yes,13,7.614333123165579,0.5415704832167999,0.6289646649499733,2816,2797,2026-06-01 14:25:26.953188,5
4905,19,P11,no,1,0.3742842157312225,0.6289646649499733,0.6224593312018546,2816,2798,2026-06-01 14:25:26.967735,5
4906,19,P21,no,3,1.1621902262013464,0.6224593312018546,0.6026853379784917,2816,2801,2026-06-01 14:25:26.970289,5
6740,21,P19,no,1,0.8026212273498459,0.19958519865373256,0.19518467701384015,4203,4254,2026-06-01 14:25:27.072771,5
4907,19,P20,no,8,3.394208376005281,0.6026853379784917,0.548458527973277,2816,2809,2026-06-01 14:25:27.076552,5
4908,19,P24,yes,5,2.827830656128299,0.548458527973277,0.5825702064623147,2821,2809,2026-06-01 14:25:27.089337,5
6741,21,P24,yes,1,0.19737877265015413,0.19518467701384015,0.19958519865373256,4204,4254,2026-06-01 14:25:27.102838,5
4909,19,P19,no,1,-0.4140575273477225,0.5825702064623147,0.5893093760914265,2821,2808,2026-06-01 14:25:27.104345,5
3895,17,P09,no,1,-0.9493350125399047,0.049999740399933254,0.05133579311531625,1275,1380,2026-06-01 14:25:27.216780,5
4910,19,P03,yes,2,1.1920184952141426,0.5893093760914265,0.6026853379784917,2823,2808,2026-06-01 14:25:27.232062,5
4911,19,P20,no,1,0.4006466663072388,0.6026853379784917,0.5960151933265168,2823,2809,2026-06-01 14:25:27.238413,5
3896,17,P22,yes,1,-0.05066498746009529,0.05133579311531625,0.049999740399933254,1274,1380,2026-06-01 14:25:27.245278,5
3897,17,P19,no,1,0.9506545111553351,0.049999740399933254,0.04869667456442473,1274,1381,2026-06-01 14:25:27.245614,5
3898,17,P19,no,9,8.61011637549609,0.04869667456442473,0.03833797212535963,1274,1390,2026-06-01 14:25:27.267772,5
6069,20,P23,yes,1,0.24508804575816612,0.24252442073717165,0.2476638011390716,3813,3853,2026-06-01 14:25:27.284735,5
6070,20,P24,yes,2,0.505775481305136,0.2476638011390716,0.2581597095111632,3815,3853,2026-06-01 14:25:27.346620,5
6742,21,P19,yes,5,-0.9439948301887853,0.19958519865373256,0.17831905610769247,4199,4254,2026-06-01 14:25:27.355880,5
4008,18,P24,yes,1,0.03585921247031365,0.03538109202197851,0.03634146014678239,1530,1648,2026-06-01 14:25:27.393629,5
4912,19,P01,no,1,0.4073348384786186,0.5960151933265168,0.5893093760914265,2823,2810,2026-06-01 14:25:27.427464,5
6071,20,P24,no,11,8.465956102232667,0.2581597095111632,0.20405977695922933,3815,3864,2026-06-01 14:25:27.512203,5
4913,19,P17,no,1,0.4140575273477225,0.5893093760914265,0.5825702064623147,2823,2811,2026-06-01 14:25:27.523888,5
6072,20,P20,yes,1,0.20632796774771123,0.20405977695922933,0.20860852732604496,3816,3864,2026-06-01 14:25:27.540082,5
6073,20,P03,no,1,0.7936720322522888,0.20860852732604496,0.20405977695922933,3816,3865,2026-06-01 14:25:27.561360,5
6074,20,P03,no,1,0.7981836892058709,0.20405977695922933,0.19958519865373256,3816,3866,2026-06-01 14:25:27.593883,5
6075,20,P12,yes,7,1.5100561717376877,0.19958519865373256,0.2324649929561242,3823,3866,2026-06-01 14:25:27.594339,5
4914,19,P19,yes,1,0.5859424726522775,0.5825702064623147,0.5893093760914265,2824,2811,2026-06-01 14:25:27.628141,5
6076,20,P04,no,2,-1.5250594902395278,0.2324649929561242,0.24252442073717165,3823,3864,2026-06-01 14:25:27.693146,5
6077,20,P03,yes,1,-0.23998512580601528,0.24252442073717165,0.23745802834390253,3822,3864,2026-06-01 14:25:27.710701,5
6743,21,P19,yes,5,-0.8422241941698303,0.17831905610769247,0.15886910488091516,4194,4254,2026-06-01 14:25:27.733025,5
6078,20,P24,no,4,3.089620491181904,0.23745802834390253,0.21792873238451507,3822,3868,2026-06-01 14:25:27.765066,5
6079,20,P10,yes,1,0.22030825730962533,0.21792873238451507,0.22270013882530884,3823,3868,2026-06-01 14:25:27.776029,5
6080,20,P11,yes,5,1.175144423072652,0.22270013882530884,0.2476638011390716,3828,3868,2026-06-01 14:25:27.789904,5
6081,20,P15,yes,12,3.3649597862749943,0.2476638011390716,0.3147990233346844,3840,3868,2026-06-01 14:25:27.796711,5
6082,20,P23,no,1,0.6881864875831525,0.3147990233346844,0.30883838763748533,3840,3869,2026-06-01 14:25:27.816214,5
4915,19,P17,no,1,0.4140575273477225,0.5893093760914265,0.5825702064623147,2824,2812,2026-06-01 14:25:27.864870,5
6744,21,P17,yes,1,-0.15702483732184191,0.15886910488091516,0.15519224623709701,4193,4254,2026-06-01 14:25:27.913833,5
4916,19,P03,yes,16,10.15855044896216,0.5825702064623147,0.6852009766653157,2840,2812,2026-06-01 14:25:27.925984,5
6083,20,P10,no,1,0.6941157482674498,0.30883838763748533,0.3029407160345927,3840,3870,2026-06-01 14:25:27.928533,5
4917,19,P13,no,1,0.31780508235578964,0.6852009766653157,0.679178699175393,2840,2813,2026-06-01 14:25:27.930252,5
4918,19,P20,no,1,0.32385760144825326,0.679178699175393,0.6730961777222321,2840,2814,2026-06-01 14:25:27.940957,5
4919,19,P11,no,1,0.32996963429877724,0.6730961777222321,0.6669548851735586,2840,2815,2026-06-01 14:25:27.950294,5
6084,20,P24,yes,5,1.5893300822522178,0.3029407160345927,0.3330451148264414,3845,3870,2026-06-01 14:25:27.972851,5
4920,19,P09,no,2,0.6785057976426287,0.6669548851735586,0.6545022492518787,2840,2817,2026-06-01 14:25:27.985518,5
4921,19,P15,yes,6,-3.812105898514801,0.6545022492518787,0.6159095915435134,2834,2817,2026-06-01 14:25:27.986092,5
6085,20,P14,no,4,2.7165541694803323,0.3330451148264414,0.30883838763748533,3845,3874,2026-06-01 14:25:27.991932,5
6086,20,P03,no,1,0.6941157482669951,0.30883838763748533,0.3029407160345927,3845,3875,2026-06-01 14:25:28.001207,5
4922,19,P03,yes,4,2.5157348413590626,0.6159095915435134,0.6418340450887311,2838,2817,2026-06-01 14:25:28.030316,5
6087,20,P02,no,9,6.503001718893302,0.3029407160345927,0.25287573272933045,3845,3884,2026-06-01 14:25:28.049379,5
6088,20,P15,yes,10,2.8028825328392486,0.25287573272933045,0.30883838763748533,3855,3884,2026-06-01 14:25:28.097383,5
6745,21,P11,yes,9,1.5528498774683612,0.15519224623709701,0.19085804424486547,4202,4254,2026-06-01 14:25:28.113546,5
4923,19,P01,no,9,3.48768249244813,0.6418340450887311,0.5825702064623147,2838,2826,2026-06-01 14:25:28.186374,5
6089,20,P15,no,1,0.6941157482679046,0.30883838763748533,0.3029407160345927,3855,3885,2026-06-01 14:25:28.275721,5
6090,20,P01,no,1,0.6999814153000443,0.3029407160345927,0.2971072549863309,3855,3886,2026-06-01 14:25:28.289586,5
4924,19,P15,no,1,0.42081238797618425,0.5825702064623147,0.5758000536158003,2838,2827,2026-06-01 14:25:28.317693,5
6091,20,P17,yes,1,0.30001858469950093,0.2971072549863309,0.3029407160345927,3856,3886,2026-06-01 14:25:28.319313,5
6092,20,P17,yes,1,0.3058842517325502,0.3029407160345927,0.30883838763748533,3857,3886,2026-06-01 14:25:28.350773,5
4925,19,P19,no,15,-5.6205992552099815,0.5758000536158003,0.6730961777222321,2838,2812,2026-06-01 14:25:28.375464,5
4926,19,P23,no,10,3.5837525298261426,0.6730961777222321,0.6093175418435606,2838,2822,2026-06-01 14:25:28.404845,5
6093,20,P17,yes,6,1.9619516281627511,0.30883838763748533,0.3454977507481214,3863,3886,2026-06-01 14:25:28.410941,5
3899,17,P24,yes,1,0.03885443354170093,0.03833797212535963,0.039375324260408275,1275,1390,2026-06-01 14:25:28.420383,5
6094,20,P03,yes,4,-1.3323330333896592,0.3454977507481214,0.32082130082460697,3859,3886,2026-06-01 14:25:28.444683,5
4927,19,P17,no,1,0.39399530527452953,0.6093175418435606,0.6026853379784917,2838,2823,2026-06-01 14:25:28.448221,5
4928,19,P04,yes,1,-0.5993533336927612,0.6026853379784917,0.5960151933265168,2837,2823,2026-06-01 14:25:28.480474,5
4929,19,P09,no,1,-0.4006466663076935,0.5960151933265168,0.6026853379784917,2837,2822,2026-06-01 14:25:28.491330,5
6095,20,P14,no,4,2.764478568794857,0.32082130082460697,0.2971072549863309,3859,3890,2026-06-01 14:25:28.519641,5
4930,19,P17,no,5,-1.9042763768311488,0.6026853379784917,0.6354235592583607,2837,2817,2026-06-01 14:25:28.537571,5
6746,21,P19,yes,2,-0.37323463265784085,0.19085804424486547,0.18242552380635632,4200,4254,2026-06-01 14:25:28.545210,5
3900,17,P24,yes,3,0.12297721811046358,0.039375324260408275,0.042651252130942854,1278,1390,2026-06-01 14:25:28.581376,5
6096,20,P24,yes,11,3.632850490922465,0.2971072549863309,0.36457644074163925,3870,3890,2026-06-01 14:25:28.629236,5
4931,19,P19,yes,1,0.6386329165165989,0.6354235592583607,0.6418340450887311,2838,2817,2026-06-01 14:25:28.629680,5
6747,21,P15,yes,11,2.2736847886080795,0.18242552380635632,0.2324649929561242,4211,4254,2026-06-01 14:25:28.655769,5
4932,19,P21,no,1,0.3613670834829463,0.6418340450887311,0.6354235592583607,2838,2818,2026-06-01 14:25:28.662579,5
6097,20,P23,no,1,0.6386329165165989,0.36457644074163925,0.358165954911269,3870,3891,2026-06-01 14:25:28.681239,5
6098,20,P10,no,14,9.585786349170121,0.358165954911269,0.2744377878410785,3870,3905,2026-06-01 14:25:28.719301,5
3901,17,P03,no,1,0.9579110850056622,0.042651252130942854,0.04153132619455174,1278,1391,2026-06-01 14:25:28.734931,5
6099,20,P09,yes,1,-0.27168379488421124,0.2744377878410785,0.2689414213699951,3869,3905,2026-06-01 14:25:28.749869,5
6748,21,P04,no,1,0.7700008441133832,0.2324649929561242,0.22754561719281613,4211,4255,2026-06-01 14:25:28.753974,5
6749,21,P20,no,1,0.7748832883326031,0.22754561719281613,0.22270013882530884,4211,4256,2026-06-01 14:25:28.786679,5
4933,19,P11,no,1,0.36780193489857993,0.6354235592583607,0.6289646649499733,2838,2819,2026-06-01 14:25:28.793055,5
4934,19,P15,no,8,3.1793258620427878,0.6289646649499733,0.5758000536158003,2838,2827,2026-06-01 14:25:28.796491,5
6750,21,P23,yes,9,-1.8185689210540659,0.22270013882530884,0.18242552380635632,4202,4256,2026-06-01 14:25:28.835224,5
4935,19,P03,yes,1,0.5791876120238157,0.5758000536158003,0.5825702064623147,2839,2827,2026-06-01 14:25:28.842295,5
4936,19,P19,no,2,-0.8213923658258864,0.5825702064623147,0.5960151933265168,2839,2825,2026-06-01 14:25:28.844215,5
6751,21,P09,yes,1,0.18450919831866486,0.18242552380635632,0.18660508209316082,4203,4256,2026-06-01 14:25:28.866094,5
6752,21,P17,yes,1,-0.18450919831866486,0.18660508209316082,0.18242552380635632,4202,4256,2026-06-01 14:25:28.882410,5
6100,20,P03,yes,9,-2.2079738222228116,0.2689414213699951,0.22270013882530884,3860,3905,2026-06-01 14:25:28.974390,5
6101,20,P14,yes,4,0.9300563773140311,0.22270013882530884,0.24252442073717165,3864,3905,2026-06-01 14:25:28.983184,5
4937,19,P03,yes,10,6.287714803681865,0.5960151933265168,0.6607563687658172,2849,2825,2026-06-01 14:25:29.003832,5
6102,20,P10,no,11,-8.007649932116237,0.24252442073717165,0.3029407160345927,3864,3894,2026-06-01 14:25:29.015453,5
6103,20,P24,yes,1,-0.3000185846999557,0.3029407160345927,0.2971072549863309,3863,3894,2026-06-01 14:25:29.020631,5
6104,20,P17,no,1,0.7057822802057672,0.2971072549863309,0.29133917497056444,3863,3895,2026-06-01 14:25:29.026772,5
4938,19,P13,no,13,4.954489950120205,0.6607563687658172,0.5758000536158003,2849,2838,2026-06-01 14:25:29.049434,5
4939,19,P03,yes,2,1.1651300846760932,0.5758000536158003,0.5893093760914265,2851,2838,2026-06-01 14:25:29.050278,5
6105,20,P24,no,1,0.7115172104936391,0.29133917497056444,0.2856375705089441,3863,3896,2026-06-01 14:25:29.051726,5
6106,20,P09,no,12,8.9603126488023,0.2856375705089441,0.22270013882530884,3863,3908,2026-06-01 14:25:29.081605,5
6107,20,P21,no,4,-3.0699436226850594,0.22270013882530884,0.24252442073717165,3863,3904,2026-06-01 14:25:29.085077,5
6108,20,P09,yes,5,-1.150364634624566,0.24252442073717165,0.21792873238451507,3858,3904,2026-06-01 14:25:29.112765,5
4940,19,P15,no,7,3.0412109301159944,0.5893093760914265,0.5415704832167999,2851,2845,2026-06-01 14:25:29.145496,5
4941,19,P13,yes,1,0.5450159411034292,0.5415704832167999,0.548458527973277,2852,2845,2026-06-01 14:25:29.188648,5
6109,20,P03,no,3,2.3671842639200804,0.21792873238451507,0.20405977695922933,3858,3907,2026-06-01 14:25:29.203253,5
6110,20,P11,yes,1,0.20632796774771123,0.20405977695922933,0.20860852732604496,3859,3907,2026-06-01 14:25:29.242580,5
6111,20,P08,yes,4,0.8719127373092306,0.20860852732604496,0.22754561719281613,3863,3907,2026-06-01 14:25:29.243190,5
4942,19,P13,yes,1,0.5518949420411445,0.548458527973277,0.555328055262369,2853,2845,2026-06-01 14:25:29.266160,5
6112,20,P14,yes,1,0.2299991558866168,0.22754561719281613,0.2324649929561242,3864,3907,2026-06-01 14:25:29.279752,5
6753,21,P09,yes,15,3.2439770851451613,0.18242552380635632,0.25287573272933045,4217,4256,2026-06-01 14:25:29.282608,5
6113,20,P10,yes,6,1.4866355392759942,0.2324649929561242,0.26351515505832507,3870,3907,2026-06-01 14:25:29.282986,5
6754,21,P03,yes,1,-0.25026374101889814,0.25287573272933045,0.2476638011390716,4216,4256,2026-06-01 14:25:29.309671,5
6755,21,P21,no,1,0.7549119542418339,0.2476638011390716,0.24252442073717165,4216,4257,2026-06-01 14:25:29.318044,5
4943,19,P19,yes,1,0.5587541409067853,0.555328055262369,0.5621765008857981,2854,2845,2026-06-01 14:25:29.320869,5
6114,20,P09,no,6,4.513364460724006,0.26351515505832507,0.2324649929561242,3870,3913,2026-06-01 14:25:29.333278,5
6756,21,P11,no,1,0.7600148741939847,0.24252442073717165,0.23745802834390253,4216,4258,2026-06-01 14:25:29.344903,5
3902,17,P22,no,1,0.9590168745444316,0.04153132619455174,0.04043956481800324,1278,1392,2026-06-01 14:25:29.385266,5
6757,21,P14,yes,1,-0.23495538395491167,0.23745802834390253,0.2324649929561242,4215,4258,2026-06-01 14:25:29.386778,5
6758,21,P02,yes,1,-0.2299991558866168,0.2324649929561242,0.22754561719281613,4214,4258,2026-06-01 14:25:29.403573,5
4944,19,P17,yes,1,0.5655909891556803,0.5621765008857981,0.5690013325681905,2855,2845,2026-06-01 14:25:29.416088,5
4945,19,P03,yes,1,0.572402972000873,0.5690013325681905,0.5758000536158003,2856,2845,2026-06-01 14:25:29.448387,5
6115,20,P09,no,6,4.691760139056441,0.2324649929561242,0.20405977695922933,3870,3919,2026-06-01 14:25:29.472641,5
6116,20,P11,yes,1,0.20632796774816597,0.20405977695922933,0.20860852732604496,3871,3919,2026-06-01 14:25:29.474433,5
6759,21,P19,no,2,1.5545750310229778,0.22754561719281613,0.21792873238451507,4214,4260,2026-06-01 14:25:29.520769,5
4946,19,P19,yes,1,0.5791876120238157,0.5758000536158003,0.5825702064623147,2857,2845,2026-06-01 14:25:29.529512,5
4947,19,P19,yes,5,2.9965826661928077,0.5825702064623147,0.6159095915435134,2862,2845,2026-06-01 14:25:29.535327,5
6117,20,P02,no,1,-0.7890861680903072,0.20860852732604496,0.2132315108375271,3871,3918,2026-06-01 14:25:29.555199,5
6118,20,P23,yes,1,0.2155739364220608,0.2132315108375271,0.21792873238451507,3872,3918,2026-06-01 14:25:29.625422,5
6119,20,P04,yes,12,2.977180758054601,0.21792873238451507,0.2800034603553825,3884,3918,2026-06-01 14:25:29.653929,5
6120,20,P24,yes,1,0.28281485045226873,0.2800034603553825,0.2856375705089441,3885,3918,2026-06-01 14:25:29.680787,5
6121,20,P24,yes,7,2.1420795419544447,0.2856375705089441,0.32690382227776793,3892,3918,2026-06-01 14:25:29.724009,5
4948,19,P03,no,11,-3.838032217230648,0.6159095915435134,0.6852009766653157,2862,2834,2026-06-01 14:25:29.776095,5
4949,19,P23,no,1,0.31780508235578964,0.6852009766653157,0.679178699175393,2862,2835,2026-06-01 14:25:29.793438,5
4950,19,P01,no,15,5.523644468682505,0.679178699175393,0.5825702064623147,2862,2850,2026-06-01 14:25:29.849491,5
6122,20,P03,no,2,1.358337316195957,0.32690382227776793,0.3147990233346844,3892,3920,2026-06-01 14:25:29.853242,5
6123,20,P24,yes,1,0.31780508235578964,0.3147990233346844,0.32082130082460697,3893,3920,2026-06-01 14:25:29.911366,5
6124,20,P10,no,1,0.6821949176442104,0.32082130082460697,0.3147990233346844,3893,3921,2026-06-01 14:25:29.933315,5
6125,20,P17,no,1,0.6881864875826977,0.3147990233346844,0.30883838763748533,3893,3922,2026-06-01 14:25:29.982881,5
4951,19,P15,no,1,0.4208123879757295,0.5825702064623147,0.5758000536158003,2862,2851,2026-06-01 14:25:29.984296,5
6126,20,P11,no,1,0.6941157482679046,0.30883838763748533,0.3029407160345927,3893,3923,2026-06-01 14:25:30.012731,5
6127,20,P11,yes,1,-0.3000185846999557,0.3029407160345927,0.2971072549863309,3892,3923,2026-06-01 14:25:30.059859,5
6760,21,P17,yes,17,-3.081069255352304,0.21792873238451507,0.1480471980316895,4197,4260,2026-06-01 14:25:30.063132,5
6761,21,P08,no,1,-0.8501895624294775,0.1480471980316895,0.1515851487892869,4197,4259,2026-06-01 14:25:30.107367,5
6762,21,P19,yes,1,-0.14981043757052248,0.1515851487892869,0.1480471980316895,4196,4259,2026-06-01 14:25:30.167209,5
4952,19,P03,yes,1,0.5791876120238157,0.5758000536158003,0.5825702064623147,2863,2851,2026-06-01 14:25:30.198300,5
6763,21,P14,yes,6,0.9538476246834762,0.1480471980316895,0.17032391864384583,4202,4259,2026-06-01 14:25:30.220289,5
6764,21,P24,yes,5,0.9021955995831377,0.17032391864384583,0.19085804424486547,4207,4259,2026-06-01 14:25:30.253104,5
6128,20,P20,yes,4,-1.1427302433908153,0.2971072549863309,0.2744377878410785,3888,3923,2026-06-01 14:25:30.267538,5
4953,19,P03,yes,4,2.3839656625923453,0.5825702064623147,0.6093175418435606,2867,2851,2026-06-01 14:25:30.374241,5
6129,20,P15,no,1,0.728316205115334,0.2744377878410785,0.2689414213699951,3888,3924,2026-06-01 14:25:30.390210,5
6130,20,P24,yes,13,3.9822685028702836,0.2689414213699951,0.3454977507481214,3901,3924,2026-06-01 14:25:30.431901,5
4954,19,P03,yes,1,0.6126170036004623,0.6093175418435606,0.6159095915435134,2868,2851,2026-06-01 14:25:30.442770,5
6131,20,P11,yes,12,-3.7105847079860723,0.3454977507481214,0.2744377878410785,3889,3924,2026-06-01 14:25:30.488595,5
6765,21,P24,yes,1,0.19301521156194212,0.19085804424486547,0.19518467701384015,4208,4259,2026-06-01 14:25:30.520776,5
4955,19,P03,no,1,-0.38081192452773394,0.6159095915435134,0.6224593312018546,2868,2850,2026-06-01 14:25:30.532617,5
6766,21,P15,no,1,-0.8026212273498459,0.19518467701384015,0.19958519865373256,4208,4258,2026-06-01 14:25:30.604973,5
4956,19,P03,yes,1,0.6257157842683227,0.6224593312018546,0.6289646649499733,2869,2850,2026-06-01 14:25:30.628098,5
4957,19,P14,no,2,0.7550961402594112,0.6289646649499733,0.6159095915435134,2869,2852,2026-06-01 14:25:30.646644,5
4958,19,P17,yes,1,-0.6126170036000076,0.6159095915435134,0.6093175418435606,2868,2852,2026-06-01 14:25:30.694025,5
6132,20,P17,yes,1,0.2772148836384076,0.2744377878410785,0.2800034603553825,3890,3924,2026-06-01 14:25:30.746415,5
6133,20,P17,yes,1,0.282814850451814,0.2800034603553825,0.2856375705089441,3891,3924,2026-06-01 14:25:30.801037,5
4959,19,P09,yes,2,-1.2053580284186864,0.6093175418435606,0.5960151933265168,2866,2852,2026-06-01 14:25:30.805663,5
6767,21,P17,no,2,1.6096060157879037,0.19958519865373256,0.19085804424486547,4208,4260,2026-06-01 14:25:30.877001,5
6134,20,P20,no,1,0.7171851495477313,0.2856375705089441,0.2800034603553825,3891,3925,2026-06-01 14:25:30.888248,5
6135,20,P24,yes,9,2.7548640267054907,0.2800034603553825,0.3330451148264414,3900,3925,2026-06-01 14:25:30.906136,5
6136,20,P20,no,1,0.6700303657012228,0.3330451148264414,0.32690382227776793,3900,3926,2026-06-01 14:25:30.950987,5
6137,20,P01,yes,10,-2.9737930709288776,0.32690382227776793,0.2689414213699951,3890,3926,2026-06-01 14:25:30.956687,5
6768,21,P19,yes,1,-0.18872543434008549,0.19085804424486547,0.18660508209316082,4207,4260,2026-06-01 14:25:30.979264,5
6769,21,P17,no,1,0.8154908016822446,0.18660508209316082,0.18242552380635632,4207,4261,2026-06-01 14:25:31.109365,5
4960,19,P09,no,2,0.8213923658258864,0.5960151933265168,0.5825702064623147,2866,2854,2026-06-01 14:25:31.134011,5
6770,21,P17,no,1,0.8196337866811518,0.18242552380635632,0.17831905610769247,4207,4262,2026-06-01 14:25:31.141296,5
4961,19,P15,no,13,6.005769921935098,0.5825702064623147,0.49305600205173933,2866,2867,2026-06-01 14:25:31.151809,5
4962,19,P23,yes,1,0.4965278894042058,0.49305600205173933,0.5,2867,2867,2026-06-01 14:25:31.152182,5
6771,21,P15,yes,1,0.18036621331793867,0.17831905610769247,0.18242552380635632,4208,4262,2026-06-01 14:25:31.170387,5
4009,18,P24,yes,6,0.23649397874328315,0.03634146014678239,0.042651252130942854,1536,1648,2026-06-01 14:25:31.172306,5
4963,19,P10,no,1,-0.4965278894042058,0.5,0.5069439979482607,2867,2866,2026-06-01 14:25:31.173574,5
4964,19,P16,yes,1,0.5104149925382444,0.5069439979482607,0.5138853177460049,2868,2866,2026-06-01 14:25:31.187944,5
4965,19,P18,yes,7,3.7666335123467434,0.5138853177460049,0.5621765008857981,2875,2866,2026-06-01 14:25:31.199269,5
6138,20,P03,yes,6,-1.517902570714341,0.2689414213699951,0.23745802834390253,3884,3926,2026-06-01 14:25:31.269795,5
6139,20,P21,yes,7,1.7895863655985522,0.23745802834390253,0.2744377878410785,3891,3926,2026-06-01 14:25:31.308419,5
6140,20,P17,yes,1,0.2772148836384076,0.2744377878410785,0.2800034603553825,3892,3926,2026-06-01 14:25:31.369084,5
6772,21,P19,yes,4,-0.6973341584762238,0.18242552380635632,0.16643440755425876,4204,4262,2026-06-01 14:25:31.447388,5
6773,21,P19,no,2,1.6747437509875454,0.16643440755425876,0.15886910488091516,4204,4264,2026-06-01 14:25:31.467235,5
4010,18,P05,no,13,12.531574636402866,0.042651252130942854,0.030113010965194673,1536,1661,2026-06-01 14:25:31.468098,5
4966,19,P24,no,1,0.44124585909275993,0.5621765008857981,0.555328055262369,2875,2867,2026-06-01 14:25:31.499382,5
4967,19,P24,yes,1,0.5587541409072401,0.555328055262369,0.5621765008857981,2876,2867,2026-06-01 14:25:31.548219,5
6141,20,P09,no,15,11.390003505865025,0.2800034603553825,0.20405977695922933,3892,3941,2026-06-01 14:25:31.571986,5
6142,20,P20,no,7,-5.4568047551019845,0.20405977695922933,0.23745802834390253,3892,3934,2026-06-01 14:25:31.637243,5
4968,19,P17,yes,1,0.5655909891552255,0.5621765008857981,0.5690013325681905,2877,2867,2026-06-01 14:25:31.644091,5
6143,20,P21,no,1,-0.76001487419353,0.23745802834390253,0.24252442073717165,3892,3933,2026-06-01 14:25:31.688865,5
4969,19,P03,no,1,-0.427597027999127,0.5690013325681905,0.5758000536158003,2877,2866,2026-06-01 14:25:31.705487,5
4970,19,P15,no,2,0.8620060388439015,0.5758000536158003,0.5621765008857981,2877,2868,2026-06-01 14:25:31.735283,5
6774,21,P19,yes,1,-0.15702483732184191,0.15886910488091516,0.15519224623709701,4203,4264,2026-06-01 14:25:31.769675,5
6775,21,P11,yes,1,0.15702483732184191,0.15519224623709701,0.15886910488091516,4204,4264,2026-06-01 14:25:31.791971,5
4971,19,P17,yes,1,-0.5587541409072401,0.5621765008857981,0.555328055262369,2876,2868,2026-06-01 14:25:31.804972,5
6776,21,P15,yes,6,1.0225904074886785,0.15886910488091516,0.18242552380635632,4210,4264,2026-06-01 14:25:31.872134,5
4972,19,P19,yes,3,1.6967481020633386,0.555328055262369,0.5758000536158003,2879,2868,2026-06-01 14:25:31.880612,5
6144,20,P17,yes,16,4.581680150135526,0.24252442073717165,0.3330451148264414,3908,3933,2026-06-01 14:25:31.955288,5
6145,20,P23,yes,6,-1.8893486669521735,0.3330451148264414,0.2971072549863309,3902,3933,2026-06-01 14:25:31.969078,5
4973,19,P19,no,1,-0.42081238797618425,0.5758000536158003,0.5825702064623147,2879,2867,2026-06-01 14:25:31.988507,5
6146,20,P20,no,4,2.85726975660873,0.2971072549863309,0.2744377878410785,3902,3937,2026-06-01 14:25:31.992827,5
6777,21,P19,yes,5,-0.8618535864052319,0.18242552380635632,0.16261630836153196,4205,4264,2026-06-01 14:25:32.014121,5
6778,21,P03,no,1,0.8392631789174629,0.16261630836153196,0.15886910488091516,4205,4265,2026-06-01 14:25:32.081375,5
6147,20,P17,yes,12,-2.915539810838709,0.2744377878410785,0.2132315108375271,3890,3937,2026-06-01 14:25:32.189144,5
6779,21,P10,yes,1,0.16073682108253706,0.15886910488091516,0.16261630836153196,4206,4265,2026-06-01 14:25:32.192381,5
4974,19,P15,no,1,0.42081238797618425,0.5825702064623147,0.5758000536158003,2879,2868,2026-06-01 14:25:32.238580,5
6148,20,P12,yes,2,0.4358821937321409,0.2132315108375271,0.22270013882530884,3892,3937,2026-06-01 14:25:32.255269,5
6149,20,P24,yes,2,0.4551158675540137,0.22270013882530884,0.2324649929561242,3894,3937,2026-06-01 14:25:32.307626,5
6150,20,P10,yes,11,2.8730542731495916,0.2324649929561242,0.29133917497056444,3905,3937,2026-06-01 14:25:32.325106,5
6151,20,P03,no,1,0.7115172104931844,0.29133917497056444,0.2856375705089441,3905,3938,2026-06-01 14:25:32.366181,5
6780,21,P17,yes,1,-0.16073682108253706,0.16261630836153196,0.15886910488091516,4205,4265,2026-06-01 14:25:32.409650,5
6152,20,P03,no,1,0.717185149548186,0.2856375705089441,0.2800034603553825,3905,3939,2026-06-01 14:25:32.565553,5
6153,20,P17,yes,4,-1.0759525963671877,0.2800034603553825,0.2581597095111632,3901,3939,2026-06-01 14:25:32.597528,5
4975,19,P17,yes,1,0.5791876120242705,0.5758000536158003,0.5825702064623147,2880,2868,2026-06-01 14:25:32.603963,5
4976,19,P24,yes,6,3.615770741664619,0.5825702064623147,0.6224593312018546,2886,2868,2026-06-01 14:25:32.694465,5
4977,19,P02,no,1,0.38081192452773394,0.6224593312018546,0.6159095915435134,2886,2869,2026-06-01 14:25:32.761280,5
6781,21,P10,no,1,-0.8392631789174629,0.15886910488091516,0.16261630836153196,4205,4264,2026-06-01 14:25:32.821068,5
6782,21,P09,yes,2,0.3328926194808446,0.16261630836153196,0.17032391864384583,4207,4264,2026-06-01 14:25:32.893560,5
4978,19,P17,no,4,1.5893598064594698,0.6159095915435134,0.5893093760914265,2886,2873,2026-06-01 14:25:32.932596,5
6154,20,P24,no,9,6.883197901890526,0.2581597095111632,0.2132315108375271,3901,3948,2026-06-01 14:25:33.115928,5
6783,21,P03,yes,11,-1.6516981508802928,0.17032391864384583,0.13137120953080678,4196,4264,2026-06-01 14:25:33.129665,5
6155,20,P23,yes,3,0.660998905399083,0.2132315108375271,0.22754561719281613,3904,3948,2026-06-01 14:25:33.142701,5
6784,21,P10,yes,11,1.6516981508802928,0.13137120953080678,0.17032391864384583,4207,4264,2026-06-01 14:25:33.150493,5
6156,20,P21,no,1,-0.770000844113838,0.22754561719281613,0.2324649929561242,3904,3947,2026-06-01 14:25:33.252141,5
6157,20,P13,yes,4,0.9702922965370817,0.2324649929561242,0.25287573272933045,3908,3947,2026-06-01 14:25:33.304800,5
6158,20,P03,yes,1,-0.2502637410184434,0.25287573272933045,0.2476638011390716,3907,3947,2026-06-01 14:25:33.311139,5
4979,19,P09,yes,1,0.5926651615218361,0.5893093760914265,0.5960151933265168,2887,2873,2026-06-01 14:25:33.377381,5
6785,21,P09,yes,6,1.0952108111450798,0.17032391864384583,0.19518467701384015,4213,4264,2026-06-01 14:25:33.437180,5
4011,18,P09,yes,1,0.03052220421432139,0.030113010965194673,0.03093497049195357,1537,1661,2026-06-01 14:25:33.474337,5
6786,21,P03,no,1,0.8069847884380579,0.19518467701384015,0.19085804424486547,4213,4265,2026-06-01 14:25:33.527069,5
6787,21,P03,no,1,0.8112745656599145,0.19085804424486547,0.18660508209316082,4213,4266,2026-06-01 14:25:33.542620,5
4980,19,P03,no,1,-0.4006466663076935,0.5960151933265168,0.6026853379784917,2887,2872,2026-06-01 14:25:33.586703,5
6159,20,P15,yes,14,-2.993713344126718,0.2476638011390716,0.18242552380635632,3893,3947,2026-06-01 14:25:33.604375,5
4981,19,P17,no,1,0.4006466663076935,0.6026853379784917,0.5960151933265168,2887,2873,2026-06-01 14:25:33.609960,5
6160,20,P08,yes,14,2.993713344126718,0.18242552380635632,0.2476638011390716,3907,3947,2026-06-01 14:25:33.618863,5
6788,21,P17,no,1,0.8154908016813351,0.18660508209316082,0.18242552380635632,4213,4267,2026-06-01 14:25:33.748392,5
6789,21,P03,yes,1,-0.18036621331793867,0.18242552380635632,0.17831905610769247,4212,4267,2026-06-01 14:25:33.842092,5
4982,19,P19,yes,1,0.5993533336923065,0.5960151933265168,0.6026853379784917,2888,2873,2026-06-01 14:25:33.979269,5
6161,20,P15,yes,1,-0.24508804575771137,0.2476638011390716,0.24252442073717165,3906,3947,2026-06-01 14:25:33.980874,5
6162,20,P15,no,7,5.423147597043226,0.24252442073717165,0.20860852732604496,3906,3954,2026-06-01 14:25:34.078616,5
6790,21,P03,yes,9,-1.4487491714817224,0.17831905610769247,0.14457775046587726,4203,4267,2026-06-01 14:25:34.082913,5
4983,19,P24,yes,1,0.6060046947259252,0.6026853379784917,0.6093175418435606,2889,2873,2026-06-01 14:25:34.097264,5
6163,20,P17,yes,1,0.21091383191014756,0.20860852732604496,0.2132315108375271,3907,3954,2026-06-01 14:25:34.107124,5
6164,20,P14,yes,1,0.2155739364220608,0.2132315108375271,0.21792873238451507,3908,3954,2026-06-01 14:25:34.179159,5
6165,20,P20,yes,1,0.22030825730962533,0.21792873238451507,0.22270013882530884,3909,3954,2026-06-01 14:25:34.196649,5
6791,21,P12,no,13,-10.804634770979646,0.14457775046587726,0.19518467701384015,4203,4254,2026-06-01 14:25:34.275345,5
6792,21,P24,no,1,-0.8026212273498459,0.19518467701384015,0.19958519865373256,4203,4253,2026-06-01 14:25:34.280421,5
6793,21,P03,no,1,0.8026212273498459,0.19958519865373256,0.19518467701384015,4203,4254,2026-06-01 14:25:34.344172,5
6166,20,P15,no,12,9.652470112021547,0.22270013882530884,0.17032391864384583,3909,3966,2026-06-01 14:25:34.385311,5
6794,21,P03,yes,9,-1.5888402517084614,0.19518467701384015,0.15886910488091516,4194,4254,2026-06-01 14:25:34.403602,5
4984,19,P17,yes,1,0.6126170036004623,0.6093175418435606,0.6159095915435134,2890,2873,2026-06-01 14:25:34.420809,5
6795,21,P24,yes,1,0.16073682108253706,0.15886910488091516,0.16261630836153196,4195,4254,2026-06-01 14:25:34.427439,5
4985,19,P09,no,4,-1.4842651586409374,0.6159095915435134,0.6418340450887311,2890,2869,2026-06-01 14:25:34.435554,5
6167,20,P21,yes,7,1.2925895837947792,0.17032391864384583,0.19958519865373256,3916,3966,2026-06-01 14:25:34.479304,5
4986,19,P12,no,1,0.3613670834834011,0.6418340450887311,0.6354235592583607,2890,2870,2026-06-01 14:25:34.485211,5
4987,19,P02,no,11,4.40913383578436,0.6354235592583607,0.5621765008857981,2890,2881,2026-06-01 14:25:34.510355,5
4988,19,P15,no,1,-0.43440901084477446,0.5621765008857981,0.5690013325681905,2890,2880,2026-06-01 14:25:34.512529,5
6168,20,P20,yes,4,0.8346320468745034,0.19958519865373256,0.21792873238451507,3920,3966,2026-06-01 14:25:34.532115,5
6796,21,P19,no,1,0.8392631789165534,0.16261630836153196,0.15886910488091516,4195,4255,2026-06-01 14:25:34.548745,5
4989,19,P17,yes,1,0.5724029720013277,0.5690013325681905,0.5758000536158003,2891,2880,2026-06-01 14:25:34.580145,5
6169,20,P11,yes,1,0.22030825730962533,0.21792873238451507,0.22270013882530884,3921,3966,2026-06-01 14:25:34.688559,5
4012,18,P09,yes,1,0.03135497029734324,0.03093497049195357,0.03177863095923023,1538,1661,2026-06-01 14:25:34.690216,5
4990,19,P19,no,1,-0.4208123879757295,0.5758000536158003,0.5825702064623147,2891,2879,2026-06-01 14:25:34.751000,5
6797,21,P03,no,1,0.8429751626790676,0.15886910488091516,0.15519224623709701,4195,4256,2026-06-01 14:25:34.813265,5
4991,19,P15,no,6,2.627153402768272,0.5825702064623147,0.5415704832167999,2891,2885,2026-06-01 14:25:34.868497,5
4992,19,P23,yes,1,0.5450159411029745,0.5415704832167999,0.548458527973277,2892,2885,2026-06-01 14:25:34.892193,5
4993,19,P14,yes,1,0.5518949420411445,0.548458527973277,0.555328055262369,2893,2885,2026-06-01 14:25:34.898766,5
6170,20,P03,yes,1,-0.22030825730962533,0.22270013882530884,0.21792873238451507,3920,3966,2026-06-01 14:25:35.010397,5
6171,20,P11,yes,7,1.645716421400266,0.21792873238451507,0.25287573272933045,3927,3966,2026-06-01 14:25:35.027984,5
4994,19,P19,no,1,-0.44124585909275993,0.555328055262369,0.5621765008857981,2893,2884,2026-06-01 14:25:35.032460,5
6172,20,P17,yes,9,-2.0722041897324743,0.25287573272933045,0.20860852732604496,3918,3966,2026-06-01 14:25:35.168010,5
6173,20,P01,yes,5,1.1019118931958474,0.20860852732604496,0.2324649929561242,3923,3966,2026-06-01 14:25:35.247016,5
4995,19,P15,no,7,3.2333664876532566,0.5621765008857981,0.5138853177460049,2893,2891,2026-06-01 14:25:35.308289,5
6798,21,P19,yes,11,-1.501854365021245,0.15519224623709701,0.11920292202211755,4184,4256,2026-06-01 14:25:35.313382,5
6799,21,P20,yes,5,0.6337774529984017,0.11920292202211755,0.13457359546569392,4189,4256,2026-06-01 14:25:35.316488,5
4996,19,P11,no,1,-0.48264614119489124,0.5138853177460049,0.520821285372743,2893,2890,2026-06-01 14:25:35.333662,5
6800,21,P23,yes,1,0.1362021220384122,0.13457359546569392,0.13784165696493572,4190,4256,2026-06-01 14:25:35.335073,5
4997,19,P01,yes,13,7.350426889313894,0.520821285372743,0.6093175418435606,2906,2890,2026-06-01 14:25:35.358148,5
6801,21,P15,yes,1,0.1395033311264342,0.13784165696493572,0.14117613544185983,4191,4256,2026-06-01 14:25:35.385549,5
6802,21,P15,yes,9,1.415324346723537,0.14117613544185983,0.17428532117858547,4200,4256,2026-06-01 14:25:35.423877,5
4998,19,P03,yes,1,0.6126170036004623,0.6093175418435606,0.6159095915435134,2907,2890,2026-06-01 14:25:35.475160,5
6174,20,P17,no,19,15.39331705735367,0.2324649929561242,0.1515851487892869,3923,3985,2026-06-01 14:25:35.486226,5
6175,20,P02,yes,9,1.5175073523560059,0.1515851487892869,0.18660508209316082,3932,3985,2026-06-01 14:25:35.535230,5
6176,20,P13,yes,1,0.18872543434008549,0.18660508209316082,0.19085804424486547,3933,3985,2026-06-01 14:25:35.556034,5
6177,20,P17,no,1,-0.8069847884380579,0.19085804424486547,0.19518467701384015,3933,3984,2026-06-01 14:25:35.569799,5
6178,20,P24,yes,4,0.8164368831025968,0.19518467701384015,0.2132315108375271,3937,3984,2026-06-01 14:25:35.570418,5
6803,21,P09,yes,20,4.383205100221858,0.17428532117858547,0.2689414213699951,4220,4256,2026-06-01 14:25:35.594713,5
6804,21,P09,yes,2,0.5488986785212546,0.2689414213699951,0.2800034603553825,4222,4256,2026-06-01 14:25:35.594714,5
6805,21,P11,no,1,0.7227851163625019,0.2800034603553825,0.2744377878410785,4222,4257,2026-06-01 14:25:35.597235,5
4013,18,P09,yes,2,0.0652966414581897,0.03177863095923023,0.03353319492319511,1540,1661,2026-06-01 14:25:35.603757,5
6806,21,P07,no,1,0.728316205115334,0.2744377878410785,0.2689414213699951,4222,4258,2026-06-01 14:25:35.638255,5
6807,21,P04,no,1,0.7337775846081058,0.2689414213699951,0.26351515505832507,4222,4259,2026-06-01 14:25:35.672646,5
6808,21,P06,no,4,2.988304970484023,0.26351515505832507,0.24252442073717165,4222,4263,2026-06-01 14:25:35.676970,5
6809,21,P02,no,1,0.7600148741939847,0.24252442073717165,0.23745802834390253,4222,4264,2026-06-01 14:25:35.766253,5
4999,19,P19,yes,1,0.6191880754722661,0.6159095915435134,0.6224593312018546,2908,2890,2026-06-01 14:25:35.786391,5
6179,20,P15,no,1,0.7890861680898524,0.2132315108375271,0.20860852732604496,3937,3985,2026-06-01 14:25:35.831583,5
5000,19,P24,no,4,-1.458434831562954,0.6224593312018546,0.6481942198637447,2908,2886,2026-06-01 14:25:35.836330,5
5001,19,P10,no,5,1.839246756090688,0.6481942198637447,0.6159095915435134,2908,2891,2026-06-01 14:25:35.844606,5
5002,19,P09,no,2,-0.7550961402594112,0.6159095915435134,0.6289646649499733,2908,2889,2026-06-01 14:25:35.866257,5
6810,21,P24,yes,1,0.23998512580601528,0.23745802834390253,0.24252442073717165,4223,4264,2026-06-01 14:25:35.872910,5
5003,19,P13,no,3,1.1424791366589488,0.6289646649499733,0.6093175418435606,2908,2892,2026-06-01 14:25:35.876072,5
6180,20,P17,no,1,0.793672032251834,0.20860852732604496,0.20405977695922933,3937,3986,2026-06-01 14:25:35.890121,5
6181,20,P10,yes,12,2.7948754002200076,0.20405977695922933,0.26351515505832507,3949,3986,2026-06-01 14:25:35.900773,5
6182,20,P23,no,1,0.7391684975477801,0.26351515505832507,0.2581597095111632,3949,3987,2026-06-01 14:25:35.906718,5
6811,21,P14,no,1,0.7600148741939847,0.24252442073717165,0.23745802834390253,4223,4265,2026-06-01 14:25:35.959182,5
6812,21,P17,yes,2,-0.46495453984061896,0.23745802834390253,0.22754561719281613,4221,4265,2026-06-01 14:25:35.959796,5
6813,21,P01,yes,1,-0.22511671166739688,0.22754561719281613,0.22270013882530884,4220,4265,2026-06-01 14:25:35.963146,5
6814,21,P15,yes,2,0.4551158675531042,0.22270013882530884,0.2324649929561242,4222,4265,2026-06-01 14:25:36.000439,5
5004,19,P03,no,1,-0.38738299639953766,0.6093175418435606,0.6159095915435134,2908,2891,2026-06-01 14:25:36.012407,5
6815,21,P23,no,1,0.7700008441142927,0.2324649929561242,0.22754561719281613,4222,4266,2026-06-01 14:25:36.025651,5
6816,21,P03,yes,1,-0.22511671166739688,0.22754561719281613,0.22270013882530884,4221,4266,2026-06-01 14:25:36.039496,5
6183,20,P03,yes,10,-2.3277159300196217,0.2581597095111632,0.20860852732604496,3939,3987,2026-06-01 14:25:36.073254,5
6817,21,P13,yes,9,-1.8185689210540659,0.22270013882530884,0.18242552380635632,4212,4266,2026-06-01 14:25:36.093684,5
5005,19,P24,yes,1,0.6191880754722661,0.6159095915435134,0.6224593312018546,2909,2891,2026-06-01 14:25:36.118862,5
5006,19,P15,no,12,5.011382661103653,0.6224593312018546,0.5415704832167999,2909,2903,2026-06-01 14:25:36.139191,5
5007,19,P20,yes,1,0.5450159411029745,0.5415704832167999,0.548458527973277,2910,2903,2026-06-01 14:25:36.142045,5
5008,19,P15,yes,1,0.5518949420411445,0.548458527973277,0.555328055262369,2911,2903,2026-06-01 14:25:36.183737,5
6818,21,P17,yes,1,-0.18036621331884817,0.18242552380635632,0.17831905610769247,4211,4266,2026-06-01 14:25:36.184927,5
5009,19,P24,yes,1,0.5587541409072401,0.555328055262369,0.5621765008857981,2912,2903,2026-06-01 14:25:36.186804,5
6184,20,P01,yes,1,0.21091383190969282,0.20860852732604496,0.2132315108375271,3940,3987,2026-06-01 14:25:36.246592,5
6819,21,P19,no,1,0.8237038563738679,0.17831905610769247,0.17428532117858547,4211,4267,2026-06-01 14:25:36.248589,5
6820,21,P15,yes,3,0.5411715552627356,0.17428532117858547,0.18660508209316082,4214,4267,2026-06-01 14:25:36.258447,5
5010,19,P09,yes,1,0.5655909891552255,0.5621765008857981,0.5690013325681905,2913,2903,2026-06-01 14:25:36.281432,5
5011,19,P10,yes,9,5.39307710995854,0.5690013325681905,0.6289646649499733,2922,2903,2026-06-01 14:25:36.288495,5
5012,19,P09,yes,13,8.705129854384268,0.6289646649499733,0.7086608250294356,2935,2903,2026-06-01 14:25:36.313756,5
6185,20,P09,no,1,-0.7844260635774845,0.2132315108375271,0.21792873238451507,3940,3986,2026-06-01 14:25:36.377960,5
5013,19,P03,no,1,-0.28848278950636086,0.7086608250294356,0.7143624294910559,2935,2902,2026-06-01 14:25:36.427200,5
5014,19,P19,no,3,-0.8317135289744328,0.7143624294910559,0.7310585786300049,2935,2899,2026-06-01 14:25:36.429072,5
5015,19,P19,yes,1,0.7337775846076511,0.7310585786300049,0.736484844941675,2936,2899,2026-06-01 14:25:36.454728,5
6186,20,P17,no,1,-0.7796917426908294,0.21792873238451507,0.22270013882530884,3940,3985,2026-06-01 14:25:36.469419,5
6187,20,P03,yes,4,-0.8531239933895449,0.22270013882530884,0.20405977695922933,3936,3985,2026-06-01 14:25:36.485207,5
5016,19,P02,no,2,0.5379062102765602,0.736484844941675,0.7255622121589215,2936,2901,2026-06-01 14:25:36.486143,5
5017,19,P18,yes,2,-1.4399702659097784,0.7255622121589215,0.7143624294910559,2934,2901,2026-06-01 14:25:36.507335,5
6821,21,P17,yes,1,0.18872543434008549,0.18660508209316082,0.19085804424486547,4215,4267,2026-06-01 14:25:36.512295,5
5018,19,P13,no,14,4.583352935121638,0.7143624294910559,0.6289646649499733,2934,2915,2026-06-01 14:25:36.517850,5
5019,19,P12,no,1,0.37428421573167725,0.6289646649499733,0.6224593312018546,2934,2916,2026-06-01 14:25:36.525201,5
6188,20,P24,no,1,-0.793672032251834,0.20405977695922933,0.20860852732604496,3936,3984,2026-06-01 14:25:36.560973,5
6822,21,P17,yes,1,-0.18872543434008549,0.19085804424486547,0.18660508209316082,4214,4267,2026-06-01 14:25:36.583717,5
5020,19,P14,yes,8,-4.767361325690217,0.6224593312018546,0.5690013325681905,2926,2916,2026-06-01 14:25:36.630940,5
5021,19,P17,no,3,-1.262466943322579,0.5690013325681905,0.5893093760914265,2926,2913,2026-06-01 14:25:36.659495,5
5022,19,P17,yes,2,1.1920184952145974,0.5893093760914265,0.6026853379784917,2928,2913,2026-06-01 14:25:36.707184,5
5023,19,P19,no,1,-0.39399530527452953,0.6026853379784917,0.6093175418435606,2928,2912,2026-06-01 14:25:36.719009,5
6189,20,P17,yes,1,0.21091383191014756,0.20860852732604496,0.2132315108375271,3937,3984,2026-06-01 14:25:36.770291,5
3903,17,P24,yes,1,0.04098312545556837,0.04043956481800324,0.04153132619455174,1279,1392,2026-06-01 14:25:36.877557,5
5024,19,P17,yes,1,-0.6060046947259252,0.6093175418435606,0.6026853379784917,2927,2912,2026-06-01 14:25:36.878979,5
6190,20,P17,yes,20,5.293791485434667,0.2132315108375271,0.32082130082460697,3957,3984,2026-06-01 14:25:36.921164,5
5025,19,P03,no,3,-1.1621902262013464,0.6026853379784917,0.6224593312018546,2927,2909,2026-06-01 14:25:36.938845,5
3904,17,P24,yes,10,0.4755739843426454,0.04153132619455174,0.05410980348435149,1289,1392,2026-06-01 14:25:36.948073,5
6191,20,P21,no,1,0.6821949176442104,0.32082130082460697,0.3147990233346844,3957,3985,2026-06-01 14:25:36.952933,5
5026,19,P03,yes,2,1.2579138493701976,0.6224593312018546,0.6354235592583607,2929,2909,2026-06-01 14:25:36.992661,5
6192,20,P01,yes,1,-0.31181351241730226,0.3147990233346844,0.30883838763748533,3956,3985,2026-06-01 14:25:36.993676,5
6193,20,P04,no,1,0.6941157482679046,0.30883838763748533,0.3029407160345927,3956,3986,2026-06-01 14:25:36.995682,5
6194,20,P24,yes,12,-3.232335193689778,0.3029407160345927,0.23745802834390253,3944,3986,2026-06-01 14:25:37.008479,5
5027,19,P20,no,6,2.3049230431388423,0.6354235592583607,0.5960151933265168,2929,2915,2026-06-01 14:25:37.052499,5
6823,21,P24,yes,3,0.5791194185521817,0.18660508209316082,0.19958519865373256,4217,4267,2026-06-01 14:25:37.061486,5
4014,18,P09,yes,11,0.42886137162645355,0.03353319492319511,0.04497822937897771,1551,1661,2026-06-01 14:25:37.069383,5
5028,19,P24,yes,1,0.5993533336927612,0.5960151933265168,0.6026853379784917,2930,2915,2026-06-01 14:25:37.070575,5
5029,19,P19,yes,1,0.6060046947259252,0.6026853379784917,0.6093175418435606,2931,2915,2026-06-01 14:25:37.073135,5
4015,18,P19,no,1,0.9556133716919248,0.04497822937897771,0.04379999771646115,1551,1662,2026-06-01 14:25:37.150893,5
3905,17,P03,no,1,0.9465952185425976,0.05410980348435149,0.05270556608289024,1289,1393,2026-06-01 14:25:37.178840,5
3906,17,P22,no,1,0.9479821612653723,0.05270556608289024,0.05133579311531625,1289,1394,2026-06-01 14:25:37.195043,5
6195,20,P03,yes,5,-1.125953445239702,0.23745802834390253,0.2132315108375271,3939,3986,2026-06-01 14:25:37.305423,5
6824,21,P17,yes,1,-0.19737877265106363,0.19958519865373256,0.19518467701384015,4216,4267,2026-06-01 14:25:37.324733,5
5030,19,P03,yes,1,0.6126170036000076,0.6093175418435606,0.6159095915435134,2932,2915,2026-06-01 14:25:37.341434,5
6825,21,P17,no,1,0.8069847884389674,0.19518467701384015,0.19085804424486547,4216,4268,2026-06-01 14:25:37.359090,5
5031,19,P19,no,9,-3.196369533426605,0.6159095915435134,0.6730961777222321,2932,2906,2026-06-01 14:25:37.360722,5
5032,19,P11,no,1,0.32996963429877724,0.6730961777222321,0.6669548851735586,2932,2907,2026-06-01 14:25:37.363442,5
3907,17,P22,no,1,0.9493350125401321,0.05133579311531625,0.049999740399933254,1289,1395,2026-06-01 14:25:37.382667,5
5033,19,P21,yes,1,-0.6638603292085463,0.6669548851735586,0.6607563687658172,2931,2907,2026-06-01 14:25:37.447817,5
5034,19,P04,yes,11,-6.880379965204156,0.6607563687658172,0.5893093760914265,2920,2907,2026-06-01 14:25:37.476134,5
3908,17,P22,no,1,0.9506545111553351,0.049999740399933254,0.04869667456442473,1289,1396,2026-06-01 14:25:37.498925,5
5035,19,P19,yes,3,1.7980231899400678,0.5893093760914265,0.6093175418435606,2923,2907,2026-06-01 14:25:37.522044,5
6196,20,P09,no,7,5.61731327267762,0.2132315108375271,0.18242552380635632,3939,3993,2026-06-01 14:25:37.546335,5
6197,20,P09,no,5,4.138146413594313,0.18242552380635632,0.16261630836153196,3939,3998,2026-06-01 14:25:37.549761,5
6198,20,P08,no,2,-1.6671073805196102,0.16261630836153196,0.17032391864384583,3939,3996,2026-06-01 14:25:37.614081,5
6199,20,P23,yes,1,0.17229860998031654,0.17032391864384583,0.17428532117858547,3940,3996,2026-06-01 14:25:37.656997,5
6200,20,P23,yes,1,0.1762961436261321,0.17428532117858547,0.17831905610769247,3941,3996,2026-06-01 14:25:37.677897,5
5036,19,P19,yes,1,0.6126170036004623,0.6093175418435606,0.6159095915435134,2924,2907,2026-06-01 14:25:37.680539,5
6201,20,P11,yes,3,0.553600845976689,0.17831905610769247,0.19085804424486547,3944,3996,2026-06-01 14:25:37.694857,5
3909,17,P17,yes,17,1.0428271628995844,0.04869667456442473,0.07585818002124356,1306,1396,2026-06-01 14:25:37.749599,5
5037,19,P19,no,20,-6.436385019747831,0.6159095915435134,0.736484844941675,2924,2887,2026-06-01 14:25:37.830221,5
5038,19,P01,no,2,0.5379062102770149,0.736484844941675,0.7255622121589215,2924,2889,2026-06-01 14:25:37.835230,5
5039,19,P03,no,10,-2.479657617107023,0.7255622121589215,0.7772998611746911,2924,2879,2026-06-01 14:25:37.845097,5
3910,17,P19,no,1,0.9251078713211882,0.07585818002124356,0.07393365254646753,1306,1397,2026-06-01 14:25:37.867196,5
6202,20,P10,yes,13,2.8707424524868657,0.19085804424486547,0.25287573272933045,3957,3996,2026-06-01 14:25:37.886885,5
5040,19,P12,no,1,0.22511671166739688,0.7772998611746911,0.7724543828071839,2924,2880,2026-06-01 14:25:37.888484,5
4016,18,P22,no,1,0.9567768043086744,0.04379999771646115,0.042651252130942854,1551,1663,2026-06-01 14:25:37.910697,5
5041,19,P13,no,11,2.8145706395298475,0.7724543828071839,0.7143624294910559,2924,2891,2026-06-01 14:25:37.912597,5
5042,19,P12,yes,7,-4.857920458046465,0.7143624294910559,0.6730961777222321,2917,2891,2026-06-01 14:25:37.927125,5
5043,19,P01,yes,1,-0.670030365700768,0.6730961777222321,0.6669548851735586,2916,2891,2026-06-01 14:25:37.953269,5
5044,19,P09,no,1,0.33613967079099893,0.6669548851735586,0.6607563687658172,2916,2892,2026-06-01 14:25:37.958935,5
4017,18,P22,no,11,10.593451810914758,0.042651252130942854,0.03177863095923023,1551,1674,2026-06-01 14:25:37.961273,5
5045,19,P03,yes,1,0.6638603292090011,0.6607563687658172,0.6669548851735586,2917,2892,2026-06-01 14:25:38.028997,5
5046,19,P15,yes,3,2.02836768189718,0.6669548851735586,0.6852009766653157,2920,2892,2026-06-01 14:25:38.030698,5
5047,19,P08,yes,1,-0.6821949176446651,0.6852009766653157,0.679178699175393,2919,2892,2026-06-01 14:25:38.055335,5
6826,21,P19,no,1,0.8112745656599145,0.19085804424486547,0.18660508209316082,4216,4269,2026-06-01 14:25:38.086934,5
5048,19,P04,no,11,3.9076101312748506,0.679178699175393,0.6093175418435606,2919,2903,2026-06-01 14:25:38.118093,5
5049,19,P19,yes,1,0.6126170036004623,0.6093175418435606,0.6159095915435134,2920,2903,2026-06-01 14:25:38.121573,5
6203,20,P09,no,1,0.7497362589815566,0.25287573272933045,0.2476638011390716,3957,3997,2026-06-01 14:25:38.127213,5
6204,20,P17,yes,10,2.747262022125142,0.2476638011390716,0.3029407160345927,3967,3997,2026-06-01 14:25:38.155545,5
5050,19,P19,yes,1,0.6191880754722661,0.6159095915435134,0.6224593312018546,2921,2903,2026-06-01 14:25:38.163296,5
6205,20,P09,no,7,5.019344961632669,0.3029407160345927,0.26351515505832507,3967,4004,2026-06-01 14:25:38.204311,5
6206,20,P02,no,8,6.058248593169537,0.26351515505832507,0.22270013882530884,3967,4012,2026-06-01 14:25:38.271611,5
3911,17,P05,no,1,0.9270098174724808,0.07393365254646753,0.07205414361856403,1306,1398,2026-06-01 14:25:38.273679,5
6827,21,P24,no,1,-0.8112745656599145,0.18660508209316082,0.19085804424486547,4216,4268,2026-06-01 14:25:38.299760,5
5051,19,P03,yes,2,1.2579138493697428,0.6224593312018546,0.6354235592583607,2923,2903,2026-06-01 14:25:38.304290,5
6207,20,P17,yes,1,0.22511671166739688,0.22270013882530884,0.22754561719281613,3968,4012,2026-06-01 14:25:38.332457,5
5052,19,P15,no,4,1.5102810715575288,0.6354235592583607,0.6093175418435606,2923,2907,2026-06-01 14:25:38.333559,5
3912,17,P22,no,11,10.31048824480331,0.07205414361856403,0.05410980348435149,1306,1409,2026-06-01 14:25:38.374096,5
6828,21,P15,no,10,-7.864594460095759,0.19085804424486547,0.23745802834390253,4216,4258,2026-06-01 14:25:38.431817,5
3913,17,P19,no,1,0.9465952185425976,0.05410980348435149,0.05270556608289024,1306,1410,2026-06-01 14:25:38.445801,5
6829,21,P13,no,1,0.7650446160459978,0.23745802834390253,0.2324649929561242,4216,4259,2026-06-01 14:25:38.500363,5
3914,17,P09,yes,7,0.4049641436758975,0.05270556608289024,0.0633019736959414,1313,1410,2026-06-01 14:25:38.519210,5
6830,21,P24,no,1,-0.7650446160459978,0.2324649929561242,0.23745802834390253,4216,4258,2026-06-01 14:25:38.535966,5
3915,17,P05,no,1,0.9375149397392306,0.0633019736959414,0.06167473878348325,1313,1411,2026-06-01 14:25:38.547379,5
5053,19,P03,no,13,-4.537228726047488,0.6093175418435606,0.6911616123625146,2923,2894,2026-06-01 14:25:38.548215,5
5054,19,P12,yes,10,-6.605250410611006,0.6911616123625146,0.6289646649499733,2913,2894,2026-06-01 14:25:38.563017,5
5055,19,P03,yes,6,3.8886962411311288,0.6289646649499733,0.6669548851735586,2919,2894,2026-06-01 14:25:38.572120,5
5056,19,P09,yes,1,0.6700303657012228,0.6669548851735586,0.6730961777222321,2920,2894,2026-06-01 14:25:38.586709,5
6831,21,P04,yes,2,-0.46495453984152846,0.23745802834390253,0.22754561719281613,4214,4258,2026-06-01 14:25:38.587180,5
5057,19,P24,yes,14,-8.800213132766203,0.6730961777222321,0.5825702064623147,2906,2894,2026-06-01 14:25:38.598655,5
5058,19,P17,yes,1,0.5859424726522775,0.5825702064623147,0.5893093760914265,2907,2894,2026-06-01 14:25:38.615561,5
5059,19,P19,yes,1,0.5926651615213814,0.5893093760914265,0.5960151933265168,2908,2894,2026-06-01 14:25:38.667582,5
6832,21,P21,yes,1,-0.22511671166739688,0.22754561719281613,0.22270013882530884,4213,4258,2026-06-01 14:25:38.687568,5
6833,21,P15,yes,1,0.22511671166739688,0.22270013882530884,0.22754561719281613,4214,4258,2026-06-01 14:25:38.699074,5
6834,21,P23,no,1,0.7748832883335126,0.22754561719281613,0.22270013882530884,4214,4259,2026-06-01 14:25:38.706657,5
6835,21,P15,no,1,-0.7748832883335126,0.22270013882530884,0.22754561719281613,4214,4258,2026-06-01 14:25:38.723256,5
6836,21,P24,yes,14,3.6972897335308517,0.22754561719281613,0.3029407160345927,4228,4258,2026-06-01 14:25:38.733274,5
6837,21,P20,no,1,0.6999814153004991,0.3029407160345927,0.2971072549863309,4228,4259,2026-06-01 14:25:38.739321,5
6208,20,P09,yes,3,0.7049396656475437,0.22754561719281613,0.24252442073717165,3971,4012,2026-06-01 14:25:38.740984,5
6838,21,P01,no,2,1.4172994906994063,0.2971072549863309,0.2856375705089441,4228,4261,2026-06-01 14:25:38.742437,5
5060,19,P12,yes,1,0.5993533336927612,0.5960151933265168,0.6026853379784917,2909,2894,2026-06-01 14:25:38.756987,5
5061,19,P15,yes,1,0.6060046947259252,0.6026853379784917,0.6093175418435606,2910,2894,2026-06-01 14:25:38.759303,5
3916,17,P15,yes,1,0.06248506026076939,0.06167473878348325,0.0633019736959414,1314,1411,2026-06-01 14:25:38.766764,5
6839,21,P14,no,1,0.7171851495477313,0.2856375705089441,0.2800034603553825,4228,4262,2026-06-01 14:25:38.806031,5
6840,21,P14,no,6,4.4182719223272215,0.2800034603553825,0.2476638011390716,4228,4268,2026-06-01 14:25:38.853906,5
6841,21,P23,yes,12,-2.6204787114684223,0.2476638011390716,0.19085804424486547,4216,4268,2026-06-01 14:25:38.861106,5
6209,20,P03,no,1,0.76001487419353,0.24252442073717165,0.23745802834390253,3971,4013,2026-06-01 14:25:38.865589,5
5062,19,P17,yes,1,0.6126170036004623,0.6093175418435606,0.6159095915435134,2911,2894,2026-06-01 14:25:38.875248,5
6842,21,P24,yes,1,0.19301521156194212,0.19085804424486547,0.19518467701384015,4217,4268,2026-06-01 14:25:38.894131,5
6843,21,P03,no,1,0.8069847884380579,0.19518467701384015,0.19085804424486547,4217,4269,2026-06-01 14:25:38.946890,5
6844,21,P17,yes,11,-1.8560432242666138,0.19085804424486547,0.1480471980316895,4206,4269,2026-06-01 14:25:38.964041,5
6210,20,P15,yes,1,0.23998512580601528,0.23745802834390253,0.24252442073717165,3972,4013,2026-06-01 14:25:39.013684,5
6211,20,P17,no,2,1.5250594902395278,0.24252442073717165,0.2324649929561242,3972,4015,2026-06-01 14:25:39.022513,5
6845,21,P19,yes,1,-0.14630679319179762,0.1480471980316895,0.14457775046587726,4205,4269,2026-06-01 14:25:39.034709,5
3917,17,P05,no,4,3.759551152846143,0.0633019736959414,0.0570247014210931,1314,1415,2026-06-01 14:25:39.049515,5
6846,21,P02,yes,1,0.14630679319179762,0.14457775046587726,0.1480471980316895,4206,4269,2026-06-01 14:25:39.051572,5
5063,19,P17,yes,9,-5.272518380279962,0.6159095915435134,0.555328055262369,2902,2894,2026-06-01 14:25:39.067580,5
5064,19,P08,yes,1,0.5587541409072401,0.555328055262369,0.5621765008857981,2903,2894,2026-06-01 14:25:39.102728,5
5065,19,P11,yes,1,0.5655909891552255,0.5621765008857981,0.5690013325681905,2904,2894,2026-06-01 14:25:39.129158,5
5066,19,P09,no,5,-2.070448448108891,0.5690013325681905,0.6026853379784917,2904,2889,2026-06-01 14:25:39.141887,5
6847,21,P21,no,1,-0.8501895624294775,0.1480471980316895,0.1515851487892869,4206,4268,2026-06-01 14:25:39.144850,5
5067,19,P03,no,1,-0.39399530527362003,0.6026853379784917,0.6093175418435606,2904,2888,2026-06-01 14:25:39.203264,5
6212,20,P09,no,1,0.770000844113838,0.2324649929561242,0.22754561719281613,3972,4016,2026-06-01 14:25:39.204202,5
6848,21,P23,no,1,-0.8466170907731794,0.1515851487892869,0.15519224623709701,4206,4267,2026-06-01 14:25:39.234694,5
5068,19,P24,yes,1,-0.6060046947259252,0.6093175418435606,0.6026853379784917,2903,2888,2026-06-01 14:25:39.256344,5
6849,21,P23,yes,5,0.8229528878664496,0.15519224623709701,0.17428532117858547,4211,4267,2026-06-01 14:25:39.266772,5
3918,17,P24,yes,2,0.11708632092154403,0.0570247014210931,0.06008665017400762,1316,1415,2026-06-01 14:25:39.268990,5
5069,19,P15,yes,1,-0.5993533336927612,0.6026853379784917,0.5960151933265168,2902,2888,2026-06-01 14:25:39.319889,5
6850,21,P17,yes,1,0.1762961436261321,0.17428532117858547,0.17831905610769247,4212,4267,2026-06-01 14:25:39.361271,5
6213,20,P24,yes,12,3.1030534290362084,0.22754561719281613,0.29133917497056444,3984,4016,2026-06-01 14:25:39.390569,5
6214,20,P01,no,1,0.7115172104931844,0.29133917497056444,0.2856375705089441,3984,4017,2026-06-01 14:25:39.413646,5
6851,21,P15,yes,1,0.18036621331793867,0.17831905610769247,0.18242552380635632,4213,4267,2026-06-01 14:25:39.458177,5
6215,20,P04,yes,1,-0.28281485045226873,0.2856375705089441,0.2800034603553825,3983,4017,2026-06-01 14:25:39.485017,5
5070,19,P03,no,1,-0.4006466663076935,0.5960151933265168,0.6026853379784917,2902,2887,2026-06-01 14:25:39.508964,5
5071,19,P15,no,2,0.8079815047858574,0.6026853379784917,0.5893093760914265,2902,2889,2026-06-01 14:25:39.528524,5
5072,19,P17,no,6,2.5862268712198784,0.5893093760914265,0.548458527973277,2902,2895,2026-06-01 14:25:39.530402,5
6852,21,P09,yes,5,-0.8618535864052319,0.18242552380635632,0.16261630836153196,4208,4267,2026-06-01 14:25:39.599883,5
6216,20,P13,no,1,0.7227851163620471,0.2800034603553825,0.2744377878410785,3983,4018,2026-06-01 14:25:39.607202,5
6217,20,P03,no,1,0.7283162051157888,0.2744377878410785,0.2689414213699951,3983,4019,2026-06-01 14:25:39.610171,5
5073,19,P09,yes,1,0.5518949420406898,0.548458527973277,0.555328055262369,2903,2895,2026-06-01 14:25:39.620862,5
5074,19,P19,no,6,-2.545456651738732,0.555328055262369,0.5960151933265168,2903,2889,2026-06-01 14:25:39.800892,5
5075,19,P19,yes,1,0.5993533336923065,0.5960151933265168,0.6026853379784917,2904,2889,2026-06-01 14:25:39.809081,5
6218,20,P02,no,4,2.9671706008498404,0.2689414213699951,0.2476638011390716,3983,4023,2026-06-01 14:25:39.812917,5
6219,20,P24,yes,8,2.153025717631408,0.2476638011390716,0.29133917497056444,3991,4023,2026-06-01 14:25:39.867351,5
6220,20,P13,no,1,0.7115172104931844,0.29133917497056444,0.2856375705089441,3991,4024,2026-06-01 14:25:39.870110,5
3919,17,P19,no,1,0.9406913852931211,0.06008665017400762,0.05853690287436789,1316,1416,2026-06-01 14:25:39.937571,5
6221,20,P09,no,14,10.524430455071524,0.2856375705089441,0.2132315108375271,3991,4038,2026-06-01 14:25:39.973328,5
5076,19,P19,yes,1,0.6060046947259252,0.6026853379784917,0.6093175418435606,2905,2889,2026-06-01 14:25:39.978686,5
6222,20,P24,yes,1,0.2155739364220608,0.2132315108375271,0.21792873238451507,3992,4038,2026-06-01 14:25:39.984560,5
6853,21,P19,yes,1,-0.16073682108344656,0.16261630836153196,0.15886910488091516,4207,4267,2026-06-01 14:25:40.047499,5
6854,21,P19,yes,11,-1.5382077182439389,0.15886910488091516,0.122150398495942,4196,4267,2026-06-01 14:25:40.047774,5
6855,21,P02,no,12,-10.301055460672615,0.122150398495942,0.16261630836153196,4196,4255,2026-06-01 14:25:40.053666,5
5077,19,P17,yes,3,-1.7980231899400678,0.6093175418435606,0.5893093760914265,2902,2889,2026-06-01 14:25:40.087244,5
6856,21,P09,no,9,7.681194468600552,0.16261630836153196,0.13137120953080678,4196,4264,2026-06-01 14:25:40.094768,5
6857,21,P03,no,1,0.870202903705831,0.13137120953080678,0.12823373759251924,4196,4265,2026-06-01 14:25:40.121102,5
3920,17,P19,no,1,0.9422222937853348,0.05853690287436789,0.0570247014210931,1316,1417,2026-06-01 14:25:40.164025,5
6858,21,P23,yes,2,0.26276405726639496,0.12823373759251924,0.13457359546569392,4198,4265,2026-06-01 14:25:40.184546,5
6859,21,P08,yes,16,2.6139420010531467,0.13457359546569392,0.19518467701384015,4214,4265,2026-06-01 14:25:40.196467,5
5078,19,P03,yes,2,1.1920184952141426,0.5893093760914265,0.6026853379784917,2904,2889,2026-06-01 14:25:40.197841,5
6860,21,P17,yes,2,0.3991950834442832,0.19518467701384015,0.20405977695922933,4216,4265,2026-06-01 14:25:40.226553,5
6223,20,P17,yes,12,2.977180758054601,0.21792873238451507,0.2800034603553825,4004,4038,2026-06-01 14:25:40.260180,5
5079,19,P09,yes,6,3.73435653968545,0.6026853379784917,0.6418340450887311,2910,2889,2026-06-01 14:25:40.282981,5
6224,20,P21,yes,1,-0.2772148836379529,0.2800034603553825,0.2744377878410785,4003,4038,2026-06-01 14:25:40.369384,5
6225,20,P17,yes,17,5.5176668849430826,0.2744377878410785,0.37754066879814546,4020,4038,2026-06-01 14:25:40.373488,5
6226,20,P24,no,13,8.625063358447733,0.37754066879814546,0.2971072549863309,4020,4051,2026-06-01 14:25:40.409477,5
5080,19,P15,yes,4,-2.5157348413590626,0.6418340450887311,0.6159095915435134,2906,2889,2026-06-01 14:25:40.451410,5
6227,20,P14,yes,1,-0.2942177197946876,0.2971072549863309,0.29133917497056444,4019,4051,2026-06-01 14:25:40.451801,5
6228,20,P02,no,1,0.7115172104936391,0.29133917497056444,0.2856375705089441,4019,4052,2026-06-01 14:25:40.461469,5
3921,17,P24,yes,6,0.3704007798587554,0.0570247014210931,0.06667714818800587,1322,1417,2026-06-01 14:25:40.487412,5
5081,19,P09,yes,3,-1.817975032018694,0.6159095915435134,0.5960151933265168,2903,2889,2026-06-01 14:25:40.487947,5
6229,20,P20,no,1,0.7171851495477313,0.2856375705089441,0.2800034603553825,4019,4053,2026-06-01 14:25:40.543009,5
5082,19,P24,yes,1,-0.5926651615218361,0.5960151933265168,0.5893093760914265,2902,2889,2026-06-01 14:25:40.637067,5
6230,20,P10,no,2,1.4511013214778359,0.2800034603553825,0.2689414213699951,4019,4055,2026-06-01 14:25:40.649998,5
6861,21,P15,yes,1,0.20632796774862072,0.20405977695922933,0.20860852732604496,4217,4265,2026-06-01 14:25:40.659522,5
5083,19,P24,yes,8,4.926375034899593,0.5893093760914265,0.6418340450887311,2910,2889,2026-06-01 14:25:40.691379,5
6862,21,P17,yes,2,0.4264877683317536,0.20860852732604496,0.21792873238451507,4219,4265,2026-06-01 14:25:40.723680,5
6231,20,P12,yes,1,-0.2662224153923489,0.2689414213699951,0.26351515505832507,4018,4055,2026-06-01 14:25:40.729795,5
5084,19,P19,yes,6,3.9640380237660793,0.6418340450887311,0.679178699175393,2916,2889,2026-06-01 14:25:40.733600,5
6863,21,P19,no,1,0.7844260635774845,0.21792873238451507,0.2132315108375271,4219,4266,2026-06-01 14:25:40.734458,5
5085,19,P11,no,6,2.0359619762343755,0.679178699175393,0.6418340450887311,2916,2895,2026-06-01 14:25:40.747426,5
3922,17,P24,yes,5,0.35588277147985536,0.06667714818800587,0.07585818002124356,1327,1417,2026-06-01 14:25:40.806778,5
6232,20,P03,no,1,0.7391684975477801,0.26351515505832507,0.2581597095111632,4018,4056,2026-06-01 14:25:40.816162,5
5086,19,P09,yes,1,-0.6386329165170537,0.6418340450887311,0.6354235592583607,2915,2895,2026-06-01 14:25:40.830195,5
3923,17,P05,no,1,0.9251078713207335,0.07585818002124356,0.07393365254646753,1327,1418,2026-06-01 14:25:40.857910,5
6864,21,P09,no,1,0.7890861680898524,0.2132315108375271,0.20860852732604496,4219,4267,2026-06-01 14:25:40.873965,5
3924,17,P19,no,1,0.9270098174724808,0.07393365254646753,0.07205414361856403,1327,1419,2026-06-01 14:25:40.884626,5
3925,17,P19,no,8,7.479376466082613,0.07205414361856403,0.05853690287436789,1327,1427,2026-06-01 14:25:40.985012,5
5087,19,P17,yes,1,0.6386329165170537,0.6354235592583607,0.6418340450887311,2916,2895,2026-06-01 14:25:41.054324,5
5088,19,P19,no,1,-0.35498159744975055,0.6418340450887311,0.6481942198637447,2916,2894,2026-06-01 14:25:41.073831,5
3926,17,P05,no,1,0.9422222937853348,0.05853690287436789,0.0570247014210931,1327,1428,2026-06-01 14:25:41.102714,5
6233,20,P09,no,4,3.009151347130228,0.2581597095111632,0.23745802834390253,4018,4060,2026-06-01 14:25:41.132251,5
6865,21,P09,no,1,0.7936720322522888,0.20860852732604496,0.20405977695922933,4219,4268,2026-06-01 14:25:41.162198,5
5089,19,P03,yes,1,0.6513526546050343,0.6481942198637447,0.6545022492518787,2917,2894,2026-06-01 14:25:41.172038,5
6234,20,P03,yes,1,-0.23495538395445692,0.23745802834390253,0.2324649929561242,4017,4060,2026-06-01 14:25:41.193729,5
6866,21,P03,yes,11,-1.9880353351527447,0.20405977695922933,0.15886910488091516,4208,4268,2026-06-01 14:25:41.202051,5
3927,17,P03,no,12,11.413315500592944,0.0570247014210931,0.04153132619455174,1327,1440,2026-06-01 14:25:41.244338,5
5090,19,P15,yes,2,-1.2963710571552838,0.6545022492518787,0.6418340450887311,2915,2894,2026-06-01 14:25:41.246661,5
5091,19,P17,yes,5,3.287895625213878,0.6418340450887311,0.6730961777222321,2920,2894,2026-06-01 14:25:41.365416,5
5092,19,P10,no,1,0.32996963429877724,0.6730961777222321,0.6669548851735586,2920,2895,2026-06-01 14:25:41.384406,5
5093,19,P04,no,12,4.4557597055872975,0.6669548851735586,0.5893093760914265,2920,2907,2026-06-01 14:25:41.429744,5
6235,20,P09,no,15,12.028981052915242,0.2324649929561242,0.16643440755425876,4017,4075,2026-06-01 14:25:41.431365,5
6236,20,P02,yes,4,0.6973341584766786,0.16643440755425876,0.18242552380635632,4021,4075,2026-06-01 14:25:41.459977,5
6867,21,P19,no,1,0.8429751626772486,0.15886910488091516,0.15519224623709701,4208,4269,2026-06-01 14:25:41.495522,5
6868,21,P17,yes,3,0.48228108633429656,0.15519224623709701,0.16643440755425876,4211,4269,2026-06-01 14:25:41.497879,5
6237,20,P02,no,1,-0.8154908016813351,0.18242552380635632,0.18660508209316082,4021,4074,2026-06-01 14:25:41.500197,5
6238,20,P10,yes,9,1.8591764344032526,0.18660508209316082,0.22754561719281613,4030,4074,2026-06-01 14:25:41.500392,5
3928,17,P17,yes,1,0.04208891499411038,0.04153132619455174,0.042651252130942854,1328,1440,2026-06-01 14:25:41.500910,5
5094,19,P01,yes,9,5.571393437450297,0.5893093760914265,0.6481942198637447,2929,2907,2026-06-01 14:25:41.530216,5
6239,20,P15,no,1,-0.770000844113838,0.22754561719281613,0.2324649929561242,4030,4073,2026-06-01 14:25:41.536188,5
3929,17,P05,no,3,2.877022781889764,0.042651252130942854,0.039375324260408275,1328,1443,2026-06-01 14:25:41.625210,5
6869,21,P15,yes,1,0.1683731915518365,0.16643440755425876,0.17032391864384583,4212,4269,2026-06-01 14:25:41.631322,5
5095,19,P15,yes,12,-7.308926494127718,0.6481942198637447,0.5690013325681905,2917,2907,2026-06-01 14:25:41.743736,5
5096,19,P13,yes,10,6.025275175060415,0.5690013325681905,0.6354235592583607,2927,2907,2026-06-01 14:25:41.749242,5
5097,19,P15,no,4,1.510281071557074,0.6354235592583607,0.6093175418435606,2927,2911,2026-06-01 14:25:41.798572,5
5098,19,P15,yes,1,0.6126170036004623,0.6093175418435606,0.6159095915435134,2928,2911,2026-06-01 14:25:41.826620,5
6870,21,P19,yes,1,-0.1683731915518365,0.17032391864384583,0.16643440755425876,4211,4269,2026-06-01 14:25:41.845315,5
6871,21,P09,no,1,0.8354805720709919,0.16643440755425876,0.16261630836153196,4211,4270,2026-06-01 14:25:41.857351,5
5099,19,P09,no,3,1.1820249679808512,0.6159095915435134,0.5960151933265168,2928,2914,2026-06-01 14:25:41.937552,5
5100,19,P19,yes,5,3.0628788917601923,0.5960151933265168,0.6289646649499733,2933,2914,2026-06-01 14:25:41.944192,5
5101,19,P19,no,14,-4.583352935121638,0.6289646649499733,0.7143624294910559,2933,2900,2026-06-01 14:25:41.968440,5
4018,18,P09,yes,1,0.03220970259690148,0.03177863095923023,0.0326445247140918,1552,1674,2026-06-01 14:25:41.978060,5
5102,19,P19,yes,1,0.7171851495477313,0.7143624294910559,0.7199965396446176,2934,2900,2026-06-01 14:25:42.014823,5
3930,17,P09,yes,1,0.03990517766078483,0.039375324260408275,0.04043956481800324,1329,1443,2026-06-01 14:25:42.022112,5
6240,20,P03,no,1,0.770000844113838,0.2324649929561242,0.22754561719281613,4030,4074,2026-06-01 14:25:42.037231,5
5103,19,P18,no,12,3.7820171697426304,0.7199965396446176,0.6481942198637447,2934,2912,2026-06-01 14:25:42.065012,5
6872,21,P24,yes,5,0.8618535864061414,0.16261630836153196,0.18242552380635632,4216,4270,2026-06-01 14:25:42.091602,5
6241,20,P24,no,1,-0.770000844113838,0.22754561719281613,0.2324649929561242,4030,4073,2026-06-01 14:25:42.093346,5
5104,19,P03,no,1,-0.34864734539496567,0.6481942198637447,0.6545022492518787,2934,2911,2026-06-01 14:25:42.114929,5
5105,19,P09,yes,9,6.137927815610965,0.6545022492518787,0.7086608250294356,2943,2911,2026-06-01 14:25:42.139852,5
5106,19,P08,no,1,0.29421771979423283,0.7086608250294356,0.702892745013669,2943,2912,2026-06-01 14:25:42.150943,5
5107,19,P15,no,1,0.3000185846999557,0.702892745013669,0.6970592839654074,2943,2913,2026-06-01 14:25:42.168293,5
6242,20,P15,yes,13,3.46729057764378,0.2324649929561242,0.3029407160345927,4043,4073,2026-06-01 14:25:42.174070,5
5108,19,P11,no,1,0.30588425173209544,0.6970592839654074,0.6911616123625146,2943,2914,2026-06-01 14:25:42.197505,5
5109,19,P19,no,1,-0.30588425173209544,0.6911616123625146,0.6970592839654074,2943,2913,2026-06-01 14:25:42.199515,5
6243,20,P23,yes,3,-0.8827190940005494,0.3029407160345927,0.2856375705089441,4040,4073,2026-06-01 14:25:42.230052,5
5110,19,P11,no,1,0.30588425173209544,0.6970592839654074,0.6911616123625146,2943,2914,2026-06-01 14:25:42.260992,5
6244,20,P20,no,1,0.717185149548186,0.2856375705089441,0.2800034603553825,4040,4074,2026-06-01 14:25:42.296114,5
6873,21,P09,yes,1,-0.18036621331884817,0.18242552380635632,0.17831905610769247,4215,4270,2026-06-01 14:25:42.303125,5
5111,19,P15,yes,1,-0.688186487582243,0.6911616123625146,0.6852009766653157,2942,2914,2026-06-01 14:25:42.311377,5
5112,19,P13,no,8,2.7151341420726567,0.6852009766653157,0.6354235592583607,2942,2922,2026-06-01 14:25:42.338973,5
6245,20,P15,yes,3,0.8655153597528624,0.2800034603553825,0.2971072549863309,4043,4074,2026-06-01 14:25:42.374240,5
6246,20,P09,no,19,14.322671835318033,0.2971072549863309,0.19958519865373256,4043,4093,2026-06-01 14:25:42.395195,5
5113,19,P19,yes,5,3.2564981760297087,0.6354235592583607,0.6669548851735586,2947,2922,2026-06-01 14:25:42.413169,5
6874,21,P24,yes,8,1.5630529406407732,0.17831905610769247,0.2132315108375271,4223,4270,2026-06-01 14:25:42.415079,5
6875,21,P09,yes,1,-0.21091383190923807,0.2132315108375271,0.20860852732604496,4222,4270,2026-06-01 14:25:42.458273,5
5114,19,P17,no,2,0.6785057976430835,0.6669548851735586,0.6545022492518787,2947,2924,2026-06-01 14:25:42.467562,5
6247,20,P20,yes,1,0.2018163107941291,0.19958519865373256,0.20405977695922933,4044,4093,2026-06-01 14:25:42.494021,5
6876,21,P24,yes,9,2.0722041897324743,0.20860852732604496,0.25287573272933045,4231,4270,2026-06-01 14:25:42.521031,5
6248,20,P09,no,7,-5.4568047551019845,0.20405977695922933,0.23745802834390253,4044,4086,2026-06-01 14:25:42.532364,5
6877,21,P09,no,1,0.7497362589811019,0.25287573272933045,0.2476638011390716,4231,4271,2026-06-01 14:25:42.573145,5
6878,21,P15,yes,1,0.25026374101798865,0.2476638011390716,0.25287573272933045,4232,4271,2026-06-01 14:25:42.622050,5
6879,21,P09,yes,3,-0.73533691258217,0.25287573272933045,0.23745802834390253,4229,4271,2026-06-01 14:25:42.664005,5
6880,21,P09,no,1,0.7650446160459978,0.23745802834390253,0.2324649929561242,4229,4272,2026-06-01 14:25:42.691949,5
6881,21,P23,no,2,1.5448841324459863,0.2324649929561242,0.22270013882530884,4229,4274,2026-06-01 14:25:42.721436,5
5115,19,P03,yes,1,0.6576338731479154,0.6545022492518787,0.6607563687658172,2948,2924,2026-06-01 14:25:42.799055,5
6882,21,P09,yes,11,-2.175231277999046,0.22270013882530884,0.17428532117858547,4218,4274,2026-06-01 14:25:42.842868,5
5116,19,P21,no,1,0.3423661268516298,0.6607563687658172,0.6545022492518787,2948,2925,2026-06-01 14:25:42.858614,5
6249,20,P17,yes,20,5.8488184189791355,0.23745802834390253,0.3518057801362553,4064,4086,2026-06-01 14:25:42.871968,5
6250,20,P17,yes,2,0.7163486809331516,0.3518057801362553,0.36457644074163925,4066,4086,2026-06-01 14:25:42.871969,5
6251,20,P15,no,1,0.6386329165170537,0.36457644074163925,0.358165954911269,4066,4087,2026-06-01 14:25:42.879511,5
5117,19,P15,no,1,-0.3423661268516298,0.6545022492518787,0.6607563687658172,2948,2924,2026-06-01 14:25:42.900419,5
5118,19,P17,no,7,2.5302602283368287,0.6607563687658172,0.6159095915435134,2948,2931,2026-06-01 14:25:42.904207,5
6252,20,P24,no,9,6.0285351772599824,0.358165954911269,0.3029407160345927,4066,4096,2026-06-01 14:25:42.919354,5
6253,20,P02,no,1,0.6999814153004991,0.3029407160345927,0.2971072549863309,4066,4097,2026-06-01 14:25:43.022263,5
5119,19,P24,no,1,-0.38081192452773394,0.6159095915435134,0.6224593312018546,2948,2930,2026-06-01 14:25:43.092584,5
6254,20,P21,no,1,0.7057822802053124,0.2971072549863309,0.29133917497056444,4066,4098,2026-06-01 14:25:43.094392,5
5120,19,P03,no,4,-1.4584348315624993,0.6224593312018546,0.6481942198637447,2948,2926,2026-06-01 14:25:43.127148,5
6883,21,P09,yes,1,0.1762961436261321,0.17428532117858547,0.17831905610769247,4219,4274,2026-06-01 14:25:43.183543,5
6255,20,P01,yes,10,-2.6380988891951347,0.29133917497056444,0.23745802834390253,4056,4098,2026-06-01 14:25:43.189336,5
6256,20,P17,yes,8,2.06680124923696,0.23745802834390253,0.2800034603553825,4064,4098,2026-06-01 14:25:43.230539,5
6257,20,P24,no,3,2.184878906085032,0.2800034603553825,0.26351515505832507,4064,4101,2026-06-01 14:25:43.256870,5
5121,19,P19,yes,1,0.6513526546054891,0.6481942198637447,0.6545022492518787,2949,2926,2026-06-01 14:25:43.354021,5
6884,21,P15,no,1,-0.8196337866820613,0.17831905610769247,0.18242552380635632,4219,4273,2026-06-01 14:25:43.432980,5
6885,21,P09,yes,11,2.273684788608989,0.18242552380635632,0.2324649929561242,4230,4273,2026-06-01 14:25:43.456568,5
6886,21,P19,yes,3,-0.675424124863639,0.2324649929561242,0.21792873238451507,4227,4273,2026-06-01 14:25:43.476647,5
6258,20,P17,yes,1,0.26622241539280367,0.26351515505832507,0.2689414213699951,4065,4101,2026-06-01 14:25:43.489904,5
6887,21,P19,no,1,0.7844260635774845,0.21792873238451507,0.2132315108375271,4227,4274,2026-06-01 14:25:43.533108,5
5122,19,P17,no,1,0.3486473453945109,0.6545022492518787,0.6481942198637447,2949,2927,2026-06-01 14:25:43.550545,5
6888,21,P15,yes,1,0.21557393642251554,0.2132315108375271,0.21792873238451507,4228,4274,2026-06-01 14:25:43.566988,5
5123,19,P24,yes,9,6.083498190010232,0.6481942198637447,0.702892745013669,2958,2927,2026-06-01 14:25:43.617531,5
6889,21,P03,no,1,0.7844260635774845,0.21792873238451507,0.2132315108375271,4228,4275,2026-06-01 14:25:43.618171,5
6259,20,P09,no,6,4.482097429285204,0.2689414213699951,0.23745802834390253,4065,4107,2026-06-01 14:25:43.627728,5
6890,21,P04,no,1,0.7890861680898524,0.2132315108375271,0.20860852732604496,4228,4276,2026-06-01 14:25:43.627915,5
5124,19,P10,no,10,3.2714834074395185,0.702892745013669,0.6418340450887311,2958,2937,2026-06-01 14:25:43.627984,5
6891,21,P03,no,1,0.7936720322522888,0.20860852732604496,0.20405977695922933,4228,4277,2026-06-01 14:25:43.689825,5
5125,19,P19,no,1,-0.35498159744975055,0.6418340450887311,0.6481942198637447,2958,2936,2026-06-01 14:25:43.780429,5
5126,19,P09,no,1,0.35498159744975055,0.6481942198637447,0.6418340450887311,2958,2937,2026-06-01 14:25:43.786668,5
6260,20,P24,yes,5,-1.1259534452401567,0.23745802834390253,0.2132315108375271,4060,4107,2026-06-01 14:25:43.973669,5
6261,20,P23,yes,4,0.8909980612852451,0.2132315108375271,0.2324649929561242,4064,4107,2026-06-01 14:25:44.048786,5
5127,19,P19,yes,1,0.6450184025502494,0.6418340450887311,0.6481942198637447,2959,2937,2026-06-01 14:25:44.162083,5
6892,21,P24,no,1,-0.7936720322522888,0.20405977695922933,0.20860852732604496,4228,4276,2026-06-01 14:25:44.173105,5
3931,17,P24,yes,4,0.1706818644490795,0.04043956481800324,0.04497822937897771,1333,1443,2026-06-01 14:25:44.192097,5
5128,19,P15,yes,1,0.6513526546054891,0.6481942198637447,0.6545022492518787,2960,2937,2026-06-01 14:25:44.201544,5
5129,19,P03,yes,1,0.6576338731479154,0.6545022492518787,0.6607563687658172,2961,2937,2026-06-01 14:25:44.257296,5
6893,21,P17,yes,2,-0.4081442785418403,0.20860852732604496,0.19958519865373256,4226,4276,2026-06-01 14:25:44.259892,5
5130,19,P15,yes,7,-4.469739771663171,0.6607563687658172,0.6159095915435134,2954,2937,2026-06-01 14:25:44.375375,5
6262,20,P15,no,1,0.7700008441142927,0.2324649929561242,0.22754561719281613,4064,4108,2026-06-01 14:25:44.403879,5
6263,20,P17,yes,4,0.9500277114048004,0.22754561719281613,0.2476638011390716,4068,4108,2026-06-01 14:25:44.440177,5
6264,20,P24,yes,1,-0.24508804575725662,0.2476638011390716,0.24252442073717165,4067,4108,2026-06-01 14:25:44.487812,5
5131,19,P24,yes,1,0.6191880754722661,0.6159095915435134,0.6224593312018546,2955,2937,2026-06-01 14:25:44.518651,5
5132,19,P19,no,1,-0.37428421573167725,0.6224593312018546,0.6289646649499733,2955,2936,2026-06-01 14:25:44.530076,5
6265,20,P03,no,1,0.7600148741930752,0.24252442073717165,0.23745802834390253,4067,4109,2026-06-01 14:25:44.579068,5
6894,21,P17,no,1,-0.7981836892058709,0.19958519865373256,0.20405977695922933,4226,4275,2026-06-01 14:25:44.643215,5
6266,20,P03,no,1,0.7650446160459978,0.23745802834390253,0.2324649929561242,4067,4110,2026-06-01 14:25:44.660145,5
6267,20,P24,no,1,0.7700008441133832,0.2324649929561242,0.22754561719281613,4067,4111,2026-06-01 14:25:44.723195,5
6268,20,P24,no,11,8.775948153959689,0.22754561719281613,0.17831905610769247,4067,4122,2026-06-01 14:25:44.728097,5
6269,20,P18,yes,16,3.4243432984631,0.17831905610769247,0.25287573272933045,4083,4122,2026-06-01 14:25:44.728679,5
5133,19,P17,no,5,1.9371211082402624,0.6289646649499733,0.5960151933265168,2955,2941,2026-06-01 14:25:44.798258,5
5134,19,P02,yes,4,2.437163107491415,0.5960151933265168,0.6224593312018546,2959,2941,2026-06-01 14:25:44.798616,5
6895,21,P24,yes,1,0.20632796774771123,0.20405977695922933,0.20860852732604496,4227,4275,2026-06-01 14:25:44.825863,5
5135,19,P19,yes,1,0.6257157842687775,0.6224593312018546,0.6289646649499733,2960,2941,2026-06-01 14:25:44.850519,5
5136,19,P17,no,18,7.764283396000792,0.6289646649499733,0.5069439979482607,2960,2959,2026-06-01 14:25:44.868862,5
5137,19,P12,yes,1,0.5104149925386992,0.5069439979482607,0.5138853177460049,2961,2959,2026-06-01 14:25:44.885992,5
6270,20,P09,no,1,0.7497362589820113,0.25287573272933045,0.2476638011390716,4083,4123,2026-06-01 14:25:44.895666,5
5138,19,P08,yes,12,6.6624227197003165,0.5138853177460049,0.5960151933265168,2973,2959,2026-06-01 14:25:44.909368,5
5139,19,P24,yes,6,3.6950769568611577,0.5960151933265168,0.6354235592583607,2979,2959,2026-06-01 14:25:44.948690,5
6271,20,P09,yes,1,0.25026374101798865,0.2476638011390716,0.25287573272933045,4084,4123,2026-06-01 14:25:45.058129,5
6896,21,P03,yes,3,-0.6055230511919945,0.20860852732604496,0.19518467701384015,4224,4275,2026-06-01 14:25:45.073216,5
3932,17,P03,no,5,4.789412957889908,0.04497822937897771,0.039375324260408275,1333,1448,2026-06-01 14:25:45.118507,5
6272,20,P03,yes,11,-2.4803484682743147,0.25287573272933045,0.19958519865373256,4073,4123,2026-06-01 14:25:45.125043,5
6273,20,P12,yes,2,0.4081442785418403,0.19958519865373256,0.20860852732604496,4075,4123,2026-06-01 14:25:45.129306,5
5140,19,P09,yes,13,8.784448999777396,0.6354235592583607,0.7143624294910559,2992,2959,2026-06-01 14:25:45.259458,5
5141,19,P01,yes,4,-2.811396654267355,0.7143624294910559,0.6911616123625146,2988,2959,2026-06-01 14:25:45.259665,5
5142,19,P20,no,1,0.31181351241730226,0.6911616123625146,0.6852009766653157,2988,2960,2026-06-01 14:25:45.265172,5
6897,21,P19,yes,11,-1.8992479982580335,0.19518467701384015,0.1515851487892869,4213,4275,2026-06-01 14:25:45.271151,5
6274,20,P02,no,1,-0.7890861680898524,0.20860852732604496,0.2132315108375271,4075,4122,2026-06-01 14:25:45.285025,5
6275,20,P24,no,1,0.7890861680898524,0.2132315108375271,0.20860852732604496,4075,4123,2026-06-01 14:25:45.285749,5
5143,19,P20,no,9,3.0829360769712366,0.6852009766653157,0.6289646649499733,2988,2969,2026-06-01 14:25:45.289545,5
6898,21,P23,yes,4,0.6356639955611172,0.1515851487892869,0.16643440755425876,4217,4275,2026-06-01 14:25:45.326165,5
6899,21,P03,no,1,0.8354805720709919,0.16643440755425876,0.16261630836153196,4217,4276,2026-06-01 14:25:45.339271,5
5144,19,P24,no,5,1.9371211082407171,0.6289646649499733,0.5960151933265168,2988,2974,2026-06-01 14:25:45.356089,5
6276,20,P03,no,1,0.7936720322522888,0.20860852732604496,0.20405977695922933,4075,4124,2026-06-01 14:25:45.395864,5
5145,19,P15,no,1,0.4073348384781639,0.5960151933265168,0.5893093760914265,2988,2975,2026-06-01 14:25:45.428903,5
5146,19,P23,yes,7,4.287742118382539,0.5893093760914265,0.6354235592583607,2995,2975,2026-06-01 14:25:45.429632,5
6277,20,P11,yes,1,0.20632796774771123,0.20405977695922933,0.20860852732604496,4076,4124,2026-06-01 14:25:45.441516,5
5147,19,P19,no,1,-0.3613670834829463,0.6354235592583607,0.6418340450887311,2995,2974,2026-06-01 14:25:45.518374,5
5148,19,P19,no,8,-2.6655805710070126,0.6418340450887311,0.6911616123625146,2995,2966,2026-06-01 14:25:45.536841,5
5149,19,P21,no,1,0.31181351241730226,0.6911616123625146,0.6852009766653157,2995,2967,2026-06-01 14:25:45.584074,5
5150,19,P04,no,1,0.31780508235578964,0.6852009766653157,0.679178699175393,2995,2968,2026-06-01 14:25:45.608542,5
5151,19,P09,no,5,1.680980378784625,0.679178699175393,0.6481942198637447,2995,2973,2026-06-01 14:25:45.665309,5
5152,19,P24,yes,1,0.6513526546054891,0.6481942198637447,0.6545022492518787,2996,2973,2026-06-01 14:25:45.720707,5
6278,20,P03,no,1,0.7936720322522888,0.20860852732604496,0.20405977695922933,4076,4125,2026-06-01 14:25:45.736875,5
6900,21,P09,no,1,-0.8354805720709919,0.16261630836153196,0.16643440755425876,4217,4275,2026-06-01 14:25:45.738500,5
5153,19,P03,yes,1,0.6576338731479154,0.6545022492518787,0.6607563687658172,2997,2973,2026-06-01 14:25:45.825918,5
5154,19,P15,no,1,0.3423661268516298,0.6607563687658172,0.6545022492518787,2997,2974,2026-06-01 14:25:45.925451,5
6279,20,P23,yes,1,0.20632796774771123,0.20405977695922933,0.20860852732604496,4077,4125,2026-06-01 14:25:45.993896,5
5155,19,P09,no,1,0.34864734539496567,0.6545022492518787,0.6481942198637447,2997,2975,2026-06-01 14:25:46.020547,5
6280,20,P24,yes,10,-1.8691070538889107,0.20860852732604496,0.16643440755425876,4067,4125,2026-06-01 14:25:46.096777,5
6281,20,P13,yes,1,0.1683731915518365,0.16643440755425876,0.17032391864384583,4068,4125,2026-06-01 14:25:46.104578,5
6282,20,P14,yes,1,0.17229860998031654,0.17032391864384583,0.17428532117858547,4069,4125,2026-06-01 14:25:46.112812,5
6283,20,P03,yes,4,-0.6659280505446077,0.17428532117858547,0.15886910488091516,4065,4125,2026-06-01 14:25:46.161067,5
6284,20,P10,yes,1,0.16073682108344656,0.15886910488091516,0.16261630836153196,4066,4125,2026-06-01 14:25:46.171617,5
5156,19,P24,yes,4,2.6428772226636283,0.6481942198637447,0.6730961777222321,3001,2975,2026-06-01 14:25:46.241554,5
5157,19,P13,no,10,3.5837525298265973,0.6730961777222321,0.6093175418435606,3001,2985,2026-06-01 14:25:46.243204,5
6901,21,P19,yes,5,-0.7854744331316397,0.16643440755425876,0.1480471980316895,4212,4275,2026-06-01 14:25:46.265912,5
6285,20,P12,yes,1,0.1645194279290081,0.16261630836153196,0.16643440755425876,4067,4125,2026-06-01 14:25:46.269158,5
6286,20,P03,no,1,0.8354805720709919,0.16643440755425876,0.16261630836153196,4067,4126,2026-06-01 14:25:46.387331,5
5158,19,P19,yes,4,2.4897189284424712,0.6093175418435606,0.6354235592583607,3005,2985,2026-06-01 14:25:46.409145,5
5159,19,P03,no,3,-1.0649960263272078,0.6354235592583607,0.6545022492518787,3005,2982,2026-06-01 14:25:46.412245,5
6902,21,P15,yes,1,0.14981043757052248,0.1480471980316895,0.1515851487892869,4213,4275,2026-06-01 14:25:46.450671,5
6287,20,P10,yes,1,0.1645194279290081,0.16261630836153196,0.16643440755425876,4068,4126,2026-06-01 14:25:46.474604,5
6903,21,P15,yes,3,0.4711445676321091,0.1515851487892869,0.16261630836153196,4216,4275,2026-06-01 14:25:46.490652,5
6288,20,P04,no,14,-11.258980208801404,0.16643440755425876,0.22754561719281613,4068,4112,2026-06-01 14:25:46.509384,5
5160,19,P17,no,1,0.3486473453945109,0.6545022492518787,0.6481942198637447,3005,2983,2026-06-01 14:25:46.519657,5
5161,19,P19,no,10,-3.2107195297840008,0.6481942198637447,0.7086608250294356,3005,2973,2026-06-01 14:25:46.588933,5
6904,21,P03,yes,1,-0.16073682108344656,0.16261630836153196,0.15886910488091516,4215,4275,2026-06-01 14:25:46.597683,5
6289,20,P15,no,11,8.775948153959689,0.22754561719281613,0.17831905610769247,4068,4123,2026-06-01 14:25:46.627336,5
6290,20,P03,no,1,0.8237038563738679,0.17831905610769247,0.17428532117858547,4068,4124,2026-06-01 14:25:46.667763,5
6291,20,P04,yes,1,0.1762961436261321,0.17428532117858547,0.17831905610769247,4069,4124,2026-06-01 14:25:46.672978,5
6292,20,P13,yes,9,1.7786268770632887,0.17831905610769247,0.21792873238451507,4078,4124,2026-06-01 14:25:46.686260,5
5162,19,P21,yes,7,-4.816433613253594,0.7086608250294356,0.6669548851735586,2998,2973,2026-06-01 14:25:46.690519,5
4019,18,P24,yes,4,0.13784450774528523,0.0326445247140918,0.03634146014678239,1556,1674,2026-06-01 14:25:46.699901,5
6293,20,P09,no,2,1.5735122316682464,0.21792873238451507,0.20860852732604496,4078,4126,2026-06-01 14:25:46.756353,5
6294,20,P17,no,1,0.7936720322513793,0.20860852732604496,0.20405977695922933,4078,4127,2026-06-01 14:25:46.797886,5
6295,20,P14,no,1,-0.7936720322513793,0.20405977695922933,0.20860852732604496,4078,4126,2026-06-01 14:25:46.836992,5
5163,19,P15,no,1,0.33613967079099893,0.6669548851735586,0.6607563687658172,2998,2974,2026-06-01 14:25:46.868635,5
6905,21,P19,no,1,0.8429751626781581,0.15886910488091516,0.15519224623709701,4215,4276,2026-06-01 14:25:46.919083,5
6296,20,P17,no,1,0.7936720322513793,0.20860852732604496,0.20405977695922933,4078,4127,2026-06-01 14:25:46.950339,5
5164,19,P17,no,11,4.119620034796299,0.6607563687658172,0.5893093760914265,2998,2985,2026-06-01 14:25:46.986493,5
5165,19,P19,yes,5,3.0298282690127962,0.5893093760914265,0.6224593312018546,3003,2985,2026-06-01 14:25:46.997816,5
5166,19,P20,yes,10,6.542779707297086,0.6224593312018546,0.6852009766653157,3013,2985,2026-06-01 14:25:47.051672,5
5167,19,P04,no,6,1.9987854611404146,0.6852009766653157,0.6481942198637447,3013,2991,2026-06-01 14:25:47.173188,5
5168,19,P03,yes,2,1.3089865277534045,0.6481942198637447,0.6607563687658172,3015,2991,2026-06-01 14:25:47.206373,5
6906,21,P09,yes,1,0.15702483732184191,0.15519224623709701,0.15886910488091516,4216,4276,2026-06-01 14:25:47.387810,5
5169,19,P17,yes,12,8.360097623981346,0.6607563687658172,0.7310585786300049,3027,2991,2026-06-01 14:25:47.404922,5
6907,21,P15,no,1,-0.8392631789165534,0.15886910488091516,0.16261630836153196,4216,4275,2026-06-01 14:25:47.424342,5
5170,19,P02,no,1,0.27168379488421124,0.7310585786300049,0.7255622121589215,3027,2992,2026-06-01 14:25:47.467014,5
6908,21,P19,no,1,0.8392631789165534,0.16261630836153196,0.15886910488091516,4216,4276,2026-06-01 14:25:47.475852,5
6909,21,P17,no,1,0.8429751626781581,0.15886910488091516,0.15519224623709701,4216,4277,2026-06-01 14:25:47.480132,5
5171,19,P03,no,1,-0.27168379488421124,0.7255622121589215,0.7310585786300049,3027,2991,2026-06-01 14:25:47.506448,5
5172,19,P11,no,7,2.0203168747075324,0.7310585786300049,0.6911616123625146,3027,2998,2026-06-01 14:25:47.508359,5
5173,19,P17,no,11,3.769033805120216,0.6911616123625146,0.6224593312018546,3027,3009,2026-06-01 14:25:47.516516,5
5174,19,P03,no,1,-0.37428421573167725,0.6224593312018546,0.6289646649499733,3027,3008,2026-06-01 14:25:47.535338,5
6910,21,P03,yes,1,-0.15338290922682063,0.15519224623709701,0.1515851487892869,4215,4277,2026-06-01 14:25:47.553661,5
6297,20,P15,yes,9,-1.6627790861411995,0.20405977695922933,0.16643440755425876,4069,4127,2026-06-01 14:25:47.601831,5
6298,20,P04,yes,1,0.1683731915518365,0.16643440755425876,0.17032391864384583,4070,4127,2026-06-01 14:25:47.616207,5
5175,19,P19,yes,1,0.6321980651018748,0.6289646649499733,0.6354235592583607,3028,3008,2026-06-01 14:25:47.620187,5
5176,19,P15,no,1,0.36780193489857993,0.6354235592583607,0.6289646649499733,3028,3009,2026-06-01 14:25:47.623393,5
5177,19,P18,yes,1,0.6321980651009653,0.6289646649499733,0.6354235592583607,3029,3009,2026-06-01 14:25:47.656147,5
6911,21,P15,yes,2,0.31040774654957204,0.1515851487892869,0.15886910488091516,4217,4277,2026-06-01 14:25:47.693392,5
6299,20,P10,no,9,-7.299266137662926,0.17032391864384583,0.20860852732604496,4070,4118,2026-06-01 14:25:47.715918,5
6300,20,P15,no,1,0.7936720322522888,0.20860852732604496,0.20405977695922933,4070,4119,2026-06-01 14:25:47.716655,5
6301,20,P15,yes,5,1.0782407050573966,0.20405977695922933,0.22754561719281613,4075,4119,2026-06-01 14:25:47.748973,5
6912,21,P24,no,1,-0.8392631789174629,0.15886910488091516,0.16261630836153196,4217,4276,2026-06-01 14:25:47.798334,5
4020,18,P09,yes,11,0.4645459515948005,0.03634146014678239,0.04869667456442473,1567,1674,2026-06-01 14:25:47.798424,5
5178,19,P09,no,1,0.36780193489857993,0.6354235592583607,0.6289646649499733,3029,3010,2026-06-01 14:25:47.809744,5
4021,18,P03,yes,1,-0.04805861497720798,0.04869667456442473,0.04742587317756679,1566,1674,2026-06-01 14:25:47.843164,5
5179,19,P15,no,7,2.7585134740666035,0.6289646649499733,0.5825702064623147,3029,3017,2026-06-01 14:25:47.857156,5
5180,19,P24,yes,1,0.5859424726522775,0.5825702064623147,0.5893093760914265,3030,3017,2026-06-01 14:25:47.859607,5
6913,21,P17,yes,1,-0.16073682108344656,0.16261630836153196,0.15886910488091516,4216,4276,2026-06-01 14:25:47.889242,5
5181,19,P24,yes,1,0.5926651615218361,0.5893093760914265,0.5960151933265168,3031,3017,2026-06-01 14:25:47.892336,5
5182,19,P02,yes,4,2.43716310749096,0.5960151933265168,0.6224593312018546,3035,3017,2026-06-01 14:25:47.910172,5
6302,20,P09,no,7,5.52256421149832,0.22754561719281613,0.19518467701384015,4075,4126,2026-06-01 14:25:47.910632,5
6914,21,P03,yes,2,-0.31040774654866254,0.15886910488091516,0.1515851487892869,4214,4276,2026-06-01 14:25:47.924188,5
5183,19,P24,no,6,2.384229258335381,0.6224593312018546,0.5825702064623147,3035,3023,2026-06-01 14:25:47.939715,5
5184,19,P04,no,1,-0.41405752734817725,0.5825702064623147,0.5893093760914265,3035,3022,2026-06-01 14:25:47.942860,5
6303,20,P17,no,18,15.123293941680458,0.19518467701384015,0.12823373759251924,4075,4144,2026-06-01 14:25:47.988615,5
5185,19,P03,yes,1,0.5926651615213814,0.5893093760914265,0.5960151933265168,3036,3022,2026-06-01 14:25:47.991121,5
5186,19,P01,no,9,-3.36991906946605,0.5960151933265168,0.6545022492518787,3036,3013,2026-06-01 14:25:47.992812,5
6304,20,P10,yes,4,0.5384695104312414,0.12823373759251924,0.14117613544185983,4079,4144,2026-06-01 14:25:47.993225,5
5187,19,P03,no,13,-3.9822685028702836,0.6545022492518787,0.7310585786300049,3036,3000,2026-06-01 14:25:47.994539,5
5188,19,P06,no,2,0.5488986785221641,0.7310585786300049,0.7199965396446176,3036,3002,2026-06-01 14:25:48.000557,5
5189,19,P13,no,6,1.7832317086026706,0.7199965396446176,0.6852009766653157,3036,3008,2026-06-01 14:25:48.009378,5
6305,20,P23,yes,1,0.14287131886794668,0.14117613544185983,0.14457775046587726,4080,4144,2026-06-01 14:25:48.017537,5
6306,20,P01,yes,1,0.14630679319179762,0.14457775046587726,0.1480471980316895,4081,4144,2026-06-01 14:25:48.028236,5
5190,19,P12,no,6,1.9987854611399598,0.6852009766653157,0.6481942198637447,3036,3014,2026-06-01 14:25:48.035811,5
6307,20,P17,yes,9,-1.1986610182229924,0.1480471980316895,0.11920292202211755,4072,4144,2026-06-01 14:25:48.036185,5
5191,19,P09,yes,1,0.6513526546059438,0.6481942198637447,0.6545022492518787,3037,3014,2026-06-01 14:25:48.055883,5
6308,20,P14,yes,2,0.24432163868004864,0.11920292202211755,0.1251603995749971,4074,4144,2026-06-01 14:25:48.058860,5
6915,21,P19,yes,8,-1.1041498171134663,0.1515851487892869,0.1251603995749971,4206,4276,2026-06-01 14:25:48.084261,5
5192,19,P17,no,1,0.3486473453945109,0.6545022492518787,0.6481942198637447,3037,3015,2026-06-01 14:25:48.090828,5
5193,19,P15,no,1,0.35498159744975055,0.6481942198637447,0.6418340450887311,3037,3016,2026-06-01 14:25:48.096121,5
6916,21,P01,yes,1,0.12669175705195812,0.1251603995749971,0.12823373759251924,4207,4276,2026-06-01 14:25:48.103408,5
6309,20,P01,yes,1,0.12669175705195812,0.1251603995749971,0.12823373759251924,4075,4144,2026-06-01 14:25:48.106248,5
6917,21,P19,yes,13,-1.427146050443298,0.12823373759251924,0.09298019452229982,4194,4276,2026-06-01 14:25:48.115378,5
6918,21,P03,no,1,0.9081823317410453,0.09298019452229982,0.09066389627358525,4194,4277,2026-06-01 14:25:48.125504,5
4022,18,P24,yes,1,0.04805861497720798,0.04742587317756679,0.04869667456442473,1567,1674,2026-06-01 14:25:48.126295,5
5194,19,P03,yes,1,0.6450184025502494,0.6418340450887311,0.6481942198637447,3038,3016,2026-06-01 14:25:48.126303,5
6310,20,P14,yes,4,0.5384695104312414,0.12823373759251924,0.14117613544185983,4079,4144,2026-06-01 14:25:48.164054,5
6311,20,P21,yes,2,0.2891781120597443,0.14117613544185983,0.1480471980316895,4081,4144,2026-06-01 14:25:48.175447,5
6919,21,P21,no,8,-7.196809058418694,0.09066389627358525,0.1107273179723682,4194,4269,2026-06-01 14:25:48.182941,5
6920,21,P12,yes,1,0.11210480668705713,0.1107273179723682,0.11349222580422871,4195,4269,2026-06-01 14:25:48.206760,5
6312,20,P03,yes,1,-0.14630679319179762,0.1480471980316895,0.14457775046587726,4080,4144,2026-06-01 14:25:48.215083,5
6921,21,P01,yes,8,1.002634149737787,0.11349222580422871,0.13784165696493572,4203,4269,2026-06-01 14:25:48.219544,5
6922,21,P14,no,13,-10.904000766885474,0.13784165696493572,0.18660508209316082,4203,4256,2026-06-01 14:25:48.254676,5
5195,19,P15,yes,4,-2.5415651684375007,0.6481942198637447,0.6224593312018546,3034,3016,2026-06-01 14:25:48.293081,5
5196,19,P09,yes,7,-4.1949583536888895,0.6224593312018546,0.5758000536158003,3027,3016,2026-06-01 14:25:48.299271,5
6923,21,P09,no,1,-0.811274565660824,0.18660508209316082,0.19085804424486547,4203,4255,2026-06-01 14:25:48.305722,5
6924,21,P08,yes,2,-0.37323463265875034,0.19085804424486547,0.18242552380635632,4201,4255,2026-06-01 14:25:48.330151,5
5197,19,P04,yes,3,1.7577952461974746,0.5758000536158003,0.5960151933265168,3030,3016,2026-06-01 14:25:48.331584,5
5198,19,P01,yes,5,3.0628788917601923,0.5960151933265168,0.6289646649499733,3035,3016,2026-06-01 14:25:48.333640,5
6313,20,P17,no,1,0.8571286811311438,0.14457775046587726,0.14117613544185983,4080,4145,2026-06-01 14:25:48.346862,5
6314,20,P18,yes,1,0.14287131886885618,0.14117613544185983,0.14457775046587726,4081,4145,2026-06-01 14:25:48.351309,5
5199,19,P19,no,10,-3.3947495893889936,0.6289646649499733,0.6911616123625146,3035,3006,2026-06-01 14:25:48.357794,5
5200,19,P12,no,1,0.31181351241730226,0.6911616123625146,0.6852009766653157,3035,3007,2026-06-01 14:25:48.388620,5
6925,21,P17,yes,1,-0.18036621331793867,0.18242552380635632,0.17831905610769247,4200,4255,2026-06-01 14:25:48.424982,5
6926,21,P19,no,1,0.8237038563738679,0.17831905610769247,0.17428532117858547,4200,4256,2026-06-01 14:25:48.464270,5
5201,19,P04,no,12,4.2254152136301855,0.6852009766653157,0.6093175418435606,3035,3019,2026-06-01 14:25:48.515815,5
6315,20,P21,yes,1,0.14630679319179762,0.14457775046587726,0.1480471980316895,4082,4145,2026-06-01 14:25:48.528696,5
4023,18,P03,yes,3,-0.14044214885234396,0.04869667456442473,0.04497822937897771,1564,1674,2026-06-01 14:25:48.555046,5
5202,19,P15,no,1,0.3939953052740748,0.6093175418435606,0.6026853379784917,3035,3020,2026-06-01 14:25:48.561104,5
6316,20,P01,yes,1,0.14981043757052248,0.1480471980316895,0.1515851487892869,4083,4145,2026-06-01 14:25:48.566578,5
6317,20,P12,no,6,-5.02366420290673,0.1515851487892869,0.17428532117858547,4083,4139,2026-06-01 14:25:48.585947,5
5203,19,P24,yes,1,0.6060046947259252,0.6026853379784917,0.6093175418435606,3036,3020,2026-06-01 14:25:48.587712,5
5204,19,P01,no,3,-1.1424791366589488,0.6093175418435606,0.6289646649499733,3036,3017,2026-06-01 14:25:48.602744,5
4024,18,P19,no,3,2.8703012610067162,0.04497822937897771,0.04153132619455174,1564,1677,2026-06-01 14:25:48.618476,5
4025,18,P19,no,3,2.8802572633417185,0.04153132619455174,0.03833797212535963,1564,1680,2026-06-01 14:25:48.623854,5
5205,19,P03,yes,4,2.5672020387742123,0.6289646649499733,0.6545022492518787,3040,3017,2026-06-01 14:25:48.699359,5
5206,19,P24,yes,1,0.6576338731488249,0.6545022492518787,0.6607563687658172,3041,3017,2026-06-01 14:25:48.789256,5
5207,19,P24,no,6,-1.9254697530436715,0.6607563687658172,0.6970592839654074,3041,3011,2026-06-01 14:25:48.790501,5
5208,19,P24,no,2,-0.5942363044941885,0.6970592839654074,0.7086608250294356,3041,3009,2026-06-01 14:25:48.814534,5
6318,20,P13,yes,1,0.1762961436261321,0.17428532117858547,0.17831905610769247,4084,4139,2026-06-01 14:25:48.823013,5
5209,19,P01,yes,6,-4.146403247552371,0.7086608250294356,0.6730961777222321,3035,3009,2026-06-01 14:25:48.878548,5
6319,20,P17,no,1,0.8237038563738679,0.17831905610769247,0.17428532117858547,4084,4140,2026-06-01 14:25:48.900628,5
6927,21,P03,yes,1,-0.17229860998031654,0.17428532117858547,0.17032391864384583,4199,4256,2026-06-01 14:25:48.986602,5
5210,19,P24,no,7,2.4412733931676485,0.6730961777222321,0.6289646649499733,3035,3016,2026-06-01 14:25:49.040319,5
6928,21,P09,no,1,0.8316268084481635,0.17032391864384583,0.16643440755425876,4199,4257,2026-06-01 14:25:49.109336,5
5211,19,P17,yes,1,0.6321980651009653,0.6289646649499733,0.6354235592583607,3036,3016,2026-06-01 14:25:49.280493,5
6929,21,P03,yes,8,-1.2141558763178182,0.16643440755425876,0.13784165696493572,4191,4257,2026-06-01 14:25:49.292841,5
4026,18,P24,yes,4,0.1618316516521645,0.03833797212535963,0.042651252130942854,1568,1680,2026-06-01 14:25:49.304009,5
6930,21,P10,yes,1,0.1395033311255247,0.13784165696493572,0.14117613544185983,4192,4257,2026-06-01 14:25:49.332176,5
5212,19,P19,yes,1,0.6386329165175084,0.6354235592583607,0.6418340450887311,3037,3016,2026-06-01 14:25:49.340650,5
5213,19,P09,no,1,0.3613670834829463,0.6418340450887311,0.6354235592583607,3037,3017,2026-06-01 14:25:49.385129,5
5214,19,P19,yes,1,0.6386329165165989,0.6354235592583607,0.6418340450887311,3038,3017,2026-06-01 14:25:49.388820,5
5215,19,P03,no,1,-0.3549815974492958,0.6418340450887311,0.6481942198637447,3038,3016,2026-06-01 14:25:49.402598,5
6931,21,P24,yes,12,1.9564959019871822,0.14117613544185983,0.18660508209316082,4204,4257,2026-06-01 14:25:49.476048,5
6320,20,P13,no,1,-0.8237038563738679,0.17428532117858547,0.17831905610769247,4084,4139,2026-06-01 14:25:49.519849,5
6321,20,P03,yes,3,-0.5169679451573757,0.17831905610769247,0.16643440755425876,4081,4139,2026-06-01 14:25:49.534122,5
5216,19,P15,no,1,0.3549815974492958,0.6481942198637447,0.6418340450887311,3038,3017,2026-06-01 14:25:49.637122,5
6322,20,P20,no,6,-4.929431208865935,0.16643440755425876,0.19085804424486547,4081,4133,2026-06-01 14:25:49.732391,5
6323,20,P15,yes,1,0.19301521156194212,0.19085804424486547,0.19518467701384015,4082,4133,2026-06-01 14:25:49.758293,5
6932,21,P09,yes,1,-0.18450919831775536,0.18660508209316082,0.18242552380635632,4203,4257,2026-06-01 14:25:49.767187,5
6933,21,P17,no,1,0.8196337866811518,0.18242552380635632,0.17831905610769247,4203,4258,2026-06-01 14:25:49.790861,5
6934,21,P19,yes,13,-2.0002929044867415,0.17831905610769247,0.13137120953080678,4190,4258,2026-06-01 14:25:49.845591,5
4027,18,P03,yes,1,-0.04208891499411038,0.042651252130942854,0.04153132619455174,1567,1680,2026-06-01 14:25:49.851335,5
6935,21,P19,no,4,3.4991895079729147,0.13137120953080678,0.11920292202211755,4190,4262,2026-06-01 14:25:49.937472,5
6324,20,P03,no,1,0.8069847884380579,0.19518467701384015,0.19085804424486547,4082,4134,2026-06-01 14:25:50.059298,5
6936,21,P18,yes,1,0.12067148409914807,0.11920292202211755,0.122150398495942,4191,4262,2026-06-01 14:25:50.063488,5
6937,21,P10,yes,14,2.03183715880823,0.122150398495942,0.17032391864384583,4205,4262,2026-06-01 14:25:50.076015,5
5217,19,P15,yes,2,-1.2708309816184737,0.6418340450887311,0.6289646649499733,3036,3017,2026-06-01 14:25:50.142890,5
5218,19,P15,no,10,4.041331900886689,0.6289646649499733,0.5621765008857981,3036,3027,2026-06-01 14:25:50.165621,5
5219,19,P12,no,10,-4.041331900886689,0.5621765008857981,0.6289646649499733,3036,3017,2026-06-01 14:25:50.171945,5
4028,18,P24,yes,1,0.04208891499411038,0.04153132619455174,0.042651252130942854,1568,1680,2026-06-01 14:25:50.249207,5
5220,19,P15,no,17,7.274698388539491,0.6289646649499733,0.5138853177460049,3036,3034,2026-06-01 14:25:50.257169,5
5221,19,P02,yes,1,0.5173538588055635,0.5138853177460049,0.520821285372743,3037,3034,2026-06-01 14:25:50.330172,5
4029,18,P22,no,1,0.9579110850058896,0.042651252130942854,0.04153132619455174,1568,1681,2026-06-01 14:25:50.355365,5
6938,21,P19,no,1,0.8316268084481635,0.17032391864384583,0.16643440755425876,4205,4263,2026-06-01 14:25:50.379297,5
6939,21,P17,yes,1,0.1683731915518365,0.16643440755425876,0.17032391864384583,4206,4263,2026-06-01 14:25:50.428505,5
6940,21,P24,yes,1,0.17229860998031654,0.17032391864384583,0.17428532117858547,4207,4263,2026-06-01 14:25:50.439319,5
5222,19,P15,no,6,2.9999999999995453,0.520821285372743,0.4791787146272571,3037,3040,2026-06-01 14:25:50.451931,5
5223,19,P01,no,1,-0.517353858804654,0.4791787146272571,0.4861146822539951,3037,3039,2026-06-01 14:25:50.457334,5
5224,19,P15,yes,1,-0.48264614119489124,0.4861146822539951,0.4791787146272571,3036,3039,2026-06-01 14:25:50.551822,5
5225,19,P12,yes,17,9.145068860895663,0.4791787146272571,0.5960151933265168,3053,3039,2026-06-01 14:25:50.576830,5
5226,19,P17,no,6,2.545456651738732,0.5960151933265168,0.555328055262369,3053,3045,2026-06-01 14:25:50.592356,5
5227,19,P02,no,1,-0.44124585909275993,0.555328055262369,0.5621765008857981,3053,3044,2026-06-01 14:25:50.677638,5
5228,19,P14,yes,1,0.5655909891547708,0.5621765008857981,0.5690013325681905,3054,3044,2026-06-01 14:25:50.682530,5
5229,19,P13,yes,1,0.5724029720013277,0.5690013325681905,0.5758000536158003,3055,3044,2026-06-01 14:25:50.738501,5
5230,19,P08,yes,10,6.091505119575686,0.5758000536158003,0.6418340450887311,3065,3044,2026-06-01 14:25:50.756636,5
6941,21,P19,yes,1,-0.17229860998031654,0.17428532117858547,0.17032391864384583,4206,4263,2026-06-01 14:25:50.834417,5
6942,21,P17,yes,1,0.17229860998031654,0.17032391864384583,0.17428532117858547,4207,4263,2026-06-01 14:25:50.926396,5
6325,20,P03,yes,1,-0.18872543434008549,0.19085804424486547,0.18660508209316082,4081,4134,2026-06-01 14:25:50.984304,5
5231,19,P09,no,1,0.3613670834829463,0.6418340450887311,0.6354235592583607,3065,3045,2026-06-01 14:25:51.068247,5
5232,19,P17,no,6,2.304923043139297,0.6354235592583607,0.5960151933265168,3065,3051,2026-06-01 14:25:51.099463,5
5233,19,P10,yes,1,0.5993533336923065,0.5960151933265168,0.6026853379784917,3066,3051,2026-06-01 14:25:51.184783,5
5234,19,P20,no,7,-2.6206250577638457,0.6026853379784917,0.6481942198637447,3066,3044,2026-06-01 14:25:51.222032,5
5235,19,P02,yes,1,-0.6450184025507042,0.6481942198637447,0.6418340450887311,3065,3044,2026-06-01 14:25:51.235772,5
6943,21,P19,no,1,0.8277013900196835,0.17428532117858547,0.17032391864384583,4207,4264,2026-06-01 14:25:51.245796,5
5236,19,P17,no,2,0.7291690183815263,0.6418340450887311,0.6289646649499733,3065,3046,2026-06-01 14:25:51.357560,5
6944,21,P15,yes,2,0.34859475360644865,0.17032391864384583,0.17831905610769247,4209,4264,2026-06-01 14:25:51.368589,5
5237,19,P09,yes,6,3.8886962411315835,0.6289646649499733,0.6669548851735586,3071,3046,2026-06-01 14:25:51.538777,5
6945,21,P09,no,1,0.8237038563738679,0.17831905610769247,0.17428532117858547,4209,4265,2026-06-01 14:25:51.557558,5
6946,21,P17,no,1,-0.8237038563738679,0.17428532117858547,0.17831905610769247,4209,4264,2026-06-01 14:25:51.585638,5
5238,19,P09,yes,17,12.178334724058004,0.6669548851735586,0.7625419716560975,3088,3046,2026-06-01 14:25:51.658522,5
5239,19,P15,no,2,0.4850731715641814,0.7625419716560975,0.7523361988609284,3088,3048,2026-06-01 14:25:51.690895,5
5240,19,P04,no,1,0.25026374101798865,0.7523361988609284,0.7471242672706695,3088,3049,2026-06-01 14:25:51.700284,5
6326,20,P03,yes,11,-1.813624583118326,0.18660508209316082,0.14457775046587726,4070,4134,2026-06-01 14:25:51.721784,5
5241,19,P11,yes,1,-0.7444882597123978,0.7471242672706695,0.7418402904888368,3087,3049,2026-06-01 14:25:51.748586,5
5242,19,P17,no,1,0.26083150245221987,0.7418402904888368,0.736484844941675,3087,3050,2026-06-01 14:25:51.756759,5
6327,20,P23,yes,1,0.14630679319179762,0.14457775046587726,0.1480471980316895,4071,4134,2026-06-01 14:25:51.766491,5
5243,19,P14,no,15,4.597138263657598,0.736484844941675,0.6481942198637447,3087,3065,2026-06-01 14:25:51.769400,5
6947,21,P15,no,16,-12.5756567015369,0.17831905610769247,0.25287573272933045,4209,4248,2026-06-01 14:25:51.792166,5
6328,20,P03,yes,11,-1.431315592924875,0.1480471980316895,0.11349222580422871,4060,4134,2026-06-01 14:25:51.820832,5
6948,21,P08,no,17,13.399360557910768,0.25287573272933045,0.17428532117858547,4209,4265,2026-06-01 14:25:51.840208,5
6329,20,P08,yes,1,0.11489964847532974,0.11349222580422871,0.11631714397765597,4061,4134,2026-06-01 14:25:51.846238,5
6330,20,P21,no,6,-5.248467620775045,0.11631714397765597,0.13457359546569392,4061,4128,2026-06-01 14:25:51.847053,5
6331,20,P02,yes,1,0.1362021220384122,0.13457359546569392,0.13784165696493572,4062,4128,2026-06-01 14:25:51.871651,5
5244,19,P09,no,1,0.35498159744975055,0.6481942198637447,0.6418340450887311,3087,3066,2026-06-01 14:25:51.879492,5
5245,19,P17,no,12,4.770500919267761,0.6418340450887311,0.5621765008857981,3087,3078,2026-06-01 14:25:51.900380,5
6949,21,P24,yes,11,2.175231277999046,0.17428532117858547,0.22270013882530884,4220,4265,2026-06-01 14:25:51.923561,5
6950,21,P15,yes,2,0.4551158675531042,0.22270013882530884,0.2324649929561242,4222,4265,2026-06-01 14:25:51.964535,5
5246,19,P02,no,11,-4.409133835785269,0.5621765008857981,0.6354235592583607,3087,3067,2026-06-01 14:25:51.965660,5
5247,19,P15,no,1,0.36780193489857993,0.6354235592583607,0.6289646649499733,3087,3068,2026-06-01 14:25:52.023785,5
6951,21,P12,no,8,6.292565055612613,0.2324649929561242,0.19518467701384015,4222,4273,2026-06-01 14:25:52.058556,5
5248,19,P09,no,10,4.041331900886689,0.6289646649499733,0.5621765008857981,3087,3078,2026-06-01 14:25:52.069962,5
5249,19,P18,yes,3,1.7171815731799143,0.5621765008857981,0.5825702064623147,3090,3078,2026-06-01 14:25:52.094638,5
6332,20,P20,yes,1,0.1395033311264342,0.13784165696493572,0.14117613544185983,4063,4128,2026-06-01 14:25:52.149035,5
6333,20,P09,yes,1,0.14287131886794668,0.14117613544185983,0.14457775046587726,4064,4128,2026-06-01 14:25:52.185676,5
6334,20,P03,no,1,0.8571286811311438,0.14457775046587726,0.14117613544185983,4064,4129,2026-06-01 14:25:52.205531,5
5250,19,P09,no,7,3.089033686077528,0.5825702064623147,0.534666513353404,3090,3085,2026-06-01 14:25:52.207315,5
6335,20,P04,yes,12,1.9564959019871822,0.14117613544185983,0.18660508209316082,4076,4129,2026-06-01 14:25:52.220365,5
5251,19,P11,yes,1,0.5381197166907441,0.534666513353404,0.5415704832167999,3091,3085,2026-06-01 14:25:52.262736,5
5252,19,P11,yes,1,0.545015941103884,0.5415704832167999,0.548458527973277,3092,3085,2026-06-01 14:25:52.269483,5
6952,21,P17,yes,8,-1.4281034306259244,0.19518467701384015,0.16261630836153196,4214,4273,2026-06-01 14:25:52.271909,5
6953,21,P19,yes,1,-0.16073682108344656,0.16261630836153196,0.15886910488091516,4213,4273,2026-06-01 14:25:52.300113,5
6954,21,P19,yes,7,-1.0251017493446852,0.15886910488091516,0.13457359546569392,4206,4273,2026-06-01 14:25:52.303290,5
6955,21,P20,no,1,-0.8637978779606783,0.13457359546569392,0.13784165696493572,4206,4272,2026-06-01 14:25:52.306264,5
5253,19,P24,yes,2,1.1106490829479299,0.548458527973277,0.5621765008857981,3094,3085,2026-06-01 14:25:52.316614,5
5254,19,P01,yes,8,4.713764239372722,0.5621765008857981,0.6159095915435134,3102,3085,2026-06-01 14:25:52.331155,5
6956,21,P15,no,1,-0.8604966688744753,0.13784165696493572,0.14117613544185983,4206,4271,2026-06-01 14:25:52.360040,5
6957,21,P24,yes,12,1.9564959019871822,0.14117613544185983,0.18660508209316082,4218,4271,2026-06-01 14:25:52.430184,5
6958,21,P17,no,1,0.8154908016822446,0.18660508209316082,0.18242552380635632,4218,4272,2026-06-01 14:25:52.474156,5
5255,19,P15,no,8,3.286235760627278,0.6159095915435134,0.5621765008857981,3102,3093,2026-06-01 14:25:52.494750,5
6959,21,P03,no,1,0.8196337866811518,0.18242552380635632,0.17831905610769247,4218,4273,2026-06-01 14:25:52.498732,5
6336,20,P09,yes,1,-0.18450919831866486,0.18660508209316082,0.18242552380635632,4075,4129,2026-06-01 14:25:52.505078,5
6960,21,P24,yes,4,0.7466160575386311,0.17831905610769247,0.19518467701384015,4222,4273,2026-06-01 14:25:52.507059,5
5256,19,P01,yes,8,4.713764239372722,0.5621765008857981,0.6159095915435134,3110,3093,2026-06-01 14:25:52.521696,5
5257,19,P19,no,1,-0.38081192452773394,0.6159095915435134,0.6224593312018546,3110,3092,2026-06-01 14:25:52.641898,5
6961,21,P24,no,13,-10.066761018788384,0.19518467701384015,0.2581597095111632,4222,4260,2026-06-01 14:25:52.692290,5
5258,19,P17,yes,1,0.6257157842687775,0.6224593312018546,0.6289646649499733,3111,3092,2026-06-01 14:25:52.754264,5
6962,21,P09,no,6,-4.352749763673273,0.2581597095111632,0.29133917497056444,4222,4254,2026-06-01 14:25:52.777738,5
5259,19,P24,no,13,5.385666876834875,0.6289646649499733,0.5415704832167999,3111,3105,2026-06-01 14:25:52.782904,5
6963,21,P12,no,5,3.613581266125948,0.29133917497056444,0.26351515505832507,4222,4259,2026-06-01 14:25:52.787087,5
6964,21,P18,no,1,0.7391684975473254,0.26351515505832507,0.2581597095111632,4222,4260,2026-06-01 14:25:52.812129,5
6965,21,P10,no,9,6.883197901890526,0.2581597095111632,0.2132315108375271,4222,4269,2026-06-01 14:25:52.834705,5
5260,19,P09,no,9,4.40638537050927,0.5415704832167999,0.4791787146272571,3111,3114,2026-06-01 14:25:52.865424,5
5261,19,P12,yes,3,1.4687590380613074,0.4791787146272571,0.5,3114,3114,2026-06-01 14:25:52.905188,5
5262,19,P10,no,6,-2.875144408571032,0.5,0.5415704832167999,3114,3108,2026-06-01 14:25:52.915108,5
6966,21,P19,no,1,0.7890861680907619,0.2132315108375271,0.20860852732604496,4222,4270,2026-06-01 14:25:52.934484,5
5263,19,P11,yes,4,2.2212560132070394,0.5415704832167999,0.5690013325681905,3118,3108,2026-06-01 14:25:52.953029,5
5264,19,P19,yes,1,0.572402972000873,0.5690013325681905,0.5758000536158003,3119,3108,2026-06-01 14:25:52.958218,5
6337,20,P17,yes,2,-0.3566623569440708,0.18242552380635632,0.17428532117858547,4073,4129,2026-06-01 14:25:52.959227,5
5265,19,P10,yes,5,2.963153274616161,0.5758000536158003,0.6093175418435606,3124,3108,2026-06-01 14:25:52.994159,5
5266,19,P09,no,2,0.7946419715813136,0.6093175418435606,0.5960151933265168,3124,3110,2026-06-01 14:25:53.009541,5
5267,19,P17,yes,4,2.437163107491415,0.5960151933265168,0.6224593312018546,3128,3110,2026-06-01 14:25:53.015979,5
5268,19,P07,no,1,0.38081192452773394,0.6224593312018546,0.6159095915435134,3128,3111,2026-06-01 14:25:53.107934,5
6338,20,P09,no,1,0.8277013900196835,0.17428532117858547,0.17032391864384583,4073,4130,2026-06-01 14:25:53.112300,5
6967,21,P01,no,3,2.394476948807096,0.20860852732604496,0.19518467701384015,4222,4273,2026-06-01 14:25:53.117511,5
5269,19,P17,yes,8,5.133600100872172,0.6159095915435134,0.6669548851735586,3136,3111,2026-06-01 14:25:53.176037,5
5270,19,P01,no,1,0.3361396707914537,0.6669548851735586,0.6607563687658172,3136,3112,2026-06-01 14:25:53.297998,5
5271,19,P02,no,1,0.3423661268516298,0.6607563687658172,0.6545022492518787,3136,3113,2026-06-01 14:25:53.298025,5
5272,19,P12,yes,1,-0.6513526546059438,0.6545022492518787,0.6481942198637447,3135,3113,2026-06-01 14:25:53.307881,5
5273,19,P17,no,6,2.2266297524902257,0.6481942198637447,0.6093175418435606,3135,3119,2026-06-01 14:25:53.310376,5
6968,21,P17,no,1,0.8069847884380579,0.19518467701384015,0.19085804424486547,4222,4274,2026-06-01 14:25:53.365273,5
5274,19,P24,yes,10,6.416247470173857,0.6093175418435606,0.6730961777222321,3145,3119,2026-06-01 14:25:53.445428,5
5275,19,P18,no,18,6.923851153146643,0.6730961777222321,0.555328055262369,3145,3137,2026-06-01 14:25:53.484134,5
5276,19,P23,yes,1,0.5587541409072401,0.555328055262369,0.5621765008857981,3146,3137,2026-06-01 14:25:53.485795,5
6339,20,P03,yes,6,-0.9538476246825667,0.17032391864384583,0.1480471980316895,4067,4130,2026-06-01 14:25:53.486303,5
6340,20,P09,yes,5,0.7854744331316397,0.1480471980316895,0.16643440755425876,4072,4130,2026-06-01 14:25:53.494109,5
5277,19,P04,yes,4,2.3031240458321918,0.5621765008857981,0.5893093760914265,3150,3137,2026-06-01 14:25:53.513465,5
5278,19,P19,yes,3,1.7980231899400678,0.5893093760914265,0.6093175418435606,3153,3137,2026-06-01 14:25:53.516143,5
5279,19,P17,no,15,6.621804259342753,0.6093175418435606,0.5069439979482607,3153,3152,2026-06-01 14:25:53.556605,5
5280,19,P17,yes,12,6.5801725507171795,0.5069439979482607,0.5893093760914265,3165,3152,2026-06-01 14:25:53.564366,5
6969,21,P17,yes,1,-0.188725434339176,0.19085804424486547,0.18660508209316082,4221,4274,2026-06-01 14:25:53.709493,5
6970,21,P15,no,7,-5.586248534575134,0.18660508209316082,0.21792873238451507,4221,4267,2026-06-01 14:25:53.726795,5
6341,20,P03,no,3,2.517718913664794,0.16643440755425876,0.15519224623709701,4072,4133,2026-06-01 14:25:53.772040,5
6342,20,P24,yes,1,0.1570248373227514,0.15519224623709701,0.15886910488091516,4073,4133,2026-06-01 14:25:53.784926,5
6971,21,P04,yes,1,-0.21557393642160605,0.21792873238451507,0.2132315108375271,4220,4267,2026-06-01 14:25:53.803046,5
5281,19,P13,yes,6,3.655544053281119,0.5893093760914265,0.6289646649499733,3171,3152,2026-06-01 14:25:53.824220,5
5282,19,P09,no,5,1.9371211082402624,0.6289646649499733,0.5960151933265168,3171,3157,2026-06-01 14:25:53.847574,5
5283,19,P24,yes,14,8.979942814788956,0.5960151933265168,0.6852009766653157,3185,3157,2026-06-01 14:25:53.877206,5
6972,21,P19,yes,1,-0.21091383191014756,0.2132315108375271,0.20860852732604496,4219,4267,2026-06-01 14:25:53.881187,5
6973,21,P19,yes,1,-0.20632796774771123,0.20860852732604496,0.20405977695922933,4218,4267,2026-06-01 14:25:53.886099,5
5284,19,P04,no,1,0.3178050823553349,0.6852009766653157,0.679178699175393,3185,3158,2026-06-01 14:25:53.894766,5
5285,19,P19,no,1,-0.3178050823553349,0.679178699175393,0.6852009766653157,3185,3157,2026-06-01 14:25:53.935513,5
5286,19,P11,no,10,3.457220292702459,0.6852009766653157,0.6224593312018546,3185,3167,2026-06-01 14:25:53.937438,5
5287,19,P17,no,10,4.108293544247772,0.6224593312018546,0.555328055262369,3185,3177,2026-06-01 14:25:54.081219,5
5288,19,P14,yes,1,0.5587541409072401,0.555328055262369,0.5621765008857981,3186,3177,2026-06-01 14:25:54.091722,5
5289,19,P19,yes,1,0.5655909891547708,0.5621765008857981,0.5690013325681905,3187,3177,2026-06-01 14:25:54.126252,5
6343,20,P17,yes,3,-0.4602181841200945,0.15886910488091516,0.1480471980316895,4070,4133,2026-06-01 14:25:54.178665,5
5290,19,P03,yes,1,0.5724029720013277,0.5690013325681905,0.5758000536158003,3188,3177,2026-06-01 14:25:54.191033,5
6344,20,P03,no,1,0.8536932068082024,0.1480471980316895,0.14457775046587726,4070,4134,2026-06-01 14:25:54.279602,5
5291,19,P11,no,1,-0.4208123879757295,0.5758000536158003,0.5825702064623147,3188,3176,2026-06-01 14:25:54.285294,5
5292,19,P04,yes,1,0.5859424726522775,0.5825702064623147,0.5893093760914265,3189,3176,2026-06-01 14:25:54.385679,5
5293,19,P09,no,1,0.41405752734726775,0.5893093760914265,0.5825702064623147,3189,3177,2026-06-01 14:25:54.399332,5
5294,19,P21,yes,1,0.5859424726522775,0.5825702064623147,0.5893093760914265,3190,3177,2026-06-01 14:25:54.420422,5
6345,20,P02,yes,6,0.9317812263234373,0.14457775046587726,0.16643440755425876,4076,4134,2026-06-01 14:25:54.425045,5
5295,19,P23,yes,1,0.5926651615218361,0.5893093760914265,0.5960151933265168,3191,3177,2026-06-01 14:25:54.446916,5
6974,21,P17,yes,2,0.4172417996578588,0.20405977695922933,0.2132315108375271,4220,4267,2026-06-01 14:25:54.503787,5
5296,19,P09,yes,6,-3.454543348261268,0.5960151933265168,0.555328055262369,3185,3177,2026-06-01 14:25:54.556503,5
5297,19,P15,no,1,0.44810505795885547,0.555328055262369,0.548458527973277,3185,3178,2026-06-01 14:25:54.565041,5
5298,19,P15,no,1,0.4549840588965708,0.548458527973277,0.5415704832167999,3185,3179,2026-06-01 14:25:54.599684,5
6975,21,P15,yes,1,0.21557393642160605,0.2132315108375271,0.21792873238451507,4221,4267,2026-06-01 14:25:54.605623,5
5299,19,P03,yes,1,0.545015941103884,0.5415704832167999,0.548458527973277,3186,3179,2026-06-01 14:25:54.632613,5
5300,19,P01,yes,1,0.551894942040235,0.548458527973277,0.555328055262369,3187,3179,2026-06-01 14:25:54.642449,5
5301,19,P17,yes,18,-8.87565486993708,0.555328055262369,0.4309986674318095,3169,3179,2026-06-01 14:25:54.646426,5
5302,19,P16,no,2,-1.1243451300624656,0.4309986674318095,0.444671944737631,3169,3177,2026-06-01 14:25:54.646493,5
5303,19,P17,no,1,-0.5518949420411445,0.444671944737631,0.4515414720267231,3169,3176,2026-06-01 14:25:54.661437,5
5304,19,P08,yes,1,0.4549840588965708,0.4515414720267231,0.45842951678320015,3170,3176,2026-06-01 14:25:54.665766,5
6976,21,P19,yes,13,-2.4601142501496724,0.21792873238451507,0.16261630836153196,4208,4267,2026-06-01 14:25:54.715673,5
5305,19,P02,yes,1,0.4618802833092559,0.45842951678320015,0.46533348664659613,3171,3176,2026-06-01 14:25:54.720606,5
5306,19,P07,no,6,-3.08326376414243,0.46533348664659613,0.5069439979482607,3171,3170,2026-06-01 14:25:54.732682,5
5307,19,P19,no,11,-5.005769921935098,0.5069439979482607,0.5825702064623147,3171,3159,2026-06-01 14:25:54.745129,5
6977,21,P12,yes,5,0.8618535864052319,0.16261630836153196,0.18242552380635632,4213,4267,2026-06-01 14:25:54.748550,5
6346,20,P03,yes,7,-1.0746525451922935,0.16643440755425876,0.14117613544185983,4069,4134,2026-06-01 14:25:54.762482,5
5308,19,P21,no,1,-0.41405752734726775,0.5825702064623147,0.5893093760914265,3171,3158,2026-06-01 14:25:54.770168,5
5309,19,P03,no,1,-0.40733483847907337,0.5893093760914265,0.5960151933265168,3171,3157,2026-06-01 14:25:54.774988,5
6347,20,P03,no,1,0.8604966688744753,0.14117613544185983,0.13784165696493572,4069,4135,2026-06-01 14:25:54.785353,5
6348,20,P11,no,1,-0.8604966688744753,0.13784165696493572,0.14117613544185983,4069,4134,2026-06-01 14:25:54.852968,5
6978,21,P03,yes,1,-0.18036621331793867,0.18242552380635632,0.17831905610769247,4212,4267,2026-06-01 14:25:54.893400,5
6979,21,P09,yes,11,2.2240518460394014,0.17831905610769247,0.22754561719281613,4223,4267,2026-06-01 14:25:54.895531,5
5310,19,P03,no,1,-0.400646666306784,0.5960151933265168,0.6026853379784917,3171,3156,2026-06-01 14:25:54.907323,5
6980,21,P04,yes,1,-0.22511671166739688,0.22754561719281613,0.22270013882530884,4222,4267,2026-06-01 14:25:54.967520,5
5311,19,P19,yes,1,0.6060046947259252,0.6026853379784917,0.6093175418435606,3172,3156,2026-06-01 14:25:55.011194,5
5312,19,P19,yes,1,0.6126170036000076,0.6093175418435606,0.6159095915435134,3173,3156,2026-06-01 14:25:55.021042,5
6349,20,P12,yes,8,1.24302573674413,0.14117613544185983,0.17032391864384583,4077,4134,2026-06-01 14:25:55.043115,5
6350,20,P09,yes,1,0.17229860998031654,0.17032391864384583,0.17428532117858547,4078,4134,2026-06-01 14:25:55.047697,5
6981,21,P24,yes,1,0.22511671166739688,0.22270013882530884,0.22754561719281613,4223,4267,2026-06-01 14:25:55.057515,5
6982,21,P19,yes,12,-2.4003479896655335,0.22754561719281613,0.17428532117858547,4211,4267,2026-06-01 14:25:55.066394,5
6983,21,P03,yes,5,-0.8229528878664496,0.17428532117858547,0.15519224623709701,4206,4267,2026-06-01 14:25:55.105777,5
5313,19,P15,no,1,0.38738299639953766,0.6159095915435134,0.6093175418435606,3173,3157,2026-06-01 14:25:55.139550,5
6984,21,P18,yes,1,0.15702483732184191,0.15519224623709701,0.15886910488091516,4207,4267,2026-06-01 14:25:55.148566,5
6985,21,P15,no,1,-0.8392631789165534,0.15886910488091516,0.16261630836153196,4207,4266,2026-06-01 14:25:55.266587,5
6351,20,P17,no,1,0.8277013900196835,0.17428532117858547,0.17032391864384583,4078,4135,2026-06-01 14:25:55.316333,5
6352,20,P15,yes,1,-0.1683731915518365,0.17032391864384583,0.16643440755425876,4077,4135,2026-06-01 14:25:55.332235,5
6986,21,P24,no,1,-0.8354805720700824,0.16261630836153196,0.16643440755425876,4207,4265,2026-06-01 14:25:55.365481,5
6987,21,P24,no,1,-0.831626808449073,0.16643440755425876,0.17032391864384583,4207,4264,2026-06-01 14:25:55.419203,5
6988,21,P09,no,2,1.6671073805191554,0.17032391864384583,0.16261630836153196,4207,4266,2026-06-01 14:25:55.454286,5
6989,21,P17,yes,2,0.3328926194808446,0.16261630836153196,0.17032391864384583,4209,4266,2026-06-01 14:25:55.460434,5
6353,20,P17,yes,8,-1.2141558763178182,0.16643440755425876,0.13784165696493572,4069,4135,2026-06-01 14:25:55.521808,5
6354,20,P21,yes,1,0.1395033311264342,0.13784165696493572,0.14117613544185983,4070,4135,2026-06-01 14:25:55.580353,5
6355,20,P03,yes,1,-0.1395033311264342,0.14117613544185983,0.13784165696493572,4069,4135,2026-06-01 14:25:55.613149,5
6356,20,P03,no,1,0.8637978779606783,0.13784165696493572,0.13457359546569392,4069,4136,2026-06-01 14:25:55.614523,5
6357,20,P15,yes,1,0.1362021220384122,0.13457359546569392,0.13784165696493572,4070,4136,2026-06-01 14:25:55.638657,5
6358,20,P03,yes,1,-0.1362021220384122,0.13784165696493572,0.13457359546569392,4069,4136,2026-06-01 14:25:55.654075,5
6359,20,P24,yes,5,0.7146940027960227,0.13457359546569392,0.1515851487892869,4074,4136,2026-06-01 14:25:55.767019,5
6990,21,P17,no,1,-0.8277013900196835,0.17032391864384583,0.17428532117858547,4209,4265,2026-06-01 14:25:55.903742,5
6360,20,P17,no,1,0.850189562430387,0.1515851487892869,0.1480471980316895,4074,4137,2026-06-01 14:25:56.052802,5
6361,20,P15,yes,1,0.149810437569613,0.1480471980316895,0.1515851487892869,4075,4137,2026-06-01 14:25:56.148453,5
6991,21,P24,yes,6,1.1202909738149174,0.17428532117858547,0.19958519865373256,4215,4265,2026-06-01 14:25:56.168172,5
6992,21,P19,no,1,0.8026212273498459,0.19958519865373256,0.19518467701384015,4215,4266,2026-06-01 14:25:56.265030,5
6993,21,P17,yes,4,0.816436883102142,0.19518467701384015,0.2132315108375271,4219,4266,2026-06-01 14:25:56.312310,5
6362,20,P17,yes,12,2.0966267709081876,0.1515851487892869,0.19958519865373256,4087,4137,2026-06-01 14:25:56.425445,5
6994,21,P15,no,1,-0.7844260635774845,0.2132315108375271,0.21792873238451507,4219,4265,2026-06-01 14:25:56.475948,5
6995,21,P17,yes,7,-1.4137514654257757,0.21792873238451507,0.18660508209316082,4212,4265,2026-06-01 14:25:56.551647,5
6996,21,P15,yes,1,0.188725434339176,0.18660508209316082,0.19085804424486547,4213,4265,2026-06-01 14:25:56.650166,5
6363,20,P03,yes,1,-0.19737877265015413,0.19958519865373256,0.19518467701384015,4086,4137,2026-06-01 14:25:56.677447,5
6997,21,P17,yes,7,1.445334288396225,0.19085804424486547,0.22270013882530884,4220,4265,2026-06-01 14:25:56.692835,5
6364,20,P17,yes,1,0.19737877265015413,0.19518467701384015,0.19958519865373256,4087,4137,2026-06-01 14:25:56.827156,5
6365,20,P24,no,8,6.53903722465293,0.19958519865373256,0.16643440755425876,4087,4145,2026-06-01 14:25:56.969866,5
6998,21,P23,yes,1,-0.22030825730962533,0.22270013882530884,0.21792873238451507,4219,4265,2026-06-01 14:25:56.973964,5
6366,20,P03,yes,1,-0.1645194279290081,0.16643440755425876,0.16261630836153196,4086,4145,2026-06-01 14:25:57.012662,5
6367,20,P03,yes,4,-0.6209550052026316,0.16261630836153196,0.1480471980316895,4082,4145,2026-06-01 14:25:57.141050,5
6999,21,P03,no,1,0.7844260635774845,0.21792873238451507,0.2132315108375271,4219,4266,2026-06-01 14:25:57.141069,5
7000,21,P24,yes,1,0.21557393642251554,0.2132315108375271,0.21792873238451507,4220,4266,2026-06-01 14:25:57.250869,5
6368,20,P09,yes,1,-0.14630679319179762,0.1480471980316895,0.14457775046587726,4081,4145,2026-06-01 14:25:57.409453,5
6369,20,P03,no,1,0.8571286811320533,0.14457775046587726,0.14117613544185983,4081,4146,2026-06-01 14:25:57.546500,5
7001,21,P17,no,1,-0.7796917426903747,0.21792873238451507,0.22270013882530884,4220,4265,2026-06-01 14:25:57.685074,5
6370,20,P09,no,5,4.3348387325168005,0.14117613544185983,0.1251603995749971,4081,4151,2026-06-01 14:25:57.781686,5
6371,20,P09,no,16,14.34581049962344,0.1251603995749971,0.084023907816312,4081,4167,2026-06-01 14:25:57.795471,5
6372,20,P13,yes,1,0.08510112210660736,0.084023907816312,0.08618664479793421,4082,4167,2026-06-01 14:25:57.840871,5
6373,20,P20,yes,1,0.08728893260922632,0.08618664479793421,0.08839967720705841,4083,4167,2026-06-01 14:25:57.876048,5
6374,20,P13,no,7,-6.3233441250959,0.08839967720705841,0.10537408848177848,4083,4160,2026-06-01 14:25:57.879934,5
6375,20,P01,yes,11,1.3308015071133923,0.10537408848177848,0.13784165696493572,4094,4160,2026-06-01 14:25:58.031102,5
6376,20,P03,yes,6,-0.7699795750377234,0.13784165696493572,0.11920292202211755,4088,4160,2026-06-01 14:25:58.035619,5
6377,20,P03,no,1,0.8822450737743566,0.11920292202211755,0.11631714397765597,4088,4161,2026-06-01 14:25:58.085830,5
6378,20,P14,yes,1,0.11775492622564343,0.11631714397765597,0.11920292202211755,4089,4161,2026-06-01 14:25:58.173527,5
7002,21,P24,yes,13,3.32817014070406,0.22270013882530884,0.29133917497056444,4233,4265,2026-06-01 14:25:58.202323,5
7003,21,P18,no,1,0.7115172104931844,0.29133917497056444,0.2856375705089441,4233,4266,2026-06-01 14:25:58.221419,5
7004,21,P09,yes,1,0.2884827895059061,0.2856375705089441,0.29133917497056444,4234,4266,2026-06-01 14:25:58.224026,5
7005,21,P08,no,8,5.846974282369047,0.29133917497056444,0.2476638011390716,4234,4274,2026-06-01 14:25:58.272300,5
7006,21,P02,no,4,3.04997228859429,0.2476638011390716,0.22754561719281613,4234,4278,2026-06-01 14:25:58.278840,5
7007,21,P19,no,4,3.128087262691224,0.22754561719281613,0.20860852732604496,4234,4282,2026-06-01 14:25:58.316878,5
6379,20,P02,no,1,-0.8793285159008519,0.11920292202211755,0.122150398495942,4089,4160,2026-06-01 14:25:58.542416,5
6380,20,P10,yes,1,0.12365015458181006,0.122150398495942,0.1251603995749971,4090,4160,2026-06-01 14:25:58.690871,5
7008,21,P24,yes,1,0.21091383191014756,0.20860852732604496,0.2132315108375271,4235,4282,2026-06-01 14:25:58.699972,5
7009,21,P09,yes,18,-3.154673430991352,0.2132315108375271,0.14117613544185983,4217,4282,2026-06-01 14:25:58.846234,5
7010,21,P13,yes,1,0.14287131886885618,0.14117613544185983,0.14457775046587726,4218,4282,2026-06-01 14:25:58.872907,5
7011,21,P15,yes,11,1.813624583118326,0.14457775046587726,0.18660508209316082,4229,4282,2026-06-01 14:25:58.975395,5
7012,21,P09,no,4,3.286529834756948,0.18660508209316082,0.17032391864384583,4229,4286,2026-06-01 14:25:58.998130,5
7013,21,P01,no,13,-10.42735340035324,0.17032391864384583,0.22754561719281613,4229,4273,2026-06-01 14:25:59.005506,5
7014,21,P22,yes,1,0.2299991558866168,0.22754561719281613,0.2324649929561242,4230,4273,2026-06-01 14:25:59.067726,5
6381,20,P12,yes,12,1.7398138126745835,0.1251603995749971,0.16643440755425876,4102,4160,2026-06-01 14:25:59.105645,5
6382,20,P17,no,1,0.8354805720709919,0.16643440755425876,0.16261630836153196,4102,4161,2026-06-01 14:25:59.110370,5
7015,21,P22,yes,1,-0.2299991558866168,0.2324649929561242,0.22754561719281613,4229,4273,2026-06-01 14:25:59.135617,5
7016,21,P24,no,11,8.775948153959689,0.22754561719281613,0.17831905610769247,4229,4284,2026-06-01 14:25:59.599064,5
7017,21,P19,no,1,0.8237038563738679,0.17831905610769247,0.17428532117858547,4229,4285,2026-06-01 14:25:59.606823,5
7018,21,P15,yes,1,0.1762961436261321,0.17428532117858547,0.17831905610769247,4230,4285,2026-06-01 14:25:59.633095,5
7019,21,P03,no,1,0.8237038563738679,0.17831905610769247,0.17428532117858547,4230,4286,2026-06-01 14:25:59.746589,5
7020,21,P24,yes,1,0.1762961436261321,0.17428532117858547,0.17831905610769247,4231,4286,2026-06-01 14:25:59.748043,5
7021,21,P19,no,1,0.8237038563738679,0.17831905610769247,0.17428532117858547,4231,4287,2026-06-01 14:25:59.891481,5
7022,21,P15,yes,1,0.1762961436261321,0.17428532117858547,0.17831905610769247,4232,4287,2026-06-01 14:25:59.952495,5
6383,20,P17,yes,1,-0.16073682108344656,0.16261630836153196,0.15886910488091516,4101,4161,2026-06-01 14:26:00.053528,5
7023,21,P09,no,1,-0.8196337866811518,0.17831905610769247,0.18242552380635632,4232,4286,2026-06-01 14:26:00.164982,5
7024,21,P03,yes,10,-1.6291153848005706,0.18242552380635632,0.14457775046587726,4222,4286,2026-06-01 14:26:00.185077,5
7025,21,P13,no,9,-7.551250828518278,0.14457775046587726,0.17831905610769247,4222,4277,2026-06-01 14:26:00.199788,5
7026,21,P03,no,1,0.8237038563738679,0.17831905610769247,0.17428532117858547,4222,4278,2026-06-01 14:26:00.379608,5
7027,21,P03,yes,7,-1.1261462346637927,0.17428532117858547,0.1480471980316895,4215,4278,2026-06-01 14:26:00.436221,5
7028,21,P24,yes,12,2.0490584358276465,0.1480471980316895,0.19518467701384015,4227,4278,2026-06-01 14:26:00.458794,5
7029,21,P15,yes,13,2.9332389812125257,0.19518467701384015,0.2581597095111632,4240,4278,2026-06-01 14:26:00.581695,5
7030,21,P24,yes,6,1.6472502363258172,0.2581597095111632,0.29133917497056444,4246,4278,2026-06-01 14:26:00.625187,5
7031,21,P18,no,1,0.7115172104940939,0.29133917497056444,0.2856375705089441,4246,4279,2026-06-01 14:26:00.628294,5
7032,21,P14,no,1,0.7171851495477313,0.2856375705089441,0.2800034603553825,4246,4280,2026-06-01 14:26:00.648083,5
7033,21,P03,no,1,0.7227851163615924,0.2800034603553825,0.2744377878410785,4246,4281,2026-06-01 14:26:00.660729,5
7034,21,P17,yes,1,0.2772148836384076,0.2744377878410785,0.2800034603553825,4247,4281,2026-06-01 14:26:00.664983,5
7035,21,P14,yes,13,-3.1927546944771166,0.2800034603553825,0.2132315108375271,4234,4281,2026-06-01 14:26:00.682186,5
7036,21,P19,yes,10,-1.9116476942472218,0.2132315108375271,0.17032391864384583,4224,4281,2026-06-01 14:26:00.993733,5
7037,21,P24,yes,5,0.9021955995831377,0.17032391864384583,0.19085804424486547,4229,4281,2026-06-01 14:26:01.028164,5
7038,21,P17,no,10,-7.864594460095759,0.19085804424486547,0.23745802834390253,4229,4271,2026-06-01 14:26:01.442163,5
7039,21,P20,no,1,0.7650446160459978,0.23745802834390253,0.2324649929561242,4229,4272,2026-06-01 14:26:01.506958,5
7040,21,P01,no,5,3.898088106803698,0.2324649929561242,0.20860852732604496,4229,4277,2026-06-01 14:26:01.551128,5
7041,21,P15,no,10,-7.672284069980378,0.20860852732604496,0.2581597095111632,4229,4267,2026-06-01 14:26:01.586584,5
7042,21,P08,no,1,0.7444882597128526,0.2581597095111632,0.25287573272933045,4229,4268,2026-06-01 14:26:01.588431,5
7043,21,P20,yes,1,-0.25026374101798865,0.25287573272933045,0.2476638011390716,4228,4268,2026-06-01 14:26:01.609082,5
7044,21,P01,no,1,0.7549119542418339,0.2476638011390716,0.24252442073717165,4228,4269,2026-06-01 14:26:01.675997,5
7045,21,P21,no,1,0.7600148741939847,0.24252442073717165,0.23745802834390253,4228,4270,2026-06-01 14:26:01.746308,5
7046,21,P04,no,1,0.7650446160459978,0.23745802834390253,0.2324649929561242,4228,4271,2026-06-01 14:26:01.958368,5
7047,21,P15,yes,9,2.301756633190962,0.2324649929561242,0.2800034603553825,4237,4271,2026-06-01 14:26:02.038001,5
7048,21,P01,no,1,0.7227851163615924,0.2800034603553825,0.2744377878410785,4237,4272,2026-06-01 14:26:02.073231,5
7049,21,P24,no,15,11.465402078709303,0.2744377878410785,0.19958519865373256,4237,4287,2026-06-01 14:26:02.151827,5
7050,21,P15,no,5,-3.9450596958158712,0.19958519865373256,0.22270013882530884,4237,4282,2026-06-01 14:26:02.309951,5
7051,21,P24,yes,1,0.22511671166739688,0.22270013882530884,0.22754561719281613,4238,4282,2026-06-01 14:26:02.366984,5
7052,21,P15,yes,1,0.2299991558866168,0.22754561719281613,0.2324649929561242,4239,4282,2026-06-01 14:26:02.416548,5
7053,21,P23,yes,4,-0.8909980612861546,0.2324649929561242,0.2132315108375271,4235,4282,2026-06-01 14:26:02.443573,5
7054,21,P19,no,2,1.5827582003421412,0.2132315108375271,0.20405977695922933,4235,4284,2026-06-01 14:26:02.472960,5
7055,21,P19,yes,9,-1.6627790861411995,0.20405977695922933,0.16643440755425876,4226,4284,2026-06-01 14:26:02.678774,5
7056,21,P15,no,4,-3.302665841523776,0.16643440755425876,0.18242552380635632,4226,4280,2026-06-01 14:26:02.816473,5
7057,21,P01,yes,7,1.3826867273228345,0.18242552380635632,0.2132315108375271,4233,4280,2026-06-01 14:26:03.357222,5
7058,21,P15,no,1,0.7890861680907619,0.2132315108375271,0.20860852732604496,4233,4281,2026-06-01 14:26:03.367923,5
7059,21,P03,no,1,0.7936720322513793,0.20860852732604496,0.20405977695922933,4233,4282,2026-06-01 14:26:03.405745,5
7060,21,P15,yes,1,0.20632796774771123,0.20405977695922933,0.20860852732604496,4234,4282,2026-06-01 14:26:03.517754,5
7061,21,P09,no,1,0.7936720322522888,0.20860852732604496,0.20405977695922933,4234,4283,2026-06-01 14:26:03.640581,5
7062,21,P17,yes,1,0.20632796774862072,0.20405977695922933,0.20860852732604496,4235,4283,2026-06-01 14:26:03.726761,5
7063,21,P09,yes,15,-2.6545814870205504,0.20860852732604496,0.1480471980316895,4220,4283,2026-06-01 14:26:03.898138,5
7064,21,P01,yes,11,1.8560432242657043,0.1480471980316895,0.19085804424486547,4231,4283,2026-06-01 14:26:03.925865,5
7065,21,P09,no,1,0.8112745656599145,0.19085804424486547,0.18660508209316082,4231,4284,2026-06-01 14:26:03.958243,5
7066,21,P15,yes,1,0.18872543434008549,0.18660508209316082,0.19085804424486547,4232,4284,2026-06-01 14:26:03.997181,5
7067,21,P19,no,1,0.8112745656599145,0.19085804424486547,0.18660508209316082,4232,4285,2026-06-01 14:26:04.026169,5
7068,21,P17,yes,6,-1.0463627847238968,0.18660508209316082,0.16261630836153196,4226,4285,2026-06-01 14:26:04.181325,5
7069,21,P09,yes,2,-0.31776165840528847,0.16261630836153196,0.15519224623709701,4224,4285,2026-06-01 14:26:04.234071,5
7070,21,P19,no,1,0.8466170907731794,0.15519224623709701,0.1515851487892869,4224,4286,2026-06-01 14:26:04.248188,5
7071,21,P02,no,7,-5.847368059280598,0.1515851487892869,0.17831905610769247,4224,4279,2026-06-01 14:26:04.331188,5
7072,21,P09,no,1,0.8237038563738679,0.17831905610769247,0.17428532117858547,4224,4280,2026-06-01 14:26:04.683204,5
7073,21,P19,yes,7,-1.1261462346637927,0.17428532117858547,0.1480471980316895,4217,4280,2026-06-01 14:26:04.713180,5
7074,21,P24,no,1,-0.8501895624294775,0.1480471980316895,0.1515851487892869,4217,4279,2026-06-01 14:26:04.749749,5
7075,21,P11,no,1,-0.8466170907731794,0.1515851487892869,0.15519224623709701,4217,4278,2026-06-01 14:26:04.781007,5
7076,21,P14,yes,1,0.15702483732184191,0.15519224623709701,0.15886910488091516,4218,4278,2026-06-01 14:26:04.804333,5
7077,21,P14,yes,11,1.9880353351536542,0.15886910488091516,0.20405977695922933,4229,4278,2026-06-01 14:26:04.841685,5
7078,21,P17,no,1,0.7981836892058709,0.20405977695922933,0.19958519865373256,4229,4279,2026-06-01 14:26:05.124859,5
7079,21,P24,yes,1,0.2018163107941291,0.19958519865373256,0.20405977695922933,4230,4279,2026-06-01 14:26:05.220016,5
7080,21,P09,no,1,0.7981836892058709,0.20405977695922933,0.19958519865373256,4230,4280,2026-06-01 14:26:05.357210,5
7081,21,P19,no,1,0.8026212273498459,0.19958519865373256,0.19518467701384015,4230,4281,2026-06-01 14:26:05.360634,5
7082,21,P24,no,7,-5.52256421149832,0.19518467701384015,0.22754561719281613,4230,4274,2026-06-01 14:26:05.433645,5
7083,21,P23,no,1,0.7748832883326031,0.22754561719281613,0.22270013882530884,4230,4275,2026-06-01 14:26:05.612983,5
7084,21,P03,yes,1,-0.22030825730962533,0.22270013882530884,0.21792873238451507,4229,4275,2026-06-01 14:26:05.650626,5
7085,21,P03,yes,7,-1.4137514654266852,0.21792873238451507,0.18660508209316082,4222,4275,2026-06-01 14:26:05.712645,5
7086,21,P09,yes,1,-0.18450919831775536,0.18660508209316082,0.18242552380635632,4221,4275,2026-06-01 14:26:05.774266,5
7087,21,P15,no,1,-0.8154908016813351,0.18242552380635632,0.18660508209316082,4221,4274,2026-06-01 14:26:06.488061,5
7088,21,P17,yes,12,2.564116100049432,0.18660508209316082,0.24252442073717165,4233,4274,2026-06-01 14:26:06.682301,5
7089,21,P03,yes,1,-0.23998512580601528,0.24252442073717165,0.23745802834390253,4232,4274,2026-06-01 14:26:06.688838,5
7090,21,P15,yes,1,0.23998512580601528,0.23745802834390253,0.24252442073717165,4233,4274,2026-06-01 14:26:06.735690,5
7091,21,P11,yes,13,-2.748625298368097,0.24252442073717165,0.18242552380635632,4220,4274,2026-06-01 14:26:06.747416,5
7092,21,P03,no,1,0.8196337866811518,0.18242552380635632,0.17831905610769247,4220,4275,2026-06-01 14:26:06.901958,5
7093,21,P15,no,2,-1.6351245883633965,0.17831905610769247,0.18660508209316082,4220,4273,2026-06-01 14:26:06.905792,5
