trade_id,market_id,round_id,direction,quantity,price_impact,abs_price_impact
1,1,1,no,2,-0.013885317746004877,0.013885317746004877
2,1,1,no,12,-0.08212987558051194,0.08212987558051194
3,1,1,yes,15,0.10295919127477754,0.10295919127477754
4,1,1,no,20,-0.13590866289823395,0.13590866289823395
5,1,1,no,1,-0.0064588943083875305,0.0064588943083875305
6,1,1,yes,6,0.039408365931843936,0.039408365931843936
7,1,1,yes,1,0.006705817235090283,0.006705817235090283
8,1,1,yes,12,0.08236537814316586,0.08236537814316586
9,1,1,no,1,-0.006941319797744205,0.006941319797744205
10,1,1,no,1,-0.006935967626738038,0.006935967626738038
11,2,2,no,2,-0.013885317746004877,0.013885317746004877
12,2,2,no,11,-0.07542405834542165,0.07542405834542165
13,2,2,yes,13,0.08930937609142653,0.08930937609142653
14,2,2,no,1,-0.006943997948260672,0.006943997948260672
15,2,2,no,6,-0.041514530025016205,0.041514530025016205
16,2,2,yes,1,0.00688804475647703,0.00688804475647703
17,2,2,yes,13,0.09002901119007684,0.09002901119007684
18,2,2,no,1,-0.006888044756477085,0.006888044756477085
19,2,2,no,7,-0.048514481165060575,0.048514481165060575
20,2,2,no,1,-0.006941319797744205,0.006941319797744205
21,3,7,yes,1,0.006943997948260727,0.006943997948260727
22,3,7,yes,1,0.00694131979774415,0.00694131979774415
23,3,7,yes,18,0.12153824151235582,0.12153824151235582
24,3,7,no,2,-0.0129642280565061,0.0129642280565061
25,3,7,no,1,-0.006549739658341158,0.006549739658341158
26,3,7,no,13,-0.08816035648900022,0.08816035648900022
27,3,7,yes,16,0.10767432420384748,0.10767432420384748
28,3,7,yes,14,0.08457298038625694,0.08457298038625694
29,3,7,no,1,-0.005634110153561744,0.005634110153561744
30,3,7,no,1,-0.005701604461620269,0.005701604461620269
31,3,7,no,2,-0.01160154106402822,0.01160154106402822
32,3,7,no,3,-0.01788058479001442,0.01788058479001442
33,3,7,yes,1,0.006022277489922678,0.006022277489922678
34,3,7,no,20,-0.1298729214029467,0.1298729214029467
35,3,7,no,2,-0.013757572045569044,0.013757572045569044
36,3,7,yes,20,0.13152569450543217,0.13152569450543217
37,3,7,yes,4,0.023963106243175325,0.023963106243175325
38,3,7,yes,17,0.08970920519706538,0.08970920519706538
39,3,7,no,3,-0.014314106355288847,0.014314106355288847
40,3,7,no,1,-0.0049193757633081425,0.0049193757633081425
41,3,7,no,14,-0.07637339468136117,0.07637339468136117
42,3,7,no,1,-0.005960635697198957,0.005960635697198957
43,3,7,no,2,-0.012104798943083583,0.012104798943083583
44,3,7,no,8,-0.050636846520377476,0.050636846520377476
45,3,7,no,8,-0.05345799863366407,0.05345799863366407
46,3,7,no,1,-0.0068248316823924515,0.0068248316823924515
47,3,7,yes,17,0.110919676836434,0.110919676836434
48,3,7,yes,2,0.012104798943083583,0.012104798943083583
49,3,7,no,7,-0.043366931576584555,0.043366931576584555
50,3,7,no,1,-0.006410485830370405,0.006410485830370405
51,3,7,yes,5,0.031531325915197916,0.031531325915197916
52,3,7,no,1,-0.0061985164077413835,0.0061985164077413835
53,3,7,yes,12,0.07030220986418767,0.07030220986418767
54,3,7,no,13,-0.07655632937812618,0.07655632937812618
55,3,7,no,3,-0.019078689993518028,0.019078689993518028
56,3,7,no,1,-0.0064588943083874195,0.0064588943083874195
57,3,7,no,12,-0.08050613697669629,0.08050613697669629
58,3,7,yes,11,0.0740008032285776,0.0740008032285776
59,3,7,no,1,-0.006549739658341158,0.006549739658341158
60,3,7,no,8,-0.053733090657715366,0.053733090657715366
61,3,7,yes,7,0.0471410409577625,0.0471410409577625
62,3,7,yes,2,0.01314178935829402,0.01314178935829402
63,3,7,yes,1,0.00650533374811868,0.00650533374811868
64,3,7,yes,19,0.11287562553886354,0.11287562553886354
65,3,7,yes,7,0.03545957068585426,0.03545957068585426
66,3,7,no,9,-0.04624128254468618,0.04624128254468618
67,3,7,no,5,-0.028165833616335845,0.028165833616335845
68,3,7,no,3,-0.0176917683483534,0.0176917683483534
69,3,7,no,1,-0.006022277489922678,0.006022277489922678
70,3,7,yes,7,0.04081784046922465,0.04081784046922465
71,3,7,no,1,-0.005634110153561744,0.005634110153561744
72,3,7,yes,9,0.04817954216504161,0.04817954216504161
73,3,7,yes,5,0.024226517506375278,0.024226517506375278
74,3,7,no,5,-0.024226517506375278,0.024226517506375278
75,3,7,no,1,-0.005066392393269226,0.005066392393269226
76,3,7,no,1,-0.0051393804018998734,0.0051393804018998734
77,3,7,no,1,-0.0052119315902589,0.0052119315902589
78,3,7,yes,12,0.05769105571549027,0.05769105571549027
79,3,7,no,16,-0.0792531108272383,0.0792531108272383
80,3,7,no,8,-0.046383512983528496,0.046383512983528496
81,3,7,no,1,-0.006082521453160905,0.006082521453160905
82,3,7,no,12,-0.07708098439571531,0.07708098439571531
83,3,7,yes,1,0.0066701446519749075,0.0066701446519749075
84,3,7,yes,2,0.01322425356502177,0.01322425356502177
85,3,7,yes,1,0.006549739658341158,0.006549739658341158
86,3,7,no,2,-0.01314178935829402,0.01314178935829402
87,3,7,no,7,-0.0471410409577625,0.0471410409577625
88,3,7,no,9,0.060282830316056524,0.060282830316056524
89,3,7,yes,1,0.00650533374811868,0.00650533374811868
90,3,7,yes,18,0.10752017999170171,0.10752017999170171
91,3,7,no,14,-0.08198259568979627,0.08198259568979627
92,3,7,no,5,-0.03204291805002413,0.03204291805002413
93,3,7,yes,1,0.00650533374811868,0.00650533374811868
94,3,7,no,20,-0.13590866289823395,0.13590866289823395
95,3,7,no,4,-0.0277225154051432,0.0277225154051432
96,3,7,yes,1,0.006917278298890717,0.006917278298890717
97,3,7,yes,1,0.00692794968177024,0.00692794968177024
98,3,7,yes,4,0.027765283321003642,0.027765283321003642
99,3,7,yes,8,0.05523250293753734,0.05523250293753734
100,3,7,yes,1,0.0068248316823924515,0.0068248316823924515
101,3,7,no,11,-0.07594533051645119,0.07594533051645119
102,3,7,yes,2,0.013887995896521399,0.013887995896521399
103,3,7,yes,1,0.00694131979774415,0.00694131979774415
104,3,7,yes,12,0.08212987558051188,0.08212987558051188
105,3,7,no,1,0.0066701446519749075,0.0066701446519749075
106,3,7,yes,1,0.006632203865068909,0.006632203865068909
107,3,7,yes,1,0.006592049699952862,0.006592049699952862
108,3,7,yes,1,0.006549739658341158,0.006549739658341158
109,3,7,no,20,-0.13634464894785947,0.13634464894785947
110,3,7,no,9,-0.06191473586979551,0.06191473586979551
111,3,7,yes,20,0.13797655450159846,0.13797655450159846
112,3,7,yes,2,0.013623552730002264,0.013623552730002264
113,3,7,yes,8,0.05316461133417294,0.05316461133417294
114,3,7,yes,13,0.07969616007946234,0.07969616007946234
115,3,7,yes,1,0.005701604461620269,0.005701604461620269
116,3,7,no,10,-0.05986018023917716,0.05986018023917716
117,3,7,yes,1,0.006254119513938505,0.006254119513938505
118,3,7,no,1,-0.006254119513938505,0.006254119513938505
119,3,7,yes,17,0.09783394960904968,0.09783394960904968
120,3,7,no,1,-0.0052119315902589,0.0052119315902589
121,3,7,no,2,-0.010639422328994508,0.010639422328994508
122,3,7,no,1,-0.0054262663116700915,0.0054262663116700915
123,3,7,yes,17,0.08233633927683437,0.08233633927683437
124,3,7,no,3,-0.012980116560571742,0.012980116560571742
125,3,7,no,1,-0.004474578305496801,0.004474578305496801
126,3,7,no,15,-0.0759436833961531,0.0759436833961531
127,3,7,yes,8,0.04254543201147987,0.04254543201147987
128,3,7,no,2,-0.010205772795169099,0.010205772795169099
129,3,7,no,4,-0.0212776202309235,0.0212776202309235
130,3,7,no,3,-0.016696149138949012,0.016696149138949012
131,3,7,no,14,-0.08539776454108261,0.08539776454108261
132,3,7,yes,1,0.0064588943083874195,0.0064588943083874195
133,3,7,yes,2,0.01277066060538401,0.01277066060538401
134,3,7,yes,9,0.05469852514992435,0.05469852514992435
135,3,7,no,5,-0.02979656729143698,0.02979656729143698
136,3,7,no,1,-0.00614129254867346,0.00614129254867346
137,3,7,no,1,-0.0061985164077413835,0.0061985164077413835
138,3,7,no,1,-0.006254119513938505,0.006254119513938505
139,3,7,yes,20,0.11303275779199706,0.11303275779199706
140,3,7,yes,4,0.01923348211859699,0.01923348211859699
141,3,7,yes,6,0.026626428744366493,0.026626428744366493
142,3,7,no,2,-0.0085795949206795,0.0085795949206795
143,3,7,no,1,-0.004400521639892241,0.004400521639892241
144,3,7,no,1,0.004400521639892241,0.004400521639892241
145,3,7,yes,1,0.004326632768974825,0.004326632768974825
146,3,7,no,6,-0.027070688139649746,0.027070688139649746
147,3,7,no,1,-0.004771406440793768,0.004771406440793768
148,3,7,no,8,-0.04081501623301609,0.04081501623301609
149,3,7,no,2,-0.010922632782753516,0.010922632782753516
150,3,7,no,2,-0.011199782667865588,0.011199782667865588
151,3,7,yes,1,0.005634110153561744,0.005634110153561744
152,3,7,no,1,-0.005634110153561744,0.005634110153561744
153,3,7,yes,1,0.005634110153561744,0.005634110153561744
639,3,8,no,3,0.012101605162510576,0.012101605162510576
154,3,7,no,14,-0.08457298038625694,0.08457298038625694
155,3,7,no,8,0.04977741740695496,0.04977741740695496
156,3,7,yes,1,0.005960635697198957,0.005960635697198957
157,3,7,no,12,-0.07525202081900118,0.07525202081900118
158,3,7,yes,1,0.006549739658341158,0.006549739658341158
159,3,7,yes,8,0.050636846520377476,0.050636846520377476
160,3,7,no,1,0.006082521453160905,0.006082521453160905
640,3,8,no,1,0.0038895110895871277,0.0038895110895871277
161,3,7,yes,1,0.006022277489922678,0.006022277489922678
162,3,7,yes,13,0.07227460259751262,0.07227460259751262
163,3,7,no,14,-0.0782968800874353,0.0782968800874353
164,3,7,no,1,-0.006082521453160905,0.006082521453160905
165,3,7,no,5,-0.03126213263350097,0.03126213263350097
166,3,7,yes,4,0.02512084008482751,0.02512084008482751
167,3,7,yes,12,0.06952995976811638,0.06952995976811638
168,3,7,yes,16,0.07691007296516428,0.07691007296516428
169,3,7,yes,1,0.004179558286804386,0.004179558286804386
641,3,8,no,8,0.02859275058932298,0.02859275058932298
642,3,8,no,1,-0.003334478476924252,0.003334478476924252
170,3,7,no,8,-0.03550320857815881,0.03550320857815881
171,3,7,no,1,-0.004771406440793768,0.004771406440793768
172,3,7,no,8,-0.04081501623301609,0.04081501623301609
173,3,7,yes,8,0.04081501623301609,0.04081501623301609
174,3,7,no,8,-0.04081501623301609,0.04081501623301609
175,3,7,no,20,-0.12057525339816155,0.12057525339816155
176,3,7,no,1,-0.006592049699952862,0.006592049699952862
177,3,7,yes,3,0.0196471231064127,0.0196471231064127
178,3,7,yes,1,0.0064588943083874195,0.0064588943083874195
179,3,7,yes,1,0.006410485830370405,0.006410485830370405
180,3,7,yes,1,0.006360174775013605,0.006360174775013605
181,3,7,yes,2,0.012562148902072523,0.012562148902072523
182,3,7,yes,7,0.042136376247851826,0.042136376247851826
183,3,7,no,11,-0.06746918575530836,0.06746918575530836
184,3,7,no,5,-0.03273822127986903,0.03273822127986903
185,3,7,yes,11,0.0704108397437404,0.0704108397437404
186,3,7,yes,7,0.041266251768823814,0.041266251768823814
187,3,7,no,1,-0.005701604461620269,0.005701604461620269
188,3,7,no,1,-0.0057680800157665635,0.0057680800157665635
189,3,7,yes,1,0.0057680800157665635,0.0057680800157665635
190,3,7,yes,1,0.005701604461620269,0.005701604461620269
191,3,7,no,1,-0.005701604461620269,0.005701604461620269
192,3,7,no,5,-0.02948212585404264,0.02948212585404264
193,3,7,yes,17,0.09327568363179095,0.09327568363179095
194,3,7,no,1,-0.0049193757633081425,0.0049193757633081425
643,3,8,no,4,-0.014016110795237124,0.014016110795237124
644,3,8,no,1,-0.0036768586438180595,0.0036768586438180595
195,3,7,yes,1,0.0049193757633081425,0.0049193757633081425
196,3,7,no,13,-0.06956163779351487,0.06956163779351487
197,3,7,yes,3,0.017103794630948577,0.017103794630948577
198,3,7,yes,1,0.005565672514303843,0.005565672514303843
645,3,8,no,3,-0.011454813762930671,0.011454813762930671
646,3,8,no,16,0.05400677466618986,0.05400677466618986
647,3,8,no,1,-0.002885778044461773,0.002885778044461773
199,3,7,yes,1,0.005496366471083425,0.005496366471083425
200,3,7,no,1,-0.005496366471083425,0.005496366471083425
201,3,7,yes,15,0.07485258918734605,0.07485258918734605
648,3,8,no,1,-0.0029474764738243175,0.0029474764738243175
202,3,7,yes,2,0.008727154408867066,0.008727154408867066
203,3,7,no,13,-0.062017688484465094,0.062017688484465094
649,3,8,no,1,-0.0030100010790551357,0.0030100010790551357
204,3,7,no,1,-0.005283976781832678,0.005283976781832678
205,3,7,yes,6,0.030614092318347108,0.030614092318347108
206,3,7,yes,1,-0.0049193757633081425,0.0049193757633081425
207,3,7,yes,2,-0.010059427781047514,0.010059427781047514
208,3,7,no,17,-0.09671921049701104,0.09671921049701104
209,3,7,yes,6,0.03630291519959017,0.03630291519959017
650,3,8,no,1,-0.003073338017522187,0.003073338017522187
210,3,7,yes,10,0.055276914895521,0.055276914895521
211,3,7,no,1,-0.0052119315902589,0.0052119315902589
212,3,7,no,13,-0.07402808954843743,0.07402808954843743
651,3,8,no,1,-0.003137471938287395,0.003137471938287395
213,3,7,yes,1,0.006082521453160905,0.006082521453160905
214,3,7,yes,1,0.006022277489922678,0.006022277489922678
215,3,7,yes,1,0.005960635697198957,0.005960635697198957
216,3,7,yes,14,0.07637339468136117,0.07637339468136117
652,3,8,yes,14,-0.05105431427554963,0.05105431427554963
217,3,7,no,10,-0.0531725775528199,0.0531725775528199
218,3,7,yes,5,0.027477860997780934,0.027477860997780934
653,3,8,no,1,-0.004179558286804386,0.004179558286804386
654,3,8,yes,1,-0.004252962151704676,0.004252962151704676
219,3,7,no,1,-0.00535544554716183,0.00535544554716183
655,3,8,no,4,-0.017750483081179547,0.017750483081179547
656,3,8,yes,12,0.049739422445129855,0.049739422445129855
220,3,7,yes,7,0.03596953786550894,0.03596953786550894
657,3,8,yes,1,-0.0037472034806167454,0.0037472034806167454
221,3,7,no,1,-0.0049193757633081425,0.0049193757633081425
222,3,7,yes,1,0.0049193757633081425,0.0049193757633081425
658,3,8,no,1,-0.003818099192726798,0.003818099192726798
223,3,7,yes,16,0.06867651231190097,0.06867651231190097
224,3,7,yes,5,-0.019449951226777396,0.019449951226777396
225,3,7,yes,14,0.05008531851517317,0.05008531851517317
226,3,7,no,20,-0.07582603936670995,0.07582603936670995
227,3,7,no,13,-0.06488164441076583,0.06488164441076583
228,3,7,yes,1,0.0054262663116700915,0.0054262663116700915
229,3,7,yes,15,0.0726571108134596,0.0726571108134596
230,3,7,no,13,-0.062017688484465094,0.062017688484465094
659,3,8,no,1,0.003818099192726798,0.003818099192726798
231,3,7,no,1,-0.005283976781832678,0.005283976781832678
232,3,7,yes,15,0.07155462741800245,0.07155462741800245
233,3,7,no,1,-0.004252962151704676,0.004252962151704676
234,3,7,yes,6,0.024423636690606765,0.024423636690606765
235,3,7,yes,1,0.003818099192726798,0.003818099192726798
236,3,7,no,1,-0.003818099192726798,0.003818099192726798
237,3,7,no,1,-0.0038895110895871277,0.0038895110895871277
660,3,8,no,5,-0.0198092154448245,0.0198092154448245
661,3,8,yes,1,0.0041064676986638515,0.0041064676986638515
662,3,8,no,1,0.00403373492910708,0.00403373492910708
238,3,7,yes,2,-0.007995137463846724,0.007995137463846724
239,3,7,no,1,-0.0041064676986638515,0.0041064676986638515
240,3,7,yes,9,0.03437832577466693,0.03437832577466693
241,3,7,no,4,-0.014569110329842427,0.014569110329842427
242,3,7,yes,17,-0.07484171998237066,0.07484171998237066
243,3,7,no,8,0.03787282969017003,0.03787282969017003
244,3,7,no,1,-0.004474578305496801,0.004474578305496801
245,3,7,no,1,-0.004548750366815679,0.004548750366815679
663,3,8,no,1,-0.00403373492910708,0.00403373492910708
246,3,7,yes,1,-0.00462298351148227,0.00462298351148227
247,3,7,no,5,-0.024226517506375278,0.024226517506375278
664,3,8,yes,1,0.00403373492910708,0.00403373492910708
248,3,7,no,1,-0.005066392393269226,0.005066392393269226
249,3,7,yes,6,0.029292909899644504,0.029292909899644504
250,3,7,no,1,-0.004697221546987929,0.004697221546987929
665,3,8,yes,1,0.003961402534739644,0.003961402534739644
251,3,7,no,1,-0.004771406440793768,0.004771406440793768
252,3,7,no,1,-0.00484547836750715,0.00484547836750715
253,3,7,yes,19,0.07949841916112665,0.07949841916112665
254,3,7,no,9,-0.03437832577466693,0.03437832577466693
255,3,7,no,10,-0.045120093386459725,0.045120093386459725
256,3,7,yes,1,0.00484547836750715,0.00484547836750715
257,3,7,yes,1,0.004771406440793768,0.004771406440793768
258,3,7,no,2,-0.009616884808300918,0.009616884808300918
259,3,7,yes,1,0.00484547836750715,0.00484547836750715
260,3,7,yes,2,0.009468627987781697,0.009468627987781697
261,3,7,no,2,-0.009468627987781697,0.009468627987781697
262,3,7,yes,1,-0.00484547836750715,0.00484547836750715
263,3,7,no,1,-0.0049193757633081425,0.0049193757633081425
1386,3,9,yes,3,-0.017499212666921005,0.017499212666921005
264,3,7,yes,5,0.02385646563007926,0.02385646563007926
265,3,7,no,5,-0.02385646563007926,0.02385646563007926
266,3,7,yes,1,0.0049193757633081425,0.0049193757633081425
666,3,8,no,2,-0.007995137463846724,0.007995137463846724
667,3,8,yes,3,0.011884648553433852,0.011884648553433852
267,3,7,yes,1,-0.0049193757633081425,0.0049193757633081425
668,3,8,no,1,0.003818099192726798,0.003818099192726798
268,3,7,yes,1,0.0049193757633081425,0.0049193757633081425
669,3,8,no,1,0.0037472034806167454,0.0037472034806167454
269,3,7,no,20,-0.1116980140413667,0.1116980140413667
270,3,7,yes,9,0.05360606072523866,0.05360606072523866
271,3,7,yes,16,0.08157779354971484,0.08157779354971484
272,3,7,yes,1,0.004474578305496801,0.004474578305496801
273,3,7,no,5,-0.023114940171576448,0.023114940171576448
274,3,7,no,1,-0.00484547836750715,0.00484547836750715
1387,3,9,yes,1,0.0058976716028927845,0.0058976716028927845
1388,3,9,no,12,0.0654826876906901,0.0654826876906901
1389,3,9,no,5,-0.026057126714422507,0.026057126714422507
275,3,7,yes,10,0.045120093386459725,0.045120093386459725
276,3,7,no,3,-0.012759153207483886,0.012759153207483886
277,3,7,yes,5,0.020899355835254818,0.020899355835254818
278,3,7,no,2,-0.008140202627770932,0.008140202627770932
1390,3,9,yes,1,0.00535544554716183,0.00535544554716183
670,3,8,yes,2,0.007283956091628241,0.007283956091628241
279,3,7,no,1,-0.004179558286804386,0.004179558286804386
280,3,7,no,4,-0.017454694866068543,0.017454694866068543
281,3,7,no,2,-0.00917173387829795,0.00917173387829795
282,3,7,yes,1,0.00462298351148227,0.00462298351148227
1391,3,9,yes,2,-0.010781711858831922,0.010781711858831922
283,3,7,no,2,-0.009320205058470199,0.009320205058470199
671,3,8,yes,2,-0.007283956091628241,0.007283956091628241
1392,3,9,yes,1,-0.005496366471083425,0.005496366471083425
1393,3,9,yes,14,-0.08372816707019037,0.08372816707019037
1394,3,9,yes,12,-0.07965754420293303,0.07965754420293303
1395,3,9,no,2,-0.013717972912521081,0.013717972912521081
1396,3,9,yes,2,0.013717972912521081,0.013717972912521081
1397,3,9,yes,1,0.0068248316823924515,0.0068248316823924515
1398,3,9,yes,1,0.0067987210476098126,0.0067987210476098126
1399,3,9,yes,1,0.006770152846514388,0.006770152846514388
1400,3,9,no,1,-0.006770152846514388,0.006770152846514388
1401,3,9,no,1,0.006770152846514388,0.006770152846514388
284,3,7,no,2,-0.009616884808300918,0.009616884808300918
1402,3,9,yes,1,0.0067391696291118075,0.0067391696291118075
285,3,7,yes,6,0.027960418539083598,0.027960418539083598
1403,3,9,yes,5,0.033149955110428064,0.033149955110428064
1404,3,9,no,2,-0.01314178935829402,0.01314178935829402
1405,3,9,yes,1,0.006592049699952862,0.006592049699952862
672,3,8,no,1,-0.0037472034806167454,0.0037472034806167454
286,3,7,yes,3,-0.013646312183794751,0.013646312183794751
287,3,7,no,2,-0.009468627987781697,0.009468627987781697
288,3,7,no,1,-0.00484547836750715,0.00484547836750715
1406,3,9,no,3,-0.019894398216996678,0.019894398216996678
673,3,8,no,2,-0.007707610282313926,0.007707610282313926
1407,3,9,no,9,-0.061348679973112774,0.061348679973112774
1408,3,9,no,11,-0.07623699657020383,0.07623699657020383
674,3,8,no,1,-0.003961402534739644,0.003961402534739644
1409,3,9,no,8,0.055455800962804724,0.055455800962804724
1410,3,9,yes,1,0.006935967626738093,0.006935967626738093
1411,3,9,no,1,-0.006935967626738093,0.006935967626738093
675,3,8,no,1,0.003961402534739644,0.003961402534739644
1412,3,9,yes,1,0.006935967626738093,0.006935967626738093
1413,3,9,yes,8,0.05497876824305736,0.05497876824305736
1414,3,9,no,1,0.006770152846514388,0.006770152846514388
1415,3,9,yes,1,0.0067391696291118075,0.0067391696291118075
1416,3,9,yes,5,0.033149955110428064,0.033149955110428064
1417,3,9,yes,10,0.06274164546346106,0.06274164546346106
1418,3,9,yes,3,-0.018246091491757044,0.018246091491757044
1419,3,9,no,1,-0.0061985164077413835,0.0061985164077413835
1420,3,9,yes,13,0.07572847617585776,0.07572847617585776
1421,3,9,no,2,-0.010922632782753516,0.010922632782753516
676,3,8,yes,3,-0.012101605162510576,0.012101605162510576
1422,3,9,no,8,-0.046383512983528496,0.046383512983528496
289,3,7,yes,15,0.06492930883128423,0.06492930883128423
1423,3,9,yes,5,-0.030984479311648272,0.030984479311648272
290,3,7,no,1,-0.003818099192726798,0.003818099192726798
291,3,7,no,13,-0.05626573127105028,0.05626573127105028
292,3,7,no,3,-0.014757889518593581,0.014757889518593581
293,3,7,yes,3,0.014757889518593581,0.014757889518593581
294,3,7,yes,5,0.023114940171576448,0.023114940171576448
295,3,7,no,1,-0.004474578305496801,0.004474578305496801
296,3,7,no,7,0.02977445578064386,0.02977445578064386
297,3,7,no,7,-0.02977445578064386,0.02977445578064386
677,3,8,yes,1,-0.004179558286804386,0.004179558286804386
1424,3,9,yes,1,0.006308029388134018,0.006308029388134018
1425,3,9,no,2,-0.012668204163147623,0.012668204163147623
678,3,8,no,19,-0.09339837826222164,0.09339837826222164
298,3,7,yes,2,0.008875099945389042,0.008875099945389042
679,3,8,yes,1,0.005565672514303843,0.005565672514303843
299,3,7,yes,1,-0.004400521639892241,0.004400521639892241
680,3,8,yes,6,0.0319133671039068,0.0319133671039068
1426,3,9,yes,1,0.006360174775013605,0.006360174775013605
681,3,8,no,1,-0.0051393804018998734,0.0051393804018998734
682,3,8,no,1,0.0051393804018998734,0.0051393804018998734
1427,3,9,no,1,-0.006360174775013605,0.006360174775013605
683,3,8,yes,1,0.005066392393269226,0.005066392393269226
1428,3,9,yes,1,-0.006410485830370405,0.006410485830370405
684,3,8,no,1,-0.005066392393269226,0.005066392393269226
300,3,7,yes,1,0.004400521639892241,0.004400521639892241
1429,3,9,no,1,-0.0064588943083874195,0.0064588943083874195
1430,3,9,yes,12,-0.08050613697669629,0.08050613697669629
1431,3,9,no,14,-0.09691705594655387,0.09691705594655387
301,3,7,no,8,-0.03728031594228398,0.03728031594228398
685,3,8,no,3,-0.01563528877399145,0.01563528877399145
1432,3,9,no,1,-0.0068695272890921255,0.0068695272890921255
1433,3,9,yes,4,0.027578820207855848,0.027578820207855848
686,3,8,yes,1,0.005283976781832678,0.005283976781832678
1434,3,9,yes,12,0.0830772903168821,0.0830772903168821
302,3,7,no,1,-0.0049930353877782885,0.0049930353877782885
687,3,8,yes,1,0.0052119315902589,0.0052119315902589
303,3,7,yes,1,0.0049930353877782885,0.0049930353877782885
1435,3,9,yes,3,0.020471998353431387,0.020471998353431387
1436,3,9,yes,4,0.02688528436269133,0.02688528436269133
1437,3,9,yes,2,0.01322425356502177,0.01322425356502177
688,3,8,no,4,-0.0212776202309235,0.0212776202309235
689,3,8,yes,1,-0.005496366471083425,0.005496366471083425
1438,3,9,yes,1,0.006549739658341158,0.006549739658341158
1439,3,9,no,6,-0.03988912473953987,0.03988912473953987
304,3,7,yes,6,0.02840521599689494,0.02840521599689494
690,3,8,no,1,-0.005565672514303843,0.005565672514303843
691,3,8,no,8,0.04254543201147987,0.04254543201147987
1440,3,9,yes,9,-0.06174892108957175,0.06174892108957175
692,3,8,yes,1,0.0049930353877782885,0.0049930353877782885
1441,3,9,yes,11,0.07519390795377379,0.07519390795377379
693,3,8,yes,11,0.05003946914976787,0.05003946914976787
1442,3,9,no,3,-0.020215139710716423,0.020215139710716423
1443,3,9,yes,1,0.006770152846514388,0.006770152846514388
694,3,8,no,8,0.030840375017069488,0.030840375017069488
1444,3,9,yes,5,0.033339385081198714,0.033339385081198714
305,3,7,yes,1,-0.004548750366815679,0.004548750366815679
1445,3,9,no,1,0.006549739658341158,0.006549739658341158
695,3,8,no,2,-0.007283956091628241,0.007283956091628241
306,3,7,yes,1,0.004548750366815679,0.004548750366815679
307,3,7,yes,5,0.02163425315287293,0.02163425315287293
308,3,7,no,1,-0.004179558286804386,0.004179558286804386
696,3,8,yes,1,0.0036768586438180595,0.0036768586438180595
1446,3,9,yes,1,0.00650533374811868,0.00650533374811868
1447,3,9,no,1,-0.00650533374811868,0.00650533374811868
697,3,8,no,1,-0.0036768586438180595,0.0036768586438180595
698,3,8,yes,12,-0.049739422445129855,0.049739422445129855
699,3,8,yes,1,0.004548750366815679,0.004548750366815679
309,3,7,yes,1,0.004179558286804386,0.004179558286804386
700,3,8,yes,3,-0.013868955425285878,0.013868955425285878
701,3,8,no,1,0.004697221546987929,0.004697221546987929
310,3,7,yes,1,0.0041064676986638515,0.0041064676986638515
1448,3,9,no,1,0.00650533374811868,0.00650533374811868
1449,3,9,no,1,0.0064588943083874195,0.0064588943083874195
702,3,8,no,7,-0.03443229030154438,0.03443229030154438
1450,3,9,yes,2,0.01277066060538401,0.01277066060538401
311,3,7,no,10,-0.04438108271761643,0.04438108271761643
312,3,7,yes,1,0.004771406440793768,0.004771406440793768
703,3,8,no,12,0.056805756894206194,0.056805756894206194
1451,3,9,no,1,0.006308029388134018,0.006308029388134018
1452,3,9,yes,1,0.006254119513938505,0.006254119513938505
1453,3,9,no,3,-0.018922323677086128,0.018922323677086128
1454,3,9,yes,5,-0.032516503245170525,0.032516503245170525
1455,3,9,no,1,-0.006632203865068909,0.006632203865068909
1456,3,9,yes,6,0.039148707110239434,0.039148707110239434
1457,3,9,no,10,0.061058699924937954,0.061058699924937954
1458,3,9,yes,12,-0.07392808006369578,0.07392808006369578
1459,3,9,no,5,-0.03294947162345652,0.03294947162345652
1460,3,9,yes,6,0.039408365931843936,0.039408365931843936
313,3,7,yes,1,0.004697221546987929,0.004697221546987929
704,3,8,no,20,-0.10048113072569897,0.10048113072569897
705,3,8,no,1,-0.0057680800157665635,0.0057680800157665635
1461,3,9,no,10,-0.06642222669017017,0.06642222669017017
1462,3,9,yes,13,0.0855009166836882,0.0855009166836882
314,3,7,yes,1,-0.004697221546987929,0.004697221546987929
1463,3,9,no,1,0.006254119513938505,0.006254119513938505
706,3,8,no,1,-0.005833461048261657,0.005833461048261657
707,3,8,yes,1,0.005833461048261657,0.005833461048261657
708,3,8,yes,1,0.0057680800157665635,0.0057680800157665635
709,3,8,no,12,-0.07323726577107492,0.07323726577107492
1464,3,9,no,1,0.0061985164077413835,0.0061985164077413835
1465,3,9,yes,1,-0.0061985164077413835,0.0061985164077413835
710,3,8,yes,8,0.04977741740695496,0.04977741740695496
711,3,8,no,7,-0.043366931576584555,0.043366931576584555
712,3,8,yes,1,0.006360174775013605,0.006360174775013605
713,3,8,no,1,0.006308029388134018,0.006308029388134018
714,3,8,no,1,-0.006308029388134018,0.006308029388134018
715,3,8,yes,5,0.030984479311648272,0.030984479311648272
716,3,8,yes,14,0.0782968800874353,0.0782968800874353
1466,3,9,no,10,0.0592401708788004,0.0592401708788004
1467,3,9,no,1,-0.005634110153561744,0.005634110153561744
717,3,8,yes,11,0.05166637649230632,0.05166637649230632
718,3,8,yes,1,-0.004326632768974825,0.004326632768974825
719,3,8,no,1,-0.004400521639892241,0.004400521639892241
720,3,8,no,1,-0.004474578305496801,0.004474578305496801
1468,3,9,no,1,-0.005701604461620269,0.005701604461620269
721,3,8,no,1,0.004474578305496801,0.004474578305496801
315,3,7,no,3,-0.014536260571609061,0.014536260571609061
1469,3,9,yes,11,-0.06682677994070452,0.06682677994070452
722,3,8,yes,7,-0.03287979430239174,0.03287979430239174
723,3,8,no,1,-0.0049930353877782885,0.0049930353877782885
724,3,8,yes,20,-0.11434775179235279,0.11434775179235279
725,3,8,yes,7,-0.04550888188525304,0.04550888188525304
726,3,8,yes,1,0.006632203865068909,0.006632203865068909
727,3,8,yes,1,-0.006632203865068909,0.006632203865068909
728,3,8,no,15,0.09437394598691573,0.09437394598691573
729,3,8,no,3,-0.01788058479001442,0.01788058479001442
730,3,8,yes,1,-0.006082521453160905,0.006082521453160905
316,3,7,yes,2,0.009764854130815293,0.009764854130815293
731,3,8,yes,1,0.006082521453160905,0.006082521453160905
732,3,8,no,1,-0.006082521453160905,0.006082521453160905
733,3,8,no,1,-0.00614129254867346,0.00614129254867346
734,3,8,yes,2,0.012223814001834366,0.012223814001834366
735,3,8,no,12,0.06794556809527652,0.06794556809527652
736,3,8,yes,14,-0.08016938209711089,0.08016938209711089
1470,3,9,yes,5,-0.032516503245170525,0.032516503245170525
1471,3,9,yes,1,-0.006632203865068909,0.006632203865068909
1472,3,9,yes,1,0.006632203865068909,0.006632203865068909
737,3,8,no,1,0.00614129254867346,0.00614129254867346
738,3,8,yes,1,0.006082521453160905,0.006082521453160905
1473,3,9,no,9,0.057637343329998036,0.057637343329998036
317,3,7,no,7,-0.03545957068585426,0.03545957068585426
318,3,7,no,1,-0.00535544554716183,0.00535544554716183
319,3,7,yes,13,0.06392995640459254,0.06392995640459254
2158,3,10,no,1,0.0067391696291118075,0.0067391696291118075
739,3,8,yes,1,0.006022277489922678,0.006022277489922678
740,3,8,yes,1,0.005960635697198957,0.005960635697198957
1474,3,9,yes,13,-0.08438467871124389,0.08438467871124389
741,3,8,no,9,0.05067867812632221,0.05067867812632221
1475,3,9,yes,1,0.0067391696291118075,0.0067391696291118075
320,3,7,no,2,0.008727154408867066,0.008727154408867066
742,3,8,no,20,-0.11938095928698222,0.11938095928698222
743,3,8,no,3,-0.01977399322336293,0.01977399322336293
744,3,8,yes,13,0.08251563868682399,0.08251563868682399
321,3,7,no,3,-0.013201732714363867,0.013201732714363867
745,3,8,no,1,0.005960635697198957,0.005960635697198957
322,3,7,no,1,0.004474578305496801,0.004474578305496801
1476,3,9,no,1,0.006705817235090228,0.006705817235090228
1477,3,9,no,1,-0.006705817235090228,0.006705817235090228
1478,3,9,yes,1,0.006705817235090228,0.006705817235090228
1479,3,9,yes,1,0.0066701446519749075,0.0066701446519749075
1480,3,9,yes,1,0.006632203865068909,0.006632203865068909
2159,3,10,no,1,0.006705817235090228,0.006705817235090228
746,3,8,no,3,-0.01806543464028254,0.01806543464028254
747,3,8,yes,1,0.006082521453160905,0.006082521453160905
748,3,8,no,2,-0.012223814001834366,0.012223814001834366
749,3,8,yes,16,0.09052069408926966,0.09052069408926966
750,3,8,no,1,0.005066392393269226,0.005066392393269226
751,3,8,no,6,-0.0314833930260926,0.0314833930260926
323,3,7,no,2,-0.00902332867231248,0.00902332867231248
752,3,8,no,2,-0.011062038985387268,0.011062038985387268
753,3,8,no,1,-0.005634110153561744,0.005634110153561744
2160,3,10,no,1,-0.006705817235090228,0.006705817235090228
1481,3,9,yes,5,0.032516503245170525,0.032516503245170525
324,3,7,no,7,-0.033915893411126774,0.033915893411126774
1482,3,9,no,1,0.006360174775013605,0.006360174775013605
754,3,8,no,1,-0.005701604461620269,0.005701604461620269
755,3,8,no,1,-0.0057680800157665635,0.0057680800157665635
756,3,8,no,13,0.06956163779351487,0.06956163779351487
757,3,8,no,1,-0.0049193757633081425,0.0049193757633081425
1483,3,9,no,2,-0.01277066060538401,0.01277066060538401
758,3,8,no,13,-0.07047572307846839,0.07047572307846839
325,3,7,no,12,-0.06631396690031366,0.06631396690031366
326,3,7,yes,4,0.023200817128541273,0.023200817128541273
1484,3,9,no,13,-0.0869650312850837,0.0869650312850837
759,3,8,no,17,-0.10774990787398087,0.10774990787398087
327,3,7,yes,1,0.005634110153561744,0.005634110153561744
328,3,7,yes,1,0.005565672514303843,0.005565672514303843
760,3,8,no,1,-0.0067391696291118075,0.0067391696291118075
761,3,8,no,8,-0.05482097140780151,0.05482097140780151
762,3,8,yes,11,-0.07620776302779009,0.07620776302779009
763,3,8,no,10,0.06927981334601985,0.06927981334601985
329,3,7,yes,2,-0.011199782667865588,0.011199782667865588
330,3,7,yes,1,0.005634110153561744,0.005634110153561744
764,3,8,yes,1,0.00692794968177024,0.00692794968177024
765,3,8,yes,13,0.08816035648900022,0.08816035648900022
1485,3,9,no,1,0.006869527289091959,0.006869527289091959
1486,3,9,no,1,0.0068484456234291224,0.0068484456234291224
1487,3,9,yes,3,0.020393705576516652,0.020393705576516652
766,3,8,no,2,-0.01322425356502177,0.01322425356502177
767,3,8,yes,1,0.006632203865068909,0.006632203865068909
1488,3,9,yes,11,0.071932042789564,0.071932042789564
331,3,7,no,1,0.005565672514303843,0.005565672514303843
332,3,7,yes,10,0.051737649015769605,0.051737649015769605
1489,3,9,no,8,0.04839049576179033,0.04839049576179033
1490,3,9,yes,1,-0.005833461048261657,0.005833461048261657
768,3,8,yes,4,0.02610601741480012,0.02610601741480012
769,3,8,yes,2,0.01277066060538401,0.01277066060538401
1491,3,9,yes,1,-0.0058976716028927845,0.0058976716028927845
770,3,8,no,2,-0.01277066060538401,0.01277066060538401
1492,3,9,no,6,-0.03665936311063589,0.03665936311063589
771,3,8,yes,6,0.03767261846387138,0.03767261846387138
2161,3,10,no,1,-0.0067391696291118075,0.0067391696291118075
772,3,8,yes,11,0.06338866721944292,0.06338866721944292
1493,3,9,yes,1,-0.006308029388134018,0.006308029388134018
2162,3,10,yes,1,0.0067391696291118075,0.0067391696291118075
773,3,8,no,1,-0.0054262663116700915,0.0054262663116700915
333,3,7,no,3,-0.014757889518593581,0.014757889518593581
774,3,8,yes,15,0.07375674435615487,0.07375674435615487
334,3,7,yes,3,0.014757889518593581,0.014757889518593581
775,3,8,no,5,-0.02274405537067492,0.02274405537067492
1494,3,9,yes,1,-0.006360174775013605,0.006360174775013605
776,3,8,no,4,-0.01952929595938735,0.01952929595938735
2163,3,10,no,11,0.0714469926743907,0.0714469926743907
777,3,8,no,1,-0.005066392393269226,0.005066392393269226
2164,3,10,no,1,-0.006254119513938505,0.006254119513938505
335,3,7,no,1,-0.00484547836750715,0.00484547836750715
1495,3,9,no,9,-0.059263838626416376,0.059263838626416376
778,3,8,no,1,-0.0051393804018998734,0.0051393804018998734
336,3,7,yes,2,0.009616884808300918,0.009616884808300918
779,3,8,no,1,-0.0052119315902589,0.0052119315902589
2165,3,10,no,1,-0.006308029388134018,0.006308029388134018
2166,3,10,yes,4,-0.02573488866189011,0.02573488866189011
1496,3,9,yes,1,0.0067391696291118075,0.0067391696291118075
2167,3,10,no,7,0.044495553971704016,0.044495553971704016
2168,3,10,no,1,-0.0061985164077413835,0.0061985164077413835
2169,3,10,yes,6,0.03630291519959017,0.03630291519959017
2170,3,10,no,8,-0.04886506410166269,0.04886506410166269
1497,3,9,yes,20,0.12505305339962935,0.12505305339962935
1498,3,9,yes,3,0.016696149138949012,0.016696149138949012
1499,3,9,yes,12,-0.07030220986418767,0.07030220986418767
337,3,7,no,2,-0.009616884808300918,0.009616884808300918
1500,3,9,yes,2,-0.012562148902072523,0.012562148902072523
2171,3,10,no,1,-0.006360174775013605,0.006360174775013605
338,3,7,no,1,0.00484547836750715,0.00484547836750715
2172,3,10,yes,4,0.02512084008482751,0.02512084008482751
2173,3,10,no,2,-0.012452635921679889,0.012452635921679889
1501,3,9,yes,1,-0.006360174775013605,0.006360174775013605
1502,3,9,no,2,-0.012869380138757824,0.012869380138757824
2174,3,10,no,1,-0.006308029388134018,0.006308029388134018
2175,3,10,no,1,0.006308029388134018,0.006308029388134018
2176,3,10,no,1,-0.006308029388134018,0.006308029388134018
2177,3,10,no,1,-0.006360174775013605,0.006360174775013605
780,3,8,yes,1,-0.005283976781832678,0.005283976781832678
781,3,8,yes,12,-0.06874411276660475,0.06874411276660475
2178,3,10,yes,1,-0.006410485830370405,0.006410485830370405
2179,3,10,no,1,0.006410485830370405,0.006410485830370405
339,3,7,no,1,-0.00484547836750715,0.00484547836750715
1503,3,9,no,1,-0.00650533374811868,0.00650533374811868
1504,3,9,yes,13,-0.08779281784845061,0.08779281784845061
2180,3,10,yes,7,0.043366931576584555,0.043366931576584555
1505,3,9,no,8,0.054642862738022546,0.054642862738022546
2181,3,10,no,9,-0.05623631171534238,0.05623631171534238
2182,3,10,no,4,-0.02627932697148161,0.02627932697148161
1506,3,9,yes,1,0.006705817235090228,0.006705817235090228
782,3,8,no,7,0.041266251768823814,0.041266251768823814
1507,3,9,yes,1,0.0066701446519749075,0.0066701446519749075
1508,3,9,no,3,-0.020115131516176943,0.020115131516176943
1509,3,9,yes,7,0.04639445848765855,0.04639445848765855
2183,3,10,no,1,0.006632203865068909,0.006632203865068909
783,3,8,no,4,-0.023200817128541273,0.023200817128541273
784,3,8,no,3,-0.01806543464028254,0.01806543464028254
1510,3,9,yes,3,0.01922955491377143,0.01922955491377143
785,3,8,yes,1,0.006082521453160905,0.006082521453160905
786,3,8,yes,7,0.04081784046922465,0.04081784046922465
787,3,8,no,14,0.07139493302933742,0.07139493302933742
788,3,8,no,12,-0.06033289404395015,0.06033289404395015
789,3,8,no,1,-0.005496366471083425,0.005496366471083425
1511,3,9,no,1,-0.006360174775013605,0.006360174775013605
340,3,7,yes,1,0.00484547836750715,0.00484547836750715
790,3,8,yes,3,0.016278078329915346,0.016278078329915346
791,3,8,yes,1,0.005283976781832678,0.005283976781832678
792,3,8,no,1,-0.005283976781832678,0.005283976781832678
2184,3,10,yes,1,0.006592049699952862,0.006592049699952862
793,3,8,no,3,-0.016278078329915346,0.016278078329915346
2185,3,10,no,7,0.04484677722230379,0.04484677722230379
2186,3,10,yes,1,-0.006254119513938505,0.006254119513938505
2187,3,10,no,9,0.054158575777556894,0.054158575777556894
1512,3,9,no,14,-0.09337551711545411,0.09337551711545411
794,3,8,yes,1,0.005496366471083425,0.005496366471083425
1513,3,9,yes,6,0.04085084811814954,0.04085084811814954
2188,3,10,no,1,-0.0057680800157665635,0.0057680800157665635
795,3,8,no,5,0.026417000632823373,0.026417000632823373
2189,3,10,no,3,-0.0176917683483534,0.0176917683483534
796,3,8,yes,2,-0.010351311992158774,0.010351311992158774
2190,3,10,yes,14,-0.0891857833387989,0.0891857833387989
2191,3,10,no,1,0.0066701446519749075,0.0066701446519749075
1514,3,9,yes,1,-0.0067391696291118075,0.0067391696291118075
1515,3,9,no,2,-0.0135688738941242,0.0135688738941242
797,3,8,no,1,-0.005283976781832678,0.005283976781832678
1516,3,9,yes,1,0.0067987210476098126,0.0067987210476098126
2192,3,10,no,1,0.006632203865068909,0.006632203865068909
1517,3,9,yes,1,0.006770152846514388,0.006770152846514388
1518,3,9,no,15,0.09660849271307825,0.09660849271307825
798,3,8,yes,18,-0.10641673123047612,0.10641673123047612
799,3,8,no,9,-0.05962350564256036,0.05962350564256036
800,3,8,yes,1,0.006770152846514388,0.006770152846514388
2193,3,10,no,1,0.006592049699952862,0.006592049699952862
801,3,8,yes,1,0.0067391696291118075,0.0067391696291118075
802,3,8,no,9,0.058884843772318174,0.058884843772318174
803,3,8,no,9,0.05469852514992435,0.05469852514992435
1519,3,9,no,1,-0.006082521453160905,0.006082521453160905
804,3,8,no,1,0.0057680800157665635,0.0057680800157665635
1520,3,9,yes,12,-0.07708098439571531,0.07708098439571531
1521,3,9,yes,1,0.0066701446519749075,0.0066701446519749075
2194,3,10,yes,1,0.006549739658341158,0.006549739658341158
1522,3,9,no,1,0.006632203865068909,0.006632203865068909
805,3,8,no,1,-0.0057680800157665635,0.0057680800157665635
2195,3,10,yes,5,0.03204291805002413,0.03204291805002413
806,3,8,no,2,0.011469684477386832,0.011469684477386832
2196,3,10,no,1,0.006254119513938505,0.006254119513938505
2685,3,11,no,1,-0.0018795089279035615,0.0018795089279035615
807,3,8,yes,3,-0.01730314552564849,0.01730314552564849
1523,3,9,yes,1,0.006592049699952862,0.006592049699952862
808,3,8,yes,5,0.028502928193514077,0.028502928193514077
2197,3,10,no,5,-0.03179170381584395,0.03179170381584395
341,3,7,no,1,-0.00484547836750715,0.00484547836750715
342,3,7,no,3,-0.014978803544355657,0.014978803544355657
2198,3,10,no,12,0.07392808006369578,0.07392808006369578
809,3,8,no,9,-0.0524660344366894,0.0524660344366894
2199,3,10,yes,6,0.033592099928005936,0.033592099928005936
343,3,7,yes,11,0.05166637649230632,0.05166637649230632
2200,3,10,no,2,-0.010922632782753516,0.010922632782753516
810,3,8,yes,2,0.012104798943083583,0.012104798943083583
344,3,7,no,1,-0.004326632768974825,0.004326632768974825
2201,3,10,no,1,-0.005565672514303843,0.005565672514303843
1524,3,9,yes,2,0.013055073406459838,0.013055073406459838
811,3,8,no,6,-0.03700675680157095,0.03700675680157095
812,3,8,yes,1,0.006308029388134018,0.006308029388134018
345,3,7,yes,1,0.004326632768974825,0.004326632768974825
1525,3,9,no,1,0.0064588943083874195,0.0064588943083874195
813,3,8,no,1,0.006254119513938505,0.006254119513938505
1526,3,9,no,2,-0.0129642280565061,0.0129642280565061
2686,3,11,yes,1,-0.0019245274747758945,0.0019245274747758945
346,3,7,no,1,-0.004326632768974825,0.004326632768974825
814,3,8,no,1,-0.006254119513938505,0.006254119513938505
2202,3,10,no,2,-0.011335714615182013,0.011335714615182013
347,3,7,no,10,-0.047339743723331495,0.047339743723331495
1527,3,9,yes,4,0.02573488866189011,0.02573488866189011
815,3,8,no,1,-0.006308029388134018,0.006308029388134018
816,3,8,yes,12,0.07180231978087293,0.07180231978087293
817,3,8,no,3,-0.017103794630948577,0.017103794630948577
1528,3,9,yes,1,0.006308029388134018,0.006308029388134018
818,3,8,no,9,-0.05469852514992435,0.05469852514992435
2203,3,10,no,1,-0.0057680800157665635,0.0057680800157665635
2204,3,10,yes,1,-0.005833461048261657,0.005833461048261657
1529,3,9,yes,1,0.006254119513938505,0.006254119513938505
348,3,7,no,1,0.005066392393269226,0.005066392393269226
1530,3,9,no,1,-0.006254119513938505,0.006254119513938505
2205,3,10,no,1,-0.0058976716028927845,0.0058976716028927845
819,3,8,yes,2,0.012562148902072523,0.012562148902072523
820,3,8,no,4,0.024444607899498427,0.024444607899498427
2206,3,10,no,1,0.0058976716028927845,0.0058976716028927845
349,3,7,no,6,0.02884950101785755,0.02884950101785755
821,3,8,no,2,0.011858307300091742,0.011858307300091742
2207,3,10,no,1,-0.0058976716028927845,0.0058976716028927845
822,3,8,no,1,-0.0058976716028927845,0.0058976716028927845
1531,3,9,yes,1,-0.006308029388134018,0.006308029388134018
823,3,8,yes,1,-0.005960635697198957,0.005960635697198957
2208,3,10,no,14,-0.08847627438402295,0.08847627438402295
824,3,8,no,8,-0.04977741740695496,0.04977741740695496
825,3,8,yes,9,0.05573805310415392,0.05573805310415392
1532,3,9,yes,1,-0.006360174775013605,0.006360174775013605
350,3,7,yes,2,0.00902332867231248,0.00902332867231248
826,3,8,yes,3,0.017499212666921005,0.017499212666921005
2209,3,10,yes,6,0.039148707110239434,0.039148707110239434
2210,3,10,no,2,0.012668204163147623,0.012668204163147623
1533,3,9,yes,2,-0.012869380138757824,0.012869380138757824
2211,3,10,no,5,-0.03204291805002413,0.03204291805002413
827,3,8,yes,1,-0.0057680800157665635,0.0057680800157665635
1534,3,9,no,1,-0.00650533374811868,0.00650533374811868
828,3,8,no,1,-0.005833461048261657,0.005833461048261657
829,3,8,no,1,0.005833461048261657,0.005833461048261657
1535,3,9,yes,1,-0.006549739658341158,0.006549739658341158
830,3,8,no,1,-0.005833461048261657,0.005833461048261657
1536,3,9,no,2,-0.01322425356502177,0.01322425356502177
1537,3,9,yes,1,0.006632203865068909,0.006632203865068909
351,3,7,no,7,-0.03287979430239174,0.03287979430239174
1538,3,9,no,5,-0.03351748822776024,0.03351748822776024
1539,3,9,yes,2,0.013509322475626195,0.013509322475626195
831,3,8,yes,1,0.005833461048261657,0.005833461048261657
1540,3,9,no,1,0.006705817235090228,0.006705817235090228
1541,3,9,yes,5,0.03294947162345652,0.03294947162345652
832,3,8,yes,1,-0.005833461048261657,0.005833461048261657
1542,3,9,no,1,-0.00650533374811868,0.00650533374811868
1543,3,9,yes,2,0.0129642280565061,0.0129642280565061
1544,3,9,yes,5,0.031531325915197916,0.031531325915197916
352,3,7,no,6,-0.031050162102200796,0.031050162102200796
1545,3,9,yes,2,-0.012452635921679889,0.012452635921679889
353,3,7,yes,1,0.00535544554716183,0.00535544554716183
2212,3,10,yes,1,0.00650533374811868,0.00650533374811868
354,3,7,no,16,-0.09364607062509211,0.09364607062509211
2687,3,11,no,2,-0.003987586593370729,0.003987586593370729
355,3,7,yes,12,0.07180231978087293,0.07180231978087293
2213,3,10,no,9,0.05623631171534238,0.05623631171534238
356,3,7,yes,10,0.0524578431625663,0.0524578431625663
2214,3,10,no,12,-0.07588343482175508,0.07588343482175508
833,3,8,yes,1,0.005833461048261657,0.005833461048261657
2215,3,10,yes,1,0.006592049699952862,0.006592049699952862
1546,3,9,yes,8,-0.051816911273387056,0.051816911273387056
2688,3,11,no,1,-0.0020648105407110595,0.0020648105407110595
2689,3,11,yes,8,-0.018339913202187752,0.018339913202187752
2216,3,10,yes,2,0.013055073406459838,0.013055073406459838
1547,3,9,no,1,-0.0066701446519749075,0.0066701446519749075
2217,3,10,yes,1,0.0064588943083874195,0.0064588943083874195
1548,3,9,yes,12,0.07708098439571531,0.07708098439571531
2690,3,11,no,20,-0.06236581800401886,0.06236581800401886
2691,3,11,no,9,-0.03696889029220063,0.03696889029220063
2692,3,11,yes,1,0.004400521639892241,0.004400521639892241
2693,3,11,no,1,0.004326632768974825,0.004326632768974825
2218,3,10,no,2,-0.0129642280565061,0.0129642280565061
1549,3,9,yes,1,0.006082521453160905,0.006082521453160905
1550,3,9,no,2,-0.012223814001834366,0.012223814001834366
834,3,8,no,1,-0.005833461048261657,0.005833461048261657
2219,3,10,yes,1,-0.006549739658341158,0.006549739658341158
2694,3,11,yes,2,-0.008727154408867066,0.008727154408867066
357,3,7,yes,3,-0.014978803544355657,0.014978803544355657
2695,3,11,yes,5,0.02126614254603998,0.02126614254603998
1551,3,9,no,3,-0.018760665309813906,0.018760665309813906
1552,3,9,yes,16,-0.1066237366469448,0.1066237366469448
1553,3,9,yes,10,0.06774705862676067,0.06774705862676067
2696,3,11,no,5,0.019449951226777396,0.019449951226777396
2697,3,11,yes,1,0.0036768586438180595,0.0036768586438180595
1554,3,9,yes,1,-0.006632203865068909,0.006632203865068909
2698,3,11,yes,12,0.03887510225944113,0.03887510225944113
2220,3,10,yes,1,0.006549739658341158,0.006549739658341158
2699,3,11,yes,1,0.0028249181734271156,0.0028249181734271156
2700,3,11,yes,1,0.0027649078318606746,0.0027649078318606746
1555,3,9,no,7,-0.04735728271612272,0.04735728271612272
835,3,8,yes,2,-0.011858307300091742,0.011858307300091742
2221,3,10,yes,1,-0.006549739658341158,0.006549739658341158
1556,3,9,yes,13,0.08650598982636215,0.08650598982636215
836,3,8,yes,1,-0.006022277489922678,0.006022277489922678
358,3,7,yes,2,-0.010351311992158774,0.010351311992158774
837,3,8,no,1,-0.006082521453160905,0.006082521453160905
1557,3,9,no,2,-0.012869380138757824,0.012869380138757824
1558,3,9,no,20,-0.13590866289823395,0.13590866289823395
1559,3,9,no,5,-0.034626485268539176,0.034626485268539176
1560,3,9,yes,5,0.034626485268539176,0.034626485268539176
2701,3,11,no,19,-0.0635580032062173,0.0635580032062173
1561,3,9,no,3,0.02082931569426555,0.02082931569426555
1562,3,9,yes,2,0.013863917308508333,0.013863917308508333
2702,3,11,yes,1,0.003961402534739644,0.003961402534739644
2703,3,11,yes,1,0.0038895110895871277,0.0038895110895871277
2704,3,11,yes,1,0.003818099192726798,0.003818099192726798
1563,3,9,yes,1,-0.00692794968177024,0.00692794968177024
1564,3,9,yes,1,-0.006935967626738093,0.006935967626738093
359,3,7,yes,2,0.010351311992158774,0.010351311992158774
1565,3,9,yes,1,0.006935967626738093,0.006935967626738093
360,3,7,yes,2,0.010059427781047514,0.010059427781047514
1566,3,9,no,2,-0.013877287424482243,0.013877287424482243
2705,3,11,no,20,-0.09025942436779866,0.09025942436779866
2706,3,11,no,1,-0.005283976781832678,0.005283976781832678
838,3,8,yes,1,0.006082521453160905,0.006082521453160905
1567,3,9,yes,1,0.00694131979774415,0.00694131979774415
1568,3,9,no,1,0.006935967626738093,0.006935967626738093
2707,3,11,yes,1,0.005283976781832678,0.005283976781832678
2708,3,11,yes,10,0.04881595577010123,0.04881595577010123
1569,3,9,yes,1,0.00692794968177024,0.00692794968177024
2709,3,11,yes,3,0.013201732714363867,0.013201732714363867
2710,3,11,yes,6,0.024423636690606765,0.024423636690606765
1570,3,9,yes,1,0.006917278298890772,0.006917278298890772
361,3,7,no,2,-0.010059427781047514,0.010059427781047514
1571,3,9,no,2,0.013792014619873005,0.013792014619873005
2222,3,10,no,1,-0.006592049699952862,0.006592049699952862
1572,3,9,yes,5,0.03411167848903773,0.03411167848903773
839,3,8,no,2,-0.012223814001834366,0.012223814001834366
2711,3,11,yes,1,0.003818099192726798,0.003818099192726798
840,3,8,no,1,-0.0061985164077413835,0.0061985164077413835
2712,3,11,yes,1,0.0037472034806167454,0.0037472034806167454
1573,3,9,yes,8,-0.05482097140780151,0.05482097140780151
1574,3,9,yes,20,-0.1370667768980739,0.1370667768980739
841,3,8,yes,3,-0.018922323677086128,0.018922323677086128
842,3,8,yes,15,0.0892245335412738,0.0892245335412738
1575,3,9,yes,4,0.026747335381246018,0.026747335381246018
1576,3,9,no,1,0.006770152846514277,0.006770152846514277
2223,3,10,yes,5,0.032516503245170525,0.032516503245170525
1577,3,9,yes,1,0.006798721047609868,0.006798721047609868
1578,3,9,no,2,0.013673277305821518,0.013673277305821518
1579,3,9,yes,8,0.055328055262369,0.055328055262369
362,3,7,no,2,-0.010351311992158774,0.010351311992158774
843,3,8,no,4,-0.02239775360056928,0.02239775360056928
2713,3,11,no,1,0.0036768586438180595,0.0036768586438180595
2224,3,10,no,1,0.006360174775013605,0.006360174775013605
363,3,7,no,3,-0.0160656886406646,0.0160656886406646
2225,3,10,no,15,0.08829062507793028,0.08829062507793028
1580,3,9,yes,2,0.013885317746004877,0.013885317746004877
844,3,8,no,20,-0.1260906185671209,0.1260906185671209
845,3,8,no,3,-0.020393705576516652,0.020393705576516652
2226,3,10,yes,1,-0.0054262663116700915,0.0054262663116700915
1581,3,9,no,4,-0.027770635492009754,0.027770635492009754
2227,3,10,yes,1,-0.005496366471083425,0.005496366471083425
1582,3,9,yes,16,-0.10857401345584966,0.10857401345584966
846,3,8,yes,1,0.0068248316823924515,0.0068248316823924515
2714,3,11,yes,3,0.010614495771219867,0.010614495771219867
1583,3,9,yes,1,0.006549739658341158,0.006549739658341158
364,3,7,no,1,0.0054262663116700915,0.0054262663116700915
1584,3,9,yes,1,0.006592049699952696,0.006592049699952696
1585,3,9,yes,2,0.013302348517043872,0.013302348517043872
365,3,7,no,8,0.04081501623301609,0.04081501623301609
2228,3,10,no,12,0.0612062770035513,0.0612062770035513
1586,3,9,no,11,-0.0709396918470418,0.0709396918470418
847,3,8,yes,8,0.05345799863366407,0.05345799863366407
848,3,8,no,4,-0.026444137875337836,0.026444137875337836
2229,3,10,no,2,-0.009468627987781697,0.009468627987781697
849,3,8,no,8,0.052179026537227946,0.052179026537227946
850,3,8,no,9,0.05469852514992435,0.05469852514992435
2230,3,10,no,1,-0.00484547836750715,0.00484547836750715
1587,3,9,no,1,0.006198516407741439,0.006198516407741439
851,3,8,no,6,-0.03593785984011044,0.03593785984011044
1588,3,9,yes,1,0.006254119513938561,0.006254119513938561
2231,3,10,no,12,-0.06379355777774831,0.06379355777774831
852,3,8,yes,1,0.00614129254867346,0.00614129254867346
1589,3,9,no,5,0.03204291805002407,0.03204291805002407
853,3,8,no,18,-0.11776812245986312,0.11776812245986312
1590,3,9,yes,1,-0.00650533374811868,0.00650533374811868
1591,3,9,no,1,0.00650533374811868,0.00650533374811868
2232,3,10,yes,1,-0.0057680800157665635,0.0057680800157665635
1592,3,9,yes,12,0.08088884798505469,0.08088884798505469
854,3,8,yes,9,0.06058153628114449,0.06058153628114449
366,3,7,no,13,-0.06863903614525546,0.06863903614525546
2233,3,10,no,9,-0.05469852514992435,0.05469852514992435
2234,3,10,no,4,0.024901957858487367,0.024901957858487367
367,3,7,yes,12,0.06379355777774831,0.06379355777774831
855,3,8,no,3,-0.019894398216996678,0.019894398216996678
2235,3,10,no,1,-0.00614129254867346,0.00614129254867346
2236,3,10,yes,1,-0.0061985164077413835,0.0061985164077413835
856,3,8,no,8,0.052179026537227946,0.052179026537227946
1593,3,9,yes,5,0.034626485268539176,0.034626485268539176
1594,3,9,yes,3,-0.020805237106252483,0.020805237106252483
857,3,8,yes,1,0.006308029388134018,0.006308029388134018
1595,3,9,no,5,0.03469323300277388,0.03469323300277388
2715,3,11,no,9,0.028260606488221263,0.028260606488221263
2716,3,11,no,13,-0.04255196090325919,0.04255196090325919
2717,3,11,yes,10,-0.040716093772817374,0.040716093772817374
368,3,7,yes,2,0.009616884808300918,0.009616884808300918
858,3,8,no,8,0.04839049576179033,0.04839049576179033
1596,3,9,yes,6,0.04151453002501626,0.04151453002501626
859,3,8,no,1,-0.005833461048261657,0.005833461048261657
1597,3,9,no,1,-0.006888044756477085,0.006888044756477085
369,3,7,no,1,-0.004771406440793768,0.004771406440793768
1598,3,9,no,1,-0.00690396986339592,0.00690396986339592
2237,3,10,yes,2,0.012339808956414844,0.012339808956414844
2718,3,11,no,11,0.044392952416635434,0.044392952416635434
2719,3,11,no,1,0.0036070974478101814,0.0036070974478101814
2238,3,10,no,2,-0.012339808956414844,0.012339808956414844
2720,3,11,no,1,-0.0036070974478101814,0.0036070974478101814
370,3,7,no,2,-0.009764854130815293,0.009764854130815293
860,3,8,yes,1,0.005833461048261657,0.005833461048261657
861,3,8,yes,2,0.011469684477386832,0.011469684477386832
862,3,8,yes,3,0.016696149138949012,0.016696149138949012
2239,3,10,no,3,-0.018922323677086128,0.018922323677086128
863,3,8,yes,13,-0.07655632937812618,0.07655632937812618
1599,3,9,no,1,-0.006917278298890772,0.006917278298890772
1600,3,9,no,1,-0.00692794968177024,0.00692794968177024
864,3,8,no,20,-0.13368096387913575,0.13368096387913575
865,3,8,no,2,-0.013877287424482243,0.013877287424482243
866,3,8,yes,4,0.027722515405143255,0.027722515405143255
2240,3,10,no,1,0.006360174775013605,0.006360174775013605
867,3,8,yes,1,0.00690396986339592,0.00690396986339592
868,3,8,yes,1,0.006888044756477085,0.006888044756477085
869,3,8,yes,1,0.006869527289091959,0.006869527289091959
870,3,8,no,10,0.06713127593948565,0.06713127593948565
871,3,8,no,8,0.050636846520377476,0.050636846520377476
1601,3,9,yes,4,0.027637242600534018,0.027637242600534018
2721,3,11,no,9,0.030031846662099904,0.030031846662099904
1602,3,9,yes,5,0.03411167848903773,0.03411167848903773
371,3,7,no,2,-0.010059427781047514,0.010059427781047514
372,3,7,yes,9,0.042939222083439255,0.042939222083439255
1603,3,9,no,6,-0.04099972324551482,0.04099972324551482
872,3,8,no,3,-0.01859392847035335,0.01859392847035335
2241,3,10,yes,2,0.012562148902072523,0.012562148902072523
2242,3,10,no,1,0.0061985164077413835,0.0061985164077413835
1604,3,9,yes,2,0.013757572045569044,0.013757572045569044
2243,3,10,no,2,-0.012452635921679889,0.012452635921679889
373,3,7,yes,7,-0.03287979430239174,0.03287979430239174
2244,3,10,no,2,0.012452635921679889,0.012452635921679889
2722,3,11,no,20,-0.07442479907873534,0.07442479907873534
2723,3,11,no,1,0.004400521639892241,0.004400521639892241
374,3,7,yes,1,0.0049193757633081425,0.0049193757633081425
1605,3,9,no,1,-0.006869527289091959,0.006869527289091959
873,3,8,yes,1,0.006254119513938505,0.006254119513938505
375,3,7,no,4,-0.02011818394625553,0.02011818394625553
874,3,8,yes,12,-0.0781861623035025,0.0781861623035025
1606,3,9,yes,12,-0.08312504132668086,0.08312504132668086
2724,3,11,yes,1,0.004326632768974825,0.004326632768974825
1607,3,9,yes,1,-0.006903969863395976,0.006903969863395976
1608,3,9,yes,9,0.06239176858954282,0.06239176858954282
2725,3,11,no,1,0.004252962151704676,0.004252962151704676
1609,3,9,yes,1,0.00692794968177024,0.00692794968177024
875,3,8,no,1,0.0067391696291118075,0.0067391696291118075
876,3,8,yes,1,0.006705817235090228,0.006705817235090228
2726,3,11,yes,1,0.004179558286804386,0.004179558286804386
1610,3,9,yes,1,0.006917278298890772,0.006917278298890772
1611,3,9,no,1,0.00690396986339592,0.00690396986339592
877,3,8,no,3,-0.020215139710716423,0.020215139710716423
1612,3,9,yes,4,0.027430849351390618,0.027430849351390618
878,3,8,yes,3,0.020215139710716423,0.020215139710716423
2727,3,11,yes,13,0.04785192834066243,0.04785192834066243
2245,3,10,yes,1,0.00614129254867346,0.00614129254867346
879,3,8,yes,8,-0.054444710109716854,0.054444710109716854
2728,3,11,no,2,-0.006602539976166,0.006602539976166
2729,3,11,yes,3,-0.010409013347426943,0.010409013347426943
2730,3,11,no,5,-0.018738769854558912,0.018738769854558912
1613,3,9,yes,1,0.0067987210476098126,0.0067987210476098126
2246,3,10,yes,1,0.006082521453160905,0.006082521453160905
1614,3,9,no,15,-0.10354928867031349,0.10354928867031349
1615,3,9,no,1,0.00692794968177024,0.00692794968177024
2731,3,11,yes,1,0.0038895110895871277,0.0038895110895871277
1616,3,9,no,1,0.006935967626738038,0.006935967626738038
880,3,8,yes,11,-0.07623699657020377,0.07623699657020377
2732,3,11,no,7,-0.02875026945958159,0.02875026945958159
1617,3,9,yes,1,0.006941319797744205,0.006941319797744205
881,3,8,yes,1,0.006917278298890717,0.006917278298890717
2247,3,10,no,1,-0.006082521453160905,0.006082521453160905
2733,3,11,no,1,0.004326632768974825,0.004326632768974825
882,3,8,yes,2,-0.013821248162286692,0.013821248162286692
883,3,8,yes,1,-0.00688804475647703,0.00688804475647703
884,3,8,yes,18,0.12425858158907721,0.12425858158907721
2734,3,11,yes,2,0.008432520438509061,0.008432520438509061
376,3,7,no,14,-0.07924002113869633,0.07924002113869633
1618,3,9,no,1,-0.006941319797744205,0.006941319797744205
2735,3,11,yes,1,0.0041064676986638515,0.0041064676986638515
1619,3,9,yes,1,0.006941319797744205,0.006941319797744205
1620,3,9,yes,3,0.02082931569426555,0.02082931569426555
377,3,7,yes,1,0.006082521453160905,0.006082521453160905
1621,3,9,yes,9,0.061914735869795456,0.061914735869795456
1622,3,9,no,1,-0.0067987210476098126,0.0067987210476098126
378,3,7,no,15,0.08336327248070452,0.08336327248070452
1623,3,9,yes,1,0.0067987210476098126,0.0067987210476098126
2248,3,10,no,6,0.035564647307203545,0.035564647307203545
1624,3,9,no,14,0.09115483155775828,0.09115483155775828
2736,3,11,yes,1,0.00403373492910708,0.00403373492910708
885,3,8,yes,7,0.04665927758605426,0.04665927758605426
1625,3,9,yes,20,-0.13228837182015463,0.13228837182015463
1626,3,9,yes,2,-0.013845227980661012,0.013845227980661012
1627,3,9,yes,2,0.013845227980661012,0.013845227980661012
1628,3,9,no,9,0.061348679973112774,0.061348679973112774
886,3,8,no,8,-0.05345799863366407,0.05345799863366407
1629,3,9,yes,1,0.0066701446519749075,0.0066701446519749075
2737,3,11,no,9,0.0331091857367255,0.0331091857367255
2249,3,10,yes,1,-0.0057680800157665635,0.0057680800157665635
2738,3,11,yes,1,-0.003401615024017257,0.003401615024017257
887,3,8,yes,3,-0.020542804594913533,0.020542804594913533
888,3,8,yes,2,0.013717972912521081,0.013717972912521081
2250,3,10,no,1,-0.005833461048261657,0.005833461048261657
2251,3,10,no,3,-0.01788058479001442,0.01788058479001442
2252,3,10,no,1,0.006022277489922678,0.006022277489922678
1630,3,9,no,1,-0.0066701446519749075,0.0066701446519749075
2253,3,10,no,8,-0.04977741740695496,0.04977741740695496
889,3,8,yes,1,0.0068248316823924515,0.0068248316823924515
1631,3,9,no,7,-0.04755666535323977,0.04755666535323977
1632,3,9,no,1,0.006869527289091959,0.006869527289091959
890,3,8,no,1,-0.0068248316823924515,0.0068248316823924515
891,3,8,yes,20,-0.13797655450159846,0.13797655450159846
892,3,8,yes,2,-0.01350932247562614,0.01350932247562614
893,3,8,no,2,0.01350932247562614,0.01350932247562614
894,3,8,yes,1,0.006798721047609868,0.006798721047609868
2739,3,11,yes,9,-0.03374130564181532,0.03374130564181532
895,3,8,yes,1,-0.006798721047609868,0.006798721047609868
2254,3,10,yes,6,0.03767261846387138,0.03767261846387138
2255,3,10,yes,3,0.01806543464028254,0.01806543464028254
1633,3,9,no,1,-0.006869527289091959,0.006869527289091959
896,3,8,yes,14,0.09662133898854336,0.09662133898854336
897,3,8,no,3,-0.02082128537274297,0.02082128537274297
379,3,7,no,2,-0.010205772795169099,0.010205772795169099
898,3,8,yes,1,0.006943997948260727,0.006943997948260727
2256,3,10,no,10,0.055962654908154885,0.055962654908154885
2257,3,10,yes,1,-0.005283976781832678,0.005283976781832678
2258,3,10,no,1,-0.00535544554716183,0.00535544554716183
3230,4,12,no,5,-0.03466651335340387,0.03466651335340387
899,3,8,yes,2,0.013877287424482243,0.013877287424482243
900,3,8,yes,5,0.03450676988962598,0.03450676988962598
2740,3,11,no,1,-0.0041064676986638515,0.0041064676986638515
2259,3,10,no,1,-0.0054262663116700915,0.0054262663116700915
1634,3,9,no,1,-0.006888044756477085,0.006888044756477085
1635,3,9,no,1,-0.00690396986339592,0.00690396986339592
901,3,8,no,1,-0.006869527289091959,0.006869527289091959
902,3,8,yes,1,0.006869527289091959,0.006869527289091959
903,3,8,yes,1,0.0068484456234291224,0.0068484456234291224
2260,3,10,no,1,-0.005496366471083425,0.005496366471083425
3231,4,12,yes,7,0.04855183109940875,0.04855183109940875
2261,3,10,no,1,-0.005565672514303843,0.005565672514303843
2262,3,10,no,1,-0.005634110153561744,0.005634110153561744
1636,3,9,yes,11,-0.07623699657020383,0.07623699657020383
1637,3,9,yes,11,0.07623699657020383,0.07623699657020383
904,3,8,no,1,-0.0068484456234291224,0.0068484456234291224
2263,3,10,yes,1,0.005634110153561744,0.005634110153561744
905,3,8,yes,1,0.0068484456234291224,0.0068484456234291224
2264,3,10,yes,14,-0.08457298038625694,0.08457298038625694
3232,4,12,no,12,-0.0828866503141954,0.0828866503141954
3233,4,12,yes,11,0.07594533051645125,0.07594533051645125
1638,3,9,no,10,-0.06933302670680785,0.06933302670680785
380,3,7,no,4,-0.0212776202309235,0.0212776202309235
3234,4,12,no,1,-0.006943997948260727,0.006943997948260727
381,3,7,no,20,-0.12174103678644432,0.12174103678644432
382,3,7,yes,1,0.006592049699952862,0.006592049699952862
906,3,8,no,1,0.0068248316823924515,0.0068248316823924515
1639,3,9,yes,1,0.006917278298890717,0.006917278298890717
2265,3,10,no,6,0.03767261846387138,0.03767261846387138
383,3,7,yes,5,0.03228462832023127,0.03228462832023127
384,3,7,no,5,-0.03228462832023127,0.03228462832023127
385,3,7,yes,6,0.038592657708365286,0.038592657708365286
2266,3,10,yes,3,0.01806543464028254,0.01806543464028254
2741,3,11,no,1,-0.004179558286804386,0.004179558286804386
386,3,7,yes,1,0.006254119513938505,0.006254119513938505
2742,3,11,yes,1,0.004179558286804386,0.004179558286804386
387,3,7,yes,1,0.0061985164077413835,0.0061985164077413835
2267,3,10,no,1,-0.005960635697198957,0.005960635697198957
907,3,8,yes,12,-0.0828866503141954,0.0828866503141954
388,3,7,no,1,0.00614129254867346,0.00614129254867346
389,3,7,yes,1,0.006082521453160905,0.006082521453160905
908,3,8,yes,4,0.027770635492009754,0.027770635492009754
909,3,8,yes,9,0.061914735869795456,0.061914735869795456
910,3,8,no,1,0.006770152846514388,0.006770152846514388
911,3,8,yes,12,-0.08257020646231472,0.08257020646231472
1640,3,9,yes,2,-0.013821248162286692,0.013821248162286692
1641,3,9,yes,5,0.034626485268539176,0.034626485268539176
1642,3,9,yes,1,0.006943997948260672,0.006943997948260672
912,3,8,no,1,0.006943997948260727,0.006943997948260727
913,3,8,no,20,0.13489004714047037,0.13489004714047037
914,3,8,no,8,0.04932756727378351,0.04932756727378351
915,3,8,no,12,-0.07525202081900118,0.07525202081900118
916,3,8,yes,2,-0.01322425356502177,0.01322425356502177
917,3,8,no,1,0.006632203865068909,0.006632203865068909
1643,3,9,no,20,-0.13542355925836075,0.13542355925836075
1644,3,9,no,2,-0.012770660605383954,0.012770660605383954
1645,3,9,yes,5,0.03228462832023132,0.03228462832023132
2268,3,10,no,1,-0.006022277489922678,0.006022277489922678
390,3,7,no,12,-0.07649336119690131,0.07649336119690131
2743,3,11,yes,11,-0.05003946914976787,0.05003946914976787
391,3,7,yes,1,0.006632203865068909,0.006632203865068909
2744,3,11,no,20,-0.11303275779199706,0.11303275779199706
2745,3,11,no,4,-0.025537584301905447,0.025537584301905447
1646,3,9,yes,16,0.10896559359525271,0.10896559359525271
2746,3,11,yes,1,0.0064588943083874195,0.0064588943083874195
918,3,8,yes,1,-0.006632203865068909,0.006632203865068909
392,3,7,yes,7,0.04518470740831815,0.04518470740831815
393,3,7,yes,1,0.006254119513938505,0.006254119513938505
394,3,7,yes,1,0.0061985164077413835,0.0061985164077413835
1647,3,9,yes,1,0.006943997948260672,0.006943997948260672
395,3,7,yes,1,0.00614129254867346,0.00614129254867346
396,3,7,no,1,0.006082521453160905,0.006082521453160905
2747,3,11,yes,11,0.06746918575530836,0.06746918575530836
919,3,8,no,10,-0.06801882462508768,0.06801882462508768
1648,3,9,yes,11,-0.07580005361580039,0.07580005361580039
2748,3,11,no,5,0.028165833616335845,0.028165833616335845
1649,3,9,yes,1,0.006798721047609868,0.006798721047609868
1650,3,9,yes,9,0.06205733461992985,0.06205733461992985
397,3,7,no,1,0.006022277489922678,0.006022277489922678
2749,3,11,no,1,0.0054262663116700915,0.0054262663116700915
920,3,8,yes,5,0.03433481921478654,0.03433481921478654
398,3,7,yes,1,0.005960635697198957,0.005960635697198957
2750,3,11,yes,4,0.02099073432115328,0.02099073432115328
921,3,8,no,3,-0.020542804594913533,0.020542804594913533
922,3,8,yes,4,0.027341525642523345,0.027341525642523345
2751,3,11,yes,1,0.005066392393269226,0.005066392393269226
2269,3,10,no,1,-0.006082521453160905,0.006082521453160905
1651,3,9,yes,2,0.013887995896521399,0.013887995896521399
923,3,8,no,3,-0.020471998353431387,0.020471998353431387
2752,3,11,yes,4,0.01952929595938735,0.01952929595938735
2270,3,10,no,1,0.006082521453160905,0.006082521453160905
1652,3,9,yes,1,0.00694131979774415,0.00694131979774415
399,3,7,no,1,-0.005960635697198957,0.005960635697198957
2753,3,11,yes,4,0.01834353373078268,0.01834353373078268
1653,3,9,yes,11,-0.076061818631803,0.076061818631803
924,3,8,yes,3,0.020471998353431387,0.020471998353431387
2754,3,11,no,1,-0.004474578305496801,0.004474578305496801
1654,3,9,no,5,0.03442726583128497,0.03442726583128497
1655,3,9,no,9,-0.061560141036913374,0.061560141036913374
925,3,8,no,1,-0.0067987210476098126,0.0067987210476098126
2755,3,11,no,13,-0.06488164441076583,0.06488164441076583
1656,3,9,yes,1,0.006739169629111863,0.006739169629111863
1657,3,9,no,1,0.006770152846514277,0.006770152846514277
1658,3,9,yes,10,0.06885605566753972,0.06885605566753972
1659,3,9,yes,1,0.006943997948260672,0.006943997948260672
2756,3,11,no,10,0.05101268898547995,0.05101268898547995
1660,3,9,yes,5,0.03466651335340398,0.03466651335340398
926,3,8,no,14,-0.09675056762270368,0.09675056762270368
927,3,8,yes,1,0.00692794968177024,0.00692794968177024
928,3,8,no,1,0.006935967626738038,0.006935967626738038
2757,3,11,no,20,-0.10897508989325277,0.10897508989325277
2758,3,11,no,1,-0.00614129254867346,0.00614129254867346
929,3,8,yes,8,0.05545580096280478,0.05545580096280478
2759,3,11,no,1,0.00614129254867346,0.00614129254867346
930,3,8,yes,1,0.006888044756477085,0.006888044756477085
2760,3,11,no,14,0.07924002113869633,0.07924002113869633
2761,3,11,yes,1,0.0051393804018998734,0.0051393804018998734
1661,3,9,no,3,-0.020781195607399106,0.020781195607399106
1662,3,9,yes,4,-0.027770635492009754,0.027770635492009754
931,3,8,yes,3,0.020542804594913533,0.020542804594913533
400,3,7,yes,1,0.005960635697198957,0.005960635697198957
2762,3,11,yes,1,-0.0051393804018998734,0.0051393804018998734
2271,3,10,no,1,0.006022277489922678,0.006022277489922678
2763,3,11,yes,1,0.0051393804018998734,0.0051393804018998734
2272,3,10,yes,1,0.005960635697198957,0.005960635697198957
401,3,7,yes,1,0.0058976716028927845,0.0058976716028927845
2764,3,11,yes,1,0.005066392393269226,0.005066392393269226
932,3,8,no,13,-0.08982261794093344,0.08982261794093344
933,3,8,yes,1,-0.00692794968177024,0.00692794968177024
934,3,8,no,1,-0.006917278298890717,0.006917278298890717
935,3,8,yes,2,0.013845227980660957,0.013845227980660957
2765,3,11,no,2,0.009912411151086431,0.009912411151086431
2273,3,10,yes,4,0.023200817128541273,0.023200817128541273
936,3,8,yes,1,0.006935967626738038,0.006935967626738038
2274,3,10,yes,1,-0.005701604461620269,0.005701604461620269
937,3,8,yes,1,0.006941319797744205,0.006941319797744205
402,3,7,no,7,-0.042557034713528674,0.042557034713528674
1663,3,9,yes,1,0.006941319797744205,0.006941319797744205
938,3,8,yes,1,0.006943997948260672,0.006943997948260672
1664,3,9,no,2,-0.013877287424482243,0.013877287424482243
1665,3,9,yes,1,0.006935967626738038,0.006935967626738038
1666,3,9,no,9,0.062343845719281865,0.062343845719281865
2275,3,10,no,5,0.027824019912239373,0.027824019912239373
2276,3,10,no,7,0.03596953786550894,0.03596953786550894
403,3,7,yes,10,0.05986018023917716,0.05986018023917716
1667,3,9,yes,1,0.006869527289091959,0.006869527289091959
939,3,8,yes,13,0.08930937609142653,0.08930937609142653
940,3,8,no,1,-0.0067391696291118075,0.0067391696291118075
941,3,8,no,17,-0.11723671981571859,0.11723671981571859
3235,4,12,no,10,-0.06900133256819052,0.06900133256819052
1668,3,9,no,12,-0.0830772903168821,0.0830772903168821
942,3,8,no,1,0.006917278298890717,0.006917278298890717
943,3,8,no,7,0.048570520427256125,0.048570520427256125
944,3,8,yes,1,0.00692794968177024,0.00692794968177024
945,3,8,no,1,0.006917278298890772,0.006917278298890772
946,3,8,yes,1,0.00690396986339592,0.00690396986339592
2277,3,10,no,1,-0.0049193757633081425,0.0049193757633081425
3236,4,12,yes,1,0.006824831682392396,0.006824831682392396
3237,4,12,yes,1,0.0068484456234291224,0.0068484456234291224
3238,4,12,yes,1,0.0068695272890921255,0.0068695272890921255
947,3,8,no,1,0.006888044756477085,0.006888044756477085
948,3,8,yes,1,0.006869527289091959,0.006869527289091959
2278,3,10,no,2,-0.010059427781047514,0.010059427781047514
949,3,8,yes,2,-0.013757572045569044,0.013757572045569044
950,3,8,yes,1,0.006888044756477085,0.006888044756477085
1669,3,9,yes,1,-0.006917278298890717,0.006917278298890717
2279,3,10,yes,4,0.019824281911862807,0.019824281911862807
951,3,8,no,2,-0.013792014619873005,0.013792014619873005
952,3,8,no,17,-0.11723671981571865,0.11723671981571865
1670,3,9,yes,1,0.006917278298890717,0.006917278298890717
953,3,8,no,1,0.006770152846514277,0.006770152846514277
1671,3,9,no,2,0.013863917308508278,0.013863917308508278
2280,3,10,no,5,-0.02496366231376268,0.02496366231376268
954,3,8,no,2,-0.01350932247562614,0.01350932247562614
2281,3,10,no,1,-0.0052119315902589,0.0052119315902589
3239,4,12,yes,1,0.00688804475647703,0.00688804475647703
404,3,7,yes,6,0.03276183777961361,0.03276183777961361
955,3,8,yes,2,0.01350932247562614,0.01350932247562614
956,3,8,yes,10,0.06885605566753972,0.06885605566753972
2766,3,11,yes,4,0.018937089866771117,0.018937089866771117
957,3,8,yes,4,0.027765283321003642,0.027765283321003642
2767,3,11,yes,1,0.004548750366815679,0.004548750366815679
2282,3,10,yes,1,0.0052119315902589,0.0052119315902589
3240,4,12,yes,1,0.006903969863395976,0.006903969863395976
1672,3,9,no,1,-0.006935967626738038,0.006935967626738038
1673,3,9,yes,5,0.03470660311874779,0.03470660311874779
1674,3,9,no,4,-0.027770635492009754,0.027770635492009754
2283,3,10,yes,1,-0.0052119315902589,0.0052119315902589
2284,3,10,no,1,-0.005283976781832678,0.005283976781832678
405,3,7,no,6,-0.03276183777961361,0.03276183777961361
958,3,8,yes,1,0.00692794968177024,0.00692794968177024
2768,3,11,no,3,-0.013868955425285878,0.013868955425285878
2285,3,10,no,1,-0.00535544554716183,0.00535544554716183
406,3,7,no,1,-0.005701604461620269,0.005701604461620269
959,3,8,yes,1,-0.00692794968177024,0.00692794968177024
960,3,8,yes,1,0.00692794968177024,0.00692794968177024
407,3,7,yes,6,0.0331794654594012,0.0331794654594012
2286,3,10,yes,2,0.010639422328994508,0.010639422328994508
3241,4,12,yes,5,0.03466651335340387,0.03466651335340387
961,3,8,yes,3,0.020709292918763778,0.020709292918763778
1675,3,9,yes,1,0.006941319797744205,0.006941319797744205
962,3,8,no,6,-0.04151453002501626,0.04151453002501626
2287,3,10,yes,1,-0.005283976781832678,0.005283976781832678
2288,3,10,yes,1,-0.00535544554716183,0.00535544554716183
2289,3,10,no,1,-0.0054262663116700915,0.0054262663116700915
963,3,8,no,9,-0.06227205321062973,0.06227205321062973
2290,3,10,yes,3,-0.016696149138949012,0.016696149138949012
964,3,8,yes,1,0.0068695272890921255,0.0068695272890921255
2291,3,10,no,2,-0.011469684477386832,0.011469684477386832
965,3,8,yes,1,0.00688804475647703,0.00688804475647703
1676,3,9,yes,7,0.048514481165060575,0.048514481165060575
966,3,8,yes,6,0.04157048321679985,0.04157048321679985
2769,3,11,yes,1,0.004697221546987929,0.004697221546987929
1677,3,9,yes,12,-0.08314096643359975,0.08314096643359975
1678,3,9,yes,1,0.006903969863395976,0.006903969863395976
967,3,8,yes,12,0.08257020646231472,0.08257020646231472
1679,3,9,yes,7,0.04855183109940875,0.04855183109940875
2770,3,11,no,5,0.022373466592661817,0.022373466592661817
2292,3,10,yes,19,-0.12032253855135433,0.12032253855135433
1680,3,9,yes,12,0.08212987558051188,0.08212987558051188
1681,3,9,no,1,-0.006705817235090228,0.006705817235090228
968,3,8,yes,11,-0.075626208514054,0.075626208514054
1682,3,9,no,11,-0.07542405834542165,0.07542405834542165
969,3,8,yes,2,0.013877287424482243,0.013877287424482243
2293,3,10,no,1,0.0067391696291118075,0.0067391696291118075
970,3,8,no,1,-0.006935967626738093,0.006935967626738093
2771,3,11,no,1,-0.004326632768974825,0.004326632768974825
2294,3,10,yes,3,0.020008165752134044,0.020008165752134044
971,3,8,yes,2,-0.013885317746004877,0.013885317746004877
972,3,8,yes,7,0.04845852797327699,0.04845852797327699
2295,3,10,no,3,0.0196471231064127,0.0196471231064127
2296,3,10,no,8,0.0502140342254197,0.0502140342254197
1683,3,9,no,1,-0.00694131979774415,0.00694131979774415
973,3,8,yes,3,-0.020709292918763778,0.020709292918763778
2297,3,10,yes,2,0.011982913187121635,0.011982913187121635
1684,3,9,yes,1,0.00694131979774415,0.00694131979774415
2298,3,10,yes,4,-0.024206727188956,0.024206727188956
2772,3,11,yes,10,-0.047339743723331495,0.047339743723331495
1685,3,9,no,7,0.04829118313979319,0.04829118313979319
2773,3,11,yes,2,0.010059427781047514,0.010059427781047514
2299,3,10,no,1,0.00614129254867346,0.00614129254867346
1686,3,9,no,15,0.09857986788001916,0.09857986788001916
1687,3,9,no,11,-0.0714469926743907,0.0714469926743907
974,3,8,yes,4,0.027578820207855737,0.027578820207855737
2300,3,10,no,8,0.04690036192238556,0.04690036192238556
1688,3,9,no,15,-0.1031946938374314,0.1031946938374314
2301,3,10,yes,1,-0.005634110153561744,0.005634110153561744
408,3,7,yes,2,0.010495908372091578,0.010495908372091578
975,3,8,yes,1,-0.006869527289091959,0.006869527289091959
2774,3,11,yes,8,0.03728031594228398,0.03728031594228398
2302,3,10,no,1,-0.005701604461620269,0.005701604461620269
976,3,8,yes,13,0.0869650312850837,0.0869650312850837
2303,3,10,no,1,-0.0057680800157665635,0.0057680800157665635
977,3,8,no,8,-0.05285335279604597,0.05285335279604597
409,3,7,yes,1,0.0051393804018998734,0.0051393804018998734
978,3,8,no,3,-0.020393705576516652,0.020393705576516652
2304,3,10,no,1,0.0057680800157665635,0.0057680800157665635
2775,3,11,yes,1,-0.004400521639892241,0.004400521639892241
2776,3,11,yes,6,0.02529987747514706,0.02529987747514706
2777,3,11,no,16,-0.07337847996048619,0.07337847996048619
2778,3,11,no,4,0.02011818394625553,0.02011818394625553
2305,3,10,no,20,-0.1260906185671209,0.1260906185671209
2306,3,10,no,2,-0.0135688738941242,0.0135688738941242
2779,3,11,yes,2,-0.009912411151086431,0.009912411151086431
1689,3,9,no,5,-0.034573210227272,0.034573210227272
2307,3,10,no,1,0.0067987210476098126,0.0067987210476098126
2308,3,10,yes,1,0.006770152846514388,0.006770152846514388
1690,3,9,no,12,0.08312504132668086,0.08312504132668086
2309,3,10,no,1,0.0067391696291118075,0.0067391696291118075
979,3,8,no,1,-0.0068484456234291224,0.0068484456234291224
2310,3,10,yes,1,0.006705817235090228,0.006705817235090228
1691,3,9,no,1,-0.006917278298890772,0.006917278298890772
1692,3,9,no,1,-0.00692794968177024,0.00692794968177024
2311,3,10,no,6,0.039408365931843936,0.039408365931843936
2312,3,10,yes,3,-0.019513967714847258,0.019513967714847258
2313,3,10,no,20,0.12057525339816155,0.12057525339816155
2314,3,10,no,6,0.031050162102200796,0.031050162102200796
2315,3,10,no,7,-0.03647642841387089,0.03647642841387089
980,3,8,no,4,0.027242151199945774,0.027242151199945774
2316,3,10,yes,10,-0.057962400907772826,0.057962400907772826
1693,3,9,no,2,0.013845227980661012,0.013845227980661012
2780,3,11,yes,1,0.0049930353877782885,0.0049930353877782885
2317,3,10,yes,1,0.006082521453160905,0.006082521453160905
1694,3,9,no,2,-0.013845227980661012,0.013845227980661012
1695,3,9,yes,3,0.020749197844056932,0.020749197844056932
981,3,8,yes,2,0.013444986864202035,0.013444986864202035
1696,3,9,no,10,-0.06931971827131306,0.06931971827131306
982,3,8,yes,4,0.026444137875337836,0.026444137875337836
983,3,8,no,1,-0.006549739658341158,0.006549739658341158
984,3,8,no,6,-0.0401095379277131,0.0401095379277131
1697,3,9,no,5,0.03469323300277388,0.03469323300277388
2781,3,11,no,9,0.04160694871125881,0.04160694871125881
2782,3,11,no,1,-0.004326632768974825,0.004326632768974825
2318,3,10,yes,4,0.023714045838276077,0.023714045838276077
1698,3,9,yes,3,0.020805237106252483,0.020805237106252483
985,3,8,no,1,-0.0067987210476098126,0.0067987210476098126
2783,3,11,yes,2,-0.008875099945389042,0.008875099945389042
986,3,8,no,1,0.0067987210476098126,0.0067987210476098126
1699,3,9,no,2,-0.013863917308508333,0.013863917308508333
987,3,8,no,1,0.006770152846514388,0.006770152846514388
988,3,8,no,11,-0.075626208514054,0.075626208514054
2319,3,10,no,1,0.0057680800157665635,0.0057680800157665635
2320,3,10,yes,1,0.005701604461620269,0.005701604461620269
2784,3,11,no,12,-0.059455378099095735,0.059455378099095735
2321,3,10,no,1,-0.005701604461620269,0.005701604461620269
2322,3,10,yes,3,0.016901387129485856,0.016901387129485856
2323,3,10,no,1,0.005496366471083425,0.005496366471083425
1700,3,9,no,1,-0.00694131979774415,0.00694131979774415
2324,3,10,no,5,-0.028165833616335845,0.028165833616335845
989,3,8,yes,1,-0.006943997948260727,0.006943997948260727
990,3,8,yes,3,0.02082128537274297,0.02082128537274297
1701,3,9,no,6,-0.0416105113016646,0.0416105113016646
991,3,8,no,1,0.00692794968177024,0.00692794968177024
1702,3,9,yes,1,0.006917278298890717,0.006917278298890717
1703,3,9,no,2,-0.013821248162286692,0.013821248162286692
1704,3,9,yes,1,-0.00688804475647703,0.00688804475647703
992,3,8,no,1,0.006917278298890772,0.006917278298890772
2785,3,11,yes,1,0.00535544554716183,0.00535544554716183
2786,3,11,yes,3,-0.016278078329915346,0.016278078329915346
1705,3,9,yes,1,0.00688804475647703,0.00688804475647703
2787,3,11,no,3,-0.016901387129485856,0.016901387129485856
2325,3,10,no,1,-0.005833461048261657,0.005833461048261657
2788,3,11,no,2,0.011335714615182013,0.011335714615182013
2789,3,11,yes,3,0.01648830529705736,0.01648830529705736
2790,3,11,yes,2,0.010639422328994508,0.010639422328994508
2326,3,10,no,7,0.03942556097626759,0.03942556097626759
1706,3,9,no,3,-0.020606017668998278,0.020606017668998278
1707,3,9,yes,2,0.013717972912521248,0.013717972912521248
1708,3,9,yes,1,0.00688804475647703,0.00688804475647703
1709,3,9,yes,1,0.006903969863395976,0.006903969863395976
2327,3,10,no,1,-0.0054262663116700915,0.0054262663116700915
2328,3,10,no,7,-0.039896966267490286,0.039896966267490286
2791,3,11,yes,1,0.0052119315902589,0.0052119315902589
2792,3,11,no,6,-0.03233965921631077,0.03233965921631077
993,3,8,yes,1,0.00690396986339592,0.00690396986339592
2793,3,11,no,1,0.005565672514303843,0.005565672514303843
1710,3,9,no,1,0.006917278298890717,0.006917278298890717
994,3,8,no,1,0.006888044756477085,0.006888044756477085
2794,3,11,no,12,0.0612062770035513,0.0612062770035513
1711,3,9,yes,20,-0.13300713371130402,0.13300713371130402
1712,3,9,yes,2,-0.0123398089564149,0.0123398089564149
1713,3,9,no,1,0.00614129254867346,0.00614129254867346
1714,3,9,no,9,-0.05304165447105891,0.05304165447105891
2329,3,10,no,11,0.061174586498413785,0.061174586498413785
1715,3,9,yes,1,0.005634110153561633,0.005634110153561633
2795,3,11,no,20,-0.1075897899870798,0.1075897899870798
2796,3,11,no,4,-0.024676449923514254,0.024676449923514254
2797,3,11,yes,10,0.05986018023917716,0.05986018023917716
1716,3,9,yes,2,0.011469684477386777,0.011469684477386777
2798,3,11,yes,1,0.005634110153561744,0.005634110153561744
2799,3,11,yes,1,0.005565672514303843,0.005565672514303843
2330,3,10,no,1,-0.0052119315902589,0.0052119315902589
1717,3,9,yes,1,0.005833461048261823,0.005833461048261823
2331,3,10,no,1,0.0052119315902589,0.0052119315902589
995,3,8,no,12,-0.08312504132668086,0.08312504132668086
2800,3,11,yes,1,0.005496366471083425,0.005496366471083425
2332,3,10,yes,2,0.010205772795169099,0.010205772795169099
1718,3,9,yes,6,0.03630291519959011,0.03630291519959011
410,3,7,yes,12,-0.06631396690031366,0.06631396690031366
1719,3,9,yes,8,0.051438826922256486,0.051438826922256486
2801,3,11,yes,3,0.0160656886406646,0.0160656886406646
2333,3,10,no,3,-0.015417704385428,0.015417704385428
411,3,7,yes,1,0.0058976716028927845,0.0058976716028927845
2334,3,10,yes,2,0.010351311992158774,0.010351311992158774
1720,3,9,yes,1,0.006632203865068964,0.006632203865068964
2335,3,10,no,2,-0.010351311992158774,0.010351311992158774
1721,3,9,yes,10,0.06801882462508785,0.06801882462508785
1722,3,9,yes,1,-0.006903969863395976,0.006903969863395976
1723,3,9,no,14,-0.0938530760415609,0.0938530760415609
996,3,8,yes,1,0.006917278298890717,0.006917278298890717
2336,3,10,no,1,-0.005283976781832678,0.005283976781832678
412,3,7,no,9,0.0500649833052621,0.0500649833052621
2337,3,10,no,8,-0.04478100652342942,0.04478100652342942
2338,3,10,no,1,0.005833461048261657,0.005833461048261657
1724,3,9,yes,2,0.01296422805650621,0.01296422805650621
1725,3,9,yes,1,0.006549739658341158,0.006549739658341158
1726,3,9,no,4,0.02660021545208685,0.02660021545208685
1727,3,9,yes,2,0.01350932247562614,0.01350932247562614
2339,3,10,no,1,0.0057680800157665635,0.0057680800157665635
1728,3,9,yes,1,0.006798721047609868,0.006798721047609868
997,3,8,yes,1,0.00692794968177024,0.00692794968177024
1729,3,9,yes,7,0.048180047195447606,0.048180047195447606
1730,3,9,yes,1,0.006935967626738038,0.006935967626738038
998,3,8,no,10,0.0692798133460199,0.0692798133460199
413,3,7,yes,1,0.0052119315902589,0.0052119315902589
2802,3,11,no,1,-0.005283976781832678,0.005283976781832678
2803,3,11,yes,5,0.025694716555038966,0.025694716555038966
2340,3,10,yes,1,0.005701604461620269,0.005701604461620269
2341,3,10,yes,1,0.005634110153561744,0.005634110153561744
2804,3,11,no,7,0.03287979430239174,0.03287979430239174
999,3,8,yes,1,0.006869527289091959,0.006869527289091959
2342,3,10,no,1,-0.005634110153561744,0.005634110153561744
1731,3,9,yes,2,0.013885317746004877,0.013885317746004877
1732,3,9,yes,5,0.03466651335340398,0.03466651335340398
1000,3,8,yes,4,-0.027578820207855737,0.027578820207855737
2805,3,11,yes,1,-0.004474578305496801,0.004474578305496801
1733,3,9,no,1,-0.006917278298890772,0.006917278298890772
2343,3,10,no,1,0.005634110153561744,0.005634110153561744
1734,3,9,no,1,-0.00692794968177024,0.00692794968177024
1001,3,8,yes,20,-0.1370667768980739,0.1370667768980739
1002,3,8,yes,3,-0.019647123106412534,0.019647123106412534
2806,3,11,yes,1,-0.004548750366815679,0.004548750366815679
1003,3,8,no,1,0.00650533374811868,0.00650533374811868
2807,3,11,no,2,-0.009320205058470199,0.009320205058470199
1004,3,8,no,10,0.06713127593948554,0.06713127593948554
1005,3,8,yes,1,0.0068695272890921255,0.0068695272890921255
1735,3,9,yes,1,-0.006935967626738093,0.006935967626738093
1006,3,8,yes,1,0.00688804475647703,0.00688804475647703
414,3,7,no,1,-0.0052119315902589,0.0052119315902589
1007,3,8,yes,1,0.006903969863395976,0.006903969863395976
1008,3,8,no,3,-0.02066154190896513,0.02066154190896513
1009,3,8,yes,8,0.055328055262369,0.055328055262369
2808,3,11,no,2,-0.009616884808300918,0.009616884808300918
1736,3,9,yes,5,-0.03470660311874779,0.03470660311874779
2809,3,11,yes,1,-0.0049193757633081425,0.0049193757633081425
1010,3,8,no,19,-0.12896466494997322,0.12896466494997322
1011,3,8,no,5,0.032949471623456406,0.032949471623456406
2810,3,11,no,2,-0.010059427781047514,0.010059427781047514
1012,3,8,yes,9,0.06134867997311294,0.06134867997311294
1013,3,8,no,1,0.006917278298890717,0.006917278298890717
1737,3,9,yes,3,0.020821285372742915,0.020821285372742915
2344,3,10,no,1,0.005565672514303843,0.005565672514303843
1014,3,8,yes,2,-0.013821248162286692,0.013821248162286692
415,3,7,no,1,0.0052119315902589,0.0052119315902589
1738,3,9,no,1,-0.006943997948260672,0.006943997948260672
2345,3,10,no,9,0.046892170648262455,0.046892170648262455
2346,3,10,yes,1,-0.0049193757633081425,0.0049193757633081425
2347,3,10,no,1,-0.0049930353877782885,0.0049930353877782885
2348,3,10,no,1,-0.005066392393269226,0.005066392393269226
1015,3,8,no,12,0.08314096643359975,0.08314096643359975
2349,3,10,yes,14,-0.0782968800874353,0.0782968800874353
1016,3,8,no,2,-0.013821248162286692,0.013821248162286692
2811,3,11,yes,2,0.010059427781047514,0.010059427781047514
2350,3,10,no,9,0.05187987945461192,0.05187987945461192
1017,3,8,no,1,-0.00692794968177024,0.00692794968177024
2351,3,10,no,3,-0.016696149138949012,0.016696149138949012
1018,3,8,no,1,0.00692794968177024,0.00692794968177024
1019,3,8,yes,1,0.006917278298890772,0.006917278298890772
1739,3,9,yes,2,0.013887995896521399,0.013887995896521399
1740,3,9,no,1,0.00694131979774415,0.00694131979774415
1020,3,8,no,1,0.00690396986339592,0.00690396986339592
1741,3,9,yes,1,-0.00694131979774415,0.00694131979774415
1021,3,8,no,1,-0.00690396986339592,0.00690396986339592
2352,3,10,no,5,0.027477860997780934,0.027477860997780934
2353,3,10,no,1,-0.00535544554716183,0.00535544554716183
1742,3,9,yes,1,0.00694131979774415,0.00694131979774415
1743,3,9,no,3,-0.02082931569426555,0.02082931569426555
1022,3,8,no,1,-0.006917278298890772,0.006917278298890772
1744,3,9,yes,2,-0.013877287424482243,0.013877287424482243
2812,3,11,yes,2,-0.010059427781047514,0.010059427781047514
1023,3,8,yes,1,0.006917278298890772,0.006917278298890772
2813,3,11,no,3,-0.01563528877399145,0.01563528877399145
1024,3,8,yes,1,-0.006917278298890772,0.006917278298890772
1025,3,8,yes,8,0.05482097140780151,0.05482097140780151
1026,3,8,no,1,0.0067391696291118075,0.0067391696291118075
1027,3,8,yes,3,0.020008165752134044,0.020008165752134044
1028,3,8,no,12,-0.08156830678904736,0.08156830678904736
1745,3,9,yes,1,-0.00692794968177024,0.00692794968177024
1029,3,8,no,1,-0.00692794968177024,0.00692794968177024
1030,3,8,no,2,0.013845227980661012,0.013845227980661012
2354,3,10,no,7,-0.03942556097626759,0.03942556097626759
1746,3,9,yes,2,0.013863917308508278,0.013863917308508278
1031,3,8,yes,1,-0.006917278298890772,0.006917278298890772
1032,3,8,no,1,0.006917278298890772,0.006917278298890772
416,3,7,no,1,0.0051393804018998734,0.0051393804018998734
2355,3,10,yes,2,0.01160154106402822,0.01160154106402822
2356,3,10,yes,1,0.005701604461620269,0.005701604461620269
2814,3,11,yes,1,0.005283976781832678,0.005283976781832678
1033,3,8,yes,2,-0.013845227980661012,0.013845227980661012
1034,3,8,no,1,0.00692794968177024,0.00692794968177024
2815,3,11,no,10,0.04881595577010123,0.04881595577010123
2816,3,11,yes,2,-0.00917173387829795,0.00917173387829795
1747,3,9,yes,1,-0.006935967626738038,0.006935967626738038
1035,3,8,yes,1,-0.00692794968177024,0.00692794968177024
2817,3,11,no,1,-0.004697221546987929,0.004697221546987929
1036,3,8,yes,2,0.013845227980661012,0.013845227980661012
2818,3,11,yes,2,0.009320205058470199,0.009320205058470199
1037,3,8,no,3,-0.020781195607399106,0.020781195607399106
2819,3,11,yes,1,0.004548750366815679,0.004548750366815679
417,3,7,yes,1,-0.0051393804018998734,0.0051393804018998734
1038,3,8,yes,1,0.006935967626738093,0.006935967626738093
1748,3,9,no,1,-0.00692794968177024,0.00692794968177024
2357,3,10,no,2,0.011199782667865588,0.011199782667865588
418,3,7,yes,2,0.010205772795169099,0.010205772795169099
2358,3,10,no,1,0.005496366471083425,0.005496366471083425
1749,3,9,no,1,-0.006917278298890717,0.006917278298890717
419,3,7,no,3,-0.015417704385428,0.015417704385428
2820,3,11,no,2,-0.00917173387829795,0.00917173387829795
1750,3,9,no,13,0.08999456861577282,0.08999456861577282
2359,3,10,no,1,0.0054262663116700915,0.0054262663116700915
2360,3,10,yes,1,0.00535544554716183,0.00535544554716183
2821,3,11,yes,5,0.022373466592661817,0.022373466592661817
1751,3,9,no,3,-0.020661541908964964,0.020661541908964964
1039,3,8,yes,1,-0.006935967626738093,0.006935967626738093
1752,3,9,yes,3,-0.020781195607399106,0.020781195607399106
1753,3,9,no,2,-0.013885317746004877,0.013885317746004877
2822,3,11,no,4,-0.017750483081179547,0.017750483081179547
420,3,7,no,1,-0.005283976781832678,0.005283976781832678
2361,3,10,no,4,0.020701681167260677,0.020701681167260677
2362,3,10,yes,1,0.0049930353877782885,0.0049930353877782885
1754,3,9,no,2,0.013885317746004877,0.013885317746004877
2363,3,10,yes,1,0.0049193757633081425,0.0049193757633081425
1040,3,8,yes,4,-0.027770635492009754,0.027770635492009754
1041,3,8,yes,4,-0.02768516547079497,0.02768516547079497
1755,3,9,no,2,0.013863917308508333,0.013863917308508333
2364,3,10,no,1,0.00484547836750715,0.00484547836750715
2823,3,11,yes,2,-0.009320205058470199,0.009320205058470199
1756,3,9,yes,1,-0.00692794968177024,0.00692794968177024
1757,3,9,no,12,-0.0829977862585411,0.0829977862585411
1758,3,9,no,12,-0.07965754420293286,0.07965754420293286
1759,3,9,yes,1,0.006410485830370238,0.006410485830370238
1042,3,8,no,3,-0.020606017668998278,0.020606017668998278
1760,3,9,yes,2,0.01296422805650621,0.01296422805650621
1043,3,8,no,1,0.0068484456234291224,0.0068484456234291224
2824,3,11,yes,2,0.009320205058470199,0.009320205058470199
2365,3,10,yes,1,-0.00484547836750715,0.00484547836750715
2366,3,10,yes,5,0.023485840233586797,0.023485840233586797
1044,3,8,yes,13,0.08999456861577299,0.08999456861577299
1761,3,9,yes,9,-0.05671936797353849,0.05671936797353849
1762,3,9,yes,2,0.012223814001834421,0.012223814001834421
2825,3,11,no,7,-0.033915893411126774,0.033915893411126774
1763,3,9,yes,1,0.006198516407741439,0.006198516407741439
1764,3,9,yes,1,0.006254119513938561,0.006254119513938561
2367,3,10,no,4,-0.018640361866079647,0.018640361866079647
2368,3,10,no,1,-0.00484547836750715,0.00484547836750715
421,3,7,no,3,-0.016278078329915346,0.016278078329915346
1765,3,9,no,8,0.05181691127338689,0.05181691127338689
1766,3,9,yes,3,0.020115131516177054,0.020115131516177054
1767,3,9,no,1,0.006770152846514277,0.006770152846514277
2369,3,10,no,1,-0.0049193757633081425,0.0049193757633081425
1045,3,8,no,1,0.00690396986339592,0.00690396986339592
1768,3,9,yes,1,0.006798721047609868,0.006798721047609868
422,3,7,no,5,-0.028502928193514077,0.028502928193514077
423,3,7,no,1,-0.0058976716028927845,0.0058976716028927845
1769,3,9,yes,1,0.006824831682392396,0.006824831682392396
1046,3,8,no,1,-0.00690396986339592,0.00690396986339592
1770,3,9,no,12,0.0829977862585411,0.0829977862585411
2370,3,10,yes,1,-0.0049930353877782885,0.0049930353877782885
1047,3,8,yes,1,-0.006917278298890772,0.006917278298890772
424,3,7,yes,1,-0.005960635697198957,0.005960635697198957
1771,3,9,no,11,-0.07614934063511197,0.07614934063511197
1772,3,9,yes,6,-0.04068713806414781,0.04068713806414781
1773,3,9,yes,5,0.03383869244071869,0.03383869244071869
1048,3,8,yes,1,0.006917278298890772,0.006917278298890772
425,3,7,no,3,-0.018246091491757044,0.018246091491757044
1049,3,8,yes,1,0.00690396986339592,0.00690396986339592
1774,3,9,yes,2,-0.013623552730002264,0.013623552730002264
426,3,7,yes,14,0.08016938209711089,0.08016938209711089
1775,3,9,yes,2,0.013623552730002264,0.013623552730002264
1776,3,9,yes,1,0.0068484456234291224,0.0068484456234291224
2371,3,10,no,8,-0.04254543201147987,0.04254543201147987
1050,3,8,no,1,-0.00690396986339592,0.00690396986339592
1777,3,9,yes,14,0.0968985384791689,0.0968985384791689
1778,3,9,yes,6,0.04099972324551482,0.04099972324551482
2826,3,11,yes,1,-0.0051393804018998734,0.0051393804018998734
2827,3,11,yes,1,0.0051393804018998734,0.0051393804018998734
2828,3,11,no,3,-0.01563528877399145,0.01563528877399145
1779,3,9,yes,8,-0.05482097140780151,0.05482097140780151
1780,3,9,no,1,-0.00692794968177024,0.00692794968177024
2372,3,10,no,3,-0.017103794630948577,0.017103794630948577
1781,3,9,no,1,0.00692794968177024,0.00692794968177024
2373,3,10,yes,12,-0.07392808006369578,0.07392808006369578
1782,3,9,yes,6,-0.04163455280051809,0.04163455280051809
1051,3,8,no,4,-0.027722515405143255,0.027722515405143255
2374,3,10,yes,2,0.012869380138757824,0.012869380138757824
2375,3,10,yes,1,0.006360174775013605,0.006360174775013605
2829,3,11,no,7,0.03545957068585426,0.03545957068585426
1783,3,9,no,2,-0.013863917308508278,0.013863917308508278
1052,3,8,yes,1,0.00694131979774415,0.00694131979774415
1053,3,8,no,2,0.013863917308508333,0.013863917308508333
2830,3,11,yes,7,0.031842094580443514,0.031842094580443514
2376,3,10,no,2,0.012562148902072523,0.012562148902072523
1784,3,9,yes,1,0.00692794968177024,0.00692794968177024
2831,3,11,yes,3,-0.013201732714363867,0.013201732714363867
1054,3,8,yes,1,-0.00692794968177024,0.00692794968177024
1785,3,9,yes,8,-0.054978768243057474,0.054978768243057474
1055,3,8,no,1,-0.006935967626738093,0.006935967626738093
2377,3,10,yes,1,0.0061985164077413835,0.0061985164077413835
1786,3,9,no,6,-0.04010953792771299,0.04010953792771299
1787,3,9,yes,1,-0.006549739658341158,0.006549739658341158
2378,3,10,yes,1,0.00614129254867346,0.00614129254867346
1788,3,9,no,1,0.006549739658341158,0.006549739658341158
1789,3,9,yes,6,-0.03859265770836523,0.03859265770836523
1790,3,9,yes,1,0.006308029388133907,0.006308029388133907
1791,3,9,no,3,-0.018760665309813906,0.018760665309813906
1792,3,9,yes,13,0.08438467871124394,0.08438467871124394
1793,3,9,no,5,0.03411167848903779,0.03411167848903779
1794,3,9,no,6,-0.04085084811814965,0.04085084811814965
1795,3,9,yes,9,0.061560141036913374,0.061560141036913374
2832,3,11,no,9,-0.04360402417984233,0.04360402417984233
2379,3,10,yes,1,0.006082521453160905,0.006082521453160905
2833,3,11,yes,5,0.02496366231376268,0.02496366231376268
2380,3,10,yes,8,0.046383512983528496,0.046383512983528496
2834,3,11,no,5,0.023114940171576448,0.023114940171576448
2381,3,10,yes,5,0.026773986702006924,0.026773986702006924
427,3,7,yes,1,0.0052119315902589,0.0052119315902589
2382,3,10,no,1,-0.0052119315902589,0.0052119315902589
1796,3,9,yes,1,-0.006917278298890717,0.006917278298890717
1797,3,9,no,1,-0.006903969863395976,0.006903969863395976
1056,3,8,no,1,0.006935967626738093,0.006935967626738093
2835,3,11,yes,1,0.004400521639892241,0.004400521639892241
2383,3,10,yes,1,-0.005283976781832678,0.005283976781832678
2384,3,10,no,4,0.020701681167260677,0.020701681167260677
2385,3,10,no,1,-0.005066392393269226,0.005066392393269226
2386,3,10,no,6,0.029292909899644504,0.029292909899644504
2387,3,10,yes,1,-0.004697221546987929,0.004697221546987929
2388,3,10,no,1,-0.004771406440793768,0.004771406440793768
2389,3,10,no,1,-0.00484547836750715,0.00484547836750715
2836,3,11,no,1,-0.004400521639892241,0.004400521639892241
2390,3,10,no,1,-0.0049193757633081425,0.0049193757633081425
1057,3,8,yes,1,0.00692794968177024,0.00692794968177024
2391,3,10,no,12,-0.06464226203020673,0.06464226203020673
2392,3,10,no,1,0.0057680800157665635,0.0057680800157665635
2837,3,11,yes,1,0.004400521639892241,0.004400521639892241
2393,3,10,no,11,0.05887418201444017,0.05887418201444017
2394,3,10,no,1,-0.0049930353877782885,0.0049930353877782885
2395,3,10,yes,1,0.0049930353877782885,0.0049930353877782885
2396,3,10,no,1,-0.0049930353877782885,0.0049930353877782885
2397,3,10,yes,7,0.03339825138467323,0.03339825138467323
2398,3,10,yes,9,-0.04360402417984233,0.04360402417984233
2399,3,10,no,18,-0.10414197899718369,0.10414197899718369
2400,3,10,yes,1,0.006308029388134018,0.006308029388134018
2401,3,10,yes,1,0.006254119513938505,0.006254119513938505
2402,3,10,yes,1,0.0061985164077413835,0.0061985164077413835
2403,3,10,yes,1,0.00614129254867346,0.00614129254867346
2404,3,10,yes,1,0.006082521453160905,0.006082521453160905
1058,3,8,no,1,0.006917278298890772,0.006917278298890772
2838,3,11,yes,17,-0.08481878334154214,0.08481878334154214
2405,3,10,yes,1,0.006022277489922678,0.006022277489922678
2839,3,11,yes,1,0.005565672514303843,0.005565672514303843
1798,3,9,yes,6,0.04157048321679985,0.04157048321679985
2406,3,10,no,1,0.005960635697198957,0.005960635697198957
2840,3,11,yes,1,0.005496366471083425,0.005496366471083425
2841,3,11,no,9,0.04624128254468618,0.04624128254468618
2407,3,10,yes,1,0.0058976716028927845,0.0058976716028927845
2408,3,10,no,1,0.005833461048261657,0.005833461048261657
2842,3,11,no,11,0.04841481764672351,0.04841481764672351
1799,3,9,no,4,-0.027749235054513155,0.027749235054513155
2409,3,10,yes,1,0.0057680800157665635,0.0057680800157665635
2843,3,11,no,1,-0.00403373492910708,0.00403373492910708
1059,3,8,no,1,-0.006917278298890772,0.006917278298890772
1800,3,9,no,1,-0.006917278298890717,0.006917278298890717
2844,3,11,no,1,-0.0041064676986638515,0.0041064676986638515
2845,3,11,no,1,-0.004179558286804386,0.004179558286804386
2410,3,10,yes,1,0.005701604461620269,0.005701604461620269
1060,3,8,no,3,0.020709292918763778,0.020709292918763778
1061,3,8,yes,1,0.006869527289091959,0.006869527289091959
1801,3,9,yes,1,-0.006903969863395976,0.006903969863395976
1062,3,8,yes,1,-0.006869527289091959,0.006869527289091959
1802,3,9,no,10,0.06931971827131306,0.06931971827131306
2411,3,10,no,12,0.06293743168363519,0.06293743168363519
2412,3,10,yes,3,-0.014757889518593581,0.014757889518593581
2413,3,10,no,4,-0.020701681167260677,0.020701681167260677
2414,3,10,yes,14,-0.08108392172301959,0.08108392172301959
2415,3,10,yes,4,0.024444607899498427,0.024444607899498427
2846,3,11,no,16,-0.07691007296516428,0.07691007296516428
1803,3,9,no,8,-0.055498470109026365,0.055498470109026365
2416,3,10,yes,1,0.005960635697198957,0.005960635697198957
1804,3,9,yes,1,0.00692794968177024,0.00692794968177024
2417,3,10,yes,5,-0.030405243596697384,0.030405243596697384
2418,3,10,yes,9,0.05360606072523866,0.05360606072523866
2847,3,11,no,1,0.00535544554716183,0.00535544554716183
2848,3,11,yes,1,0.005283976781832678,0.005283976781832678
2849,3,11,no,15,-0.08636789850485227,0.08636789850485227
1805,3,9,no,1,-0.00692794968177024,0.00692794968177024
2850,3,11,yes,1,0.0061985164077413835,0.0061985164077413835
2419,3,10,yes,2,0.011199782667865588,0.011199782667865588
2851,3,11,yes,1,0.00614129254867346,0.00614129254867346
2852,3,11,yes,11,0.06338866721944292,0.06338866721944292
1806,3,9,yes,8,0.055498470109026365,0.055498470109026365
1063,3,8,no,1,-0.006888044756477085,0.006888044756477085
1807,3,9,no,1,-0.00692794968177024,0.00692794968177024
2853,3,11,no,5,0.026057126714422507,0.026057126714422507
1808,3,9,no,1,-0.006935967626738093,0.006935967626738093
1809,3,9,no,2,0.013863917308508333,0.013863917308508333
1810,3,9,no,1,-0.00692794968177024,0.00692794968177024
1811,3,9,no,4,-0.027765283321003642,0.027765283321003642
2854,3,11,no,2,-0.010205772795169099,0.010205772795169099
2420,3,10,no,3,-0.016901387129485856,0.016901387129485856
2421,3,10,no,4,-0.023459848364119962,0.023459848364119962
2422,3,10,no,1,0.005960635697198957,0.005960635697198957
1812,3,9,yes,4,0.027765283321003642,0.027765283321003642
1064,3,8,no,1,0.006888044756477085,0.006888044756477085
1813,3,9,no,1,-0.006935967626738093,0.006935967626738093
2423,3,10,yes,4,0.023200817128541273,0.023200817128541273
2855,3,11,no,1,0.0051393804018998734,0.0051393804018998734
1814,3,9,no,8,0.055116014822185644,0.055116014822185644
1065,3,8,no,1,-0.006888044756477085,0.006888044756477085
1815,3,9,no,5,-0.03433481921478654,0.03433481921478654
1816,3,9,no,4,-0.027722515405143255,0.027722515405143255
2856,3,11,no,2,-0.010351311992158774,0.010351311992158774
428,3,7,yes,1,-0.0052119315902589,0.0052119315902589
1066,3,8,no,1,0.006888044756477085,0.006888044756477085
2424,3,10,yes,1,0.005634110153561744,0.005634110153561744
1067,3,8,yes,1,0.006869527289091959,0.006869527289091959
1068,3,8,no,2,0.013673277305821574,0.013673277305821574
429,3,7,no,1,-0.005283976781832678,0.005283976781832678
1817,3,9,no,3,-0.020829315694265604,0.020829315694265604
2425,3,10,no,1,0.005565672514303843,0.005565672514303843
1069,3,8,yes,1,0.0067987210476098126,0.0067987210476098126
2857,3,11,no,2,-0.010639422328994508,0.010639422328994508
2858,3,11,no,1,-0.0054262663116700915,0.0054262663116700915
2859,3,11,no,1,-0.005496366471083425,0.005496366471083425
2860,3,11,no,5,-0.028502928193514077,0.028502928193514077
430,3,7,no,7,-0.038947545475167766,0.038947545475167766
431,3,7,yes,1,0.0057680800157665635,0.0057680800157665635
1818,3,9,no,20,0.13634464894785947,0.13634464894785947
1819,3,9,no,4,0.02573488866189011,0.02573488866189011
1820,3,9,yes,14,-0.09286616460137576,0.09286616460137576
1821,3,9,no,4,-0.027578820207855737,0.027578820207855737
1822,3,9,yes,1,-0.00692794968177024,0.00692794968177024
2861,3,11,yes,1,0.005833461048261657,0.005833461048261657
1070,3,8,no,1,-0.0067987210476098126,0.0067987210476098126
2862,3,11,yes,1,0.0057680800157665635,0.0057680800157665635
2863,3,11,yes,1,0.005701604461620269,0.005701604461620269
1823,3,9,no,1,-0.006935967626738093,0.006935967626738093
432,3,7,yes,14,0.07341044258604923,0.07341044258604923
1824,3,9,yes,20,0.13430890211773983,0.13430890211773983
1071,3,8,no,1,0.0067987210476098126,0.0067987210476098126
2426,3,10,no,2,0.010922632782753516,0.010922632782753516
1072,3,8,yes,1,-0.0067987210476098126,0.0067987210476098126
1073,3,8,no,1,-0.0068248316823924515,0.0068248316823924515
1825,3,9,yes,4,-0.02573488866189011,0.02573488866189011
2427,3,10,yes,1,0.00535544554716183,0.00535544554716183
1826,3,9,no,2,-0.01314178935829402,0.01314178935829402
1827,3,9,no,11,-0.07465102849015659,0.07465102849015659
1828,3,9,no,3,0.020661541908964964,0.020661541908964964
1829,3,9,no,6,-0.04144273751636407,0.04144273751636407
1074,3,8,yes,1,-0.0068484456234291224,0.0068484456234291224
2428,3,10,no,11,0.054099932551933905,0.054099932551933905
2864,3,11,no,9,0.04817954216504161,0.04817954216504161
433,3,7,yes,2,-0.009616884808300918,0.009616884808300918
2865,3,11,no,2,-0.010205772795169099,0.010205772795169099
1830,3,9,no,1,-0.00694131979774415,0.00694131979774415
2429,3,10,yes,3,0.013201732714363867,0.013201732714363867
2430,3,10,yes,1,-0.004326632768974825,0.004326632768974825
1075,3,8,no,1,0.0068484456234291224,0.0068484456234291224
2866,3,11,no,1,-0.0052119315902589,0.0052119315902589
2431,3,10,no,20,-0.10192257797249071,0.10192257797249071
1076,3,8,yes,1,0.0068248316823924515,0.0068248316823924515
2432,3,10,no,12,0.06464226203020673,0.06464226203020673
2433,3,10,no,9,0.04160694871125881,0.04160694871125881
1077,3,8,no,15,0.09795355260536809,0.09795355260536809
1078,3,8,no,12,-0.07764550908213208,0.07764550908213208
2867,3,11,yes,20,-0.11815960232069622,0.11815960232069622
2868,3,11,yes,4,-0.02627932697148161,0.02627932697148161
1079,3,8,no,3,-0.020308043523236008,0.020308043523236008
2434,3,10,yes,6,-0.027070688139649746,0.027070688139649746
2869,3,11,yes,6,0.039148707110239434,0.039148707110239434
2870,3,11,no,1,0.006360174775013605,0.006360174775013605
2435,3,10,no,1,-0.004771406440793768,0.004771406440793768
2871,3,11,no,1,0.006308029388134018,0.006308029388134018
1831,3,9,yes,4,0.027722515405143255,0.027722515405143255
2872,3,11,yes,1,0.006254119513938505,0.006254119513938505
1832,3,9,no,1,0.00690396986339592,0.00690396986339592
1833,3,9,no,1,-0.00690396986339592,0.00690396986339592
2873,3,11,yes,1,0.0061985164077413835,0.0061985164077413835
2874,3,11,no,1,0.00614129254867346,0.00614129254867346
2436,3,10,yes,6,0.02751546181146869,0.02751546181146869
1834,3,9,yes,1,0.00690396986339592,0.00690396986339592
2437,3,10,no,1,-0.004400521639892241,0.004400521639892241
2438,3,10,no,1,0.004400521639892241,0.004400521639892241
2875,3,11,no,2,0.012104798943083583,0.012104798943083583
1080,3,8,yes,1,0.0067987210476098126,0.0067987210476098126
2876,3,11,yes,4,0.023459848364119962,0.023459848364119962
1081,3,8,no,1,-0.0067987210476098126,0.0067987210476098126
1835,3,9,yes,1,-0.00690396986339592,0.00690396986339592
2439,3,10,no,1,-0.004400521639892241,0.004400521639892241
434,3,7,yes,14,0.06111120963855743,0.06111120963855743
435,3,7,yes,8,-0.03315079109947383,0.03315079109947383
1836,3,9,no,1,-0.006917278298890772,0.006917278298890772
1082,3,8,no,2,0.0135688738941242,0.0135688738941242
1083,3,8,no,1,0.0067391696291118075,0.0067391696291118075
2877,3,11,yes,1,0.005701604461620269,0.005701604461620269
436,3,7,yes,1,-0.004474578305496801,0.004474578305496801
1837,3,9,no,13,0.08816035648900022,0.08816035648900022
1838,3,9,yes,8,-0.053733090657715366,0.053733090657715366
2878,3,11,no,12,0.06293743168363519,0.06293743168363519
1839,3,9,no,1,-0.0068484456234291224,0.0068484456234291224
2440,3,10,no,11,0.044392952416635434,0.044392952416635434
1084,3,8,yes,10,-0.06848809071868356,0.06848809071868356
2441,3,10,no,1,0.0036070974478101814,0.0036070974478101814
1840,3,9,yes,1,-0.006869527289091959,0.006869527289091959
2442,3,10,no,5,0.017011553323592943,0.017011553323592943
2443,3,10,yes,1,0.0032023859348871975,0.0032023859348871975
2444,3,10,yes,4,-0.013206540935070454,0.013206540935070454
2445,3,10,yes,1,0.003401615024017257,0.003401615024017257
2879,3,11,yes,20,-0.11034497600113247,0.11034497600113247
2880,3,11,yes,7,-0.044495553971704016,0.044495553971704016
2446,3,10,no,11,-0.04124938836449643,0.04124938836449643
1085,3,8,yes,9,0.06174892108957175,0.06174892108957175
2447,3,10,yes,13,-0.06009889693081538,0.06009889693081538
2881,3,11,no,11,-0.0740008032285776,0.0740008032285776
1086,3,8,no,1,-0.006770152846514388,0.006770152846514388
2882,3,11,yes,3,0.020542804594913533,0.020542804594913533
1841,3,9,no,6,-0.04151453002501626,0.04151453002501626
1842,3,9,no,1,-0.006943997948260727,0.006943997948260727
1087,3,8,no,3,-0.020471998353431387,0.020471998353431387
437,3,7,yes,1,-0.004548750366815679,0.004548750366815679
2883,3,11,yes,1,0.0067987210476098126,0.0067987210476098126
2884,3,11,no,1,0.006770152846514388,0.006770152846514388
1088,3,8,no,1,0.0068484456234291224,0.0068484456234291224
2885,3,11,yes,5,0.033339385081198714,0.033339385081198714
2886,3,11,no,1,0.006549739658341158,0.006549739658341158
1089,3,8,no,1,0.0068248316823924515,0.0068248316823924515
2887,3,11,no,15,-0.10163804582911162,0.10163804582911162
1090,3,8,yes,1,-0.0068248316823924515,0.0068248316823924515
1843,3,9,no,1,0.006943997948260727,0.006943997948260727
438,3,7,no,5,-0.02385646563007926,0.02385646563007926
2888,3,11,yes,1,0.00692794968177024,0.00692794968177024
2889,3,11,yes,1,0.006917278298890772,0.006917278298890772
2890,3,11,yes,1,-0.006917278298890772,0.006917278298890772
2891,3,11,no,1,-0.00692794968177024,0.00692794968177024
2448,3,10,no,1,0.005066392393269226,0.005066392393269226
2892,3,11,yes,1,0.00692794968177024,0.00692794968177024
2449,3,10,yes,2,0.009912411151086431,0.009912411151086431
439,3,7,yes,1,-0.0049930353877782885,0.0049930353877782885
1844,3,9,yes,4,0.027722515405143255,0.027722515405143255
2450,3,10,yes,8,-0.04139580417717903,0.04139580417717903
2893,3,11,yes,1,0.006917278298890772,0.006917278298890772
2451,3,10,yes,1,0.0054262663116700915,0.0054262663116700915
2452,3,10,no,1,0.00535544554716183,0.00535544554716183
2894,3,11,no,8,0.054642862738022546,0.054642862738022546
1091,3,8,yes,1,0.0068248316823924515,0.0068248316823924515
2895,3,11,yes,2,0.013375961887065135,0.013375961887065135
2896,3,11,yes,13,0.08251563868682399,0.08251563868682399
2453,3,10,no,1,0.005283976781832678,0.005283976781832678
2897,3,11,no,2,-0.012104798943083583,0.012104798943083583
1845,3,9,no,3,-0.020781195607399106,0.020781195607399106
1846,3,9,yes,1,-0.00694131979774415,0.00694131979774415
1092,3,8,no,11,-0.07594533051645119,0.07594533051645119
2898,3,11,no,5,-0.03126213263350097,0.03126213263350097
2899,3,11,no,1,0.006360174775013605,0.006360174775013605
1847,3,9,yes,1,0.00694131979774415,0.00694131979774415
1093,3,8,yes,9,0.06227205321062962,0.06227205321062962
2900,3,11,no,1,-0.006360174775013605,0.006360174775013605
1848,3,9,yes,16,-0.10990051107252169,0.10990051107252169
440,3,7,no,1,0.0049930353877782885,0.0049930353877782885
1849,3,9,no,1,0.006705817235090283,0.006705817235090283
1850,3,9,no,4,0.027132875205628404,0.027132875205628404
2901,3,11,yes,1,0.006360174775013605,0.006360174775013605
2902,3,11,yes,1,0.006308029388134018,0.006308029388134018
1851,3,9,yes,1,0.0068484456234291224,0.0068484456234291224
2903,3,11,no,8,-0.051816911273387056,0.051816911273387056
2904,3,11,yes,1,0.006632203865068909,0.006632203865068909
1852,3,9,yes,1,0.0068695272890921255,0.0068695272890921255
2905,3,11,no,10,-0.06774705862676067,0.06774705862676067
2906,3,11,no,1,0.006888044756477085,0.006888044756477085
1853,3,9,yes,5,0.034573210227272,0.034573210227272
2907,3,11,no,6,-0.04151453002501626,0.04151453002501626
1854,3,9,no,1,-0.006935967626738038,0.006935967626738038
2908,3,11,no,10,0.0688560556675396,0.0688560556675396
1855,3,9,yes,3,0.020821285372742915,0.020821285372742915
2454,3,10,no,11,0.05329053407559803,0.05329053407559803
1094,3,8,no,1,0.0068484456234291224,0.0068484456234291224
2909,3,11,no,10,0.06603399147293076,0.06603399147293076
2455,3,10,no,3,-0.013646312183794751,0.013646312183794751
1856,3,9,yes,1,0.006943997948260727,0.006943997948260727
2910,3,11,yes,1,0.006360174775013605,0.006360174775013605
441,3,7,no,3,-0.015198808182947388,0.015198808182947388
2911,3,11,yes,1,-0.006360174775013605,0.006360174775013605
2912,3,11,no,1,-0.006410485830370405,0.006410485830370405
442,3,7,yes,1,0.0051393804018998734,0.0051393804018998734
2456,3,10,yes,9,-0.044928198673635955,0.044928198673635955
2913,3,11,no,13,0.07893887023269519,0.07893887023269519
2914,3,11,yes,2,-0.011469684477386832,0.011469684477386832
1095,3,8,yes,1,0.0068248316823924515,0.0068248316823924515
2457,3,10,no,7,0.03545957068585426,0.03545957068585426
2458,3,10,yes,1,0.004771406440793768,0.004771406440793768
2459,3,10,no,1,-0.004771406440793768,0.004771406440793768
2915,3,11,no,7,-0.042136376247851826,0.042136376247851826
2460,3,10,no,3,-0.014757889518593581,0.014757889518593581
443,3,7,no,2,-0.010351311992158774,0.010351311992158774
2461,3,10,no,2,0.009912411151086431,0.009912411151086431
2462,3,10,yes,5,-0.02533011553651443,0.02533011553651443
444,3,7,no,13,-0.07402808954843743,0.07402808954843743
2916,3,11,yes,1,0.0061985164077413835,0.0061985164077413835
2463,3,10,yes,1,0.0052119315902589,0.0052119315902589
1096,3,8,yes,1,0.0067987210476098126,0.0067987210476098126
2917,3,11,no,5,-0.031531325915197916,0.031531325915197916
1097,3,8,no,12,0.07870219563607839,0.07870219563607839
2464,3,10,no,1,-0.0052119315902589,0.0052119315902589
2918,3,11,yes,6,0.03767261846387138,0.03767261846387138
445,3,7,yes,1,0.006082521453160905,0.006082521453160905
1098,3,8,no,13,-0.0855009166836882,0.0855009166836882
446,3,7,yes,1,0.006022277489922678,0.006022277489922678
447,3,7,yes,8,0.04585760196468924,0.04585760196468924
1099,3,8,no,1,0.0067987210476098126,0.0067987210476098126
2919,3,11,no,7,0.041266251768823814,0.041266251768823814
448,3,7,yes,1,0.0054262663116700915,0.0054262663116700915
1100,3,8,no,3,0.020215139710716423,0.020215139710716423
2465,3,10,no,1,-0.005283976781832678,0.005283976781832678
1101,3,8,yes,1,0.0066701446519749075,0.0066701446519749075
2920,3,11,yes,1,-0.005701604461620269,0.005701604461620269
1857,3,9,yes,1,-0.006943997948260727,0.006943997948260727
2921,3,11,no,1,-0.0057680800157665635,0.0057680800157665635
1102,3,8,no,1,-0.0066701446519749075,0.0066701446519749075
1103,3,8,no,1,0.0066701446519749075,0.0066701446519749075
1858,3,9,no,1,0.006943997948260727,0.006943997948260727
2466,3,10,no,8,0.040230977126648026,0.040230977126648026
2922,3,11,yes,5,0.028165833616335845,0.028165833616335845
1104,3,8,no,3,-0.020115131516176943,0.020115131516176943
3242,5,17,no,19,-0.12896466494997322,0.12896466494997322
1105,3,8,yes,1,0.0067391696291118075,0.0067391696291118075
1106,3,8,yes,6,0.039655288858546744,0.039655288858546744
1107,3,8,yes,6,-0.039655288858546744,0.039655288858546744
3243,5,17,yes,1,0.00650533374811868,0.00650533374811868
1108,3,8,no,13,-0.08930937609142653,0.08930937609142653
1109,3,8,yes,3,0.02082128537274297,0.02082128537274297
3244,5,17,yes,1,0.006549739658341158,0.006549739658341158
1859,3,9,yes,3,0.020805237106252483,0.020805237106252483
3245,5,17,yes,1,0.006592049699952696,0.006592049699952696
2467,3,10,yes,1,0.004697221546987929,0.004697221546987929
3246,5,17,yes,1,0.006632203865068964,0.006632203865068964
2468,3,10,yes,2,0.00917173387829795,0.00917173387829795
3247,5,17,yes,1,0.0066701446519749075,0.0066701446519749075
3248,5,17,yes,1,0.006705817235090283,0.006705817235090283
3249,5,17,no,1,-0.006705817235090283,0.006705817235090283
2469,3,10,yes,1,-0.004548750366815679,0.004548750366815679
3250,5,17,yes,1,0.006705817235090283,0.006705817235090283
3251,5,17,yes,1,0.006739169629111863,0.006739169629111863
1110,3,8,yes,8,0.05497876824305736,0.05497876824305736
3252,5,17,no,2,-0.013444986864202146,0.013444986864202146
2923,3,11,yes,9,-0.05187987945461192,0.05187987945461192
3253,5,17,no,11,-0.0709396918470418,0.0709396918470418
3254,5,17,no,1,-0.00614129254867346,0.00614129254867346
2924,3,11,yes,3,0.01788058479001442,0.01788058479001442
2470,3,10,yes,1,0.004548750366815679,0.004548750366815679
1111,3,8,yes,1,0.006770152846514388,0.006770152846514388
2471,3,10,no,1,-0.004548750366815679,0.004548750366815679
3255,5,17,yes,1,0.00614129254867346,0.00614129254867346
2925,3,11,no,2,0.01160154106402822,0.01160154106402822
3256,5,17,no,2,-0.012223814001834421,0.012223814001834421
1112,3,8,yes,1,0.0067391696291118075,0.0067391696291118075
2926,3,11,yes,1,-0.0057680800157665635,0.0057680800157665635
1860,3,9,no,1,0.006917278298890772,0.006917278298890772
3257,5,17,yes,7,0.04375513991703228,0.04375513991703228
3258,5,17,yes,1,0.0064588943083875305,0.0064588943083875305
3259,5,17,yes,1,0.00650533374811868,0.00650533374811868
2472,3,10,yes,3,0.013423850312204721,0.013423850312204721
3260,5,17,yes,1,0.006549739658341158,0.006549739658341158
3261,5,17,yes,1,0.006592049699952696,0.006592049699952696
1861,3,9,yes,1,0.00690396986339592,0.00690396986339592
3262,5,17,yes,10,0.06774705862676084,0.06774705862676084
2473,3,10,no,1,0.004326632768974825,0.004326632768974825
3263,5,17,no,2,-0.013757572045569155,0.013757572045569155
3264,5,17,no,1,-0.0068484456234291224,0.0068484456234291224
3265,5,17,no,3,-0.02039370557651654,0.02039370557651654
1113,3,8,no,1,0.006705817235090228,0.006705817235090228
3266,5,17,yes,1,0.006770152846514277,0.006770152846514277
3267,5,17,yes,1,0.006798721047609868,0.006798721047609868
1114,3,8,no,8,-0.054444710109716854,0.054444710109716854
1862,3,9,no,5,-0.034626485268539176,0.034626485268539176
2474,3,10,no,6,0.024423636690606765,0.024423636690606765
3268,5,17,yes,6,0.041252097513677366,0.041252097513677366
2475,3,10,no,1,-0.0038895110895871277,0.0038895110895871277
449,3,7,no,13,-0.07572847617585776,0.07572847617585776
3269,5,17,no,11,-0.07493610292397856,0.07493610292397856
2927,3,11,no,1,0.0057680800157665635,0.0057680800157665635
1115,3,8,no,1,0.006888044756477085,0.006888044756477085
450,3,7,yes,1,0.0061985164077413835,0.0061985164077413835
2476,3,10,no,11,0.03895270911303905,0.03895270911303905
3270,5,17,no,2,-0.01322425356502166,0.01322425356502166
2477,3,10,no,1,-0.0032023859348871975,0.0032023859348871975
2478,3,10,no,1,-0.003268061499241748,0.003268061499241748
2479,3,10,yes,7,-0.02477465139659618,0.02477465139659618
2480,3,10,no,1,-0.003818099192726798,0.003818099192726798
3271,5,17,no,1,-0.006549739658341158,0.006549739658341158
3272,5,17,no,14,-0.08620149382758102,0.08620149382758102
451,3,7,yes,1,0.00614129254867346,0.00614129254867346
452,3,7,yes,7,0.041266251768823814,0.041266251768823814
2481,3,10,yes,2,0.0075653026733435436,0.0075653026733435436
2482,3,10,no,1,-0.0037472034806167454,0.0037472034806167454
1116,3,8,yes,3,0.020542804594913533,0.020542804594913533
3273,5,17,yes,1,0.0057680800157664525,0.0057680800157664525
3274,5,17,yes,2,0.011731132651154441,0.011731132651154441
3275,5,17,yes,1,0.005960635697199068,0.005960635697199068
1863,3,9,no,1,0.00694131979774415,0.00694131979774415
3276,5,17,yes,1,0.006022277489922567,0.006022277489922567
453,3,7,yes,1,0.005634110153561744,0.005634110153561744
1864,3,9,no,1,0.006935967626738093,0.006935967626738093
3277,5,17,no,1,-0.006022277489922567,0.006022277489922567
2928,3,11,yes,1,0.005701604461620269,0.005701604461620269
3278,5,17,yes,2,0.012104798943083528,0.012104798943083528
1117,3,8,no,9,0.05996333238178275,0.05996333238178275
1118,3,8,yes,2,0.012869380138757824,0.012869380138757824
1119,3,8,no,9,-0.059263838626416376,0.059263838626416376
3279,5,17,no,1,-0.006082521453160961,0.006082521453160961
1120,3,8,no,1,-0.006770152846514388,0.006770152846514388
3280,5,17,no,1,-0.006022277489922567,0.006022277489922567
3281,5,17,yes,1,0.006022277489922567,0.006022277489922567
3282,5,17,no,2,-0.011982913187121635,0.011982913187121635
2929,3,11,yes,1,0.005634110153561744,0.005634110153561744
3283,5,17,yes,1,0.005960635697199068,0.005960635697199068
1865,3,9,yes,2,0.013845227980661012,0.013845227980661012
454,3,7,yes,16,0.0804182617016499,0.0804182617016499
3284,5,17,yes,1,0.006022277489922567,0.006022277489922567
3285,5,17,no,20,-0.10758978998707988,0.10758978998707988
3286,5,17,no,2,-0.009171733878297755,0.009171733878297755
2930,3,11,no,8,0.04254543201147987,0.04254543201147987
455,3,7,no,1,-0.004474578305496801,0.004474578305496801
1121,3,8,yes,5,-0.03422957039900043,0.03422957039900043
1122,3,8,yes,6,0.04099972324551482,0.04099972324551482
456,3,7,yes,4,-0.018640361866079647,0.018640361866079647
457,3,7,no,8,-0.04081501623301609,0.04081501623301609
458,3,7,yes,10,0.050283644220797785,0.050283644220797785
3287,5,17,yes,1,0.004548750366815624,0.004548750366815624
3288,5,17,yes,13,0.06582926051503352,0.06582926051503352
2931,3,11,no,1,-0.005066392393269226,0.005066392393269226
2483,3,10,yes,1,-0.003818099192726798,0.003818099192726798
3289,5,17,yes,8,0.046383512983528496,0.046383512983528496
2484,3,10,yes,2,0.0075653026733435436,0.0075653026733435436
2932,3,11,no,3,-0.01563528877399145,0.01563528877399145
2485,3,10,yes,1,-0.0037472034806167454,0.0037472034806167454
459,3,7,no,9,-0.044928198673635955,0.044928198673635955
3290,5,17,no,10,-0.0573061457662819,0.0573061457662819
1866,3,9,no,1,-0.006917278298890772,0.006917278298890772
2486,3,10,yes,1,-0.003818099192726798,0.003818099192726798
460,3,7,no,1,-0.00535544554716183,0.00535544554716183
2487,3,10,no,7,0.025258272112398727,0.025258272112398727
2488,3,10,yes,1,-0.003401615024017257,0.003401615024017257
2489,3,10,yes,4,-0.014291354415037927,0.014291354415037927
1123,3,8,yes,4,-0.027242151199945774,0.027242151199945774
3291,5,17,yes,14,0.08198259568979632,0.08198259568979632
3292,5,17,no,2,-0.01245263592168,0.01245263592168
2490,3,10,yes,1,-0.0037472034806167454,0.0037472034806167454
461,3,7,yes,13,0.06392995640459254,0.06392995640459254
462,3,7,no,12,-0.058574510857430706,0.058574510857430706
2491,3,10,no,1,-0.003818099192726798,0.003818099192726798
3293,5,17,no,1,-0.00614129254867346,0.00614129254867346
1867,3,9,no,4,0.027578820207855737,0.027578820207855737
2933,3,11,no,1,-0.00535544554716183,0.00535544554716183
1868,3,9,no,1,-0.006869527289091959,0.006869527289091959
3294,5,17,yes,9,0.05718658617871869,0.05718658617871869
463,3,7,no,19,0.08783579086731741,0.08783579086731741
2934,3,11,no,1,-0.0054262663116700915,0.0054262663116700915
3295,5,17,yes,1,0.006592049699952696,0.006592049699952696
464,3,7,no,1,-0.003961402534739644,0.003961402534739644
3296,5,17,yes,9,0.06085901387028381,0.06085901387028381
465,3,7,no,1,-0.00403373492910708,0.00403373492910708
3297,5,17,no,4,-0.027341525642523512,0.027341525642523512
466,3,7,no,1,-0.0041064676986638515,0.0041064676986638515
2492,3,10,no,1,-0.0038895110895871277,0.0038895110895871277
467,3,7,no,2,-0.008432520438509061,0.008432520438509061
3298,5,17,no,11,-0.07239416624794431,0.07239416624794431
3299,5,17,yes,1,0.006360174775013716,0.006360174775013716
2493,3,10,no,1,0.0038895110895871277,0.0038895110895871277
468,3,7,no,12,-0.056805756894206194,0.056805756894206194
2935,3,11,no,1,-0.005496366471083425,0.005496366471083425
3300,5,17,no,1,-0.006360174775013716,0.006360174775013716
3301,5,17,yes,8,0.05217902653722789,0.05217902653722789
3302,5,17,no,2,-0.013302348517043872,0.013302348517043872
469,3,7,no,13,-0.07315749968553542,0.07315749968553542
470,3,7,no,5,-0.030984479311648272,0.030984479311648272
3303,5,17,yes,1,0.006632203865068964,0.006632203865068964
3304,5,17,yes,13,0.08880002023248684,0.08880002023248684
3305,5,17,no,2,-0.013863917308508278,0.013863917308508278
2494,3,10,no,1,0.003818099192726798,0.003818099192726798
471,3,7,yes,1,0.006308029388134018,0.006308029388134018
472,3,7,yes,14,0.08198259568979627,0.08198259568979627
3306,5,17,no,20,-0.13300713371130402,0.13300713371130402
3307,5,17,no,1,-0.006198516407741439,0.006198516407741439
2495,3,10,yes,1,-0.003818099192726798,0.003818099192726798
3308,5,17,yes,10,0.06426954719506689,0.06426954719506689
2496,3,10,no,1,-0.0038895110895871277,0.0038895110895871277
2497,3,10,no,1,-0.003961402534739644,0.003961402534739644
1869,3,9,yes,1,0.006869527289091959,0.006869527289091959
2498,3,10,no,1,-0.00403373492910708,0.00403373492910708
3309,5,17,yes,12,0.0818640526057488,0.0818640526057488
3310,5,17,no,5,-0.03450676988962609,0.03450676988962609
3311,5,17,yes,9,0.06227205321062973,0.06227205321062973
473,3,7,yes,1,0.00535544554716183,0.00535544554716183
474,3,7,yes,20,0.09172530195690454,0.09172530195690454
475,3,7,yes,1,0.003818099192726798,0.003818099192726798
3312,5,17,no,1,-0.006943997948260727,0.006943997948260727
3313,5,17,no,5,-0.03466651335340387,0.03466651335340387
1870,3,9,no,1,-0.006869527289091959,0.006869527289091959
476,3,7,no,1,-0.003818099192726798,0.003818099192726798
3314,5,17,no,1,-0.006903969863395976,0.006903969863395976
2499,3,10,yes,2,0.007995137463846724,0.007995137463846724
3315,5,17,no,6,-0.04099972324551482,0.04099972324551482
2500,3,10,no,1,0.0038895110895871277,0.0038895110895871277
3316,5,17,no,9,-0.05926383862641632,0.05926383862641632
3317,5,17,no,1,0.006410485830370238,0.006410485830370238
1871,3,9,no,12,-0.08312504132668086,0.08312504132668086
1872,3,9,yes,3,0.020781195607398995,0.020781195607398995
3318,5,17,yes,11,0.07324705837256262,0.07324705837256262
3319,5,17,no,1,-0.006824831682392396,0.006824831682392396
2501,3,10,no,1,-0.0038895110895871277,0.0038895110895871277
2502,3,10,yes,1,-0.003961402534739644,0.003961402534739644
477,3,7,no,13,-0.05626573127105028,0.05626573127105028
478,3,7,no,1,0.004771406440793768,0.004771406440793768
3320,5,17,no,1,-0.006798721047609868,0.006798721047609868
2503,3,10,no,1,-0.00403373492910708,0.00403373492910708
2936,3,11,yes,1,-0.005565672514303843,0.005565672514303843
1873,3,9,no,18,0.12320285958956545,0.12320285958956545
3321,5,17,no,1,-0.006770152846514277,0.006770152846514277
3322,5,17,no,1,-0.006739169629111863,0.006739169629111863
3323,5,17,no,13,-0.08378680163080554,0.08378680163080554
3324,5,17,no,4,-0.023963106243175214,0.023963106243175214
1874,3,9,no,1,-0.006632203865068909,0.006632203865068909
1875,3,9,yes,1,0.006632203865068909,0.006632203865068909
3325,5,17,yes,1,0.005897671602892618,0.005897671602892618
1876,3,9,no,1,-0.006632203865068909,0.006632203865068909
3326,5,17,yes,1,0.005960635697199068,0.005960635697199068
1877,3,9,no,12,-0.0818640526057487,0.0818640526057487
3327,5,17,yes,1,0.006022277489922567,0.006022277489922567
3328,5,17,yes,1,0.006082521453160961,0.006082521453160961
479,3,7,no,11,-0.05650905545656337,0.05650905545656337
1878,3,9,no,1,-0.006935967626738093,0.006935967626738093
1879,3,9,no,1,0.006935967626738093,0.006935967626738093
2937,3,11,no,2,-0.011335714615182013,0.011335714615182013
3329,5,17,yes,12,0.07708098439571526,0.07708098439571526
3330,5,17,yes,16,0.10990051107252169,0.10990051107252169
3331,5,17,no,3,-0.02082931569426555,0.02082931569426555
3332,5,17,no,1,-0.006941319797744205,0.006941319797744205
3333,5,17,no,1,-0.006935967626738038,0.006935967626738038
3334,5,17,no,1,-0.00692794968177024,0.00692794968177024
1124,3,8,yes,2,0.013673277305821574,0.013673277305821574
2504,3,10,no,1,-0.0041064676986638515,0.0041064676986638515
3335,5,17,no,1,-0.006917278298890717,0.006917278298890717
3336,5,17,no,1,-0.006903969863395976,0.006903969863395976
3337,5,17,no,3,-0.020606017668998278,0.020606017668998278
3338,5,17,no,4,-0.027132875205628404,0.027132875205628404
2938,3,11,no,1,-0.0057680800157665635,0.0057680800157665635
2505,3,10,yes,9,-0.040274615018952575,0.040274615018952575
3339,5,17,yes,2,0.01350932247562614,0.01350932247562614
2939,3,11,yes,2,-0.011731132651154441,0.011731132651154441
3340,5,17,no,20,-0.12709269139786872,0.12709269139786872
3341,5,17,no,2,-0.011469684477386777,0.011469684477386777
1880,3,9,yes,1,0.00692794968177024,0.00692794968177024
3342,5,17,no,18,-0.09045289349510396,0.09045289349510396
3343,5,17,yes,1,0.004400521639892407,0.004400521639892407
3344,5,17,yes,15,0.07485258918734591,0.07485258918734591
3345,5,17,yes,9,0.05246603443668946,0.05246603443668946
3346,5,17,yes,1,0.00614129254867346,0.00614129254867346
1125,3,8,no,3,-0.020542804594913533,0.020542804594913533
3347,5,17,yes,1,0.006198516407741439,0.006198516407741439
3348,5,17,no,11,-0.06480584339310436,0.06480584339310436
3349,5,17,yes,11,0.06480584339310436,0.06480584339310436
3350,5,17,yes,1,0.006254119513938561,0.006254119513938561
3351,5,17,yes,2,0.012668204163147623,0.012668204163147623
3352,5,17,no,1,-0.006360174775013716,0.006360174775013716
480,3,7,no,1,-0.005565672514303843,0.005565672514303843
3353,5,17,yes,1,0.006360174775013716,0.006360174775013716
3354,5,17,yes,1,0.006410485830370238,0.006410485830370238
3355,5,17,yes,1,0.0064588943083875305,0.0064588943083875305
3356,5,17,yes,2,0.013055073406459838,0.013055073406459838
481,3,7,no,4,-0.022937255679210233,0.022937255679210233
1126,3,8,yes,4,0.027341525642523345,0.027341525642523345
2506,3,10,yes,1,0.004771406440793768,0.004771406440793768
1127,3,8,no,1,0.006770152846514388,0.006770152846514388
1881,3,9,no,1,-0.00692794968177024,0.00692794968177024
3357,5,17,no,1,-0.006549739658341158,0.006549739658341158
2940,3,11,no,1,-0.005960635697198957,0.005960635697198957
1882,3,9,no,1,0.00692794968177024,0.00692794968177024
482,3,7,no,12,0.0654826876906901,0.0654826876906901
3358,5,17,yes,1,0.006549739658341158,0.006549739658341158
3359,5,17,yes,9,0.06058153628114438,0.06058153628114438
3360,5,17,no,1,-0.0068484456234291224,0.0068484456234291224
3361,5,17,no,6,-0.040508837092693595,0.040508837092693595
1128,3,8,no,1,0.0067391696291118075,0.0067391696291118075
3362,5,17,no,6,-0.03914870711023927,0.03914870711023927
3363,5,17,no,1,-0.006360174775013716,0.006360174775013716
1883,3,9,no,1,-0.00692794968177024,0.00692794968177024
1884,3,9,yes,1,0.00692794968177024,0.00692794968177024
2941,3,11,yes,2,-0.012104798943083583,0.012104798943083583
2507,3,10,no,13,0.05531242402298331,0.05531242402298331
3364,5,17,no,1,-0.006308029388133907,0.006308029388133907
1885,3,9,yes,6,0.04125209751367731,0.04125209751367731
3365,5,17,no,12,-0.07105996290704292,0.07105996290704292
3366,5,17,yes,13,0.07736799229517682,0.07736799229517682
1129,3,8,no,2,0.013375961887065135,0.013375961887065135
1130,3,8,no,2,-0.013375961887065135,0.013375961887065135
3367,5,17,no,20,-0.11434775179235276,0.11434775179235276
3368,5,17,no,3,-0.014757889518593692,0.014757889518593692
3369,5,17,no,1,0.004845478367507289,0.004845478367507289
2508,3,10,yes,1,-0.003818099192726798,0.003818099192726798
2509,3,10,yes,3,-0.011884648553433852,0.011884648553433852
2510,3,10,no,1,0.00403373492910708,0.00403373492910708
3370,5,17,no,1,0.004919375763308059,0.004919375763308059
2942,3,11,no,1,0.006082521453160905,0.006082521453160905
3371,5,17,yes,1,0.004993035387778344,0.004993035387778344
3372,5,17,yes,1,0.005066392393269115,0.005066392393269115
2511,3,10,yes,1,0.003961402534739644,0.003961402534739644
3373,5,17,yes,1,0.005139380401899957,0.005139380401899957
3374,5,17,yes,6,0.03233965921631088,0.03233965921631088
1886,3,9,yes,1,-0.0068248316823924515,0.0068248316823924515
3375,5,17,yes,16,0.09753720844276298,0.09753720844276298
3376,5,17,no,5,-0.03204291805002407,0.03204291805002407
3377,5,17,no,1,0.006308029388133907,0.006308029388133907
3378,5,17,no,6,-0.037006756801570895,0.037006756801570895
2943,3,11,yes,3,0.01788058479001442,0.01788058479001442
483,3,7,yes,4,-0.020701681167260677,0.020701681167260677
2512,3,10,yes,6,0.022276720612156353,0.022276720612156353
2513,3,10,no,3,-0.010821906849225682,0.010821906849225682
3379,5,17,no,1,-0.005960635697199068,0.005960635697199068
1887,3,9,no,5,-0.03442726583128486,0.03442726583128486
3380,5,17,yes,1,0.005960635697199068,0.005960635697199068
1888,3,9,yes,2,0.013821248162286692,0.013821248162286692
2944,3,11,no,1,0.005833461048261657,0.005833461048261657
3381,5,17,yes,1,0.006022277489922567,0.006022277489922567
1131,3,8,yes,2,0.013375961887065135,0.013375961887065135
484,3,7,yes,1,0.005283976781832678,0.005283976781832678
3382,5,17,no,9,-0.051879879454611866,0.051879879454611866
1889,3,9,yes,1,0.006888044756477085,0.006888044756477085
1132,3,8,no,11,-0.07493610292397845,0.07493610292397845
3383,5,17,yes,16,0.09563501937164415,0.09563501937164415
2514,3,10,yes,2,0.007283956091628241,0.007283956091628241
1133,3,8,yes,1,0.006917278298890772,0.006917278298890772
2515,3,10,no,1,-0.0036070974478101814,0.0036070974478101814
3897,5,18,no,2,0.001945795322150952,0.001945795322150952
1134,3,8,no,3,0.020661541908964964,0.020661541908964964
3384,5,17,yes,5,-0.03153132591519786,0.03153132591519786
2516,3,10,no,1,0.0036070974478101814,0.0036070974478101814
3385,5,17,no,1,-0.00614129254867346,0.00614129254867346
2945,3,11,no,4,-0.023714045838276077,0.023714045838276077
2517,3,10,no,1,-0.0036070974478101814,0.0036070974478101814
1890,3,9,no,2,-0.013792014619873005,0.013792014619873005
3386,5,17,yes,1,0.00614129254867346,0.00614129254867346
2518,3,10,no,1,0.0036070974478101814,0.0036070974478101814
2519,3,10,no,10,0.032382226767169175,0.032382226767169175
2520,3,10,no,11,-0.03598932421497936,0.03598932421497936
2946,3,11,yes,9,-0.05671936797353838,0.05671936797353838
3387,5,17,no,1,-0.00614129254867346,0.00614129254867346
1135,3,8,no,1,0.0068484456234291224,0.0068484456234291224
3388,5,17,yes,6,0.03767261846387132,0.03767261846387132
3389,5,17,no,1,-0.006410485830370238,0.006410485830370238
2947,3,11,no,1,0.00650533374811868,0.00650533374811868
1891,3,9,yes,1,0.00690396986339592,0.00690396986339592
3390,5,17,no,1,-0.006360174775013716,0.006360174775013716
2521,3,10,no,3,-0.011242161317161603,0.011242161317161603
2948,3,11,no,4,0.025537584301905447,0.025537584301905447
3898,5,18,yes,1,0.0010110847812301663,0.0010110847812301663
1892,3,9,no,9,0.06111485476169176,0.06111485476169176
1893,3,9,no,12,-0.0818640526057487,0.0818640526057487
2522,3,10,yes,1,0.003818099192726798,0.003818099192726798
2949,3,11,yes,1,0.006254119513938505,0.006254119513938505
1894,3,9,no,6,0.0413552155130551,0.0413552155130551
2950,3,11,no,13,-0.08495631515001689,0.08495631515001689
2951,3,11,yes,1,0.006770152846514388,0.006770152846514388
2523,3,10,yes,1,0.0037472034806167454,0.0037472034806167454
1895,3,9,no,3,0.020393705576516652,0.020393705576516652
2524,3,10,yes,1,0.0036768586438180595,0.0036768586438180595
1896,3,9,no,3,-0.020393705576516652,0.020393705576516652
485,3,7,yes,1,-0.005283976781832678,0.005283976781832678
2525,3,10,yes,1,0.0036070974478101814,0.0036070974478101814
2952,3,11,yes,1,0.0067391696291118075,0.0067391696291118075
2526,3,10,no,10,-0.03927289545557855,0.03927289545557855
1897,3,9,yes,1,-0.0068484456234291224,0.0068484456234291224
2527,3,10,no,3,0.012538988137172913,0.012538988137172913
2953,3,11,yes,1,0.006705817235090228,0.006705817235090228
3391,5,17,yes,10,0.06562401340143004,0.06562401340143004
2954,3,11,yes,8,0.052179026537227946,0.052179026537227946
2528,3,10,yes,1,0.00403373492910708,0.00403373492910708
486,3,7,no,15,-0.0873380412369581,0.0873380412369581
3392,5,17,no,20,-0.1260906185671209,0.1260906185671209
3393,5,17,no,2,-0.011335714615181958,0.011335714615181958
3394,5,17,yes,1,0.005634110153561633,0.005634110153561633
487,3,7,no,3,0.01859392847035335,0.01859392847035335
2955,3,11,no,2,0.012562148902072523,0.012562148902072523
3395,5,17,yes,1,0.005701604461620324,0.005701604461620324
1898,3,9,no,1,-0.006869527289091959,0.006869527289091959
488,3,7,yes,1,0.006082521453160905,0.006082521453160905
3396,5,17,no,1,0.0057680800157664525,0.0057680800157664525
489,3,7,yes,6,0.03518373031566291,0.03518373031566291
2529,3,10,yes,1,0.003961402534739644,0.003961402534739644
2956,3,11,no,2,-0.012562148902072523,0.012562148902072523
1899,3,9,yes,5,0.03411167848903773,0.03411167848903773
1900,3,9,no,3,-0.020393705576516652,0.020393705576516652
3397,5,17,yes,1,0.005833461048261823,0.005833461048261823
3398,5,17,yes,4,0.023963106243175214,0.023963106243175214
2957,3,11,yes,1,0.006308029388134018,0.006308029388134018
2958,3,11,yes,3,0.01859392847035335,0.01859392847035335
1136,3,8,no,1,-0.0068484456234291224,0.0068484456234291224
2959,3,11,no,1,-0.00614129254867346,0.00614129254867346
3399,5,17,yes,1,0.00614129254867346,0.00614129254867346
2530,3,10,yes,1,0.0038895110895871277,0.0038895110895871277
2531,3,10,no,8,-0.03315079109947383,0.03315079109947383
3400,5,17,no,5,-0.030104398791848674,0.030104398791848674
3401,5,17,no,1,0.005897671602892618,0.005897671602892618
3402,5,17,no,3,-0.017499212666920894,0.017499212666920894
1901,3,9,no,1,-0.0068484456234291224,0.0068484456234291224
490,3,7,yes,17,0.08605237185521164,0.08605237185521164
2532,3,10,no,9,0.03696889029220063,0.03696889029220063
3403,5,17,no,1,-0.005701604461620324,0.005701604461620324
2533,3,10,no,1,-0.003818099192726798,0.003818099192726798
2960,3,11,yes,1,0.00614129254867346,0.00614129254867346
3404,5,17,yes,1,0.005701604461620324,0.005701604461620324
1902,3,9,no,9,-0.06227205321062962,0.06227205321062962
1903,3,9,yes,5,0.03469323300277388,0.03469323300277388
3405,5,17,no,1,0.0057680800157664525,0.0057680800157664525
3406,5,17,no,1,-0.0057680800157664525,0.0057680800157664525
2961,3,11,yes,1,-0.00614129254867346,0.00614129254867346
3407,5,17,yes,1,0.0057680800157664525,0.0057680800157664525
491,3,7,no,1,-0.004474578305496801,0.004474578305496801
3408,5,17,no,17,-0.08849872766028594,0.08849872766028594
492,3,7,no,9,-0.04360402417984233,0.04360402417984233
3409,5,17,yes,1,0.004622983511482132,0.004622983511482132
1904,3,9,no,1,-0.00692794968177024,0.00692794968177024
3410,5,17,no,1,-0.004622983511482132,0.004622983511482132
1905,3,9,yes,3,0.020749197844056932,0.020749197844056932
493,3,7,no,1,-0.0052119315902589,0.0052119315902589
2534,3,10,yes,1,0.003818099192726798,0.003818099192726798
1137,3,8,no,1,-0.006869527289091959,0.006869527289091959
3411,5,17,no,4,0.018937089866771173,0.018937089866771173
3412,5,17,yes,15,0.0812927704446692,0.0812927704446692
3413,5,17,no,15,-0.0812927704446692,0.0812927704446692
494,3,7,no,13,0.062017688484465094,0.062017688484465094
495,3,7,no,1,-0.004326632768974825,0.004326632768974825
3414,5,17,no,5,0.02533011553651432,0.02533011553651432
1138,3,8,yes,6,-0.04151453002501626,0.04151453002501626
1139,3,8,yes,8,0.05523250293753734,0.05523250293753734
2535,3,10,no,4,0.014569110329842427,0.014569110329842427
2536,3,10,no,1,-0.003537950757597441,0.003537950757597441
2537,3,10,no,1,-0.0036070974478101814,0.0036070974478101814
1906,3,9,yes,2,0.013757572045569044,0.013757572045569044
2538,3,10,no,3,0.010614495771219867,0.010614495771219867
3415,5,17,yes,13,0.07402808954843748,0.07402808954843748
496,3,7,yes,1,0.004326632768974825,0.004326632768974825
3416,5,17,yes,3,0.01859392847035346,0.01859392847035346
1907,3,9,no,1,-0.006869527289091959,0.006869527289091959
2962,3,11,no,2,-0.012452635921679889,0.012452635921679889
3417,5,17,no,1,-0.006254119513938561,0.006254119513938561
2539,3,10,yes,2,0.006736093500941509,0.006736093500941509
497,3,7,no,6,-0.027070688139649746,0.027070688139649746
1140,3,8,yes,1,0.0068248316823924515,0.0068248316823924515
498,3,7,no,6,-0.02973506875455645,0.02973506875455645
2540,3,10,no,1,-0.003334478476924252,0.003334478476924252
3418,5,17,yes,3,0.018922323677086184,0.018922323677086184
3419,5,17,no,19,-0.11050215377219741,0.11050215377219741
3420,5,17,yes,1,0.005211931590258845,0.005211931590258845
3421,5,17,yes,2,0.010639422328994619,0.010639422328994619
2541,3,10,yes,1,-0.003401615024017257,0.003401615024017257
1141,3,8,yes,1,0.0067987210476098126,0.0067987210476098126
3422,5,17,no,19,-0.0892298338797396,0.0892298338797396
2542,3,10,no,1,-0.0034694475658122448,0.0034694475658122448
3423,5,17,no,4,-0.015416216297670315,0.015416216297670315
1142,3,8,yes,2,-0.013623552730002264,0.013623552730002264
1143,3,8,no,10,0.0667881640641752,0.0667881640641752
2963,3,11,no,2,-0.012668204163147623,0.012668204163147623
1144,3,8,no,1,-0.00650533374811868,0.00650533374811868
1908,3,9,no,2,0.013717972912521081,0.013717972912521081
1145,3,8,no,1,-0.006549739658341158,0.006549739658341158
3424,5,17,yes,1,0.003747203480616801,0.003747203480616801
1146,3,8,yes,1,0.006549739658341158,0.006549739658341158
3425,5,17,yes,12,0.05061520247599513,0.05061520247599513
3426,5,17,yes,1,0.004697221546987984,0.004697221546987984
3427,5,17,yes,20,0.10897508989325286,0.10897508989325286
3428,5,17,yes,3,0.01859392847035346,0.01859392847035346
2543,3,10,yes,9,-0.03437832577466693,0.03437832577466693
1909,3,9,no,1,0.0068248316823924515,0.0068248316823924515
3429,5,17,no,1,-0.006254119513938561,0.006254119513938561
3430,5,17,yes,1,0.006254119513938561,0.006254119513938561
2964,3,11,no,1,0.006360174775013605,0.006360174775013605
1147,3,8,no,2,0.0129642280565061,0.0129642280565061
3431,5,17,no,1,-0.006254119513938561,0.006254119513938561
2544,3,10,no,1,0.0041064676986638515,0.0041064676986638515
499,3,7,no,9,-0.049443453847259344,0.049443453847259344
500,3,7,no,1,0.0057680800157665635,0.0057680800157665635
3432,5,17,no,1,-0.006198516407741439,0.006198516407741439
3433,5,17,no,1,-0.00614129254867346,0.00614129254867346
501,3,7,no,1,0.005701604461620269,0.005701604461620269
3434,5,17,no,1,-0.006082521453160961,0.006082521453160961
502,3,7,yes,15,0.07702904318289916,0.07702904318289916
503,3,7,no,1,-0.00462298351148227,0.00462298351148227
1148,3,8,yes,6,0.03767261846387138,0.03767261846387138
504,3,7,no,7,-0.03443229030154438,0.03443229030154438
3435,5,17,no,1,-0.006022277489922567,0.006022277489922567
3436,5,17,no,1,-0.005960635697199068,0.005960635697199068
2965,3,11,yes,5,-0.03228462832023127,0.03228462832023127
2966,3,11,yes,5,-0.033339385081198714,0.033339385081198714
2967,3,11,yes,1,0.0067391696291118075,0.0067391696291118075
505,3,7,yes,6,0.02973506875455645,0.02973506875455645
1149,3,8,no,2,-0.012339808956414844,0.012339808956414844
2968,3,11,yes,1,0.006705817235090228,0.006705817235090228
1150,3,8,no,1,-0.006254119513938505,0.006254119513938505
2969,3,11,yes,1,-0.006705817235090228,0.006705817235090228
506,3,7,no,15,-0.07917852260181579,0.07917852260181579
2970,3,11,yes,4,0.026600215452086906,0.026600215452086906
2971,3,11,no,2,0.013055073406459838,0.013055073406459838
1910,3,9,yes,1,0.0067987210476098126,0.0067987210476098126
1151,3,8,no,1,-0.006308029388134018,0.006308029388134018
2972,3,11,no,1,0.0064588943083874195,0.0064588943083874195
1152,3,8,no,8,-0.052179026537227946,0.052179026537227946
507,3,7,yes,7,0.038947545475167766,0.038947545475167766
2973,3,11,no,8,0.04977741740695496,0.04977741740695496
3437,5,17,yes,10,0.06219694741254145,0.06219694741254145
3438,5,17,yes,10,-0.06219694741254145,0.06219694741254145
3439,5,17,no,1,-0.005897671602892618,0.005897671602892618
3440,5,17,no,8,-0.044781006523429534,0.044781006523429534
3441,5,17,no,1,-0.005283976781832733,0.005283976781832733
2974,3,11,no,4,0.023459848364119962,0.023459848364119962
3442,5,17,yes,1,0.005283976781832733,0.005283976781832733
3443,5,17,yes,1,0.005355445547161886,0.005355445547161886
3444,5,17,no,1,-0.005355445547161886,0.005355445547161886
2975,3,11,yes,1,0.005701604461620269,0.005701604461620269
3445,5,17,no,1,-0.005283976781832733,0.005283976781832733
3446,5,17,yes,4,0.021562055111748024,0.021562055111748024
3447,5,17,yes,1,0.00556567251430401,0.00556567251430401
2976,3,11,no,1,-0.005701604461620269,0.005701604461620269
1153,3,8,no,2,0.013302348517043816,0.013302348517043816
3448,5,17,yes,4,0.022937255679210233,0.022937255679210233
2977,3,11,yes,14,-0.08620149382758102,0.08620149382758102
2978,3,11,no,3,-0.01977399322336293,0.01977399322336293
3449,5,17,yes,1,0.005897671602892618,0.005897671602892618
2979,3,11,yes,1,0.006632203865068909,0.006632203865068909
2980,3,11,no,5,-0.03351748822776024,0.03351748822776024
2981,3,11,yes,8,0.05316461133417294,0.05316461133417294
1154,3,8,no,1,-0.006632203865068909,0.006632203865068909
3450,5,17,yes,1,0.005960635697199068,0.005960635697199068
1911,3,9,no,1,0.006770152846514388,0.006770152846514388
3451,5,17,no,1,-0.005960635697199068,0.005960635697199068
1912,3,9,yes,1,0.0067391696291118075,0.0067391696291118075
3452,5,17,yes,1,0.005960635697199068,0.005960635697199068
1913,3,9,no,1,0.006705817235090228,0.006705817235090228
3453,5,17,no,1,-0.005960635697199068,0.005960635697199068
2982,3,11,yes,1,0.0064588943083874195,0.0064588943083874195
2545,3,10,no,1,0.00403373492910708,0.00403373492910708
2983,3,11,yes,1,0.006410485830370405,0.006410485830370405
2546,3,10,no,1,0.003961402534739644,0.003961402534739644
2547,3,10,yes,1,0.0038895110895871277,0.0038895110895871277
1155,3,8,yes,3,0.01977399322336293,0.01977399322336293
1156,3,8,no,7,-0.04665927758605426,0.04665927758605426
3454,5,17,no,3,-0.017499212666920894,0.017499212666920894
2984,3,11,yes,2,-0.012869380138757824,0.012869380138757824
1914,3,9,yes,1,-0.006705817235090228,0.006705817235090228
2985,3,11,no,7,-0.04639445848765855,0.04639445848765855
2986,3,11,yes,1,0.0067391696291118075,0.0067391696291118075
3455,5,17,no,1,-0.005701604461620324,0.005701604461620324
2987,3,11,no,8,0.05252466899730457,0.05252466899730457
2548,3,10,no,10,0.035063198023451925,0.035063198023451925
2549,3,10,yes,1,0.003137471938287395,0.003137471938287395
1157,3,8,no,1,-0.0067987210476098126,0.0067987210476098126
2988,3,11,yes,1,-0.006410485830370405,0.006410485830370405
2550,3,10,no,10,-0.03438257076901252,0.03438257076901252
1915,3,9,no,1,-0.0067391696291118075,0.0067391696291118075
3456,5,17,no,6,-0.03276183777961367,0.03276183777961367
2989,3,11,no,9,0.05573805310415392,0.05573805310415392
2551,3,10,yes,1,0.0037472034806167454,0.0037472034806167454
2552,3,10,no,6,0.021027447915979436,0.021027447915979436
2553,3,10,no,11,-0.04047739914275683,0.04047739914275683
2990,3,11,yes,1,0.0058976716028927845,0.0058976716028927845
3457,5,17,yes,12,0.06794556809527652,0.06794556809527652
3458,5,17,no,1,-0.006022277489922567,0.006022277489922567
1916,3,9,yes,1,0.0067391696291118075,0.0067391696291118075
1158,3,8,no,1,-0.0068248316823924515,0.0068248316823924515
2991,3,11,no,2,-0.011858307300091742,0.011858307300091742
1917,3,9,yes,6,-0.04085084811814954,0.04085084811814954
1159,3,8,yes,5,0.03383869244071869,0.03383869244071869
1918,3,9,no,1,-0.006888044756477085,0.006888044756477085
2554,3,10,no,1,0.00403373492910708,0.00403373492910708
2992,3,11,no,2,-0.012104798943083583,0.012104798943083583
508,3,7,yes,1,0.005283976781832678,0.005283976781832678
3459,5,17,yes,1,0.006022277489922567,0.006022277489922567
1160,3,8,yes,1,-0.006705817235090228,0.006705817235090228
3990,5,19,yes,13,0.016585136603089863,0.016585136603089863
3899,5,18,yes,13,0.015771831358991857,0.015771831358991857
509,3,7,no,2,0.010351311992158774,0.010351311992158774
510,3,7,yes,1,0.005066392393269226,0.005066392393269226
3460,5,17,no,1,-0.006022277489922567,0.006022277489922567
2555,3,10,no,1,0.003961402534739644,0.003961402534739644
1919,3,9,no,10,0.06774705862676067,0.06774705862676067
3461,5,17,no,2,-0.011858307300091686,0.011858307300091686
2993,3,11,yes,1,-0.00614129254867346,0.00614129254867346
2556,3,10,yes,1,0.0038895110895871277,0.0038895110895871277
3462,5,17,yes,11,0.06809461901543407,0.06809461901543407
511,3,7,yes,2,0.009912411151086431,0.009912411151086431
3463,5,17,no,2,-0.012869380138757769,0.012869380138757769
1920,3,9,yes,1,-0.006632203865068909,0.006632203865068909
2994,3,11,no,1,-0.0061985164077413835,0.0061985164077413835
2557,3,10,no,12,-0.05149432483025651,0.05149432483025651
2558,3,10,yes,11,0.04760481374066938,0.04760481374066938
1921,3,9,no,1,-0.0066701446519749075,0.0066701446519749075
3464,5,17,no,11,-0.06682677994070457,0.06682677994070457
2559,3,10,no,1,0.0038895110895871277,0.0038895110895871277
3465,5,17,no,1,-0.005701604461620324,0.005701604461620324
3466,5,17,yes,1,0.005701604461620324,0.005701604461620324
3467,5,17,yes,1,-0.005701604461620324,0.005701604461620324
3468,5,17,no,1,-0.005634110153561633,0.005634110153561633
1161,3,8,yes,1,0.006705817235090228,0.006705817235090228
1922,3,9,no,1,0.0066701446519749075,0.0066701446519749075
3469,5,17,no,4,-0.0218437508442193,0.0218437508442193
3470,5,17,no,11,-0.05409993255193385,0.05409993255193385
3471,5,17,yes,10,0.048815955770101116,0.048815955770101116
3472,5,17,yes,1,0.005283976781832733,0.005283976781832733
3473,5,17,yes,13,0.07488540531527821,0.07488540531527821
2995,3,11,no,2,-0.012562148902072523,0.012562148902072523
1923,3,9,no,1,-0.0066701446519749075,0.0066701446519749075
2560,3,10,no,14,0.04723148553214096,0.04723148553214096
3474,5,17,no,7,-0.04170593985587695,0.04170593985587695
3475,5,17,no,7,-0.03846344224123399,0.03846344224123399
2996,3,11,yes,1,-0.006360174775013605,0.006360174775013605
3476,5,17,no,1,0.005283976781832733,0.005283976781832733
2561,3,10,no,2,-0.005957477552879453,0.005957477552879453
3477,5,17,no,1,-0.005283976781832733,0.005283976781832733
3900,5,18,no,14,-0.016782916140222023,0.016782916140222023
1162,3,8,no,1,0.0066701446519749075,0.0066701446519749075
3478,5,17,yes,3,0.016065688640664655,0.016065688640664655
1924,3,9,no,1,0.0066701446519749075,0.0066701446519749075
3479,5,17,no,15,-0.07375674435615495,0.07375674435615495
1163,3,8,no,6,0.039148707110239434,0.039148707110239434
1925,3,9,yes,1,-0.0066701446519749075,0.0066701446519749075
3480,5,17,no,4,-0.016865620906147683,0.016865620906147683
2997,3,11,no,1,0.006360174775013605,0.006360174775013605
3481,5,17,no,1,-0.004033734929106997,0.004033734929106997
512,3,7,yes,1,-0.0049193757633081425,0.0049193757633081425
3482,5,17,no,1,0.004033734929106997,0.004033734929106997
2562,3,10,no,1,-0.003073338017522187,0.003073338017522187
1164,3,8,no,1,-0.006410485830370405,0.006410485830370405
2563,3,10,no,13,-0.04605158358606609,0.04605158358606609
1165,3,8,yes,1,0.006410485830370405,0.006410485830370405
3483,5,17,no,13,-0.04694784657688569,0.04694784657688569
3484,5,17,yes,1,0.003202385934887142,0.003202385934887142
3485,5,17,yes,1,0.0032680614992418033,0.0032680614992418033
3486,5,17,yes,1,0.003334478476924113,0.003334478476924113
2564,3,10,no,1,0.003961402534739644,0.003961402534739644
1166,3,8,no,1,-0.006410485830370405,0.006410485830370405
2565,3,10,no,1,0.0038895110895871277,0.0038895110895871277
3487,5,17,yes,1,0.0034016150240174237,0.0034016150240174237
1167,3,8,no,12,-0.08009550399599175,0.08009550399599175
2998,3,11,no,10,-0.06562401340142998,0.06562401340142998
3488,5,17,no,2,-0.006736093500941537,0.006736093500941537
2999,3,11,yes,1,-0.006770152846514388,0.006770152846514388
1926,3,9,yes,1,0.0066701446519749075,0.0066701446519749075
3000,3,11,yes,1,0.006770152846514388,0.006770152846514388
3001,3,11,yes,1,0.0067391696291118075,0.0067391696291118075
3002,3,11,no,2,-0.013509322475626195,0.013509322475626195
3003,3,11,yes,4,0.02688528436269133,0.02688528436269133
3004,3,11,no,4,0.02627932697148161,0.02627932697148161
1927,3,9,no,1,0.006632203865068909,0.006632203865068909
3005,3,11,yes,1,0.0064588943083874195,0.0064588943083874195
1928,3,9,yes,1,0.006592049699952862,0.006592049699952862
3991,5,19,yes,20,0.0383247634780164,0.0383247634780164
2566,3,10,yes,1,-0.0038895110895871277,0.0038895110895871277
3006,3,11,yes,12,-0.08009550399599175,0.08009550399599175
3489,5,17,yes,1,0.003334478476924113,0.003334478476924113
1168,3,8,yes,1,0.0068484456234291224,0.0068484456234291224
513,3,7,yes,6,0.02840521599689494,0.02840521599689494
3490,5,17,no,1,0.0034016150240174237,0.0034016150240174237
3007,3,11,yes,10,0.06713127593948565,0.06713127593948565
514,3,7,no,1,-0.004548750366815679,0.004548750366815679
3992,5,19,no,8,-0.017520871258989615,0.017520871258989615
515,3,7,no,8,-0.03905527381302665,0.03905527381302665
3993,5,19,yes,6,0.012835302633465356,0.012835302633465356
2567,3,10,no,2,0.007707610282313926,0.007707610282313926
1929,3,9,yes,5,-0.033339385081198714,0.033339385081198714
3491,5,17,yes,8,0.029707570712708214,0.029707570712708214
3008,3,11,no,1,-0.006549739658341158,0.006549739658341158
3492,5,17,yes,3,0.012319760914575345,0.012319760914575345
3493,5,17,yes,1,0.004252962151704648,0.004252962151704648
3009,3,11,no,2,0.013055073406459838,0.013055073406459838
3494,5,17,yes,14,0.06730166526629772,0.06730166526629772
3495,5,17,yes,4,0.0218437508442193,0.0218437508442193
516,3,7,yes,1,0.0051393804018998734,0.0051393804018998734
3496,5,17,no,1,-0.00556567251430401,0.00556567251430401
3497,5,17,yes,13,0.07736799229517682,0.07736799229517682
2568,3,10,no,1,0.0037472034806167454,0.0037472034806167454
3498,5,17,no,1,-0.006308029388133907,0.006308029388133907
3499,5,17,no,1,-0.006254119513938561,0.006254119513938561
3994,5,19,yes,1,-0.0022642190665268375,0.0022642190665268375
3500,5,17,no,12,-0.07030220986418773,0.07030220986418773
3501,5,17,no,17,-0.08233633927683429,0.08233633927683429
3502,5,17,yes,12,0.05591933864401083,0.05591933864401083
3995,5,19,yes,16,0.04297153232374837,0.04297153232374837
517,3,7,no,1,-0.0051393804018998734,0.0051393804018998734
3503,5,17,yes,1,0.005139380401899957,0.005139380401899957
3996,5,19,no,1,-0.003137471938287534,0.003137471938287534
1169,3,8,no,3,-0.020606017668998167,0.020606017668998167
3504,5,17,no,16,-0.07337847996048613,0.07337847996048613
3997,5,19,no,10,-0.027983247235006267,0.027983247235006267
3505,5,17,yes,14,0.06317270716531706,0.06317270716531706
3010,3,11,no,8,0.0502140342254197,0.0502140342254197
3011,3,11,no,1,-0.006082521453160905,0.006082521453160905
1170,3,8,no,2,0.013757572045569044,0.013757572045569044
3998,5,19,no,1,-0.0024778905067136536,0.0024778905067136536
1171,3,8,no,1,0.0068484456234291224,0.0068484456234291224
3506,5,17,yes,14,0.07734099499078187,0.07734099499078187
3507,5,17,no,1,-0.005960635697199068,0.005960635697199068
3999,5,19,no,1,-0.0024231349516898176,0.0024231349516898176
4000,5,19,no,6,-0.013438887743784322,0.013438887743784322
3508,5,17,no,1,-0.005897671602892618,0.005897671602892618
3509,5,17,no,1,-0.005833461048261823,0.005833461048261823
4001,5,19,no,1,-0.0020648105407109485,0.0020648105407109485
3510,5,17,no,1,-0.0057680800157664525,0.0057680800157664525
4002,5,19,no,2,0.004178141201697766,0.004178141201697766
3511,5,17,no,11,-0.05887418201444025,0.05887418201444025
4003,5,19,no,20,0.05381774914862372,0.05381774914862372
4004,5,19,no,4,0.013743491824351167,0.013743491824351167
3512,5,17,no,2,-0.009764854130815348,0.009764854130815348
3513,5,17,no,1,-0.004771406440793768,0.004771406440793768
3514,5,17,no,3,-0.01386895542528574,0.01386895542528574
3515,5,17,yes,1,0.004548750366815624,0.004548750366815624
4005,5,19,no,13,-0.04085783081691868,0.04085783081691868
3516,5,17,yes,3,0.014091611499263884,0.014091611499263884
3517,5,17,yes,1,0.004845478367507289,0.004845478367507289
3518,5,17,no,15,-0.06492930883128417,0.06492930883128417
3519,5,17,yes,7,0.028241735883333507,0.028241735883333507
1930,3,9,no,14,0.09052597125991735,0.09052597125991735
4006,5,19,no,1,-0.0027057566289490215,0.0027057566289490215
1931,3,9,no,1,-0.00614129254867346,0.00614129254867346
3012,3,11,yes,1,-0.00614129254867346,0.00614129254867346
1932,3,9,yes,4,0.024206727188956,0.024206727188956
3520,5,17,no,1,-0.004252962151704648,0.004252962151704648
1933,3,9,no,1,-0.005960635697198957,0.005960635697198957
4007,5,19,yes,8,0.023349648187387592,0.023349648187387592
4008,5,19,yes,20,0.07723731779523818,0.07723731779523818
4009,5,19,yes,2,0.009320205058470116,0.009320205058470116
3521,5,17,yes,16,0.07691007296516425,0.07691007296516425
1934,3,9,yes,1,0.005960635697198957,0.005960635697198957
1935,3,9,no,1,-0.005960635697198957,0.005960635697198957
4010,5,19,yes,1,-0.004697221546987984,0.004697221546987984
4011,5,19,no,1,-0.004622983511482132,0.004622983511482132
4012,5,19,yes,12,-0.0497394224451298,0.0497394224451298
1936,3,9,no,1,-0.006022277489922678,0.006022277489922678
4013,5,19,no,1,-0.0036768586438181428,0.0036768586438181428
3522,5,17,no,1,0.005426266311670036,0.005426266311670036
3523,5,17,no,2,-0.010781711858831922,0.010781711858831922
1937,3,9,no,1,-0.006082521453160905,0.006082521453160905
4014,5,19,yes,1,0.0036768586438181428,0.0036768586438181428
1938,3,9,no,1,-0.00614129254867346,0.00614129254867346
4015,5,19,no,1,-0.0036768586438181428,0.0036768586438181428
3524,5,17,no,1,-0.005283976781832733,0.005283976781832733
3525,5,17,no,17,-0.07859041155074498,0.07859041155074498
1939,3,9,yes,3,0.018246091491757044,0.018246091491757044
1940,3,9,no,1,-0.006022277489922678,0.006022277489922678
3526,5,17,yes,15,0.06823909955858617,0.06823909955858617
4016,5,19,no,1,-0.003607097447810126,0.003607097447810126
1941,3,9,no,1,-0.006082521453160905,0.006082521453160905
4017,5,19,no,1,-0.0035379507575973856,0.0035379507575973856
3527,5,17,yes,8,0.04311314977177247,0.04311314977177247
3528,5,17,no,1,-0.005634110153561633,0.005634110153561633
3529,5,17,no,1,-0.00556567251430401,0.00556567251430401
4018,5,19,yes,1,0.0035379507575973856,0.0035379507575973856
1172,3,8,yes,1,0.0068248316823924515,0.0068248316823924515
3530,5,17,no,1,-0.005496366471083369,0.005496366471083369
1942,3,9,no,1,-0.00614129254867346,0.00614129254867346
3531,5,17,no,2,-0.010781711858831922,0.010781711858831922
2569,3,10,yes,1,0.0036768586438180595,0.0036768586438180595
1943,3,9,yes,1,-0.0061985164077413835,0.0061985164077413835
4019,5,19,yes,1,0.003607097447810126,0.003607097447810126
4020,5,19,no,7,-0.02382103670629024,0.02382103670629024
4021,5,19,no,1,-0.003137471938287534,0.003137471938287534
1944,3,9,no,13,-0.08495631515001689,0.08495631515001689
4022,5,19,no,11,-0.03046113774171992,0.03046113774171992
1945,3,9,no,1,0.006770152846514388,0.006770152846514388
1173,3,8,no,1,0.0067987210476098126,0.0067987210476098126
3013,3,11,yes,4,-0.02512084008482751,0.02512084008482751
3532,5,17,no,2,-0.010495908372091578,0.010495908372091578
518,3,7,yes,1,0.0051393804018998734,0.0051393804018998734
3533,5,17,no,6,-0.029735068754556532,0.029735068754556532
4023,5,19,yes,7,0.018544544126856646,0.018544544126856646
1174,3,8,yes,18,-0.12425858158907721,0.12425858158907721
3534,5,17,yes,1,0.004771406440793768,0.004771406440793768
1175,3,8,yes,7,0.04845852797327688,0.04845852797327688
4024,5,19,no,2,-0.005589826005287762,0.005589826005287762
3535,5,17,no,15,-0.06383103394439368,0.06383103394439368
3536,5,17,yes,8,0.03198893936395031,0.03198893936395031
2570,3,10,no,1,0.0036070974478101814,0.0036070974478101814
4025,5,19,no,1,-0.0027057566289490215,0.0027057566289490215
1176,3,8,yes,1,0.006943997948260727,0.006943997948260727
1177,3,8,no,7,-0.048514481165060575,0.048514481165060575
1178,3,8,yes,14,0.0968985384791688,0.0968985384791688
3537,5,17,yes,1,0.004326632768974686,0.004326632768974686
2571,3,10,no,10,0.032382226767169175,0.032382226767169175
3538,5,17,yes,12,0.0576910557154903,0.0576910557154903
2572,3,10,yes,10,-0.032382226767169175,0.032382226767169175
3539,5,17,no,18,-0.08255181408548462,0.08255181408548462
3540,5,17,no,7,-0.02574616817796857,0.02574616817796857
2573,3,10,yes,1,0.003537950757597441,0.003537950757597441
3541,5,17,yes,1,0.0034694475658122448,0.0034694475658122448
1946,3,9,no,1,0.0067391696291118075,0.0067391696291118075
2574,3,10,yes,7,0.02288679845669228,0.02288679845669228
4026,5,19,no,1,-0.002647472861640701,0.002647472861640701
3542,5,17,yes,9,0.03437832577466682,0.03437832577466682
3014,3,11,no,4,-0.025924453545217663,0.025924453545217663
3543,5,17,no,18,-0.06322260178423877,0.06322260178423877
3015,3,11,no,1,-0.006592049699952862,0.006592049699952862
3544,5,17,yes,1,0.0029474764738244563,0.0029474764738244563
2575,3,10,no,1,0.0030100010790551357,0.0030100010790551357
1179,3,8,no,6,-0.04144273751636407,0.04144273751636407
1947,3,9,yes,8,0.05252466899730457,0.05252466899730457
4027,5,19,yes,15,0.046211060307508406,0.046211060307508406
2576,3,10,yes,2,0.005833254518286091,0.005833254518286091
4028,5,19,no,13,0.052474628169942444,0.052474628169942444
4029,5,19,yes,11,-0.045190672078314176,0.045190672078314176
1948,3,9,yes,1,0.006360174775013605,0.006360174775013605
1949,3,9,no,1,-0.006360174775013605,0.006360174775013605
3545,5,17,yes,8,0.0258967995357475,0.0258967995357475
3016,3,11,yes,1,0.006592049699952862,0.006592049699952862
3017,3,11,yes,7,0.04484677722230379,0.04484677722230379
3546,5,17,yes,11,0.04281084621317596,0.04281084621317596
1180,3,8,yes,3,0.020781195607399106,0.020781195607399106
1950,3,9,yes,14,-0.09337551711545411,0.09337551711545411
1951,3,9,yes,1,0.006869527289091959,0.006869527289091959
1952,3,9,yes,1,0.0068484456234291224,0.0068484456234291224
3547,5,17,yes,1,0.004326632768974686,0.004326632768974686
4030,5,19,no,8,-0.02749789535010838,0.02749789535010838
3548,5,17,yes,10,0.047339743723331495,0.047339743723331495
4031,5,19,no,1,-0.003137471938287534,0.003137471938287534
3018,3,11,yes,1,-0.006254119513938505,0.006254119513938505
2577,3,10,no,1,-0.002885778044461773,0.002885778044461773
2578,3,10,yes,1,0.002885778044461773,0.002885778044461773
2579,3,10,no,1,-0.002885778044461773,0.002885778044461773
3549,5,17,yes,11,0.06041629529742107,0.06041629529742107
3550,5,17,yes,2,-0.011601541064028276,0.011601541064028276
3551,5,17,no,2,-0.011335714615181958,0.011335714615181958
1181,3,8,yes,8,0.054642862738022546,0.054642862738022546
1953,3,9,no,1,-0.0068484456234291224,0.0068484456234291224
3552,5,17,no,1,-0.00556567251430401,0.00556567251430401
3553,5,17,no,5,-0.02677398670200687,0.02677398670200687
4032,5,19,no,1,-0.0030733380175221314,0.0030733380175221314
4033,5,19,no,1,-0.003010001079055108,0.003010001079055108
4034,5,19,no,1,-0.0029474764738244563,0.0029474764738244563
2580,3,10,yes,1,0.002885778044461773,0.002885778044461773
2581,3,10,no,1,0.0028249181734271156,0.0028249181734271156
2582,3,10,yes,1,-0.0028249181734271156,0.0028249181734271156
3554,5,17,no,1,-0.005139380401899957,0.005139380401899957
1954,3,9,yes,1,0.0068484456234291224,0.0068484456234291224
3555,5,17,no,1,-0.005066392393269115,0.005066392393269115
4035,5,19,yes,8,0.02537482844375971,0.02537482844375971
2583,3,10,no,1,-0.002885778044461773,0.002885778044461773
1182,3,8,no,8,-0.054642862738022546,0.054642862738022546
4036,5,19,no,10,-0.031085524661648545,0.031085524661648545
519,3,7,yes,3,0.014978803544355657,0.014978803544355657
1183,3,8,no,7,0.04790369310891074,0.04790369310891074
4037,5,19,no,6,0.017878983726578063,0.017878983726578063
3556,5,17,no,1,-0.004993035387778344,0.004993035387778344
520,3,7,no,1,-0.0049193757633081425,0.0049193757633081425
3557,5,17,no,12,-0.05414593684843172,0.05414593684843172
1184,3,8,yes,1,0.0067391696291118075,0.0067391696291118075
3558,5,17,no,1,0.0041064676986638515,0.0041064676986638515
2584,3,10,no,10,0.02622272749981791,0.02622272749981791
3559,5,17,no,1,-0.0041064676986638515,0.0041064676986638515
3019,3,11,yes,7,-0.04518470740831815,0.04518470740831815
3020,3,11,no,1,-0.006632203865068909,0.006632203865068909
1955,3,9,yes,1,0.0068248316823924515,0.0068248316823924515
4038,5,19,no,1,-0.003137471938287534,0.003137471938287534
3560,5,17,yes,1,0.0041064676986638515,0.0041064676986638515
3021,3,11,no,2,-0.013375961887065135,0.013375961887065135
4039,5,19,yes,1,-0.0030733380175221314,0.0030733380175221314
3901,5,18,yes,1,0.0010110847812301663,0.0010110847812301663
4040,5,19,no,14,-0.0367607223679387,0.0367607223679387
3022,3,11,no,10,0.06519287316045219,0.06519287316045219
2585,3,10,yes,18,-0.0515975559435774,0.0515975559435774
3561,5,17,yes,5,0.021634253152873012,0.021634253152873012
3562,5,17,yes,1,0.004548750366815624,0.004548750366815624
3563,5,17,no,17,-0.06743239188418512,0.06743239188418512
3564,5,17,no,7,-0.021973213419742288,0.021973213419742288
1956,3,9,no,9,0.05996333238178275,0.05996333238178275
3023,3,11,no,2,0.012452635921679889,0.012452635921679889
3024,3,11,no,2,-0.012452635921679889,0.012452635921679889
1957,3,9,no,13,-0.08739418173317337,0.08739418173317337
2586,3,10,yes,1,0.003401615024017257,0.003401615024017257
3565,5,17,yes,1,0.0029474764738244563,0.0029474764738244563
3566,5,17,no,1,0.003010001079055108,0.003010001079055108
3025,3,11,yes,1,0.006254119513938505,0.006254119513938505
3902,5,18,yes,2,0.0021015926926436085,0.0021015926926436085
1958,3,9,yes,6,0.04099972324551482,0.04099972324551482
4041,5,19,no,8,-0.016345533588494374,0.016345533588494374
3026,3,11,no,2,-0.012562148902072523,0.012562148902072523
4042,5,19,yes,2,0.0038040364026795254,0.0038040364026795254
3567,5,17,yes,1,0.0030733380175221314,0.0030733380175221314
3568,5,17,no,2,-0.006083339096577239,0.006083339096577239
3569,5,17,yes,1,0.003010001079055108,0.003010001079055108
3570,5,17,yes,1,0.0030733380175221314,0.0030733380175221314
3571,5,17,yes,5,0.016344012873358016,0.016344012873358016
3572,5,17,no,1,-0.0034016150240174237,0.0034016150240174237
4043,5,19,yes,1,0.0019704136188763294,0.0019704136188763294
3573,5,17,no,1,0.0034016150240174237,0.0034016150240174237
4044,5,19,no,1,-0.0019704136188763294,0.0019704136188763294
1185,3,8,no,1,-0.0067391696291118075,0.0067391696291118075
4045,5,19,yes,1,0.0019704136188763294,0.0019704136188763294
3574,5,17,yes,1,0.0034694475658122448,0.0034694475658122448
3027,3,11,yes,6,0.03700675680157095,0.03700675680157095
2587,3,10,no,7,-0.025258272112398727,0.025258272112398727
3575,5,17,yes,1,0.0035379507575973856,0.0035379507575973856
3576,5,17,yes,1,0.003607097447810126,0.003607097447810126
3028,3,11,no,8,-0.04977741740695496,0.04977741740695496
3577,5,17,yes,2,0.007424062124434944,0.007424062124434944
1186,3,8,no,1,-0.006770152846514388,0.006770152846514388
3578,5,17,yes,15,0.06492930883128417,0.06492930883128417
1959,3,9,no,1,-0.006770152846514388,0.006770152846514388
3579,5,17,no,1,-0.004845478367507289,0.004845478367507289
2588,3,10,yes,1,0.003818099192726798,0.003818099192726798
1960,3,9,no,1,0.006770152846514388,0.006770152846514388
2589,3,10,yes,1,0.0037472034806167454,0.0037472034806167454
3580,5,17,no,1,-0.004771406440793768,0.004771406440793768
1187,3,8,no,1,0.006770152846514388,0.006770152846514388
1961,3,9,no,7,0.04639445848765855,0.04639445848765855
521,3,7,yes,1,0.0049193757633081425,0.0049193757633081425
1962,3,9,no,12,-0.08050613697669629,0.08050613697669629
3581,5,17,no,1,0.004771406440793768,0.004771406440793768
1963,3,9,yes,2,0.013717972912521081,0.013717972912521081
3582,5,17,no,1,-0.004771406440793768,0.004771406440793768
4046,5,19,yes,1,0.002017172974494344,0.002017172974494344
4047,5,19,yes,1,0.0020648105407109485,0.0020648105407109485
5415,5,20,no,7,0.042557034713528674,0.042557034713528674
3583,5,17,yes,4,0.01952929595938746,0.01952929595938746
4048,5,19,yes,1,0.0021133306609868174,0.0021133306609868174
3903,5,18,no,1,0.0010917613765485043,0.0010917613765485043
4049,5,19,yes,1,0.0021627369816222125,0.0021627369816222125
3029,3,11,yes,3,0.019078689993518028,0.019078689993518028
3584,5,17,no,18,-0.07858892346298738,0.07858892346298738
3030,3,11,yes,3,-0.019078689993518028,0.019078689993518028
4050,5,19,yes,4,0.009162820101175292,0.009162820101175292
5416,5,20,yes,1,-0.0058976716028927845,0.0058976716028927845
5417,5,20,yes,1,-0.005960635697198957,0.005960635697198957
3585,5,17,yes,9,0.036315572132924995,0.036315572132924995
5418,5,20,yes,4,-0.024444607899498427,0.024444607899498427
3586,5,17,no,9,-0.036315572132924995,0.036315572132924995
3587,5,17,no,13,-0.04255196090325919,0.04255196090325919
5419,5,20,no,2,-0.012562148902072523,0.012562148902072523
3031,3,11,no,2,-0.0129642280565061,0.0129642280565061
3588,5,17,yes,12,0.03887510225944105,0.03887510225944105
3589,5,17,yes,1,0.0036768586438181428,0.0036768586438181428
4051,5,19,no,2,0.004901025458403471,0.004901025458403471
3590,5,17,no,1,-0.0036768586438181428,0.0036768586438181428
5420,5,20,no,1,-0.006360174775013605,0.006360174775013605
3591,5,17,yes,4,0.015131672406748814,0.015131672406748814
3592,5,17,yes,12,0.05237622018146301,0.05237622018146301
3032,3,11,no,2,-0.01314178935829402,0.01314178935829402
2590,3,10,no,3,-0.011454813762930671,0.011454813762930671
5421,5,20,no,10,-0.06603399147293076,0.06603399147293076
3593,5,17,no,10,-0.04438108271761637,0.04438108271761637
3033,3,11,no,2,-0.013302348517043816,0.013302348517043816
3594,5,17,yes,9,0.0396096762768226,0.0396096762768226
4052,5,19,no,1,-0.0024778905067136536,0.0024778905067136536
5422,5,20,no,20,-0.13797655450159846,0.13797655450159846
5423,5,20,no,2,-0.013623552730002264,0.013623552730002264
3034,3,11,yes,1,0.0066701446519749075,0.0066701446519749075
5424,5,20,yes,2,0.013623552730002264,0.013623552730002264
5425,5,20,yes,1,0.0068484456234291224,0.0068484456234291224
4053,5,19,no,2,-0.004792405328499505,0.004792405328499505
3595,5,17,no,6,-0.027070688139649607,0.027070688139649607
3596,5,17,yes,1,0.004326632768974686,0.004326632768974686
5426,5,20,yes,16,0.11065611052473795,0.11065611052473795
5427,5,20,yes,1,-0.006869527289091959,0.006869527289091959
3904,5,18,no,1,-0.0010917613765485043,0.0010917613765485043
5428,5,20,no,11,0.0740008032285776,0.0740008032285776
3035,3,11,yes,4,0.02627932697148161,0.02627932697148161
2591,3,10,no,6,0.022276720612156353,0.022276720612156353
3597,5,17,yes,11,0.05247912412523145,0.05247912412523145
3036,3,11,no,1,-0.00650533374811868,0.00650533374811868
1188,3,8,no,1,-0.006770152846514388,0.006770152846514388
5429,5,20,no,7,-0.04665927758605426,0.04665927758605426
5430,5,20,yes,1,0.006770152846514388,0.006770152846514388
1964,3,9,yes,1,0.0068248316823924515,0.0068248316823924515
3037,3,11,no,6,0.03829703756396263,0.03829703756396263
2592,3,10,yes,1,0.0034694475658122448,0.0034694475658122448
3598,5,17,no,5,-0.024963662313762763,0.024963662313762763
3038,3,11,yes,1,0.0061985164077413835,0.0061985164077413835
1189,3,8,no,1,-0.0067987210476098126,0.0067987210476098126
3039,3,11,yes,1,0.00614129254867346,0.00614129254867346
3599,5,17,no,7,-0.031842094580443375,0.031842094580443375
1965,3,9,yes,1,0.0067987210476098126,0.0067987210476098126
4054,5,19,no,7,-0.015151600882179928,0.015151600882179928
3600,5,17,yes,7,0.031842094580443375,0.031842094580443375
5431,5,20,yes,4,0.02674733538124585,0.02674733538124585
2593,3,10,yes,18,-0.07335098191863798,0.07335098191863798
5432,5,20,yes,13,-0.0884962564708176,0.0884962564708176
3601,5,17,no,1,-0.004771406440793768,0.004771406440793768
4055,5,19,yes,2,0.0040819835152052925,0.0040819835152052925
2594,3,10,yes,1,0.004697221546987929,0.004697221546987929
5433,5,20,yes,6,0.0413552155130551,0.0413552155130551
2595,3,10,yes,1,0.00462298351148227,0.00462298351148227
5434,5,20,no,6,0.040508837092693595,0.040508837092693595
2596,3,10,yes,1,0.004548750366815679,0.004548750366815679
3040,3,11,no,4,0.023963106243175325,0.023963106243175325
2597,3,10,no,12,0.048867530722132235,0.048867530722132235
5435,5,20,yes,7,0.04550888188525304,0.04550888188525304
3041,3,11,yes,3,-0.01788058479001442,0.01788058479001442
2598,3,10,no,6,0.020618650771403124,0.020618650771403124
1190,3,8,yes,1,-0.0068248316823924515,0.0068248316823924515
3042,3,11,yes,2,-0.012223814001834366,0.012223814001834366
5436,5,20,no,6,-0.03887667802018413,0.03887667802018413
2599,3,10,no,2,0.0063398578731745925,0.0063398578731745925
3602,5,17,no,1,-0.004697221546987984,0.004697221546987984
3603,5,17,no,2,-0.009171733878297755,0.009171733878297755
5437,5,20,yes,5,0.032516503245170525,0.032516503245170525
522,3,7,no,1,-0.0049193757633081425,0.0049193757633081425
3604,5,17,no,1,-0.004474578305496774,0.004474578305496774
5438,5,20,no,5,-0.032516503245170525,0.032516503245170525
4056,5,19,no,1,0.0021133306609868174,0.0021133306609868174
1191,3,8,yes,1,0.0068248316823924515,0.0068248316823924515
3043,3,11,no,7,0.041705939855877006,0.041705939855877006
2600,3,10,no,4,-0.012942397849340592,0.012942397849340592
4057,5,19,no,5,0.011325557082797505,0.011325557082797505
3044,3,11,yes,1,-0.0057680800157665635,0.0057680800157665635
4058,5,19,yes,1,0.0024231349516898176,0.0024231349516898176
5439,5,20,yes,1,0.006592049699952862,0.006592049699952862
5440,5,20,yes,2,0.013055073406459838,0.013055073406459838
1192,3,8,yes,5,0.03368400541030114,0.03368400541030114
523,3,7,yes,1,0.0049193757633081425,0.0049193757633081425
3045,3,11,no,14,-0.08698315347015562,0.08698315347015562
2601,3,10,yes,1,0.003334478476924252,0.003334478476924252
1193,3,8,no,1,0.006632203865068909,0.006632203865068909
3605,5,17,no,1,-0.004400521639892407,0.004400521639892407
3606,5,17,yes,2,-0.008579594920679334,0.008579594920679334
3046,3,11,no,11,-0.07433910832671353,0.07433910832671353
5441,5,20,no,2,-0.013055073406459838,0.013055073406459838
3047,3,11,yes,5,0.03422957039900043,0.03422957039900043
1194,3,8,no,1,-0.006632203865068909,0.006632203865068909
4059,5,19,yes,19,0.05741964638629769,0.05741964638629769
5442,5,20,no,1,-0.006592049699952862,0.006592049699952862
3607,5,17,no,3,0.012980116560571742,0.012980116560571742
4060,5,19,no,1,-0.003607097447810126,0.003607097447810126
1966,3,9,yes,1,0.006770152846514388,0.006770152846514388
4061,5,19,yes,2,0.007283956091628269,0.007283956091628269
4062,5,19,no,12,-0.03966618285879761,0.03966618285879761
4063,5,19,yes,1,0.0029474764738244563,0.0029474764738244563
4064,5,19,no,1,-0.0029474764738244563,0.0029474764738244563
3048,3,11,yes,1,0.006770152846514388,0.006770152846514388
5443,5,20,no,8,-0.053989486581191626,0.053989486581191626
5444,5,20,no,8,0.053989486581191626,0.053989486581191626
3049,3,11,no,1,0.0067391696291118075,0.0067391696291118075
1195,3,8,yes,1,-0.0066701446519749075,0.0066701446519749075
3608,5,17,no,12,-0.04800004986444567,0.04800004986444567
1967,3,9,yes,1,0.0067391696291118075,0.0067391696291118075
3050,3,11,no,1,0.006705817235090228,0.006705817235090228
2602,3,10,yes,1,0.003268061499241748,0.003268061499241748
524,3,7,yes,2,0.009616884808300918,0.009616884808300918
3609,5,17,no,7,-0.023351411196767646,0.023351411196767646
5445,5,20,no,7,-0.0471410409577625,0.0471410409577625
5446,5,20,yes,8,0.053733090657715366,0.053733090657715366
4065,5,19,yes,1,0.0029474764738244563,0.0029474764738244563
2603,3,10,no,12,0.03432310510818093,0.03432310510818093
5447,5,20,no,19,0.11514898708649146,0.11514898708649146
5448,5,20,no,6,-0.0339992946645975,0.0339992946645975
1196,3,8,no,3,0.019894398216996678,0.019894398216996678
525,3,7,no,5,0.02274405537067492,0.02274405537067492
3051,3,11,yes,1,0.0066701446519749075,0.0066701446519749075
3052,3,11,yes,4,0.02627932697148161,0.02627932697148161
5449,5,20,no,12,-0.0745999527635528,0.0745999527635528
2604,3,10,no,1,-0.002533534559738704,0.002533534559738704
1968,3,9,yes,2,0.013375961887065135,0.013375961887065135
4066,5,19,no,20,0.07303427851789815,0.07303427851789815
4067,5,19,no,1,0.004400521639892407,0.004400521639892407
3610,5,17,yes,13,0.04605158358606623,0.04605158358606623
4068,5,19,no,1,-0.004400521639892407,0.004400521639892407
2605,3,10,yes,2,0.0050114250664524684,0.0050114250664524684
2606,3,10,no,14,-0.04006905711413644,0.04006905711413644
5450,5,20,yes,8,0.050636846520377476,0.050636846520377476
2607,3,10,no,3,0.00960791937241634,0.00960791937241634
1197,3,8,no,1,-0.006592049699952862,0.006592049699952862
4069,5,19,no,1,-0.004326632768974686,0.004326632768974686
5451,5,20,yes,1,-0.00614129254867346,0.00614129254867346
5452,5,20,yes,17,-0.11162682991118966,0.11162682991118966
526,3,7,yes,1,-0.004400521639892241,0.004400521639892241
4070,5,19,no,2,-0.008432520438509145,0.008432520438509145
4071,5,19,no,17,-0.06027512531041432,0.06027512531041432
5453,5,20,yes,8,0.053989486581191626,0.053989486581191626
3611,5,17,yes,1,0.004033734929106997,0.004033734929106997
5454,5,20,yes,1,0.006592049699952862,0.006592049699952862
4072,5,19,yes,8,0.0258967995357475,0.0258967995357475
1198,3,8,yes,1,-0.006632203865068909,0.006632203865068909
527,3,7,no,5,0.02126614254603998,0.02126614254603998
528,3,7,no,1,-0.0041064676986638515,0.0041064676986638515
4073,5,19,yes,8,0.030271858076002967,0.030271858076002967
4074,5,19,no,4,-0.01570274774616051,0.01570274774616051
4075,5,19,no,1,-0.003747203480616801,0.003747203480616801
4076,5,19,yes,4,0.015416216297670315,0.015416216297670315
529,3,7,no,1,-0.004179558286804386,0.004179558286804386
5455,5,20,yes,2,0.013055073406459838,0.013055073406459838
3612,5,17,no,1,-0.004033734929106997,0.004033734929106997
1969,3,9,no,1,-0.0066701446519749075,0.0066701446519749075
3613,5,17,no,12,-0.0429141116477787,0.0429141116477787
4077,5,19,no,1,-0.003961402534739644,0.003961402534739644
1199,3,8,yes,3,0.01977399322336293,0.01977399322336293
1200,3,8,no,6,-0.03988912473953987,0.03988912473953987
4078,5,19,yes,14,0.06214107431227836,0.06214107431227836
4079,5,19,no,1,-0.004919375763308059,0.004919375763308059
4080,5,19,no,2,-0.009616884808301057,0.009616884808301057
5456,5,20,no,2,-0.013055073406459838,0.013055073406459838
5457,5,20,yes,8,0.051045293630045174,0.051045293630045174
530,3,7,yes,1,0.004179558286804386,0.004179558286804386
3614,5,17,yes,1,0.003202385934887142,0.003202385934887142
3615,5,17,yes,9,0.03186081208856484,0.03186081208856484
4081,5,19,yes,12,-0.051494324830256316,0.051494324830256316
4082,5,19,no,1,-0.003818099192726798,0.003818099192726798
3616,5,17,yes,10,0.0421741197717862,0.0421741197717862
4083,5,19,no,7,-0.024774651396596237,0.024774651396596237
531,3,7,no,1,-0.004179558286804386,0.004179558286804386
532,3,7,no,1,-0.004252962151704676,0.004252962151704676
5458,5,20,no,7,-0.044495553971704016,0.044495553971704016
3617,5,17,no,1,-0.004548750366815624,0.004548750366815624
4084,5,19,yes,3,0.010205541066753782,0.010205541066753782
1201,3,8,yes,1,-0.006770152846514388,0.006770152846514388
5459,5,20,no,2,-0.01314178935829402,0.01314178935829402
4085,5,19,yes,12,-0.0373198800593213,0.0373198800593213
5460,5,20,no,1,-0.006632203865068909,0.006632203865068909
3053,3,11,no,1,-0.00650533374811868,0.00650533374811868
5461,5,20,yes,2,0.01322425356502177,0.01322425356502177
3618,5,17,no,7,-0.02977445578064386,0.02977445578064386
3619,5,17,yes,10,0.0436434112059296,0.0436434112059296
3620,5,17,no,1,-0.004697221546987984,0.004697221546987984
1970,3,9,yes,8,-0.054444710109716854,0.054444710109716854
4086,5,19,no,9,-0.022327640765309797,0.022327640765309797
2608,3,10,no,5,-0.01634401287335785,0.01634401287335785
1971,3,9,no,2,0.013757572045569044,0.013757572045569044
2609,3,10,no,3,0.010004155000183257,0.010004155000183257
3054,3,11,yes,2,0.0129642280565061,0.0129642280565061
3055,3,11,no,1,-0.0064588943083874195,0.0064588943083874195
4087,5,19,yes,1,0.0022642190665268375,0.0022642190665268375
3621,5,17,no,5,-0.022373466592661623,0.022373466592661623
1972,3,9,yes,1,0.0068484456234291224,0.0068484456234291224
1202,3,8,no,11,0.07239416624794437,0.07239416624794437
3622,5,17,yes,1,0.004326632768974686,0.004326632768974686
1973,3,9,yes,1,-0.0068484456234291224,0.0068484456234291224
1203,3,8,no,1,-0.006360174775013605,0.006360174775013605
1974,3,9,no,1,-0.006869527289091959,0.006869527289091959
533,3,7,no,8,0.03198893936395031,0.03198893936395031
534,3,7,yes,1,-0.0037472034806167454,0.0037472034806167454
1204,3,8,yes,1,-0.006410485830370405,0.006410485830370405
4088,5,19,yes,20,0.05738330175810426,0.05738330175810426
4089,5,19,yes,2,0.0071450482054075115,0.0071450482054075115
1205,3,8,no,2,-0.0129642280565061,0.0129642280565061
5462,5,20,no,3,-0.019894398216996678,0.019894398216996678
3623,5,17,yes,1,0.004400521639892407,0.004400521639892407
5463,5,20,no,5,0.03294947162345652,0.03294947162345652
3624,5,17,no,2,-0.008727154408867094,0.008727154408867094
1206,3,8,no,1,-0.006549739658341158,0.006549739658341158
1207,3,8,yes,1,0.006549739658341158,0.006549739658341158
5464,5,20,yes,5,-0.03294947162345652,0.03294947162345652
535,3,7,no,10,-0.04144346859769743,0.04144346859769743
4090,5,19,no,1,-0.003607097447810126,0.003607097447810126
1208,3,8,no,1,-0.006549739658341158,0.006549739658341158
5465,5,20,no,1,-0.006705817235090228,0.006705817235090228
5466,5,20,no,3,-0.020308043523236008,0.020308043523236008
1975,3,9,no,1,0.006869527289091959,0.006869527289091959
4091,5,19,no,13,-0.04085783081691868,0.04085783081691868
3625,5,17,no,1,-0.004252962151704648,0.004252962151704648
5467,5,20,yes,1,0.0067987210476098126,0.0067987210476098126
5468,5,20,no,1,-0.0067987210476098126,0.0067987210476098126
4092,5,19,no,2,-0.005353229490589723,0.005353229490589723
5469,5,20,yes,3,0.020308043523236008,0.020308043523236008
5470,5,20,yes,1,0.006705817235090228,0.006705817235090228
5471,5,20,yes,5,0.03294947162345652,0.03294947162345652
1209,3,8,yes,1,0.006549739658341158,0.006549739658341158
2610,3,10,yes,1,0.0032023859348871975,0.0032023859348871975
4093,5,19,no,7,-0.016974411274720075,0.016974411274720075
3905,5,18,yes,1,0.0010917613765485043,0.0010917613765485043
536,3,7,no,11,0.045190672078314176,0.045190672078314176
537,3,7,no,1,-0.0037472034806167454,0.0037472034806167454
1210,3,8,no,4,-0.026444137875337836,0.026444137875337836
2611,3,10,no,13,0.03602174463169727,0.03602174463169727
5472,5,20,yes,9,-0.05996333238178275,0.05996333238178275
1211,3,8,yes,3,0.019894398216996678,0.019894398216996678
5473,5,20,no,1,0.0067987210476098126,0.0067987210476098126
1976,3,9,yes,4,-0.027578820207855737,0.027578820207855737
1977,3,9,yes,11,0.07493610292397845,0.07493610292397845
538,3,7,no,11,-0.04599221896451311,0.04599221896451311
5474,5,20,no,4,-0.027341525642523345,0.027341525642523345
1978,3,9,yes,1,0.006632203865068909,0.006632203865068909
5475,5,20,no,1,0.006869527289091959,0.006869527289091959
5476,5,20,yes,2,0.013673277305821574,0.013673277305821574
2612,3,10,no,14,-0.03922413056658447,0.03922413056658447
4094,5,19,no,14,-0.026724938423575158,0.026724938423575158
4095,5,19,yes,1,0.001627234912458149,0.001627234912458149
5477,5,20,no,2,-0.013673277305821574,0.013673277305821574
3626,5,17,no,1,-0.004179558286804497,0.004179558286804497
1212,3,8,yes,5,0.03228462832023127,0.03228462832023127
5478,5,20,yes,1,0.0068484456234291224,0.0068484456234291224
1213,3,8,yes,1,-0.006360174775013605,0.006360174775013605
4096,5,19,yes,15,0.029678220826358417,0.029678220826358417
2613,3,10,no,1,0.0032023859348871975,0.0032023859348871975
5479,5,20,yes,1,0.0068248316823924515,0.0068248316823924515
539,3,7,no,6,0.026183003519688608,0.026183003519688608
4097,5,19,yes,1,0.0023692703768096873,0.0023692703768096873
540,3,7,no,6,-0.026183003519688608,0.026183003519688608
541,3,7,no,1,-0.00462298351148227,0.00462298351148227
1979,3,9,no,1,-0.006632203865068909,0.006632203865068909
4098,5,19,no,1,0.0024231349516898176,0.0024231349516898176
1214,3,8,no,1,-0.006410485830370405,0.006410485830370405
5480,5,20,yes,1,0.0067987210476098126,0.0067987210476098126
3627,5,17,no,1,-0.0041064676986638515,0.0041064676986638515
5481,5,20,no,5,0.03351748822776024,0.03351748822776024
5482,5,20,no,15,-0.10237354389529985,0.10237354389529985
542,3,7,no,1,-0.004697221546987929,0.004697221546987929
5483,5,20,yes,6,0.04151453002501626,0.04151453002501626
3628,5,17,yes,2,0.008286025985468348,0.008286025985468348
5484,5,20,yes,1,0.006869527289091959,0.006869527289091959
3056,3,11,no,3,-0.0196471231064127,0.0196471231064127
5485,5,20,yes,1,0.0068484456234291224,0.0068484456234291224
3629,5,17,no,1,-0.004179558286804497,0.004179558286804497
1980,3,9,yes,6,0.039148707110239434,0.039148707110239434
1215,3,8,yes,4,-0.02610601741480012,0.02610601741480012
5486,5,20,yes,1,0.0068248316823924515,0.0068248316823924515
1981,3,9,yes,15,-0.1002635618719312,0.1002635618719312
543,3,7,no,3,-0.014536260571609061,0.014536260571609061
4099,5,19,yes,2,0.005011425066452441,0.005011425066452441
5487,5,20,yes,1,0.0067987210476098126,0.0067987210476098126
5488,5,20,no,20,-0.13797655450159846,0.13797655450159846
5489,5,20,no,2,-0.013623552730002264,0.013623552730002264
5490,5,20,yes,14,0.09662133898854336,0.09662133898854336
1982,3,9,no,1,-0.00690396986339592,0.00690396986339592
4100,5,19,yes,1,0.0025900635645267206,0.0025900635645267206
4101,5,19,no,1,-0.0025900635645267206,0.0025900635645267206
5491,5,20,yes,10,0.06848809071868356,0.06848809071868356
5492,5,20,no,1,0.006705817235090228,0.006705817235090228
4102,5,19,no,5,-0.012120128643666517,0.012120128643666517
1983,3,9,yes,7,0.04790369310891074,0.04790369310891074
4103,5,19,yes,8,0.02006342169878296,0.02006342169878296
1984,3,9,yes,2,0.013444986864202035,0.013444986864202035
4104,5,19,no,13,0.04085783081691868,0.04085783081691868
4105,5,19,no,1,-0.0035379507575973856,0.0035379507575973856
5493,5,20,no,15,-0.10295919127477743,0.10295919127477743
544,3,7,no,3,-0.015198808182947388,0.015198808182947388
5494,5,20,yes,11,0.07594533051645119,0.07594533051645119
4106,5,19,no,14,-0.04267310954991102,0.04267310954991102
3057,3,11,yes,1,-0.006632203865068909,0.006632203865068909
5495,5,20,yes,1,0.0067987210476098126,0.0067987210476098126
5496,5,20,no,4,-0.027341525642523345,0.027341525642523345
3630,5,17,no,13,-0.0478519283406624,0.0478519283406624
3631,5,17,yes,7,0.02429550941522124,0.02429550941522124
3058,3,11,no,5,0.03273822127986903,0.03273822127986903
4107,5,19,no,1,-0.0025900635645267206,0.0025900635645267206
3632,5,17,no,8,0.03198893936395031,0.03198893936395031
4108,5,19,yes,20,0.063650382637007,0.063650382637007
4109,5,19,yes,3,0.011884648553433713,0.011884648553433713
4110,5,19,no,1,-0.004033734929106997,0.004033734929106997
5497,5,20,no,2,-0.013792014619873005,0.013792014619873005
545,3,7,yes,2,0.010205772795169099,0.010205772795169099
3633,5,17,no,5,-0.020534125601019637,0.020534125601019637
1216,3,8,yes,1,0.006592049699952862,0.006592049699952862
4111,5,19,yes,2,0.008140202627770848,0.008140202627770848
4112,5,19,no,1,-0.0041064676986638515,0.0041064676986638515
1217,3,8,no,1,0.006549739658341158,0.006549739658341158
4113,5,19,no,6,-0.023126809870595455,0.023126809870595455
4114,5,19,yes,1,-0.003607097447810126,0.003607097447810126
3906,5,18,no,1,-0.0010917613765485043,0.0010917613765485043
1985,3,9,no,9,0.058487055925361964,0.058487055925361964
1986,3,9,yes,2,-0.012668204163147623,0.012668204163147623
1987,3,9,no,5,-0.032516503245170525,0.032516503245170525
5498,5,20,yes,6,0.04113354026239635,0.04113354026239635
4115,5,19,yes,5,-0.01701155332359297,0.01701155332359297
3634,5,17,no,16,-0.05400677466618986,0.05400677466618986
2614,3,10,no,4,0.012168287508689035,0.012168287508689035
5499,5,20,yes,7,-0.04805081856128712,0.04805081856128712
3635,5,17,yes,3,0.008843255597341143,0.008843255597341143
1218,3,8,yes,1,0.00650533374811868,0.00650533374811868
2615,3,10,no,1,0.002885778044461773,0.002885778044461773
5500,5,20,yes,10,0.06826595827200355,0.06826595827200355
2616,3,10,yes,1,0.0028249181734271156,0.0028249181734271156
3636,5,17,yes,2,0.006210809955809665,0.006210809955809665
3637,5,17,no,1,0.003202385934887142,0.003202385934887142
4116,5,19,no,1,-0.003202385934887142,0.003202385934887142
3638,5,17,yes,10,0.03575032317815191,0.03575032317815191
1988,3,9,yes,1,0.006592049699952862,0.006592049699952862
4117,5,19,no,6,-0.017878983726578063,0.017878983726578063
4118,5,19,yes,2,0.005710696217888833,0.005710696217888833
546,3,7,yes,4,0.01952929595938735,0.01952929595938735
1989,3,9,no,1,-0.006592049699952862,0.006592049699952862
6449,5,21,yes,15,0.046211060307508406,0.046211060307508406
3639,5,17,yes,9,0.03828460868219913,0.03828460868219913
5501,5,20,no,1,-0.006705817235090228,0.006705817235090228
3640,5,17,no,2,-0.009023328672312397,0.009023328672312397
6450,5,21,no,1,-0.0035379507575973856,0.0035379507575973856
5502,5,20,no,2,-0.013509322475626195,0.013509322475626195
3059,3,11,yes,14,-0.09385307604156079,0.09385307604156079
6451,5,21,yes,4,0.014569110329842455,0.014569110329842455
6452,5,21,no,3,-0.01103115957224507,0.01103115957224507
5503,5,20,yes,1,0.006770152846514388,0.006770152846514388
3060,3,11,yes,1,0.006888044756477085,0.006888044756477085
2617,3,10,no,8,0.020512031281929022,0.020512031281929022
3641,5,17,no,1,-0.004400521639892407,0.004400521639892407
3642,5,17,yes,1,0.004400521639892407,0.004400521639892407
3061,3,11,yes,1,0.006869527289091959,0.006869527289091959
2618,3,10,no,1,-0.0023692703768096735,0.0023692703768096735
3643,5,17,no,1,-0.004400521639892407,0.004400521639892407
2619,3,10,no,6,-0.015377853073258674,0.015377853073258674
1990,3,9,yes,3,0.0196471231064127,0.0196471231064127
1991,3,9,no,1,-0.00650533374811868,0.00650533374811868
3062,3,11,yes,1,0.0068484456234291224,0.0068484456234291224
3063,3,11,no,12,0.07965754420293303,0.07965754420293303
6453,5,21,yes,1,0.003607097447810126,0.003607097447810126
4119,5,19,yes,20,0.07165512222274792,0.07165512222274792
4120,5,19,yes,3,0.013201732714363867,0.013201732714363867
5504,5,20,no,1,0.0067391696291118075,0.0067391696291118075
4121,5,19,no,11,-0.045190672078314176,0.045190672078314176
4122,5,19,yes,11,0.045190672078314176,0.045190672078314176
2620,3,10,yes,1,0.0027057566289487855,0.0027057566289487855
4123,5,19,yes,6,0.028405215996894856,0.028405215996894856
3907,5,18,yes,1,0.0010917613765485043,0.0010917613765485043
4124,5,19,yes,1,-0.004919375763308059,0.004919375763308059
4125,5,19,no,14,-0.06111120963855737,0.06111120963855737
5505,5,20,no,7,-0.047738892874626626,0.047738892874626626
547,3,7,yes,1,-0.004771406440793768,0.004771406440793768
1992,3,9,yes,1,-0.006549739658341158,0.006549739658341158
4126,5,19,no,1,-0.003818099192726798,0.003818099192726798
548,3,7,no,2,-0.009764854130815293,0.009764854130815293
1993,3,9,yes,1,0.006549739658341158,0.006549739658341158
5506,5,20,no,5,-0.034626485268539176,0.034626485268539176
549,3,7,no,1,0.0049193757633081425,0.0049193757633081425
3644,5,17,yes,1,0.004400521639892407,0.004400521639892407
3064,3,11,no,1,-0.006410485830370405,0.006410485830370405
3908,5,18,no,10,-0.009752695235321511,0.009752695235321511
5507,5,20,yes,4,0.027722515405143255,0.027722515405143255
5508,5,20,yes,1,0.00690396986339592,0.00690396986339592
3645,5,17,no,2,-0.008727154408867094,0.008727154408867094
4127,5,19,no,6,-0.021440172919672124,0.021440172919672124
4128,5,19,yes,1,0.0034016150240174237,0.0034016150240174237
4129,5,19,no,1,0.0034694475658122448,0.0034694475658122448
3646,5,17,no,12,-0.04628029377898821,0.04628029377898821
5509,5,20,no,11,0.07433910832671353,0.07433910832671353
3647,5,17,no,1,-0.0034016150240174237,0.0034016150240174237
5510,5,20,yes,1,-0.006592049699952862,0.006592049699952862
5511,5,20,no,1,-0.006632203865068909,0.006632203865068909
4130,5,19,yes,5,0.018387209522569253,0.018387209522569253
4131,5,19,yes,20,0.09172530195690443,0.09172530195690443
2621,3,10,no,3,0.007771070985906348,0.007771070985906348
6454,5,21,no,1,-0.003607097447810126,0.003607097447810126
5512,5,20,no,2,-0.013375961887065135,0.013375961887065135
2622,3,10,yes,2,-0.005123598124265438,0.005123598124265438
1994,3,9,no,4,0.02573488866189011,0.02573488866189011
1995,3,9,yes,1,-0.006360174775013605,0.006360174775013605
4132,5,19,yes,6,-0.030614092318347053,0.030614092318347053
3648,5,17,yes,1,0.0034016150240174237,0.0034016150240174237
4133,5,19,no,14,-0.06111120963855737,0.06111120963855737
5513,5,20,no,1,-0.0067391696291118075,0.0067391696291118075
550,3,7,yes,2,0.009616884808300918,0.009616884808300918
3649,5,17,yes,13,0.050606926547962894,0.050606926547962894
1996,3,9,no,2,-0.012869380138757824,0.012869380138757824
5514,5,20,no,2,-0.0135688738941242,0.0135688738941242
5515,5,20,yes,1,0.0067987210476098126,0.0067987210476098126
4134,5,19,yes,1,-0.003818099192726798,0.003818099192726798
3650,5,17,no,2,-0.008579594920679334,0.008579594920679334
4135,5,19,no,13,-0.04341338633941441,0.04341338633941441
3065,3,11,no,1,-0.0064588943083874195,0.0064588943083874195
6455,5,21,no,1,0.003607097447810126,0.003607097447810126
4136,5,19,no,1,-0.002885778044461579,0.002885778044461579
4137,5,19,yes,1,0.002885778044461579,0.002885778044461579
4138,5,19,no,1,-0.002885778044461579,0.002885778044461579
2623,3,10,no,3,0.007601488630979203,0.007601488630979203
3066,3,11,yes,1,0.0064588943083874195,0.0064588943083874195
4139,5,19,yes,19,0.06610837982870035,0.06610837982870035
1219,3,8,yes,1,0.0064588943083874195,0.0064588943083874195
1997,3,9,no,1,-0.00650533374811868,0.00650533374811868
1998,3,9,no,1,-0.006549739658341158,0.006549739658341158
551,3,7,no,8,0.03550320857815881,0.03550320857815881
5516,5,20,yes,1,0.006770152846514388,0.006770152846514388
4140,5,19,no,1,-0.0041064676986638515,0.0041064676986638515
5517,5,20,yes,5,0.033339385081198714,0.033339385081198714
3651,5,17,yes,17,-0.06144468251816371,0.06144468251816371
3652,5,17,yes,1,0.0030733380175221314,0.0030733380175221314
4141,5,19,no,1,-0.004033734929106997,0.004033734929106997
4142,5,19,no,7,-0.02623812314689597,0.02623812314689597
1220,3,8,no,4,0.025332809507456533,0.025332809507456533
5518,5,20,no,15,-0.10202427379750856,0.10202427379750856
3653,5,17,yes,1,0.003137471938287534,0.003137471938287534
552,3,7,no,1,-0.004179558286804386,0.004179558286804386
5519,5,20,yes,7,0.04829118313979319,0.04829118313979319
1221,3,8,no,2,0.012339808956414844,0.012339808956414844
4143,5,19,yes,1,0.0035379507575973856,0.0035379507575973856
4144,5,19,no,5,-0.01701155332359297,0.01701155332359297
6456,5,21,no,6,-0.020618650771403096,0.020618650771403096
5520,5,20,no,13,-0.08992573594031122,0.08992573594031122
1222,3,8,yes,1,0.006082521453160905,0.006082521453160905
5521,5,20,yes,5,0.03469323300277388,0.03469323300277388
5522,5,20,no,1,0.00694131979774415,0.00694131979774415
1223,3,8,yes,2,0.011982913187121635,0.011982913187121635
5523,5,20,yes,1,0.006935967626738093,0.006935967626738093
4145,5,19,yes,12,0.04374546064199855,0.04374546064199855
5524,5,20,no,9,0.06174892108957175,0.06174892108957175
3654,5,17,no,1,-0.003137471938287534,0.003137471938287534
4146,5,19,yes,20,0.096118731733386,0.096118731733386
4147,5,19,yes,2,0.011199782667865643,0.011199782667865643
4148,5,19,yes,11,-0.05809195331612799,0.05809195331612799
1224,3,8,no,1,0.0058976716028927845,0.0058976716028927845
3655,5,17,yes,1,0.003137471938287534,0.003137471938287534
1225,3,8,no,1,-0.0058976716028927845,0.0058976716028927845
4149,5,19,no,1,-0.004845478367507289,0.004845478367507289
3656,5,17,yes,2,0.006470447434128945,0.006470447434128945
2624,3,10,yes,1,0.002423134951689776,0.002423134951689776
1226,3,8,no,1,-0.005960635697198957,0.005960635697198957
1227,3,8,yes,1,-0.006022277489922678,0.006022277489922678
4150,5,19,no,7,-0.031842094580443375,0.031842094580443375
2625,3,10,no,4,0.009162820101175195,0.009162820101175195
4151,5,19,no,12,-0.04628029377898821,0.04628029377898821
3657,5,17,yes,1,0.003334478476924113,0.003334478476924113
4152,5,19,yes,1,0.0034694475658122448,0.0034694475658122448
3658,5,17,yes,2,0.0068710625898296684,0.0068710625898296684
3909,5,18,yes,1,0.0008658937548615686,0.0008658937548615686
4153,5,19,no,1,-0.0034694475658122448,0.0034694475658122448
3659,5,17,yes,6,0.022276720612156325,0.022276720612156325
1999,3,9,no,10,0.06326910763187954,0.06326910763187954
6457,5,21,yes,9,0.03186081208856484,0.03186081208856484
6458,5,21,no,1,-0.003818099192726798,0.003818099192726798
2000,3,9,no,2,-0.012223814001834366,0.012223814001834366
5525,5,20,no,1,-0.006770152846514388,0.006770152846514388
1228,3,8,yes,11,-0.0698611573318324,0.0698611573318324
2001,3,9,no,2,0.012223814001834366,0.012223814001834366
6459,5,21,yes,1,-0.003747203480616801,0.003747203480616801
553,3,7,no,1,-0.004252962151704676,0.004252962151704676
4154,5,19,no,2,-0.006736093500941537,0.006736093500941537
2002,3,9,yes,9,-0.05671936797353838,0.05671936797353838
5526,5,20,no,7,-0.04805081856128712,0.04805081856128712
5527,5,20,yes,1,0.006917278298890772,0.006917278298890772
5528,5,20,no,1,0.00690396986339592,0.00690396986339592
4155,5,19,yes,20,0.08008707541957935,0.08008707541957935
4156,5,19,no,3,-0.01386895542528574,0.01386895542528574
5529,5,20,yes,8,0.054444710109716854,0.054444710109716854
5530,5,20,yes,11,-0.07519390795377379,0.07519390795377379
5531,5,20,yes,4,0.027637242600534018,0.027637242600534018
4157,5,19,no,8,-0.033735858315383505,0.033735858315383505
4158,5,19,no,15,-0.05112099662172828,0.05112099662172828
5532,5,20,no,8,0.054226810005214676,0.054226810005214676
2626,3,10,no,3,0.006340878183320076,0.006340878183320076
6460,5,21,no,8,0.03198893936395031,0.03198893936395031
1229,3,8,yes,1,0.006592049699952862,0.006592049699952862
5533,5,20,yes,1,0.006632203865068909,0.006632203865068909
3910,5,18,yes,9,0.008886801480459942,0.008886801480459942
2627,3,10,yes,1,-0.0020648105407110595,0.0020648105407110595
6461,5,21,yes,20,-0.07165512222274792,0.07165512222274792
6462,5,21,yes,1,-0.002885778044461579,0.002885778044461579
554,3,7,no,9,-0.04160694871125881,0.04160694871125881
1230,3,8,no,3,0.019513967714847258,0.019513967714847258
6463,5,21,yes,1,-0.0028249181734272544,0.0028249181734272544
2628,3,10,no,8,-0.018339913202187752,0.018339913202187752
6464,5,21,yes,8,0.024349431160707008,0.024349431160707008
3660,5,17,yes,2,0.007995137463846641,0.007995137463846641
5534,5,20,yes,2,-0.013302348517043816,0.013302348517043816
5535,5,20,no,1,-0.006705817235090228,0.006705817235090228
6465,5,21,yes,13,-0.037591166607422746,0.037591166607422746
4159,5,19,yes,1,0.0029474764738244563,0.0029474764738244563
4160,5,19,yes,1,0.003010001079055108,0.003010001079055108
5536,5,20,yes,1,0.006705817235090228,0.006705817235090228
4161,5,19,yes,2,0.006210809955809665,0.006210809955809665
555,3,7,yes,20,-0.11303275779199706,0.11303275779199706
556,3,7,yes,9,-0.058487055925361964,0.058487055925361964
3661,5,17,no,1,-0.004033734929106997,0.004033734929106997
6466,5,21,yes,1,-0.0024778905067136536,0.0024778905067136536
4162,5,19,yes,1,0.003202385934887142,0.003202385934887142
2629,3,10,no,1,0.0024778905067137647,0.0024778905067137647
557,3,7,yes,11,0.07093969184704185,0.07093969184704185
3911,5,18,no,1,-0.0010917613765485043,0.0010917613765485043
2003,3,9,no,1,-0.006549739658341158,0.006549739658341158
6467,5,21,no,1,0.0024778905067136536,0.0024778905067136536
1231,3,8,yes,1,0.006410485830370405,0.006410485830370405
3067,3,11,no,1,0.006410485830370405,0.006410485830370405
558,3,7,yes,1,0.00614129254867346,0.00614129254867346
1232,3,8,no,1,0.006360174775013605,0.006360174775013605
6468,5,21,yes,10,0.027983247235006267,0.027983247235006267
559,3,7,no,10,-0.0637786358786715,0.0637786358786715
560,3,7,yes,1,0.006592049699952862,0.006592049699952862
561,3,7,yes,4,0.025924453545217663,0.025924453545217663
5537,5,20,no,4,0.026444137875337836,0.026444137875337836
5538,5,20,no,4,-0.026444137875337836,0.026444137875337836
562,3,7,yes,1,0.006360174775013605,0.006360174775013605
6469,5,21,no,1,-0.0030733380175221314,0.0030733380175221314
563,3,7,yes,2,0.012562148902072523,0.012562148902072523
2004,3,9,no,6,0.038592657708365286,0.038592657708365286
564,3,7,yes,15,0.08636789850485227,0.08636789850485227
5539,5,20,no,6,0.039408365931843936,0.039408365931843936
5540,5,20,no,3,-0.019513967714847258,0.019513967714847258
6470,5,21,yes,1,0.0030733380175221314,0.0030733380175221314
2630,3,10,no,1,-0.0024778905067137647,0.0024778905067137647
3662,5,17,no,1,-0.003961402534739644,0.003961402534739644
3663,5,17,no,1,-0.003889511089587072,0.003889511089587072
2005,3,9,no,1,-0.006308029388134018,0.006308029388134018
4163,5,19,yes,1,0.0032680614992418033,0.0032680614992418033
565,3,7,yes,13,0.062017688484465094,0.062017688484465094
566,3,7,yes,5,-0.022373466592661817,0.022373466592661817
4164,5,19,yes,1,0.003334478476924113,0.003334478476924113
2631,3,10,no,1,0.0024778905067137647,0.0024778905067137647
5541,5,20,yes,2,-0.01322425356502177,0.01322425356502177
5542,5,20,yes,11,-0.07493610292397845,0.07493610292397845
5543,5,20,yes,1,0.006917278298890772,0.006917278298890772
3664,5,17,no,1,-0.003818099192726798,0.003818099192726798
3068,3,11,yes,1,0.006360174775013605,0.006360174775013605
5544,5,20,no,2,-0.013845227980661012,0.013845227980661012
567,3,7,no,4,-0.01923348211859699,0.01923348211859699
2006,3,9,no,10,-0.06562401340142998,0.06562401340142998
1233,3,8,no,1,0.006308029388134018,0.006308029388134018
5545,5,20,yes,17,0.11460227388561772,0.11460227388561772
5546,5,20,no,1,-0.0064588943083874195,0.0064588943083874195
4165,5,19,yes,10,0.037142920665832635,0.037142920665832635
5547,5,20,no,1,-0.00650533374811868,0.00650533374811868
3665,5,17,no,6,-0.021440172919672124,0.021440172919672124
5548,5,20,no,1,-0.006549739658341158,0.006549739658341158
3666,5,17,no,9,0.03310918573672564,0.03310918573672564
5549,5,20,yes,1,0.006549739658341158,0.006549739658341158
5550,5,20,no,1,-0.006549739658341158,0.006549739658341158
4166,5,19,yes,18,0.0851960989506326,0.0851960989506326
4167,5,19,no,8,-0.04081501623301623,0.04081501623301623
4168,5,19,no,18,-0.07465294079361934,0.07465294079361934
4169,5,19,no,4,-0.013473602565995585,0.013473602565995585
3667,5,17,no,9,-0.03310918573672564,0.03310918573672564
3668,5,17,no,1,-0.003334478476924113,0.003334478476924113
2007,3,9,yes,13,0.08438467871124389,0.08438467871124389
568,3,7,no,14,0.062141074312278444,0.062141074312278444
5551,5,20,yes,2,0.013055073406459838,0.013055073406459838
3669,5,17,yes,14,0.053016387279929744,0.053016387279929744
2008,3,9,no,1,-0.0061985164077413835,0.0061985164077413835
2009,3,9,yes,10,-0.06474117543930047,0.06474117543930047
3670,5,17,no,1,-0.004252962151704648,0.004252962151704648
6471,5,21,no,3,-0.009030815570401696,0.009030815570401696
4170,5,19,no,2,0.0066025399761659165,0.0066025399761659165
2010,3,9,no,3,-0.020215139710716423,0.020215139710716423
569,3,7,no,6,-0.024860758369994462,0.024860758369994462
3671,5,17,yes,1,0.004252962151704648,0.004252962151704648
6472,5,21,yes,11,0.03598932421497947,0.03598932421497947
5552,5,20,no,15,-0.10121542989546006,0.10121542989546006
3672,5,17,no,1,-0.004252962151704648,0.004252962151704648
5553,5,20,yes,3,0.020709292918763778,0.020709292918763778
1234,3,8,no,1,0.006254119513938505,0.006254119513938505
570,3,7,yes,2,-0.008875099945389042,0.008875099945389042
4171,5,19,yes,3,0.010409013347427054,0.010409013347427054
5554,5,20,yes,10,0.06745106357023645,0.06745106357023645
4172,5,19,no,1,-0.0035379507575973856,0.0035379507575973856
1235,3,8,no,7,-0.04484677722230379,0.04484677722230379
2632,3,10,no,12,0.02571845623223523,0.02571845623223523
3673,5,17,no,1,-0.004179558286804497,0.004179558286804497
5555,5,20,no,15,0.09275123348592218,0.09275123348592218
2011,3,9,yes,1,0.006770152846514388,0.006770152846514388
5556,5,20,no,1,-0.0057680800157665635,0.0057680800157665635
5557,5,20,yes,13,-0.08043341381181446,0.08043341381181446
3674,5,17,no,1,-0.0041064676986638515,0.0041064676986638515
3069,3,11,no,1,0.006308029388134018,0.006308029388134018
1236,3,8,yes,3,-0.019894398216996678,0.019894398216996678
1237,3,8,no,3,-0.020215139710716423,0.020215139710716423
5558,5,20,yes,10,-0.06713127593948565,0.06713127593948565
3675,5,17,yes,5,0.02126614254604009,0.02126614254604009
5559,5,20,yes,1,0.0068484456234291224,0.0068484456234291224
6473,5,21,yes,1,0.0036768586438181428,0.0036768586438181428
1238,3,8,yes,1,0.006770152846514388,0.006770152846514388
3676,5,17,no,16,-0.06174354168879684,0.06174354168879684
4173,5,19,yes,18,0.07465294079361934,0.07465294079361934
571,3,7,no,5,-0.023485840233586797,0.023485840233586797
5560,5,20,no,1,0.0068248316823924515,0.0068248316823924515
2633,3,10,no,6,-0.01196976419774809,0.01196976419774809
4174,5,19,yes,16,0.0861382488121765,0.0861382488121765
3677,5,17,yes,1,0.003334478476924113,0.003334478476924113
4175,5,19,yes,14,0.08847627438402295,0.08847627438402295
4176,5,19,no,1,-0.006632203865068964,0.006632203865068964
4177,5,19,no,1,-0.006592049699952696,0.006592049699952696
4178,5,19,yes,2,-0.013055073406459838,0.013055073406459838
4179,5,19,no,1,-0.0064588943083875305,0.0064588943083875305
4180,5,19,no,1,-0.006410485830370238,0.006410485830370238
3070,3,11,yes,2,0.012452635921679889,0.012452635921679889
1239,3,8,yes,1,0.0067391696291118075,0.0067391696291118075
5561,5,20,no,7,0.046908258975322914,0.046908258975322914
1240,3,8,yes,1,0.006705817235090228,0.006705817235090228
4181,5,19,no,1,-0.006360174775013716,0.006360174775013716
3071,3,11,no,2,-0.012452635921679889,0.012452635921679889
3678,5,17,yes,2,0.0068710625898296684,0.0068710625898296684
3679,5,17,yes,2,-0.0068710625898296684,0.0068710625898296684
4182,5,19,no,1,-0.006308029388133907,0.006308029388133907
4183,5,19,no,1,-0.006254119513938561,0.006254119513938561
4184,5,19,no,1,-0.006198516407741439,0.006198516407741439
4185,5,19,no,2,-0.012223814001834421,0.012223814001834421
1241,3,8,yes,1,-0.006705817235090228,0.006705817235090228
1242,3,8,yes,4,0.026600215452086906,0.026600215452086906
3680,5,17,no,1,0.0034016150240174237,0.0034016150240174237
4186,5,19,no,1,-0.006022277489922567,0.006022277489922567
5562,5,20,yes,10,0.06326910763187954,0.06326910763187954
4187,5,19,yes,2,0.012104798943083528,0.012104798943083528
4188,5,19,no,2,-0.012104798943083528,0.012104798943083528
4189,5,19,no,1,-0.005960635697199068,0.005960635697199068
3072,3,11,no,9,-0.058487055925361964,0.058487055925361964
2012,3,9,yes,1,0.0067391696291118075,0.0067391696291118075
3681,5,17,yes,11,0.04202733162728356,0.04202733162728356
5563,5,20,no,1,-0.006082521453160905,0.006082521453160905
3073,3,11,no,4,0.026444137875337836,0.026444137875337836
4190,5,19,no,10,-0.055962654908154885,0.055962654908154885
5564,5,20,yes,9,-0.057186586178718635,0.057186586178718635
572,3,7,no,1,-0.0049193757633081425,0.0049193757633081425
4191,5,19,yes,1,-0.005211931590258845,0.005211931590258845
3912,5,18,yes,1,0.0010917613765485043,0.0010917613765485043
1243,3,8,no,1,0.006549739658341158,0.006549739658341158
4192,5,19,no,1,-0.005139380401899957,0.005139380401899957
5565,5,20,yes,5,0.03228462832023127,0.03228462832023127
3682,5,17,yes,1,0.004252962151704648,0.004252962151704648
573,3,7,no,5,-0.025694716555038966,0.025694716555038966
3683,5,17,yes,1,0.004326632768974686,0.004326632768974686
4193,5,19,no,1,-0.005066392393269115,0.005066392393269115
5566,5,20,no,1,-0.006360174775013605,0.006360174775013605
3074,3,11,yes,3,0.019374713886876505,0.019374713886876505
2634,3,10,no,10,0.019054738687648065,0.019054738687648065
4194,5,19,no,1,-0.004993035387778344,0.004993035387778344
4195,5,19,no,1,-0.004919375763308059,0.004919375763308059
5567,5,20,no,6,-0.039148707110239434,0.039148707110239434
574,3,7,no,9,-0.05067867812632221,0.05067867812632221
4196,5,19,yes,20,0.1116980140413667,0.1116980140413667
5568,5,20,yes,3,0.01977399322336293,0.01977399322336293
575,3,7,yes,15,0.08129277044466932,0.08129277044466932
4197,5,19,no,15,-0.08636789850485238,0.08636789850485238
5569,5,20,no,1,-0.006549739658341158,0.006549739658341158
2635,3,10,yes,1,0.0016671954327225347,0.0016671954327225347
2013,3,9,no,1,-0.0067391696291118075,0.0067391696291118075
4198,5,19,no,1,-0.005211931590258845,0.005211931590258845
2014,3,9,yes,1,0.0067391696291118075,0.0067391696291118075
576,3,7,no,3,-0.014978803544355657,0.014978803544355657
2636,3,10,no,1,-0.0016671954327225347,0.0016671954327225347
4199,5,19,yes,1,-0.005139380401899957,0.005139380401899957
3913,5,18,yes,1,0.0011199259363911113,0.0011199259363911113
2637,3,10,no,4,-0.007084974489899976,0.007084974489899976
3684,5,17,no,1,-0.004326632768974686,0.004326632768974686
4200,5,19,no,10,-0.047339743723331495,0.047339743723331495
6474,5,21,no,3,-0.010821906849225654,0.010821906849225654
3685,5,17,no,16,-0.05948683471405869,0.05948683471405869
5570,5,20,no,3,-0.019894398216996678,0.019894398216996678
4201,5,19,yes,11,0.05247912412523145,0.05247912412523145
3686,5,17,no,1,-0.003137471938287534,0.003137471938287534
2638,3,10,yes,1,-0.0018795089279035615,0.0018795089279035615
3687,5,17,yes,1,0.003137471938287534,0.003137471938287534
4202,5,19,yes,3,0.015851353919253464,0.015851353919253464
5571,5,20,no,10,0.06474117543930047,0.06474117543930047
3688,5,17,yes,10,0.03506319802345198,0.03506319802345198
5572,5,20,no,4,-0.025332809507456533,0.025332809507456533
4203,5,19,no,2,-0.010639422328994619,0.010639422328994619
6475,5,21,yes,7,-0.022886798456692392,0.022886798456692392
3689,5,17,no,14,-0.04723148553214121,0.04723148553214121
3914,5,18,no,1,-0.0011199259363911113,0.0011199259363911113
3690,5,17,yes,12,0.03966618285879761,0.03966618285879761
5573,5,20,yes,1,-0.0064588943083874195,0.0064588943083874195
4204,5,19,no,1,-0.005211931590258845,0.005211931590258845
2639,3,10,no,1,-0.0019245274747758945,0.0019245274747758945
5574,5,20,yes,2,0.012869380138757824,0.012869380138757824
2015,3,9,no,2,-0.013509322475626195,0.013509322475626195
5575,5,20,yes,9,-0.059263838626416376,0.059263838626416376
3691,5,17,no,15,-0.04814178690854695,0.04814178690854695
3692,5,17,yes,9,0.027114338992567516,0.027114338992567516
5576,5,20,yes,1,-0.006770152846514388,0.006770152846514388
3693,5,17,yes,1,0.003334478476924113,0.003334478476924113
3075,3,11,no,1,-0.006410485830370405,0.006410485830370405
1244,3,8,no,3,-0.01977399322336293,0.01977399322336293
2016,3,9,yes,1,0.006770152846514388,0.006770152846514388
4205,5,19,yes,1,0.005211931590258845,0.005211931590258845
5577,5,20,yes,9,0.05962350564256036,0.05962350564256036
4206,5,19,no,20,-0.09025942436779849,0.09025942436779849
4207,5,19,no,1,-0.003747203480616801,0.003747203480616801
2640,3,10,yes,1,0.0019245274747758945,0.0019245274747758945
4208,5,19,yes,1,0.003747203480616801,0.003747203480616801
4209,5,19,yes,20,0.09025942436779849,0.09025942436779849
4210,5,19,yes,2,0.010639422328994619,0.010639422328994619
2641,3,10,yes,1,0.0018795089279035615,0.0018795089279035615
4211,5,19,yes,1,-0.005355445547161886,0.005355445547161886
4212,5,19,no,2,-0.010495908372091578,0.010495908372091578
2017,3,9,yes,1,-0.006770152846514388,0.006770152846514388
1245,3,8,no,1,-0.0066701446519749075,0.0066701446519749075
4213,5,19,yes,1,-0.005139380401899957,0.005139380401899957
1246,3,8,no,1,-0.006705817235090228,0.006705817235090228
4214,5,19,yes,1,0.005139380401899957,0.005139380401899957
4215,5,19,yes,12,-0.05680575689420614,0.05680575689420614
2018,3,9,no,1,-0.0067987210476098126,0.0067987210476098126
2019,3,9,yes,13,0.0855009166836882,0.0855009166836882
577,3,7,yes,9,0.042939222083439255,0.042939222083439255
4216,5,19,no,1,-0.004252962151704648,0.004252962151704648
578,3,7,no,10,-0.04807860248533913,0.04807860248533913
4217,5,19,yes,1,0.004252962151704648,0.004252962151704648
3694,5,17,no,7,-0.021973213419742288,0.021973213419742288
4218,5,19,no,6,-0.02442363669060671,0.02442363669060671
4219,5,19,yes,1,0.003889511089587072,0.003889511089587072
4220,5,19,no,8,-0.029147783201985994,0.029147783201985994
4221,5,19,yes,5,0.017692969439055323,0.017692969439055323
3695,5,17,no,2,-0.005710696217888833,0.005710696217888833
579,3,7,no,2,0.010205772795169099,0.010205772795169099
2020,3,9,yes,20,-0.13368096387913575,0.13368096387913575
3696,5,17,yes,1,0.0028249181734272544,0.0028249181734272544
2021,3,9,yes,1,0.00692794968177024,0.00692794968177024
6476,5,21,no,4,0.01268125738993861,0.01268125738993861
5578,5,20,no,3,-0.019513967714847258,0.019513967714847258
6477,5,21,no,1,-0.0032680614992418033,0.0032680614992418033
4222,5,19,no,2,0.007565302673343599,0.007565302673343599
5579,5,20,no,11,-0.07433910832671353,0.07433910832671353
5580,5,20,yes,5,0.03422957039900043,0.03422957039900043
3697,5,17,yes,1,0.002885778044461579,0.002885778044461579
3698,5,17,no,10,-0.02622272749981773,0.02622272749981773
2022,3,9,yes,6,0.04125209751367731,0.04125209751367731
5581,5,20,yes,1,0.006770152846514388,0.006770152846514388
3915,5,18,no,1,-0.0010917613765485043,0.0010917613765485043
4223,5,19,yes,11,0.04679710328326833,0.04679710328326833
3699,5,17,yes,10,0.02622272749981773,0.02622272749981773
3076,3,11,no,1,0.006410485830370405,0.006410485830370405
3700,5,17,no,1,-0.002885778044461579,0.002885778044461579
5582,5,20,yes,4,0.02674733538124585,0.02674733538124585
4224,5,19,no,1,-0.004622983511482132,0.004622983511482132
3701,5,17,no,2,-0.005589826005287762,0.005589826005287762
5583,5,20,no,5,-0.03351748822776024,0.03351748822776024
3702,5,17,yes,1,0.002764907831860508,0.002764907831860508
4225,5,19,yes,17,0.08849872766028594,0.08849872766028594
3703,5,17,no,4,0.011668173770768397,0.011668173770768397
4226,5,19,no,12,-0.0646422620302067,0.0646422620302067
3704,5,17,no,1,-0.003010001079055108,0.003010001079055108
580,3,7,yes,3,0.014757889518593581,0.014757889518593581
4227,5,19,no,1,-0.004919375763308059,0.004919375763308059
4228,5,19,no,10,-0.04512009338645981,0.04512009338645981
3705,5,17,no,1,-0.0029474764738244563,0.0029474764738244563
3706,5,17,no,1,-0.002885778044461579,0.002885778044461579
4229,5,19,yes,1,-0.0041064676986638515,0.0041064676986638515
6478,5,21,yes,1,0.0032680614992418033,0.0032680614992418033
6479,5,21,no,2,-0.006470447434128945,0.006470447434128945
6480,5,21,yes,1,0.003202385934887142,0.003202385934887142
5584,5,20,no,1,-0.0067987210476098126,0.0067987210476098126
4230,5,19,no,14,-0.05008531851517323,0.05008531851517323
2023,3,9,no,1,0.0067987210476098126,0.0067987210476098126
3707,5,17,no,6,0.01825645148803795,0.01825645148803795
581,3,7,no,1,-0.00484547836750715,0.00484547836750715
5585,5,20,yes,7,0.046908258975322914,0.046908258975322914
2024,3,9,yes,9,0.05962350564256036,0.05962350564256036
2642,3,10,no,1,0.001835351788011197,0.001835351788011197
5586,5,20,yes,4,0.025924453545217663,0.025924453545217663
5587,5,20,no,1,-0.006410485830370405,0.006410485830370405
6481,5,21,yes,3,-0.009413195890696807,0.009413195890696807
1247,3,8,yes,1,0.006705817235090228,0.006705817235090228
3708,5,17,no,9,-0.026552034122274734,0.026552034122274734
3709,5,17,yes,1,0.0027057566289490215,0.0027057566289490215
3710,5,17,yes,1,0.002764907831860508,0.002764907831860508
3077,3,11,no,1,-0.006410485830370405,0.006410485830370405
5588,5,20,yes,2,0.01277066060538401,0.01277066060538401
3078,3,11,yes,1,-0.0064588943083874195,0.0064588943083874195
4231,5,19,no,5,-0.014741511788290529,0.014741511788290529
2643,3,10,no,1,0.001792049326960754,0.001792049326960754
4232,5,19,no,1,0.0028249181734272544,0.0028249181734272544
4233,5,19,no,1,-0.0028249181734272544,0.0028249181734272544
4234,5,19,no,2,0.005710696217888833,0.005710696217888833
4235,5,19,yes,10,0.03238222676716934,0.03238222676716934
2025,3,9,no,12,-0.08009550399599175,0.08009550399599175
4236,5,19,no,13,0.052474628169942444,0.052474628169942444
5589,5,20,no,12,-0.07919288729555418,0.07919288729555418
2644,3,10,no,1,0.0017495943155861893,0.0017495943155861893
5590,5,20,yes,1,-0.0068248316823924515,0.0068248316823924515
4237,5,19,no,1,0.004548750366815624,0.004548750366815624
4238,5,19,yes,5,-0.02200344523288414,0.02200344523288414
4239,5,19,yes,9,0.04094053509965531,0.04094053509965531
3711,5,17,no,1,-0.002764907831860508,0.002764907831860508
4240,5,19,no,13,-0.0572216985489703,0.0572216985489703
582,3,7,no,2,0.009616884808300918,0.009616884808300918
1248,3,8,no,1,-0.006705817235090228,0.006705817235090228
5591,5,20,yes,1,0.0068248316823924515,0.0068248316823924515
5592,5,20,yes,11,0.07283271252054058,0.07283271252054058
4241,5,19,no,3,0.012101605162510493,0.012101605162510493
6482,5,21,no,6,0.019417350890880147,0.019417350890880147
4242,5,19,no,1,-0.0041064676986638515,0.0041064676986638515
5593,5,20,no,7,-0.04581885176221434,0.04581885176221434
4243,5,19,yes,15,0.06934474503137913,0.06934474503137913
2026,3,9,no,13,0.08650598982636215,0.08650598982636215
2027,3,9,no,2,-0.012869380138757824,0.012869380138757824
2645,3,10,yes,1,-0.0017495943155861893,0.0017495943155861893
4244,5,19,yes,10,0.05527691489552111,0.05527691489552111
4245,5,19,no,7,-0.03942556097626765,0.03942556097626765
2028,3,9,no,4,-0.02627932697148161,0.02627932697148161
4246,5,19,no,1,-0.005355445547161886,0.005355445547161886
4247,5,19,yes,2,0.010781711858831922,0.010781711858831922
5594,5,20,yes,1,0.0066701446519749075,0.0066701446519749075
6483,5,21,no,1,-0.0034016150240174237,0.0034016150240174237
4248,5,19,yes,15,0.08922453354127391,0.08922453354127391
3079,3,11,no,1,0.0064588943083874195,0.0064588943083874195
3712,5,17,no,1,-0.0027057566289490215,0.0027057566289490215
4249,5,19,no,6,-0.037344654086662044,0.037344654086662044
4250,5,19,no,1,-0.006022277489922567,0.006022277489922567
4251,5,19,yes,8,-0.0458576019646893,0.0458576019646893
583,3,7,no,1,-0.004771406440793768,0.004771406440793768
4252,5,19,yes,10,0.057962400907772826,0.057962400907772826
6484,5,21,yes,8,-0.024858991464203867,0.024858991464203867
4253,5,19,yes,3,0.01859392847035346,0.01859392847035346
3713,5,17,no,12,-0.02817579472880495,0.02817579472880495
3714,5,17,yes,5,0.010818129658971012,0.010818129658971012
5595,5,20,no,2,-0.013375961887065135,0.013375961887065135
5596,5,20,no,1,-0.0067391696291118075,0.0067391696291118075
5597,5,20,yes,1,0.0067391696291118075,0.0067391696291118075
2029,3,9,yes,5,0.03273822127986903,0.03273822127986903
2030,3,9,yes,1,0.006410485830370405,0.006410485830370405
4254,5,19,no,1,-0.006254119513938561,0.006254119513938561
4255,5,19,no,1,-0.006198516407741439,0.006198516407741439
3715,5,17,no,12,-0.02398674808557938,0.02398674808557938
4256,5,19,no,1,-0.00614129254867346,0.00614129254867346
2031,3,9,yes,1,0.006360174775013605,0.006360174775013605
2032,3,9,no,1,-0.006360174775013605,0.006360174775013605
4257,5,19,no,2,-0.012104798943083528,0.012104798943083528
2033,3,9,no,3,-0.019374713886876505,0.019374713886876505
4258,5,19,yes,9,-0.051283868276359335,0.051283868276359335
6485,5,21,yes,2,0.005833254518286035,0.005833254518286035
3716,5,17,yes,14,0.028672316711103638,0.028672316711103638
4259,5,19,yes,10,-0.05028364422079798,0.05028364422079798
4260,5,19,no,1,-0.004622983511482132,0.004622983511482132
4261,5,19,no,2,-0.009023328672312397,0.009023328672312397
4262,5,19,no,1,-0.004400521639892407,0.004400521639892407
3717,5,17,yes,1,0.0024231349516898176,0.0024231349516898176
3718,5,17,yes,1,0.0024778905067136536,0.0024778905067136536
3719,5,17,yes,5,-0.011850813150454567,0.011850813150454567
3720,5,17,yes,10,0.025092548597170306,0.025092548597170306
3080,3,11,no,1,0.006410485830370405,0.006410485830370405
6486,5,21,yes,3,-0.00865817269171329,0.00865817269171329
4263,5,19,no,17,-0.06381346748303338,0.06381346748303338
1249,3,8,no,1,0.006705817235090228,0.006705817235090228
4264,5,19,no,1,-0.003137471938287534,0.003137471938287534
5598,5,20,yes,13,-0.08930937609142653,0.08930937609142653
3721,5,17,no,1,-0.002764907831860508,0.002764907831860508
5599,5,20,yes,2,0.013885317746004877,0.013885317746004877
4265,5,19,yes,2,0.006339857873174676,0.006339857873174676
6487,5,21,no,1,-0.002764907831860508,0.002764907831860508
1250,3,8,yes,1,0.0066701446519749075,0.0066701446519749075
6488,5,21,yes,6,-0.015377853073258702,0.015377853073258702
4266,5,19,no,2,0.0066025399761659165,0.0066025399761659165
4267,5,19,no,2,-0.0066025399761659165,0.0066025399761659165
4268,5,19,no,1,0.0032680614992418033,0.0032680614992418033
5600,5,20,yes,5,0.03457321022727211,0.03457321022727211
5601,5,20,yes,1,0.006869527289091959,0.006869527289091959
3722,5,17,yes,1,0.002764907831860508,0.002764907831860508
5602,5,20,yes,1,0.0068484456234291224,0.0068484456234291224
4269,5,19,no,2,-0.006470447434128945,0.006470447434128945
6489,5,21,no,1,-0.0023692703768096873,0.0023692703768096873
4270,5,19,yes,1,0.003202385934887142,0.003202385934887142
4271,5,19,yes,6,0.020618650771403096,0.020618650771403096
6490,5,21,no,11,0.029170203973642186,0.029170203973642186
584,3,7,no,1,-0.00484547836750715,0.00484547836750715
5603,5,20,no,11,-0.07606181863180295,0.07606181863180295
3723,5,17,no,1,-0.002764907831860508,0.002764907831860508
5604,5,20,yes,12,0.0828866503141954,0.0828866503141954
4272,5,19,yes,1,0.0036768586438181428,0.0036768586438181428
4273,5,19,yes,11,0.045190672078314176,0.045190672078314176
2034,3,9,yes,1,0.00650533374811868,0.00650533374811868
1251,3,8,yes,1,-0.0066701446519749075,0.0066701446519749075
2035,3,9,no,1,-0.00650533374811868,0.00650533374811868
5605,5,20,no,8,-0.055116014822185644,0.055116014822185644
585,3,7,no,9,-0.046892170648262455,0.046892170648262455
5606,5,20,no,1,0.006935967626738093,0.006935967626738093
5607,5,20,yes,1,0.00692794968177024,0.00692794968177024
5608,5,20,yes,4,0.027578820207855737,0.027578820207855737
5609,5,20,yes,1,0.0068484456234291224,0.0068484456234291224
6491,5,21,yes,11,-0.029170203973642186,0.029170203973642186
6492,5,21,yes,1,0.0023692703768096873,0.0023692703768096873
2036,3,9,yes,2,0.0129642280565061,0.0129642280565061
4274,5,19,yes,2,0.009171733878297755,0.009171733878297755
5610,5,20,no,1,-0.0068484456234291224,0.0068484456234291224
3724,5,17,no,1,-0.0027057566289490215,0.0027057566289490215
6493,5,21,yes,6,-0.013438887743784322,0.013438887743784322
3725,5,17,yes,1,-0.002647472861640701,0.002647472861640701
2037,3,9,no,1,0.006410485830370405,0.006410485830370405
586,3,7,yes,1,0.005496366471083425,0.005496366471083425
3726,5,17,yes,1,0.002647472861640701,0.002647472861640701
6494,5,21,yes,1,0.0021133306609868174,0.0021133306609868174
5611,5,20,no,1,-0.006869527289091959,0.006869527289091959
2038,3,9,no,1,-0.006410485830370405,0.006410485830370405
3727,5,17,yes,1,0.0027057566289490215,0.0027057566289490215
1252,3,8,no,1,0.0066701446519749075,0.0066701446519749075
4275,5,19,no,1,-0.004622983511482132,0.004622983511482132
6495,5,21,yes,12,-0.02234916903282875,0.02234916903282875
5612,5,20,no,5,0.03411167848903773,0.03411167848903773
4276,5,19,no,1,0.004622983511482132,0.004622983511482132
6496,5,21,yes,1,0.001627234912458149,0.001627234912458149
4277,5,19,yes,17,0.08970920519706563,0.08970920519706563
4278,5,19,no,2,-0.011601541064028276,0.011601541064028276
6497,5,21,yes,3,0.005124768807650712,0.005124768807650712
6498,5,21,no,1,-0.0017495943155862448,0.0017495943155862448
6499,5,21,no,1,-0.0017079790593417937,0.0017079790593417937
4279,5,19,yes,4,0.023459848364119962,0.023459848364119962
5613,5,20,no,12,0.0781861623035025,0.0781861623035025
6500,5,21,yes,1,0.0017079790593417937,0.0017079790593417937
5614,5,20,yes,1,-0.006254119513938505,0.006254119513938505
5615,5,20,no,1,-0.006308029388134018,0.006308029388134018
4280,5,19,yes,1,-0.005960635697199068,0.005960635697199068
5616,5,20,yes,4,-0.02573488866189011,0.02573488866189011
4281,5,19,no,8,-0.045323232579160266,0.045323232579160266
3081,3,11,yes,1,0.006360174775013605,0.006360174775013605
5617,5,20,no,1,-0.006549739658341158,0.006549739658341158
6501,5,21,yes,1,0.0017495943155862448,0.0017495943155862448
2039,3,9,yes,1,-0.0064588943083874195,0.0064588943083874195
4282,5,19,no,6,-0.03105016210220088,0.03105016210220088
6502,5,21,yes,12,-0.018427002103658857,0.018427002103658857
587,3,7,yes,1,0.0054262663116700915,0.0054262663116700915
3728,5,17,no,5,-0.012954718121568884,0.012954718121568884
4283,5,19,yes,1,0.004993035387778344,0.004993035387778344
4284,5,19,yes,14,0.07734099499078187,0.07734099499078187
3729,5,17,no,8,-0.01792683323618509,0.01792683323618509
4285,5,19,no,1,-0.005960635697199068,0.005960635697199068
1253,3,8,no,2,0.01322425356502177,0.01322425356502177
588,3,7,yes,1,0.00535544554716183,0.00535544554716183
2646,3,10,no,1,0.0017495943155861893,0.0017495943155861893
6503,5,21,yes,1,-0.0013030658355085226,0.0013030658355085226
4286,5,19,yes,1,0.005960635697199068,0.005960635697199068
6504,5,21,yes,8,0.011389975609582888,0.011389975609582888
4287,5,19,no,1,-0.005960635697199068,0.005960635697199068
4288,5,19,yes,6,-0.03440059979640686,0.03440059979640686
3730,5,17,no,1,-0.002017172974494344,0.002017172974494344
589,3,7,no,9,0.044928198673635955,0.044928198673635955
4289,5,19,no,11,-0.0565090554565634,0.0565090554565634
6505,5,21,no,11,0.019759116440606614,0.019759116440606614
3731,5,17,no,12,-0.020803892219026787,0.020803892219026787
4290,5,19,no,5,0.024595688352656575,0.024595688352656575
4291,5,19,yes,10,-0.047339743723331495,0.047339743723331495
4292,5,19,yes,14,0.06833047804448492,0.06833047804448492
4293,5,19,yes,20,0.12057525339816155,0.12057525339816155
4294,5,19,yes,4,0.02660021545208685,0.02660021545208685
4295,5,19,no,10,-0.06519287316045208,0.06519287316045208
4296,5,19,yes,16,-0.09262201801879094,0.09262201801879094
4297,5,19,no,9,-0.04426720540328549,0.04426720540328549
5618,5,20,no,1,-0.006592049699952862,0.006592049699952862
4298,5,19,no,2,0.009320205058470116,0.009320205058470116
6506,5,21,yes,3,0.0063408781833199784,0.0063408781833199784
3732,5,17,yes,1,0.0015122014532747904,0.0015122014532747904
3733,5,17,no,11,-0.014736905157906745,0.014736905157906745
3734,5,17,yes,9,0.011749262441150599,0.011749262441150599
6507,5,21,yes,1,0.0022130324091241965,0.0022130324091241965
4299,5,19,no,8,0.04023097712664811,0.04023097712664811
4300,5,19,no,1,-0.005283976781832733,0.005283976781832733
3735,5,17,yes,14,0.024296506457002487,0.024296506457002487
3736,5,17,yes,1,-0.002017172974494344,0.002017172974494344
2040,3,9,yes,10,-0.0667881640641752,0.0667881640641752
3082,3,11,no,2,0.012562148902072523,0.012562148902072523
5619,5,20,yes,20,-0.13706677689807373,0.13706677689807373
5620,5,20,yes,6,-0.041252097513677366,0.041252097513677366
4301,5,19,no,9,-0.04426720540328549,0.04426720540328549
3737,5,17,yes,1,0.002017172974494344,0.002017172974494344
3083,3,11,no,1,-0.006254119513938505,0.006254119513938505
5621,5,20,yes,13,0.08982261794093349,0.08982261794093349
5622,5,20,yes,1,0.00692794968177024,0.00692794968177024
3738,5,17,yes,5,0.010818129658971012,0.010818129658971012
4302,5,19,yes,3,0.014091611499263884,0.014091611499263884
5623,5,20,yes,1,0.006917278298890772,0.006917278298890772
590,3,7,yes,1,0.00462298351148227,0.00462298351148227
3739,5,17,no,7,-0.014805716252341686,0.014805716252341686
5624,5,20,yes,1,0.00690396986339592,0.00690396986339592
5625,5,20,no,9,-0.06239176858954282,0.06239176858954282
3084,3,11,no,2,0.012452635921679889,0.012452635921679889
6508,5,21,yes,1,0.0022642190665268375,0.0022642190665268375
2041,3,9,yes,2,0.013623552730002264,0.013623552730002264
6509,5,21,yes,9,0.022828329530643468,0.022828329530643468
591,3,7,no,1,-0.00462298351148227,0.00462298351148227
5626,5,20,yes,1,0.006935967626738038,0.006935967626738038
5627,5,20,yes,1,0.006941319797744205,0.006941319797744205
4303,5,19,yes,1,0.004845478367507289,0.004845478367507289
2042,3,9,yes,4,0.02688528436269133,0.02688528436269133
4304,5,19,yes,3,0.014978803544355518,0.014978803544355518
6510,5,21,yes,6,-0.015719625953429392,0.015719625953429392
3740,5,17,yes,1,0.0019704136188763294,0.0019704136188763294
5628,5,20,no,5,-0.034626485268539176,0.034626485268539176
6511,5,21,yes,1,-0.0024231349516898176,0.0024231349516898176
1254,3,8,yes,1,0.006549739658341158,0.006549739658341158
1255,3,8,no,1,-0.006549739658341158,0.006549739658341158
5629,5,20,yes,1,0.006903969863395976,0.006903969863395976
5630,5,20,yes,1,0.006917278298890717,0.006917278298890717
6512,5,21,yes,4,0.010024623582668979,0.010024623582668979
5631,5,20,no,3,-0.020709292918763722,0.020709292918763722
5632,5,20,yes,11,0.07620776302779009,0.07620776302779009
3741,5,17,yes,7,0.015151600882179928,0.015151600882179928
3742,5,17,yes,1,0.0023692703768096873,0.0023692703768096873
4305,5,19,yes,1,0.005139380401899957,0.005139380401899957
4306,5,19,no,1,-0.005139380401899957,0.005139380401899957
4307,5,19,no,2,-0.010059427781047459,0.010059427781047459
3743,5,17,yes,6,0.015377853073258702,0.015377853073258702
5633,5,20,no,17,0.11408481003421789,0.11408481003421789
2043,3,9,yes,1,-0.0066701446519749075,0.0066701446519749075
5634,5,20,no,4,-0.025924453545217663,0.025924453545217663
5635,5,20,no,1,-0.006592049699952862,0.006592049699952862
5636,5,20,no,2,-0.013302348517043816,0.013302348517043816
5637,5,20,no,1,-0.006705817235090228,0.006705817235090228
4308,5,19,yes,1,0.004993035387778344,0.004993035387778344
6513,5,21,no,1,-0.0025900635645267206,0.0025900635645267206
6514,5,21,yes,4,-0.009803830394951946,0.009803830394951946
5638,5,20,no,3,-0.020308043523236008,0.020308043523236008
5639,5,20,no,2,-0.013673277305821574,0.013673277305821574
3744,5,17,no,8,-0.02006342169878296,0.02006342169878296
2044,3,9,no,1,0.0066701446519749075,0.0066701446519749075
3745,5,17,no,1,-0.0022642190665268375,0.0022642190665268375
5640,5,20,yes,3,0.020471998353431387,0.020471998353431387
592,3,7,yes,1,0.00462298351148227,0.00462298351148227
6515,5,21,yes,7,-0.015151600882179928,0.015151600882179928
5641,5,20,no,1,-0.0067987210476098126,0.0067987210476098126
2045,3,9,yes,1,0.006632203865068909,0.006632203865068909
2647,3,10,no,1,-0.0017495943155861893,0.0017495943155861893
3746,5,17,no,1,-0.0022130324091241965,0.0022130324091241965
2046,3,9,yes,1,0.006592049699952862,0.006592049699952862
5642,5,20,no,15,-0.10366784592159439,0.10366784592159439
5643,5,20,yes,7,0.04855183109940875,0.04855183109940875
4309,5,19,no,1,-0.004993035387778344,0.004993035387778344
5644,5,20,yes,1,0.006935967626738093,0.006935967626738093
4310,5,19,no,4,0.02041073977320626,0.02041073977320626
3747,5,17,no,9,-0.0177599022943421,0.0177599022943421
5645,5,20,no,5,0.03450676988962598,0.03450676988962598
3748,5,17,yes,5,0.009401851136527778,0.009401851136527778
4311,5,19,no,1,-0.005211931590258845,0.005211931590258845
5646,5,20,no,1,0.0068484456234291224,0.0068484456234291224
593,3,7,no,1,-0.00462298351148227,0.00462298351148227
5647,5,20,no,1,-0.0068484456234291224,0.0068484456234291224
6516,5,21,yes,1,0.002017172974494344,0.002017172974494344
3085,3,11,no,1,-0.0061985164077413835,0.0061985164077413835
3749,5,17,yes,1,0.002017172974494344,0.002017172974494344
1256,3,8,yes,1,-0.006592049699952862,0.006592049699952862
4312,5,19,yes,3,0.015851353919253464,0.015851353919253464
6517,5,21,yes,1,0.0020648105407109485,0.0020648105407109485
1257,3,8,yes,1,0.006592049699952862,0.006592049699952862
6518,5,21,no,1,0.0021133306609868174,0.0021133306609868174
5648,5,20,no,4,0.027242151199945774,0.027242151199945774
4313,5,19,yes,2,0.010922632782753405,0.010922632782753405
3086,3,11,yes,2,0.012339808956414844,0.012339808956414844
5649,5,20,yes,2,-0.0135688738941242,0.0135688738941242
1258,3,8,no,4,0.025924453545217663,0.025924453545217663
1259,3,8,no,1,-0.006410485830370405,0.006410485830370405
5650,5,20,no,2,-0.013673277305821574,0.013673277305821574
5651,5,20,no,5,-0.03450676988962598,0.03450676988962598
4314,5,19,no,12,-0.061206277003551385,0.061206277003551385
4315,5,19,yes,15,0.07810766413303735,0.07810766413303735
4316,5,19,no,2,0.011601541064028276,0.011601541064028276
2047,3,9,yes,1,0.006549739658341158,0.006549739658341158
5652,5,20,no,1,0.00692794968177024,0.00692794968177024
4317,5,19,no,2,-0.011601541064028276,0.011601541064028276
3750,5,17,yes,10,0.02293825830263753,0.02293825830263753
4318,5,19,no,1,-0.005701604461620324,0.005701604461620324
5653,5,20,yes,3,0.020709292918763778,0.020709292918763778
5654,5,20,yes,3,0.020542804594913533,0.020542804594913533
1260,3,8,no,6,0.03767261846387138,0.03767261846387138
1261,3,8,no,1,-0.00614129254867346,0.00614129254867346
4319,5,19,yes,11,-0.05809195331612799,0.05809195331612799
3751,5,17,yes,1,0.0025900635645267206,0.0025900635645267206
5655,5,20,yes,1,-0.0068248316823924515,0.0068248316823924515
5656,5,20,no,1,-0.0068484456234291224,0.0068484456234291224
1262,3,8,yes,12,-0.07764550908213208,0.07764550908213208
5657,5,20,no,1,-0.006869527289091959,0.006869527289091959
5658,5,20,no,14,0.09337551711545411,0.09337551711545411
5659,5,20,no,1,-0.006410485830370405,0.006410485830370405
3752,5,17,no,5,-0.012393893959478666,0.012393893959478666
3753,5,17,no,11,-0.02276140269174702,0.02276140269174702
594,3,7,yes,1,0.00462298351148227,0.00462298351148227
4320,5,19,yes,2,0.009912411151086403,0.009912411151086403
5660,5,20,yes,6,-0.039408365931843936,0.039408365931843936
3754,5,17,no,1,-0.0017920493269606846,0.0017920493269606846
4321,5,19,no,1,-0.004993035387778344,0.004993035387778344
5661,5,20,no,12,0.07708098439571531,0.07708098439571531
5662,5,20,no,1,-0.00614129254867346,0.00614129254867346
3087,3,11,yes,2,0.012104798943083583,0.012104798943083583
5663,5,20,yes,1,-0.0061985164077413835,0.0061985164077413835
6519,5,21,no,2,-0.004178141201697766,0.004178141201697766
6520,5,21,yes,4,0.008553910592444175,0.008553910592444175
5664,5,20,no,1,-0.006254119513938505,0.006254119513938505
1263,3,8,no,1,0.006705817235090228,0.006705817235090228
4322,5,19,no,7,-0.03287979430239163,0.03287979430239163
3088,3,11,no,1,-0.006022277489922678,0.006022277489922678
5665,5,20,no,1,-0.006308029388134018,0.006308029388134018
4323,5,19,no,6,0.02796041853908357,0.02796041853908357
3755,5,17,yes,1,0.0017920493269606846,0.0017920493269606846
5666,5,20,no,1,-0.006360174775013605,0.006360174775013605
5667,5,20,yes,7,-0.04581885176221434,0.04581885176221434
6521,5,21,yes,6,-0.012541497185814848,0.012541497185814848
5668,5,20,yes,1,0.0066701446519749075,0.0066701446519749075
5669,5,20,no,11,-0.07493610292397845,0.07493610292397845
5670,5,20,no,13,0.08816035648900022,0.08816035648900022
5671,5,20,no,1,-0.006592049699952862,0.006592049699952862
1264,3,8,no,1,-0.006705817235090228,0.006705817235090228
2048,3,9,no,6,0.03829703756396263,0.03829703756396263
5672,5,20,no,1,-0.006632203865068909,0.006632203865068909
3089,3,11,no,17,0.09327568363179095,0.09327568363179095
2049,3,9,no,4,-0.025332809507456533,0.025332809507456533
4324,5,19,yes,2,0.009912411151086403,0.009912411151086403
3090,3,11,no,1,-0.0049193757633081425,0.0049193757633081425
3091,3,11,no,1,-0.0049930353877782885,0.0049930353877782885
3092,3,11,no,1,-0.005066392393269226,0.005066392393269226
4325,5,19,yes,6,0.03148339302609257,0.03148339302609257
3756,5,17,no,1,0.0018353517880112385,0.0018353517880112385
4326,5,19,no,1,-0.005426266311670036,0.005426266311670036
2050,3,9,yes,1,0.006410485830370405,0.006410485830370405
6522,5,21,yes,20,0.04930221955375355,0.04930221955375355
3093,3,11,yes,1,-0.0051393804018998734,0.0051393804018998734
4327,5,19,yes,7,0.03942556097626765,0.03942556097626765
4328,5,19,no,1,-0.005833461048261823,0.005833461048261823
5673,5,20,no,1,-0.0066701446519749075,0.0066701446519749075
6523,5,21,yes,8,0.026424749214289778,0.026424749214289778
5674,5,20,yes,5,0.03294947162345652,0.03294947162345652
6524,5,21,no,11,-0.03526800481163092,0.03526800481163092
4329,5,19,no,10,-0.054582834249159246,0.054582834249159246
5675,5,20,no,1,-0.00650533374811868,0.00650533374811868
4330,5,19,yes,1,0.005139380401899957,0.005139380401899957
5676,5,20,yes,1,0.00650533374811868,0.00650533374811868
595,3,7,yes,2,0.00902332867231248,0.00902332867231248
4331,5,19,yes,3,0.015851353919253464,0.015851353919253464
4332,5,19,no,2,0.010922632782753405,0.010922632782753405
4333,5,19,no,1,0.00556567251430401,0.00556567251430401
5677,5,20,no,1,-0.00650533374811868,0.00650533374811868
5678,5,20,no,7,-0.04665927758605426,0.04665927758605426
4334,5,19,no,6,-0.03233965921631088,0.03233965921631088
3094,3,11,yes,5,0.02496366231376268,0.02496366231376268
3757,5,17,no,6,-0.010379404835080784,0.010379404835080784
4335,5,19,no,20,0.11691263960256765,0.11691263960256765
4336,5,19,no,6,0.039408365931843936,0.039408365931843936
4337,5,19,yes,14,-0.08918578333879879,0.08918578333879879
5679,5,20,yes,8,0.05316461133417294,0.05316461133417294
4338,5,19,no,1,-0.005960635697199068,0.005960635697199068
5680,5,20,no,1,-0.00650533374811868,0.00650533374811868
3758,5,17,yes,1,0.001627234912458149,0.001627234912458149
3759,5,17,yes,1,0.0016671954327226735,0.0016671954327226735
5681,5,20,no,1,-0.006549739658341158,0.006549739658341158
1265,3,8,yes,1,0.006705817235090228,0.006705817235090228
4339,5,19,no,4,-0.023200817128541218,0.023200817128541218
3095,3,11,yes,1,-0.00484547836750715,0.00484547836750715
4340,5,19,no,1,0.005701604461620324,0.005701604461620324
2051,3,9,no,1,0.006360174775013605,0.006360174775013605
4341,5,19,yes,6,-0.03317946545940126,0.03317946545940126
4342,5,19,no,1,-0.005283976781832733,0.005283976781832733
3096,3,11,no,1,-0.0049193757633081425,0.0049193757633081425
1266,3,8,yes,3,0.019894398216996678,0.019894398216996678
3760,5,17,no,1,-0.0016671954327226735,0.0016671954327226735
2052,3,9,no,1,-0.006360174775013605,0.006360174775013605
4343,5,19,yes,1,0.005283976781832733,0.005283976781832733
4344,5,19,no,1,-0.005283976781832733,0.005283976781832733
6525,5,21,no,9,0.02826060648822129,0.02826060648822129
3761,5,17,yes,1,0.0016671954327226735,0.0016671954327226735
3097,3,11,no,1,-0.0049930353877782885,0.0049930353877782885
3098,3,11,no,1,-0.005066392393269226,0.005066392393269226
3099,3,11,no,2,-0.010351311992158774,0.010351311992158774
6526,5,21,no,1,-0.0034016150240174237,0.0034016150240174237
4345,5,19,yes,2,0.010639422328994619,0.010639422328994619
3100,3,11,yes,11,-0.06192329060535384,0.06192329060535384
1267,3,8,no,1,0.006549739658341158,0.006549739658341158
5682,5,20,no,1,-0.006592049699952862,0.006592049699952862
3762,5,17,no,1,-0.0016671954327226735,0.0016671954327226735
6527,5,21,no,1,-0.003334478476924113,0.003334478476924113
4346,5,19,no,8,0.045323232579160266,0.045323232579160266
2053,3,9,no,6,-0.039148707110239434,0.039148707110239434
6528,5,21,no,4,-0.01268125738993861,0.01268125738993861
4347,5,19,no,4,-0.023200817128541218,0.023200817128541218
3763,5,17,yes,1,0.0016671954327226735,0.0016671954327226735
3764,5,17,yes,1,0.0017079790593417937,0.0017079790593417937
4348,5,19,yes,1,-0.005634110153561633,0.005634110153561633
4349,5,19,yes,3,0.01710379463094841,0.01710379463094841
596,3,7,no,1,0.004400521639892241,0.004400521639892241
4350,5,19,no,1,-0.0057680800157664525,0.0057680800157664525
4351,5,19,no,8,-0.043675373831492836,0.043675373831492836
6529,5,21,yes,1,-0.003010001079055108,0.003010001079055108
4352,5,19,no,1,-0.005139380401899957,0.005139380401899957
4353,5,19,yes,20,0.11564153417409737,0.11564153417409737
4354,5,19,yes,1,0.006410485830370238,0.006410485830370238
4355,5,19,no,12,-0.07323726577107481,0.07323726577107481
5683,5,20,no,1,-0.006632203865068909,0.006632203865068909
4356,5,19,yes,14,-0.07341044258604937,0.07341044258604937
4357,5,19,yes,18,0.09687029095016933,0.09687029095016933
4358,5,19,no,1,-0.005960635697199068,0.005960635697199068
4359,5,19,no,13,-0.0713803592935828,0.0713803592935828
1268,3,8,yes,1,0.00650533374811868,0.00650533374811868
1269,3,8,no,1,-0.00650533374811868,0.00650533374811868
3765,5,17,no,8,-0.012567344703654379,0.012567344703654379
4360,5,19,yes,1,-0.004993035387778344,0.004993035387778344
3766,5,17,yes,1,0.0014394566732602587,0.0014394566732602587
4361,5,19,no,1,0.004993035387778344,0.004993035387778344
6530,5,21,yes,1,-0.0029474764738244563,0.0029474764738244563
4362,5,19,yes,16,0.0894457939338654,0.0894457939338654
4363,5,19,yes,1,-0.006082521453160961,0.006082521453160961
3916,5,18,yes,3,0.0033604328984579088,0.0033604328984579088
4364,5,19,no,1,-0.006022277489922567,0.006022277489922567
4365,5,19,no,1,-0.005960635697199068,0.005960635697199068
4366,5,19,no,9,-0.05067867812632215,0.05067867812632215
1270,3,8,yes,1,-0.006549739658341158,0.006549739658341158
3767,5,17,no,1,-0.0014394566732602587,0.0014394566732602587
4367,5,19,yes,5,0.027477860997780934,0.027477860997780934
5684,5,20,no,1,-0.0066701446519749075,0.0066701446519749075
6531,5,21,yes,1,-0.002885778044461579,0.002885778044461579
3101,3,11,no,6,-0.03700675680157095,0.03700675680157095
3102,3,11,yes,1,0.006308029388134018,0.006308029388134018
4368,5,19,no,1,-0.005634110153561633,0.005634110153561633
1271,3,8,yes,1,0.006549739658341158,0.006549739658341158
3768,5,17,yes,1,0.0014394566732602587,0.0014394566732602587
3917,5,18,yes,4,0.004896676847963584,0.004896676847963584
597,3,7,yes,1,0.004326632768974825,0.004326632768974825
3769,5,17,yes,4,0.006125478625871504,0.006125478625871504
6532,5,21,yes,14,0.04629916438387599,0.04629916438387599
4369,5,19,yes,6,-0.03233965921631088,0.03233965921631088
4370,5,19,yes,2,0.010495908372091578,0.010495908372091578
5685,5,20,yes,14,0.0891857833387989,0.0891857833387989
4371,5,19,yes,1,0.005355445547161886,0.005355445547161886
5686,5,20,no,1,-0.006022277489922678,0.006022277489922678
3918,5,18,no,1,-0.0012708013868579435,0.0012708013868579435
6533,5,21,no,4,-0.014569110329842455,0.014569110329842455
3103,3,11,yes,1,0.006254119513938505,0.006254119513938505
6534,5,21,no,1,-0.0034694475658122448,0.0034694475658122448
5687,5,20,no,1,-0.006082521453160905,0.006082521453160905
4372,5,19,yes,8,-0.04081501623301623,0.04081501623301623
4373,5,19,no,16,0.0861382488121765,0.0861382488121765
3919,5,18,no,1,-0.0012392483170125188,0.0012392483170125188
1272,3,8,no,1,0.00650533374811868,0.00650533374811868
5688,5,20,yes,1,-0.00614129254867346,0.00614129254867346
5689,5,20,yes,1,-0.0061985164077413835,0.0061985164077413835
3920,5,18,no,1,-0.0012083954815765574,0.0012083954815765574
598,3,7,no,1,-0.004326632768974825,0.004326632768974825
4374,5,19,yes,10,-0.055962654908154885,0.055962654908154885
4375,5,19,yes,20,0.11815960232069633,0.11815960232069633
4376,5,19,yes,2,0.013055073406459838,0.013055073406459838
4377,5,19,no,4,-0.025924453545217607,0.025924453545217607
4378,5,19,no,20,0.13489004714047031,0.13489004714047031
4379,5,19,no,6,0.041610511301664654,0.041610511301664654
6535,5,21,yes,1,-0.0034016150240174237,0.0034016150240174237
6536,5,21,no,1,-0.003334478476924113,0.003334478476924113
4380,5,19,no,9,0.061348679973112774,0.061348679973112774
4381,5,19,yes,1,-0.006705817235090228,0.006705817235090228
4382,5,19,no,19,-0.13087985930822638,0.13087985930822638
5690,5,20,no,1,-0.006254119513938505,0.006254119513938505
5691,5,20,no,1,-0.006308029388134018,0.006308029388134018
2054,3,9,yes,3,0.01977399322336293,0.01977399322336293
4383,5,19,yes,1,-0.00688804475647703,0.00688804475647703
3770,5,17,yes,10,0.018171027831130983,0.018171027831130983
4384,5,19,yes,1,-0.0068695272890921255,0.0068695272890921255
4385,5,19,no,9,-0.06058153628114438,0.06058153628114438
4386,5,19,yes,1,0.006592049699952696,0.006592049699952696
3921,5,18,no,7,-0.007651342034848248,0.007651342034848248
4387,5,19,no,2,-0.013141789358293854,0.013141789358293854
5692,5,20,yes,1,-0.006360174775013605,0.006360174775013605
4388,5,19,no,1,0.006549739658341158,0.006549739658341158
4389,5,19,yes,4,0.02660021545208685,0.02660021545208685
2055,3,9,no,14,-0.09471009614734138,0.09471009614734138
4390,5,19,yes,1,0.006739169629111863,0.006739169629111863
2056,3,9,yes,9,0.06156014103691332,0.06156014103691332
4391,5,19,no,1,-0.006739169629111863,0.006739169629111863
4392,5,19,no,1,-0.006705817235090283,0.006705817235090283
3771,5,17,yes,1,0.0020648105407109485,0.0020648105407109485
3104,3,11,yes,1,0.0061985164077413835,0.0061985164077413835
5693,5,20,yes,1,-0.006410485830370405,0.006410485830370405
4393,5,19,yes,1,-0.0066701446519749075,0.0066701446519749075
6537,5,21,yes,12,-0.03505763204768396,0.03505763204768396
5694,5,20,yes,5,0.031531325915197916,0.031531325915197916
4394,5,19,yes,20,0.1373518513318957,0.1373518513318957
4395,5,19,yes,4,0.027509987532394087,0.027509987532394087
4396,5,19,no,1,-0.0068484456234291224,0.0068484456234291224
4397,5,19,no,1,0.0068484456234291224,0.0068484456234291224
4398,5,19,yes,2,-0.013717972912521081,0.013717972912521081
5695,5,20,no,1,0.00614129254867346,0.00614129254867346
4399,5,19,no,1,-0.006888044756477085,0.006888044756477085
4400,5,19,no,11,-0.07623699657020377,0.07623699657020377
4401,5,19,yes,2,0.013845227980660957,0.013845227980660957
3772,5,17,no,13,-0.02337367428095729,0.02337367428095729
1273,3,8,no,1,-0.00650533374811868,0.00650533374811868
3773,5,17,no,10,-0.01355867349539018,0.01355867349539018
4402,5,19,yes,1,-0.00692794968177024,0.00692794968177024
4403,5,19,yes,9,0.06241574840791714,0.06241574840791714
5696,5,20,yes,1,-0.00614129254867346,0.00614129254867346
4404,5,19,no,17,-0.11723671981571865,0.11723671981571865
4405,5,19,no,1,-0.006739169629111863,0.006739169629111863
4406,5,19,yes,1,-0.006705817235090283,0.006705817235090283
5697,5,20,no,1,-0.0061985164077413835,0.0061985164077413835
3774,5,17,yes,1,0.0012083954815765574,0.0012083954815765574
6538,5,21,yes,1,-0.002533534559738787,0.002533534559738787
4407,5,19,no,1,-0.0066701446519749075,0.0066701446519749075
4408,5,19,no,1,-0.006632203865068964,0.006632203865068964
4409,5,19,no,9,-0.057637343329997925,0.057637343329997925
4410,5,19,no,1,-0.00614129254867346,0.00614129254867346
1274,3,8,no,1,-0.006549739658341158,0.006549739658341158
2648,3,10,yes,1,0.0017495943155861893,0.0017495943155861893
4411,5,19,no,8,-0.04690036192238545,0.04690036192238545
4412,5,19,yes,1,0.005634110153561633,0.005634110153561633
3775,5,17,yes,9,0.012350278013813623,0.012350278013813623
4413,5,19,yes,5,0.029161452825740286,0.029161452825740286
4414,5,19,no,8,-0.0458576019646893,0.0458576019646893
5698,5,20,no,1,-0.006254119513938505,0.006254119513938505
4415,5,19,yes,4,0.022397753600569337,0.022397753600569337
5699,5,20,no,7,-0.04518470740831815,0.04518470740831815
3776,5,17,no,1,-0.0015122014532747904,0.0015122014532747904
4416,5,19,yes,13,0.07969616007946234,0.07969616007946234
4417,5,19,yes,2,-0.012869380138757769,0.012869380138757769
3777,5,17,yes,11,0.018833478600150458,0.018833478600150458
5700,5,20,yes,1,0.006592049699952862,0.006592049699952862
4418,5,19,no,1,-0.006360174775013716,0.006360174775013716
6539,5,21,no,1,-0.0024778905067136536,0.0024778905067136536
4419,5,19,no,1,-0.006308029388133907,0.006308029388133907
3778,5,17,no,5,-0.009181031833237693,0.009181031833237693
1275,3,8,no,9,0.057186586178718635,0.057186586178718635
6540,5,21,yes,11,-0.023838947304331795,0.023838947304331795
6541,5,21,yes,1,0.0019245274747760333,0.0019245274747760333
4420,5,19,yes,6,0.03859265770836523,0.03859265770836523
4421,5,19,yes,6,-0.03859265770836523,0.03859265770836523
4422,5,19,yes,1,0.006308029388133907,0.006308029388133907
3779,5,17,no,9,-0.013971582105115628,0.013971582105115628
3780,5,17,no,1,-0.0013697729675739914,0.0013697729675739914
4423,5,19,no,7,-0.04296739249876996,0.04296739249876996
4424,5,19,no,1,0.005960635697199068,0.005960635697199068
4425,5,19,no,8,-0.0458576019646893,0.0458576019646893
4426,5,19,yes,2,0.011062038985387379,0.011062038985387379
1276,3,8,yes,5,0.02979656729143698,0.02979656729143698
1277,3,8,no,1,0.0057680800157665635,0.0057680800157665635
1278,3,8,no,1,-0.0057680800157665635,0.0057680800157665635
1279,3,8,no,7,-0.042136376247851826,0.042136376247851826
3781,5,17,no,8,-0.009804466920764504,0.009804466920764504
1280,3,8,no,1,-0.006254119513938505,0.006254119513938505
3782,5,17,yes,8,0.009804466920764504,0.009804466920764504
2057,3,9,yes,1,-0.0067391696291118075,0.0067391696291118075
4427,5,19,yes,20,0.1239813463181007,0.1239813463181007
4428,5,19,yes,3,0.020215139710716423,0.020215139710716423
4429,5,19,no,8,0.054978768243057474,0.054978768243057474
4430,5,19,no,1,-0.00692794968177024,0.00692794968177024
4431,5,19,no,1,-0.006917278298890717,0.006917278298890717
4432,5,19,no,2,-0.013792014619873005,0.013792014619873005
3105,3,11,yes,2,0.012223814001834366,0.012223814001834366
4433,5,19,no,10,-0.0674510635702365,0.0674510635702365
5701,5,20,yes,8,0.051045293630045174,0.051045293630045174
4434,5,19,no,9,-0.05718658617871869,0.05718658617871869
5702,5,20,yes,7,-0.044495553971704016,0.044495553971704016
3106,3,11,no,10,0.05730614576628201,0.05730614576628201
6542,5,21,no,1,0.0019704136188763294,0.0019704136188763294
6543,5,21,yes,5,0.010571083566938519,0.010571083566938519
3107,3,11,no,10,-0.05730614576628201,0.05730614576628201
4435,5,19,no,1,-0.006082521453160961,0.006082521453160961
5703,5,20,no,1,-0.006549739658341158,0.006549739658341158
3783,5,17,yes,1,0.0013697729675739914,0.0013697729675739914
6544,5,21,yes,1,0.0022642190665268375,0.0022642190665268375
4436,5,19,no,1,-0.006022277489922567,0.006022277489922567
6545,5,21,no,1,-0.0022642190665268375,0.0022642190665268375
6546,5,21,yes,1,-0.0022130324091241965,0.0022130324091241965
3784,5,17,yes,1,0.0014042374014612488,0.0014042374014612488
3785,5,17,no,5,-0.0066839303067846995,0.0066839303067846995
599,3,7,no,1,0.004326632768974825,0.004326632768974825
4437,5,19,yes,2,0.012104798943083528,0.012104798943083528
1281,3,8,no,1,0.006254119513938505,0.006254119513938505
3786,5,17,no,10,-0.011084413030784397,0.011084413030784397
6547,5,21,yes,1,0.0022130324091241965,0.0022130324091241965
5704,5,20,no,6,-0.0401095379277131,0.0401095379277131
6548,5,21,no,1,-0.0022130324091241965,0.0022130324091241965
2058,3,9,yes,1,0.0067391696291118075,0.0067391696291118075
3787,5,17,yes,1,0.0009854271973470732,0.0009854271973470732
5705,5,20,no,8,0.05316461133417294,0.05316461133417294
4438,5,19,no,1,0.00614129254867346,0.00614129254867346
4439,5,19,yes,6,-0.0359378598401105,0.0359378598401105
6549,5,21,yes,1,0.0022130324091241965,0.0022130324091241965
3108,3,11,no,16,0.08835630786848281,0.08835630786848281
5706,5,20,no,2,-0.013055073406459838,0.013055073406459838
3109,3,11,no,1,-0.0049930353877782885,0.0049930353877782885
2059,3,9,yes,9,-0.06156014103691332,0.06156014103691332
2060,3,9,yes,2,0.013821248162286692,0.013821248162286692
3788,5,17,yes,11,0.01267285305580379,0.01267285305580379
2061,3,9,no,2,0.013757572045569044,0.013757572045569044
3789,5,17,no,1,-0.0013030658355085226,0.0013030658355085226
1282,3,8,no,1,-0.006254119513938505,0.006254119513938505
4440,5,19,no,2,0.011731132651154441,0.011731132651154441
3110,3,11,no,1,-0.005066392393269226,0.005066392393269226
1283,3,8,yes,1,0.006254119513938505,0.006254119513938505
3111,3,11,yes,2,0.010059427781047514,0.010059427781047514
4441,5,19,yes,6,0.036659363110636056,0.036659363110636056
4442,5,19,no,1,-0.006254119513938561,0.006254119513938561
3112,3,11,yes,1,-0.0049930353877782885,0.0049930353877782885
2062,3,9,yes,3,0.020471998353431387,0.020471998353431387
5707,5,20,yes,1,0.006549739658341158,0.006549739658341158
3113,3,11,no,4,-0.020701681167260677,0.020701681167260677
2649,3,10,no,20,-0.04405016978436227,0.04405016978436227
2063,3,9,yes,7,0.04665927758605426,0.04665927758605426
4443,5,19,no,6,-0.03630291519959011,0.03630291519959011
3114,3,11,no,5,-0.027477860997780934,0.027477860997780934
5708,5,20,no,7,-0.04665927758605426,0.04665927758605426
2650,3,10,yes,1,0.0027057566289487855,0.0027057566289487855
2651,3,10,yes,7,0.01735766506983416,0.01735766506983416
5709,5,20,yes,1,0.006770152846514388,0.006770152846514388
5710,5,20,no,8,-0.05482097140780151,0.05482097140780151
2652,3,10,no,1,0.0022642190665268513,0.0022642190665268513
3115,3,11,yes,11,-0.06616820962731118,0.06616820962731118
4444,5,19,yes,6,-0.03399929466459761,0.03399929466459761
4445,5,19,no,1,0.005496366471083369,0.005496366471083369
4446,5,19,no,1,0.00556567251430401,0.00556567251430401
5711,5,20,yes,5,0.03442726583128486,0.03442726583128486
4447,5,19,no,1,0.005634110153561633,0.005634110153561633
3116,3,11,yes,2,0.012562148902072523,0.012562148902072523
5712,5,20,no,1,-0.0068484456234291224,0.0068484456234291224
1284,3,8,no,11,-0.0714469926743907,0.0714469926743907
3790,5,17,no,13,-0.014251478898213557,0.014251478898213557
5713,5,20,yes,10,0.06713127593948565,0.06713127593948565
3791,5,17,yes,13,0.014251478898213557,0.014251478898213557
2064,3,9,no,7,-0.04665927758605426,0.04665927758605426
4448,5,19,yes,1,0.005701604461620324,0.005701604461620324
1285,3,8,yes,1,-0.0067391696291118075,0.0067391696291118075
1286,3,8,yes,6,0.03988912473953987,0.03988912473953987
3792,5,17,no,1,-0.0012708013868579435,0.0012708013868579435
5714,5,20,yes,1,-0.006549739658341158,0.006549739658341158
6550,5,21,yes,1,-0.0022130324091241965,0.0022130324091241965
5715,5,20,yes,11,-0.07433910832671353,0.07433910832671353
4449,5,19,yes,4,-0.022397753600569337,0.022397753600569337
4450,5,19,yes,7,0.03989696626749023,0.03989696626749023
3793,5,17,no,1,-0.0012392483170125188,0.0012392483170125188
3794,5,17,no,1,-0.0012083954815765574,0.0012083954815765574
4451,5,19,yes,3,0.018065434640282596,0.018065434640282596
1287,3,8,no,1,0.00650533374811868,0.00650533374811868
5716,5,20,yes,1,0.006888044756477085,0.006888044756477085
3117,3,11,no,1,-0.006254119513938505,0.006254119513938505
4452,5,19,no,11,-0.06338866721944286,0.06338866721944286
4453,5,19,yes,1,0.005426266311670036,0.005426266311670036
6551,5,21,yes,1,-0.0021627369816222125,0.0021627369816222125
2653,3,10,yes,1,-0.0022642190665268513,0.0022642190665268513
5717,5,20,yes,17,0.11229784079254024,0.11229784079254024
4454,5,19,yes,1,0.005496366471083369,0.005496366471083369
4455,5,19,yes,1,0.00556567251430401,0.00556567251430401
5718,5,20,no,2,-0.012562148902072523,0.012562148902072523
3795,5,17,no,11,-0.011445034455782599,0.011445034455782599
5719,5,20,no,1,-0.006360174775013605,0.006360174775013605
5720,5,20,no,1,-0.006410485830370405,0.006410485830370405
4456,5,19,yes,12,0.07180231978087281,0.07180231978087281
5721,5,20,no,1,-0.0064588943083874195,0.0064588943083874195
1288,3,8,no,1,0.0064588943083874195,0.0064588943083874195
4457,5,19,yes,1,-0.006308029388133907,0.006308029388133907
4458,5,19,no,12,-0.07105996290704292,0.07105996290704292
4459,5,19,yes,1,0.00556567251430401,0.00556567251430401
4460,5,19,yes,7,0.04081784046922449,0.04081784046922449
2654,3,10,no,1,0.0022642190665268513,0.0022642190665268513
6552,5,21,yes,1,-0.0021133306609868174,0.0021133306609868174
2065,3,9,yes,1,0.006770152846514388,0.006770152846514388
4461,5,19,yes,2,-0.011982913187121635,0.011982913187121635
5722,5,20,yes,2,-0.013055073406459838,0.013055073406459838
4462,5,19,no,20,0.12898511147671654,0.12898511147671654
4463,5,19,no,7,0.04829118313979325,0.04829118313979325
3118,3,11,yes,2,0.012452635921679889,0.012452635921679889
4464,5,19,no,4,-0.02768516547079497,0.02768516547079497
4465,5,19,yes,1,-0.00688804475647703,0.00688804475647703
4466,5,19,no,1,-0.0068695272890921255,0.0068695272890921255
5723,5,20,no,1,-0.006592049699952862,0.006592049699952862
1289,3,8,yes,1,0.006410485830370405,0.006410485830370405
4467,5,19,no,1,-0.0068484456234291224,0.0068484456234291224
4468,5,19,no,16,-0.10477838428776048,0.10477838428776048
5724,5,20,no,11,-0.07465102849015659,0.07465102849015659
5725,5,20,yes,10,0.06801882462508768,0.06801882462508768
6553,5,21,yes,1,-0.0020648105407109485,0.0020648105407109485
2655,3,10,no,11,-0.027917466770597588,0.027917466770597588
2066,3,9,yes,1,-0.006770152846514388,0.006770152846514388
4469,5,19,yes,5,0.03153132591519786,0.03153132591519786
4470,5,19,yes,17,0.11460227388561783,0.11460227388561783
4471,5,19,no,3,-0.020749197844056932,0.020749197844056932
1290,3,8,no,1,0.006360174775013605,0.006360174775013605
2656,3,10,no,1,0.0028249181734271156,0.0028249181734271156
5726,5,20,no,12,-0.0818640526057487,0.0818640526057487
5727,5,20,yes,12,0.0818640526057487,0.0818640526057487
4472,5,19,no,2,0.013821248162286692,0.013821248162286692
4473,5,19,no,4,-0.027578820207855848,0.027578820207855848
4474,5,19,no,7,-0.04735728271612272,0.04735728271612272
4475,5,19,no,1,-0.006632203865068964,0.006632203865068964
4476,5,19,no,13,-0.08184407051895398,0.08184407051895398
4477,5,19,no,1,-0.005897671602892618,0.005897671602892618
4478,5,19,yes,2,0.011858307300091686,0.011858307300091686
5728,5,20,no,9,-0.06111485476169176,0.06111485476169176
4479,5,19,yes,1,0.006022277489922567,0.006022277489922567
2067,3,9,no,2,-0.013623552730002264,0.013623552730002264
4480,5,19,no,8,0.05021403422541981,0.05021403422541981
3796,5,17,no,3,0.002808265223587278,0.002808265223587278
2657,3,10,no,10,0.025092548597170472,0.025092548597170472
3119,3,11,yes,1,0.00614129254867346,0.00614129254867346
4481,5,19,no,3,-0.019229554913771485,0.019229554913771485
4482,5,19,yes,5,0.03228462832023132,0.03228462832023132
4483,5,19,yes,2,0.01322425356502166,0.01322425356502166
6554,5,21,yes,5,0.010818129658971012,0.010818129658971012
2068,3,9,no,1,0.0068248316823924515,0.0068248316823924515
4484,5,19,no,2,-0.01322425356502166,0.01322425356502166
600,3,7,no,1,0.004252962151704676,0.004252962151704676
2069,3,9,yes,1,0.0067987210476098126,0.0067987210476098126
2070,3,9,no,1,0.006770152846514388,0.006770152846514388
5729,5,20,yes,1,-0.00690396986339592,0.00690396986339592
3120,3,11,yes,1,0.006082521453160905,0.006082521453160905
4485,5,19,no,5,-0.03228462832023132,0.03228462832023132
5730,5,20,yes,1,-0.006917278298890772,0.006917278298890772
5731,5,20,no,1,0.006917278298890772,0.006917278298890772
5732,5,20,yes,1,0.00690396986339592,0.00690396986339592
5733,5,20,yes,1,0.006888044756477085,0.006888044756477085
6555,5,21,no,6,-0.012835302633465356,0.012835302633465356
5734,5,20,yes,1,0.006869527289091959,0.006869527289091959
3121,3,11,yes,1,0.006022277489922678,0.006022277489922678
1291,3,8,no,14,0.0828643587662602,0.0828643587662602
1292,3,8,no,1,0.0054262663116700915,0.0054262663116700915
2071,3,9,yes,2,0.013444986864202035,0.013444986864202035
1293,3,8,no,2,-0.010922632782753516,0.010922632782753516
5735,5,20,yes,1,0.0068484456234291224,0.0068484456234291224
4486,5,19,no,1,-0.006308029388133907,0.006308029388133907
1294,3,8,yes,1,-0.005565672514303843,0.005565672514303843
4487,5,19,yes,1,-0.006254119513938561,0.006254119513938561
1295,3,8,yes,1,0.005565672514303843,0.005565672514303843
4488,5,19,no,10,-0.05924017087880035,0.05924017087880035
2658,3,10,no,1,-0.0022642190665268513,0.0022642190665268513
5736,5,20,yes,1,0.0068248316823924515,0.0068248316823924515
4489,5,19,yes,1,0.005634110153561633,0.005634110153561633
4490,5,19,yes,1,0.005701604461620324,0.005701604461620324
2072,3,9,yes,2,0.013302348517043816,0.013302348517043816
4491,5,19,yes,4,0.023459848364119962,0.023459848364119962
2073,3,9,no,3,-0.020008165752134044,0.020008165752134044
2659,3,10,yes,1,0.0022642190665268513,0.0022642190665268513
4492,5,19,yes,10,0.06274164546346106,0.06274164546346106
4493,5,19,yes,12,-0.07459995276355275,0.07459995276355275
6556,5,21,yes,1,-0.0019704136188763294,0.0019704136188763294
4494,5,19,yes,1,0.005897671602892618,0.005897671602892618
4495,5,19,no,1,0.005960635697199068,0.005960635697199068
5737,5,20,yes,20,-0.13800266513638104,0.13800266513638104
5738,5,20,yes,10,-0.06642222669017023,0.06642222669017023
5739,5,20,yes,5,0.03273822127986903,0.03273822127986903
5740,5,20,yes,3,0.020115131516177054,0.020115131516177054
5741,5,20,no,7,0.047903693108910794,0.047903693108910794
5742,5,20,no,10,0.06933302670680785,0.06933302670680785
1296,3,8,no,3,-0.016901387129485856,0.016901387129485856
2660,3,10,no,1,-0.0022642190665268513,0.0022642190665268513
4496,5,19,yes,1,0.006022277489922567,0.006022277489922567
1297,3,8,no,1,-0.0057680800157665635,0.0057680800157665635
1298,3,8,no,1,-0.005833461048261657,0.005833461048261657
4497,5,19,no,5,0.030984479311648327,0.030984479311648327
3122,3,11,no,1,0.005960635697198957,0.005960635697198957
1299,3,8,no,1,-0.0058976716028927845,0.0058976716028927845
5743,5,20,no,1,0.00690396986339592,0.00690396986339592
4498,5,19,yes,1,0.006360174775013716,0.006360174775013716
5744,5,20,no,1,0.006888044756477085,0.006888044756477085
1300,3,8,no,4,-0.024206727188956,0.024206727188956
5745,5,20,yes,8,0.054226810005214676,0.054226810005214676
5746,5,20,no,1,-0.0066701446519749075,0.0066701446519749075
5747,5,20,no,1,-0.006705817235090228,0.006705817235090228
4499,5,19,yes,20,0.13489004714047031,0.13489004714047031
4500,5,19,yes,8,0.05540252592153766,0.05540252592153766
4501,5,19,no,1,-0.006888044756477085,0.006888044756477085
4502,5,19,no,4,-0.027685165470795026,0.027685165470795026
1301,3,8,yes,6,0.03593785984011044,0.03593785984011044
5748,5,20,no,10,-0.06848809071868356,0.06848809071868356
5749,5,20,yes,4,0.027637242600534018,0.027637242600534018
5750,5,20,yes,1,0.006869527289091959,0.006869527289091959
4503,5,19,no,14,-0.09645552420831954,0.09645552420831954
1302,3,8,no,1,-0.005833461048261657,0.005833461048261657
4504,5,19,yes,20,0.1378982617246836,0.1378982617246836
4505,5,19,yes,3,0.020471998353431387,0.020471998353431387
6557,5,21,yes,11,-0.018833478600150458,0.018833478600150458
4506,5,19,no,1,-0.0067987210476098126,0.0067987210476098126
1303,3,8,no,1,-0.0058976716028927845,0.0058976716028927845
4507,5,19,no,2,-0.013673277305821574,0.013673277305821574
4508,5,19,no,7,-0.04838405731410822,0.04838405731410822
4509,5,19,no,1,-0.006943997948260727,0.006943997948260727
1304,3,8,no,1,-0.005960635697198957,0.005960635697198957
4510,5,19,no,6,-0.04157048321679985,0.04157048321679985
5751,5,20,yes,6,0.04068713806414781,0.04068713806414781
4511,5,19,no,1,-0.00688804475647703,0.00688804475647703
1305,3,8,no,9,-0.05623631171534238,0.05623631171534238
4512,5,19,no,8,-0.05422681000521484,0.05422681000521484
3123,3,11,yes,1,0.0058976716028927845,0.0058976716028927845
5752,5,20,no,20,-0.1375856765433166,0.1375856765433166
5753,5,20,no,1,-0.00688804475647703,0.00688804475647703
5754,5,20,yes,1,0.00688804475647703,0.00688804475647703
5755,5,20,yes,6,0.04157048321679985,0.04157048321679985
5756,5,20,yes,4,0.02774923505451321,0.02774923505451321
5757,5,20,yes,1,0.006917278298890772,0.006917278298890772
1306,3,8,no,8,0.0502140342254197,0.0502140342254197
5758,5,20,yes,10,-0.06933302670680785,0.06933302670680785
6558,5,21,yes,6,0.009652446766912764,0.009652446766912764
4513,5,19,no,10,-0.06426954719506689,0.06426954719506689
4514,5,19,yes,12,0.07764550908213208,0.07764550908213208
4515,5,19,yes,1,-0.006705817235090283,0.006705817235090283
4516,5,19,no,1,-0.0066701446519749075,0.0066701446519749075
601,3,7,no,2,-0.0085795949206795,0.0085795949206795
5759,5,20,no,1,0.006917278298890717,0.006917278298890717
5760,5,20,yes,6,0.04163455280051803,0.04163455280051803
5761,5,20,no,3,0.020781195607399106,0.020781195607399106
5762,5,20,no,14,-0.09684301423920211,0.09684301423920211
2074,3,9,yes,1,0.006705817235090228,0.006705817235090228
5763,5,20,yes,5,0.03442726583128497,0.03442726583128497
2661,3,10,yes,1,0.0022642190665268513,0.0022642190665268513
5764,5,20,yes,1,0.00692794968177024,0.00692794968177024
5765,5,20,yes,2,0.013877287424482243,0.013877287424482243
3124,3,11,yes,1,-0.0058976716028927845,0.0058976716028927845
5766,5,20,yes,3,0.02082931569426555,0.02082931569426555
4517,5,19,no,1,-0.006632203865068964,0.006632203865068964
4518,5,19,yes,12,-0.07588343482175491,0.07588343482175491
4519,5,19,yes,5,0.030698727413436988,0.030698727413436988
3125,3,11,no,4,0.023200817128541273,0.023200817128541273
6559,5,21,yes,1,0.0017495943155862448,0.0017495943155862448
3126,3,11,no,1,-0.005701604461620269,0.005701604461620269
5767,5,20,yes,2,0.013863917308508333,0.013863917308508333
1307,3,8,yes,1,-0.006082521453160905,0.006082521453160905
602,3,7,yes,1,-0.004400521639892241,0.004400521639892241
2075,3,9,no,1,-0.006705817235090228,0.006705817235090228
4520,5,19,yes,1,0.006308029388133907,0.006308029388133907
5768,5,20,yes,20,0.13300713371130402,0.13300713371130402
5769,5,20,yes,1,0.0061985164077413835,0.0061985164077413835
5770,5,20,yes,14,-0.09115483155775828,0.09115483155775828
2076,3,9,yes,1,-0.0067391696291118075,0.0067391696291118075
5771,5,20,yes,1,0.006770152846514388,0.006770152846514388
1308,3,8,yes,1,0.006082521453160905,0.006082521453160905
5772,5,20,yes,1,0.0067391696291118075,0.0067391696291118075
4521,5,19,yes,12,0.07919288729555418,0.07919288729555418
4522,5,19,no,1,-0.006798721047609868,0.006798721047609868
3127,3,11,no,7,0.03846344224123388,0.03846344224123388
5773,5,20,no,15,-0.1031946938374314,0.1031946938374314
5774,5,20,yes,1,0.006941319797744205,0.006941319797744205
4523,5,19,yes,3,-0.020215139710716423,0.020215139710716423
5775,5,20,yes,1,0.006943997948260672,0.006943997948260672
4524,5,19,no,9,-0.0584870559253618,0.0584870559253618
5776,5,20,no,14,0.09601519332651676,0.09601519332651676
5777,5,20,no,8,-0.054444710109716854,0.054444710109716854
4525,5,19,yes,10,0.06519287316045208,0.06519287316045208
1309,3,8,yes,3,0.01788058479001442,0.01788058479001442
4526,5,19,no,1,-0.006705817235090283,0.006705817235090283
3128,3,11,no,5,-0.027127727626051867,0.027127727626051867
603,3,7,yes,1,0.004400521639892241,0.004400521639892241
1310,3,8,no,5,0.028502928193514077,0.028502928193514077
4527,5,19,yes,2,0.013444986864202146,0.013444986864202146
5778,5,20,yes,1,0.006888044756477085,0.006888044756477085
4528,5,19,no,1,0.006770152846514277,0.006770152846514277
4529,5,19,yes,8,-0.05316461133417283,0.05316461133417283
4530,5,19,no,1,-0.0064588943083875305,0.0064588943083875305
604,3,7,yes,1,-0.004400521639892241,0.004400521639892241
1311,3,8,no,1,-0.005565672514303843,0.005565672514303843
2077,3,9,no,1,0.0067391696291118075,0.0067391696291118075
4531,5,19,yes,1,0.0064588943083875305,0.0064588943083875305
3129,3,11,no,1,0.005565672514303843,0.005565672514303843
6560,5,21,no,1,-0.0017495943155862448,0.0017495943155862448
4532,5,19,no,2,0.013055073406459838,0.013055073406459838
1312,3,8,no,1,-0.005634110153561744,0.005634110153561744
3797,5,17,yes,4,0.004098104671220848,0.004098104671220848
1313,3,8,no,1,-0.005701604461620269,0.005701604461620269
4533,5,19,yes,1,0.006592049699952696,0.006592049699952696
3130,3,11,yes,7,-0.04036123549360582,0.04036123549360582
4534,5,19,yes,14,0.0954322240975558,0.0954322240975558
4535,5,19,no,2,-0.013863917308508278,0.013863917308508278
4536,5,19,no,1,-0.006917278298890717,0.006917278298890717
4537,5,19,yes,1,-0.006903969863395976,0.006903969863395976
1314,3,8,no,1,0.005701604461620269,0.005701604461620269
4538,5,19,no,3,0.020749197844056932,0.020749197844056932
4539,5,19,yes,1,-0.00692794968177024,0.00692794968177024
4540,5,19,yes,7,0.048570520427256125,0.048570520427256125
4541,5,19,no,9,-0.06239176858954282,0.06239176858954282
4542,5,19,no,1,-0.00688804475647703,0.00688804475647703
1315,3,8,yes,1,0.005634110153561744,0.005634110153561744
4543,5,19,yes,2,0.013792014619873005,0.013792014619873005
4544,5,19,no,6,-0.04113354026239652,0.04113354026239652
4545,5,19,no,4,-0.02688528436269133,0.02688528436269133
3131,3,11,no,1,0.005960635697198957,0.005960635697198957
4546,5,19,yes,7,0.04735728271612272,0.04735728271612272
2078,3,9,yes,6,-0.04085084811814954,0.04085084811814954
4547,5,19,yes,14,-0.0928661646013757,0.0928661646013757
4548,5,19,no,1,-0.006308029388133907,0.006308029388133907
5779,5,20,yes,8,-0.05540252592153766,0.05540252592153766
1316,3,8,no,12,-0.07180231978087293,0.07180231978087293
5780,5,20,yes,1,0.006943997948260672,0.006943997948260672
2079,3,9,yes,1,0.006869527289091959,0.006869527289091959
1317,3,8,yes,2,0.012562148902072523,0.012562148902072523
5781,5,20,no,1,-0.006943997948260672,0.006943997948260672
5782,5,20,no,7,-0.04838405731410833,0.04838405731410833
5783,5,20,yes,9,0.06227205321062973,0.06227205321062973
4549,5,19,yes,2,0.012668204163147623,0.012668204163147623
1318,3,8,no,3,0.01842233040957575,0.01842233040957575
6561,5,21,yes,1,-0.0017079790593417937,0.0017079790593417937
5784,5,20,no,1,0.00694131979774415,0.00694131979774415
5785,5,20,no,1,0.006935967626738093,0.006935967626738093
4550,5,19,yes,1,0.006410485830370238,0.006410485830370238
5786,5,20,yes,1,0.00692794968177024,0.00692794968177024
4551,5,19,yes,2,0.01296422805650621,0.01296422805650621
4552,5,19,yes,3,0.019773993223362818,0.019773993223362818
5787,5,20,yes,3,0.020709292918763778,0.020709292918763778
5788,5,20,no,1,-0.006888044756477085,0.006888044756477085
1319,3,8,no,8,0.046383512983528496,0.046383512983528496
1320,3,8,no,9,-0.0524660344366894,0.0524660344366894
6562,5,21,yes,1,-0.0016671954327226735,0.0016671954327226735
4553,5,19,no,2,0.01337596188706519,0.01337596188706519
4554,5,19,yes,20,0.13776790406470352,0.13776790406470352
4555,5,19,yes,5,0.03411167848903773,0.03411167848903773
605,3,7,yes,7,0.029261280009886703,0.029261280009886703
4556,5,19,yes,2,-0.0135688738941242,0.0135688738941242
4557,5,19,yes,1,-0.0068248316823924515,0.0068248316823924515
606,3,7,yes,11,0.03895270911303905,0.03895270911303905
607,3,7,yes,2,0.006210809955809582,0.006210809955809582
4558,5,19,yes,4,0.02713287520562846,0.02713287520562846
2080,3,9,no,3,-0.020661541908964964,0.020661541908964964
2081,3,9,yes,1,0.00690396986339592,0.00690396986339592
4559,5,19,no,1,-0.0067391696291118075,0.0067391696291118075
4560,5,19,yes,18,0.11448907750309267,0.11448907750309267
608,3,7,yes,2,-0.006210809955809582,0.006210809955809582
4561,5,19,no,1,-0.0058976716028927845,0.0058976716028927845
4562,5,19,no,1,-0.005960635697198957,0.005960635697198957
609,3,7,no,1,-0.0032023859348871975,0.0032023859348871975
1321,3,8,no,1,-0.00614129254867346,0.00614129254867346
5789,5,20,yes,5,0.03422957039900043,0.03422957039900043
4563,5,19,no,18,-0.11619964409712513,0.11619964409712513
4564,5,19,no,11,-0.07594533051645119,0.07594533051645119
610,3,7,no,1,-0.003268061499241748,0.003268061499241748
611,3,7,no,9,-0.03248226167891011,0.03248226167891011
2082,3,9,no,2,-0.013821248162286692,0.013821248162286692
6563,5,21,no,1,-0.001627234912458149,0.001627234912458149
5790,5,20,yes,1,0.006770152846514388,0.006770152846514388
5791,5,20,no,2,0.013444986864202035,0.013444986864202035
3132,3,11,no,1,-0.005960635697198957,0.005960635697198957
5792,5,20,yes,8,-0.054444710109716854,0.054444710109716854
4565,5,19,yes,2,-0.013877287424482243,0.013877287424482243
2083,3,9,yes,3,0.020709292918763778,0.020709292918763778
4566,5,19,no,1,-0.00692794968177024,0.00692794968177024
3922,5,18,no,1,0.0010110847812301663,0.0010110847812301663
5793,5,20,no,1,-0.00690396986339592,0.00690396986339592
1322,3,8,yes,3,0.018246091491757044,0.018246091491757044
4567,5,19,no,1,-0.006917278298890717,0.006917278298890717
4568,5,19,no,1,-0.006903969863395976,0.006903969863395976
1323,3,8,no,1,0.005960635697198957,0.005960635697198957
4569,5,19,no,11,0.07623699657020383,0.07623699657020383
5794,5,20,yes,9,-0.06241574840791714,0.06241574840791714
3133,3,11,no,1,-0.006022277489922678,0.006022277489922678
612,3,7,yes,1,0.0038895110895871277,0.0038895110895871277
4570,5,19,yes,1,0.00690396986339592,0.00690396986339592
4571,5,19,yes,1,-0.00690396986339592,0.00690396986339592
4572,5,19,no,1,-0.006917278298890772,0.006917278298890772
5795,5,20,yes,1,0.00692794968177024,0.00692794968177024
2662,3,10,no,1,0.0022130324091240716,0.0022130324091240716
4573,5,19,no,4,-0.02774923505451321,0.02774923505451321
4574,5,19,yes,1,-0.006943997948260672,0.006943997948260672
5796,5,20,no,5,0.03470660311874779,0.03470660311874779
4575,5,19,no,8,-0.05523250293753745,0.05523250293753745
5797,5,20,no,2,0.013863917308508333,0.013863917308508333
1324,3,8,yes,1,0.0058976716028927845,0.0058976716028927845
4576,5,19,no,1,0.0068484456234291224,0.0068484456234291224
4577,5,19,yes,2,0.013757572045569155,0.013757572045569155
3134,3,11,yes,2,0.011982913187121635,0.011982913187121635
2663,3,10,no,8,0.015967852967381457,0.015967852967381457
1325,3,8,yes,1,0.005833461048261657,0.005833461048261657
4578,5,19,no,2,-0.013757572045569155,0.013757572045569155
3135,3,11,yes,1,0.0058976716028927845,0.0058976716028927845
4579,5,19,yes,1,0.0068695272890921255,0.0068695272890921255
5798,5,20,no,1,-0.00692794968177024,0.00692794968177024
4580,5,19,no,1,-0.0068695272890921255,0.0068695272890921255
2084,3,9,no,10,0.06745106357023645,0.06745106357023645
4581,5,19,yes,1,0.0068695272890921255,0.0068695272890921255
1326,3,8,no,1,0.0057680800157665635,0.0057680800157665635
2085,3,9,no,7,-0.046908258975322914,0.046908258975322914
6564,5,21,yes,6,-0.008969172700593012,0.008969172700593012
4582,5,19,yes,2,-0.013717972912521248,0.013717972912521248
2664,3,10,no,1,0.001792049326960754,0.001792049326960754
4583,5,19,no,1,-0.006824831682392396,0.006824831682392396
1327,3,8,no,1,0.005701604461620269,0.005701604461620269
4584,5,19,yes,19,0.1311778334539886,0.1311778334539886
4585,5,19,no,2,-0.013717972912521081,0.013717972912521081
4586,5,19,no,1,-0.006888044756477085,0.006888044756477085
5799,5,20,no,1,0.00692794968177024,0.00692794968177024
4587,5,19,no,2,-0.013821248162286692,0.013821248162286692
3136,3,11,no,1,-0.0058976716028927845,0.0058976716028927845
5800,5,20,no,1,-0.00692794968177024,0.00692794968177024
4588,5,19,no,1,-0.00692794968177024,0.00692794968177024
4589,5,19,no,1,-0.006935967626738093,0.006935967626738093
4590,5,19,yes,6,-0.04163455280051803,0.04163455280051803
4591,5,19,no,2,-0.013821248162286692,0.013821248162286692
4592,5,19,no,1,-0.00688804475647703,0.00688804475647703
2665,3,10,no,17,-0.036947345978186386,0.036947345978186386
5801,5,20,no,12,-0.0829977862585411,0.0829977862585411
4593,5,19,yes,2,0.013792014619873005,0.013792014619873005
5802,5,20,no,14,-0.09232574836608048,0.09232574836608048
4594,5,19,no,1,-0.006903969863395976,0.006903969863395976
4595,5,19,yes,3,0.020749197844056932,0.020749197844056932
4596,5,19,no,1,-0.00692794968177024,0.00692794968177024
613,3,7,no,1,0.003818099192726798,0.003818099192726798
5803,5,20,no,1,0.006308029388133907,0.006308029388133907
5804,5,20,yes,1,0.006360174775013716,0.006360174775013716
5805,5,20,yes,6,0.03914870711023927,0.03914870711023927
5806,5,20,yes,1,0.0066701446519749075,0.0066701446519749075
5807,5,20,no,1,0.006705817235090283,0.006705817235090283
4597,5,19,no,1,-0.006917278298890717,0.006917278298890717
1328,3,8,no,10,-0.05986018023917716,0.05986018023917716
1329,3,8,yes,5,0.030698727413436933,0.030698727413436933
5808,5,20,yes,7,0.04773889287462668,0.04773889287462668
5809,5,20,yes,1,0.006903969863395976,0.006903969863395976
4598,5,19,no,14,0.09684301423920194,0.09684301423920194
614,3,7,no,2,0.007424062124434805,0.007424062124434805
5810,5,20,no,1,0.006917278298890717,0.006917278298890717
4599,5,19,no,1,0.0068248316823924515,0.0068248316823924515
5811,5,20,no,8,-0.05482097140780151,0.05482097140780151
4600,5,19,no,2,-0.013673277305821574,0.013673277305821574
5812,5,20,yes,4,0.027242151199945663,0.027242151199945663
4601,5,19,yes,1,0.0068484456234291224,0.0068484456234291224
4602,5,19,yes,10,0.0667881640641752,0.0667881640641752
4603,5,19,no,1,-0.00650533374811868,0.00650533374811868
5813,5,20,yes,14,-0.0928661646013757,0.0928661646013757
3137,3,11,yes,1,0.0058976716028927845,0.0058976716028927845
5814,5,20,yes,12,0.07919288729555418,0.07919288729555418
4604,5,19,no,1,-0.006549739658341158,0.006549739658341158
5815,5,20,no,1,-0.006798721047609868,0.006798721047609868
5816,5,20,yes,1,0.006798721047609868,0.006798721047609868
2086,3,9,yes,8,-0.055116014822185644,0.055116014822185644
2087,3,9,no,3,0.020781195607399106,0.020781195607399106
4605,5,19,no,7,-0.046908258975322914,0.046908258975322914
2088,3,9,no,1,-0.006917278298890772,0.006917278298890772
5817,5,20,yes,1,0.006824831682392396,0.006824831682392396
5818,5,20,no,3,0.020606017668998278,0.020606017668998278
2666,3,10,yes,2,0.005123598124265438,0.005123598124265438
4606,5,19,no,2,-0.013673277305821574,0.013673277305821574
4607,5,19,no,12,-0.0830772903168821,0.0830772903168821
5819,5,20,yes,1,0.006903969863395976,0.006903969863395976
5820,5,20,no,6,0.0416105113016646,0.0416105113016646
5821,5,20,no,5,-0.03469323300277388,0.03469323300277388
4608,5,19,no,1,0.00692794968177024,0.00692794968177024
615,3,7,no,1,-0.0036768586438180595,0.0036768586438180595
4609,5,19,no,13,-0.08849625647081777,0.08849625647081777
3923,5,18,yes,15,0.01868672929573347,0.01868672929573347
6565,5,21,no,1,0.0014042374014612488,0.0014042374014612488
5822,5,20,yes,15,0.10354928867031349,0.10354928867031349
2089,3,9,yes,1,0.006917278298890772,0.006917278298890772
1330,3,8,no,8,0.04585760196468924,0.04585760196468924
3138,3,11,no,3,0.01730314552564849,0.01730314552564849
1331,3,8,yes,1,-0.005496366471083425,0.005496366471083425
4610,5,19,yes,13,0.08849625647081777,0.08849625647081777
5823,5,20,no,11,-0.07580005361580033,0.07580005361580033
3924,5,18,no,13,-0.016585136603089863,0.016585136603089863
1332,3,8,yes,1,0.005496366471083425,0.005496366471083425
616,3,7,no,1,0.0036768586438180595,0.0036768586438180595
1333,3,8,yes,1,-0.005496366471083425,0.005496366471083425
4611,5,19,no,5,-0.03450676988962609,0.03450676988962609
4612,5,19,yes,1,0.0068695272890921255,0.0068695272890921255
4613,5,19,yes,8,-0.05422681000521484,0.05422681000521484
2090,3,9,yes,1,0.00690396986339592,0.00690396986339592
5824,5,20,no,1,-0.006943997948260672,0.006943997948260672
1334,3,8,no,1,-0.005565672514303843,0.005565672514303843
3139,3,11,no,3,-0.01730314552564849,0.01730314552564849
1335,3,8,yes,1,-0.005634110153561744,0.005634110153561744
4614,5,19,yes,12,0.0818640526057488,0.0818640526057488
1336,3,8,yes,1,-0.005701604461620269,0.005701604461620269
1337,3,8,no,1,0.005701604461620269,0.005701604461620269
1338,3,8,yes,16,-0.09845283794754245,0.09845283794754245
3925,5,18,yes,4,0.004538664560974473,0.004538664560974473
6566,5,21,yes,3,0.004427099390016405,0.004427099390016405
1339,3,8,no,1,0.006549739658341158,0.006549739658341158
1340,3,8,yes,9,0.05671936797353838,0.05671936797353838
3926,5,18,no,1,-0.0011782316625165642,0.0011782316625165642
3927,5,18,no,13,-0.012865027224507577,0.012865027224507577
4615,5,19,no,1,-0.00692794968177024,0.00692794968177024
1341,3,8,yes,1,0.006022277489922678,0.006022277489922678
4616,5,19,no,1,-0.006917278298890717,0.006917278298890717
4617,5,19,no,4,0.0277225154051432,0.0277225154051432
2091,3,9,no,6,-0.0415704832167999,0.0415704832167999
2092,3,9,no,8,0.05532805526236895,0.05532805526236895
4618,5,19,no,7,-0.04838405731410833,0.04838405731410833
4619,5,19,no,5,-0.033981320829057526,0.033981320829057526
2093,3,9,no,3,-0.020661541908964964,0.020661541908964964
4620,5,19,yes,5,-0.03314995511042801,0.03314995511042801
4621,5,19,yes,11,0.07400080322857766,0.07400080322857766
617,3,7,yes,1,0.0036070974478101814,0.0036070974478101814
1342,3,8,no,15,0.08233403037856013,0.08233403037856013
6567,5,21,yes,1,0.0015497472996397268,0.0015497472996397268
4622,5,19,yes,1,0.00688804475647703,0.00688804475647703
1343,3,8,yes,13,-0.07047572307846839,0.07047572307846839
1344,3,8,yes,11,0.060416295297420874,0.060416295297420874
4623,5,19,yes,20,0.1375856765433166,0.1375856765433166
4624,5,19,yes,2,0.013302348517043816,0.013302348517043816
2094,3,9,yes,5,0.03433481921478654,0.03433481921478654
4625,5,19,no,7,-0.0471410409577625,0.0471410409577625
5825,5,20,no,1,-0.006941319797744205,0.006941319797744205
4626,5,19,no,1,-0.0068484456234291224,0.0068484456234291224
4627,5,19,no,3,-0.020661541908964964,0.020661541908964964
4628,5,19,no,4,-0.027722515405143255,0.027722515405143255
4629,5,19,no,2,-0.013887995896521399,0.013887995896521399
4630,5,19,no,4,-0.0277225154051432,0.0277225154051432
1345,3,8,no,9,-0.048814754233392654,0.048814754233392654
3140,3,11,no,18,0.09433218870854765,0.09433218870854765
5826,5,20,yes,5,0.03470660311874785,0.03470660311874785
6568,5,21,yes,8,0.013847002372459907,0.013847002372459907
3141,3,11,yes,10,-0.049551182185118225,0.049551182185118225
5827,5,20,yes,2,-0.013877287424482243,0.013877287424482243
2095,3,9,no,1,-0.0068248316823924515,0.0068248316823924515
2667,3,10,yes,10,0.02242189671739303,0.02242189671739303
2668,3,10,no,3,0.005774450021555966,0.005774450021555966
3142,3,11,no,1,-0.00535544554716183,0.00535544554716183
3143,3,11,no,1,-0.0054262663116700915,0.0054262663116700915
4631,5,19,no,1,0.006917278298890717,0.006917278298890717
5828,5,20,yes,1,0.00694131979774415,0.00694131979774415
3144,3,11,no,8,-0.04585760196468924,0.04585760196468924
3145,3,11,yes,3,0.0176917683483534,0.0176917683483534
4632,5,19,yes,1,-0.006917278298890717,0.006917278298890717
6569,5,21,yes,1,-0.0018795089279034921,0.0018795089279034921
5829,5,20,yes,3,0.020781195607399106,0.020781195607399106
4633,5,19,yes,1,0.006917278298890717,0.006917278298890717
5830,5,20,no,1,-0.006917278298890772,0.006917278298890772
4634,5,19,no,11,0.07620776302779014,0.07620776302779014
4635,5,19,no,1,-0.006888044756477085,0.006888044756477085
4636,5,19,no,1,-0.00690396986339592,0.00690396986339592
4637,5,19,yes,12,-0.08312504132668086,0.08312504132668086
618,3,7,yes,6,-0.022700172389298556,0.022700172389298556
5831,5,20,no,4,-0.02774923505451321,0.02774923505451321
3146,3,11,yes,1,-0.005833461048261657,0.005833461048261657
1346,3,8,no,19,0.09615449795672415,0.09615449795672415
5832,5,20,yes,10,-0.06900133256819052,0.06900133256819052
1347,3,8,no,4,-0.018046833823686992,0.018046833823686992
619,3,7,yes,4,-0.016572723066279993,0.016572723066279993
4638,5,19,yes,4,0.027637242600533962,0.027637242600533962
1348,3,8,no,12,-0.0612062770035513,0.0612062770035513
3928,5,18,yes,5,0.004446121530024941,0.004446121530024941
5833,5,20,yes,4,0.027430849351390674,0.027430849351390674
1349,3,8,no,1,-0.005565672514303843,0.005565672514303843
2096,3,9,yes,2,-0.013717972912521081,0.013717972912521081
5834,5,20,yes,1,0.006903969863395976,0.006903969863395976
5835,5,20,yes,9,0.06241574840791708,0.06241574840791708
4639,5,19,no,1,-0.00692794968177024,0.00692794968177024
6570,5,21,yes,4,0.007791622996050199,0.007791622996050199
4640,5,19,yes,1,0.00692794968177024,0.00692794968177024
620,3,7,yes,5,0.020534125601019637,0.020534125601019637
5836,5,20,yes,1,0.006917278298890772,0.006917278298890772
4641,5,19,no,16,0.11013066146416944,0.11013066146416944
4642,5,19,no,1,-0.0067391696291118075,0.0067391696291118075
4643,5,19,no,1,-0.006770152846514388,0.006770152846514388
4644,5,19,no,2,-0.013623552730002264,0.013623552730002264
4645,5,19,no,3,0.020393705576516652,0.020393705576516652
5837,5,20,no,18,-0.12397588944483051,0.12397588944483051
5838,5,20,yes,1,0.006739169629111863,0.006739169629111863
4646,5,19,no,1,-0.006770152846514388,0.006770152846514388
5839,5,20,yes,1,0.006770152846514277,0.006770152846514277
5840,5,20,no,6,-0.04010953792771299,0.04010953792771299
4647,5,19,yes,1,-0.0067987210476098126,0.0067987210476098126
4648,5,19,yes,7,0.046908258975322914,0.046908258975322914
5841,5,20,yes,8,0.053733090657715255,0.053733090657715255
5842,5,20,no,1,0.0068484456234291224,0.0068484456234291224
4649,5,19,yes,1,0.006549739658341158,0.006549739658341158
621,3,7,yes,4,0.01513167240674873,0.01513167240674873
5843,5,20,yes,1,0.0068695272890921255,0.0068695272890921255
4650,5,19,no,1,-0.006549739658341158,0.006549739658341158
4651,5,19,no,5,-0.033339385081198714,0.033339385081198714
2097,3,9,no,1,-0.006888044756477085,0.006888044756477085
4652,5,19,yes,1,0.0067391696291118075,0.0067391696291118075
2098,3,9,no,5,-0.034626485268539176,0.034626485268539176
2099,3,9,yes,2,0.013877287424482243,0.013877287424482243
4653,5,19,no,9,-0.06156014103691332,0.06156014103691332
3147,3,11,yes,4,0.022937255679210233,0.022937255679210233
5844,5,20,yes,11,0.07620776302779009,0.07620776302779009
4654,5,19,no,1,-0.00692794968177024,0.00692794968177024
1350,3,8,yes,1,0.005565672514303843,0.005565672514303843
6571,5,21,no,1,-0.002017172974494344,0.002017172974494344
4655,5,19,yes,1,0.00692794968177024,0.00692794968177024
1351,3,8,yes,6,0.0319133671039068,0.0319133671039068
622,3,7,no,5,0.017350589272161376,0.017350589272161376
2100,3,9,yes,1,0.00692794968177024,0.00692794968177024
5845,5,20,no,1,-0.00692794968177024,0.00692794968177024
4656,5,19,no,5,-0.03469323300277388,0.03469323300277388
4657,5,19,yes,12,0.082744051564061,0.082744051564061
1352,3,8,no,1,-0.0051393804018998734,0.0051393804018998734
4658,5,19,yes,1,0.006770152846514388,0.006770152846514388
1353,3,8,no,1,-0.0052119315902589,0.0052119315902589
4659,5,19,no,3,-0.020393705576516652,0.020393705576516652
5846,5,20,yes,6,-0.041642570745485885,0.041642570745485885
4660,5,19,yes,4,0.02713287520562846,0.02713287520562846
4661,5,19,no,1,-0.0067391696291118075,0.0067391696291118075
4662,5,19,no,11,-0.075626208514054,0.075626208514054
4663,5,19,yes,2,0.013877287424482243,0.013877287424482243
3148,3,11,no,1,0.005565672514303843,0.005565672514303843
4664,5,19,yes,1,-0.006935967626738093,0.006935967626738093
5847,5,20,yes,1,0.006935967626738038,0.006935967626738038
2669,3,10,no,1,-0.0018795089279035615,0.0018795089279035615
2101,3,9,no,2,-0.013863917308508333,0.013863917308508333
2102,3,9,no,1,0.006935967626738093,0.006935967626738093
1354,3,8,yes,11,-0.06192329060535384,0.06192329060535384
623,3,7,no,2,-0.006736093500941509,0.006736093500941509
6572,5,21,yes,2,-0.0038949410936523626,0.0038949410936523626
2103,3,9,no,2,0.013845227980661012,0.013845227980661012
4665,5,19,no,4,-0.027770635492009754,0.027770635492009754
1355,3,8,yes,3,0.0176917683483534,0.0176917683483534
4666,5,19,yes,3,0.020829315694265604,0.020829315694265604
4667,5,19,yes,7,0.04838405731410822,0.04838405731410822
4668,5,19,no,7,-0.04838405731410822,0.04838405731410822
1356,3,8,no,1,0.0057680800157665635,0.0057680800157665635
4669,5,19,yes,1,0.00694131979774415,0.00694131979774415
4670,5,19,no,11,-0.076061818631803,0.076061818631803
3149,3,11,yes,1,0.005496366471083425,0.005496366471083425
4671,5,19,no,17,0.11750455614816707,0.11750455614816707
4672,5,19,yes,1,-0.006869527289091959,0.006869527289091959
4673,5,19,yes,1,0.006869527289091959,0.006869527289091959
4674,5,19,no,10,-0.06921337300837382,0.06921337300837382
4675,5,19,no,12,0.0828866503141954,0.0828866503141954
2104,3,9,no,4,0.027509987532394087,0.027509987532394087
4676,5,19,no,1,-0.0068248316823924515,0.0068248316823924515
2670,3,10,yes,1,0.0018795089279035615,0.0018795089279035615
5848,5,20,no,5,-0.034573210227272,0.034573210227272
5849,5,20,yes,1,0.00688804475647703,0.00688804475647703
4677,5,19,yes,5,0.03383869244071869,0.03383869244071869
4678,5,19,no,5,-0.03383869244071869,0.03383869244071869
4679,5,19,no,1,-0.0068484456234291224,0.0068484456234291224
1357,3,8,no,1,-0.0057680800157665635,0.0057680800157665635
4680,5,19,no,9,-0.06227205321062962,0.06227205321062962
1358,3,8,no,6,0.033592099928005936,0.033592099928005936
5850,5,20,yes,1,0.006903969863395976,0.006903969863395976
4681,5,19,yes,7,0.048514481165060575,0.048514481165060575
4682,5,19,no,3,-0.020749197844056932,0.020749197844056932
4683,5,19,no,1,-0.006935967626738093,0.006935967626738093
1359,3,8,no,1,-0.0054262663116700915,0.0054262663116700915
1360,3,8,yes,1,0.0054262663116700915,0.0054262663116700915
4684,5,19,no,11,-0.076061818631803,0.076061818631803
4685,5,19,yes,12,0.0829977862585411,0.0829977862585411
6573,5,21,yes,1,-0.0018795089279034921,0.0018795089279034921
4686,5,19,no,12,-0.0829977862585411,0.0829977862585411
624,3,7,no,1,-0.0034694475658122448,0.0034694475658122448
1361,3,8,yes,1,0.00535544554716183,0.00535544554716183
5851,5,20,yes,1,0.006917278298890717,0.006917278298890717
4687,5,19,no,8,0.05523250293753745,0.05523250293753745
4688,5,19,yes,7,0.048514481165060575,0.048514481165060575
5852,5,20,no,1,-0.006917278298890717,0.006917278298890717
5853,5,20,no,9,-0.06134867997311294,0.06134867997311294
5854,5,20,yes,1,0.006705817235090283,0.006705817235090283
1362,3,8,no,1,0.005283976781832678,0.005283976781832678
4689,5,19,yes,2,0.013757572045569044,0.013757572045569044
4690,5,19,no,6,-0.04144273751636407,0.04144273751636407
5855,5,20,no,11,0.07542405834542165,0.07542405834542165
6574,5,21,no,1,0.0018795089279034921,0.0018795089279034921
4691,5,19,yes,5,0.03457321022727211,0.03457321022727211
4692,5,19,no,2,-0.013792014619873005,0.013792014619873005
4693,5,19,no,6,-0.041610511301664654,0.041610511301664654
5856,5,20,yes,2,-0.013863917308508278,0.013863917308508278
2671,3,10,no,1,0.001835351788011197,0.001835351788011197
5857,5,20,no,1,-0.006917278298890717,0.006917278298890717
4694,5,19,no,1,0.006943997948260672,0.006943997948260672
4695,5,19,yes,7,0.04845852797327699,0.04845852797327699
4696,5,19,no,1,0.006869527289091959,0.006869527289091959
4697,5,19,yes,1,-0.006869527289091959,0.006869527289091959
5858,5,20,no,6,-0.04113354026239652,0.04113354026239652
5859,5,20,yes,5,0.03422957039900054,0.03422957039900054
6575,5,21,yes,5,-0.008964483417803454,0.008964483417803454
5860,5,20,yes,14,-0.0938530760415609,0.0938530760415609
5861,5,20,no,9,-0.05573805310415392,0.05573805310415392
4698,5,19,no,8,-0.05540252592153766,0.05540252592153766
2672,3,10,no,1,0.001792049326960754,0.001792049326960754
5862,5,20,yes,1,0.005960635697199068,0.005960635697199068
5863,5,20,yes,1,0.006022277489922567,0.006022277489922567
5864,5,20,no,6,0.037344654086662044,0.037344654086662044
2673,3,10,no,1,0.0017495943155861893,0.0017495943155861893
4699,5,19,no,3,0.02082931569426555,0.02082931569426555
6576,5,21,no,1,0.0017079790593417937,0.0017079790593417937
3798,5,17,yes,1,0.0010917613765485043,0.0010917613765485043
3150,3,11,yes,1,-0.005496366471083425,0.005496366471083425
2105,3,9,no,4,-0.027509987532394087,0.027509987532394087
4700,5,19,yes,5,0.03457321022727211,0.03457321022727211
5865,5,20,no,1,-0.006360174775013716,0.006360174775013716
625,3,7,no,2,-0.0071450482054076225,0.0071450482054076225
5866,5,20,yes,14,0.0928661646013757,0.0928661646013757
5867,5,20,no,11,0.07614934063511197,0.07614934063511197
3799,5,17,no,1,-0.0010917613765485043,0.0010917613765485043
5868,5,20,no,8,-0.05548779872614684,0.05548779872614684
4701,5,19,no,3,-0.020709292918763778,0.020709292918763778
3151,3,11,yes,1,-0.005565672514303843,0.005565672514303843
4702,5,19,yes,1,0.006917278298890772,0.006917278298890772
2106,3,9,no,1,0.00690396986339592,0.00690396986339592
6577,5,21,yes,1,-0.0017079790593417937,0.0017079790593417937
5869,5,20,yes,8,-0.05464286273802266,0.05464286273802266
5870,5,20,no,1,0.006739169629111863,0.006739169629111863
5871,5,20,no,15,-0.09660849271307836,0.09660849271307836
5872,5,20,no,2,0.012223814001834421,0.012223814001834421
2107,3,9,no,11,0.07433910832671353,0.07433910832671353
4703,5,19,no,2,0.013792014619873005,0.013792014619873005
2108,3,9,no,9,-0.06058153628114449,0.06058153628114449
4704,5,19,no,1,-0.006888044756477085,0.006888044756477085
4705,5,19,no,1,-0.00690396986339592,0.00690396986339592
5873,5,20,yes,1,-0.00614129254867346,0.00614129254867346
5874,5,20,yes,1,0.00614129254867346,0.00614129254867346
5875,5,20,yes,1,0.006198516407741439,0.006198516407741439
6578,5,21,yes,1,-0.0016671954327226735,0.0016671954327226735
4706,5,19,no,5,-0.03466651335340398,0.03466651335340398
5876,5,20,no,7,0.04484677722230379,0.04484677722230379
4707,5,19,no,5,-0.03466651335340387,0.03466651335340387
5877,5,20,yes,4,0.02660021545208685,0.02660021545208685
6579,5,21,yes,1,0.0016671954327226735,0.0016671954327226735
5878,5,20,yes,1,0.006739169629111863,0.006739169629111863
4708,5,19,yes,1,0.006917278298890717,0.006917278298890717
4709,5,19,no,2,-0.013821248162286692,0.013821248162286692
1363,3,8,yes,5,0.02533011553651443,0.02533011553651443
4710,5,19,yes,1,0.006903969863395976,0.006903969863395976
6580,5,21,yes,1,-0.0016671954327226735,0.0016671954327226735
5879,5,20,no,1,0.006770152846514277,0.006770152846514277
4711,5,19,yes,1,0.006917278298890717,0.006917278298890717
4712,5,19,yes,2,0.013863917308508278,0.013863917308508278
4713,5,19,no,19,0.1297949092895183,0.1297949092895183
2109,3,9,yes,1,0.0068484456234291224,0.0068484456234291224
4714,5,19,yes,1,-0.006592049699952862,0.006592049699952862
1364,3,8,no,4,-0.02011818394625553,0.02011818394625553
4715,5,19,no,1,-0.006632203865068909,0.006632203865068909
4716,5,19,yes,1,0.006632203865068909,0.006632203865068909
5880,5,20,no,2,-0.01350932247562614,0.01350932247562614
4717,5,19,no,1,-0.006632203865068909,0.006632203865068909
4718,5,19,yes,1,-0.0066701446519749075,0.0066701446519749075
5881,5,20,yes,7,-0.04611418316693422,0.04611418316693422
5882,5,20,yes,1,0.0064588943083875305,0.0064588943083875305
1365,3,8,no,1,-0.0052119315902589,0.0052119315902589
5883,5,20,no,11,-0.06809461901543407,0.06809461901543407
4719,5,19,yes,1,-0.006705817235090228,0.006705817235090228
5884,5,20,yes,13,0.0811496924218939,0.0811496924218939
5885,5,20,yes,1,-0.006549739658341158,0.006549739658341158
4720,5,19,no,1,0.006705817235090228,0.006705817235090228
5886,5,20,yes,16,0.10857401345584966,0.10857401345584966
5887,5,20,yes,1,-0.006935967626738038,0.006935967626738038
4721,5,19,no,1,-0.006705817235090228,0.006705817235090228
4722,5,19,no,1,-0.0067391696291118075,0.0067391696291118075
4723,5,19,no,2,-0.0135688738941242,0.0135688738941242
5888,5,20,no,1,-0.00692794968177024,0.00692794968177024
3152,3,11,no,8,-0.04690036192238556,0.04690036192238556
4724,5,19,no,1,-0.0068248316823924515,0.0068248316823924515
5889,5,20,no,8,-0.05482097140780151,0.05482097140780151
626,3,7,yes,2,0.0071450482054076225,0.0071450482054076225
5890,5,20,yes,2,0.013568873894124145,0.013568873894124145
4725,5,19,no,1,-0.0068484456234291224,0.0068484456234291224
3153,3,11,yes,5,0.02979656729143698,0.02979656729143698
627,3,7,no,6,0.019813460439170094,0.019813460439170094
5891,5,20,no,1,0.006824831682392396,0.006824831682392396
4726,5,19,no,2,-0.013757572045569044,0.013757572045569044
5892,5,20,no,14,-0.09232574836608048,0.09232574836608048
3154,3,11,no,1,-0.005833461048261657,0.005833461048261657
6581,5,21,yes,1,-0.001627234912458149,0.001627234912458149
5893,5,20,no,1,0.006308029388133907,0.006308029388133907
4727,5,19,no,9,0.06111485476169176,0.06111485476169176
4728,5,19,no,1,-0.0066701446519749075,0.0066701446519749075
5894,5,20,yes,1,0.006360174775013716,0.006360174775013716
5895,5,20,yes,1,0.006410485830370238,0.006410485830370238
5896,5,20,yes,1,-0.006410485830370238,0.006410485830370238
5897,5,20,yes,2,-0.012668204163147623,0.012668204163147623
6582,5,21,yes,12,0.02234916903282875,0.02234916903282875
4729,5,19,no,1,-0.006705817235090228,0.006705817235090228
2110,3,9,no,1,-0.0068484456234291224,0.0068484456234291224
4730,5,19,no,8,-0.054642862738022546,0.054642862738022546
4731,5,19,yes,14,0.09429815159656929,0.09429815159656929
4732,5,19,no,3,-0.0196471231064127,0.0196471231064127
5898,5,20,no,1,0.006308029388133907,0.006308029388133907
1366,3,8,yes,1,-0.005283976781832678,0.005283976781832678
5899,5,20,no,1,0.006360174775013716,0.006360174775013716
5900,5,20,yes,1,0.006410485830370238,0.006410485830370238
4733,5,19,yes,2,0.01314178935829402,0.01314178935829402
4734,5,19,no,1,-0.006549739658341158,0.006549739658341158
5901,5,20,yes,1,0.0064588943083875305,0.0064588943083875305
5902,5,20,yes,1,0.00650533374811868,0.00650533374811868
4735,5,19,no,1,-0.006592049699952862,0.006592049699952862
628,3,7,no,6,-0.019813460439170094,0.019813460439170094
629,3,7,no,1,0.0034694475658122448,0.0034694475658122448
4736,5,19,no,1,-0.006632203865068909,0.006632203865068909
5903,5,20,no,9,0.06028283031605641,0.06028283031605641
5904,5,20,yes,1,-0.006824831682392396,0.006824831682392396
5905,5,20,no,1,-0.006798721047609868,0.006798721047609868
4737,5,19,no,3,-0.020115131516176943,0.020115131516176943
6583,5,21,no,1,-0.0021133306609868174,0.0021133306609868174
3155,3,11,yes,16,-0.10104409063889064,0.10104409063889064
3156,3,11,yes,1,0.0066701446519749075,0.0066701446519749075
1367,3,8,yes,1,0.005283976781832678,0.005283976781832678
5906,5,20,no,5,-0.033517488227760295,0.033517488227760295
4738,5,19,no,11,-0.075626208514054,0.075626208514054
5907,5,20,yes,1,0.006632203865068964,0.006632203865068964
5908,5,20,no,3,-0.019773993223362818,0.019773993223362818
3157,3,11,yes,3,0.01977399322336293,0.01977399322336293
3158,3,11,no,1,-0.006549739658341158,0.006549739658341158
3159,3,11,yes,1,0.006549739658341158,0.006549739658341158
4739,5,19,no,3,0.020805237106252483,0.020805237106252483
4740,5,19,no,1,0.006917278298890772,0.006917278298890772
5909,5,20,yes,10,0.06713127593948554,0.06713127593948554
2111,3,9,no,1,0.0068484456234291224,0.0068484456234291224
3160,3,11,no,10,0.06274164546346106,0.06274164546346106
5910,5,20,no,1,-0.0068484456234291224,0.0068484456234291224
4741,5,19,yes,1,0.00690396986339592,0.00690396986339592
3161,3,11,no,1,-0.006022277489922678,0.006022277489922678
4742,5,19,yes,5,0.03422957039900043,0.03422957039900043
2112,3,9,no,1,0.0068248316823924515,0.0068248316823924515
4743,5,19,no,13,-0.08968537136180521,0.08968537136180521
630,3,7,no,1,-0.0034694475658122448,0.0034694475658122448
2113,3,9,no,1,0.0067987210476098126,0.0067987210476098126
4744,5,19,no,1,0.006941319797744205,0.006941319797744205
1368,3,8,no,1,0.0052119315902589,0.0052119315902589
5911,5,20,yes,1,-0.006824831682392396,0.006824831682392396
4745,5,19,yes,1,0.006943997948260672,0.006943997948260672
1369,3,8,no,1,0.0051393804018998734,0.0051393804018998734
631,3,7,no,1,-0.003537950757597441,0.003537950757597441
3162,3,11,yes,4,-0.024676449923514254,0.024676449923514254
4746,5,19,yes,5,0.03466651335340398,0.03466651335340398
4747,5,19,no,1,0.00690396986339592,0.00690396986339592
4748,5,19,no,1,-0.00690396986339592,0.00690396986339592
3163,3,11,yes,2,0.012452635921679889,0.012452635921679889
3164,3,11,no,1,0.00614129254867346,0.00614129254867346
1370,3,8,yes,1,0.005066392393269226,0.005066392393269226
2114,3,9,no,5,-0.03422957039900043,0.03422957039900043
4749,5,19,yes,2,0.013792014619873005,0.013792014619873005
1371,3,8,yes,2,-0.010205772795169099,0.010205772795169099
632,3,7,no,4,-0.014849258764971784,0.014849258764971784
4750,5,19,no,1,-0.006888044756477085,0.006888044756477085
2115,3,9,yes,8,-0.05545580096280478,0.05545580096280478
6584,5,21,yes,2,-0.0040819835152052925,0.0040819835152052925
4751,5,19,yes,1,0.006888044756477085,0.006888044756477085
2116,3,9,yes,1,0.006941319797744205,0.006941319797744205
6585,5,21,yes,1,-0.0019704136188763294,0.0019704136188763294
2117,3,9,yes,1,0.006943997948260672,0.006943997948260672
5912,5,20,no,1,0.006824831682392396,0.006824831682392396
5913,5,20,yes,1,-0.006824831682392396,0.006824831682392396
3165,3,11,no,1,-0.00614129254867346,0.00614129254867346
3166,3,11,yes,4,0.024206727188956,0.024206727188956
2118,3,9,no,10,0.06900133256819052,0.06900133256819052
4752,5,19,yes,1,0.006869527289091959,0.006869527289091959
5914,5,20,yes,2,-0.013568873894124145,0.013568873894124145
5915,5,20,no,1,-0.006739169629111863,0.006739169629111863
3167,3,11,yes,4,-0.024206727188956,0.024206727188956
3929,5,18,yes,18,0.02164360939911459,0.02164360939911459
3168,3,11,yes,3,0.018246091491757044,0.018246091491757044
633,3,7,yes,16,-0.07102362078964386,0.07102362078964386
4753,5,19,no,3,0.020471998353431387,0.020471998353431387
4754,5,19,no,1,-0.0067987210476098126,0.0067987210476098126
634,3,7,no,4,-0.020701681167260677,0.020701681167260677
4755,5,19,yes,5,0.03368400541030114,0.03368400541030114
635,3,7,yes,1,0.005283976781832678,0.005283976781832678
4756,5,19,yes,1,-0.0066701446519749075,0.0066701446519749075
3930,5,18,no,3,-0.004319135338202863,0.004319135338202863
5916,5,20,yes,1,-0.006705817235090283,0.006705817235090283
4757,5,19,yes,1,0.0066701446519749075,0.0066701446519749075
4758,5,19,no,5,-0.03368400541030114,0.03368400541030114
3931,5,18,no,10,-0.012266001264887,0.012266001264887
5917,5,20,yes,5,-0.032949471623456406,0.032949471623456406
636,3,7,yes,1,0.0052119315902589,0.0052119315902589
5918,5,20,yes,1,0.00650533374811868,0.00650533374811868
1372,3,8,no,2,-0.010495908372091578,0.010495908372091578
5919,5,20,no,20,-0.11938095928698228,0.11938095928698228
637,3,7,yes,9,0.04360402417984233,0.04360402417984233
5920,5,20,yes,4,0.0218437508442193,0.0218437508442193
638,3,7,yes,5,0.02163425315287293,0.02163425315287293
3169,3,11,no,2,-0.012104798943083583,0.012104798943083583
4759,5,19,yes,6,0.04031620927537005,0.04031620927537005
4760,5,19,yes,1,-0.006632203865068909,0.006632203865068909
4761,5,19,no,1,-0.0066701446519749075,0.0066701446519749075
1373,3,8,yes,13,-0.07488540531527821,0.07488540531527821
5921,5,20,yes,15,0.0910318746946443,0.0910318746946443
1374,3,8,no,11,0.06410369345644629,0.06410369345644629
6586,5,21,yes,1,-0.0019245274747760333,0.0019245274747760333
3932,5,18,yes,1,0.0010917613765485043,0.0010917613765485043
2119,3,9,yes,2,0.0135688738941242,0.0135688738941242
5922,5,20,yes,1,0.00650533374811868,0.00650533374811868
6587,5,21,yes,9,-0.015396749672099634,0.015396749672099634
5923,5,20,yes,1,0.006549739658341158,0.006549739658341158
4762,5,19,yes,1,-0.006705817235090228,0.006705817235090228
2120,3,9,yes,1,0.0067391696291118075,0.0067391696291118075
2121,3,9,yes,4,0.026600215452086906,0.026600215452086906
4763,5,19,no,13,0.08378680163080554,0.08378680163080554
2122,3,9,yes,1,0.006549739658341158,0.006549739658341158
4764,5,19,no,11,-0.0704108397437404,0.0704108397437404
2123,3,9,no,12,-0.08088884798505469,0.08088884798505469
5924,5,20,no,2,-0.013055073406459838,0.013055073406459838
4765,5,19,yes,5,0.03273822127986903,0.03273822127986903
4766,5,19,no,4,-0.02610601741480012,0.02610601741480012
4767,5,19,no,5,-0.03351748822776024,0.03351748822776024
3170,3,11,no,3,0.01806543464028254,0.01806543464028254
5925,5,20,no,1,-0.0064588943083875305,0.0064588943083875305
3171,3,11,no,1,-0.005960635697198957,0.005960635697198957
4768,5,19,yes,3,0.020215139710716423,0.020215139710716423
4769,5,19,no,7,-0.04755666535323977,0.04755666535323977
5926,5,20,yes,1,0.0064588943083875305,0.0064588943083875305
4770,5,19,no,1,0.006869527289091959,0.006869527289091959
3933,5,18,no,1,-0.0010917613765485043,0.0010917613765485043
5927,5,20,yes,1,0.00650533374811868,0.00650533374811868
4771,5,19,no,2,-0.013757572045569044,0.013757572045569044
5928,5,20,yes,18,-0.10859924742815036,0.10859924742815036
5929,5,20,yes,13,0.07655632937812629,0.07655632937812629
3172,3,11,no,1,0.005960635697198957,0.005960635697198957
4772,5,19,yes,7,0.047738892874626626,0.047738892874626626
5930,5,20,yes,1,0.006308029388133907,0.006308029388133907
5931,5,20,yes,1,0.006360174775013716,0.006360174775013716
6588,5,21,yes,1,0.0015497472996397268,0.0015497472996397268
1375,3,8,no,1,-0.005496366471083425,0.005496366471083425
4773,5,19,no,1,0.006705817235090228,0.006705817235090228
4774,5,19,yes,2,0.013302348517043816,0.013302348517043816
4775,5,19,yes,4,0.02610601741480012,0.02610601741480012
4776,5,19,no,1,-0.0064588943083874195,0.0064588943083874195
3173,3,11,yes,2,0.011731132651154441,0.011731132651154441
4777,5,19,no,2,0.012869380138757824,0.012869380138757824
4778,5,19,no,1,-0.006410485830370405,0.006410485830370405
5932,5,20,yes,7,0.045818851762214174,0.045818851762214174
2124,3,9,yes,3,0.020606017668998167,0.020606017668998167
5933,5,20,no,1,-0.0066701446519749075,0.0066701446519749075
4779,5,19,no,1,-0.0064588943083874195,0.0064588943083874195
6589,5,21,yes,8,-0.011389975609582888,0.011389975609582888
3174,3,11,no,2,-0.011731132651154441,0.011731132651154441
1376,3,8,yes,2,-0.011199782667865588,0.011199782667865588
2674,3,10,no,2,-0.0035416436425469433,0.0035416436425469433
4780,5,19,no,1,-0.00650533374811868,0.00650533374811868
4781,5,19,no,15,0.09190309828920129,0.09190309828920129
4782,5,19,no,1,-0.005701604461620269,0.005701604461620269
5934,5,20,yes,1,0.0066701446519749075,0.0066701446519749075
4783,5,19,no,1,-0.0057680800157665635,0.0057680800157665635
4784,5,19,no,7,-0.042136376247851826,0.042136376247851826
3175,3,11,no,14,-0.08847627438402295,0.08847627438402295
5935,5,20,no,1,-0.0066701446519749075,0.0066701446519749075
1377,3,8,yes,7,-0.041266251768823814,0.041266251768823814
5936,5,20,no,1,-0.006632203865068964,0.006632203865068964
6590,5,21,yes,1,-0.0012708013868579435,0.0012708013868579435
4785,5,19,no,1,-0.006254119513938505,0.006254119513938505
4786,5,19,no,1,-0.006308029388134018,0.006308029388134018
4787,5,19,no,1,-0.006360174775013605,0.006360174775013605
4788,5,19,no,13,-0.08650598982636215,0.08650598982636215
1378,3,8,yes,2,0.012104798943083583,0.012104798943083583
6591,5,21,yes,1,0.0012708013868579435,0.0012708013868579435
2125,3,9,no,5,0.03383869244071869,0.03383869244071869
4789,5,19,yes,6,0.04068713806414781,0.04068713806414781
3176,3,11,yes,1,0.006632203865068909,0.006632203865068909
1379,3,8,yes,13,0.07227460259751262,0.07227460259751262
4790,5,19,no,1,0.0066701446519749075,0.0066701446519749075
2126,3,9,no,1,-0.006705817235090228,0.006705817235090228
3177,3,11,yes,1,0.006592049699952862,0.006592049699952862
2127,3,9,yes,3,0.020008165752134044,0.020008165752134044
2128,3,9,yes,1,-0.006632203865068909,0.006632203865068909
5937,5,20,yes,1,0.006632203865068964,0.006632203865068964
3178,3,11,yes,1,0.006549739658341158,0.006549739658341158
2129,3,9,no,1,-0.0066701446519749075,0.0066701446519749075
5938,5,20,no,7,-0.04550888188525298,0.04550888188525298
3179,3,11,no,6,0.03829703756396263,0.03829703756396263
2130,3,9,no,1,-0.006705817235090228,0.006705817235090228
5939,5,20,yes,1,0.006360174775013716,0.006360174775013716
5940,5,20,no,1,-0.006360174775013716,0.006360174775013716
3180,3,11,no,1,0.0061985164077413835,0.0061985164077413835
2131,3,9,no,6,-0.04085084811814954,0.04085084811814954
5941,5,20,yes,14,-0.0828643587662602,0.0828643587662602
5942,5,20,no,2,0.011062038985387379,0.011062038985387379
4791,5,19,no,8,-0.054226810005214676,0.054226810005214676
2132,3,9,no,1,0.006869527289091959,0.006869527289091959
5943,5,20,yes,1,-0.00556567251430401,0.00556567251430401
4792,5,19,yes,6,0.04085084811814954,0.04085084811814954
5944,5,20,yes,1,0.00556567251430401,0.00556567251430401
5945,5,20,yes,1,-0.00556567251430401,0.00556567251430401
5946,5,20,yes,14,-0.07037801088184914,0.07037801088184914
3181,3,11,no,1,-0.0061985164077413835,0.0061985164077413835
5947,5,20,yes,10,0.048815955770101116,0.048815955770101116
5948,5,20,yes,2,0.010639422328994619,0.010639422328994619
5949,5,20,yes,9,0.051283868276359335,0.051283868276359335
5950,5,20,yes,13,0.08251563868682388,0.08251563868682388
4793,5,19,yes,1,0.006705817235090228,0.006705817235090228
4794,5,19,yes,4,0.026444137875337836,0.026444137875337836
1380,3,8,yes,3,-0.01563528877399145,0.01563528877399145
4795,5,19,no,4,-0.026444137875337836,0.026444137875337836
3800,5,17,yes,1,0.0010917613765485043,0.0010917613765485043
3801,5,17,no,1,-0.0010917613765485043,0.0010917613765485043
4796,5,19,yes,1,0.0066701446519749075,0.0066701446519749075
4797,5,19,yes,7,0.04550888188525304,0.04550888188525304
4798,5,19,no,1,-0.006360174775013605,0.006360174775013605
5951,5,20,yes,1,-0.006632203865068964,0.006632203865068964
4799,5,19,no,1,-0.006410485830370405,0.006410485830370405
4800,5,19,yes,1,0.006410485830370405,0.006410485830370405
5952,5,20,no,18,-0.11067899780105683,0.11067899780105683
5953,5,20,yes,6,0.03479556297930192,0.03479556297930192
5954,5,20,no,12,0.07588343482175491,0.07588343482175491
4801,5,19,yes,3,0.018922323677086128,0.018922323677086128
4802,5,19,no,1,-0.006254119513938505,0.006254119513938505
4803,5,19,no,12,-0.07870219563607839,0.07870219563607839
5955,5,20,no,10,-0.06377863587867139,0.06377863587867139
5956,5,20,no,1,-0.006082521453160961,0.006082521453160961
5957,5,20,no,1,-0.006022277489922567,0.006022277489922567
5958,5,20,yes,4,-0.023459848364119962,0.023459848364119962
5959,5,20,yes,1,0.0057680800157664525,0.0057680800157664525
6592,5,21,no,1,-0.0012708013868579435,0.0012708013868579435
4804,5,19,yes,5,0.03351748822776024,0.03351748822776024
4805,5,19,yes,1,-0.006632203865068909,0.006632203865068909
5960,5,20,yes,3,0.01769176834835351,0.01769176834835351
4806,5,19,no,3,-0.020115131516176943,0.020115131516176943
5961,5,20,yes,1,0.006022277489922567,0.006022277489922567
1381,3,8,no,3,-0.016278078329915346,0.016278078329915346
5962,5,20,yes,1,0.006082521453160961,0.006082521453160961
4807,5,19,no,8,0.05285335279604597,0.05285335279604597
5963,5,20,yes,12,0.07708098439571526,0.07708098439571526
5964,5,20,no,1,-0.0066701446519749075,0.0066701446519749075
1382,3,8,no,1,-0.005565672514303843,0.005565672514303843
4808,5,19,no,1,-0.0064588943083874195,0.0064588943083874195
4809,5,19,no,1,-0.00650533374811868,0.00650533374811868
4810,5,19,no,1,0.00650533374811868,0.00650533374811868
5965,5,20,no,1,-0.006632203865068964,0.006632203865068964
5966,5,20,no,2,-0.013141789358293854,0.013141789358293854
4811,5,19,yes,4,-0.02627932697148161,0.02627932697148161
3182,3,11,no,1,-0.006254119513938505,0.006254119513938505
4812,5,19,no,1,-0.0066701446519749075,0.0066701446519749075
6593,5,21,yes,7,-0.008050548917158513,0.008050548917158513
5967,5,20,yes,8,-0.05063684652037753,0.05063684652037753
5968,5,20,yes,2,0.0123398089564149,0.0123398089564149
5969,5,20,yes,1,0.006254119513938561,0.006254119513938561
5970,5,20,yes,1,0.006308029388133907,0.006308029388133907
5971,5,20,yes,9,0.058884843772318174,0.058884843772318174
4813,5,19,no,1,-0.006705817235090228,0.006705817235090228
6594,5,21,yes,6,0.006811300600145995,0.006811300600145995
6595,5,21,yes,6,0.007923178623797218,0.007923178623797218
6596,5,21,yes,8,0.012567344703654379,0.012567344703654379
1383,3,8,yes,1,0.005565672514303843,0.005565672514303843
3183,3,11,yes,1,0.006254119513938505,0.006254119513938505
4814,5,19,no,10,0.06519287316045219,0.06519287316045219
3184,3,11,yes,1,-0.006254119513938505,0.006254119513938505
2133,3,9,no,1,-0.006869527289091959,0.006869527289091959
4815,5,19,no,12,-0.07870219563607839,0.07870219563607839
2134,3,9,yes,6,-0.04151453002501626,0.04151453002501626
2135,3,9,yes,6,0.04151453002501626,0.04151453002501626
6597,5,21,yes,7,-0.01112788803039412,0.01112788803039412
5972,5,20,yes,6,-0.03965528885854669,0.03965528885854669
1384,3,8,no,1,-0.005565672514303843,0.005565672514303843
4816,5,19,yes,1,0.006770152846514388,0.006770152846514388
4817,5,19,no,11,0.071932042789564,0.071932042789564
4818,5,19,yes,10,-0.06519287316045219,0.06519287316045219
3185,3,11,yes,3,-0.019078689993518028,0.019078689993518028
5973,5,20,yes,5,-0.03179170381584395,0.03179170381584395
5974,5,20,no,1,0.006254119513938561,0.006254119513938561
6598,5,21,yes,18,0.03285041704944666,0.03285041704944666
6599,5,21,yes,9,-0.018180885376505612,0.018180885376505612
6600,5,21,yes,1,-0.0017920493269606846,0.0017920493269606846
1385,3,8,no,2,-0.011335714615182013,0.011335714615182013
4819,5,19,yes,1,0.006705817235090228,0.006705817235090228
5975,5,20,yes,1,0.006308029388133907,0.006308029388133907
5976,5,20,yes,7,0.04550888188525298,0.04550888188525298
5977,5,20,no,1,-0.006632203865068964,0.006632203865068964
5978,5,20,no,7,0.04714104095776256,0.04714104095776256
5979,5,20,no,15,-0.09857986788001905,0.09857986788001905
6601,5,21,yes,2,0.003627401114971923,0.003627401114971923
3186,3,11,no,1,0.006410485830370405,0.006410485830370405
4820,5,19,no,1,-0.006705817235090228,0.006705817235090228
4821,5,19,no,10,-0.06848809071868356,0.06848809071868356
6602,5,21,yes,1,0.0018795089279034921,0.0018795089279034921
4822,5,19,yes,5,0.03450676988962598,0.03450676988962598
4823,5,19,yes,1,0.0068484456234291224,0.0068484456234291224
3187,3,11,yes,1,0.006360174775013605,0.006360174775013605
4824,5,19,yes,1,0.0068248316823924515,0.0068248316823924515
5980,5,20,yes,1,0.006254119513938561,0.006254119513938561
6603,5,21,yes,1,-0.0018795089279034921,0.0018795089279034921
5981,5,20,no,2,0.012668204163147623,0.012668204163147623
3934,5,18,yes,11,0.013670238666348249,0.013670238666348249
6604,5,21,yes,13,-0.020718350503247787,0.020718350503247787
4825,5,19,no,1,0.0067987210476098126,0.0067987210476098126
5982,5,20,no,1,-0.006360174775013716,0.006360174775013716
2136,3,9,no,6,-0.04151453002501626,0.04151453002501626
5983,5,20,yes,3,0.019229554913771485,0.019229554913771485
5984,5,20,no,1,-0.0064588943083875305,0.0064588943083875305
5985,5,20,no,12,-0.07323726577107481,0.07323726577107481
5986,5,20,yes,1,0.0057680800157664525,0.0057680800157664525
5987,5,20,yes,1,0.005833461048261823,0.005833461048261823
3935,5,18,no,1,-0.0014042374014612488,0.0014042374014612488
3188,3,11,yes,1,0.006308029388134018,0.006308029388134018
5988,5,20,yes,1,0.005897671602892618,0.005897671602892618
5989,5,20,no,1,0.005960635697199068,0.005960635697199068
6605,5,21,no,14,0.02259785943115128,0.02259785943115128
3936,5,18,no,1,-0.0013697729675739914,0.0013697729675739914
4826,5,19,yes,6,0.0401095379277131,0.0401095379277131
2137,3,9,no,6,0.04151453002501626,0.04151453002501626
4827,5,19,yes,2,0.013055073406459838,0.013055073406459838
3189,3,11,no,2,-0.012668204163147623,0.012668204163147623
4828,5,19,no,1,0.0064588943083874195,0.0064588943083874195
4829,5,19,yes,1,0.006410485830370405,0.006410485830370405
5990,5,20,no,7,-0.04036123549360593,0.04036123549360593
2138,3,9,no,1,-0.006888044756477085,0.006888044756477085
5991,5,20,yes,1,0.00556567251430401,0.00556567251430401
6606,5,21,yes,1,-0.0018795089279034921,0.0018795089279034921
5992,5,20,yes,1,0.005634110153561633,0.005634110153561633
5993,5,20,no,1,-0.005634110153561633,0.005634110153561633
4830,5,19,no,1,-0.006410485830370405,0.006410485830370405
2139,3,9,yes,5,-0.034626485268539176,0.034626485268539176
4831,5,19,no,2,0.01277066060538401,0.01277066060538401
4832,5,19,yes,1,-0.006360174775013605,0.006360174775013605
4833,5,19,no,1,-0.006410485830370405,0.006410485830370405
6607,5,21,yes,1,-0.0018353517880112385,0.0018353517880112385
5994,5,20,no,9,0.05304165447105891,0.05304165447105891
4834,5,19,yes,1,-0.0064588943083874195,0.0064588943083874195
2140,3,9,no,1,0.00694131979774415,0.00694131979774415
2141,3,9,no,1,-0.00694131979774415,0.00694131979774415
6608,5,21,yes,5,0.009626974784061437,0.009626974784061437
5995,5,20,yes,15,0.09795355260536809,0.09795355260536809
5996,5,20,no,2,-0.013568873894124145,0.013568873894124145
5997,5,20,no,1,-0.006739169629111863,0.006739169629111863
5998,5,20,no,2,-0.01337596188706519,0.01337596188706519
3937,5,18,no,12,-0.014008905771186783,0.014008905771186783
6609,5,21,yes,1,0.0020648105407109485,0.0020648105407109485
4835,5,19,no,6,-0.039655288858546744,0.039655288858546744
6610,5,21,yes,3,-0.006052397134081622,0.006052397134081622
2142,3,9,yes,1,0.00694131979774415,0.00694131979774415
5999,5,20,yes,2,-0.01322425356502166,0.01322425356502166
4836,5,19,no,13,-0.08930937609142653,0.08930937609142653
4837,5,19,yes,5,0.03466651335340398,0.03466651335340398
4838,5,19,yes,1,0.00690396986339592,0.00690396986339592
6000,5,20,yes,1,-0.006549739658341158,0.006549739658341158
4839,5,19,yes,7,0.047738892874626626,0.047738892874626626
6001,5,20,yes,11,0.07400080322857766,0.07400080322857766
6002,5,20,no,5,-0.03411167848903779,0.03411167848903779
4840,5,19,yes,1,0.006705817235090228,0.006705817235090228
6611,5,21,yes,10,-0.017321277146875667,0.017321277146875667
6612,5,21,yes,13,0.02337367428095729,0.02337367428095729
6003,5,20,no,1,-0.006739169629111863,0.006739169629111863
6004,5,20,no,1,-0.006705817235090283,0.006705817235090283
4841,5,19,yes,7,0.04581885176221434,0.04581885176221434
6005,5,20,no,12,-0.07708098439571526,0.07708098439571526
4842,5,19,yes,4,-0.025924453545217663,0.025924453545217663
6006,5,20,yes,1,0.00614129254867346,0.00614129254867346
6007,5,20,yes,1,0.006198516407741439,0.006198516407741439
4843,5,19,yes,1,0.006549739658341158,0.006549739658341158
6008,5,20,no,11,-0.06480584339310436,0.06480584339310436
6009,5,20,yes,1,0.00556567251430401,0.00556567251430401
6613,5,21,yes,1,0.0021133306609868174,0.0021133306609868174
4844,5,19,no,13,0.08043341381181446,0.08043341381181446
6010,5,20,no,10,0.05924017087880035,0.05924017087880035
6011,5,20,no,1,-0.006198516407741439,0.006198516407741439
6012,5,20,yes,10,0.06426954719506689,0.06426954719506689
6614,5,21,yes,1,0.0021627369816222125,0.0021627369816222125
4845,5,19,no,4,-0.023714045838276077,0.023714045838276077
4846,5,19,no,1,-0.006082521453160905,0.006082521453160905
6013,5,20,yes,1,-0.006632203865068964,0.006632203865068964
4847,5,19,no,1,-0.00614129254867346,0.00614129254867346
4848,5,19,no,6,-0.037990220223585336,0.037990220223585336
2143,3,9,yes,1,0.006935967626738093,0.006935967626738093
3190,3,11,yes,1,0.006360174775013605,0.006360174775013605
6014,5,20,yes,1,-0.006592049699952696,0.006592049699952696
3938,5,18,yes,1,0.0010110847812301663,0.0010110847812301663
6615,5,21,yes,1,-0.0021627369816222125,0.0021627369816222125
4849,5,19,no,17,0.10209391368003162,0.10209391368003162
6015,5,20,yes,13,0.08816035648900022,0.08816035648900022
6016,5,20,no,4,-0.027578820207855848,0.027578820207855848
6017,5,20,no,1,-0.0068484456234291224,0.0068484456234291224
6018,5,20,no,1,-0.006824831682392396,0.006824831682392396
4850,5,19,no,6,-0.0339992946645975,0.0339992946645975
6019,5,20,yes,1,-0.006798721047609868,0.006798721047609868
6020,5,20,no,4,-0.02688528436269133,0.02688528436269133
4851,5,19,no,15,0.08024057720928368,0.08024057720928368
4852,5,19,no,1,-0.00484547836750715,0.00484547836750715
2675,3,10,yes,13,-0.02755380802024643,0.02755380802024643
6616,5,21,yes,5,0.011325557082797505,0.011325557082797505
6021,5,20,no,1,-0.006632203865068964,0.006632203865068964
6022,5,20,yes,4,0.026747335381246018,0.026747335381246018
4853,5,19,no,11,-0.05809195331612804,0.05809195331612804
4854,5,19,no,1,-0.005701604461620269,0.005701604461620269
6023,5,20,no,1,-0.006739169629111863,0.006739169629111863
6024,5,20,yes,13,-0.08378680163080554,0.08378680163080554
4855,5,19,no,8,-0.04790445626361839,0.04790445626361839
4856,5,19,no,9,-0.05807103078732556,0.05807103078732556
3191,3,11,no,4,0.024901957858487367,0.024901957858487367
6025,5,20,yes,1,0.00614129254867346,0.00614129254867346
4857,5,19,no,1,-0.0066701446519749075,0.0066701446519749075
3192,3,11,yes,1,-0.00614129254867346,0.00614129254867346
2144,3,9,no,12,0.0818640526057487,0.0818640526057487
4858,5,19,yes,1,0.0066701446519749075,0.0066701446519749075
3193,3,11,yes,9,-0.057637343329998036,0.057637343329998036
2145,3,9,no,13,-0.08880002023248679,0.08880002023248679
3194,3,11,yes,5,0.032516503245170525,0.032516503245170525
6026,5,20,no,1,0.006198516407741439,0.006198516407741439
2146,3,9,no,1,0.006935967626738093,0.006935967626738093
6617,5,21,yes,13,0.03602174463169727,0.03602174463169727
4859,5,19,yes,1,0.006632203865068909,0.006632203865068909
6618,5,21,no,1,-0.003137471938287534,0.003137471938287534
6619,5,21,yes,11,-0.03046113774171992,0.03046113774171992
4860,5,19,yes,19,0.1162446703153609,0.1162446703153609
3195,3,11,yes,1,0.006360174775013605,0.006360174775013605
6027,5,20,no,1,-0.006198516407741439,0.006198516407741439
4861,5,19,no,1,-0.005565672514303843,0.005565672514303843
3196,3,11,no,10,-0.06562401340142998,0.06562401340142998
6620,5,21,yes,14,-0.02934585734720721,0.02934585734720721
6028,5,20,no,6,-0.0359378598401105,0.0359378598401105
3197,3,11,yes,1,0.0067391696291118075,0.0067391696291118075
3198,3,11,yes,5,0.033149955110428064,0.033149955110428064
4862,5,19,no,4,-0.022937255679210233,0.022937255679210233
4863,5,19,no,8,-0.04886506410166269,0.04886506410166269
2147,3,9,yes,5,0.03450676988962598,0.03450676988962598
3199,3,11,yes,4,-0.026444137875337836,0.026444137875337836
2148,3,9,no,2,0.013673277305821574,0.013673277305821574
2149,3,9,yes,1,0.0067987210476098126,0.0067987210476098126
6029,5,20,yes,3,0.01769176834835351,0.01769176834835351
3200,3,11,yes,3,0.019894398216996678,0.019894398216996678
3201,3,11,no,2,0.013055073406459838,0.013055073406459838
6030,5,20,no,2,0.012104798943083528,0.012104798943083528
3202,3,11,yes,1,0.0064588943083874195,0.0064588943083874195
6031,5,20,no,12,0.07708098439571526,0.07708098439571526
6032,5,20,yes,8,-0.05217902653722789,0.05217902653722789
4864,5,19,no,1,-0.006360174775013605,0.006360174775013605
3203,3,11,yes,1,0.006410485830370405,0.006410485830370405
6033,5,20,no,4,0.025734888661890165,0.025734888661890165
4865,5,19,no,9,-0.059263838626416376,0.059263838626416376
6034,5,20,no,1,0.006549739658341158,0.006549739658341158
2150,3,9,no,1,-0.0067987210476098126,0.0067987210476098126
4866,5,19,no,1,0.0067391696291118075,0.0067391696291118075
3204,3,11,yes,6,0.03734465408666188,0.03734465408666188
6621,5,21,yes,5,0.009401851136527778,0.009401851136527778
6035,5,20,yes,1,-0.006549739658341158,0.006549739658341158
3802,5,17,yes,2,0.0022116873129396156,0.0022116873129396156
2151,3,9,yes,1,0.0067987210476098126,0.0067987210476098126
4867,5,19,yes,12,0.07764550908213208,0.07764550908213208
2152,3,9,no,1,-0.0067987210476098126,0.0067987210476098126
6036,5,20,yes,1,-0.00650533374811868,0.00650533374811868
4868,5,19,no,1,-0.0061985164077413835,0.0061985164077413835
3803,5,17,no,1,-0.0011199259363911113,0.0011199259363911113
2153,3,9,yes,2,0.0135688738941242,0.0135688738941242
6037,5,20,no,10,-0.06219694741254145,0.06219694741254145
4869,5,19,no,1,-0.006254119513938505,0.006254119513938505
6038,5,20,yes,12,0.07525202081900129,0.07525202081900129
4870,5,19,no,7,0.042557034713528674,0.042557034713528674
4871,5,19,yes,12,0.0654826876906901,0.0654826876906901
6622,5,21,no,1,-0.0019704136188763294,0.0019704136188763294
6039,5,20,no,5,-0.03228462832023132,0.03228462832023132
4872,5,19,yes,13,-0.07138035929358288,0.07138035929358288
2154,3,9,yes,1,-0.006770152846514388,0.006770152846514388
2155,3,9,yes,1,-0.0067987210476098126,0.0067987210476098126
6623,5,21,yes,1,-0.0019245274747760333,0.0019245274747760333
3205,3,11,yes,1,0.006022277489922678,0.006022277489922678
4873,5,19,yes,1,0.0058976716028927845,0.0058976716028927845
6040,5,20,no,1,0.006360174775013716,0.006360174775013716
4874,5,19,no,4,-0.023963106243175325,0.023963106243175325
6041,5,20,no,1,-0.006360174775013716,0.006360174775013716
3804,5,17,no,1,-0.0010917613765485043,0.0010917613765485043
6624,5,21,yes,13,0.028850372370784236,0.028850372370784236
6625,5,21,yes,1,0.0025900635645267206,0.0025900635645267206
4875,5,19,yes,7,0.041266251768823814,0.041266251768823814
4876,5,19,yes,12,-0.07252838440232479,0.07252838440232479
6042,5,20,no,1,-0.006308029388133907,0.006308029388133907
2676,3,10,yes,1,0.002423134951689776,0.002423134951689776
4877,5,19,no,14,0.08372816707019037,0.08372816707019037
4878,5,19,no,1,-0.005565672514303843,0.005565672514303843
3206,3,11,no,1,-0.006022277489922678,0.006022277489922678
4879,5,19,no,2,-0.011335714615182013,0.011335714615182013
3805,5,17,yes,1,0.0010917613765485043,0.0010917613765485043
6043,5,20,yes,5,0.03204291805002407,0.03204291805002407
4880,5,19,no,1,-0.0057680800157665635,0.0057680800157665635
3806,5,17,no,1,-0.0010917613765485043,0.0010917613765485043
4881,5,19,no,1,-0.005833461048261657,0.005833461048261657
4882,5,19,yes,4,-0.023963106243175325,0.023963106243175325
4883,5,19,yes,1,0.006082521453160905,0.006082521453160905
6626,5,21,yes,6,0.01677631001416352,0.01677631001416352
4884,5,19,yes,1,0.006022277489922678,0.006022277489922678
4885,5,19,no,13,-0.08251563868682399,0.08251563868682399
4886,5,19,yes,1,0.006632203865068909,0.006632203865068909
6627,5,21,no,1,-0.0029474764738244563,0.0029474764738244563
4887,5,19,no,1,0.006592049699952862,0.006592049699952862
6628,5,21,yes,1,-0.002885778044461579,0.002885778044461579
6044,5,20,yes,11,-0.06870228116066013,0.06870228116066013
6045,5,20,no,5,-0.02883492728210285,0.02883492728210285
6046,5,20,yes,1,0.005634110153561633,0.005634110153561633
6047,5,20,yes,1,0.005701604461620324,0.005701604461620324
4888,5,19,yes,2,0.013055073406459838,0.013055073406459838
6629,5,21,no,14,-0.034406566822330786,0.034406566822330786
2677,3,10,no,1,-0.002423134951689776,0.002423134951689776
4889,5,19,yes,5,0.03179170381584395,0.03179170381584395
6048,5,20,yes,2,-0.011335714615181958,0.011335714615181958
2678,3,10,no,2,-0.0050114250664524684,0.0050114250664524684
4890,5,19,yes,5,-0.03179170381584395,0.03179170381584395
4891,5,19,no,1,0.0064588943083874195,0.0064588943083874195
3939,5,18,yes,1,0.0010373521350486442,0.0010373521350486442
4892,5,19,yes,1,0.006410485830370405,0.006410485830370405
3207,3,11,yes,1,0.006022277489922678,0.006022277489922678
6049,5,20,yes,1,0.005634110153561633,0.005634110153561633
6630,5,21,no,1,0.0021133306609868174,0.0021133306609868174
6050,5,20,no,1,-0.005634110153561633,0.005634110153561633
6051,5,20,no,11,0.06549429039273891,0.06549429039273891
3940,5,18,yes,2,0.0021560019341434686,0.0021560019341434686
6052,5,20,yes,1,-0.006254119513938561,0.006254119513938561
6631,5,21,no,1,-0.0021133306609868174,0.0021133306609868174
2156,3,9,yes,1,0.0067987210476098126,0.0067987210476098126
2157,3,9,no,1,0.006770152846514388,0.006770152846514388
2679,3,10,no,1,0.002533534559738704,0.002533534559738704
6053,5,20,yes,1,-0.006198516407741439,0.006198516407741439
3941,5,18,no,13,-0.012219095443195428,0.012219095443195428
3208,3,11,yes,3,-0.018246091491757044,0.018246091491757044
4893,5,19,no,6,0.03734465408666188,0.03734465408666188
4894,5,19,no,12,0.06794556809527652,0.06794556809527652
6054,5,20,no,1,-0.00614129254867346,0.00614129254867346
6055,5,20,yes,11,-0.06338866721944286,0.06338866721944286
2680,3,10,no,1,-0.002533534559738704,0.002533534559738704
4895,5,19,no,1,-0.005283976781832678,0.005283976781832678
3807,5,17,yes,10,0.012266001264887,0.012266001264887
4896,5,19,no,5,-0.027477860997780934,0.027477860997780934
3209,3,11,yes,3,0.018246091491757044,0.018246091491757044
6056,5,20,yes,12,0.06952995976811632,0.06952995976811632
4897,5,19,no,1,-0.005701604461620269,0.005701604461620269
4898,5,19,yes,1,-0.0057680800157665635,0.0057680800157665635
6057,5,20,yes,4,0.025120840084827623,0.025120840084827623
4899,5,19,no,2,-0.011731132651154441,0.011731132651154441
3808,5,17,no,13,-0.015378678738760775,0.015378678738760775
4900,5,19,no,1,0.0058976716028927845,0.0058976716028927845
6058,5,20,no,1,-0.006360174775013716,0.006360174775013716
3210,3,11,no,1,-0.006022277489922678,0.006022277489922678
6059,5,20,yes,1,-0.006308029388133907,0.006308029388133907
4901,5,19,no,9,-0.0552252388766763,0.0552252388766763
6632,5,21,yes,2,0.00427606764260903,0.00427606764260903
2681,3,10,no,1,-0.0025900635645267345,0.0025900635645267345
2682,3,10,yes,13,0.02951590846053498,0.02951590846053498
6060,5,20,yes,1,-0.006254119513938561,0.006254119513938561
4902,5,19,yes,6,0.03734465408666188,0.03734465408666188
4903,5,19,yes,6,-0.03734465408666188,0.03734465408666188
4904,5,19,yes,14,0.08372816707019037,0.08372816707019037
3942,5,18,yes,6,0.005132964914854859,0.005132964914854859
6633,5,21,yes,1,0.0022130324091241965,0.0022130324091241965
4905,5,19,yes,1,-0.005565672514303843,0.005565672514303843
4906,5,19,no,10,-0.0592401708788004,0.0592401708788004
4907,5,19,yes,5,0.030405243596697384,0.030405243596697384
4908,5,19,no,12,-0.07525202081900118,0.07525202081900118
6634,5,21,yes,6,0.014384347710193354,0.014384347710193354
4909,5,19,no,7,-0.046908258975322914,0.046908258975322914
4910,5,19,yes,14,0.0917550361976267,0.0917550361976267
3809,5,17,yes,1,0.0010110847812301663,0.0010110847812301663
4911,5,19,yes,2,0.012339808956414844,0.012339808956414844
4912,5,19,yes,1,0.006082521453160905,0.006082521453160905
4913,5,19,yes,3,-0.01842233040957575,0.01842233040957575
6635,5,21,no,1,-0.002533534559738787,0.002533534559738787
3211,3,11,no,4,-0.024676449923514254,0.024676449923514254
2683,3,10,no,1,0.0019245274747758945,0.0019245274747758945
6636,5,21,no,9,0.024909909217484136,0.024909909217484136
6637,5,21,no,1,-0.003010001079055108,0.003010001079055108
6638,5,21,no,1,-0.0029474764738244563,0.0029474764738244563
4914,5,19,yes,1,-0.006254119513938505,0.006254119513938505
3810,5,17,yes,5,0.005462025591101517,0.005462025591101517
4915,5,19,no,1,-0.006308029388134018,0.006308029388134018
6639,5,21,yes,1,0.0029474764738244563,0.0029474764738244563
3811,5,17,no,1,-0.0011487455855182932,0.0011487455855182932
6640,5,21,no,1,-0.0029474764738244563,0.0029474764738244563
6061,5,20,no,1,-0.006198516407741439,0.006198516407741439
2684,3,10,no,1,0.0018795089279035615,0.0018795089279035615
6062,5,20,yes,12,0.07764550908213208,0.07764550908213208
3943,5,18,yes,4,0.003892776459148456,0.003892776459148456
6063,5,20,no,1,-0.006705817235090283,0.006705817235090283
6064,5,20,no,1,-0.0066701446519749075,0.0066701446519749075
6065,5,20,yes,1,-0.006632203865068964,0.006632203865068964
6066,5,20,no,5,-0.0325165032451703,0.0325165032451703
3944,5,18,yes,12,0.014367593957530608,0.014367593957530608
3812,5,17,yes,2,0.0023269772480348574,0.0023269772480348574
6067,5,20,no,5,-0.03126213263350108,0.03126213263350108
3945,5,18,yes,15,0.02512302755722965,0.02512302755722965
3212,3,11,yes,3,-0.019078689993518028,0.019078689993518028
3946,5,18,no,1,-0.0019704136188763294,0.0019704136188763294
3947,5,18,no,1,-0.0019245274747760333,0.0019245274747760333
6641,5,21,no,1,-0.002885778044461579,0.002885778044461579
4916,5,19,yes,14,0.0828643587662602,0.0828643587662602
4917,5,19,no,8,-0.04585760196468924,0.04585760196468924
3813,5,17,yes,1,-0.0011782316625165642,0.0011782316625165642
4918,5,19,no,1,0.005960635697198957,0.005960635697198957
4919,5,19,no,9,0.05067867812632221,0.05067867812632221
4920,5,19,no,2,-0.010781711858831922,0.010781711858831922
4921,5,19,no,7,-0.039896966267490286,0.039896966267490286
6068,5,20,yes,11,0.07041083974374035,0.07041083974374035
3814,5,17,no,2,-0.0022686715219094045,0.0022686715219094045
3948,5,18,no,1,-0.0018795089279034921,0.0018795089279034921
4922,5,19,no,8,-0.04932756727378351,0.04932756727378351
6069,5,20,yes,1,0.0066701446519749075,0.0066701446519749075
3949,5,18,no,1,-0.0018353517880112385,0.0018353517880112385
4923,5,19,no,1,0.006360174775013605,0.006360174775013605
6070,5,20,no,1,-0.0066701446519749075,0.0066701446519749075
3950,5,18,no,13,-0.020219051430619542,0.020219051430619542
6071,5,20,no,1,-0.006632203865068964,0.006632203865068964
6072,5,20,no,12,-0.07588343482175491,0.07588343482175491
6642,5,21,yes,1,0.002885778044461579,0.002885778044461579
6643,5,21,yes,15,0.05112099662172828,0.05112099662172828
4924,5,19,yes,2,-0.01277066060538401,0.01277066060538401
6644,5,21,no,1,-0.003889511089587072,0.003889511089587072
6645,5,21,yes,8,0.0331507910994738,0.0331507910994738
6646,5,21,no,1,-0.004400521639892407,0.004400521639892407
4925,5,19,no,12,0.07323726577107492,0.07323726577107492
6073,5,20,yes,1,0.006022277489922567,0.006022277489922567
6647,5,21,no,1,0.004400521639892407,0.004400521639892407
3951,5,18,yes,1,-0.0013030658355085226,0.0013030658355085226
6074,5,20,no,1,-0.006022277489922567,0.006022277489922567
4926,5,19,no,1,-0.0057680800157665635,0.0057680800157665635
6648,5,21,yes,1,-0.004400521639892407,0.004400521639892407
4927,5,19,no,3,-0.0176917683483534,0.0176917683483534
4928,5,19,no,8,-0.04977741740695496,0.04977741740695496
6649,5,21,no,1,-0.004326632768974686,0.004326632768974686
6650,5,21,no,2,-0.008432520438509145,0.008432520438509145
6075,5,20,no,1,-0.005960635697199068,0.005960635697199068
6076,5,20,no,1,-0.005897671602892618,0.005897671602892618
3213,3,11,yes,2,0.01277066060538401,0.01277066060538401
6651,5,21,yes,17,0.08108963125196875,0.08108963125196875
4929,5,19,yes,1,0.006410485830370405,0.006410485830370405
6652,5,21,no,5,-0.026057126714422535,0.026057126714422535
3952,5,18,yes,6,0.00832802685666837,0.00832802685666837
6653,5,21,no,1,-0.004993035387778344,0.004993035387778344
6654,5,21,yes,1,-0.004919375763308059,0.004919375763308059
6655,5,21,yes,1,-0.004845478367507289,0.004845478367507289
6656,5,21,yes,8,-0.03609505673214802,0.03609505673214802
6077,5,20,yes,1,0.005897671602892618,0.005897671602892618
6078,5,20,no,4,-0.023200817128541218,0.023200817128541218
6079,5,20,yes,1,0.005701604461620324,0.005701604461620324
4930,5,19,no,1,0.006360174775013605,0.006360174775013605
6080,5,20,yes,14,-0.07341044258604937,0.07341044258604937
4931,5,19,yes,4,0.024901957858487367,0.024901957858487367
6657,5,21,yes,9,-0.03501993330387393,0.03501993330387393
6658,5,21,no,1,-0.0035379507575973856,0.0035379507575973856
4932,5,19,yes,5,0.02979656729143698,0.02979656729143698
4933,5,19,no,7,-0.042136376247851826,0.042136376247851826
6081,5,20,no,1,0.004771406440793768,0.004771406440793768
6659,5,21,no,1,-0.0034694475658122448,0.0034694475658122448
6660,5,21,no,4,-0.013206540935070482,0.013206540935070482
6082,5,20,yes,1,0.004845478367507289,0.004845478367507289
3815,5,17,yes,2,0.0022686715219094045,0.0022686715219094045
6661,5,21,no,1,-0.003137471938287534,0.003137471938287534
6083,5,20,yes,1,0.004919375763308059,0.004919375763308059
6084,5,20,yes,2,-0.009764854130815348,0.009764854130815348
6085,5,20,yes,1,0.004845478367507289,0.004845478367507289
3953,5,18,no,8,-0.010838076560538833,0.010838076560538833
3816,5,17,no,10,-0.010266802793266035,0.010266802793266035
4934,5,19,no,2,-0.012562148902072523,0.012562148902072523
4935,5,19,yes,15,-0.09973569189046771,0.09973569189046771
6086,5,20,yes,1,0.004919375763308059,0.004919375763308059
4936,5,19,yes,1,0.006869527289091959,0.006869527289091959
4937,5,19,yes,4,0.027242151199945774,0.027242151199945774
3214,3,11,yes,1,0.006308029388134018,0.006308029388134018
4938,5,19,yes,3,0.020115131516176943,0.020115131516176943
6662,5,21,no,5,-0.014741511788290529,0.014741511788290529
4939,5,19,yes,1,-0.0066701446519749075,0.0066701446519749075
3215,3,11,no,1,0.006254119513938505,0.006254119513938505
6087,5,20,yes,1,0.004993035387778344,0.004993035387778344
6088,5,20,yes,3,0.015417704385427916,0.015417704385427916
4940,5,19,yes,1,0.0066701446519749075,0.0066701446519749075
4941,5,19,yes,1,0.006632203865068909,0.006632203865068909
6663,5,21,yes,9,0.02768390963763112,0.02768390963763112
6089,5,20,yes,1,0.005283976781832733,0.005283976781832733
6090,5,20,yes,1,0.005355445547161886,0.005355445547161886
6091,5,20,yes,1,0.005426266311670036,0.005426266311670036
6664,5,21,no,1,-0.003334478476924113,0.003334478476924113
6092,5,20,yes,1,0.005496366471083369,0.005496366471083369
3954,5,18,yes,2,0.0025100497038704622,0.0025100497038704622
4942,5,19,no,6,-0.04031620927537005,0.04031620927537005
4943,5,19,yes,1,0.0067987210476098126,0.0067987210476098126
4944,5,19,yes,1,-0.0067987210476098126,0.0067987210476098126
4945,5,19,yes,8,0.05345799863366407,0.05345799863366407
6665,5,21,no,1,-0.0032680614992418033,0.0032680614992418033
3216,3,11,no,2,-0.012562148902072523,0.012562148902072523
4946,5,19,no,20,0.11938095928698222,0.11938095928698222
4947,5,19,no,3,0.01563528877399145,0.01563528877399145
6093,5,20,yes,5,0.028502928193514243,0.028502928193514243
6666,5,21,yes,6,0.020618650771403096,0.020618650771403096
4948,5,19,yes,1,-0.0051393804018998734,0.0051393804018998734
3955,5,18,no,8,-0.009321350304016457,0.009321350304016457
6667,5,21,yes,1,-0.003607097447810126,0.003607097447810126
4949,5,19,no,15,-0.08538131368736979,0.08538131368736979
3217,3,11,yes,1,0.006308029388134018,0.006308029388134018
4950,5,19,yes,1,-0.0061985164077413835,0.0061985164077413835
6668,5,21,yes,3,-0.010409013347427054,0.010409013347427054
6094,5,20,yes,1,0.005897671602892618,0.005897671602892618
6095,5,20,no,18,-0.09560687679995825,0.09560687679995825
6096,5,20,yes,1,0.004697221546987984,0.004697221546987984
6097,5,20,yes,1,0.004771406440793768,0.004771406440793768
3218,3,11,no,2,-0.012668204163147623,0.012668204163147623
6098,5,20,yes,3,0.014757889518593692,0.014757889518593692
3956,5,18,yes,14,0.017649377160684827,0.017649377160684827
6099,5,20,yes,1,0.005066392393269115,0.005066392393269115
6669,5,21,yes,1,0.0034016150240174237,0.0034016150240174237
6100,5,20,no,1,-0.005066392393269115,0.005066392393269115
6101,5,20,no,1,-0.004993035387778344,0.004993035387778344
6670,5,21,no,1,-0.0034016150240174237,0.0034016150240174237
6102,5,20,yes,2,-0.009764854130815348,0.009764854130815348
6103,5,20,yes,2,0.009764854130815348,0.009764854130815348
4951,5,19,yes,14,0.08108392172301959,0.08108392172301959
6671,5,21,no,1,-0.003334478476924113,0.003334478476924113
3957,5,18,no,1,-0.0014754412634813557,0.0014754412634813557
6104,5,20,no,1,-0.004919375763308059,0.004919375763308059
4952,5,19,no,7,-0.038947545475167766,0.038947545475167766
3958,5,18,yes,1,0.0014754412634813557,0.0014754412634813557
6105,5,20,yes,8,0.041395804177178974,0.041395804177178974
6106,5,20,yes,1,0.005496366471083369,0.005496366471083369
6672,5,21,yes,1,-0.0032680614992418033,0.0032680614992418033
4953,5,19,no,8,-0.04839049576179033,0.04839049576179033
3959,5,18,yes,7,-0.009598828243526314,0.009598828243526314
6107,5,20,yes,1,0.00556567251430401,0.00556567251430401
6108,5,20,no,8,-0.04254543201147995,0.04254543201147995
6109,5,20,no,7,-0.0333982513846732,0.0333982513846732
6110,5,20,yes,2,0.009171733878297755,0.009171733878297755
3960,5,18,no,1,-0.0012392483170125188,0.0012392483170125188
6111,5,20,yes,1,0.004697221546987984,0.004697221546987984
3961,5,18,no,8,-0.008859737516424805,0.008859737516424805
3962,5,18,yes,1,0.0010110847812301663,0.0010110847812301663
4954,5,19,no,1,-0.006308029388134018,0.006308029388134018
6112,5,20,no,1,0.004771406440793768,0.004771406440793768
4955,5,19,no,1,-0.006360174775013605,0.006360174775013605
6113,5,20,yes,11,0.05730332153007364,0.05730332153007364
4956,5,19,no,1,0.006360174775013605,0.006360174775013605
4957,5,19,no,8,-0.052179026537227946,0.052179026537227946
4958,5,19,yes,1,0.0066701446519749075,0.0066701446519749075
4959,5,19,yes,9,0.05807103078732556,0.05807103078732556
4960,5,19,no,1,-0.006254119513938505,0.006254119513938505
6673,5,21,yes,3,-0.009413195890696807,0.009413195890696807
6114,5,20,yes,1,0.005634110153561633,0.005634110153561633
4961,5,19,yes,1,0.006254119513938505,0.006254119513938505
3219,3,11,no,1,-0.006410485830370405,0.006410485830370405
6115,5,20,no,1,-0.005634110153561633,0.005634110153561633
6674,5,21,yes,6,-0.017138838231577927,0.017138838231577927
6116,5,20,yes,1,-0.00556567251430401,0.00556567251430401
4962,5,19,no,14,0.08108392172301959,0.08108392172301959
4963,5,19,no,1,-0.00535544554716183,0.00535544554716183
4964,5,19,no,2,-0.010922632782753516,0.010922632782753516
6117,5,20,yes,2,-0.010922632782753405,0.010922632782753405
4965,5,19,yes,4,0.021562055111748024,0.021562055111748024
4966,5,19,no,1,-0.005283976781832678,0.005283976781832678
4967,5,19,yes,9,-0.05067867812632221,0.05067867812632221
3817,5,17,yes,1,0.0009120007430160615,0.0009120007430160615
6118,5,20,yes,7,-0.03596953786550894,0.03596953786550894
6119,5,20,yes,9,0.046892170648262343,0.046892170648262343
4968,5,19,no,7,-0.04296739249876991,0.04296739249876991
4969,5,19,no,1,-0.006360174775013605,0.006360174775013605
6120,5,20,no,1,-0.005496366471083369,0.005496366471083369
6121,5,20,no,20,-0.09465610019140963,0.09465610019140963
6122,5,20,no,3,-0.011669012817053515,0.011669012817053515
6123,5,20,yes,1,0.003818099192726798,0.003818099192726798
6124,5,20,yes,1,0.003889511089587072,0.003889511089587072
6125,5,20,yes,3,0.012101605162510493,0.012101605162510493
6126,5,20,yes,1,0.004179558286804497,0.004179558286804497
4970,5,19,yes,1,0.006360174775013605,0.006360174775013605
3220,3,11,yes,4,-0.02610601741480012,0.02610601741480012
6127,5,20,no,1,0.004252962151704648,0.004252962151704648
6128,5,20,yes,3,0.013201732714363867,0.013201732714363867
6675,5,21,no,2,0.0054706644608095295,0.0054706644608095295
6129,5,20,yes,1,-0.004474578305496774,0.004474578305496774
4971,5,19,no,1,-0.006360174775013605,0.006360174775013605
6130,5,20,yes,2,-0.008727154408867094,0.008727154408867094
6131,5,20,no,1,0.004326632768974686,0.004326632768974686
6676,5,21,no,8,0.024349431160707008,0.024349431160707008
4972,5,19,no,1,0.006360174775013605,0.006360174775013605
3221,3,11,yes,3,0.0196471231064127,0.0196471231064127
4973,5,19,no,2,0.012562148902072523,0.012562148902072523
3222,3,11,yes,3,0.01922955491377143,0.01922955491377143
6132,5,20,yes,1,0.004400521639892407,0.004400521639892407
3223,3,11,no,1,-0.006360174775013605,0.006360174775013605
6677,5,21,yes,11,-0.03246756848315724,0.03246756848315724
3224,3,11,yes,1,0.006360174775013605,0.006360174775013605
4974,5,19,yes,2,0.012339808956414844,0.012339808956414844
6133,5,20,yes,3,0.013646312183794529,0.013646312183794529
3818,5,17,yes,15,0.016890597449105073,0.016890597449105073
6134,5,20,yes,6,0.02929290989964456,0.02929290989964456
6135,5,20,no,8,-0.038464643777942314,0.038464643777942314
3819,5,17,no,8,-0.009804466920764504,0.009804466920764504
4975,5,19,no,7,0.041266251768823814,0.041266251768823814
4976,5,19,no,13,-0.07893887023269519,0.07893887023269519
3820,5,17,no,6,-0.006150234172573231,0.006150234172573231
6136,5,20,yes,1,0.004548750366815624,0.004548750366815624
6137,5,20,no,1,0.004622983511482132,0.004622983511482132
3963,5,18,yes,1,0.0010373521350486442,0.0010373521350486442
6138,5,20,no,7,-0.030805987031170767,0.030805987031170767
6139,5,20,yes,1,0.004179558286804497,0.004179558286804497
6140,5,20,yes,1,0.004252962151704648,0.004252962151704648
6141,5,20,yes,10,0.04659998409903707,0.04659998409903707
6142,5,20,no,2,-0.009912411151086403,0.009912411151086403
6678,5,21,no,1,-0.0025900635645267206,0.0025900635645267206
4977,5,19,yes,10,0.0616357247070467,0.0616357247070467
6679,5,21,yes,8,-0.018760117100939763,0.018760117100939763
3964,5,18,yes,1,0.0010642405575949643,0.0010642405575949643
4978,5,19,no,8,-0.04886506410166269,0.04886506410166269
6680,5,21,no,1,0.0021627369816222125,0.0021627369816222125
4979,5,19,yes,1,0.006308029388134018,0.006308029388134018
6143,5,20,yes,1,-0.004845478367507289,0.004845478367507289
6681,5,21,yes,4,0.009162820101175292,0.009162820101175292
6144,5,20,yes,5,0.024963662313762763,0.024963662313762763
6145,5,20,no,1,-0.005139380401899957,0.005139380401899957
3225,3,11,no,1,0.006308029388134018,0.006308029388134018
6146,5,20,no,9,0.04881475423339279,0.04881475423339279
6682,5,21,yes,1,0.0024231349516898176,0.0024231349516898176
4980,5,19,no,20,-0.13368096387913575,0.13368096387913575
4981,5,19,no,3,-0.02082128537274297,0.02082128537274297
6147,5,20,no,1,-0.005701604461620324,0.005701604461620324
4982,5,19,no,3,0.02082128537274297,0.02082128537274297
4983,5,19,no,8,-0.05548779872614684,0.05548779872614684
4984,5,19,yes,1,0.006917278298890717,0.006917278298890717
4985,5,19,yes,1,0.00692794968177024,0.00692794968177024
4986,5,19,no,1,0.006935967626738038,0.006935967626738038
6683,5,21,yes,13,0.0368009956148946,0.0368009956148946
4987,5,19,yes,6,0.04163455280051809,0.04163455280051809
6148,5,20,no,1,-0.005634110153561633,0.005634110153561633
4988,5,19,yes,1,0.006917278298890772,0.006917278298890772
4989,5,19,yes,3,0.020661541908964964,0.020661541908964964
4990,5,19,yes,1,0.0068484456234291224,0.0068484456234291224
6149,5,20,yes,16,-0.08041826170164992,0.08041826170164992
6150,5,20,yes,5,0.02311494017157628,0.02311494017157628
4991,5,19,yes,9,0.060282830316056524,0.060282830316056524
4992,5,19,no,2,-0.01314178935829402,0.01314178935829402
6684,5,21,yes,1,-0.003202385934887142,0.003202385934887142
6685,5,21,no,2,-0.006210809955809665,0.006210809955809665
4993,5,19,yes,1,0.006592049699952862,0.006592049699952862
4994,5,19,yes,1,0.006549739658341158,0.006549739658341158
3821,5,17,yes,1,0.0009603681248038787,0.0009603681248038787
6151,5,20,yes,2,0.009764854130815348,0.009764854130815348
4995,5,19,no,1,0.00650533374811868,0.00650533374811868
6686,5,21,yes,1,-0.003010001079055108,0.003010001079055108
6152,5,20,yes,1,0.004993035387778344,0.004993035387778344
3226,3,11,no,1,0.006254119513938505,0.006254119513938505
4996,5,19,no,6,0.037990220223585336,0.037990220223585336
3227,3,11,no,1,0.0061985164077413835,0.0061985164077413835
4997,5,19,no,8,-0.051045293630045174,0.051045293630045174
6153,5,20,no,12,-0.05503250453754621,0.05503250453754621
6154,5,20,no,5,-0.019809215444824363,0.019809215444824363
6155,5,20,yes,1,0.003818099192726798,0.003818099192726798
6156,5,20,yes,16,0.07102362078964378,0.07102362078964378
4998,5,19,yes,1,0.006549739658341158,0.006549739658341158
6157,5,20,yes,1,-0.004993035387778344,0.004993035387778344
6158,5,20,no,6,-0.028405215996894856,0.028405215996894856
6159,5,20,yes,1,0.004548750366815624,0.004548750366815624
4999,5,19,yes,1,0.00650533374811868,0.00650533374811868
6687,5,21,yes,1,0.003010001079055108,0.003010001079055108
3822,5,17,yes,1,0.0009854271973470732,0.0009854271973470732
6160,5,20,yes,5,0.023856465630079232,0.023856465630079232
6161,5,20,yes,1,0.004993035387778344,0.004993035387778344
5000,5,19,yes,1,0.0064588943083874195,0.0064588943083874195
6162,5,20,yes,5,0.026057126714422535,0.026057126714422535
5001,5,19,yes,4,0.025332809507456533,0.025332809507456533
5002,5,19,no,5,0.030405243596697384,0.030405243596697384
5003,5,19,no,11,-0.06870228116066002,0.06870228116066002
5004,5,19,yes,15,-0.10163804582911162,0.10163804582911162
3823,5,17,no,17,0.02121001553023843,0.02121001553023843
5005,5,19,yes,3,0.020749197844056932,0.020749197844056932
5006,5,19,yes,1,0.006888044756477085,0.006888044756477085
3824,5,17,yes,6,0.009889839629224219,0.009889839629224219
5007,5,19,no,1,-0.006888044756477085,0.006888044756477085
3228,3,11,no,2,-0.012452635921679889,0.012452635921679889
6163,5,20,yes,1,0.005426266311670036,0.005426266311670036
3825,5,17,yes,1,0.0017920493269606846,0.0017920493269606846
3826,5,17,no,10,-0.01610898834620131,0.01610898834620131
5008,5,19,yes,2,0.013757572045569044,0.013757572045569044
5009,5,19,no,2,0.013673277305821574,0.013673277305821574
5010,5,19,yes,1,0.0067987210476098126,0.0067987210476098126
6688,5,21,yes,1,-0.003010001079055108,0.003010001079055108
5011,5,19,no,3,-0.020471998353431387,0.020471998353431387
5012,5,19,yes,7,0.04735728271612272,0.04735728271612272
6689,5,21,no,1,-0.0029474764738244563,0.0029474764738244563
5013,5,19,yes,1,-0.0066701446519749075,0.0066701446519749075
6164,5,20,yes,1,0.005496366471083369,0.005496366471083369
6690,5,21,yes,1,0.0029474764738244563,0.0029474764738244563
6691,5,21,no,1,0.003010001079055108,0.003010001079055108
3827,5,17,no,8,-0.01030980576789034,0.01030980576789034
5014,5,19,no,3,0.019894398216996678,0.019894398216996678
3828,5,17,no,2,-0.0022686715219094045,0.0022686715219094045
6692,5,21,yes,1,0.0030733380175221314,0.0030733380175221314
5015,5,19,no,4,0.025924453545217663,0.025924453545217663
6693,5,21,yes,1,-0.0030733380175221314,0.0030733380175221314
5016,5,19,yes,6,-0.039148707110239434,0.039148707110239434
5017,5,19,yes,14,0.08847627438402295,0.08847627438402295
6165,5,20,no,4,-0.021562055111748024,0.021562055111748024
3829,5,17,no,1,-0.0010917613765485043,0.0010917613765485043
6166,5,20,no,18,0.10529022218193856,0.10529022218193856
6167,5,20,no,1,-0.006360174775013716,0.006360174775013716
5018,5,19,yes,2,0.011731132651154441,0.011731132651154441
5019,5,19,no,6,-0.03593785984011044,0.03593785984011044
6168,5,20,no,1,-0.006308029388133907,0.006308029388133907
6169,5,20,no,9,-0.05415857577755695,0.05415857577755695
6170,5,20,yes,9,-0.04881475423339279,0.04881475423339279
5020,5,19,yes,5,-0.031531325915197916,0.031531325915197916
3830,5,17,yes,14,0.018097338056364654,0.018097338056364654
5021,5,19,no,2,0.01277066060538401,0.01277066060538401
5022,5,19,no,1,-0.006360174775013605,0.006360174775013605
6171,5,20,no,1,-0.005066392393269115,0.005066392393269115
3831,5,17,no,8,-0.011111029696801104,0.011111029696801104
5023,5,19,yes,1,0.006360174775013605,0.006360174775013605
3965,5,18,yes,12,0.015109695339608507,0.015109695339608507
6172,5,20,no,6,-0.028849501017857576,0.028849501017857576
6694,5,21,yes,1,-0.003010001079055108,0.003010001079055108
5024,5,19,yes,5,0.030984479311648272,0.030984479311648272
6695,5,21,no,1,-0.0029474764738244563,0.0029474764738244563
6173,5,20,yes,1,0.004622983511482132,0.004622983511482132
5025,5,19,no,5,-0.030984479311648272,0.030984479311648272
6174,5,20,yes,1,0.004697221546987984,0.004697221546987984
5026,5,19,no,16,0.09364607062509211,0.09364607062509211
6696,5,21,yes,2,0.005957477552879564,0.005957477552879564
5027,5,19,no,1,-0.00535544554716183,0.00535544554716183
5028,5,19,no,6,-0.033592099928005936,0.033592099928005936
3966,5,18,no,5,-0.006852585593187015,0.006852585593187015
5029,5,19,yes,1,0.0057680800157665635,0.0057680800157665635
5030,5,19,no,1,-0.0057680800157665635,0.0057680800157665635
3229,3,11,no,1,-0.006308029388134018,0.006308029388134018
6175,5,20,yes,1,0.004771406440793768,0.004771406440793768
5031,5,19,no,1,-0.005833461048261657,0.005833461048261657
3832,5,17,yes,7,0.009598828243526314,0.009598828243526314
5032,5,19,no,1,-0.0058976716028927845,0.0058976716028927845
5033,5,19,no,1,0.0058976716028927845,0.0058976716028927845
3833,5,17,yes,4,0.006277272274848297,0.006277272274848297
3834,5,17,no,1,-0.001627234912458149,0.001627234912458149
6697,5,21,yes,9,-0.024909909217484136,0.024909909217484136
6176,5,20,no,1,0.004845478367507289,0.004845478367507289
3835,5,17,no,1,-0.001588088609475631,0.001588088609475631
3836,5,17,no,4,0.006590498013998247,0.006590498013998247
5034,5,19,yes,1,-0.0058976716028927845,0.0058976716028927845
6177,5,20,no,3,-0.014314106355289041,0.014314106355289041
6178,5,20,no,10,-0.04290759219368126,0.04290759219368126
6179,5,20,yes,4,0.01628116344931499,0.01628116344931499
5035,5,19,yes,1,0.0058976716028927845,0.0058976716028927845
6180,5,20,no,11,-0.04202733162728356,0.04202733162728356
6181,5,20,no,1,0.0034694475658122448,0.0034694475658122448
6182,5,20,yes,5,0.018387209522569253,0.018387209522569253
3837,5,17,no,14,-0.020490523327451597,0.020490523327451597
6183,5,20,yes,10,0.0421741197717862,0.0421741197717862
5036,5,19,no,1,0.005833461048261657,0.005833461048261657
3838,5,17,no,6,-0.006811300600145995,0.006811300600145995
5037,5,19,no,1,-0.005833461048261657,0.005833461048261657
6184,5,20,no,1,-0.004548750366815624,0.004548750366815624
5038,5,19,no,5,0.028502928193514077,0.028502928193514077
5039,5,19,no,1,-0.005565672514303843,0.005565672514303843
5040,5,19,no,1,-0.005634110153561744,0.005634110153561744
6185,5,20,no,1,0.004548750366815624,0.004548750366815624
3967,5,18,no,6,-0.007165348369872988,0.007165348369872988
5041,5,19,yes,1,-0.005701604461620269,0.005701604461620269
5042,5,19,yes,1,-0.0057680800157665635,0.0057680800157665635
6186,5,20,yes,1,0.004622983511482132,0.004622983511482132
5043,5,19,no,1,-0.005833461048261657,0.005833461048261657
6187,5,20,no,12,-0.05061520247599513,0.05061520247599513
6188,5,20,yes,1,0.003818099192726798,0.003818099192726798
6698,5,21,yes,7,0.01895243166460457,0.01895243166460457
5044,5,19,yes,1,-0.0058976716028927845,0.0058976716028927845
6699,5,21,yes,4,-0.011181360678698363,0.011181360678698363
6189,5,20,yes,1,0.003889511089587072,0.003889511089587072
5045,5,19,yes,1,0.0058976716028927845,0.0058976716028927845
6190,5,20,yes,1,0.003961402534739644,0.003961402534739644
5046,5,19,yes,13,0.07047572307846839,0.07047572307846839
3968,5,18,no,9,-0.008886801480459942,0.008886801480459942
5047,5,19,no,1,-0.0049930353877782885,0.0049930353877782885
5048,5,19,yes,1,-0.005066392393269226,0.005066392393269226
6191,5,20,yes,1,-0.003961402534739644,0.003961402534739644
6700,5,21,no,1,-0.002647472861640701,0.002647472861640701
6192,5,20,yes,6,0.024860758369994324,0.024860758369994324
5049,5,19,no,2,-0.010351311992158774,0.010351311992158774
5050,5,19,yes,1,-0.005283976781832678,0.005283976781832678
6193,5,20,yes,3,0.013423850312204805,0.013423850312204805
6194,5,20,yes,1,-0.004548750366815624,0.004548750366815624
5051,5,19,yes,5,0.025694716555038966,0.025694716555038966
5052,5,19,yes,8,-0.04197279488495431,0.04197279488495431
6195,5,20,yes,1,0.004548750366815624,0.004548750366815624
5053,5,19,no,1,-0.005565672514303843,0.005565672514303843
5054,5,19,no,1,-0.005634110153561744,0.005634110153561744
5055,5,19,no,11,0.05809195331612804,0.05809195331612804
6196,5,20,no,5,0.023856465630079232,0.023856465630079232
5056,5,19,no,10,-0.0524578431625663,0.0524578431625663
5057,5,19,no,13,-0.07816249455588653,0.07816249455588653
6197,5,20,no,8,-0.03728031594228404,0.03728031594228404
6198,5,20,no,1,0.004400521639892407,0.004400521639892407
5058,5,19,no,2,0.012668204163147623,0.012668204163147623
6701,5,21,yes,1,-0.0025900635645267206,0.0025900635645267206
5059,5,19,yes,2,0.012452635921679889,0.012452635921679889
6702,5,21,yes,1,-0.002533534559738787,0.002533534559738787
5060,5,19,yes,5,0.030104398791848785,0.030104398791848785
3839,5,17,no,1,0.0010642405575949643,0.0010642405575949643
5061,5,19,no,5,-0.030104398791848785,0.030104398791848785
5062,5,19,yes,3,0.018246091491757044,0.018246091491757044
6703,5,21,yes,1,-0.0024778905067136536,0.0024778905067136536
5063,5,19,no,1,0.005960635697198957,0.005960635697198957
6199,5,20,yes,1,0.004474578305496774,0.004474578305496774
6200,5,20,no,5,-0.021634253152873012,0.021634253152873012
5064,5,19,yes,6,-0.03665936311063589,0.03665936311063589
6201,5,20,yes,1,0.004179558286804497,0.004179558286804497
6202,5,20,no,2,0.008579594920679334,0.008579594920679334
5065,5,19,yes,1,0.006254119513938505,0.006254119513938505
6203,5,20,no,1,0.004400521639892407,0.004400521639892407
6204,5,20,yes,1,0.004474578305496774,0.004474578305496774
5066,5,19,no,1,-0.006254119513938505,0.006254119513938505
5067,5,19,no,1,0.006254119513938505,0.006254119513938505
5068,5,19,no,2,0.012339808956414844,0.012339808956414844
3969,5,18,yes,1,0.0008886702091033122,0.0008886702091033122
5069,5,19,no,1,-0.00614129254867346,0.00614129254867346
6704,5,21,no,1,-0.0024231349516898176,0.0024231349516898176
5070,5,19,no,1,-0.0061985164077413835,0.0061985164077413835
5071,5,19,no,8,-0.05143882692225665,0.05143882692225665
6205,5,20,no,1,-0.004474578305496774,0.004474578305496774
6206,5,20,no,8,-0.0331507910994738,0.0331507910994738
5072,5,19,no,1,-0.006632203865068909,0.006632203865068909
6207,5,20,yes,4,0.015991116252097565,0.015991116252097565
5073,5,19,yes,3,0.01977399322336293,0.01977399322336293
6208,5,20,yes,1,0.004179558286804497,0.004179558286804497
6209,5,20,yes,2,0.008579594920679334,0.008579594920679334
5074,5,19,yes,11,0.06870228116066002,0.06870228116066002
6210,5,20,yes,1,0.004400521639892407,0.004400521639892407
6211,5,20,no,1,-0.004400521639892407,0.004400521639892407
5075,5,19,no,1,-0.005960635697198957,0.005960635697198957
6212,5,20,yes,13,-0.050606926547962894,0.050606926547962894
6213,5,20,yes,1,0.0034694475658122448,0.0034694475658122448
6214,5,20,yes,2,0.0071450482054075115,0.0071450482054075115
5076,5,19,no,2,-0.012104798943083583,0.012104798943083583
6215,5,20,no,2,-0.0071450482054075115,0.0071450482054075115
6216,5,20,yes,6,0.022276720612156325,0.022276720612156325
6217,5,20,no,1,0.003961402534739644,0.003961402534739644
6218,5,20,yes,9,0.038946189658941616,0.038946189658941616
3840,5,17,no,1,0.0010917613765485043,0.0010917613765485043
5077,5,19,no,1,0.006082521453160905,0.006082521453160905
3841,5,17,yes,1,0.0011199259363911113,0.0011199259363911113
3842,5,17,no,8,0.010054313951947384,0.010054313951947384
6219,5,20,no,11,-0.04679710328326833,0.04679710328326833
5078,5,19,yes,4,-0.024676449923514254,0.024676449923514254
6220,5,20,yes,3,0.011884648553433713,0.011884648553433713
6221,5,20,yes,1,0.0041064676986638515,0.0041064676986638515
5079,5,19,no,5,0.030698727413436933,0.030698727413436933
5080,5,19,no,1,0.005960635697198957,0.005960635697198957
5081,5,19,yes,1,0.0058976716028927845,0.0058976716028927845
5082,5,19,no,1,-0.0058976716028927845,0.0058976716028927845
5083,5,19,no,8,-0.04932756727378351,0.04932756727378351
5084,5,19,no,1,0.006360174775013605,0.006360174775013605
3843,5,17,yes,12,0.019348577535673796,0.019348577535673796
6222,5,20,yes,5,0.021634253152873012,0.021634253152873012
5085,5,19,no,6,0.03700675680157095,0.03700675680157095
5086,5,19,yes,3,0.0176917683483534,0.0176917683483534
3844,5,17,no,1,-0.0018353517880112385,0.0018353517880112385
3845,5,17,no,12,-0.01888299871523655,0.01888299871523655
6223,5,20,yes,12,0.059455378099095735,0.059455378099095735
6224,5,20,yes,13,-0.06392995640459251,0.06392995640459251
6225,5,20,yes,11,0.05329053407559789,0.05329053407559789
6226,5,20,yes,1,-0.005211931590258845,0.005211931590258845
6227,5,20,no,17,-0.07733988249522578,0.07733988249522578
5087,5,19,no,9,-0.05469852514992435,0.05469852514992435
5088,5,19,no,7,-0.04550888188525304,0.04550888188525304
3846,5,17,no,1,-0.0013360527153829932,0.0013360527153829932
5089,5,19,yes,1,0.006632203865068909,0.006632203865068909
3847,5,17,no,1,-0.0013030658355085226,0.0013030658355085226
6705,5,21,no,1,-0.0023692703768096873,0.0023692703768096873
6228,5,20,yes,1,0.003961402534739644,0.003961402534739644
6229,5,20,yes,1,0.004033734929106997,0.004033734929106997
6706,5,21,no,1,0.0023692703768096873,0.0023692703768096873
5090,5,19,yes,8,0.05143882692225665,0.05143882692225665
3848,5,17,no,1,-0.0012708013868579435,0.0012708013868579435
6230,5,20,yes,1,0.0041064676986638515,0.0041064676986638515
5091,5,19,yes,1,0.0061985164077413835,0.0061985164077413835
6231,5,20,yes,1,0.004179558286804497,0.004179558286804497
3849,5,17,no,5,-0.005894546983015045,0.005894546983015045
6232,5,20,yes,13,0.061058719045910786,0.061058719045910786
6233,5,20,yes,8,-0.03905527381302665,0.03905527381302665
5092,5,19,no,12,0.06952995976811638,0.06952995976811638
6234,5,20,yes,7,0.03391589341112669,0.03391589341112669
3850,5,17,no,1,0.0011199259363911113,0.0011199259363911113
5093,5,19,no,1,-0.0054262663116700915,0.0054262663116700915
6235,5,20,no,1,-0.005066392393269115,0.005066392393269115
5094,5,19,no,1,-0.005496366471083425,0.005496366471083425
5095,5,19,no,1,-0.005565672514303843,0.005565672514303843
5096,5,19,yes,5,-0.028834927282103018,0.028834927282103018
6236,5,20,yes,7,-0.0333982513846732,0.0333982513846732
5097,5,19,no,1,-0.005960635697198957,0.005960635697198957
6237,5,20,yes,11,0.05409993255193385,0.05409993255193385
6238,5,20,no,1,-0.005283976781832733,0.005283976781832733
5098,5,19,no,1,0.005960635697198957,0.005960635697198957
5099,5,19,no,3,-0.01806543464028254,0.01806543464028254
5100,5,19,yes,2,-0.012339808956414844,0.012339808956414844
6239,5,20,no,1,-0.005211931590258845,0.005211931590258845
6240,5,20,yes,1,-0.005139380401899957,0.005139380401899957
3851,5,17,no,1,-0.0011199259363911113,0.0011199259363911113
6241,5,20,no,11,-0.05166637649230618,0.05166637649230618
5101,5,19,yes,1,0.0061985164077413835,0.0061985164077413835
6242,5,20,no,5,-0.020534125601019637,0.020534125601019637
6243,5,20,yes,5,-0.01873876985455894,0.01873876985455894
3852,5,17,yes,1,0.0011199259363911113,0.0011199259363911113
6244,5,20,yes,17,0.07111499003602195,0.07111499003602195
6245,5,20,no,6,-0.02751546181146869,0.02751546181146869
5102,5,19,yes,6,0.03593785984011044,0.03593785984011044
3853,5,17,no,1,-0.0011199259363911113,0.0011199259363911113
6707,5,21,yes,1,-0.0023692703768096873,0.0023692703768096873
5103,5,19,yes,3,0.017103794630948577,0.017103794630948577
5104,5,19,no,1,0.005565672514303843,0.005565672514303843
5105,5,19,no,12,-0.07105996290704275,0.07105996290704275
5106,5,19,yes,2,0.012452635921679889,0.012452635921679889
6246,5,20,no,1,-0.004326632768974686,0.004326632768974686
3854,5,17,no,1,-0.0010917613765485043,0.0010917613765485043
6247,5,20,yes,1,0.004326632768974686,0.004326632768974686
5107,5,19,no,13,0.07488540531527821,0.07488540531527821
5108,5,19,yes,1,-0.00535544554716183,0.00535544554716183
6248,5,20,yes,7,0.03236094017897598,0.03236094017897598
6249,5,20,no,1,-0.004845478367507289,0.004845478367507289
5109,5,19,no,9,-0.051283868276359335,0.051283868276359335
5110,5,19,no,14,-0.0891857833387989,0.0891857833387989
5111,5,19,yes,1,0.0066701446519749075,0.0066701446519749075
3855,5,17,yes,18,0.024529604310660834,0.024529604310660834
5112,5,19,yes,9,0.05807103078732556,0.05807103078732556
6250,5,20,no,6,-0.02751546181146869,0.02751546181146869
5113,5,19,yes,1,0.0061985164077413835,0.0061985164077413835
6251,5,20,yes,1,0.004400521639892407,0.004400521639892407
3856,5,17,no,1,-0.0016671954327226735,0.0016671954327226735
3857,5,17,no,1,-0.001627234912458149,0.001627234912458149
5114,5,19,yes,2,0.012223814001834366,0.012223814001834366
6252,5,20,yes,1,0.004474578305496774,0.004474578305496774
5115,5,19,no,2,-0.012223814001834366,0.012223814001834366
5116,5,19,yes,1,-0.0061985164077413835,0.0061985164077413835
6708,5,21,no,10,-0.020926050903735782,0.020926050903735782
6709,5,21,yes,4,-0.007084974489899962,0.007084974489899962
3858,5,17,no,4,-0.006125478625871504,0.006125478625871504
3970,5,18,yes,2,0.0018478970987833993,0.0018478970987833993
5117,5,19,yes,1,0.0061985164077413835,0.0061985164077413835
6253,5,20,yes,1,-0.004474578305496774,0.004474578305496774
5118,5,19,no,2,-0.012452635921679889,0.012452635921679889
3859,5,17,no,1,-0.0014394566732602587,0.0014394566732602587
5119,5,19,yes,3,0.01859392847035335,0.01859392847035335
6710,5,21,yes,6,0.010889010892579487,0.010889010892579487
6254,5,20,yes,1,0.004474578305496774,0.004474578305496774
5120,5,19,no,1,0.006082521453160905,0.006082521453160905
6255,5,20,yes,13,0.06488164441076577,0.06488164441076577
6256,5,20,yes,11,-0.055709910532468015,0.055709910532468015
6711,5,21,yes,8,-0.01418344123776031,0.01418344123776031
6712,5,21,yes,7,0.012258913762984276,0.012258913762984276
6713,5,21,yes,1,-0.0018795089279034921,0.0018795089279034921
3860,5,17,no,3,-0.004110063084418233,0.004110063084418233
6257,5,20,yes,1,0.004697221546987984,0.004697221546987984
3861,5,17,yes,4,-0.005021511020955542,0.005021511020955542
6714,5,21,yes,1,-0.0018353517880112385,0.0018353517880112385
5121,5,19,no,1,-0.006082521453160905,0.006082521453160905
6715,5,21,no,1,-0.0017920493269606846,0.0017920493269606846
6716,5,21,yes,1,0.0017920493269606846,0.0017920493269606846
3971,5,18,yes,1,0.0009603681248038787,0.0009603681248038787
3862,5,17,yes,1,0.0012083954815765574,0.0012083954815765574
6717,5,21,yes,1,-0.0017920493269606846,0.0017920493269606846
3863,5,17,no,1,-0.0012083954815765574,0.0012083954815765574
3972,5,18,yes,1,0.0009854271973470732,0.0009854271973470732
5122,5,19,yes,1,0.006082521453160905,0.006082521453160905
6718,5,21,yes,1,0.0017920493269606846,0.0017920493269606846
6258,5,20,yes,1,0.004771406440793768,0.004771406440793768
5123,5,19,yes,1,0.006022277489922678,0.006022277489922678
6259,5,20,yes,16,0.0861382488121765,0.0861382488121765
6260,5,20,no,1,-0.005897671602892618,0.005897671602892618
6719,5,21,yes,4,0.007609801809567093,0.007609801809567093
6261,5,20,no,1,-0.005833461048261823,0.005833461048261823
6262,5,20,no,1,-0.0057680800157664525,0.0057680800157664525
5124,5,19,no,14,0.07734099499078184,0.07734099499078184
6263,5,20,no,5,-0.027824019912239373,0.027824019912239373
5125,5,19,no,14,-0.07734099499078184,0.07734099499078184
3864,5,17,no,1,-0.0011782316625165642,0.0011782316625165642
6264,5,20,no,15,-0.0726571108134596,0.0726571108134596
6265,5,20,yes,4,-0.016572723066279993,0.016572723066279993
6266,5,20,no,1,0.004033734929106997,0.004033734929106997
6267,5,20,no,1,0.0041064676986638515,0.0041064676986638515
5126,5,19,yes,1,0.005960635697198957,0.005960635697198957
6720,5,21,yes,1,0.002017172974494344,0.002017172974494344
5127,5,19,no,6,-0.03665936311063589,0.03665936311063589
6268,5,20,yes,11,-0.041249388364496486,0.041249388364496486
6269,5,20,yes,11,0.041249388364496486,0.041249388364496486
5128,5,19,no,4,0.024676449923514254,0.024676449923514254
6721,5,21,yes,1,-0.002017172974494344,0.002017172974494344
5129,5,19,yes,1,0.006022277489922678,0.006022277489922678
5130,5,19,no,4,-0.024444607899498427,0.024444607899498427
3865,5,17,no,1,-0.0011487455855182932,0.0011487455855182932
6722,5,21,yes,1,0.002017172974494344,0.002017172974494344
6270,5,20,no,3,-0.012101605162510493,0.012101605162510493
3866,5,17,no,8,-0.00820605646473168,0.00820605646473168
5131,5,19,no,1,-0.006254119513938505,0.006254119513938505
6723,5,21,yes,1,0.0020648105407109485,0.0020648105407109485
6271,5,20,yes,1,0.003961402534739644,0.003961402534739644
6272,5,20,yes,5,0.02089935583525468,0.02089935583525468
6724,5,21,no,9,0.02087344776192658,0.02087344776192658
6725,5,21,no,1,-0.002533534559738787,0.002533534559738787
6273,5,20,yes,2,0.008875099945389181,0.008875099945389181
5132,5,19,no,1,-0.006308029388134018,0.006308029388134018
5133,5,19,no,8,-0.052179026537227946,0.052179026537227946
5134,5,19,no,1,0.0066701446519749075,0.0066701446519749075
5135,5,19,yes,1,0.006632203865068909,0.006632203865068909
5136,5,19,yes,2,0.01314178935829402,0.01314178935829402
5137,5,19,yes,1,0.00650533374811868,0.00650533374811868
5138,5,19,yes,9,0.05623631171534238,0.05623631171534238
3867,5,17,yes,7,0.007086130528340569,0.007086130528340569
6274,5,20,yes,4,-0.017454694866068515,0.017454694866068515
6726,5,21,yes,6,-0.014063845559578764,0.014063845559578764
5139,5,19,no,2,0.011858307300091742,0.011858307300091742
5140,5,19,yes,1,0.005833461048261657,0.005833461048261657
6727,5,21,yes,1,-0.0021627369816222125,0.0021627369816222125
5141,5,19,yes,1,0.0057680800157665635,0.0057680800157665635
5142,5,19,no,1,-0.0057680800157665635,0.0057680800157665635
5143,5,19,yes,8,-0.04839049576179033,0.04839049576179033
3868,5,17,no,5,-0.005189866047769352,0.005189866047769352
6728,5,21,yes,13,0.03229323616134397,0.03229323616134397
6275,5,20,yes,1,0.004252962151704648,0.004252962151704648
5144,5,19,no,3,0.01859392847035335,0.01859392847035335
6729,5,21,yes,1,-0.0028249181734272544,0.0028249181734272544
5145,5,19,yes,1,0.006082521453160905,0.006082521453160905
3869,5,17,yes,1,0.0009854271973470732,0.0009854271973470732
6730,5,21,yes,1,-0.002764907831860508,0.002764907831860508
5146,5,19,yes,1,0.006022277489922678,0.006022277489922678
5147,5,19,yes,1,0.005960635697198957,0.005960635697198957
5148,5,19,yes,12,0.06631396690031366,0.06631396690031366
6731,5,21,no,8,-0.02006342169878296,0.02006342169878296
6732,5,21,yes,10,0.025653247704070722,0.025653247704070722
3973,5,18,yes,1,0.0010110847812301663,0.0010110847812301663
3870,5,17,yes,3,0.0031126774738737747,0.0031126774738737747
5149,5,19,no,1,-0.0051393804018998734,0.0051393804018998734
5150,5,19,yes,12,-0.06713522219561274,0.06713522219561274
5151,5,19,no,1,0.005960635697198957,0.005960635697198957
6733,5,21,yes,1,-0.0028249181734272544,0.0028249181734272544
6734,5,21,yes,2,0.005710696217888833,0.005710696217888833
6276,5,20,yes,7,-0.028241735883333507,0.028241735883333507
6277,5,20,yes,1,0.003818099192726798,0.003818099192726798
3974,5,18,yes,6,0.0066402572536180815,0.0066402572536180815
6735,5,21,yes,6,0.018638734942818175,0.018638734942818175
6736,5,21,yes,1,0.003334478476924113,0.003334478476924113
6737,5,21,no,2,-0.0066025399761659165,0.0066025399761659165
5152,5,19,yes,1,0.0058976716028927845,0.0058976716028927845
5153,5,19,no,13,-0.08114969242189396,0.08114969242189396
6738,5,21,yes,1,-0.003202385934887142,0.003202385934887142
6278,5,20,yes,1,0.003889511089587072,0.003889511089587072
5154,5,19,no,1,0.006549739658341158,0.006549739658341158
5155,5,19,yes,1,0.00650533374811868,0.00650533374811868
5156,5,19,yes,1,0.0064588943083874195,0.0064588943083874195
5157,5,19,yes,9,0.05573805310415392,0.05573805310415392
3975,5,18,no,10,-0.010533033712766537,0.010533033712766537
6739,5,21,yes,2,-0.006210809955809665,0.006210809955809665
6740,5,21,yes,5,-0.014433081602628905,0.014433081602628905
5158,5,19,no,3,0.017499212666921005,0.017499212666921005
5159,5,19,no,7,-0.041705939855877006,0.041705939855877006
5160,5,19,yes,3,0.018246091491757044,0.018246091491757044
5161,5,19,yes,1,0.005960635697198957,0.005960635697198957
6279,5,20,yes,9,-0.03248226167891011,0.03248226167891011
5162,5,19,yes,14,-0.08847627438402295,0.08847627438402295
5163,5,19,yes,8,0.051816911273387056,0.051816911273387056
5164,5,19,yes,1,0.006254119513938505,0.006254119513938505
5165,5,19,no,1,0.0061985164077413835,0.0061985164077413835
5166,5,19,yes,2,0.012223814001834366,0.012223814001834366
5167,5,19,no,14,0.0782968800874353,0.0782968800874353
5168,5,19,yes,6,-0.0319133671039068,0.0319133671039068
5169,5,19,no,5,-0.028502928193514077,0.028502928193514077
6280,5,20,no,1,0.003334478476924113,0.003334478476924113
5170,5,19,yes,1,-0.0058976716028927845,0.0058976716028927845
6281,5,20,no,9,0.03310918573672564,0.03310918573672564
6741,5,21,yes,4,0.011423080523573798,0.011423080523573798
5171,5,19,yes,3,0.017499212666921005,0.017499212666921005
6742,5,21,yes,2,0.006083339096577239,0.006083339096577239
5172,5,19,no,4,-0.023459848364119962,0.023459848364119962
5173,5,19,yes,1,-0.006022277489922678,0.006022277489922678
6282,5,20,no,19,-0.06355800320621727,0.06355800320621727
6283,5,20,yes,8,0.023846277493325713,0.023846277493325713
6284,5,20,no,1,-0.003202385934887142,0.003202385934887142
5174,5,19,no,1,-0.006082521453160905,0.006082521453160905
6285,5,20,yes,1,0.003202385934887142,0.003202385934887142
5175,5,19,no,1,0.006082521453160905,0.006082521453160905
6286,5,20,no,1,0.0032680614992418033,0.0032680614992418033
5176,5,19,yes,6,0.03518373031566291,0.03518373031566291
5177,5,19,yes,1,0.005634110153561744,0.005634110153561744
6287,5,20,yes,1,0.003334478476924113,0.003334478476924113
6288,5,20,no,1,0.0034016150240174237,0.0034016150240174237
5178,5,19,yes,1,0.005565672514303843,0.005565672514303843
6289,5,20,yes,1,0.0034694475658122448,0.0034694475658122448
5179,5,19,yes,10,-0.05860732698536286,0.05860732698536286
5180,5,19,yes,1,0.00614129254867346,0.00614129254867346
6290,5,20,yes,1,0.0035379507575973856,0.0035379507575973856
5181,5,19,no,1,0.006082521453160905,0.006082521453160905
5182,5,19,no,2,0.011982913187121635,0.011982913187121635
5183,5,19,no,1,0.0058976716028927845,0.0058976716028927845
6743,5,21,yes,1,0.003137471938287534,0.003137471938287534
6291,5,20,no,1,-0.0035379507575973856,0.0035379507575973856
5184,5,19,no,3,0.01730314552564849,0.01730314552564849
3976,5,18,yes,1,0.0009358963557673378,0.0009358963557673378
6292,5,20,yes,1,0.0035379507575973856,0.0035379507575973856
6744,5,21,yes,1,-0.003137471938287534,0.003137471938287534
6745,5,21,no,1,0.003137471938287534,0.003137471938287534
6746,5,21,yes,1,0.003202385934887142,0.003202385934887142
5185,5,19,yes,2,0.011199782667865588,0.011199782667865588
5186,5,19,no,5,0.026773986702006924,0.026773986702006924
5187,5,19,no,1,-0.0052119315902589,0.0052119315902589
5188,5,19,no,2,-0.010639422328994508,0.010639422328994508
5189,5,19,yes,2,0.010639422328994508,0.010639422328994508
5190,5,19,yes,1,-0.005283976781832678,0.005283976781832678
5191,5,19,no,6,-0.0331794654594012,0.0331794654594012
5192,5,19,yes,1,-0.0057680800157665635,0.0057680800157665635
6747,5,21,yes,6,0.020618650771403096,0.020618650771403096
6748,5,21,no,1,-0.003607097447810126,0.003607097447810126
5193,5,19,yes,1,0.0057680800157665635,0.0057680800157665635
5194,5,19,no,4,0.02239775360056928,0.02239775360056928
6293,5,20,no,1,0.003607097447810126,0.003607097447810126
6294,5,20,no,7,-0.02382103670629024,0.02382103670629024
6295,5,20,yes,8,0.02749789535010838,0.02749789535010838
5195,5,19,no,3,0.0160656886406646,0.0160656886406646
5196,5,19,yes,1,0.0052119315902589,0.0052119315902589
6749,5,21,yes,1,0.003607097447810126,0.003607097447810126
5197,5,19,no,1,-0.0052119315902589,0.0052119315902589
5198,5,19,no,6,-0.03276183777961361,0.03276183777961361
5199,5,19,no,2,0.011199782667865588,0.011199782667865588
6296,5,20,yes,1,0.003747203480616801,0.003747203480616801
6297,5,20,yes,20,0.09025942436779849,0.09025942436779849
6298,5,20,yes,1,0.005283976781832733,0.005283976781832733
5200,5,19,yes,1,0.005496366471083425,0.005496366471083425
6299,5,20,no,1,-0.005283976781832733,0.005283976781832733
6750,5,21,yes,11,-0.03598932421497947,0.03598932421497947
6751,5,21,no,1,-0.002885778044461579,0.002885778044461579
5201,5,19,no,1,0.0054262663116700915,0.0054262663116700915
6300,5,20,no,6,-0.030175593904021608,0.030175593904021608
5202,5,19,yes,1,-0.0054262663116700915,0.0054262663116700915
6301,5,20,no,1,-0.004771406440793768,0.004771406440793768
6752,5,21,yes,1,-0.0028249181734272544,0.0028249181734272544
6302,5,20,yes,1,-0.004697221546987984,0.004697221546987984
6753,5,21,yes,1,0.0028249181734272544,0.0028249181734272544
5203,5,19,yes,1,-0.005496366471083425,0.005496366471083425
6303,5,20,yes,3,-0.013646312183794529,0.013646312183794529
3871,5,17,yes,1,0.0010917613765485043,0.0010917613765485043
6754,5,21,yes,14,0.04629916438387599,0.04629916438387599
6304,5,20,no,1,-0.004400521639892407,0.004400521639892407
5204,5,19,no,1,0.005496366471083425,0.005496366471083425
6305,5,20,no,12,-0.04713747898215065,0.04713747898215065
3872,5,17,no,1,-0.0010917613765485043,0.0010917613765485043
5205,5,19,no,7,-0.039896966267490286,0.039896966267490286
5206,5,19,yes,1,0.0058976716028927845,0.0058976716028927845
5207,5,19,yes,3,-0.01788058479001442,0.01788058479001442
6755,5,21,yes,3,0.011669012817053515,0.011669012817053515
6306,5,20,yes,11,0.04281084621317596,0.04281084621317596
6756,5,21,yes,1,-0.003961402534739644,0.003961402534739644
5208,5,19,yes,1,0.006022277489922678,0.006022277489922678
6757,5,21,no,1,-0.003889511089587072,0.003889511089587072
6758,5,21,no,1,-0.003818099192726798,0.003818099192726798
6759,5,21,yes,8,-0.02804271289583804,0.02804271289583804
5209,5,19,no,2,-0.012104798943083583,0.012104798943083583
6760,5,21,yes,2,0.0066025399761659165,0.0066025399761659165
5210,5,19,yes,4,-0.024901957858487367,0.024901957858487367
5211,5,19,yes,5,0.030984479311648272,0.030984479311648272
5212,5,19,yes,5,0.02948212585404264,0.02948212585404264
5213,5,19,yes,1,0.005701604461620269,0.005701604461620269
5214,5,19,no,1,0.005634110153561744,0.005634110153561744
5215,5,19,no,8,0.04254543201147987,0.04254543201147987
6307,5,20,no,6,-0.02442363669060671,0.02442363669060671
6308,5,20,yes,13,0.056265731271050085,0.056265731271050085
5216,5,19,yes,2,0.009912411151086431,0.009912411151086431
5217,5,19,no,7,0.03236094017897584,0.03236094017897584
3873,5,17,yes,10,0.012266001264887,0.012266001264887
5218,5,19,no,1,-0.004400521639892241,0.004400521639892241
5219,5,19,no,6,-0.027960418539083598,0.027960418539083598
6309,5,20,yes,1,0.004845478367507289,0.004845478367507289
6310,5,20,no,3,-0.014314106355289041,0.014314106355289041
5220,5,19,no,5,-0.02533011553651443,0.02533011553651443
5221,5,19,no,1,-0.005283976781832678,0.005283976781832678
5222,5,19,yes,9,0.044928198673635955,0.044928198673635955
6311,5,20,no,1,-0.004622983511482132,0.004622983511482132
6761,5,21,yes,1,-0.003334478476924113,0.003334478476924113
5223,5,19,no,1,-0.004697221546987929,0.004697221546987929
5224,5,19,no,11,-0.05650905545656337,0.05650905545656337
5225,5,19,yes,5,0.026773986702006924,0.026773986702006924
5226,5,19,no,9,-0.049443453847259344,0.049443453847259344
6312,5,20,yes,1,-0.004548750366815624,0.004548750366815624
5227,5,19,yes,3,-0.0176917683483534,0.0176917683483534
6313,5,20,yes,8,0.038464643777942314,0.038464643777942314
6314,5,20,no,1,-0.005066392393269115,0.005066392393269115
5228,5,19,yes,1,-0.006022277489922678,0.006022277489922678
3874,5,17,yes,18,0.03131834173342176,0.03131834173342176
5229,5,19,yes,1,0.006022277489922678,0.006022277489922678
5230,5,19,yes,1,0.005960635697198957,0.005960635697198957
3875,5,17,no,1,-0.0021133306609868174,0.0021133306609868174
3876,5,17,no,8,-0.015233428967319315,0.015233428967319315
6315,5,20,no,2,-0.009912411151086403,0.009912411151086403
6762,5,21,yes,5,0.017350589272161293,0.017350589272161293
6316,5,20,yes,1,-0.004845478367507289,0.004845478367507289
6317,5,20,yes,11,-0.04841481764672337,0.04841481764672337
3877,5,17,no,1,-0.0017079790593417937,0.0017079790593417937
5231,5,19,yes,1,0.0058976716028927845,0.0058976716028927845
6318,5,20,yes,1,0.004033734929106997,0.004033734929106997
3878,5,17,no,1,-0.0016671954327226735,0.0016671954327226735
5232,5,19,yes,1,0.005833461048261657,0.005833461048261657
5233,5,19,yes,1,0.0057680800157665635,0.0057680800157665635
5234,5,19,no,3,-0.017499212666921005,0.017499212666921005
6763,5,21,yes,11,-0.03598932421497947,0.03598932421497947
6764,5,21,yes,4,0.01216828750868923,0.01216828750868923
5235,5,19,no,1,0.0058976716028927845,0.0058976716028927845
6319,5,20,yes,12,0.05414593684843172,0.05414593684843172
6765,5,21,no,1,-0.003137471938287534,0.003137471938287534
6320,5,20,no,1,-0.004919375763308059,0.004919375763308059
6321,5,20,no,1,-0.004845478367507289,0.004845478367507289
6322,5,20,no,1,-0.004771406440793768,0.004771406440793768
5236,5,19,yes,2,-0.011858307300091742,0.011858307300091742
6323,5,20,yes,1,-0.004697221546987984,0.004697221546987984
3977,5,18,no,1,0.0009603681248038787,0.0009603681248038787
6766,5,21,no,1,0.003137471938287534,0.003137471938287534
6324,5,20,yes,1,0.004697221546987984,0.004697221546987984
5237,5,19,no,2,-0.012104798943083583,0.012104798943083583
5238,5,19,yes,1,0.006082521453160905,0.006082521453160905
6325,5,20,yes,18,0.09687029095016933,0.09687029095016933
6767,5,21,no,1,0.003202385934887142,0.003202385934887142
5239,5,19,no,7,-0.04375513991703228,0.04375513991703228
6326,5,20,yes,6,-0.03479556297930192,0.03479556297930192
5240,5,19,yes,1,0.006410485830370405,0.006410485830370405
6768,5,21,yes,12,-0.03432310510818094,0.03432310510818094
6769,5,21,yes,1,0.002533534559738787,0.002533534559738787
5241,5,19,no,4,0.02512084008482751,0.02512084008482751
3879,5,17,yes,2,0.003375174492064467,0.003375174492064467
6327,5,20,yes,7,-0.037479039618210835,0.037479039618210835
3880,5,17,no,1,-0.0017079790593417937,0.0017079790593417937
6328,5,20,yes,1,-0.005066392393269115,0.005066392393269115
6770,5,21,yes,20,0.063650382637007,0.063650382637007
6771,5,21,yes,1,0.003889511089587072,0.003889511089587072
3881,5,17,no,1,-0.0016671954327226735,0.0016671954327226735
6329,5,20,yes,1,-0.004993035387778344,0.004993035387778344
6772,5,21,yes,9,0.03828460868219913,0.03828460868219913
6773,5,21,yes,1,-0.004548750366815624,0.004548750366815624
3882,5,17,no,1,-0.001627234912458149,0.001627234912458149
6330,5,20,yes,4,-0.0192334821185971,0.0192334821185971
5242,5,19,yes,12,-0.07764550908213208,0.07764550908213208
5243,5,19,yes,2,0.013375961887065135,0.013375961887065135
6774,5,21,no,1,-0.004474578305496774,0.004474578305496774
3883,5,17,no,1,-0.001588088609475631,0.001588088609475631
6775,5,21,yes,13,0.06392995640459251,0.06392995640459251
5244,5,19,no,4,-0.02688528436269133,0.02688528436269133
5245,5,19,yes,4,0.02688528436269133,0.02688528436269133
6776,5,21,yes,1,-0.005355445547161886,0.005355445547161886
5246,5,19,yes,1,0.006632203865068909,0.006632203865068909
6777,5,21,yes,1,-0.005283976781832733,0.005283976781832733
6331,5,20,no,2,-0.009171733878297755,0.009171733878297755
6778,5,21,yes,1,0.005283976781832733,0.005283976781832733
3884,5,17,no,4,-0.005976846689656132,0.005976846689656132
3885,5,17,no,1,-0.0014042374014612488,0.0014042374014612488
6779,5,21,no,11,-0.05409993255193385,0.05409993255193385
5247,5,19,no,10,0.0637786358786715,0.0637786358786715
5248,5,19,no,1,0.006082521453160905,0.006082521453160905
6780,5,21,no,2,-0.008875099945389181,0.008875099945389181
6332,5,20,no,1,0.004548750366815624,0.004548750366815624
5249,5,19,no,1,0.006022277489922678,0.006022277489922678
6781,5,21,no,1,-0.004326632768974686,0.004326632768974686
6782,5,21,no,1,-0.004252962151704648,0.004252962151704648
5250,5,19,no,5,0.02916145282574023,0.02916145282574023
6783,5,21,yes,2,0.008579594920679334,0.008579594920679334
6333,5,20,no,13,-0.05341628108894794,0.05341628108894794
6784,5,21,yes,3,0.013423850312204805,0.013423850312204805
5251,5,19,yes,1,0.005634110153561744,0.005634110153561744
6785,5,21,no,1,-0.004548750366815624,0.004548750366815624
3886,5,17,no,1,-0.0013697729675739914,0.0013697729675739914
6334,5,20,yes,1,0.0036768586438181428,0.0036768586438181428
5252,5,19,yes,8,0.04254543201147987,0.04254543201147987
6786,5,21,no,1,-0.004474578305496774,0.004474578305496774
5253,5,19,no,12,-0.0654826876906901,0.0654826876906901
6335,5,20,no,1,0.003747203480616801,0.003747203480616801
6336,5,20,no,1,0.003818099192726798,0.003818099192726798
6787,5,21,yes,1,-0.004400521639892407,0.004400521639892407
5254,5,19,no,1,-0.0058976716028927845,0.0058976716028927845
6337,5,20,no,8,0.0331507910994738,0.0331507910994738
5255,5,19,yes,1,0.0058976716028927845,0.0058976716028927845
6338,5,20,no,3,-0.012980116560571742,0.012980116560571742
6788,5,21,no,4,-0.016865620906147683,0.016865620906147683
3978,5,18,yes,11,0.01235521441764234,0.01235521441764234
6789,5,21,no,1,-0.004033734929106997,0.004033734929106997
6790,5,21,yes,1,-0.003961402534739644,0.003961402534739644
5256,5,19,yes,1,-0.0058976716028927845,0.0058976716028927845
3887,5,17,no,1,-0.0013360527153829932,0.0013360527153829932
6339,5,20,no,14,-0.0520314866274669,0.0520314866274669
6340,5,20,no,11,0.039711725712891555,0.039711725712891555
5257,5,19,no,1,-0.005960635697198957,0.005960635697198957
5258,5,19,no,6,-0.03700675680157095,0.03700675680157095
6341,5,20,yes,13,0.058179671777538716,0.058179671777538716
5259,5,19,yes,12,0.07180231978087293,0.07180231978087293
5260,5,19,yes,1,0.005565672514303843,0.005565672514303843
6791,5,21,no,1,-0.003889511089587072,0.003889511089587072
5261,5,19,no,20,-0.12287687418042981,0.12287687418042981
3979,5,18,no,1,-0.0012708013868579435,0.0012708013868579435
6792,5,21,no,1,-0.003818099192726798,0.003818099192726798
5262,5,19,yes,1,0.006632203865068909,0.006632203865068909
3980,5,18,no,1,-0.0012392483170125188,0.0012392483170125188
5263,5,19,yes,1,0.006592049699952862,0.006592049699952862
3888,5,17,no,1,-0.0013030658355085226,0.0013030658355085226
5264,5,19,yes,1,0.006549739658341158,0.006549739658341158
5265,5,19,yes,8,0.050636846520377476,0.050636846520377476
6342,5,20,yes,3,0.015198808182947415,0.015198808182947415
6343,5,20,no,1,-0.005139380401899957,0.005139380401899957
6793,5,21,yes,1,-0.003747203480616801,0.003747203480616801
6344,5,20,no,3,-0.014978803544355518,0.014978803544355518
3889,5,17,no,12,-0.01331558254244622,0.01331558254244622
5266,5,19,yes,1,0.006082521453160905,0.006082521453160905
6794,5,21,yes,11,-0.036718706384973154,0.036718706384973154
6345,5,20,no,1,-0.004845478367507289,0.004845478367507289
6346,5,20,no,9,-0.04027461501895252,0.04027461501895252
6795,5,21,yes,13,-0.033750721288883595,0.033750721288883595
5267,5,19,no,5,-0.030984479311648272,0.030984479311648272
5268,5,19,yes,5,0.030984479311648272,0.030984479311648272
3981,5,18,no,1,-0.0012083954815765574,0.0012083954815765574
6796,5,21,no,11,0.02791746677059756,0.02791746677059756
6797,5,21,yes,1,0.002885778044461579,0.002885778044461579
6798,5,21,no,1,0.0029474764738244563,0.0029474764738244563
3982,5,18,no,1,-0.0011782316625165642,0.0011782316625165642
3983,5,18,no,1,-0.0011487455855182932,0.0011487455855182932
3890,5,17,yes,5,0.005058472796024727,0.005058472796024727
6347,5,20,yes,20,0.09757793654902616,0.09757793654902616
6348,5,20,yes,3,0.01710379463094841,0.01710379463094841
5269,5,19,yes,1,0.006022277489922678,0.006022277489922678
5270,5,19,no,1,-0.006022277489922678,0.006022277489922678
6349,5,20,no,4,-0.02266946714525242,0.02266946714525242
6350,5,20,no,4,-0.021562055111748024,0.021562055111748024
6351,5,20,yes,8,0.044231522257000444,0.044231522257000444
6352,5,20,no,1,-0.0057680800157664525,0.0057680800157664525
5271,5,19,no,12,0.06794556809527652,0.06794556809527652
6353,5,20,no,4,-0.022397753600569337,0.022397753600569337
5272,5,19,no,1,-0.005283976781832678,0.005283976781832678
5273,5,19,no,6,-0.0331794654594012,0.0331794654594012
6354,5,20,no,1,-0.005426266311670036,0.005426266311670036
6799,5,21,no,2,-0.005833254518286035,0.005833254518286035
6355,5,20,no,5,-0.026057126714422535,0.026057126714422535
5274,5,19,yes,4,0.02239775360056928,0.02239775360056928
3984,5,18,no,2,-0.0022116873129396156,0.0022116873129396156
6356,5,20,yes,1,-0.004993035387778344,0.004993035387778344
5275,5,19,no,4,-0.02239775360056928,0.02239775360056928
6800,5,21,yes,1,-0.0028249181734272544,0.0028249181734272544
6357,5,20,no,1,-0.004919375763308059,0.004919375763308059
5276,5,19,no,1,0.005701604461620269,0.005701604461620269
6358,5,20,yes,1,0.004919375763308059,0.004919375763308059
5277,5,19,yes,1,0.005634110153561744,0.005634110153561744
5278,5,19,yes,8,-0.04690036192238556,0.04690036192238556
6801,5,21,yes,9,-0.022828329530643468,0.022828329530643468
6802,5,21,yes,1,0.002316298248714571,0.002316298248714571
6803,5,21,yes,8,0.020512031281928897,0.020512031281928897
6359,5,20,yes,1,-0.004919375763308059,0.004919375763308059
5279,5,19,yes,1,0.006082521453160905,0.006082521453160905
5280,5,19,yes,1,0.006022277489922678,0.006022277489922678
6360,5,20,no,1,-0.004845478367507289,0.004845478367507289
6804,5,21,yes,1,-0.002764907831860508,0.002764907831860508
6361,5,20,yes,1,-0.004771406440793768,0.004771406440793768
6805,5,21,yes,5,0.014433081602628905,0.014433081602628905
5281,5,19,no,1,-0.006022277489922678,0.006022277489922678
6806,5,21,yes,8,0.026424749214289778,0.026424749214289778
5282,5,19,no,1,0.006022277489922678,0.006022277489922678
5283,5,19,no,6,-0.03700675680157095,0.03700675680157095
5284,5,19,no,1,0.006308029388134018,0.006308029388134018
6362,5,20,no,6,-0.027070688139649607,0.027070688139649607
6363,5,20,no,1,-0.004252962151704648,0.004252962151704648
6364,5,20,no,1,0.004252962151704648,0.004252962151704648
3891,5,17,yes,7,0.008257109746421493,0.008257109746421493
5285,5,19,no,11,-0.071932042789564,0.071932042789564
5286,5,19,yes,1,0.0067391696291118075,0.0067391696291118075
6807,5,21,no,14,-0.043563587445867705,0.043563587445867705
5287,5,19,yes,1,0.006705817235090228,0.006705817235090228
5288,5,19,yes,4,0.026444137875337836,0.026444137875337836
5289,5,19,yes,13,0.08043341381181446,0.08043341381181446
6365,5,20,yes,2,-0.008432520438509145,0.008432520438509145
5290,5,19,no,1,0.0057680800157665635,0.0057680800157665635
5291,5,19,no,1,-0.0057680800157665635,0.0057680800157665635
6366,5,20,yes,13,0.060098896930815326,0.060098896930815326
5292,5,19,no,5,-0.02979656729143698,0.02979656729143698
6367,5,20,no,1,-0.005066392393269115,0.005066392393269115
5293,5,19,yes,1,0.006082521453160905,0.006082521453160905
6808,5,21,yes,1,0.0027057566289490215,0.0027057566289490215
5294,5,19,no,1,-0.006082521453160905,0.006082521453160905
5295,5,19,yes,1,0.006082521453160905,0.006082521453160905
6368,5,20,no,1,-0.004993035387778344,0.004993035387778344
6809,5,21,yes,11,-0.026703410156056206,0.026703410156056206
5296,5,19,no,1,-0.006082521453160905,0.006082521453160905
6369,5,20,no,1,-0.004919375763308059,0.004919375763308059
3892,5,17,yes,1,0.0013030658355085226,0.0013030658355085226
6810,5,21,no,1,-0.0021133306609868174,0.0021133306609868174
6811,5,21,yes,5,0.011069617366974635,0.011069617366974635
6812,5,21,yes,1,0.0023692703768096873,0.0023692703768096873
6813,5,21,yes,1,-0.0023692703768096873,0.0023692703768096873
6814,5,21,yes,8,0.020512031281928897,0.020512031281928897
6815,5,21,yes,1,0.0028249181734272544,0.0028249181734272544
6370,5,20,yes,11,-0.04922656108512366,0.04922656108512366
3893,5,17,no,4,-0.005021511020955542,0.005021511020955542
6371,5,20,yes,1,0.0041064676986638515,0.0041064676986638515
5297,5,19,no,1,-0.00614129254867346,0.00614129254867346
6372,5,20,yes,1,0.004179558286804497,0.004179558286804497
6373,5,20,yes,4,0.017454694866068515,0.017454694866068515
3894,5,17,no,1,-0.0011782316625165642,0.0011782316625165642
6816,5,21,yes,10,0.031730054054033535,0.031730054054033535
3895,5,17,no,1,-0.0011487455855182932,0.0011487455855182932
6374,5,20,no,5,-0.021634253152873012,0.021634253152873012
3985,5,18,yes,1,0.0010917613765485043,0.0010917613765485043
5298,5,19,yes,12,0.06952995976811638,0.06952995976811638
3986,5,18,yes,1,0.0011199259363911113,0.0011199259363911113
5299,5,19,yes,7,-0.03942556097626759,0.03942556097626759
6375,5,20,yes,1,0.004179558286804497,0.004179558286804497
6376,5,20,no,1,-0.004179558286804497,0.004179558286804497
3987,5,18,yes,1,-0.0011199259363911113,0.0011199259363911113
5300,5,19,no,7,0.03942556097626759,0.03942556097626759
5301,5,19,no,9,-0.051283868276359335,0.051283868276359335
3988,5,18,yes,5,-0.005189866047769352,0.005189866047769352
6377,5,20,yes,9,0.04027461501895252,0.04027461501895252
5302,5,19,no,1,0.005960635697198957,0.005960635697198957
5303,5,19,no,12,-0.07525202081900118,0.07525202081900118
3896,5,17,no,7,-0.007270160108964342,0.007270160108964342
6817,5,21,no,1,-0.0034694475658122448,0.0034694475658122448
6378,5,20,yes,1,0.004845478367507289,0.004845478367507289
5304,5,19,yes,1,0.006549739658341158,0.006549739658341158
5305,5,19,no,1,-0.006549739658341158,0.006549739658341158
5306,5,19,no,6,0.038592657708365286,0.038592657708365286
6818,5,21,yes,1,-0.0034016150240174237,0.0034016150240174237
6819,5,21,no,1,-0.003334478476924113,0.003334478476924113
6820,5,21,no,1,-0.0032680614992418033,0.0032680614992418033
5307,5,19,no,1,-0.006308029388134018,0.006308029388134018
6821,5,21,no,2,-0.006339857873174676,0.006339857873174676
6822,5,21,yes,1,-0.0030733380175221314,0.0030733380175221314
5308,5,19,yes,1,0.006308029388134018,0.006308029388134018
6823,5,21,yes,1,0.0030733380175221314,0.0030733380175221314
6379,5,20,no,9,-0.04094053509965531,0.04094053509965531
5309,5,19,yes,1,0.006254119513938505,0.006254119513938505
6824,5,21,yes,2,0.006339857873174676,0.006339857873174676
5310,5,19,yes,1,0.0061985164077413835,0.0061985164077413835
6380,5,20,no,2,-0.008286025985468348,0.008286025985468348
6825,5,21,yes,3,-0.009413195890696807,0.009413195890696807
6826,5,21,yes,10,-0.02738779972419779,0.02738779972419779
6381,5,20,yes,5,0.02126614254604009,0.02126614254604009
6827,5,21,yes,3,0.007601488630979161,0.007601488630979161
5311,5,19,no,1,0.00614129254867346,0.00614129254867346
5312,5,19,no,1,-0.00614129254867346,0.00614129254867346
6828,5,21,yes,12,-0.027545494841658594,0.027545494841658594
6829,5,21,no,4,0.008358051157814322,0.008358051157814322
6830,5,21,no,1,0.0022130324091241965,0.0022130324091241965
6382,5,20,no,6,-0.025299877475147087,0.025299877475147087
6383,5,20,yes,4,0.016572723066279993,0.016572723066279993
5313,5,19,no,1,-0.0061985164077413835,0.0061985164077413835
6831,5,21,yes,12,-0.023430508078394335,0.023430508078394335
6384,5,20,no,1,-0.004252962151704648,0.004252962151704648
5314,5,19,no,8,-0.05143882692225665,0.05143882692225665
5315,5,19,no,3,0.0196471231064127,0.0196471231064127
6385,5,20,no,1,-0.004179558286804497,0.004179558286804497
6832,5,21,yes,1,0.0017079790593417937,0.0017079790593417937
5316,5,19,no,8,-0.05316461133417294,0.05316461133417294
6833,5,21,yes,3,0.005376995430558168,0.005376995430558168
5317,5,19,yes,2,0.013509322475626195,0.013509322475626195
5318,5,19,no,11,0.0714469926743907,0.0714469926743907
6834,5,21,yes,1,0.0018795089279034921,0.0018795089279034921
6386,5,20,no,2,-0.008140202627770848,0.008140202627770848
6387,5,20,yes,13,0.058179671777538716,0.058179671777538716
5319,5,19,yes,1,0.0061985164077413835,0.0061985164077413835
6388,5,20,yes,12,-0.05414593684843172,0.05414593684843172
5320,5,19,no,6,-0.037990220223585336,0.037990220223585336
5321,5,19,no,1,-0.00650533374811868,0.00650533374811868
5322,5,19,no,1,0.00650533374811868,0.00650533374811868
6835,5,21,yes,15,0.03408790879695166,0.03408790879695166
5323,5,19,yes,1,0.0064588943083874195,0.0064588943083874195
5324,5,19,yes,1,0.006410485830370405,0.006410485830370405
5325,5,19,yes,4,-0.025924453545217663,0.025924453545217663
3989,5,18,yes,4,0.004098104671220848,0.004098104671220848
6389,5,20,yes,1,0.0041064676986638515,0.0041064676986638515
5326,5,19,yes,8,0.051045293630045174,0.051045293630045174
5327,5,19,yes,1,0.00614129254867346,0.00614129254867346
6836,5,21,no,3,-0.007771070985906209,0.007771070985906209
6837,5,21,no,1,0.002533534559738787,0.002533534559738787
5328,5,19,no,1,-0.00614129254867346,0.00614129254867346
6390,5,20,no,11,-0.041249388364496486,0.041249388364496486
6391,5,20,yes,13,0.04968190880300563,0.04968190880300563
6392,5,20,yes,9,-0.03566579800776845,0.03566579800776845
6393,5,20,no,1,0.0036768586438181428,0.0036768586438181428
5329,5,19,yes,1,-0.0061985164077413835,0.0061985164077413835
6394,5,20,no,9,0.036315572132924995,0.036315572132924995
6395,5,20,no,1,-0.004326632768974686,0.004326632768974686
6838,5,21,yes,2,0.005237536426167422,0.005237536426167422
6839,5,21,yes,1,0.0027057566289490215,0.0027057566289490215
6396,5,20,no,1,-0.004252962151704648,0.004252962151704648
6840,5,21,yes,1,0.002764907831860508,0.002764907831860508
6841,5,21,yes,1,-0.002764907831860508,0.002764907831860508
6397,5,20,no,1,-0.004179558286804497,0.004179558286804497
5330,5,19,no,1,-0.006254119513938505,0.006254119513938505
5331,5,19,no,1,0.006254119513938505,0.006254119513938505
5332,5,19,yes,6,0.03630291519959017,0.03630291519959017
5333,5,19,no,1,-0.0058976716028927845,0.0058976716028927845
6398,5,20,yes,1,0.004179558286804497,0.004179558286804497
5334,5,19,no,1,-0.005960635697198957,0.005960635697198957
6399,5,20,yes,5,-0.02017067453890206,0.02017067453890206
6842,5,21,yes,1,-0.0027057566289490215,0.0027057566289490215
5335,5,19,no,4,-0.024444607899498427,0.024444607899498427
5336,5,19,no,10,0.0592401708788004,0.0592401708788004
5337,5,19,yes,1,-0.005634110153561744,0.005634110153561744
5338,5,19,no,1,-0.005701604461620269,0.005701604461620269
5339,5,19,no,1,-0.0057680800157665635,0.0057680800157665635
6843,5,21,no,1,0.0027057566289490215,0.0027057566289490215
5340,5,19,no,9,-0.05469852514992435,0.05469852514992435
6844,5,21,yes,4,-0.01047682761485523,0.01047682761485523
5341,5,19,no,1,-0.006360174775013605,0.006360174775013605
6845,5,21,no,1,-0.0024778905067136536,0.0024778905067136536
6846,5,21,no,4,-0.009372922643740914,0.009372922643740914
5342,5,19,no,13,-0.08650598982636215,0.08650598982636215
5343,5,19,yes,11,0.07363660968760433,0.07363660968760433
5344,5,19,no,6,-0.039655288858546744,0.039655288858546744
5345,5,19,no,2,-0.013509322475626195,0.013509322475626195
5346,5,19,no,9,0.05962350564256036,0.05962350564256036
6847,5,21,yes,1,0.0022642190665268375,0.0022642190665268375
5347,5,19,no,2,-0.0129642280565061,0.0129642280565061
5348,5,19,yes,10,0.06274164546346106,0.06274164546346106
6400,5,20,no,1,-0.003818099192726798,0.003818099192726798
6848,5,21,no,1,0.002316298248714571,0.002316298248714571
5349,5,19,yes,14,0.07734099499078184,0.07734099499078184
5350,5,19,no,4,-0.020701681167260677,0.020701681167260677
5351,5,19,no,6,-0.0331794654594012,0.0331794654594012
5352,5,19,no,1,-0.0057680800157665635,0.0057680800157665635
5353,5,19,no,1,-0.005833461048261657,0.005833461048261657
5354,5,19,no,13,-0.08114969242189396,0.08114969242189396
5355,5,19,yes,1,0.006549739658341158,0.006549739658341158
5356,5,19,yes,1,0.00650533374811868,0.00650533374811868
5357,5,19,no,1,0.0064588943083874195,0.0064588943083874195
6401,5,20,no,1,-0.003747203480616801,0.003747203480616801
5358,5,19,yes,6,0.03767261846387138,0.03767261846387138
6849,5,21,no,2,-0.004580517315241409,0.004580517315241409
5359,5,19,yes,16,0.08944579393386543,0.08944579393386543
5360,5,19,no,1,-0.005066392393269226,0.005066392393269226
5361,5,19,no,1,-0.0051393804018998734,0.0051393804018998734
5362,5,19,no,6,-0.03233965921631077,0.03233965921631077
5363,5,19,no,1,-0.005634110153561744,0.005634110153561744
5364,5,19,yes,1,0.005634110153561744,0.005634110153561744
6850,5,21,no,1,0.0022642190665268375,0.0022642190665268375
5365,5,19,no,12,-0.07180231978087293,0.07180231978087293
6851,5,21,no,1,-0.0022642190665268375,0.0022642190665268375
5366,5,19,yes,1,0.006308029388134018,0.006308029388134018
6852,5,21,no,1,-0.0022130324091241965,0.0022130324091241965
6402,5,20,yes,1,-0.0036768586438181428,0.0036768586438181428
5367,5,19,no,9,-0.058487055925361964,0.058487055925361964
5368,5,19,yes,4,0.026444137875337836,0.026444137875337836
6853,5,21,no,1,0.0022130324091241965,0.0022130324091241965
5369,5,19,no,7,-0.04665927758605426,0.04665927758605426
5370,5,19,yes,1,0.006770152846514388,0.006770152846514388
5371,5,19,yes,1,0.0067391696291118075,0.0067391696291118075
5372,5,19,no,14,0.08986932308396645,0.08986932308396645
6854,5,21,no,1,-0.0022130324091241965,0.0022130324091241965
5373,5,19,no,8,-0.0502140342254197,0.0502140342254197
5374,5,19,yes,1,0.0064588943083874195,0.0064588943083874195
5375,5,19,yes,4,0.025332809507456533,0.025332809507456533
5376,5,19,yes,8,0.04790445626361839,0.04790445626361839
5377,5,19,no,1,-0.0057680800157665635,0.0057680800157665635
5378,5,19,yes,1,-0.005833461048261657,0.005833461048261657
5379,5,19,no,1,0.005833461048261657,0.005833461048261657
5380,5,19,no,7,-0.042136376247851826,0.042136376247851826
6403,5,20,no,1,-0.003607097447810126,0.003607097447810126
5381,5,19,no,9,-0.05807103078732556,0.05807103078732556
5382,5,19,no,11,0.0704108397437404,0.0704108397437404
5383,5,19,no,10,-0.0637786358786715,0.0637786358786715
5384,5,19,yes,1,0.006592049699952862,0.006592049699952862
5385,5,19,yes,9,0.057186586178718635,0.057186586178718635
5386,5,19,yes,1,0.006082521453160905,0.006082521453160905
5387,5,19,no,2,-0.012223814001834366,0.012223814001834366
6404,5,20,no,1,-0.0035379507575973856,0.0035379507575973856
6855,5,21,yes,11,0.027305581006294502,0.027305581006294502
5388,5,19,no,1,-0.0061985164077413835,0.0061985164077413835
6856,5,21,yes,1,-0.002764907831860508,0.002764907831860508
5389,5,19,no,16,-0.10542831350344828,0.10542831350344828
5390,5,19,yes,1,0.0068484456234291224,0.0068484456234291224
6857,5,21,no,1,-0.0027057566289490215,0.0027057566289490215
5391,5,19,no,1,0.0068248316823924515,0.0068248316823924515
5392,5,19,yes,1,0.0067987210476098126,0.0067987210476098126
5393,5,19,no,3,-0.020471998353431387,0.020471998353431387
5394,5,19,yes,15,0.09917419398950977,0.09917419398950977
5395,5,19,no,9,0.054158575777556894,0.054158575777556894
5396,5,19,no,10,-0.06046660516569091,0.06046660516569091
5397,5,19,yes,19,-0.12737293449100173,0.12737293449100173
5398,5,19,no,1,0.00692794968177024,0.00692794968177024
5399,5,19,yes,1,0.006917278298890772,0.006917278298890772
5400,5,19,yes,1,0.00690396986339592,0.00690396986339592
5401,5,19,no,5,0.03422957039900043,0.03422957039900043
5402,5,19,no,1,0.006770152846514388,0.006770152846514388
6858,5,21,yes,1,-0.002647472861640701,0.002647472861640701
5403,5,19,yes,1,0.0067391696291118075,0.0067391696291118075
5404,5,19,no,5,-0.03398132082905758,0.03398132082905758
5405,5,19,yes,13,0.08650598982636215,0.08650598982636215
5406,5,19,yes,1,0.006360174775013605,0.006360174775013605
6859,5,21,yes,9,-0.021350180665466484,0.021350180665466484
6860,5,21,no,1,-0.0021133306609868174,0.0021133306609868174
5407,5,19,no,2,-0.01277066060538401,0.01277066060538401
6861,5,21,yes,3,-0.006052397134081622,0.006052397134081622
5408,5,19,no,1,-0.0064588943083874195,0.0064588943083874195
6862,5,21,yes,1,0.0019704136188763294,0.0019704136188763294
6405,5,20,yes,4,0.014569110329842455,0.014569110329842455
6863,5,21,yes,10,-0.01774194346611227,0.01774194346611227
6406,5,20,yes,2,-0.007424062124434944,0.007424062124434944
6864,5,21,yes,2,0.00321532352193378,0.00321532352193378
5409,5,19,yes,5,-0.03294947162345652,0.03294947162345652
5410,5,19,no,1,-0.006705817235090228,0.006705817235090228
5411,5,19,yes,3,0.020008165752134044,0.020008165752134044
6407,5,20,yes,3,-0.010614495771219756,0.010614495771219756
5412,5,19,yes,6,0.03887667802018413,0.03887667802018413
5413,5,19,no,2,0.012562148902072523,0.012562148902072523
5414,5,19,no,1,-0.006254119513938505,0.006254119513938505
6408,5,20,no,1,-0.0034016150240174237,0.0034016150240174237
6865,5,21,yes,7,-0.01059640761305116,0.01059640761305116
6866,5,21,no,1,0.0014042374014612488,0.0014042374014612488
6409,5,20,yes,5,0.017692969439055323,0.017692969439055323
6867,5,21,no,1,0.0014394566732602587,0.0014394566732602587
6410,5,20,yes,3,-0.010821906849225654,0.010821906849225654
6411,5,20,yes,1,-0.0034694475658122448,0.0034694475658122448
6412,5,20,yes,12,-0.036556189122458074,0.036556189122458074
6413,5,20,yes,1,0.0027057566289490215,0.0027057566289490215
6414,5,20,yes,1,0.002764907831860508,0.002764907831860508
6868,5,21,yes,11,0.01838439238885578,0.01838439238885578
6415,5,20,yes,12,-0.029468317987916715,0.029468317987916715
6869,5,21,yes,4,0.007976924608857655,0.007976924608857655
6416,5,20,yes,1,0.0021627369816222125,0.0021627369816222125
6870,5,21,yes,11,-0.02023583837184193,0.02023583837184193
6417,5,20,no,1,0.0022130324091241965,0.0022130324091241965
6418,5,20,no,3,0.006949787692051096,0.006949787692051096
6419,5,20,yes,1,0.0024231349516898176,0.0024231349516898176
6871,5,21,no,7,0.012258913762984276,0.012258913762984276
6420,5,20,yes,1,0.0024778905067136536,0.0024778905067136536
6421,5,20,yes,1,0.002533534559738787,0.002533534559738787
6872,5,21,yes,1,0.0019245274747760333,0.0019245274747760333
6422,5,20,yes,1,0.0025900635645267206,0.0025900635645267206
6423,5,20,yes,1,0.002647472861640701,0.002647472861640701
6424,5,20,yes,1,0.0027057566289490215,0.0027057566289490215
6425,5,20,yes,1,0.002764907831860508,0.002764907831860508
6873,5,21,no,13,0.029515908460534923,0.029515908460534923
6426,5,20,no,1,-0.002764907831860508,0.002764907831860508
6427,5,20,yes,8,-0.02006342169878296,0.02006342169878296
6428,5,20,yes,1,0.002316298248714571,0.002316298248714571
6429,5,20,yes,1,0.0023692703768096873,0.0023692703768096873
6430,5,20,no,1,0.0024231349516898176,0.0024231349516898176
6431,5,20,yes,1,0.0024778905067136536,0.0024778905067136536
6432,5,20,yes,1,0.002533534559738787,0.002533534559738787
6433,5,20,no,1,-0.002533534559738787,0.002533534559738787
6874,5,21,yes,1,-0.0025900635645267206,0.0025900635645267206
6875,5,21,yes,2,0.005237536426167422,0.005237536426167422
6434,5,20,no,1,-0.0024778905067136536,0.0024778905067136536
6435,5,20,yes,3,0.007601488630979161,0.007601488630979161
6436,5,20,no,14,0.04267310954991102,0.04267310954991102
6876,5,21,no,1,0.0027057566289490215,0.0027057566289490215
6437,5,20,yes,7,-0.022886798456692392,0.022886798456692392
6438,5,20,no,3,-0.008843255597341143,0.008843255597341143
6439,5,20,yes,3,0.008843255597341143,0.008843255597341143
6877,5,21,no,1,-0.0027057566289490215,0.0027057566289490215
6878,5,21,yes,1,0.0027057566289490215,0.0027057566289490215
6440,5,20,yes,1,-0.003010001079055108,0.003010001079055108
6441,5,20,no,4,-0.011423080523573798,0.011423080523573798
6442,5,20,no,16,-0.03679366542590068,0.03679366542590068
6443,5,20,yes,1,0.0019245274747760333,0.0019245274747760333
6444,5,20,yes,15,0.034869137951124646,0.034869137951124646
6445,5,20,yes,1,-0.0027057566289490215,0.0027057566289490215
6879,5,21,no,1,-0.0027057566289490215,0.0027057566289490215
6880,5,21,yes,1,-0.002647472861640701,0.002647472861640701
6881,5,21,yes,1,-0.0025900635645267206,0.0025900635645267206
6882,5,21,yes,7,-0.01659738011931755,0.01659738011931755
6883,5,21,yes,1,0.0022130324091241965,0.0022130324091241965
6884,5,21,yes,2,-0.004375769390746409,0.004375769390746409
6885,5,21,no,1,-0.0021133306609868174,0.0021133306609868174
6886,5,21,yes,2,0.00427606764260903,0.00427606764260903
6446,5,20,yes,1,-0.002647472861640701,0.002647472861640701
6887,5,21,no,1,-0.0021627369816222125,0.0021627369816222125
6447,5,20,yes,1,0.002647472861640701,0.002647472861640701
6888,5,21,yes,1,-0.0021133306609868174,0.0021133306609868174
6448,5,20,yes,1,-0.002647472861640701,0.002647472861640701
6889,5,21,no,16,0.04023982134061682,0.04023982134061682
6890,5,21,no,1,0.003010001079055108,0.003010001079055108
6891,5,21,yes,1,-0.003010001079055108,0.003010001079055108
6892,5,21,no,1,0.003010001079055108,0.003010001079055108
6893,5,21,no,1,0.0030733380175221314,0.0030733380175221314
6894,5,21,yes,1,-0.0030733380175221314,0.0030733380175221314
6895,5,21,yes,2,0.006210809955809665,0.006210809955809665
6896,5,21,yes,1,-0.003137471938287534,0.003137471938287534
6897,5,21,yes,8,-0.02285964911074076,0.02285964911074076
6898,5,21,yes,10,-0.0234635113264533,0.0234635113264533
6899,5,21,yes,1,0.0021133306609868174,0.0021133306609868174
6900,5,21,no,1,0.0021627369816222125,0.0021627369816222125
6901,5,21,yes,7,0.01659738011931755,0.01659738011931755
6902,5,21,yes,1,0.0025900635645267206,0.0025900635645267206
6903,5,21,no,1,-0.0025900635645267206,0.0025900635645267206
6904,5,21,no,1,0.0025900635645267206,0.0025900635645267206
6905,5,21,yes,4,-0.010024623582668979,0.010024623582668979
6906,5,21,yes,13,0.03602174463169727,0.03602174463169727
6907,5,21,yes,11,-0.0311207191732938,0.0311207191732938
6908,5,21,no,1,-0.0024778905067136536,0.0024778905067136536
6909,5,21,yes,1,0.0024778905067136536,0.0024778905067136536
6910,5,21,yes,5,0.013241735446715738,0.013241735446715738
6911,5,21,yes,11,0.03455497222746079,0.03455497222746079
6912,5,21,no,9,-0.028844276009571956,0.028844276009571956
6913,5,21,no,7,0.021973213419742288,0.021973213419742288
