id,round_id,participant_id,direction,quantity,cost,price_before,price_after,q_yes_after,q_no_after,executed_at,market_id
1,1,P17,no,3,1.5312409619386464,0.5,0.4791787146272571,0,3,2026-06-01 14:12:47.286279,1
2,1,P08,no,13,7.350426889314328,0.4791787146272571,0.3906824581564393,0,16,2026-06-01 14:12:47.491797,1
3,1,P03,yes,2,0.7946419715813775,0.3906824581564393,0.4039848066734832,2,16,2026-06-01 14:12:47.509645,1
4,1,P04,yes,1,0.40733483847850493,0.4039848066734832,0.41069062390857347,3,16,2026-06-01 14:12:47.561529,1
5,1,P22,yes,12,5.419827449282451,0.41069062390857347,0.49305600205173933,15,16,2026-06-01 14:12:47.598967,1
6,1,P09,no,11,5.994230078065371,0.49305600205173933,0.41742979353768533,15,27,2026-06-01 14:12:47.700983,1
7,1,P06,yes,15,7.033538773277975,0.41742979353768533,0.520821285372743,30,27,2026-06-01 14:12:47.703374,1
8,1,P09,no,2,0.9722311486566539,0.520821285372743,0.5069439979482607,30,29,2026-06-01 14:12:47.774651,1
9,1,P17,no,1,0.49652788940469605,0.5069439979482607,0.5,30,30,2026-06-01 14:12:47.780135,1
10,1,P08,no,1,0.5034721105952968,0.5,0.49305600205173933,30,31,2026-06-01 14:12:48.160159,1
11,1,P18,no,1,0.5104149925384789,0.49305600205173933,0.4861146822539951,30,32,2026-06-01 14:12:49.134069,1
12,2,P18,no,2,1.0138871031337757,0.5,0.4861146822539951,0,2,2026-06-01 14:12:50.941591,2
13,2,P08,no,11,6.069757558179081,0.4861146822539951,0.41069062390857347,0,13,2026-06-01 14:12:52.366941,2
14,2,P22,yes,13,5.91635533868714,0.41069062390857347,0.5,13,13,2026-06-01 14:12:52.648890,2
15,2,P09,no,1,0.503472110595311,0.5,0.49305600205173933,13,14,2026-06-01 14:12:52.707796,2
16,2,P08,no,6,3.166399421937008,0.49305600205173933,0.4515414720267231,13,20,2026-06-01 14:12:52.821064,2
17,2,P01,yes,1,0.4549840588965992,0.4515414720267231,0.45842951678320015,14,20,2026-06-01 14:12:52.866002,2
18,2,P20,yes,13,6.545015941103408,0.45842951678320015,0.548458527973277,27,20,2026-06-01 14:12:52.890049,2
19,2,P19,no,1,0.4549840588965921,0.548458527973277,0.5415704832167999,27,21,2026-06-01 14:12:52.930642,2
20,2,P10,no,7,3.3786165191663855,0.5415704832167999,0.49305600205173933,27,28,2026-06-01 14:12:53.051588,2
21,2,P17,no,1,0.5104149925384718,0.49305600205173933,0.4861146822539951,27,29,2026-06-01 14:12:53.662048,2
22,7,P14,yes,1,0.503472110595304,0.5,0.5069439979482607,1,0,2026-06-01 14:13:09.656182,3
23,7,P14,yes,1,0.5104149925384718,0.5069439979482607,0.5138853177460049,2,0,2026-06-01 14:13:09.711409,3
24,7,P17,no,1,0.4895850074615282,0.5138853177460049,0.5069439979482607,2,1,2026-06-01 14:13:09.906762,3
25,7,P21,yes,14,7.772191045931724,0.5069439979482607,0.6026853379784917,16,1,2026-06-01 14:13:10.045871,3
26,7,P10,no,20,9.311072718210895,0.6026853379784917,0.46533348664659613,16,21,2026-06-01 14:13:10.085440,3
27,7,P10,no,2,1.0831356577944007,0.46533348664659613,0.4515414720267231,16,23,2026-06-01 14:13:10.085441,3
28,7,P05,yes,17,8.676240072103397,0.4515414720267231,0.5690013325681905,33,23,2026-06-01 14:13:10.093589,3
29,7,P02,yes,20,12.692443268837579,0.5690013325681905,0.6970592839654074,53,23,2026-06-01 14:13:10.095342,3
30,7,P02,yes,2,1.4057636955056552,0.6970592839654074,0.7086608250294356,55,23,2026-06-01 14:13:10.095343,3
31,7,P20,no,3,0.9001205562263692,0.7086608250294356,0.6911616123625146,55,26,2026-06-01 14:13:10.095671,3
32,7,P06,no,1,0.31181351241728805,0.6911616123625146,0.6852009766653157,55,27,2026-06-01 14:13:10.108914,3
33,7,P03,no,13,4.619410518904417,0.6852009766653157,0.6026853379784917,55,40,2026-06-01 14:13:10.130370,3
34,7,P18,no,1,0.40064666630730983,0.6026853379784917,0.5960151933265168,55,41,2026-06-01 14:13:10.151524,3
35,7,P01,no,2,0.8213923658263411,0.5960151933265168,0.5825702064623147,55,43,2026-06-01 14:13:10.210656,3
36,7,P19,no,8,3.5578248124331395,0.5825702064623147,0.5277492350545132,55,51,2026-06-01 14:13:10.214732,3
37,7,P05,yes,20,11.908497625422754,0.5277492350545132,0.6607563687658172,75,51,2026-06-01 14:13:10.337280,3
38,7,P05,yes,4,2.692228011106039,0.6607563687658172,0.6852009766653157,79,51,2026-06-01 14:13:10.337281,3
39,7,P05,yes,14,10.149967042160881,0.6852009766653157,0.7625419716560975,93,51,2026-06-01 14:13:10.352259,3
40,7,P02,yes,2,1.5350454601589547,0.7625419716560975,0.7724543828071839,95,51,2026-06-01 14:13:10.384698,3
41,7,P18,no,1,0.2299991558866168,0.7724543828071839,0.7675350070438758,95,52,2026-06-01 14:13:10.407569,3
42,7,P17,no,20,5.735126457539238,0.7675350070438758,0.6545022492518787,95,72,2026-06-01 14:13:10.465861,3
43,7,P17,no,6,2.187894101485014,0.6545022492518787,0.6159095915435134,95,78,2026-06-01 14:13:10.465862,3
44,7,P03,no,7,2.851826749782404,0.6159095915435134,0.5690013325681905,95,85,2026-06-01 14:13:10.513681,3
45,7,P21,yes,1,0.5724029720011572,0.5690013325681905,0.5758000536158003,96,85,2026-06-01 14:13:10.573654,3
46,7,P09,no,1,0.4275970279988428,0.5758000536158003,0.5690013325681905,96,86,2026-06-01 14:13:10.594846,3
47,7,P10,no,13,6.185129357302927,0.5690013325681905,0.4791787146272571,96,99,2026-06-01 14:13:10.642481,3
48,7,P17,yes,1,0.4826461411951328,0.4791787146272571,0.4861146822539951,97,99,2026-06-01 14:13:10.700283,3
49,7,P10,no,3,1.5728487716041428,0.4861146822539951,0.46533348664659613,97,102,2026-06-01 14:13:10.702922,3
50,7,P22,yes,1,0.46879112635591014,0.46533348664659613,0.47225076494548685,98,102,2026-06-01 14:13:10.725959,3
51,7,P22,yes,11,5.6143445314384905,0.47225076494548685,0.548458527973277,109,102,2026-06-01 14:13:10.733242,3
52,7,P14,yes,9,5.211796318720644,0.548458527973277,0.6093175418435606,118,102,2026-06-01 14:13:10.737026,3
53,7,P08,no,7,2.898852764227371,0.6093175418435606,0.5621765008857981,118,109,2026-06-01 14:13:10.762461,3
54,7,P23,no,8,3.722951495114984,0.5621765008857981,0.5069439979482607,118,117,2026-06-01 14:13:10.812804,3
55,7,P21,yes,13,7.172837712239044,0.5069439979482607,0.5960151933265168,131,117,2026-06-01 14:13:10.845347,3
56,7,P05,yes,5,3.0628788917596808,0.5960151933265168,0.6289646649499733,136,117,2026-06-01 14:13:10.890570,3
57,7,P02,yes,7,4.558726606832863,0.6289646649499733,0.6730961777222321,143,117,2026-06-01 14:13:10.928266,3
58,7,P07,no,1,0.3299696342987204,0.6730961777222321,0.6669548851735586,143,118,2026-06-01 14:13:10.977260,3
59,7,P03,no,15,5.718226648910104,0.6669548851735586,0.5690013325681905,143,133,2026-06-01 14:13:10.998319,3
60,7,P05,yes,3,1.7375330566771083,0.5690013325681905,0.5893093760914265,146,133,2026-06-01 14:13:11.002567,3
61,7,P14,yes,7,4.28774211838288,0.5893093760914265,0.6354235592583607,153,133,2026-06-01 14:13:11.003375,3
62,7,P08,no,1,0.36780193489835256,0.6354235592583607,0.6289646649499733,153,134,2026-06-01 14:13:11.022758,3
63,7,P11,no,2,0.7550961402592407,0.6289646649499733,0.6159095915435134,153,136,2026-06-01 14:13:11.030671,3
64,7,P01,no,8,3.2862357606270223,0.6159095915435134,0.5621765008857981,153,144,2026-06-01 14:13:11.045442,3
65,7,P10,no,3,1.3443349759485557,0.5621765008857981,0.5415704832167999,153,147,2026-06-01 14:13:11.105819,3
66,7,P03,yes,1,0.5450159411034292,0.5415704832167999,0.548458527973277,154,147,2026-06-01 14:13:11.118680,3
67,7,P02,yes,1,0.551894942040974,0.548458527973277,0.555328055262369,155,147,2026-06-01 14:13:11.265251,3
68,7,P02,yes,10,5.891706455752484,0.555328055262369,0.6224593312018546,165,147,2026-06-01 14:13:11.313598,3
69,7,P05,yes,19,12.94442690477976,0.6224593312018546,0.736484844941675,184,147,2026-06-01 14:13:11.317109,3
70,7,P10,no,5,1.3864187338733984,0.736484844941675,0.7086608250294356,184,152,2026-06-01 14:13:11.335445,3
71,7,P24,no,1,0.29421771979451705,0.7086608250294356,0.702892745013669,184,153,2026-06-01 14:13:11.391016,3
72,7,P08,no,15,5.14313156247951,0.702892745013669,0.6093175418435606,184,168,2026-06-01 14:13:11.422271,3
73,7,P12,no,1,0.39399530527404636,0.6093175418435606,0.6026853379784917,184,169,2026-06-01 14:13:11.455250,3
74,7,P22,no,1,0.40064666630732404,0.6026853379784917,0.5960151933265168,184,170,2026-06-01 14:13:11.482448,3
75,7,P05,yes,11,6.951575132891321,0.5960151933265168,0.6669548851735586,195,170,2026-06-01 14:13:11.499342,3
76,7,P13,no,1,0.33613967079091367,0.6669548851735586,0.6607563687658172,195,171,2026-06-01 14:13:11.507085,3
77,7,P10,no,9,3.3116385300104696,0.6607563687658172,0.6026853379784917,195,180,2026-06-01 14:13:11.527740,3
78,7,P12,no,11,4.7798638445667905,0.6026853379784917,0.5277492350545132,195,191,2026-06-01 14:13:11.546329,3
79,7,P04,yes,1,0.5312088736441183,0.5277492350545132,0.534666513353404,196,191,2026-06-01 14:13:11.561093,3
80,7,P21,yes,10,5.688927281789091,0.534666513353404,0.6026853379784917,206,191,2026-06-01 14:13:11.576660,3
81,7,P13,no,12,5.255577805411605,0.6026853379784917,0.520821285372743,206,203,2026-06-01 14:13:11.603314,3
82,7,P18,yes,1,0.5242860391551858,0.520821285372743,0.5277492350545132,207,203,2026-06-01 14:13:11.646052,3
83,7,P10,no,2,0.9583601020399328,0.5277492350545132,0.5138853177460049,207,205,2026-06-01 14:13:11.652827,3
84,7,P03,no,9,-4.095372526496874,0.5138853177460049,0.5758000536158003,207,196,2026-06-01 14:13:11.690058,3
85,7,P02,yes,8,4.820674137957184,0.5758000536158003,0.6289646649499733,215,196,2026-06-01 14:13:11.717092,3
86,7,P19,no,13,5.385666876834819,0.6289646649499733,0.5415704832167999,215,209,2026-06-01 14:13:11.781803,3
87,7,P04,yes,1,0.5450159411034292,0.5415704832167999,0.548458527973277,216,209,2026-06-01 14:13:11.837250,3
88,7,P05,yes,16,9.636519220835993,0.548458527973277,0.6545022492518787,232,209,2026-06-01 14:13:11.848376,3
89,7,P02,yes,1,0.6576338731482565,0.6545022492518787,0.6607563687658172,233,209,2026-06-01 14:13:11.883367,3
90,7,P10,no,20,8.09150237457726,0.6607563687658172,0.5277492350545132,233,229,2026-06-01 14:13:11.895364,3
91,7,P10,no,8,3.999999999999943,0.5277492350545132,0.47225076494548685,233,237,2026-06-01 14:13:11.895365,3
92,7,P19,yes,1,0.47571396084487105,0.47225076494548685,0.4791787146272571,234,237,2026-06-01 14:13:11.923314,3
93,7,P19,yes,4,1.9722311486566468,0.4791787146272571,0.5069439979482607,238,237,2026-06-01 14:13:11.957458,3
94,7,P21,yes,19,10.8679146691004,0.5069439979482607,0.6354235592583607,257,237,2026-06-01 14:13:11.983998,3
95,7,P04,yes,1,0.6386329165170537,0.6354235592583607,0.6418340450887311,258,237,2026-06-01 14:13:12.004688,3
96,7,P10,no,13,5.2117467783605775,0.6418340450887311,0.555328055262369,258,250,2026-06-01 14:13:12.034653,3
97,7,P21,yes,6,3.4545433482609837,0.555328055262369,0.5960151933265168,264,250,2026-06-01 14:13:12.062672,3
98,7,P04,yes,1,0.5993533336927044,0.5960151933265168,0.6026853379784917,265,250,2026-06-01 14:13:12.125148,3
99,7,P14,yes,1,0.6060046947259821,0.6026853379784917,0.6093175418435606,266,250,2026-06-01 14:13:12.199488,3
100,7,P10,no,20,9.173859149840837,0.6093175418435606,0.47225076494548685,266,270,2026-06-01 14:13:12.210210,3
101,7,P10,no,13,7.438757853759512,0.47225076494548685,0.3840904084564866,266,283,2026-06-01 14:13:12.210211,3
102,7,P14,yes,18,8.009187255742006,0.3840904084564866,0.5069439979482607,284,283,2026-06-01 14:13:12.219566,3
103,7,P07,yes,1,0.5104149925384149,0.5069439979482607,0.5138853177460049,285,283,2026-06-01 14:13:12.219673,3
104,7,P05,yes,1,0.5173538588048814,0.5138853177460049,0.520821285372743,286,283,2026-06-01 14:13:12.228568,3
105,7,P04,yes,18,10.478778734274044,0.520821285372743,0.6418340450887311,304,283,2026-06-01 14:13:12.234616,3
106,7,P14,yes,1,0.6450184025501358,0.6418340450887311,0.6481942198637447,305,283,2026-06-01 14:13:12.239425,3
107,7,P02,yes,1,0.6513526546054891,0.6481942198637447,0.6545022492518787,306,283,2026-06-01 14:13:12.244439,3
108,7,P06,no,9,3.36991906946605,0.6545022492518787,0.5960151933265168,306,292,2026-06-01 14:13:12.345862,3
109,7,P14,yes,1,0.5993533336927044,0.5960151933265168,0.6026853379784917,307,292,2026-06-01 14:13:12.392588,3
110,7,P21,yes,1,0.6060046947259252,0.6026853379784917,0.6093175418435606,308,292,2026-06-01 14:13:12.439939,3
111,7,P22,no,1,0.39399530527401794,0.6093175418435606,0.6026853379784917,308,293,2026-06-01 14:13:12.512772,3
112,7,P14,yes,17,11.168655412451926,0.6026853379784917,0.7086608250294356,325,293,2026-06-01 14:13:12.549658,3
113,7,P16,no,1,0.29421771979451705,0.7086608250294356,0.702892745013669,325,294,2026-06-01 14:13:12.560167,3
114,7,P23,no,2,0.6059028364318806,0.702892745013669,0.6911616123625146,325,296,2026-06-01 14:13:12.579641,3
115,7,P12,no,1,0.31181351241730226,0.6911616123625146,0.6852009766653157,325,297,2026-06-01 14:13:12.582884,3
116,7,P07,no,1,0.3178050823557328,0.6852009766653157,0.679178699175393,325,298,2026-06-01 14:13:12.617942,3
117,7,P21,yes,16,11.597206575850635,0.679178699175393,0.7675350070438758,341,298,2026-06-01 14:13:12.648980,3
118,7,P13,no,2,0.4749405097606427,0.7675350070438758,0.7574755792628283,341,300,2026-06-01 14:13:12.680372,3
119,7,P22,no,1,0.24508804575805243,0.7574755792628283,0.7523361988609284,341,301,2026-06-01 14:13:12.763988,3
120,7,P10,no,4,1.0328293991502733,0.7523361988609284,0.7310585786300049,341,305,2026-06-01 14:13:12.780281,3
121,7,P14,yes,2,1.4729460821549765,0.7310585786300049,0.7418402904888368,343,305,2026-06-01 14:13:12.832344,3
122,7,P01,no,2,0.5270539178450804,0.7418402904888368,0.7310585786300049,343,307,2026-06-01 14:13:12.966691,3
123,7,P03,no,12,3.63990237601854,0.7310585786300049,0.6607563687658172,343,319,2026-06-01 14:13:13.000864,3
124,7,P04,yes,1,0.6638603292090579,0.6607563687658172,0.6669548851735586,344,319,2026-06-01 14:13:13.114695,3
125,7,P13,no,2,0.6785057976426856,0.6669548851735586,0.6545022492518787,344,321,2026-06-01 14:13:13.217325,3
126,7,P14,yes,1,0.6576338731482565,0.6545022492518787,0.6607563687658172,345,321,2026-06-01 14:13:13.251252,3
127,7,P01,no,13,4.954489950120376,0.6607563687658172,0.5758000536158003,345,334,2026-06-01 14:13:13.297008,3
128,7,P04,yes,1,0.5791876120237021,0.5758000536158003,0.5825702064623147,346,334,2026-06-01 14:13:13.317758,3
129,7,P02,yes,10,6.157335910102233,0.5825702064623147,0.6481942198637447,356,334,2026-06-01 14:13:13.328956,3
130,7,P04,yes,1,0.6513526546054322,0.6481942198637447,0.6545022492518787,357,334,2026-06-01 14:13:13.334715,3
131,7,P17,no,5,1.807082176957465,0.6545022492518787,0.6224593312018546,357,339,2026-06-01 14:13:13.457238,3
132,7,P19,no,1,0.3808119245275634,0.6224593312018546,0.6159095915435134,357,340,2026-06-01 14:13:13.623553,3
133,7,P18,yes,20,13.563614980252225,0.6159095915435134,0.736484844941675,377,340,2026-06-01 14:13:13.700845,3
134,7,P18,yes,3,2.2333930162421893,0.736484844941675,0.7523361988609284,380,340,2026-06-01 14:13:13.700846,3
135,7,P05,yes,6,4.604547319617666,0.7523361988609284,0.7820712676154848,386,340,2026-06-01 14:13:13.717634,3
136,7,P01,no,1,0.2203082573099664,0.7820712676154848,0.7772998611746911,386,341,2026-06-01 14:13:13.718148,3
137,7,P18,yes,4,3.1468760066102277,0.7772998611746911,0.7959402230407707,390,341,2026-06-01 14:13:13.721799,3
138,7,P01,no,2,0.4172417996580293,0.7959402230407707,0.7867684891624728,390,343,2026-06-01 14:13:13.751256,3
139,7,P18,no,2,-0.4172417996580293,0.7867684891624728,0.7959402230407707,390,341,2026-06-01 14:13:13.752364,3
140,7,P04,no,14,3.3327816104967383,0.7959402230407707,0.7255622121589215,390,355,2026-06-01 14:13:13.831584,3
141,7,P11,no,1,0.2772148836378392,0.7255622121589215,0.7199965396446176,390,356,2026-06-01 14:13:13.839612,3
142,7,P17,no,1,0.28281485045204136,0.7199965396446176,0.7143624294910559,390,357,2026-06-01 14:13:13.873175,3
143,7,P09,no,1,-0.28281485045204136,0.7143624294910559,0.7199965396446176,390,356,2026-06-01 14:13:13.878288,3
144,7,P05,yes,7,5.17318387656951,0.7199965396446176,0.7574755792628283,397,356,2026-06-01 14:13:13.917069,3
145,7,P13,no,8,2.109630973882531,0.7574755792628283,0.7143624294910559,397,364,2026-06-01 14:13:13.918315,3
146,7,P10,no,2,0.582700509301219,0.7143624294910559,0.702892745013669,397,366,2026-06-01 14:13:13.966452,3
147,7,P10,no,2,0.6059028364318806,0.702892745013669,0.6911616123625146,397,368,2026-06-01 14:13:13.976037,3
148,7,P10,no,2,0.6296185947730351,0.6911616123625146,0.679178699175393,397,370,2026-06-01 14:13:14.121272,3
149,7,P19,no,1,0.3238576014485375,0.679178699175393,0.6730961777222321,397,371,2026-06-01 14:13:14.153069,3
150,7,P20,no,1,0.32996963429877724,0.6730961777222321,0.6669548851735586,397,372,2026-06-01 14:13:14.168148,3
151,7,P19,no,13,4.86981723293502,0.6669548851735586,0.5825702064623147,397,385,2026-06-01 14:13:14.213080,3
152,7,P13,yes,1,0.5859424726521638,0.5825702064623147,0.5893093760914265,398,385,2026-06-01 14:13:14.235613,3
153,7,P18,yes,1,0.5926651615214951,0.5893093760914265,0.5960151933265168,399,385,2026-06-01 14:13:14.239881,3
154,7,P24,yes,1,0.5993533336926475,0.5960151933265168,0.6026853379784917,400,385,2026-06-01 14:13:14.304976,3
155,7,P05,yes,20,13.320142888855287,0.6026853379784917,0.7255622121589215,420,385,2026-06-01 14:13:14.385650,3
156,7,P05,yes,4,2.9457505469837315,0.7255622121589215,0.7471242672706695,424,385,2026-06-01 14:13:14.385651,3
157,7,P08,no,1,0.25551174028692003,0.7471242672706695,0.7418402904888368,424,386,2026-06-01 14:13:14.393968,3
158,7,P19,no,6,1.6472502363259878,0.7418402904888368,0.7086608250294356,424,392,2026-06-01 14:13:14.398394,3
159,7,P04,no,10,-2.638098889195419,0.7086608250294356,0.7625419716560975,424,382,2026-06-01 14:13:14.411787,3
160,7,P01,no,1,0.2399851258061858,0.7625419716560975,0.7574755792628283,424,383,2026-06-01 14:13:14.453615,3
161,7,P09,no,1,0.24508804575805243,0.7574755792628283,0.7523361988609284,424,384,2026-06-01 14:13:14.507295,3
162,7,P08,no,5,1.3045131940345982,0.7523361988609284,0.7255622121589215,424,389,2026-06-01 14:13:14.553732,3
163,7,P14,yes,5,3.695486805965345,0.7255622121589215,0.7523361988609284,429,389,2026-06-01 14:13:14.599505,3
164,7,P12,no,6,1.5817280776724374,0.7523361988609284,0.7199965396446176,429,395,2026-06-01 14:13:14.599597,3
165,7,P04,yes,7,5.17318387656951,0.7199965396446176,0.7574755792628283,436,395,2026-06-01 14:13:14.643673,3
166,7,P02,yes,8,6.216819629295969,0.7574755792628283,0.7959402230407707,444,395,2026-06-01 14:13:14.693015,3
167,7,P07,no,7,1.5431952448979018,0.7959402230407707,0.7625419716560975,444,402,2026-06-01 14:13:14.703155,3
168,7,P01,no,12,3.232335193689835,0.7625419716560975,0.6970592839654074,444,414,2026-06-01 14:13:14.735007,3
169,7,P13,yes,1,-0.6941157482680751,0.6970592839654074,0.6911616123625146,443,414,2026-06-01 14:13:14.785670,3
170,7,P03,no,1,0.3118135124173591,0.6911616123625146,0.6852009766653157,443,415,2026-06-01 14:13:14.848719,3
171,7,P09,no,1,0.3178050823557328,0.6852009766653157,0.679178699175393,443,416,2026-06-01 14:13:14.863552,3
172,7,P19,no,8,2.765130994615731,0.679178699175393,0.6289646649499733,443,424,2026-06-01 14:13:14.872578,3
173,7,P05,yes,1,0.6321980651016474,0.6289646649499733,0.6354235592583607,444,424,2026-06-01 14:13:14.918887,3
174,7,P04,yes,8,5.284865857926889,0.6354235592583607,0.6852009766653157,452,424,2026-06-01 14:13:14.921688,3
175,7,P03,no,10,3.4572202927031412,0.6852009766653157,0.6224593312018546,452,434,2026-06-01 14:13:15.022826,3
176,7,P02,yes,15,10.0423628491464,0.6224593312018546,0.7143624294910559,467,434,2026-06-01 14:13:15.097792,3
177,7,P03,no,1,0.28848278950675876,0.7143624294910559,0.7086608250294356,467,435,2026-06-01 14:13:15.103461,3
178,7,P02,yes,9,6.60188623661071,0.7086608250294356,0.7574755792628283,476,435,2026-06-01 14:13:15.314216,3
179,7,P03,no,6,1.5496012397926506,0.7574755792628283,0.7255622121589215,476,441,2026-06-01 14:13:15.380781,3
180,7,P10,no,20,6.679857111144713,0.7255622121589215,0.6026853379784917,476,461,2026-06-01 14:13:15.400459,3
181,7,P10,no,5,2.070448448108664,0.6026853379784917,0.5690013325681905,476,466,2026-06-01 14:13:15.400460,3
182,7,P06,yes,2,1.1515905840250298,0.5690013325681905,0.5825702064623147,478,466,2026-06-01 14:13:15.439341,3
183,7,P09,no,4,1.7240642859126751,0.5825702064623147,0.555328055262369,478,470,2026-06-01 14:13:15.447184,3
184,7,P07,yes,1,0.5587541409070127,0.555328055262369,0.5621765008857981,479,470,2026-06-01 14:13:15.450708,3
185,7,P22,yes,1,0.5655909891553392,0.5621765008857981,0.5690013325681905,480,470,2026-06-01 14:13:15.460975,3
186,7,P11,yes,1,0.5724029720011004,0.5690013325681905,0.5758000536158003,481,470,2026-06-01 14:13:15.498875,3
187,7,P05,yes,1,0.5791876120238726,0.5758000536158003,0.5825702064623147,482,470,2026-06-01 14:13:15.501208,3
188,7,P04,yes,16,10.158550448961932,0.5825702064623147,0.6852009766653157,498,470,2026-06-01 14:13:15.532419,3
189,7,P05,yes,1,0.6881864875826409,0.6852009766653157,0.6911616123625146,499,470,2026-06-01 14:13:15.606026,3
190,7,P14,yes,6,4.25136692017702,0.6911616123625146,0.7255622121589215,505,470,2026-06-01 14:13:15.640516,3
191,7,P18,no,1,0.2772148836379529,0.7255622121589215,0.7199965396446176,505,471,2026-06-01 14:13:15.667230,3
192,7,P12,no,12,3.7820171697426304,0.7199965396446176,0.6481942198637447,505,483,2026-06-01 14:13:15.681831,3
193,7,P09,no,1,0.35498159744986424,0.6481942198637447,0.6418340450887311,505,484,2026-06-01 14:13:15.687453,3
194,7,P23,no,1,0.3613670834829463,0.6418340450887311,0.6354235592583607,505,485,2026-06-01 14:13:15.762360,3
195,7,P14,yes,1,0.63863291651694,0.6354235592583607,0.6418340450887311,506,485,2026-06-01 14:13:15.822648,3
196,7,P17,yes,20,14.036185109377016,0.6418340450887311,0.7574755792628283,526,485,2026-06-01 14:13:15.860449,3
197,7,P22,no,1,0.24508804575805243,0.7574755792628283,0.7523361988609284,526,486,2026-06-01 14:13:15.878793,3
198,7,P04,yes,16,12.64962429892853,0.7523361988609284,0.8257146788214146,542,486,2026-06-01 14:13:15.899376,3
199,7,P13,no,1,0.17629614362635948,0.8257146788214146,0.8216809438923075,542,487,2026-06-01 14:13:15.916736,3
200,7,P12,no,5,0.9439948301886716,0.8216809438923075,0.8004148013462675,542,492,2026-06-01 14:13:15.922807,3
201,7,P02,yes,15,12.464384679461205,0.8004148013462675,0.8588238645581401,557,492,2026-06-01 14:13:15.944234,3
202,7,P13,no,1,0.14287131886828774,0.8588238645581401,0.8554222495341228,557,493,2026-06-01 14:13:15.995939,3
203,7,P14,yes,2,1.7176253500053917,0.8554222495341228,0.8621583430350643,559,493,2026-06-01 14:13:16.013239,3
639,8,P18,yes,2,1.5046482132238452,0.7471242672706695,0.7574755792628283,1102,1061,2026-06-01 14:13:16.017739,3
204,7,P08,no,1,0.1395033311264342,0.8621583430350643,0.8588238645581401,559,494,2026-06-01 14:13:16.034772,3
205,7,P01,no,1,0.14287131886828774,0.8588238645581401,0.8554222495341228,559,495,2026-06-01 14:13:16.088324,3
206,7,P13,no,2,0.2961172307622064,0.8554222495341228,0.8484148512107131,559,497,2026-06-01 14:13:16.093555,3
207,7,P22,no,1,0.15338290922738906,0.8484148512107131,0.844807753762903,559,498,2026-06-01 14:13:16.139882,3
208,7,P09,no,17,3.223300877531983,0.844807753762903,0.7724543828071839,559,515,2026-06-01 14:13:16.173612,3
209,7,P19,no,1,0.2299991558866168,0.7724543828071839,0.7675350070438758,559,516,2026-06-01 14:13:16.223254,3
210,7,P14,yes,2,1.5448841324463274,0.7675350070438758,0.7772998611746911,561,516,2026-06-01 14:13:16.316429,3
211,7,P12,no,11,2.756872500744862,0.7772998611746911,0.7199965396446176,561,527,2026-06-01 14:13:16.320407,3
640,8,P10,no,10,-2.1823754541492235,0.7574755792628283,0.8048153229861598,1102,1051,2026-06-01 14:13:16.377634,3
641,8,P20,no,1,0.19737877265083625,0.8048153229861598,0.8004148013462675,1102,1052,2026-06-01 14:13:16.390464,3
642,8,P23,no,13,2.9966917110141367,0.8004148013462675,0.736484844941675,1102,1065,2026-06-01 14:13:16.394002,3
212,7,P05,yes,2,1.4511013214777222,0.7199965396446176,0.7310585786300049,563,527,2026-06-01 14:13:16.400679,3
213,7,P05,yes,3,2.2174343418680564,0.7310585786300049,0.7471242672706695,566,527,2026-06-01 14:13:16.451871,3
214,7,P01,no,1,0.25551174028692003,0.7471242672706695,0.7418402904888368,566,528,2026-06-01 14:13:16.482944,3
215,7,P10,no,2,0.5270539178450235,0.7418402904888368,0.7310585786300049,566,530,2026-06-01 14:13:16.500173,3
216,7,P09,yes,1,0.7337775846075374,0.7310585786300049,0.736484844941675,567,530,2026-06-01 14:13:16.542600,3
217,7,P04,yes,1,0.7391684975475528,0.736484844941675,0.7418402904888368,568,530,2026-06-01 14:13:16.581494,3
218,7,P16,no,1,0.26083150245244724,0.7418402904888368,0.736484844941675,568,531,2026-06-01 14:13:16.621001,3
219,7,P03,no,2,0.5379062102767875,0.736484844941675,0.7255622121589215,568,533,2026-06-01 14:13:16.624754,3
220,7,P23,no,1,0.2772148836379529,0.7255622121589215,0.7199965396446176,568,534,2026-06-01 14:13:16.625602,3
221,7,P18,yes,9,6.698243366808924,0.7199965396446176,0.7675350070438758,577,534,2026-06-01 14:13:16.757529,3
222,7,P22,no,1,0.23495538395422955,0.7675350070438758,0.7625419716560975,577,535,2026-06-01 14:13:16.757577,3
643,8,P10,yes,1,0.7391684975475528,0.736484844941675,0.7418402904888368,1103,1065,2026-06-01 14:13:16.792385,3
223,7,P14,yes,1,0.7650446160456568,0.7625419716560975,0.7675350070438758,578,535,2026-06-01 14:13:16.800919,3
644,8,P09,yes,1,0.7444882597128526,0.7418402904888368,0.7471242672706695,1104,1065,2026-06-01 14:13:16.827166,3
224,7,P14,yes,1,0.7700008441133832,0.7675350070438758,0.7724543828071839,579,535,2026-06-01 14:13:16.906970,3
225,7,P04,no,4,-0.8719127373087758,0.7724543828071839,0.791391472673955,579,531,2026-06-01 14:13:16.964518,3
645,8,P18,no,1,0.2555117402871474,0.7471242672706695,0.7418402904888368,1104,1066,2026-06-01 14:13:16.995555,3
226,7,P13,no,8,1.821940448714031,0.791391472673955,0.7523361988609284,579,539,2026-06-01 14:13:17.012880,3
646,8,P10,no,1,-0.2555117402871474,0.7418402904888368,0.7471242672706695,1104,1065,2026-06-01 14:13:17.030858,3
227,7,P21,yes,9,6.971731583537803,0.7523361988609284,0.7959402230407707,588,539,2026-06-01 14:13:17.056992,3
228,7,P18,no,1,0.20632796774816597,0.7959402230407707,0.791391472673955,588,540,2026-06-01 14:13:17.113913,3
229,7,P03,no,1,0.2109138319099202,0.791391472673955,0.7867684891624728,588,541,2026-06-01 14:13:17.198254,3
230,7,P18,yes,17,13.988197887877277,0.7867684891624728,0.8554222495341228,605,541,2026-06-01 14:13:17.222109,3
231,7,P11,yes,1,-0.8536932068077476,0.8554222495341228,0.8519528019683106,604,541,2026-06-01 14:13:17.227528,3
647,8,P02,yes,13,-9.243641270938951,0.7471242672706695,0.6730961777222321,1091,1065,2026-06-01 14:13:17.235029,3
232,7,P02,yes,1,0.8536932068077476,0.8519528019683106,0.8554222495341228,605,541,2026-06-01 14:13:17.242562,3
648,8,P20,yes,1,0.6761423985515194,0.6730961777222321,0.679178699175393,1092,1065,2026-06-01 14:13:17.266638,3
233,7,P08,no,6,0.931781226323892,0.8554222495341228,0.8335655924457414,605,547,2026-06-01 14:13:17.289911,3
234,7,P04,yes,13,11.136536032743379,0.8335655924457414,0.877849601504058,618,547,2026-06-01 14:13:17.295705,3
235,7,P18,yes,5,-4.350691909061993,0.877849601504058,0.8621583430350643,613,547,2026-06-01 14:13:17.300056,3
236,7,P02,yes,14,12.36460465492496,0.8621583430350643,0.9022274001492008,627,547,2026-06-01 14:13:17.302677,3
649,8,P18,yes,6,4.181778059493581,0.679178699175393,0.7143624294910559,1098,1065,2026-06-01 14:13:17.305084,3
237,7,P10,no,20,2.5242949723810852,0.9022274001492008,0.8411308951190849,627,567,2026-06-01 14:13:17.321434,3
238,7,P10,no,3,0.49362944056429114,0.8411308951190849,0.8296760813561542,627,570,2026-06-01 14:13:17.321435,3
239,7,P04,yes,17,14.614836782391762,0.8296760813561542,0.8865077741957712,644,570,2026-06-01 14:13:17.329808,3
240,7,P19,no,1,0.114899648474875,0.8865077741957712,0.8836828560223441,644,571,2026-06-01 14:13:17.338157,3
241,7,P14,yes,11,9.880277119245306,0.8836828560223441,0.9116003227929417,655,571,2026-06-01 14:13:17.344783,3
650,8,P04,yes,1,-0.7115172104931844,0.7143624294910559,0.7086608250294356,1097,1065,2026-06-01 14:13:17.355539,3
651,8,P13,yes,14,10.451521601986542,0.7086608250294356,0.7820712676154848,1111,1065,2026-06-01 14:13:17.365119,3
652,8,P04,no,4,0.9103795088180959,0.7820712676154848,0.7625419716560975,1111,1069,2026-06-01 14:13:17.371563,3
242,7,P23,no,17,1.871255259978966,0.9116003227929417,0.8654264045343061,655,588,2026-06-01 14:13:17.402424,3
243,7,P17,yes,1,-0.8637978779612467,0.8654264045343061,0.8621583430350643,654,588,2026-06-01 14:13:17.408067,3
244,7,P21,yes,4,3.474342063643576,0.8621583430350643,0.8748396004250029,658,588,2026-06-01 14:13:17.421567,3
653,8,P04,yes,1,-0.7600148741939847,0.7625419716560975,0.7574755792628283,1110,1069,2026-06-01 14:13:17.434683,3
245,7,P23,no,1,0.12669175705173075,0.8748396004250029,0.8717662624074807,658,589,2026-06-01 14:13:17.477481,3
654,8,P18,no,3,0.7508635270633022,0.7574755792628283,0.7418402904888368,1110,1072,2026-06-01 14:13:17.530967,3
246,7,P23,no,1,0.12979709629462377,0.8717662624074807,0.8686287904691933,658,590,2026-06-01 14:13:17.552978,3
247,7,P04,yes,13,11.537217231428713,0.8686287904691933,0.9046505351008906,671,590,2026-06-01 14:13:17.557981,3
248,7,P03,no,17,2.014326501576079,0.9046505351008906,0.8554222495341228,671,607,2026-06-01 14:13:17.568495,3
249,7,P14,yes,1,0.8571286811315986,0.8554222495341228,0.8588238645581401,672,607,2026-06-01 14:13:17.604807,3
250,7,P23,no,1,0.14287131886840143,0.8588238645581401,0.8554222495341228,672,608,2026-06-01 14:13:17.651325,3
655,8,P09,no,1,-0.25551174028669266,0.7418402904888368,0.7471242672706695,1110,1071,2026-06-01 14:13:17.667455,3
251,7,P13,no,1,0.14630679319225237,0.8554222495341228,0.8519528019683106,672,609,2026-06-01 14:13:17.727290,3
252,7,P01,no,4,0.6209550052022905,0.8519528019683106,0.8373836916384682,672,613,2026-06-01 14:13:17.852629,3
253,7,P11,no,1,0.16451942792934915,0.8373836916384682,0.8335655924457414,672,614,2026-06-01 14:13:17.909173,3
656,8,P04,no,3,0.7825656581319436,0.7471242672706695,0.7310585786300049,1110,1074,2026-06-01 14:13:17.961364,3
254,7,P09,yes,1,0.8354805720705372,0.8335655924457414,0.8373836916384682,673,614,2026-06-01 14:13:17.980471,3
255,7,P03,no,4,0.6814873730872932,0.8373836916384682,0.8216809438923075,673,618,2026-06-01 14:13:17.999458,3
256,7,P03,no,1,0.18036621331839342,0.8216809438923075,0.8175744761936437,673,619,2026-06-01 14:13:18.026902,3
657,8,P09,no,1,-0.2662224153925763,0.7310585786300049,0.736484844941675,1110,1073,2026-06-01 14:13:18.039995,3
257,7,P03,no,1,0.18450919831855117,0.8175744761936437,0.8133949179068393,673,620,2026-06-01 14:13:18.066059,3
658,8,P18,no,1,0.2662224153925763,0.736484844941675,0.7310585786300049,1110,1074,2026-06-01 14:13:18.084016,3
258,7,P19,no,1,0.18872543433974442,0.8133949179068393,0.8091419557551346,673,621,2026-06-01 14:13:18.119355,3
259,7,P11,no,4,0.7985382627543913,0.8091419557551346,0.791391472673955,673,625,2026-06-01 14:13:18.132082,3
260,7,P11,no,1,0.2109138319099202,0.791391472673955,0.7867684891624728,673,626,2026-06-01 14:13:18.138649,3
261,7,P18,yes,13,-9.807245305523452,0.7867684891624728,0.7199965396446176,660,626,2026-06-01 14:13:18.149807,3
659,8,P10,yes,1,0.7337775846074237,0.7310585786300049,0.736484844941675,1111,1074,2026-06-01 14:13:18.159430,3
262,7,P18,yes,7,5.173183876569624,0.7199965396446176,0.7574755792628283,667,626,2026-06-01 14:13:18.185585,3
660,8,P02,no,1,0.2662224153925763,0.736484844941675,0.7310585786300049,1111,1075,2026-06-01 14:13:18.289885,3
661,8,P09,yes,1,0.7337775846074237,0.7310585786300049,0.736484844941675,1112,1075,2026-06-01 14:13:18.327124,3
263,7,P14,yes,17,13.554040543154997,0.7574755792628283,0.8335655924457414,684,626,2026-06-01 14:13:18.339900,3
264,7,P10,no,20,4.196822983908191,0.8335655924457414,0.7418402904888368,684,646,2026-06-01 14:13:18.348609,3
265,7,P10,no,5,1.358767446819229,0.7418402904888368,0.7143624294910559,684,651,2026-06-01 14:13:18.348610,3
266,7,P19,yes,1,0.7171851495480723,0.7143624294910559,0.7199965396446176,685,651,2026-06-01 14:13:18.352668,3
267,7,P14,yes,1,0.7227851163621608,0.7199965396446176,0.7255622121589215,686,651,2026-06-01 14:13:18.355460,3
268,7,P21,yes,5,3.695486805965288,0.7255622121589215,0.7523361988609284,691,651,2026-06-01 14:13:18.356209,3
662,8,P10,yes,1,0.7391684975475528,0.736484844941675,0.7418402904888368,1113,1075,2026-06-01 14:13:18.458876,3
269,7,P02,yes,1,0.7549119542419476,0.7523361988609284,0.7574755792628283,692,651,2026-06-01 14:13:18.474850,3
270,7,P20,no,12,3.2982343196157444,0.7574755792628283,0.6911616123625146,692,663,2026-06-01 14:13:18.479964,3
271,7,P17,yes,2,1.3940971635680626,0.6911616123625146,0.702892745013669,694,663,2026-06-01 14:13:18.528195,3
272,7,P24,yes,11,8.067683391010064,0.702892745013669,0.7625419716560975,705,663,2026-06-01 14:13:18.538680,3
273,7,P10,no,2,0.4850731715641814,0.7625419716560975,0.7523361988609284,705,665,2026-06-01 14:13:18.571204,3
274,7,P02,yes,8,6.178059551286083,0.7523361988609284,0.791391472673955,713,665,2026-06-01 14:13:18.575614,3
275,7,P12,no,3,0.64679602564172,0.791391472673955,0.7772998611746911,713,668,2026-06-01 14:13:18.583097,3
276,7,P04,yes,1,0.7796917426899199,0.7772998611746911,0.7820712676154848,714,668,2026-06-01 14:13:18.609917,3
277,7,P10,no,2,0.4454249689770222,0.7820712676154848,0.7724543828071839,714,670,2026-06-01 14:13:18.630623,3
278,7,P22,yes,4,-3.049972288594745,0.7724543828071839,0.7523361988609284,710,670,2026-06-01 14:13:18.710458,3
279,7,P14,yes,13,10.190795854191833,0.7523361988609284,0.8133949179068393,723,670,2026-06-01 14:13:18.783071,3
280,7,P13,no,7,1.4137514654258894,0.8133949179068393,0.7820712676154848,723,677,2026-06-01 14:13:18.859686,3
281,7,P04,yes,2,1.5735122316682464,0.7820712676154848,0.791391472673955,725,677,2026-06-01 14:13:18.908324,3
282,7,P22,no,5,1.101911893195279,0.791391472673955,0.7675350070438758,725,682,2026-06-01 14:13:18.943812,3
283,7,P21,yes,1,0.7700008441134969,0.7675350070438758,0.7724543828071839,726,682,2026-06-01 14:13:19.001435,3
284,7,P10,no,2,0.4649545398410737,0.7724543828071839,0.7625419716560975,726,684,2026-06-01 14:13:19.079561,3
285,7,P21,yes,14,11.13469747049271,0.7625419716560975,0.8257146788214146,740,684,2026-06-01 14:13:19.199777,3
286,7,P18,yes,1,-0.8237038563736405,0.8257146788214146,0.8216809438923075,739,684,2026-06-01 14:13:19.257722,3
287,7,P20,no,10,1.998935134372914,0.8216809438923075,0.7772998611746911,739,694,2026-06-01 14:13:19.270646,3
288,7,P14,yes,8,6.3659402772640306,0.7772998611746911,0.8133949179068393,747,694,2026-06-01 14:13:19.274918,3
289,7,P11,no,1,0.1887254343398581,0.8133949179068393,0.8091419557551346,747,695,2026-06-01 14:13:19.283126,3
290,7,P10,no,5,1.0094520946641978,0.8091419557551346,0.7867684891624728,747,700,2026-06-01 14:13:19.298316,3
291,7,P02,yes,6,4.801822470996058,0.7867684891624728,0.8133949179068393,753,700,2026-06-01 14:13:19.363324,3
292,7,P23,no,5,0.9872636970940221,0.8133949179068393,0.791391472673955,753,705,2026-06-01 14:13:19.365162,3
663,8,P02,no,2,0.5270539178450235,0.7418402904888368,0.7310585786300049,1113,1077,2026-06-01 14:13:19.428117,3
664,8,P10,no,2,-0.5270539178450235,0.7310585786300049,0.7418402904888368,1113,1075,2026-06-01 14:13:19.434303,3
293,7,P14,yes,7,5.64786089126892,0.791391472673955,0.8216809438923075,760,705,2026-06-01 14:13:19.510952,3
665,8,P10,yes,1,0.74448825971308,0.7418402904888368,0.7471242672706695,1114,1075,2026-06-01 14:13:19.529242,3
666,8,P09,no,1,-0.2502637410184434,0.7471242672706695,0.7523361988609284,1114,1074,2026-06-01 14:13:19.533017,3
294,7,P18,no,3,0.5536008459768027,0.8216809438923075,0.8091419557551346,760,708,2026-06-01 14:13:19.536940,3
295,7,P04,yes,13,10.854778663673187,0.8091419557551346,0.8588238645581401,773,708,2026-06-01 14:13:19.560674,3
296,7,P10,no,20,3.5905556247228105,0.8588238645581401,0.7772998611746911,773,728,2026-06-01 14:13:19.607269,3
297,7,P10,no,3,0.6900712515081295,0.7772998611746911,0.7625419716560975,773,731,2026-06-01 14:13:19.607270,3
298,7,P10,no,2,0.4850731715641814,0.7625419716560975,0.7523361988609284,773,733,2026-06-01 14:13:19.705070,3
299,7,P18,no,2,0.5057754813052497,0.7523361988609284,0.7418402904888368,773,735,2026-06-01 14:13:19.799064,3
300,7,P02,yes,1,0.7444882597131937,0.7418402904888368,0.7471242672706695,774,735,2026-06-01 14:13:19.824289,3
667,8,P04,yes,1,-0.749736258981784,0.7523361988609284,0.7471242672706695,1113,1074,2026-06-01 14:13:19.825383,3
668,8,P18,no,1,0.2555117402871474,0.7471242672706695,0.7418402904888368,1113,1075,2026-06-01 14:13:19.871146,3
301,7,P04,yes,1,0.7497362589816703,0.7471242672706695,0.7523361988609284,775,735,2026-06-01 14:13:19.941360,3
302,7,P10,no,2,0.5057754813052497,0.7523361988609284,0.7418402904888368,775,737,2026-06-01 14:13:19.984251,3
669,8,P02,yes,2,-1.4729460821549765,0.7418402904888368,0.7310585786300049,1111,1075,2026-06-01 14:13:20.070618,3
303,7,P09,yes,1,0.7444882597129663,0.7418402904888368,0.7471242672706695,776,737,2026-06-01 14:13:20.221494,3
304,7,P14,yes,5,3.799708547576415,0.7471242672706695,0.7724543828071839,781,737,2026-06-01 14:13:20.230588,3
305,7,P21,yes,1,0.7748832883329442,0.7724543828071839,0.7772998611746911,782,737,2026-06-01 14:13:20.298409,3
670,8,P02,no,2,0.5488986785221641,0.7310585786300049,0.7199965396446176,1111,1077,2026-06-01 14:13:20.312999,3
1393,9,P09,yes,1,0.6060046947259252,0.6026853379784917,0.6093175418435606,1367,1351,2026-06-01 14:13:20.355324,3
671,8,P02,no,2,0.5712976399586296,0.7199965396446176,0.7086608250294356,1111,1079,2026-06-01 14:13:20.478875,3
1394,9,P05,yes,14,-7.867780748119458,0.6093175418435606,0.5138853177460049,1353,1351,2026-06-01 14:13:20.506012,3
1395,9,P05,yes,5,2.655984429398586,0.5138853177460049,0.548458527973277,1358,1351,2026-06-01 14:13:20.512354,3
1396,9,P20,yes,1,0.5518949420411445,0.548458527973277,0.555328055262369,1359,1351,2026-06-01 14:13:20.522971,3
672,8,P02,no,1,0.2942177197944602,0.7086608250294356,0.702892745013669,1111,1080,2026-06-01 14:13:20.525496,3
673,8,P04,no,2,0.6059028364320511,0.702892745013669,0.6911616123625146,1111,1082,2026-06-01 14:13:20.555745,3
674,8,P03,yes,1,0.6941157482679046,0.6911616123625146,0.6970592839654074,1112,1082,2026-06-01 14:13:20.601948,3
675,8,P09,no,1,-0.3000185846999557,0.6970592839654074,0.702892745013669,1112,1081,2026-06-01 14:13:20.637466,3
1397,9,P05,no,2,0.9030891168554263,0.555328055262369,0.5415704832167999,1359,1353,2026-06-01 14:13:20.693318,3
1398,9,P05,no,3,1.4063853705097245,0.5415704832167999,0.520821285372743,1359,1356,2026-06-01 14:13:20.704748,3
1399,9,P09,yes,12,-5.750720346458365,0.520821285372743,0.4378234991142019,1347,1356,2026-06-01 14:13:20.712533,3
1400,9,P12,yes,1,0.4412458590929873,0.4378234991142019,0.444671944737631,1348,1356,2026-06-01 14:13:20.751061,3
1401,9,P09,no,7,4.053896681953802,0.444671944737631,0.3973146620215083,1348,1363,2026-06-01 14:13:20.777348,3
676,8,P19,yes,11,8.067683391010178,0.702892745013669,0.7625419716560975,1123,1081,2026-06-01 14:13:20.778219,3
306,7,P10,no,2,0.4551158675536726,0.7772998611746911,0.7675350070438758,782,739,2026-06-01 14:13:20.788146,3
1402,9,P17,no,1,-0.5993533336925339,0.3973146620215083,0.4039848066734832,1348,1362,2026-06-01 14:13:20.811889,3
307,7,P14,yes,1,0.7700008441133832,0.7675350070438758,0.7724543828071839,783,739,2026-06-01 14:13:20.859187,3
1403,9,P05,no,5,3.0628788917597376,0.4039848066734832,0.3710353350500268,1348,1367,2026-06-01 14:13:20.885453,3
1404,9,P08,yes,7,2.758513474066376,0.3710353350500268,0.41742979353768533,1355,1367,2026-06-01 14:13:20.890943,3
677,8,P02,yes,3,-2.264663087417375,0.7625419716560975,0.7471242672706695,1120,1081,2026-06-01 14:13:20.907291,3
1405,9,P20,no,1,-0.5791876120235884,0.41742979353768533,0.4241999463841996,1355,1366,2026-06-01 14:13:20.942607,3
1406,9,P10,yes,1,0.42759702799889965,0.4241999463841996,0.4309986674318095,1356,1366,2026-06-01 14:13:21.012375,3
308,7,P18,no,7,-1.4774357885017935,0.7724543828071839,0.8048153229861598,783,732,2026-06-01 14:13:21.039815,3
1407,9,P23,yes,1,0.4344090108443197,0.4309986674318095,0.4378234991142019,1357,1366,2026-06-01 14:13:21.040289,3
1408,9,P21,yes,8,-3.2862357606268233,0.4378234991142019,0.3840904084564866,1349,1366,2026-06-01 14:13:21.053200,3
1409,9,P07,yes,1,0.38738299639953766,0.3840904084564866,0.3906824581564393,1350,1366,2026-06-01 14:13:21.055856,3
1410,9,P03,yes,2,0.7946419715813136,0.3906824581564393,0.4039848066734832,1352,1366,2026-06-01 14:13:21.066330,3
678,8,P10,no,1,-0.2502637410184434,0.7471242672706695,0.7523361988609284,1120,1080,2026-06-01 14:13:21.070947,3
1411,9,P23,yes,1,0.407334838478846,0.4039848066734832,0.41069062390857347,1353,1366,2026-06-01 14:13:21.080666,3
309,7,P11,no,1,0.19737877265060888,0.8048153229861598,0.8004148013462675,783,733,2026-06-01 14:13:21.081058,3
1412,9,P16,yes,1,0.4140575273477225,0.41069062390857347,0.41742979353768533,1354,1366,2026-06-01 14:13:21.091599,3
1413,9,P17,yes,1,0.42081238797618425,0.41742979353768533,0.4241999463841996,1355,1366,2026-06-01 14:13:21.100211,3
1414,9,P13,yes,2,0.8620060388432194,0.4241999463841996,0.4378234991142019,1357,1366,2026-06-01 14:13:21.104050,3
679,8,P04,yes,1,-0.7497362589815566,0.7523361988609284,0.7471242672706695,1119,1080,2026-06-01 14:13:21.104692,3
1415,9,P23,yes,1,0.4412458590932147,0.4378234991142019,0.444671944737631,1358,1366,2026-06-01 14:13:21.112544,3
1416,9,P23,yes,1,0.44810505795885547,0.444671944737631,0.4515414720267231,1359,1366,2026-06-01 14:13:21.128355,3
1417,9,P12,yes,2,0.9168643422055993,0.4515414720267231,0.46533348664659613,1361,1366,2026-06-01 14:13:21.129667,3
1418,9,P22,yes,1,0.4687911263558817,0.46533348664659613,0.47225076494548685,1362,1366,2026-06-01 14:13:21.142382,3
680,8,P02,no,20,6.1976321222277875,0.7471242672706695,0.6289646649499733,1119,1100,2026-06-01 14:13:21.185357,3
310,7,P14,yes,1,0.8026212273493911,0.8004148013462675,0.8048153229861598,784,733,2026-06-01 14:13:21.188105,3
681,8,P19,no,1,-0.3678019348981252,0.6289646649499733,0.6354235592583607,1119,1099,2026-06-01 14:13:21.192553,3
1419,9,P03,no,14,-6.709415396457871,0.47225076494548685,0.5690013325681905,1362,1352,2026-06-01 14:13:21.197118,3
311,7,P11,no,1,0.19737877265072257,0.8048153229861598,0.8004148013462675,784,734,2026-06-01 14:13:21.246255,3
682,8,P17,yes,4,2.5926378468207076,0.6354235592583607,0.6607563687658172,1123,1099,2026-06-01 14:13:21.255351,3
683,8,P04,no,2,0.6910134722461407,0.6607563687658172,0.6481942198637447,1123,1101,2026-06-01 14:13:21.335082,3
1420,9,P17,no,1,0.4344090108445471,0.5690013325681905,0.5621765008857981,1362,1353,2026-06-01 14:13:21.342750,3
684,8,P23,yes,4,2.6428772226643105,0.6481942198637447,0.6730961777222321,1127,1101,2026-06-01 14:13:21.376281,3
685,8,P10,no,11,-3.240015486321454,0.6730961777222321,0.736484844941675,1127,1090,2026-06-01 14:13:21.380730,3
686,8,P02,no,3,0.8151210939147404,0.736484844941675,0.7199965396446176,1127,1093,2026-06-01 14:13:21.418800,3
687,8,P02,yes,2,-1.4287023600413704,0.7199965396446176,0.7086608250294356,1125,1093,2026-06-01 14:13:21.430642,3
312,7,P20,no,13,2.9966917110141367,0.8004148013462675,0.736484844941675,784,747,2026-06-01 14:13:21.450946,3
688,8,P10,yes,1,0.7115172104934118,0.7086608250294356,0.7143624294910559,1126,1093,2026-06-01 14:13:21.527135,3
1421,9,P05,yes,2,-1.1106490829481572,0.5621765008857981,0.548458527973277,1360,1353,2026-06-01 14:13:21.573342,3
689,8,P18,no,1,0.28848278950658823,0.7143624294910559,0.7086608250294356,1126,1094,2026-06-01 14:13:21.632893,3
1422,9,P05,no,1,0.4549840588965708,0.548458527973277,0.5415704832167999,1360,1354,2026-06-01 14:13:21.645245,3
1423,9,P18,no,1,0.4618802833090285,0.5415704832167999,0.534666513353404,1360,1355,2026-06-01 14:13:21.656994,3
313,7,P03,yes,1,0.7391684975475528,0.736484844941675,0.7418402904888368,785,747,2026-06-01 14:13:21.667714,3
1424,9,P12,yes,13,7.526737055588001,0.534666513353404,0.6224593312018546,1373,1355,2026-06-01 14:13:21.682546,3
1425,9,P23,no,1,0.38081192452750656,0.6224593312018546,0.6159095915435134,1373,1356,2026-06-01 14:13:21.683048,3
1426,9,P17,no,1,0.38738299639953766,0.6159095915435134,0.6093175418435606,1373,1357,2026-06-01 14:13:21.708904,3
690,8,P02,no,16,5.437349282273999,0.7086608250294356,0.6093175418435606,1126,1110,2026-06-01 14:13:21.717554,3
1427,9,P04,no,14,-4.843112977779583,0.6093175418435606,0.6970592839654074,1373,1343,2026-06-01 14:13:21.728763,3
691,8,P17,yes,2,1.2318050790729558,0.6093175418435606,0.6224593312018546,1128,1110,2026-06-01 14:13:21.728860,3
1428,9,P20,no,1,0.30588425173209544,0.6970592839654074,0.6911616123625146,1373,1344,2026-06-01 14:13:21.736078,3
692,8,P10,yes,4,2.5415651684368186,0.6224593312018546,0.6481942198637447,1132,1110,2026-06-01 14:13:21.741448,3
1429,9,P13,no,15,5.331870697628801,0.6911616123625146,0.5960151933265168,1373,1359,2026-06-01 14:13:21.751979,3
1430,9,P05,no,1,0.4073348384786186,0.5960151933265168,0.5893093760914265,1373,1360,2026-06-01 14:13:21.782595,3
693,8,P10,no,10,-3.210719529783546,0.6481942198637447,0.7086608250294356,1132,1100,2026-06-01 14:13:21.796455,3
1431,9,P08,no,8,3.503091213425023,0.5893093760914265,0.534666513353404,1373,1368,2026-06-01 14:13:21.814960,3
314,7,P09,yes,1,0.7444882597129663,0.7418402904888368,0.7471242672706695,786,747,2026-06-01 14:13:21.823225,3
315,7,P10,no,4,1.0542494530162685,0.7471242672706695,0.7255622121589215,786,751,2026-06-01 14:13:21.841638,3
694,8,P02,no,1,0.29421771979423283,0.7086608250294356,0.702892745013669,1132,1101,2026-06-01 14:13:21.883349,3
1432,9,P05,yes,1,-0.5312088736438909,0.534666513353404,0.5277492350545132,1372,1368,2026-06-01 14:13:21.891040,3
316,7,P21,yes,17,13.07500809449698,0.7255622121589215,0.8091419557551346,803,751,2026-06-01 14:13:21.901945,3
1433,9,P04,yes,1,0.5312088736438909,0.5277492350545132,0.534666513353404,1373,1368,2026-06-01 14:13:21.903826,3
1434,9,P05,no,1,0.4687911263558817,0.534666513353404,0.5277492350545132,1373,1369,2026-06-01 14:13:21.908141,3
695,8,P09,yes,1,0.7057822802055398,0.702892745013669,0.7086608250294356,1133,1101,2026-06-01 14:13:21.915144,3
1435,9,P05,yes,11,-5.385655468561481,0.5277492350545132,0.4515414720267231,1362,1369,2026-06-01 14:13:21.917314,3
696,8,P09,no,1,-0.28848278950658823,0.7086608250294356,0.7143624294910559,1133,1100,2026-06-01 14:13:21.948961,3
1436,9,P18,yes,1,0.4549840588965708,0.4515414720267231,0.45842951678320015,1363,1369,2026-06-01 14:13:21.952512,3
1437,9,P24,yes,4,1.889031511704843,0.45842951678320015,0.4861146822539951,1367,1369,2026-06-01 14:13:21.953542,3
1438,9,P03,yes,9,4.655984429398586,0.4861146822539951,0.548458527973277,1376,1369,2026-06-01 14:13:21.968192,3
317,7,P13,no,4,0.798538262754505,0.8091419557551346,0.791391472673955,803,755,2026-06-01 14:13:21.976697,3
1439,9,P04,yes,1,0.5518949420411445,0.548458527973277,0.555328055262369,1377,1369,2026-06-01 14:13:22.092323,3
697,8,P18,no,1,0.28848278950658823,0.7143624294910559,0.7086608250294356,1133,1101,2026-06-01 14:13:22.095995,3
318,7,P21,yes,1,0.7936720322517203,0.791391472673955,0.7959402230407707,804,755,2026-06-01 14:13:22.104704,3
319,7,P22,no,1,0.20632796774816597,0.7959402230407707,0.791391472673955,804,756,2026-06-01 14:13:22.106645,3
1440,9,P21,yes,2,-1.0969108831445737,0.555328055262369,0.5415704832167999,1375,1369,2026-06-01 14:13:22.156893,3
698,8,P18,yes,1,0.7115172104931844,0.7086608250294356,0.7143624294910559,1134,1101,2026-06-01 14:13:22.219283,3
1441,9,P05,no,11,5.461880283309256,0.5415704832167999,0.46533348664659613,1375,1380,2026-06-01 14:13:22.231482,3
699,8,P10,no,20,-4.673747073932418,0.7143624294910559,0.8133949179068393,1134,1081,2026-06-01 14:13:22.245289,3
700,8,P10,no,1,-0.18450919831866486,0.8133949179068393,0.8175744761936437,1134,1080,2026-06-01 14:13:22.245290,3
701,8,P24,no,7,1.3826867273226071,0.8175744761936437,0.7867684891624728,1134,1087,2026-06-01 14:13:22.261526,3
1442,9,P03,yes,10,4.999999999999773,0.46533348664659613,0.534666513353404,1385,1380,2026-06-01 14:13:22.317474,3
702,8,P12,no,13,3.192754694476662,0.7867684891624728,0.7199965396446176,1134,1100,2026-06-01 14:13:22.333555,3
703,8,P04,yes,14,-9.501634149324445,0.7199965396446176,0.6354235592583607,1120,1100,2026-06-01 14:13:22.335094,3
320,7,P09,no,7,1.5768524029559785,0.791391472673955,0.7574755792628283,804,763,2026-06-01 14:13:22.367391,3
1443,9,P05,yes,8,-4.055494912799077,0.534666513353404,0.4791787146272571,1377,1380,2026-06-01 14:13:22.391747,3
321,7,P18,no,1,0.24508804575805243,0.7574755792628283,0.7523361988609284,804,764,2026-06-01 14:13:22.394476,3
322,7,P18,yes,1,-0.7497362589816703,0.7523361988609284,0.7471242672706695,803,764,2026-06-01 14:13:22.395867,3
704,8,P12,no,9,-3.0269476544904137,0.6354235592583607,0.6911616123625146,1120,1091,2026-06-01 14:13:22.400002,3
705,8,P13,yes,2,1.3940971635679489,0.6911616123625146,0.702892745013669,1122,1091,2026-06-01 14:13:22.431131,3
706,8,P10,yes,11,8.067683391010178,0.702892745013669,0.7625419716560975,1133,1091,2026-06-01 14:13:22.444291,3
1444,9,P04,yes,7,3.5242860391549584,0.4791787146272571,0.5277492350545132,1384,1380,2026-06-01 14:13:22.449745,3
323,7,P09,no,11,3.1146960452566645,0.7471242672706695,0.6852009766653157,803,775,2026-06-01 14:13:22.451551,3
324,7,P08,yes,1,0.6881864875826977,0.6852009766653157,0.6911616123625146,804,775,2026-06-01 14:13:22.477111,3
707,8,P19,no,11,2.9323166089898223,0.7625419716560975,0.702892745013669,1133,1102,2026-06-01 14:13:22.477512,3
325,7,P13,yes,8,5.713460709900232,0.6911616123625146,0.736484844941675,812,775,2026-06-01 14:13:22.514177,3
1445,9,P20,no,1,-0.4687911263558817,0.5277492350545132,0.534666513353404,1384,1379,2026-06-01 14:13:22.544845,3
326,7,P10,no,8,2.286539290099654,0.736484844941675,0.6911616123625146,812,783,2026-06-01 14:13:22.597384,3
327,7,P01,yes,10,7.197117467160751,0.6911616123625146,0.7471242672706695,822,783,2026-06-01 14:13:22.607328,3
328,7,P21,yes,8,6.138709642177673,0.7471242672706695,0.7867684891624728,830,783,2026-06-01 14:13:22.633510,3
708,8,P18,yes,1,0.7057822802055398,0.702892745013669,0.7086608250294356,1134,1102,2026-06-01 14:13:22.651723,3
1446,9,P01,yes,1,0.5381197166909715,0.534666513353404,0.5415704832167999,1385,1379,2026-06-01 14:13:22.678977,3
1447,9,P18,yes,12,-6.0,0.5415704832167999,0.45842951678320015,1373,1379,2026-06-01 14:13:22.750327,3
1448,9,P17,yes,1,0.4618802833090285,0.45842951678320015,0.46533348664659613,1374,1379,2026-06-01 14:13:22.773454,3
329,7,P20,no,8,1.8612903578223268,0.7867684891624728,0.7471242672706695,830,791,2026-06-01 14:13:22.800923,3
709,8,P05,yes,1,-0.7057822802055398,0.7086608250294356,0.702892745013669,1133,1102,2026-06-01 14:13:22.866363,3
1449,9,P23,yes,1,0.4687911263561091,0.46533348664659613,0.47225076494548685,1375,1379,2026-06-01 14:13:22.904091,3
1450,9,P11,no,1,-0.5242860391551858,0.47225076494548685,0.4791787146272571,1375,1378,2026-06-01 14:13:22.939937,3
1451,9,P13,no,1,-0.5173538588051088,0.4791787146272571,0.4861146822539951,1375,1377,2026-06-01 14:13:23.003573,3
330,7,P21,no,10,2.8028825328392486,0.7471242672706695,0.6911616123625146,830,801,2026-06-01 14:13:23.120131,3
331,7,P03,yes,2,1.3940971635680626,0.6911616123625146,0.702892745013669,832,801,2026-06-01 14:13:23.127978,3
1452,9,P04,no,1,-0.5104149925382444,0.4861146822539951,0.49305600205173933,1375,1376,2026-06-01 14:13:23.137176,3
710,8,P04,no,20,7.179978287863605,0.702892745013669,0.5758000536158003,1133,1122,2026-06-01 14:13:23.155809,3
711,8,P04,no,5,2.2063410147918603,0.5758000536158003,0.5415704832167999,1133,1127,2026-06-01 14:13:23.155810,3
1453,9,P05,no,3,1.552054890498539,0.49305600205173933,0.47225076494548685,1375,1379,2026-06-01 14:13:23.171046,3
1454,9,P03,yes,12,6.166239473479436,0.47225076494548685,0.555328055262369,1387,1379,2026-06-01 14:13:23.181453,3
332,7,P11,yes,8,5.803020303592689,0.702892745013669,0.7471242672706695,840,801,2026-06-01 14:13:23.189639,3
712,8,P06,yes,15,8.885164104784053,0.5415704832167999,0.6418340450887311,1148,1127,2026-06-01 14:13:23.190413,3
1455,9,P21,no,7,3.281705636022025,0.555328055262369,0.5069439979482607,1387,1386,2026-06-01 14:13:23.247876,3
1456,9,P13,yes,6,3.1663994219368305,0.5069439979482607,0.548458527973277,1393,1386,2026-06-01 14:13:23.267627,3
713,8,P19,yes,1,0.6450184025500221,0.6418340450887311,0.6481942198637447,1149,1127,2026-06-01 14:13:23.282097,3
1457,9,P04,yes,1,0.5518949420411445,0.548458527973277,0.555328055262369,1394,1386,2026-06-01 14:13:23.292364,3
1458,9,P05,no,3,1.3649694001644548,0.555328055262369,0.534666513353404,1394,1389,2026-06-01 14:13:23.312416,3
714,8,P04,yes,18,-10.599511097668938,0.6481942198637447,0.5277492350545132,1131,1127,2026-06-01 14:13:23.321650,3
1459,9,P09,yes,2,1.0831356577944007,0.534666513353404,0.548458527973277,1396,1389,2026-06-01 14:13:23.331255,3
1460,9,P21,no,1,0.4549840588965708,0.548458527973277,0.5415704832167999,1396,1390,2026-06-01 14:13:23.378804,3
715,8,P03,yes,1,0.5312088736438909,0.5277492350545132,0.534666513353404,1132,1127,2026-06-01 14:13:23.412652,3
716,8,P02,yes,17,-8.089033686077073,0.534666513353404,0.41742979353768533,1115,1127,2026-06-01 14:13:23.420000,3
717,8,P09,no,20,-10.275935714087382,0.41742979353768533,0.555328055262369,1115,1107,2026-06-01 14:13:23.469099,3
718,8,P09,no,1,-0.4412458590932147,0.555328055262369,0.5621765008857981,1115,1106,2026-06-01 14:13:23.469100,3
333,7,P21,no,1,0.25551174028692003,0.7471242672706695,0.7418402904888368,840,802,2026-06-01 14:13:23.479655,3
719,8,P07,yes,1,0.5655909891554529,0.5621765008857981,0.5690013325681905,1116,1106,2026-06-01 14:13:23.485710,3
334,7,P18,yes,1,0.74448825971308,0.7418402904888368,0.7471242672706695,841,802,2026-06-01 14:13:23.486096,3
720,8,P10,no,2,-0.8484094159748565,0.5690013325681905,0.5825702064623147,1116,1104,2026-06-01 14:13:23.531080,3
335,7,P21,yes,1,0.7497362589816703,0.7471242672706695,0.7523361988609284,842,802,2026-06-01 14:13:23.535790,3
721,8,P02,yes,7,-3.910966313922927,0.5825702064623147,0.534666513353404,1109,1104,2026-06-01 14:13:23.544381,3
1461,9,P05,yes,5,-2.6213834808336287,0.5415704832167999,0.5069439979482607,1391,1390,2026-06-01 14:13:23.553586,3
1462,9,P19,yes,1,0.5104149925386992,0.5069439979482607,0.5138853177460049,1392,1390,2026-06-01 14:13:23.577089,3
722,8,P19,yes,9,5.089573948096586,0.534666513353404,0.5960151933265168,1118,1104,2026-06-01 14:13:23.595028,3
723,8,P04,yes,2,-1.1786076341736589,0.5960151933265168,0.5825702064623147,1116,1104,2026-06-01 14:13:23.603902,3
724,8,P02,yes,20,-10.275935714087382,0.5825702064623147,0.444671944737631,1096,1104,2026-06-01 14:13:23.641169,3
725,8,P02,yes,8,-3.3400986233205003,0.444671944737631,0.3906824581564393,1088,1104,2026-06-01 14:13:23.641170,3
1463,9,P09,yes,7,3.766633512346516,0.5138853177460049,0.5621765008857981,1399,1390,2026-06-01 14:13:23.642775,3
726,8,P17,yes,1,0.3939953052740748,0.3906824581564393,0.3973146620215083,1089,1104,2026-06-01 14:13:23.643404,3
727,8,P12,yes,1,0.40064666630746615,0.3973146620215083,0.4039848066734832,1090,1104,2026-06-01 14:13:23.649638,3
728,8,P01,yes,7,2.9935617096980423,0.4039848066734832,0.4515414720267231,1097,1104,2026-06-01 14:13:23.651801,3
729,8,P13,no,2,-1.083135657794628,0.4515414720267231,0.46533348664659613,1097,1102,2026-06-01 14:13:23.664017,3
730,8,P23,yes,1,0.4687911263558817,0.46533348664659613,0.47225076494548685,1098,1102,2026-06-01 14:13:23.677741,3
1464,9,P05,no,5,2.275006385613551,0.5621765008857981,0.5277492350545132,1399,1395,2026-06-01 14:13:23.686997,3
731,8,P04,no,1,0.5312088736441183,0.47225076494548685,0.46533348664659613,1098,1103,2026-06-01 14:13:23.695870,3
732,8,P18,no,1,0.5381197166909715,0.46533348664659613,0.45842951678320015,1098,1104,2026-06-01 14:13:23.740233,3
336,7,P21,yes,2,1.5149268284358186,0.7523361988609284,0.7625419716560975,844,802,2026-06-01 14:13:23.767381,3
1465,9,P04,no,1,-0.4687911263558817,0.5277492350545132,0.534666513353404,1399,1394,2026-06-01 14:13:23.769081,3
733,8,P23,yes,17,8.793658985207912,0.45842951678320015,0.5758000536158003,1115,1104,2026-06-01 14:13:23.770060,3
734,8,P10,yes,1,0.5791876120240431,0.5758000536158003,0.5825702064623147,1116,1104,2026-06-01 14:13:23.779086,3
735,8,P19,yes,7,4.241486525933169,0.5825702064623147,0.6289646649499733,1123,1104,2026-06-01 14:13:23.786327,3
736,8,P24,yes,6,3.888696241131811,0.6289646649499733,0.6669548851735586,1129,1104,2026-06-01 14:13:23.797828,3
737,8,P02,no,3,1.0271531430371397,0.6669548851735586,0.6481942198637447,1129,1107,2026-06-01 14:13:23.858752,3
738,8,P05,yes,1,0.6513526546054891,0.6481942198637447,0.6545022492518787,1130,1107,2026-06-01 14:13:23.869548,3
739,8,P04,no,2,0.7036289428444888,0.6545022492518787,0.6418340450887311,1130,1109,2026-06-01 14:13:23.943218,3
740,8,P02,no,2,0.7291690183810715,0.6418340450887311,0.6289646649499733,1130,1111,2026-06-01 14:13:23.956865,3
741,8,P04,yes,2,-1.2449038597405888,0.6289646649499733,0.6159095915435134,1128,1111,2026-06-01 14:13:24.006120,3
337,7,P10,no,2,0.4850731715641814,0.7625419716560975,0.7523361988609284,844,804,2026-06-01 14:13:24.017354,3
742,8,P02,no,2,0.7813783016736124,0.6159095915435134,0.6026853379784917,1128,1113,2026-06-01 14:13:24.021186,3
743,8,P13,no,1,-0.3939953052738474,0.6026853379784917,0.6093175418435606,1128,1112,2026-06-01 14:13:24.036053,3
338,7,P10,no,4,1.0328293991502733,0.7523361988609284,0.7310585786300049,844,808,2026-06-01 14:13:24.045558,3
744,8,P02,no,2,0.7946419715813136,0.6093175418435606,0.5960151933265168,1128,1114,2026-06-01 14:13:24.120804,3
745,8,P04,no,2,0.8213923658261137,0.5960151933265168,0.5825702064623147,1128,1116,2026-06-01 14:13:24.123219,3
339,7,P21,no,4,-1.0328293991502733,0.7310585786300049,0.7523361988609284,844,804,2026-06-01 14:13:24.142834,3
746,8,P20,yes,2,1.1786076341738863,0.5825702064623147,0.5960151933265168,1130,1116,2026-06-01 14:13:24.145609,3
1466,9,P09,no,9,-3.9104260519036416,0.534666513353404,0.5960151933265168,1399,1385,2026-06-01 14:13:24.156845,3
1467,9,P22,no,1,0.40733483847839125,0.5960151933265168,0.5893093760914265,1399,1386,2026-06-01 14:13:24.162088,3
747,8,P04,yes,18,-9.620782821740704,0.5960151933265168,0.47225076494548685,1112,1116,2026-06-01 14:13:24.182947,3
1468,9,P21,no,1,0.41405752734794987,0.5893093760914265,0.5825702064623147,1399,1387,2026-06-01 14:13:24.184322,3
748,8,P19,yes,1,0.4757139608448142,0.47225076494548685,0.4791787146272571,1113,1116,2026-06-01 14:13:24.246932,3
340,7,P10,no,2,0.5057754813052497,0.7523361988609284,0.7418402904888368,844,806,2026-06-01 14:13:24.249278,3
341,7,P21,yes,1,0.74448825971308,0.7418402904888368,0.7471242672706695,845,806,2026-06-01 14:13:24.258496,3
749,8,P03,yes,2,0.9722311486566468,0.4791787146272571,0.49305600205173933,1115,1116,2026-06-01 14:13:24.292264,3
1469,9,P11,yes,11,-5.994230078065357,0.5825702064623147,0.5069439979482607,1388,1387,2026-06-01 14:13:24.308097,3
750,8,P06,yes,1,0.4965278894046605,0.49305600205173933,0.5,1116,1116,2026-06-01 14:13:24.310789,3
751,8,P01,yes,2,1.0138871031340386,0.5,0.5138853177460049,1118,1116,2026-06-01 14:13:24.323590,3
752,8,P20,yes,1,0.517353858804654,0.5138853177460049,0.520821285372743,1119,1116,2026-06-01 14:13:24.375993,3
753,8,P08,no,8,-3.612726385301812,0.520821285372743,0.5758000536158003,1119,1108,2026-06-01 14:13:24.403726,3
754,8,P12,yes,12,7.387876176731652,0.5758000536158003,0.6545022492518787,1131,1108,2026-06-01 14:13:24.414167,3
1470,9,P21,yes,1,-0.5034721105953395,0.5069439979482607,0.5,1387,1387,2026-06-01 14:13:24.481596,3
1471,9,P09,yes,5,-2.4132641252622307,0.5,0.46533348664659613,1382,1387,2026-06-01 14:13:24.485923,3
755,8,P04,no,20,8.22485020857016,0.6545022492518787,0.520821285372743,1131,1128,2026-06-01 14:13:24.498985,3
756,8,P04,no,10,5.138630570593932,0.520821285372743,0.4515414720267231,1131,1138,2026-06-01 14:13:24.498986,3
757,8,P08,yes,15,7.55189494204069,0.4515414720267231,0.555328055262369,1146,1138,2026-06-01 14:13:24.500429,3
342,7,P10,no,4,1.0542494530162685,0.7471242672706695,0.7255622121589215,845,810,2026-06-01 14:13:24.573396,3
758,8,P04,no,3,1.3649694001649095,0.555328055262369,0.534666513353404,1146,1141,2026-06-01 14:13:24.633303,3
759,8,P22,yes,1,0.5381197166909715,0.534666513353404,0.5415704832167999,1147,1141,2026-06-01 14:13:24.647825,3
760,8,P02,no,1,0.4618802833090285,0.5415704832167999,0.534666513353404,1147,1142,2026-06-01 14:13:24.650313,3
2129,10,P05,no,1,-0.48264614119489124,0.5138853177460049,0.520821285372743,1684,1681,2026-06-01 14:13:24.652041,3
343,7,P12,yes,10,7.520342382893091,0.7255622121589215,0.7772998611746911,855,810,2026-06-01 14:13:24.652841,3
344,7,P09,yes,3,-2.3099287484918705,0.7772998611746911,0.7625419716560975,852,810,2026-06-01 14:13:24.668691,3
761,8,P23,yes,1,0.5381197166909715,0.534666513353404,0.5415704832167999,1148,1142,2026-06-01 14:13:24.672040,3
762,8,P10,no,10,-4.243187740176154,0.5415704832167999,0.6093175418435606,1148,1132,2026-06-01 14:13:24.674560,3
1472,9,P04,yes,1,0.4687911263558817,0.46533348664659613,0.47225076494548685,1383,1387,2026-06-01 14:13:24.737867,3
1473,9,P21,yes,10,-4.379217178259523,0.47225076494548685,0.4039848066734832,1373,1387,2026-06-01 14:13:24.750104,3
1474,9,P11,no,12,-6.662422719700544,0.4039848066734832,0.4861146822539951,1373,1375,2026-06-01 14:13:24.753313,3
1475,9,P18,no,1,0.5173538588048814,0.4861146822539951,0.4791787146272571,1373,1376,2026-06-01 14:13:24.757773,3
1476,9,P04,no,2,-1.0277688513433532,0.4791787146272571,0.49305600205173933,1373,1374,2026-06-01 14:13:24.763062,3
763,8,P04,no,6,2.4644437533827386,0.6093175418435606,0.5690013325681905,1148,1138,2026-06-01 14:13:24.806999,3
764,8,P13,no,12,-4.691073505872737,0.5690013325681905,0.6481942198637447,1148,1126,2026-06-01 14:13:24.810214,3
765,8,P02,no,19,7.876202863175877,0.6481942198637447,0.520821285372743,1148,1145,2026-06-01 14:13:24.861756,3
766,8,P04,no,1,0.4826461411951186,0.520821285372743,0.5138853177460049,1148,1146,2026-06-01 14:13:24.863583,3
2130,10,P02,no,1,-0.4757139608450416,0.520821285372743,0.5277492350545132,1684,1680,2026-06-01 14:13:24.882661,3
1477,9,P05,no,3,1.552054890498539,0.49305600205173933,0.47225076494548685,1373,1377,2026-06-01 14:13:24.897049,3
767,8,P22,yes,1,0.517353858804654,0.5138853177460049,0.520821285372743,1149,1146,2026-06-01 14:13:24.899000,3
2131,10,P09,no,1,0.4757139608450416,0.5277492350545132,0.520821285372743,1684,1681,2026-06-01 14:13:24.901920,3
768,8,P02,yes,11,-5.309474487365378,0.520821285372743,0.444671944737631,1138,1146,2026-06-01 14:13:24.976594,3
769,8,P04,no,1,0.5587541409072401,0.444671944737631,0.4378234991142019,1138,1147,2026-06-01 14:13:24.999380,3
770,8,P15,yes,1,0.44124585909275993,0.4378234991142019,0.444671944737631,1139,1147,2026-06-01 14:13:25.032510,3
345,7,P09,no,1,0.23998512580624265,0.7625419716560975,0.7574755792628283,852,811,2026-06-01 14:13:25.035855,3
1478,9,P11,yes,1,0.4757139608448142,0.47225076494548685,0.4791787146272571,1374,1377,2026-06-01 14:13:25.045697,3
771,8,P11,no,19,-9.303251897936207,0.444671944737631,0.5758000536158003,1139,1128,2026-06-01 14:13:25.072851,3
772,8,P04,no,2,0.8620060388434467,0.5758000536158003,0.5621765008857981,1139,1130,2026-06-01 14:13:25.098002,3
1479,9,P13,yes,5,2.4826461411951186,0.4791787146272571,0.5138853177460049,1379,1377,2026-06-01 14:13:25.135967,3
346,7,P09,no,2,0.49535178677626845,0.7574755792628283,0.7471242672706695,852,813,2026-06-01 14:13:25.151881,3
773,8,P18,yes,2,-1.1106490829479299,0.5621765008857981,0.548458527973277,1137,1130,2026-06-01 14:13:25.162639,3
1480,9,P04,yes,2,1.0416398979602945,0.5138853177460049,0.5277492350545132,1381,1377,2026-06-01 14:13:25.163358,3
774,8,P13,no,13,-5.298484752836885,0.548458527973277,0.6354235592583607,1137,1117,2026-06-01 14:13:25.214087,3
1481,9,P04,no,1,-0.4687911263558817,0.5277492350545132,0.534666513353404,1381,1376,2026-06-01 14:13:25.274176,3
1482,9,P04,yes,1,0.5381197166907441,0.534666513353404,0.5415704832167999,1382,1376,2026-06-01 14:13:25.304259,3
775,8,P02,no,5,1.9042763768313762,0.6354235592583607,0.6026853379784917,1137,1122,2026-06-01 14:13:25.325626,3
776,8,P04,no,2,0.8079815047858574,0.6026853379784917,0.5893093760914265,1137,1124,2026-06-01 14:13:25.344952,3
777,8,P02,no,1,0.4140575273477225,0.5893093760914265,0.5825702064623147,1137,1125,2026-06-01 14:13:25.388220,3
778,8,P10,yes,7,4.241486525933624,0.5825702064623147,0.6289646649499733,1144,1125,2026-06-01 14:13:25.395706,3
779,8,P08,no,1,0.37428421573167725,0.6289646649499733,0.6224593312018546,1144,1126,2026-06-01 14:13:25.425798,3
780,8,P19,no,10,4.108293544247545,0.6224593312018546,0.555328055262369,1144,1136,2026-06-01 14:13:25.429002,3
781,8,P04,no,2,0.9030891168554263,0.555328055262369,0.5415704832167999,1144,1138,2026-06-01 14:13:25.483119,3
782,8,P13,yes,1,0.5450159411036566,0.5415704832167999,0.548458527973277,1145,1138,2026-06-01 14:13:25.485119,3
1483,9,P09,no,1,-0.4549840588965708,0.5415704832167999,0.548458527973277,1382,1375,2026-06-01 14:13:25.493810,3
1484,9,P21,no,1,0.4549840588965708,0.548458527973277,0.5415704832167999,1382,1376,2026-06-01 14:13:25.516600,3
783,8,P09,yes,13,7.701515247163343,0.548458527973277,0.6354235592583607,1158,1138,2026-06-01 14:13:25.606527,3
347,7,P10,no,2,0.516343242739481,0.7471242672706695,0.736484844941675,852,815,2026-06-01 14:13:25.611832,3
784,8,P02,no,3,1.1228980751575364,0.6354235592583607,0.6159095915435134,1158,1141,2026-06-01 14:13:25.661001,3
348,7,P18,yes,2,1.483656757260519,0.736484844941675,0.7471242672706695,854,815,2026-06-01 14:13:25.730751,3
785,8,P04,yes,1,-0.6126170036004623,0.6159095915435134,0.6093175418435606,1157,1141,2026-06-01 14:13:25.842593,3
1485,9,P04,no,9,-3.849192434901852,0.5415704832167999,0.6026853379784917,1382,1367,2026-06-01 14:13:25.857612,3
1486,9,P03,no,4,1.6428514201099915,0.6026853379784917,0.5758000536158003,1382,1371,2026-06-01 14:13:25.861012,3
1487,9,P01,yes,1,-0.5724029720011004,0.5758000536158003,0.5690013325681905,1381,1371,2026-06-01 14:13:25.896936,3
786,8,P03,yes,15,9.856868437520689,0.6093175418435606,0.702892745013669,1172,1141,2026-06-01 14:13:25.904059,3
787,8,P01,no,4,1.2355214312049156,0.702892745013669,0.679178699175393,1172,1145,2026-06-01 14:13:25.927410,3
349,7,P18,yes,3,2.264663087417489,0.7471242672706695,0.7625419716560975,857,815,2026-06-01 14:13:25.940503,3
1488,9,P01,no,1,0.4344090108445471,0.5690013325681905,0.5621765008857981,1381,1372,2026-06-01 14:13:25.953506,3
788,8,P07,no,1,0.32385760144825326,0.679178699175393,0.6730961777222321,1172,1146,2026-06-01 14:13:25.966825,3
789,8,P02,no,3,1.0084754319416334,0.6730961777222321,0.6545022492518787,1172,1149,2026-06-01 14:13:26.037180,3
790,8,P15,no,6,2.1878941014849715,0.6545022492518787,0.6159095915435134,1172,1155,2026-06-01 14:13:26.065028,3
791,8,P17,no,4,1.5893598064594698,0.6159095915435134,0.5893093760914265,1172,1159,2026-06-01 14:13:26.087693,3
792,8,P12,yes,4,2.41064019354053,0.5893093760914265,0.6159095915435134,1176,1159,2026-06-01 14:13:26.114075,3
2132,10,P05,yes,1,0.5242860391551858,0.520821285372743,0.5277492350545132,1685,1681,2026-06-01 14:13:26.115897,3
2133,10,P02,yes,1,0.5312088736441183,0.5277492350545132,0.534666513353404,1686,1681,2026-06-01 14:13:26.140389,3
1489,9,P11,no,1,0.4412458590929873,0.5621765008857981,0.555328055262369,1381,1373,2026-06-01 14:13:26.157441,3
1490,9,P18,yes,1,0.5587541409067853,0.555328055262369,0.5621765008857981,1382,1373,2026-06-01 14:13:26.177691,3
1491,9,P21,yes,1,-0.5587541409067853,0.5621765008857981,0.555328055262369,1381,1373,2026-06-01 14:13:26.342939,3
2134,10,P02,no,12,-5.09245101988472,0.534666513353404,0.6159095915435134,1686,1669,2026-06-01 14:13:26.343366,3
2135,10,P12,no,1,0.38738299639953766,0.6159095915435134,0.6093175418435606,1686,1670,2026-06-01 14:13:26.375253,3
350,7,P10,no,17,4.8216652759421095,0.7625419716560975,0.6669548851735586,857,832,2026-06-01 14:13:26.385497,3
2136,10,P08,yes,1,-0.6060046947259252,0.6093175418435606,0.6026853379784917,1685,1670,2026-06-01 14:13:26.431570,3
793,8,P10,no,10,-3.5202271348750855,0.6159095915435134,0.679178699175393,1176,1149,2026-06-01 14:13:26.443495,3
794,8,P12,no,1,0.323857601448708,0.679178699175393,0.6730961777222321,1176,1150,2026-06-01 14:13:26.443860,3
351,7,P09,yes,11,7.696237294772459,0.6669548851735586,0.7310585786300049,868,832,2026-06-01 14:13:26.454455,3
795,8,P19,no,1,0.32996963429854986,0.6730961777222321,0.6669548851735586,1176,1151,2026-06-01 14:13:26.537937,3
352,7,P09,yes,1,0.7337775846074237,0.7310585786300049,0.736484844941675,869,832,2026-06-01 14:13:26.548235,3
1492,9,P17,yes,4,-2.1662394734796635,0.555328055262369,0.5277492350545132,1377,1373,2026-06-01 14:13:26.550601,3
2137,10,P03,no,1,0.40064666630746615,0.6026853379784917,0.5960151933265168,1685,1671,2026-06-01 14:13:26.551700,3
2138,10,P09,yes,4,-2.330198218198575,0.5960151933265168,0.5690013325681905,1681,1671,2026-06-01 14:13:26.562419,3
796,8,P18,yes,8,-5.133600100872172,0.6669548851735586,0.6159095915435134,1168,1151,2026-06-01 14:13:26.586565,3
797,8,P04,yes,3,-1.8179750320189214,0.6159095915435134,0.5960151933265168,1165,1151,2026-06-01 14:13:26.607747,3
2139,10,P21,no,7,-2.8518267497825036,0.5690013325681905,0.6159095915435134,1681,1664,2026-06-01 14:13:26.628052,3
2140,10,P01,no,13,5.5612421462403745,0.6159095915435134,0.5277492350545132,1681,1677,2026-06-01 14:13:26.682526,3
798,8,P01,no,9,-3.36991906946605,0.5960151933265168,0.6545022492518787,1165,1142,2026-06-01 14:13:26.732666,3
2141,10,P02,yes,8,4.442175187567045,0.5277492350545132,0.5825702064623147,1689,1677,2026-06-01 14:13:26.736077,3
1493,9,P21,no,10,5.06932859033509,0.5277492350545132,0.45842951678320015,1377,1383,2026-06-01 14:13:26.762443,3
1494,9,P17,yes,13,6.545015941103657,0.45842951678320015,0.548458527973277,1390,1383,2026-06-01 14:13:26.762769,3
1495,9,P21,yes,1,-0.5450159411036566,0.548458527973277,0.5415704832167999,1389,1383,2026-06-01 14:13:26.771980,3
2142,10,P23,no,1,0.42081238797618425,0.5825702064623147,0.5758000536158003,1689,1678,2026-06-01 14:13:26.793998,3
1496,9,P21,no,1,0.4618802833092559,0.5415704832167999,0.534666513353404,1389,1384,2026-06-01 14:13:26.797782,3
2143,10,P21,yes,4,2.357148579890236,0.5758000536158003,0.6026853379784917,1693,1678,2026-06-01 14:13:26.840467,3
2144,10,P03,no,6,2.504857458953211,0.6026853379784917,0.5621765008857981,1693,1684,2026-06-01 14:13:26.850819,3
799,8,P13,no,1,0.3486473453945109,0.6545022492518787,0.6481942198637447,1165,1143,2026-06-01 14:13:26.859156,3
2145,10,P11,no,1,0.4412458590929873,0.5621765008857981,0.555328055262369,1693,1685,2026-06-01 14:13:26.876833,3
2146,10,P09,no,1,-0.4412458590929873,0.555328055262369,0.5621765008857981,1693,1684,2026-06-01 14:13:26.876926,3
2147,10,P23,no,1,0.4412458590929873,0.5621765008857981,0.555328055262369,1693,1685,2026-06-01 14:13:26.879745,3
2148,10,P13,no,1,0.44810505795885547,0.555328055262369,0.548458527973277,1693,1686,2026-06-01 14:13:26.895687,3
1497,9,P09,no,1,0.4687911263558817,0.534666513353404,0.5277492350545132,1389,1385,2026-06-01 14:13:26.935975,3
1498,9,P21,yes,11,-5.385655468561708,0.5277492350545132,0.4515414720267231,1378,1385,2026-06-01 14:13:26.940573,3
800,8,P04,no,5,1.8392467560904606,0.6481942198637447,0.6159095915435134,1165,1148,2026-06-01 14:13:26.944707,3
1499,9,P23,yes,1,0.4549840588965708,0.4515414720267231,0.45842951678320015,1379,1385,2026-06-01 14:13:26.957020,3
353,7,P21,no,1,-0.26083150245244724,0.736484844941675,0.7418402904888368,869,831,2026-06-01 14:13:26.968327,3
801,8,P02,no,10,4.175586677679121,0.6159095915435134,0.548458527973277,1165,1158,2026-06-01 14:13:27.001716,3
2149,10,P05,no,1,-0.44810505795885547,0.548458527973277,0.555328055262369,1693,1685,2026-06-01 14:13:27.010148,3
802,8,P03,no,15,-6.0148334337695815,0.548458527973277,0.6481942198637447,1165,1143,2026-06-01 14:13:27.040102,3
803,8,P23,no,1,0.3549815974499779,0.6481942198637447,0.6418340450887311,1165,1144,2026-06-01 14:13:27.047822,3
1500,9,P23,no,11,-5.5381197166909715,0.45842951678320015,0.534666513353404,1379,1374,2026-06-01 14:13:27.049085,3
2150,10,P09,yes,5,2.861878186739432,0.555328055262369,0.5893093760914265,1698,1685,2026-06-01 14:13:27.054667,3
804,8,P23,no,1,0.3613670834829463,0.6418340450887311,0.6354235592583607,1165,1145,2026-06-01 14:13:27.061085,3
2151,10,P02,yes,1,0.5926651615213814,0.5893093760914265,0.5960151933265168,1699,1685,2026-06-01 14:13:27.079162,3
1501,9,P04,yes,1,0.5381197166909715,0.534666513353404,0.5415704832167999,1380,1374,2026-06-01 14:13:27.082955,3
2152,10,P09,no,7,2.9935617096980423,0.5960151933265168,0.548458527973277,1699,1692,2026-06-01 14:13:27.100210,3
2153,10,P20,no,11,5.385655468561708,0.548458527973277,0.47225076494548685,1699,1703,2026-06-01 14:13:27.125805,3
354,7,P10,no,1,0.26083150245244724,0.7418402904888368,0.736484844941675,869,832,2026-06-01 14:13:27.127075,3
2154,10,P03,yes,12,6.166239473479436,0.47225076494548685,0.555328055262369,1711,1703,2026-06-01 14:13:27.174820,3
1502,9,P21,no,2,0.9306714096651376,0.5415704832167999,0.5277492350545132,1380,1376,2026-06-01 14:13:27.186743,3
2155,10,P22,no,8,3.7782335254266854,0.555328055262369,0.5,1711,1711,2026-06-01 14:13:27.237221,3
1503,9,P04,yes,6,3.2905846035419017,0.5277492350545132,0.5690013325681905,1386,1376,2026-06-01 14:13:27.239957,3
2156,10,P02,no,1,-0.4965278894046605,0.5,0.5069439979482607,1711,1710,2026-06-01 14:13:27.244886,3
805,8,P09,yes,2,1.2836513190668484,0.6354235592583607,0.6481942198637447,1167,1145,2026-06-01 14:13:27.248729,3
355,7,P09,no,6,-1.4866355392765627,0.736484844941675,0.7675350070438758,869,826,2026-06-01 14:13:27.249714,3
806,8,P23,no,5,1.839246756090688,0.6481942198637447,0.6159095915435134,1167,1150,2026-06-01 14:13:27.255891,3
1504,9,P12,no,6,2.709415396457871,0.5690013325681905,0.5277492350545132,1386,1382,2026-06-01 14:13:27.313733,3
1505,9,P09,yes,7,3.8629875755432295,0.5277492350545132,0.5758000536158003,1393,1382,2026-06-01 14:13:27.346330,3
807,8,P02,no,2,0.7813783016736124,0.6159095915435134,0.6026853379784917,1167,1152,2026-06-01 14:13:27.349896,3
1506,9,P23,no,1,0.42759702799889965,0.5758000536158003,0.5690013325681905,1393,1383,2026-06-01 14:13:27.408078,3
1507,9,P23,yes,8,-4.332224501502196,0.5690013325681905,0.5138853177460049,1385,1383,2026-06-01 14:13:27.408372,3
808,8,P18,no,1,0.4006466663072388,0.6026853379784917,0.5960151933265168,1167,1153,2026-06-01 14:13:27.442930,3
809,8,P10,yes,4,2.4371631074916422,0.5960151933265168,0.6224593312018546,1171,1153,2026-06-01 14:13:27.524288,3
810,8,P09,yes,2,1.2579138493699702,0.6224593312018546,0.6354235592583607,1173,1153,2026-06-01 14:13:27.565372,3
811,8,P04,no,1,0.36780193489835256,0.6354235592583607,0.6289646649499733,1173,1154,2026-06-01 14:13:27.636656,3
2157,10,P09,yes,1,0.5104149925382444,0.5069439979482607,0.5138853177460049,1712,1710,2026-06-01 14:13:27.656840,3
2158,10,P05,no,1,-0.48264614119489124,0.5138853177460049,0.520821285372743,1712,1709,2026-06-01 14:13:27.693728,3
2159,10,P02,yes,1,0.5242860391551858,0.520821285372743,0.5277492350545132,1713,1709,2026-06-01 14:13:27.703963,3
2160,10,P09,no,6,-2.7094153964580983,0.5277492350545132,0.5690013325681905,1713,1703,2026-06-01 14:13:27.726018,3
812,8,P02,no,10,4.0413319008862345,0.6289646649499733,0.5621765008857981,1173,1164,2026-06-01 14:13:27.734224,3
1508,9,P21,no,1,0.4895850074617556,0.5138853177460049,0.5069439979482607,1385,1384,2026-06-01 14:13:27.741205,3
813,8,P18,yes,1,-0.5587541409070127,0.5621765008857981,0.555328055262369,1172,1164,2026-06-01 14:13:27.783267,3
814,8,P02,no,6,2.7921206285602693,0.555328055262369,0.5138853177460049,1172,1170,2026-06-01 14:13:27.789980,3
1509,9,P05,yes,1,-0.5034721105953395,0.5069439979482607,0.5,1384,1384,2026-06-01 14:13:27.827867,3
815,8,P11,yes,1,0.5173538588051088,0.5138853177460049,0.520821285372743,1173,1170,2026-06-01 14:13:27.832300,3
356,7,P18,yes,2,1.544884132446441,0.7675350070438758,0.7772998611746911,871,826,2026-06-01 14:13:27.848718,3
2161,10,P13,no,1,0.4344090108445471,0.5690013325681905,0.5621765008857981,1713,1704,2026-06-01 14:13:27.854567,3
816,8,P10,yes,3,1.5936146294900482,0.520821285372743,0.5415704832167999,1176,1170,2026-06-01 14:13:27.865975,3
2162,10,P11,no,6,2.7507203464583654,0.5621765008857981,0.520821285372743,1713,1710,2026-06-01 14:13:27.871185,3
1510,9,P19,yes,3,1.5312409619386926,0.5,0.520821285372743,1387,1384,2026-06-01 14:13:27.878141,3
817,8,P13,no,2,-0.9030891168556536,0.5415704832167999,0.555328055262369,1176,1168,2026-06-01 14:13:27.900577,3
818,8,P09,no,2,-0.8756548699375344,0.555328055262369,0.5690013325681905,1176,1166,2026-06-01 14:13:27.903078,3
2163,10,P05,yes,1,0.5242860391551858,0.520821285372743,0.5277492350545132,1714,1710,2026-06-01 14:13:27.905813,3
819,8,P03,no,1,-0.4275970279986723,0.5690013325681905,0.5758000536158003,1176,1165,2026-06-01 14:13:27.918451,3
820,8,P22,yes,3,1.7577952461972473,0.5758000536158003,0.5960151933265168,1179,1165,2026-06-01 14:13:27.957149,3
1511,9,P04,no,17,-7.1598541822429524,0.520821285372743,0.6354235592583607,1387,1367,2026-06-01 14:13:27.964660,3
1512,9,P16,no,11,4.409133835784587,0.6354235592583607,0.5621765008857981,1387,1378,2026-06-01 14:13:27.971552,3
2164,10,P02,no,14,-5.942054070767881,0.5277492350545132,0.6224593312018546,1714,1696,2026-06-01 14:13:28.019436,3
357,7,P21,no,1,-0.2203082573099664,0.7772998611746911,0.7820712676154848,871,825,2026-06-01 14:13:28.031208,3
2165,10,P01,no,6,2.384229258334699,0.6224593312018546,0.5825702064623147,1714,1702,2026-06-01 14:13:28.035786,3
821,8,P02,yes,2,-1.1786076341734315,0.5960151933265168,0.5825702064623147,1177,1165,2026-06-01 14:13:28.046198,3
822,8,P09,yes,2,1.1786076341734315,0.5825702064623147,0.5960151933265168,1179,1165,2026-06-01 14:13:28.072658,3
358,7,P21,no,1,-0.21557393642183342,0.7820712676154848,0.7867684891624728,871,824,2026-06-01 14:13:28.076450,3
2166,10,P09,no,1,0.42081238797641163,0.5825702064623147,0.5758000536158003,1714,1703,2026-06-01 14:13:28.081858,3
359,7,P21,no,3,-0.619058110452329,0.7867684891624728,0.8004148013462675,871,821,2026-06-01 14:13:28.115806,3
2167,10,P21,no,1,-0.42081238797641163,0.5758000536158003,0.5825702064623147,1714,1702,2026-06-01 14:13:28.125517,3
1513,9,P21,no,9,4.219479384519673,0.5621765008857981,0.5,1387,1387,2026-06-01 14:13:28.128907,3
360,7,P12,no,1,0.20181631079424278,0.8004148013462675,0.7959402230407707,871,822,2026-06-01 14:13:28.133286,3
823,8,P04,yes,2,-1.1786076341734315,0.5960151933265168,0.5825702064623147,1177,1165,2026-06-01 14:13:28.135683,3
824,8,P12,yes,1,0.5859424726522775,0.5825702064623147,0.5893093760914265,1178,1165,2026-06-01 14:13:28.143783,3
2168,10,P21,yes,1,0.5859424726520501,0.5825702064623147,0.5893093760914265,1715,1702,2026-06-01 14:13:28.163927,3
361,7,P21,yes,1,0.7981836892057572,0.7959402230407707,0.8004148013462675,872,822,2026-06-01 14:13:28.180553,3
2169,10,P23,yes,10,-5.552403699374054,0.5893093760914265,0.520821285372743,1705,1702,2026-06-01 14:13:28.219009,3
1514,9,P18,yes,1,-0.4965278894046605,0.5,0.49305600205173933,1386,1387,2026-06-01 14:13:28.252998,3
362,7,P08,no,9,1.9849966814983873,0.8004148013462675,0.7574755792628283,872,831,2026-06-01 14:13:28.324613,3
1515,9,P04,yes,2,1.0,0.49305600205173933,0.5069439979482607,1388,1387,2026-06-01 14:13:28.361662,3
2170,10,P02,yes,7,3.8148706426970875,0.520821285372743,0.5690013325681905,1712,1702,2026-06-01 14:13:28.379756,3
825,8,P02,no,8,3.5030912134247956,0.5893093760914265,0.534666513353404,1178,1173,2026-06-01 14:13:28.390239,3
2171,10,P18,no,1,-0.42759702799889965,0.5690013325681905,0.5758000536158003,1712,1701,2026-06-01 14:13:28.395632,3
826,8,P12,yes,1,0.5381197166909715,0.534666513353404,0.5415704832167999,1179,1173,2026-06-01 14:13:28.451411,3
2172,10,P09,no,4,1.7513569558955169,0.5758000536158003,0.548458527973277,1712,1705,2026-06-01 14:13:28.465590,3
363,7,P09,yes,2,-1.5046482132236179,0.7574755792628283,0.7471242672706695,870,831,2026-06-01 14:13:28.480433,3
2173,10,P21,no,12,-4.930682817938305,0.548458527973277,0.6289646649499733,1712,1693,2026-06-01 14:13:28.513624,3
2174,10,P21,yes,7,4.558726606832806,0.6289646649499733,0.6730961777222321,1719,1693,2026-06-01 14:13:28.524698,3
827,8,P04,no,1,0.4618802833090285,0.5415704832167999,0.534666513353404,1179,1174,2026-06-01 14:13:28.568890,3
1516,9,P04,yes,3,1.5520548904983116,0.5069439979482607,0.5277492350545132,1391,1387,2026-06-01 14:13:28.598061,3
364,7,P18,no,9,2.496998281107267,0.7471242672706695,0.6970592839654074,870,840,2026-06-01 14:13:28.609199,3
828,8,P10,no,10,-4.311072718210653,0.534666513353404,0.6026853379784917,1179,1164,2026-06-01 14:13:28.621238,3
365,7,P01,yes,2,1.405763695505584,0.6970592839654074,0.7086608250294356,872,840,2026-06-01 14:13:28.623141,3
366,7,P23,no,1,-0.28848278950658823,0.7086608250294356,0.7143624294910559,872,839,2026-06-01 14:13:28.631405,3
367,7,P22,yes,1,0.717185149547845,0.7143624294910559,0.7199965396446176,873,839,2026-06-01 14:13:28.638410,3
829,8,P02,yes,2,-1.1920184952141426,0.6026853379784917,0.5893093760914265,1177,1164,2026-06-01 14:13:28.642060,3
1517,9,P04,no,1,-0.4687911263558817,0.5277492350545132,0.534666513353404,1391,1386,2026-06-01 14:13:28.646722,3
830,8,P10,yes,1,0.592665161521154,0.5893093760914265,0.5960151933265168,1178,1164,2026-06-01 14:13:28.647856,3
2175,10,P24,no,1,0.32996963429854986,0.6730961777222321,0.6669548851735586,1719,1694,2026-06-01 14:13:28.682677,3
1518,9,P05,no,1,0.4687911263558817,0.534666513353404,0.5277492350545132,1391,1387,2026-06-01 14:13:28.685032,3
1519,9,P04,yes,1,0.5312088736441183,0.5277492350545132,0.534666513353404,1392,1387,2026-06-01 14:13:28.691078,3
831,8,P04,no,2,0.8213923658263411,0.5960151933265168,0.5825702064623147,1178,1166,2026-06-01 14:13:28.692115,3
2716,11,P09,no,1,0.12669175705173075,0.8748396004250029,0.8717662624074807,1817,1748,2026-06-01 14:13:28.708109,3
368,7,P09,yes,2,1.4511013214779496,0.7199965396446176,0.7310585786300049,875,839,2026-06-01 14:13:28.733039,3
832,8,P10,yes,6,3.615770741665301,0.5825702064623147,0.6224593312018546,1184,1166,2026-06-01 14:13:28.778334,3
2176,10,P12,no,13,4.86981723293502,0.6669548851735586,0.5825702064623147,1719,1707,2026-06-01 14:13:28.833396,3
1520,9,P04,yes,6,3.3317787018993386,0.534666513353404,0.5758000536158003,1398,1387,2026-06-01 14:13:28.854169,3
1521,9,P08,no,3,1.3032518979362067,0.5758000536158003,0.555328055262369,1398,1390,2026-06-01 14:13:28.876368,3
1522,9,P05,yes,2,-1.0969108831445737,0.555328055262369,0.5415704832167999,1396,1390,2026-06-01 14:13:28.886386,3
833,8,P09,no,3,-1.1034532341129761,0.6224593312018546,0.6418340450887311,1184,1163,2026-06-01 14:13:28.886488,3
369,7,P19,no,1,-0.2662224153924626,0.7310585786300049,0.736484844941675,875,838,2026-06-01 14:13:28.916766,3
1523,9,P09,yes,1,0.5450159411036566,0.5415704832167999,0.548458527973277,1397,1390,2026-06-01 14:13:28.946089,3
834,8,P08,no,18,7.521221265725671,0.6418340450887311,0.520821285372743,1184,1181,2026-06-01 14:13:28.988975,3
2177,10,P21,yes,1,0.5859424726522775,0.5825702064623147,0.5893093760914265,1720,1707,2026-06-01 14:13:29.013081,3
835,8,P18,no,9,4.5936146294902755,0.520821285372743,0.45842951678320015,1184,1190,2026-06-01 14:13:29.039232,3
370,7,P18,no,1,-0.2608315024525609,0.736484844941675,0.7418402904888368,875,837,2026-06-01 14:13:29.052781,3
1524,9,P09,yes,1,0.5518949420409172,0.548458527973277,0.555328055262369,1398,1390,2026-06-01 14:13:29.064932,3
2717,11,P14,yes,1,-0.8702029037053762,0.8717662624074807,0.8686287904691933,1816,1748,2026-06-01 14:13:29.066049,3
371,7,P21,yes,1,0.7444882597129663,0.7418402904888368,0.7471242672706695,876,837,2026-06-01 14:13:29.082876,3
836,8,P19,yes,11,5.4618802833090285,0.45842951678320015,0.534666513353404,1195,1190,2026-06-01 14:13:29.107569,3
2178,10,P20,no,14,6.419827449282593,0.5893093760914265,0.49305600205173933,1720,1721,2026-06-01 14:13:29.109242,3
837,8,P02,yes,1,-0.5312088736441183,0.534666513353404,0.5277492350545132,1194,1190,2026-06-01 14:13:29.109534,3
838,8,P18,no,1,-0.4687911263558817,0.5277492350545132,0.534666513353404,1194,1189,2026-06-01 14:13:29.113312,3
839,8,P19,yes,9,5.089573948096358,0.534666513353404,0.5960151933265168,1203,1189,2026-06-01 14:13:29.116058,3
2179,10,P02,yes,1,0.4965278894046605,0.49305600205173933,0.5,1721,1721,2026-06-01 14:13:29.119101,3
840,8,P09,no,1,-0.4006466663072388,0.5960151933265168,0.6026853379784917,1203,1188,2026-06-01 14:13:29.131019,3
2180,10,P18,yes,1,-0.4965278894046605,0.5,0.49305600205173933,1720,1721,2026-06-01 14:13:29.149608,3
1525,9,P05,yes,1,-0.5518949420409172,0.555328055262369,0.548458527973277,1397,1390,2026-06-01 14:13:29.154609,3
372,7,P21,no,1,-0.2502637410183297,0.7471242672706695,0.7523361988609284,876,836,2026-06-01 14:13:29.187398,3
2181,10,P13,no,1,-0.5034721105953395,0.49305600205173933,0.5,1720,1720,2026-06-01 14:13:29.203289,3
2182,10,P18,yes,1,0.5034721105953395,0.5,0.5069439979482607,1721,1720,2026-06-01 14:13:29.213081,3
1526,9,P05,no,2,0.9168643422053719,0.548458527973277,0.534666513353404,1397,1392,2026-06-01 14:13:29.229812,3
373,7,P18,yes,2,1.514926828435705,0.7523361988609284,0.7625419716560975,878,836,2026-06-01 14:13:29.272585,3
841,8,P04,yes,1,-0.5993533336927612,0.6026853379784917,0.5960151933265168,1202,1188,2026-06-01 14:13:29.278598,3
2183,10,P18,no,1,-0.4895850074617556,0.5069439979482607,0.5138853177460049,1721,1719,2026-06-01 14:13:29.280295,3
1527,9,P05,no,2,0.9445050872009233,0.534666513353404,0.520821285372743,1397,1394,2026-06-01 14:13:29.289144,3
842,8,P09,no,1,0.4073348384786186,0.5960151933265168,0.5893093760914265,1202,1189,2026-06-01 14:13:29.327881,3
2184,10,P01,yes,5,2.655984429398586,0.5138853177460049,0.548458527973277,1726,1719,2026-06-01 14:13:29.338491,3
2718,11,P18,yes,6,-5.152339036232888,0.8686287904691933,0.8484148512107131,1810,1748,2026-06-01 14:13:29.468243,3
1528,9,P21,yes,1,-0.5173538588051088,0.520821285372743,0.5138853177460049,1396,1394,2026-06-01 14:13:29.484645,3
2185,10,P02,yes,3,1.6762400721036101,0.548458527973277,0.5690013325681905,1729,1719,2026-06-01 14:13:29.498936,3
843,8,P18,yes,16,-8.552403699374054,0.5893093760914265,0.4791787146272571,1186,1189,2026-06-01 14:13:29.540242,3
844,8,P11,yes,2,0.9722311486566468,0.4791787146272571,0.49305600205173933,1188,1189,2026-06-01 14:13:29.544005,3
1529,9,P21,no,1,0.4895850074617556,0.5138853177460049,0.5069439979482607,1396,1395,2026-06-01 14:13:29.549851,3
2186,10,P22,no,5,2.240624270101989,0.5690013325681905,0.534666513353404,1729,1724,2026-06-01 14:13:29.554407,3
845,8,P12,no,1,-0.5034721105953395,0.49305600205173933,0.5,1188,1188,2026-06-01 14:13:29.567787,3
1530,9,P21,yes,1,-0.5034721105953395,0.5069439979482607,0.5,1395,1395,2026-06-01 14:13:29.613250,3
1531,9,P18,yes,5,2.5867358747377693,0.5,0.534666513353404,1400,1395,2026-06-01 14:13:29.645540,3
1532,9,P04,yes,1,0.5381197166909715,0.534666513353404,0.5415704832167999,1401,1395,2026-06-01 14:13:29.701399,3
846,8,P10,no,1,-0.4965278894046605,0.5,0.5069439979482607,1188,1187,2026-06-01 14:13:29.711190,3
1533,9,P04,no,1,-0.4549840588965708,0.5415704832167999,0.548458527973277,1401,1394,2026-06-01 14:13:29.771340,3
1534,9,P05,yes,1,-0.5450159411034292,0.548458527973277,0.5415704832167999,1400,1394,2026-06-01 14:13:29.773425,3
1535,9,P18,yes,13,7.614333123165352,0.5415704832167999,0.6289646649499733,1413,1394,2026-06-01 14:13:29.774215,3
2187,10,P21,no,9,-3.9104260519036416,0.534666513353404,0.5960151933265168,1729,1715,2026-06-01 14:13:29.778734,3
847,8,P13,yes,1,0.5104149925382444,0.5069439979482607,0.5138853177460049,1189,1187,2026-06-01 14:13:29.780574,3
1536,9,P18,no,9,-3.0829360769716914,0.6289646649499733,0.6852009766653157,1413,1385,2026-06-01 14:13:29.787817,3
1537,9,P24,no,4,1.3077719888940464,0.6852009766653157,0.6607563687658172,1413,1389,2026-06-01 14:13:29.789931,3
1538,9,P04,yes,1,0.6638603292090011,0.6607563687658172,0.6669548851735586,1414,1389,2026-06-01 14:13:29.805778,3
1539,9,P18,yes,1,-0.6638603292090011,0.6669548851735586,0.6607563687658172,1413,1389,2026-06-01 14:13:29.808251,3
1540,9,P20,no,6,2.149448303809322,0.6607563687658172,0.6224593312018546,1413,1395,2026-06-01 14:13:29.810736,3
1541,9,P17,no,7,2.8050416463111105,0.6224593312018546,0.5758000536158003,1413,1402,2026-06-01 14:13:29.908441,3
1542,9,P05,yes,1,-0.5724029720011004,0.5758000536158003,0.5690013325681905,1412,1402,2026-06-01 14:13:29.909898,3
2188,10,P01,no,1,0.4073348384786186,0.5960151933265168,0.5893093760914265,1729,1716,2026-06-01 14:13:29.914794,3
1543,9,P04,yes,1,0.5724029720011004,0.5690013325681905,0.5758000536158003,1413,1402,2026-06-01 14:13:29.925613,3
2189,10,P11,no,1,0.4140575273477225,0.5893093760914265,0.5825702064623147,1729,1717,2026-06-01 14:13:29.954640,3
848,8,P09,no,2,0.9861128968664161,0.5138853177460049,0.5,1189,1189,2026-06-01 14:13:29.957073,3
1544,9,P09,yes,2,1.1651300846758659,0.5758000536158003,0.5893093760914265,1415,1402,2026-06-01 14:13:29.958295,3
2190,10,P19,yes,3,-1.717181573180369,0.5825702064623147,0.5621765008857981,1726,1717,2026-06-01 14:13:29.978949,3
849,8,P10,yes,1,0.5034721105953395,0.5,0.5069439979482607,1190,1189,2026-06-01 14:13:29.987467,3
850,8,P11,yes,10,5.415042466041768,0.5069439979482607,0.5758000536158003,1200,1189,2026-06-01 14:13:29.995455,3
1545,9,P05,yes,2,-1.1651300846758659,0.5893093760914265,0.5758000536158003,1413,1402,2026-06-01 14:13:30.010345,3
851,8,P02,yes,2,-1.1379939611567806,0.5758000536158003,0.5621765008857981,1198,1189,2026-06-01 14:13:30.228607,3
1546,9,P22,no,12,5.584957533958459,0.5758000536158003,0.49305600205173933,1413,1414,2026-06-01 14:13:30.241977,3
852,8,P01,yes,7,4.101147235772714,0.5621765008857981,0.6093175418435606,1205,1189,2026-06-01 14:13:30.253166,3
1547,9,P21,no,1,0.5104149925382444,0.49305600205173933,0.4861146822539951,1413,1415,2026-06-01 14:13:30.254186,3
1548,9,P08,yes,14,7.483815085527112,0.4861146822539951,0.5825702064623147,1427,1415,2026-06-01 14:13:30.269609,3
2191,10,P21,yes,6,3.495142541046789,0.5621765008857981,0.6026853379784917,1732,1717,2026-06-01 14:13:30.278574,3
2192,10,P23,no,7,2.9461033180464256,0.6026853379784917,0.555328055262369,1732,1724,2026-06-01 14:13:30.295219,3
2193,10,P09,yes,1,0.5587541409067853,0.555328055262369,0.5621765008857981,1733,1724,2026-06-01 14:13:30.327165,3
374,7,P09,no,1,0.23998512580624265,0.7625419716560975,0.7574755792628283,878,837,2026-06-01 14:13:30.361177,3
1549,9,P21,yes,7,-3.910966313922927,0.5825702064623147,0.534666513353404,1420,1415,2026-06-01 14:13:30.376227,3
1550,9,P24,yes,1,0.5381197166909715,0.534666513353404,0.5415704832167999,1421,1415,2026-06-01 14:13:30.412325,3
2719,11,P14,no,1,0.15338290922727538,0.8484148512107131,0.844807753762903,1810,1749,2026-06-01 14:13:30.440330,3
853,8,P09,no,1,-0.38738299639976503,0.6093175418435606,0.6159095915435134,1205,1188,2026-06-01 14:13:30.451435,3
854,8,P04,no,2,0.7813783016738398,0.6159095915435134,0.6026853379784917,1205,1190,2026-06-01 14:13:30.461087,3
1551,9,P05,no,4,1.889031511704843,0.5415704832167999,0.5138853177460049,1421,1419,2026-06-01 14:13:30.471053,3
2194,10,P18,yes,2,1.1379939611567806,0.5621765008857981,0.5758000536158003,1735,1724,2026-06-01 14:13:30.514350,3
855,8,P04,yes,13,-7.261776053393305,0.6026853379784917,0.5138853177460049,1192,1190,2026-06-01 14:13:30.536748,3
2195,10,P22,yes,1,-0.5724029720013277,0.5758000536158003,0.5690013325681905,1734,1724,2026-06-01 14:13:30.556384,3
2196,10,P09,yes,1,0.5724029720013277,0.5690013325681905,0.5758000536158003,1735,1724,2026-06-01 14:13:30.607057,3
856,8,P23,yes,1,0.517353858804654,0.5138853177460049,0.520821285372743,1193,1190,2026-06-01 14:13:30.633791,3
1552,9,P09,no,1,-0.4826461411951186,0.5138853177460049,0.520821285372743,1421,1418,2026-06-01 14:13:30.642534,3
857,8,P19,yes,5,2.6905255126348493,0.520821285372743,0.555328055262369,1198,1190,2026-06-01 14:13:30.653130,3
1553,9,P05,yes,2,-1.0277688513433532,0.520821285372743,0.5069439979482607,1419,1418,2026-06-01 14:13:30.656991,3
2197,10,P18,yes,14,-7.387273614698415,0.5758000536158003,0.4791787146272571,1721,1724,2026-06-01 14:13:30.660674,3
2720,11,P09,no,1,0.15702483732184191,0.844807753762903,0.8411308951190849,1810,1750,2026-06-01 14:13:30.677530,3
2198,10,P20,yes,9,4.5936146294902755,0.4791787146272571,0.5415704832167999,1730,1724,2026-06-01 14:13:30.696285,3
858,8,P02,no,2,0.9030891168554263,0.555328055262369,0.5415704832167999,1198,1192,2026-06-01 14:13:30.705434,3
375,7,P18,no,7,1.8268161234306035,0.7574755792628283,0.7199965396446176,878,844,2026-06-01 14:13:30.708080,3
2721,11,P14,yes,6,-4.977409592511094,0.8411308951190849,0.8175744761936437,1804,1750,2026-06-01 14:13:30.718467,3
859,8,P01,yes,14,8.246531188267,0.5415704832167999,0.6354235592583607,1212,1192,2026-06-01 14:13:30.737292,3
860,8,P02,yes,3,-1.8771019248424636,0.6354235592583607,0.6159095915435134,1209,1192,2026-06-01 14:13:30.764389,3
861,8,P11,no,1,0.38738299639953766,0.6159095915435134,0.6093175418435606,1209,1193,2026-06-01 14:13:30.777682,3
2199,10,P18,no,1,0.4618802833090285,0.5415704832167999,0.534666513353404,1730,1725,2026-06-01 14:13:30.780975,3
376,7,P18,yes,9,6.698243366808697,0.7199965396446176,0.7675350070438758,887,844,2026-06-01 14:13:30.791704,3
862,8,P18,no,1,0.3939953052740748,0.6093175418435606,0.6026853379784917,1209,1194,2026-06-01 14:13:30.809580,3
863,8,P18,no,8,3.3942083760055084,0.6026853379784917,0.548458527973277,1209,1202,2026-06-01 14:13:30.827839,3
1554,9,P05,no,1,0.4965278894048879,0.5069439979482607,0.5,1419,1419,2026-06-01 14:13:30.902690,3
2722,11,P09,yes,1,0.8196337866813792,0.8175744761936437,0.8216809438923075,1805,1750,2026-06-01 14:13:30.903463,3
2723,11,P14,no,20,4.4785927514797095,0.8216809438923075,0.7255622121589215,1805,1770,2026-06-01 14:13:30.912070,3
2724,11,P14,no,3,0.8485125235965825,0.7255622121589215,0.7086608250294356,1805,1773,2026-06-01 14:13:30.912071,3
2725,11,P07,yes,1,0.7115172104931844,0.7086608250294356,0.7143624294910559,1806,1773,2026-06-01 14:13:30.912305,3
2726,11,P03,yes,1,0.7171851495479586,0.7143624294910559,0.7199965396446176,1807,1773,2026-06-01 14:13:30.943156,3
2727,11,P11,yes,3,2.1848789060857143,0.7199965396446176,0.736484844941675,1810,1773,2026-06-01 14:13:30.972937,3
2200,10,P18,yes,2,1.083135657794628,0.534666513353404,0.548458527973277,1732,1725,2026-06-01 14:13:31.017517,3
1555,9,P21,yes,12,-5.502297811339304,0.5,0.41742979353768533,1407,1419,2026-06-01 14:13:31.082690,3
377,7,P09,yes,8,6.292565055611703,0.7675350070438758,0.8048153229861598,895,844,2026-06-01 14:13:31.094863,3
2201,10,P18,no,9,4.344015570601414,0.548458527973277,0.4861146822539951,1732,1734,2026-06-01 14:13:31.099585,3
1556,9,P17,yes,1,0.42081238797618425,0.41742979353768533,0.4241999463841996,1408,1419,2026-06-01 14:13:31.107652,3
2728,11,P14,yes,1,-0.7337775846078785,0.736484844941675,0.7310585786300049,1809,1773,2026-06-01 14:13:31.116876,3
2202,10,P05,no,17,-7.738223946606922,0.4861146822539951,0.6026853379784917,1732,1717,2026-06-01 14:13:31.125514,3
1557,9,P13,yes,2,0.8620060388432194,0.4241999463841996,0.4378234991142019,1410,1419,2026-06-01 14:13:31.145320,3
1558,9,P21,no,5,2.8957892073542553,0.4378234991142019,0.4039848066734832,1410,1424,2026-06-01 14:13:31.186826,3
2203,10,P18,no,2,0.8079815047858574,0.6026853379784917,0.5893093760914265,1732,1719,2026-06-01 14:13:31.193041,3
2729,11,P15,yes,1,0.7337775846078785,0.7310585786300049,0.736484844941675,1810,1773,2026-06-01 14:13:31.197457,3
378,7,P12,yes,4,-3.183563116897062,0.8048153229861598,0.7867684891624728,891,844,2026-06-01 14:13:31.202642,3
864,8,P20,yes,1,0.5518949420409172,0.548458527973277,0.555328055262369,1210,1202,2026-06-01 14:13:31.244156,3
2730,11,P03,no,1,-0.260831502452902,0.736484844941675,0.7418402904888368,1810,1772,2026-06-01 14:13:31.258844,3
865,8,P10,no,1,-0.4412458590929873,0.555328055262369,0.5621765008857981,1210,1201,2026-06-01 14:13:31.262952,3
2731,11,P18,yes,1,0.7444882597133073,0.7418402904888368,0.7471242672706695,1811,1772,2026-06-01 14:13:31.263860,3
379,7,P18,yes,3,-2.3390010946011444,0.7867684891624728,0.7724543828071839,888,844,2026-06-01 14:13:31.263978,3
1559,9,P21,no,10,6.28771480368232,0.4039848066734832,0.33924363123418283,1410,1434,2026-06-01 14:13:31.273043,3
2732,11,P22,yes,1,0.7497362589815566,0.7471242672706695,0.7523361988609284,1812,1772,2026-06-01 14:13:31.282490,3
1560,9,P08,no,4,-2.592637846820935,0.33924363123418283,0.36457644074163925,1410,1430,2026-06-01 14:13:31.292931,3
1561,9,P04,no,3,-1.8771019248424636,0.36457644074163925,0.3840904084564866,1410,1427,2026-06-01 14:13:31.305249,3
2733,11,P19,no,9,-2.0282684164619695,0.7523361988609284,0.7959402230407707,1812,1763,2026-06-01 14:13:31.308888,3
1562,9,P05,no,1,0.6191880754724934,0.3840904084564866,0.37754066879814546,1410,1428,2026-06-01 14:13:31.311442,3
1563,9,P18,yes,2,0.7681949209270442,0.37754066879814546,0.3906824581564393,1412,1428,2026-06-01 14:13:31.317005,3
2734,11,P12,yes,1,0.7981836892056435,0.7959402230407707,0.8004148013462675,1813,1763,2026-06-01 14:13:31.331555,3
866,8,P02,no,9,4.2194793845199,0.5621765008857981,0.5,1210,1210,2026-06-01 14:13:31.341383,3
2735,11,P13,no,5,-0.9439948301887853,0.8004148013462675,0.8216809438923075,1813,1758,2026-06-01 14:13:31.341684,3
1564,9,P17,no,1,-0.6060046947259252,0.3906824581564393,0.3973146620215083,1412,1427,2026-06-01 14:13:31.358654,3
2204,10,P22,no,8,3.5030912134252503,0.5893093760914265,0.534666513353404,1732,1727,2026-06-01 14:13:31.377583,3
1565,9,P23,yes,1,0.4006466663072388,0.3973146620215083,0.4039848066734832,1413,1427,2026-06-01 14:13:31.474453,3
1566,9,P04,yes,4,1.669801781801425,0.4039848066734832,0.4309986674318095,1417,1427,2026-06-01 14:13:31.497558,3
867,8,P01,yes,1,0.5034721105948847,0.5,0.5069439979482607,1211,1210,2026-06-01 14:13:31.508603,3
868,8,P11,no,4,-1.9167362358573428,0.5069439979482607,0.534666513353404,1211,1206,2026-06-01 14:13:31.523780,3
869,8,P18,no,1,0.4687911263558817,0.534666513353404,0.5277492350545132,1211,1207,2026-06-01 14:13:31.528436,3
870,8,P01,yes,1,0.5312088736441183,0.5277492350545132,0.534666513353404,1212,1207,2026-06-01 14:13:31.585172,3
1567,9,P01,yes,7,3.1851293573029125,0.4309986674318095,0.4791787146272571,1424,1427,2026-06-01 14:13:31.596726,3
871,8,P22,yes,1,0.5381197166909715,0.534666513353404,0.5415704832167999,1213,1207,2026-06-01 14:13:31.644334,3
2736,11,P14,no,7,1.3521391087313077,0.8216809438923075,0.791391472673955,1813,1765,2026-06-01 14:13:31.655101,3
1568,9,P21,yes,1,-0.4757139608448142,0.4791787146272571,0.47225076494548685,1423,1427,2026-06-01 14:13:31.711652,3
1569,9,P21,yes,1,-0.4687911263558817,0.47225076494548685,0.46533348664659613,1422,1427,2026-06-01 14:13:31.716874,3
1570,9,P08,no,1,0.5381197166909715,0.46533348664659613,0.45842951678320015,1422,1428,2026-06-01 14:13:31.728713,3
2737,11,P14,yes,7,-5.4231475970443626,0.791391472673955,0.7574755792628283,1806,1765,2026-06-01 14:13:31.728962,3
1571,9,P04,no,1,-0.5381197166909715,0.45842951678320015,0.46533348664659613,1422,1427,2026-06-01 14:13:31.731102,3
872,8,P09,yes,1,0.5450159411034292,0.5415704832167999,0.548458527973277,1214,1207,2026-06-01 14:13:31.748092,3
1572,9,P11,yes,3,1.427151228396042,0.46533348664659613,0.4861146822539951,1425,1427,2026-06-01 14:13:31.756714,3
2738,11,P01,yes,6,4.634061428954283,0.7574755792628283,0.7867684891624728,1812,1765,2026-06-01 14:13:31.762242,3
2739,11,P22,yes,1,0.7890861680900798,0.7867684891624728,0.791391472673955,1813,1765,2026-06-01 14:13:31.791978,3
873,8,P10,no,20,-7.695813812553752,0.548458527973277,0.679178699175393,1214,1187,2026-06-01 14:13:31.812582,3
874,8,P10,no,10,-2.9161578848729732,0.679178699175393,0.736484844941675,1214,1177,2026-06-01 14:13:31.812583,3
2205,10,P21,yes,1,0.5381197166907441,0.534666513353404,0.5415704832167999,1733,1727,2026-06-01 14:13:31.884479,3
875,8,P17,no,1,0.2662224153923489,0.736484844941675,0.7310585786300049,1214,1178,2026-06-01 14:13:31.887651,3
876,8,P17,yes,9,-6.350064530519376,0.7310585786300049,0.679178699175393,1205,1178,2026-06-01 14:13:31.897391,3
1573,9,P21,no,2,1.0416398979598398,0.4861146822539951,0.47225076494548685,1425,1429,2026-06-01 14:13:31.926937,3
1574,9,P05,yes,1,-0.4687911263558817,0.47225076494548685,0.46533348664659613,1424,1429,2026-06-01 14:13:31.930696,3
877,8,P23,no,14,5.109586941334555,0.679178699175393,0.5893093760914265,1205,1192,2026-06-01 14:13:31.936959,3
2206,10,P09,yes,1,-0.5381197166907441,0.5415704832167999,0.534666513353404,1732,1727,2026-06-01 14:13:31.950414,3
380,7,P18,yes,2,1.5545750310229778,0.7724543828071839,0.7820712676154848,890,844,2026-06-01 14:13:31.958761,3
878,8,P02,yes,2,-1.1651300846760932,0.5893093760914265,0.5758000536158003,1203,1192,2026-06-01 14:13:31.968714,3
2207,10,P02,no,14,-5.847547160143677,0.534666513353404,0.6289646649499733,1732,1713,2026-06-01 14:13:31.969090,3
2208,10,P17,no,10,4.041331900886007,0.6289646649499733,0.5621765008857981,1732,1723,2026-06-01 14:13:31.978957,3
1575,9,P05,no,1,0.5381197166909715,0.46533348664659613,0.45842951678320015,1424,1430,2026-06-01 14:13:31.989481,3
2209,10,P05,no,2,-0.8620060388432194,0.5621765008857981,0.5758000536158003,1732,1721,2026-06-01 14:13:31.999375,3
1576,9,P22,yes,2,0.9306714096649102,0.45842951678320015,0.47225076494548685,1426,1430,2026-06-01 14:13:32.052318,3
381,7,P09,yes,6,-4.604547319617609,0.7820712676154848,0.7523361988609284,884,844,2026-06-01 14:13:32.064095,3
879,8,P18,yes,1,0.5791876120238157,0.5758000536158003,0.5825702064623147,1204,1192,2026-06-01 14:13:32.082004,3
382,7,P09,no,4,1.0328293991502733,0.7523361988609284,0.7310585786300049,884,848,2026-06-01 14:13:32.089622,3
880,8,P09,no,1,-0.4140575273477225,0.5825702064623147,0.5893093760914265,1204,1191,2026-06-01 14:13:32.101865,3
1577,9,P06,no,1,-0.5242860391551858,0.47225076494548685,0.4791787146272571,1426,1429,2026-06-01 14:13:32.113083,3
2740,11,P18,no,10,-1.8691070538891381,0.791391472673955,0.8335655924457414,1813,1755,2026-06-01 14:13:32.160041,3
1578,9,P04,yes,1,0.4826461411951186,0.4791787146272571,0.4861146822539951,1427,1429,2026-06-01 14:13:32.199985,3
881,8,P02,no,3,1.2624669433228064,0.5893093760914265,0.5690013325681905,1204,1194,2026-06-01 14:13:32.275833,3
2741,11,P09,yes,1,-0.8316268084481635,0.8335655924457414,0.8296760813561542,1812,1755,2026-06-01 14:13:32.304409,3
2742,11,P18,no,11,2.127221630668828,0.8296760813561542,0.7820712676154848,1812,1766,2026-06-01 14:13:32.309994,3
882,8,P04,yes,15,-7.759375729898011,0.5690013325681905,0.46533348664659613,1189,1194,2026-06-01 14:13:32.388617,3
2743,11,P19,no,1,-0.21557393642160605,0.7820712676154848,0.7867684891624728,1812,1765,2026-06-01 14:13:32.404825,3
2210,10,P02,yes,3,1.7577952461970199,0.5758000536158003,0.5960151933265168,1735,1721,2026-06-01 14:13:32.417156,3
2211,10,P09,no,1,0.407334838478846,0.5960151933265168,0.5893093760914265,1735,1722,2026-06-01 14:13:32.419005,3
2212,10,P20,yes,1,-0.5859424726522775,0.5893093760914265,0.5825702064623147,1734,1722,2026-06-01 14:13:32.420052,3
883,8,P13,yes,8,3.944505087200696,0.46533348664659613,0.520821285372743,1197,1194,2026-06-01 14:13:32.422779,3
884,8,P10,yes,2,1.055494912799304,0.520821285372743,0.534666513353404,1199,1194,2026-06-01 14:13:32.435086,3
885,8,P08,no,1,-0.4618802833090285,0.534666513353404,0.5415704832167999,1199,1193,2026-06-01 14:13:32.445740,3
886,8,P10,yes,3,1.655665024051359,0.5415704832167999,0.5621765008857981,1202,1193,2026-06-01 14:13:32.450845,3
887,8,P10,yes,1,0.5655909891554529,0.5621765008857981,0.5690013325681905,1203,1193,2026-06-01 14:13:32.497129,3
888,8,P04,no,20,10.000000000000227,0.5690013325681905,0.4309986674318095,1203,1213,2026-06-01 14:13:32.526661,3
889,8,P04,no,7,4.148173250217496,0.4309986674318095,0.3840904084564866,1203,1220,2026-06-01 14:13:32.526662,3
890,8,P18,no,1,-0.6126170036004623,0.3840904084564866,0.3906824581564393,1203,1219,2026-06-01 14:13:32.559386,3
891,8,P01,yes,1,0.3939953052740748,0.3906824581564393,0.3973146620215083,1204,1219,2026-06-01 14:13:32.575585,3
892,8,P19,yes,9,3.849192434902079,0.3973146620215083,0.45842951678320015,1213,1219,2026-06-01 14:13:32.616007,3
893,8,P01,yes,1,0.4618802833090285,0.45842951678320015,0.46533348664659613,1214,1219,2026-06-01 14:13:32.641815,3
894,8,P12,yes,11,5.538119716690744,0.46533348664659613,0.5415704832167999,1225,1219,2026-06-01 14:13:32.644630,3
1579,9,P21,yes,8,-3.6677754984978037,0.4861146822539951,0.4309986674318095,1419,1429,2026-06-01 14:13:32.656200,3
895,8,P17,yes,4,2.221256013206812,0.5415704832167999,0.5690013325681905,1229,1219,2026-06-01 14:13:32.663438,3
2213,10,P02,yes,7,4.241486525933624,0.5825702064623147,0.6289646649499733,1741,1722,2026-06-01 14:13:32.667079,3
896,8,P01,yes,10,-5.346111604635325,0.5690013325681905,0.5,1219,1219,2026-06-01 14:13:32.676819,3
2214,10,P20,no,4,1.5364744419325689,0.6289646649499733,0.6026853379784917,1741,1726,2026-06-01 14:13:32.705758,3
897,8,P11,no,4,-1.944472998906349,0.5,0.5277492350545132,1219,1215,2026-06-01 14:13:32.725179,3
898,8,P04,no,1,0.4757139608448142,0.5277492350545132,0.520821285372743,1219,1216,2026-06-01 14:13:32.748398,3
1580,9,P18,no,4,-2.2212560132070394,0.4309986674318095,0.45842951678320015,1419,1425,2026-06-01 14:13:32.755857,3
1581,9,P04,no,17,-8.20634101479186,0.45842951678320015,0.5758000536158003,1419,1408,2026-06-01 14:13:32.766656,3
1582,9,P21,yes,18,-9.248643044104483,0.5758000536158003,0.4515414720267231,1401,1408,2026-06-01 14:13:32.767217,3
2744,11,P12,no,5,-1.0094520946643115,0.7867684891624728,0.8091419557551346,1812,1760,2026-06-01 14:13:32.772268,3
899,8,P13,yes,6,3.2492796535416346,0.520821285372743,0.5621765008857981,1225,1216,2026-06-01 14:13:32.787336,3
2745,11,P14,no,18,4.202206789140519,0.8091419557551346,0.7199965396446176,1812,1778,2026-06-01 14:13:32.788513,3
2746,11,P14,yes,10,-6.908996302503283,0.7199965396446176,0.6607563687658172,1802,1778,2026-06-01 14:13:32.796257,3
2215,10,P05,yes,1,0.6060046947259252,0.6026853379784917,0.6093175418435606,1742,1726,2026-06-01 14:13:32.796575,3
2216,10,P13,no,1,0.3939953052740748,0.6093175418435606,0.6026853379784917,1742,1727,2026-06-01 14:13:32.828335,3
2747,11,P22,yes,11,7.6317814188655575,0.6607563687658172,0.7255622121589215,1813,1778,2026-06-01 14:13:32.844533,3
2217,10,P05,yes,7,4.379374942235927,0.6026853379784917,0.6481942198637447,1749,1727,2026-06-01 14:13:32.855720,3
2748,11,P22,no,7,-1.7895863655985522,0.7255622121589215,0.7625419716560975,1813,1771,2026-06-01 14:13:32.878789,3
2218,10,P23,no,1,0.35498159744975055,0.6481942198637447,0.6418340450887311,1749,1728,2026-06-01 14:13:32.902188,3
383,7,P09,yes,5,3.7220825550915606,0.7310585786300049,0.7574755792628283,889,848,2026-06-01 14:13:32.903814,3
2749,11,P19,yes,5,3.8740465547600706,0.7625419716560975,0.7867684891624728,1818,1771,2026-06-01 14:13:32.957012,3
1583,9,P13,yes,4,1.8613694294062952,0.4515414720267231,0.4791787146272571,1405,1408,2026-06-01 14:13:32.957266,3
2750,11,P09,no,1,0.21557393642160605,0.7867684891624728,0.7820712676154848,1818,1772,2026-06-01 14:13:32.978427,3
2751,11,P09,no,2,-0.42648776833152624,0.7820712676154848,0.791391472673955,1818,1770,2026-06-01 14:13:32.984306,3
2219,10,P11,no,2,0.7291690183815263,0.6418340450887311,0.6289646649499733,1749,1730,2026-06-01 14:13:33.017509,3
2220,10,P12,no,1,0.3742842157319046,0.6289646649499733,0.6224593312018546,1749,1731,2026-06-01 14:13:33.028506,3
2221,10,P01,yes,12,-6.988617338897257,0.6224593312018546,0.5415704832167999,1737,1731,2026-06-01 14:13:33.063924,3
2222,10,P19,no,6,-2.627153402768272,0.5415704832167999,0.5825702064623147,1737,1725,2026-06-01 14:13:33.101707,3
900,8,P18,no,1,0.4412458590929873,0.5621765008857981,0.555328055262369,1225,1217,2026-06-01 14:13:33.147057,3
901,8,P02,yes,14,-7.096910883144574,0.555328055262369,0.45842951678320015,1211,1217,2026-06-01 14:13:33.147355,3
2223,10,P02,no,1,-0.4140575273477225,0.5825702064623147,0.5893093760914265,1737,1724,2026-06-01 14:13:33.244860,3
902,8,P03,yes,1,0.4618802833090285,0.45842951678320015,0.46533348664659613,1212,1217,2026-06-01 14:13:33.259686,3
903,8,P16,no,1,-0.5312088736441183,0.46533348664659613,0.47225076494548685,1212,1216,2026-06-01 14:13:33.265235,3
904,8,P08,yes,18,9.620782821740477,0.47225076494548685,0.5960151933265168,1230,1216,2026-06-01 14:13:33.270201,3
905,8,P18,no,1,0.4073348384786186,0.5960151933265168,0.5893093760914265,1230,1217,2026-06-01 14:13:33.298453,3
2752,11,P13,yes,1,0.793672032251834,0.791391472673955,0.7959402230407707,1819,1770,2026-06-01 14:13:33.338397,3
2224,10,P02,no,8,-3.07362496510018,0.5893093760914265,0.6418340450887311,1737,1716,2026-06-01 14:13:33.355404,3
906,8,P04,no,1,0.41405752734794987,0.5893093760914265,0.5825702064623147,1230,1218,2026-06-01 14:13:33.360056,3
2225,10,P17,no,8,3.07362496510018,0.6418340450887311,0.5893093760914265,1737,1724,2026-06-01 14:13:33.363605,3
1584,9,P05,yes,16,-6.7920522473443725,0.4791787146272571,0.3710353350500268,1389,1408,2026-06-01 14:13:33.387922,3
1585,9,P05,no,10,6.605250410611006,0.3710353350500268,0.30883838763748533,1389,1418,2026-06-01 14:13:33.392920,3
1586,9,P04,yes,20,7.436081490274773,0.30883838763748533,0.4378234991142019,1409,1418,2026-06-01 14:13:33.451288,3
1587,9,P04,yes,2,0.8893509170520701,0.4378234991142019,0.4515414720267231,1411,1418,2026-06-01 14:13:33.451289,3
1588,9,P09,yes,1,0.4549840588965708,0.4515414720267231,0.45842951678320015,1412,1418,2026-06-01 14:13:33.456477,3
907,8,P04,yes,9,-4.966461226722231,0.5825702064623147,0.520821285372743,1221,1218,2026-06-01 14:13:33.471516,3
908,8,P09,yes,11,-5.309474487365151,0.520821285372743,0.444671944737631,1210,1218,2026-06-01 14:13:33.512102,3
1589,9,P12,no,11,-5.5381197166909715,0.45842951678320015,0.534666513353404,1412,1407,2026-06-01 14:13:33.521955,3
909,8,P01,yes,1,0.44810505795908284,0.444671944737631,0.4515414720267231,1211,1218,2026-06-01 14:13:33.524973,3
1590,9,P20,no,1,0.4687911263558817,0.534666513353404,0.5277492350545132,1412,1408,2026-06-01 14:13:33.529786,3
910,8,P02,yes,11,-4.5563986022064,0.4515414720267231,0.37754066879814546,1200,1218,2026-06-01 14:13:33.535655,3
384,7,P18,yes,2,1.5250594902394141,0.7574755792628283,0.7675350070438758,891,848,2026-06-01 14:13:33.573051,3
2753,11,P13,no,1,-0.20181631079458384,0.7959402230407707,0.8004148013462675,1819,1769,2026-06-01 14:13:33.574316,3
911,8,P10,yes,2,0.7681949209268168,0.37754066879814546,0.3906824581564393,1202,1218,2026-06-01 14:13:33.580076,3
2226,10,P02,yes,1,0.5926651615213814,0.5893093760914265,0.5960151933265168,1738,1724,2026-06-01 14:13:33.599295,3
912,8,P21,yes,1,0.3939953052740748,0.3906824581564393,0.3973146620215083,1203,1218,2026-06-01 14:13:33.633317,3
1591,9,P01,no,4,1.944472998906349,0.5277492350545132,0.5,1412,1412,2026-06-01 14:13:33.648846,3
913,8,P09,yes,9,3.849192434901852,0.3973146620215083,0.45842951678320015,1212,1218,2026-06-01 14:13:33.661157,3
1592,9,P09,no,1,-0.4965278894046605,0.5,0.5069439979482607,1412,1411,2026-06-01 14:13:33.685090,3
2754,11,P14,no,16,3.811812804928877,0.8004148013462675,0.7199965396446176,1819,1785,2026-06-01 14:13:33.699107,3
914,8,P09,no,1,0.5450159411036566,0.45842951678320015,0.4515414720267231,1212,1219,2026-06-01 14:13:33.712075,3
915,8,P04,no,8,4.605791623994492,0.4515414720267231,0.3973146620215083,1212,1227,2026-06-01 14:13:33.753919,3
1593,9,P18,yes,3,1.552054890498539,0.5069439979482607,0.5277492350545132,1415,1411,2026-06-01 14:13:33.801264,3
2227,10,P05,yes,1,0.5993533336927612,0.5960151933265168,0.6026853379784917,1739,1724,2026-06-01 14:13:33.809657,3
1594,9,P05,yes,1,-0.5242860391551858,0.5277492350545132,0.520821285372743,1414,1411,2026-06-01 14:13:33.818623,3
2228,10,P05,no,16,-5.537126867753386,0.6026853379784917,0.702892745013669,1739,1708,2026-06-01 14:13:33.849068,3
2229,10,P06,no,9,2.916501809989313,0.702892745013669,0.6481942198637447,1739,1717,2026-06-01 14:13:33.853408,3
2230,10,P19,no,1,0.35498159744975055,0.6481942198637447,0.6418340450887311,1739,1718,2026-06-01 14:13:33.862583,3
1595,9,P09,yes,1,0.5242860391551858,0.520821285372743,0.5277492350545132,1415,1411,2026-06-01 14:13:33.864616,3
1596,9,P08,no,1,0.4757139608448142,0.5277492350545132,0.520821285372743,1415,1412,2026-06-01 14:13:33.871845,3
1597,9,P09,no,1,-0.4757139608448142,0.520821285372743,0.5277492350545132,1415,1411,2026-06-01 14:13:33.876319,3
2755,11,P03,yes,6,4.418271922327676,0.7199965396446176,0.7523361988609284,1825,1785,2026-06-01 14:13:33.878795,3
1598,9,P04,no,10,-4.379217178259523,0.5277492350545132,0.5960151933265168,1415,1401,2026-06-01 14:13:33.881210,3
1599,9,P22,no,11,4.8549311391043375,0.5960151933265168,0.520821285372743,1415,1412,2026-06-01 14:13:33.909416,3
916,8,P22,yes,1,0.40064666630746615,0.3973146620215083,0.4039848066734832,1213,1227,2026-06-01 14:13:33.956632,3
1600,9,P05,no,2,0.9722311486566468,0.520821285372743,0.5069439979482607,1415,1414,2026-06-01 14:13:33.967103,3
2231,10,P02,yes,4,2.6178652595128824,0.6418340450887311,0.6669548851735586,1743,1718,2026-06-01 14:13:33.970312,3
917,8,P24,yes,4,1.669801781801425,0.4039848066734832,0.4309986674318095,1217,1227,2026-06-01 14:13:33.991424,3
2232,10,P09,yes,13,-8.13018276706498,0.6669548851735586,0.5825702064623147,1730,1718,2026-06-01 14:13:34.006550,3
918,8,P19,yes,4,1.7787439867929606,0.4309986674318095,0.45842951678320015,1221,1227,2026-06-01 14:13:34.007492,3
2756,11,P14,no,1,0.2502637410184434,0.7523361988609284,0.7471242672706695,1825,1786,2026-06-01 14:13:34.034592,3
2757,11,P20,yes,1,0.749736258981784,0.7471242672706695,0.7523361988609284,1826,1786,2026-06-01 14:13:34.103220,3
2758,11,P13,no,9,-2.0282684164624243,0.7523361988609284,0.7959402230407707,1826,1777,2026-06-01 14:13:34.109232,3
919,8,P02,yes,3,-1.3443349759484136,0.45842951678320015,0.4378234991142019,1218,1227,2026-06-01 14:13:34.109298,3
2759,11,P14,yes,3,-2.3671842639200804,0.7959402230407707,0.7820712676154848,1823,1777,2026-06-01 14:13:34.170525,3
920,8,P19,no,1,-0.5587541409070127,0.4378234991142019,0.444671944737631,1218,1226,2026-06-01 14:13:34.174020,3
2760,11,P14,no,4,0.9103795088180959,0.7820712676154848,0.7625419716560975,1823,1781,2026-06-01 14:13:34.175698,3
1601,9,P09,yes,1,0.5104149925382444,0.5069439979482607,0.5138853177460049,1416,1414,2026-06-01 14:13:34.190258,3
1602,9,P18,yes,6,-2.958360102039933,0.5138853177460049,0.47225076494548685,1410,1414,2026-06-01 14:13:34.202109,3
2761,11,P18,no,1,0.23998512580601528,0.7625419716560975,0.7574755792628283,1823,1782,2026-06-01 14:13:34.209509,3
1603,9,P19,yes,1,0.4757139608450416,0.47225076494548685,0.4791787146272571,1411,1414,2026-06-01 14:13:34.222189,3
2233,10,P05,yes,14,8.80021313276643,0.5825702064623147,0.6730961777222321,1744,1718,2026-06-01 14:13:34.232546,3
1604,9,P21,no,3,1.5936146294902755,0.4791787146272571,0.45842951678320015,1411,1417,2026-06-01 14:13:34.242902,3
2762,11,P14,yes,1,-0.7549119542418339,0.7574755792628283,0.7523361988609284,1822,1782,2026-06-01 14:13:34.259840,3
1605,9,P04,yes,2,0.9306714096649102,0.45842951678320015,0.47225076494548685,1413,1417,2026-06-01 14:13:34.267365,3
1606,9,P04,no,2,-1.0416398979602945,0.47225076494548685,0.4861146822539951,1413,1415,2026-06-01 14:13:34.269244,3
2763,11,P09,no,2,0.5057754813053634,0.7523361988609284,0.7418402904888368,1822,1784,2026-06-01 14:13:34.271653,3
921,8,P12,yes,7,3.281705636022025,0.444671944737631,0.49305600205173933,1225,1226,2026-06-01 14:13:34.278890,3
2764,11,P22,yes,2,1.4942245186946366,0.7418402904888368,0.7523361988609284,1824,1784,2026-06-01 14:13:34.281353,3
2234,10,P19,no,10,3.583752529825915,0.6730961777222321,0.6093175418435606,1744,1728,2026-06-01 14:13:34.282293,3
2235,10,P02,no,10,-3.583752529825915,0.6093175418435606,0.6730961777222321,1744,1718,2026-06-01 14:13:34.291257,3
2236,10,P12,no,14,5.199786867233797,0.6730961777222321,0.5825702064623147,1744,1732,2026-06-01 14:13:34.313960,3
922,8,P04,yes,1,-0.4895850074617556,0.49305600205173933,0.4861146822539951,1224,1226,2026-06-01 14:13:34.322597,3
923,8,P13,yes,1,0.4895850074617556,0.4861146822539951,0.49305600205173933,1225,1226,2026-06-01 14:13:34.331427,3
924,8,P04,yes,1,-0.4895850074617556,0.49305600205173933,0.4861146822539951,1224,1226,2026-06-01 14:13:34.353348,3
385,7,P09,no,1,0.23495538395434323,0.7675350070438758,0.7625419716560975,891,849,2026-06-01 14:13:34.379962,3
925,8,P13,no,1,-0.5104149925382444,0.4861146822539951,0.49305600205173933,1224,1225,2026-06-01 14:13:34.403571,3
2237,10,P18,no,1,0.42081238797618425,0.5825702064623147,0.5758000536158003,1744,1733,2026-06-01 14:13:34.439529,3
926,8,P11,yes,11,5.842639494040441,0.49305600205173933,0.5690013325681905,1235,1225,2026-06-01 14:13:34.498796,3
1607,9,P09,no,1,-0.5104149925382444,0.4861146822539951,0.49305600205173933,1413,1414,2026-06-01 14:13:34.516251,3
927,8,P24,no,1,0.4344090108445471,0.5690013325681905,0.5621765008857981,1235,1226,2026-06-01 14:13:34.520409,3
2765,11,P11,no,3,-0.7200285555188657,0.7523361988609284,0.7675350070438758,1824,1781,2026-06-01 14:13:34.584432,3
2766,11,P20,yes,1,0.7700008441133832,0.7675350070438758,0.7724543828071839,1825,1781,2026-06-01 14:13:34.591408,3
1608,9,P18,yes,8,4.1663994219368305,0.49305600205173933,0.548458527973277,1421,1414,2026-06-01 14:13:34.596122,3
928,8,P07,no,13,6.275006385613324,0.5621765008857981,0.47225076494548685,1235,1239,2026-06-01 14:13:34.596142,3
2767,11,P13,yes,1,0.7748832883332852,0.7724543828071839,0.7772998611746911,1826,1781,2026-06-01 14:13:34.605535,3
929,8,P02,no,3,1.614344531438519,0.47225076494548685,0.4515414720267231,1235,1242,2026-06-01 14:13:34.637499,3
1609,9,P03,yes,1,-0.5450159411034292,0.548458527973277,0.5415704832167999,1420,1414,2026-06-01 14:13:34.647287,3
930,8,P11,yes,1,0.4549840588965708,0.4515414720267231,0.45842951678320015,1236,1242,2026-06-01 14:13:34.654807,3
2768,11,P12,no,9,-1.8185689210545206,0.7772998611746911,0.8175744761936437,1826,1772,2026-06-01 14:13:34.669136,3
931,8,P22,no,1,-0.5381197166909715,0.45842951678320015,0.46533348664659613,1236,1241,2026-06-01 14:13:34.677838,3
2769,11,P14,no,1,0.18450919831866486,0.8175744761936437,0.8133949179068393,1826,1773,2026-06-01 14:13:34.692974,3
2238,10,P05,no,1,-0.42081238797618425,0.5758000536158003,0.5825702064623147,1744,1732,2026-06-01 14:13:34.695545,3
932,8,P10,yes,13,6.635030599835545,0.46533348664659613,0.555328055262369,1249,1241,2026-06-01 14:13:34.701315,3
1610,9,P08,no,14,7.096910883144346,0.5415704832167999,0.444671944737631,1420,1428,2026-06-01 14:13:34.719367,3
2239,10,P02,yes,6,3.615770741665301,0.5825702064623147,0.6224593312018546,1750,1732,2026-06-01 14:13:34.727478,3
2240,10,P22,no,1,0.3808119245272792,0.6224593312018546,0.6159095915435134,1750,1733,2026-06-01 14:13:34.730966,3
1611,9,P19,yes,1,0.44810505795908284,0.444671944737631,0.4515414720267231,1421,1428,2026-06-01 14:13:34.742560,3
933,8,P02,no,1,0.44810505795885547,0.555328055262369,0.548458527973277,1249,1242,2026-06-01 14:13:34.767434,3
2770,11,P22,no,1,0.18872543433963074,0.8133949179068393,0.8091419557551346,1826,1774,2026-06-01 14:13:34.795815,3
934,8,P02,no,1,0.4549840588965708,0.548458527973277,0.5415704832167999,1249,1243,2026-06-01 14:13:34.800032,3
1612,9,P13,no,1,-0.5450159411034292,0.4515414720267231,0.45842951678320015,1421,1427,2026-06-01 14:13:34.807476,3
935,8,P10,no,4,-1.7787439867929606,0.5415704832167999,0.5690013325681905,1249,1239,2026-06-01 14:13:34.833358,3
1613,9,P19,yes,1,0.4618802833090285,0.45842951678320015,0.46533348664659613,1422,1427,2026-06-01 14:13:34.838487,3
936,8,P08,no,1,0.4344090108443197,0.5690013325681905,0.5621765008857981,1249,1240,2026-06-01 14:13:34.859685,3
937,8,P10,yes,3,1.717181573180369,0.5621765008857981,0.5825702064623147,1252,1240,2026-06-01 14:13:34.862939,3
1614,9,P18,no,1,0.5381197166909715,0.46533348664659613,0.45842951678320015,1422,1428,2026-06-01 14:13:34.883687,3
1615,9,P04,yes,3,1.4063853705097245,0.45842951678320015,0.4791787146272571,1425,1428,2026-06-01 14:13:34.885040,3
1616,9,P05,yes,11,-4.8549311391043375,0.4791787146272571,0.4039848066734832,1414,1428,2026-06-01 14:13:34.889883,3
2241,10,P02,no,1,-0.3808119245272792,0.6159095915435134,0.6224593312018546,1750,1732,2026-06-01 14:13:34.892197,3
938,8,P01,no,8,3.557824812433182,0.5825702064623147,0.5277492350545132,1252,1248,2026-06-01 14:13:34.911425,3
1617,9,P23,yes,6,2.5454566517389594,0.4039848066734832,0.444671944737631,1420,1428,2026-06-01 14:13:34.914629,3
2242,10,P22,yes,1,-0.6191880754727208,0.6224593312018546,0.6159095915435134,1749,1732,2026-06-01 14:13:34.935546,3
2771,11,P09,yes,8,-6.329548999936833,0.8091419557551346,0.7724543828071839,1818,1774,2026-06-01 14:13:34.937174,3
1618,9,P10,yes,11,-4.482577759978994,0.444671944737631,0.3710353350500268,1409,1428,2026-06-01 14:13:34.978110,3
1619,9,P06,yes,10,4.041331900886007,0.3710353350500268,0.4378234991142019,1419,1428,2026-06-01 14:13:34.984679,3
939,8,P09,yes,1,0.5312088736441183,0.5277492350545132,0.534666513353404,1253,1248,2026-06-01 14:13:35.001666,3
1620,9,P05,yes,1,-0.4344090108445471,0.4378234991142019,0.4309986674318095,1418,1428,2026-06-01 14:13:35.031048,3
940,8,P02,yes,10,-5.0,0.534666513353404,0.46533348664659613,1243,1248,2026-06-01 14:13:35.035072,3
941,8,P01,yes,1,0.4687911263558817,0.46533348664659613,0.47225076494548685,1244,1248,2026-06-01 14:13:35.088291,3
1621,9,P17,yes,6,2.7094153964580983,0.4309986674318095,0.47225076494548685,1424,1428,2026-06-01 14:13:35.089987,3
942,8,P22,no,1,-0.5242860391551858,0.47225076494548685,0.4791787146272571,1244,1247,2026-06-01 14:13:35.095930,3
943,8,P04,yes,13,-5.649573110685651,0.4791787146272571,0.3906824581564393,1231,1247,2026-06-01 14:13:35.098482,3
2243,10,P05,yes,1,0.6191880754727208,0.6159095915435134,0.6224593312018546,1750,1732,2026-06-01 14:13:35.103670,3
944,8,P20,yes,2,0.7946419715813136,0.3906824581564393,0.4039848066734832,1233,1247,2026-06-01 14:13:35.120155,3
2244,10,P11,no,13,5.473262944411999,0.6224593312018546,0.534666513353404,1750,1745,2026-06-01 14:13:35.138014,3
2245,10,P17,no,15,-6.2153490950422565,0.534666513353404,0.6354235592583607,1750,1730,2026-06-01 14:13:35.141520,3
945,8,P23,no,8,-4.551454231405387,0.4039848066734832,0.45842951678320015,1233,1239,2026-06-01 14:13:35.178765,3
946,8,P08,no,1,-0.5381197166909715,0.45842951678320015,0.46533348664659613,1233,1238,2026-06-01 14:13:35.187450,3
947,8,P10,yes,1,0.4687911263558817,0.46533348664659613,0.47225076494548685,1234,1238,2026-06-01 14:13:35.190200,3
948,8,P04,no,10,5.620782821740477,0.47225076494548685,0.4039848066734832,1234,1248,2026-06-01 14:13:35.191107,3
949,8,P02,yes,1,-0.4006466663072388,0.4039848066734832,0.3973146620215083,1233,1248,2026-06-01 14:13:35.202449,3
950,8,P22,yes,6,2.504857458953211,0.3973146620215083,0.4378234991142019,1239,1248,2026-06-01 14:13:35.209677,3
2246,10,P05,no,5,-1.743501823970064,0.6354235592583607,0.6669548851735586,1750,1725,2026-06-01 14:13:35.211485,3
3213,12,P08,no,6,3.124855591428915,0.5,0.45842951678320015,0,6,2026-06-01 14:13:35.212128,4
2247,10,P17,no,5,1.743501823970064,0.6669548851735586,0.6354235592583607,1750,1730,2026-06-01 14:13:35.214702,3
2248,10,P02,yes,1,0.6386329165170537,0.6354235592583607,0.6418340450887311,1751,1730,2026-06-01 14:13:35.245847,3
2249,10,P12,no,1,0.36136708348271895,0.6418340450887311,0.6354235592583607,1751,1731,2026-06-01 14:13:35.265926,3
2250,10,P21,no,8,-2.715134142072884,0.6354235592583607,0.6852009766653157,1751,1723,2026-06-01 14:13:35.286541,3
3214,12,P10,yes,7,3.3786165191663855,0.45842951678320015,0.5069439979482607,7,6,2026-06-01 14:13:35.309071,4
2251,10,P02,no,8,-2.3321303871248347,0.6852009766653157,0.7310585786300049,1751,1715,2026-06-01 14:13:35.312750,3
1622,9,P09,yes,1,-0.4687911263558817,0.47225076494548685,0.46533348664659613,1423,1428,2026-06-01 14:13:35.319753,3
2252,10,P11,yes,1,-0.7283162051155614,0.7310585786300049,0.7255622121589215,1750,1715,2026-06-01 14:13:35.330106,3
2253,10,P02,yes,1,0.7283162051155614,0.7255622121589215,0.7310585786300049,1751,1715,2026-06-01 14:13:35.346969,3
951,8,P20,no,1,-0.5587541409070127,0.4378234991142019,0.444671944737631,1239,1247,2026-06-01 14:13:35.357434,3
952,8,P02,no,9,5.272518380280189,0.444671944737631,0.3840904084564866,1239,1256,2026-06-01 14:13:35.380382,3
3215,12,P09,no,11,5.842639494040434,0.5069439979482607,0.4309986674318095,7,17,2026-06-01 14:13:35.394977,4
3216,12,P22,yes,11,5.157360505959566,0.4309986674318095,0.5069439979482607,18,17,2026-06-01 14:13:35.396892,4
2254,10,P12,no,9,2.649935469480397,0.7310585786300049,0.679178699175393,1751,1724,2026-06-01 14:13:35.415684,3
3217,12,P08,no,1,0.49652788940470316,0.5069439979482607,0.5,18,18,2026-06-01 14:13:35.415752,4
1623,9,P21,no,1,0.5381197166909715,0.46533348664659613,0.45842951678320015,1423,1429,2026-06-01 14:13:35.430976,3
1624,9,P03,yes,11,5.461880283309256,0.45842951678320015,0.534666513353404,1434,1429,2026-06-01 14:13:35.445304,3
953,8,P02,no,3,1.8771019248424636,0.3840904084564866,0.36457644074163925,1239,1259,2026-06-01 14:13:35.446297,3
1625,9,P17,no,19,10.089573948096131,0.534666513353404,0.4039848066734832,1434,1448,2026-06-01 14:13:35.492311,3
954,8,P02,no,2,1.2836513190670757,0.36457644074163925,0.3518057801362553,1239,1261,2026-06-01 14:13:35.492360,3
2255,10,P21,no,1,-0.31780508235556226,0.679178699175393,0.6852009766653157,1751,1723,2026-06-01 14:13:35.494845,3
2772,11,P14,yes,9,-6.745459094559919,0.7724543828071839,0.7255622121589215,1809,1774,2026-06-01 14:13:35.516474,3
1626,9,P23,yes,10,4.379217178259523,0.4039848066734832,0.47225076494548685,1444,1448,2026-06-01 14:13:35.524945,3
2256,10,P03,no,14,5.020057185211499,0.6852009766653157,0.5960151933265168,1751,1737,2026-06-01 14:13:35.550134,3
955,8,P06,yes,5,1.8392467560904606,0.3518057801362553,0.3840904084564866,1244,1261,2026-06-01 14:13:35.551215,3
2773,11,P13,yes,1,0.728316205115334,0.7255622121589215,0.7310585786300049,1810,1774,2026-06-01 14:13:35.554583,3
2774,11,P11,no,10,-2.428282079532437,0.7310585786300049,0.7820712676154848,1810,1764,2026-06-01 14:13:35.558694,3
2257,10,P18,yes,19,-10.089573948096358,0.5960151933265168,0.46533348664659613,1732,1737,2026-06-01 14:13:35.569759,3
2258,10,P07,yes,1,0.4687911263558817,0.46533348664659613,0.47225076494548685,1733,1737,2026-06-01 14:13:35.614115,3
2259,10,P09,yes,8,4.000000000000227,0.47225076494548685,0.5277492350545132,1741,1737,2026-06-01 14:13:35.635001,3
956,8,P19,yes,1,0.38738299639976503,0.3840904084564866,0.3906824581564393,1245,1261,2026-06-01 14:13:35.636852,3
2260,10,P11,yes,6,3.2905846035419017,0.5277492350545132,0.5690013325681905,1747,1737,2026-06-01 14:13:35.643377,3
957,8,P03,yes,1,0.3939953052740748,0.3906824581564393,0.3973146620215083,1246,1261,2026-06-01 14:13:35.672829,3
1627,9,P04,yes,2,0.9583601020399328,0.47225076494548685,0.4861146822539951,1446,1448,2026-06-01 14:13:35.703966,3
1628,9,P04,no,1,-0.5104149925382444,0.4861146822539951,0.49305600205173933,1446,1447,2026-06-01 14:13:35.758489,3
2261,10,P18,yes,2,1.1515905840246887,0.5690013325681905,0.5825702064623147,1749,1737,2026-06-01 14:13:35.785430,3
2262,10,P09,no,1,-0.4140575273477225,0.5825702064623147,0.5893093760914265,1749,1736,2026-06-01 14:13:35.799440,3
2775,11,P14,no,19,5.078217549013061,0.7820712676154848,0.679178699175393,1810,1783,2026-06-01 14:13:35.832639,3
958,8,P02,no,1,0.6060046947259252,0.3973146620215083,0.3906824581564393,1246,1262,2026-06-01 14:13:35.842795,3
959,8,P13,yes,10,4.243187740175699,0.3906824581564393,0.45842951678320015,1256,1262,2026-06-01 14:13:35.843026,3
2263,10,P05,no,2,0.8348699153243615,0.5893093760914265,0.5758000536158003,1749,1738,2026-06-01 14:13:35.851085,3
1629,9,P21,yes,17,-7.3899991802695695,0.49305600205173933,0.37754066879814546,1429,1447,2026-06-01 14:13:35.851580,3
1630,9,P16,yes,1,0.38081192452750656,0.37754066879814546,0.3840904084564866,1430,1447,2026-06-01 14:13:35.858882,3
1631,9,P18,yes,1,0.38738299639953766,0.3840904084564866,0.3906824581564393,1431,1447,2026-06-01 14:13:35.870900,3
960,8,P13,yes,1,0.4618802833090285,0.45842951678320015,0.46533348664659613,1257,1262,2026-06-01 14:13:35.880509,3
1632,9,P17,yes,1,0.39399530527430215,0.3906824581564393,0.3973146620215083,1432,1447,2026-06-01 14:13:35.908674,3
2264,10,P13,no,4,-1.642851420110219,0.5758000536158003,0.6026853379784917,1749,1734,2026-06-01 14:13:35.911577,3
2265,10,P09,yes,2,1.2186216983263876,0.6026853379784917,0.6159095915435134,1751,1734,2026-06-01 14:13:35.918148,3
961,8,P10,no,1,-0.5312088736441183,0.46533348664659613,0.47225076494548685,1257,1261,2026-06-01 14:13:35.920658,3
386,7,P18,yes,1,0.7650446160456568,0.7625419716560975,0.7675350070438758,892,849,2026-06-01 14:13:35.952816,3
2266,10,P09,yes,2,1.2449038597408162,0.6159095915435134,0.6289646649499733,1753,1734,2026-06-01 14:13:35.993184,3
2267,10,P20,yes,12,-7.069317182061695,0.6289646649499733,0.548458527973277,1741,1734,2026-06-01 14:13:36.003920,3
1633,9,P04,yes,6,2.5048574589529835,0.3973146620215083,0.4378234991142019,1438,1447,2026-06-01 14:13:36.010756,3
1634,9,P18,no,14,-7.1937847407423305,0.4378234991142019,0.534666513353404,1438,1433,2026-06-01 14:13:36.020028,3
2776,11,P08,yes,5,3.4702608490003968,0.679178699175393,0.7086608250294356,1815,1783,2026-06-01 14:13:36.020640,3
2777,11,P09,yes,1,0.7115172104931844,0.7086608250294356,0.7143624294910559,1816,1783,2026-06-01 14:13:36.043694,3
962,8,P01,yes,1,0.4757139608450416,0.47225076494548685,0.4791787146272571,1258,1261,2026-06-01 14:13:36.046497,3
387,7,P18,no,14,3.7731748293762166,0.7675350070438758,0.6911616123625146,892,863,2026-06-01 14:13:36.049294,3
1635,9,P24,no,9,4.468791126356109,0.534666513353404,0.47225076494548685,1438,1442,2026-06-01 14:13:36.051873,3
388,7,P18,no,5,1.619585501311235,0.6911616123625146,0.6607563687658172,892,868,2026-06-01 14:13:36.071050,3
2778,11,P14,no,10,3.150554973896078,0.7143624294910559,0.6545022492518787,1816,1793,2026-06-01 14:13:36.078409,3
389,7,P15,yes,7,4.7745116622568275,0.6607563687658172,0.702892745013669,899,868,2026-06-01 14:13:36.080503,3
2779,11,P06,yes,1,0.6576338731483702,0.6545022492518787,0.6607563687658172,1817,1793,2026-06-01 14:13:36.093837,3
390,7,P18,no,1,0.300018584699842,0.702892745013669,0.6970592839654074,899,869,2026-06-01 14:13:36.101137,3
2780,11,P13,yes,1,0.6638603292090011,0.6607563687658172,0.6669548851735586,1818,1793,2026-06-01 14:13:36.108314,3
2268,10,P17,yes,16,9.636519220835908,0.548458527973277,0.6545022492518787,1757,1734,2026-06-01 14:13:36.119312,3
391,7,P17,yes,8,5.758513459179767,0.6970592839654074,0.7418402904888368,907,869,2026-06-01 14:13:36.121071,3
963,8,P04,no,2,1.055494912799304,0.4791787146272571,0.46533348664659613,1258,1263,2026-06-01 14:13:36.134145,3
964,8,P02,no,9,5.089573948096358,0.46533348664659613,0.4039848066734832,1258,1272,2026-06-01 14:13:36.135497,3
2781,11,P01,yes,5,3.410669917747782,0.6669548851735586,0.6970592839654074,1823,1793,2026-06-01 14:13:36.136950,3
2782,11,P03,yes,1,0.6999814153000443,0.6970592839654074,0.702892745013669,1824,1793,2026-06-01 14:13:36.149089,3
2783,11,P03,no,8,-2.196979696407425,0.702892745013669,0.7471242672706695,1824,1785,2026-06-01 14:13:36.162452,3
2269,10,P11,no,4,1.4327979612257877,0.6545022492518787,0.6289646649499733,1757,1738,2026-06-01 14:13:36.176170,3
965,8,P02,yes,1,-0.40064666630746615,0.4039848066734832,0.3973146620215083,1257,1272,2026-06-01 14:13:36.178676,3
1636,9,P05,no,1,0.5312088736441183,0.47225076494548685,0.46533348664659613,1438,1443,2026-06-01 14:13:36.179331,3
966,8,P20,yes,4,1.642851420110219,0.3973146620215083,0.4241999463841996,1261,1272,2026-06-01 14:13:36.188122,3
2270,10,P20,no,1,0.37428421573167725,0.6289646649499733,0.6224593312018546,1757,1739,2026-06-01 14:13:36.232560,3
1637,9,P04,no,10,-5.000000000000227,0.46533348664659613,0.534666513353404,1438,1433,2026-06-01 14:13:36.251982,3
967,8,P19,yes,9,4.095372526496476,0.4241999463841996,0.4861146822539951,1270,1272,2026-06-01 14:13:36.257946,3
1638,9,P06,no,4,1.9167362358575701,0.534666513353404,0.5069439979482607,1438,1437,2026-06-01 14:13:36.258596,3
1639,9,P21,no,19,10.61000081973043,0.5069439979482607,0.37754066879814546,1438,1456,2026-06-01 14:13:36.364232,3
2784,11,P14,no,16,4.764834161002227,0.7471242672706695,0.6545022492518787,1824,1801,2026-06-01 14:13:36.368669,3
968,8,P04,yes,1,-0.48264614119489124,0.4861146822539951,0.4791787146272571,1269,1272,2026-06-01 14:13:36.390018,3
2785,11,P01,yes,1,0.6576338731483702,0.6545022492518787,0.6607563687658172,1825,1801,2026-06-01 14:13:36.394396,3
969,8,P18,yes,1,0.48264614119489124,0.4791787146272571,0.4861146822539951,1270,1272,2026-06-01 14:13:36.401998,3
2271,10,P05,yes,1,0.6257157842683227,0.6224593312018546,0.6289646649499733,1758,1739,2026-06-01 14:13:36.406500,3
392,7,P09,yes,2,1.4942245186947503,0.7418402904888368,0.7523361988609284,909,869,2026-06-01 14:13:36.428057,3
1640,9,P22,yes,2,0.7681949209270442,0.37754066879814546,0.3906824581564393,1440,1456,2026-06-01 14:13:36.443462,3
2786,11,P11,yes,1,0.6638603292090011,0.6607563687658172,0.6669548851735586,1826,1801,2026-06-01 14:13:36.446186,3
2787,11,P14,yes,1,-0.6638603292090011,0.6669548851735586,0.6607563687658172,1825,1801,2026-06-01 14:13:36.451108,3
1641,9,P01,yes,10,4.243187740175927,0.3906824581564393,0.45842951678320015,1450,1456,2026-06-01 14:13:36.451739,3
393,7,P09,yes,1,0.7549119542420613,0.7523361988609284,0.7574755792628283,910,869,2026-06-01 14:13:36.454352,3
2272,10,P05,no,8,-2.7651309946156744,0.6289646649499733,0.679178699175393,1758,1731,2026-06-01 14:13:36.469527,3
1642,9,P21,yes,9,-3.8491924349016244,0.45842951678320015,0.3973146620215083,1441,1456,2026-06-01 14:13:36.484701,3
2788,11,P19,yes,4,2.6922280111059536,0.6607563687658172,0.6852009766653157,1829,1801,2026-06-01 14:13:36.521664,3
2273,10,P20,no,11,3.907610131274396,0.679178699175393,0.6093175418435606,1758,1742,2026-06-01 14:13:36.522217,3
970,8,P10,yes,1,0.4895850074617556,0.4861146822539951,0.49305600205173933,1271,1272,2026-06-01 14:13:36.528169,3
1643,9,P09,no,2,1.2186216983261602,0.3973146620215083,0.3840904084564866,1441,1458,2026-06-01 14:13:36.536657,3
2274,10,P02,yes,2,1.2318050790729558,0.6093175418435606,0.6224593312018546,1760,1742,2026-06-01 14:13:36.546465,3
971,8,P10,no,1,-0.5034721105953395,0.49305600205173933,0.5,1271,1271,2026-06-01 14:13:36.547063,3
1644,9,P04,yes,2,0.7813783016738398,0.3840904084564866,0.3973146620215083,1443,1458,2026-06-01 14:13:36.558246,3
1645,9,P04,no,19,-10.220136155433238,0.3973146620215083,0.5277492350545132,1443,1439,2026-06-01 14:13:36.577523,3
972,8,P04,no,1,0.5034721105953395,0.5,0.49305600205173933,1271,1272,2026-06-01 14:13:36.586028,3
2789,11,P23,yes,5,3.499583141849598,0.6852009766653157,0.7143624294910559,1834,1801,2026-06-01 14:13:36.592896,3
1646,9,P07,no,1,0.4757139608448142,0.5277492350545132,0.520821285372743,1443,1440,2026-06-01 14:13:36.616030,3
1647,9,P19,no,14,7.387273614698188,0.520821285372743,0.4241999463841996,1443,1454,2026-06-01 14:13:36.622116,3
1648,9,P11,yes,11,5.081485423362892,0.4241999463841996,0.5,1454,1454,2026-06-01 14:13:36.642909,3
2790,11,P19,yes,1,0.7171851495479586,0.7143624294910559,0.7199965396446176,1835,1801,2026-06-01 14:13:36.646409,3
394,7,P18,no,7,1.8268161234304898,0.7574755792628283,0.7199965396446176,910,876,2026-06-01 14:13:36.648383,3
395,7,P22,yes,1,0.7227851163621608,0.7199965396446176,0.7255622121589215,911,876,2026-06-01 14:13:36.655332,3
1649,9,P22,no,9,4.780520615480327,0.5,0.4378234991142019,1454,1463,2026-06-01 14:13:36.662009,3
2275,10,P02,no,1,-0.3742842157319046,0.6224593312018546,0.6289646649499733,1760,1741,2026-06-01 14:13:36.671189,3
2276,10,P23,no,1,0.3742842157319046,0.6289646649499733,0.6224593312018546,1760,1742,2026-06-01 14:13:36.770228,3
973,8,P17,yes,1,-0.4895850074617556,0.49305600205173933,0.4861146822539951,1270,1272,2026-06-01 14:13:36.774679,3
1650,9,P09,yes,1,-0.4344090108445471,0.4378234991142019,0.4309986674318095,1453,1463,2026-06-01 14:13:36.788454,3
2791,11,P23,yes,8,5.933198750763495,0.7199965396446176,0.7625419716560975,1843,1801,2026-06-01 14:13:36.800158,3
2277,10,P22,yes,1,-0.6191880754724934,0.6224593312018546,0.6159095915435134,1759,1742,2026-06-01 14:13:36.830780,3
2278,10,P05,yes,1,0.6191880754724934,0.6159095915435134,0.6224593312018546,1760,1742,2026-06-01 14:13:36.847120,3
1651,9,P20,no,12,-6.3322245015017415,0.4309986674318095,0.5138853177460049,1453,1451,2026-06-01 14:13:36.852725,3
1652,9,P21,no,2,0.9861128968664161,0.5138853177460049,0.5,1453,1453,2026-06-01 14:13:36.884612,3
3218,12,P18,no,10,5.346111604635716,0.5,0.4309986674318095,18,28,2026-06-01 14:13:37.008111,4
1653,9,P05,no,1,0.5034721105948847,0.5,0.49305600205173933,1453,1454,2026-06-01 14:13:37.012502,3
2279,10,P05,yes,3,1.8965467658867965,0.6224593312018546,0.6418340450887311,1763,1742,2026-06-01 14:13:37.055852,3
3219,12,P13,yes,1,0.43440901084461814,0.4309986674318095,0.4378234991142019,19,28,2026-06-01 14:13:37.069556,4
3220,12,P23,yes,1,0.4412458590929731,0.4378234991142019,0.444671944737631,20,28,2026-06-01 14:13:37.091575,4
3221,12,P03,yes,1,0.4481050579590118,0.444671944737631,0.4515414720267231,21,28,2026-06-01 14:13:37.093077,4
2280,10,P11,no,1,0.3613670834831737,0.6418340450887311,0.6354235592583607,1763,1743,2026-06-01 14:13:37.150621,3
2281,10,P18,no,1,-0.3613670834831737,0.6354235592583607,0.6418340450887311,1763,1742,2026-06-01 14:13:37.152254,3
2792,11,P14,no,2,0.4850731715641814,0.7625419716560975,0.7523361988609284,1843,1803,2026-06-01 14:13:37.166614,3
2282,10,P23,yes,1,-0.6386329165168263,0.6418340450887311,0.6354235592583607,1762,1742,2026-06-01 14:13:37.182651,3
2283,10,P18,no,1,0.36780193489835256,0.6354235592583607,0.6289646649499733,1762,1743,2026-06-01 14:13:37.213110,3
2284,10,P09,yes,4,-2.4635255580672037,0.6289646649499733,0.6026853379784917,1758,1743,2026-06-01 14:13:37.233135,3
2285,10,P21,yes,4,2.4635255580672037,0.6026853379784917,0.6289646649499733,1762,1743,2026-06-01 14:13:37.260875,3
3222,12,P12,yes,1,0.4549840588965921,0.4515414720267231,0.45842951678320015,22,28,2026-06-01 14:13:37.284777,4
974,8,P02,no,1,0.5173538588051088,0.4861146822539951,0.4791787146272571,1270,1273,2026-06-01 14:13:37.293236,3
975,8,P02,no,3,1.5936146294900482,0.4791787146272571,0.45842951678320015,1270,1276,2026-06-01 14:13:37.302694,3
3223,12,P21,yes,1,0.4618802833090001,0.45842951678320015,0.46533348664659613,23,28,2026-06-01 14:13:37.330283,4
1654,9,P04,yes,20,11.23571660399898,0.49305600205173933,0.6289646649499733,1473,1454,2026-06-01 14:13:37.353968,3
1655,9,P04,yes,1,0.6321980651016474,0.6289646649499733,0.6354235592583607,1474,1454,2026-06-01 14:13:37.353969,3
1656,9,P05,no,2,0.7420861506300298,0.6354235592583607,0.6224593312018546,1474,1456,2026-06-01 14:13:37.377151,3
976,8,P04,yes,2,-0.9030891168554263,0.45842951678320015,0.444671944737631,1268,1276,2026-06-01 14:13:37.389637,3
977,8,P22,yes,13,6.364969400164682,0.444671944737631,0.534666513353404,1281,1276,2026-06-01 14:13:37.392673,3
1657,9,P12,no,1,0.38081192452750656,0.6224593312018546,0.6159095915435134,1474,1457,2026-06-01 14:13:37.394704,3
1658,9,P18,no,3,1.1820249679808512,0.6159095915435134,0.5960151933265168,1474,1460,2026-06-01 14:13:37.447896,3
1659,9,P11,no,15,6.827162287761212,0.5960151933265168,0.49305600205173933,1474,1475,2026-06-01 14:13:37.457363,3
978,8,P02,yes,1,-0.5312088736441183,0.534666513353404,0.5277492350545132,1280,1276,2026-06-01 14:13:37.466509,3
979,8,P03,no,1,0.4757139608448142,0.5277492350545132,0.520821285372743,1280,1277,2026-06-01 14:13:37.526050,3
2286,10,P18,no,20,-6.197632122228015,0.6289646649499733,0.7471242672706695,1762,1723,2026-06-01 14:13:37.529159,3
2287,10,P18,no,3,-0.7353369125826248,0.7471242672706695,0.7625419716560975,1762,1720,2026-06-01 14:13:37.529160,3
3224,12,P14,yes,5,2.4132641252620814,0.46533348664659613,0.5,28,28,2026-06-01 14:13:37.556041,4
396,7,P09,yes,1,0.7283162051155614,0.7255622121589215,0.7310585786300049,912,876,2026-06-01 14:13:37.574626,3
980,8,P02,no,1,0.48264614119489124,0.520821285372743,0.5138853177460049,1280,1278,2026-06-01 14:13:37.580456,3
2288,10,P15,no,12,3.232335193689778,0.7625419716560975,0.6970592839654074,1762,1732,2026-06-01 14:13:37.602058,3
2289,10,P13,no,4,1.259360447953668,0.6970592839654074,0.6730961777222321,1762,1736,2026-06-01 14:13:37.604551,3
1660,9,P05,no,6,3.1663994219368305,0.49305600205173933,0.4515414720267231,1474,1481,2026-06-01 14:13:37.605028,3
2290,10,P13,no,1,0.32996963429854986,0.6730961777222321,0.6669548851735586,1762,1737,2026-06-01 14:13:37.698114,3
2291,10,P23,no,1,0.33613967079099893,0.6669548851735586,0.6607563687658172,1762,1738,2026-06-01 14:13:37.718341,3
2292,10,P01,no,1,0.3423661268516298,0.6607563687658172,0.6545022492518787,1762,1739,2026-06-01 14:13:37.728766,3
981,8,P18,no,2,0.9861128968664161,0.5138853177460049,0.5,1280,1280,2026-06-01 14:13:37.748201,3
2293,10,P05,no,1,-0.3423661268516298,0.6545022492518787,0.6607563687658172,1762,1738,2026-06-01 14:13:37.761248,3
2793,11,P09,no,3,-0.7200285555188657,0.7523361988609284,0.7675350070438758,1843,1800,2026-06-01 14:13:37.776766,3
1661,9,P13,yes,5,2.3440155706016412,0.4515414720267231,0.4861146822539951,1479,1481,2026-06-01 14:13:37.808253,3
2294,10,P03,yes,8,-5.082356775263406,0.6607563687658172,0.6093175418435606,1754,1738,2026-06-01 14:13:37.834911,3
2295,10,P18,yes,2,1.2318050790727284,0.6093175418435606,0.6224593312018546,1756,1738,2026-06-01 14:13:37.851847,3
1662,9,P09,no,10,-4.792120628560497,0.4861146822539951,0.555328055262369,1479,1471,2026-06-01 14:13:37.882373,3
2296,10,P09,no,7,2.8050416463111105,0.6224593312018546,0.5758000536158003,1756,1745,2026-06-01 14:13:37.902216,3
1663,9,P18,yes,1,0.5587541409070127,0.555328055262369,0.5621765008857981,1480,1471,2026-06-01 14:13:37.907281,3
2794,11,P14,yes,9,-6.698243366808811,0.7675350070438758,0.7199965396446176,1834,1800,2026-06-01 14:13:37.924040,3
1664,9,P23,yes,4,-2.193784740742558,0.5621765008857981,0.534666513353404,1476,1471,2026-06-01 14:13:37.939648,3
2795,11,P20,yes,3,2.1848789060857143,0.7199965396446176,0.736484844941675,1837,1800,2026-06-01 14:13:37.965651,3
1665,9,P08,no,1,0.4687911263558817,0.534666513353404,0.5277492350545132,1476,1472,2026-06-01 14:13:38.001568,3
2297,10,P13,no,1,-0.42081238797641163,0.5758000536158003,0.5825702064623147,1756,1744,2026-06-01 14:13:38.008037,3
1666,9,P22,no,1,0.4757139608448142,0.5277492350545132,0.520821285372743,1476,1473,2026-06-01 14:13:38.022211,3
2298,10,P02,yes,1,0.5859424726522775,0.5825702064623147,0.5893093760914265,1757,1744,2026-06-01 14:13:38.029606,3
2299,10,P21,yes,1,0.5926651615216088,0.5893093760914265,0.5960151933265168,1758,1744,2026-06-01 14:13:38.075544,3
982,8,P04,no,2,1.0138871031338113,0.5,0.4861146822539951,1280,1282,2026-06-01 14:13:38.137209,3
1667,9,P22,no,1,0.4826461411951186,0.520821285372743,0.5138853177460049,1476,1474,2026-06-01 14:13:38.171104,3
397,7,P02,yes,6,-4.285567377024677,0.7310585786300049,0.6970592839654074,906,876,2026-06-01 14:13:38.174956,3
1668,9,P05,yes,3,-1.5104149925382444,0.5138853177460049,0.49305600205173933,1473,1474,2026-06-01 14:13:38.200040,3
398,7,P02,yes,1,0.6999814153000443,0.6970592839654074,0.702892745013669,907,876,2026-06-01 14:13:38.211378,3
2796,11,P12,yes,3,2.233393016241962,0.736484844941675,0.7523361988609284,1840,1800,2026-06-01 14:13:38.216258,3
2300,10,P09,no,1,0.40733483847839125,0.5960151933265168,0.5893093760914265,1758,1745,2026-06-01 14:13:38.233911,3
2797,11,P14,yes,1,-0.7497362589815566,0.7523361988609284,0.7471242672706695,1839,1800,2026-06-01 14:13:38.243535,3
2301,10,P11,no,1,-0.40733483847839125,0.5893093760914265,0.5960151933265168,1758,1744,2026-06-01 14:13:38.286341,3
2798,11,P18,no,8,-1.8612903578223268,0.7471242672706695,0.7867684891624728,1839,1792,2026-06-01 14:13:38.302367,3
399,7,P13,yes,11,8.067683391010064,0.702892745013669,0.7625419716560975,918,876,2026-06-01 14:13:38.340448,3
983,8,P02,yes,3,-1.4271512283958145,0.4861146822539951,0.46533348664659613,1277,1282,2026-06-01 14:13:38.341423,3
2302,10,P05,yes,1,0.5993533336925339,0.5960151933265168,0.6026853379784917,1759,1744,2026-06-01 14:13:38.356743,3
400,7,P18,yes,9,7.0576096716572465,0.7625419716560975,0.8048153229861598,927,876,2026-06-01 14:13:38.394344,3
401,7,P01,no,13,2.9332389812122983,0.8048153229861598,0.7418402904888368,927,889,2026-06-01 14:13:38.413200,3
984,8,P10,yes,1,0.4687911263558817,0.46533348664659613,0.47225076494548685,1278,1282,2026-06-01 14:13:38.419955,3
2303,10,P21,no,1,-0.3939953052740748,0.6026853379784917,0.6093175418435606,1759,1743,2026-06-01 14:13:38.499955,3
1669,9,P09,no,4,2.08326376414243,0.49305600205173933,0.46533348664659613,1473,1478,2026-06-01 14:13:38.507886,3
2799,11,P18,no,1,0.21557393642160605,0.7867684891624728,0.7820712676154848,1839,1793,2026-06-01 14:13:38.545211,3
985,8,P10,no,13,-6.275006385613551,0.47225076494548685,0.5621765008857981,1278,1269,2026-06-01 14:13:38.562735,3
1670,9,P05,yes,16,-6.576716178525203,0.46533348664659613,0.358165954911269,1457,1478,2026-06-01 14:13:38.570141,3
986,8,P10,no,2,-0.8620060388434467,0.5621765008857981,0.5758000536158003,1278,1267,2026-06-01 14:13:38.584005,3
1671,9,P08,yes,18,7.521221265726126,0.358165954911269,0.4791787146272571,1475,1478,2026-06-01 14:13:38.588957,3
987,8,P03,yes,1,-0.5724029720011004,0.5758000536158003,0.5690013325681905,1277,1267,2026-06-01 14:13:38.600097,3
988,8,P08,no,3,1.3237599278963899,0.5690013325681905,0.548458527973277,1277,1270,2026-06-01 14:13:38.615361,3
989,8,P10,yes,1,0.5518949420411445,0.548458527973277,0.555328055262369,1278,1270,2026-06-01 14:13:38.616442,3
990,8,P18,no,1,-0.4412458590929873,0.555328055262369,0.5621765008857981,1278,1269,2026-06-01 14:13:38.617211,3
991,8,P19,no,1,0.4412458590929873,0.5621765008857981,0.555328055262369,1278,1270,2026-06-01 14:13:38.637987,3
992,8,P22,no,1,0.44810505795885547,0.555328055262369,0.548458527973277,1278,1271,2026-06-01 14:13:38.638903,3
993,8,P18,no,7,3.33012846746783,0.548458527973277,0.5,1278,1278,2026-06-01 14:13:38.646649,3
2304,10,P09,yes,1,-0.6060046947259252,0.6093175418435606,0.6026853379784917,1758,1743,2026-06-01 14:13:38.654670,3
2305,10,P05,no,1,-0.3939953052740748,0.6026853379784917,0.6093175418435606,1758,1742,2026-06-01 14:13:38.667841,3
1672,9,P04,no,6,-3.0000000000002274,0.4791787146272571,0.520821285372743,1475,1472,2026-06-01 14:13:38.686184,3
2800,11,P11,no,1,0.22030825731008008,0.7820712676154848,0.7772998611746911,1839,1794,2026-06-01 14:13:38.707256,3
994,8,P02,no,1,0.5034721105953395,0.5,0.49305600205173933,1278,1279,2026-06-01 14:13:38.723725,3
1673,9,P05,no,14,7.387273614698415,0.520821285372743,0.4241999463841996,1475,1486,2026-06-01 14:13:38.738113,3
1674,9,P10,yes,3,1.303251897936434,0.4241999463841996,0.444671944737631,1478,1486,2026-06-01 14:13:38.749324,3
995,8,P10,yes,12,6.415042466041768,0.49305600205173933,0.5758000536158003,1290,1279,2026-06-01 14:13:38.761328,3
2801,11,P14,no,13,3.328170140703378,0.7772998611746911,0.7086608250294356,1839,1807,2026-06-01 14:13:38.766275,3
996,8,P18,no,3,1.3032518979362067,0.5758000536158003,0.555328055262369,1290,1282,2026-06-01 14:13:38.786757,3
2802,11,P09,yes,1,0.7115172104934118,0.7086608250294356,0.7143624294910559,1840,1807,2026-06-01 14:13:38.791181,3
2306,10,P02,no,11,-3.907610131274396,0.6093175418435606,0.679178699175393,1758,1731,2026-06-01 14:13:38.794687,3
1675,9,P19,yes,1,0.44810505795885547,0.444671944737631,0.4515414720267231,1479,1486,2026-06-01 14:13:38.800819,3
1676,9,P18,yes,12,5.916864342205599,0.4515414720267231,0.534666513353404,1491,1486,2026-06-01 14:13:38.809554,3
2803,11,P09,yes,5,3.6412325531805436,0.7143624294910559,0.7418402904888368,1845,1807,2026-06-01 14:13:38.813591,3
2307,10,P01,no,1,0.323857601448708,0.679178699175393,0.6730961777222321,1758,1732,2026-06-01 14:13:38.815686,3
997,8,P11,yes,1,-0.5518949420409172,0.555328055262369,0.548458527973277,1289,1282,2026-06-01 14:13:38.828434,3
2804,11,P14,yes,1,-0.7391684975473254,0.7418402904888368,0.736484844941675,1844,1807,2026-06-01 14:13:38.830019,3
1677,9,P08,no,4,1.9167362358573428,0.534666513353404,0.5069439979482607,1491,1490,2026-06-01 14:13:38.845390,3
998,8,P09,yes,2,1.1106490829479299,0.548458527973277,0.5621765008857981,1291,1282,2026-06-01 14:13:38.863515,3
1678,9,P04,no,2,-0.9722311486566468,0.5069439979482607,0.520821285372743,1491,1488,2026-06-01 14:13:38.865559,3
999,8,P13,no,1,0.4412458590929873,0.5621765008857981,0.555328055262369,1291,1283,2026-06-01 14:13:38.867961,3
1000,8,P12,no,10,4.792120628560497,0.555328055262369,0.4861146822539951,1291,1293,2026-06-01 14:13:38.876942,3
2308,10,P11,no,1,0.32996963429854986,0.6730961777222321,0.6669548851735586,1758,1733,2026-06-01 14:13:38.878296,3
2805,11,P14,yes,1,-0.7337775846076511,0.736484844941675,0.7310585786300049,1843,1807,2026-06-01 14:13:38.904695,3
1679,9,P05,no,2,0.9722311486566468,0.520821285372743,0.5069439979482607,1491,1490,2026-06-01 14:13:38.909262,3
1001,8,P18,no,1,0.517353858804654,0.4861146822539951,0.4791787146272571,1291,1294,2026-06-01 14:13:38.921074,3
1680,9,P18,no,14,-6.227808954068223,0.5069439979482607,0.6026853379784917,1491,1476,2026-06-01 14:13:38.929138,3
2309,10,P13,no,1,0.33613967079099893,0.6669548851735586,0.6607563687658172,1758,1734,2026-06-01 14:13:38.930692,3
1002,8,P11,yes,6,3.0000000000002274,0.4791787146272571,0.520821285372743,1297,1294,2026-06-01 14:13:38.931841,3
1003,8,P04,yes,1,-0.5173538588051088,0.520821285372743,0.5138853177460049,1296,1294,2026-06-01 14:13:38.948530,3
1681,9,P03,no,1,0.4006466663072388,0.6026853379784917,0.5960151933265168,1491,1477,2026-06-01 14:13:38.951975,3
402,7,P02,yes,4,3.009151347130455,0.7418402904888368,0.7625419716560975,931,889,2026-06-01 14:13:38.955839,3
2310,10,P21,no,1,-0.33613967079099893,0.6607563687658172,0.6669548851735586,1758,1733,2026-06-01 14:13:38.962795,3
2311,10,P09,no,1,0.33613967079099893,0.6669548851735586,0.6607563687658172,1758,1734,2026-06-01 14:13:38.963262,3
1682,9,P06,no,4,1.669801781801425,0.5960151933265168,0.5690013325681905,1491,1481,2026-06-01 14:13:38.969194,3
1004,8,P18,yes,8,-3.889031511704843,0.5138853177460049,0.45842951678320015,1288,1294,2026-06-01 14:13:38.986867,3
1683,9,P03,yes,2,-1.1243451300622382,0.5690013325681905,0.555328055262369,1489,1481,2026-06-01 14:13:38.995702,3
1684,9,P17,no,2,0.9030891168556536,0.555328055262369,0.5415704832167999,1489,1483,2026-06-01 14:13:39.000404,3
2312,10,P20,no,5,1.7751640880774175,0.6607563687658172,0.6289646649499733,1758,1739,2026-06-01 14:13:39.001532,3
2313,10,P21,yes,1,0.6321980651016474,0.6289646649499733,0.6354235592583607,1759,1739,2026-06-01 14:13:39.020472,3
2314,10,P22,no,3,1.1228980751575364,0.6354235592583607,0.6159095915435134,1759,1742,2026-06-01 14:13:39.053105,3
1685,9,P20,no,1,0.4618802833090285,0.5415704832167999,0.534666513353404,1489,1484,2026-06-01 14:13:39.091264,3
1686,9,P20,no,1,0.4687911263558817,0.534666513353404,0.5277492350545132,1489,1485,2026-06-01 14:13:39.098800,3
1687,9,P21,no,1,0.4757139608448142,0.5277492350545132,0.520821285372743,1489,1486,2026-06-01 14:13:39.145970,3
1005,8,P08,yes,1,0.4618802833090285,0.45842951678320015,0.46533348664659613,1289,1294,2026-06-01 14:13:39.182921,3
1006,8,P11,yes,11,5.538119716691199,0.46533348664659613,0.5415704832167999,1300,1294,2026-06-01 14:13:39.184087,3
403,7,P18,yes,5,3.8740465547601843,0.7625419716560975,0.7867684891624728,936,889,2026-06-01 14:13:39.219177,3
2806,11,P12,yes,1,0.7337775846076511,0.7310585786300049,0.736484844941675,1844,1807,2026-06-01 14:13:39.220697,3
1688,9,P05,yes,1,-0.5173538588051088,0.520821285372743,0.5138853177460049,1488,1486,2026-06-01 14:13:39.231975,3
2315,10,P05,yes,1,0.6191880754724934,0.6159095915435134,0.6224593312018546,1760,1742,2026-06-01 14:13:39.231977,3
1007,8,P10,no,2,-0.9030891168556536,0.5415704832167999,0.555328055262369,1300,1292,2026-06-01 14:13:39.235731,3
2316,10,P02,no,1,-0.3742842157319046,0.6224593312018546,0.6289646649499733,1760,1741,2026-06-01 14:13:39.239526,3
1008,8,P01,no,9,4.2817056360217975,0.555328055262369,0.49305600205173933,1300,1301,2026-06-01 14:13:39.242130,3
404,7,P20,no,2,0.4358821937317998,0.7867684891624728,0.7772998611746911,936,891,2026-06-01 14:13:39.245434,3
1009,8,P10,yes,2,1.0,0.49305600205173933,0.5069439979482607,1302,1301,2026-06-01 14:13:39.249352,3
2807,11,P18,no,6,1.6806364536680576,0.736484844941675,0.702892745013669,1844,1813,2026-06-01 14:13:39.260496,3
1010,8,P10,no,4,-1.9167362358573428,0.5069439979482607,0.534666513353404,1302,1297,2026-06-01 14:13:39.263556,3
1689,9,P18,yes,3,1.5728487716041855,0.5138853177460049,0.534666513353404,1491,1486,2026-06-01 14:13:39.273878,3
1690,9,P19,no,1,0.4687911263558817,0.534666513353404,0.5277492350545132,1491,1487,2026-06-01 14:13:39.317490,3
1691,9,P04,yes,7,3.862987575543457,0.5277492350545132,0.5758000536158003,1498,1487,2026-06-01 14:13:39.331156,3
1692,9,P11,no,1,0.4275970279986723,0.5758000536158003,0.5690013325681905,1498,1488,2026-06-01 14:13:39.335151,3
1693,9,P03,no,14,6.709415396457871,0.5690013325681905,0.47225076494548685,1498,1502,2026-06-01 14:13:39.360809,3
405,7,P19,no,1,0.22511671166705582,0.7772998611746911,0.7724543828071839,936,892,2026-06-01 14:13:39.369933,3
1694,9,P05,no,1,0.5312088736441183,0.47225076494548685,0.46533348664659613,1498,1503,2026-06-01 14:13:39.390450,3
2317,10,P05,no,9,-3.0829360769712366,0.6289646649499733,0.6852009766653157,1760,1732,2026-06-01 14:13:39.430661,3
2318,10,P02,no,10,-2.859184304969631,0.6852009766653157,0.7418402904888368,1760,1722,2026-06-01 14:13:39.461853,3
1695,9,P04,yes,6,2.91673623585757,0.46533348664659613,0.5069439979482607,1504,1503,2026-06-01 14:13:39.469476,3
2808,11,P14,yes,2,-1.3940971635681763,0.702892745013669,0.6911616123625146,1842,1813,2026-06-01 14:13:39.489131,3
2319,10,P17,no,1,0.26083150245244724,0.7418402904888368,0.736484844941675,1760,1723,2026-06-01 14:13:39.495355,3
2320,10,P19,no,1,0.2662224153923489,0.736484844941675,0.7310585786300049,1760,1724,2026-06-01 14:13:39.502434,3
1696,9,P05,yes,1,-0.5034721105953395,0.5069439979482607,0.5,1503,1503,2026-06-01 14:13:39.505157,3
2809,11,P01,yes,1,0.6941157482679046,0.6911616123625146,0.6970592839654074,1843,1813,2026-06-01 14:13:39.505575,3
406,7,P09,no,4,0.9500277114052551,0.7724543828071839,0.7523361988609284,936,896,2026-06-01 14:13:39.510081,3
2321,10,P08,yes,1,-0.7283162051155614,0.7310585786300049,0.7255622121589215,1759,1724,2026-06-01 14:13:39.511110,3
1697,9,P21,no,1,0.5034721105953395,0.5,0.49305600205173933,1503,1504,2026-06-01 14:13:39.513884,3
407,7,P09,no,1,0.2502637410184434,0.7523361988609284,0.7471242672706695,936,897,2026-06-01 14:13:39.600643,3
2810,11,P20,yes,13,9.532709422355765,0.6970592839654074,0.7675350070438758,1856,1813,2026-06-01 14:13:39.619193,3
2811,11,P14,no,3,0.7200285555186383,0.7675350070438758,0.7523361988609284,1856,1816,2026-06-01 14:13:39.635744,3
2812,11,P14,no,20,6.080093928348106,0.7523361988609284,0.6354235592583607,1856,1836,2026-06-01 14:13:39.641851,3
2322,10,P12,no,13,4.059232053380583,0.7255622121589215,0.6481942198637447,1759,1737,2026-06-01 14:13:39.649830,3
2813,11,P17,yes,5,3.2564981760297087,0.6354235592583607,0.6669548851735586,1861,1836,2026-06-01 14:13:39.667821,3
2814,11,P22,yes,6,4.110651333048054,0.6669548851735586,0.702892745013669,1867,1836,2026-06-01 14:13:39.668649,3
1011,8,P19,yes,11,-5.4618802833090285,0.534666513353404,0.45842951678320015,1291,1297,2026-06-01 14:13:39.680708,3
2815,11,P13,no,3,-0.8655153597533172,0.702892745013669,0.7199965396446176,1867,1833,2026-06-01 14:13:39.713817,3
2816,11,P18,no,7,-1.8268161234304898,0.7199965396446176,0.7574755792628283,1867,1826,2026-06-01 14:13:39.733660,3
1698,9,P09,yes,1,-0.4895850074617556,0.49305600205173933,0.4861146822539951,1502,1504,2026-06-01 14:13:39.753934,3
2817,11,P17,no,1,0.24508804575793874,0.7574755792628283,0.7523361988609284,1867,1827,2026-06-01 14:13:39.756825,3
2323,10,P05,yes,2,1.308986527753632,0.6481942198637447,0.6607563687658172,1761,1737,2026-06-01 14:13:39.765411,3
1699,9,P21,no,2,1.0416398979602945,0.4861146822539951,0.47225076494548685,1502,1506,2026-06-01 14:13:39.769815,3
2324,10,P09,yes,2,1.3338906949104512,0.6607563687658172,0.6730961777222321,1763,1737,2026-06-01 14:13:39.788283,3
2818,11,P09,yes,1,0.7549119542418339,0.7523361988609284,0.7574755792628283,1868,1827,2026-06-01 14:13:39.794577,3
2325,10,P05,no,2,-0.6416626838044976,0.6730961777222321,0.6852009766653157,1763,1735,2026-06-01 14:13:39.795872,3
1012,8,P13,yes,1,0.4618802833090285,0.45842951678320015,0.46533348664659613,1292,1297,2026-06-01 14:13:39.801635,3
2819,11,P18,no,2,0.49535178677638214,0.7574755792628283,0.7471242672706695,1868,1829,2026-06-01 14:13:39.813396,3
2326,10,P02,yes,1,0.6881864875826977,0.6852009766653157,0.6911616123625146,1764,1735,2026-06-01 14:13:39.813478,3
2327,10,P20,no,1,0.31181351241730226,0.6911616123625146,0.6852009766653157,1764,1736,2026-06-01 14:13:39.836573,3
1700,9,P18,no,5,2.7249936143862215,0.47225076494548685,0.4378234991142019,1502,1511,2026-06-01 14:13:39.949045,3
1701,9,P10,yes,2,0.8893509170520701,0.4378234991142019,0.4515414720267231,1504,1511,2026-06-01 14:13:39.952742,3
2328,10,P22,no,8,2.715134142073339,0.6852009766653157,0.6354235592583607,1764,1744,2026-06-01 14:13:39.955749,3
2329,10,P05,yes,1,0.6386329165168263,0.6354235592583607,0.6418340450887311,1765,1744,2026-06-01 14:13:39.973208,3
1702,9,P10,yes,2,0.9168643422055993,0.4515414720267231,0.46533348664659613,1506,1511,2026-06-01 14:13:40.040360,3
1013,8,P02,no,1,0.5381197166909715,0.46533348664659613,0.45842951678320015,1292,1298,2026-06-01 14:13:40.041412,3
1014,8,P10,yes,3,1.4063853705099518,0.45842951678320015,0.4791787146272571,1295,1298,2026-06-01 14:13:40.062878,3
1015,8,P18,yes,2,0.9722311486566468,0.4791787146272571,0.49305600205173933,1297,1298,2026-06-01 14:13:40.110005,3
1016,8,P18,yes,4,2.027768851343126,0.49305600205173933,0.520821285372743,1301,1298,2026-06-01 14:13:40.149654,3
1703,9,P03,no,1,-0.5312088736441183,0.46533348664659613,0.47225076494548685,1506,1510,2026-06-01 14:13:40.195892,3
1704,9,P18,no,5,2.724993614386676,0.47225076494548685,0.4378234991142019,1506,1515,2026-06-01 14:13:40.216142,3
1705,9,P10,yes,3,1.3443349759484136,0.4378234991142019,0.45842951678320015,1509,1515,2026-06-01 14:13:40.219156,3
1017,8,P04,yes,12,-5.750720346458138,0.520821285372743,0.4378234991142019,1289,1298,2026-06-01 14:13:40.225969,3
2330,10,P05,yes,2,1.2963710571557385,0.6418340450887311,0.6545022492518787,1767,1744,2026-06-01 14:13:40.235001,3
1018,8,P23,yes,1,0.4412458590929873,0.4378234991142019,0.444671944737631,1290,1298,2026-06-01 14:13:40.254710,3
2820,11,P14,no,1,0.2555117402871474,0.7471242672706695,0.7418402904888368,1868,1830,2026-06-01 14:13:40.272578,3
1019,8,P03,no,3,-1.6350305998355452,0.444671944737631,0.46533348664659613,1290,1295,2026-06-01 14:13:40.278677,3
1020,8,P10,yes,1,0.4687911263558817,0.46533348664659613,0.47225076494548685,1291,1295,2026-06-01 14:13:40.319038,3
1021,8,P02,no,1,0.5312088736441183,0.47225076494548685,0.46533348664659613,1291,1296,2026-06-01 14:13:40.401505,3
1022,8,P11,yes,1,0.4687911263558817,0.46533348664659613,0.47225076494548685,1292,1296,2026-06-01 14:13:40.409428,3
2821,11,P14,yes,1,-0.7391684975473254,0.7418402904888368,0.736484844941675,1867,1830,2026-06-01 14:13:40.443015,3
2822,11,P09,yes,1,0.7391684975473254,0.736484844941675,0.7418402904888368,1868,1830,2026-06-01 14:13:40.450315,3
1023,8,P04,no,1,0.5312088736441183,0.47225076494548685,0.46533348664659613,1292,1297,2026-06-01 14:13:40.498029,3
2823,11,P18,yes,1,0.7444882597128526,0.7418402904888368,0.7471242672706695,1869,1830,2026-06-01 14:13:40.532309,3
1706,9,P03,yes,4,1.889031511704843,0.45842951678320015,0.4861146822539951,1513,1515,2026-06-01 14:13:40.594445,3
2331,10,P18,no,2,0.7036289428442615,0.6545022492518787,0.6418340450887311,1767,1746,2026-06-01 14:13:40.611292,3
1707,9,P09,no,1,0.5173538588051088,0.4861146822539951,0.4791787146272571,1513,1516,2026-06-01 14:13:40.660109,3
1024,8,P09,no,1,-0.5312088736441183,0.46533348664659613,0.47225076494548685,1292,1296,2026-06-01 14:13:40.742113,3
1025,8,P12,no,6,-3.04163989795984,0.47225076494548685,0.5138853177460049,1292,1290,2026-06-01 14:13:40.753434,3
1026,8,P04,no,3,1.4895850074613008,0.5138853177460049,0.49305600205173933,1292,1293,2026-06-01 14:13:40.766509,3
1708,9,P04,no,1,-0.5173538588051088,0.4791787146272571,0.4861146822539951,1513,1515,2026-06-01 14:13:40.805535,3
2332,10,P05,no,1,-0.35498159744975055,0.6418340450887311,0.6481942198637447,1767,1745,2026-06-01 14:13:40.809952,3
1709,9,P04,yes,1,0.4895850074617556,0.4861146822539951,0.49305600205173933,1514,1515,2026-06-01 14:13:40.821410,3
2824,11,P14,no,1,0.2555117402871474,0.7471242672706695,0.7418402904888368,1869,1831,2026-06-01 14:13:40.827225,3
2825,11,P14,no,1,0.26083150245244724,0.7418402904888368,0.736484844941675,1869,1832,2026-06-01 14:13:40.858172,3
1027,8,P10,no,1,-0.5034721105953395,0.49305600205173933,0.5,1292,1292,2026-06-01 14:13:40.878163,3
2333,10,P01,yes,12,-7.308926494127036,0.6481942198637447,0.5690013325681905,1755,1745,2026-06-01 14:13:40.990931,3
1028,8,P09,yes,1,0.5034721105953395,0.5,0.5069439979482607,1293,1292,2026-06-01 14:13:41.020618,3
2334,10,P09,no,1,-0.42759702799889965,0.5690013325681905,0.5758000536158003,1755,1744,2026-06-01 14:13:41.022713,3
1029,8,P09,no,1,-0.48958500746130085,0.5069439979482607,0.5138853177460049,1293,1291,2026-06-01 14:13:41.044226,3
1030,8,P04,no,3,1.4895850074615282,0.5138853177460049,0.49305600205173933,1293,1294,2026-06-01 14:13:41.062878,3
2335,10,P13,no,12,-4.6121238232685755,0.5758000536158003,0.6545022492518787,1755,1732,2026-06-01 14:13:41.072389,3
2336,10,P18,yes,1,0.6576338731483702,0.6545022492518787,0.6607563687658172,1756,1732,2026-06-01 14:13:41.084791,3
2826,11,P18,yes,2,1.4836567572606327,0.736484844941675,0.7471242672706695,1871,1832,2026-06-01 14:13:41.102057,3
2337,10,P05,yes,1,0.6638603292087737,0.6607563687658172,0.6669548851735586,1757,1732,2026-06-01 14:13:41.134211,3
2338,10,P23,yes,1,-0.6638603292087737,0.6669548851735586,0.6607563687658172,1756,1732,2026-06-01 14:13:41.159294,3
1031,8,P10,yes,1,0.4965278894046605,0.49305600205173933,0.5,1294,1294,2026-06-01 14:13:41.164097,3
2339,10,P01,yes,8,-5.082356775263634,0.6607563687658172,0.6093175418435606,1748,1732,2026-06-01 14:13:41.209822,3
1710,9,P09,yes,2,1.0,0.49305600205173933,0.5069439979482607,1516,1515,2026-06-01 14:13:41.347802,3
2340,10,P21,no,1,-0.38738299639976503,0.6093175418435606,0.6159095915435134,1748,1731,2026-06-01 14:13:41.406112,3
1032,8,P10,no,1,-0.4965278894046605,0.5,0.5069439979482607,1294,1293,2026-06-01 14:13:41.413308,3
2341,10,P02,yes,1,0.6191880754727208,0.6159095915435134,0.6224593312018546,1749,1731,2026-06-01 14:13:41.424288,3
1711,9,P04,no,1,-0.4895850074615282,0.5069439979482607,0.5138853177460049,1516,1514,2026-06-01 14:13:41.465285,3
1033,8,P10,yes,1,0.5104149925382444,0.5069439979482607,0.5138853177460049,1295,1293,2026-06-01 14:13:41.485640,3
1712,9,P21,no,7,3.572848771603958,0.5138853177460049,0.46533348664659613,1516,1521,2026-06-01 14:13:41.487472,3
2342,10,P09,no,19,-6.055573095220325,0.6224593312018546,0.736484844941675,1749,1712,2026-06-01 14:13:41.508886,3
2343,10,P20,no,11,3.240015486321454,0.736484844941675,0.6730961777222321,1749,1723,2026-06-01 14:13:41.514685,3
1713,9,P05,no,1,0.5381197166909715,0.46533348664659613,0.45842951678320015,1516,1522,2026-06-01 14:13:41.516282,3
1714,9,P04,no,10,-5.069328590334862,0.45842951678320015,0.5277492350545132,1516,1512,2026-06-01 14:13:41.553226,3
1715,9,P21,no,9,4.531208873643891,0.5277492350545132,0.46533348664659613,1516,1521,2026-06-01 14:13:41.559227,3
2344,10,P13,yes,1,-0.6700303657016775,0.6730961777222321,0.6669548851735586,1748,1723,2026-06-01 14:13:41.561803,3
2345,10,P21,no,1,-0.32996963429854986,0.6669548851735586,0.6730961777222321,1748,1722,2026-06-01 14:13:41.570732,3
2346,10,P19,yes,6,-3.926528541731386,0.6730961777222321,0.6354235592583607,1742,1722,2026-06-01 14:13:41.604553,3
1716,9,P04,yes,2,0.9445050872006959,0.46533348664659613,0.4791787146272571,1518,1521,2026-06-01 14:13:41.608155,3
1034,8,P10,no,1,-0.4826461411951186,0.5138853177460049,0.520821285372743,1295,1292,2026-06-01 14:13:41.626818,3
1035,8,P10,yes,1,0.5242860391551858,0.520821285372743,0.5277492350545132,1296,1292,2026-06-01 14:13:41.634813,3
1036,8,P19,no,1,0.4757139608448142,0.5277492350545132,0.520821285372743,1296,1293,2026-06-01 14:13:41.644568,3
1717,9,P18,no,1,0.5242860391551858,0.4791787146272571,0.47225076494548685,1518,1522,2026-06-01 14:13:41.816512,3
1037,8,P04,no,2,0.9722311486568742,0.520821285372743,0.5069439979482607,1296,1295,2026-06-01 14:13:41.826279,3
2827,11,P09,yes,1,0.7497362589815566,0.7471242672706695,0.7523361988609284,1872,1832,2026-06-01 14:13:41.889428,3
408,7,P09,yes,1,0.7497362589816703,0.7471242672706695,0.7523361988609284,937,897,2026-06-01 14:13:41.963431,3
2828,11,P14,no,1,0.2502637410184434,0.7523361988609284,0.7471242672706695,1872,1833,2026-06-01 14:13:41.996256,3
2347,10,P18,no,1,0.36780193489835256,0.6354235592583607,0.6289646649499733,1742,1723,2026-06-01 14:13:42.004291,3
2348,10,P09,no,15,6.316338286499786,0.6289646649499733,0.5277492350545132,1742,1738,2026-06-01 14:13:42.019708,3
1038,8,P04,no,1,0.4965278894046605,0.5069439979482607,0.5,1296,1296,2026-06-01 14:13:42.045773,3
2349,10,P11,yes,1,0.5312088736441183,0.5277492350545132,0.534666513353404,1743,1738,2026-06-01 14:13:42.048066,3
2350,10,P11,yes,1,0.5381197166909715,0.534666513353404,0.5415704832167999,1744,1738,2026-06-01 14:13:42.079354,3
409,7,P18,yes,1,0.7549119542419476,0.7523361988609284,0.7574755792628283,938,897,2026-06-01 14:13:42.087719,3
2351,10,P19,yes,1,0.5450159411034292,0.5415704832167999,0.548458527973277,1745,1738,2026-06-01 14:13:42.105916,3
2352,10,P03,yes,12,7.069317182061923,0.548458527973277,0.6289646649499733,1757,1738,2026-06-01 14:13:42.150106,3
1039,8,P10,no,3,-1.4687590380615347,0.5,0.520821285372743,1296,1293,2026-06-01 14:13:42.179376,3
2353,10,P02,no,1,-0.36780193489835256,0.6289646649499733,0.6354235592583607,1757,1737,2026-06-01 14:13:42.237972,3
1040,8,P04,no,3,1.4687590380615347,0.520821285372743,0.5,1296,1296,2026-06-01 14:13:42.278830,3
1041,8,P09,no,1,0.5034721105953395,0.5,0.49305600205173933,1296,1297,2026-06-01 14:13:42.304650,3
2354,10,P02,yes,6,3.926528541731159,0.6354235592583607,0.6730961777222321,1763,1737,2026-06-01 14:13:42.322912,3
410,7,P18,yes,11,-8.007649932116465,0.7574755792628283,0.6970592839654074,927,897,2026-06-01 14:13:42.338832,3
1718,9,P05,yes,2,-0.9306714096649102,0.47225076494548685,0.45842951678320015,1516,1522,2026-06-01 14:13:42.352139,3
411,7,P20,yes,1,0.699981415300158,0.6970592839654074,0.702892745013669,928,897,2026-06-01 14:13:42.354719,3
412,7,P12,yes,1,0.7057822802055398,0.702892745013669,0.7086608250294356,929,897,2026-06-01 14:13:42.371453,3
2355,10,P01,no,1,0.32996963429854986,0.6730961777222321,0.6669548851735586,1763,1738,2026-06-01 14:13:42.430223,3
413,7,P01,no,1,-0.2884827895068156,0.7086608250294356,0.7143624294910559,929,896,2026-06-01 14:13:42.541757,3
2829,11,P18,yes,3,2.264663087417375,0.7471242672706695,0.7625419716560975,1875,1833,2026-06-01 14:13:42.576428,3
1719,9,P09,no,2,1.0969108831445737,0.45842951678320015,0.444671944737631,1516,1524,2026-06-01 14:13:42.576823,3
2356,10,P23,yes,1,-0.6638603292090011,0.6669548851735586,0.6607563687658172,1762,1738,2026-06-01 14:13:42.579373,3
2357,10,P21,yes,1,0.6638603292090011,0.6607563687658172,0.6669548851735586,1763,1738,2026-06-01 14:13:42.579695,3
2358,10,P11,no,1,0.33613967079099893,0.6669548851735586,0.6607563687658172,1763,1739,2026-06-01 14:13:42.593171,3
1720,9,P18,no,4,-2.1662394734796635,0.444671944737631,0.47225076494548685,1516,1520,2026-06-01 14:13:42.621925,3
2359,10,P11,yes,1,-0.6576338731483702,0.6607563687658172,0.6545022492518787,1762,1739,2026-06-01 14:13:42.671108,3
1721,9,P05,no,1,0.5312088736441183,0.47225076494548685,0.46533348664659613,1516,1521,2026-06-01 14:13:42.737768,3
1722,9,P04,no,20,-9.31107271821088,0.46533348664659613,0.6026853379784917,1516,1501,2026-06-01 14:13:42.751436,3
1723,9,P04,no,3,-1.1621902262008916,0.6026853379784917,0.6224593312018546,1516,1498,2026-06-01 14:13:42.751437,3
1724,9,P16,no,2,0.7681949209268168,0.6224593312018546,0.6093175418435606,1516,1500,2026-06-01 14:13:42.787928,3
1725,9,P08,yes,1,-0.6060046947259252,0.6093175418435606,0.6026853379784917,1515,1500,2026-06-01 14:13:42.811254,3
1726,9,P24,no,1,0.40064666630746615,0.6026853379784917,0.5960151933265168,1515,1501,2026-06-01 14:13:42.830877,3
1727,9,P18,yes,1,0.5993533336925339,0.5960151933265168,0.6026853379784917,1516,1501,2026-06-01 14:13:42.832168,3
1042,8,P18,no,1,-0.5034721105953395,0.49305600205173933,0.5,1296,1296,2026-06-01 14:13:42.832329,3
2360,10,P05,no,1,-0.3423661268516298,0.6545022492518787,0.6607563687658172,1762,1738,2026-06-01 14:13:42.856970,3
1728,9,P21,no,1,0.40064666630746615,0.6026853379784917,0.5960151933265168,1516,1502,2026-06-01 14:13:42.884064,3
414,7,P18,no,1,-0.28281485045192767,0.7143624294910559,0.7199965396446176,929,895,2026-06-01 14:13:42.887532,3
1729,9,P17,no,1,0.40733483847839125,0.5960151933265168,0.5893093760914265,1516,1503,2026-06-01 14:13:42.955286,3
1730,9,P18,yes,1,-0.5859424726522775,0.5893093760914265,0.5825702064623147,1515,1503,2026-06-01 14:13:43.006812,3
2361,10,P18,no,3,1.045995069696346,0.6607563687658172,0.6418340450887311,1762,1741,2026-06-01 14:13:43.041123,3
1731,9,P19,no,1,0.420812387976639,0.5825702064623147,0.5758000536158003,1515,1504,2026-06-01 14:13:43.044054,3
1732,9,P23,yes,1,-0.5724029720013277,0.5758000536158003,0.5690013325681905,1514,1504,2026-06-01 14:13:43.065548,3
1733,9,P11,yes,1,-0.5655909891554529,0.5690013325681905,0.5621765008857981,1513,1504,2026-06-01 14:13:43.068089,3
2362,10,P21,no,4,-1.382134740487345,0.6418340450887311,0.6669548851735586,1762,1737,2026-06-01 14:13:43.113721,3
2363,10,P05,no,1,-0.32996963429854986,0.6669548851735586,0.6730961777222321,1762,1736,2026-06-01 14:13:43.118870,3
2830,11,P14,yes,1,-0.7600148741937574,0.7625419716560975,0.7574755792628283,1874,1833,2026-06-01 14:13:43.124678,3
1734,9,P21,yes,1,-0.5587541409070127,0.5621765008857981,0.555328055262369,1512,1504,2026-06-01 14:13:43.154631,3
2364,10,P23,no,1,0.32996963429854986,0.6730961777222321,0.6669548851735586,1762,1737,2026-06-01 14:13:43.234027,3
2365,10,P04,yes,13,-8.13018276706498,0.6669548851735586,0.5825702064623147,1749,1737,2026-06-01 14:13:43.250602,3
2831,11,P14,no,1,0.24508804575793874,0.7574755792628283,0.7523361988609284,1874,1834,2026-06-01 14:13:43.303212,3
1043,8,P09,no,10,-4.65388839536422,0.5,0.5690013325681905,1296,1286,2026-06-01 14:13:43.359292,3
2366,10,P12,yes,4,2.3839656625923453,0.5825702064623147,0.6093175418435606,1753,1737,2026-06-01 14:13:43.361764,3
2367,10,P18,yes,5,3.1283518449597523,0.6093175418435606,0.6418340450887311,1758,1737,2026-06-01 14:13:43.391515,3
1735,9,P11,no,13,6.364969400164455,0.555328055262369,0.46533348664659613,1512,1517,2026-06-01 14:13:43.400480,3
1044,8,P10,yes,3,1.7375330566769662,0.5690013325681905,0.5893093760914265,1299,1286,2026-06-01 14:13:43.419056,3
2368,10,P05,no,2,-0.7036289428442615,0.6418340450887311,0.6545022492518787,1758,1735,2026-06-01 14:13:43.449301,3
1736,9,P23,yes,1,0.4687911263558817,0.46533348664659613,0.47225076494548685,1513,1517,2026-06-01 14:13:43.467646,3
1737,9,P05,yes,6,-2.7094153964580983,0.47225076494548685,0.4309986674318095,1507,1517,2026-06-01 14:13:43.491492,3
1738,9,P17,yes,1,0.4344090108445471,0.4309986674318095,0.4378234991142019,1508,1517,2026-06-01 14:13:43.501202,3
1739,9,P01,yes,11,5.233366487653484,0.4378234991142019,0.5138853177460049,1519,1517,2026-06-01 14:13:43.507066,3
1740,9,P05,no,1,0.4895850074617556,0.5138853177460049,0.5069439979482607,1519,1518,2026-06-01 14:13:43.509692,3
1045,8,P11,no,1,0.4140575273477225,0.5893093760914265,0.5825702064623147,1299,1287,2026-06-01 14:13:43.512411,3
1046,8,P13,no,1,0.420812387976639,0.5825702064623147,0.5758000536158003,1299,1288,2026-06-01 14:13:43.514059,3
1047,8,P22,no,8,3.6127263853015847,0.5758000536158003,0.520821285372743,1299,1296,2026-06-01 14:13:43.529101,3
2832,11,P14,no,2,0.505775481305136,0.7523361988609284,0.7418402904888368,1874,1836,2026-06-01 14:13:43.534446,3
2369,10,P09,yes,1,0.6576338731483702,0.6545022492518787,0.6607563687658172,1759,1735,2026-06-01 14:13:43.535350,3
415,7,P18,yes,2,1.4511013214778359,0.7199965396446176,0.7310585786300049,931,895,2026-06-01 14:13:43.564678,3
2370,10,P09,no,1,-0.33613967079099893,0.6607563687658172,0.6669548851735586,1759,1734,2026-06-01 14:13:43.566633,3
2371,10,P05,yes,2,1.3461727642525148,0.6669548851735586,0.679178699175393,1761,1734,2026-06-01 14:13:43.587947,3
1741,9,P05,yes,1,-0.5034721105953395,0.5069439979482607,0.5,1518,1518,2026-06-01 14:13:43.598666,3
416,7,P18,no,3,0.8317135289740918,0.7310585786300049,0.7143624294910559,931,898,2026-06-01 14:13:43.610384,3
2372,10,P09,yes,1,-0.676142398551292,0.679178699175393,0.6730961777222321,1760,1734,2026-06-01 14:13:43.630306,3
2373,10,P02,no,12,-3.500846988773901,0.6730961777222321,0.7418402904888368,1760,1722,2026-06-01 14:13:43.685451,3
417,7,P18,no,1,0.2884827895067019,0.7143624294910559,0.7086608250294356,931,899,2026-06-01 14:13:43.711748,3
2374,10,P20,no,1,0.26083150245244724,0.7418402904888368,0.736484844941675,1760,1723,2026-06-01 14:13:43.715702,3
1048,8,P10,no,1,-0.4757139608448142,0.520821285372743,0.5277492350545132,1299,1295,2026-06-01 14:13:43.717899,3
2375,10,P04,yes,1,0.7391684975475528,0.736484844941675,0.7418402904888368,1761,1723,2026-06-01 14:13:43.725452,3
2376,10,P21,yes,2,1.494224518694864,0.7418402904888368,0.7523361988609284,1763,1723,2026-06-01 14:13:43.777501,3
2377,10,P01,no,1,0.250263741018216,0.7523361988609284,0.7471242672706695,1763,1724,2026-06-01 14:13:43.801770,3
2378,10,P02,yes,6,4.574591835909132,0.7471242672706695,0.7772998611746911,1769,1724,2026-06-01 14:13:43.823553,3
418,7,P18,no,3,0.9001205562265113,0.7086608250294356,0.6911616123625146,931,902,2026-06-01 14:13:43.824503,3
2379,10,P17,no,1,0.22511671166694214,0.7772998611746911,0.7724543828071839,1769,1725,2026-06-01 14:13:43.842074,3
1742,9,P04,yes,15,8.275663156526889,0.5,0.6026853379784917,1533,1518,2026-06-01 14:13:43.924960,3
419,7,P23,no,5,-1.4714181961852546,0.6911616123625146,0.7199965396446176,931,897,2026-06-01 14:13:43.926366,3
2380,10,P06,yes,1,-0.7700008441131558,0.7724543828071839,0.7675350070438758,1768,1725,2026-06-01 14:13:43.929333,3
2381,10,P23,yes,2,-1.5250594902393004,0.7675350070438758,0.7574755792628283,1766,1725,2026-06-01 14:13:43.929579,3
2382,10,P11,no,13,3.6100478320327056,0.7574755792628283,0.6852009766653157,1766,1738,2026-06-01 14:13:43.948873,3
2383,10,P05,no,12,-3.364959786274767,0.6852009766653157,0.7523361988609284,1766,1726,2026-06-01 14:13:43.951645,3
2384,10,P20,yes,8,-5.846974282368819,0.7523361988609284,0.7086608250294356,1758,1726,2026-06-01 14:13:43.957451,3
1049,8,P09,no,9,-3.971882339781132,0.5277492350545132,0.5893093760914265,1299,1286,2026-06-01 14:13:43.961013,3
1743,9,P19,yes,1,-0.5993533336925339,0.6026853379784917,0.5960151933265168,1532,1518,2026-06-01 14:13:43.967209,3
1744,9,P19,no,8,3.4485457685943857,0.5960151933265168,0.5415704832167999,1532,1526,2026-06-01 14:13:43.974567,3
2385,10,P01,no,1,0.2942177197946876,0.7086608250294356,0.702892745013669,1758,1727,2026-06-01 14:13:43.977930,3
1745,9,P13,no,1,0.4618802833090285,0.5415704832167999,0.534666513353404,1532,1527,2026-06-01 14:13:43.982836,3
1746,9,P20,no,12,6.083135657794401,0.534666513353404,0.4515414720267231,1532,1539,2026-06-01 14:13:43.990111,3
1747,9,P23,yes,4,1.8613694294062952,0.4515414720267231,0.4791787146272571,1536,1539,2026-06-01 14:13:44.016006,3
2386,10,P21,no,11,-2.9323166089900496,0.702892745013669,0.7625419716560975,1758,1716,2026-06-01 14:13:44.022552,3
1050,8,P08,no,3,1.2624669433230338,0.5893093760914265,0.5690013325681905,1299,1289,2026-06-01 14:13:44.041996,3
2833,11,P18,yes,3,2.249136472936698,0.7418402904888368,0.7574755792628283,1877,1836,2026-06-01 14:13:44.067121,3
2387,10,P01,no,4,0.9908486528693174,0.7625419716560975,0.7418402904888368,1758,1720,2026-06-01 14:13:44.077094,3
2388,10,P04,yes,6,4.544196807289609,0.7418402904888368,0.7724543828071839,1764,1720,2026-06-01 14:13:44.084998,3
2389,10,P13,no,13,3.3972711488311234,0.7724543828071839,0.702892745013669,1764,1733,2026-06-01 14:13:44.123118,3
2834,11,P14,yes,2,-1.5046482132233905,0.7574755792628283,0.7471242672706695,1875,1836,2026-06-01 14:13:44.129442,3
1748,9,P21,no,1,0.5242860391551858,0.4791787146272571,0.47225076494548685,1536,1540,2026-06-01 14:13:44.144840,3
1749,9,P04,yes,2,0.9583601020399328,0.47225076494548685,0.4861146822539951,1538,1540,2026-06-01 14:13:44.154768,3
1750,9,P09,no,2,-1.0138871031335839,0.4861146822539951,0.5,1538,1538,2026-06-01 14:13:44.157567,3
1751,9,P05,yes,1,-0.4965278894046605,0.5,0.49305600205173933,1537,1538,2026-06-01 14:13:44.203483,3
1051,8,P23,yes,1,-0.5655909891554529,0.5690013325681905,0.5621765008857981,1298,1289,2026-06-01 14:13:44.227135,3
1752,9,P04,yes,3,1.5104149925382444,0.49305600205173933,0.5138853177460049,1540,1538,2026-06-01 14:13:44.259578,3
1052,8,P13,no,7,3.2333664876532566,0.5621765008857981,0.5138853177460049,1298,1296,2026-06-01 14:13:44.304285,3
2390,10,P04,yes,1,0.7057822802053124,0.702892745013669,0.7086608250294356,1765,1733,2026-06-01 14:13:44.314475,3
2391,10,P04,yes,1,0.7115172104934118,0.7086608250294356,0.7143624294910559,1766,1733,2026-06-01 14:13:44.352801,3
2392,10,P19,no,1,0.28848278950658823,0.7143624294910559,0.7086608250294356,1766,1734,2026-06-01 14:13:44.354895,3
1753,9,P21,yes,4,-2.0,0.5138853177460049,0.4861146822539951,1536,1538,2026-06-01 14:13:44.358691,3
2393,10,P05,no,10,-2.638098889195362,0.7086608250294356,0.7625419716560975,1766,1724,2026-06-01 14:13:44.363916,3
1754,9,P04,yes,7,3.572848771604413,0.4861146822539951,0.534666513353404,1543,1538,2026-06-01 14:13:44.369015,3
2394,10,P22,no,10,2.638098889195362,0.7625419716560975,0.7086608250294356,1766,1734,2026-06-01 14:13:44.371613,3
1755,9,P09,yes,3,1.6350305998353178,0.534666513353404,0.555328055262369,1546,1538,2026-06-01 14:13:44.426879,3
2395,10,P19,no,12,3.927068210716925,0.7086608250294356,0.6354235592583607,1766,1746,2026-06-01 14:13:44.443647,3
1756,9,P05,no,7,3.281705636022025,0.555328055262369,0.5069439979482607,1546,1545,2026-06-01 14:13:44.448393,3
1053,8,P09,yes,3,1.5728487716041855,0.5138853177460049,0.534666513353404,1301,1296,2026-06-01 14:13:44.490038,3
1757,9,P09,no,1,-0.4895850074617556,0.5069439979482607,0.5138853177460049,1546,1544,2026-06-01 14:13:44.519226,3
2396,10,P04,yes,1,0.6386329165168263,0.6354235592583607,0.6418340450887311,1767,1746,2026-06-01 14:13:44.550939,3
1758,9,P05,yes,1,-0.5104149925384718,0.5138853177460049,0.5069439979482607,1545,1544,2026-06-01 14:13:44.603716,3
1759,9,P04,yes,1,0.5104149925384718,0.5069439979482607,0.5138853177460049,1546,1544,2026-06-01 14:13:44.683775,3
2835,11,P14,no,5,1.3314643366538803,0.7471242672706695,0.7199965396446176,1875,1841,2026-06-01 14:13:44.703911,3
2397,10,P05,yes,9,6.028535177260892,0.6418340450887311,0.6970592839654074,1776,1746,2026-06-01 14:13:44.721975,3
420,7,P09,no,6,1.7832317086024432,0.7199965396446176,0.6852009766653157,931,903,2026-06-01 14:13:44.730041,3
1054,8,P03,no,1,0.4687911263558817,0.534666513353404,0.5277492350545132,1301,1297,2026-06-01 14:13:44.750518,3
2398,10,P04,yes,1,0.6999814153000443,0.6970592839654074,0.702892745013669,1777,1746,2026-06-01 14:13:44.750647,3
421,7,P19,yes,1,0.6881864875826977,0.6852009766653157,0.6911616123625146,932,903,2026-06-01 14:13:44.755499,3
1760,9,P05,no,1,0.4895850074617556,0.5138853177460049,0.5069439979482607,1546,1545,2026-06-01 14:13:44.756928,3
2399,10,P09,yes,1,0.7057822802053124,0.702892745013669,0.7086608250294356,1778,1746,2026-06-01 14:13:44.777950,3
2400,10,P05,no,2,-0.571297639958857,0.7086608250294356,0.7199965396446176,1778,1744,2026-06-01 14:13:44.818308,3
1761,9,P05,yes,13,-6.005769921934643,0.5069439979482607,0.41742979353768533,1533,1545,2026-06-01 14:13:44.838289,3
1762,9,P17,yes,2,0.8484094159748565,0.41742979353768533,0.4309986674318095,1535,1545,2026-06-01 14:13:44.839779,3
1763,9,P11,yes,1,0.4344090108445471,0.4309986674318095,0.4378234991142019,1536,1545,2026-06-01 14:13:44.863662,3
1764,9,P19,yes,5,2.275006385613551,0.4378234991142019,0.47225076494548685,1541,1545,2026-06-01 14:13:44.873751,3
1055,8,P10,no,6,-2.7094153964580983,0.5277492350545132,0.5690013325681905,1301,1291,2026-06-01 14:13:44.882738,3
1765,9,P21,yes,13,-5.5612421462403745,0.47225076494548685,0.3840904084564866,1528,1545,2026-06-01 14:13:44.894038,3
2401,10,P09,no,3,-0.815121093914513,0.7199965396446176,0.736484844941675,1778,1741,2026-06-01 14:13:44.895244,3
1766,9,P15,yes,8,3.2862357606268233,0.3840904084564866,0.4378234991142019,1536,1545,2026-06-01 14:13:44.896536,3
1767,9,P01,yes,13,6.275006385613551,0.4378234991142019,0.5277492350545132,1549,1545,2026-06-01 14:13:44.918666,3
2402,10,P03,no,6,1.6806364536678302,0.736484844941675,0.702892745013669,1778,1747,2026-06-01 14:13:44.920717,3
1056,8,P03,no,1,0.4344090108445471,0.5690013325681905,0.5621765008857981,1301,1292,2026-06-01 14:13:44.951191,3
2836,11,P18,no,5,-1.3314643366538803,0.7199965396446176,0.7471242672706695,1875,1836,2026-06-01 14:13:44.976310,3
2403,10,P18,no,18,6.345108372539471,0.702892745013669,0.5893093760914265,1778,1765,2026-06-01 14:13:44.991448,3
1057,8,P22,no,1,0.4412458590929873,0.5621765008857981,0.555328055262369,1301,1293,2026-06-01 14:13:45.010279,3
1768,9,P18,no,1,0.4757139608450416,0.5277492350545132,0.520821285372743,1549,1546,2026-06-01 14:13:45.028738,3
2404,10,P07,yes,1,0.5926651615213814,0.5893093760914265,0.5960151933265168,1779,1765,2026-06-01 14:13:45.030846,3
422,7,P23,yes,1,0.6941157482680183,0.6911616123625146,0.6970592839654074,933,903,2026-06-01 14:13:45.036748,3
1769,9,P18,no,12,-5.255577805411576,0.520821285372743,0.6026853379784917,1549,1534,2026-06-01 14:13:45.045948,3
2405,10,P02,yes,2,1.2053580284189138,0.5960151933265168,0.6093175418435606,1781,1765,2026-06-01 14:13:45.074685,3
1770,9,P21,no,1,0.4006466663070114,0.6026853379784917,0.5960151933265168,1549,1535,2026-06-01 14:13:45.078090,3
1771,9,P11,no,1,0.4073348384786186,0.5960151933265168,0.5893093760914265,1549,1536,2026-06-01 14:13:45.087933,3
1772,9,P21,no,4,1.6968759541675809,0.5893093760914265,0.5621765008857981,1549,1540,2026-06-01 14:13:45.089504,3
1773,9,P11,no,1,0.4412458590929873,0.5621765008857981,0.555328055262369,1549,1541,2026-06-01 14:13:45.098634,3
2406,10,P19,yes,3,1.8575208633410512,0.6093175418435606,0.6289646649499733,1784,1765,2026-06-01 14:13:45.114197,3
1058,8,P19,yes,2,-1.0969108831443464,0.555328055262369,0.5415704832167999,1299,1293,2026-06-01 14:13:45.132758,3
1059,8,P20,no,1,0.4618802833092559,0.5415704832167999,0.534666513353404,1299,1294,2026-06-01 14:13:45.134818,3
1774,9,P22,yes,14,-7.096910883144574,0.555328055262369,0.45842951678320015,1535,1541,2026-06-01 14:13:45.156016,3
2407,10,P18,yes,1,0.6321980651016474,0.6289646649499733,0.6354235592583607,1785,1765,2026-06-01 14:13:45.156175,3
1775,9,P20,yes,3,1.4063853705099518,0.45842951678320015,0.4791787146272571,1538,1541,2026-06-01 14:13:45.157541,3
2408,10,P08,yes,3,1.9350039736723375,0.6354235592583607,0.6545022492518787,1788,1765,2026-06-01 14:13:45.157773,3
1060,8,P09,no,1,0.4687911263558817,0.534666513353404,0.5277492350545132,1299,1295,2026-06-01 14:13:45.182867,3
1776,9,P21,no,7,3.8148706426970875,0.4791787146272571,0.4309986674318095,1538,1548,2026-06-01 14:13:45.186424,3
2409,10,P18,yes,13,-7.9602791487322975,0.6545022492518787,0.5690013325681905,1775,1765,2026-06-01 14:13:45.217608,3
2410,10,P15,yes,1,0.5724029720013277,0.5690013325681905,0.5758000536158003,1776,1765,2026-06-01 14:13:45.218811,3
1777,9,P13,yes,9,4.157360505959559,0.4309986674318095,0.49305600205173933,1547,1548,2026-06-01 14:13:45.224447,3
2411,10,P02,no,2,-0.8348699153243615,0.5758000536158003,0.5893093760914265,1776,1763,2026-06-01 14:13:45.226967,3
2412,10,P03,no,1,-0.40733483847839125,0.5893093760914265,0.5960151933265168,1776,1762,2026-06-01 14:13:45.272954,3
2837,11,P14,no,1,0.25551174028669266,0.7471242672706695,0.7418402904888368,1875,1837,2026-06-01 14:13:45.281071,3
1061,8,P18,yes,1,-0.5242860391551858,0.5277492350545132,0.520821285372743,1298,1295,2026-06-01 14:13:45.291477,3
1778,9,P04,no,5,-2.4479451095016884,0.49305600205173933,0.5277492350545132,1547,1543,2026-06-01 14:13:45.294267,3
2413,10,P22,no,1,-0.40064666630746615,0.5960151933265168,0.6026853379784917,1776,1761,2026-06-01 14:13:45.301926,3
2838,11,P18,yes,1,0.7444882597133073,0.7418402904888368,0.7471242672706695,1876,1837,2026-06-01 14:13:45.309712,3
2414,10,P11,yes,1,0.6060046947259252,0.6026853379784917,0.6093175418435606,1777,1761,2026-06-01 14:13:45.372779,3
2415,10,P23,yes,1,0.6126170036004623,0.6093175418435606,0.6159095915435134,1778,1761,2026-06-01 14:13:45.399666,3
2416,10,P17,no,1,-0.38081192452750656,0.6159095915435134,0.6224593312018546,1778,1760,2026-06-01 14:13:45.405253,3
2417,10,P02,yes,1,0.6257157842683227,0.6224593312018546,0.6289646649499733,1779,1760,2026-06-01 14:13:45.447819,3
1779,9,P20,no,11,5.614344531438519,0.5277492350545132,0.4515414720267231,1547,1554,2026-06-01 14:13:45.515319,3
1780,9,P18,yes,7,3.33012846746783,0.4515414720267231,0.5,1554,1554,2026-06-01 14:13:45.549767,3
1062,8,P18,yes,1,-0.5173538588051088,0.520821285372743,0.5138853177460049,1297,1295,2026-06-01 14:13:45.591496,3
1781,9,P21,yes,6,-2.875144408571259,0.5,0.45842951678320015,1548,1554,2026-06-01 14:13:45.610115,3
2418,10,P13,no,13,-4.294870145615278,0.6289646649499733,0.7086608250294356,1779,1747,2026-06-01 14:13:45.647522,3
2419,10,P03,no,1,0.2942177197944602,0.7086608250294356,0.702892745013669,1779,1748,2026-06-01 14:13:45.676106,3
2420,10,P02,no,7,-1.9414679561202774,0.702892745013669,0.7418402904888368,1779,1741,2026-06-01 14:13:45.680022,3
2421,10,P07,no,12,3.500846988773901,0.7418402904888368,0.6730961777222321,1779,1753,2026-06-01 14:13:45.686291,3
1782,9,P20,yes,1,0.4618802833090285,0.45842951678320015,0.46533348664659613,1549,1554,2026-06-01 14:13:45.701690,3
1783,9,P11,yes,1,0.4687911263558817,0.46533348664659613,0.47225076494548685,1550,1554,2026-06-01 14:13:45.702244,3
2839,11,P14,yes,2,-1.4836567572604054,0.7471242672706695,0.736484844941675,1874,1837,2026-06-01 14:13:45.750503,3
2840,11,P09,no,3,-0.766606983758038,0.736484844941675,0.7523361988609284,1874,1834,2026-06-01 14:13:45.814343,3
2422,10,P05,yes,1,0.6761423985515194,0.6730961777222321,0.679178699175393,1780,1753,2026-06-01 14:13:45.820348,3
1784,9,P21,yes,5,-2.275006385613551,0.47225076494548685,0.4378234991142019,1545,1554,2026-06-01 14:13:45.853359,3
2841,11,P14,no,5,1.3045131940348256,0.7523361988609284,0.7255622121589215,1874,1839,2026-06-01 14:13:45.867277,3
1785,9,P19,no,1,-0.5587541409070127,0.4378234991142019,0.444671944737631,1545,1553,2026-06-01 14:13:45.873670,3
1786,9,P04,yes,6,2.792120628560724,0.444671944737631,0.4861146822539951,1551,1553,2026-06-01 14:13:45.876655,3
2423,10,P09,yes,1,0.682194917643983,0.679178699175393,0.6852009766653157,1781,1753,2026-06-01 14:13:45.879203,3
2424,10,P22,no,1,0.317805082356017,0.6852009766653157,0.679178699175393,1781,1754,2026-06-01 14:13:45.901898,3
1063,8,P09,no,2,-0.9583601020399328,0.5138853177460049,0.5277492350545132,1297,1293,2026-06-01 14:13:45.943394,3
2425,10,P19,no,1,0.32385760144848064,0.679178699175393,0.6730961777222321,1781,1755,2026-06-01 14:13:46.018202,3
1064,8,P18,yes,1,-0.5242860391551858,0.5277492350545132,0.520821285372743,1296,1293,2026-06-01 14:13:46.045237,3
2426,10,P05,no,1,-0.32385760144848064,0.6730961777222321,0.679178699175393,1781,1754,2026-06-01 14:13:46.054716,3
1787,9,P04,no,1,-0.5104149925384718,0.4861146822539951,0.49305600205173933,1551,1552,2026-06-01 14:13:46.068973,3
2427,10,P18,yes,7,-4.602670940282678,0.679178699175393,0.6354235592583607,1774,1754,2026-06-01 14:13:46.100610,3
2842,11,P18,yes,1,0.7283162051155614,0.7255622121589215,0.7310585786300049,1875,1839,2026-06-01 14:13:46.126577,3
1065,8,P10,no,1,-0.4757139608448142,0.520821285372743,0.5277492350545132,1296,1292,2026-06-01 14:13:46.136659,3
1788,9,P05,no,11,5.994230078065357,0.49305600205173933,0.41742979353768533,1551,1563,2026-06-01 14:13:46.166985,3
2428,10,P09,no,8,-2.715134142073339,0.6354235592583607,0.6852009766653157,1774,1746,2026-06-01 14:13:46.195463,3
1789,9,P03,no,1,-0.5791876120238157,0.41742979353768533,0.4241999463841996,1551,1562,2026-06-01 14:13:46.198203,3
1790,9,P08,yes,3,1.3032518979362067,0.4241999463841996,0.444671944737631,1554,1562,2026-06-01 14:13:46.223577,3
1791,9,P20,yes,1,0.44810505795908284,0.444671944737631,0.4515414720267231,1555,1562,2026-06-01 14:13:46.289751,3
2429,10,P03,yes,1,-0.682194917643983,0.6852009766653157,0.679178699175393,1773,1746,2026-06-01 14:13:46.316189,3
2430,10,P21,yes,4,2.7644785687950844,0.679178699175393,0.702892745013669,1777,1746,2026-06-01 14:13:46.331146,3
1792,9,P19,yes,5,2.3440155706016412,0.4515414720267231,0.4861146822539951,1560,1562,2026-06-01 14:13:46.331480,3
2431,10,P19,no,1,0.3000185846999557,0.702892745013669,0.6970592839654074,1777,1747,2026-06-01 14:13:46.349118,3
2843,11,P09,yes,1,0.7337775846076511,0.7310585786300049,0.736484844941675,1876,1839,2026-06-01 14:13:46.420616,3
1793,9,P04,no,2,-1.0138871031338113,0.4861146822539951,0.5,1560,1560,2026-06-01 14:13:46.427602,3
2432,10,P18,no,1,-0.3000185846999557,0.6970592839654074,0.702892745013669,1777,1746,2026-06-01 14:13:46.444702,3
2844,11,P18,no,1,-0.2608315024526746,0.736484844941675,0.7418402904888368,1876,1838,2026-06-01 14:13:46.525826,3
1794,9,P05,yes,1,-0.4965278894046605,0.5,0.49305600205173933,1559,1560,2026-06-01 14:13:46.536001,3
2433,10,P19,yes,1,-0.6999814153000443,0.702892745013669,0.6970592839654074,1776,1746,2026-06-01 14:13:46.639393,3
2434,10,P03,no,1,0.30588425173186806,0.6970592839654074,0.6911616123625146,1776,1747,2026-06-01 14:13:46.663351,3
2435,10,P21,no,2,-0.6059028364318237,0.6911616123625146,0.702892745013669,1776,1745,2026-06-01 14:13:46.695815,3
1795,9,P21,no,12,6.580172550717407,0.49305600205173933,0.41069062390857347,1559,1572,2026-06-01 14:13:46.705448,3
1796,9,P22,yes,1,0.41405752734794987,0.41069062390857347,0.41742979353768533,1560,1572,2026-06-01 14:13:46.719758,3
1797,9,P03,yes,1,0.42081238797618425,0.41742979353768533,0.4241999463841996,1561,1572,2026-06-01 14:13:46.767836,3
2436,10,P19,no,1,0.3000185846999557,0.702892745013669,0.6970592839654074,1776,1746,2026-06-01 14:13:46.777250,3
2437,10,P09,yes,5,-3.4106699177480095,0.6970592839654074,0.6669548851735586,1771,1746,2026-06-01 14:13:46.803939,3
2438,10,P21,yes,1,0.6700303657014501,0.6669548851735586,0.6730961777222321,1772,1746,2026-06-01 14:13:46.823297,3
1798,9,P09,yes,2,0.8620060388432194,0.4241999463841996,0.4378234991142019,1563,1572,2026-06-01 14:13:46.830623,3
2845,11,P14,yes,1,-0.7391684975473254,0.7418402904888368,0.736484844941675,1875,1838,2026-06-01 14:13:46.912775,3
2439,10,P21,no,11,-3.240015486321454,0.6730961777222321,0.736484844941675,1772,1735,2026-06-01 14:13:46.934889,3
1799,9,P22,yes,3,1.344334975948641,0.4378234991142019,0.45842951678320015,1566,1572,2026-06-01 14:13:46.958306,3
1800,9,P04,yes,3,1.4063853705097245,0.45842951678320015,0.4791787146272571,1569,1572,2026-06-01 14:13:46.970126,3
1801,9,P05,yes,11,-4.8549311391043375,0.4791787146272571,0.4039848066734832,1558,1572,2026-06-01 14:13:46.973060,3
2440,10,P23,no,1,0.2662224153923489,0.736484844941675,0.7310585786300049,1772,1736,2026-06-01 14:13:46.995479,3
2441,10,P19,no,1,0.271683794884666,0.7310585786300049,0.7255622121589215,1772,1737,2026-06-01 14:13:47.021120,3
1802,9,P11,no,12,-6.662422719700544,0.4039848066734832,0.4861146822539951,1558,1560,2026-06-01 14:13:47.027513,3
2442,10,P21,yes,3,2.2012622872703105,0.7255622121589215,0.7418402904888368,1775,1737,2026-06-01 14:13:47.033871,3
1803,9,P04,no,3,-1.5104149925382444,0.4861146822539951,0.5069439979482607,1558,1557,2026-06-01 14:13:47.043628,3
1066,8,P18,yes,1,0.5312088736441183,0.5277492350545132,0.534666513353404,1297,1292,2026-06-01 14:13:47.046749,3
423,7,P18,yes,1,-0.6941157482680183,0.6970592839654074,0.6911616123625146,932,903,2026-06-01 14:13:47.055271,3
2846,11,P14,yes,13,-9.093875208589225,0.736484844941675,0.6607563687658172,1862,1838,2026-06-01 14:13:47.073913,3
2847,11,P20,no,6,-1.9254697530432168,0.6607563687658172,0.6970592839654074,1862,1832,2026-06-01 14:13:47.082995,3
1804,9,P21,yes,6,-2.91673623585757,0.5069439979482607,0.46533348664659613,1552,1557,2026-06-01 14:13:47.091637,3
1805,9,P05,no,1,0.5381197166909715,0.46533348664659613,0.45842951678320015,1552,1558,2026-06-01 14:13:47.116425,3
1806,9,P21,yes,1,-0.4549840588965708,0.45842951678320015,0.4515414720267231,1551,1558,2026-06-01 14:13:47.144300,3
1067,8,P10,yes,1,0.5381197166909715,0.534666513353404,0.5415704832167999,1298,1292,2026-06-01 14:13:47.145203,3
2848,11,P03,no,1,-0.3000185846997283,0.6970592839654074,0.702892745013669,1862,1831,2026-06-01 14:13:47.160230,3
2849,11,P22,no,5,-1.4144140382757087,0.702892745013669,0.7310585786300049,1862,1826,2026-06-01 14:13:47.168516,3
2443,10,P23,no,11,3.176989387325648,0.7418402904888368,0.679178699175393,1775,1748,2026-06-01 14:13:47.213974,3
1807,9,P18,no,4,2.2486430441047105,0.4515414720267231,0.4241999463841996,1551,1562,2026-06-01 14:13:47.214192,3
424,7,P09,no,11,3.769033805120557,0.6911616123625146,0.6224593312018546,932,914,2026-06-01 14:13:47.235607,3
425,7,P01,yes,2,1.2579138493698565,0.6224593312018546,0.6354235592583607,934,914,2026-06-01 14:13:47.241206,3
2850,11,P09,no,2,-0.5270539178450235,0.7310585786300049,0.7418402904888368,1862,1824,2026-06-01 14:13:47.242278,3
426,7,P23,yes,1,0.6386329165170537,0.6354235592583607,0.6418340450887311,935,914,2026-06-01 14:13:47.244939,3
2444,10,P09,no,3,0.9899669065382568,0.679178699175393,0.6607563687658172,1775,1751,2026-06-01 14:13:47.249070,3
2445,10,P09,no,5,1.7751640880774175,0.6607563687658172,0.6289646649499733,1775,1756,2026-06-01 14:13:47.279743,3
1068,8,P10,no,1,-0.4549840588963434,0.5415704832167999,0.548458527973277,1298,1291,2026-06-01 14:13:47.288411,3
1808,9,P22,yes,1,0.4275970279986723,0.4241999463841996,0.4309986674318095,1552,1562,2026-06-01 14:13:47.292825,3
1809,9,P21,no,5,2.9295515518915636,0.4309986674318095,0.3973146620215083,1552,1567,2026-06-01 14:13:47.321865,3
1810,9,P04,yes,2,0.80798150478563,0.3973146620215083,0.41069062390857347,1554,1567,2026-06-01 14:13:47.344344,3
2446,10,P01,yes,5,3.224835911922355,0.6289646649499733,0.6607563687658172,1780,1756,2026-06-01 14:13:47.350171,3
1811,9,P12,yes,1,0.4140575273477225,0.41069062390857347,0.41742979353768533,1555,1567,2026-06-01 14:13:47.354697,3
1069,8,P10,yes,6,3.4137731287805764,0.548458527973277,0.5893093760914265,1304,1291,2026-06-01 14:13:47.358668,3
1070,8,P17,no,1,0.4140575273474951,0.5893093760914265,0.5825702064623147,1304,1292,2026-06-01 14:13:47.363201,3
1812,9,P11,yes,1,0.42081238797641163,0.41742979353768533,0.4241999463841996,1556,1567,2026-06-01 14:13:47.384541,3
2851,11,P14,no,13,3.8308166230726783,0.7418402904888368,0.6669548851735586,1862,1837,2026-06-01 14:13:47.399561,3
2852,11,P01,yes,1,0.6700303657014501,0.6669548851735586,0.6730961777222321,1863,1837,2026-06-01 14:13:47.402389,3
1813,9,P04,yes,2,0.8620060388434467,0.4241999463841996,0.4378234991142019,1558,1567,2026-06-01 14:13:47.404930,3
1814,9,P13,yes,8,3.722951495115012,0.4378234991142019,0.49305600205173933,1566,1567,2026-06-01 14:13:47.418352,3
1071,8,P23,no,1,0.42081238797641163,0.5825702064623147,0.5758000536158003,1304,1293,2026-06-01 14:13:47.422179,3
427,7,P12,no,14,-4.4142136508304475,0.6418340450887311,0.7255622121589215,935,900,2026-06-01 14:13:47.428446,3
428,7,P09,no,3,0.8485125235965825,0.7255622121589215,0.7086608250294356,935,903,2026-06-01 14:13:47.484893,3
2447,10,P21,yes,1,0.6638603292090011,0.6607563687658172,0.6669548851735586,1781,1756,2026-06-01 14:13:47.489367,3
2853,11,P14,no,8,2.815557608898871,0.6730961777222321,0.6224593312018546,1863,1845,2026-06-01 14:13:47.492863,3
2854,11,P22,yes,1,0.6257157842683227,0.6224593312018546,0.6289646649499733,1864,1845,2026-06-01 14:13:47.540826,3
1815,9,P21,no,1,0.5104149925382444,0.49305600205173933,0.4861146822539951,1566,1568,2026-06-01 14:13:47.564022,3
1072,8,P01,yes,1,-0.5724029720011004,0.5758000536158003,0.5690013325681905,1303,1293,2026-06-01 14:13:47.592279,3
2448,10,P05,no,1,-0.32996963429854986,0.6669548851735586,0.6730961777222321,1781,1755,2026-06-01 14:13:47.635093,3
2855,11,P17,no,8,-2.7651309946156744,0.6289646649499733,0.679178699175393,1864,1837,2026-06-01 14:13:47.638048,3
2449,10,P05,yes,1,0.6761423985515194,0.6730961777222321,0.679178699175393,1782,1755,2026-06-01 14:13:47.651669,3
1073,8,P18,no,1,-0.42759702799889965,0.5690013325681905,0.5758000536158003,1303,1292,2026-06-01 14:13:47.662396,3
2856,11,P14,no,1,0.32385760144848064,0.679178699175393,0.6730961777222321,1864,1838,2026-06-01 14:13:47.726339,3
1074,8,P10,no,5,-2.0368467253840663,0.5758000536158003,0.6093175418435606,1303,1287,2026-06-01 14:13:47.727924,3
1075,8,P20,no,1,0.39399530527430215,0.6093175418435606,0.6026853379784917,1303,1288,2026-06-01 14:13:47.773875,3
1816,9,P21,yes,2,-0.9583601020397055,0.4861146822539951,0.47225076494548685,1564,1568,2026-06-01 14:13:47.782496,3
1076,8,P03,no,1,0.4006466663070114,0.6026853379784917,0.5960151933265168,1303,1289,2026-06-01 14:13:47.787469,3
1077,8,P01,yes,3,-1.7577952461970199,0.5960151933265168,0.5758000536158003,1300,1289,2026-06-01 14:13:47.799346,3
1817,9,P05,no,1,0.5312088736441183,0.47225076494548685,0.46533348664659613,1564,1569,2026-06-01 14:13:47.801015,3
1818,9,P05,no,8,4.49690878657475,0.46533348664659613,0.41069062390857347,1564,1577,2026-06-01 14:13:47.843034,3
1078,8,P19,no,1,0.4275970279986723,0.5758000536158003,0.5690013325681905,1300,1290,2026-06-01 14:13:47.846503,3
2857,11,P08,yes,17,12.273348974402097,0.6730961777222321,0.7675350070438758,1881,1838,2026-06-01 14:13:47.868711,3
2858,11,P16,yes,1,-0.7650446160455431,0.7675350070438758,0.7625419716560975,1880,1838,2026-06-01 14:13:47.872576,3
1819,9,P20,no,1,-0.5859424726522775,0.41069062390857347,0.41742979353768533,1564,1576,2026-06-01 14:13:47.883277,3
1820,9,P21,no,2,1.1786076341738863,0.41742979353768533,0.4039848066734832,1564,1578,2026-06-01 14:13:47.912202,3
1821,9,P03,yes,1,0.40733483847839125,0.4039848066734832,0.41069062390857347,1565,1578,2026-06-01 14:13:47.961061,3
1822,9,P05,yes,1,-0.40733483847839125,0.41069062390857347,0.4039848066734832,1564,1578,2026-06-01 14:13:47.995437,3
1079,8,P11,no,1,0.4344090108445471,0.5690013325681905,0.5621765008857981,1300,1291,2026-06-01 14:13:48.016573,3
2859,11,P14,no,1,0.23998512580601528,0.7625419716560975,0.7574755792628283,1880,1839,2026-06-01 14:13:48.023441,3
2450,10,P21,no,11,-3.176989387325648,0.679178699175393,0.7418402904888368,1782,1744,2026-06-01 14:13:48.050177,3
1823,9,P13,yes,2,0.8213923658261137,0.4039848066734832,0.41742979353768533,1566,1578,2026-06-01 14:13:48.076555,3
1080,8,P18,yes,1,-0.5587541409070127,0.5621765008857981,0.555328055262369,1299,1291,2026-06-01 14:13:48.090073,3
429,7,P09,no,2,0.5942363044943022,0.7086608250294356,0.6970592839654074,935,905,2026-06-01 14:13:48.095998,3
1824,9,P20,yes,1,0.420812387976639,0.41742979353768533,0.4241999463841996,1567,1578,2026-06-01 14:13:48.096838,3
1081,8,P09,yes,5,2.861878186739659,0.555328055262369,0.5893093760914265,1304,1291,2026-06-01 14:13:48.135616,3
1825,9,P11,yes,7,3.1370124244567705,0.4241999463841996,0.47225076494548685,1574,1578,2026-06-01 14:13:48.142151,3
2451,10,P21,no,5,-1.2258040368237744,0.7418402904888368,0.7675350070438758,1782,1739,2026-06-01 14:13:48.170194,3
2860,11,P14,no,1,0.2450880457583935,0.7574755792628283,0.7523361988609284,1880,1840,2026-06-01 14:13:48.171646,3
1082,8,P11,yes,4,-2.3031240458326465,0.5893093760914265,0.5621765008857981,1300,1291,2026-06-01 14:13:48.174383,3
430,7,P18,no,3,0.9355028465051873,0.6970592839654074,0.679178699175393,935,908,2026-06-01 14:13:48.215389,3
1083,8,P10,yes,1,0.5655909891552255,0.5621765008857981,0.5690013325681905,1301,1291,2026-06-01 14:13:48.218741,3
1084,8,P10,yes,1,0.5724029720013277,0.5690013325681905,0.5758000536158003,1302,1291,2026-06-01 14:13:48.228900,3
2861,11,P14,no,1,0.250263741018216,0.7523361988609284,0.7471242672706695,1880,1841,2026-06-01 14:13:48.229107,3
2452,10,P21,yes,1,0.7700008441133832,0.7675350070438758,0.7724543828071839,1783,1739,2026-06-01 14:13:48.245640,3
2862,11,P09,no,2,0.5163432427393673,0.7471242672706695,0.736484844941675,1880,1843,2026-06-01 14:13:48.259442,3
2453,10,P21,yes,2,1.5545750310229778,0.7724543828071839,0.7820712676154848,1785,1739,2026-06-01 14:13:48.282208,3
1085,8,P10,no,1,-0.42081238797618425,0.5758000536158003,0.5825702064623147,1302,1290,2026-06-01 14:13:48.304096,3
2454,10,P05,no,11,-2.127221630668828,0.7820712676154848,0.8296760813561542,1785,1728,2026-06-01 14:13:48.328492,3
1086,8,P13,no,1,0.42081238797618425,0.5825702064623147,0.5758000536158003,1302,1291,2026-06-01 14:13:48.330757,3
2455,10,P05,no,2,-0.33289261948129933,0.8296760813561542,0.8373836916384682,1785,1726,2026-06-01 14:13:48.339920,3
1826,9,P18,yes,1,0.4757139608448142,0.47225076494548685,0.4791787146272571,1575,1578,2026-06-01 14:13:48.353830,3
2456,10,P21,yes,1,0.8392631789167808,0.8373836916384682,0.8411308951190849,1786,1726,2026-06-01 14:13:48.361984,3
2457,10,P16,no,12,2.19436330290182,0.8411308951190849,0.791391472673955,1786,1738,2026-06-01 14:13:48.379739,3
2458,10,P03,no,1,0.2109138319099202,0.791391472673955,0.7867684891624728,1786,1739,2026-06-01 14:13:48.400007,3
2459,10,P15,no,5,1.1259534452399294,0.7867684891624728,0.7625419716560975,1786,1744,2026-06-01 14:13:48.428895,3
2460,10,P08,no,1,0.23998512580601528,0.7625419716560975,0.7574755792628283,1786,1745,2026-06-01 14:13:48.469686,3
2461,10,P09,yes,2,1.525059490239073,0.7574755792628283,0.7675350070438758,1788,1745,2026-06-01 14:13:48.480340,3
2462,10,P01,no,6,1.4866355392766764,0.7675350070438758,0.736484844941675,1788,1751,2026-06-01 14:13:48.544254,3
1087,8,P10,no,3,-1.2422047538027527,0.5758000536158003,0.5960151933265168,1302,1288,2026-06-01 14:13:48.551905,3
2463,10,P05,yes,1,0.7391684975473254,0.736484844941675,0.7418402904888368,1789,1751,2026-06-01 14:13:48.562025,3
2863,11,P14,no,1,0.2662224153923489,0.736484844941675,0.7310585786300049,1880,1844,2026-06-01 14:13:48.566599,3
1088,8,P19,yes,13,-7.172837712238788,0.5960151933265168,0.5069439979482607,1289,1288,2026-06-01 14:13:48.569660,3
1827,9,P05,no,1,0.5242860391551858,0.4791787146272571,0.47225076494548685,1575,1579,2026-06-01 14:13:48.572706,3
2464,10,P05,yes,2,1.494224518694864,0.7418402904888368,0.7523361988609284,1791,1751,2026-06-01 14:13:48.594197,3
1089,8,P09,no,6,3.08326376414243,0.5069439979482607,0.46533348664659613,1289,1294,2026-06-01 14:13:48.644056,3
1090,8,P24,yes,1,0.4687911263558817,0.46533348664659613,0.47225076494548685,1290,1294,2026-06-01 14:13:48.654830,3
2465,10,P20,no,4,1.0328293991501596,0.7523361988609284,0.7310585786300049,1791,1755,2026-06-01 14:13:48.666672,3
1091,8,P10,yes,2,0.9583601020399328,0.47225076494548685,0.4861146822539951,1292,1294,2026-06-01 14:13:48.687746,3
2466,10,P12,yes,6,-4.285567377024336,0.7310585786300049,0.6970592839654074,1785,1755,2026-06-01 14:13:48.703487,3
2864,11,P18,yes,8,-5.667869612875393,0.7310585786300049,0.6852009766653157,1872,1844,2026-06-01 14:13:48.730248,3
1092,8,P20,yes,1,0.4895850074617556,0.4861146822539951,0.49305600205173933,1293,1294,2026-06-01 14:13:48.774331,3
2467,10,P05,no,12,-3.2323351936900053,0.6970592839654074,0.7625419716560975,1785,1743,2026-06-01 14:13:48.804130,3
2468,10,P05,yes,4,3.0896204911816767,0.7625419716560975,0.7820712676154848,1789,1743,2026-06-01 14:13:48.831617,3
2865,11,P03,yes,5,3.499583141849598,0.6852009766653157,0.7143624294910559,1877,1844,2026-06-01 14:13:48.854670,3
1828,9,P05,yes,5,-2.275006385613551,0.47225076494548685,0.4378234991142019,1570,1579,2026-06-01 14:13:48.912187,3
2469,10,P03,yes,14,-10.451521601986315,0.7820712676154848,0.7086608250294356,1775,1743,2026-06-01 14:13:48.916301,3
2866,11,P14,yes,19,-12.479525956637644,0.7143624294910559,0.5960151933265168,1858,1844,2026-06-01 14:13:48.922716,3
1093,8,P17,yes,13,6.994230078065129,0.49305600205173933,0.5825702064623147,1306,1294,2026-06-01 14:13:48.941282,3
1829,9,P05,no,4,2.3031240458326465,0.4378234991142019,0.41069062390857347,1570,1583,2026-06-01 14:13:48.971051,3
2867,11,P07,yes,1,0.5993533336925339,0.5960151933265168,0.6026853379784917,1859,1844,2026-06-01 14:13:48.986416,3
1830,9,P11,yes,1,0.4140575273474951,0.41069062390857347,0.41742979353768533,1571,1583,2026-06-01 14:13:48.989066,3
2470,10,P21,yes,1,0.7115172104934118,0.7086608250294356,0.7143624294910559,1776,1743,2026-06-01 14:13:48.997765,3
1094,8,P20,yes,5,-2.827830656128299,0.5825702064623147,0.548458527973277,1301,1294,2026-06-01 14:13:49.016517,3
2868,11,P16,yes,13,8.380589481095512,0.6026853379784917,0.6852009766653157,1872,1844,2026-06-01 14:13:49.018183,3
1095,8,P09,no,4,-1.7513569558952895,0.548458527973277,0.5758000536158003,1301,1290,2026-06-01 14:13:49.019352,3
2869,11,P18,no,6,1.9987854611404146,0.6852009766653157,0.6481942198637447,1872,1850,2026-06-01 14:13:49.023989,3
1096,8,P09,no,1,0.4275970279986723,0.5758000536158003,0.5690013325681905,1301,1291,2026-06-01 14:13:49.028411,3
2870,11,P17,no,7,-2.310598973557717,0.6481942198637447,0.6911616123625146,1872,1843,2026-06-01 14:13:49.046960,3
1831,9,P20,yes,9,4.033538773277996,0.41742979353768533,0.4791787146272571,1580,1583,2026-06-01 14:13:49.059406,3
2871,11,P23,yes,1,0.6941157482681319,0.6911616123625146,0.6970592839654074,1873,1843,2026-06-01 14:13:49.061854,3
1097,8,P03,no,3,1.3237599278966172,0.5690013325681905,0.548458527973277,1301,1294,2026-06-01 14:13:49.099934,3
1098,8,P10,yes,2,1.1106490829479299,0.548458527973277,0.5621765008857981,1303,1294,2026-06-01 14:13:49.105688,3
1099,8,P09,no,6,2.7507203464583654,0.5621765008857981,0.520821285372743,1303,1300,2026-06-01 14:13:49.131763,3
431,7,P18,yes,1,-0.6761423985515194,0.679178699175393,0.6730961777222321,934,908,2026-06-01 14:13:49.139662,3
2471,10,P21,yes,1,0.7171851495479586,0.7143624294910559,0.7199965396446176,1777,1743,2026-06-01 14:13:49.175287,3
2472,10,P02,yes,3,2.1848789060852596,0.7199965396446176,0.736484844941675,1780,1743,2026-06-01 14:13:49.181719,3
2473,10,P21,no,7,-1.7166346951632931,0.736484844941675,0.7724543828071839,1780,1736,2026-06-01 14:13:49.203785,3
1100,8,P09,no,1,-0.4757139608448142,0.520821285372743,0.5277492350545132,1303,1299,2026-06-01 14:13:49.244344,3
2872,11,P13,yes,1,0.6999814153002717,0.6970592839654074,0.702892745013669,1874,1843,2026-06-01 14:13:49.252429,3
432,7,P09,no,10,3.5837525298261426,0.6730961777222321,0.6093175418435606,934,918,2026-06-01 14:13:49.260876,3
2474,10,P01,no,1,0.2299991558866168,0.7724543828071839,0.7675350070438758,1780,1737,2026-06-01 14:13:49.273539,3
2475,10,P13,no,6,1.4866355392766764,0.7675350070438758,0.736484844941675,1780,1743,2026-06-01 14:13:49.280693,3
1832,9,P05,yes,8,-3.6127263853015847,0.4791787146272571,0.4241999463841996,1572,1583,2026-06-01 14:13:49.343600,3
1833,9,P22,yes,1,0.42759702799889965,0.4241999463841996,0.4309986674318095,1573,1583,2026-06-01 14:13:49.357597,3
433,7,P03,no,1,-0.38738299639965135,0.6093175418435606,0.6159095915435134,934,917,2026-06-01 14:13:49.362524,3
434,7,P01,no,8,-2.866399899127714,0.6159095915435134,0.6669548851735586,934,909,2026-06-01 14:13:49.382759,3
2476,10,P22,no,1,0.2662224153923489,0.736484844941675,0.7310585786300049,1780,1744,2026-06-01 14:13:49.460610,3
435,7,P18,no,1,0.33613967079088525,0.6669548851735586,0.6607563687658172,934,910,2026-06-01 14:13:49.512958,3
436,7,P19,no,8,-2.519706057537519,0.6607563687658172,0.7086608250294356,934,902,2026-06-01 14:13:49.520638,3
2873,11,P09,no,1,0.3000185846999557,0.702892745013669,0.6970592839654074,1874,1844,2026-06-01 14:13:49.533928,3
2477,10,P05,no,1,-0.2662224153923489,0.7310585786300049,0.736484844941675,1780,1743,2026-06-01 14:13:49.553581,3
2874,11,P14,no,10,3.3328319062222818,0.6970592839654074,0.6354235592583607,1874,1854,2026-06-01 14:13:49.558041,3
1834,9,P09,no,3,-1.6762400721036101,0.4309986674318095,0.4515414720267231,1573,1580,2026-06-01 14:13:49.568724,3
2875,11,P22,yes,11,7.367149509077763,0.6354235592583607,0.702892745013669,1885,1854,2026-06-01 14:13:49.583987,3
2478,10,P05,no,11,-2.5885474324718416,0.736484844941675,0.791391472673955,1780,1732,2026-06-01 14:13:49.596865,3
2479,10,P18,no,1,0.2109138319099202,0.791391472673955,0.7867684891624728,1780,1733,2026-06-01 14:13:49.610637,3
1101,8,P18,no,1,0.4757139608448142,0.5277492350545132,0.520821285372743,1303,1300,2026-06-01 14:13:49.663470,3
2480,10,P22,no,12,2.915539810838709,0.7867684891624728,0.7255622121589215,1780,1745,2026-06-01 14:13:49.710431,3
2481,10,P18,no,1,0.2772148836377255,0.7255622121589215,0.7199965396446176,1780,1746,2026-06-01 14:13:49.712913,3
1102,8,P10,yes,1,0.5242860391551858,0.520821285372743,0.5277492350545132,1304,1300,2026-06-01 14:13:49.720218,3
2482,10,P05,yes,1,0.7227851163625019,0.7199965396446176,0.7255622121589215,1781,1746,2026-06-01 14:13:49.781769,3
2876,11,P18,no,4,1.2355214312049156,0.702892745013669,0.679178699175393,1885,1858,2026-06-01 14:13:49.798783,3
2877,11,P14,no,1,0.32385760144825326,0.679178699175393,0.6730961777222321,1885,1859,2026-06-01 14:13:49.809809,3
437,7,P09,yes,1,0.7115172104932981,0.7086608250294356,0.7143624294910559,935,902,2026-06-01 14:13:49.809891,3
2878,11,P12,yes,1,0.6761423985515194,0.6730961777222321,0.679178699175393,1886,1859,2026-06-01 14:13:49.818489,3
2483,10,P20,yes,6,-4.251366920177134,0.7255622121589215,0.6911616123625146,1775,1746,2026-06-01 14:13:49.879078,3
2484,10,P13,yes,1,0.6941157482681319,0.6911616123625146,0.6970592839654074,1776,1746,2026-06-01 14:13:49.894475,3
2879,11,P09,yes,1,-0.6761423985515194,0.679178699175393,0.6730961777222321,1885,1859,2026-06-01 14:13:49.929412,3
1103,8,P09,yes,1,0.5312088736441183,0.5277492350545132,0.534666513353404,1305,1300,2026-06-01 14:13:49.954941,3
2880,11,P23,yes,1,0.6761423985515194,0.6730961777222321,0.679178699175393,1886,1859,2026-06-01 14:13:49.966640,3
438,7,P09,yes,14,10.524430455071297,0.7143624294910559,0.7867684891624728,949,902,2026-06-01 14:13:49.966880,3
1835,9,P09,no,3,1.6762400721036101,0.4515414720267231,0.4309986674318095,1573,1583,2026-06-01 14:13:49.975626,3
439,7,P11,no,5,1.1259534452398157,0.7867684891624728,0.7625419716560975,949,907,2026-06-01 14:13:49.980217,3
1836,9,P13,no,1,-0.5655909891556803,0.4309986674318095,0.4378234991142019,1573,1582,2026-06-01 14:13:49.988738,3
440,7,P19,no,11,2.932316608989936,0.7625419716560975,0.702892745013669,949,918,2026-06-01 14:13:50.040219,3
2485,10,P09,yes,1,0.6999814153000443,0.6970592839654074,0.702892745013669,1777,1746,2026-06-01 14:13:50.099382,3
2881,11,P03,yes,1,0.6821949176442104,0.679178699175393,0.6852009766653157,1887,1859,2026-06-01 14:13:50.131354,3
1104,8,P09,no,1,-0.4618802833090285,0.534666513353404,0.5415704832167999,1305,1299,2026-06-01 14:13:50.138600,3
441,7,P09,yes,10,7.307668516816307,0.702892745013669,0.7574755792628283,959,918,2026-06-01 14:13:50.161087,3
442,7,P19,no,2,0.49535178677649583,0.7574755792628283,0.7471242672706695,959,920,2026-06-01 14:13:50.176359,3
2486,10,P05,yes,3,2.1344846402464555,0.702892745013669,0.7199965396446176,1780,1746,2026-06-01 14:13:50.254611,3
2487,10,P18,yes,1,-0.7171851495479586,0.7199965396446176,0.7143624294910559,1779,1746,2026-06-01 14:13:50.255419,3
1105,8,P10,no,5,-2.2063410147918603,0.5415704832167999,0.5758000536158003,1305,1294,2026-06-01 14:13:50.377291,3
2882,11,P01,no,4,-1.2119340686435862,0.6852009766653157,0.7086608250294356,1887,1855,2026-06-01 14:13:50.381959,3
1837,9,P09,yes,15,-5.816495988963652,0.4378234991142019,0.33924363123418283,1558,1582,2026-06-01 14:13:50.386787,3
2883,11,P14,no,8,2.5197060575376327,0.7086608250294356,0.6607563687658172,1887,1863,2026-06-01 14:13:50.414024,3
443,7,P13,no,8,2.196979696407311,0.7471242672706695,0.702892745013669,959,928,2026-06-01 14:13:50.418743,3
2884,11,P12,no,3,-0.9899669065382568,0.6607563687658172,0.679178699175393,1887,1860,2026-06-01 14:13:50.424408,3
1106,8,P18,no,1,-0.42081238797641163,0.5758000536158003,0.5825702064623147,1305,1293,2026-06-01 14:13:50.429008,3
1107,8,P10,no,1,-0.4140575273477225,0.5825702064623147,0.5893093760914265,1305,1292,2026-06-01 14:13:50.436531,3
1838,9,P20,yes,1,0.3423661268516298,0.33924363123418283,0.3454977507481214,1559,1582,2026-06-01 14:13:50.437535,3
1839,9,P03,yes,1,0.3486473453945109,0.3454977507481214,0.3518057801362553,1560,1582,2026-06-01 14:13:50.438112,3
1840,9,P20,yes,1,0.3549815974502053,0.3518057801362553,0.358165954911269,1561,1582,2026-06-01 14:13:50.442146,3
2885,11,P14,no,12,4.301605436548698,0.679178699175393,0.6026853379784917,1887,1872,2026-06-01 14:13:50.448274,3
1841,9,P01,yes,1,0.3613670834829463,0.358165954911269,0.36457644074163925,1562,1582,2026-06-01 14:13:50.492768,3
2886,11,P19,no,5,-1.9042763768311488,0.6026853379784917,0.6354235592583607,1887,1867,2026-06-01 14:13:50.510506,3
1842,9,P12,yes,1,0.36780193489835256,0.36457644074163925,0.3710353350500268,1563,1582,2026-06-01 14:13:50.522327,3
1843,9,P20,no,1,-0.6257157842683227,0.3710353350500268,0.37754066879814546,1563,1581,2026-06-01 14:13:50.531315,3
1844,9,P11,yes,1,0.38081192452750656,0.37754066879814546,0.3840904084564866,1564,1581,2026-06-01 14:13:50.538284,3
1845,9,P23,yes,1,0.38738299639953766,0.3840904084564866,0.3906824581564393,1565,1581,2026-06-01 14:13:50.578772,3
2887,11,P19,yes,2,1.2836513190668484,0.6354235592583607,0.6481942198637447,1889,1867,2026-06-01 14:13:50.595047,3
1108,8,P01,no,3,1.2624669433230338,0.5893093760914265,0.5690013325681905,1305,1295,2026-06-01 14:13:50.600834,3
1846,9,P13,yes,15,6.621804259342298,0.3906824581564393,0.49305600205173933,1580,1581,2026-06-01 14:13:50.625894,3
1109,8,P09,yes,1,0.5724029720011004,0.5690013325681905,0.5758000536158003,1306,1295,2026-06-01 14:13:50.661621,3
2488,10,P09,yes,1,0.7171851495479586,0.7143624294910559,0.7199965396446176,1780,1746,2026-06-01 14:13:50.665594,3
1110,8,P03,no,5,2.2063410147918603,0.5758000536158003,0.5415704832167999,1306,1300,2026-06-01 14:13:50.678711,3
1111,8,P10,no,10,-4.243187740175699,0.5415704832167999,0.6093175418435606,1306,1290,2026-06-01 14:13:50.703400,3
1847,9,P24,no,10,5.415042466041768,0.49305600205173933,0.4241999463841996,1580,1591,2026-06-01 14:13:50.705533,3
1112,8,P10,yes,3,1.8575208633412785,0.6093175418435606,0.6289646649499733,1309,1290,2026-06-01 14:13:50.748989,3
2489,10,P09,yes,1,0.7227851163625019,0.7199965396446176,0.7255622121589215,1781,1746,2026-06-01 14:13:50.752399,3
2888,11,P13,yes,1,0.6513526546057165,0.6481942198637447,0.6545022492518787,1890,1867,2026-06-01 14:13:50.756240,3
2889,11,P14,yes,1,-0.6513526546057165,0.6545022492518787,0.6481942198637447,1889,1867,2026-06-01 14:13:50.783524,3
2890,11,P20,no,8,-2.6164832252893575,0.6481942198637447,0.6970592839654074,1889,1859,2026-06-01 14:13:50.786116,3
1848,9,P19,yes,2,0.8620060388432194,0.4241999463841996,0.4378234991142019,1582,1591,2026-06-01 14:13:50.792851,3
2891,11,P09,no,1,0.30588425173186806,0.6970592839654074,0.6911616123625146,1889,1860,2026-06-01 14:13:50.796348,3
1113,8,P12,no,13,5.385666876834648,0.6289646649499733,0.5415704832167999,1309,1303,2026-06-01 14:13:50.810741,3
2892,11,P09,no,1,0.31181351241730226,0.6911616123625146,0.6852009766653157,1889,1861,2026-06-01 14:13:50.909455,3
1849,9,P09,yes,1,-0.4344090108443197,0.4378234991142019,0.4309986674318095,1581,1591,2026-06-01 14:13:51.026860,3
1850,9,P18,no,1,0.5724029720011004,0.4309986674318095,0.4241999463841996,1581,1592,2026-06-01 14:13:51.032423,3
1114,8,P10,yes,7,3.958789069883778,0.5415704832167999,0.5893093760914265,1316,1303,2026-06-01 14:13:51.039507,3
1115,8,P10,no,1,-0.40733483847839125,0.5893093760914265,0.5960151933265168,1316,1302,2026-06-01 14:13:51.040078,3
2893,11,P14,no,13,4.619410518904715,0.6852009766653157,0.6026853379784917,1889,1874,2026-06-01 14:13:51.040662,3
1116,8,P20,no,8,3.4485457685943857,0.5960151933265168,0.5415704832167999,1316,1310,2026-06-01 14:13:51.046024,3
444,7,P09,no,1,0.300018584699842,0.702892745013669,0.6970592839654074,959,929,2026-06-01 14:13:51.057785,3
2490,10,P18,yes,4,-2.8572697566089573,0.7255622121589215,0.702892745013669,1777,1746,2026-06-01 14:13:51.058019,3
2894,11,P13,no,1,-0.3939953052740748,0.6026853379784917,0.6093175418435606,1889,1873,2026-06-01 14:13:51.061062,3
2895,11,P12,no,1,-0.38738299639976503,0.6093175418435606,0.6159095915435134,1889,1872,2026-06-01 14:13:51.110370,3
1851,9,P18,yes,5,-2.036846725383839,0.4241999463841996,0.3906824581564393,1576,1592,2026-06-01 14:13:51.118484,3
1852,9,P12,no,1,-0.6060046947259252,0.3906824581564393,0.3973146620215083,1576,1591,2026-06-01 14:13:51.163678,3
445,7,P18,yes,14,10.302710266469262,0.6970592839654074,0.7724543828071839,973,929,2026-06-01 14:13:51.166424,3
1853,9,P19,yes,1,0.4006466663070114,0.3973146620215083,0.4039848066734832,1577,1591,2026-06-01 14:13:51.195209,3
2896,11,P01,yes,2,1.2449038597408162,0.6159095915435134,0.6289646649499733,1891,1872,2026-06-01 14:13:51.205175,3
2491,10,P21,yes,1,0.7057822802053124,0.702892745013669,0.7086608250294356,1778,1746,2026-06-01 14:13:51.232453,3
446,7,P23,no,5,1.2002914524234711,0.7724543828071839,0.7471242672706695,973,934,2026-06-01 14:13:51.250901,3
447,7,P01,no,1,0.2555117402870337,0.7471242672706695,0.7418402904888368,973,935,2026-06-01 14:13:51.271588,3
2897,11,P23,yes,1,0.6321980651016474,0.6289646649499733,0.6354235592583607,1892,1872,2026-06-01 14:13:51.285623,3
1854,9,P18,no,1,0.5993533336929886,0.4039848066734832,0.3973146620215083,1577,1592,2026-06-01 14:13:51.300640,3
2898,11,P12,yes,1,0.6386329165168263,0.6354235592583607,0.6418340450887311,1893,1872,2026-06-01 14:13:51.317323,3
1855,9,P22,yes,1,0.4006466663070114,0.3973146620215083,0.4039848066734832,1578,1592,2026-06-01 14:13:51.320019,3
1856,9,P13,yes,1,0.407334838478846,0.4039848066734832,0.41069062390857347,1579,1592,2026-06-01 14:13:51.374253,3
448,7,P18,yes,1,-0.7391684975475528,0.7418402904888368,0.736484844941675,972,935,2026-06-01 14:13:51.380147,3
2492,10,P21,yes,1,0.7115172104931844,0.7086608250294356,0.7143624294910559,1779,1746,2026-06-01 14:13:51.410793,3
2899,11,P23,yes,1,0.6450184025502494,0.6418340450887311,0.6481942198637447,1894,1872,2026-06-01 14:13:51.448378,3
1117,8,P09,no,1,-0.4549840588963434,0.5415704832167999,0.548458527973277,1316,1309,2026-06-01 14:13:51.453749,3
2493,10,P02,no,14,-3.475569544928476,0.7143624294910559,0.7867684891624728,1779,1732,2026-06-01 14:13:51.455443,3
449,7,P03,yes,3,-2.1848789060852596,0.736484844941675,0.7199965396446176,969,935,2026-06-01 14:13:51.461240,3
2494,10,P09,no,1,-0.2109138319099202,0.7867684891624728,0.791391472673955,1779,1731,2026-06-01 14:13:51.549458,3
2495,10,P08,no,1,0.2109138319099202,0.791391472673955,0.7867684891624728,1779,1732,2026-06-01 14:13:51.608419,3
1118,8,P09,yes,1,0.5518949420409172,0.548458527973277,0.555328055262369,1317,1309,2026-06-01 14:13:51.610958,3
2496,10,P03,no,1,0.21557393642160605,0.7867684891624728,0.7820712676154848,1779,1733,2026-06-01 14:13:51.672498,3
2900,11,P20,yes,1,0.6513526546052617,0.6481942198637447,0.6545022492518787,1895,1872,2026-06-01 14:13:51.700256,3
2497,10,P05,no,1,-0.21557393642160605,0.7820712676154848,0.7867684891624728,1779,1732,2026-06-01 14:13:51.700649,3
2498,10,P23,no,5,1.1259534452399294,0.7867684891624728,0.7625419716560975,1779,1737,2026-06-01 14:13:51.714005,3
450,7,P18,no,1,-0.2772148836379529,0.7199965396446176,0.7255622121589215,969,934,2026-06-01 14:13:51.754452,3
1119,8,P10,yes,2,1.1243451300622382,0.555328055262369,0.5690013325681905,1319,1309,2026-06-01 14:13:51.863817,3
3225,17,P22,no,19,10.739188714594054,0.5,0.3710353350500268,0,19,2026-06-01 14:13:51.865867,5
3226,17,P09,yes,1,0.3742842157317625,0.3710353350500268,0.37754066879814546,1,19,2026-06-01 14:13:51.888905,5
3227,17,P07,yes,1,0.38081192452749235,0.37754066879814546,0.3840904084564866,2,19,2026-06-01 14:13:51.902568,5
3228,17,P09,yes,1,0.38738299639966556,0.3840904084564866,0.3906824581564393,3,19,2026-06-01 14:13:51.914328,5
2499,10,P03,no,1,0.23998512580601528,0.7625419716560975,0.7574755792628283,1779,1738,2026-06-01 14:13:51.929111,3
2500,10,P05,no,1,-0.23998512580601528,0.7574755792628283,0.7625419716560975,1779,1737,2026-06-01 14:13:51.930392,3
3229,17,P20,yes,1,0.39399530527406057,0.3906824581564393,0.3973146620215083,4,19,2026-06-01 14:13:51.953648,5
3230,17,P12,yes,1,0.40064666630731693,0.3973146620215083,0.4039848066734832,5,19,2026-06-01 14:13:51.971015,5
3231,17,P13,yes,1,0.40733483847849783,0.4039848066734832,0.41069062390857347,6,19,2026-06-01 14:13:51.992437,5
1857,9,P05,no,6,3.6555440532808916,0.41069062390857347,0.3710353350500268,1579,1598,2026-06-01 14:13:52.003837,3
3232,17,P19,no,1,0.5926651615215022,0.41069062390857347,0.4039848066734832,6,20,2026-06-01 14:13:52.043878,5
2501,10,P18,no,1,0.23998512580601528,0.7625419716560975,0.7574755792628283,1779,1738,2026-06-01 14:13:52.049417,3
2502,10,P20,no,1,0.24508804575816612,0.7574755792628283,0.7523361988609284,1779,1739,2026-06-01 14:13:52.061044,3
1858,9,P18,yes,2,0.7550961402594112,0.3710353350500268,0.3840904084564866,1581,1598,2026-06-01 14:13:52.088378,3
3233,17,P23,yes,1,0.40733483847850493,0.4039848066734832,0.41069062390857347,7,20,2026-06-01 14:13:52.089498,5
3234,17,P11,yes,1,0.41405752734781487,0.41069062390857347,0.41742979353768533,8,20,2026-06-01 14:13:52.093284,5
1120,8,P10,no,1,-0.4275970279986723,0.5690013325681905,0.5758000536158003,1319,1308,2026-06-01 14:13:52.132356,3
1121,8,P09,yes,1,-0.5724029720011004,0.5758000536158003,0.5690013325681905,1318,1308,2026-06-01 14:13:52.134760,3
3235,17,P22,no,2,1.178607634173673,0.41742979353768533,0.4039848066734832,8,22,2026-06-01 14:13:52.139318,5
1122,8,P09,yes,1,0.5724029720011004,0.5690013325681905,0.5758000536158003,1319,1308,2026-06-01 14:13:52.140303,3
1859,9,P11,no,1,-0.6126170036004623,0.3840904084564866,0.3906824581564393,1581,1597,2026-06-01 14:13:52.149791,3
2503,10,P09,no,6,-1.3954526803825047,0.7523361988609284,0.7820712676154848,1779,1733,2026-06-01 14:13:52.154470,3
3236,17,P19,no,12,7.621605498592551,0.4039848066734832,0.32690382227776793,8,34,2026-06-01 14:13:52.187631,5
2504,10,P01,no,1,0.22030825731008008,0.7820712676154848,0.7772998611746911,1779,1734,2026-06-01 14:13:52.187674,3
3237,17,P05,no,1,0.6761423985514767,0.32690382227776793,0.32082130082460697,8,35,2026-06-01 14:13:52.192000,5
2505,10,P23,no,1,0.22511671166694214,0.7772998611746911,0.7724543828071839,1779,1735,2026-06-01 14:13:52.197163,3
1123,8,P18,no,7,3.1370124244567705,0.5758000536158003,0.5277492350545132,1319,1315,2026-06-01 14:13:52.236442,3
3238,17,P02,yes,1,0.32385760144852327,0.32082130082460697,0.32690382227776793,9,35,2026-06-01 14:13:52.243127,5
1124,8,P09,no,1,-0.4687911263558817,0.5277492350545132,0.534666513353404,1319,1314,2026-06-01 14:13:52.266154,3
2506,10,P09,yes,1,-0.7700008441133832,0.7724543828071839,0.7675350070438758,1778,1735,2026-06-01 14:13:52.267411,3
2507,10,P13,no,1,0.2349553839546843,0.7675350070438758,0.7625419716560975,1778,1736,2026-06-01 14:13:52.270035,3
1860,9,P05,yes,4,-1.510281071557074,0.3906824581564393,0.36457644074163925,1577,1597,2026-06-01 14:13:52.273021,3
3239,17,P05,no,2,1.3583373161957084,0.32690382227776793,0.3147990233346844,9,37,2026-06-01 14:13:52.273462,5
1861,9,P09,no,3,1.9350039736723375,0.36457644074163925,0.3454977507481214,1577,1600,2026-06-01 14:13:52.275182,3
1125,8,P10,no,2,-0.9168643422055993,0.534666513353404,0.548458527973277,1319,1312,2026-06-01 14:13:52.280509,3
1126,8,P10,yes,3,1.6762400721036101,0.548458527973277,0.5690013325681905,1322,1312,2026-06-01 14:13:52.283524,3
2508,10,P19,no,1,0.23998512580601528,0.7625419716560975,0.7574755792628283,1778,1737,2026-06-01 14:13:52.290458,3
3240,17,P13,yes,1,0.3178050823557541,0.3147990233346844,0.32082130082460697,10,37,2026-06-01 14:13:52.291713,5
451,7,P09,no,17,-3.9249919055030205,0.7255622121589215,0.8091419557551346,969,917,2026-06-01 14:13:52.305367,3
1862,9,P20,yes,8,2.9692724031590387,0.3454977507481214,0.3973146620215083,1585,1600,2026-06-01 14:13:52.318253,3
2901,11,P01,no,1,-0.3423661268516298,0.6545022492518787,0.6607563687658172,1895,1871,2026-06-01 14:13:52.318841,3
2902,11,P01,yes,1,0.6638603292090011,0.6607563687658172,0.6669548851735586,1896,1871,2026-06-01 14:13:52.323582,3
452,7,P09,no,1,0.1930152115613737,0.8091419557551346,0.8048153229861598,969,918,2026-06-01 14:13:52.336315,3
2509,10,P05,yes,1,0.7600148741939847,0.7574755792628283,0.7625419716560975,1779,1737,2026-06-01 14:13:52.337478,3
2903,11,P09,no,1,-0.32996963429854986,0.6669548851735586,0.6730961777222321,1896,1870,2026-06-01 14:13:52.337551,3
1863,9,P05,no,2,1.2186216983261602,0.3973146620215083,0.3840904084564866,1585,1602,2026-06-01 14:13:52.345130,3
2510,10,P01,no,1,0.23998512580601528,0.7625419716560975,0.7574755792628283,1779,1738,2026-06-01 14:13:52.357965,3
453,7,P22,no,13,2.933238981212412,0.8048153229861598,0.7418402904888368,969,931,2026-06-01 14:13:52.368434,3
3241,17,P02,yes,7,2.397329059717336,0.32082130082460697,0.36457644074163925,17,37,2026-06-01 14:13:52.372023,5
3242,17,P11,yes,1,0.36780193489835966,0.36457644074163925,0.3710353350500268,18,37,2026-06-01 14:13:52.375827,5
454,7,P09,no,5,1.3587674468191153,0.7418402904888368,0.7143624294910559,969,936,2026-06-01 14:13:52.376571,3
2511,10,P20,no,8,2.109630973882531,0.7574755792628283,0.7143624294910559,1779,1746,2026-06-01 14:13:52.386445,3
3243,17,P13,yes,2,0.7550961402592549,0.3710353350500268,0.3840904084564866,20,37,2026-06-01 14:13:52.412233,5
1864,9,P19,no,1,-0.612617003600235,0.3840904084564866,0.3906824581564393,1585,1601,2026-06-01 14:13:52.423916,3
1865,9,P18,no,1,-0.6060046947259252,0.3906824581564393,0.3973146620215083,1585,1600,2026-06-01 14:13:52.441272,3
2904,11,P09,no,1,0.32996963429854986,0.6730961777222321,0.6669548851735586,1896,1871,2026-06-01 14:13:52.470237,3
1127,8,P18,no,1,-0.42759702799889965,0.5690013325681905,0.5758000536158003,1322,1311,2026-06-01 14:13:52.510899,3
3244,17,P09,yes,1,0.38738299639965845,0.3840904084564866,0.3906824581564393,21,37,2026-06-01 14:13:52.539867,5
455,7,P09,yes,1,0.7171851495479586,0.7143624294910559,0.7199965396446176,970,936,2026-06-01 14:13:52.541539,3
2512,10,P21,no,9,-2.3496160996885465,0.7143624294910559,0.7625419716560975,1779,1737,2026-06-01 14:13:52.547445,3
1866,9,P05,yes,3,-1.1621902262013464,0.3973146620215083,0.37754066879814546,1582,1600,2026-06-01 14:13:52.552915,3
2513,10,P09,no,1,0.23998512580601528,0.7625419716560975,0.7574755792628283,1779,1738,2026-06-01 14:13:52.574549,3
1867,9,P13,yes,1,0.38081192452750656,0.37754066879814546,0.3840904084564866,1583,1600,2026-06-01 14:13:52.577929,3
2905,11,P18,no,1,0.33613967079099893,0.6669548851735586,0.6607563687658172,1896,1872,2026-06-01 14:13:52.579650,3
3245,17,P23,yes,1,0.39399530527406057,0.3906824581564393,0.3973146620215083,22,37,2026-06-01 14:13:52.589300,5
1868,9,P22,no,12,-6.90754898011528,0.3840904084564866,0.46533348664659613,1583,1588,2026-06-01 14:13:52.598192,3
456,7,P09,no,1,-0.2772148836378392,0.7199965396446176,0.7255622121589215,970,935,2026-06-01 14:13:52.624203,3
1869,9,P05,yes,1,-0.4618802833090285,0.46533348664659613,0.45842951678320015,1582,1588,2026-06-01 14:13:52.631400,3
3246,17,P02,yes,10,4.3110727182108874,0.3973146620215083,0.46533348664659613,32,37,2026-06-01 14:13:52.636844,5
3247,17,P18,no,2,1.0831356577943936,0.46533348664659613,0.4515414720267231,32,39,2026-06-01 14:13:52.671142,5
3248,17,P17,no,1,0.5518949420410024,0.4515414720267231,0.444671944737631,32,40,2026-06-01 14:13:52.677459,5
3249,17,P05,no,3,1.696748102063566,0.444671944737631,0.4241999463841996,32,43,2026-06-01 14:13:52.689077,5
2514,10,P02,yes,3,2.295060334352911,0.7574755792628283,0.7724543828071839,1782,1738,2026-06-01 14:13:52.692182,3
3250,17,P21,yes,1,0.4275970279988499,0.4241999463841996,0.4309986674318095,33,43,2026-06-01 14:13:52.709634,5
3251,17,P24,yes,1,0.43440901084461103,0.4309986674318095,0.4378234991142019,34,43,2026-06-01 14:13:52.718969,5
457,7,P09,no,4,1.1427302433910427,0.7255622121589215,0.702892745013669,970,939,2026-06-01 14:13:52.741614,3
3252,17,P21,yes,5,2.27500638561348,0.4378234991142019,0.47225076494548685,39,43,2026-06-01 14:13:52.746318,5
1870,9,P18,yes,3,1.4063853705097245,0.45842951678320015,0.4791787146272571,1585,1588,2026-06-01 14:13:52.755790,3
1871,9,P11,yes,13,-5.649573110685878,0.4791787146272571,0.3906824581564393,1572,1588,2026-06-01 14:13:52.789693,3
2515,10,P21,yes,2,1.5545750310229778,0.7724543828071839,0.7820712676154848,1784,1738,2026-06-01 14:13:52.793721,3
2906,11,P14,yes,1,-0.6576338731483702,0.6607563687658172,0.6545022492518787,1895,1872,2026-06-01 14:13:52.803222,3
3253,17,P03,no,1,0.5312088736441041,0.47225076494548685,0.46533348664659613,39,44,2026-06-01 14:13:52.808831,5
3254,17,P15,no,11,6.294931976515045,0.46533348664659613,0.3906824581564393,39,55,2026-06-01 14:13:52.822633,5
2516,10,P13,no,7,1.6457164214007207,0.7820712676154848,0.7471242672706695,1784,1745,2026-06-01 14:13:52.845213,3
1128,8,P18,yes,1,0.5791876120235884,0.5758000536158003,0.5825702064623147,1323,1311,2026-06-01 14:13:52.851227,3
3255,17,P22,no,2,1.231805079072842,0.3906824581564393,0.37754066879814546,39,57,2026-06-01 14:13:52.886863,5
458,7,P18,yes,1,0.7057822802055398,0.702892745013669,0.7086608250294356,971,939,2026-06-01 14:13:52.897988,3
2907,11,P01,no,7,-2.2678358798948466,0.6545022492518787,0.6970592839654074,1895,1865,2026-06-01 14:13:52.909416,3
3256,17,P17,no,1,0.6257157842682375,0.37754066879814546,0.3710353350500268,39,58,2026-06-01 14:13:52.916098,5
3257,17,P05,no,14,9.416647064878163,0.3710353350500268,0.2856375705089441,39,72,2026-06-01 14:13:52.916760,5
3258,17,P17,yes,1,0.28848278950674455,0.2856375705089441,0.29133917497056444,40,72,2026-06-01 14:13:52.945731,5
3259,17,P08,yes,1,0.29421771979450284,0.29133917497056444,0.2971072549863309,41,72,2026-06-01 14:13:52.968469,5
2517,10,P21,no,1,-0.2502637410184434,0.7471242672706695,0.7523361988609284,1784,1744,2026-06-01 14:13:53.037841,3
3260,17,P01,yes,1,0.3000185846998278,0.2971072549863309,0.3029407160345927,42,72,2026-06-01 14:13:53.039989,5
2908,11,P09,no,3,-0.8827190940012315,0.6970592839654074,0.7143624294910559,1895,1862,2026-06-01 14:13:53.044169,3
3261,17,P18,yes,1,0.3058842517320528,0.3029407160345927,0.30883838763748533,43,72,2026-06-01 14:13:53.065918,5
3262,17,P03,no,1,0.6941157482679472,0.30883838763748533,0.3029407160345927,43,73,2026-06-01 14:13:53.087093,5
1872,9,P18,no,1,-0.6060046947259252,0.3906824581564393,0.3973146620215083,1572,1587,2026-06-01 14:13:53.106657,3
3263,17,P20,yes,2,0.6176977641493266,0.3029407160345927,0.3147990233346844,45,73,2026-06-01 14:13:53.111388,5
3264,17,P10,yes,1,0.317805082355747,0.3147990233346844,0.32082130082460697,46,73,2026-06-01 14:13:53.123823,5
2518,10,P21,yes,2,1.514926828436046,0.7523361988609284,0.7625419716560975,1786,1744,2026-06-01 14:13:53.129965,3
2519,10,P05,no,3,-0.6900712515082432,0.7625419716560975,0.7772998611746911,1786,1741,2026-06-01 14:13:53.137206,3
2520,10,P22,yes,1,-0.7748832883330579,0.7772998611746911,0.7724543828071839,1785,1741,2026-06-01 14:13:53.137705,3
2521,10,P18,yes,2,1.5545750310229778,0.7724543828071839,0.7820712676154848,1787,1741,2026-06-01 14:13:53.139760,3
2522,10,P20,no,4,0.9103795088180959,0.7820712676154848,0.7625419716560975,1787,1745,2026-06-01 14:13:53.194553,3
2523,10,P01,no,1,0.23998512580601528,0.7625419716560975,0.7574755792628283,1787,1746,2026-06-01 14:13:53.201130,3
3265,17,P03,no,1,0.6821949176442388,0.32082130082460697,0.3147990233346844,46,74,2026-06-01 14:13:53.211315,5
2909,11,P22,no,1,0.2884827895068156,0.7143624294910559,0.7086608250294356,1895,1863,2026-06-01 14:13:53.238711,3
2910,11,P12,yes,5,-3.4702608490003968,0.7086608250294356,0.679178699175393,1890,1863,2026-06-01 14:13:53.247126,3
3266,17,P09,yes,1,0.3178050823557612,0.3147990233346844,0.32082130082460697,47,74,2026-06-01 14:13:53.282035,5
3267,17,P03,no,1,0.682194917644253,0.32082130082460697,0.3147990233346844,47,75,2026-06-01 14:13:53.282140,5
1129,8,P09,no,1,0.42081238797641163,0.5825702064623147,0.5758000536158003,1323,1312,2026-06-01 14:13:53.305879,3
3268,17,P17,yes,1,0.3178050823557612,0.3147990233346844,0.32082130082460697,48,75,2026-06-01 14:13:53.341468,5
3269,17,P14,yes,1,0.3238576014485375,0.32082130082460697,0.32690382227776793,49,75,2026-06-01 14:13:53.393838,5
3270,17,P03,no,2,1.3583373161957013,0.32690382227776793,0.3147990233346844,49,77,2026-06-01 14:13:53.399398,5
2524,10,P12,no,1,0.24508804575816612,0.7574755792628283,0.7523361988609284,1787,1747,2026-06-01 14:13:53.462024,3
2525,10,P05,yes,1,0.7549119542418339,0.7523361988609284,0.7574755792628283,1788,1747,2026-06-01 14:13:53.471910,3
3271,17,P02,yes,1,0.317805082355747,0.3147990233346844,0.32082130082460697,50,77,2026-06-01 14:13:53.479923,5
2526,10,P21,no,1,-0.23998512580601528,0.7574755792628283,0.7625419716560975,1788,1746,2026-06-01 14:13:53.500034,3
2527,10,P05,no,1,-0.2349553839546843,0.7625419716560975,0.7675350070438758,1788,1745,2026-06-01 14:13:53.521544,3
2911,11,P14,no,1,0.32385760144848064,0.679178699175393,0.6730961777222321,1890,1864,2026-06-01 14:13:53.549622,3
2528,10,P18,yes,6,4.691760139056896,0.7675350070438758,0.7959402230407707,1794,1745,2026-06-01 14:13:53.576070,3
2529,10,P18,yes,1,0.7981836892056435,0.7959402230407707,0.8004148013462675,1795,1745,2026-06-01 14:13:53.583000,3
3272,17,P22,no,10,7.083842115127197,0.32082130082460697,0.26351515505832507,50,87,2026-06-01 14:13:53.589141,5
3273,17,P18,yes,12,3.569985120620075,0.26351515505832507,0.3330451148264414,62,87,2026-06-01 14:13:53.639513,5
2530,10,P01,no,14,3.262914126406713,0.8004148013462675,0.7310585786300049,1795,1759,2026-06-01 14:13:53.651088,3
2531,10,P02,yes,1,0.7337775846074237,0.7310585786300049,0.736484844941675,1796,1759,2026-06-01 14:13:53.652452,3
459,7,P18,no,12,3.927068210716925,0.7086608250294356,0.6354235592583607,971,951,2026-06-01 14:13:53.662648,3
3274,17,P01,yes,11,4.0484248671087215,0.3330451148264414,0.4039848066734832,73,87,2026-06-01 14:13:53.687924,5
3275,17,P09,no,2,1.2053580284186296,0.4039848066734832,0.3906824581564393,73,89,2026-06-01 14:13:53.688785,5
3276,17,P09,no,1,0.6126170036003344,0.3906824581564393,0.3840904084564866,73,90,2026-06-01 14:13:53.717477,5
3277,17,P24,yes,8,3.2862357606270223,0.3840904084564866,0.4378234991142019,81,90,2026-06-01 14:13:53.744909,5
2532,10,P18,yes,1,0.7391684975475528,0.736484844941675,0.7418402904888368,1797,1759,2026-06-01 14:13:53.769456,3
460,7,P22,yes,1,0.63863291651694,0.6354235592583607,0.6418340450887311,972,951,2026-06-01 14:13:53.805671,3
3278,17,P15,no,2,1.137993961156539,0.4378234991142019,0.4241999463841996,81,92,2026-06-01 14:13:53.807856,5
461,7,P11,yes,15,10.314102554285341,0.6418340450887311,0.7310585786300049,987,951,2026-06-01 14:13:53.816565,3
2533,10,P21,no,1,-0.2555117402871474,0.7418402904888368,0.7471242672706695,1797,1758,2026-06-01 14:13:53.819480,3
3279,17,P23,yes,9,4.095372526496888,0.4241999463841996,0.4861146822539951,90,92,2026-06-01 14:13:53.829110,5
3280,17,P11,no,1,0.5173538588048814,0.4861146822539951,0.4791787146272571,90,93,2026-06-01 14:13:53.839908,5
2534,10,P09,no,1,0.2555117402871474,0.7471242672706695,0.7418402904888368,1797,1759,2026-06-01 14:13:53.865257,3
3281,17,P13,no,13,7.350426889314335,0.4791787146272571,0.3906824581564393,90,106,2026-06-01 14:13:53.920308,5
1873,9,P05,no,1,0.6060046947259252,0.3973146620215083,0.3906824581564393,1572,1588,2026-06-01 14:13:53.924534,3
1874,9,P22,no,1,-0.6060046947259252,0.3906824581564393,0.3973146620215083,1572,1587,2026-06-01 14:13:53.943184,3
3282,17,P03,no,20,13.442454399245023,0.3906824581564393,0.2689414213699951,90,126,2026-06-01 14:13:53.959048,5
3283,17,P03,no,5,3.722082555091646,0.2689414213699951,0.24252442073717165,90,131,2026-06-01 14:13:53.959049,5
3284,17,P21,yes,9,2.3981137633893184,0.24252442073717165,0.29133917497056444,99,131,2026-06-01 14:13:53.968505,5
2912,11,P14,no,1,0.32996963429854986,0.6730961777222321,0.6669548851735586,1890,1865,2026-06-01 14:13:53.979170,3
3285,17,P14,yes,1,0.29421771979448863,0.29133917497056444,0.2971072549863309,100,131,2026-06-01 14:13:54.011480,5
3286,17,P20,yes,16,5.537126867753585,0.2971072549863309,0.3973146620215083,116,131,2026-06-01 14:13:54.013812,5
3287,17,P19,no,20,13.320142888855287,0.3973146620215083,0.2744377878410785,116,151,2026-06-01 14:13:54.067859,5
3288,17,P19,no,2,1.4620937897232409,0.2744377878410785,0.26351515505832507,116,153,2026-06-01 14:13:54.067860,5
1875,9,P09,no,1,0.6060046947259252,0.3973146620215083,0.3906824581564393,1572,1588,2026-06-01 14:13:54.069100,3
2535,10,P02,no,1,-0.2555117402871474,0.7418402904888368,0.7471242672706695,1797,1758,2026-06-01 14:13:54.072264,3
3289,17,P16,yes,1,0.26622241539240576,0.26351515505832507,0.2689414213699951,117,153,2026-06-01 14:13:54.072969,5
3290,17,P06,yes,11,3.303762705227655,0.2689414213699951,0.3330451148264414,128,153,2026-06-01 14:13:54.078486,5
3291,17,P10,yes,11,4.048424867108707,0.3330451148264414,0.4039848066734832,139,153,2026-06-01 14:13:54.099156,5
2536,10,P21,no,10,-2.278532157480413,0.7471242672706695,0.7959402230407707,1797,1748,2026-06-01 14:13:54.146610,3
2913,11,P14,yes,1,-0.6638603292090011,0.6669548851735586,0.6607563687658172,1889,1865,2026-06-01 14:13:54.151451,3
462,7,P09,no,13,3.9822685028702836,0.7310585786300049,0.6545022492518787,987,964,2026-06-01 14:13:54.154870,3
2537,10,P02,yes,1,0.7981836892058709,0.7959402230407707,0.8004148013462675,1798,1748,2026-06-01 14:13:54.163398,3
3292,17,P14,yes,11,4.854931139104309,0.4039848066734832,0.4791787146272571,150,153,2026-06-01 14:13:54.166441,5
1876,9,P05,no,1,0.6126170036004623,0.3906824581564393,0.3840904084564866,1572,1589,2026-06-01 14:13:54.180353,3
3293,17,P02,no,5,2.6905255126346503,0.4791787146272571,0.444671944737631,150,158,2026-06-01 14:13:54.181278,5
2538,10,P21,yes,1,0.8026212273491637,0.8004148013462675,0.8048153229861598,1799,1748,2026-06-01 14:13:54.263419,3
2539,10,P13,no,7,1.4774357885019072,0.8048153229861598,0.7724543828071839,1799,1755,2026-06-01 14:13:54.263924,3
463,7,P13,yes,15,10.49067757928458,0.6545022492518787,0.7418402904888368,1002,964,2026-06-01 14:13:54.268067,3
3294,17,P19,no,1,0.5587541409070411,0.444671944737631,0.4378234991142019,150,159,2026-06-01 14:13:54.281526,5
2540,10,P02,no,3,-0.6609989053986283,0.7724543828071839,0.7867684891624728,1799,1752,2026-06-01 14:13:54.283099,3
3295,17,P19,no,6,3.4951425410466754,0.4378234991142019,0.3973146620215083,150,165,2026-06-01 14:13:54.285573,5
3296,17,P22,no,2,1.2186216983263023,0.3973146620215083,0.3840904084564866,150,167,2026-06-01 14:13:54.301224,5
3297,17,P10,yes,11,4.630570736575606,0.3840904084564866,0.45842951678320015,161,167,2026-06-01 14:13:54.318652,5
3298,17,P15,yes,9,4.4063853705097245,0.45842951678320015,0.520821285372743,170,167,2026-06-01 14:13:54.322382,5
464,7,P18,no,12,3.500846988773901,0.7418402904888368,0.6730961777222321,1002,976,2026-06-01 14:13:54.416405,3
1877,9,P05,no,1,0.6191880754724934,0.3840904084564866,0.37754066879814546,1572,1590,2026-06-01 14:13:54.419082,3
2914,11,P18,yes,1,0.6638603292090011,0.6607563687658172,0.6669548851735586,1890,1865,2026-06-01 14:13:54.428255,3
3299,17,P22,no,11,5.69052551263465,0.520821285372743,0.444671944737631,170,178,2026-06-01 14:13:54.437591,5
465,7,P20,yes,3,2.0465238037784275,0.6730961777222321,0.6911616123625146,1005,976,2026-06-01 14:13:54.439641,3
2541,10,P02,no,4,-0.8164368831032789,0.7867684891624728,0.8048153229861598,1799,1748,2026-06-01 14:13:54.461047,3
2542,10,P23,no,1,0.19737877265083625,0.8048153229861598,0.8004148013462675,1799,1749,2026-06-01 14:13:54.475313,3
3300,17,P19,no,5,2.8618781867395455,0.444671944737631,0.41069062390857347,170,183,2026-06-01 14:13:54.483917,5
2543,10,P19,yes,6,-4.719942984148929,0.8004148013462675,0.7724543828071839,1793,1749,2026-06-01 14:13:54.555194,3
2544,10,P09,yes,1,0.7748832883330579,0.7724543828071839,0.7772998611746911,1794,1749,2026-06-01 14:13:54.556290,3
2545,10,P21,yes,2,1.5641178062680865,0.7772998611746911,0.7867684891624728,1796,1749,2026-06-01 14:13:54.572559,3
466,7,P09,yes,4,2.8113966542669004,0.6911616123625146,0.7143624294910559,1009,976,2026-06-01 14:13:54.578211,3
2546,10,P12,no,10,2.3776336005619214,0.7867684891624728,0.736484844941675,1796,1759,2026-06-01 14:13:54.592611,3
2547,10,P02,yes,2,1.4836567572606327,0.736484844941675,0.7471242672706695,1798,1759,2026-06-01 14:13:54.601317,3
3301,17,P05,no,20,13.072191118159395,0.41069062390857347,0.2856375705089441,170,203,2026-06-01 14:13:54.796736,5
3302,17,P05,no,1,0.7171851495479302,0.2856375705089441,0.2800034603553825,170,204,2026-06-01 14:13:54.796737,5
3303,17,P23,yes,4,1.1655339444531307,0.2800034603553825,0.3029407160345927,174,204,2026-06-01 14:13:54.814596,5
1878,9,P22,no,13,-7.526737055588001,0.37754066879814546,0.46533348664659613,1572,1577,2026-06-01 14:13:54.818386,3
3304,17,P24,yes,16,5.637754949361067,0.3029407160345927,0.4039848066734832,190,204,2026-06-01 14:13:54.859597,5
2915,11,P18,yes,1,0.6700303657014501,0.6669548851735586,0.6730961777222321,1891,1865,2026-06-01 14:13:54.908313,3
1879,9,P12,yes,1,-0.4618802833090285,0.46533348664659613,0.45842951678320015,1571,1577,2026-06-01 14:13:54.917308,3
1880,9,P11,no,1,0.5450159411036566,0.45842951678320015,0.4515414720267231,1571,1578,2026-06-01 14:13:54.919751,3
3305,17,P03,no,1,0.599353333692676,0.4039848066734832,0.3973146620215083,190,205,2026-06-01 14:13:54.972130,5
1881,9,P18,no,1,-0.5450159411036566,0.4515414720267231,0.45842951678320015,1571,1577,2026-06-01 14:13:54.981836,3
2548,10,P21,no,1,-0.2502637410184434,0.7471242672706695,0.7523361988609284,1798,1758,2026-06-01 14:13:55.004180,3
467,7,P18,yes,1,0.7171851495480723,0.7143624294910559,0.7199965396446176,1010,976,2026-06-01 14:13:55.013886,3
1882,9,P13,yes,1,-0.4549840588963434,0.45842951678320015,0.4515414720267231,1570,1577,2026-06-01 14:13:55.014393,3
1130,8,P10,no,10,-3.908494880424314,0.5758000536158003,0.6418340450887311,1323,1302,2026-06-01 14:13:55.043000,3
1131,8,P20,no,5,1.871648155040475,0.6418340450887311,0.6093175418435606,1323,1307,2026-06-01 14:13:55.067530,3
1132,8,P01,no,4,1.6160343374074273,0.6093175418435606,0.5825702064623147,1323,1311,2026-06-01 14:13:55.090123,3
2549,10,P02,no,1,-0.24508804575816612,0.7523361988609284,0.7574755792628283,1798,1757,2026-06-01 14:13:55.105720,3
468,7,P09,no,11,-2.7568725007447483,0.7199965396446176,0.7772998611746911,1010,965,2026-06-01 14:13:55.107962,3
469,7,P11,no,1,0.22511671166694214,0.7772998611746911,0.7724543828071839,1010,966,2026-06-01 14:13:55.115394,3
3306,17,P09,no,2,1.2186216983262739,0.3973146620215083,0.3840904084564866,190,207,2026-06-01 14:13:55.137132,5
1883,9,P09,no,1,0.5518949420409172,0.4515414720267231,0.444671944737631,1570,1578,2026-06-01 14:13:55.137890,3
3307,17,P23,yes,1,0.38738299639965135,0.3840904084564866,0.3906824581564393,191,207,2026-06-01 14:13:55.153565,5
3308,17,P04,yes,1,0.39399530527404636,0.3906824581564393,0.3973146620215083,192,207,2026-06-01 14:13:55.178365,5
3309,17,P24,yes,2,0.807981504785829,0.3973146620215083,0.41069062390857347,194,207,2026-06-01 14:13:55.184191,5
1884,9,P08,yes,12,-4.850379694877574,0.444671944737631,0.36457644074163925,1558,1578,2026-06-01 14:13:55.201563,3
1133,8,P10,yes,6,3.615770741665301,0.5825702064623147,0.6224593312018546,1329,1311,2026-06-01 14:13:55.218818,3
1134,8,P19,no,2,0.7681949209270442,0.6224593312018546,0.6093175418435606,1329,1313,2026-06-01 14:13:55.227327,3
3310,17,P05,no,12,7.544240294412788,0.41069062390857347,0.3330451148264414,194,219,2026-06-01 14:13:55.231257,5
470,7,P23,yes,1,-0.7700008441133832,0.7724543828071839,0.7675350070438758,1009,966,2026-06-01 14:13:55.237254,3
1885,9,P23,yes,13,5.298484752836657,0.36457644074163925,0.4515414720267231,1571,1578,2026-06-01 14:13:55.241825,3
3311,17,P03,no,12,8.43001487937994,0.3330451148264414,0.26351515505832507,194,231,2026-06-01 14:13:55.252949,5
1886,9,P18,no,4,-2.138630570593932,0.4515414720267231,0.4791787146272571,1571,1574,2026-06-01 14:13:55.265089,3
1887,9,P08,yes,1,-0.4757139608448142,0.4791787146272571,0.47225076494548685,1570,1574,2026-06-01 14:13:55.282493,3
1888,9,P18,no,16,-7.557824812432955,0.47225076494548685,0.5825702064623147,1570,1558,2026-06-01 14:13:55.318007,3
3312,17,P04,yes,1,0.2662224153924342,0.26351515505832507,0.2689414213699951,195,231,2026-06-01 14:13:55.332196,5
3313,17,P04,yes,2,0.5488986785221641,0.2689414213699951,0.2800034603553825,197,231,2026-06-01 14:13:55.336437,5
3314,17,P05,no,20,15.42455857820093,0.2800034603553825,0.18242552380635632,197,251,2026-06-01 14:13:55.345310,5
1889,9,P12,no,2,0.8484094159750839,0.5825702064623147,0.5690013325681905,1570,1560,2026-06-01 14:13:55.347855,3
3315,17,P04,yes,3,0.5662498442195556,0.18242552380635632,0.19518467701384015,200,251,2026-06-01 14:13:55.355922,5
3316,17,P08,yes,15,3.460292899057322,0.19518467701384015,0.2689414213699951,215,251,2026-06-01 14:13:55.357219,5
3317,17,P20,yes,10,2.9737930709289344,0.2689414213699951,0.32690382227776793,225,251,2026-06-01 14:13:55.362695,5
471,7,P23,no,6,1.486635539276449,0.7675350070438758,0.736484844941675,1009,972,2026-06-01 14:13:55.366826,3
472,7,P18,yes,20,15.710718705190857,0.736484844941675,0.8296760813561542,1029,972,2026-06-01 14:13:55.394803,3
473,7,P18,yes,1,0.8316268084483909,0.8296760813561542,0.8335655924457414,1030,972,2026-06-01 14:13:55.394804,3
1890,9,P15,no,1,0.4344090108445471,0.5690013325681905,0.5621765008857981,1570,1561,2026-06-01 14:13:55.424075,3
1891,9,P19,no,1,0.4412458590929873,0.5621765008857981,0.555328055262369,1570,1562,2026-06-01 14:13:55.425286,3
3318,17,P21,yes,1,0.3299696342987204,0.32690382227776793,0.3330451148264414,226,251,2026-06-01 14:13:55.427846,5
3319,17,P20,yes,1,0.3361396707909421,0.3330451148264414,0.33924363123418283,227,251,2026-06-01 14:13:55.468262,5
3320,17,P14,yes,2,0.6910134722462544,0.33924363123418283,0.3518057801362553,229,251,2026-06-01 14:13:55.471011,5
3321,17,P22,no,1,0.6513526546054891,0.3518057801362553,0.3454977507481214,229,252,2026-06-01 14:13:55.473412,5
474,7,P08,yes,1,-0.8316268084483909,0.8335655924457414,0.8296760813561542,1029,972,2026-06-01 14:13:55.473464,3
2916,11,P14,no,2,0.6661093050897762,0.6730961777222321,0.6607563687658172,1891,1867,2026-06-01 14:13:55.498905,3
475,7,P20,no,4,0.7134701652430522,0.8296760813561542,0.8133949179068393,1029,976,2026-06-01 14:13:55.504712,3
2550,10,P21,no,1,-0.23998512580601528,0.7574755792628283,0.7625419716560975,1798,1756,2026-06-01 14:13:55.508314,3
1892,9,P20,yes,2,-1.0969108831445737,0.555328055262369,0.5415704832167999,1568,1562,2026-06-01 14:13:55.513244,3
3322,17,P22,no,1,0.6576338731482565,0.3454977507481214,0.33924363123418283,229,253,2026-06-01 14:13:55.527044,5
1135,8,P22,no,1,0.3939953052740748,0.6093175418435606,0.6026853379784917,1329,1314,2026-06-01 14:13:55.529627,3
476,7,P01,no,9,1.8591764344030253,0.8133949179068393,0.7724543828071839,1029,985,2026-06-01 14:13:55.533534,3
3323,17,P14,yes,1,0.3423661268517435,0.33924363123418283,0.3454977507481214,230,253,2026-06-01 14:13:55.534958,5
1893,9,P03,no,5,2.3786165191665987,0.5415704832167999,0.5069439979482607,1568,1567,2026-06-01 14:13:55.542329,3
477,7,P20,no,6,1.4558031927103912,0.7724543828071839,0.7418402904888368,1029,991,2026-06-01 14:13:55.547578,3
1894,9,P09,no,1,-0.4895850074617556,0.5069439979482607,0.5138853177460049,1568,1566,2026-06-01 14:13:55.549941,3
2551,10,P09,yes,1,0.7650446160455431,0.7625419716560975,0.7675350070438758,1799,1756,2026-06-01 14:13:55.554664,3
3324,17,P14,yes,1,0.34864734539456776,0.3454977507481214,0.3518057801362553,231,253,2026-06-01 14:13:55.578170,5
1895,9,P09,yes,4,2.110968488295157,0.5138853177460049,0.5415704832167999,1572,1566,2026-06-01 14:13:55.582024,3
3325,17,P15,no,7,4.689401026442454,0.3518057801362553,0.30883838763748533,231,260,2026-06-01 14:13:55.598877,5
1136,8,P10,no,2,-0.7813783016736124,0.6026853379784917,0.6159095915435134,1329,1312,2026-06-01 14:13:55.607677,3
3326,17,P24,yes,2,0.6296185947730351,0.30883838763748533,0.32082130082460697,233,260,2026-06-01 14:13:55.615062,5
1137,8,P13,no,1,0.38738299639953766,0.6159095915435134,0.6093175418435606,1329,1313,2026-06-01 14:13:55.653145,3
3327,17,P19,no,1,0.6821949176442104,0.32082130082460697,0.3147990233346844,233,261,2026-06-01 14:13:55.739308,5
2917,11,P09,yes,1,0.6638603292087737,0.6607563687658172,0.6669548851735586,1892,1867,2026-06-01 14:13:55.740287,3
3328,17,P14,yes,11,3.8380322172307046,0.3147990233346844,0.3840904084564866,244,261,2026-06-01 14:13:55.758842,5
1896,9,P18,yes,1,0.5450159411034292,0.5415704832167999,0.548458527973277,1573,1566,2026-06-01 14:13:55.763971,3
1897,9,P11,no,1,0.4549840588965708,0.548458527973277,0.5415704832167999,1573,1567,2026-06-01 14:13:55.777983,3
478,7,P09,yes,1,0.7444882597133073,0.7418402904888368,0.7471242672706695,1030,991,2026-06-01 14:13:55.790607,3
2552,10,P18,no,3,-0.675424124863639,0.7675350070438758,0.7820712676154848,1799,1753,2026-06-01 14:13:55.811678,3
1898,9,P17,no,1,0.4618802833090285,0.5415704832167999,0.534666513353404,1573,1568,2026-06-01 14:13:55.819845,3
2553,10,P02,no,1,-0.21557393642160605,0.7820712676154848,0.7867684891624728,1799,1752,2026-06-01 14:13:55.866695,3
2554,10,P02,no,1,-0.21091383191014756,0.7867684891624728,0.791391472673955,1799,1751,2026-06-01 14:13:55.877155,3
3329,17,P12,yes,9,3.727481619719981,0.3840904084564866,0.444671944737631,253,261,2026-06-01 14:13:55.886129,5
3330,17,P08,no,7,4.053896681953745,0.444671944737631,0.3973146620215083,253,268,2026-06-01 14:13:55.895448,5
3331,17,P19,no,1,0.6060046947259252,0.3973146620215083,0.3906824581564393,253,269,2026-06-01 14:13:55.921583,5
1899,9,P23,no,6,2.91673623585757,0.534666513353404,0.49305600205173933,1573,1574,2026-06-01 14:13:55.941415,3
479,7,P18,no,1,0.25551174028692003,0.7471242672706695,0.7418402904888368,1030,992,2026-06-01 14:13:55.977980,3
2555,10,P12,no,1,0.21091383191014756,0.791391472673955,0.7867684891624728,1799,1752,2026-06-01 14:13:55.992420,3
1138,8,P18,yes,4,-2.3839656625923453,0.6093175418435606,0.5825702064623147,1325,1313,2026-06-01 14:13:56.028325,3
3332,17,P19,no,15,9.856868437520575,0.3906824581564393,0.2971072549863309,253,284,2026-06-01 14:13:56.047471,5
2556,10,P02,no,1,-0.21091383191014756,0.7867684891624728,0.791391472673955,1799,1751,2026-06-01 14:13:56.047737,3
3333,17,P04,yes,1,0.300018584699842,0.2971072549863309,0.3029407160345927,254,284,2026-06-01 14:13:56.048955,5
3334,17,P11,yes,14,4.84311297777964,0.3029407160345927,0.3906824581564393,268,284,2026-06-01 14:13:56.062487,5
3335,17,P04,no,12,7.774584786369587,0.3906824581564393,0.3147990233346844,268,296,2026-06-01 14:13:56.095006,5
1139,8,P09,yes,1,-0.5791876120235884,0.5825702064623147,0.5758000536158003,1324,1313,2026-06-01 14:13:56.114409,3
3336,17,P17,yes,1,0.3178050823557328,0.3147990233346844,0.32082130082460697,269,296,2026-06-01 14:13:56.132371,5
480,7,P09,no,1,-0.25551174028692003,0.7418402904888368,0.7471242672706695,1030,991,2026-06-01 14:13:56.140765,3
3337,17,P12,yes,1,0.3238576014485943,0.32082130082460697,0.32690382227776793,270,296,2026-06-01 14:13:56.148907,5
2918,11,P09,no,1,-0.32996963429854986,0.6669548851735586,0.6730961777222321,1892,1866,2026-06-01 14:13:56.157361,3
3338,17,P10,yes,1,0.3299696342987204,0.32690382227776793,0.3330451148264414,271,296,2026-06-01 14:13:56.165906,5
3339,17,P15,yes,7,2.4855879746001506,0.3330451148264414,0.37754066879814546,278,296,2026-06-01 14:13:56.197385,5
1900,9,P22,no,1,0.5104149925382444,0.49305600205173933,0.4861146822539951,1573,1575,2026-06-01 14:13:56.242498,3
3340,17,P22,no,1,0.6257157842682659,0.37754066879814546,0.3710353350500268,278,297,2026-06-01 14:13:56.251676,5
2557,10,P13,no,1,0.21091383191014756,0.791391472673955,0.7867684891624728,1799,1752,2026-06-01 14:13:56.253820,3
1901,9,P09,yes,2,0.9861128968664161,0.4861146822539951,0.5,1575,1575,2026-06-01 14:13:56.292202,3
2558,10,P02,no,1,-0.21091383191014756,0.7867684891624728,0.791391472673955,1799,1751,2026-06-01 14:13:56.311875,3
3341,17,P05,no,1,0.6321980651017043,0.3710353350500268,0.36457644074163925,278,298,2026-06-01 14:13:56.323465,5
481,7,P14,no,1,0.25551174028692003,0.7471242672706695,0.7418402904888368,1030,992,2026-06-01 14:13:56.325074,3
3342,17,P19,no,1,0.6386329165169968,0.36457644074163925,0.358165954911269,278,299,2026-06-01 14:13:56.348370,5
482,7,P18,no,1,-0.25551174028692003,0.7418402904888368,0.7471242672706695,1030,991,2026-06-01 14:13:56.376876,3
1902,9,P23,no,9,4.780520615480327,0.5,0.4378234991142019,1575,1584,2026-06-01 14:13:56.420809,3
1903,9,P18,no,1,0.5655909891554529,0.4378234991142019,0.4309986674318095,1575,1585,2026-06-01 14:13:56.427923,3
1904,9,P08,yes,5,2.240624270101989,0.4309986674318095,0.46533348664659613,1580,1585,2026-06-01 14:13:56.434931,3
1905,9,P09,yes,1,0.4687911263558817,0.46533348664659613,0.47225076494548685,1581,1585,2026-06-01 14:13:56.444856,3
483,7,P09,yes,13,10.129257547513134,0.7471242672706695,0.8091419557551346,1043,991,2026-06-01 14:13:56.457775,3
3343,17,P22,no,6,3.9640380237655677,0.358165954911269,0.32082130082460697,278,305,2026-06-01 14:13:56.482734,5
2559,10,P09,no,1,-0.20632796774816597,0.791391472673955,0.7959402230407707,1799,1750,2026-06-01 14:13:56.506798,3
2919,11,P14,yes,13,-8.214270660113925,0.6730961777222321,0.5893093760914265,1879,1866,2026-06-01 14:13:56.514499,3
2920,11,P08,yes,11,6.880379965203474,0.5893093760914265,0.6607563687658172,1890,1866,2026-06-01 14:13:56.529941,3
484,7,P13,no,6,1.225026031086145,0.8091419557551346,0.7820712676154848,1043,997,2026-06-01 14:13:56.536004,3
2560,10,P21,yes,1,0.7981836892058709,0.7959402230407707,0.8004148013462675,1800,1750,2026-06-01 14:13:56.538604,3
3344,17,P20,yes,1,0.3238576014485943,0.32082130082460697,0.32690382227776793,279,305,2026-06-01 14:13:56.544537,5
3345,17,P11,yes,1,0.3299696342987204,0.32690382227776793,0.3330451148264414,280,305,2026-06-01 14:13:56.560215,5
2561,10,P13,yes,1,-0.7981836892058709,0.8004148013462675,0.7959402230407707,1799,1750,2026-06-01 14:13:56.565530,3
3346,17,P10,yes,5,1.743501823970064,0.3330451148264414,0.36457644074163925,285,305,2026-06-01 14:13:56.578149,5
2921,11,P09,yes,2,-1.3089865277538593,0.6607563687658172,0.6481942198637447,1888,1866,2026-06-01 14:13:56.583213,3
485,7,P11,no,1,0.22030825731008008,0.7820712676154848,0.7772998611746911,1043,998,2026-06-01 14:13:56.605314,3
2922,11,P09,yes,2,1.3089865277538593,0.6481942198637447,0.6607563687658172,1890,1866,2026-06-01 14:13:56.642135,3
3347,17,P17,no,1,0.6386329165170537,0.36457644074163925,0.358165954911269,285,306,2026-06-01 14:13:56.654473,5
3348,17,P09,yes,4,1.4842651586405964,0.358165954911269,0.3840904084564866,289,306,2026-06-01 14:13:56.664562,5
3884,18,P17,no,2,-1.9253376729088814,0.03634146014678239,0.03833797212535963,1362,1478,2026-06-01 14:13:56.704059,5
1906,9,P01,yes,1,-0.4687911263558817,0.47225076494548685,0.46533348664659613,1580,1585,2026-06-01 14:13:56.709776,3
2923,11,P18,no,4,1.4073621531792924,0.6607563687658172,0.6354235592583607,1890,1870,2026-06-01 14:13:56.713166,3
3349,17,P17,no,1,0.6191880754724934,0.3840904084564866,0.37754066879814546,289,307,2026-06-01 14:13:56.730592,5
486,7,P12,yes,4,-3.0699436226857415,0.7772998611746911,0.7574755792628283,1039,998,2026-06-01 14:13:56.734511,3
2924,11,P11,yes,3,1.9350039736725648,0.6354235592583607,0.6545022492518787,1893,1870,2026-06-01 14:13:56.769530,3
1907,9,P09,no,6,-3.0832637641426572,0.46533348664659613,0.5069439979482607,1580,1579,2026-06-01 14:13:56.812104,3
3350,17,P15,yes,7,-2.4855879746001506,0.37754066879814546,0.3330451148264414,282,307,2026-06-01 14:13:56.832180,5
3351,17,P17,no,20,14.488263472549704,0.3330451148264414,0.22270013882530884,282,327,2026-06-01 14:13:56.846206,5
3352,17,P17,no,2,1.5641178062682002,0.22270013882530884,0.2132315108375271,282,329,2026-06-01 14:13:56.846207,5
1908,9,P13,no,13,6.994230078065357,0.5069439979482607,0.41742979353768533,1580,1592,2026-06-01 14:13:56.848381,3
3353,17,P19,no,1,0.7890861680900798,0.2132315108375271,0.20860852732604496,282,330,2026-06-01 14:13:56.883370,5
2925,11,P14,no,20,8.224850208570388,0.6545022492518787,0.520821285372743,1893,1890,2026-06-01 14:13:56.891966,3
1140,8,P18,yes,4,2.3571485798900085,0.5758000536158003,0.6026853379784917,1328,1313,2026-06-01 14:13:56.909059,3
2562,10,P22,no,8,1.7831803707040308,0.7959402230407707,0.7574755792628283,1799,1758,2026-06-01 14:13:56.910738,3
3354,17,P16,yes,1,0.2109138319099202,0.20860852732604496,0.2132315108375271,283,330,2026-06-01 14:13:56.910910,5
2926,11,P07,no,1,-0.4757139608448142,0.520821285372743,0.5277492350545132,1893,1889,2026-06-01 14:13:56.913457,3
2927,11,P16,no,7,-3.1370124244567705,0.5277492350545132,0.5758000536158003,1893,1882,2026-06-01 14:13:56.921859,3
1909,9,P18,no,1,0.5859424726522775,0.41742979353768533,0.41069062390857347,1580,1593,2026-06-01 14:13:56.927239,3
487,7,P09,yes,5,3.8496353653756614,0.7574755792628283,0.7820712676154848,1044,998,2026-06-01 14:13:56.938672,3
2928,11,P18,no,1,-0.420812387976639,0.5758000536158003,0.5825702064623147,1893,1881,2026-06-01 14:13:56.956972,3
1910,9,P22,yes,1,0.4140575273477225,0.41069062390857347,0.41742979353768533,1581,1593,2026-06-01 14:13:56.998326,3
2563,10,P21,no,1,-0.23998512580601528,0.7574755792628283,0.7625419716560975,1799,1757,2026-06-01 14:13:57.000435,3
488,7,P19,no,11,2.6999658744168755,0.7820712676154848,0.7255622121589215,1044,1009,2026-06-01 14:13:57.033277,3
3355,17,P22,no,8,6.4369470593589995,0.2132315108375271,0.17831905610769247,283,338,2026-06-01 14:13:57.054285,5
2929,11,P01,no,1,-0.4140575273477225,0.5825702064623147,0.5893093760914265,1893,1880,2026-06-01 14:13:57.065382,3
3356,17,P20,yes,1,0.18036621331845026,0.17831905610769247,0.18242552380635632,284,338,2026-06-01 14:13:57.069831,5
2930,11,P22,yes,1,0.5926651615216088,0.5893093760914265,0.5960151933265168,1894,1880,2026-06-01 14:13:57.076535,3
1141,8,P18,no,1,-0.3939953052740748,0.6026853379784917,0.6093175418435606,1328,1312,2026-06-01 14:13:57.100299,3
2931,11,P11,no,14,-5.020057185211726,0.5960151933265168,0.6852009766653157,1894,1866,2026-06-01 14:13:57.105796,3
2932,11,P14,yes,1,-0.6821949176442104,0.6852009766653157,0.679178699175393,1893,1866,2026-06-01 14:13:57.123852,3
3357,17,P18,yes,1,0.18450919831860801,0.18242552380635632,0.18660508209316082,285,338,2026-06-01 14:13:57.131040,5
3358,17,P20,yes,8,1.634059722735799,0.18660508209316082,0.22270013882530884,293,338,2026-06-01 14:13:57.142342,5
3359,17,P21,yes,2,0.45511586755361577,0.22270013882530884,0.2324649929561242,295,338,2026-06-01 14:13:57.155497,5
3360,17,P09,yes,9,2.3017566331911326,0.2324649929561242,0.2800034603553825,304,338,2026-06-01 14:13:57.155551,5
3361,17,P15,no,1,0.722785116362104,0.2800034603553825,0.2744377878410785,304,339,2026-06-01 14:13:57.171730,5
3362,17,P01,yes,14,4.4142136508304475,0.2744377878410785,0.358165954911269,318,339,2026-06-01 14:13:57.194457,5
1911,9,P23,yes,1,0.42081238797641163,0.41742979353768533,0.4241999463841996,1582,1593,2026-06-01 14:13:57.206089,3
489,7,P08,yes,2,1.4620937897232125,0.7255622121589215,0.736484844941675,1046,1009,2026-06-01 14:13:57.213628,3
2564,10,P02,yes,1,0.7650446160455431,0.7625419716560975,0.7675350070438758,1800,1757,2026-06-01 14:13:57.219894,3
2933,11,P18,no,1,0.323857601448708,0.679178699175393,0.6730961777222321,1893,1867,2026-06-01 14:13:57.230363,3
1142,8,P18,no,1,0.3939953052740748,0.6093175418435606,0.6026853379784917,1328,1313,2026-06-01 14:13:57.233900,3
3363,17,P20,no,4,2.6178652595129392,0.358165954911269,0.3330451148264414,318,343,2026-06-01 14:13:57.239058,5
3364,17,P23,yes,14,5.290629620911204,0.3330451148264414,0.4241999463841996,332,343,2026-06-01 14:13:57.270627,5
1143,8,P18,no,1,-0.3939953052740748,0.6026853379784917,0.6093175418435606,1328,1312,2026-06-01 14:13:57.271921,3
3365,17,P04,no,1,0.5791876120237589,0.4241999463841996,0.41742979353768533,332,344,2026-06-01 14:13:57.273279,5
3366,17,P01,no,1,0.5859424726521638,0.41742979353768533,0.41069062390857347,332,345,2026-06-01 14:13:57.297207,5
2934,11,P08,no,11,3.9777478350997626,0.6730961777222321,0.6026853379784917,1893,1878,2026-06-01 14:13:57.310010,3
1144,8,P18,no,1,0.3939953052740748,0.6093175418435606,0.6026853379784917,1328,1313,2026-06-01 14:13:57.320677,3
2935,11,P14,no,1,0.40064666630746615,0.6026853379784917,0.5960151933265168,1893,1879,2026-06-01 14:13:57.325548,3
3367,17,P10,no,1,0.5926651615214951,0.41069062390857347,0.4039848066734832,332,346,2026-06-01 14:13:57.347222,5
2936,11,P14,yes,6,-3.454543348261268,0.5960151933265168,0.555328055262369,1887,1879,2026-06-01 14:13:57.378433,3
3368,17,P07,no,1,0.5993533336927612,0.4039848066734832,0.3973146620215083,332,347,2026-06-01 14:13:57.414456,5
3369,17,P09,no,6,3.7343565396856206,0.3973146620215083,0.358165954911269,332,353,2026-06-01 14:13:57.427397,5
3370,17,P19,no,3,1.9540049303038813,0.358165954911269,0.33924363123418283,332,356,2026-06-01 14:13:57.436773,5
3371,17,P11,yes,5,1.7751640880774744,0.33924363123418283,0.3710353350500268,337,356,2026-06-01 14:13:57.444824,5
2937,11,P22,yes,4,2.2759357140873817,0.555328055262369,0.5825702064623147,1891,1879,2026-06-01 14:13:57.448645,3
2565,10,P02,no,1,-0.2299991558866168,0.7675350070438758,0.7724543828071839,1800,1756,2026-06-01 14:13:57.451366,3
2566,10,P14,no,1,0.2299991558866168,0.7724543828071839,0.7675350070438758,1800,1757,2026-06-01 14:13:57.463276,3
3372,17,P24,yes,5,1.9371211082403192,0.3710353350500268,0.4039848066734832,342,356,2026-06-01 14:13:57.473516,5
2567,10,P18,no,11,2.8730542731500464,0.7675350070438758,0.7086608250294356,1800,1768,2026-06-01 14:13:57.484217,3
1145,8,P18,no,1,-0.3939953052740748,0.6026853379784917,0.6093175418435606,1328,1312,2026-06-01 14:13:57.493045,3
2938,11,P11,no,2,-0.8213923658263411,0.5825702064623147,0.5960151933265168,1891,1877,2026-06-01 14:13:57.504792,3
3373,17,P05,no,19,12.479525956637815,0.4039848066734832,0.2856375705089441,342,375,2026-06-01 14:13:57.516303,5
1912,9,P09,no,1,0.5791876120235884,0.4241999463841996,0.41742979353768533,1582,1594,2026-06-01 14:13:57.534610,3
3374,17,P24,yes,1,0.2884827895068156,0.2856375705089441,0.29133917497056444,343,375,2026-06-01 14:13:57.537514,5
3375,17,P17,yes,4,1.2119340686435862,0.29133917497056444,0.3147990233346844,347,375,2026-06-01 14:13:57.553062,5
3376,17,P09,no,1,-0.6821949176442104,0.3147990233346844,0.32082130082460697,347,374,2026-06-01 14:13:57.557157,5
3377,17,P03,no,2,1.370381405226965,0.32082130082460697,0.30883838763748533,347,376,2026-06-01 14:13:57.559619,5
490,7,P14,no,1,-0.26083150245244724,0.736484844941675,0.7418402904888368,1046,1008,2026-06-01 14:13:57.559958,3
1146,8,P18,no,1,0.3939953052740748,0.6093175418435606,0.6026853379784917,1328,1313,2026-06-01 14:13:57.563970,3
1147,8,P18,yes,6,-3.495142541046789,0.6026853379784917,0.5621765008857981,1322,1313,2026-06-01 14:13:57.585320,3
3378,17,P12,yes,4,1.283445830520293,0.30883838763748533,0.3330451148264414,351,376,2026-06-01 14:13:57.593178,5
2939,11,P01,yes,1,0.5993533336927612,0.5960151933265168,0.6026853379784917,1892,1877,2026-06-01 14:13:57.596583,3
2568,10,P08,no,1,-0.288482789507043,0.7086608250294356,0.7143624294910559,1800,1767,2026-06-01 14:13:57.605426,3
2569,10,P12,yes,1,0.7171851495479586,0.7143624294910559,0.7199965396446176,1801,1767,2026-06-01 14:13:57.654123,3
3379,17,P03,no,20,14.488263472549761,0.3330451148264414,0.22270013882530884,351,396,2026-06-01 14:13:57.658750,5
3380,17,P06,yes,1,0.22511671166705582,0.22270013882530884,0.22754561719281613,352,396,2026-06-01 14:13:57.684514,5
491,7,P09,yes,1,0.74448825971308,0.7418402904888368,0.7471242672706695,1047,1008,2026-06-01 14:13:57.693835,3
2940,11,P13,no,1,-0.3939953052738474,0.6026853379784917,0.6093175418435606,1892,1876,2026-06-01 14:13:57.709522,3
3381,17,P15,yes,1,0.2299991558866168,0.22754561719281613,0.2324649929561242,353,396,2026-06-01 14:13:57.714440,5
3382,17,P21,yes,11,2.873054273149876,0.2324649929561242,0.29133917497056444,364,396,2026-06-01 14:13:57.749340,5
1148,8,P10,no,1,-0.4344090108443197,0.5621765008857981,0.5690013325681905,1322,1312,2026-06-01 14:13:57.760074,3
1149,8,P09,no,3,-1.2624669433228064,0.5690013325681905,0.5893093760914265,1322,1309,2026-06-01 14:13:57.767341,3
3383,17,P05,no,17,12.818705865906622,0.29133917497056444,0.20405977695922933,364,413,2026-06-01 14:13:57.772767,5
2941,11,P09,no,1,-0.38738299639976503,0.6093175418435606,0.6159095915435134,1892,1875,2026-06-01 14:13:57.782079,3
492,7,P09,yes,2,1.5046482132236179,0.7471242672706695,0.7574755792628283,1049,1008,2026-06-01 14:13:57.789357,3
3384,17,P10,yes,1,0.20632796774816597,0.20405977695922933,0.20860852732604496,365,413,2026-06-01 14:13:57.804423,5
3385,17,P04,yes,8,1.821940448713974,0.20860852732604496,0.2476638011390716,373,413,2026-06-01 14:13:57.805663,5
2942,11,P12,yes,1,0.6191880754727208,0.6159095915435134,0.6224593312018546,1893,1875,2026-06-01 14:13:57.810142,3
1913,9,P18,no,4,2.3839656625923453,0.41742979353768533,0.3906824581564393,1582,1598,2026-06-01 14:13:57.814049,3
3386,17,P12,yes,1,0.25026374101827287,0.2476638011390716,0.25287573272933045,374,413,2026-06-01 14:13:57.822641,5
3387,17,P19,no,16,12.575656701536616,0.25287573272933045,0.17831905610769247,374,429,2026-06-01 14:13:57.840194,5
2943,11,P18,no,1,-0.3742842157319046,0.6224593312018546,0.6289646649499733,1893,1874,2026-06-01 14:13:57.850955,3
3388,17,P08,no,3,-2.446399154023254,0.17831905610769247,0.19085804424486547,374,426,2026-06-01 14:13:57.870083,5
1914,9,P24,yes,3,1.2019768100599322,0.3906824581564393,0.41069062390857347,1585,1598,2026-06-01 14:13:57.888628,3
1915,9,P17,yes,20,9.586226871219651,0.41069062390857347,0.548458527973277,1605,1598,2026-06-01 14:13:57.903026,3
1916,9,P07,no,1,0.4549840588963434,0.548458527973277,0.5415704832167999,1605,1599,2026-06-01 14:13:57.916786,3
1150,8,P10,yes,1,0.592665161521154,0.5893093760914265,0.5960151933265168,1323,1309,2026-06-01 14:13:57.936796,3
1917,9,P18,no,2,0.9306714096651376,0.5415704832167999,0.5277492350545132,1605,1601,2026-06-01 14:13:57.937301,3
1918,9,P23,no,1,0.4757139608448142,0.5277492350545132,0.520821285372743,1605,1602,2026-06-01 14:13:57.979899,3
3389,17,P04,yes,1,0.19301521156131685,0.19085804424486547,0.19518467701384015,375,426,2026-06-01 14:13:58.089741,5
2570,10,P14,no,1,-0.27721488363749813,0.7199965396446176,0.7255622121589215,1801,1766,2026-06-01 14:13:58.123399,3
1919,9,P19,no,1,0.48264614119489124,0.520821285372743,0.5138853177460049,1605,1603,2026-06-01 14:13:58.128821,3
3390,17,P09,yes,3,0.6055230511930745,0.19518467701384015,0.20860852732604496,378,426,2026-06-01 14:13:58.194635,5
3391,17,P11,yes,14,3.4036685263864683,0.20860852732604496,0.2800034603553825,392,426,2026-06-01 14:13:58.195517,5
3392,17,P10,yes,1,0.28281485045204136,0.2800034603553825,0.2856375705089441,393,426,2026-06-01 14:13:58.208594,5
2944,11,P18,no,10,-3.3947495893887663,0.6289646649499733,0.6911616123625146,1893,1864,2026-06-01 14:13:58.212100,3
3393,17,P24,yes,1,0.28848278950675876,0.2856375705089441,0.29133917497056444,394,426,2026-06-01 14:13:58.240613,5
2945,11,P11,no,1,0.31181351241730226,0.6911616123625146,0.6852009766653157,1893,1865,2026-06-01 14:13:58.246232,3
3394,17,P13,no,10,-6.789280470216113,0.29133917497056444,0.3518057801362553,394,416,2026-06-01 14:13:58.258975,5
493,7,P09,yes,8,6.216819629295742,0.7574755792628283,0.7959402230407707,1057,1008,2026-06-01 14:13:58.273342,3
2571,10,P12,yes,5,3.6954868059651744,0.7255622121589215,0.7523361988609284,1806,1766,2026-06-01 14:13:58.355942,3
3395,17,P19,no,6,4.001214538859699,0.3518057801362553,0.3147990233346844,394,422,2026-06-01 14:13:58.369720,5
3396,17,P23,yes,13,4.619410518904431,0.3147990233346844,0.3973146620215083,407,422,2026-06-01 14:13:58.370356,5
3397,17,P15,no,1,0.6060046947259821,0.3973146620215083,0.3906824581564393,407,423,2026-06-01 14:13:58.378692,5
3398,17,P17,no,1,0.6126170036002918,0.3906824581564393,0.3840904084564866,407,424,2026-06-01 14:13:58.383456,5
3399,17,P08,no,1,0.6191880754724934,0.3840904084564866,0.37754066879814546,407,425,2026-06-01 14:13:58.449174,5
3400,17,P22,no,1,0.6257157842682659,0.37754066879814546,0.3710353350500268,407,426,2026-06-01 14:13:58.463126,5
1920,9,P12,no,1,0.4895850074617556,0.5138853177460049,0.5069439979482607,1605,1604,2026-06-01 14:13:58.490532,3
3401,17,P09,yes,8,3.1793258620429015,0.3710353350500268,0.4241999463841996,415,426,2026-06-01 14:13:58.497907,5
3402,17,P11,yes,4,-1.6428514201098778,0.4241999463841996,0.3973146620215083,411,426,2026-06-01 14:13:58.503710,5
2946,11,P09,no,1,0.31780508235578964,0.6852009766653157,0.679178699175393,1893,1866,2026-06-01 14:13:58.512601,3
3403,17,P01,no,1,0.6060046947259252,0.3973146620215083,0.3906824581564393,411,427,2026-06-01 14:13:58.525621,5
3404,17,P13,yes,1,-0.38738299639965135,0.3906824581564393,0.3840904084564866,410,427,2026-06-01 14:13:58.560341,5
494,7,P12,no,14,3.332781610496795,0.7959402230407707,0.7255622121589215,1057,1022,2026-06-01 14:13:58.570844,3
1921,9,P12,no,1,0.4965278894046605,0.5069439979482607,0.5,1605,1605,2026-06-01 14:13:58.572500,3
3405,17,P20,yes,1,-0.3808119245275634,0.3840904084564866,0.37754066879814546,409,427,2026-06-01 14:13:58.578944,5
3406,17,P03,no,1,0.6257157842682659,0.37754066879814546,0.3710353350500268,409,428,2026-06-01 14:13:58.593052,5
2947,11,P14,no,6,2.035961976234148,0.679178699175393,0.6418340450887311,1893,1872,2026-06-01 14:13:58.612400,3
2948,11,P18,no,8,-2.66558057100724,0.6418340450887311,0.6911616123625146,1893,1864,2026-06-01 14:13:58.640256,3
3407,17,P04,no,10,6.605250410611234,0.3710353350500268,0.30883838763748533,409,438,2026-06-01 14:13:58.642871,5
3408,17,P19,no,1,0.6941157482680183,0.30883838763748533,0.3029407160345927,409,439,2026-06-01 14:13:58.657318,5
1151,8,P18,yes,1,0.5993533336929886,0.5960151933265168,0.6026853379784917,1324,1309,2026-06-01 14:13:58.668148,3
1152,8,P10,yes,1,0.6060046947259252,0.6026853379784917,0.6093175418435606,1325,1309,2026-06-01 14:13:58.683166,3
3409,17,P24,yes,2,0.6176977641493409,0.3029407160345927,0.3147990233346844,411,439,2026-06-01 14:13:58.688338,5
3410,17,P18,yes,1,-0.31181351241730226,0.3147990233346844,0.30883838763748533,410,439,2026-06-01 14:13:58.708359,5
3411,17,P09,yes,19,7.001672479430397,0.30883838763748533,0.4309986674318095,429,439,2026-06-01 14:13:58.719591,5
3412,17,P22,no,1,0.5724029720011004,0.4309986674318095,0.4241999463841996,429,440,2026-06-01 14:13:58.728590,5
2572,10,P02,no,14,-2.993713344126718,0.7523361988609284,0.8175744761936437,1806,1752,2026-06-01 14:13:58.789872,3
2573,10,P13,no,5,0.965444927664521,0.8175744761936437,0.7959402230407707,1806,1757,2026-06-01 14:13:58.791263,3
1922,9,P22,no,6,3.124855591428741,0.5,0.45842951678320015,1605,1611,2026-06-01 14:13:58.803278,3
3413,17,P22,no,9,5.45287220305886,0.4241999463841996,0.36457644074163925,429,449,2026-06-01 14:13:58.820872,5
2574,10,P19,no,6,1.3082398609433312,0.7959402230407707,0.7675350070438758,1806,1763,2026-06-01 14:13:58.892268,3
1923,9,P18,no,1,0.5450159411034292,0.45842951678320015,0.4515414720267231,1605,1612,2026-06-01 14:13:58.949636,3
2949,11,P18,yes,1,0.6941157482681319,0.6911616123625146,0.6970592839654074,1894,1864,2026-06-01 14:13:59.013231,3
1924,9,P18,no,6,3.4137731287808037,0.4515414720267231,0.41069062390857347,1605,1618,2026-06-01 14:13:59.021203,3
495,7,P09,yes,1,0.7283162051157888,0.7255622121589215,0.7310585786300049,1058,1022,2026-06-01 14:13:59.067465,3
1925,9,P18,no,1,0.592665161521154,0.41069062390857347,0.4039848066734832,1605,1619,2026-06-01 14:13:59.090891,3
2950,11,P19,no,1,0.30588425173186806,0.6970592839654074,0.6911616123625146,1894,1865,2026-06-01 14:13:59.091248,3
3414,17,P15,no,1,0.6386329165169968,0.36457644074163925,0.358165954911269,429,450,2026-06-01 14:13:59.104693,5
1153,8,P18,yes,1,0.612617003600235,0.6093175418435606,0.6159095915435134,1326,1309,2026-06-01 14:13:59.139956,3
2951,11,P09,no,1,0.31181351241730226,0.6911616123625146,0.6852009766653157,1894,1866,2026-06-01 14:13:59.198413,3
3415,17,P05,no,1,0.6450184025501358,0.358165954911269,0.3518057801362553,429,451,2026-06-01 14:13:59.198630,5
3416,17,P22,no,1,0.6513526546054891,0.3518057801362553,0.3454977507481214,429,452,2026-06-01 14:13:59.203251,5
2952,11,P09,yes,1,-0.6821949176442104,0.6852009766653157,0.679178699175393,1893,1866,2026-06-01 14:13:59.225943,3
1926,9,P20,no,11,-6.1450688608956625,0.4039848066734832,0.4791787146272571,1605,1608,2026-06-01 14:13:59.229263,3
2953,11,P09,no,1,0.323857601448708,0.679178699175393,0.6730961777222321,1893,1867,2026-06-01 14:13:59.243681,3
1154,8,P09,no,1,0.38738299639953766,0.6159095915435134,0.6093175418435606,1326,1310,2026-06-01 14:13:59.247593,3
2575,10,P21,no,8,-1.7074349443882966,0.7675350070438758,0.8048153229861598,1806,1755,2026-06-01 14:13:59.269798,3
3417,17,P24,yes,1,0.34864734539456776,0.3454977507481214,0.3518057801362553,430,452,2026-06-01 14:13:59.283760,5
3418,17,P19,no,1,0.6513526546054322,0.3518057801362553,0.3454977507481214,430,453,2026-06-01 14:13:59.284540,5
2576,10,P22,no,5,1.0320108195246576,0.8048153229861598,0.7820712676154848,1806,1760,2026-06-01 14:13:59.284832,3
2577,10,P21,yes,2,1.5735122316684738,0.7820712676154848,0.791391472673955,1808,1760,2026-06-01 14:13:59.321004,3
3419,17,P05,no,1,0.6576338731482565,0.3454977507481214,0.33924363123418283,430,454,2026-06-01 14:13:59.342738,5
2578,10,P08,yes,1,-0.7890861680900798,0.791391472673955,0.7867684891624728,1807,1760,2026-06-01 14:13:59.348947,3
496,7,P18,no,1,-0.2662224153925763,0.7310585786300049,0.736484844941675,1058,1021,2026-06-01 14:13:59.349245,3
1927,9,P20,yes,5,-2.309474487365378,0.4791787146272571,0.444671944737631,1600,1608,2026-06-01 14:13:59.378176,3
497,7,P18,yes,1,-0.7337775846074237,0.736484844941675,0.7310585786300049,1057,1021,2026-06-01 14:13:59.462109,3
2954,11,P09,no,1,0.32996963429854986,0.6730961777222321,0.6669548851735586,1893,1868,2026-06-01 14:13:59.545106,3
3420,17,P19,no,4,-2.592637846820878,0.33924363123418283,0.36457644074163925,430,450,2026-06-01 14:13:59.595505,5
2579,10,P20,yes,1,-0.784426063578394,0.7867684891624728,0.7820712676154848,1806,1760,2026-06-01 14:13:59.607631,3
1155,8,P09,no,1,0.3939953052740748,0.6093175418435606,0.6026853379784917,1326,1311,2026-06-01 14:13:59.626497,3
1928,9,P18,yes,1,0.44810505795908284,0.444671944737631,0.4515414720267231,1601,1608,2026-06-01 14:13:59.632904,3
3421,17,P19,no,1,0.6386329165170537,0.36457644074163925,0.358165954911269,430,451,2026-06-01 14:13:59.680456,5
2955,11,P09,no,1,0.33613967079099893,0.6669548851735586,0.6607563687658172,1893,1869,2026-06-01 14:13:59.736943,3
2956,11,P14,no,5,1.7751640880774175,0.6607563687658172,0.6289646649499733,1893,1874,2026-06-01 14:13:59.745449,3
3422,17,P22,no,1,0.6450184025501358,0.358165954911269,0.3518057801362553,430,452,2026-06-01 14:13:59.749499,5
498,7,P18,yes,2,1.4729460821549765,0.7310585786300049,0.7418402904888368,1059,1021,2026-06-01 14:13:59.762027,3
2957,11,P23,no,4,-1.4327979612257877,0.6289646649499733,0.6545022492518787,1893,1870,2026-06-01 14:13:59.783282,3
1156,8,P18,yes,2,-1.1920184952141426,0.6026853379784917,0.5893093760914265,1324,1311,2026-06-01 14:13:59.828961,3
1929,9,P18,yes,1,0.4549840588965708,0.4515414720267231,0.45842951678320015,1602,1608,2026-06-01 14:13:59.854957,3
1930,9,P09,no,1,0.5450159411034292,0.45842951678320015,0.4515414720267231,1602,1609,2026-06-01 14:13:59.885298,3
4011,19,P22,no,5,4.777917727131353,0.04742587317756679,0.04153132619455174,1631,1744,2026-06-01 14:13:59.931989,5
4012,19,P05,no,1,0.959016874544659,0.04153132619455174,0.04043956481800324,1631,1745,2026-06-01 14:13:59.958689,5
3423,17,P19,no,3,1.9728468569627466,0.3518057801362553,0.3330451148264414,430,455,2026-06-01 14:13:59.980411,5
2580,10,P02,yes,4,3.1653679531259513,0.7820712676154848,0.8004148013462675,1810,1760,2026-06-01 14:13:59.998790,3
2958,11,P18,no,1,0.3486473453945109,0.6545022492518787,0.6481942198637447,1893,1871,2026-06-01 14:14:00.006910,3
3424,17,P22,no,13,9.169183376927379,0.3330451148264414,0.2581597095111632,430,468,2026-06-01 14:14:00.031908,5
1931,9,P09,no,1,0.5518949420411445,0.4515414720267231,0.444671944737631,1602,1610,2026-06-01 14:14:00.036626,3
499,7,P18,yes,14,-9.83304370613655,0.7418402904888368,0.6607563687658172,1045,1021,2026-06-01 14:14:00.121326,3
2581,10,P02,no,1,-0.1973787726503815,0.8004148013462675,0.8048153229861598,1810,1759,2026-06-01 14:14:00.194102,3
3425,17,P05,no,5,3.774195963176055,0.2581597095111632,0.2324649929561242,430,473,2026-06-01 14:14:00.205918,5
500,7,P11,yes,8,5.480293942462367,0.6607563687658172,0.7086608250294356,1053,1021,2026-06-01 14:14:00.219392,3
3426,17,P20,yes,1,0.23495538395445692,0.2324649929561242,0.23745802834390253,431,473,2026-06-01 14:14:00.225809,5
2582,10,P11,no,1,0.1973787726503815,0.8048153229861598,0.8004148013462675,1810,1760,2026-06-01 14:14:00.251351,3
3427,17,P06,yes,10,2.638098889195419,0.23745802834390253,0.29133917497056444,441,473,2026-06-01 14:14:00.260028,5
3428,17,P11,no,1,-0.705782280205483,0.29133917497056444,0.2971072549863309,441,472,2026-06-01 14:14:00.272485,5
2583,10,P01,no,5,1.0549403041843561,0.8004148013462675,0.7772998611746911,1810,1765,2026-06-01 14:14:00.318784,3
2959,11,P18,no,1,-0.3486473453945109,0.6481942198637447,0.6545022492518787,1893,1870,2026-06-01 14:14:00.330315,3
1932,9,P18,no,7,-3.718294363977975,0.444671944737631,0.49305600205173933,1602,1603,2026-06-01 14:14:00.339610,3
501,7,P18,no,8,2.5197060575376327,0.7086608250294356,0.6607563687658172,1053,1029,2026-06-01 14:14:00.377555,3
1933,9,P22,no,1,0.5104149925382444,0.49305600205173933,0.4861146822539951,1602,1604,2026-06-01 14:14:00.384512,3
3429,17,P19,no,1,0.705782280205483,0.2971072549863309,0.29133917497056444,441,473,2026-06-01 14:14:00.409508,5
502,7,P12,yes,1,0.6638603292090011,0.6607563687658172,0.6669548851735586,1054,1029,2026-06-01 14:14:00.434323,3
2584,10,P09,no,1,-0.22030825731008008,0.7772998611746911,0.7820712676154848,1810,1764,2026-06-01 14:14:00.442992,3
503,7,P13,yes,1,0.6700303657014501,0.6669548851735586,0.6730961777222321,1055,1029,2026-06-01 14:14:00.469657,3
504,7,P11,no,12,-3.500846988773901,0.6730961777222321,0.7418402904888368,1055,1017,2026-06-01 14:14:00.483150,3
2960,11,P18,no,9,3.36991906946605,0.6545022492518787,0.5960151933265168,1893,1879,2026-06-01 14:14:00.491076,3
3430,17,P01,yes,9,2.862072184389376,0.29133917497056444,0.3454977507481214,450,473,2026-06-01 14:14:00.512959,5
2961,11,P13,yes,1,0.5993533336925339,0.5960151933265168,0.6026853379784917,1894,1879,2026-06-01 14:14:00.514613,3
1157,8,P18,yes,1,0.5926651615216088,0.5893093760914265,0.5960151933265168,1325,1311,2026-06-01 14:14:00.531848,3
3431,17,P24,yes,1,0.34864734539456776,0.3454977507481214,0.3518057801362553,451,473,2026-06-01 14:14:00.570537,5
2585,10,P02,no,9,-1.778626877062834,0.7820712676154848,0.8216809438923075,1810,1755,2026-06-01 14:14:00.619207,3
2962,11,P22,yes,1,0.6060046947259252,0.6026853379784917,0.6093175418435606,1895,1879,2026-06-01 14:14:00.632787,3
1934,9,P20,no,5,2.655984429398586,0.4861146822539951,0.4515414720267231,1602,1609,2026-06-01 14:14:00.650299,3
1158,8,P10,no,7,-2.6662901266217887,0.5960151933265168,0.6418340450887311,1325,1304,2026-06-01 14:14:00.688275,3
2963,11,P18,no,8,-2.9176432247363664,0.6093175418435606,0.6607563687658172,1895,1871,2026-06-01 14:14:00.691582,3
3885,18,P24,yes,12,0.5419119395430698,0.03833797212535963,0.05270556608289024,1374,1478,2026-06-01 14:14:00.701579,5
1935,9,P18,yes,3,1.385655468561481,0.4515414720267231,0.47225076494548685,1605,1609,2026-06-01 14:14:00.718103,3
3432,17,P19,no,1,0.6513526546054322,0.3518057801362553,0.3454977507481214,451,474,2026-06-01 14:14:00.734694,5
505,7,P09,yes,1,0.74448825971308,0.7418402904888368,0.7471242672706695,1056,1017,2026-06-01 14:14:00.738658,3
2586,10,P20,no,1,0.18036621331839342,0.8216809438923075,0.8175744761936437,1810,1756,2026-06-01 14:14:00.746432,3
3433,17,P09,yes,1,0.3486473453945109,0.3454977507481214,0.3518057801362553,452,474,2026-06-01 14:14:00.750780,5
4013,19,P03,yes,13,0.6276676248626245,0.04043956481800324,0.0570247014210931,1644,1745,2026-06-01 14:14:00.764978,5
2587,10,P03,no,1,0.18450919831866486,0.8175744761936437,0.8133949179068393,1810,1757,2026-06-01 14:14:00.808672,3
3434,17,P24,yes,1,0.3549815974499211,0.3518057801362553,0.358165954911269,453,474,2026-06-01 14:14:00.849264,5
3886,18,P24,yes,13,0.8159067191816121,0.05270556608289024,0.07393365254646753,1387,1478,2026-06-01 14:14:00.854007,5
1159,8,P09,no,1,0.3613670834831737,0.6418340450887311,0.6354235592583607,1325,1305,2026-06-01 14:14:00.887466,3
2588,10,P18,yes,1,0.8154908016813351,0.8133949179068393,0.8175744761936437,1811,1757,2026-06-01 14:14:00.915695,3
1936,9,P09,no,10,-4.93067140966491,0.47225076494548685,0.5415704832167999,1605,1599,2026-06-01 14:14:00.919098,3
3435,17,P09,yes,9,3.4876824924479024,0.358165954911269,0.41742979353768533,462,474,2026-06-01 14:14:00.921995,5
1160,8,P11,no,7,2.712257881617006,0.6354235592583607,0.5893093760914265,1325,1312,2026-06-01 14:14:00.922403,3
3436,17,P14,yes,10,-3.8426640898978235,0.41742979353768533,0.3518057801362553,452,474,2026-06-01 14:14:00.924999,5
3437,17,P19,no,2,1.3089865277536887,0.3518057801362553,0.33924363123418283,452,476,2026-06-01 14:14:00.925093,5
1937,9,P23,yes,1,-0.5381197166909715,0.5415704832167999,0.534666513353404,1604,1599,2026-06-01 14:14:00.926237,3
1938,9,P12,no,1,0.4687911263561091,0.534666513353404,0.5277492350545132,1604,1600,2026-06-01 14:14:00.930082,3
2964,11,P14,yes,1,-0.6576338731481428,0.6607563687658172,0.6545022492518787,1894,1871,2026-06-01 14:14:00.989303,3
2965,11,P14,yes,1,-0.6513526546054891,0.6545022492518787,0.6481942198637447,1893,1871,2026-06-01 14:14:00.996597,3
3438,17,P05,no,1,0.6638603292091148,0.33924363123418283,0.3330451148264414,452,477,2026-06-01 14:14:01.027848,5
3439,17,P03,no,20,14.488263472549761,0.3330451148264414,0.22270013882530884,452,497,2026-06-01 14:14:01.098013,5
3440,17,P03,no,2,1.5641178062682002,0.22270013882530884,0.2132315108375271,452,499,2026-06-01 14:14:01.098014,5
2589,10,P02,yes,1,0.8196337866816066,0.8175744761936437,0.8216809438923075,1812,1757,2026-06-01 14:14:01.099648,3
3441,17,P05,no,4,3.183563116897062,0.2132315108375271,0.19518467701384015,452,503,2026-06-01 14:14:01.104010,5
3442,17,P08,no,1,-0.8026212273493343,0.19518467701384015,0.19958519865373256,452,502,2026-06-01 14:14:01.105320,5
2590,10,P03,no,1,0.1803662133186208,0.8216809438923075,0.8175744761936437,1812,1758,2026-06-01 14:14:01.115585,3
2591,10,P19,no,8,1.5982606637442132,0.8175744761936437,0.7820712676154848,1812,1766,2026-06-01 14:14:01.150054,3
1939,9,P13,yes,1,-0.5242860391551858,0.5277492350545132,0.520821285372743,1603,1600,2026-06-01 14:14:01.194035,3
3443,17,P12,yes,9,1.9849966814983873,0.19958519865373256,0.24252442073717165,461,502,2026-06-01 14:14:01.210338,5
3444,17,P05,no,6,4.634061428953885,0.24252442073717165,0.2132315108375271,461,508,2026-06-01 14:14:01.223653,5
3445,17,P19,no,6,4.801822470996058,0.2132315108375271,0.18660508209316082,461,514,2026-06-01 14:14:01.230113,5
3446,17,P22,no,1,0.8154908016813351,0.18660508209316082,0.18242552380635632,461,515,2026-06-01 14:14:01.239965,5
3447,17,P01,no,1,-0.8154908016813351,0.18242552380635632,0.18660508209316082,461,514,2026-06-01 14:14:01.258943,5
3448,17,P22,no,4,3.286529834756834,0.18660508209316082,0.17032391864384583,461,518,2026-06-01 14:14:01.264236,5
3449,17,P11,yes,2,0.3485947536061076,0.17032391864384583,0.17831905610769247,463,518,2026-06-01 14:14:01.291252,5
2966,11,P14,no,1,0.35498159744975055,0.6481942198637447,0.6418340450887311,1893,1872,2026-06-01 14:14:01.293277,3
3887,18,P19,no,15,14.081410454623892,0.07393365254646753,0.049999740399933254,1387,1493,2026-06-01 14:14:01.310015,5
2967,11,P09,yes,2,-1.2708309816184737,0.6418340450887311,0.6289646649499733,1891,1872,2026-06-01 14:14:01.331801,3
1940,9,P20,no,1,0.48264614119489124,0.520821285372743,0.5138853177460049,1603,1601,2026-06-01 14:14:01.334619,3
3888,18,P22,no,12,11.486108559560307,0.049999740399933254,0.03634146014678239,1387,1505,2026-06-01 14:14:01.370840,5
506,7,P18,yes,1,0.7497362589815566,0.7471242672706695,0.7523361988609284,1057,1017,2026-06-01 14:14:01.380933,3
507,7,P18,no,2,-0.4850731715641814,0.7523361988609284,0.7625419716560975,1057,1015,2026-06-01 14:14:01.409259,3
2968,11,P14,no,2,0.7550961402591838,0.6289646649499733,0.6159095915435134,1891,1874,2026-06-01 14:14:01.427629,3
2969,11,P20,yes,1,0.6191880754724934,0.6159095915435134,0.6224593312018546,1892,1874,2026-06-01 14:14:01.441686,3
3450,17,P03,no,2,1.6514052463938924,0.17831905610769247,0.17032391864384583,463,520,2026-06-01 14:14:01.461647,5
2970,11,P20,yes,5,3.1929178230423076,0.6224593312018546,0.6545022492518787,1897,1874,2026-06-01 14:14:01.463042,3
2592,10,P18,yes,4,3.1653679531259513,0.7820712676154848,0.8004148013462675,1816,1766,2026-06-01 14:14:01.478388,3
1161,8,P09,no,2,0.8348699153241341,0.5893093760914265,0.5758000536158003,1325,1314,2026-06-01 14:14:01.503629,3
2971,11,P09,yes,1,0.6576338731483702,0.6545022492518787,0.6607563687658172,1898,1874,2026-06-01 14:14:01.527895,3
3451,17,P05,no,13,11.091812995773239,0.17032391864384583,0.1251603995749971,463,533,2026-06-01 14:14:01.528216,5
3452,17,P10,yes,2,0.2564888533463545,0.1251603995749971,0.13137120953080678,465,533,2026-06-01 14:14:01.538968,5
2593,10,P02,no,1,-0.19737877265083625,0.8004148013462675,0.8048153229861598,1816,1765,2026-06-01 14:14:01.543500,3
3453,17,P12,yes,1,0.13296696097131644,0.13137120953080678,0.13457359546569392,466,533,2026-06-01 14:14:01.553630,5
3454,17,P18,yes,1,0.13620212203875326,0.13457359546569392,0.13784165696493572,467,533,2026-06-01 14:14:01.558013,5
3455,17,P04,yes,1,0.13950333112632052,0.13784165696493572,0.14117613544185983,468,533,2026-06-01 14:14:01.582228,5
508,7,P09,yes,7,5.4568047551019845,0.7625419716560975,0.7959402230407707,1064,1015,2026-06-01 14:14:01.583514,3
1941,9,P01,no,1,0.4895850074617556,0.5138853177460049,0.5069439979482607,1603,1602,2026-06-01 14:14:01.616102,3
1942,9,P01,no,1,0.4965278894046605,0.5069439979482607,0.5,1603,1603,2026-06-01 14:14:01.624108,3
3456,17,P05,no,2,1.7242945468349262,0.14117613544185983,0.13457359546569392,468,535,2026-06-01 14:14:01.662741,5
3457,17,P18,yes,1,0.13620212203875326,0.13457359546569392,0.13784165696493572,469,535,2026-06-01 14:14:01.667620,5
509,7,P03,no,1,0.20632796774816597,0.7959402230407707,0.791391472673955,1064,1016,2026-06-01 14:14:01.694417,3
510,7,P09,no,14,3.403668526386582,0.791391472673955,0.7199965396446176,1064,1030,2026-06-01 14:14:01.720812,3
4014,19,P03,yes,20,1.493689237809349,0.0570247014210931,0.0953494648991095,1664,1745,2026-06-01 14:14:01.749412,5
4015,19,P03,yes,1,0.09655650650620373,0.0953494648991095,0.09777259985079932,1665,1745,2026-06-01 14:14:01.749413,5
1943,9,P20,yes,1,-0.4965278894046605,0.5,0.49305600205173933,1602,1603,2026-06-01 14:14:01.811588,3
4016,19,P20,yes,9,-0.7871226662946356,0.09777259985079932,0.07782859364011989,1656,1745,2026-06-01 14:14:01.819065,5
3458,17,P01,yes,1,0.13950333112632052,0.13784165696493572,0.14117613544185983,470,535,2026-06-01 14:14:01.829009,5
4017,19,P03,yes,17,1.6525384363324065,0.07782859364011989,0.11920292202211755,1673,1745,2026-06-01 14:14:01.865456,5
4018,19,P20,no,9,8.038027723456025,0.11920292202211755,0.0953494648991095,1673,1754,2026-06-01 14:14:01.875283,5
1162,8,P18,no,1,0.42759702799889965,0.5758000536158003,0.5690013325681905,1325,1315,2026-06-01 14:14:01.897395,3
3459,17,P10,yes,16,2.737431631333152,0.14117613544185983,0.20405977695922933,486,535,2026-06-01 14:14:01.953727,5
3460,17,P24,no,1,0.7981836892057572,0.20405977695922933,0.19958519865373256,486,536,2026-06-01 14:14:01.958745,5
3461,17,P23,yes,2,0.40814427854229507,0.19958519865373256,0.20860852732604496,488,536,2026-06-01 14:14:01.965456,5
3462,17,P11,yes,2,0.4264877683317536,0.20860852732604496,0.21792873238451507,490,536,2026-06-01 14:14:01.975185,5
3463,17,P22,no,10,8.045076979310807,0.21792873238451507,0.17428532117858547,490,546,2026-06-01 14:14:01.977789,5
4019,19,P04,no,1,0.9058396218335929,0.0953494648991095,0.09298019452229982,1673,1755,2026-06-01 14:14:02.003392,5
3464,17,P09,no,1,-0.8237038563736405,0.17428532117858547,0.17831905610769247,490,545,2026-06-01 14:14:02.004068,5
511,7,P09,yes,4,2.9240474036328123,0.7199965396446176,0.7418402904888368,1068,1030,2026-06-01 14:14:02.009815,3
3465,17,P03,no,1,0.8237038563736405,0.17831905610769247,0.17428532117858547,490,546,2026-06-01 14:14:02.015372,5
3466,17,P21,yes,15,3.1052876553134183,0.17428532117858547,0.24252442073717165,505,546,2026-06-01 14:14:02.019232,5
4020,19,P24,yes,6,0.6020037269051954,0.09298019452229982,0.10802156134341918,1679,1755,2026-06-01 14:14:02.019359,5
3467,17,P23,yes,15,4.251710515837317,0.24252442073717165,0.32690382227776793,520,546,2026-06-01 14:14:02.036283,5
3468,17,P14,yes,1,0.32996963429866355,0.32690382227776793,0.3330451148264414,521,546,2026-06-01 14:14:02.039618,5
3469,17,P18,no,8,5.527950823746551,0.3330451148264414,0.2856375705089441,521,554,2026-06-01 14:14:02.045029,5
2594,10,P09,yes,17,-12.990808422420514,0.8048153229861598,0.7199965396446176,1799,1765,2026-06-01 14:14:02.092710,3
2595,10,P09,no,6,1.7832317086024432,0.7199965396446176,0.6852009766653157,1799,1771,2026-06-01 14:14:02.112990,3
4021,19,P02,no,1,0.8933069957299722,0.10802156134341918,0.10537408848177848,1679,1756,2026-06-01 14:14:02.115661,5
3470,17,P14,yes,7,2.142079541954672,0.2856375705089441,0.32690382227776793,528,554,2026-06-01 14:14:02.135687,5
1944,9,P09,yes,1,0.4965278894046605,0.49305600205173933,0.5,1603,1603,2026-06-01 14:14:02.166378,3
3471,17,P19,no,14,9.993377529920963,0.32690382227776793,0.2476638011390716,528,568,2026-06-01 14:14:02.168212,5
2972,11,P18,yes,4,-2.5926378468207076,0.6607563687658172,0.6354235592583607,1894,1874,2026-06-01 14:14:02.176062,3
3472,17,P03,no,15,11.825920442554775,0.2476638011390716,0.17831905610769247,528,583,2026-06-01 14:14:02.178069,5
3473,17,P02,yes,14,2.928991511687059,0.17831905610769247,0.24252442073717165,542,583,2026-06-01 14:14:02.183209,5
2596,10,P23,no,1,-0.31181351241730226,0.6852009766653157,0.6911616123625146,1799,1770,2026-06-01 14:14:02.191546,3
3474,17,P17,no,4,3.069943622685855,0.24252442073717165,0.22270013882530884,542,587,2026-06-01 14:14:02.200423,5
2597,10,P11,yes,1,0.6941157482681319,0.6911616123625146,0.6970592839654074,1800,1770,2026-06-01 14:14:02.211368,3
4022,19,P22,no,1,0.8959256908096904,0.10537408848177848,0.10278402491725176,1679,1757,2026-06-01 14:14:02.212992,5
3475,17,P20,yes,1,0.22511671166705582,0.22270013882530884,0.22754561719281613,543,587,2026-06-01 14:14:02.215009,5
4023,19,P22,no,5,4.516945918295505,0.10278402491725176,0.09066389627358525,1679,1762,2026-06-01 14:14:02.216373,5
2598,10,P24,no,11,-2.9923500678835353,0.6970592839654074,0.7574755792628283,1800,1759,2026-06-01 14:14:02.219699,3
2599,10,P18,no,1,-0.23998512580624265,0.7574755792628283,0.7625419716560975,1800,1758,2026-06-01 14:14:02.222268,3
3476,17,P19,no,17,13.776699122468017,0.22754561719281613,0.15519224623709701,543,604,2026-06-01 14:14:02.256046,5
3477,17,P20,yes,15,2.777875908554961,0.15519224623709701,0.21792873238451507,558,604,2026-06-01 14:14:02.292800,5
1945,9,P18,yes,6,-2.875144408571259,0.5,0.45842951678320015,1597,1603,2026-06-01 14:14:02.310860,3
2600,10,P18,yes,1,0.7650446160455431,0.7625419716560975,0.7675350070438758,1801,1758,2026-06-01 14:14:02.327117,3
3478,17,P23,yes,3,0.675424124863639,0.21792873238451507,0.2324649929561242,561,604,2026-06-01 14:14:02.372175,5
3479,17,P05,no,1,0.7700008441133832,0.2324649929561242,0.22754561719281613,561,605,2026-06-01 14:14:02.388598,5
3480,17,P05,no,1,0.7748832883328305,0.22754561719281613,0.22270013882530884,561,606,2026-06-01 14:14:02.417037,5
1163,8,P10,no,1,-0.42759702799889965,0.5690013325681905,0.5758000536158003,1325,1314,2026-06-01 14:14:02.417241,3
1946,9,P09,yes,5,2.3786165191665987,0.45842951678320015,0.49305600205173933,1602,1603,2026-06-01 14:14:02.454319,3
2601,10,P21,no,3,-0.675424124863639,0.7675350070438758,0.7820712676154848,1801,1755,2026-06-01 14:14:02.466861,3
1947,9,P18,yes,6,3.08326376414243,0.49305600205173933,0.534666513353404,1608,1603,2026-06-01 14:14:02.470037,3
3481,17,P23,yes,1,0.22511671166705582,0.22270013882530884,0.22754561719281613,562,606,2026-06-01 14:14:02.475425,5
1948,9,P09,yes,5,2.759375729898011,0.534666513353404,0.5690013325681905,1613,1603,2026-06-01 14:14:02.488018,3
3482,17,P04,yes,1,0.2299991558866168,0.22754561719281613,0.2324649929561242,563,606,2026-06-01 14:14:02.492243,5
1949,9,P13,no,1,0.4344090108445471,0.5690013325681905,0.5621765008857981,1613,1604,2026-06-01 14:14:02.493071,3
3483,17,P14,yes,1,0.23495538395434323,0.2324649929561242,0.23745802834390253,564,606,2026-06-01 14:14:02.494012,5
2973,11,P18,no,4,1.510281071557074,0.6354235592583607,0.6093175418435606,1894,1878,2026-06-01 14:14:02.500794,3
4024,19,P01,no,1,0.9104725159895679,0.09066389627358525,0.08839967720705841,1679,1763,2026-06-01 14:14:02.502116,5
4025,19,P05,no,6,5.5080998439655104,0.08839967720705841,0.07585818002124356,1679,1769,2026-06-01 14:14:02.507561,5
1950,9,P11,no,14,6.806215259257442,0.5621765008857981,0.46533348664659613,1613,1618,2026-06-01 14:14:02.524544,3
2974,11,P23,no,1,-0.38738299639953766,0.6093175418435606,0.6159095915435134,1894,1877,2026-06-01 14:14:02.525757,3
2975,11,P20,yes,1,0.6191880754724934,0.6159095915435134,0.6224593312018546,1895,1877,2026-06-01 14:14:02.531041,3
3484,17,P22,no,2,1.53504546015904,0.23745802834390253,0.22754561719281613,564,608,2026-06-01 14:14:02.563553,5
3485,17,P19,no,1,0.7748832883330579,0.22754561719281613,0.22270013882530884,564,609,2026-06-01 14:14:02.575926,5
1164,8,P09,no,1,-0.42081238797641163,0.5758000536158003,0.5825702064623147,1325,1313,2026-06-01 14:14:02.579059,3
512,7,P09,no,8,-1.9012281616876407,0.7418402904888368,0.7820712676154848,1068,1022,2026-06-01 14:14:02.583006,3
4026,19,P19,no,2,-1.8443272263234576,0.07585818002124356,0.07984576661461423,1679,1767,2026-06-01 14:14:02.598644,5
3486,17,P03,no,1,0.7796917426899199,0.22270013882530884,0.21792873238451507,564,610,2026-06-01 14:14:02.616703,5
2602,10,P21,no,1,-0.21557393642160605,0.7820712676154848,0.7867684891624728,1801,1754,2026-06-01 14:14:02.626050,3
1165,8,P18,yes,4,2.3839656625923453,0.5825702064623147,0.6093175418435606,1329,1313,2026-06-01 14:14:02.634244,3
513,7,P09,no,10,-1.954923020688966,0.7820712676154848,0.8257146788214146,1068,1012,2026-06-01 14:14:02.636755,3
4027,19,P19,no,20,-17.92548431863429,0.07984576661461423,0.13137120953080678,1679,1747,2026-06-01 14:14:02.649544,5
4028,19,P19,no,8,-6.841931289683998,0.13137120953080678,0.15886910488091516,1679,1739,2026-06-01 14:14:02.649545,5
3487,17,P23,yes,1,0.2203082573099664,0.21792873238451507,0.22270013882530884,565,610,2026-06-01 14:14:02.664664,5
2603,10,P09,yes,1,0.7890861680900798,0.7867684891624728,0.791391472673955,1802,1754,2026-06-01 14:14:02.692294,3
1166,8,P09,no,1,-0.38738299639953766,0.6093175418435606,0.6159095915435134,1329,1312,2026-06-01 14:14:02.694942,3
1167,8,P18,yes,1,-0.6126170036004623,0.6159095915435134,0.6093175418435606,1328,1312,2026-06-01 14:14:02.713188,3
514,7,P11,no,1,0.1762961436261321,0.8257146788214146,0.8216809438923075,1068,1013,2026-06-01 14:14:02.721046,3
515,7,P22,no,1,0.18036621331839342,0.8216809438923075,0.8175744761936437,1068,1014,2026-06-01 14:14:02.730206,3
4029,19,P22,no,13,11.223365871431042,0.15886910488091516,0.11631714397765597,1679,1752,2026-06-01 14:14:02.747641,5
4030,19,P12,no,1,0.8851003515248976,0.11631714397765597,0.11349222580422871,1679,1753,2026-06-01 14:14:02.753299,5
2604,10,P18,yes,1,0.793672032251834,0.791391472673955,0.7959402230407707,1803,1754,2026-06-01 14:14:02.766042,3
4031,19,P23,no,1,0.8878951933127155,0.11349222580422871,0.1107273179723682,1679,1754,2026-06-01 14:14:02.810442,5
4032,19,P10,yes,10,-0.9800073582007371,0.1107273179723682,0.08618664479793421,1669,1754,2026-06-01 14:14:02.816910,5
3488,17,P15,no,10,8.0010648656272,0.22270013882530884,0.17831905610769247,565,620,2026-06-01 14:14:02.856796,5
3489,17,P10,yes,2,0.3648754116369446,0.17831905610769247,0.18660508209316082,567,620,2026-06-01 14:14:02.870189,5
4033,19,P19,yes,9,0.8706378117835811,0.08618664479793421,0.10802156134341918,1678,1754,2026-06-01 14:14:02.896288,5
4034,19,P19,yes,20,2.7789361806926536,0.10802156134341918,0.17428532117858547,1698,1754,2026-06-01 14:14:02.897952,5
4035,19,P19,yes,6,1.1202909738151448,0.17428532117858547,0.19958519865373256,1704,1754,2026-06-01 14:14:02.897953,5
3490,17,P24,yes,12,2.5641161000501143,0.18660508209316082,0.24252442073717165,579,620,2026-06-01 14:14:02.916579,5
3491,17,P05,no,2,1.5250594902394141,0.24252442073717165,0.2324649929561242,579,622,2026-06-01 14:14:02.923000,5
516,7,P19,no,7,1.3826867273226071,0.8175744761936437,0.7867684891624728,1068,1021,2026-06-01 14:14:02.948577,3
4036,19,P03,yes,1,0.2018163107941291,0.19958519865373256,0.20405977695922933,1705,1754,2026-06-01 14:14:02.974359,5
4037,19,P21,yes,1,-0.2018163107941291,0.20405977695922933,0.19958519865373256,1704,1754,2026-06-01 14:14:02.980226,5
4038,19,P23,yes,16,-2.6751186516653434,0.19958519865373256,0.13784165696493572,1688,1754,2026-06-01 14:14:02.980509,5
4039,19,P10,no,8,6.9973658502619855,0.13784165696493572,0.11349222580422871,1688,1762,2026-06-01 14:14:02.982113,5
3492,17,P12,yes,1,0.23495538395434323,0.2324649929561242,0.23745802834390253,580,622,2026-06-01 14:14:02.983784,5
3493,17,P15,yes,2,0.48507317156440877,0.23745802834390253,0.2476638011390716,582,622,2026-06-01 14:14:03.004533,5
4040,19,P21,no,1,0.8878951933127155,0.11349222580422871,0.1107273179723682,1688,1763,2026-06-01 14:14:03.013290,5
517,7,P01,yes,1,-0.7844260635781666,0.7867684891624728,0.7820712676154848,1067,1021,2026-06-01 14:14:03.017434,3
1168,8,P18,yes,1,0.6126170036004623,0.6093175418435606,0.6159095915435134,1329,1312,2026-06-01 14:14:03.044256,3
3494,17,P03,no,17,13.477325688948781,0.2476638011390716,0.17032391864384583,582,639,2026-06-01 14:14:03.045694,5
518,7,P13,no,4,0.9103795088180959,0.7820712676154848,0.7625419716560975,1067,1025,2026-06-01 14:14:03.050960,3
4041,19,P03,yes,15,2.003638583731572,0.1107273179723682,0.15886910488091516,1703,1763,2026-06-01 14:14:03.058567,5
3495,17,P19,no,1,0.8316268084481635,0.17032391864384583,0.16643440755425876,582,640,2026-06-01 14:14:03.065031,5
3496,17,P21,yes,1,0.1683731915517228,0.16643440755425876,0.17032391864384583,583,640,2026-06-01 14:14:03.066857,5
3497,17,P01,yes,15,3.037601139486924,0.17032391864384583,0.23745802834390253,598,640,2026-06-01 14:14:03.082285,5
4042,19,P11,no,1,0.8429751626781581,0.15886910488091516,0.15519224623709701,1703,1764,2026-06-01 14:14:03.102380,5
4043,19,P22,no,1,0.8466170907727246,0.15519224623709701,0.1515851487892869,1703,1765,2026-06-01 14:14:03.134168,5
3498,17,P02,yes,9,2.349616099688774,0.23745802834390253,0.2856375705089441,607,640,2026-06-01 14:14:03.134332,5
1951,9,P18,no,1,-0.5312088736441183,0.46533348664659613,0.47225076494548685,1613,1617,2026-06-01 14:14:03.139916,3
4044,19,P05,no,1,0.8501895624301596,0.1515851487892869,0.1480471980316895,1703,1766,2026-06-01 14:14:03.160317,5
4045,19,P14,no,1,0.8536932068075203,0.1480471980316895,0.14457775046587726,1703,1767,2026-06-01 14:14:03.172456,5
4046,19,P21,no,1,0.8571286811315986,0.14457775046587726,0.14117613544185983,1703,1768,2026-06-01 14:14:03.185498,5
4047,19,P13,no,13,11.425620852570546,0.14117613544185983,0.10278402491725176,1703,1781,2026-06-01 14:14:03.213064,5
2605,10,P21,yes,1,0.7981836892056435,0.7959402230407707,0.8004148013462675,1804,1754,2026-06-01 14:14:03.217096,3
1952,9,P18,yes,1,0.4757139608448142,0.47225076494548685,0.4791787146272571,1614,1617,2026-06-01 14:14:03.220476,3
3499,17,P22,no,1,0.7171851495480723,0.2856375705089441,0.2800034603553825,607,641,2026-06-01 14:14:03.236153,5
3500,17,P03,no,16,12.18818719507101,0.2800034603553825,0.19958519865373256,607,657,2026-06-01 14:14:03.273503,5
4048,19,P24,yes,1,0.10407430919053695,0.10278402491725176,0.10537408848177848,1704,1781,2026-06-01 14:14:03.292891,5
3501,17,P17,no,9,7.374517796724035,0.19958519865373256,0.16261630836153196,607,666,2026-06-01 14:14:03.323077,5
1953,9,P18,no,1,0.5242860391551858,0.4791787146272571,0.47225076494548685,1614,1618,2026-06-01 14:14:03.330776,3
1954,9,P18,no,1,-0.5242860391551858,0.47225076494548685,0.4791787146272571,1614,1617,2026-06-01 14:14:03.346175,3
2606,10,P18,yes,1,0.8026212273491637,0.8004148013462675,0.8048153229861598,1805,1754,2026-06-01 14:14:03.346362,3
4049,19,P19,yes,1,0.10669300427002781,0.10537408848177848,0.10802156134341918,1705,1781,2026-06-01 14:14:03.399844,5
3502,17,P17,yes,1,0.16451942792946284,0.16261630836153196,0.16643440755425876,608,666,2026-06-01 14:14:03.426514,5
4050,19,P05,no,2,1.7892326865396626,0.10802156134341918,0.10278402491725176,1705,1783,2026-06-01 14:14:03.437547,5
3503,17,P22,no,5,4.21452556686836,0.16643440755425876,0.1480471980316895,608,671,2026-06-01 14:14:03.456083,5
3504,17,P11,yes,4,0.6209550052021768,0.1480471980316895,0.16261630836153196,612,671,2026-06-01 14:14:03.473471,5
4051,19,P03,no,14,-12.2827495337026,0.10278402491725176,0.14457775046587726,1705,1769,2026-06-01 14:14:03.490844,5
4052,19,P14,no,13,11.386823842892909,0.14457775046587726,0.10537408848177848,1705,1782,2026-06-01 14:14:03.493200,5
3505,17,P19,no,16,13.83562459518555,0.16261630836153196,0.1107273179723682,612,687,2026-06-01 14:14:03.493554,5
3506,17,P12,yes,8,0.9785368343865457,0.1107273179723682,0.13457359546569392,620,687,2026-06-01 14:14:03.504641,5
3507,17,P18,yes,1,0.13620212203875326,0.13457359546569392,0.13784165696493572,621,687,2026-06-01 14:14:03.556757,5
4053,19,P19,yes,8,0.931835327807903,0.10537408848177848,0.12823373759251924,1713,1782,2026-06-01 14:14:03.559903,5
2976,11,P18,yes,1,-0.6191880754724934,0.6224593312018546,0.6159095915435134,1894,1877,2026-06-01 14:14:03.582995,3
4054,19,P05,no,1,0.8733082429482693,0.12823373759251924,0.1251603995749971,1713,1783,2026-06-01 14:14:03.592751,5
2977,11,P09,yes,11,-6.369429263424536,0.6159095915435134,0.5415704832167999,1883,1877,2026-06-01 14:14:03.602242,3
3508,17,P04,yes,14,2.2847246674531334,0.13784165696493572,0.19085804424486547,635,687,2026-06-01 14:14:03.606029,5
3509,17,P21,yes,11,2.37539066571037,0.19085804424486547,0.24252442073717165,646,687,2026-06-01 14:14:03.619106,5
4055,19,P03,yes,2,0.2564888533463545,0.1251603995749971,0.13137120953080678,1715,1783,2026-06-01 14:14:03.619374,5
2978,11,P07,yes,5,2.7936589852081397,0.5415704832167999,0.5758000536158003,1888,1877,2026-06-01 14:14:03.627862,3
4056,19,P22,no,1,0.8702029037051489,0.13137120953080678,0.12823373759251924,1715,1784,2026-06-01 14:14:03.628325,5
4057,19,P02,no,1,0.873308242948724,0.12823373759251924,0.1251603995749971,1715,1785,2026-06-01 14:14:03.631854,5
2979,11,P22,yes,1,0.5791876120235884,0.5758000536158003,0.5825702064623147,1889,1877,2026-06-01 14:14:03.632704,3
519,7,P09,no,1,0.23998512580624265,0.7625419716560975,0.7574755792628283,1067,1026,2026-06-01 14:14:03.632811,3
3510,17,P03,no,1,0.7600148741937574,0.24252442073717165,0.23745802834390253,646,688,2026-06-01 14:14:03.677772,5
2980,11,P20,yes,11,6.808688564707836,0.5825702064623147,0.6545022492518787,1900,1877,2026-06-01 14:14:03.704107,3
1955,9,P09,no,1,0.5242860391551858,0.4791787146272571,0.47225076494548685,1614,1618,2026-06-01 14:14:03.719323,3
3511,17,P22,no,7,5.456804755102212,0.23745802834390253,0.20405977695922933,646,695,2026-06-01 14:14:03.727300,5
520,7,P09,no,1,0.24508804575793874,0.7574755792628283,0.7523361988609284,1067,1027,2026-06-01 14:14:03.775040,3
2981,11,P14,yes,16,-9.636519220835908,0.6545022492518787,0.548458527973277,1884,1877,2026-06-01 14:14:03.778812,3
2982,11,P03,yes,4,2.248643044104483,0.548458527973277,0.5758000536158003,1888,1877,2026-06-01 14:14:03.797089,3
2983,11,P20,yes,1,0.5791876120235884,0.5758000536158003,0.5825702064623147,1889,1877,2026-06-01 14:14:03.799930,3
2984,11,P20,yes,7,4.241486525933624,0.5825702064623147,0.6289646649499733,1896,1877,2026-06-01 14:14:03.801973,3
2607,10,P18,no,3,0.6055230511931313,0.8048153229861598,0.791391472673955,1805,1757,2026-06-01 14:14:03.809049,3
4058,19,P13,no,1,0.8763498454181899,0.1251603995749971,0.122150398495942,1715,1786,2026-06-01 14:14:03.834909,5
3512,17,P03,no,2,1.6008049165550347,0.20405977695922933,0.19518467701384015,646,697,2026-06-01 14:14:03.839282,5
2608,10,P18,yes,17,-12.730816113860328,0.791391472673955,0.702892745013669,1788,1757,2026-06-01 14:14:03.848796,3
1169,8,P10,yes,1,0.6191880754724934,0.6159095915435134,0.6224593312018546,1330,1312,2026-06-01 14:14:03.849089,3
3513,17,P23,yes,1,0.19737877265060888,0.19518467701384015,0.19958519865373256,647,697,2026-06-01 14:14:03.858807,5
2609,10,P02,yes,2,1.4172994906987242,0.702892745013669,0.7143624294910559,1790,1757,2026-06-01 14:14:03.861131,3
4059,19,P04,no,1,0.8793285159006246,0.122150398495942,0.11920292202211755,1715,1787,2026-06-01 14:14:03.872100,5
4060,19,P05,no,1,0.8822450737743566,0.11920292202211755,0.11631714397765597,1715,1788,2026-06-01 14:14:03.875367,5
2985,11,P14,no,1,0.37428421573167725,0.6289646649499733,0.6224593312018546,1896,1878,2026-06-01 14:14:03.898296,3
2610,10,P19,no,14,-3.4755695449282484,0.7143624294910559,0.7867684891624728,1790,1743,2026-06-01 14:14:03.901850,3
2986,11,P18,no,2,-0.7420861506300298,0.6224593312018546,0.6354235592583607,1896,1876,2026-06-01 14:14:03.909793,3
3514,17,P21,yes,1,0.20181631079424278,0.19958519865373256,0.20405977695922933,648,697,2026-06-01 14:14:03.923333,5
1956,9,P09,no,1,-0.5242860391551858,0.47225076494548685,0.4791787146272571,1614,1617,2026-06-01 14:14:03.943727,3
3515,17,P04,yes,7,1.5431952448979018,0.20405977695922933,0.23745802834390253,655,697,2026-06-01 14:14:03.949843,5
3516,17,P24,yes,16,4.491695641643446,0.23745802834390253,0.32690382227776793,671,697,2026-06-01 14:14:03.972059,5
1170,8,P01,yes,1,-0.6191880754724934,0.6224593312018546,0.6159095915435134,1329,1312,2026-06-01 14:14:03.977655,3
3517,17,P04,no,12,8.499153011226099,0.32690382227776793,0.2581597095111632,671,709,2026-06-01 14:14:03.985771,5
3518,17,P15,no,2,1.4942245186947503,0.2581597095111632,0.2476638011390716,671,711,2026-06-01 14:14:03.990970,5
1957,9,P18,yes,1,0.482646141195346,0.4791787146272571,0.4861146822539951,1615,1617,2026-06-01 14:14:04.009180,3
521,7,P18,yes,1,-0.7497362589815566,0.7523361988609284,0.7471242672706695,1066,1027,2026-06-01 14:14:04.060016,3
1171,8,P10,yes,4,2.51573484135929,0.6159095915435134,0.6418340450887311,1333,1312,2026-06-01 14:14:04.076234,3
1172,8,P09,yes,1,0.6450184025502494,0.6418340450887311,0.6481942198637447,1334,1312,2026-06-01 14:14:04.088729,3
3519,17,P15,no,1,0.7549119542420613,0.2476638011390716,0.24252442073717165,671,712,2026-06-01 14:14:04.120660,5
3520,17,P14,yes,3,0.7508635270633022,0.24252442073717165,0.2581597095111632,674,712,2026-06-01 14:14:04.121656,5
3889,18,P09,yes,1,0.036832060722872484,0.03634146014678239,0.037326887344129464,1388,1505,2026-06-01 14:14:04.123920,5
2987,11,P18,yes,1,0.6386329165170537,0.6354235592583607,0.6418340450887311,1897,1876,2026-06-01 14:14:04.161920,3
1173,8,P11,no,1,0.35498159744975055,0.6481942198637447,0.6418340450887311,1334,1313,2026-06-01 14:14:04.184811,3
3521,17,P19,no,17,13.320144961249525,0.2581597095111632,0.17831905610769247,674,729,2026-06-01 14:14:04.197587,5
1174,8,P18,no,6,-2.035961976234148,0.6418340450887311,0.679178699175393,1334,1307,2026-06-01 14:14:04.204141,3
1175,8,P09,no,1,-0.317805082356017,0.679178699175393,0.6852009766653157,1334,1306,2026-06-01 14:14:04.295125,3
1176,8,P11,no,1,0.317805082356017,0.6852009766653157,0.679178699175393,1334,1307,2026-06-01 14:14:04.313351,3
3522,17,P13,yes,1,0.18036621331839342,0.17831905610769247,0.18242552380635632,675,729,2026-06-01 14:14:04.317456,5
1177,8,P13,no,1,0.32385760144848064,0.679178699175393,0.6730961777222321,1334,1308,2026-06-01 14:14:04.321498,3
3523,17,P12,yes,1,0.18450919831855117,0.18242552380635632,0.18660508209316082,676,729,2026-06-01 14:14:04.327533,5
1178,8,P23,yes,9,-5.8036304665736225,0.6730961777222321,0.6159095915435134,1325,1308,2026-06-01 14:14:04.357392,3
1179,8,P10,no,1,-0.38081192452750656,0.6159095915435134,0.6224593312018546,1325,1307,2026-06-01 14:14:04.377729,3
3524,17,P01,yes,5,0.9872636970941358,0.18660508209316082,0.20860852732604496,681,729,2026-06-01 14:14:04.385825,5
2611,10,P09,no,5,1.125953445239702,0.7867684891624728,0.7625419716560975,1790,1748,2026-06-01 14:14:04.388378,3
3525,17,P12,yes,9,2.0722041897324743,0.20860852732604496,0.25287573272933045,690,729,2026-06-01 14:14:04.396694,5
522,7,P18,no,1,0.25551174028692003,0.7471242672706695,0.7418402904888368,1066,1028,2026-06-01 14:14:04.412171,3
4061,19,P05,no,13,11.707887064530723,0.11631714397765597,0.084023907816312,1715,1801,2026-06-01 14:14:04.452957,5
523,7,P09,no,2,0.5270539178450235,0.7418402904888368,0.7310585786300049,1066,1030,2026-06-01 14:14:04.454633,3
2612,10,P02,no,6,-1.3368672771498495,0.7625419716560975,0.791391472673955,1790,1742,2026-06-01 14:14:04.478714,3
3526,17,P15,no,5,3.7997085475763015,0.25287573272933045,0.22754561719281613,690,734,2026-06-01 14:14:04.505623,5
3527,17,P03,no,20,16.327198982478308,0.22754561719281613,0.14457775046587726,690,754,2026-06-01 14:14:04.528866,5
2988,11,P14,no,1,0.3613670834829463,0.6418340450887311,0.6354235592583607,1897,1877,2026-06-01 14:14:04.534524,3
3528,17,P03,no,1,0.8571286811318259,0.14457775046587726,0.14117613544185983,690,755,2026-06-01 14:14:04.539637,5
3529,17,P21,yes,9,1.4153243467237644,0.14117613544185983,0.17428532117858547,699,755,2026-06-01 14:14:04.548483,5
2989,11,P14,no,1,0.36780193489835256,0.6354235592583607,0.6289646649499733,1897,1878,2026-06-01 14:14:04.559296,3
3530,17,P22,no,2,1.6593281984684154,0.17428532117858547,0.16643440755425876,699,757,2026-06-01 14:14:04.575677,5
3531,17,P05,no,15,12.89810962241836,0.16643440755425876,0.11631714397765597,699,772,2026-06-01 14:14:04.577387,5
3532,17,P13,yes,1,0.1177549262258708,0.11631714397765597,0.11920292202211755,700,772,2026-06-01 14:14:04.579405,5
3533,17,P12,yes,10,1.3484714557939697,0.11920292202211755,0.1515851487892869,710,772,2026-06-01 14:14:04.594370,5
3534,17,P23,yes,1,0.15338290922750275,0.1515851487892869,0.15519224623709701,711,772,2026-06-01 14:14:04.610585,5
3535,17,P12,yes,6,0.999249031492127,0.15519224623709701,0.17831905610769247,717,772,2026-06-01 14:14:04.622340,5
4062,19,P19,yes,9,0.8490459296197059,0.084023907816312,0.10537408848177848,1724,1801,2026-06-01 14:14:04.670746,5
1180,8,P09,no,1,0.38081192452750656,0.6224593312018546,0.6159095915435134,1325,1308,2026-06-01 14:14:04.708697,3
2613,10,P21,no,1,-0.20632796774816597,0.791391472673955,0.7959402230407707,1790,1741,2026-06-01 14:14:04.709097,3
3536,17,P10,no,1,-0.8196337866814929,0.17831905610769247,0.18242552380635632,717,771,2026-06-01 14:14:04.735896,5
3537,17,P03,no,1,0.8196337866814929,0.18242552380635632,0.17831905610769247,717,772,2026-06-01 14:14:04.746752,5
3538,17,P21,yes,1,0.18036621331839342,0.17831905610769247,0.18242552380635632,718,772,2026-06-01 14:14:04.757052,5
2990,11,P18,yes,1,0.6321980651016474,0.6289646649499733,0.6354235592583607,1898,1878,2026-06-01 14:14:04.767306,3
3539,17,P13,yes,14,2.993713344126718,0.18242552380635632,0.2476638011390716,732,772,2026-06-01 14:14:04.784115,5
4063,19,P19,no,7,-6.1948564292436,0.10537408848177848,0.1251603995749971,1724,1794,2026-06-01 14:14:04.789489,5
4064,19,P13,no,12,10.699545706608433,0.1251603995749971,0.09298019452229982,1724,1806,2026-06-01 14:14:04.796300,5
3540,17,P24,yes,14,4.006622470079151,0.2476638011390716,0.32690382227776793,746,772,2026-06-01 14:14:04.805178,5
1181,8,P09,no,1,-0.38081192452750656,0.6159095915435134,0.6224593312018546,1325,1307,2026-06-01 14:14:04.806750,3
1958,9,P09,no,1,0.517353858804654,0.4861146822539951,0.4791787146272571,1615,1618,2026-06-01 14:14:04.823535,3
2614,10,P09,no,8,-1.4944058945889083,0.7959402230407707,0.8296760813561542,1790,1733,2026-06-01 14:14:04.831114,3
1182,8,P10,no,3,-1.1034532341132035,0.6224593312018546,0.6418340450887311,1325,1304,2026-06-01 14:14:04.865345,3
2991,11,P18,no,4,-1.4073621531792924,0.6354235592583607,0.6607563687658172,1898,1874,2026-06-01 14:14:04.886597,3
1183,8,P01,no,1,0.3613670834831737,0.6418340450887311,0.6354235592583607,1325,1305,2026-06-01 14:14:04.905879,3
3890,18,P09,yes,2,0.07668469990994708,0.037326887344129464,0.039375324260408275,1390,1505,2026-06-01 14:14:04.909828,5
2615,10,P23,no,6,1.095210811143943,0.8296760813561542,0.8048153229861598,1790,1739,2026-06-01 14:14:04.910530,3
3541,17,P01,no,1,0.6761423985515194,0.32690382227776793,0.32082130082460697,746,773,2026-06-01 14:14:04.923570,5
2616,10,P02,yes,2,1.6182593540991093,0.8048153229861598,0.8133949179068393,1792,1739,2026-06-01 14:14:04.937421,3
3891,18,P09,no,1,-0.9600948223392152,0.039375324260408275,0.04043956481800324,1390,1504,2026-06-01 14:14:04.944507,5
3542,17,P21,no,6,4.1817780594938085,0.32082130082460697,0.2856375705089441,746,779,2026-06-01 14:14:04.946790,5
3543,17,P03,no,14,10.52443045507141,0.2856375705089441,0.2132315108375271,746,793,2026-06-01 14:14:04.958654,5
2617,10,P21,yes,1,0.8154908016813351,0.8133949179068393,0.8175744761936437,1793,1739,2026-06-01 14:14:04.980975,3
1184,8,P22,no,8,3.1263154089647287,0.6354235592583607,0.5825702064623147,1325,1313,2026-06-01 14:14:05.060827,3
3544,17,P17,yes,20,5.293791485434895,0.2132315108375271,0.32082130082460697,766,793,2026-06-01 14:14:05.071791,5
2992,11,P20,yes,7,-4.469739771663171,0.6607563687658172,0.6159095915435134,1891,1874,2026-06-01 14:14:05.083640,3
3545,17,P05,no,2,1.370381405226908,0.32082130082460697,0.30883838763748533,766,795,2026-06-01 14:14:05.108656,5
3546,17,P19,no,1,0.6941157482679046,0.30883838763748533,0.3029407160345927,766,796,2026-06-01 14:14:05.115794,5
2618,10,P02,no,1,-0.18036621331839342,0.8175744761936437,0.8216809438923075,1793,1738,2026-06-01 14:14:05.119927,3
3547,17,P20,no,3,2.117280905998882,0.3029407160345927,0.2856375705089441,766,799,2026-06-01 14:14:05.124460,5
2993,11,P14,no,8,3.2862357606270507,0.6159095915435134,0.5621765008857981,1891,1882,2026-06-01 14:14:05.141106,3
2994,11,P22,yes,1,0.5655909891554529,0.5621765008857981,0.5690013325681905,1892,1882,2026-06-01 14:14:05.150684,3
2995,11,P01,no,15,-5.718226648910331,0.5690013325681905,0.6669548851735586,1892,1867,2026-06-01 14:14:05.153467,3
3548,17,P03,no,20,15.326252926067355,0.2856375705089441,0.18660508209316082,766,819,2026-06-01 14:14:05.158288,5
3549,17,P19,no,1,0.8154908016815625,0.18660508209316082,0.18242552380635632,766,820,2026-06-01 14:14:05.169628,5
2996,11,P09,no,1,0.3361396707912263,0.6669548851735586,0.6607563687658172,1892,1868,2026-06-01 14:14:05.175336,3
4065,19,P22,no,8,7.326754691695442,0.09298019452229982,0.07585818002124356,1724,1814,2026-06-01 14:14:05.176016,5
4066,19,P03,no,2,-1.8443272263234576,0.07585818002124356,0.07984576661461423,1724,1812,2026-06-01 14:14:05.200511,5
3550,17,P10,yes,1,0.18450919831843748,0.18242552380635632,0.18660508209316082,767,820,2026-06-01 14:14:05.205669,5
4067,19,P05,no,1,0.9211667530062186,0.07984576661461423,0.07782859364011989,1724,1813,2026-06-01 14:14:05.334963,5
3551,17,P13,yes,1,0.18872543433974442,0.18660508209316082,0.19085804424486547,768,820,2026-06-01 14:14:05.365434,5
4068,19,P05,no,1,0.9231604733172389,0.07782859364011989,0.07585818002124356,1724,1814,2026-06-01 14:14:05.376912,5
5435,20,P24,yes,13,7.614333123165579,0.5415704832167999,0.6289646649499733,3251,3232,2026-06-01 14:14:05.384270,5
4069,19,P19,yes,1,0.07683952668253369,0.07585818002124356,0.07782859364011989,1725,1814,2026-06-01 14:14:05.385489,5
3552,17,P03,no,7,5.764911780936018,0.19085804424486547,0.16261630836153196,768,827,2026-06-01 14:14:05.386141,5
3553,17,P05,no,1,0.8392631789168945,0.16261630836153196,0.15886910488091516,768,828,2026-06-01 14:14:05.389369,5
3554,17,P10,yes,1,0.1607368210831055,0.15886910488091516,0.16261630836153196,769,828,2026-06-01 14:14:05.410712,5
3555,17,P24,yes,8,1.428103430625356,0.16261630836153196,0.19518467701384015,777,828,2026-06-01 14:14:05.422626,5
3556,17,P03,no,1,0.8069847884386263,0.19518467701384015,0.19085804424486547,777,829,2026-06-01 14:14:05.434787,5
3557,17,P21,yes,10,2.135405539904127,0.19085804424486547,0.23745802834390253,787,829,2026-06-01 14:14:05.472166,5
2619,10,P12,no,1,0.18036621331839342,0.8216809438923075,0.8175744761936437,1793,1739,2026-06-01 14:14:05.481603,3
3558,17,P15,no,1,0.7650446160456568,0.23745802834390253,0.2324649929561242,787,830,2026-06-01 14:14:05.500001,5
5436,20,P15,no,8,3.179325862042333,0.6289646649499733,0.5758000536158003,3251,3240,2026-06-01 14:14:05.500340,5
5437,20,P19,no,9,-3.547127796940913,0.5758000536158003,0.6354235592583607,3251,3231,2026-06-01 14:14:05.504346,5
1959,9,P09,no,1,-0.517353858804654,0.4791787146272571,0.4861146822539951,1615,1617,2026-06-01 14:14:05.543869,3
5438,20,P19,yes,2,1.2836513190673031,0.6354235592583607,0.6481942198637447,3253,3231,2026-06-01 14:14:05.549018,5
3559,17,P20,yes,4,0.970292296536968,0.2324649929561242,0.25287573272933045,791,830,2026-06-01 14:14:05.584147,5
2997,11,P14,no,1,0.3423661268516298,0.6607563687658172,0.6545022492518787,1892,1869,2026-06-01 14:14:05.618653,3
1185,8,P18,no,5,2.1721693438719285,0.5825702064623147,0.548458527973277,1325,1318,2026-06-01 14:14:05.625258,3
5439,20,P11,no,8,3.021271724071539,0.6481942198637447,0.5960151933265168,3253,3239,2026-06-01 14:14:05.659702,5
3560,17,P05,no,1,0.7497362589816703,0.25287573272933045,0.2476638011390716,791,831,2026-06-01 14:14:05.680704,5
2998,11,P09,no,1,0.3486473453945109,0.6545022492518787,0.6481942198637447,1892,1870,2026-06-01 14:14:05.687634,3
2999,11,P14,no,3,1.0841506158312768,0.6481942198637447,0.6289646649499733,1892,1873,2026-06-01 14:14:05.708481,3
2620,10,P18,no,3,0.566249844219783,0.8175744761936437,0.8048153229861598,1793,1742,2026-06-01 14:14:05.718709,3
1186,8,P19,yes,8,4.605791623994719,0.548458527973277,0.6026853379784917,1333,1318,2026-06-01 14:14:05.734151,3
5440,20,P24,no,1,0.4073348384781639,0.5960151933265168,0.5893093760914265,3253,3240,2026-06-01 14:14:05.748695,5
5441,20,P10,no,1,-0.4073348384781639,0.5893093760914265,0.5960151933265168,3253,3239,2026-06-01 14:14:05.753212,5
524,7,P09,no,2,0.5488986785221641,0.7310585786300049,0.7199965396446176,1066,1032,2026-06-01 14:14:05.773632,3
3561,17,P17,no,6,4.604547319617723,0.2476638011390716,0.21792873238451507,791,837,2026-06-01 14:14:05.789118,5
5442,20,P20,yes,3,1.817975032018694,0.5960151933265168,0.6159095915435134,3256,3239,2026-06-01 14:14:05.871297,5
1960,9,P18,no,1,0.517353858804654,0.4861146822539951,0.4791787146272571,1615,1618,2026-06-01 14:14:05.877769,3
3000,11,P14,no,2,0.7550961402591838,0.6289646649499733,0.6159095915435134,1892,1875,2026-06-01 14:14:05.891778,3
5443,20,P19,no,11,-3.838032217230648,0.6159095915435134,0.6852009766653157,3256,3228,2026-06-01 14:14:05.896493,5
3562,17,P09,yes,4,0.9103795088179822,0.21792873238451507,0.23745802834390253,795,837,2026-06-01 14:14:05.921479,5
5444,20,P01,no,1,0.31780508235578964,0.6852009766653157,0.679178699175393,3256,3229,2026-06-01 14:14:05.937667,5
5445,20,P03,no,1,0.32385760144825326,0.679178699175393,0.6730961777222321,3256,3230,2026-06-01 14:14:05.940774,5
3563,17,P03,no,19,15.31174458262717,0.23745802834390253,0.15519224623709701,795,856,2026-06-01 14:14:05.953257,5
3564,17,P12,yes,8,1.3641244431289579,0.15519224623709701,0.18660508209316082,803,856,2026-06-01 14:14:06.013133,5
4070,19,P19,yes,1,0.07883324699378136,0.07782859364011989,0.07984576661461423,1726,1814,2026-06-01 14:14:06.023815,5
4071,19,P24,yes,1,0.0808741653756897,0.07984576661461423,0.08191057715532518,1727,1814,2026-06-01 14:14:06.025941,5
3001,11,P18,no,7,-2.5302602283366014,0.6159095915435134,0.6607563687658172,1892,1868,2026-06-01 14:14:06.027102,3
5446,20,P24,yes,1,-0.6700303657012228,0.6730961777222321,0.6669548851735586,3255,3230,2026-06-01 14:14:06.038038,5
3565,17,P03,no,10,8.332682210073585,0.18660508209316082,0.1480471980316895,803,866,2026-06-01 14:14:06.044319,5
1187,8,P10,yes,3,1.837809773798881,0.6026853379784917,0.6224593312018546,1336,1318,2026-06-01 14:14:06.049376,3
5447,20,P21,no,3,1.0271531430375944,0.6669548851735586,0.6481942198637447,3255,3233,2026-06-01 14:14:06.055628,5
3566,17,P19,no,14,12.240517049700316,0.1480471980316895,0.10537408848177848,803,880,2026-06-01 14:14:06.057211,5
1961,9,P09,yes,1,0.4826461411951186,0.4791787146272571,0.4861146822539951,1616,1618,2026-06-01 14:14:06.067482,3
4072,19,P19,yes,5,0.4366983692525537,0.08191057715532518,0.09298019452229982,1732,1814,2026-06-01 14:14:06.071009,5
5448,20,P09,no,20,8.358849004370768,0.6481942198637447,0.5138853177460049,3255,3253,2026-06-01 14:14:06.076267,5
5449,20,P09,no,1,0.48958500746130085,0.5138853177460049,0.5069439979482607,3255,3254,2026-06-01 14:14:06.076268,5
5450,20,P17,no,1,0.4965278894051153,0.5069439979482607,0.5,3255,3255,2026-06-01 14:14:06.103044,5
4073,19,P12,no,1,0.9081823317401359,0.09298019452229982,0.09066389627358525,1732,1815,2026-06-01 14:14:06.110656,5
5451,20,P23,yes,5,2.5867358747377693,0.5,0.534666513353404,3260,3255,2026-06-01 14:14:06.115881,5
5452,20,P10,yes,2,1.083135657794628,0.534666513353404,0.548458527973277,3262,3255,2026-06-01 14:14:06.128087,5
3567,17,P05,no,1,0.8959256908096904,0.10537408848177848,0.10278402491725176,803,881,2026-06-01 14:14:06.141853,5
5453,20,P18,yes,13,7.701515247163115,0.548458527973277,0.6354235592583607,3275,3255,2026-06-01 14:14:06.165474,5
3568,17,P04,no,3,-2.679863140122279,0.10278402491725176,0.1107273179723682,803,878,2026-06-01 14:14:06.170124,5
3569,17,P14,yes,13,1.6932308371822273,0.1107273179723682,0.1515851487892869,816,878,2026-06-01 14:14:06.171920,5
3002,11,P14,no,6,2.149448303809095,0.6607563687658172,0.6224593312018546,1892,1874,2026-06-01 14:14:06.178990,3
3570,17,P08,no,1,-0.8466170907724972,0.1515851487892869,0.15519224623709701,816,877,2026-06-01 14:14:06.179557,5
1188,8,P10,no,12,-4.074918056852539,0.6224593312018546,0.6970592839654074,1336,1306,2026-06-01 14:14:06.183229,3
3571,17,P14,yes,10,1.745865089030076,0.15519224623709701,0.19518467701384015,826,877,2026-06-01 14:14:06.196651,5
3572,17,P02,yes,13,2.9332389812122983,0.19518467701384015,0.2581597095111632,839,877,2026-06-01 14:14:06.197475,5
5454,20,P17,no,13,5.29848475283643,0.6354235592583607,0.548458527973277,3275,3268,2026-06-01 14:14:06.202155,5
3003,11,P14,no,1,0.38081192452750656,0.6224593312018546,0.6159095915435134,1892,1875,2026-06-01 14:14:06.236084,3
3004,11,P14,no,1,0.38738299639976503,0.6159095915435134,0.6093175418435606,1892,1876,2026-06-01 14:14:06.263159,3
3005,11,P12,yes,1,0.612617003600235,0.6093175418435606,0.6159095915435134,1893,1876,2026-06-01 14:14:06.277795,3
4074,19,P03,yes,2,0.18597804642627125,0.09066389627358525,0.0953494648991095,1734,1815,2026-06-01 14:14:06.284082,5
3573,17,P05,no,5,3.774195963176112,0.2581597095111632,0.2324649929561242,839,882,2026-06-01 14:14:06.307127,5
3006,11,P09,yes,6,3.8121058985150285,0.6159095915435134,0.6545022492518787,1899,1876,2026-06-01 14:14:06.307398,3
2621,10,P18,yes,1,0.80698478843874,0.8048153229861598,0.8091419557551346,1794,1742,2026-06-01 14:14:06.330280,3
1189,8,P11,no,7,2.2678358798948466,0.6970592839654074,0.6545022492518787,1336,1313,2026-06-01 14:14:06.330609,3
5455,20,P01,yes,5,2.827830656128299,0.548458527973277,0.5825702064623147,3280,3268,2026-06-01 14:14:06.342276,5
5456,20,P24,no,7,3.089033686077528,0.5825702064623147,0.534666513353404,3280,3275,2026-06-01 14:14:06.370141,5
5457,20,P19,yes,3,1.6350305998353178,0.534666513353404,0.555328055262369,3283,3275,2026-06-01 14:14:06.373797,5
1190,8,P10,yes,6,4.0380483718370215,0.6545022492518787,0.6911616123625146,1342,1313,2026-06-01 14:14:06.405570,3
4075,19,P05,no,8,7.309433840211568,0.0953494648991095,0.07782859364011989,1734,1823,2026-06-01 14:14:06.406074,5
1191,8,P20,no,1,0.3118135124170749,0.6911616123625146,0.6852009766653157,1342,1314,2026-06-01 14:14:06.421821,3
4076,19,P03,no,5,-4.584939370648044,0.07782859364011989,0.08839967720705841,1734,1818,2026-06-01 14:14:06.423409,5
5458,20,P10,yes,1,0.5587541409072401,0.555328055262369,0.5621765008857981,3284,3275,2026-06-01 14:14:06.431315,5
4077,19,P22,no,2,1.8276099452855306,0.08839967720705841,0.084023907816312,1734,1820,2026-06-01 14:14:06.436964,5
1192,8,P13,no,6,1.9987854611404146,0.6852009766653157,0.6481942198637447,1342,1320,2026-06-01 14:14:06.442072,3
3007,11,P18,no,5,1.807082176957465,0.6545022492518787,0.6224593312018546,1899,1881,2026-06-01 14:14:06.475282,3
5459,20,P03,yes,12,-6.249279653541635,0.5621765008857981,0.4791787146272571,3272,3275,2026-06-01 14:14:06.479691,5
5460,20,P15,no,1,-0.5173538588055635,0.4791787146272571,0.4861146822539951,3272,3274,2026-06-01 14:14:06.490437,5
5461,20,P08,yes,1,0.48958500746221034,0.4861146822539951,0.49305600205173933,3273,3274,2026-06-01 14:14:06.511088,5
3574,17,P12,no,1,0.7700008441134969,0.2324649929561242,0.22754561719281613,839,883,2026-06-01 14:14:06.512268,5
1193,8,P13,yes,10,-6.157335910102347,0.6481942198637447,0.5825702064623147,1332,1320,2026-06-01 14:14:06.528383,3
1194,8,P10,no,1,-0.4140575273477225,0.5825702064623147,0.5893093760914265,1332,1319,2026-06-01 14:14:06.533637,3
1195,8,P10,no,1,-0.4073348384786186,0.5893093760914265,0.5960151933265168,1332,1318,2026-06-01 14:14:06.550794,3
3575,17,P05,no,1,0.7748832883329442,0.22754561719281613,0.22270013882530884,839,884,2026-06-01 14:14:06.554365,5
525,7,P18,yes,1,0.7227851163620471,0.7199965396446176,0.7255622121589215,1067,1032,2026-06-01 14:14:06.591203,3
3576,17,P03,no,7,5.554665711603889,0.22270013882530884,0.19085804424486547,839,891,2026-06-01 14:14:06.620120,5
5462,20,P23,yes,7,3.621383480833174,0.49305600205173933,0.5415704832167999,3280,3274,2026-06-01 14:14:06.651679,5
3577,17,P09,no,1,0.8112745656601419,0.19085804424486547,0.18660508209316082,839,892,2026-06-01 14:14:06.675132,5
5463,20,P03,no,4,1.8890315117050704,0.5415704832167999,0.5138853177460049,3280,3278,2026-06-01 14:14:06.680103,5
3578,17,P14,yes,1,0.18872543433974442,0.18660508209316082,0.19085804424486547,840,892,2026-06-01 14:14:06.685938,5
3579,17,P01,yes,9,1.900450155949784,0.19085804424486547,0.2324649929561242,849,892,2026-06-01 14:14:06.686233,5
1196,8,P09,yes,1,-0.592665161521154,0.5960151933265168,0.5893093760914265,1331,1318,2026-06-01 14:14:06.701670,3
5464,20,P01,yes,6,3.2078793714390486,0.5138853177460049,0.555328055262369,3286,3278,2026-06-01 14:14:06.706485,5
4078,19,P05,no,1,0.917036837732212,0.084023907816312,0.08191057715532518,1734,1821,2026-06-01 14:14:06.727082,5
5465,20,P02,yes,8,4.659901376679954,0.555328055262369,0.6093175418435606,3294,3278,2026-06-01 14:14:06.730148,5
5466,20,P08,no,1,0.3939953052740748,0.6093175418435606,0.6026853379784917,3294,3279,2026-06-01 14:14:06.734284,5
3008,11,P18,yes,13,8.625063358447733,0.6224593312018546,0.702892745013669,1912,1881,2026-06-01 14:14:06.767414,3
2622,10,P09,yes,6,4.929431208865026,0.8091419557551346,0.8335655924457414,1800,1742,2026-06-01 14:14:06.786081,3
4079,19,P03,yes,19,1.9936415159900207,0.08191057715532518,0.13137120953080678,1753,1821,2026-06-01 14:14:06.790960,5
526,7,P18,no,1,0.2772148836379529,0.7255622121589215,0.7199965396446176,1067,1033,2026-06-01 14:14:06.825502,3
2623,10,P22,no,13,2.515903079530972,0.8335655924457414,0.7772998611746911,1800,1755,2026-06-01 14:14:06.825768,3
1197,8,P10,no,1,-0.407334838478846,0.5893093760914265,0.5960151933265168,1331,1317,2026-06-01 14:14:06.839721,3
4080,19,P24,yes,1,0.13296696097131644,0.13137120953080678,0.13457359546569392,1754,1821,2026-06-01 14:14:06.863171,5
3580,17,P05,no,14,11.19735424446742,0.2324649929561242,0.17032391864384583,849,906,2026-06-01 14:14:06.893546,5
3581,17,P02,yes,1,0.17229860997997548,0.17032391864384583,0.17428532117858547,850,906,2026-06-01 14:14:06.907369,5
1198,8,P18,yes,1,-0.592665161521154,0.5960151933265168,0.5893093760914265,1330,1317,2026-06-01 14:14:06.926520,3
3582,17,P22,no,9,7.584675653276008,0.17428532117858547,0.14117613544185983,850,915,2026-06-01 14:14:06.928229,5
3009,11,P22,no,1,0.3000185846999557,0.702892745013669,0.6970592839654074,1912,1882,2026-06-01 14:14:06.941699,3
3010,11,P17,no,7,2.2678358798948466,0.6970592839654074,0.6545022492518787,1912,1889,2026-06-01 14:14:06.958442,3
1199,8,P09,yes,1,-0.5859424726522775,0.5893093760914265,0.5825702064623147,1329,1317,2026-06-01 14:14:06.966698,3
527,7,P18,yes,1,0.7227851163620471,0.7199965396446176,0.7255622121589215,1068,1033,2026-06-01 14:14:06.972129,3
3583,17,P03,no,1,0.8604966688736795,0.14117613544185983,0.13784165696493572,850,916,2026-06-01 14:14:06.994210,5
1200,8,P11,yes,13,8.130182767064753,0.5825702064623147,0.6669548851735586,1342,1317,2026-06-01 14:14:07.002471,3
3011,11,P18,yes,1,-0.6513526546054891,0.6545022492518787,0.6481942198637447,1911,1889,2026-06-01 14:14:07.002708,3
4081,19,P12,no,2,1.7372359427340598,0.13457359546569392,0.12823373759251924,1754,1823,2026-06-01 14:14:07.013802,5
3584,17,P14,yes,8,1.2141558763185003,0.13784165696493572,0.16643440755425876,858,916,2026-06-01 14:14:07.016277,5
3585,17,P19,no,13,11.136536032743493,0.16643440755425876,0.122150398495942,858,929,2026-06-01 14:14:07.068895,5
4082,19,P19,no,1,-0.8702029037051489,0.12823373759251924,0.13137120953080678,1754,1822,2026-06-01 14:14:07.114403,5
3586,17,P23,yes,1,0.12365015458158268,0.122150398495942,0.1251603995749971,859,929,2026-06-01 14:14:07.122943,5
4083,19,P17,no,1,0.8702029037051489,0.13137120953080678,0.12823373759251924,1754,1823,2026-06-01 14:14:07.130339,5
4084,19,P13,no,3,2.628986604267311,0.12823373759251924,0.11920292202211755,1754,1826,2026-06-01 14:14:07.131444,5
5467,20,P19,no,20,-6.679857111144884,0.6026853379784917,0.7255622121589215,3294,3259,2026-06-01 14:14:07.134857,5
5468,20,P19,no,2,-0.5379062102765602,0.7255622121589215,0.736484844941675,3294,3257,2026-06-01 14:14:07.134858,5
2624,10,P02,no,1,-0.22030825731008008,0.7772998611746911,0.7820712676154848,1800,1754,2026-06-01 14:14:07.141154,3
4085,19,P03,yes,2,0.24432163868095813,0.11920292202211755,0.1251603995749971,1756,1826,2026-06-01 14:14:07.141857,5
2625,10,P18,no,1,-0.21557393642160605,0.7820712676154848,0.7867684891624728,1800,1753,2026-06-01 14:14:07.142444,3
3587,17,P08,yes,6,0.8080325863511462,0.1251603995749971,0.14457775046587726,865,929,2026-06-01 14:14:07.156459,5
4086,19,P19,yes,1,0.12669175705173075,0.1251603995749971,0.12823373759251924,1757,1826,2026-06-01 14:14:07.157327,5
5469,20,P15,no,2,0.5379062102765602,0.736484844941675,0.7255622121589215,3294,3259,2026-06-01 14:14:07.195423,5
3588,17,P15,yes,1,0.14630679319225237,0.14457775046587726,0.1480471980316895,866,929,2026-06-01 14:14:07.209655,5
3589,17,P04,yes,8,1.30244237828947,0.1480471980316895,0.17831905610769247,874,929,2026-06-01 14:14:07.213105,5
3012,11,P14,yes,1,-0.6450184025502494,0.6481942198637447,0.6418340450887311,1910,1889,2026-06-01 14:14:07.239598,3
3013,11,P14,no,1,0.3613670834831737,0.6418340450887311,0.6354235592583607,1910,1890,2026-06-01 14:14:07.252603,3
2626,10,P09,yes,3,2.3809418895475574,0.7867684891624728,0.8004148013462675,1803,1753,2026-06-01 14:14:07.276522,3
4087,19,P10,no,12,10.667014327723336,0.12823373759251924,0.0953494648991095,1757,1838,2026-06-01 14:14:07.301809,5
3590,17,P22,no,2,1.6514052463937787,0.17831905610769247,0.17032391864384583,874,931,2026-06-01 14:14:07.303482,5
3591,17,P09,yes,2,-0.33289261948107196,0.17032391864384583,0.16261630836153196,872,931,2026-06-01 14:14:07.305424,5
4088,19,P03,no,20,-17.536173358434326,0.0953494648991095,0.15519224623709701,1757,1818,2026-06-01 14:14:07.309234,5
4089,19,P03,no,2,-1.6822383415951663,0.15519224623709701,0.16261630836153196,1757,1816,2026-06-01 14:14:07.309235,5
5470,20,P10,no,9,2.7021092760446663,0.7255622121589215,0.6730961777222321,3294,3268,2026-06-01 14:14:07.311875,5
5471,20,P20,no,1,0.32996963429877724,0.6730961777222321,0.6669548851735586,3294,3269,2026-06-01 14:14:07.324145,5
1201,8,P03,yes,1,-0.6638603292090011,0.6669548851735586,0.6607563687658172,1341,1317,2026-06-01 14:14:07.324605,3
5472,20,P03,no,2,0.6785057976426287,0.6669548851735586,0.6545022492518787,3294,3271,2026-06-01 14:14:07.329463,5
5473,20,P23,no,13,5.0397208512677025,0.6545022492518787,0.5690013325681905,3294,3284,2026-06-01 14:14:07.338605,5
4090,19,P23,no,1,0.8392631789170082,0.16261630836153196,0.15886910488091516,1757,1817,2026-06-01 14:14:07.338820,5
3592,17,P10,yes,1,0.16451942792946284,0.16261630836153196,0.16643440755425876,873,931,2026-06-01 14:14:07.347235,5
5474,20,P03,no,2,0.8756548699375344,0.5690013325681905,0.555328055262369,3294,3286,2026-06-01 14:14:07.350696,5
3593,17,P14,yes,1,0.16837319155160912,0.16643440755425876,0.17032391864384583,874,931,2026-06-01 14:14:07.362887,5
5475,20,P10,yes,4,2.2759357140871543,0.555328055262369,0.5825702064623147,3298,3286,2026-06-01 14:14:07.367107,5
4091,19,P15,no,8,6.841931289683771,0.15886910488091516,0.13137120953080678,1757,1825,2026-06-01 14:14:07.378682,5
1202,8,P22,no,5,1.775164088077645,0.6607563687658172,0.6289646649499733,1341,1322,2026-06-01 14:14:07.393697,3
4092,19,P20,yes,12,-1.3662262620650836,0.13137120953080678,0.09777259985079932,1745,1825,2026-06-01 14:14:07.415681,5
3594,17,P02,no,4,-3.286529834756834,0.17032391864384583,0.18660508209316082,874,927,2026-06-01 14:14:07.418089,5
4093,19,P17,no,1,-0.9009930549254932,0.09777259985079932,0.10025049035751298,1745,1824,2026-06-01 14:14:07.424654,5
3595,17,P02,yes,5,0.9872636970941358,0.18660508209316082,0.20860852732604496,879,927,2026-06-01 14:14:07.430027,5
3596,17,P17,no,1,0.793672032251834,0.20860852732604496,0.20405977695922933,879,928,2026-06-01 14:14:07.431610,5
3014,11,P18,no,1,0.36780193489835256,0.6354235592583607,0.6289646649499733,1910,1891,2026-06-01 14:14:07.436915,3
4094,19,P03,yes,9,1.0107304636442223,0.10025049035751298,0.1251603995749971,1754,1824,2026-06-01 14:14:07.451648,5
5476,20,P19,yes,14,8.800213132766203,0.5825702064623147,0.6730961777222321,3312,3286,2026-06-01 14:14:07.469533,5
5477,20,P24,yes,1,0.676142398551292,0.6730961777222321,0.679178699175393,3313,3286,2026-06-01 14:14:07.488139,5
5478,20,P17,yes,1,-0.676142398551292,0.679178699175393,0.6730961777222321,3312,3286,2026-06-01 14:14:07.491046,5
3597,17,P19,no,1,0.7981836892058709,0.20405977695922933,0.19958519865373256,879,929,2026-06-01 14:14:07.508646,5
5479,20,P10,no,5,1.7121043747861222,0.6730961777222321,0.6418340450887311,3312,3291,2026-06-01 14:14:07.513569,5
4095,19,P01,no,10,8.890262591281271,0.1251603995749971,0.09777259985079932,1754,1834,2026-06-01 14:14:07.514017,5
1203,8,P18,no,1,0.37428421573167725,0.6289646649499733,0.6224593312018546,1341,1323,2026-06-01 14:14:07.537194,3
3598,17,P17,no,1,0.8026212273491637,0.19958519865373256,0.19518467701384015,879,930,2026-06-01 14:14:07.553236,5
5480,20,P15,no,8,3.0736249650999525,0.6418340450887311,0.5893093760914265,3312,3299,2026-06-01 14:14:07.553350,5
1204,8,P18,no,1,0.38081192452750656,0.6224593312018546,0.6159095915435134,1341,1324,2026-06-01 14:14:07.557883,3
4096,19,P19,yes,2,0.20051952877201984,0.09777259985079932,0.10278402491725176,1756,1834,2026-06-01 14:14:07.558672,5
4097,19,P22,no,1,0.898487416302487,0.10278402491725176,0.10025049035751298,1756,1835,2026-06-01 14:14:07.578100,5
3599,17,P09,no,7,5.736415997304221,0.19518467701384015,0.16643440755425876,879,937,2026-06-01 14:14:07.598533,5
528,7,P18,yes,2,1.4620937897232125,0.7255622121589215,0.736484844941675,1070,1033,2026-06-01 14:14:07.648903,3
4098,19,P09,yes,1,0.10151258369751304,0.10025049035751298,0.10278402491725176,1757,1835,2026-06-01 14:14:07.653356,5
5481,20,P19,yes,2,1.1920184952141426,0.5893093760914265,0.6026853379784917,3314,3299,2026-06-01 14:14:07.666082,5
3600,17,P17,yes,10,1.8691070538889107,0.16643440755425876,0.20860852732604496,889,937,2026-06-01 14:14:07.722577,5
4099,19,P24,yes,8,0.9092178799467092,0.10278402491725176,0.1251603995749971,1765,1835,2026-06-01 14:14:07.730345,5
3601,17,P24,yes,11,2.5885474324718416,0.20860852732604496,0.26351515505832507,900,937,2026-06-01 14:14:07.758758,5
5482,20,P19,yes,8,5.030727596841189,0.6026853379784917,0.6545022492518787,3322,3299,2026-06-01 14:14:07.775640,5
3602,17,P23,no,9,6.837940335860026,0.26351515505832507,0.21792873238451507,900,946,2026-06-01 14:14:07.780386,5
3603,17,P24,yes,1,0.2203082573099664,0.21792873238451507,0.22270013882530884,901,946,2026-06-01 14:14:07.781237,5
4100,19,P03,yes,3,0.38945581431789833,0.1251603995749971,0.13457359546569392,1768,1835,2026-06-01 14:14:07.813296,5
1205,8,P10,yes,2,1.2449038597408162,0.6159095915435134,0.6289646649499733,1343,1324,2026-06-01 14:14:07.819092,3
2627,10,P09,yes,2,-1.5918557214574776,0.8004148013462675,0.791391472673955,1801,1753,2026-06-01 14:14:07.855486,3
5483,20,P08,no,1,0.3486473453945109,0.6545022492518787,0.6481942198637447,3322,3300,2026-06-01 14:14:07.864357,5
5484,20,P23,no,1,0.35498159744975055,0.6481942198637447,0.6418340450887311,3322,3301,2026-06-01 14:14:07.874762,5
4101,19,P02,yes,11,-1.2986736942646075,0.13457359546569392,0.10278402491725176,1757,1835,2026-06-01 14:14:07.883393,5
5485,20,P19,no,9,-2.971464822739563,0.6418340450887311,0.6970592839654074,3322,3292,2026-06-01 14:14:07.907436,5
4102,19,P05,no,1,0.898487416302487,0.10278402491725176,0.10025049035751298,1757,1836,2026-06-01 14:14:07.912633,5
5486,20,P20,no,1,0.3058842517325502,0.6970592839654074,0.6911616123625146,3322,3293,2026-06-01 14:14:07.917009,5
3015,11,P14,no,1,0.37428421573167725,0.6289646649499733,0.6224593312018546,1910,1892,2026-06-01 14:14:07.918452,3
5487,20,P02,no,1,0.31181351241730226,0.6911616123625146,0.6852009766653157,3322,3294,2026-06-01 14:14:07.939545,5
2628,10,P09,yes,1,0.793672032251834,0.791391472673955,0.7959402230407707,1802,1753,2026-06-01 14:14:07.978241,3
1206,8,P10,no,5,-1.7751640880774175,0.6289646649499733,0.6607563687658172,1343,1319,2026-06-01 14:14:07.983589,3
4103,19,P22,no,14,12.818015727060583,0.10025049035751298,0.0702187918305528,1757,1850,2026-06-01 14:14:07.990296,5
4104,19,P22,no,3,2.7973126379090445,0.0702187918305528,0.06496916912866407,1757,1853,2026-06-01 14:14:07.995450,5
1962,9,P18,yes,1,0.4895850074617556,0.4861146822539951,0.49305600205173933,1617,1618,2026-06-01 14:14:08.030211,3
5488,20,P18,no,1,0.3178050823553349,0.6852009766653157,0.679178699175393,3322,3295,2026-06-01 14:14:08.035722,5
1207,8,P03,no,12,4.533677562143794,0.6607563687658172,0.5825702064623147,1343,1331,2026-06-01 14:14:08.044828,3
1963,9,P09,yes,1,-0.4895850074617556,0.49305600205173933,0.4861146822539951,1616,1618,2026-06-01 14:14:08.047915,3
1964,9,P09,no,1,0.5173538588048814,0.4861146822539951,0.4791787146272571,1616,1619,2026-06-01 14:14:08.082651,3
5489,20,P20,no,1,0.32385760144825326,0.679178699175393,0.6730961777222321,3322,3296,2026-06-01 14:14:08.087768,5
3604,17,P19,no,8,6.3659402772640306,0.22270013882530884,0.18660508209316082,901,954,2026-06-01 14:14:08.108996,5
5490,20,P19,yes,5,3.4406209673470585,0.6730961777222321,0.702892745013669,3327,3296,2026-06-01 14:14:08.118495,5
3605,17,P05,no,12,10.043504098013045,0.18660508209316082,0.14117613544185983,901,966,2026-06-01 14:14:08.154831,5
3606,17,P10,yes,1,0.14287131886828774,0.14117613544185983,0.14457775046587726,902,966,2026-06-01 14:14:08.155418,5
4105,19,P03,yes,20,1.69695153218845,0.06496916912866407,0.10802156134341918,1777,1853,2026-06-01 14:14:08.177944,5
4106,19,P03,yes,3,0.3363740015795429,0.10802156134341918,0.11631714397765597,1780,1853,2026-06-01 14:14:08.177945,5
5491,20,P03,no,2,0.6059028364325059,0.702892745013669,0.6911616123625146,3327,3298,2026-06-01 14:14:08.179760,5
3607,17,P10,yes,7,1.1001544178755012,0.14457775046587726,0.17032391864384583,909,966,2026-06-01 14:14:08.182022,5
3608,17,P21,yes,1,0.17229860997997548,0.17032391864384583,0.17428532117858547,910,966,2026-06-01 14:14:08.184258,5
1208,8,P03,yes,1,0.5859424726522775,0.5825702064623147,0.5893093760914265,1344,1331,2026-06-01 14:14:08.190824,3
4107,19,P17,yes,5,0.6185654182529561,0.11631714397765597,0.13137120953080678,1785,1853,2026-06-01 14:14:08.195255,5
1965,9,P18,yes,1,0.4826461411951186,0.4791787146272571,0.4861146822539951,1617,1619,2026-06-01 14:14:08.239728,3
4108,19,P17,yes,16,2.553893750463203,0.13137120953080678,0.19085804424486547,1801,1853,2026-06-01 14:14:08.259500,5
4109,19,P05,no,2,1.6267653673417044,0.19085804424486547,0.18242552380635632,1801,1855,2026-06-01 14:14:08.264545,5
3609,17,P24,yes,1,0.1762961436262458,0.17428532117858547,0.17831905610769247,911,966,2026-06-01 14:14:08.266088,5
3016,11,P09,yes,2,1.2579138493699702,0.6224593312018546,0.6354235592583607,1912,1892,2026-06-01 14:14:08.268336,3
3017,11,P09,no,2,0.7420861506302572,0.6354235592583607,0.6224593312018546,1912,1894,2026-06-01 14:14:08.272051,3
4110,19,P02,yes,1,-0.18036621331839342,0.18242552380635632,0.17831905610769247,1800,1855,2026-06-01 14:14:08.293847,5
4111,19,P06,no,1,0.8237038563736405,0.17831905610769247,0.17428532117858547,1800,1856,2026-06-01 14:14:08.308133,5
5492,20,P21,no,3,0.9534761962208904,0.6911616123625146,0.6730961777222321,3327,3301,2026-06-01 14:14:08.312076,5
529,7,P18,no,5,-1.251680155321992,0.736484844941675,0.7625419716560975,1070,1028,2026-06-01 14:14:08.330486,3
4112,19,P15,yes,6,-0.9763357970930429,0.17428532117858547,0.1515851487892869,1794,1856,2026-06-01 14:14:08.342569,5
4113,19,P22,no,1,0.8501895624301596,0.1515851487892869,0.1480471980316895,1794,1857,2026-06-01 14:14:08.349179,5
5493,20,P03,no,4,1.3571227773363717,0.6730961777222321,0.6481942198637447,3327,3305,2026-06-01 14:14:08.381340,5
1209,8,P09,yes,1,0.5926651615216088,0.5893093760914265,0.5960151933265168,1345,1331,2026-06-01 14:14:08.410144,3
5494,20,P01,no,12,4.691073505872737,0.6481942198637447,0.5690013325681905,3327,3317,2026-06-01 14:14:08.419872,5
5495,20,P09,no,1,0.43440901084477446,0.5690013325681905,0.5621765008857981,3327,3318,2026-06-01 14:14:08.420415,5
3610,17,P11,yes,1,0.18036621331839342,0.17831905610769247,0.18242552380635632,912,966,2026-06-01 14:14:08.447482,5
3611,17,P19,no,2,1.6433376430553608,0.18242552380635632,0.17428532117858547,912,968,2026-06-01 14:14:08.456302,5
3612,17,P24,yes,1,0.1762961436262458,0.17428532117858547,0.17831905610769247,913,968,2026-06-01 14:14:08.459589,5
4114,19,P11,no,5,4.302149473802729,0.1480471980316895,0.13137120953080678,1794,1862,2026-06-01 14:14:08.460675,5
4115,19,P03,no,14,-11.819340882194865,0.13137120953080678,0.18242552380635632,1794,1848,2026-06-01 14:14:08.467478,5
3613,17,P05,no,1,0.8237038563738679,0.17831905610769247,0.17428532117858547,913,969,2026-06-01 14:14:08.473361,5
4116,19,P20,no,1,0.8196337866813792,0.18242552380635632,0.17831905610769247,1794,1849,2026-06-01 14:14:08.482603,5
5496,20,P01,yes,1,0.5655909891552255,0.5621765008857981,0.5690013325681905,3328,3318,2026-06-01 14:14:08.490397,5
1210,8,P20,no,4,-1.5628368925083578,0.5960151933265168,0.6224593312018546,1345,1327,2026-06-01 14:14:08.493633,3
530,7,P09,yes,2,1.5350454601589263,0.7625419716560975,0.7724543828071839,1072,1028,2026-06-01 14:14:08.500478,3
1211,8,P10,yes,2,1.2579138493697428,0.6224593312018546,0.6354235592583607,1347,1327,2026-06-01 14:14:08.510933,3
3614,17,P01,yes,2,0.3566623569446392,0.17428532117858547,0.18242552380635632,915,969,2026-06-01 14:14:08.519021,5
5497,20,P15,no,1,0.43440901084477446,0.5690013325681905,0.5621765008857981,3328,3319,2026-06-01 14:14:08.535100,5
3892,18,P24,yes,1,0.040983125455340996,0.04043956481800324,0.04153132619455174,1391,1504,2026-06-01 14:14:08.541815,5
531,7,P23,no,1,0.2299991558866168,0.7724543828071839,0.7675350070438758,1072,1029,2026-06-01 14:14:08.542330,3
4117,19,P24,no,2,1.651405246394006,0.17831905610769247,0.17032391864384583,1794,1851,2026-06-01 14:14:08.548513,5
5498,20,P11,yes,1,0.5655909891552255,0.5621765008857981,0.5690013325681905,3329,3319,2026-06-01 14:14:08.583144,5
5499,20,P18,yes,11,6.663908091576559,0.5690013325681905,0.6418340450887311,3340,3319,2026-06-01 14:14:08.584191,5
4118,19,P22,no,10,8.481268810091024,0.17032391864384583,0.13457359546569392,1794,1861,2026-06-01 14:14:08.588285,5
3615,17,P11,yes,1,0.18450919831855117,0.18242552380635632,0.18660508209316082,916,969,2026-06-01 14:14:08.611977,5
3616,17,P22,no,5,4.118156643205111,0.18660508209316082,0.16643440755425876,916,974,2026-06-01 14:14:08.629789,5
3893,18,P05,no,1,0.959016874544659,0.04153132619455174,0.04043956481800324,1391,1505,2026-06-01 14:14:08.638084,5
3617,17,P02,yes,13,2.5159030795307444,0.16643440755425876,0.22270013882530884,929,974,2026-06-01 14:14:08.649091,5
1966,9,P09,yes,1,-0.4826461411951186,0.4861146822539951,0.4791787146272571,1616,1619,2026-06-01 14:14:08.650179,3
4119,19,P17,yes,3,0.41857677203302046,0.13457359546569392,0.14457775046587726,1797,1861,2026-06-01 14:14:08.663708,5
3018,11,P09,no,5,-1.8070821769576924,0.6224593312018546,0.6545022492518787,1912,1889,2026-06-01 14:14:08.665782,3
1967,9,P18,yes,1,0.4826461411951186,0.4791787146272571,0.4861146822539951,1617,1619,2026-06-01 14:14:08.666515,3
4120,19,P24,no,1,-0.8536932068075203,0.14457775046587726,0.1480471980316895,1797,1860,2026-06-01 14:14:08.677587,5
3618,17,P05,no,4,3.1468760066100003,0.22270013882530884,0.20405977695922933,929,978,2026-06-01 14:14:08.689167,5
5500,20,P09,no,3,1.1034532341132035,0.6418340450887311,0.6224593312018546,3340,3322,2026-06-01 14:14:08.701879,5
3894,18,P24,yes,1,0.04098312545556837,0.04043956481800324,0.04153132619455174,1392,1505,2026-06-01 14:14:08.727424,5
3019,11,P09,yes,1,0.6576338731481428,0.6545022492518787,0.6607563687658172,1913,1889,2026-06-01 14:14:08.783792,3
3619,17,P24,yes,6,1.3082398609435586,0.20405977695922933,0.2324649929561242,935,978,2026-06-01 14:14:08.789695,5
3020,11,P18,no,1,-0.33613967079099893,0.6607563687658172,0.6669548851735586,1913,1888,2026-06-01 14:14:08.797856,3
4121,19,P04,no,1,0.8536932068075203,0.1480471980316895,0.14457775046587726,1797,1861,2026-06-01 14:14:08.798602,5
532,7,P09,yes,1,-0.7650446160455431,0.7675350070438758,0.7625419716560975,1071,1029,2026-06-01 14:14:08.809918,3
5501,20,P24,no,4,1.5628368925085852,0.6224593312018546,0.5960151933265168,3340,3326,2026-06-01 14:14:08.832189,5
3620,17,P14,no,1,0.7700008441133832,0.2324649929561242,0.22754561719281613,935,979,2026-06-01 14:14:08.834494,5
4122,19,P03,yes,20,3.6728010175215786,0.14457775046587726,0.22754561719281613,1817,1861,2026-06-01 14:14:08.840577,5
4123,19,P03,yes,4,0.9500277114054825,0.22754561719281613,0.2476638011390716,1821,1861,2026-06-01 14:14:08.840578,5
4124,19,P04,no,1,0.7549119542418339,0.2476638011390716,0.24252442073717165,1821,1862,2026-06-01 14:14:08.843401,5
1968,9,P09,no,1,0.5173538588048814,0.4861146822539951,0.4791787146272571,1617,1620,2026-06-01 14:14:08.846780,3
1212,8,P10,no,1,-0.3613670834829463,0.6354235592583607,0.6418340450887311,1347,1326,2026-06-01 14:14:08.847343,3
1213,8,P10,yes,1,0.6450184025497947,0.6418340450887311,0.6481942198637447,1348,1326,2026-06-01 14:14:08.848494,3
3021,11,P14,yes,1,-0.6638603292087737,0.6669548851735586,0.6607563687658172,1912,1888,2026-06-01 14:14:08.869514,3
2629,10,P09,yes,1,0.7981836892056435,0.7959402230407707,0.8004148013462675,1803,1753,2026-06-01 14:14:08.880917,3
4125,19,P02,no,1,0.7600148741939847,0.24252442073717165,0.23745802834390253,1821,1863,2026-06-01 14:14:08.906222,5
3621,17,P15,no,1,0.7748832883329442,0.22754561719281613,0.22270013882530884,935,980,2026-06-01 14:14:08.922524,5
3622,17,P17,no,1,0.7796917426900336,0.22270013882530884,0.21792873238451507,935,981,2026-06-01 14:14:08.926296,5
5502,20,P15,no,1,0.4073348384786186,0.5960151933265168,0.5893093760914265,3340,3327,2026-06-01 14:14:08.929925,5
4126,19,P22,no,1,0.7650446160455431,0.23745802834390253,0.2324649929561242,1821,1864,2026-06-01 14:14:08.936800,5
4127,19,P09,no,12,9.545948998073527,0.2324649929561242,0.17831905610769247,1821,1876,2026-06-01 14:14:08.941259,5
533,7,P09,no,2,0.4850731715641814,0.7625419716560975,0.7523361988609284,1071,1031,2026-06-01 14:14:08.957490,3
5503,20,P17,yes,4,2.41064019354053,0.5893093760914265,0.6159095915435134,3344,3327,2026-06-01 14:14:08.959399,5
5504,20,P03,yes,10,-5.824413322320652,0.6159095915435134,0.548458527973277,3334,3327,2026-06-01 14:14:08.963211,5
5505,20,P09,no,19,9.827830656127844,0.548458527973277,0.41742979353768533,3334,3346,2026-06-01 14:14:08.967995,5
4128,19,P12,no,1,0.8237038563734131,0.17831905610769247,0.17428532117858547,1821,1877,2026-06-01 14:14:08.973131,5
4129,19,P22,no,13,11.046206142845449,0.17428532117858547,0.12823373759251924,1821,1890,2026-06-01 14:14:08.996591,5
5506,20,P13,no,8,-4.4421751875665905,0.41742979353768533,0.47225076494548685,3334,3338,2026-06-01 14:14:09.005844,5
3022,11,P09,yes,1,-0.6576338731483702,0.6607563687658172,0.6545022492518787,1911,1888,2026-06-01 14:14:09.027994,3
5507,20,P17,yes,1,0.4757139608450416,0.47225076494548685,0.4791787146272571,3335,3338,2026-06-01 14:14:09.038300,5
5508,20,P11,no,1,-0.5173538588055635,0.4791787146272571,0.4861146822539951,3335,3337,2026-06-01 14:14:09.039924,5
4130,19,P24,no,1,-0.8702029037053762,0.12823373759251924,0.13137120953080678,1821,1889,2026-06-01 14:14:09.042084,5
1214,8,P09,no,1,0.3549815974502053,0.6481942198637447,0.6418340450887311,1348,1327,2026-06-01 14:14:09.042253,3
5509,20,P04,yes,1,0.48958500746221034,0.4861146822539951,0.49305600205173933,3336,3337,2026-06-01 14:14:09.047511,5
5510,20,P11,yes,8,4.166399421937058,0.49305600205173933,0.548458527973277,3344,3337,2026-06-01 14:14:09.048941,5
5511,20,P14,yes,6,3.4137731287801216,0.548458527973277,0.5893093760914265,3350,3337,2026-06-01 14:14:09.084290,5
3623,17,P19,no,1,0.7844260635781666,0.21792873238451507,0.2132315108375271,935,982,2026-06-01 14:14:09.098744,5
1969,9,P09,yes,3,-1.4063853705097245,0.4791787146272571,0.45842951678320015,1614,1620,2026-06-01 14:14:09.106349,3
4131,19,P05,no,8,7.045060580167501,0.13137120953080678,0.10802156134341918,1821,1897,2026-06-01 14:14:09.110720,5
3023,11,P18,yes,13,-7.960279148732525,0.6545022492518787,0.5690013325681905,1898,1888,2026-06-01 14:14:09.113670,3
3024,11,P18,no,1,0.4344090108443197,0.5690013325681905,0.5621765008857981,1898,1889,2026-06-01 14:14:09.129108,3
3025,11,P03,yes,1,0.5655909891556803,0.5621765008857981,0.5690013325681905,1899,1889,2026-06-01 14:14:09.161140,3
3026,11,P09,yes,2,1.1515905840246887,0.5690013325681905,0.5825702064623147,1901,1889,2026-06-01 14:14:09.176542,3
1970,9,P18,yes,8,-3.448545768594613,0.45842951678320015,0.4039848066734832,1606,1620,2026-06-01 14:14:09.199284,3
1971,9,P22,no,6,-3.454543348260813,0.4039848066734832,0.444671944737631,1606,1614,2026-06-01 14:14:09.222665,3
5512,20,P03,no,2,0.8348699153239068,0.5893093760914265,0.5758000536158003,3350,3339,2026-06-01 14:14:09.235403,5
5513,20,P02,yes,1,0.5791876120238157,0.5758000536158003,0.5825702064623147,3351,3339,2026-06-01 14:14:09.236151,5
2630,10,P18,yes,1,0.8026212273493911,0.8004148013462675,0.8048153229861598,1804,1753,2026-06-01 14:14:09.258626,3
3027,11,P20,yes,1,0.5859424726522775,0.5825702064623147,0.5893093760914265,1902,1889,2026-06-01 14:14:09.260417,3
3624,17,P24,yes,2,0.4358821937319135,0.2132315108375271,0.22270013882530884,937,982,2026-06-01 14:14:09.269667,5
3028,11,P03,yes,1,0.5926651615216088,0.5893093760914265,0.5960151933265168,1903,1889,2026-06-01 14:14:09.304221,3
3625,17,P19,no,1,0.7796917426900336,0.22270013882530884,0.21792873238451507,937,983,2026-06-01 14:14:09.331042,5
5514,20,P03,no,5,2.172169343871701,0.5825702064623147,0.548458527973277,3351,3344,2026-06-01 14:14:09.339968,5
1215,8,P10,no,3,-1.045995069696346,0.6418340450887311,0.6607563687658172,1348,1324,2026-06-01 14:14:09.364480,3
1972,9,P03,yes,1,0.44810505795908284,0.444671944737631,0.4515414720267231,1607,1614,2026-06-01 14:14:09.379029,3
3029,11,P09,no,1,0.40733483847839125,0.5960151933265168,0.5893093760914265,1903,1890,2026-06-01 14:14:09.396951,3
1216,8,P22,no,4,1.4073621531792924,0.6607563687658172,0.6354235592583607,1348,1328,2026-06-01 14:14:09.399279,3
4132,19,P22,no,14,12.724750964790246,0.10802156134341918,0.07585818002124356,1821,1911,2026-06-01 14:14:09.410362,5
3030,11,P12,yes,3,1.7980231899400678,0.5893093760914265,0.6093175418435606,1906,1890,2026-06-01 14:14:09.412952,3
4133,19,P08,yes,1,0.07683952668276106,0.07585818002124356,0.07782859364011989,1822,1911,2026-06-01 14:14:09.416273,5
5515,20,P10,yes,1,0.5518949420411445,0.548458527973277,0.555328055262369,3352,3344,2026-06-01 14:14:09.420339,5
3895,18,P19,no,1,0.9590168745444316,0.04153132619455174,0.04043956481800324,1392,1506,2026-06-01 14:14:09.426120,5
5516,20,P01,yes,1,0.5587541409072401,0.555328055262369,0.5621765008857981,3353,3344,2026-06-01 14:14:09.435158,5
4134,19,P14,no,1,-0.9211667530062186,0.07782859364011989,0.07984576661461423,1822,1910,2026-06-01 14:14:09.444443,5
5517,20,P23,yes,1,0.5655909891552255,0.5621765008857981,0.5690013325681905,3354,3344,2026-06-01 14:14:09.501548,5
3626,17,P19,no,1,0.7844260635780529,0.21792873238451507,0.2132315108375271,937,984,2026-06-01 14:14:09.554571,5
4135,19,P19,yes,17,1.6943766734375458,0.07984576661461423,0.122150398495942,1839,1910,2026-06-01 14:14:09.563034,5
5518,20,P13,yes,5,2.929551551891109,0.5690013325681905,0.6026853379784917,3359,3344,2026-06-01 14:14:09.588861,5
1217,8,P18,yes,1,-0.6321980651016474,0.6354235592583607,0.6289646649499733,1347,1328,2026-06-01 14:14:09.600891,3
3627,17,P17,yes,19,-3.294176762117445,0.2132315108375271,0.13784165696493572,918,984,2026-06-01 14:14:09.611507,5
3628,17,P12,yes,10,1.5548276778501986,0.13784165696493572,0.17428532117858547,928,984,2026-06-01 14:14:09.622619,5
5519,20,P17,no,17,7.738223946606922,0.6026853379784917,0.4861146822539951,3359,3361,2026-06-01 14:14:09.657124,5
3629,17,P20,yes,1,0.1762961436262458,0.17428532117858547,0.17831905610769247,929,984,2026-06-01 14:14:09.674246,5
3630,17,P19,no,14,11.869909999218748,0.17831905610769247,0.12823373759251924,929,998,2026-06-01 14:14:09.682651,5
5520,20,P11,yes,1,0.48958500746130085,0.4861146822539951,0.49305600205173933,3360,3361,2026-06-01 14:14:09.692387,5
5521,20,P08,yes,1,0.4965278894051153,0.49305600205173933,0.5,3361,3361,2026-06-01 14:14:09.718887,5
3631,17,P13,no,1,-0.8702029037052625,0.12823373759251924,0.13137120953080678,929,997,2026-06-01 14:14:09.761401,5
3031,11,P22,yes,13,8.462771273952512,0.6093175418435606,0.6911616123625146,1919,1890,2026-06-01 14:14:09.765300,3
5522,20,P24,no,2,1.0138871031335839,0.5,0.4861146822539951,3361,3363,2026-06-01 14:14:09.767514,5
534,7,P09,no,10,-2.230084727256326,0.7523361988609284,0.8004148013462675,1071,1021,2026-06-01 14:14:09.775795,3
3032,11,P01,no,1,0.3118135124170749,0.6911616123625146,0.6852009766653157,1919,1891,2026-06-01 14:14:09.778706,3
3632,17,P19,no,16,14.261711700992464,0.13137120953080678,0.08839967720705841,929,1013,2026-06-01 14:14:09.779923,5
535,7,P11,no,11,2.4803484682747694,0.8004148013462675,0.7471242672706695,1071,1032,2026-06-01 14:14:09.781734,3
536,7,P18,no,5,-1.2002914524236985,0.7471242672706695,0.7724543828071839,1071,1027,2026-06-01 14:14:09.795040,3
5523,20,P21,yes,1,0.48958500746130085,0.4861146822539951,0.49305600205173933,3362,3363,2026-06-01 14:14:09.799470,5
3033,11,P12,no,1,0.317805082356017,0.6852009766653157,0.679178699175393,1919,1892,2026-06-01 14:14:09.804043,3
5524,20,P12,yes,10,5.2770485048854425,0.49305600205173933,0.5621765008857981,3372,3363,2026-06-01 14:14:09.806224,5
3034,11,P20,no,6,2.035961976234148,0.679178699175393,0.6418340450887311,1919,1898,2026-06-01 14:14:09.815880,3
3035,11,P18,yes,1,0.6450184025502494,0.6418340450887311,0.6481942198637447,1920,1898,2026-06-01 14:14:09.827444,3
4136,19,P19,no,2,-1.7496580883664592,0.122150398495942,0.12823373759251924,1839,1908,2026-06-01 14:14:09.845047,5
1973,9,P18,yes,1,0.4549840588963434,0.4515414720267231,0.45842951678320015,1608,1614,2026-06-01 14:14:09.861663,3
4137,19,P19,yes,3,0.3989661793045798,0.12823373759251924,0.13784165696493572,1842,1908,2026-06-01 14:14:09.865057,5
4138,19,P05,no,1,0.8637978779613604,0.13784165696493572,0.13457359546569392,1842,1909,2026-06-01 14:14:09.872726,5
5525,20,P13,yes,1,0.5655909891552255,0.5621765008857981,0.5690013325681905,3373,3363,2026-06-01 14:14:09.887390,5
5526,20,P17,no,2,0.8756548699375344,0.5690013325681905,0.555328055262369,3373,3365,2026-06-01 14:14:09.887604,5
3633,17,P23,no,1,-0.9104725159897953,0.08839967720705841,0.09066389627358525,929,1012,2026-06-01 14:14:09.900026,5
4139,19,P22,no,6,5.2484676207757275,0.13457359546569392,0.11631714397765597,1842,1915,2026-06-01 14:14:09.901775,5
3634,17,P20,yes,9,0.9152957482693864,0.09066389627358525,0.11349222580422871,938,1012,2026-06-01 14:14:09.910798,5
5527,20,P20,yes,4,2.275935714087609,0.555328055262369,0.5825702064623147,3377,3365,2026-06-01 14:14:09.913482,5
4140,19,P17,yes,1,0.11775492622564343,0.11631714397765597,0.11920292202211755,1843,1915,2026-06-01 14:14:09.915966,5
3635,17,P14,yes,1,0.11489964847498868,0.11349222580422871,0.11631714397765597,939,1012,2026-06-01 14:14:09.928293,5
1218,8,P10,yes,1,0.6321980651016474,0.6289646649499733,0.6354235592583607,1348,1328,2026-06-01 14:14:09.933741,3
4141,19,P03,yes,20,3.0547042424905158,0.11920292202211755,0.19085804424486547,1863,1915,2026-06-01 14:14:09.947736,5
4142,19,P03,yes,4,0.7985382627543913,0.19085804424486547,0.20860852732604496,1867,1915,2026-06-01 14:14:09.947737,5
3636,17,P13,no,1,-0.8822450737741292,0.11631714397765597,0.11920292202211755,939,1011,2026-06-01 14:14:09.948925,5
4143,19,P20,no,7,5.64786089126892,0.20860852732604496,0.17831905610769247,1867,1922,2026-06-01 14:14:09.971566,5
5528,20,P03,no,8,3.557824812432955,0.5825702064623147,0.5277492350545132,3377,3373,2026-06-01 14:14:09.985415,5
537,7,P09,no,1,0.2299991558866168,0.7724543828071839,0.7675350070438758,1071,1028,2026-06-01 14:14:09.990984,3
5529,20,P14,yes,1,0.5312088736441183,0.5277492350545132,0.534666513353404,3378,3373,2026-06-01 14:14:10.003089,5
4144,19,P04,yes,10,-1.5916204903501239,0.17831905610769247,0.14117613544185983,1857,1922,2026-06-01 14:14:10.005310,5
4145,19,P22,no,13,11.425620852570773,0.14117613544185983,0.10278402491725176,1857,1935,2026-06-01 14:14:10.008118,5
5530,20,P15,no,4,1.9167362358575701,0.534666513353404,0.5069439979482607,3378,3377,2026-06-01 14:14:10.023359,5
538,7,P18,yes,1,0.7700008441133832,0.7675350070438758,0.7724543828071839,1072,1028,2026-06-01 14:14:10.048424,3
3637,17,P10,yes,2,0.24432163868061707,0.11920292202211755,0.1251603995749971,941,1011,2026-06-01 14:14:10.070506,5
5531,20,P20,yes,2,1.0277688513428984,0.5069439979482607,0.520821285372743,3380,3377,2026-06-01 14:14:10.084718,5
3638,17,P10,yes,1,0.12669175705173075,0.1251603995749971,0.12823373759251924,942,1011,2026-06-01 14:14:10.085717,5
3036,11,P14,no,1,0.35498159744975055,0.6481942198637447,0.6418340450887311,1920,1899,2026-06-01 14:14:10.088768,3
3639,17,P21,yes,8,1.1308409692891246,0.12823373759251924,0.15519224623709701,950,1011,2026-06-01 14:14:10.090687,5
2631,10,P18,no,1,0.19737877265060888,0.8048153229861598,0.8004148013462675,1804,1754,2026-06-01 14:14:10.091286,3
3640,17,P04,yes,11,1.9432438616807985,0.15519224623709701,0.19958519865373256,961,1011,2026-06-01 14:14:10.100822,5
3641,17,P09,no,7,-5.489943828262312,0.19958519865373256,0.2324649929561242,961,1004,2026-06-01 14:14:10.134736,5
3642,17,P23,no,7,5.489943828262312,0.2324649929561242,0.19958519865373256,961,1011,2026-06-01 14:14:10.172075,5
3643,17,P09,no,5,4.056005169811328,0.19958519865373256,0.17831905610769247,961,1016,2026-06-01 14:14:10.174180,5
5532,20,P17,yes,3,1.5936146294902755,0.520821285372743,0.5415704832167999,3383,3377,2026-06-01 14:14:10.178216,5
5533,20,P03,yes,7,-3.6213834808336287,0.5415704832167999,0.49305600205173933,3376,3377,2026-06-01 14:14:10.192525,5
4146,19,P02,yes,1,0.10407430919030958,0.10278402491725176,0.10537408848177848,1858,1935,2026-06-01 14:14:10.194547,5
5534,20,P19,no,11,-5.157360505959787,0.49305600205173933,0.5690013325681905,3376,3366,2026-06-01 14:14:10.218583,5
4147,19,P03,yes,5,0.5608219320754415,0.10537408848177848,0.11920292202211755,1863,1935,2026-06-01 14:14:10.240569,5
1219,8,P18,yes,1,-0.6321980651016474,0.6354235592583607,0.6289646649499733,1347,1328,2026-06-01 14:14:10.261127,3
4148,19,P24,yes,1,0.1206714840989207,0.11920292202211755,0.122150398495942,1864,1935,2026-06-01 14:14:10.281664,5
1220,8,P09,yes,1,0.6321980651016474,0.6289646649499733,0.6354235592583607,1348,1328,2026-06-01 14:14:10.320372,3
4149,19,P17,yes,9,1.2277999716952763,0.122150398495942,0.1515851487892869,1873,1935,2026-06-01 14:14:10.320418,5
4150,19,P03,yes,20,3.841638326600332,0.1515851487892869,0.23745802834390253,1893,1935,2026-06-01 14:14:10.325357,5
4151,19,P03,yes,1,0.23998512580624265,0.23745802834390253,0.24252442073717165,1894,1935,2026-06-01 14:14:10.325358,5
1974,9,P09,yes,13,-5.385666876834648,0.45842951678320015,0.3710353350500268,1595,1614,2026-06-01 14:14:10.326103,3
1975,9,P09,no,1,0.6321980651016474,0.3710353350500268,0.36457644074163925,1595,1615,2026-06-01 14:14:10.332304,3
3644,17,P24,yes,1,0.18036621331839342,0.17831905610769247,0.18242552380635632,962,1016,2026-06-01 14:14:10.333903,5
4152,19,P23,no,1,0.7600148741937574,0.24252442073717165,0.23745802834390253,1894,1936,2026-06-01 14:14:10.359484,5
4153,19,P11,no,1,0.7650446160455431,0.23745802834390253,0.2324649929561242,1894,1937,2026-06-01 14:14:10.367945,5
1976,9,P11,yes,9,3.5471277969413677,0.36457644074163925,0.4241999463841996,1604,1615,2026-06-01 14:14:10.380939,3
4154,19,P09,no,1,0.7700008441133832,0.2324649929561242,0.22754561719281613,1894,1938,2026-06-01 14:14:10.395352,5
4155,19,P20,no,1,0.7748832883330579,0.22754561719281613,0.22270013882530884,1894,1939,2026-06-01 14:14:10.415766,5
5535,20,P03,no,2,0.8756548699375344,0.5690013325681905,0.555328055262369,3376,3368,2026-06-01 14:14:10.430468,5
1977,9,P03,yes,6,2.668221298100889,0.4241999463841996,0.46533348664659613,1610,1615,2026-06-01 14:14:10.447956,3
4156,19,P07,yes,1,-0.22030825731008008,0.22270013882530884,0.21792873238451507,1893,1939,2026-06-01 14:14:10.449672,5
5536,20,P20,no,1,-0.44124585909275993,0.555328055262369,0.5621765008857981,3376,3367,2026-06-01 14:14:10.450913,5
4157,19,P16,no,10,8.04507697931058,0.21792873238451507,0.17428532117858547,1893,1949,2026-06-01 14:14:10.545543,5
5537,20,P09,no,1,0.44124585909275993,0.5621765008857981,0.555328055262369,3376,3368,2026-06-01 14:14:10.554582,5
4158,19,P02,no,12,10.176003239140073,0.17428532117858547,0.13137120953080678,1893,1961,2026-06-01 14:14:10.560490,5
4159,19,P22,no,1,0.8702029037053762,0.13137120953080678,0.12823373759251924,1893,1962,2026-06-01 14:14:10.592568,5
539,7,P18,no,5,-1.0782407050569418,0.7724543828071839,0.7959402230407707,1072,1023,2026-06-01 14:14:10.594617,3
3645,17,P05,no,2,1.643337643055247,0.18242552380635632,0.17428532117858547,962,1018,2026-06-01 14:14:10.603643,5
3037,11,P14,yes,4,-2.51573484135929,0.6418340450887311,0.6159095915435134,1916,1899,2026-06-01 14:14:10.628796,3
3646,17,P19,no,1,0.8277013900203656,0.17428532117858547,0.17032391864384583,962,1019,2026-06-01 14:14:10.669975,5
4160,19,P19,yes,1,0.12979709629462377,0.12823373759251924,0.13137120953080678,1894,1962,2026-06-01 14:14:10.673629,5
5538,20,P09,no,1,0.4481050579593102,0.555328055262369,0.548458527973277,3376,3369,2026-06-01 14:14:10.686433,5
3038,11,P14,no,1,0.38738299639976503,0.6159095915435134,0.6093175418435606,1916,1900,2026-06-01 14:14:10.695518,3
3647,17,P05,no,1,0.8316268084481635,0.17032391864384583,0.16643440755425876,962,1020,2026-06-01 14:14:10.706609,5
540,7,P18,yes,3,2.4077897049937746,0.7959402230407707,0.8091419557551346,1075,1023,2026-06-01 14:14:10.707241,3
541,7,P23,yes,1,-0.80698478843874,0.8091419557551346,0.8048153229861598,1074,1023,2026-06-01 14:14:10.709253,3
3648,17,P19,no,13,11.136536032743379,0.16643440755425876,0.122150398495942,962,1033,2026-06-01 14:14:10.710937,5
3649,17,P04,no,1,-0.8763498454184173,0.122150398495942,0.1251603995749971,962,1032,2026-06-01 14:14:10.717285,5
5539,20,P03,no,6,2.833600578063397,0.548458527973277,0.5069439979482607,3376,3375,2026-06-01 14:14:10.741935,5
542,7,P01,no,1,0.19737877265083625,0.8048153229861598,0.8004148013462675,1074,1024,2026-06-01 14:14:10.767606,3
543,7,P01,no,14,3.262914126406713,0.8004148013462675,0.7310585786300049,1074,1038,2026-06-01 14:14:10.769409,3
5540,20,P20,yes,1,0.5104149925382444,0.5069439979482607,0.5138853177460049,3377,3375,2026-06-01 14:14:10.786190,5
5541,20,P14,yes,6,3.2078793714395033,0.5138853177460049,0.555328055262369,3383,3375,2026-06-01 14:14:10.790386,5
2632,10,P09,yes,1,0.8026212273491637,0.8004148013462675,0.8048153229861598,1805,1754,2026-06-01 14:14:10.795543,3
544,7,P18,no,1,-0.2662224153925763,0.7310585786300049,0.736484844941675,1074,1037,2026-06-01 14:14:10.806954,3
3650,17,P19,no,1,0.8763498454184173,0.1251603995749971,0.122150398495942,962,1033,2026-06-01 14:14:10.828731,5
4161,19,P05,no,12,10.633773737934916,0.13137120953080678,0.09777259985079932,1894,1974,2026-06-01 14:14:10.885512,5
4162,19,P11,no,5,-4.479343611350259,0.09777259985079932,0.1107273179723682,1894,1969,2026-06-01 14:14:10.900049,5
3651,17,P01,yes,6,0.7888114220643274,0.122150398495942,0.14117613544185983,968,1033,2026-06-01 14:14:10.947205,5
1978,9,P05,no,1,-0.5312088736441183,0.46533348664659613,0.47225076494548685,1610,1614,2026-06-01 14:14:10.950255,3
5542,20,P02,yes,1,0.5587541409072401,0.555328055262369,0.5621765008857981,3384,3375,2026-06-01 14:14:10.984093,5
3652,17,P23,yes,1,0.14287131886840143,0.14117613544185983,0.14457775046587726,969,1033,2026-06-01 14:14:11.038552,5
5543,20,P03,yes,1,-0.5587541409072401,0.5621765008857981,0.555328055262369,3383,3375,2026-06-01 14:14:11.082894,5
4163,19,P09,yes,10,1.2542422875517332,0.1107273179723682,0.14117613544185983,1904,1969,2026-06-01 14:14:11.095444,5
2633,10,P18,no,1,-0.19301521156126,0.8048153229861598,0.8091419557551346,1805,1753,2026-06-01 14:14:11.097086,3
4164,19,P17,no,6,5.211188577935673,0.14117613544185983,0.122150398495942,1904,1975,2026-06-01 14:14:11.099136,5
4165,19,P05,no,1,0.8793285159006246,0.122150398495942,0.11920292202211755,1904,1976,2026-06-01 14:14:11.120524,5
545,7,P18,yes,2,1.4836567572606327,0.736484844941675,0.7471242672706695,1076,1037,2026-06-01 14:14:11.137218,3
3896,18,P09,no,2,-1.9169279595503212,0.04043956481800324,0.042651252130942854,1392,1504,2026-06-01 14:14:11.140684,5
1221,8,P10,yes,1,0.6386329165168263,0.6354235592583607,0.6418340450887311,1349,1328,2026-06-01 14:14:11.143006,3
3653,17,P09,yes,1,0.14630679319225237,0.14457775046587726,0.1480471980316895,970,1033,2026-06-01 14:14:11.148400,5
4166,19,P09,yes,11,1.5018543650216998,0.11920292202211755,0.15519224623709701,1915,1976,2026-06-01 14:14:11.151768,5
546,7,P18,no,8,-1.8612903578225541,0.7471242672706695,0.7867684891624728,1076,1029,2026-06-01 14:14:11.194007,3
3654,17,P03,no,2,1.7108218879393462,0.1480471980316895,0.14117613544185983,970,1035,2026-06-01 14:14:11.203892,5
3655,17,P02,yes,11,1.7719867036685173,0.14117613544185983,0.18242552380635632,981,1035,2026-06-01 14:14:11.238092,5
1222,8,P18,no,2,0.7291690183815263,0.6418340450887311,0.6289646649499733,1349,1330,2026-06-01 14:14:11.242517,3
3656,17,P22,no,1,0.8196337866816066,0.18242552380635632,0.17831905610769247,981,1036,2026-06-01 14:14:11.267314,5
3039,11,P18,yes,2,1.2318050790727284,0.6093175418435606,0.6224593312018546,1918,1900,2026-06-01 14:14:11.285247,3
3040,11,P18,no,5,1.9701717309869764,0.6224593312018546,0.5893093760914265,1918,1905,2026-06-01 14:14:11.304968,3
4167,19,P13,yes,9,-1.2575327263407416,0.15519224623709701,0.1251603995749971,1906,1976,2026-06-01 14:14:11.307070,5
3041,11,P12,no,1,-0.4073348384786186,0.5893093760914265,0.5960151933265168,1918,1904,2026-06-01 14:14:11.317513,3
4168,19,P19,yes,3,0.38945581431767096,0.1251603995749971,0.13457359546569392,1909,1976,2026-06-01 14:14:11.320713,5
5544,20,P03,no,1,0.44810505795885547,0.555328055262369,0.548458527973277,3383,3376,2026-06-01 14:14:11.325890,5
4169,19,P09,yes,5,0.7146940027957953,0.13457359546569392,0.1515851487892869,1914,1976,2026-06-01 14:14:11.331131,5
5545,20,P15,no,1,0.4549840588965708,0.548458527973277,0.5415704832167999,3383,3377,2026-06-01 14:14:11.332064,5
5546,20,P15,no,2,0.9306714096651376,0.5415704832167999,0.5277492350545132,3383,3379,2026-06-01 14:14:11.354259,5
5547,20,P10,no,15,-6.316338286499558,0.5277492350545132,0.6289646649499733,3383,3364,2026-06-01 14:14:11.360123,5
3042,11,P18,no,1,0.4073348384786186,0.5960151933265168,0.5893093760914265,1918,1905,2026-06-01 14:14:11.368726,3
3657,17,P09,no,7,5.84736805928037,0.17831905610769247,0.1515851487892869,981,1043,2026-06-01 14:14:11.369308,5
5548,20,P02,yes,7,-4.241486525933851,0.6289646649499733,0.5825702064623147,3376,3364,2026-06-01 14:14:11.375547,5
4170,19,P17,no,1,-0.8466170907724972,0.1515851487892869,0.15519224623709701,1914,1975,2026-06-01 14:14:11.385675,5
3043,11,P01,yes,8,4.92637503489982,0.5893093760914265,0.6418340450887311,1926,1905,2026-06-01 14:14:11.391847,3
3658,17,P02,yes,1,0.15338290922750275,0.1515851487892869,0.15519224623709701,982,1043,2026-06-01 14:14:11.397816,5
4171,19,P03,yes,2,0.3177616584048337,0.15519224623709701,0.16261630836153196,1916,1975,2026-06-01 14:14:11.431601,5
4172,19,P03,yes,2,0.33289261948107196,0.16261630836153196,0.17032391864384583,1918,1975,2026-06-01 14:14:11.439104,5
5549,20,P19,yes,1,0.5859424726522775,0.5825702064623147,0.5893093760914265,3377,3364,2026-06-01 14:14:11.454329,5
5550,20,P19,yes,1,0.5926651615213814,0.5893093760914265,0.5960151933265168,3378,3364,2026-06-01 14:14:11.498093,5
4173,19,P10,yes,1,-0.1683731915518365,0.17032391864384583,0.16643440755425876,1917,1975,2026-06-01 14:14:11.499509,5
3897,18,P17,yes,1,0.0432231956913256,0.042651252130942854,0.04379999771646115,1393,1504,2026-06-01 14:14:11.514503,5
3659,17,P22,no,2,1.696806653202657,0.15519224623709701,0.1480471980316895,982,1045,2026-06-01 14:14:11.524642,5
547,7,P18,no,1,0.21557393642183342,0.7867684891624728,0.7820712676154848,1076,1030,2026-06-01 14:14:11.526292,3
548,7,P18,yes,1,0.7844260635781666,0.7820712676154848,0.7867684891624728,1077,1030,2026-06-01 14:14:11.564350,3
3660,17,P24,no,1,-0.8501895624301596,0.1480471980316895,0.1515851487892869,982,1044,2026-06-01 14:14:11.570877,5
3661,17,P09,yes,1,0.15338290922750275,0.1515851487892869,0.15519224623709701,983,1044,2026-06-01 14:14:11.591830,5
5551,20,P24,no,12,5.337577280299229,0.5960151933265168,0.5138853177460049,3378,3376,2026-06-01 14:14:11.597257,5
1979,9,P05,no,1,0.5312088736441183,0.47225076494548685,0.46533348664659613,1610,1615,2026-06-01 14:14:11.599509,3
4174,19,P05,no,6,5.068218773676108,0.16643440755425876,0.14457775046587726,1917,1981,2026-06-01 14:14:11.633630,5
2634,10,P18,no,1,0.19301521156126,0.8091419557551346,0.8048153229861598,1805,1754,2026-06-01 14:14:11.656411,3
4175,19,P05,no,1,0.8571286811315986,0.14457775046587726,0.14117613544185983,1917,1982,2026-06-01 14:14:11.662230,5
4176,19,P22,no,1,0.8604966688737932,0.14117613544185983,0.13784165696493572,1917,1983,2026-06-01 14:14:11.677270,5
5552,20,P19,yes,7,3.7666335123467434,0.5138853177460049,0.5621765008857981,3385,3376,2026-06-01 14:14:11.697934,5
3044,11,P14,yes,1,-0.6386329165168263,0.6418340450887311,0.6354235592583607,1925,1905,2026-06-01 14:14:11.715133,3
4177,19,P17,yes,1,0.13950333112620683,0.13784165696493572,0.14117613544185983,1918,1983,2026-06-01 14:14:11.726071,5
5553,20,P19,no,1,-0.43440901084477446,0.5621765008857981,0.5690013325681905,3385,3375,2026-06-01 14:14:11.753225,5
1223,8,P10,no,1,-0.36780193489835256,0.6289646649499733,0.6354235592583607,1349,1329,2026-06-01 14:14:11.771791,3
5554,20,P15,no,15,7.2406242701022165,0.5690013325681905,0.46533348664659613,3385,3390,2026-06-01 14:14:11.778785,5
5555,20,P10,yes,2,0.944505087201378,0.46533348664659613,0.4791787146272571,3387,3390,2026-06-01 14:14:11.807113,5
3045,11,P14,no,2,0.7420861506300298,0.6354235592583607,0.6224593312018546,1925,1907,2026-06-01 14:14:11.837380,3
5556,20,P24,yes,6,2.9999999999995453,0.4791787146272571,0.520821285372743,3393,3390,2026-06-01 14:14:11.864563,5
5557,20,P04,no,1,-0.47571396084458684,0.520821285372743,0.5277492350545132,3393,3389,2026-06-01 14:14:11.865670,5
5558,20,P11,yes,4,2.166239473479436,0.5277492350545132,0.555328055262369,3397,3389,2026-06-01 14:14:11.886280,5
3662,17,P11,yes,1,0.15702483732161454,0.15519224623709701,0.15886910488091516,984,1044,2026-06-01 14:14:11.891079,5
3046,11,P09,no,2,0.7681949209272716,0.6224593312018546,0.6093175418435606,1925,1909,2026-06-01 14:14:11.917626,3
5559,20,P17,yes,1,0.5587541409072401,0.555328055262369,0.5621765008857981,3398,3389,2026-06-01 14:14:11.924768,5
3047,11,P14,no,2,0.7946419715810862,0.6093175418435606,0.5960151933265168,1925,1911,2026-06-01 14:14:11.944959,3
3663,17,P03,no,1,0.8429751626783855,0.15886910488091516,0.15519224623709701,984,1045,2026-06-01 14:14:11.960412,5
4178,19,P24,yes,1,0.14287131886840143,0.14117613544185983,0.14457775046587726,1919,1983,2026-06-01 14:14:12.046595,5
1224,8,P09,no,2,-0.7163486809331516,0.6354235592583607,0.6481942198637447,1349,1327,2026-06-01 14:14:12.061781,3
4179,19,P19,yes,1,0.14630679319247974,0.14457775046587726,0.1480471980316895,1920,1983,2026-06-01 14:14:12.064740,5
3048,11,P14,no,1,0.407334838478846,0.5960151933265168,0.5893093760914265,1925,1912,2026-06-01 14:14:12.090985,3
1225,8,P10,no,6,-1.9987854611401872,0.6481942198637447,0.6852009766653157,1349,1321,2026-06-01 14:14:12.099418,3
1226,8,P09,yes,1,0.6881864875826977,0.6852009766653157,0.6911616123625146,1350,1321,2026-06-01 14:14:12.120914,3
1227,8,P13,no,1,0.31181351241730226,0.6911616123625146,0.6852009766653157,1350,1322,2026-06-01 14:14:12.126642,3
5560,20,P24,yes,11,-5.766633512347198,0.5621765008857981,0.4861146822539951,3387,3389,2026-06-01 14:14:12.174417,5
549,7,P18,no,1,0.21557393642183342,0.7867684891624728,0.7820712676154848,1077,1031,2026-06-01 14:14:12.186946,3
5561,20,P23,yes,12,6.332224501502424,0.4861146822539951,0.5690013325681905,3399,3389,2026-06-01 14:14:12.212808,5
3049,11,P12,yes,1,0.592665161521154,0.5893093760914265,0.5960151933265168,1926,1912,2026-06-01 14:14:12.317393,3
4180,19,P03,yes,19,3.526494224329099,0.1480471980316895,0.22754561719281613,1939,1983,2026-06-01 14:14:12.354260,5
4181,19,P21,no,12,9.599652010333784,0.22754561719281613,0.17428532117858547,1939,1995,2026-06-01 14:14:12.355985,5
5562,20,P15,no,8,3.667775498498031,0.5690013325681905,0.5138853177460049,3399,3397,2026-06-01 14:14:12.368309,5
5563,20,P12,yes,13,7.261776053393078,0.5138853177460049,0.6026853379784917,3412,3397,2026-06-01 14:14:12.370723,5
3898,18,P22,no,1,0.9567768043086744,0.04379999771646115,0.042651252130942854,1393,1505,2026-06-01 14:14:12.372053,5
4182,19,P22,no,4,3.3340719494560744,0.17428532117858547,0.15886910488091516,1939,1999,2026-06-01 14:14:12.395724,5
5564,20,P23,no,4,1.642851420110219,0.6026853379784917,0.5758000536158003,3412,3401,2026-06-01 14:14:12.407612,5
1228,8,P11,no,1,0.317805082356017,0.6852009766653157,0.679178699175393,1350,1323,2026-06-01 14:14:12.424461,3
4183,19,P05,no,15,12.996361416268428,0.15886910488091516,0.1107273179723682,1939,2014,2026-06-01 14:14:12.427298,5
3050,11,P14,no,3,1.2422047538027527,0.5960151933265168,0.5758000536158003,1926,1915,2026-06-01 14:14:12.431854,3
1229,8,P01,yes,2,-1.3461727642529695,0.679178699175393,0.6669548851735586,1348,1323,2026-06-01 14:14:12.446897,3
5565,20,P19,yes,1,0.5791876120238157,0.5758000536158003,0.5825702064623147,3413,3401,2026-06-01 14:14:12.449712,5
3899,18,P17,yes,1,0.0432231956913256,0.042651252130942854,0.04379999771646115,1394,1505,2026-06-01 14:14:12.458402,5
1230,8,P12,no,1,0.33613967079099893,0.6669548851735586,0.6607563687658172,1348,1324,2026-06-01 14:14:12.479261,3
3051,11,P14,yes,1,-0.5724029720011004,0.5758000536158003,0.5690013325681905,1925,1915,2026-06-01 14:14:12.486290,3
4184,19,P19,yes,20,2.845862777901857,0.1107273179723682,0.17831905610769247,1959,2014,2026-06-01 14:14:12.497625,5
4185,19,P19,yes,6,1.1458111409829144,0.17831905610769247,0.20405977695922933,1965,2014,2026-06-01 14:14:12.497626,5
4186,19,P22,no,2,1.6008049165550347,0.20405977695922933,0.19518467701384015,1965,2016,2026-06-01 14:14:12.505034,5
550,7,P09,yes,3,2.3671842639200804,0.7820712676154848,0.7959402230407707,1080,1031,2026-06-01 14:14:12.539808,3
1980,9,P18,yes,1,0.4687911263558817,0.46533348664659613,0.47225076494548685,1611,1615,2026-06-01 14:14:12.543012,3
4187,19,P22,no,2,1.6182593540991093,0.19518467701384015,0.18660508209316082,1965,2018,2026-06-01 14:14:12.569045,5
3052,11,P11,yes,4,2.330198218198575,0.5690013325681905,0.5960151933265168,1929,1915,2026-06-01 14:14:12.569609,3
4188,19,P10,no,8,6.635875556870815,0.18660508209316082,0.15519224623709701,1965,2026,2026-06-01 14:14:12.600488,5
5566,20,P17,no,5,-2.003417333807647,0.5825702064623147,0.6159095915435134,3413,3396,2026-06-01 14:14:12.619354,5
4189,19,P05,no,16,13.937323702903086,0.15519224623709701,0.10537408848177848,1965,2042,2026-06-01 14:14:12.646917,5
5567,20,P10,no,7,2.8518267497825036,0.6159095915435134,0.5690013325681905,3413,3403,2026-06-01 14:14:12.649717,5
3664,17,P17,no,1,0.8466170907727246,0.15519224623709701,0.1515851487892869,984,1046,2026-06-01 14:14:12.667186,5
5568,20,P03,yes,2,-1.1243451300624656,0.5690013325681905,0.555328055262369,3411,3403,2026-06-01 14:14:12.675341,5
1231,8,P09,no,1,-0.33613967079099893,0.6607563687658172,0.6669548851735586,1348,1323,2026-06-01 14:14:12.686442,3
4190,19,P23,yes,1,0.10669300427002781,0.10537408848177848,0.10802156134341918,1966,2042,2026-06-01 14:14:12.695845,5
3053,11,P09,yes,13,-7.172837712239016,0.5960151933265168,0.5069439979482607,1916,1915,2026-06-01 14:14:12.695894,3
4191,19,P17,yes,20,2.778936180692426,0.10802156134341918,0.17428532117858547,1986,2042,2026-06-01 14:14:12.714006,5
4192,19,P17,yes,1,0.17629614362658685,0.17428532117858547,0.17831905610769247,1987,2042,2026-06-01 14:14:12.714007,5
5569,20,P15,no,1,0.4481050579593102,0.555328055262369,0.548458527973277,3411,3404,2026-06-01 14:14:12.721640,5
551,7,P18,no,6,1.3082398609435586,0.7959402230407707,0.7675350070438758,1080,1037,2026-06-01 14:14:12.726605,3
552,7,P18,yes,20,-14.264873542460919,0.7675350070438758,0.6545022492518787,1060,1037,2026-06-01 14:14:12.752242,3
553,7,P18,yes,8,-5.030727596841189,0.6545022492518787,0.6026853379784917,1052,1037,2026-06-01 14:14:12.752243,3
6434,21,P19,yes,1,-0.10407430918985483,0.10537408848177848,0.10278402491725176,4056,4134,2026-06-01 14:14:12.769572,5
3054,11,P08,yes,2,1.0277688513433532,0.5069439979482607,0.520821285372743,1918,1915,2026-06-01 14:14:12.789237,3
554,7,P01,yes,15,9.762891716946342,0.6026853379784917,0.6970592839654074,1067,1037,2026-06-01 14:14:12.807507,3
555,7,P01,yes,10,7.252737977874403,0.6970592839654074,0.7523361988609284,1077,1037,2026-06-01 14:14:12.826247,3
4193,19,P13,no,1,0.8237038563738679,0.17831905610769247,0.17428532117858547,1987,2043,2026-06-01 14:14:12.839571,5
4194,19,P05,no,1,0.8277013900201382,0.17428532117858547,0.17032391864384583,1987,2044,2026-06-01 14:14:12.844916,5
4195,19,P09,yes,1,0.1722986099798618,0.17032391864384583,0.17428532117858547,1988,2044,2026-06-01 14:14:12.851725,5
5570,20,P19,no,5,-2.172169343871701,0.548458527973277,0.5825702064623147,3411,3399,2026-06-01 14:14:12.861451,5
3900,18,P09,yes,2,0.08996651323900551,0.04379999771646115,0.04618662486055427,1396,1505,2026-06-01 14:14:12.873859,5
3055,11,P19,no,12,-5.255577805411576,0.520821285372743,0.6026853379784917,1918,1903,2026-06-01 14:14:12.896258,3
3665,17,P05,no,1,0.8501895624299323,0.1515851487892869,0.1480471980316895,984,1047,2026-06-01 14:14:12.902496,5
1232,8,P09,no,2,-0.6538272357470305,0.6669548851735586,0.679178699175393,1348,1321,2026-06-01 14:14:12.964059,3
3666,17,P24,yes,2,0.3031933467973431,0.1480471980316895,0.15519224623709701,986,1047,2026-06-01 14:14:13.038721,5
4196,19,P17,yes,1,0.1762961436261321,0.17428532117858547,0.17831905610769247,1989,2044,2026-06-01 14:14:13.058496,5
5571,20,P03,no,3,1.282818426819631,0.5825702064623147,0.5621765008857981,3411,3402,2026-06-01 14:14:13.071473,5
1981,9,P09,no,1,0.5312088736438909,0.47225076494548685,0.46533348664659613,1611,1616,2026-06-01 14:14:13.134749,3
3056,11,P18,yes,1,-0.5993533336929886,0.6026853379784917,0.5960151933265168,1917,1903,2026-06-01 14:14:13.178554,3
4197,19,P03,no,2,-1.6351245883629417,0.17831905610769247,0.18660508209316082,1989,2042,2026-06-01 14:14:13.183018,5
5572,20,P19,yes,1,0.5655909891547708,0.5621765008857981,0.5690013325681905,3412,3402,2026-06-01 14:14:13.234632,5
5573,20,P03,yes,12,-6.332224501501514,0.5690013325681905,0.4861146822539951,3400,3402,2026-06-01 14:14:13.251003,5
5574,20,P08,yes,1,0.4895850074617556,0.4861146822539951,0.49305600205173933,3401,3402,2026-06-01 14:14:13.268829,5
5575,20,P21,yes,1,0.4965278894042058,0.49305600205173933,0.5,3402,3402,2026-06-01 14:14:13.277620,5
3667,17,P22,no,1,0.8466170907724972,0.15519224623709701,0.1515851487892869,986,1048,2026-06-01 14:14:13.277758,5
5576,20,P02,no,10,-4.6538883953639925,0.5,0.5690013325681905,3402,3392,2026-06-01 14:14:13.320201,5
4198,19,P11,no,11,9.18637541688122,0.18660508209316082,0.14457775046587726,1989,2053,2026-06-01 14:14:13.321067,5
5577,20,P17,no,2,0.8756548699375344,0.5690013325681905,0.555328055262369,3402,3394,2026-06-01 14:14:13.363236,5
556,7,P18,no,11,3.053146273857692,0.7523361988609284,0.6911616123625146,1077,1048,2026-06-01 14:14:13.386239,3
3668,17,P05,no,1,0.8501895624301596,0.1515851487892869,0.1480471980316895,986,1049,2026-06-01 14:14:13.410987,5
3901,18,P03,no,1,0.9544201150690697,0.04618662486055427,0.04497822937897771,1396,1506,2026-06-01 14:14:13.411402,5
5578,20,P17,yes,18,11.076148846853357,0.555328055262369,0.6730961777222321,3420,3394,2026-06-01 14:14:13.433270,5
3669,17,P03,yes,2,0.3031933467973431,0.1480471980316895,0.15519224623709701,988,1049,2026-06-01 14:14:13.445830,5
557,7,P18,yes,2,-1.370381405226908,0.6911616123625146,0.679178699175393,1075,1048,2026-06-01 14:14:13.450519,3
558,7,P03,yes,1,0.6821949176442104,0.679178699175393,0.6852009766653157,1076,1048,2026-06-01 14:14:13.457784,3
559,7,P11,yes,5,3.499583141849598,0.6852009766653157,0.7143624294910559,1081,1048,2026-06-01 14:14:13.495993,3
1982,9,P09,no,1,0.5381197166909715,0.46533348664659613,0.45842951678320015,1611,1617,2026-06-01 14:14:13.498218,3
5579,20,P17,yes,2,1.358337316195957,0.6730961777222321,0.6852009766653157,3422,3394,2026-06-01 14:14:13.509815,5
1233,8,P18,no,1,-0.317805082356017,0.679178699175393,0.6852009766653157,1348,1320,2026-06-01 14:14:13.518195,3
5580,20,P04,no,13,4.61941051890426,0.6852009766653157,0.6026853379784917,3422,3407,2026-06-01 14:14:13.521957,5
560,7,P22,yes,3,2.1682864710257945,0.7143624294910559,0.7310585786300049,1084,1048,2026-06-01 14:14:13.522712,3
3670,17,P22,no,6,5.131923087976929,0.15519224623709701,0.13457359546569392,988,1055,2026-06-01 14:14:13.550451,5
5581,20,P15,no,1,0.4006466663076935,0.6026853379784917,0.5960151933265168,3422,3408,2026-06-01 14:14:13.570441,5
1234,8,P10,yes,3,2.0822836511511014,0.6852009766653157,0.702892745013669,1351,1320,2026-06-01 14:14:13.581976,3
5582,20,P08,no,1,0.4073348384781639,0.5960151933265168,0.5893093760914265,3422,3409,2026-06-01 14:14:13.585776,5
5583,20,P19,yes,2,1.1920184952141426,0.5893093760914265,0.6026853379784917,3424,3409,2026-06-01 14:14:13.592276,5
3671,17,P15,yes,1,0.13620212203863957,0.13457359546569392,0.13784165696493572,989,1055,2026-06-01 14:14:13.599759,5
3672,17,P22,no,8,6.997365850262213,0.13784165696493572,0.11349222580422871,989,1063,2026-06-01 14:14:13.610053,5
3057,11,P14,no,1,0.4073348384786186,0.5960151933265168,0.5893093760914265,1917,1904,2026-06-01 14:14:13.610988,3
3673,17,P22,no,1,0.8878951933127155,0.11349222580422871,0.1107273179723682,989,1064,2026-06-01 14:14:13.615230,5
4199,19,P19,yes,20,3.6728010175215786,0.14457775046587726,0.22754561719281613,2009,2053,2026-06-01 14:14:13.624796,5
4200,19,P19,yes,4,0.9500277114052551,0.22754561719281613,0.2476638011390716,2013,2053,2026-06-01 14:14:13.624797,5
3674,17,P01,yes,1,0.11210480668728451,0.1107273179723682,0.11349222580422871,990,1064,2026-06-01 14:14:13.635323,5
3675,17,P17,yes,1,0.114899648474875,0.11349222580422871,0.11631714397765597,991,1064,2026-06-01 14:14:13.639257,5
4201,19,P19,yes,12,3.3649597862749943,0.2476638011390716,0.3147990233346844,2025,2053,2026-06-01 14:14:13.643691,5
561,7,P18,no,5,1.414414038275254,0.7310585786300049,0.702892745013669,1084,1053,2026-06-01 14:14:13.643762,3
5584,20,P17,yes,11,7.022252164899783,0.6026853379784917,0.6730961777222321,3435,3409,2026-06-01 14:14:13.646164,5
5585,20,P11,no,1,0.32996963429877724,0.6730961777222321,0.6669548851735586,3435,3410,2026-06-01 14:14:13.666380,5
1235,8,P19,yes,1,-0.6999814153002717,0.702892745013669,0.6970592839654074,1350,1320,2026-06-01 14:14:13.680215,3
3676,17,P05,no,1,0.885100351525125,0.11631714397765597,0.11349222580422871,991,1065,2026-06-01 14:14:13.683221,5
5586,20,P21,yes,1,-0.6638603292090011,0.6669548851735586,0.6607563687658172,3434,3410,2026-06-01 14:14:13.687479,5
1236,8,P18,yes,1,0.6999814153002717,0.6970592839654074,0.702892745013669,1351,1320,2026-06-01 14:14:13.695008,3
562,7,P11,no,1,-0.2942177197944602,0.702892745013669,0.7086608250294356,1084,1052,2026-06-01 14:14:13.695665,3
4202,19,P05,no,1,0.6881864875826977,0.3147990233346844,0.30883838763748533,2025,2054,2026-06-01 14:14:13.699275,5
1237,8,P23,no,1,0.3000185846997283,0.702892745013669,0.6970592839654074,1351,1321,2026-06-01 14:14:13.702183,3
4203,19,P18,no,17,12.55140104576003,0.30883838763748533,0.21792873238451507,2025,2071,2026-06-01 14:14:13.721865,5
3677,17,P01,yes,1,0.114899648474875,0.11349222580422871,0.11631714397765597,992,1065,2026-06-01 14:14:13.724727,5
3058,11,P09,no,12,5.419827449282593,0.5893093760914265,0.5069439979482607,1917,1916,2026-06-01 14:14:13.727278,3
3059,11,P13,no,12,-5.419827449282593,0.5069439979482607,0.5893093760914265,1917,1904,2026-06-01 14:14:13.739001,3
4204,19,P15,no,1,0.784426063578394,0.21792873238451507,0.2132315108375271,2025,2072,2026-06-01 14:14:13.773859,5
4205,19,P03,yes,3,0.6609989053986283,0.2132315108375271,0.22754561719281613,2028,2072,2026-06-01 14:14:13.775329,5
3678,17,P05,no,1,0.885100351525125,0.11631714397765597,0.11349222580422871,992,1066,2026-06-01 14:14:13.786964,5
5587,20,P23,no,2,0.6910134722465955,0.6607563687658172,0.6481942198637447,3434,3412,2026-06-01 14:14:13.787708,5
5588,20,P03,no,15,6.0148334337695815,0.6481942198637447,0.548458527973277,3434,3427,2026-06-01 14:14:13.797670,5
5589,20,P19,no,7,-2.9935617096980423,0.548458527973277,0.5960151933265168,3434,3420,2026-06-01 14:14:13.804198,5
563,7,P12,yes,1,0.7115172104931844,0.7086608250294356,0.7143624294910559,1085,1052,2026-06-01 14:14:13.847363,3
564,7,P23,yes,1,0.717185149548186,0.7143624294910559,0.7199965396446176,1086,1052,2026-06-01 14:14:13.864912,3
3679,17,P02,yes,1,0.114899648474875,0.11349222580422871,0.11631714397765597,993,1066,2026-06-01 14:14:13.886258,5
6435,21,P19,yes,13,-1.1393738504284556,0.10278402491725176,0.07393365254646753,4043,4134,2026-06-01 14:14:13.892460,5
3680,17,P14,yes,1,0.1177549262258708,0.11631714397765597,0.11920292202211755,994,1066,2026-06-01 14:14:13.894776,5
6436,21,P02,no,1,-0.9251078713214156,0.07393365254646753,0.07585818002124356,4043,4133,2026-06-01 14:14:13.904932,5
3060,11,P14,yes,1,-0.5859424726522775,0.5893093760914265,0.5825702064623147,1916,1904,2026-06-01 14:14:13.914999,3
5590,20,P19,yes,5,3.062878891759283,0.5960151933265168,0.6289646649499733,3439,3420,2026-06-01 14:14:13.916324,5
6437,21,P09,no,1,-0.9231604733167842,0.07585818002124356,0.07782859364011989,4043,4132,2026-06-01 14:14:13.917977,5
4206,19,P03,yes,17,4.632792580036039,0.22754561719281613,0.32082130082460697,2045,2072,2026-06-01 14:14:13.921489,5
4207,19,P03,yes,2,0.6538272357470305,0.32082130082460697,0.3330451148264414,2047,2072,2026-06-01 14:14:13.921546,5
5591,20,P01,no,12,4.930682817938305,0.6289646649499733,0.548458527973277,3439,3432,2026-06-01 14:14:13.930852,5
4208,19,P11,no,3,2.02836768189718,0.3330451148264414,0.3147990233346844,2047,2075,2026-06-01 14:14:13.936570,5
4209,19,P05,no,6,4.2167682913973294,0.3147990233346844,0.2800034603553825,2047,2081,2026-06-01 14:14:13.937941,5
4210,19,P05,no,2,1.4511013214778359,0.2800034603553825,0.2689414213699951,2047,2083,2026-06-01 14:14:13.964143,5
1238,8,P11,no,8,2.616483225289585,0.6970592839654074,0.6481942198637447,1351,1329,2026-06-01 14:14:13.966184,3
5592,20,P23,no,9,-3.788203681279356,0.548458527973277,0.6093175418435606,3439,3423,2026-06-01 14:14:13.967372,5
1983,9,P09,no,4,-2.110968488295157,0.45842951678320015,0.4861146822539951,1611,1613,2026-06-01 14:14:13.968472,3
3061,11,P18,no,1,0.42081238797641163,0.5825702064623147,0.5758000536158003,1916,1905,2026-06-01 14:14:13.979758,3
4211,19,P24,no,8,6.017142889444585,0.2689414213699951,0.22754561719281613,2047,2091,2026-06-01 14:14:13.981514,5
1984,9,P18,yes,5,2.5173538588048814,0.4861146822539951,0.520821285372743,1616,1613,2026-06-01 14:14:14.000433,3
3062,11,P20,yes,1,0.5791876120235884,0.5758000536158003,0.5825702064623147,1917,1905,2026-06-01 14:14:14.002937,3
3681,17,P24,yes,1,0.12067148409914807,0.11920292202211755,0.122150398495942,995,1066,2026-06-01 14:14:14.010699,5
3063,11,P14,no,2,0.8484094159753113,0.5825702064623147,0.5690013325681905,1917,1907,2026-06-01 14:14:14.013218,3
4212,19,P19,yes,3,0.704939665647089,0.22754561719281613,0.24252442073717165,2050,2091,2026-06-01 14:14:14.033007,5
1985,9,P11,no,8,4.055494912799304,0.520821285372743,0.46533348664659613,1616,1621,2026-06-01 14:14:14.033844,3
565,7,P09,no,1,0.28281485045204136,0.7199965396446176,0.7143624294910559,1086,1053,2026-06-01 14:14:14.035024,3
5593,20,P17,yes,12,7.7745847863698145,0.6093175418435606,0.6852009766653157,3451,3423,2026-06-01 14:14:14.043237,5
3064,11,P18,no,1,0.4344090108445471,0.5690013325681905,0.5621765008857981,1917,1908,2026-06-01 14:14:14.043864,3
4213,19,P12,yes,13,-2.7486252983685517,0.24252442073717165,0.18242552380635632,2037,2091,2026-06-01 14:14:14.052212,5
566,7,P19,yes,1,0.7171851495477313,0.7143624294910559,0.7199965396446176,1087,1053,2026-06-01 14:14:14.059274,3
3682,17,P22,no,14,12.554561776311857,0.122150398495942,0.08618664479793421,995,1080,2026-06-01 14:14:14.060792,5
5594,20,P10,no,1,0.31780508235578964,0.6852009766653157,0.679178699175393,3451,3424,2026-06-01 14:14:14.066689,5
5595,20,P24,yes,1,-0.6761423985517467,0.679178699175393,0.6730961777222321,3450,3424,2026-06-01 14:14:14.086343,5
5596,20,P13,no,1,0.32996963429877724,0.6730961777222321,0.6669548851735586,3450,3425,2026-06-01 14:14:14.088011,5
3065,11,P09,yes,1,0.5655909891554529,0.5621765008857981,0.5690013325681905,1918,1908,2026-06-01 14:14:14.093227,3
6438,21,P15,yes,9,0.7871226662946356,0.07782859364011989,0.09777259985079932,4052,4132,2026-06-01 14:14:14.093465,5
3683,17,P01,yes,1,0.0872889326085442,0.08618664479793421,0.08839967720705841,996,1080,2026-06-01 14:14:14.105484,5
4214,19,P01,no,1,0.8196337866816066,0.18242552380635632,0.17831905610769247,2037,2092,2026-06-01 14:14:14.125479,5
5597,20,P10,no,6,2.1113037588684165,0.6669548851735586,0.6289646649499733,3450,3431,2026-06-01 14:14:14.128620,5
3684,17,P09,yes,1,0.08952748401020472,0.08839967720705841,0.09066389627358525,997,1080,2026-06-01 14:14:14.149443,5
5598,20,P21,no,1,0.37428421573167725,0.6289646649499733,0.6224593312018546,3450,3432,2026-06-01 14:14:14.177291,5
3685,17,P24,yes,1,0.09181766825963678,0.09066389627358525,0.09298019452229982,998,1080,2026-06-01 14:14:14.190904,5
3902,18,P03,no,1,0.9556133716919248,0.04497822937897771,0.04379999771646115,1396,1507,2026-06-01 14:14:14.203742,5
4215,19,P03,yes,10,1.998935134372914,0.17831905610769247,0.22270013882530884,2047,2092,2026-06-01 14:14:14.207055,5
3686,17,P03,no,1,0.9081823317403632,0.09298019452229982,0.09066389627358525,998,1081,2026-06-01 14:14:14.207066,5
1239,8,P18,no,1,-0.3486473453945109,0.6481942198637447,0.6545022492518787,1351,1328,2026-06-01 14:14:14.208056,3
4216,19,P19,yes,20,5.511736527450012,0.22270013882530884,0.3330451148264414,2067,2092,2026-06-01 14:14:14.212518,5
4217,19,P19,yes,1,0.3361396707914537,0.3330451148264414,0.33924363123418283,2068,2092,2026-06-01 14:14:14.212519,5
3687,17,P21,no,1,-0.9081823317403632,0.09066389627358525,0.09298019452229982,998,1080,2026-06-01 14:14:14.214018,5
567,7,P12,yes,1,0.7227851163622745,0.7199965396446176,0.7255622121589215,1088,1053,2026-06-01 14:14:14.217921,3
4218,19,P13,no,1,0.6638603292085463,0.33924363123418283,0.3330451148264414,2068,2093,2026-06-01 14:14:14.224559,5
4219,19,P02,yes,2,-0.6538272357470305,0.3330451148264414,0.32082130082460697,2066,2093,2026-06-01 14:14:14.227132,5
4220,19,P08,no,1,0.6821949176437556,0.32082130082460697,0.3147990233346844,2066,2094,2026-06-01 14:14:14.235090,5
3688,17,P11,yes,11,1.1768041388097572,0.09298019452229982,0.122150398495942,1009,1080,2026-06-01 14:14:14.250688,5
3066,11,P03,no,1,-0.42759702799889965,0.5690013325681905,0.5758000536158003,1918,1907,2026-06-01 14:14:14.255488,3
6439,21,P24,yes,4,0.4112868422316751,0.09777259985079932,0.10802156134341918,4056,4132,2026-06-01 14:14:14.285562,5
5599,20,P20,no,1,0.38081192452773394,0.6224593312018546,0.6159095915435134,3450,3433,2026-06-01 14:14:14.318808,5
4221,19,P01,no,1,0.6881864875831525,0.3147990233346844,0.30883838763748533,2066,2095,2026-06-01 14:14:14.324485,5
4222,19,P22,no,1,0.6941157482679046,0.30883838763748533,0.3029407160345927,2066,2096,2026-06-01 14:14:14.325143,5
4223,19,P11,no,1,0.6999814153000443,0.3029407160345927,0.2971072549863309,2066,2097,2026-06-01 14:14:14.330792,5
4224,19,P01,no,1,0.7057822802053124,0.2971072549863309,0.29133917497056444,2066,2098,2026-06-01 14:14:14.361702,5
4225,19,P19,yes,16,5.437349282274226,0.29133917497056444,0.3906824581564393,2082,2098,2026-06-01 14:14:14.383352,5
4226,19,P07,no,1,0.6126170036004623,0.3906824581564393,0.3840904084564866,2082,2099,2026-06-01 14:14:14.391393,5
3067,11,P09,yes,1,0.5791876120235884,0.5758000536158003,0.5825702064623147,1919,1907,2026-06-01 14:14:14.409902,3
2635,10,P09,no,1,-0.19301521156126,0.8048153229861598,0.8091419557551346,1805,1753,2026-06-01 14:14:14.410950,3
5600,20,P19,no,1,-0.38081192452773394,0.6159095915435134,0.6224593312018546,3450,3432,2026-06-01 14:14:14.430313,5
2636,10,P18,no,1,0.19301521156126,0.8091419557551346,0.8048153229861598,1805,1754,2026-06-01 14:14:14.435186,3
4227,19,P08,no,1,0.6191880754727208,0.3840904084564866,0.37754066879814546,2082,2100,2026-06-01 14:14:14.451225,5
5601,20,P12,no,5,1.9701717309876585,0.6224593312018546,0.5893093760914265,3450,3437,2026-06-01 14:14:14.474374,5
1240,8,P18,no,1,0.3486473453945109,0.6545022492518787,0.6481942198637447,1351,1329,2026-06-01 14:14:14.477312,3
4228,19,P23,no,16,10.75954799869396,0.37754066879814546,0.2800034603553825,2082,2116,2026-06-01 14:14:14.484647,5
4229,19,P11,yes,1,-0.27721488363749813,0.2800034603553825,0.2744377878410785,2081,2116,2026-06-01 14:14:14.497272,5
1241,8,P09,no,1,-0.3486473453945109,0.6481942198637447,0.6545022492518787,1351,1328,2026-06-01 14:14:14.504824,3
568,7,P18,no,9,2.702109276044439,0.7255622121589215,0.6730961777222321,1088,1062,2026-06-01 14:14:14.513595,3
569,7,P22,yes,13,9.243641270939406,0.6730961777222321,0.7471242672706695,1101,1062,2026-06-01 14:14:14.523491,3
5602,20,P19,yes,1,0.5926651615213814,0.5893093760914265,0.5960151933265168,3451,3437,2026-06-01 14:14:14.553340,5
1986,9,P18,no,6,-3.0832637641426572,0.46533348664659613,0.5069439979482607,1616,1615,2026-06-01 14:14:14.557189,3
1987,9,P22,no,1,0.4965278894046605,0.5069439979482607,0.5,1616,1616,2026-06-01 14:14:14.568803,3
1988,9,P18,yes,1,0.5034721105953395,0.5,0.5069439979482607,1617,1616,2026-06-01 14:14:14.581951,3
4230,19,P21,no,2,1.462093789722985,0.2744377878410785,0.26351515505832507,2081,2118,2026-06-01 14:14:14.585517,5
4231,19,P03,yes,3,0.815121093914513,0.26351515505832507,0.2800034603553825,2084,2118,2026-06-01 14:14:14.608435,5
4232,19,P05,no,1,0.7227851163620471,0.2800034603553825,0.2744377878410785,2084,2119,2026-06-01 14:14:14.610529,5
1242,8,P10,no,1,-0.3423661268516298,0.6545022492518787,0.6607563687658172,1351,1327,2026-06-01 14:14:14.611079,3
3689,17,P19,no,2,1.7615735896749811,0.122150398495942,0.11631714397765597,1009,1082,2026-06-01 14:14:14.641198,5
1989,9,P18,yes,1,0.5104149925384718,0.5069439979482607,0.5138853177460049,1618,1616,2026-06-01 14:14:14.645590,3
1990,9,P19,yes,1,-0.5104149925384718,0.5138853177460049,0.5069439979482607,1617,1616,2026-06-01 14:14:14.678506,3
3690,17,P23,yes,1,0.1177549262258708,0.11631714397765597,0.11920292202211755,1010,1082,2026-06-01 14:14:14.682828,5
4233,19,P20,no,7,5.210413634401448,0.2744377878410785,0.23745802834390253,2084,2126,2026-06-01 14:14:14.690742,5
3691,17,P05,no,1,0.8822450737741292,0.11920292202211755,0.11631714397765597,1010,1083,2026-06-01 14:14:14.704412,5
3692,17,P23,yes,5,0.6185654182529561,0.11631714397765597,0.13137120953080678,1015,1083,2026-06-01 14:14:14.719286,5
3693,17,P22,no,14,12.443056853262306,0.13137120953080678,0.09298019452229982,1015,1097,2026-06-01 14:14:14.725466,5
3903,18,P19,no,1,0.956776804308447,0.04379999771646115,0.042651252130942854,1396,1508,2026-06-01 14:14:14.726228,5
570,7,P18,no,3,0.7825656581319436,0.7471242672706695,0.7310585786300049,1101,1065,2026-06-01 14:14:14.728034,3
6440,21,P09,yes,7,0.8251423235387847,0.10802156134341918,0.12823373759251924,4063,4132,2026-06-01 14:14:14.752556,5
4234,19,P10,yes,1,-0.23495538395445692,0.23745802834390253,0.2324649929561242,2083,2126,2026-06-01 14:14:14.754556,5
5603,20,P03,yes,1,-0.5926651615213814,0.5960151933265168,0.5893093760914265,3450,3437,2026-06-01 14:14:14.778611,5
3694,17,P05,no,1,0.9081823317403632,0.09298019452229982,0.09066389627358525,1015,1098,2026-06-01 14:14:14.789102,5
3904,18,P19,no,9,8.658748452372947,0.042651252130942854,0.03353319492319511,1396,1517,2026-06-01 14:14:14.800201,5
3695,17,P12,yes,9,0.9152957482695001,0.09066389627358525,0.11349222580422871,1024,1098,2026-06-01 14:14:14.800887,5
4235,19,P10,no,10,7.910824409710585,0.2324649929561242,0.18660508209316082,2083,2136,2026-06-01 14:14:14.809105,5
4236,19,P06,no,1,-0.8112745656603693,0.18660508209316082,0.19085804424486547,2083,2135,2026-06-01 14:14:14.820702,5
5604,20,P17,yes,2,1.1920184952141426,0.5893093760914265,0.6026853379784917,3452,3437,2026-06-01 14:14:14.830501,5
1991,9,P18,no,2,1.0000000000002274,0.5069439979482607,0.49305600205173933,1617,1618,2026-06-01 14:14:14.870882,3
6441,21,P24,no,1,-0.870202903705831,0.12823373759251924,0.13137120953080678,4063,4131,2026-06-01 14:14:14.877757,5
3905,18,P09,yes,1,0.033987227707484635,0.03353319492319511,0.034445195666211174,1397,1517,2026-06-01 14:14:14.893720,5
1992,9,P18,no,1,0.5104149925382444,0.49305600205173933,0.4861146822539951,1617,1619,2026-06-01 14:14:14.903217,3
1243,8,P09,yes,1,-0.6576338731483702,0.6607563687658172,0.6545022492518787,1350,1327,2026-06-01 14:14:14.903672,3
3696,17,P03,yes,2,-0.22147435310444052,0.11349222580422871,0.10802156134341918,1022,1098,2026-06-01 14:14:14.907025,5
4237,19,P03,yes,20,4.773504429099376,0.19085804424486547,0.29133917497056444,2103,2135,2026-06-01 14:14:14.909980,5
4238,19,P03,yes,3,0.9001205562267387,0.29133917497056444,0.30883838763748533,2106,2135,2026-06-01 14:14:14.909981,5
2637,10,P09,no,1,0.19737877265083625,0.8048153229861598,0.8004148013462675,1805,1755,2026-06-01 14:14:14.913888,3
3697,17,P19,no,2,1.7892326865394352,0.10802156134341918,0.10278402491725176,1022,1100,2026-06-01 14:14:14.916608,5
3698,17,P13,yes,13,1.5743791474292266,0.10278402491725176,0.14117613544185983,1035,1100,2026-06-01 14:14:14.920603,5
3699,17,P19,no,1,0.8604966688737932,0.14117613544185983,0.13784165696493572,1035,1101,2026-06-01 14:14:14.967266,5
1993,9,P09,yes,11,5.766633512346516,0.4861146822539951,0.5621765008857981,1628,1619,2026-06-01 14:14:14.993340,3
1994,9,P23,no,1,0.4412458590932147,0.5621765008857981,0.555328055262369,1628,1620,2026-06-01 14:14:15.027933,3
4239,19,P10,no,1,0.6941157482679046,0.30883838763748533,0.3029407160345927,2106,2136,2026-06-01 14:14:15.035798,5
1995,9,P22,no,4,1.8337605265203365,0.555328055262369,0.5277492350545132,1628,1624,2026-06-01 14:14:15.058927,3
3700,17,P03,no,14,12.364604654924733,0.13784165696493572,0.09777259985079932,1035,1115,2026-06-01 14:14:15.063241,5
3701,17,P14,yes,6,0.6327611953372525,0.09777259985079932,0.11349222580422871,1041,1115,2026-06-01 14:14:15.071735,5
1996,9,P12,no,10,5.06932859033509,0.5277492350545132,0.45842951678320015,1628,1634,2026-06-01 14:14:15.075215,3
4240,19,P19,yes,8,2.6164832252893575,0.3029407160345927,0.3518057801362553,2114,2136,2026-06-01 14:14:15.116962,5
4241,19,P03,yes,5,1.839246756090688,0.3518057801362553,0.3840904084564866,2119,2136,2026-06-01 14:14:15.127712,5
4242,19,P06,yes,1,-0.3808119245272792,0.3840904084564866,0.37754066879814546,2118,2136,2026-06-01 14:14:15.132064,5
5605,20,P24,no,4,1.6428514201093094,0.6026853379784917,0.5758000536158003,3452,3441,2026-06-01 14:14:15.146409,5
571,7,P09,no,9,-2.2079738222228116,0.7310585786300049,0.7772998611746911,1101,1056,2026-06-01 14:14:15.148910,3
5606,20,P03,no,2,0.8620060388439015,0.5758000536158003,0.5621765008857981,3452,3443,2026-06-01 14:14:15.161171,5
5607,20,P10,no,1,-0.43440901084477446,0.5621765008857981,0.5690013325681905,3452,3442,2026-06-01 14:14:15.182539,5
4243,19,P13,no,1,0.6257157842683227,0.37754066879814546,0.3710353350500268,2118,2137,2026-06-01 14:14:15.196844,5
5608,20,P15,yes,9,5.393077109958085,0.5690013325681905,0.6289646649499733,3461,3442,2026-06-01 14:14:15.200629,5
3702,17,P02,yes,1,0.114899648474875,0.11349222580422871,0.11631714397765597,1042,1115,2026-06-01 14:14:15.224862,5
5609,20,P20,no,1,0.37428421573167725,0.6289646649499733,0.6224593312018546,3461,3443,2026-06-01 14:14:15.239152,5
3703,17,P11,yes,10,1.31641594445,0.11631714397765597,0.1480471980316895,1052,1115,2026-06-01 14:14:15.239780,5
4244,19,P19,no,1,-0.6257157842683227,0.3710353350500268,0.37754066879814546,2118,2136,2026-06-01 14:14:15.281358,5
5610,20,P12,no,1,0.38081192452773394,0.6224593312018546,0.6159095915435134,3461,3444,2026-06-01 14:14:15.292844,5
4245,19,P18,yes,1,-0.37428421573167725,0.37754066879814546,0.3710353350500268,2117,2136,2026-06-01 14:14:15.292862,5
6442,21,P09,yes,1,0.13296696097131644,0.13137120953080678,0.13457359546569392,4064,4131,2026-06-01 14:14:15.294929,5
4246,19,P10,no,16,10.85661733078814,0.3710353350500268,0.2744377878410785,2117,2152,2026-06-01 14:14:15.312365,5
4247,19,P14,no,6,4.450398760207008,0.2744377878410785,0.24252442073717165,2117,2158,2026-06-01 14:14:15.312563,5
4248,19,P03,no,2,-1.5046482132233905,0.24252442073717165,0.25287573272933045,2117,2156,2026-06-01 14:14:15.327436,5
572,7,P11,no,10,2.479657617107023,0.7772998611746911,0.7255622121589215,1101,1066,2026-06-01 14:14:15.415766,3
4249,19,P02,yes,1,-0.2502637410184434,0.25287573272933045,0.2476638011390716,2116,2156,2026-06-01 14:14:15.422981,5
1997,9,P18,no,1,0.5450159411034292,0.45842951678320015,0.4515414720267231,1628,1635,2026-06-01 14:14:15.427898,3
6443,21,P03,yes,1,-0.13296696097131644,0.13457359546569392,0.13137120953080678,4063,4131,2026-06-01 14:14:15.443104,5
3704,17,P22,no,7,6.0456606204566015,0.1480471980316895,0.1251603995749971,1052,1122,2026-06-01 14:14:15.456515,5
4250,19,P19,yes,1,0.2502637410184434,0.2476638011390716,0.25287573272933045,2117,2156,2026-06-01 14:14:15.469832,5
4251,19,P14,no,14,10.940532113173504,0.25287573272933045,0.18660508209316082,2117,2170,2026-06-01 14:14:15.478543,5
4252,19,P19,yes,1,0.18872543433963074,0.18660508209316082,0.19085804424486547,2118,2170,2026-06-01 14:14:15.541848,5
3068,11,P09,yes,1,0.5859424726522775,0.5825702064623147,0.5893093760914265,1920,1907,2026-06-01 14:14:15.568183,3
4253,19,P13,no,4,-3.2014617372456087,0.19085804424486547,0.20860852732604496,2118,2166,2026-06-01 14:14:15.600319,5
5611,20,P15,no,3,1.182024967981306,0.6159095915435134,0.5960151933265168,3461,3447,2026-06-01 14:14:15.649859,5
1998,9,P09,no,1,0.5518949420411445,0.4515414720267231,0.444671944737631,1628,1636,2026-06-01 14:14:15.676866,3
4254,19,P03,yes,18,4.5692024708396275,0.20860852732604496,0.3029407160345927,2136,2166,2026-06-01 14:14:15.684517,5
4255,19,P05,no,1,0.6999814153000443,0.3029407160345927,0.2971072549863309,2136,2167,2026-06-01 14:14:15.741474,5
5612,20,P17,yes,1,0.5993533336923065,0.5960151933265168,0.6026853379784917,3462,3447,2026-06-01 14:14:15.770625,5
1244,8,P18,yes,3,-1.9350039736725648,0.6545022492518787,0.6354235592583607,1347,1327,2026-06-01 14:14:15.777928,3
1999,9,P09,no,1,0.5587541409067853,0.444671944737631,0.4378234991142019,1628,1637,2026-06-01 14:14:15.778956,3
4256,19,P24,no,1,0.7057822802057672,0.2971072549863309,0.29133917497056444,2136,2168,2026-06-01 14:14:15.783376,5
1245,8,P18,no,4,1.510281071557074,0.6354235592583607,0.6093175418435606,1347,1331,2026-06-01 14:14:15.808291,3
1246,8,P09,no,2,0.7946419715813136,0.6093175418435606,0.5960151933265168,1347,1333,2026-06-01 14:14:15.812397,3
3705,17,P03,no,11,9.793706084775067,0.1251603995749971,0.0953494648991095,1052,1133,2026-06-01 14:14:15.825104,5
5613,20,P24,no,1,0.4006466663072388,0.6026853379784917,0.5960151933265168,3462,3448,2026-06-01 14:14:15.841089,5
3706,17,P03,no,1,0.9058396218335929,0.0953494648991095,0.09298019452229982,1052,1134,2026-06-01 14:14:15.851083,5
5614,20,P03,yes,1,-0.5926651615213814,0.5960151933265168,0.5893093760914265,3461,3448,2026-06-01 14:14:15.854626,5
2000,9,P22,yes,1,0.4412458590932147,0.4378234991142019,0.444671944737631,1629,1637,2026-06-01 14:14:15.858216,3
1247,8,P19,yes,1,0.5993533336929886,0.5960151933265168,0.6026853379784917,1348,1333,2026-06-01 14:14:15.860076,3
2001,9,P09,no,1,-0.5518949420411445,0.444671944737631,0.4515414720267231,1629,1636,2026-06-01 14:14:15.929181,3
4257,19,P12,no,1,0.7115172104931844,0.29133917497056444,0.2856375705089441,2136,2169,2026-06-01 14:14:15.945185,5
4258,19,P23,yes,2,-0.5600297340897669,0.2856375705089441,0.2744377878410785,2134,2169,2026-06-01 14:14:15.988142,5
4259,19,P03,yes,3,0.8485125235965825,0.2744377878410785,0.29133917497056444,2137,2169,2026-06-01 14:14:15.994790,5
3707,17,P04,yes,14,1.5569431467376944,0.09298019452229982,0.13137120953080678,1066,1134,2026-06-01 14:14:15.998691,5
3708,17,P05,no,1,0.8702029037053762,0.13137120953080678,0.12823373759251924,1066,1135,2026-06-01 14:14:16.001397,5
4260,19,P19,no,1,-0.7057822802057672,0.29133917497056444,0.2971072549863309,2137,2168,2026-06-01 14:14:16.065262,5
3709,17,P03,no,3,2.6289866042675385,0.12823373759251924,0.11920292202211755,1066,1138,2026-06-01 14:14:16.067604,5
1248,8,P23,yes,10,6.3522217991983325,0.6026853379784917,0.6669548851735586,1358,1333,2026-06-01 14:14:16.092656,3
2638,10,P09,no,1,0.2018163107941291,0.8004148013462675,0.7959402230407707,1805,1756,2026-06-01 14:14:16.094564,3
3710,17,P19,no,13,11.675233260411005,0.11920292202211755,0.08618664479793421,1066,1151,2026-06-01 14:14:16.113479,5
4261,19,P15,no,10,7.307668516816193,0.2971072549863309,0.24252442073717165,2137,2178,2026-06-01 14:14:16.116263,5
6444,21,P19,yes,7,-0.8455698734151156,0.13137120953080678,0.1107273179723682,4056,4131,2026-06-01 14:14:16.129684,5
3711,17,P04,yes,1,0.08728893260831683,0.08618664479793421,0.08839967720705841,1067,1151,2026-06-01 14:14:16.132274,5
6445,21,P15,no,8,-7.021463165613568,0.1107273179723682,0.13457359546569392,4056,4123,2026-06-01 14:14:16.133237,5
3069,11,P18,yes,2,1.1920184952141426,0.5893093760914265,0.6026853379784917,1922,1907,2026-06-01 14:14:16.142119,3
6446,21,P09,no,3,2.6105441856825564,0.13457359546569392,0.1251603995749971,4056,4126,2026-06-01 14:14:16.220925,5
2639,10,P18,yes,1,-0.7936720322516067,0.7959402230407707,0.791391472673955,1804,1756,2026-06-01 14:14:16.221904,3
4262,19,P17,no,7,5.423147597044135,0.24252442073717165,0.20860852732604496,2137,2185,2026-06-01 14:14:16.233913,5
3712,17,P11,yes,7,0.6766558749052365,0.08839967720705841,0.10537408848177848,1074,1151,2026-06-01 14:14:16.234435,5
6447,21,P15,yes,10,1.4145575636630383,0.1251603995749971,0.15886910488091516,4066,4126,2026-06-01 14:14:16.244472,5
4263,19,P09,yes,1,0.21091383191014756,0.20860852732604496,0.2132315108375271,2138,2185,2026-06-01 14:14:16.264214,5
1249,8,P10,yes,1,0.6700303657014501,0.6669548851735586,0.6730961777222321,1359,1333,2026-06-01 14:14:16.270251,3
2002,9,P18,yes,1,-0.44810505795885547,0.4515414720267231,0.444671944737631,1628,1636,2026-06-01 14:14:16.306524,3
3713,17,P02,yes,1,0.10669300427002781,0.10537408848177848,0.10802156134341918,1075,1151,2026-06-01 14:14:16.348328,5
4264,19,P11,yes,1,0.21557393642160605,0.2132315108375271,0.21792873238451507,2139,2185,2026-06-01 14:14:16.361980,5
6448,21,P01,yes,1,-0.1570248373227514,0.15886910488091516,0.15519224623709701,4065,4126,2026-06-01 14:14:16.362065,5
3714,17,P09,no,4,3.5887131577674154,0.10802156134341918,0.09777259985079932,1075,1155,2026-06-01 14:14:16.391503,5
6449,21,P20,yes,1,-0.15338290922682063,0.15519224623709701,0.1515851487892869,4064,4126,2026-06-01 14:14:16.404894,5
573,7,P09,yes,1,0.7283162051157888,0.7255622121589215,0.7310585786300049,1102,1066,2026-06-01 14:14:16.465146,3
2003,9,P18,no,1,0.5587541409067853,0.444671944737631,0.4378234991142019,1628,1637,2026-06-01 14:14:16.485169,3
5615,20,P09,yes,10,6.222746092055786,0.5893093760914265,0.6545022492518787,3471,3448,2026-06-01 14:14:16.499355,5
5616,20,P04,no,1,0.3486473453945109,0.6545022492518787,0.6481942198637447,3471,3449,2026-06-01 14:14:16.500882,5
5617,20,P24,no,7,2.6206250577638457,0.6481942198637447,0.6026853379784917,3471,3456,2026-06-01 14:14:16.506438,5
2640,10,P09,yes,3,2.3944769488066413,0.791391472673955,0.8048153229861598,1807,1756,2026-06-01 14:14:16.514426,3
4265,19,P09,yes,18,4.760412466656817,0.21792873238451507,0.3147990233346844,2157,2185,2026-06-01 14:14:16.531170,5
5618,20,P03,no,1,0.4006466663072388,0.6026853379784917,0.5960151933265168,3471,3457,2026-06-01 14:14:16.533776,5
3715,17,P11,yes,1,0.09900694507473418,0.09777259985079932,0.10025049035751298,1076,1155,2026-06-01 14:14:16.541322,5
3716,17,P19,no,1,0.9009930549252658,0.10025049035751298,0.09777259985079932,1076,1156,2026-06-01 14:14:16.543901,5
4266,19,P05,no,1,0.6881864875831525,0.3147990233346844,0.30883838763748533,2157,2186,2026-06-01 14:14:16.553952,5
4267,19,P23,no,1,0.6941157482679046,0.30883838763748533,0.3029407160345927,2157,2187,2026-06-01 14:14:16.557014,5
4268,19,P24,yes,9,2.971464822739563,0.3029407160345927,0.358165954911269,2166,2187,2026-06-01 14:14:16.562843,5
1250,8,P10,no,1,-0.32385760144848064,0.6730961777222321,0.679178699175393,1359,1332,2026-06-01 14:14:16.566288,3
4269,19,P03,yes,2,0.7291690183810715,0.358165954911269,0.3710353350500268,2168,2187,2026-06-01 14:14:16.570056,5
4270,19,P01,yes,15,-4.866167785573907,0.3710353350500268,0.2800034603553825,2153,2187,2026-06-01 14:14:16.580077,5
4271,19,P24,no,1,-0.7171851495477313,0.2800034603553825,0.2856375705089441,2153,2186,2026-06-01 14:14:16.631278,5
5619,20,P09,no,1,0.4073348384786186,0.5960151933265168,0.5893093760914265,3471,3458,2026-06-01 14:14:16.634608,5
4272,19,P14,yes,11,-2.8145706395298475,0.2856375705089441,0.22754561719281613,2142,2186,2026-06-01 14:14:16.635799,5
4273,19,P19,yes,4,0.9500277114052551,0.22754561719281613,0.2476638011390716,2146,2186,2026-06-01 14:14:16.650051,5
4274,19,P04,no,6,4.604547319617723,0.2476638011390716,0.21792873238451507,2146,2192,2026-06-01 14:14:16.669047,5
4275,19,P19,no,1,-0.7796917426899199,0.21792873238451507,0.22270013882530884,2146,2191,2026-06-01 14:14:16.670313,5
2641,10,P09,yes,1,0.80698478843874,0.8048153229861598,0.8091419557551346,1808,1756,2026-06-01 14:14:16.671035,3
1251,8,P10,no,9,-2.6499354694806243,0.679178699175393,0.7310585786300049,1359,1323,2026-06-01 14:14:16.679637,3
1252,8,P01,no,1,0.271683794884666,0.7310585786300049,0.7255622121589215,1359,1324,2026-06-01 14:14:16.683026,3
3717,17,P03,no,1,0.9034434934937963,0.09777259985079932,0.0953494648991095,1076,1157,2026-06-01 14:14:16.746934,5
6450,21,P03,no,1,0.8501895624294775,0.1515851487892869,0.1480471980316895,4064,4127,2026-06-01 14:14:16.748322,5
1253,8,P09,no,4,1.1427302433910427,0.7255622121589215,0.702892745013669,1359,1328,2026-06-01 14:14:16.749888,3
2642,10,P09,no,3,-0.553600845976689,0.8091419557551346,0.8216809438923075,1808,1753,2026-06-01 14:14:16.767123,3
1254,8,P18,no,3,-0.8655153597535445,0.702892745013669,0.7199965396446176,1359,1325,2026-06-01 14:14:16.776638,3
2004,9,P18,no,3,-1.655665024051359,0.4378234991142019,0.45842951678320015,1628,1634,2026-06-01 14:14:16.781226,3
1255,8,P11,yes,12,-8.21798283025737,0.7199965396446176,0.6481942198637447,1347,1325,2026-06-01 14:14:16.794712,3
3718,17,P11,yes,9,0.9619722765439747,0.0953494648991095,0.11920292202211755,1085,1157,2026-06-01 14:14:16.899910,5
6451,21,P03,yes,3,-0.428681443187088,0.1480471980316895,0.13784165696493572,4061,4127,2026-06-01 14:14:16.906963,5
6452,21,P03,yes,1,-0.1362021220384122,0.13784165696493572,0.13457359546569392,4060,4127,2026-06-01 14:14:16.969358,5
2005,9,P18,yes,1,0.4618802833090285,0.45842951678320015,0.46533348664659613,1629,1634,2026-06-01 14:14:16.971521,3
4276,19,P19,yes,3,0.6900712515080158,0.22270013882530884,0.23745802834390253,2149,2191,2026-06-01 14:14:16.979005,5
3719,17,P22,no,13,11.675233260411233,0.11920292202211755,0.08618664479793421,1085,1170,2026-06-01 14:14:16.983961,5
3720,17,P03,no,1,0.9148988778938474,0.08618664479793421,0.084023907816312,1085,1171,2026-06-01 14:14:17.005041,5
4277,19,P19,no,1,-0.7600148741939847,0.23745802834390253,0.24252442073717165,2149,2190,2026-06-01 14:14:17.020205,5
5620,20,P09,yes,1,0.5926651615218361,0.5893093760914265,0.5960151933265168,3472,3458,2026-06-01 14:14:17.025978,5
3721,17,P22,yes,13,1.292112935469504,0.084023907816312,0.11631714397765597,1098,1171,2026-06-01 14:14:17.056200,5
4278,19,P03,no,2,-1.5046482132233905,0.24252442073717165,0.25287573272933045,2149,2188,2026-06-01 14:14:17.069370,5
6453,21,P03,yes,13,-1.4991932230359453,0.13457359546569392,0.09777259985079932,4047,4127,2026-06-01 14:14:17.081872,5
5621,20,P17,yes,8,4.978728275928461,0.5960151933265168,0.6481942198637447,3480,3458,2026-06-01 14:14:17.127167,5
1256,8,P10,yes,4,2.6428772226643105,0.6481942198637447,0.6730961777222321,1351,1325,2026-06-01 14:14:17.144821,3
5622,20,P23,no,3,1.0841506158312768,0.6481942198637447,0.6289646649499733,3480,3461,2026-06-01 14:14:17.166616,5
5623,20,P21,no,1,0.3742842157312225,0.6289646649499733,0.6224593312018546,3480,3462,2026-06-01 14:14:17.182048,5
5624,20,P03,yes,14,-8.057945929232119,0.6224593312018546,0.5277492350545132,3466,3462,2026-06-01 14:14:17.198418,5
3722,17,P22,yes,6,-0.6486538987376207,0.11631714397765597,0.10025049035751298,1092,1171,2026-06-01 14:14:17.207218,5
5625,20,P18,yes,4,2.166239473479891,0.5277492350545132,0.555328055262369,3470,3462,2026-06-01 14:14:17.215526,5
574,7,P09,yes,2,1.4729460821549765,0.7310585786300049,0.7418402904888368,1104,1066,2026-06-01 14:14:17.236007,3
4279,19,P21,no,11,8.51965153172523,0.25287573272933045,0.19958519865373256,2149,2199,2026-06-01 14:14:17.256082,5
4280,19,P23,yes,9,1.9849966814981599,0.19958519865373256,0.24252442073717165,2158,2199,2026-06-01 14:14:17.265145,5
5626,20,P13,yes,11,6.517422240020551,0.555328055262369,0.6289646649499733,3481,3462,2026-06-01 14:14:17.265897,5
4281,19,P05,no,2,1.5250594902395278,0.24252442073717165,0.2324649929561242,2158,2201,2026-06-01 14:14:17.317118,5
4282,19,P18,yes,5,1.2258040368237744,0.2324649929561242,0.2581597095111632,2163,2201,2026-06-01 14:14:17.326066,5
6454,21,P03,no,1,0.9034434934937963,0.09777259985079932,0.0953494648991095,4047,4128,2026-06-01 14:14:17.342075,5
575,7,P09,no,1,-0.2555117402871474,0.7418402904888368,0.7471242672706695,1104,1065,2026-06-01 14:14:17.359364,3
3723,17,P19,no,8,7.273577801000329,0.10025049035751298,0.08191057715532518,1092,1179,2026-06-01 14:14:17.372383,5
5627,20,P03,no,12,4.930682817938759,0.6289646649499733,0.548458527973277,3481,3474,2026-06-01 14:14:17.375211,5
576,7,P09,yes,1,0.749736258981784,0.7471242672706695,0.7523361988609284,1105,1065,2026-06-01 14:14:17.378494,3
5628,20,P20,no,1,-0.4481050579593102,0.548458527973277,0.555328055262369,3481,3473,2026-06-01 14:14:17.387252,5
3724,17,P23,yes,1,0.082963162267788,0.08191057715532518,0.084023907816312,1093,1179,2026-06-01 14:14:17.395950,5
3725,17,P19,no,12,11.132170134234912,0.084023907816312,0.06167473878348325,1093,1191,2026-06-01 14:14:17.396151,5
3726,17,P23,no,1,-0.937514939739458,0.06167473878348325,0.0633019736959414,1093,1190,2026-06-01 14:14:17.409706,5
3727,17,P11,yes,10,0.7223816432367585,0.0633019736959414,0.08191057715532518,1103,1190,2026-06-01 14:14:17.412950,5
3728,17,P22,yes,1,-0.0808741653756897,0.08191057715532518,0.07984576661461423,1102,1190,2026-06-01 14:14:17.435046,5
6455,21,P03,yes,3,-0.2755055304360212,0.0953494648991095,0.08839967720705841,4044,4128,2026-06-01 14:14:17.461297,5
4283,19,P05,no,2,1.494224518694864,0.2581597095111632,0.2476638011390716,2163,2203,2026-06-01 14:14:17.463024,5
5629,20,P04,yes,1,0.5587541409072401,0.555328055262369,0.5621765008857981,3482,3473,2026-06-01 14:14:17.465889,5
4284,19,P03,yes,2,0.505775481305136,0.2476638011390716,0.2581597095111632,2165,2203,2026-06-01 14:14:17.484519,5
4285,19,P17,yes,1,-0.25551174028669266,0.2581597095111632,0.25287573272933045,2164,2203,2026-06-01 14:14:17.490447,5
6456,21,P03,no,1,0.9127110673907737,0.08839967720705841,0.08618664479793421,4044,4129,2026-06-01 14:14:17.492270,5
4286,19,P09,no,4,-2.945750546983618,0.25287573272933045,0.2744377878410785,2164,2199,2026-06-01 14:14:17.505095,5
4287,19,P05,no,1,0.728316205115334,0.2744377878410785,0.2689414213699951,2164,2200,2026-06-01 14:14:17.511850,5
4288,19,P03,yes,15,4.685897445715,0.2689414213699951,0.358165954911269,2179,2200,2026-06-01 14:14:17.522592,5
2643,10,P18,yes,8,6.69755762171053,0.8216809438923075,0.8519528019683106,1816,1753,2026-06-01 14:14:17.538884,3
5630,20,P15,yes,9,5.332952314844988,0.5621765008857981,0.6224593312018546,3491,3473,2026-06-01 14:14:17.544843,5
4289,19,P02,yes,1,-0.35498159744975055,0.358165954911269,0.3518057801362553,2178,2200,2026-06-01 14:14:17.545653,5
6457,21,P12,yes,1,0.08728893260922632,0.08618664479793421,0.08839967720705841,4045,4129,2026-06-01 14:14:17.554432,5
4290,19,P10,no,2,1.3089865277534045,0.3518057801362553,0.33924363123418283,2178,2202,2026-06-01 14:14:17.569595,5
6458,21,P15,yes,11,1.119722880754125,0.08839967720705841,0.11631714397765597,4056,4129,2026-06-01 14:14:17.571828,5
2006,9,P18,yes,3,1.427151228396042,0.46533348664659613,0.4861146822539951,1632,1634,2026-06-01 14:14:17.577399,3
3729,17,P03,no,1,0.9211667530062186,0.07984576661461423,0.07782859364011989,1102,1191,2026-06-01 14:14:17.581005,5
3730,17,P11,yes,2,0.15970741236947106,0.07782859364011989,0.08191057715532518,1104,1191,2026-06-01 14:14:17.589830,5
2644,10,P20,yes,5,-4.21452556686836,0.8519528019683106,0.8335655924457414,1811,1753,2026-06-01 14:14:17.603807,3
3731,17,P14,yes,8,0.7264221989996713,0.08191057715532518,0.10025049035751298,1112,1191,2026-06-01 14:14:17.629621,5
4291,19,P02,no,1,0.6638603292090011,0.33924363123418283,0.3330451148264414,2178,2203,2026-06-01 14:14:17.630517,5
4292,19,P13,no,8,5.527950823746323,0.3330451148264414,0.2856375705089441,2178,2211,2026-06-01 14:14:17.631178,5
4293,19,P19,yes,2,0.5827005093015032,0.2856375705089441,0.2971072549863309,2180,2211,2026-06-01 14:14:17.633442,5
5631,20,P03,no,2,0.7681949209272716,0.6224593312018546,0.6093175418435606,3491,3475,2026-06-01 14:14:17.655702,5
6459,21,P09,yes,1,0.11775492622564343,0.11631714397765597,0.11920292202211755,4057,4129,2026-06-01 14:14:17.671508,5
4294,19,P08,no,7,5.058532043879495,0.2971072549863309,0.2581597095111632,2180,2218,2026-06-01 14:14:17.671958,5
3070,11,P09,no,1,-0.3939953052740748,0.6026853379784917,0.6093175418435606,1922,1906,2026-06-01 14:14:17.681623,3
5632,20,P03,yes,20,-10.82614085015939,0.6093175418435606,0.47225076494548685,3471,3475,2026-06-01 14:14:17.696285,5
5633,20,P03,yes,8,-3.557824812432955,0.47225076494548685,0.41742979353768533,3463,3475,2026-06-01 14:14:17.696286,5
5634,20,P12,yes,16,7.557824812432955,0.41742979353768533,0.5277492350545132,3479,3475,2026-06-01 14:14:17.709681,5
5635,20,P24,yes,1,0.5312088736441183,0.5277492350545132,0.534666513353404,3480,3475,2026-06-01 14:14:17.723804,5
5636,20,P24,no,16,-6.576716178524748,0.534666513353404,0.6418340450887311,3480,3459,2026-06-01 14:14:17.728560,5
4295,19,P15,no,1,-0.7391684975473254,0.2581597095111632,0.26351515505832507,2180,2217,2026-06-01 14:14:17.747763,5
2645,10,P09,no,1,-0.16451942792946284,0.8335655924457414,0.8373836916384682,1811,1752,2026-06-01 14:14:17.761578,3
5637,20,P17,yes,1,0.6450184025502494,0.6418340450887311,0.6481942198637447,3481,3459,2026-06-01 14:14:17.793048,5
5638,20,P20,no,1,0.3549815974492958,0.6481942198637447,0.6418340450887311,3481,3460,2026-06-01 14:14:17.803972,5
5639,20,P12,no,11,4.336091908423441,0.6418340450887311,0.5690013325681905,3481,3471,2026-06-01 14:14:17.804287,5
6460,21,P09,no,5,-4.366222547001598,0.11920292202211755,0.13457359546569392,4057,4124,2026-06-01 14:14:17.807048,5
6461,21,P03,yes,6,-0.7515323792240451,0.13457359546569392,0.11631714397765597,4051,4124,2026-06-01 14:14:17.828920,5
4296,19,P04,yes,8,-1.941751406830008,0.26351515505832507,0.22270013882530884,2172,2217,2026-06-01 14:14:17.832741,5
5640,20,P15,no,1,0.43440901084477446,0.5690013325681905,0.5621765008857981,3481,3472,2026-06-01 14:14:17.854790,5
577,7,P18,no,1,0.2502637410184434,0.7523361988609284,0.7471242672706695,1105,1066,2026-06-01 14:14:17.864148,3
3732,17,P22,no,5,4.528931017982586,0.10025049035751298,0.08839967720705841,1112,1196,2026-06-01 14:14:17.866784,5
5641,20,P21,no,1,-0.43440901084477446,0.5621765008857981,0.5690013325681905,3481,3471,2026-06-01 14:14:17.878456,5
3733,17,P02,yes,1,0.08952748401043209,0.08839967720705841,0.09066389627358525,1113,1196,2026-06-01 14:14:17.910460,5
4297,19,P09,yes,8,1.941751406830008,0.22270013882530884,0.26351515505832507,2180,2217,2026-06-01 14:14:17.916757,5
4298,19,P12,no,1,0.7391684975473254,0.26351515505832507,0.2581597095111632,2180,2218,2026-06-01 14:14:17.916842,5
3906,18,P09,yes,1,0.03491112870597135,0.034445195666211174,0.03538109202197851,1398,1517,2026-06-01 14:14:17.916862,5
4299,19,P03,no,5,-3.6412325531805436,0.2581597095111632,0.2856375705089441,2180,2213,2026-06-01 14:14:17.944836,5
3071,11,P09,no,1,0.3939953052740748,0.6093175418435606,0.6026853379784917,1922,1907,2026-06-01 14:14:17.950898,3
4300,19,P04,no,14,10.524430455071524,0.2856375705089441,0.2132315108375271,2180,2227,2026-06-01 14:14:17.956750,5
5642,20,P09,no,1,0.43440901084477446,0.5690013325681905,0.5621765008857981,3481,3472,2026-06-01 14:14:17.957427,5
3734,17,P02,yes,1,0.09181766825963678,0.09066389627358525,0.09298019452229982,1114,1196,2026-06-01 14:14:17.975465,5
6462,21,P03,no,1,0.8851003515246703,0.11631714397765597,0.11349222580422871,4051,4125,2026-06-01 14:14:17.993888,5
4301,19,P19,yes,1,0.21557393642160605,0.2132315108375271,0.21792873238451507,2181,2227,2026-06-01 14:14:18.005477,5
578,7,P18,no,9,2.496998281107153,0.7471242672706695,0.6970592839654074,1105,1075,2026-06-01 14:14:18.020870,3
6463,21,P19,no,1,0.8878951933129429,0.11349222580422871,0.1107273179723682,4051,4126,2026-06-01 14:14:18.055577,5
3072,11,P09,no,1,-0.3939953052740748,0.6026853379784917,0.6093175418435606,1922,1906,2026-06-01 14:14:18.082375,3
2007,9,P18,no,12,-5.667775498498031,0.4861146822539951,0.5690013325681905,1632,1622,2026-06-01 14:14:18.091290,3
2008,9,P23,no,1,0.4344090108445471,0.5690013325681905,0.5621765008857981,1632,1623,2026-06-01 14:14:18.095116,3
5643,20,P19,no,2,-0.8620060388439015,0.5621765008857981,0.5758000536158003,3481,3470,2026-06-01 14:14:18.105872,5
579,7,P12,no,1,-0.3000185846999557,0.6970592839654074,0.702892745013669,1105,1074,2026-06-01 14:14:18.125225,3
3735,17,P19,no,7,6.403594218377975,0.09298019452229982,0.07782859364011989,1114,1203,2026-06-01 14:14:18.152023,5
5644,20,P15,no,12,-4.6121238232685755,0.5758000536158003,0.6545022492518787,3481,3458,2026-06-01 14:14:18.158446,5
3736,17,P10,yes,1,0.07883324699378136,0.07782859364011989,0.07984576661461423,1115,1203,2026-06-01 14:14:18.160440,5
6464,21,P19,yes,1,-0.10936954641692864,0.1107273179723682,0.10802156134341918,4050,4126,2026-06-01 14:14:18.169977,5
5645,20,P11,no,1,0.34864734539496567,0.6545022492518787,0.6481942198637447,3481,3459,2026-06-01 14:14:18.176336,5
5646,20,P15,yes,4,-2.5415651684375007,0.6481942198637447,0.6224593312018546,3477,3459,2026-06-01 14:14:18.199292,5
5647,20,P19,yes,1,0.6257157842687775,0.6224593312018546,0.6289646649499733,3478,3459,2026-06-01 14:14:18.215906,5
2009,9,P13,no,6,2.7507203464583654,0.5621765008857981,0.520821285372743,1632,1629,2026-06-01 14:14:18.220824,3
2010,9,P19,no,1,0.48264614119489124,0.520821285372743,0.5138853177460049,1632,1630,2026-06-01 14:14:18.221741,3
5648,20,P02,no,7,2.7585134740661488,0.6289646649499733,0.5825702064623147,3478,3466,2026-06-01 14:14:18.223850,5
2646,10,P09,no,5,0.8618535864056867,0.8373836916384682,0.8175744761936437,1811,1757,2026-06-01 14:14:18.226565,3
5649,20,P03,no,10,4.516184914473342,0.5825702064623147,0.5138853177460049,3478,3476,2026-06-01 14:14:18.240342,5
6465,21,P15,yes,1,0.10936954641692864,0.10802156134341918,0.1107273179723682,4051,4126,2026-06-01 14:14:18.258664,5
1257,8,P18,no,1,0.32996963429854986,0.6730961777222321,0.6669548851735586,1351,1326,2026-06-01 14:14:18.263928,3
1258,8,P09,no,2,-0.6538272357470305,0.6669548851735586,0.679178699175393,1351,1324,2026-06-01 14:14:18.282195,3
6466,21,P03,yes,6,-0.617212895155717,0.1107273179723682,0.0953494648991095,4045,4126,2026-06-01 14:14:18.306107,5
1259,8,P18,no,1,0.32385760144848064,0.679178699175393,0.6730961777222321,1351,1325,2026-06-01 14:14:18.310625,3
6467,21,P17,no,2,-1.8044365484192895,0.0953494648991095,0.10025049035751298,4045,4124,2026-06-01 14:14:18.321373,5
5650,20,P01,no,4,-1.8890315117050704,0.5138853177460049,0.5415704832167999,3478,3472,2026-06-01 14:14:18.340505,5
5651,20,P10,no,1,-0.45498405889611604,0.5415704832167999,0.548458527973277,3478,3471,2026-06-01 14:14:18.368630,5
2011,9,P03,no,12,6.332224501502196,0.5138853177460049,0.4309986674318095,1632,1642,2026-06-01 14:14:18.369480,3
3737,17,P01,yes,5,0.4257548663683792,0.07984576661461423,0.09066389627358525,1120,1203,2026-06-01 14:14:18.372920,5
6468,21,P19,no,1,0.9009930549254932,0.10025049035751298,0.09777259985079932,4045,4125,2026-06-01 14:14:18.382199,5
4302,19,P19,no,7,-5.354283578599279,0.21792873238451507,0.25287573272933045,2181,2220,2026-06-01 14:14:18.388084,5
4303,19,P03,no,2,-1.483656757260178,0.25287573272933045,0.26351515505832507,2181,2218,2026-06-01 14:14:18.396409,5
2012,9,P03,yes,1,0.4344090108445471,0.4309986674318095,0.4378234991142019,1633,1642,2026-06-01 14:14:18.412820,3
3738,17,P03,no,1,0.9104725159897953,0.09066389627358525,0.08839967720705841,1120,1204,2026-06-01 14:14:18.414253,5
4304,19,P19,yes,4,1.097935944366327,0.26351515505832507,0.2856375705089441,2185,2218,2026-06-01 14:14:18.448027,5
580,7,P20,no,1,-0.29421771979423283,0.702892745013669,0.7086608250294356,1105,1073,2026-06-01 14:14:18.462628,3
4305,19,P15,no,1,0.7171851495477313,0.2856375705089441,0.2800034603553825,2185,2219,2026-06-01 14:14:18.491719,5
6469,21,P19,yes,1,-0.09655650650620373,0.09777259985079932,0.0953494648991095,4044,4125,2026-06-01 14:14:18.500688,5
2013,9,P18,yes,8,3.722951495115012,0.4378234991142019,0.49305600205173933,1641,1642,2026-06-01 14:14:18.515363,3
5652,20,P14,yes,1,0.5518949420406898,0.548458527973277,0.555328055262369,3479,3471,2026-06-01 14:14:18.521927,5
2014,9,P09,yes,1,0.4965278894048879,0.49305600205173933,0.5,1642,1642,2026-06-01 14:14:18.582987,3
3739,17,P19,no,10,9.21976551502462,0.08839967720705841,0.06842674250359211,1120,1214,2026-06-01 14:14:18.589132,5
3740,17,P19,no,1,0.9324515574610359,0.06842674250359211,0.06667714818800587,1120,1215,2026-06-01 14:14:18.589870,5
2015,9,P08,no,1,0.5034721105948847,0.5,0.49305600205173933,1642,1643,2026-06-01 14:14:18.594179,3
4306,19,P19,yes,1,0.282814850451814,0.2800034603553825,0.2856375705089441,2186,2219,2026-06-01 14:14:18.598280,5
3073,11,P09,no,1,-0.38738299639953766,0.6093175418435606,0.6159095915435134,1922,1905,2026-06-01 14:14:18.600926,3
2016,9,P18,yes,1,0.4965278894046605,0.49305600205173933,0.5,1643,1643,2026-06-01 14:14:18.608810,3
2017,9,P18,yes,1,0.5034721105953395,0.5,0.5069439979482607,1644,1643,2026-06-01 14:14:18.610116,3
5653,20,P13,yes,1,0.5587541409072401,0.555328055262369,0.5621765008857981,3480,3471,2026-06-01 14:14:18.626601,5
3074,11,P18,no,5,2.0034173338074197,0.6159095915435134,0.5825702064623147,1922,1910,2026-06-01 14:14:18.631706,3
3741,17,P24,yes,1,0.06754844253896408,0.06667714818800587,0.06842674250359211,1121,1215,2026-06-01 14:14:18.649440,5
2647,10,P09,yes,2,-1.6267653673417044,0.8175744761936437,0.8091419557551346,1809,1757,2026-06-01 14:14:18.658154,3
2018,9,P01,no,1,0.4965278894048879,0.5069439979482607,0.5,1644,1644,2026-06-01 14:14:18.659754,3
5654,20,P15,no,1,0.44124585909275993,0.5621765008857981,0.555328055262369,3480,3472,2026-06-01 14:14:18.665500,5
4307,19,P03,no,8,-5.527950823746323,0.2856375705089441,0.3330451148264414,2186,2211,2026-06-01 14:14:18.700938,5
3742,17,P05,no,11,10.34551764234584,0.06842674250359211,0.05133579311531625,1121,1226,2026-06-01 14:14:18.708181,5
4308,19,P19,yes,1,0.33613967079099893,0.3330451148264414,0.33924363123418283,2187,2211,2026-06-01 14:14:18.726411,5
4309,19,P02,no,8,5.480293942462595,0.33924363123418283,0.29133917497056444,2187,2219,2026-06-01 14:14:18.730935,5
4310,19,P14,no,1,0.7115172104927296,0.29133917497056444,0.2856375705089441,2187,2220,2026-06-01 14:14:18.749641,5
4311,19,P10,no,1,0.717185149548186,0.2856375705089441,0.2800034603553825,2187,2221,2026-06-01 14:14:18.762035,5
3743,17,P03,no,1,0.9493350125401321,0.05133579311531625,0.049999740399933254,1121,1227,2026-06-01 14:14:18.776271,5
4312,19,P03,yes,3,0.8655153597533172,0.2800034603553825,0.2971072549863309,2190,2221,2026-06-01 14:14:18.778057,5
4313,19,P12,no,13,9.602728851169104,0.2971072549863309,0.22754561719281613,2190,2234,2026-06-01 14:14:18.787881,5
1260,8,P09,yes,1,0.6761423985515194,0.6730961777222321,0.679178699175393,1352,1325,2026-06-01 14:14:18.860857,3
5655,20,P03,no,3,1.3649694001642274,0.555328055262369,0.534666513353404,3480,3475,2026-06-01 14:14:18.863552,5
581,7,P13,yes,1,0.7115172104931844,0.7086608250294356,0.7143624294910559,1106,1073,2026-06-01 14:14:18.870024,3
4314,19,P03,yes,4,0.9500277114052551,0.22754561719281613,0.2476638011390716,2194,2234,2026-06-01 14:14:18.879919,5
5656,20,P12,yes,4,2.193784740742558,0.534666513353404,0.5621765008857981,3484,3475,2026-06-01 14:14:18.913861,5
3744,17,P19,no,8,7.639530497853912,0.049999740399933254,0.04043956481800324,1121,1235,2026-06-01 14:14:18.958630,5
5657,20,P03,no,3,1.344334975948641,0.5621765008857981,0.5415704832167999,3484,3478,2026-06-01 14:14:18.972882,5
2019,9,P18,yes,1,0.5034721105953395,0.5,0.5069439979482607,1645,1644,2026-06-01 14:14:18.989400,3
2020,9,P20,yes,1,-0.5034721105953395,0.5069439979482607,0.5,1644,1644,2026-06-01 14:14:18.992100,3
4315,19,P03,yes,2,0.505775481305136,0.2476638011390716,0.2581597095111632,2196,2234,2026-06-01 14:14:19.021307,5
3745,17,P01,no,1,-0.959016874544659,0.04043956481800324,0.04153132619455174,1121,1234,2026-06-01 14:14:19.043840,5
1261,8,P09,yes,18,-11.193537104498091,0.679178699175393,0.5621765008857981,1334,1325,2026-06-01 14:14:19.090544,3
1262,8,P20,yes,1,0.5655909891554529,0.5621765008857981,0.5690013325681905,1335,1325,2026-06-01 14:14:19.092267,3
5658,20,P04,yes,1,0.545015941103884,0.5415704832167999,0.548458527973277,3485,3478,2026-06-01 14:14:19.115777,5
5659,20,P09,no,5,2.3440155706011865,0.548458527973277,0.5138853177460049,3485,3483,2026-06-01 14:14:19.117912,5
4316,19,P19,yes,12,3.500846988774356,0.2581597095111632,0.32690382227776793,2208,2234,2026-06-01 14:14:19.120356,5
1263,8,P10,no,1,-0.4275970279986723,0.5690013325681905,0.5758000536158003,1335,1324,2026-06-01 14:14:19.162335,3
5660,20,P01,no,1,-0.482646141195346,0.5138853177460049,0.520821285372743,3485,3482,2026-06-01 14:14:19.165964,5
4317,19,P03,yes,15,5.6205992552099815,0.32690382227776793,0.4241999463841996,2223,2234,2026-06-01 14:14:19.171887,5
5661,20,P24,no,1,0.482646141195346,0.520821285372743,0.5138853177460049,3485,3483,2026-06-01 14:14:19.184510,5
4318,19,P04,no,1,0.579187612023361,0.4241999463841996,0.41742979353768533,2223,2235,2026-06-01 14:14:19.199501,5
3746,17,P10,yes,1,0.042088914994337756,0.04153132619455174,0.042651252130942854,1122,1234,2026-06-01 14:14:19.203195,5
5662,20,P03,no,1,0.48958500746130085,0.5138853177460049,0.5069439979482607,3485,3484,2026-06-01 14:14:19.204630,5
3747,17,P02,yes,1,0.0432231956913256,0.042651252130942854,0.04379999771646115,1123,1234,2026-06-01 14:14:19.205367,5
3748,17,P10,yes,1,0.044386628307847786,0.04379999771646115,0.04497822937897771,1124,1234,2026-06-01 14:14:19.210825,5
3749,17,P04,yes,4,0.18978763769723628,0.04497822937897771,0.049999740399933254,1128,1234,2026-06-01 14:14:19.214345,5
2021,9,P18,yes,1,0.5034721105953395,0.5,0.5069439979482607,1645,1644,2026-06-01 14:14:19.216149,3
4319,19,P14,no,7,4.241486525933851,0.41742979353768533,0.3710353350500268,2223,2242,2026-06-01 14:14:19.218137,5
2648,10,P09,no,2,-0.3732346326582956,0.8091419557551346,0.8175744761936437,1809,1755,2026-06-01 14:14:19.226775,3
6470,21,P24,no,4,-3.5988496555319216,0.0953494648991095,0.10537408848177848,4044,4121,2026-06-01 14:14:19.227984,5
2649,10,P09,yes,1,0.8196337866816066,0.8175744761936437,0.8216809438923075,1810,1755,2026-06-01 14:14:19.232220,3
4320,19,P14,no,10,6.605250410611006,0.3710353350500268,0.30883838763748533,2223,2252,2026-06-01 14:14:19.258578,5
1264,8,P19,yes,11,6.736523522125481,0.5758000536158003,0.6481942198637447,1346,1324,2026-06-01 14:14:19.279415,3
3750,17,P14,yes,13,0.7744665391674062,0.049999740399933254,0.0702187918305528,1141,1234,2026-06-01 14:14:19.303928,5
4321,19,P01,no,1,0.6941157482679046,0.30883838763748533,0.3029407160345927,2223,2253,2026-06-01 14:14:19.318382,5
4322,19,P23,no,1,0.6999814153004991,0.3029407160345927,0.2971072549863309,2223,2254,2026-06-01 14:14:19.320041,5
5663,20,P24,no,1,0.4965278894051153,0.5069439979482607,0.5,3485,3485,2026-06-01 14:14:19.320133,5
4323,19,P24,yes,1,0.30001858469950093,0.2971072549863309,0.3029407160345927,2224,2254,2026-06-01 14:14:19.325534,5
4324,19,P15,no,1,0.6999814153000443,0.3029407160345927,0.2971072549863309,2224,2255,2026-06-01 14:14:19.330287,5
5664,20,P04,yes,4,2.055527001093651,0.5,0.5277492350545132,3489,3485,2026-06-01 14:14:19.333822,5
4325,19,P12,no,1,0.7057822802057672,0.2971072549863309,0.29133917497056444,2224,2256,2026-06-01 14:14:19.337893,5
4326,19,P11,no,1,0.7115172104931844,0.29133917497056444,0.2856375705089441,2224,2257,2026-06-01 14:14:19.343851,5
4327,19,P17,yes,1,0.2884827895068156,0.2856375705089441,0.29133917497056444,2225,2257,2026-06-01 14:14:19.355559,5
3751,17,P12,no,1,-0.9288671763188177,0.0702187918305528,0.07205414361856403,1141,1233,2026-06-01 14:14:19.358970,5
2650,10,P18,no,1,0.18036621331839342,0.8216809438923075,0.8175744761936437,1810,1756,2026-06-01 14:14:19.359057,3
6471,21,P17,no,2,1.7944131071126321,0.10537408848177848,0.10025049035751298,4044,4123,2026-06-01 14:14:19.374200,5
6472,21,P19,yes,6,-0.5583579146259581,0.10025049035751298,0.08618664479793421,4038,4123,2026-06-01 14:14:19.377928,5
5665,20,P03,no,17,9.028117660218868,0.5277492350545132,0.41069062390857347,3489,3502,2026-06-01 14:14:19.395773,5
3075,11,P18,yes,1,0.5859424726520501,0.5825702064623147,0.5893093760914265,1923,1910,2026-06-01 14:14:19.406963,3
5666,20,P16,yes,4,1.6968759541673535,0.41069062390857347,0.4378234991142019,3493,3502,2026-06-01 14:14:19.410998,5
4328,19,P20,no,1,0.7115172104931844,0.29133917497056444,0.2856375705089441,2225,2258,2026-06-01 14:14:19.422923,5
5667,20,P03,yes,2,-0.862006038842992,0.4378234991142019,0.4241999463841996,3491,3502,2026-06-01 14:14:19.466773,5
5668,20,P14,yes,9,4.095372526496703,0.4241999463841996,0.4861146822539951,3500,3502,2026-06-01 14:14:19.503514,5
5669,20,P13,yes,7,3.5728487716037307,0.4861146822539951,0.534666513353404,3507,3502,2026-06-01 14:14:19.517825,5
5670,20,P02,yes,1,0.5381197166911988,0.534666513353404,0.5415704832167999,3508,3502,2026-06-01 14:14:19.541949,5
3752,17,P05,no,1,0.9288671763188177,0.07205414361856403,0.0702187918305528,1141,1234,2026-06-01 14:14:19.562716,5
582,7,P18,yes,1,0.7171851495479586,0.7143624294910559,0.7199965396446176,1107,1073,2026-06-01 14:14:19.593360,3
5671,20,P15,no,1,0.4618802833092559,0.5415704832167999,0.534666513353404,3508,3503,2026-06-01 14:14:19.619193,5
6473,21,P19,yes,4,-0.3277716967431843,0.08618664479793421,0.07782859364011989,4034,4123,2026-06-01 14:14:19.643730,5
3076,11,P18,yes,1,-0.5859424726520501,0.5893093760914265,0.5825702064623147,1922,1910,2026-06-01 14:14:19.660969,3
4329,19,P09,no,1,0.7171851495477313,0.2856375705089441,0.2800034603553825,2225,2259,2026-06-01 14:14:19.668783,5
3753,17,P22,no,7,6.550509289763568,0.0702187918305528,0.05853690287436789,1141,1241,2026-06-01 14:14:19.688475,5
3754,17,P19,no,1,0.9422222937855622,0.05853690287436789,0.0570247014210931,1141,1242,2026-06-01 14:14:19.705934,5
583,7,P18,yes,1,0.7227851163620471,0.7199965396446176,0.7255622121589215,1108,1073,2026-06-01 14:14:19.708168,3
5672,20,P12,yes,4,2.193784740742558,0.534666513353404,0.5621765008857981,3512,3503,2026-06-01 14:14:19.713818,5
1265,8,P09,yes,1,0.6513526546054891,0.6481942198637447,0.6545022492518787,1347,1324,2026-06-01 14:14:19.749340,3
5673,20,P03,no,2,0.8893509170520701,0.5621765008857981,0.548458527973277,3512,3505,2026-06-01 14:14:19.766278,5
3755,17,P11,yes,1,0.05777770621466516,0.0570247014210931,0.05853690287436789,1142,1242,2026-06-01 14:14:19.776301,5
3756,17,P20,yes,4,0.24680334814502203,0.05853690287436789,0.06496916912866407,1146,1242,2026-06-01 14:14:19.789703,5
5674,20,P17,no,8,3.833600578062942,0.548458527973277,0.49305600205173933,3512,3513,2026-06-01 14:14:19.791956,5
5675,20,P12,yes,2,0.9999999999995453,0.49305600205173933,0.5069439979482607,3514,3513,2026-06-01 14:14:19.793237,5
5676,20,P10,no,1,-0.48958500746130085,0.5069439979482607,0.5138853177460049,3514,3512,2026-06-01 14:14:19.808400,5
3077,11,P09,yes,1,0.5859424726520501,0.5825702064623147,0.5893093760914265,1923,1910,2026-06-01 14:14:19.818302,3
5677,20,P21,yes,1,0.517353858804654,0.5138853177460049,0.520821285372743,3515,3512,2026-06-01 14:14:19.857027,5
4330,19,P15,no,7,5.17318387656951,0.2800034603553825,0.24252442073717165,2225,2266,2026-06-01 14:14:19.866421,5
5678,20,P24,no,14,-6.036956107085189,0.520821285372743,0.6159095915435134,3515,3498,2026-06-01 14:14:19.869556,5
4331,19,P19,no,1,-0.7549119542418339,0.24252442073717165,0.2476638011390716,2225,2265,2026-06-01 14:14:19.875582,5
5679,20,P13,no,1,0.38738299639953766,0.6159095915435134,0.6093175418435606,3515,3499,2026-06-01 14:14:19.906177,5
3757,17,P14,yes,1,0.06581972549884085,0.06496916912866407,0.06667714818800587,1147,1242,2026-06-01 14:14:19.913622,5
5680,20,P20,yes,10,-5.756812259824073,0.6093175418435606,0.5415704832167999,3505,3499,2026-06-01 14:14:19.939151,5
3907,18,P09,yes,1,0.03585921247031365,0.03538109202197851,0.03634146014678239,1399,1517,2026-06-01 14:14:19.945848,5
5681,20,P11,yes,1,0.545015941103884,0.5415704832167999,0.548458527973277,3506,3499,2026-06-01 14:14:19.951383,5
6474,21,P01,yes,1,0.07883324699378136,0.07782859364011989,0.07984576661461423,4035,4123,2026-06-01 14:14:19.979179,5
4332,19,P05,no,1,0.7549119542418339,0.2476638011390716,0.24252442073717165,2225,2266,2026-06-01 14:14:19.995284,5
4333,19,P19,yes,3,0.7508635270633022,0.24252442073717165,0.2581597095111632,2228,2266,2026-06-01 14:14:20.061525,5
3758,17,P02,yes,1,0.06754844253896408,0.06667714818800587,0.06842674250359211,1148,1242,2026-06-01 14:14:20.061960,5
2651,10,P09,no,6,1.1717728954129143,0.8175744761936437,0.791391472673955,1810,1762,2026-06-01 14:14:20.085394,3
5682,20,P03,yes,1,-0.545015941103884,0.548458527973277,0.5415704832167999,3505,3499,2026-06-01 14:14:20.122349,5
4334,19,P03,no,2,-1.4729460821549765,0.2581597095111632,0.2689414213699951,2228,2264,2026-06-01 14:14:20.153876,5
1266,8,P09,no,1,-0.3423661268516298,0.6545022492518787,0.6607563687658172,1347,1323,2026-06-01 14:14:20.156066,3
5683,20,P17,yes,1,0.545015941103884,0.5415704832167999,0.548458527973277,3506,3499,2026-06-01 14:14:20.168291,5
2022,9,P09,yes,1,-0.5034721105953395,0.5069439979482607,0.5,1644,1644,2026-06-01 14:14:20.224417,3
1267,8,P10,yes,1,0.6638603292090011,0.6607563687658172,0.6669548851735586,1348,1323,2026-06-01 14:14:20.240992,3
3078,11,P09,no,2,-0.8079815047858574,0.5893093760914265,0.6026853379784917,1923,1908,2026-06-01 14:14:20.276959,3
3079,11,P09,no,2,-0.7813783016736124,0.6026853379784917,0.6159095915435134,1923,1906,2026-06-01 14:14:20.278069,3
5684,20,P03,no,1,0.45498405889611604,0.548458527973277,0.5415704832167999,3506,3500,2026-06-01 14:14:20.306246,5
4335,19,P03,no,2,-1.4511013214778359,0.2689414213699951,0.2800034603553825,2228,2262,2026-06-01 14:14:20.419675,5
4336,19,P19,no,4,-2.834466055546727,0.2800034603553825,0.3029407160345927,2228,2258,2026-06-01 14:14:20.502851,5
4337,19,P20,no,1,0.6999814153000443,0.3029407160345927,0.2971072549863309,2228,2259,2026-06-01 14:14:20.510068,5
2023,9,P18,no,1,-0.4965278894048879,0.5,0.5069439979482607,1644,1643,2026-06-01 14:14:20.596953,3
5685,20,P03,yes,1,-0.5381197166907441,0.5415704832167999,0.534666513353404,3505,3500,2026-06-01 14:14:20.610497,5
4338,19,P03,no,20,-12.820021712136622,0.2971072549863309,0.4241999463841996,2228,2239,2026-06-01 14:14:20.613505,5
4339,19,P03,no,7,-3.8629875755427747,0.4241999463841996,0.47225076494548685,2228,2232,2026-06-01 14:14:20.613506,5
4340,19,P12,yes,13,-5.561242146240602,0.47225076494548685,0.3840904084564866,2215,2232,2026-06-01 14:14:20.629164,5
4341,19,P11,no,1,0.6191880754727208,0.3840904084564866,0.37754066879814546,2215,2233,2026-06-01 14:14:20.659376,5
5686,20,P03,no,1,0.4687911263558817,0.534666513353404,0.5277492350545132,3505,3501,2026-06-01 14:14:20.662596,5
5687,20,P24,no,1,0.4757139608450416,0.5277492350545132,0.520821285372743,3505,3502,2026-06-01 14:14:20.693312,5
2024,9,P18,yes,1,0.5104149925384718,0.5069439979482607,0.5138853177460049,1645,1643,2026-06-01 14:14:20.748481,3
4342,19,P18,no,1,0.6257157842683227,0.37754066879814546,0.3710353350500268,2215,2234,2026-06-01 14:14:20.773120,5
3759,17,P05,no,5,4.679137098524052,0.06842674250359211,0.06008665017400762,1148,1247,2026-06-01 14:14:20.788438,5
4343,19,P14,no,1,0.6321980651014201,0.3710353350500268,0.36457644074163925,2215,2235,2026-06-01 14:14:20.810533,5
3760,17,P03,no,11,10.425927918664684,0.06008665017400762,0.04497822937897771,1148,1258,2026-06-01 14:14:20.856479,5
3761,17,P20,yes,13,0.6974346075676294,0.04497822937897771,0.0633019736959414,1161,1258,2026-06-01 14:14:20.865932,5
1268,8,P09,yes,6,4.110651333048054,0.6669548851735586,0.702892745013669,1354,1323,2026-06-01 14:14:20.866596,3
1269,8,P13,no,1,0.3000185846999557,0.702892745013669,0.6970592839654074,1354,1324,2026-06-01 14:14:20.889312,3
3908,18,P09,yes,15,0.6699790480918182,0.03634146014678239,0.05410980348435149,1414,1517,2026-06-01 14:14:20.905375,5
4344,19,P02,yes,4,-1.4073621531792924,0.36457644074163925,0.33924363123418283,2211,2235,2026-06-01 14:14:20.913679,5
1270,8,P10,no,1,-0.3000185846999557,0.6970592839654074,0.702892745013669,1354,1323,2026-06-01 14:14:20.948126,3
4345,19,P19,yes,3,1.045995069696346,0.33924363123418283,0.358165954911269,2214,2235,2026-06-01 14:14:20.951598,5
5688,20,P03,yes,7,-3.4757139608454963,0.520821285372743,0.47225076494548685,3498,3502,2026-06-01 14:14:20.965331,5
4346,19,P05,no,1,0.6450184025502494,0.358165954911269,0.3518057801362553,2214,2236,2026-06-01 14:14:20.983181,5
5689,20,P02,yes,9,4.531208873644118,0.47225076494548685,0.534666513353404,3507,3502,2026-06-01 14:14:20.984741,5
5690,20,P09,no,1,0.46879112635633646,0.534666513353404,0.5277492350545132,3507,3503,2026-06-01 14:14:20.984807,5
3080,11,P09,yes,2,1.2449038597408162,0.6159095915435134,0.6289646649499733,1925,1906,2026-06-01 14:14:20.985735,3
1271,8,P20,no,1,0.3000185846999557,0.702892745013669,0.6970592839654074,1354,1324,2026-06-01 14:14:20.990103,3
6475,21,P03,no,1,0.9211667530062186,0.07984576661461423,0.07782859364011989,4035,4124,2026-06-01 14:14:20.997181,5
4347,19,P05,no,1,0.6513526546050343,0.3518057801362553,0.3454977507481214,2214,2237,2026-06-01 14:14:21.007562,5
4348,19,P01,no,13,9.017731497129716,0.3454977507481214,0.2689414213699951,2214,2250,2026-06-01 14:14:21.015462,5
6476,21,P03,yes,4,-0.2958546615709565,0.07782859364011989,0.0702187918305528,4031,4124,2026-06-01 14:14:21.081428,5
5691,20,P17,no,6,-2.7094153964580983,0.5277492350545132,0.5690013325681905,3507,3497,2026-06-01 14:14:21.082967,5
1272,8,P19,yes,12,-7.925081943147688,0.6970592839654074,0.6224593312018546,1342,1324,2026-06-01 14:14:21.153547,3
1273,8,P17,yes,2,1.2579138493699702,0.6224593312018546,0.6354235592583607,1344,1324,2026-06-01 14:14:21.155593,3
5692,20,P15,no,1,0.43440901084477446,0.5690013325681905,0.5621765008857981,3507,3498,2026-06-01 14:14:21.229472,5
3762,17,P17,no,1,-0.9358677927941699,0.0633019736959414,0.06496916912866407,1161,1257,2026-06-01 14:14:21.323566,5
4349,19,P24,yes,2,0.5488986785221641,0.2689414213699951,0.2800034603553825,2216,2250,2026-06-01 14:14:21.339260,5
3909,18,P05,no,1,0.9465952185425976,0.05410980348435149,0.05270556608289024,1414,1518,2026-06-01 14:14:21.340095,5
6477,21,P15,yes,1,0.07113282368209184,0.0702187918305528,0.07205414361856403,4032,4124,2026-06-01 14:14:21.394687,5
4350,19,P24,yes,5,1.4714181961853683,0.2800034603553825,0.30883838763748533,2221,2250,2026-06-01 14:14:21.407849,5
1274,8,P13,no,2,-0.7163486809329243,0.6354235592583607,0.6481942198637447,1344,1322,2026-06-01 14:14:21.411935,3
5693,20,P15,no,1,0.44124585909275993,0.5621765008857981,0.555328055262369,3507,3499,2026-06-01 14:14:21.415141,5
5694,20,P15,yes,5,2.861878186739432,0.555328055262369,0.5893093760914265,3512,3499,2026-06-01 14:14:21.418023,5
3763,17,P22,no,1,0.9358677927941699,0.06496916912866407,0.0633019736959414,1161,1258,2026-06-01 14:14:21.441356,5
5695,20,P09,no,1,0.41405752734817725,0.5893093760914265,0.5825702064623147,3512,3500,2026-06-01 14:14:21.443047,5
2025,9,P09,yes,1,0.5173538588048814,0.5138853177460049,0.520821285372743,1646,1643,2026-06-01 14:14:21.457721,3
4351,19,P10,no,6,4.251366920177134,0.30883838763748533,0.2744377878410785,2221,2256,2026-06-01 14:14:21.470860,5
2026,9,P22,no,9,4.5936146294902755,0.520821285372743,0.45842951678320015,1646,1652,2026-06-01 14:14:21.498519,3
5696,20,P03,no,1,0.4208123879757295,0.5825702064623147,0.5758000536158003,3512,3501,2026-06-01 14:14:21.516877,5
4352,19,P15,no,1,0.728316205115334,0.2744377878410785,0.2689414213699951,2221,2257,2026-06-01 14:14:21.543792,5
1275,8,P09,yes,1,0.6513526546054891,0.6481942198637447,0.6545022492518787,1345,1322,2026-06-01 14:14:21.544017,3
1276,8,P18,no,1,0.3486473453945109,0.6545022492518787,0.6481942198637447,1345,1323,2026-06-01 14:14:21.544787,3
5697,20,P17,no,8,3.612726385301812,0.5758000536158003,0.520821285372743,3512,3509,2026-06-01 14:14:21.569475,5
4353,19,P17,yes,1,0.271683794884666,0.2689414213699951,0.2744377878410785,2222,2257,2026-06-01 14:14:21.598197,5
1277,8,P18,no,4,-1.3571227773361443,0.6481942198637447,0.6730961777222321,1345,1319,2026-06-01 14:14:21.602484,3
4354,19,P03,yes,3,0.8485125235965825,0.2744377878410785,0.29133917497056444,2225,2257,2026-06-01 14:14:21.606085,5
4355,19,P19,no,7,-4.816433613253594,0.29133917497056444,0.3330451148264414,2225,2250,2026-06-01 14:14:21.614974,5
4356,19,P12,no,1,0.6700303657016775,0.3330451148264414,0.32690382227776793,2225,2251,2026-06-01 14:14:21.663424,5
4357,19,P10,yes,6,-1.8535967524485386,0.32690382227776793,0.29133917497056444,2219,2251,2026-06-01 14:14:21.702042,5
6478,21,P09,yes,4,0.30355508488264604,0.07205414361856403,0.07984576661461423,4036,4124,2026-06-01 14:14:21.708394,5
5698,20,P20,yes,2,1.0554949127995314,0.520821285372743,0.534666513353404,3514,3509,2026-06-01 14:14:21.708748,5
6479,21,P19,yes,7,-0.5115555451566252,0.07984576661461423,0.06667714818800587,4029,4124,2026-06-01 14:14:21.711466,5
4358,19,P03,yes,20,7.053383619681881,0.29133917497056444,0.41742979353768533,2239,2251,2026-06-01 14:14:21.730331,5
4359,19,P03,yes,2,0.8484094159753113,0.41742979353768533,0.4309986674318095,2241,2251,2026-06-01 14:14:21.730332,5
1278,8,P09,yes,1,-0.6700303657009954,0.6730961777222321,0.6669548851735586,1344,1319,2026-06-01 14:14:21.775001,3
4360,19,P02,no,10,6.02527517505996,0.4309986674318095,0.36457644074163925,2241,2261,2026-06-01 14:14:21.778729,5
3764,17,P03,no,1,0.9375149397392306,0.0633019736959414,0.06167473878348325,1161,1259,2026-06-01 14:14:21.780732,5
5699,20,P17,no,5,2.4132641252622307,0.534666513353404,0.5,3514,3514,2026-06-01 14:14:21.780921,5
4361,19,P14,no,1,0.6386329165170537,0.36457644074163925,0.358165954911269,2241,2262,2026-06-01 14:14:21.803164,5
4362,19,P19,yes,7,2.666290126621334,0.358165954911269,0.4039848066734832,2248,2262,2026-06-01 14:14:21.811305,5
4363,19,P10,no,1,0.5993533336927612,0.4039848066734832,0.3973146620215083,2248,2263,2026-06-01 14:14:21.844611,5
5700,20,P02,no,14,-6.323690177165645,0.5,0.5960151933265168,3514,3500,2026-06-01 14:14:21.863777,5
4364,19,P08,no,16,10.462873132246841,0.3973146620215083,0.2971072549863309,2248,2279,2026-06-01 14:14:21.883307,5
1279,8,P10,no,14,-4.086328363359598,0.6669548851735586,0.7471242672706695,1344,1305,2026-06-01 14:14:21.893036,3
5701,20,P02,yes,1,-0.5926651615213814,0.5960151933265168,0.5893093760914265,3513,3500,2026-06-01 14:14:21.902544,5
4365,19,P17,yes,4,1.2355214312046883,0.2971072549863309,0.32082130082460697,2252,2279,2026-06-01 14:14:21.932416,5
4366,19,P05,no,13,9.317235131369216,0.32082130082460697,0.2476638011390716,2252,2292,2026-06-01 14:14:21.942659,5
1280,8,P17,no,12,3.4325011276123405,0.7471242672706695,0.679178699175393,1344,1317,2026-06-01 14:14:21.951281,3
4367,19,P14,yes,4,1.0328293991501596,0.2476638011390716,0.2689414213699951,2256,2292,2026-06-01 14:14:21.969764,5
584,7,P18,no,1,0.2772148836379529,0.7255622121589215,0.7199965396446176,1108,1074,2026-06-01 14:14:21.994405,3
5702,20,P08,no,1,0.41405752734726775,0.5893093760914265,0.5825702064623147,3513,3501,2026-06-01 14:14:22.015391,5
5703,20,P24,no,1,0.42081238797618425,0.5825702064623147,0.5758000536158003,3513,3502,2026-06-01 14:14:22.018522,5
3910,18,P19,no,1,0.9479821612653723,0.05270556608289024,0.05133579311531625,1414,1519,2026-06-01 14:14:22.019483,5
3765,17,P19,no,10,9.457433986568276,0.06167473878348325,0.04742587317756679,1161,1269,2026-06-01 14:14:22.032484,5
3766,17,P11,yes,11,0.6050510736924934,0.04742587317756679,0.0633019736959414,1172,1269,2026-06-01 14:14:22.095519,5
3767,17,P03,no,1,0.9375149397392306,0.0633019736959414,0.06167473878348325,1172,1270,2026-06-01 14:14:22.108343,5
3768,17,P17,yes,1,0.06248506026076939,0.06167473878348325,0.0633019736959414,1173,1270,2026-06-01 14:14:22.151788,5
4368,19,P19,no,1,-0.728316205115334,0.2689414213699951,0.2744377878410785,2256,2291,2026-06-01 14:14:22.154820,5
1281,8,P18,no,1,0.323857601448708,0.679178699175393,0.6730961777222321,1344,1318,2026-06-01 14:14:22.158511,3
1282,8,P10,yes,1,0.676142398551292,0.6730961777222321,0.679178699175393,1345,1318,2026-06-01 14:14:22.171880,3
1283,8,P18,no,2,0.6538272357472579,0.679178699175393,0.6669548851735586,1345,1320,2026-06-01 14:14:22.182861,3
1284,8,P18,no,1,0.33613967079099893,0.6669548851735586,0.6607563687658172,1345,1321,2026-06-01 14:14:22.194040,3
4369,19,P09,no,1,0.728316205115334,0.2744377878410785,0.2689414213699951,2256,2292,2026-06-01 14:14:22.200018,5
3911,18,P19,no,1,0.9493350125401321,0.05133579311531625,0.049999740399933254,1414,1520,2026-06-01 14:14:22.242238,5
5704,20,P24,yes,1,-0.572402972000873,0.5758000536158003,0.5690013325681905,3512,3502,2026-06-01 14:14:22.282433,5
4370,19,P03,yes,19,6.170162604355028,0.2689414213699951,0.3840904084564866,2275,2292,2026-06-01 14:14:22.294285,5
4371,19,P04,yes,1,-0.3808119245272792,0.3840904084564866,0.37754066879814546,2274,2292,2026-06-01 14:14:22.304277,5
4372,19,P01,no,14,9.3308456386535,0.37754066879814546,0.29133917497056444,2274,2306,2026-06-01 14:14:22.308580,5
4373,19,P09,yes,2,0.5942363044941885,0.29133917497056444,0.3029407160345927,2276,2306,2026-06-01 14:14:22.319001,5
4374,19,P03,yes,20,7.307556731162549,0.3029407160345927,0.4309986674318095,2296,2306,2026-06-01 14:14:22.339351,5
4375,19,P03,yes,3,1.3237599278968446,0.4309986674318095,0.4515414720267231,2299,2306,2026-06-01 14:14:22.339352,5
4376,19,P06,yes,1,-0.4481050579593102,0.4515414720267231,0.444671944737631,2298,2306,2026-06-01 14:14:22.347611,5
4377,19,P13,yes,17,-6.593881518847866,0.444671944737631,0.3330451148264414,2281,2306,2026-06-01 14:14:22.361915,5
4378,19,P17,yes,1,0.33613967079099893,0.3330451148264414,0.33924363123418283,2282,2306,2026-06-01 14:14:22.364247,5
3769,17,P19,no,9,8.492353030129607,0.0633019736959414,0.049999740399933254,1173,1279,2026-06-01 14:14:22.379407,5
6480,21,P09,yes,18,1.524438802419354,0.06667714818800587,0.10537408848177848,4047,4124,2026-06-01 14:14:22.388978,5
4379,19,P09,no,4,2.692228011106181,0.33924363123418283,0.3147990233346844,2282,2310,2026-06-01 14:14:22.390036,5
5705,20,P03,no,2,0.8756548699375344,0.5690013325681905,0.555328055262369,3512,3504,2026-06-01 14:14:22.393125,5
4380,19,P15,yes,1,-0.3118135124168475,0.3147990233346844,0.30883838763748533,2281,2310,2026-06-01 14:14:22.406902,5
4381,19,P03,no,20,-12.563918509725227,0.30883838763748533,0.4378234991142019,2281,2290,2026-06-01 14:14:22.409266,5
4382,19,P03,no,8,-4.277048504884988,0.4378234991142019,0.49305600205173933,2281,2282,2026-06-01 14:14:22.409267,5
4383,19,P12,no,15,8.378195740657247,0.49305600205173933,0.3906824581564393,2281,2297,2026-06-01 14:14:22.418423,5
6481,21,P03,yes,6,-0.5871283908936675,0.10537408848177848,0.09066389627358525,4041,4124,2026-06-01 14:14:22.445497,5
4384,19,P05,no,1,0.6126170036004623,0.3906824581564393,0.3840904084564866,2281,2298,2026-06-01 14:14:22.450326,5
4385,19,P05,no,6,3.812105898514801,0.3840904084564866,0.3454977507481214,2281,2304,2026-06-01 14:14:22.464991,5
4386,19,P15,no,1,0.6576338731483702,0.3454977507481214,0.33924363123418283,2281,2305,2026-06-01 14:14:22.502550,5
4387,19,P19,no,1,-0.6576338731483702,0.33924363123418283,0.3454977507481214,2281,2304,2026-06-01 14:14:22.512277,5
4388,19,P19,no,8,-5.030727596841189,0.3454977507481214,0.3973146620215083,2281,2296,2026-06-01 14:14:22.541413,5
2027,9,P18,yes,1,-0.4549840588965708,0.45842951678320015,0.4515414720267231,1645,1652,2026-06-01 14:14:22.554054,3
4389,19,P23,yes,1,-0.3939953052740748,0.3973146620215083,0.3906824581564393,2280,2296,2026-06-01 14:14:22.564794,5
4390,19,P17,yes,8,-2.9176432247363664,0.3906824581564393,0.33924363123418283,2272,2296,2026-06-01 14:14:22.576281,5
3770,17,P19,no,6,5.722602538303363,0.049999740399933254,0.042651252130942854,1173,1285,2026-06-01 14:14:22.621369,5
3081,11,P09,yes,1,0.6321980651016474,0.6289646649499733,0.6354235592583607,1926,1906,2026-06-01 14:14:22.625756,3
2652,10,P18,yes,1,-0.7890861680900798,0.791391472673955,0.7867684891624728,1809,1762,2026-06-01 14:14:22.634317,3
4391,19,P11,no,1,0.6638603292090011,0.33924363123418283,0.3330451148264414,2272,2297,2026-06-01 14:14:22.634910,5
5706,20,P24,yes,1,-0.5518949420411445,0.555328055262369,0.548458527973277,3511,3504,2026-06-01 14:14:22.651147,5
4392,19,P09,no,1,0.6700303657016775,0.3330451148264414,0.32690382227776793,2272,2298,2026-06-01 14:14:22.671648,5
2028,9,P18,yes,1,0.4549840588965708,0.4515414720267231,0.45842951678320015,1646,1652,2026-06-01 14:14:22.686817,3
3912,18,P03,no,1,0.9506545111551077,0.049999740399933254,0.04869667456442473,1414,1521,2026-06-01 14:14:22.702833,5
3082,11,P18,no,5,-1.7435018239702913,0.6354235592583607,0.6669548851735586,1926,1901,2026-06-01 14:14:22.716039,3
3083,11,P20,no,6,2.111303758868644,0.6669548851735586,0.6289646649499733,1926,1907,2026-06-01 14:14:22.719759,3
3771,17,P14,yes,3,0.13318970893055848,0.042651252130942854,0.04618662486055427,1176,1285,2026-06-01 14:14:22.721714,5
4393,19,P24,yes,5,1.7121043747856675,0.32690382227776793,0.358165954911269,2277,2298,2026-06-01 14:14:22.727113,5
4394,19,P09,yes,13,-4.136998767192836,0.358165954911269,0.2800034603553825,2264,2298,2026-06-01 14:14:22.740380,5
585,7,P09,no,1,-0.2772148836379529,0.7199965396446176,0.7255622121589215,1108,1073,2026-06-01 14:14:22.830120,3
3772,17,P10,yes,1,0.046803648943750886,0.04618662486055427,0.04742587317756679,1177,1285,2026-06-01 14:14:22.878889,5
5707,20,P15,yes,15,8.985166566230873,0.548458527973277,0.6481942198637447,3526,3504,2026-06-01 14:14:22.896014,5
5708,20,P21,yes,12,-7.308926494127263,0.6481942198637447,0.5690013325681905,3514,3504,2026-06-01 14:14:22.898779,5
1285,8,P09,no,1,0.3423661268516298,0.6607563687658172,0.6545022492518787,1345,1322,2026-06-01 14:14:22.916076,3
3913,18,P03,no,1,0.951941385022792,0.04869667456442473,0.04742587317756679,1414,1522,2026-06-01 14:14:22.937948,5
2029,9,P18,no,6,-3.124855591428741,0.45842951678320015,0.5,1646,1646,2026-06-01 14:14:22.944277,3
4395,19,P17,yes,7,-1.8268161234304898,0.2800034603553825,0.24252442073717165,2257,2298,2026-06-01 14:14:22.957592,5
4396,19,P11,no,1,-0.7549119542418339,0.24252442073717165,0.2476638011390716,2257,2297,2026-06-01 14:14:22.962876,5
4397,19,P06,yes,2,0.5057754813055908,0.2476638011390716,0.2581597095111632,2259,2297,2026-06-01 14:14:22.984906,5
4398,19,P19,no,1,-0.7391684975477801,0.2581597095111632,0.26351515505832507,2259,2296,2026-06-01 14:14:22.987543,5
3914,18,P19,no,1,0.9531963510560217,0.04742587317756679,0.04618662486055427,1414,1523,2026-06-01 14:14:22.999916,5
4399,19,P17,yes,2,0.5379062102770149,0.26351515505832507,0.2744377878410785,2261,2296,2026-06-01 14:14:23.000252,5
3084,11,P18,yes,1,0.6321980651016474,0.6289646649499733,0.6354235592583607,1927,1907,2026-06-01 14:14:23.031095,3
3085,11,P18,yes,2,1.2836513190670757,0.6354235592583607,0.6481942198637447,1929,1907,2026-06-01 14:14:23.107580,3
6482,21,P15,yes,1,0.09181766825895465,0.09066389627358525,0.09298019452229982,4042,4124,2026-06-01 14:14:23.132081,5
4400,19,P17,no,18,-12.101521190529184,0.2744377878410785,0.3840904084564866,2261,2278,2026-06-01 14:14:23.163910,5
4401,19,P17,no,11,7.161967782769352,0.3840904084564866,0.3147990233346844,2261,2289,2026-06-01 14:14:23.170216,5
1286,8,P18,no,1,0.3486473453945109,0.6545022492518787,0.6481942198637447,1345,1323,2026-06-01 14:14:23.172998,3
4402,19,P03,no,14,-8.979942814788501,0.3147990233346844,0.4039848066734832,2261,2275,2026-06-01 14:14:23.202017,5
6483,21,P19,yes,1,-0.09181766825895465,0.09298019452229982,0.09066389627358525,4041,4124,2026-06-01 14:14:23.212214,5
6484,21,P15,no,1,-0.9081823317410453,0.09066389627358525,0.09298019452229982,4041,4123,2026-06-01 14:14:23.259886,5
5709,20,P09,no,1,0.43440901084477446,0.5690013325681905,0.5621765008857981,3514,3505,2026-06-01 14:14:23.275807,5
4403,19,P03,yes,4,1.6698017818016524,0.4039848066734832,0.4309986674318095,2265,2275,2026-06-01 14:14:23.298121,5
4404,19,P01,no,1,0.572402972000873,0.4309986674318095,0.4241999463841996,2265,2276,2026-06-01 14:14:23.303165,5
5710,20,P03,no,5,2.275006385613324,0.5621765008857981,0.5277492350545132,3514,3510,2026-06-01 14:14:23.311717,5
3773,17,P17,yes,11,0.6050510736927208,0.04742587317756679,0.0633019736959414,1188,1285,2026-06-01 14:14:23.312237,5
5711,20,P15,no,1,-0.4687911263558817,0.5277492350545132,0.534666513353404,3514,3509,2026-06-01 14:14:23.358033,5
4405,19,P03,yes,20,9.862006038843447,0.4241999463841996,0.5621765008857981,2285,2276,2026-06-01 14:14:23.366128,5
4406,19,P03,yes,5,2.8957892073544826,0.5621765008857981,0.5960151933265168,2290,2276,2026-06-01 14:14:23.366129,5
4407,19,P09,no,1,0.4073348384781639,0.5960151933265168,0.5893093760914265,2290,2277,2026-06-01 14:14:23.388285,5
3086,11,P09,no,1,-0.3486473453945109,0.6481942198637447,0.6545022492518787,1929,1906,2026-06-01 14:14:23.401616,3
4408,19,P10,yes,6,-3.4137731287801216,0.5893093760914265,0.548458527973277,2284,2277,2026-06-01 14:14:23.403256,5
3087,11,P19,no,1,0.3486473453945109,0.6545022492518787,0.6481942198637447,1929,1907,2026-06-01 14:14:23.404596,3
3915,18,P03,no,8,7.667148373049258,0.04618662486055427,0.037326887344129464,1414,1531,2026-06-01 14:14:23.436054,5
4409,19,P01,yes,1,-0.545015941103884,0.548458527973277,0.5415704832167999,2283,2277,2026-06-01 14:14:23.439331,5
4410,19,P13,no,1,0.46188028330880115,0.5415704832167999,0.534666513353404,2283,2278,2026-06-01 14:14:23.442922,5
1287,8,P10,yes,5,3.3190196212156025,0.6481942198637447,0.679178699175393,1350,1323,2026-06-01 14:14:23.454581,3
2030,9,P09,no,1,0.5034721105953395,0.5,0.49305600205173933,1646,1647,2026-06-01 14:14:23.454882,3
4411,19,P02,yes,1,-0.5312088736441183,0.534666513353404,0.5277492350545132,2282,2278,2026-06-01 14:14:23.466597,5
3916,18,P24,yes,12,0.5277243671766882,0.037326887344129464,0.05133579311531625,1426,1531,2026-06-01 14:14:23.471029,5
4412,19,P13,no,6,2.958360102039933,0.5277492350545132,0.4861146822539951,2282,2284,2026-06-01 14:14:23.524723,5
3774,17,P19,no,1,0.9375149397392306,0.0633019736959414,0.06167473878348325,1188,1286,2026-06-01 14:14:23.529869,5
1288,8,P10,no,9,-2.6499354694806243,0.679178699175393,0.7310585786300049,1350,1314,2026-06-01 14:14:23.533449,3
1289,8,P10,yes,1,0.7337775846078785,0.7310585786300049,0.736484844941675,1351,1314,2026-06-01 14:14:23.537473,3
4413,19,P24,no,1,-0.5104149925382444,0.4861146822539951,0.49305600205173933,2282,2283,2026-06-01 14:14:23.553934,5
1290,8,P12,no,14,4.2484909182626325,0.736484844941675,0.6545022492518787,1351,1328,2026-06-01 14:14:23.557413,3
4414,19,P03,yes,2,1.0,0.49305600205173933,0.5069439979482607,2284,2283,2026-06-01 14:14:23.576567,5
4415,19,P19,yes,1,0.5104149925386992,0.5069439979482607,0.5138853177460049,2285,2283,2026-06-01 14:14:23.662251,5
5712,20,P03,yes,1,-0.531208873644573,0.534666513353404,0.5277492350545132,3513,3509,2026-06-01 14:14:23.665783,5
5713,20,P24,no,1,0.4757139608450416,0.5277492350545132,0.520821285372743,3513,3510,2026-06-01 14:14:23.666756,5
4416,19,P11,no,5,2.517353858804654,0.5138853177460049,0.4791787146272571,2285,2288,2026-06-01 14:14:23.672610,5
4417,19,P06,no,5,2.6905255126348493,0.4791787146272571,0.444671944737631,2285,2293,2026-06-01 14:14:23.674728,5
4418,19,P12,yes,1,-0.44124585909275993,0.444671944737631,0.4378234991142019,2284,2293,2026-06-01 14:14:23.693706,5
4419,19,P13,yes,2,-0.8620060388439015,0.4378234991142019,0.4241999463841996,2282,2293,2026-06-01 14:14:23.713848,5
6485,21,P03,no,1,0.9081823317410453,0.09298019452229982,0.09066389627358525,4041,4124,2026-06-01 14:14:23.719290,5
4420,19,P05,no,6,3.5757702782166234,0.4241999463841996,0.3840904084564866,2282,2299,2026-06-01 14:14:23.720526,5
1291,8,P10,yes,3,1.9915245680583666,0.6545022492518787,0.6730961777222321,1354,1328,2026-06-01 14:14:23.802576,3
3088,11,P23,no,1,0.35498159744975055,0.6481942198637447,0.6418340450887311,1929,1908,2026-06-01 14:14:23.806182,3
4421,19,P03,yes,2,0.7813783016736124,0.3840904084564866,0.3973146620215083,2284,2299,2026-06-01 14:14:23.810992,5
2031,9,P09,yes,1,-0.4895850074617556,0.49305600205173933,0.4861146822539951,1645,1647,2026-06-01 14:14:23.812691,3
3917,18,P22,no,12,11.47227563282354,0.05133579311531625,0.037326887344129464,1426,1543,2026-06-01 14:14:23.813911,5
1292,8,P09,no,1,0.3299696342990046,0.6730961777222321,0.6669548851735586,1354,1329,2026-06-01 14:14:23.843324,3
4422,19,P20,yes,1,-0.39399530527362003,0.3973146620215083,0.3906824581564393,2283,2299,2026-06-01 14:14:23.844736,5
3775,17,P03,no,12,11.36505045269314,0.06167473878348325,0.04497822937897771,1188,1298,2026-06-01 14:14:23.846821,5
4423,19,P19,yes,1,0.39399530527362003,0.3906824581564393,0.3973146620215083,2284,2299,2026-06-01 14:14:23.850825,5
4424,19,P15,yes,1,-0.39399530527362003,0.3973146620215083,0.3906824581564393,2283,2299,2026-06-01 14:14:23.857425,5
4425,19,P09,yes,8,-2.9176432247363664,0.3906824581564393,0.33924363123418283,2275,2299,2026-06-01 14:14:23.920977,5
4426,19,P07,no,1,-0.6576338731488249,0.33924363123418283,0.3454977507481214,2275,2298,2026-06-01 14:14:23.930686,5
4427,19,P03,yes,20,8.224850208570388,0.3454977507481214,0.4791787146272571,2295,2298,2026-06-01 14:14:23.939277,5
4428,19,P03,yes,4,1.9722311486566468,0.4791787146272571,0.5069439979482607,2299,2298,2026-06-01 14:14:23.939278,5
4429,19,P15,yes,4,-1.9722311486566468,0.5069439979482607,0.4791787146272571,2295,2298,2026-06-01 14:14:23.958553,5
4430,19,P19,yes,1,0.482646141195346,0.4791787146272571,0.4861146822539951,2296,2298,2026-06-01 14:14:23.981742,5
4431,19,P08,no,1,0.5173538588051088,0.4861146822539951,0.4791787146272571,2296,2299,2026-06-01 14:14:23.984023,5
1293,8,P10,no,5,-1.5893300822522178,0.6669548851735586,0.6970592839654074,1354,1324,2026-06-01 14:14:23.994400,3
4432,19,P02,no,8,4.387273614697733,0.4791787146272571,0.4241999463841996,2296,2307,2026-06-01 14:14:24.004213,5
4433,19,P20,no,1,0.5791876120242705,0.4241999463841996,0.41742979353768533,2296,2308,2026-06-01 14:14:24.005576,5
4434,19,P23,no,10,6.15733591010212,0.41742979353768533,0.3518057801362553,2296,2318,2026-06-01 14:14:24.021456,5
1294,8,P23,no,10,3.3328319062222818,0.6970592839654074,0.6354235592583607,1354,1334,2026-06-01 14:14:24.072266,3
4435,19,P21,no,9,6.083498190010232,0.3518057801362553,0.2971072549863309,2296,2327,2026-06-01 14:14:24.086531,5
1295,8,P01,no,1,-0.3613670834829463,0.6354235592583607,0.6418340450887311,1354,1333,2026-06-01 14:14:24.088421,3
5714,20,P03,no,1,0.48264614119489124,0.520821285372743,0.5138853177460049,3513,3511,2026-06-01 14:14:24.100266,5
4436,19,P08,yes,1,0.30001858469950093,0.2971072549863309,0.3029407160345927,2297,2327,2026-06-01 14:14:24.115943,5
3776,17,P03,no,1,0.9556133716921522,0.04497822937897771,0.04379999771646115,1188,1299,2026-06-01 14:14:24.122107,5
5715,20,P17,no,12,6.332224501502424,0.5138853177460049,0.4309986674318095,3513,3523,2026-06-01 14:14:24.130879,5
5716,20,P11,no,3,-1.6762400721036101,0.4309986674318095,0.4515414720267231,3513,3520,2026-06-01 14:14:24.140097,5
4437,19,P19,no,1,-0.6941157482669951,0.3029407160345927,0.30883838763748533,2297,2326,2026-06-01 14:14:24.147263,5
4438,19,P12,yes,1,0.3118135124168475,0.30883838763748533,0.3147990233346844,2298,2326,2026-06-01 14:14:24.156976,5
5717,20,P12,yes,1,0.4549840588965708,0.4515414720267231,0.45842951678320015,3514,3520,2026-06-01 14:14:24.166034,5
4439,19,P13,yes,13,4.61941051890426,0.3147990233346844,0.3973146620215083,2311,2326,2026-06-01 14:14:24.190793,5
5718,20,P10,yes,3,1.4063853705097245,0.45842951678320015,0.4791787146272571,3517,3520,2026-06-01 14:14:24.223578,5
3089,11,P10,yes,1,-0.6386329165168263,0.6418340450887311,0.6354235592583607,1928,1908,2026-06-01 14:14:24.236368,3
586,7,P09,no,1,-0.27168379488421124,0.7255622121589215,0.7310585786300049,1108,1072,2026-06-01 14:14:24.258869,3
2032,9,P09,no,1,0.5173538588051088,0.4861146822539951,0.4791787146272571,1645,1648,2026-06-01 14:14:24.262237,3
1296,8,P10,yes,3,1.954004930303654,0.6418340450887311,0.6607563687658172,1357,1333,2026-06-01 14:14:24.271303,3
4440,19,P23,no,1,0.6060046947259252,0.3973146620215083,0.3906824581564393,2311,2327,2026-06-01 14:14:24.274745,5
6486,21,P03,yes,1,-0.08952748401043209,0.09066389627358525,0.08839967720705841,4040,4124,2026-06-01 14:14:24.300819,5
3777,17,P19,no,7,6.720282825565391,0.04379999771646115,0.03634146014678239,1188,1306,2026-06-01 14:14:24.329080,5
6487,21,P03,yes,8,-0.6397824672412753,0.08839967720705841,0.07205414361856403,4032,4124,2026-06-01 14:14:24.329873,5
6488,21,P03,yes,12,-0.7429165366538655,0.07205414361856403,0.05270556608289024,4020,4124,2026-06-01 14:14:24.332151,5
5719,20,P18,yes,8,4.055494912799077,0.4791787146272571,0.534666513353404,3525,3520,2026-06-01 14:14:24.337853,5
1297,8,P10,no,6,-1.9254697530432168,0.6607563687658172,0.6970592839654074,1357,1327,2026-06-01 14:14:24.347839,3
2033,9,P09,yes,3,-1.4063853705099518,0.4791787146272571,0.45842951678320015,1642,1648,2026-06-01 14:14:24.353422,3
1298,8,P18,no,1,-0.3000185846997283,0.6970592839654074,0.702892745013669,1357,1326,2026-06-01 14:14:24.393087,3
2034,9,P18,yes,1,0.4618802833090285,0.45842951678320015,0.46533348664659613,1643,1648,2026-06-01 14:14:24.396280,3
5720,20,P15,yes,1,0.5381197166911988,0.534666513353404,0.5415704832167999,3526,3520,2026-06-01 14:14:24.399225,5
4441,19,P19,yes,18,8.132219251880542,0.3906824581564393,0.5138853177460049,2329,2327,2026-06-01 14:14:24.401377,5
1299,8,P19,no,6,1.8893486669519461,0.702892745013669,0.6669548851735586,1357,1332,2026-06-01 14:14:24.408360,3
4442,19,P01,yes,1,-0.5104149925382444,0.5138853177460049,0.5069439979482607,2328,2327,2026-06-01 14:14:24.408827,5
4443,19,P24,yes,5,2.6213834808340835,0.5069439979482607,0.5415704832167999,2333,2327,2026-06-01 14:14:24.411111,5
3778,17,P14,yes,6,0.23649397874328315,0.03634146014678239,0.042651252130942854,1194,1306,2026-06-01 14:14:24.413542,5
4444,19,P14,no,1,0.46188028330880115,0.5415704832167999,0.534666513353404,2333,2328,2026-06-01 14:14:24.414023,5
4445,19,P16,yes,2,-1.0554949127995314,0.534666513353404,0.520821285372743,2331,2328,2026-06-01 14:14:24.429240,5
6489,21,P21,yes,7,0.404964143674988,0.05270556608289024,0.0633019736959414,4027,4124,2026-06-01 14:14:24.435795,5
4446,19,P20,no,1,0.482646141195346,0.520821285372743,0.5138853177460049,2331,2329,2026-06-01 14:14:24.438724,5
2653,10,P18,no,1,0.21557393642160605,0.7867684891624728,0.7820712676154848,1809,1763,2026-06-01 14:14:24.439674,3
4447,19,P03,no,7,-3.2333664876532566,0.5138853177460049,0.5621765008857981,2331,2322,2026-06-01 14:14:24.461818,5
4448,19,P23,no,14,6.806215259257442,0.5621765008857981,0.46533348664659613,2331,2336,2026-06-01 14:14:24.469433,5
4449,19,P14,yes,5,-2.2406242701022165,0.46533348664659613,0.4309986674318095,2326,2336,2026-06-01 14:14:24.487140,5
5721,20,P24,no,5,2.378616519166826,0.5415704832167999,0.5069439979482607,3526,3525,2026-06-01 14:14:24.506572,5
4450,19,P21,no,2,1.1515905840246887,0.4309986674318095,0.41742979353768533,2326,2338,2026-06-01 14:14:24.536666,5
5722,20,P15,no,7,3.621383480833174,0.5069439979482607,0.45842951678320015,3526,3532,2026-06-01 14:14:24.551809,5
5723,20,P17,no,7,3.9587890698840056,0.45842951678320015,0.41069062390857347,3526,3539,2026-06-01 14:14:24.571165,5
4451,19,P03,yes,2,0.8484094159753113,0.41742979353768533,0.4309986674318095,2328,2338,2026-06-01 14:14:24.571756,5
5724,20,P13,yes,1,0.41405752734817725,0.41069062390857347,0.41742979353768533,3527,3539,2026-06-01 14:14:24.575212,5
5725,20,P20,yes,8,3.557824812432955,0.41742979353768533,0.47225076494548685,3535,3539,2026-06-01 14:14:24.576988,5
5726,20,P12,yes,2,0.9583601020399328,0.47225076494548685,0.4861146822539951,3537,3539,2026-06-01 14:14:24.613455,5
587,7,P09,no,2,0.5488986785221641,0.7310585786300049,0.7199965396446176,1108,1074,2026-06-01 14:14:24.624855,3
3090,11,P18,no,1,0.36780193489835256,0.6354235592583607,0.6289646649499733,1928,1909,2026-06-01 14:14:24.688095,3
2654,10,P09,no,1,-0.21557393642160605,0.7820712676154848,0.7867684891624728,1809,1762,2026-06-01 14:14:24.712607,3
4452,19,P12,no,4,2.3301982181988024,0.4309986674318095,0.4039848066734832,2328,2342,2026-06-01 14:14:24.721783,5
5727,20,P02,yes,1,0.48958500746130085,0.4861146822539951,0.49305600205173933,3538,3539,2026-06-01 14:14:24.742526,5
6490,21,P24,yes,3,0.1975003752440898,0.0633019736959414,0.06842674250359211,4030,4124,2026-06-01 14:14:24.742563,5
4453,19,P17,no,1,0.5993533336927612,0.4039848066734832,0.3973146620215083,2328,2343,2026-06-01 14:14:24.745986,5
3779,17,P09,yes,1,0.0432231956913256,0.042651252130942854,0.04379999771646115,1195,1306,2026-06-01 14:14:24.764729,5
3780,17,P22,no,1,0.9567768043086744,0.04379999771646115,0.042651252130942854,1195,1307,2026-06-01 14:14:24.766540,5
4454,19,P21,no,1,0.6060046947259252,0.3973146620215083,0.3906824581564393,2328,2344,2026-06-01 14:14:24.776006,5
5728,20,P23,yes,3,1.5104149925386992,0.49305600205173933,0.5138853177460049,3541,3539,2026-06-01 14:14:24.793142,5
3781,17,P03,no,10,9.625661513511432,0.042651252130942854,0.0326445247140918,1195,1317,2026-06-01 14:14:24.835328,5
5729,20,P24,no,1,0.48958500746130085,0.5138853177460049,0.5069439979482607,3541,3540,2026-06-01 14:14:24.868718,5
4455,19,P03,no,2,-1.2053580284186864,0.3906824581564393,0.4039848066734832,2328,2342,2026-06-01 14:14:24.877098,5
5730,20,P14,yes,2,1.027768851343808,0.5069439979482607,0.520821285372743,3543,3540,2026-06-01 14:14:24.890527,5
4456,19,P03,yes,1,0.4073348384781639,0.4039848066734832,0.41069062390857347,2329,2342,2026-06-01 14:14:24.902335,5
6491,21,P03,no,1,0.9324515574608085,0.06842674250359211,0.06667714818800587,4030,4125,2026-06-01 14:14:24.909269,5
6492,21,P03,yes,11,-0.6375989025746094,0.06667714818800587,0.049999740399933254,4019,4125,2026-06-01 14:14:24.931512,5
2655,10,P09,no,1,-0.2109138319099202,0.7867684891624728,0.791391472673955,1809,1761,2026-06-01 14:14:24.941683,3
5731,20,P03,yes,2,-1.027768851343808,0.520821285372743,0.5069439979482607,3541,3540,2026-06-01 14:14:24.970193,5
6493,21,P24,yes,1,0.05066498745964054,0.049999740399933254,0.05133579311531625,4020,4125,2026-06-01 14:14:24.971297,5
6494,21,P24,yes,8,0.4569819824100705,0.05133579311531625,0.0633019736959414,4028,4125,2026-06-01 14:14:24.985019,5
4457,19,P19,yes,3,1.2624669433230338,0.41069062390857347,0.4309986674318095,2332,2342,2026-06-01 14:14:25.020992,5
4458,19,P09,no,1,0.572402972000873,0.4309986674318095,0.4241999463841996,2332,2343,2026-06-01 14:14:25.036729,5
1300,8,P18,no,1,-0.32996963429854986,0.6669548851735586,0.6730961777222321,1357,1331,2026-06-01 14:14:25.107722,3
4459,19,P03,yes,3,1.3032518979362067,0.4241999463841996,0.444671944737631,2335,2343,2026-06-01 14:14:25.173167,5
2656,10,P18,no,1,0.2109138319099202,0.791391472673955,0.7867684891624728,1809,1762,2026-06-01 14:14:25.175002,3
5732,20,P15,yes,1,0.5104149925382444,0.5069439979482607,0.5138853177460049,3542,3540,2026-06-01 14:14:25.214575,5
4460,19,P20,yes,1,-0.4412458590923052,0.444671944737631,0.4378234991142019,2334,2343,2026-06-01 14:14:25.221012,5
4461,19,P20,yes,1,-0.4344090108452292,0.4378234991142019,0.4309986674318095,2333,2343,2026-06-01 14:14:25.241613,5
1301,8,P09,no,9,3.1963695334263775,0.6730961777222321,0.6159095915435134,1357,1340,2026-06-01 14:14:25.248756,3
1302,8,P12,no,1,-0.38081192452750656,0.6159095915435134,0.6224593312018546,1357,1339,2026-06-01 14:14:25.263428,3
1303,8,P12,yes,1,0.6257157842683227,0.6224593312018546,0.6289646649499733,1358,1339,2026-06-01 14:14:25.279472,3
4462,19,P12,no,1,0.5724029720013277,0.4309986674318095,0.4241999463841996,2333,2344,2026-06-01 14:14:25.289270,5
588,7,P09,yes,1,-0.717185149548186,0.7199965396446176,0.7143624294910559,1107,1074,2026-06-01 14:14:25.303590,3
4463,19,P12,no,1,0.5791876120238157,0.4241999463841996,0.41742979353768533,2333,2345,2026-06-01 14:14:25.310757,5
5733,20,P15,yes,1,0.5173538588055635,0.5138853177460049,0.520821285372743,3543,3540,2026-06-01 14:14:25.315460,5
1304,8,P01,yes,1,0.6321980651016474,0.6289646649499733,0.6354235592583607,1359,1339,2026-06-01 14:14:25.341733,3
4464,19,P04,yes,13,-4.86981723293502,0.41742979353768533,0.3330451148264414,2320,2345,2026-06-01 14:14:25.425325,5
4465,19,P15,yes,1,0.33613967079099893,0.3330451148264414,0.33924363123418283,2321,2345,2026-06-01 14:14:25.455765,5
6495,21,P19,no,1,0.9375149397401401,0.0633019736959414,0.06167473878348325,4028,4126,2026-06-01 14:14:25.466245,5
4466,19,P09,no,1,0.6638603292090011,0.33924363123418283,0.3330451148264414,2321,2346,2026-06-01 14:14:25.501409,5
4467,19,P20,yes,1,0.3361396707914537,0.3330451148264414,0.33924363123418283,2322,2346,2026-06-01 14:14:25.506255,5
4468,19,P20,no,1,-0.6576338731488249,0.33924363123418283,0.3454977507481214,2322,2345,2026-06-01 14:14:25.507724,5
6496,21,P03,no,1,0.9391225340277742,0.06167473878348325,0.06008665017400762,4028,4127,2026-06-01 14:14:25.582415,5
4469,19,P03,yes,13,5.0397208512677025,0.3454977507481214,0.4309986674318095,2335,2345,2026-06-01 14:14:25.601643,5
1305,8,P18,yes,1,0.6386329165168263,0.6354235592583607,0.6418340450887311,1360,1339,2026-06-01 14:14:25.603861,3
5734,20,P03,yes,1,-0.5173538588055635,0.520821285372743,0.5138853177460049,3542,3540,2026-06-01 14:14:25.604186,5
3918,18,P24,yes,14,0.6331469873687183,0.037326887344129464,0.05410980348435149,1440,1543,2026-06-01 14:14:25.619255,5
4470,19,P02,no,13,7.9602791487322975,0.4309986674318095,0.3454977507481214,2335,2358,2026-06-01 14:14:25.623589,5
1306,8,P09,yes,2,1.2963710571557385,0.6418340450887311,0.6545022492518787,1362,1339,2026-06-01 14:14:25.629489,3
3919,18,P22,no,14,13.366853012631054,0.05410980348435149,0.037326887344129464,1440,1557,2026-06-01 14:14:25.635182,5
5735,20,P17,no,8,4.110968488295839,0.5138853177460049,0.45842951678320015,3542,3548,2026-06-01 14:14:25.642776,5
4471,19,P10,yes,6,2.187894101485199,0.3454977507481214,0.3840904084564866,2341,2358,2026-06-01 14:14:25.647634,5
1307,8,P18,yes,1,-0.6513526546054891,0.6545022492518787,0.6481942198637447,1361,1339,2026-06-01 14:14:25.663031,3
5736,20,P23,yes,1,0.46188028330880115,0.45842951678320015,0.46533348664659613,3543,3548,2026-06-01 14:14:25.664485,5
2035,9,P18,no,1,-0.5312088736441183,0.46533348664659613,0.47225076494548685,1643,1647,2026-06-01 14:14:25.680691,3
4472,19,P17,yes,5,-1.8392467560902332,0.3840904084564866,0.3518057801362553,2336,2358,2026-06-01 14:14:25.744117,5
4473,19,P17,yes,2,-0.6910134722465955,0.3518057801362553,0.33924363123418283,2334,2358,2026-06-01 14:14:25.782954,5
5737,20,P15,no,11,6.294931976515272,0.46533348664659613,0.3906824581564393,3543,3559,2026-06-01 14:14:25.793238,5
4474,19,P13,yes,7,2.5302602283368287,0.33924363123418283,0.3840904084564866,2341,2358,2026-06-01 14:14:25.794812,5
5738,20,P18,yes,4,1.6160343374072,0.3906824581564393,0.41742979353768533,3547,3559,2026-06-01 14:14:25.850601,5
4475,19,P03,no,20,-10.963043892914811,0.3840904084564866,0.520821285372743,2341,2338,2026-06-01 14:14:25.863052,5
4476,19,P03,no,7,-3.18512935730314,0.520821285372743,0.5690013325681905,2341,2331,2026-06-01 14:14:25.863053,5
1308,8,P10,yes,3,1.972846856962633,0.6481942198637447,0.6669548851735586,1364,1339,2026-06-01 14:14:25.864176,3
589,7,P18,yes,1,0.717185149548186,0.7143624294910559,0.7199965396446176,1108,1074,2026-06-01 14:14:25.872835,3
5739,20,P19,yes,1,0.42081238797618425,0.41742979353768533,0.4241999463841996,3548,3559,2026-06-01 14:14:25.885053,5
5740,20,P17,yes,10,4.584957533958459,0.4241999463841996,0.49305600205173933,3558,3559,2026-06-01 14:14:25.885514,5
6497,21,P17,yes,1,0.06087746597131627,0.06008665017400762,0.06167473878348325,4029,4127,2026-06-01 14:14:25.893706,5
6498,21,P24,yes,4,0.2599854355048592,0.06167473878348325,0.06842674250359211,4033,4127,2026-06-01 14:14:25.899852,5
4477,19,P04,yes,2,-1.1243451300620109,0.5690013325681905,0.555328055262369,2339,2331,2026-06-01 14:14:25.905887,5
4478,19,P06,no,12,5.833760526520109,0.555328055262369,0.47225076494548685,2339,2343,2026-06-01 14:14:25.912749,5
4479,19,P09,yes,6,-2.7094153964580983,0.47225076494548685,0.4309986674318095,2333,2343,2026-06-01 14:14:25.925264,5
4480,19,P12,no,1,0.5724029720013277,0.4309986674318095,0.4241999463841996,2333,2344,2026-06-01 14:14:25.934041,5
5741,20,P03,yes,20,-8.493452414382318,0.49305600205173933,0.358165954911269,3538,3559,2026-06-01 14:14:25.975869,5
5742,20,P03,yes,8,-2.6655805710070126,0.358165954911269,0.30883838763748533,3530,3559,2026-06-01 14:14:25.975870,5
5743,20,P04,no,14,-9.068775968678892,0.30883838763748533,0.3973146620215083,3530,3545,2026-06-01 14:14:25.979153,5
5744,20,P24,no,6,-3.4951425410463344,0.3973146620215083,0.4378234991142019,3530,3539,2026-06-01 14:14:25.987819,5
5745,20,P23,yes,1,0.44124585909275993,0.4378234991142019,0.444671944737631,3531,3539,2026-06-01 14:14:26.023733,5
5746,20,P20,yes,1,0.4481050579593102,0.444671944737631,0.4515414720267231,3532,3539,2026-06-01 14:14:26.029177,5
5747,20,P11,yes,1,0.4549840588965708,0.4515414720267231,0.45842951678320015,3533,3539,2026-06-01 14:14:26.062413,5
4481,19,P21,no,8,4.820674137957212,0.4241999463841996,0.3710353350500268,2333,2352,2026-06-01 14:14:26.069815,5
590,7,P18,no,1,0.28281485045204136,0.7199965396446176,0.7143624294910559,1108,1075,2026-06-01 14:14:26.071306,3
2657,10,P09,no,1,0.21557393642160605,0.7867684891624728,0.7820712676154848,1809,1763,2026-06-01 14:14:26.079051,3
591,7,P09,yes,1,0.7171851495479586,0.7143624294910559,0.7199965396446176,1109,1075,2026-06-01 14:14:26.079315,3
4482,19,P03,yes,18,7.7642833960017015,0.3710353350500268,0.49305600205173933,2351,2352,2026-06-01 14:14:26.086274,5
4483,19,P15,no,14,7.772191045931322,0.49305600205173933,0.3973146620215083,2351,2366,2026-06-01 14:14:26.118522,5
3091,11,P09,no,1,-0.36780193489835256,0.6289646649499733,0.6354235592583607,1928,1908,2026-06-01 14:14:26.143658,3
4484,19,P11,yes,1,-0.3939953052740748,0.3973146620215083,0.3906824581564393,2350,2366,2026-06-01 14:14:26.145575,5
1309,8,P18,no,2,0.6785057976426287,0.6669548851735586,0.6545022492518787,1364,1341,2026-06-01 14:14:26.163850,3
2036,9,P09,yes,1,-0.4687911263558817,0.47225076494548685,0.46533348664659613,1642,1647,2026-06-01 14:14:26.197008,3
1310,8,P10,no,1,-0.3423661268516298,0.6545022492518787,0.6607563687658172,1364,1340,2026-06-01 14:14:26.201795,3
4485,19,P24,yes,1,0.3939953052740748,0.3906824581564393,0.3973146620215083,2351,2366,2026-06-01 14:14:26.216850,5
5748,20,P14,yes,1,0.46188028330880115,0.45842951678320015,0.46533348664659613,3534,3539,2026-06-01 14:14:26.221068,5
5749,20,P24,no,12,6.90754898011528,0.46533348664659613,0.3840904084564866,3534,3551,2026-06-01 14:14:26.314119,5
5750,20,P08,yes,5,2.0034173338071923,0.3840904084564866,0.41742979353768533,3539,3551,2026-06-01 14:14:26.317569,5
5751,20,P02,yes,7,3.089033686077528,0.41742979353768533,0.46533348664659613,3546,3551,2026-06-01 14:14:26.325715,5
5752,20,P03,no,19,11.377288751778906,0.46533348664659613,0.33924363123418283,3546,3570,2026-06-01 14:14:26.330119,5
4486,19,P03,no,2,-1.1920184952141426,0.3973146620215083,0.41069062390857347,2351,2364,2026-06-01 14:14:26.337990,5
1311,8,P09,yes,1,0.6638603292090011,0.6607563687658172,0.6669548851735586,1365,1340,2026-06-01 14:14:26.350582,3
5753,20,P21,no,1,-0.6576338731488249,0.33924363123418283,0.3454977507481214,3546,3569,2026-06-01 14:14:26.350886,5
2037,9,P18,yes,3,1.4271512283958145,0.46533348664659613,0.4861146822539951,1645,1647,2026-06-01 14:14:26.364151,3
1312,8,P09,no,1,-0.32996963429854986,0.6669548851735586,0.6730961777222321,1365,1339,2026-06-01 14:14:26.369303,3
5754,20,P14,yes,1,0.34864734539496567,0.3454977507481214,0.3518057801362553,3547,3569,2026-06-01 14:14:26.376938,5
4487,19,P17,no,17,10.95491021216003,0.41069062390857347,0.3029407160345927,2351,2381,2026-06-01 14:14:26.400884,5
5755,20,P18,yes,7,2.6206250577643004,0.3518057801362553,0.3973146620215083,3554,3569,2026-06-01 14:14:26.449646,5
4488,19,P24,no,1,0.6999814153004991,0.3029407160345927,0.2971072549863309,2351,2382,2026-06-01 14:14:26.456685,5
5756,20,P14,yes,1,0.4006466663072388,0.3973146620215083,0.4039848066734832,3555,3569,2026-06-01 14:14:26.467101,5
5757,20,P09,no,1,0.5993533336923065,0.4039848066734832,0.3973146620215083,3555,3570,2026-06-01 14:14:26.485613,5
4489,19,P03,yes,2,0.6059028364325059,0.2971072549863309,0.30883838763748533,2353,2382,2026-06-01 14:14:26.489062,5
4490,19,P09,yes,5,-1.4714181961853683,0.30883838763748533,0.2800034603553825,2348,2382,2026-06-01 14:14:26.490817,5
5758,20,P23,yes,1,0.4006466663072388,0.3973146620215083,0.4039848066734832,3556,3570,2026-06-01 14:14:26.499299,5
5759,20,P20,yes,1,0.4073348384786186,0.4039848066734832,0.41069062390857347,3557,3570,2026-06-01 14:14:26.518117,5
4491,19,P11,yes,11,3.4333698243481194,0.2800034603553825,0.3454977507481214,2359,2382,2026-06-01 14:14:26.531075,5
6499,21,P03,yes,1,-0.06754844253919146,0.06842674250359211,0.06667714818800587,4032,4127,2026-06-01 14:14:26.558912,5
5760,20,P15,no,8,4.926375034899593,0.41069062390857347,0.358165954911269,3557,3578,2026-06-01 14:14:26.564565,5
5761,20,P15,no,1,0.6450184025507042,0.358165954911269,0.3518057801362553,3557,3579,2026-06-01 14:14:26.566758,5
4492,19,P01,yes,1,0.3486473453945109,0.3454977507481214,0.3518057801362553,2360,2382,2026-06-01 14:14:26.573735,5
5762,20,P02,no,1,-0.6450184025507042,0.3518057801362553,0.358165954911269,3557,3578,2026-06-01 14:14:26.606794,5
5763,20,P04,yes,11,4.336091908423441,0.358165954911269,0.4309986674318095,3568,3578,2026-06-01 14:14:26.608068,5
6500,21,P19,no,1,0.9341802745011591,0.06667714818800587,0.06496916912866407,4032,4128,2026-06-01 14:14:26.621671,5
4493,19,P12,yes,1,0.35498159744975055,0.3518057801362553,0.358165954911269,2361,2382,2026-06-01 14:14:26.635593,5
4494,19,P15,no,5,3.287895625213878,0.358165954911269,0.32690382227776793,2361,2387,2026-06-01 14:14:26.692026,5
4495,19,P19,no,1,-0.6700303657012228,0.32690382227776793,0.3330451148264414,2361,2386,2026-06-01 14:14:26.717944,5
5764,20,P13,yes,1,0.43440901084477446,0.4309986674318095,0.4378234991142019,3569,3578,2026-06-01 14:14:26.718815,5
5765,20,P21,no,1,-0.5587541409072401,0.4378234991142019,0.444671944737631,3569,3577,2026-06-01 14:14:26.749718,5
5766,20,P20,no,9,-4.718294363977748,0.444671944737631,0.5069439979482607,3569,3568,2026-06-01 14:14:26.753327,5
4496,19,P09,no,9,6.245135973294509,0.3330451148264414,0.2800034603553825,2361,2395,2026-06-01 14:14:26.762559,5
2038,9,P09,yes,1,0.4895850074617556,0.4861146822539951,0.49305600205173933,1646,1647,2026-06-01 14:14:26.767564,3
4497,19,P03,yes,5,1.4714181961853683,0.2800034603553825,0.30883838763748533,2366,2395,2026-06-01 14:14:26.770302,5
3092,11,P18,no,17,-5.313486944590068,0.6354235592583607,0.736484844941675,1928,1891,2026-06-01 14:14:26.773678,3
5767,20,P15,no,1,0.4965278894042058,0.5069439979482607,0.5,3569,3569,2026-06-01 14:14:26.782383,5
3093,11,P01,yes,1,-0.7337775846078785,0.736484844941675,0.7310585786300049,1927,1891,2026-06-01 14:14:26.782787,3
3094,11,P22,no,1,0.271683794884666,0.7310585786300049,0.7255622121589215,1927,1892,2026-06-01 14:14:26.790559,3
4498,19,P03,yes,2,0.6296185947726372,0.30883838763748533,0.32082130082460697,2368,2395,2026-06-01 14:14:26.813550,5
4499,19,P01,yes,1,0.32385760144825326,0.32082130082460697,0.32690382227776793,2369,2395,2026-06-01 14:14:26.835176,5
4500,19,P10,yes,13,4.7857293398865295,0.32690382227776793,0.41069062390857347,2382,2395,2026-06-01 14:14:26.838711,5
5768,20,P16,no,1,0.5034721105953395,0.5,0.49305600205173933,3569,3570,2026-06-01 14:14:26.846362,5
3095,11,P18,no,1,0.27721488363749813,0.7255622121589215,0.7199965396446176,1927,1893,2026-06-01 14:14:26.855966,3
4501,19,P03,yes,20,9.586226871219424,0.41069062390857347,0.548458527973277,2402,2395,2026-06-01 14:14:26.865536,5
4502,19,P03,yes,8,4.605791623994719,0.548458527973277,0.6026853379784917,2410,2395,2026-06-01 14:14:26.865537,5
4503,19,P20,no,1,0.4006466663076935,0.6026853379784917,0.5960151933265168,2410,2396,2026-06-01 14:14:26.869787,5
3096,11,P03,no,2,0.571297639958857,0.7199965396446176,0.7086608250294356,1927,1895,2026-06-01 14:14:26.884276,3
4504,19,P01,no,1,0.4073348384781639,0.5960151933265168,0.5893093760914265,2410,2397,2026-06-01 14:14:26.891474,5
4505,19,P01,no,1,0.4140575273477225,0.5893093760914265,0.5825702064623147,2410,2398,2026-06-01 14:14:26.896446,5
3097,11,P19,no,1,0.2942177197946876,0.7086608250294356,0.702892745013669,1927,1896,2026-06-01 14:14:26.900139,3
1313,8,P10,no,1,-0.323857601448708,0.6730961777222321,0.679178699175393,1365,1338,2026-06-01 14:14:26.920968,3
6501,21,P17,no,9,-8.341750563969072,0.06496916912866407,0.08191057715532518,4032,4119,2026-06-01 14:14:26.922051,5
4506,19,P07,no,1,0.42081238797618425,0.5825702064623147,0.5758000536158003,2410,2399,2026-06-01 14:14:26.923420,5
5769,20,P18,yes,2,-0.9722311486561921,0.49305600205173933,0.4791787146272571,3567,3570,2026-06-01 14:14:26.954082,5
4507,19,P18,yes,1,-0.572402972000873,0.5758000536158003,0.5690013325681905,2409,2399,2026-06-01 14:14:26.957715,5
3098,11,P20,no,6,1.8893486669519461,0.702892745013669,0.6669548851735586,1927,1902,2026-06-01 14:14:26.957864,3
1314,8,P09,yes,1,0.6821949176442104,0.679178699175393,0.6852009766653157,1366,1338,2026-06-01 14:14:26.971747,3
4508,19,P03,yes,20,12.69244326883745,0.5690013325681905,0.6970592839654074,2429,2399,2026-06-01 14:14:26.984671,5
4509,19,P20,no,1,0.3058842517325502,0.6970592839654074,0.6911616123625146,2429,2400,2026-06-01 14:14:26.986562,5
5770,20,P03,no,3,1.5936146294898208,0.4791787146272571,0.45842951678320015,3567,3573,2026-06-01 14:14:27.003517,5
4510,19,P23,no,3,0.9534761962213452,0.6911616123625146,0.6730961777222321,2429,2403,2026-06-01 14:14:27.016147,5
1315,8,P10,yes,1,0.6881864875826977,0.6852009766653157,0.6911616123625146,1367,1338,2026-06-01 14:14:27.020127,3
2039,9,P09,yes,8,-3.722951495115012,0.49305600205173933,0.4378234991142019,1638,1647,2026-06-01 14:14:27.060060,3
1316,8,P18,yes,1,-0.6881864875826977,0.6911616123625146,0.6852009766653157,1366,1338,2026-06-01 14:14:27.067910,3
2040,9,P12,yes,1,0.4412458590929873,0.4378234991142019,0.444671944737631,1639,1647,2026-06-01 14:14:27.088023,3
4511,19,P20,no,18,6.923851153146188,0.6730961777222321,0.555328055262369,2429,2421,2026-06-01 14:14:27.089689,5
5771,20,P09,yes,1,-0.45498405889611604,0.45842951678320015,0.4515414720267231,3566,3573,2026-06-01 14:14:27.101456,5
5772,20,P13,yes,14,7.0,0.4515414720267231,0.548458527973277,3580,3573,2026-06-01 14:14:27.110759,5
5773,20,P20,no,1,0.45498405889611604,0.548458527973277,0.5415704832167999,3580,3574,2026-06-01 14:14:27.131288,5
5774,20,P06,yes,4,-2.1109684882953843,0.5415704832167999,0.5138853177460049,3576,3574,2026-06-01 14:14:27.141802,5
592,7,P09,yes,1,-0.7171851495479586,0.7199965396446176,0.7143624294910559,1108,1075,2026-06-01 14:14:27.189775,3
4512,19,P23,no,1,0.44810505795885547,0.555328055262369,0.548458527973277,2429,2422,2026-06-01 14:14:27.190904,5
5775,20,P17,no,1,0.48958500746221034,0.5138853177460049,0.5069439979482607,3576,3575,2026-06-01 14:14:27.203747,5
4513,19,P13,no,5,2.3440155706016412,0.548458527973277,0.5138853177460049,2429,2427,2026-06-01 14:14:27.209570,5
5776,20,P08,yes,11,-5.157360505959787,0.5069439979482607,0.4309986674318095,3565,3575,2026-06-01 14:14:27.260783,5
4514,19,P01,no,1,0.48958500746130085,0.5138853177460049,0.5069439979482607,2429,2428,2026-06-01 14:14:27.261312,5
3099,11,P12,no,1,0.3361396707912263,0.6669548851735586,0.6607563687658172,1927,1903,2026-06-01 14:14:27.283779,3
4515,19,P10,no,4,2.027768851343353,0.5069439979482607,0.4791787146272571,2429,2432,2026-06-01 14:14:27.290911,5
1317,8,P10,no,1,-0.31181351241730226,0.6852009766653157,0.6911616123625146,1366,1337,2026-06-01 14:14:27.326142,3
4516,19,P17,yes,2,-0.9445050872004686,0.4791787146272571,0.46533348664659613,2427,2432,2026-06-01 14:14:27.333736,5
4517,19,P04,no,10,5.688927281789347,0.46533348664659613,0.3973146620215083,2427,2442,2026-06-01 14:14:27.357786,5
6502,21,P15,yes,13,1.2601764492628718,0.08191057715532518,0.11349222580422871,4045,4119,2026-06-01 14:14:27.361943,5
4518,19,P16,yes,1,0.400646666306784,0.3973146620215083,0.4039848066734832,2428,2442,2026-06-01 14:14:27.372709,5
4519,19,P17,yes,1,0.40733483847907337,0.4039848066734832,0.41069062390857347,2429,2442,2026-06-01 14:14:27.375795,5
2041,9,P01,yes,12,5.833760526520564,0.444671944737631,0.5277492350545132,1651,1647,2026-06-01 14:14:27.386152,3
2042,9,P11,yes,2,-1.0416398979602945,0.5277492350545132,0.5138853177460049,1649,1647,2026-06-01 14:14:27.399048,3
4520,19,P15,no,10,6.222746092055331,0.41069062390857347,0.3454977507481214,2429,2452,2026-06-01 14:14:27.409983,5
3920,18,P17,no,1,-0.9621697336319812,0.037326887344129464,0.03833797212535963,1440,1556,2026-06-01 14:14:27.420153,5
5777,20,P10,yes,1,0.43440901084477446,0.4309986674318095,0.4378234991142019,3566,3575,2026-06-01 14:14:27.424874,5
6503,21,P10,yes,9,-0.9152957482692727,0.11349222580422871,0.09066389627358525,4036,4119,2026-06-01 14:14:27.473243,5
593,7,P09,no,2,-0.5600297340899942,0.7143624294910559,0.7255622121589215,1108,1073,2026-06-01 14:14:27.477135,3
4521,19,P19,yes,5,1.8070821769570102,0.3454977507481214,0.37754066879814546,2434,2452,2026-06-01 14:14:27.477964,5
6504,21,P03,yes,1,-0.08952748401043209,0.09066389627358525,0.08839967720705841,4035,4119,2026-06-01 14:14:27.480830,5
4522,19,P24,no,7,-4.1949583536888895,0.37754066879814546,0.4241999463841996,2434,2445,2026-06-01 14:14:27.521155,5
3100,11,P18,no,1,0.3423661268516298,0.6607563687658172,0.6545022492518787,1927,1904,2026-06-01 14:14:27.530459,3
5778,20,P20,yes,4,1.806215259257442,0.4378234991142019,0.46533348664659613,3570,3575,2026-06-01 14:14:27.539380,5
1318,8,P12,no,1,0.31181351241730226,0.6911616123625146,0.6852009766653157,1366,1338,2026-06-01 14:14:27.556027,3
5779,20,P24,yes,1,0.4687911263558817,0.46533348664659613,0.47225076494548685,3571,3575,2026-06-01 14:14:27.582403,5
4523,19,P09,yes,5,2.2063410147925424,0.4241999463841996,0.45842951678320015,2439,2445,2026-06-01 14:14:27.586124,5
2043,9,P03,no,11,5.766633512346743,0.5138853177460049,0.4378234991142019,1649,1658,2026-06-01 14:14:27.595687,3
4524,19,P08,no,7,3.958789069883551,0.45842951678320015,0.41069062390857347,2439,2452,2026-06-01 14:14:27.627335,5
594,7,P09,yes,1,0.7283162051157888,0.7255622121589215,0.7310585786300049,1109,1073,2026-06-01 14:14:27.657392,3
4525,19,P20,yes,1,0.4140575273477225,0.41069062390857347,0.41742979353768533,2440,2452,2026-06-01 14:14:27.684154,5
2044,9,P20,yes,1,0.4412458590929873,0.4378234991142019,0.444671944737631,1650,1658,2026-06-01 14:14:27.686932,3
3782,17,P24,yes,4,0.13784450774528523,0.0326445247140918,0.03634146014678239,1199,1317,2026-06-01 14:14:27.713661,5
3101,11,P09,yes,1,0.6576338731483702,0.6545022492518787,0.6607563687658172,1928,1904,2026-06-01 14:14:27.719593,3
5780,20,P17,no,2,1.0693285903348624,0.47225076494548685,0.45842951678320015,3571,3577,2026-06-01 14:14:27.733474,5
5781,20,P15,yes,1,0.4618802833092559,0.45842951678320015,0.46533348664659613,3572,3577,2026-06-01 14:14:27.782850,5
5782,20,P15,no,9,5.089573948096586,0.46533348664659613,0.4039848066734832,3572,3586,2026-06-01 14:14:27.798281,5
5783,20,P23,yes,1,0.4073348384781639,0.4039848066734832,0.41069062390857347,3573,3586,2026-06-01 14:14:27.827358,5
5784,20,P11,no,14,-7.5801725507171795,0.41069062390857347,0.5069439979482607,3573,3572,2026-06-01 14:14:27.861918,5
3102,11,P09,no,6,-1.9254697530432168,0.6607563687658172,0.6970592839654074,1928,1898,2026-06-01 14:14:27.865032,3
4526,19,P24,yes,11,5.005769921934643,0.41742979353768533,0.49305600205173933,2451,2452,2026-06-01 14:14:27.869161,5
3103,11,P22,no,8,2.6164832252893575,0.6970592839654074,0.6481942198637447,1928,1906,2026-06-01 14:14:27.869422,3
2658,10,P18,yes,1,-0.7796917426899199,0.7820712676154848,0.7772998611746911,1808,1763,2026-06-01 14:14:27.893235,3
6505,21,P19,yes,1,-0.08728893260831683,0.08839967720705841,0.08618664479793421,4034,4119,2026-06-01 14:14:27.963122,5
5785,20,P18,yes,4,-1.9722311486566468,0.5069439979482607,0.4791787146272571,3569,3572,2026-06-01 14:14:27.980159,5
4527,19,P14,yes,6,-2.8336005780624873,0.49305600205173933,0.4515414720267231,2445,2452,2026-06-01 14:14:27.998192,5
5786,20,P17,no,1,-0.5173538588055635,0.4791787146272571,0.4861146822539951,3569,3571,2026-06-01 14:14:27.998744,5
595,7,P09,no,1,0.27168379488421124,0.7310585786300049,0.7255622121589215,1109,1074,2026-06-01 14:14:28.004945,3
4528,19,P03,yes,2,0.9168643422053719,0.4515414720267231,0.46533348664659613,2447,2452,2026-06-01 14:14:28.013732,5
4529,19,P17,no,7,3.910966313922927,0.46533348664659613,0.41742979353768533,2447,2459,2026-06-01 14:14:28.018943,5
5787,20,P23,yes,1,-0.48264614119489124,0.4861146822539951,0.4791787146272571,3568,3571,2026-06-01 14:14:28.064316,5
4530,19,P03,no,2,-1.1515905840251435,0.41742979353768533,0.4309986674318095,2447,2457,2026-06-01 14:14:28.076706,5
4531,19,P09,yes,1,0.43440901084477446,0.4309986674318095,0.4378234991142019,2448,2457,2026-06-01 14:14:28.090651,5
596,7,P09,no,7,-1.7895863655987796,0.7255622121589215,0.7625419716560975,1109,1067,2026-06-01 14:14:28.102786,3
1319,8,P18,yes,1,0.6881864875826977,0.6852009766653157,0.6911616123625146,1367,1338,2026-06-01 14:14:28.124601,3
2045,9,P08,yes,4,1.8337605265205639,0.444671944737631,0.47225076494548685,1654,1658,2026-06-01 14:14:28.155893,3
4532,19,P11,no,1,0.5655909891547708,0.4378234991142019,0.4309986674318095,2448,2458,2026-06-01 14:14:28.171453,5
3104,11,P10,yes,1,0.6513526546054891,0.6481942198637447,0.6545022492518787,1929,1906,2026-06-01 14:14:28.179392,3
5788,20,P03,yes,2,-0.9445050872004686,0.4791787146272571,0.46533348664659613,3566,3571,2026-06-01 14:14:28.180896,5
6506,21,P24,yes,7,0.6598704983225616,0.08618664479793421,0.10278402491725176,4041,4119,2026-06-01 14:14:28.216935,5
4533,19,P20,yes,5,2.2406242701026713,0.4309986674318095,0.46533348664659613,2453,2458,2026-06-01 14:14:28.219978,5
1320,8,P10,no,2,-0.6059028364315964,0.6911616123625146,0.702892745013669,1367,1336,2026-06-01 14:14:28.236951,3
5789,20,P01,yes,1,0.46879112635542697,0.46533348664659613,0.47225076494548685,3567,3571,2026-06-01 14:14:28.241375,5
3105,11,P09,yes,2,1.3214942023571439,0.6545022492518787,0.6669548851735586,1931,1906,2026-06-01 14:14:28.258951,3
4534,19,P04,no,1,0.5381197166911988,0.46533348664659613,0.45842951678320015,2453,2459,2026-06-01 14:14:28.278599,5
4535,19,P02,no,1,0.5450159411029745,0.45842951678320015,0.4515414720267231,2453,2460,2026-06-01 14:14:28.323391,5
1321,8,P18,no,1,-0.2942177197944602,0.702892745013669,0.7086608250294356,1367,1335,2026-06-01 14:14:28.331874,3
4536,19,P12,no,1,0.5518949420411445,0.4515414720267231,0.444671944737631,2453,2461,2026-06-01 14:14:28.334546,5
5790,20,P03,no,1,0.531208873644573,0.47225076494548685,0.46533348664659613,3567,3572,2026-06-01 14:14:28.339667,5
597,7,P19,no,10,2.638098889195362,0.7625419716560975,0.7086608250294356,1109,1077,2026-06-01 14:14:28.462402,3
5791,20,P24,yes,11,5.538119716690744,0.46533348664659613,0.5415704832167999,3578,3572,2026-06-01 14:14:28.490066,5
2046,9,P09,yes,1,0.4757139608448142,0.47225076494548685,0.4791787146272571,1655,1658,2026-06-01 14:14:28.491869,3
5792,20,P20,no,4,1.8890315117046157,0.5415704832167999,0.5138853177460049,3578,3576,2026-06-01 14:14:28.551387,5
2047,9,P09,no,2,1.055494912799304,0.4791787146272571,0.46533348664659613,1655,1660,2026-06-01 14:14:28.609005,3
6507,21,P09,no,1,0.898487416302487,0.10278402491725176,0.10025049035751298,4041,4120,2026-06-01 14:14:28.631471,5
6508,21,P15,yes,1,0.10151258369751304,0.10025049035751298,0.10278402491725176,4042,4120,2026-06-01 14:14:28.658488,5
4537,19,P17,no,4,2.2759357140871543,0.444671944737631,0.41742979353768533,2453,2465,2026-06-01 14:14:28.662106,5
1322,8,P09,yes,1,0.711517210492957,0.7086608250294356,0.7143624294910559,1368,1335,2026-06-01 14:14:28.666256,3
3106,11,P09,yes,1,0.6700303657014501,0.6669548851735586,0.6730961777222321,1932,1906,2026-06-01 14:14:28.670138,3
5793,20,P23,yes,5,-2.4826461411948912,0.5138853177460049,0.4791787146272571,3573,3576,2026-06-01 14:14:28.695728,5
4538,19,P19,no,1,-0.5791876120238157,0.41742979353768533,0.4241999463841996,2453,2464,2026-06-01 14:14:28.704017,5
2048,9,P18,yes,1,-0.4618802833090285,0.46533348664659613,0.45842951678320015,1654,1660,2026-06-01 14:14:28.722096,3
6509,21,P17,no,1,0.898487416302487,0.10278402491725176,0.10025049035751298,4042,4121,2026-06-01 14:14:28.726232,5
5794,20,P09,yes,1,0.48264614119489124,0.4791787146272571,0.4861146822539951,3574,3576,2026-06-01 14:14:28.752928,5
4539,19,P11,no,1,0.5791876120238157,0.4241999463841996,0.41742979353768533,2453,2465,2026-06-01 14:14:28.775247,5
2049,9,P18,yes,1,0.4618802833090285,0.45842951678320015,0.46533348664659613,1655,1660,2026-06-01 14:14:28.809911,3
6510,21,P17,yes,1,-0.0990069450745068,0.10025049035751298,0.09777259985079932,4041,4121,2026-06-01 14:14:28.816544,5
5795,20,P17,yes,3,1.4895850074617556,0.4861146822539951,0.5069439979482607,3577,3576,2026-06-01 14:14:28.826587,5
2659,10,P09,no,1,-0.22030825731008008,0.7772998611746911,0.7820712676154848,1808,1762,2026-06-01 14:14:28.870139,3
5796,20,P17,yes,20,11.506547585617682,0.5069439979482607,0.6418340450887311,3597,3576,2026-06-01 14:14:28.893951,5
5797,20,P17,yes,3,1.954004930303654,0.6418340450887311,0.6607563687658172,3600,3576,2026-06-01 14:14:28.893952,5
4540,19,P03,yes,15,7.033538773277996,0.41742979353768533,0.520821285372743,2468,2465,2026-06-01 14:14:28.894459,5
1323,8,P19,no,1,0.288482789507043,0.7143624294910559,0.7086608250294356,1368,1336,2026-06-01 14:14:28.921077,3
5798,20,P06,no,6,2.149448303809095,0.6607563687658172,0.6224593312018546,3600,3582,2026-06-01 14:14:28.924805,5
1324,8,P10,yes,1,0.7115172104931844,0.7086608250294356,0.7143624294910559,1369,1336,2026-06-01 14:14:28.948247,3
3107,11,P09,no,3,-0.9534761962215725,0.6730961777222321,0.6911616123625146,1932,1903,2026-06-01 14:14:28.951462,3
3108,11,P23,no,8,2.6655805710074674,0.6911616123625146,0.6418340450887311,1932,1911,2026-06-01 14:14:28.961418,3
4541,19,P12,no,1,0.482646141195346,0.520821285372743,0.5138853177460049,2468,2466,2026-06-01 14:14:28.968497,5
4542,19,P02,yes,2,-1.0138871031340386,0.5138853177460049,0.5,2466,2466,2026-06-01 14:14:28.970301,5
5799,20,P12,yes,10,-5.891706455752228,0.6224593312018546,0.555328055262369,3590,3582,2026-06-01 14:14:28.987995,5
5800,20,P15,no,1,0.44810505795885547,0.555328055262369,0.548458527973277,3590,3583,2026-06-01 14:14:28.990965,5
5801,20,P23,no,4,1.86136942940675,0.548458527973277,0.520821285372743,3590,3587,2026-06-01 14:14:28.994515,5
4543,19,P09,no,1,0.5034721105957942,0.5,0.49305600205173933,2466,2467,2026-06-01 14:14:29.004413,5
4544,19,P12,no,5,2.6213834808336287,0.49305600205173933,0.45842951678320015,2466,2472,2026-06-01 14:14:29.017979,5
2050,9,P09,yes,3,1.4271512283958145,0.46533348664659613,0.4861146822539951,1658,1660,2026-06-01 14:14:29.025029,3
5802,20,P03,no,1,0.48264614119489124,0.520821285372743,0.5138853177460049,3590,3588,2026-06-01 14:14:29.046459,5
5803,20,P11,no,1,0.48958500746130085,0.5138853177460049,0.5069439979482607,3590,3589,2026-06-01 14:14:29.065495,5
1325,8,P09,no,1,-0.28281485045226873,0.7143624294910559,0.7199965396446176,1369,1335,2026-06-01 14:14:29.066086,3
5804,20,P04,yes,9,-4.2817056360217975,0.5069439979482607,0.444671944737631,3581,3589,2026-06-01 14:14:29.071853,5
2051,9,P18,no,1,-0.5104149925384718,0.4861146822539951,0.49305600205173933,1658,1659,2026-06-01 14:14:29.072438,3
4545,19,P09,yes,4,1.8890315117046157,0.45842951678320015,0.4861146822539951,2470,2472,2026-06-01 14:14:29.130195,5
5805,20,P15,yes,6,2.792120628560042,0.444671944737631,0.4861146822539951,3587,3589,2026-06-01 14:14:29.149548,5
4546,19,P10,no,10,5.483815085526658,0.4861146822539951,0.41742979353768533,2470,2482,2026-06-01 14:14:29.154405,5
3921,18,P24,yes,14,0.6501432861527974,0.03833797212535963,0.055549260157611746,1454,1556,2026-06-01 14:14:29.177975,5
4547,19,P03,yes,8,3.557824812432955,0.41742979353768533,0.47225076494548685,2478,2482,2026-06-01 14:14:29.225852,5
3922,18,P19,no,1,0.9451734348479022,0.055549260157611746,0.05410980348435149,1454,1557,2026-06-01 14:14:29.226696,5
4548,19,P15,no,3,-1.5520548904983116,0.47225076494548685,0.49305600205173933,2478,2479,2026-06-01 14:14:29.235670,5
3109,11,P18,no,1,-0.3549815974502053,0.6418340450887311,0.6481942198637447,1932,1910,2026-06-01 14:14:29.243927,3
4549,19,P01,no,1,0.5104149925382444,0.49305600205173933,0.4861146822539951,2478,2480,2026-06-01 14:14:29.252212,5
4550,19,P21,no,4,2.1109684882953843,0.4861146822539951,0.45842951678320015,2478,2484,2026-06-01 14:14:29.285873,5
2052,9,P18,yes,4,2.027768851343126,0.49305600205173933,0.520821285372743,1662,1659,2026-06-01 14:14:29.296138,3
3923,18,P19,no,8,7.609738126343018,0.05410980348435149,0.04379999771646115,1454,1565,2026-06-01 14:14:29.299733,5
1326,8,P13,yes,9,-6.245135973294509,0.7199965396446176,0.6669548851735586,1360,1335,2026-06-01 14:14:29.313324,3
4551,19,P02,no,6,3.372846597231728,0.45842951678320015,0.41742979353768533,2478,2490,2026-06-01 14:14:29.317633,5
3110,11,P09,yes,1,0.6513526546054891,0.6481942198637447,0.6545022492518787,1933,1910,2026-06-01 14:14:29.351921,3
3924,18,P05,no,1,0.956776804308447,0.04379999771646115,0.042651252130942854,1454,1566,2026-06-01 14:14:29.395978,5
6511,21,P19,yes,4,-0.37206203694222495,0.09777259985079932,0.08839967720705841,4037,4121,2026-06-01 14:14:29.397666,5
2053,9,P01,yes,4,-2.027768851343126,0.520821285372743,0.49305600205173933,1658,1659,2026-06-01 14:14:29.428886,3
4552,19,P03,yes,2,0.8484094159753113,0.41742979353768533,0.4309986674318095,2480,2490,2026-06-01 14:14:29.467252,5
4553,19,P24,yes,2,0.8756548699375344,0.4309986674318095,0.444671944737631,2482,2490,2026-06-01 14:14:29.489276,5
4554,19,P03,yes,20,10.275935714087609,0.444671944737631,0.5825702064623147,2502,2490,2026-06-01 14:14:29.547981,5
4555,19,P03,yes,1,0.5859424726518228,0.5825702064623147,0.5893093760914265,2503,2490,2026-06-01 14:14:29.547982,5
4556,19,P16,yes,1,-0.5859424726518228,0.5893093760914265,0.5825702064623147,2502,2490,2026-06-01 14:14:29.554173,5
4557,19,P02,no,13,6.005769921934643,0.5825702064623147,0.49305600205173933,2502,2503,2026-06-01 14:14:29.558157,5
4558,19,P14,yes,1,-0.4895850074617556,0.49305600205173933,0.4861146822539951,2501,2503,2026-06-01 14:14:29.591802,5
4559,19,P13,no,1,0.517353858804654,0.4861146822539951,0.4791787146272571,2501,2504,2026-06-01 14:14:29.594218,5
5806,20,P24,yes,1,0.48958500746221034,0.4861146822539951,0.49305600205173933,3588,3589,2026-06-01 14:14:29.597855,5
4560,19,P15,no,10,5.552403699374736,0.4791787146272571,0.41069062390857347,2501,2514,2026-06-01 14:14:29.601035,5
3925,18,P19,no,1,0.9579110850058896,0.042651252130942854,0.04153132619455174,1454,1567,2026-06-01 14:14:29.614889,5
2054,9,P09,no,3,1.5520548904983116,0.49305600205173933,0.47225076494548685,1658,1662,2026-06-01 14:14:29.615020,3
598,7,P18,yes,6,4.352749763674183,0.7086608250294356,0.7418402904888368,1115,1077,2026-06-01 14:14:29.620615,3
3926,18,P24,yes,4,0.17527862392466886,0.04153132619455174,0.04618662486055427,1458,1567,2026-06-01 14:14:29.630478,5
599,7,P18,yes,6,4.5441968072893815,0.7418402904888368,0.7724543828071839,1121,1077,2026-06-01 14:14:29.633205,3
4561,19,P20,yes,1,0.41405752734726775,0.41069062390857347,0.41742979353768533,2502,2514,2026-06-01 14:14:29.642765,5
4562,19,P24,yes,7,3.089033686077528,0.41742979353768533,0.46533348664659613,2509,2514,2026-06-01 14:14:29.656988,5
1327,8,P18,no,1,0.3361396707912263,0.6669548851735586,0.6607563687658172,1360,1336,2026-06-01 14:14:29.659182,3
600,7,P20,yes,3,-2.2950603343526836,0.7724543828071839,0.7574755792628283,1118,1077,2026-06-01 14:14:29.686048,3
5807,20,P03,yes,15,-6.621804259342753,0.49305600205173933,0.3906824581564393,3573,3589,2026-06-01 14:14:29.718017,5
5808,20,P21,yes,2,0.7946419715817683,0.3906824581564393,0.4039848066734832,3575,3589,2026-06-01 14:14:29.746654,5
601,7,P09,no,6,-1.365938571046172,0.7574755792628283,0.7867684891624728,1118,1071,2026-06-01 14:14:29.747798,3
5809,20,P12,no,1,-0.5926651615218361,0.4039848066734832,0.41069062390857347,3575,3588,2026-06-01 14:14:29.761487,5
602,7,P01,yes,12,-9.084460189161291,0.7867684891624728,0.7255622121589215,1106,1071,2026-06-01 14:14:29.764930,3
5810,20,P03,no,1,0.5926651615218361,0.41069062390857347,0.4039848066734832,3575,3589,2026-06-01 14:14:29.794623,5
603,7,P18,yes,1,0.7283162051157888,0.7255622121589215,0.7310585786300049,1107,1071,2026-06-01 14:14:29.808307,3
1328,8,P10,no,1,-0.3361396707912263,0.6607563687658172,0.6669548851735586,1360,1335,2026-06-01 14:14:29.819184,3
5811,20,P03,no,1,0.5993533336923065,0.4039848066734832,0.3973146620215083,3575,3590,2026-06-01 14:14:29.826597,5
4563,19,P24,yes,3,1.4271512283953598,0.46533348664659613,0.4861146822539951,2512,2514,2026-06-01 14:14:29.826632,5
5812,20,P20,no,5,-2.9295515518915636,0.3973146620215083,0.4309986674318095,3575,3585,2026-06-01 14:14:29.826999,5
5813,20,P23,yes,1,0.4344090108452292,0.4309986674318095,0.4378234991142019,3576,3585,2026-06-01 14:14:29.838981,5
1329,8,P18,no,1,-0.32996963429854986,0.6669548851735586,0.6730961777222321,1360,1334,2026-06-01 14:14:29.870976,3
5814,20,P08,no,2,-1.1106490829483846,0.4378234991142019,0.4515414720267231,3576,3583,2026-06-01 14:14:29.874394,5
4564,19,P20,yes,2,-0.9583601020399328,0.4861146822539951,0.47225076494548685,2510,2514,2026-06-01 14:14:29.919582,5
6512,21,P19,yes,10,-0.780234484976063,0.08839967720705841,0.06842674250359211,4027,4121,2026-06-01 14:14:29.951423,5
5815,20,P17,yes,1,0.4549840588965708,0.4515414720267231,0.45842951678320015,3577,3583,2026-06-01 14:14:30.011153,5
4565,19,P17,no,14,-6.7094153964576435,0.47225076494548685,0.5690013325681905,2510,2500,2026-06-01 14:14:30.041773,5
4566,19,P23,no,1,0.43440901084477446,0.5690013325681905,0.5621765008857981,2510,2501,2026-06-01 14:14:30.042193,5
4567,19,P14,yes,14,-7.193784740742558,0.5621765008857981,0.46533348664659613,2496,2501,2026-06-01 14:14:30.043823,5
5816,20,P12,yes,5,2.378616519166826,0.45842951678320015,0.49305600205173933,3582,3583,2026-06-01 14:14:30.047941,5
4568,19,P09,yes,3,-1.3649694001646822,0.46533348664659613,0.444671944737631,2493,2501,2026-06-01 14:14:30.056424,5
5817,20,P17,yes,1,0.4965278894042058,0.49305600205173933,0.5,3583,3583,2026-06-01 14:14:30.108179,5
3111,11,P09,no,1,-0.3423661268516298,0.6545022492518787,0.6607563687658172,1933,1909,2026-06-01 14:14:30.108883,3
4569,19,P03,no,2,-1.096910883144119,0.444671944737631,0.45842951678320015,2493,2499,2026-06-01 14:14:30.111549,5
4570,19,P11,no,1,0.5450159411034292,0.45842951678320015,0.4515414720267231,2493,2500,2026-06-01 14:14:30.141097,5
6513,21,P19,no,1,0.9324515574608085,0.06842674250359211,0.06667714818800587,4027,4122,2026-06-01 14:14:30.159105,5
2660,10,P18,no,18,4.760412466657044,0.7820712676154848,0.6852009766653157,1808,1780,2026-06-01 14:14:30.170530,3
3112,11,P18,yes,5,3.3804144986888787,0.6607563687658172,0.6911616123625146,1938,1909,2026-06-01 14:14:30.195052,3
2661,10,P17,yes,6,4.216768291397557,0.6852009766653157,0.7199965396446176,1814,1780,2026-06-01 14:14:30.205004,3
3927,18,P22,no,12,11.525558743442616,0.04618662486055427,0.03353319492319511,1458,1579,2026-06-01 14:14:30.216619,5
2662,10,P11,yes,6,4.418271922327676,0.7199965396446176,0.7523361988609284,1820,1780,2026-06-01 14:14:30.219333,3
3113,11,P09,no,1,-0.30588425173186806,0.6911616123625146,0.6970592839654074,1938,1908,2026-06-01 14:14:30.269539,3
4571,19,P21,no,8,4.605791623994264,0.4515414720267231,0.3973146620215083,2493,2508,2026-06-01 14:14:30.338472,5
2663,10,P09,no,2,-0.4850731715641814,0.7523361988609284,0.7625419716560975,1820,1778,2026-06-01 14:14:30.346031,3
1330,8,P09,yes,1,-0.6700303657014501,0.6730961777222321,0.6669548851735586,1359,1334,2026-06-01 14:14:30.351351,3
4572,19,P01,yes,4,1.6428514201097641,0.3973146620215083,0.4241999463841996,2497,2508,2026-06-01 14:14:30.354693,5
2664,10,P18,no,1,0.23998512580624265,0.7625419716560975,0.7574755792628283,1820,1779,2026-06-01 14:14:30.367351,3
4573,19,P19,no,10,-5.415042466041086,0.4241999463841996,0.49305600205173933,2497,2498,2026-06-01 14:14:30.377376,5
6514,21,P03,yes,1,-0.06581972549884085,0.06667714818800587,0.06496916912866407,4026,4122,2026-06-01 14:14:30.394018,5
3114,11,P20,no,10,3.3328319062222818,0.6970592839654074,0.6354235592583607,1938,1918,2026-06-01 14:14:30.400313,3
4574,19,P09,no,1,0.5104149925382444,0.49305600205173933,0.4861146822539951,2497,2499,2026-06-01 14:14:30.494915,5
5818,20,P15,no,12,6.497702188660696,0.5,0.41742979353768533,3583,3595,2026-06-01 14:14:30.517380,5
5819,20,P10,no,1,-0.5791876120238157,0.41742979353768533,0.4241999463841996,3583,3594,2026-06-01 14:14:30.527888,5
5820,20,P13,no,2,-1.1379939611565533,0.4241999463841996,0.4378234991142019,3583,3592,2026-06-01 14:14:30.531315,5
5821,20,P24,yes,1,0.44124585909275993,0.4378234991142019,0.444671944737631,3584,3592,2026-06-01 14:14:30.543000,5
4575,19,P03,yes,2,0.9861128968664161,0.4861146822539951,0.5,2499,2499,2026-06-01 14:14:30.550784,5
4576,19,P01,no,4,2.0555270010931963,0.5,0.47225076494548685,2499,2503,2026-06-01 14:14:30.551743,5
4577,19,P04,no,11,6.22013615543392,0.47225076494548685,0.3973146620215083,2499,2514,2026-06-01 14:14:30.567795,5
3115,11,P09,no,1,-0.3613670834831737,0.6354235592583607,0.6418340450887311,1938,1917,2026-06-01 14:14:30.572306,3
5822,20,P24,yes,1,-0.44124585909275993,0.444671944737631,0.4378234991142019,3583,3592,2026-06-01 14:14:30.584535,5
604,7,P09,yes,1,0.7337775846074237,0.7310585786300049,0.736484844941675,1108,1071,2026-06-01 14:14:30.594209,3
6515,21,P03,yes,1,-0.0641322072060575,0.06496916912866407,0.0633019736959414,4025,4122,2026-06-01 14:14:30.613090,5
4578,19,P18,no,1,-0.5993533336927612,0.3973146620215083,0.4039848066734832,2499,2513,2026-06-01 14:14:30.617052,5
5823,20,P17,yes,3,1.344334975948641,0.4378234991142019,0.45842951678320015,3586,3592,2026-06-01 14:14:30.659577,5
3928,18,P03,yes,5,0.17941989597488828,0.03353319492319511,0.03833797212535963,1463,1579,2026-06-01 14:14:30.668548,5
2055,9,P18,yes,1,-0.4687911263558817,0.47225076494548685,0.46533348664659613,1657,1662,2026-06-01 14:14:30.687457,3
4579,19,P14,yes,1,0.4073348384781639,0.4039848066734832,0.41069062390857347,2500,2513,2026-06-01 14:14:30.697733,5
3116,11,P09,yes,1,0.6450184025502494,0.6418340450887311,0.6481942198637447,1939,1917,2026-06-01 14:14:30.704980,3
4580,19,P23,yes,1,0.41405752734817725,0.41069062390857347,0.41742979353768533,2501,2513,2026-06-01 14:14:30.714659,5
2665,10,P09,no,4,-0.9300563773142585,0.7574755792628283,0.7772998611746911,1820,1775,2026-06-01 14:14:30.724242,3
5824,20,P12,no,1,-0.5381197166907441,0.45842951678320015,0.46533348664659613,3586,3591,2026-06-01 14:14:30.806177,5
5825,20,P17,no,3,-1.5728487716041855,0.46533348664659613,0.4861146822539951,3586,3588,2026-06-01 14:14:30.826661,5
2666,10,P09,yes,1,0.7796917426899199,0.7772998611746911,0.7820712676154848,1821,1775,2026-06-01 14:14:30.834207,3
4581,19,P17,yes,1,0.4208123879757295,0.41742979353768533,0.4241999463841996,2502,2513,2026-06-01 14:14:30.903212,5
4582,19,P24,no,1,-0.5724029720013277,0.4241999463841996,0.4309986674318095,2502,2512,2026-06-01 14:14:31.070529,5
4583,19,P03,yes,1,0.43440901084477446,0.4309986674318095,0.4378234991142019,2503,2512,2026-06-01 14:14:31.103486,5
5826,20,P17,no,1,0.517353858804654,0.4861146822539951,0.4791787146272571,3586,3589,2026-06-01 14:14:31.103915,5
2667,10,P02,no,2,0.4454249689770222,0.7820712676154848,0.7724543828071839,1821,1777,2026-06-01 14:14:31.106261,3
3117,11,P09,no,1,0.3549815974499779,0.6481942198637447,0.6418340450887311,1939,1918,2026-06-01 14:14:31.202001,3
5827,20,P09,no,1,0.5242860391554132,0.4791787146272571,0.47225076494548685,3586,3590,2026-06-01 14:14:31.214614,5
3118,11,P09,yes,14,-8.340148163680624,0.6418340450887311,0.548458527973277,1925,1918,2026-06-01 14:14:31.279106,3
3119,11,P23,yes,8,4.605791623994946,0.548458527973277,0.6026853379784917,1933,1918,2026-06-01 14:14:31.322841,3
4584,19,P19,yes,1,0.44124585909275993,0.4378234991142019,0.444671944737631,2504,2512,2026-06-01 14:14:31.353449,5
3120,11,P19,yes,4,2.4635255580669764,0.6026853379784917,0.6289646649499733,1937,1918,2026-06-01 14:14:31.370686,3
3929,18,P09,no,1,-0.9611455664582991,0.03833797212535963,0.039375324260408275,1463,1578,2026-06-01 14:14:31.373443,5
4585,19,P21,no,7,4.053896681954029,0.444671944737631,0.3973146620215083,2504,2519,2026-06-01 14:14:31.412254,5
4586,19,P17,no,1,0.6060046947259252,0.3973146620215083,0.3906824581564393,2504,2520,2026-06-01 14:14:31.417353,5
4587,19,P23,yes,5,2.036846725383839,0.3906824581564393,0.4241999463841996,2509,2520,2026-06-01 14:14:31.437774,5
4588,19,P19,yes,4,1.7513569558959716,0.4241999463841996,0.4515414720267231,2513,2520,2026-06-01 14:14:31.466128,5
4589,19,P03,no,15,-7.44810505795931,0.4515414720267231,0.555328055262369,2513,2505,2026-06-01 14:14:31.519274,5
4590,19,P15,no,2,0.903089116855881,0.555328055262369,0.5415704832167999,2513,2507,2026-06-01 14:14:31.538291,5
1331,8,P09,no,1,-0.32996963429854986,0.6669548851735586,0.6730961777222321,1359,1333,2026-06-01 14:14:31.538599,3
605,7,P09,yes,5,-3.61358126612663,0.736484844941675,0.7086608250294356,1103,1071,2026-06-01 14:14:31.542183,3
4591,19,P15,no,1,0.46188028330880115,0.5415704832167999,0.534666513353404,2513,2508,2026-06-01 14:14:31.542798,5
2056,9,P09,yes,1,0.4687911263558817,0.46533348664659613,0.47225076494548685,1658,1662,2026-06-01 14:14:31.554420,3
4592,19,P10,no,2,0.9445050872004686,0.534666513353404,0.520821285372743,2513,2510,2026-06-01 14:14:31.610496,5
5828,20,P03,no,1,0.5312088736441183,0.47225076494548685,0.46533348664659613,3586,3591,2026-06-01 14:14:31.653858,5
4593,19,P15,no,1,0.482646141195346,0.520821285372743,0.5138853177460049,2513,2511,2026-06-01 14:14:31.666660,5
4594,19,P04,no,1,0.48958500746130085,0.5138853177460049,0.5069439979482607,2513,2512,2026-06-01 14:14:31.693431,5
4595,19,P13,no,13,6.994230078065357,0.5069439979482607,0.41742979353768533,2513,2525,2026-06-01 14:14:31.714775,5
1332,8,P18,no,8,-2.424894392406941,0.6730961777222321,0.7199965396446176,1359,1325,2026-06-01 14:14:31.726559,3
1333,8,P23,no,3,0.8655153597535445,0.7199965396446176,0.702892745013669,1359,1328,2026-06-01 14:14:31.729641,3
5829,20,P17,yes,10,-4.311072718211108,0.46533348664659613,0.3973146620215083,3576,3591,2026-06-01 14:14:31.742858,5
5830,20,P24,no,14,9.068775968678437,0.3973146620215083,0.30883838763748533,3576,3605,2026-06-01 14:14:31.744013,5
2057,9,P18,yes,6,-2.7094153964580983,0.47225076494548685,0.4309986674318095,1652,1662,2026-06-01 14:14:31.748571,3
1334,8,P09,yes,1,-0.6999814153002717,0.702892745013669,0.6970592839654074,1358,1328,2026-06-01 14:14:31.749037,3
5831,20,P23,yes,1,0.31181351241730226,0.30883838763748533,0.3147990233346844,3577,3605,2026-06-01 14:14:31.752464,5
5832,20,P04,yes,8,2.7151341420726567,0.3147990233346844,0.36457644074163925,3585,3605,2026-06-01 14:14:31.752680,5
1335,8,P18,yes,1,0.6999814153002717,0.6970592839654074,0.702892745013669,1359,1328,2026-06-01 14:14:31.787652,3
1336,8,P09,yes,1,-0.6999814153002717,0.702892745013669,0.6970592839654074,1358,1328,2026-06-01 14:14:31.798572,3
606,7,P18,no,1,-0.2884827895068156,0.7086608250294356,0.7143624294910559,1103,1070,2026-06-01 14:14:31.832750,3
5833,20,P24,yes,15,6.215349095042711,0.36457644074163925,0.46533348664659613,3600,3605,2026-06-01 14:14:31.836958,5
3121,11,P09,no,1,0.37428421573167725,0.6289646649499733,0.6224593312018546,1937,1919,2026-06-01 14:14:31.856989,3
4596,19,P17,yes,2,0.8484094159753113,0.41742979353768533,0.4309986674318095,2515,2525,2026-06-01 14:14:31.876239,5
6516,21,P19,yes,1,-0.06248506025985989,0.0633019736959414,0.06167473878348325,4024,4122,2026-06-01 14:14:31.881071,5
4597,19,P17,yes,3,1.3237599278968446,0.4309986674318095,0.4515414720267231,2518,2525,2026-06-01 14:14:31.895651,5
2668,10,P09,no,2,0.4649545398410737,0.7724543828071839,0.7625419716560975,1821,1779,2026-06-01 14:14:31.899156,3
2058,9,P18,no,2,1.151590584024916,0.4309986674318095,0.41742979353768533,1652,1664,2026-06-01 14:14:31.903072,3
2059,9,P13,yes,1,0.42081238797641163,0.41742979353768533,0.4241999463841996,1653,1664,2026-06-01 14:14:31.932033,3
4598,19,P03,yes,2,0.9168643422053719,0.4515414720267231,0.46533348664659613,2520,2525,2026-06-01 14:14:31.958832,5
4599,19,P17,no,1,0.5381197166911988,0.46533348664659613,0.45842951678320015,2520,2526,2026-06-01 14:14:31.966735,5
4600,19,P21,no,1,0.5450159411034292,0.45842951678320015,0.4515414720267231,2520,2527,2026-06-01 14:14:31.970092,5
607,7,P09,yes,4,2.9020640556334456,0.7143624294910559,0.736484844941675,1107,1070,2026-06-01 14:14:31.970235,3
1337,8,P09,yes,14,-9.156887022220417,0.6970592839654074,0.6093175418435606,1344,1328,2026-06-01 14:14:31.987224,3
2060,9,P01,yes,9,4.095372526496703,0.4241999463841996,0.4861146822539951,1662,1664,2026-06-01 14:14:31.994078,3
608,7,P18,no,1,0.2662224153925763,0.736484844941675,0.7310585786300049,1107,1071,2026-06-01 14:14:32.009666,3
1338,8,P17,yes,1,0.6126170036004623,0.6093175418435606,0.6159095915435134,1345,1328,2026-06-01 14:14:32.019192,3
609,7,P18,no,12,-2.854769847864418,0.7310585786300049,0.791391472673955,1107,1059,2026-06-01 14:14:32.021442,3
2669,10,P18,yes,1,0.7650446160455431,0.7625419716560975,0.7675350070438758,1822,1779,2026-06-01 14:14:32.031024,3
610,7,P20,no,1,0.2109138319099202,0.791391472673955,0.7867684891624728,1107,1060,2026-06-01 14:14:32.031287,3
611,7,P19,no,9,2.116802098109474,0.7867684891624728,0.7418402904888368,1107,1069,2026-06-01 14:14:32.037854,3
5834,20,P17,no,1,0.5381197166911988,0.46533348664659613,0.45842951678320015,3600,3606,2026-06-01 14:14:32.073186,5
4601,19,P03,yes,13,6.454984058896116,0.4515414720267231,0.5415704832167999,2533,2527,2026-06-01 14:14:32.073243,5
1339,8,P09,yes,10,6.4797728651249145,0.6159095915435134,0.679178699175393,1355,1328,2026-06-01 14:14:32.073742,3
3122,11,P09,yes,1,0.6257157842683227,0.6224593312018546,0.6289646649499733,1938,1919,2026-06-01 14:14:32.078427,3
2061,9,P09,no,1,-0.5104149925382444,0.4861146822539951,0.49305600205173933,1662,1663,2026-06-01 14:14:32.082119,3
612,7,P09,no,1,0.26083150245244724,0.7418402904888368,0.736484844941675,1107,1070,2026-06-01 14:14:32.094469,3
4602,19,P01,no,2,0.9306714096651376,0.5415704832167999,0.5277492350545132,2533,2529,2026-06-01 14:14:32.138490,5
1340,8,P18,no,1,-0.31780508235556226,0.679178699175393,0.6852009766653157,1355,1327,2026-06-01 14:14:32.146504,3
4603,19,P17,no,13,6.724993614386676,0.5277492350545132,0.4378234991142019,2533,2542,2026-06-01 14:14:32.157112,5
4604,19,P09,yes,20,10.137993961156099,0.4378234991142019,0.5758000536158003,2553,2542,2026-06-01 14:14:32.158634,5
4605,19,P09,yes,4,2.357148579890236,0.5758000536158003,0.6026853379784917,2557,2542,2026-06-01 14:14:32.158635,5
4606,19,P08,no,1,0.4006466663072388,0.6026853379784917,0.5960151933265168,2557,2543,2026-06-01 14:14:32.171089,5
613,7,P18,yes,1,0.7391684975475528,0.736484844941675,0.7418402904888368,1108,1070,2026-06-01 14:14:32.171718,3
4607,19,P11,no,4,1.6698017818011976,0.5960151933265168,0.5690013325681905,2557,2547,2026-06-01 14:14:32.213798,5
1341,8,P09,yes,2,1.3823022358506023,0.6852009766653157,0.6970592839654074,1357,1327,2026-06-01 14:14:32.227417,3
5835,20,P09,no,7,3.958789069883551,0.45842951678320015,0.41069062390857347,3600,3613,2026-06-01 14:14:32.232715,5
4608,19,P03,no,14,-5.382086978118878,0.5690013325681905,0.6607563687658172,2557,2533,2026-06-01 14:14:32.249248,5
5836,20,P14,yes,10,4.447596300626174,0.41069062390857347,0.4791787146272571,3610,3613,2026-06-01 14:14:32.254299,5
4609,19,P24,no,1,0.3423661268516298,0.6607563687658172,0.6545022492518787,2557,2534,2026-06-01 14:14:32.286321,5
4610,19,P20,no,14,5.474129862112022,0.6545022492518787,0.5621765008857981,2557,2548,2026-06-01 14:14:32.303305,5
5837,20,P03,yes,10,-4.447596300626174,0.4791787146272571,0.41069062390857347,3600,3613,2026-06-01 14:14:32.309874,5
3123,11,P18,no,4,1.5364744419327963,0.6289646649499733,0.6026853379784917,1938,1923,2026-06-01 14:14:32.311930,3
3124,11,P18,no,6,-2.2656434603143225,0.6026853379784917,0.6418340450887311,1938,1917,2026-06-01 14:14:32.334811,3
4611,19,P18,no,2,0.8893509170520701,0.5621765008857981,0.548458527973277,2557,2550,2026-06-01 14:14:32.337005,5
4612,19,P20,yes,1,-0.5450159411034292,0.548458527973277,0.5415704832167999,2556,2550,2026-06-01 14:14:32.343477,5
5838,20,P12,yes,1,0.4140575273477225,0.41069062390857347,0.41742979353768533,3601,3613,2026-06-01 14:14:32.349279,5
2062,9,P18,no,2,1.0277688513431258,0.49305600205173933,0.4791787146272571,1662,1665,2026-06-01 14:14:32.353257,3
4613,19,P03,yes,1,0.5450159411034292,0.5415704832167999,0.548458527973277,2557,2550,2026-06-01 14:14:32.358374,5
4614,19,P03,yes,1,0.5518949420411445,0.548458527973277,0.555328055262369,2558,2550,2026-06-01 14:14:32.378909,5
5839,20,P01,yes,4,1.7240642859128457,0.41742979353768533,0.444671944737631,3605,3613,2026-06-01 14:14:32.382253,5
4615,19,P24,yes,1,-0.5518949420411445,0.555328055262369,0.548458527973277,2557,2550,2026-06-01 14:14:32.386420,5
3125,11,P18,yes,1,0.6450184025502494,0.6418340450887311,0.6481942198637447,1939,1917,2026-06-01 14:14:32.413997,3
5840,20,P17,yes,1,-0.44124585909275993,0.444671944737631,0.4378234991142019,3604,3613,2026-06-01 14:14:32.425827,5
4616,19,P20,no,1,0.4549840588965708,0.548458527973277,0.5415704832167999,2557,2551,2026-06-01 14:14:32.446417,5
4617,19,P11,no,12,6.0,0.5415704832167999,0.45842951678320015,2557,2563,2026-06-01 14:14:32.449582,5
2063,9,P09,yes,1,0.4826461411951186,0.4791787146272571,0.4861146822539951,1663,1665,2026-06-01 14:14:32.534611,3
4618,19,P19,yes,1,0.4618802833092559,0.45842951678320015,0.46533348664659613,2558,2563,2026-06-01 14:14:32.548576,5
4619,19,P09,yes,4,1.9167362358575701,0.46533348664659613,0.49305600205173933,2562,2563,2026-06-01 14:14:32.570817,5
4620,19,P02,no,2,1.0277688513428984,0.49305600205173933,0.4791787146272571,2562,2565,2026-06-01 14:14:32.586638,5
2064,9,P09,no,5,-2.4826461411951186,0.4861146822539951,0.520821285372743,1663,1660,2026-06-01 14:14:32.624089,3
5841,20,P20,yes,5,2.275006385613324,0.4378234991142019,0.47225076494548685,3609,3613,2026-06-01 14:14:32.633642,5
2065,9,P11,no,9,4.593614629490503,0.520821285372743,0.45842951678320015,1663,1669,2026-06-01 14:14:32.671579,3
2670,10,P02,no,1,-0.2299991558866168,0.7675350070438758,0.7724543828071839,1822,1778,2026-06-01 14:14:32.709348,3
614,7,P18,yes,3,-2.2012622872707652,0.7418402904888368,0.7255622121589215,1105,1070,2026-06-01 14:14:32.772360,3
5842,20,P03,no,16,9.315859778601862,0.47225076494548685,0.36457644074163925,3609,3629,2026-06-01 14:14:32.775995,5
5843,20,P11,no,1,-0.6321980651018748,0.36457644074163925,0.3710353350500268,3609,3628,2026-06-01 14:14:32.796290,5
2066,9,P18,yes,7,-3.041210930116222,0.45842951678320015,0.41069062390857347,1656,1669,2026-06-01 14:14:32.806020,3
615,7,P09,no,2,0.5600297340899942,0.7255622121589215,0.7143624294910559,1105,1072,2026-06-01 14:14:32.821277,3
2067,9,P12,yes,13,5.916355338687481,0.41069062390857347,0.5,1669,1669,2026-06-01 14:14:32.822590,3
5844,20,P10,no,3,-1.8575208633410512,0.3710353350500268,0.3906824581564393,3609,3625,2026-06-01 14:14:32.823614,5
616,7,P18,yes,4,-2.8113966542669004,0.7143624294910559,0.6911616123625146,1101,1072,2026-06-01 14:14:32.867917,3
617,7,P19,no,1,-0.30588425173209544,0.6911616123625146,0.6970592839654074,1101,1071,2026-06-01 14:14:32.896163,3
5845,20,P08,yes,9,3.7882036812798106,0.3906824581564393,0.4515414720267231,3618,3625,2026-06-01 14:14:32.898339,5
3126,11,P09,yes,3,1.972846856962633,0.6481942198637447,0.6669548851735586,1942,1917,2026-06-01 14:14:32.922762,3
6517,21,P24,yes,1,0.06248506025985989,0.06167473878348325,0.0633019736959414,4025,4122,2026-06-01 14:14:32.929902,5
618,7,P22,no,7,-1.980655038367786,0.6970592839654074,0.736484844941675,1101,1064,2026-06-01 14:14:32.969944,3
2671,10,P02,no,1,-0.22511671166694214,0.7724543828071839,0.7772998611746911,1822,1777,2026-06-01 14:14:32.972857,3
2068,9,P12,no,1,0.5034721105948847,0.5,0.49305600205173933,1669,1670,2026-06-01 14:14:33.001636,3
3930,18,P24,yes,1,0.03990517766078483,0.039375324260408275,0.04043956481800324,1464,1578,2026-06-01 14:14:33.101473,5
1342,8,P09,no,7,2.2678358798948466,0.6970592839654074,0.6545022492518787,1357,1334,2026-06-01 14:14:33.112642,3
4621,19,P17,no,5,2.6905255126348493,0.4791787146272571,0.444671944737631,2562,2570,2026-06-01 14:14:33.188533,5
4622,19,P03,yes,9,4.2817056360217975,0.444671944737631,0.5069439979482607,2571,2570,2026-06-01 14:14:33.191244,5
4623,19,P15,no,1,0.4965278894051153,0.5069439979482607,0.5,2571,2571,2026-06-01 14:14:33.201789,5
619,7,P18,yes,5,3.748319844678008,0.736484844941675,0.7625419716560975,1106,1064,2026-06-01 14:14:33.271432,3
2069,9,P18,no,1,0.5104149925386992,0.49305600205173933,0.4861146822539951,1669,1671,2026-06-01 14:14:33.282649,3
5846,20,P24,no,1,0.5518949420406898,0.4515414720267231,0.444671944737631,3618,3626,2026-06-01 14:14:33.308002,5
4624,19,P21,yes,1,-0.4965278894051153,0.5,0.49305600205173933,2570,2571,2026-06-01 14:14:33.311863,5
620,7,P18,yes,1,0.7650446160455431,0.7625419716560975,0.7675350070438758,1107,1064,2026-06-01 14:14:33.318240,3
4625,19,P15,yes,3,-1.4479451095012337,0.49305600205173933,0.47225076494548685,2567,2571,2026-06-01 14:14:33.352089,5
621,7,P11,yes,3,-2.2799714444813617,0.7675350070438758,0.7523361988609284,1104,1064,2026-06-01 14:14:33.371445,3
4626,19,P19,yes,6,2.958360102039933,0.47225076494548685,0.5138853177460049,2573,2571,2026-06-01 14:14:33.387971,5
4627,19,P12,no,1,0.48958500746130085,0.5138853177460049,0.5069439979482607,2573,2572,2026-06-01 14:14:33.390771,5
1343,8,P09,no,1,0.3486473453945109,0.6545022492518787,0.6481942198637447,1357,1335,2026-06-01 14:14:33.397656,3
4628,19,P13,yes,6,-2.9167362358571154,0.5069439979482607,0.46533348664659613,2567,2572,2026-06-01 14:14:33.405707,5
5847,20,P24,yes,2,-0.8756548699375344,0.444671944737631,0.4309986674318095,3616,3626,2026-06-01 14:14:33.441375,5
4629,19,P15,yes,1,0.46879112635542697,0.46533348664659613,0.47225076494548685,2568,2572,2026-06-01 14:14:33.457278,5
5848,20,P02,no,11,-5.842639494040213,0.4309986674318095,0.5069439979482607,3616,3615,2026-06-01 14:14:33.480203,5
5849,20,P18,no,10,5.277048504884988,0.5069439979482607,0.4378234991142019,3616,3625,2026-06-01 14:14:33.495729,5
6518,21,P03,yes,6,-0.35155936221781303,0.0633019736959414,0.05410980348435149,4019,4122,2026-06-01 14:14:33.535815,5
4630,19,P15,no,3,1.6143445314387463,0.47225076494548685,0.4515414720267231,2568,2575,2026-06-01 14:14:33.562738,5
4631,19,P03,no,3,-1.6143445314387463,0.4515414720267231,0.47225076494548685,2568,2572,2026-06-01 14:14:33.574986,5
4632,19,P03,no,3,-1.5520548904983116,0.47225076494548685,0.49305600205173933,2568,2569,2026-06-01 14:14:33.577868,5
622,7,P09,yes,1,0.7549119542418339,0.7523361988609284,0.7574755792628283,1105,1064,2026-06-01 14:14:33.580788,3
4633,19,P02,no,13,7.172837712239016,0.49305600205173933,0.4039848066734832,2568,2582,2026-06-01 14:14:33.591038,5
3127,11,P09,yes,5,3.4106699177480095,0.6669548851735586,0.6970592839654074,1947,1917,2026-06-01 14:14:33.600432,3
3128,11,P09,no,2,0.6176977641491703,0.6970592839654074,0.6852009766653157,1947,1919,2026-06-01 14:14:33.603554,3
3129,11,P18,yes,1,-0.6821949176442104,0.6852009766653157,0.679178699175393,1946,1919,2026-06-01 14:14:33.605567,3
5850,20,P24,no,4,2.3031240458321918,0.4378234991142019,0.41069062390857347,3616,3629,2026-06-01 14:14:33.650226,5
5851,20,P11,yes,5,2.138121813260568,0.41069062390857347,0.444671944737631,3621,3629,2026-06-01 14:14:33.673691,5
2672,10,P09,no,1,-0.22030825731008008,0.7772998611746911,0.7820712676154848,1822,1776,2026-06-01 14:14:33.674832,3
4634,19,P08,yes,1,0.4073348384786186,0.4039848066734832,0.41069062390857347,2569,2582,2026-06-01 14:14:33.718867,5
623,7,P18,no,1,-0.23998512580601528,0.7574755792628283,0.7625419716560975,1105,1063,2026-06-01 14:14:33.739545,3
5852,20,P09,yes,1,0.4481050579593102,0.444671944737631,0.4515414720267231,3622,3629,2026-06-01 14:14:33.761869,5
4635,19,P24,yes,8,3.5030912134252503,0.41069062390857347,0.46533348664659613,2577,2582,2026-06-01 14:14:33.773945,5
3130,11,P09,no,1,0.32385760144848064,0.679178699175393,0.6730961777222321,1946,1920,2026-06-01 14:14:33.786730,3
4636,19,P19,no,1,-0.531208873644573,0.46533348664659613,0.47225076494548685,2577,2581,2026-06-01 14:14:33.838368,5
4637,19,P19,yes,2,0.9583601020399328,0.47225076494548685,0.4861146822539951,2579,2581,2026-06-01 14:14:33.877142,5
4638,19,P15,yes,1,-0.48264614119489124,0.4861146822539951,0.4791787146272571,2578,2581,2026-06-01 14:14:33.902238,5
5853,20,P15,no,10,5.824413322320652,0.4515414720267231,0.3840904084564866,3622,3639,2026-06-01 14:14:33.918232,5
5854,20,P21,yes,1,0.38738299639953766,0.3840904084564866,0.3906824581564393,3623,3639,2026-06-01 14:14:33.928971,5
5855,20,P01,yes,1,0.39399530527452953,0.3906824581564393,0.3973146620215083,3624,3639,2026-06-01 14:14:34.000086,5
624,7,P18,yes,2,1.5350454601589263,0.7625419716560975,0.7724543828071839,1107,1063,2026-06-01 14:14:34.001847,3
5856,20,P13,yes,1,0.400646666306784,0.3973146620215083,0.4039848066734832,3625,3639,2026-06-01 14:14:34.021623,5
4639,19,P19,no,2,-1.0277688513428984,0.4791787146272571,0.49305600205173933,2578,2579,2026-06-01 14:14:34.024975,5
5857,20,P01,yes,3,1.2422047538025254,0.4039848066734832,0.4241999463841996,3628,3639,2026-06-01 14:14:34.046535,5
1344,8,P09,yes,1,0.6513526546057165,0.6481942198637447,0.6545022492518787,1358,1335,2026-06-01 14:14:34.054102,3
4640,19,P17,no,1,0.5104149925382444,0.49305600205173933,0.4861146822539951,2578,2580,2026-06-01 14:14:34.069787,5
5858,20,P03,yes,5,-2.036846725383839,0.4241999463841996,0.3906824581564393,3623,3639,2026-06-01 14:14:34.072857,5
5859,20,P03,no,3,1.857520863341506,0.3906824581564393,0.3710353350500268,3623,3642,2026-06-01 14:14:34.155178,5
4641,19,P03,yes,6,3.0416398979596124,0.4861146822539951,0.5277492350545132,2584,2580,2026-06-01 14:14:34.241623,5
4642,19,P10,no,1,0.4757139608450416,0.5277492350545132,0.520821285372743,2584,2581,2026-06-01 14:14:34.253237,5
3131,11,P18,yes,2,1.3583373161957297,0.6730961777222321,0.6852009766653157,1948,1920,2026-06-01 14:14:34.258300,3
5860,20,P14,yes,6,2.3444559467184263,0.3710353350500268,0.41069062390857347,3629,3642,2026-06-01 14:14:34.261738,5
4643,19,P21,no,1,0.482646141195346,0.520821285372743,0.5138853177460049,2584,2582,2026-06-01 14:14:34.286409,5
4644,19,P14,no,7,3.5728487716037307,0.5138853177460049,0.46533348664659613,2584,2589,2026-06-01 14:14:34.289397,5
625,7,P12,yes,1,-0.7700008441133832,0.7724543828071839,0.7675350070438758,1106,1063,2026-06-01 14:14:34.309739,3
2070,9,P18,yes,4,1.9999999999997726,0.4861146822539951,0.5138853177460049,1673,1671,2026-06-01 14:14:34.320534,3
5861,20,P20,yes,1,0.4140575273477225,0.41069062390857347,0.41742979353768533,3630,3642,2026-06-01 14:14:34.338943,5
2071,9,P09,no,3,1.4895850074617556,0.5138853177460049,0.49305600205173933,1673,1674,2026-06-01 14:14:34.349813,3
4645,19,P09,yes,19,10.08957394809704,0.46533348664659613,0.5960151933265168,2603,2589,2026-06-01 14:14:34.395325,5
4646,19,P03,no,16,-5.6377549493613515,0.5960151933265168,0.6970592839654074,2603,2573,2026-06-01 14:14:34.404687,5
4647,19,P12,no,1,0.30588425173209544,0.6970592839654074,0.6911616123625146,2603,2574,2026-06-01 14:14:34.413606,5
4648,19,P12,no,2,0.6296185947730919,0.6911616123625146,0.679178699175393,2603,2576,2026-06-01 14:14:34.416370,5
4649,19,P07,no,10,3.520227134874858,0.679178699175393,0.6159095915435134,2603,2586,2026-06-01 14:14:34.496661,5
4650,19,P17,yes,1,0.6191880754722661,0.6159095915435134,0.6224593312018546,2604,2586,2026-06-01 14:14:34.501739,5
4651,19,P10,no,1,0.38081192452773394,0.6224593312018546,0.6159095915435134,2604,2587,2026-06-01 14:14:34.504303,5
5862,20,P03,yes,14,-5.199786867233797,0.41742979353768533,0.32690382227776793,3616,3642,2026-06-01 14:14:34.514346,5
5863,20,P04,yes,9,3.196369533426605,0.32690382227776793,0.3840904084564866,3625,3642,2026-06-01 14:14:34.524087,5
4652,19,P19,yes,1,0.6191880754722661,0.6159095915435134,0.6224593312018546,2605,2587,2026-06-01 14:14:34.528287,5
4653,19,P21,no,1,0.38081192452773394,0.6224593312018546,0.6159095915435134,2605,2588,2026-06-01 14:14:34.539784,5
4654,19,P04,no,2,0.7813783016736124,0.6159095915435134,0.6026853379784917,2605,2590,2026-06-01 14:14:34.551896,5
4655,19,P19,no,10,-3.64777820080144,0.6026853379784917,0.6669548851735586,2605,2580,2026-06-01 14:14:34.552010,5
4656,19,P04,no,2,0.6785057976430835,0.6669548851735586,0.6545022492518787,2605,2582,2026-06-01 14:14:34.564584,5
4657,19,P12,no,1,0.3486473453945109,0.6545022492518787,0.6481942198637447,2605,2583,2026-06-01 14:14:34.565328,5
5864,20,P17,yes,3,1.1820249679808512,0.3840904084564866,0.4039848066734832,3628,3642,2026-06-01 14:14:34.590891,5
4658,19,P09,no,7,2.6206250577638457,0.6481942198637447,0.6026853379784917,2605,2590,2026-06-01 14:14:34.592189,5
2072,9,P09,no,2,1.0277688513433532,0.49305600205173933,0.4791787146272571,1673,1676,2026-06-01 14:14:34.594451,3
1345,8,P18,yes,3,1.991524568058594,0.6545022492518787,0.6730961777222321,1361,1335,2026-06-01 14:14:34.626325,3
3132,11,P18,no,1,-0.31181351241730226,0.6852009766653157,0.6911616123625146,1948,1919,2026-06-01 14:14:34.634905,3
3133,11,P19,no,5,1.6195855013113487,0.6911616123625146,0.6607563687658172,1948,1924,2026-06-01 14:14:34.640699,3
4659,19,P20,no,10,4.311072718211108,0.6026853379784917,0.534666513353404,2605,2600,2026-06-01 14:14:34.694760,5
4660,19,P24,yes,1,0.5381197166907441,0.534666513353404,0.5415704832167999,2606,2600,2026-06-01 14:14:34.727340,5
5865,20,P12,yes,1,0.4073348384786186,0.4039848066734832,0.41069062390857347,3629,3642,2026-06-01 14:14:34.740561,5
4661,19,P24,yes,1,0.545015941103884,0.5415704832167999,0.548458527973277,2607,2600,2026-06-01 14:14:34.763814,5
4662,19,P11,no,12,5.916864342205372,0.548458527973277,0.46533348664659613,2607,2612,2026-06-01 14:14:34.803773,5
5866,20,P03,no,8,4.926375034899593,0.41069062390857347,0.358165954911269,3629,3650,2026-06-01 14:14:34.819414,5
3134,11,P18,yes,1,0.6638603292087737,0.6607563687658172,0.6669548851735586,1949,1924,2026-06-01 14:14:34.845197,3
626,7,P03,no,5,1.2258040368240017,0.7675350070438758,0.7418402904888368,1106,1068,2026-06-01 14:14:34.854626,3
5867,20,P04,yes,1,0.3613670834829463,0.358165954911269,0.36457644074163925,3630,3650,2026-06-01 14:14:34.872677,5
4663,19,P17,yes,8,3.9445050872004686,0.46533348664659613,0.520821285372743,2615,2612,2026-06-01 14:14:34.879516,5
1346,8,P09,yes,1,0.6761423985515194,0.6730961777222321,0.679178699175393,1362,1335,2026-06-01 14:14:34.902514,3
5868,20,P11,yes,8,3.1263154089651835,0.36457644074163925,0.41742979353768533,3638,3650,2026-06-01 14:14:34.909991,5
1347,8,P18,no,1,-0.31780508235578964,0.679178699175393,0.6852009766653157,1362,1334,2026-06-01 14:14:34.916697,3
2673,10,P18,yes,1,0.7844260635781666,0.7820712676154848,0.7867684891624728,1823,1776,2026-06-01 14:14:34.936225,3
2674,10,P09,yes,12,-9.084460189161064,0.7867684891624728,0.7255622121589215,1811,1776,2026-06-01 14:14:34.938287,3
6519,21,P19,yes,1,-0.05340478145717498,0.05410980348435149,0.05270556608289024,4018,4122,2026-06-01 14:14:34.956952,5
2675,10,P22,no,9,-2.2545409054400807,0.7255622121589215,0.7724543828071839,1811,1767,2026-06-01 14:14:34.968037,3
4664,19,P01,no,1,0.48264614119489124,0.520821285372743,0.5138853177460049,2615,2613,2026-06-01 14:14:34.977749,5
4665,19,P09,no,2,0.9861128968664161,0.5138853177460049,0.5,2615,2615,2026-06-01 14:14:34.980217,5
4666,19,P24,yes,4,2.055527001094106,0.5,0.5277492350545132,2619,2615,2026-06-01 14:14:35.030268,5
4667,19,P03,yes,7,3.8629875755427747,0.5277492350545132,0.5758000536158003,2626,2615,2026-06-01 14:14:35.031820,5
4668,19,P11,no,9,4.095372526496703,0.5758000536158003,0.5138853177460049,2626,2624,2026-06-01 14:14:35.041204,5
2073,9,P09,yes,5,-2.309474487365378,0.4791787146272571,0.444671944737631,1668,1676,2026-06-01 14:14:35.065422,3
1348,8,P18,no,2,0.6416626838044976,0.6852009766653157,0.6730961777222321,1362,1336,2026-06-01 14:14:35.066061,3
1349,8,P09,no,1,-0.323857601448708,0.6730961777222321,0.679178699175393,1362,1335,2026-06-01 14:14:35.067751,3
4669,19,P14,no,1,0.48958500746221034,0.5138853177460049,0.5069439979482607,2626,2625,2026-06-01 14:14:35.074633,5
1350,8,P18,yes,5,-3.31901962121583,0.679178699175393,0.6481942198637447,1357,1335,2026-06-01 14:14:35.119065,3
4670,19,P19,yes,6,3.166399421937058,0.5069439979482607,0.548458527973277,2632,2625,2026-06-01 14:14:35.120730,5
4671,19,P01,no,7,3.3301284674676026,0.548458527973277,0.5,2632,2632,2026-06-01 14:14:35.167924,5
4672,19,P17,yes,1,0.5034721105953395,0.5,0.5069439979482607,2633,2632,2026-06-01 14:14:35.193963,5
627,7,P09,no,1,0.26083150245244724,0.7418402904888368,0.736484844941675,1106,1069,2026-06-01 14:14:35.228039,3
1351,8,P18,no,4,1.4584348315631814,0.6481942198637447,0.6224593312018546,1357,1339,2026-06-01 14:14:35.238023,3
3135,11,P18,yes,1,-0.6638603292087737,0.6669548851735586,0.6607563687658172,1948,1924,2026-06-01 14:14:35.248228,3
5869,20,P02,yes,2,0.8484094159753113,0.41742979353768533,0.4309986674318095,3640,3650,2026-06-01 14:14:35.249947,5
4673,19,P12,yes,10,5.415042466041086,0.5069439979482607,0.5758000536158003,2643,2632,2026-06-01 14:14:35.263337,5
6520,21,P03,no,1,0.9479821612649175,0.05270556608289024,0.05133579311531625,4018,4123,2026-06-01 14:14:35.293855,5
1352,8,P22,no,11,-3.769033805120671,0.6224593312018546,0.6911616123625146,1357,1328,2026-06-01 14:14:35.301186,3
628,7,P18,yes,2,1.4836567572604054,0.736484844941675,0.7471242672706695,1108,1069,2026-06-01 14:14:35.447733,3
4674,19,P20,no,6,2.668221298100889,0.5758000536158003,0.534666513353404,2643,2638,2026-06-01 14:14:35.469475,5
6521,21,P19,yes,1,-0.05066498745964054,0.05133579311531625,0.049999740399933254,4017,4123,2026-06-01 14:14:35.480335,5
2074,9,P11,yes,1,0.44810505795908284,0.444671944737631,0.4515414720267231,1669,1676,2026-06-01 14:14:35.502003,3
4675,19,P02,yes,12,-5.916864342205372,0.534666513353404,0.4515414720267231,2631,2638,2026-06-01 14:14:35.505606,5
4676,19,P06,yes,7,3.3301284674676026,0.4515414720267231,0.5,2638,2638,2026-06-01 14:14:35.524147,5
2676,10,P18,no,3,-0.6609989053986283,0.7724543828071839,0.7867684891624728,1811,1764,2026-06-01 14:14:35.532252,3
4677,19,P03,yes,3,1.5312409619391474,0.5,0.520821285372743,2641,2638,2026-06-01 14:14:35.542577,5
4678,19,P17,no,13,-5.649573110685651,0.520821285372743,0.6093175418435606,2641,2625,2026-06-01 14:14:35.542978,5
4679,19,P10,no,12,5.1738591498406095,0.6093175418435606,0.5277492350545132,2641,2637,2026-06-01 14:14:35.543933,5
4680,19,P13,yes,1,-0.5242860391554132,0.5277492350545132,0.520821285372743,2640,2637,2026-06-01 14:14:35.570106,5
4681,19,P17,yes,6,3.2492796535420894,0.520821285372743,0.5621765008857981,2646,2637,2026-06-01 14:14:35.577965,5
4682,19,P04,no,6,2.7507203464579106,0.5621765008857981,0.520821285372743,2646,2643,2026-06-01 14:14:35.639434,5
4683,19,P12,yes,1,0.5242860391549584,0.520821285372743,0.5277492350545132,2647,2643,2026-06-01 14:14:35.653492,5
3136,11,P18,yes,1,-0.6576338731483702,0.6607563687658172,0.6545022492518787,1947,1924,2026-06-01 14:14:35.659905,3
4684,19,P19,yes,1,0.531208873644573,0.5277492350545132,0.534666513353404,2648,2643,2026-06-01 14:14:35.680425,5
2075,9,P18,no,1,0.5518949420409172,0.4515414720267231,0.444671944737631,1669,1677,2026-06-01 14:14:35.703720,3
5870,20,P03,yes,1,-0.427597027999127,0.4309986674318095,0.4241999463841996,3639,3650,2026-06-01 14:14:35.707049,5
2677,10,P18,no,1,-0.2109138319099202,0.7867684891624728,0.791391472673955,1811,1763,2026-06-01 14:14:35.707543,3
6522,21,P19,yes,12,-0.5138914404406023,0.049999740399933254,0.03634146014678239,4005,4123,2026-06-01 14:14:35.743669,5
4685,19,P23,no,1,0.4687911263558817,0.534666513353404,0.5277492350545132,2648,2644,2026-06-01 14:14:35.787049,5
4686,19,P17,no,2,0.9583601020399328,0.5277492350545132,0.5138853177460049,2648,2646,2026-06-01 14:14:35.834615,5
4687,19,P23,no,1,0.48958500746130085,0.5138853177460049,0.5069439979482607,2648,2647,2026-06-01 14:14:35.839568,5
4688,19,P15,no,1,0.4965278894051153,0.5069439979482607,0.5,2648,2648,2026-06-01 14:14:35.876951,5
2076,9,P18,no,2,1.1243451300622382,0.444671944737631,0.4309986674318095,1669,1679,2026-06-01 14:14:35.880035,3
2077,9,P20,yes,5,2.2406242701022165,0.4309986674318095,0.46533348664659613,1674,1679,2026-06-01 14:14:35.903472,3
629,7,P18,no,1,-0.250263741018216,0.7471242672706695,0.7523361988609284,1108,1068,2026-06-01 14:14:35.937991,3
6523,21,P23,yes,1,0.03683206072309986,0.03634146014678239,0.037326887344129464,4006,4123,2026-06-01 14:14:35.941122,5
2678,10,P18,yes,1,0.793672032251834,0.791391472673955,0.7959402230407707,1812,1763,2026-06-01 14:14:36.035652,3
5871,20,P17,yes,1,0.427597027999127,0.4241999463841996,0.4309986674318095,3640,3650,2026-06-01 14:14:36.040197,5
5872,20,P24,no,1,0.572402972000873,0.4309986674318095,0.4241999463841996,3640,3651,2026-06-01 14:14:36.079668,5
4689,19,P15,no,12,6.4977021886602415,0.5,0.41742979353768533,2648,2660,2026-06-01 14:14:36.172826,5
4690,19,P01,yes,9,4.033538773277996,0.41742979353768533,0.4791787146272571,2657,2660,2026-06-01 14:14:36.190048,5
5873,20,P15,no,9,5.452872203059087,0.4241999463841996,0.36457644074163925,3640,3660,2026-06-01 14:14:36.198798,5
4691,19,P15,no,6,3.2492796535420894,0.4791787146272571,0.4378234991142019,2657,2666,2026-06-01 14:14:36.201463,5
4692,19,P14,yes,1,0.44124585909275993,0.4378234991142019,0.444671944737631,2658,2666,2026-06-01 14:14:36.219612,5
4693,19,P03,no,3,-1.6350305998353178,0.444671944737631,0.46533348664659613,2658,2663,2026-06-01 14:14:36.263977,5
5874,20,P14,no,8,-4.873684591035271,0.36457644074163925,0.41742979353768533,3640,3652,2026-06-01 14:14:36.295831,5
4694,19,P19,no,12,-5.916864342205827,0.46533348664659613,0.548458527973277,2658,2651,2026-06-01 14:14:36.315694,5
4695,19,P19,no,18,-7.041986576806721,0.548458527973277,0.6669548851735586,2658,2633,2026-06-01 14:14:36.389165,5
4696,19,P09,no,11,4.048424867108679,0.6669548851735586,0.5960151933265168,2658,2644,2026-06-01 14:14:36.389777,5
3137,11,P09,yes,1,0.6576338731483702,0.6545022492518787,0.6607563687658172,1948,1924,2026-06-01 14:14:36.429753,3
4697,19,P24,no,1,0.40733483847907337,0.5960151933265168,0.5893093760914265,2658,2645,2026-06-01 14:14:36.433863,5
5875,20,P24,no,1,0.5859424726522775,0.41742979353768533,0.41069062390857347,3640,3653,2026-06-01 14:14:36.442850,5
4698,19,P24,no,1,-0.40733483847907337,0.5893093760914265,0.5960151933265168,2658,2644,2026-06-01 14:14:36.496052,5
4699,19,P20,no,1,0.40733483847907337,0.5960151933265168,0.5893093760914265,2658,2645,2026-06-01 14:14:36.499869,5
5876,20,P15,yes,2,-0.8079815047858574,0.41069062390857347,0.3973146620215083,3638,3653,2026-06-01 14:14:36.526595,5
4700,19,P20,yes,5,-2.8618781867398866,0.5893093760914265,0.555328055262369,2653,2645,2026-06-01 14:14:36.540298,5
4701,19,P02,no,5,2.3094744873651507,0.555328055262369,0.520821285372743,2653,2650,2026-06-01 14:14:36.561451,5
5877,20,P02,yes,10,4.311072718211108,0.3973146620215083,0.46533348664659613,3648,3653,2026-06-01 14:14:36.565735,5
1353,8,P09,no,1,0.31181351241730226,0.6911616123625146,0.6852009766653157,1357,1329,2026-06-01 14:14:36.587871,3
5878,20,P04,no,1,0.5381197166907441,0.46533348664659613,0.45842951678320015,3648,3654,2026-06-01 14:14:36.596550,5
5879,20,P17,no,8,4.551454231405387,0.45842951678320015,0.4039848066734832,3648,3662,2026-06-01 14:14:36.611873,5
2679,10,P09,no,1,0.20632796774816597,0.7959402230407707,0.791391472673955,1812,1764,2026-06-01 14:14:36.614802,3
5880,20,P24,no,1,0.5993533336927612,0.4039848066734832,0.3973146620215083,3648,3663,2026-06-01 14:14:36.618264,5
4702,19,P24,yes,13,7.350426889314349,0.520821285372743,0.6093175418435606,2666,2650,2026-06-01 14:14:36.637570,5
4703,19,P12,yes,8,-4.659901376679954,0.6093175418435606,0.555328055262369,2658,2650,2026-06-01 14:14:36.651108,5
4704,19,P09,no,2,0.903089116855881,0.555328055262369,0.5415704832167999,2658,2652,2026-06-01 14:14:36.653389,5
4705,19,P09,no,10,4.930671409664683,0.5415704832167999,0.47225076494548685,2658,2662,2026-06-01 14:14:36.662981,5
5881,20,P03,no,1,0.6060046947259252,0.3973146620215083,0.3906824581564393,3648,3664,2026-06-01 14:14:36.685716,5
4706,19,P20,yes,13,6.724993614387131,0.47225076494548685,0.5621765008857981,2671,2662,2026-06-01 14:14:36.765460,5
5882,20,P20,yes,1,0.3939953052740748,0.3906824581564393,0.3973146620215083,3649,3664,2026-06-01 14:14:36.797292,5
4707,19,P03,yes,3,1.7171815731799143,0.5621765008857981,0.5825702064623147,2674,2662,2026-06-01 14:14:36.808954,5
3783,17,P09,yes,1,0.03683206072309986,0.03634146014678239,0.037326887344129464,1200,1317,2026-06-01 14:14:36.816880,5
3138,11,P18,no,5,1.775164088077645,0.6607563687658172,0.6289646649499733,1948,1929,2026-06-01 14:14:36.825399,3
1354,8,P09,yes,1,-0.6821949176442104,0.6852009766653157,0.679178699175393,1356,1329,2026-06-01 14:14:36.833555,3
4708,19,P06,yes,1,-0.5791876120238157,0.5825702064623147,0.5758000536158003,2673,2662,2026-06-01 14:14:36.845945,5
4709,19,P23,no,8,3.612726385301812,0.5758000536158003,0.520821285372743,2673,2670,2026-06-01 14:14:36.861548,5
4710,19,P15,no,5,2.482646141195346,0.520821285372743,0.4861146822539951,2673,2675,2026-06-01 14:14:36.896166,5
4711,19,P03,no,2,-1.0138871031340386,0.4861146822539951,0.5,2673,2673,2026-06-01 14:14:36.905819,5
1355,8,P18,no,5,1.6809803787843975,0.679178699175393,0.6481942198637447,1356,1334,2026-06-01 14:14:36.916271,3
2078,9,P09,no,4,2.193784740742558,0.46533348664659613,0.4378234991142019,1674,1683,2026-06-01 14:14:36.944026,3
4712,19,P19,yes,3,1.5312409619386926,0.5,0.520821285372743,2676,2673,2026-06-01 14:14:36.992306,5
630,7,P09,yes,1,0.7549119542420613,0.7523361988609284,0.7574755792628283,1109,1068,2026-06-01 14:14:37.005203,3
2079,9,P19,no,7,-3.7666335123467434,0.4378234991142019,0.4861146822539951,1674,1676,2026-06-01 14:14:37.058198,3
631,7,P09,no,1,-0.23998512580624265,0.7574755792628283,0.7625419716560975,1109,1067,2026-06-01 14:14:37.107912,3
5883,20,P24,no,2,1.2186216983263876,0.3973146620215083,0.3840904084564866,3649,3666,2026-06-01 14:14:37.120613,5
2080,9,P18,no,1,-0.5104149925382444,0.4861146822539951,0.49305600205173933,1674,1675,2026-06-01 14:14:37.146479,3
5884,20,P12,yes,1,0.38738299639953766,0.3840904084564866,0.3906824581564393,3650,3666,2026-06-01 14:14:37.184924,5
5885,20,P15,no,15,9.856868437520461,0.3906824581564393,0.2971072549863309,3650,3681,2026-06-01 14:14:37.263778,5
5886,20,P03,yes,1,-0.29421771979423283,0.2971072549863309,0.29133917497056444,3649,3681,2026-06-01 14:14:37.295784,5
5887,20,P12,yes,1,0.29421771979423283,0.29133917497056444,0.2971072549863309,3650,3681,2026-06-01 14:14:37.314317,5
1356,8,P18,yes,2,-1.2836513190668484,0.6481942198637447,0.6354235592583607,1354,1334,2026-06-01 14:14:37.329033,3
4713,19,P03,no,1,-0.4757139608450416,0.520821285372743,0.5277492350545132,2676,2672,2026-06-01 14:14:37.331665,5
5888,20,P17,yes,1,0.3000185846999557,0.2971072549863309,0.3029407160345927,3651,3681,2026-06-01 14:14:37.371484,5
5889,20,P10,yes,6,1.9254697530432168,0.3029407160345927,0.33924363123418283,3657,3681,2026-06-01 14:14:37.391966,5
2680,10,P09,yes,10,8.130892946110862,0.791391472673955,0.8335655924457414,1822,1764,2026-06-01 14:14:37.392396,3
5890,20,P10,yes,1,0.3423661268516298,0.33924363123418283,0.3454977507481214,3658,3681,2026-06-01 14:14:37.394791,5
4714,19,P17,yes,19,11.250863752275109,0.5277492350545132,0.6545022492518787,2695,2672,2026-06-01 14:14:37.397915,5
2681,10,P11,no,1,0.1683731915518365,0.8335655924457414,0.8296760813561542,1822,1765,2026-06-01 14:14:37.404417,3
1357,8,P23,yes,1,0.6386329165170537,0.6354235592583607,0.6418340450887311,1355,1334,2026-06-01 14:14:37.409608,3
1358,8,P09,yes,1,0.6450184025497947,0.6418340450887311,0.6481942198637447,1356,1334,2026-06-01 14:14:37.420934,3
4715,19,P02,no,1,0.3486473453945109,0.6545022492518787,0.6481942198637447,2695,2673,2026-06-01 14:14:37.421864,5
5891,20,P03,yes,14,-4.2484909182626325,0.3454977507481214,0.26351515505832507,3644,3681,2026-06-01 14:14:37.427203,5
6524,21,P24,yes,1,0.03783026636847353,0.037326887344129464,0.03833797212535963,4007,4123,2026-06-01 14:14:37.434467,5
4716,19,P14,no,1,0.35498159744975055,0.6481942198637447,0.6418340450887311,2695,2674,2026-06-01 14:14:37.434736,5
4717,19,P10,no,11,4.336091908422986,0.6418340450887311,0.5690013325681905,2695,2685,2026-06-01 14:14:37.440070,5
2081,9,P09,no,2,-1.0,0.49305600205173933,0.5069439979482607,1674,1673,2026-06-01 14:14:37.451111,3
2682,10,P09,yes,1,0.8316268084481635,0.8296760813561542,0.8335655924457414,1823,1765,2026-06-01 14:14:37.459809,3
2683,10,P12,no,12,2.2955948222206644,0.8335655924457414,0.7820712676154848,1823,1777,2026-06-01 14:14:37.474956,3
5892,20,P08,no,1,-0.7337775846071963,0.26351515505832507,0.2689414213699951,3644,3680,2026-06-01 14:14:37.478658,5
4718,19,P15,no,2,0.8756548699375344,0.5690013325681905,0.555328055262369,2695,2687,2026-06-01 14:14:37.479156,5
5893,20,P10,no,1,-0.7283162051162435,0.2689414213699951,0.2744377878410785,3644,3679,2026-06-01 14:14:37.492396,5
5894,20,P04,yes,3,0.8485125235970372,0.2744377878410785,0.29133917497056444,3647,3679,2026-06-01 14:14:37.508640,5
1359,8,P09,yes,8,-4.978728275928461,0.6481942198637447,0.5960151933265168,1348,1334,2026-06-01 14:14:37.518540,3
632,7,P18,no,1,-0.23495538395445692,0.7625419716560975,0.7675350070438758,1109,1066,2026-06-01 14:14:37.544241,3
5895,20,P11,yes,11,3.5657011272332966,0.29133917497056444,0.358165954911269,3658,3679,2026-06-01 14:14:37.557295,5
1360,8,P11,yes,1,0.5993533336929886,0.5960151933265168,0.6026853379784917,1349,1334,2026-06-01 14:14:37.568859,3
4719,19,P19,yes,19,11.752291245405104,0.555328055262369,0.679178699175393,2714,2687,2026-06-01 14:14:37.583020,5
5896,20,P20,no,1,-0.6386329165165989,0.358165954911269,0.36457644074163925,3658,3678,2026-06-01 14:14:37.589047,5
4720,19,P08,no,6,2.0359619762339207,0.679178699175393,0.6418340450887311,2714,2693,2026-06-01 14:14:37.600138,5
2684,10,P18,no,18,-3.2273760485447838,0.7820712676154848,0.8554222495341228,1823,1759,2026-06-01 14:14:37.602770,3
2685,10,P18,yes,1,-0.8536932068072929,0.8554222495341228,0.8519528019683106,1822,1759,2026-06-01 14:14:37.607792,3
4721,19,P19,no,1,-0.3549815974492958,0.6418340450887311,0.6481942198637447,2714,2692,2026-06-01 14:14:37.611753,5
4722,19,P23,no,8,3.021271724071539,0.6481942198637447,0.5960151933265168,2714,2700,2026-06-01 14:14:37.616188,5
4723,19,P16,no,1,0.4073348384781639,0.5960151933265168,0.5893093760914265,2714,2701,2026-06-01 14:14:37.617225,5
5897,20,P24,yes,7,-2.397329059717322,0.36457644074163925,0.32082130082460697,3651,3678,2026-06-01 14:14:37.620626,5
4724,19,P02,no,1,0.4140575273477225,0.5893093760914265,0.5825702064623147,2714,2702,2026-06-01 14:14:37.624317,5
4725,19,P09,yes,5,2.9965826661928077,0.5825702064623147,0.6159095915435134,2719,2702,2026-06-01 14:14:37.628656,5
2686,10,P23,no,5,0.7854744331314123,0.8519528019683106,0.8335655924457414,1822,1764,2026-06-01 14:14:37.630651,3
4726,19,P24,no,1,0.38738299639953766,0.6159095915435134,0.6093175418435606,2719,2703,2026-06-01 14:14:37.634698,5
1361,8,P11,no,1,-0.3939953052740748,0.6026853379784917,0.6093175418435606,1349,1333,2026-06-01 14:14:37.653739,3
4727,19,P23,yes,1,-0.6060046947259252,0.6093175418435606,0.6026853379784917,2718,2703,2026-06-01 14:14:37.658775,5
1362,8,P12,no,10,-3.5837525298261426,0.6093175418435606,0.6730961777222321,1349,1323,2026-06-01 14:14:37.682433,3
4728,19,P14,no,1,0.4006466663076935,0.6026853379784917,0.5960151933265168,2718,2704,2026-06-01 14:14:37.684392,5
4729,19,P09,no,1,-0.4006466663076935,0.5960151933265168,0.6026853379784917,2718,2703,2026-06-01 14:14:37.698950,5
1363,8,P05,yes,1,-0.6700303657014501,0.6730961777222321,0.6669548851735586,1348,1323,2026-06-01 14:14:37.720492,3
4730,19,P20,yes,1,-0.5993533336927612,0.6026853379784917,0.5960151933265168,2717,2703,2026-06-01 14:14:37.733106,5
2082,9,P01,no,5,2.552054890498539,0.5069439979482607,0.47225076494548685,1674,1678,2026-06-01 14:14:37.738318,3
5898,20,P17,no,6,4.1817780594938085,0.32082130082460697,0.2856375705089441,3651,3684,2026-06-01 14:14:37.747548,5
2687,10,P19,no,1,0.1683731915518365,0.8335655924457414,0.8296760813561542,1822,1765,2026-06-01 14:14:37.753332,3
5899,20,P12,yes,1,0.28848278950636086,0.2856375705089441,0.29133917497056444,3652,3684,2026-06-01 14:14:37.758183,5
4731,19,P13,no,1,0.4073348384786186,0.5960151933265168,0.5893093760914265,2717,2704,2026-06-01 14:14:37.759182,5
3139,11,P18,yes,16,-9.207947752655855,0.6289646649499733,0.520821285372743,1932,1929,2026-06-01 14:14:37.818834,3
3140,11,P24,yes,1,0.5242860391551858,0.520821285372743,0.5277492350545132,1933,1929,2026-06-01 14:14:37.859434,3
5900,20,P17,yes,6,1.8535967524480839,0.29133917497056444,0.32690382227776793,3658,3684,2026-06-01 14:14:37.865936,5
2688,10,P12,no,1,0.1722986099798618,0.8296760813561542,0.8257146788214146,1822,1766,2026-06-01 14:14:37.893373,3
4732,19,P01,no,15,6.930242441821065,0.5893093760914265,0.4861146822539951,2717,2719,2026-06-01 14:14:37.908663,5
5901,20,P01,yes,4,1.357122777335917,0.32690382227776793,0.3518057801362553,3662,3684,2026-06-01 14:14:37.917676,5
5902,20,P02,no,1,-0.6450184025497947,0.3518057801362553,0.358165954911269,3662,3683,2026-06-01 14:14:37.920460,5
3141,11,P20,yes,1,0.5312088736441183,0.5277492350545132,0.534666513353404,1934,1929,2026-06-01 14:14:37.934125,3
3142,11,P13,yes,1,0.5381197166909715,0.534666513353404,0.5415704832167999,1935,1929,2026-06-01 14:14:37.952933,3
4733,19,P03,no,3,-1.5104149925386992,0.4861146822539951,0.5069439979482607,2717,2716,2026-06-01 14:14:37.956005,5
3143,11,P11,yes,4,2.2212560132070394,0.5415704832167999,0.5690013325681905,1939,1929,2026-06-01 14:14:37.956938,3
4734,19,P08,yes,1,0.5104149925386992,0.5069439979482607,0.5138853177460049,2718,2716,2026-06-01 14:14:37.968465,5
3144,11,P18,no,1,0.4344090108445471,0.5690013325681905,0.5621765008857981,1939,1930,2026-06-01 14:14:37.995807,3
3145,11,P17,yes,2,1.1379939611565533,0.5621765008857981,0.5758000536158003,1941,1930,2026-06-01 14:14:38.044560,3
4735,19,P18,no,10,-4.516184914472888,0.5138853177460049,0.5825702064623147,2718,2706,2026-06-01 14:14:38.045599,5
2689,10,P09,no,1,-0.1722986099798618,0.8257146788214146,0.8296760813561542,1822,1765,2026-06-01 14:14:38.057940,3
4736,19,P02,no,1,0.4208123879757295,0.5825702064623147,0.5758000536158003,2718,2707,2026-06-01 14:14:38.081965,5
4737,19,P21,no,13,6.095372526497158,0.5758000536158003,0.4861146822539951,2718,2720,2026-06-01 14:14:38.082586,5
5903,20,P15,no,12,8.145816083259433,0.358165954911269,0.2856375705089441,3662,3695,2026-06-01 14:14:38.100427,5
3146,11,P13,yes,5,2.963153274616161,0.5758000536158003,0.6093175418435606,1946,1930,2026-06-01 14:14:38.101580,3
4738,19,P12,yes,10,5.2078793714390486,0.4861146822539951,0.555328055262369,2728,2720,2026-06-01 14:14:38.136913,5
4739,19,P09,no,17,-6.593881518847411,0.555328055262369,0.6669548851735586,2728,2703,2026-06-01 14:14:38.195963,5
4740,19,P18,no,1,0.33613967079099893,0.6669548851735586,0.6607563687658172,2728,2704,2026-06-01 14:14:38.209050,5
4741,19,P13,no,1,0.3423661268516298,0.6607563687658172,0.6545022492518787,2728,2705,2026-06-01 14:14:38.226656,5
5904,20,P02,no,5,-3.499583141849598,0.2856375705089441,0.3147990233346844,3662,3690,2026-06-01 14:14:38.235133,5
633,7,P18,no,1,0.23495538395445692,0.7675350070438758,0.7625419716560975,1109,1067,2026-06-01 14:14:38.246170,3
5905,20,P11,yes,1,0.31780508235578964,0.3147990233346844,0.32082130082460697,3663,3690,2026-06-01 14:14:38.250125,5
5906,20,P15,no,7,4.898963209041995,0.32082130082460697,0.2800034603553825,3663,3697,2026-06-01 14:14:38.259539,5
5907,20,P03,no,1,0.7227851163620471,0.2800034603553825,0.2744377878410785,3663,3698,2026-06-01 14:14:38.271490,5
2083,9,P09,no,2,1.0693285903348624,0.47225076494548685,0.45842951678320015,1674,1680,2026-06-01 14:14:38.289520,3
4742,19,P10,no,10,3.7772539079446688,0.6545022492518787,0.5893093760914265,2728,2715,2026-06-01 14:14:38.327060,5
5908,20,P08,yes,1,0.27721488363749813,0.2744377878410785,0.2800034603553825,3664,3698,2026-06-01 14:14:38.352377,5
2084,9,P09,no,1,-0.5381197166909715,0.45842951678320015,0.46533348664659613,1674,1679,2026-06-01 14:14:38.355631,3
5909,20,P23,no,1,-0.7171851495477313,0.2800034603553825,0.2856375705089441,3664,3697,2026-06-01 14:14:38.359081,5
5910,20,P11,yes,8,2.472049176253222,0.2856375705089441,0.3330451148264414,3672,3697,2026-06-01 14:14:38.363174,5
4743,19,P21,no,5,2.1381218132601134,0.5893093760914265,0.555328055262369,2728,2720,2026-06-01 14:14:38.365501,5
2085,9,P09,yes,1,0.4687911263558817,0.46533348664659613,0.47225076494548685,1675,1679,2026-06-01 14:14:38.405435,3
5911,20,P17,no,7,-4.514412025399906,0.3330451148264414,0.37754066879814546,3672,3690,2026-06-01 14:14:38.416227,5
4744,19,P24,yes,13,7.788253221639479,0.555328055262369,0.6418340450887311,2741,2720,2026-06-01 14:14:38.431461,5
634,7,P18,no,2,0.4850731715641814,0.7625419716560975,0.7523361988609284,1109,1069,2026-06-01 14:14:38.432993,3
4745,19,P11,no,2,0.7291690183815263,0.6418340450887311,0.6289646649499733,2741,2722,2026-06-01 14:14:38.513282,5
4746,19,P07,no,13,5.385666876834875,0.6289646649499733,0.5415704832167999,2741,2735,2026-06-01 14:14:38.517039,5
5912,20,P03,no,6,3.85055169619136,0.37754066879814546,0.33924363123418283,3672,3696,2026-06-01 14:14:38.520042,5
3147,11,P12,yes,1,0.612617003600235,0.6093175418435606,0.6159095915435134,1947,1930,2026-06-01 14:14:38.553863,3
4747,19,P24,no,1,0.4618802833092559,0.5415704832167999,0.534666513353404,2741,2736,2026-06-01 14:14:38.559987,5
1364,8,P18,yes,12,-7.5442402944127025,0.6669548851735586,0.5893093760914265,1336,1323,2026-06-01 14:14:38.581217,3
1365,8,P05,yes,1,0.5926651615213814,0.5893093760914265,0.5960151933265168,1337,1323,2026-06-01 14:14:38.585799,3
4748,19,P19,no,1,-0.4618802833092559,0.534666513353404,0.5415704832167999,2741,2735,2026-06-01 14:14:38.597324,5
5913,20,P24,no,1,0.6638603292085463,0.33924363123418283,0.3330451148264414,3672,3697,2026-06-01 14:14:38.606309,5
5914,20,P13,yes,13,4.86981723293502,0.3330451148264414,0.41742979353768533,3685,3697,2026-06-01 14:14:38.619266,5
5915,20,P17,yes,8,-3.1263154089651835,0.41742979353768533,0.36457644074163925,3677,3697,2026-06-01 14:14:38.630345,5
5916,20,P09,yes,1,-0.3613670834829463,0.36457644074163925,0.358165954911269,3676,3697,2026-06-01 14:14:38.655556,5
5917,20,P24,no,3,1.9540049303041087,0.358165954911269,0.33924363123418283,3676,3700,2026-06-01 14:14:38.674249,5
5918,20,P21,yes,2,0.6910134722461407,0.33924363123418283,0.3518057801362553,3678,3700,2026-06-01 14:14:38.691963,5
1366,8,P19,yes,1,0.5993533336927612,0.5960151933265168,0.6026853379784917,1338,1323,2026-06-01 14:14:38.695523,3
4749,19,P24,no,1,0.4618802833092559,0.5415704832167999,0.534666513353404,2741,2736,2026-06-01 14:14:38.704015,5
1367,8,P18,no,1,0.4006466663072388,0.6026853379784917,0.5960151933265168,1338,1324,2026-06-01 14:14:38.710130,3
1368,8,P11,yes,1,0.5993533336929886,0.5960151933265168,0.6026853379784917,1339,1324,2026-06-01 14:14:38.735536,3
2690,10,P13,no,1,0.1722986099798618,0.8296760813561542,0.8257146788214146,1822,1766,2026-06-01 14:14:38.748772,3
1369,8,P03,yes,1,0.6060046947259252,0.6026853379784917,0.6093175418435606,1340,1324,2026-06-01 14:14:38.753118,3
5919,20,P09,no,4,2.642877222664083,0.3518057801362553,0.32690382227776793,3678,3704,2026-06-01 14:14:38.769743,5
5920,20,P01,yes,1,0.32996963429877724,0.32690382227776793,0.3330451148264414,3679,3704,2026-06-01 14:14:38.776452,5
5921,20,P03,yes,4,-1.2834458305201224,0.3330451148264414,0.30883838763748533,3675,3704,2026-06-01 14:14:38.786465,5
1370,8,P03,no,1,-0.38738299639976503,0.6093175418435606,0.6159095915435134,1340,1323,2026-06-01 14:14:38.831415,3
5922,20,P02,yes,1,0.31181351241730226,0.30883838763748533,0.3147990233346844,3676,3704,2026-06-01 14:14:38.877494,5
5923,20,P13,yes,1,0.31780508235578964,0.3147990233346844,0.32082130082460697,3677,3704,2026-06-01 14:14:38.890866,5
4750,19,P15,no,1,-0.4618802833092559,0.534666513353404,0.5415704832167999,2741,2735,2026-06-01 14:14:38.905772,5
1371,8,P19,no,1,-0.38081192452750656,0.6159095915435134,0.6224593312018546,1340,1322,2026-06-01 14:14:38.906382,3
4751,19,P03,yes,6,3.372846597232183,0.5415704832167999,0.5825702064623147,2747,2735,2026-06-01 14:14:38.914832,5
5924,20,P12,yes,1,0.32385760144825326,0.32082130082460697,0.32690382227776793,3678,3704,2026-06-01 14:14:38.930626,5
6525,21,P15,yes,4,0.1618316516514824,0.03833797212535963,0.042651252130942854,4011,4123,2026-06-01 14:14:38.932976,5
4752,19,P15,no,1,0.4208123879757295,0.5825702064623147,0.5758000536158003,2747,2736,2026-06-01 14:14:38.936624,5
635,7,P18,yes,16,-11.327268224831187,0.7523361988609284,0.6607563687658172,1093,1069,2026-06-01 14:14:38.950705,3
636,7,P01,no,12,-3.6399023760184264,0.6607563687658172,0.7310585786300049,1093,1057,2026-06-01 14:14:38.972963,3
5925,20,P02,no,1,-0.6700303657012228,0.32690382227776793,0.3330451148264414,3678,3703,2026-06-01 14:14:38.976384,5
637,7,P18,no,4,1.1201963184807937,0.7310585786300049,0.7086608250294356,1093,1061,2026-06-01 14:14:38.977496,3
638,7,P13,yes,7,5.097238023387035,0.7086608250294356,0.7471242672706695,1100,1061,2026-06-01 14:14:38.984340,3
5926,20,P14,yes,4,1.382134740487345,0.3330451148264414,0.358165954911269,3682,3703,2026-06-01 14:14:38.989415,5
2691,10,P04,yes,5,-4.077087798835919,0.8257146788214146,0.8048153229861598,1817,1766,2026-06-01 14:14:38.993218,3
4753,19,P11,no,1,0.427597027999127,0.5758000536158003,0.5690013325681905,2747,2737,2026-06-01 14:14:38.994694,5
4754,19,P04,yes,1,-0.5655909891556803,0.5690013325681905,0.5621765008857981,2746,2737,2026-06-01 14:14:39.013598,5
5927,20,P24,yes,1,-0.35498159744975055,0.358165954911269,0.3518057801362553,3681,3703,2026-06-01 14:14:39.024618,5
4755,19,P09,yes,1,0.5655909891556803,0.5621765008857981,0.5690013325681905,2747,2737,2026-06-01 14:14:39.025448,5
1372,8,P13,yes,1,0.6257157842683227,0.6224593312018546,0.6289646649499733,1341,1322,2026-06-01 14:14:39.035142,3
1373,8,P23,yes,10,6.605250410611234,0.6289646649499733,0.6911616123625146,1351,1322,2026-06-01 14:14:39.046719,3
2086,9,P18,no,10,-4.93067140966491,0.47225076494548685,0.5415704832167999,1675,1669,2026-06-01 14:14:39.057329,3
4756,19,P19,yes,1,0.572402972000873,0.5690013325681905,0.5758000536158003,2748,2737,2026-06-01 14:14:39.059185,5
5928,20,P23,yes,1,0.35498159744975055,0.3518057801362553,0.358165954911269,3682,3703,2026-06-01 14:14:39.069833,5
4757,19,P03,no,1,-0.42081238797618425,0.5758000536158003,0.5825702064623147,2748,2736,2026-06-01 14:14:39.077445,5
5929,20,P15,yes,1,0.3613670834829463,0.358165954911269,0.36457644074163925,3683,3703,2026-06-01 14:14:39.086038,5
4758,19,P03,no,16,-5.84144955103784,0.5825702064623147,0.6852009766653157,2748,2720,2026-06-01 14:14:39.101152,5
3148,11,P09,no,1,0.38738299639953766,0.6159095915435134,0.6093175418435606,1947,1931,2026-06-01 14:14:39.112237,3
5930,20,P24,yes,1,-0.3613670834829463,0.36457644074163925,0.358165954911269,3682,3703,2026-06-01 14:14:39.207585,5
1374,8,P12,no,1,0.3118135124170749,0.6911616123625146,0.6852009766653157,1351,1323,2026-06-01 14:14:39.225294,3
2087,9,P08,yes,5,-2.6213834808336287,0.5415704832167999,0.5069439979482607,1670,1669,2026-06-01 14:14:39.228357,3
1375,8,P19,no,10,3.4572202927033686,0.6852009766653157,0.6224593312018546,1351,1333,2026-06-01 14:14:39.235162,3
2692,10,P18,yes,3,2.4337501557804444,0.8048153229861598,0.8175744761936437,1820,1766,2026-06-01 14:14:39.244493,3
1376,8,P09,yes,1,0.6257157842683227,0.6224593312018546,0.6289646649499733,1352,1333,2026-06-01 14:14:39.244689,3
2088,9,P09,no,1,-0.48958500746130085,0.5069439979482607,0.5138853177460049,1670,1668,2026-06-01 14:14:39.257420,3
2089,9,P13,no,1,0.48958500746130085,0.5138853177460049,0.5069439979482607,1670,1669,2026-06-01 14:14:39.269362,3
4759,19,P17,no,8,2.7151341420726567,0.6852009766653157,0.6354235592583607,2748,2728,2026-06-01 14:14:39.286143,5
4760,19,P03,no,2,-0.7163486809326969,0.6354235592583607,0.6481942198637447,2748,2726,2026-06-01 14:14:39.291079,5
4761,19,P11,no,1,0.35498159744975055,0.6481942198637447,0.6418340450887311,2748,2727,2026-06-01 14:14:39.306567,5
4762,19,P12,no,6,2.2656434603150046,0.6418340450887311,0.6026853379784917,2748,2733,2026-06-01 14:14:39.324534,5
4763,19,P17,yes,2,1.2186216983259328,0.6026853379784917,0.6159095915435134,2750,2733,2026-06-01 14:14:39.330045,5
4764,19,P23,yes,11,-6.369429263424536,0.6159095915435134,0.5415704832167999,2739,2733,2026-06-01 14:14:39.365603,5
1377,8,P18,yes,11,-6.517422240020778,0.6289646649499733,0.555328055262369,1341,1333,2026-06-01 14:14:39.442513,3
3149,11,P18,yes,3,-1.7980231899400678,0.6093175418435606,0.5893093760914265,1944,1931,2026-06-01 14:14:39.444949,3
1378,8,P11,yes,12,7.149620305122426,0.555328055262369,0.6354235592583607,1353,1333,2026-06-01 14:14:39.471009,3
3150,11,P01,yes,3,1.7980231899400678,0.5893093760914265,0.6093175418435606,1947,1931,2026-06-01 14:14:39.505812,3
6526,21,P24,yes,1,0.04322319569200772,0.042651252130942854,0.04379999771646115,4012,4123,2026-06-01 14:14:39.524995,5
3151,11,P09,yes,3,-1.7980231899400678,0.6093175418435606,0.5893093760914265,1944,1931,2026-06-01 14:14:39.539725,3
3152,11,P09,no,1,-0.4073348384786186,0.5893093760914265,0.5960151933265168,1944,1930,2026-06-01 14:14:39.571899,3
2090,9,P23,no,3,1.5104149925384718,0.5069439979482607,0.4861146822539951,1670,1672,2026-06-01 14:14:39.603525,3
2693,10,P09,no,5,-0.8618535864056867,0.8175744761936437,0.8373836916384682,1820,1761,2026-06-01 14:14:39.658695,3
4765,19,P19,no,2,-0.903089116855881,0.5415704832167999,0.555328055262369,2739,2731,2026-06-01 14:14:39.688103,5
4766,19,P17,yes,1,0.5587541409076948,0.555328055262369,0.5621765008857981,2740,2731,2026-06-01 14:14:39.711977,5
4767,19,P01,yes,1,-0.5587541409076948,0.5621765008857981,0.555328055262369,2739,2731,2026-06-01 14:14:39.714047,5
5931,20,P17,yes,17,7.045507304881085,0.358165954911269,0.47225076494548685,3699,3703,2026-06-01 14:14:39.748633,5
5932,20,P04,no,2,1.0693285903353171,0.47225076494548685,0.45842951678320015,3699,3705,2026-06-01 14:14:39.753348,5
3153,11,P23,yes,13,8.29774789714429,0.5960151933265168,0.679178699175393,1957,1930,2026-06-01 14:14:39.754880,3
5933,20,P08,no,1,0.5450159411034292,0.45842951678320015,0.4515414720267231,3699,3706,2026-06-01 14:14:39.818567,5
2694,10,P04,yes,1,0.8392631789167808,0.8373836916384682,0.8411308951190849,1821,1761,2026-06-01 14:14:39.824022,3
5934,20,P10,no,1,0.5518949420406898,0.4515414720267231,0.444671944737631,3699,3707,2026-06-01 14:14:39.826336,5
5935,20,P18,no,1,0.5587541409072401,0.444671944737631,0.4378234991142019,3699,3708,2026-06-01 14:14:39.864749,5
5936,20,P23,yes,1,-0.43440901084477446,0.4378234991142019,0.4309986674318095,3698,3708,2026-06-01 14:14:39.882569,5
2695,10,P22,yes,11,-9.011964664846346,0.8411308951190849,0.7959402230407707,1810,1761,2026-06-01 14:14:39.948610,3
3154,11,P18,no,2,0.6538272357472579,0.679178699175393,0.6669548851735586,1957,1932,2026-06-01 14:14:39.949715,3
3155,11,P03,yes,3,-1.9728468569628603,0.6669548851735586,0.6481942198637447,1954,1932,2026-06-01 14:14:39.959287,3
5937,20,P17,yes,2,-0.8484094159748565,0.4309986674318095,0.41742979353768533,3696,3708,2026-06-01 14:14:39.970621,5
5938,20,P03,no,1,0.5859424726518228,0.41742979353768533,0.41069062390857347,3696,3709,2026-06-01 14:14:39.982683,5
4768,19,P15,yes,5,2.8618781867398866,0.555328055262369,0.5893093760914265,2744,2731,2026-06-01 14:14:40.009937,5
4769,19,P13,no,10,4.447596300626174,0.5893093760914265,0.520821285372743,2744,2741,2026-06-01 14:14:40.025324,5
2091,9,P09,yes,1,0.4895850074617556,0.4861146822539951,0.49305600205173933,1671,1672,2026-06-01 14:14:40.029110,3
3156,11,P13,no,1,0.35498159744975055,0.6481942198637447,0.6418340450887311,1954,1933,2026-06-01 14:14:40.035921,3
2092,9,P09,yes,4,-1.9167362358575701,0.49305600205173933,0.46533348664659613,1667,1672,2026-06-01 14:14:40.042055,3
4770,19,P24,no,1,-0.4757139608450416,0.520821285372743,0.5277492350545132,2744,2740,2026-06-01 14:14:40.127004,5
4771,19,P03,yes,1,0.5312088736441183,0.5277492350545132,0.534666513353404,2745,2740,2026-06-01 14:14:40.153427,5
3157,11,P18,no,1,0.3613670834831737,0.6418340450887311,0.6354235592583607,1954,1934,2026-06-01 14:14:40.242724,3
5939,20,P03,no,1,0.5926651615218361,0.41069062390857347,0.4039848066734832,3696,3710,2026-06-01 14:14:40.247918,5
4772,19,P19,yes,2,1.083135657794628,0.534666513353404,0.548458527973277,2747,2740,2026-06-01 14:14:40.255613,5
2696,10,P18,no,7,-1.3221072846095012,0.7959402230407707,0.8257146788214146,1810,1754,2026-06-01 14:14:40.280527,3
3158,11,P09,no,1,0.36780193489835256,0.6354235592583607,0.6289646649499733,1954,1935,2026-06-01 14:14:40.351030,3
5940,20,P17,yes,2,0.8213923658263411,0.4039848066734832,0.41742979353768533,3698,3710,2026-06-01 14:14:40.387875,5
4773,19,P17,yes,7,4.006438290301958,0.548458527973277,0.5960151933265168,2754,2740,2026-06-01 14:14:40.411872,5
5941,20,P11,no,3,1.77796096786642,0.41742979353768533,0.3973146620215083,3698,3713,2026-06-01 14:14:40.442409,5
4774,19,P03,no,1,-0.4006466663076935,0.5960151933265168,0.6026853379784917,2754,2739,2026-06-01 14:14:40.458238,5
4775,19,P13,no,14,6.227808954068678,0.6026853379784917,0.5069439979482607,2754,2753,2026-06-01 14:14:40.461484,5
3159,11,P09,yes,3,1.9158493841687232,0.6289646649499733,0.6481942198637447,1957,1935,2026-06-01 14:14:40.476507,3
3160,11,P09,yes,1,-0.6450184025502494,0.6481942198637447,0.6418340450887311,1956,1935,2026-06-01 14:14:40.497940,3
4776,19,P02,yes,6,3.166399421937058,0.5069439979482607,0.548458527973277,2760,2753,2026-06-01 14:14:40.523895,5
6527,21,P15,no,1,-0.9556133716914701,0.04379999771646115,0.04497822937897771,4012,4122,2026-06-01 14:14:40.539800,5
6528,21,P03,yes,1,-0.04438662830852991,0.04497822937897771,0.04379999771646115,4011,4122,2026-06-01 14:14:40.578378,5
2697,10,P18,yes,1,0.8277013900203656,0.8257146788214146,0.8296760813561542,1811,1754,2026-06-01 14:14:40.704670,3
4777,19,P03,yes,11,6.443601397792918,0.548458527973277,0.6224593312018546,2771,2753,2026-06-01 14:14:40.739866,5
3161,11,P18,no,2,0.7291690183815263,0.6418340450887311,0.6289646649499733,1956,1937,2026-06-01 14:14:40.740431,3
4778,19,P02,yes,1,-0.6191880754722661,0.6224593312018546,0.6159095915435134,2770,2753,2026-06-01 14:14:40.742609,5
5942,20,P03,yes,4,-1.5364744419334784,0.3973146620215083,0.3710353350500268,3694,3713,2026-06-01 14:14:40.769304,5
2093,9,P18,no,1,-0.5312088736441183,0.46533348664659613,0.47225076494548685,1667,1671,2026-06-01 14:14:40.771549,3
4779,19,P19,no,9,-3.196369533426605,0.6159095915435134,0.6730961777222321,2770,2744,2026-06-01 14:14:40.773644,5
4780,19,P18,yes,7,-4.558726606832806,0.6730961777222321,0.6289646649499733,2763,2744,2026-06-01 14:14:40.779618,5
4781,19,P20,no,13,5.385666876834875,0.6289646649499733,0.5415704832167999,2763,2757,2026-06-01 14:14:40.794074,5
2698,10,P04,yes,1,0.8316268084481635,0.8296760813561542,0.8335655924457414,1812,1754,2026-06-01 14:14:40.822484,3
3162,11,P09,yes,1,0.6321980651016474,0.6289646649499733,0.6354235592583607,1957,1937,2026-06-01 14:14:40.837691,3
4782,19,P19,yes,2,1.0969108831445737,0.5415704832167999,0.555328055262369,2765,2757,2026-06-01 14:14:40.878098,5
1379,8,P18,no,3,1.1228980751575364,0.6354235592583607,0.6159095915435134,1353,1336,2026-06-01 14:14:40.895575,3
4783,19,P19,yes,1,0.5587541409072401,0.555328055262369,0.5621765008857981,2766,2757,2026-06-01 14:14:40.916289,5
4784,19,P24,yes,2,1.1379939611560985,0.5621765008857981,0.5758000536158003,2768,2757,2026-06-01 14:14:40.939316,5
2699,10,P18,no,1,0.1683731915518365,0.8335655924457414,0.8296760813561542,1812,1755,2026-06-01 14:14:40.955971,3
4785,19,P24,no,2,-0.8348699153239068,0.5758000536158003,0.5893093760914265,2768,2755,2026-06-01 14:14:41.038338,5
3931,18,P09,no,1,-0.9590168745444316,0.04043956481800324,0.04153132619455174,1464,1577,2026-06-01 14:14:41.044062,5
1380,8,P01,no,3,-1.1228980751575364,0.6159095915435134,0.6354235592583607,1353,1333,2026-06-01 14:14:41.053271,3
5943,20,P09,no,18,12.31871112051158,0.3710353350500268,0.26351515505832507,3694,3731,2026-06-01 14:14:41.060129,5
2094,9,P09,yes,1,0.4757139608448142,0.47225076494548685,0.4791787146272571,1668,1671,2026-06-01 14:14:41.073964,3
5944,20,P20,yes,4,1.0979359443667818,0.26351515505832507,0.2856375705089441,3698,3731,2026-06-01 14:14:41.078200,5
4786,19,P17,yes,6,3.6555440532815737,0.5893093760914265,0.6289646649499733,2774,2755,2026-06-01 14:14:41.081598,5
5945,20,P01,no,1,-0.7115172104931844,0.2856375705089441,0.29133917497056444,3698,3730,2026-06-01 14:14:41.114030,5
4787,19,P15,no,2,0.7550961402589564,0.6289646649499733,0.6159095915435134,2774,2757,2026-06-01 14:14:41.131007,5
4788,19,P23,yes,8,-4.713764239372722,0.6159095915435134,0.5621765008857981,2766,2757,2026-06-01 14:14:41.150679,5
5946,20,P14,yes,4,1.2119340686435862,0.29133917497056444,0.3147990233346844,3702,3730,2026-06-01 14:14:41.193752,5
2095,9,P18,no,1,-0.517353858804654,0.4791787146272571,0.4861146822539951,1668,1670,2026-06-01 14:14:41.213448,3
5947,20,P14,no,7,-4.646232941409835,0.3147990233346844,0.358165954911269,3702,3723,2026-06-01 14:14:41.255132,5
2096,9,P18,yes,1,0.48958500746130085,0.4861146822539951,0.49305600205173933,1669,1670,2026-06-01 14:14:41.286246,3
1381,8,P18,no,1,0.36780193489835256,0.6354235592583607,0.6289646649499733,1353,1334,2026-06-01 14:14:41.296633,3
3163,11,P18,no,13,5.298484752836657,0.6354235592583607,0.548458527973277,1957,1950,2026-06-01 14:14:41.298553,3
3164,11,P13,no,1,-0.44810505795908284,0.548458527973277,0.555328055262369,1957,1949,2026-06-01 14:14:41.363623,3
3932,18,P05,no,1,0.9590168745444316,0.04153132619455174,0.04043956481800324,1464,1578,2026-06-01 14:14:41.394547,5
3165,11,P01,yes,1,0.5587541409067853,0.555328055262369,0.5621765008857981,1958,1949,2026-06-01 14:14:41.403380,3
6529,21,P24,no,1,-0.9556133716914701,0.04379999771646115,0.04497822937897771,4011,4121,2026-06-01 14:14:41.405112,5
5948,20,P09,yes,16,-4.952119861107349,0.358165954911269,0.26351515505832507,3686,3723,2026-06-01 14:14:41.407737,5
4789,19,P03,no,8,-3.286235760627278,0.5621765008857981,0.6159095915435134,2766,2749,2026-06-01 14:14:41.415603,5
3166,11,P20,yes,6,3.495142541046789,0.5621765008857981,0.6026853379784917,1964,1949,2026-06-01 14:14:41.439646,3
5949,20,P03,yes,2,-0.5163432427393673,0.26351515505832507,0.25287573272933045,3684,3723,2026-06-01 14:14:41.460161,5
4790,19,P02,no,8,3.286235760627278,0.6159095915435134,0.5621765008857981,2766,2757,2026-06-01 14:14:41.461298,5
2700,10,P04,yes,1,0.8316268084481635,0.8296760813561542,0.8335655924457414,1813,1755,2026-06-01 14:14:41.480604,3
5950,20,P23,yes,4,1.0542494530163822,0.25287573272933045,0.2744377878410785,3688,3723,2026-06-01 14:14:41.578675,5
5951,20,P13,no,10,-6.967921089657011,0.2744377878410785,0.3330451148264414,3688,3713,2026-06-01 14:14:41.592450,5
5952,20,P17,no,1,-0.6638603292085463,0.3330451148264414,0.33924363123418283,3688,3712,2026-06-01 14:14:41.680161,5
5953,20,P04,no,1,-0.6576338731488249,0.33924363123418283,0.3454977507481214,3688,3711,2026-06-01 14:14:41.699893,5
1382,8,P09,yes,1,0.6321980651016474,0.6289646649499733,0.6354235592583607,1354,1334,2026-06-01 14:14:41.705715,3
2097,9,P18,yes,2,1.0,0.49305600205173933,0.5069439979482607,1671,1670,2026-06-01 14:14:41.708035,3
3167,11,P09,no,1,-0.3939953052738474,0.6026853379784917,0.6093175418435606,1964,1948,2026-06-01 14:14:41.761006,3
4791,19,P17,no,1,0.4412458590923052,0.5621765008857981,0.555328055262369,2766,2758,2026-06-01 14:14:41.815078,5
3168,11,P18,no,1,0.3939953052738474,0.6093175418435606,0.6026853379784917,1964,1949,2026-06-01 14:14:41.828094,3
2701,10,P18,no,1,0.1683731915518365,0.8335655924457414,0.8296760813561542,1813,1756,2026-06-01 14:14:41.845025,3
6530,21,P24,yes,3,0.14044214885234396,0.04497822937897771,0.04869667456442473,4014,4121,2026-06-01 14:14:41.886171,5
5954,20,P15,yes,1,0.3486473453945109,0.3454977507481214,0.3518057801362553,3689,3711,2026-06-01 14:14:41.928077,5
2098,9,P09,yes,2,1.0277688513433532,0.5069439979482607,0.520821285372743,1673,1670,2026-06-01 14:14:41.930488,3
5955,20,P24,no,1,0.6513526546059438,0.3518057801362553,0.3454977507481214,3689,3712,2026-06-01 14:14:41.931943,5
4792,19,P19,yes,1,0.5587541409076948,0.555328055262369,0.5621765008857981,2767,2758,2026-06-01 14:14:41.984876,5
5956,20,P24,yes,13,-3.9822685028707383,0.3454977507481214,0.2689414213699951,3676,3712,2026-06-01 14:14:42.010501,5
2702,10,P18,no,1,0.1722986099798618,0.8296760813561542,0.8257146788214146,1813,1757,2026-06-01 14:14:42.026166,3
1383,8,P18,no,1,0.36780193489857993,0.6354235592583607,0.6289646649499733,1354,1335,2026-06-01 14:14:42.026607,3
5957,20,P02,no,8,-5.667869612875165,0.2689414213699951,0.3147990233346844,3676,3704,2026-06-01 14:14:42.059673,5
5958,20,P13,yes,1,0.31780508235578964,0.3147990233346844,0.32082130082460697,3677,3704,2026-06-01 14:14:42.085686,5
5959,20,P04,no,13,-8.29774789714429,0.32082130082460697,0.4039848066734832,3677,3691,2026-06-01 14:14:42.175699,5
4793,19,P19,yes,1,0.5655909891552255,0.5621765008857981,0.5690013325681905,2768,2758,2026-06-01 14:14:42.178417,5
2099,9,P09,yes,1,0.5242860391551858,0.520821285372743,0.5277492350545132,1674,1670,2026-06-01 14:14:42.183645,3
2100,9,P23,no,2,0.9583601020399328,0.5277492350545132,0.5138853177460049,1674,1672,2026-06-01 14:14:42.192032,3
4794,19,P09,no,1,0.43440901084477446,0.5690013325681905,0.5621765008857981,2768,2759,2026-06-01 14:14:42.210856,5
5960,20,P15,yes,1,-0.4006466663072388,0.4039848066734832,0.3973146620215083,3676,3691,2026-06-01 14:14:42.281651,5
3169,11,P09,yes,1,0.6060046947259252,0.6026853379784917,0.6093175418435606,1965,1949,2026-06-01 14:14:42.301339,3
5961,20,P03,no,1,0.6060046947259252,0.3973146620215083,0.3906824581564393,3676,3692,2026-06-01 14:14:42.302335,5
5962,20,P03,no,1,0.6126170036004623,0.3906824581564393,0.3840904084564866,3676,3693,2026-06-01 14:14:42.354709,5
5963,20,P09,no,1,0.6191880754722661,0.3840904084564866,0.37754066879814546,3676,3694,2026-06-01 14:14:42.356650,5
1384,8,P18,no,2,0.7550961402589564,0.6289646649499733,0.6159095915435134,1354,1337,2026-06-01 14:14:42.365371,3
1385,8,P18,no,1,0.38738299639953766,0.6159095915435134,0.6093175418435606,1354,1338,2026-06-01 14:14:42.415384,3
2703,10,P04,yes,1,0.8277013900199108,0.8257146788214146,0.8296760813561542,1814,1757,2026-06-01 14:14:42.479726,3
4795,19,P24,no,1,-0.43440901084477446,0.5621765008857981,0.5690013325681905,2768,2758,2026-06-01 14:14:42.495534,5
2101,9,P12,no,10,5.207879371439731,0.5138853177460049,0.444671944737631,1674,1682,2026-06-01 14:14:42.520230,3
2102,9,P23,no,9,-4.718294363977975,0.444671944737631,0.5069439979482607,1674,1673,2026-06-01 14:14:42.525013,3
2704,10,P04,yes,1,0.8316268084483909,0.8296760813561542,0.8335655924457414,1815,1757,2026-06-01 14:14:42.581248,3
3933,18,P24,yes,11,0.5165571097982138,0.04043956481800324,0.05410980348435149,1475,1578,2026-06-01 14:14:42.707781,5
4796,19,P24,no,1,0.43440901084477446,0.5690013325681905,0.5621765008857981,2768,2759,2026-06-01 14:14:42.711408,5
5964,20,P24,no,1,0.6257157842683227,0.37754066879814546,0.3710353350500268,3676,3695,2026-06-01 14:14:42.723430,5
4797,19,P17,yes,1,-0.5587541409072401,0.5621765008857981,0.555328055262369,2767,2759,2026-06-01 14:14:42.771535,5
4798,19,P09,no,8,-3.3400986233200456,0.555328055262369,0.6093175418435606,2767,2751,2026-06-01 14:14:42.781280,5
4799,19,P19,no,1,-0.3873829963999924,0.6093175418435606,0.6159095915435134,2767,2750,2026-06-01 14:14:42.806467,5
5965,20,P17,yes,2,-0.7291690183815263,0.3710353350500268,0.358165954911269,3674,3695,2026-06-01 14:14:42.812382,5
4800,19,P12,yes,1,-0.6126170036004623,0.6159095915435134,0.6093175418435606,2766,2750,2026-06-01 14:14:42.825681,5
4801,19,P03,no,1,-0.38738299639953766,0.6093175418435606,0.6159095915435134,2766,2749,2026-06-01 14:14:42.834522,5
3934,18,P03,no,1,0.9465952185423703,0.05410980348435149,0.05270556608289024,1475,1579,2026-06-01 14:14:42.848776,5
4802,19,P19,yes,1,0.6191880754722661,0.6159095915435134,0.6224593312018546,2767,2749,2026-06-01 14:14:42.873283,5
4803,19,P20,no,1,0.38081192452773394,0.6224593312018546,0.6159095915435134,2767,2750,2026-06-01 14:14:42.926144,5
5966,20,P03,yes,1,-0.3549815974492958,0.358165954911269,0.3518057801362553,3673,3695,2026-06-01 14:14:42.931681,5
4804,19,P19,no,14,-4.755748566080001,0.6159095915435134,0.702892745013669,2767,2736,2026-06-01 14:14:42.946877,5
6531,21,P03,yes,2,-0.09486226392164099,0.04869667456442473,0.04618662486055427,4012,4121,2026-06-01 14:14:43.010080,5
4805,19,P13,no,1,0.3000185846999557,0.702892745013669,0.6970592839654074,2767,2737,2026-06-01 14:14:43.097252,5
2103,9,P18,yes,8,4.27704850488476,0.5069439979482607,0.5621765008857981,1682,1673,2026-06-01 14:14:43.105101,3
4806,19,P16,no,12,4.074918056852312,0.6970592839654074,0.6224593312018546,2767,2749,2026-06-01 14:14:43.116197,5
4807,19,P14,yes,3,-1.8378097737986536,0.6224593312018546,0.6026853379784917,2764,2749,2026-06-01 14:14:43.120474,5
4808,19,P19,yes,6,3.73435653968545,0.6026853379784917,0.6418340450887311,2770,2749,2026-06-01 14:14:43.120805,5
4809,19,P17,no,1,0.3613670834829463,0.6418340450887311,0.6354235592583607,2770,2750,2026-06-01 14:14:43.124716,5
4810,19,P15,no,3,1.1228980751579911,0.6354235592583607,0.6159095915435134,2770,2753,2026-06-01 14:14:43.153741,5
3170,11,P18,no,1,0.3939953052740748,0.6093175418435606,0.6026853379784917,1965,1950,2026-06-01 14:14:43.191447,3
3935,18,P17,yes,1,0.053404781457629724,0.05270556608289024,0.05410980348435149,1476,1579,2026-06-01 14:14:43.219544,5
2705,10,P18,yes,1,0.8354805720705372,0.8335655924457414,0.8373836916384682,1816,1757,2026-06-01 14:14:43.248940,3
4811,19,P11,yes,1,-0.6126170036000076,0.6159095915435134,0.6093175418435606,2769,2753,2026-06-01 14:14:43.255655,5
5967,20,P03,no,1,0.6513526546054891,0.3518057801362553,0.3454977507481214,3673,3696,2026-06-01 14:14:43.279215,5
4812,19,P10,no,3,1.2019768100594774,0.6093175418435606,0.5893093760914265,2769,2756,2026-06-01 14:14:43.298587,5
2104,9,P23,no,13,6.2750063856137785,0.5621765008857981,0.47225076494548685,1682,1686,2026-06-01 14:14:43.337916,3
3171,11,P09,no,1,-0.3939953052740748,0.6026853379784917,0.6093175418435606,1965,1949,2026-06-01 14:14:43.389854,3
2105,9,P08,yes,1,0.4757139608448142,0.47225076494548685,0.4791787146272571,1683,1686,2026-06-01 14:14:43.394594,3
2106,9,P18,yes,1,0.48264614119489124,0.4791787146272571,0.4861146822539951,1684,1686,2026-06-01 14:14:43.419707,3
3936,18,P05,no,1,0.9465952185421429,0.05410980348435149,0.05270556608289024,1476,1580,2026-06-01 14:14:43.425763,5
4813,19,P19,yes,2,1.1920184952141426,0.5893093760914265,0.6026853379784917,2771,2756,2026-06-01 14:14:43.445264,5
4814,19,P11,no,7,2.9461033180464256,0.6026853379784917,0.555328055262369,2771,2763,2026-06-01 14:14:43.489687,5
4815,19,P18,yes,1,0.5587541409072401,0.555328055262369,0.5621765008857981,2772,2763,2026-06-01 14:14:43.505952,5
6532,21,P03,yes,9,-0.3696836876733869,0.04618662486055427,0.03634146014678239,4003,4121,2026-06-01 14:14:43.506489,5
5968,20,P15,yes,1,-0.3423661268516298,0.3454977507481214,0.33924363123418283,3672,3696,2026-06-01 14:14:43.507778,5
2107,9,P18,no,5,-2.4826461411948912,0.4861146822539951,0.520821285372743,1684,1681,2026-06-01 14:14:43.512993,3
2108,9,P18,yes,5,2.6905255126343945,0.520821285372743,0.555328055262369,1689,1681,2026-06-01 14:14:43.545320,3
2706,10,P09,no,2,0.33289261948129933,0.8373836916384682,0.8296760813561542,1816,1759,2026-06-01 14:14:43.549355,3
2109,9,P22,yes,1,-0.5518949420409172,0.555328055262369,0.548458527973277,1688,1681,2026-06-01 14:14:43.558029,3
2110,9,P13,yes,1,-0.5450159411032018,0.548458527973277,0.5415704832167999,1687,1681,2026-06-01 14:14:43.562761,3
5969,20,P24,yes,8,2.9176432247363664,0.33924363123418283,0.3906824581564393,3680,3696,2026-06-01 14:14:43.615577,5
2111,9,P23,yes,1,-0.5381197166909715,0.5415704832167999,0.534666513353404,1686,1681,2026-06-01 14:14:43.631140,3
3937,18,P03,no,1,0.9479821612655996,0.05270556608289024,0.05133579311531625,1476,1581,2026-06-01 14:14:43.643810,5
2112,9,P19,no,1,0.4687911263558817,0.534666513353404,0.5277492350545132,1686,1682,2026-06-01 14:14:43.660074,3
5970,20,P15,no,1,0.6126170036000076,0.3906824581564393,0.3840904084564866,3680,3697,2026-06-01 14:14:43.672418,5
1386,8,P18,no,14,6.132219251880997,0.6093175418435606,0.5138853177460049,1354,1352,2026-06-01 14:14:43.683309,3
1387,8,P11,no,1,-0.4826461411951186,0.5138853177460049,0.520821285372743,1354,1351,2026-06-01 14:14:43.699787,3
2113,9,P11,no,2,0.9583601020397055,0.5277492350545132,0.5138853177460049,1686,1684,2026-06-01 14:14:43.699915,3
1388,8,P23,yes,1,0.5242860391549584,0.520821285372743,0.5277492350545132,1355,1351,2026-06-01 14:14:43.725291,3
1389,8,P20,yes,1,0.5312088736441183,0.5277492350545132,0.534666513353404,1356,1351,2026-06-01 14:14:43.761914,3
4816,19,P15,no,1,0.44124585909275993,0.5621765008857981,0.555328055262369,2772,2764,2026-06-01 14:14:43.777408,5
4817,19,P03,yes,7,4.053896681953574,0.555328055262369,0.6026853379784917,2779,2764,2026-06-01 14:14:43.799403,5
1390,8,P22,yes,1,0.5381197166909715,0.534666513353404,0.5415704832167999,1357,1351,2026-06-01 14:14:43.807898,3
1391,8,P01,yes,1,0.5450159411034292,0.5415704832167999,0.548458527973277,1358,1351,2026-06-01 14:14:43.810132,3
4818,19,P09,yes,1,0.6060046947259252,0.6026853379784917,0.6093175418435606,2780,2764,2026-06-01 14:14:43.825241,5
1392,8,P20,yes,8,4.605791623994946,0.548458527973277,0.6026853379784917,1366,1351,2026-06-01 14:14:43.858664,3
3172,11,P18,yes,1,-0.6060046947259252,0.6093175418435606,0.6026853379784917,1964,1949,2026-06-01 14:14:43.887236,3
5971,20,P15,yes,8,-2.8663998991278277,0.3840904084564866,0.3330451148264414,3672,3697,2026-06-01 14:14:43.907709,5
4819,19,P03,no,1,-0.38738299639953766,0.6093175418435606,0.6159095915435134,2780,2763,2026-06-01 14:14:43.975447,5
4820,19,P02,no,1,0.38738299639953766,0.6159095915435134,0.6093175418435606,2780,2764,2026-06-01 14:14:43.992304,5
2114,9,P18,no,1,-0.48264614119489124,0.5138853177460049,0.520821285372743,1686,1683,2026-06-01 14:14:44.130385,3
4821,19,P12,no,11,4.7050680234851825,0.6093175418435606,0.534666513353404,2780,2775,2026-06-01 14:14:44.145136,5
4822,19,P10,yes,1,0.5381197166907441,0.534666513353404,0.5415704832167999,2781,2775,2026-06-01 14:14:44.146552,5
4823,19,P19,no,16,-6.4698174926656975,0.5415704832167999,0.6481942198637447,2781,2759,2026-06-01 14:14:44.215490,5
4824,19,P19,no,1,-0.34864734539496567,0.6481942198637447,0.6545022492518787,2781,2758,2026-06-01 14:14:44.220784,5
4825,19,P12,no,9,3.369919069466505,0.6545022492518787,0.5960151933265168,2781,2767,2026-06-01 14:14:44.252050,5
5972,20,P21,yes,3,1.0271531430375944,0.3330451148264414,0.3518057801362553,3675,3697,2026-06-01 14:14:44.263369,5
5973,20,P09,no,9,6.083498190010232,0.3518057801362553,0.2971072549863309,3675,3706,2026-06-01 14:14:44.266507,5
5974,20,P10,yes,1,0.30001858469950093,0.2971072549863309,0.3029407160345927,3676,3706,2026-06-01 14:14:44.313906,5
5975,20,P09,yes,1,0.3058842517325502,0.3029407160345927,0.30883838763748533,3677,3706,2026-06-01 14:14:44.326577,5
5976,20,P20,no,4,-2.7165541694798776,0.30883838763748533,0.3330451148264414,3677,3702,2026-06-01 14:14:44.345258,5
3938,18,P22,no,1,0.9493350125401321,0.05133579311531625,0.049999740399933254,1476,1582,2026-06-01 14:14:44.417698,5
4826,19,P04,yes,1,-0.5926651615218361,0.5960151933265168,0.5893093760914265,2780,2767,2026-06-01 14:14:44.458730,5
5977,20,P03,no,1,0.6700303657012228,0.3330451148264414,0.32690382227776793,3677,3703,2026-06-01 14:14:44.484094,5
3173,11,P09,no,1,0.40064666630746615,0.6026853379784917,0.5960151933265168,1964,1950,2026-06-01 14:14:44.504879,3
5978,20,P11,yes,1,0.32996963429877724,0.32690382227776793,0.3330451148264414,3678,3703,2026-06-01 14:14:44.652954,5
5979,20,P24,yes,7,2.4855879746000937,0.3330451148264414,0.37754066879814546,3685,3703,2026-06-01 14:14:44.658348,5
5980,20,P24,no,1,0.6257157842683227,0.37754066879814546,0.3710353350500268,3685,3704,2026-06-01 14:14:44.677211,5
2115,9,P09,yes,1,-0.5173538588051088,0.520821285372743,0.5138853177460049,1685,1683,2026-06-01 14:14:44.715255,3
3174,11,P09,yes,3,-1.7577952461974746,0.5960151933265168,0.5758000536158003,1961,1950,2026-06-01 14:14:44.766653,3
5981,20,P17,yes,1,0.37428421573167725,0.3710353350500268,0.37754066879814546,3686,3704,2026-06-01 14:14:44.806787,5
3939,18,P22,no,1,0.9506545111551077,0.049999740399933254,0.04869667456442473,1476,1583,2026-06-01 14:14:44.917976,5
3940,18,P05,no,10,9.572286109128072,0.04869667456442473,0.037326887344129464,1476,1593,2026-06-01 14:14:44.967388,5
4827,19,P09,yes,1,0.5926651615218361,0.5893093760914265,0.5960151933265168,2781,2767,2026-06-01 14:14:44.968263,5
6533,21,P09,yes,16,0.724805613243916,0.03634146014678239,0.055549260157611746,4019,4121,2026-06-01 14:14:44.969839,5
4828,19,P19,yes,1,0.5993533336923065,0.5960151933265168,0.6026853379784917,2782,2767,2026-06-01 14:14:45.050520,5
3175,11,P03,yes,1,0.5791876120235884,0.5758000536158003,0.5825702064623147,1962,1950,2026-06-01 14:14:45.070630,3
3176,11,P09,no,2,-0.8213923658263411,0.5825702064623147,0.5960151933265168,1962,1948,2026-06-01 14:14:45.081271,3
3177,11,P09,yes,1,0.5993533336929886,0.5960151933265168,0.6026853379784917,1963,1948,2026-06-01 14:14:45.084780,3
6534,21,P19,no,1,0.9451734348476748,0.055549260157611746,0.05410980348435149,4019,4122,2026-06-01 14:14:45.126890,5
4829,19,P04,no,1,0.4006466663072388,0.6026853379784917,0.5960151933265168,2782,2768,2026-06-01 14:14:45.135562,5
3178,11,P18,no,1,0.4006466663070114,0.6026853379784917,0.5960151933265168,1963,1949,2026-06-01 14:14:45.194696,3
4830,19,P19,yes,3,1.8179750320191488,0.5960151933265168,0.6159095915435134,2785,2768,2026-06-01 14:14:45.245597,5
5982,20,P03,yes,1,-0.37428421573167725,0.37754066879814546,0.3710353350500268,3685,3704,2026-06-01 14:14:45.261469,5
5983,20,P24,no,12,7.99934757417941,0.3710353350500268,0.2971072549863309,3685,3716,2026-06-01 14:14:45.293924,5
4831,19,P10,no,1,0.3873829963999924,0.6159095915435134,0.6093175418435606,2785,2769,2026-06-01 14:14:45.295392,5
5984,20,P20,yes,1,0.3000185846999557,0.2971072549863309,0.3029407160345927,3686,3716,2026-06-01 14:14:45.296740,5
4832,19,P19,yes,7,4.424722902115263,0.6093175418435606,0.6545022492518787,2792,2769,2026-06-01 14:14:45.328012,5
5985,20,P10,no,1,-0.6941157482679046,0.3029407160345927,0.30883838763748533,3686,3715,2026-06-01 14:14:45.360062,5
3784,17,P24,yes,2,0.07668469990971971,0.037326887344129464,0.039375324260408275,1202,1317,2026-06-01 14:14:45.378342,5
4833,19,P12,no,1,0.3486473453945109,0.6545022492518787,0.6481942198637447,2792,2770,2026-06-01 14:14:45.474608,5
4834,19,P03,no,2,-0.6910134722465955,0.6481942198637447,0.6607563687658172,2792,2768,2026-06-01 14:14:45.475400,5
5986,20,P10,no,4,-2.7165541694798776,0.30883838763748533,0.3330451148264414,3686,3711,2026-06-01 14:14:45.478439,5
4835,19,P11,yes,4,-2.5926378468211624,0.6607563687658172,0.6354235592583607,2788,2768,2026-06-01 14:14:45.518734,5
4836,19,P15,yes,2,1.2836513190677579,0.6354235592583607,0.6481942198637447,2790,2768,2026-06-01 14:14:45.525440,5
5987,20,P03,yes,13,-3.8308166230726783,0.3330451148264414,0.2581597095111632,3673,3711,2026-06-01 14:14:45.537370,5
4837,19,P03,yes,1,0.6513526546050343,0.6481942198637447,0.6545022492518787,2791,2768,2026-06-01 14:14:45.550404,5
4838,19,P03,no,13,-3.9822685028702836,0.6545022492518787,0.7310585786300049,2791,2755,2026-06-01 14:14:45.553866,5
4839,19,P11,yes,2,-1.4511013214778359,0.7310585786300049,0.7199965396446176,2789,2755,2026-06-01 14:14:45.592254,5
5988,20,P10,yes,1,0.26083150245221987,0.2581597095111632,0.26351515505832507,3674,3711,2026-06-01 14:14:45.624723,5
5989,20,P18,yes,12,3.5699851206204585,0.26351515505832507,0.3330451148264414,3686,3711,2026-06-01 14:14:45.636935,5
4840,19,P10,no,1,0.2828148504527235,0.7199965396446176,0.7143624294910559,2789,2756,2026-06-01 14:14:45.644932,5
4841,19,P17,no,17,5.7258320717801325,0.7143624294910559,0.6093175418435606,2789,2773,2026-06-01 14:14:45.675311,5
4842,19,P15,yes,4,-2.3839656625923453,0.6093175418435606,0.5825702064623147,2785,2773,2026-06-01 14:14:45.753734,5
5990,20,P17,yes,4,-1.2834458305201224,0.3330451148264414,0.30883838763748533,3682,3711,2026-06-01 14:14:45.774828,5
5991,20,P01,yes,2,0.6296185947726372,0.30883838763748533,0.32082130082460697,3684,3711,2026-06-01 14:14:45.794539,5
5992,20,P03,yes,13,-3.682764868630329,0.32082130082460697,0.2476638011390716,3671,3711,2026-06-01 14:14:45.815013,5
2116,9,P09,no,1,0.4895850074617556,0.5138853177460049,0.5069439979482607,1685,1684,2026-06-01 14:14:45.823038,3
5993,20,P23,yes,1,0.25026374101798865,0.2476638011390716,0.25287573272933045,3672,3711,2026-06-01 14:14:45.825163,5
5994,20,P16,yes,10,2.8028825328397033,0.25287573272933045,0.30883838763748533,3682,3711,2026-06-01 14:14:45.829232,5
5995,20,P11,yes,1,0.31181351241730226,0.30883838763748533,0.3147990233346844,3683,3711,2026-06-01 14:14:45.844057,5
2117,9,P09,no,2,-0.9722311486566468,0.5069439979482607,0.520821285372743,1685,1682,2026-06-01 14:14:45.952994,3
4843,19,P11,yes,7,4.241486525933851,0.5825702064623147,0.6289646649499733,2792,2773,2026-06-01 14:14:45.968301,5
5996,20,P13,no,1,-0.6821949176442104,0.3147990233346844,0.32082130082460697,3683,3710,2026-06-01 14:14:45.979812,5
5997,20,P03,no,2,1.3703814052273628,0.32082130082460697,0.30883838763748533,3683,3712,2026-06-01 14:14:46.000482,5
4844,19,P09,no,9,-3.0829360769716914,0.6289646649499733,0.6852009766653157,2792,2764,2026-06-01 14:14:46.003369,5
5998,20,P17,yes,8,2.6655805710070126,0.30883838763748533,0.358165954911269,3691,3712,2026-06-01 14:14:46.024459,5
4845,19,P23,no,8,2.7151341420731114,0.6852009766653157,0.6354235592583607,2792,2772,2026-06-01 14:14:46.097461,5
5999,20,P15,yes,1,0.3613670834829463,0.358165954911269,0.36457644074163925,3692,3712,2026-06-01 14:14:46.121353,5
4846,19,P02,yes,1,-0.6321980651018748,0.6354235592583607,0.6289646649499733,2791,2772,2026-06-01 14:14:46.169854,5
6535,21,P03,yes,7,-0.3458752453489069,0.05410980348435149,0.04497822937897771,4012,4122,2026-06-01 14:14:46.179444,5
3785,17,P24,yes,1,0.03990517766078483,0.039375324260408275,0.04043956481800324,1203,1317,2026-06-01 14:14:46.187599,5
6000,20,P09,no,12,8.072931789283302,0.36457644074163925,0.29133917497056444,3692,3724,2026-06-01 14:14:46.204668,5
6001,20,P02,no,1,-0.7057822802057672,0.29133917497056444,0.2971072549863309,3692,3723,2026-06-01 14:14:46.237887,5
6002,20,P14,yes,1,0.3000185846999557,0.2971072549863309,0.3029407160345927,3693,3723,2026-06-01 14:14:46.244232,5
6003,20,P11,yes,1,0.3058842517325502,0.3029407160345927,0.30883838763748533,3694,3723,2026-06-01 14:14:46.245402,5
2118,9,P09,no,1,0.48264614119489124,0.520821285372743,0.5138853177460049,1685,1683,2026-06-01 14:14:46.248186,3
6004,20,P21,yes,9,3.026947654489959,0.30883838763748533,0.36457644074163925,3703,3723,2026-06-01 14:14:46.256661,5
4847,19,P09,no,1,0.37428421573167725,0.6289646649499733,0.6224593312018546,2791,2773,2026-06-01 14:14:46.264144,5
3179,11,P09,yes,1,0.5993533336927612,0.5960151933265168,0.6026853379784917,1964,1949,2026-06-01 14:14:46.330087,3
4848,19,P03,no,18,-5.7893506798277485,0.6224593312018546,0.7310585786300049,2791,2755,2026-06-01 14:14:46.341269,5
2119,9,P09,yes,4,-2.0,0.5138853177460049,0.4861146822539951,1681,1683,2026-06-01 14:14:46.343434,3
4849,19,P13,no,1,0.27168379488421124,0.7310585786300049,0.7255622121589215,2791,2756,2026-06-01 14:14:46.434267,5
4850,19,P09,no,5,1.442748828090771,0.7255622121589215,0.6970592839654074,2791,2761,2026-06-01 14:14:46.448846,5
4851,19,P03,no,15,-3.922406445197794,0.6970592839654074,0.7772998611746911,2791,2746,2026-06-01 14:14:46.464574,5
4852,19,P01,yes,1,-0.7748832883326031,0.7772998611746911,0.7724543828071839,2790,2746,2026-06-01 14:14:46.469221,5
3180,11,P21,yes,8,-4.605791623994492,0.6026853379784917,0.548458527973277,1956,1949,2026-06-01 14:14:46.510508,3
3181,11,P12,no,10,-4.175586677679121,0.548458527973277,0.6159095915435134,1956,1939,2026-06-01 14:14:46.517382,3
4853,19,P02,no,9,2.254540905439626,0.7724543828071839,0.7255622121589215,2790,2755,2026-06-01 14:14:46.525618,5
4854,19,P14,yes,1,-0.7227851163620471,0.7255622121589215,0.7199965396446176,2789,2755,2026-06-01 14:14:46.592165,5
3182,11,P09,yes,1,0.6191880754727208,0.6159095915435134,0.6224593312018546,1957,1939,2026-06-01 14:14:46.616058,3
6005,20,P17,no,8,-4.873684591035271,0.36457644074163925,0.41742979353768533,3703,3715,2026-06-01 14:14:46.636145,5
4855,19,P03,yes,1,0.7227851163620471,0.7199965396446176,0.7255622121589215,2790,2755,2026-06-01 14:14:46.637233,5
6536,21,P19,yes,7,-0.28727174201958405,0.04497822937897771,0.037326887344129464,4005,4122,2026-06-01 14:14:46.637514,5
6006,20,P04,no,7,4.2414865259333965,0.41742979353768533,0.3710353350500268,3703,3722,2026-06-01 14:14:46.638059,5
2707,10,P09,yes,1,0.8316268084481635,0.8296760813561542,0.8335655924457414,1817,1759,2026-06-01 14:14:46.667209,3
4856,19,P21,no,4,1.14273024339127,0.7255622121589215,0.702892745013669,2790,2759,2026-06-01 14:14:46.708949,5
3183,11,P21,yes,1,0.625715784267868,0.6224593312018546,0.6289646649499733,1958,1939,2026-06-01 14:14:46.712568,3
4857,19,P03,yes,6,4.31936354633217,0.702892745013669,0.736484844941675,2796,2759,2026-06-01 14:14:46.712991,5
4858,19,P21,no,2,0.5379062102770149,0.736484844941675,0.7255622121589215,2796,2761,2026-06-01 14:14:46.775521,5
4859,19,P14,no,6,1.7486330798233212,0.7255622121589215,0.6911616123625146,2796,2767,2026-06-01 14:14:46.796854,5
6537,21,P09,yes,1,0.037830266367564036,0.037326887344129464,0.03833797212535963,4006,4122,2026-06-01 14:14:46.799259,5
4860,19,P01,no,1,0.3118135124168475,0.6911616123625146,0.6852009766653157,2796,2768,2026-06-01 14:14:46.812240,5
6007,20,P15,no,12,7.99934757417941,0.3710353350500268,0.2971072549863309,3703,3734,2026-06-01 14:14:46.841156,5
3184,11,P09,no,1,-0.36780193489835256,0.6289646649499733,0.6354235592583607,1958,1938,2026-06-01 14:14:46.844477,3
6008,20,P04,yes,7,2.225488337743627,0.2971072549863309,0.33924363123418283,3710,3734,2026-06-01 14:14:46.851651,5
4861,19,P12,yes,11,-7.161967782769352,0.6852009766653157,0.6159095915435134,2785,2768,2026-06-01 14:14:46.885392,5
3185,11,P18,no,7,2.7122578816172336,0.6354235592583607,0.5893093760914265,1958,1945,2026-06-01 14:14:46.927363,3
4862,19,P09,yes,7,4.469739771663171,0.6159095915435134,0.6607563687658172,2792,2768,2026-06-01 14:14:46.976838,5
4863,19,P10,no,8,2.9176432247363664,0.6607563687658172,0.6093175418435606,2792,2776,2026-06-01 14:14:46.991099,5
3186,11,P18,yes,4,-2.303124045832419,0.5893093760914265,0.5621765008857981,1954,1945,2026-06-01 14:14:47.027948,3
2120,9,P18,no,1,0.5173538588051088,0.4861146822539951,0.4791787146272571,1681,1684,2026-06-01 14:14:47.069486,3
6009,20,P15,no,12,8.360097623980892,0.33924363123418283,0.2689414213699951,3710,3746,2026-06-01 14:14:47.113602,5
2121,9,P09,yes,1,0.48264614119489124,0.4791787146272571,0.4861146822539951,1682,1684,2026-06-01 14:14:47.126437,3
6010,20,P08,yes,9,2.6499354694806243,0.2689414213699951,0.32082130082460697,3719,3746,2026-06-01 14:14:47.128544,5
4864,19,P01,yes,6,3.773370247510229,0.6093175418435606,0.6481942198637447,2798,2776,2026-06-01 14:14:47.141597,5
3187,11,P21,yes,1,0.5655909891554529,0.5621765008857981,0.5690013325681905,1955,1945,2026-06-01 14:14:47.144248,3
6011,20,P15,yes,4,1.332333033390114,0.32082130082460697,0.3454977507481214,3723,3746,2026-06-01 14:14:47.178822,5
4865,19,P03,yes,1,0.6513526546050343,0.6481942198637447,0.6545022492518787,2799,2776,2026-06-01 14:14:47.194678,5
6012,20,P24,no,6,4.038048371837249,0.3454977507481214,0.30883838763748533,3723,3752,2026-06-01 14:14:47.200585,5
3941,18,P24,yes,1,0.03783026636801878,0.037326887344129464,0.03833797212535963,1477,1593,2026-06-01 14:14:47.201125,5
4866,19,P03,yes,5,3.349861884254551,0.6545022492518787,0.6852009766653157,2804,2776,2026-06-01 14:14:47.247751,5
4867,19,P19,no,10,-2.859184304969858,0.6852009766653157,0.7418402904888368,2804,2766,2026-06-01 14:14:47.249835,5
4868,19,P19,yes,1,0.7444882597133073,0.7418402904888368,0.7471242672706695,2805,2766,2026-06-01 14:14:47.253759,5
2708,10,P09,no,2,-0.32525624901245465,0.8335655924457414,0.8411308951190849,1817,1757,2026-06-01 14:14:47.258324,3
4869,19,P20,no,11,3.114696045256551,0.7471242672706695,0.6852009766653157,2805,2777,2026-06-01 14:14:47.263211,5
3188,11,P21,yes,5,2.929551551891336,0.5690013325681905,0.6026853379784917,1960,1945,2026-06-01 14:14:47.268429,3
4870,19,P14,no,7,2.353767058590165,0.6852009766653157,0.6418340450887311,2805,2784,2026-06-01 14:14:47.272139,5
6013,20,P04,no,1,-0.6881864875831525,0.30883838763748533,0.3147990233346844,3723,3751,2026-06-01 14:14:47.298789,5
4871,19,P17,yes,9,6.028535177260437,0.6418340450887311,0.6970592839654074,2814,2784,2026-06-01 14:14:47.305907,5
6014,20,P01,yes,1,0.31780508235578964,0.3147990233346844,0.32082130082460697,3724,3751,2026-06-01 14:14:47.309099,5
6015,20,P03,no,7,4.89896320904154,0.32082130082460697,0.2800034603553825,3724,3758,2026-06-01 14:14:47.310208,5
4872,19,P08,yes,8,-5.383516774710188,0.6970592839654074,0.6481942198637447,2806,2784,2026-06-01 14:14:47.312969,5
4873,19,P24,yes,7,4.689401026442283,0.6481942198637447,0.6911616123625146,2813,2784,2026-06-01 14:14:47.335849,5
6016,20,P17,no,8,5.933198750763495,0.2800034603553825,0.23745802834390253,3724,3766,2026-06-01 14:14:47.363620,5
6017,20,P21,yes,4,0.9908486528697722,0.23745802834390253,0.2581597095111632,3728,3766,2026-06-01 14:14:47.399832,5
6018,20,P20,yes,1,0.26083150245221987,0.2581597095111632,0.26351515505832507,3729,3766,2026-06-01 14:14:47.404341,5
4874,19,P02,no,1,0.31181351241730226,0.6911616123625146,0.6852009766653157,2813,2785,2026-06-01 14:14:47.449685,5
6019,20,P21,yes,1,0.2662224153923489,0.26351515505832507,0.2689414213699951,3730,3766,2026-06-01 14:14:47.451383,5
2122,9,P18,yes,5,-2.344015570601414,0.4861146822539951,0.4515414720267231,1677,1684,2026-06-01 14:14:47.451992,3
6020,20,P21,yes,3,0.8317135289748876,0.2689414213699951,0.2856375705089441,3733,3766,2026-06-01 14:14:47.455941,5
6021,20,P13,yes,2,0.5827005093005937,0.2856375705089441,0.2971072549863309,3735,3766,2026-06-01 14:14:47.457672,5
6022,20,P23,no,9,-6.083498190010232,0.2971072549863309,0.3518057801362553,3735,3757,2026-06-01 14:14:47.462955,5
4875,19,P12,no,1,0.31780508235578964,0.6852009766653157,0.679178699175393,2813,2786,2026-06-01 14:14:47.473999,5
4876,19,P15,no,7,-2.10103679095846,0.679178699175393,0.7199965396446176,2813,2779,2026-06-01 14:14:47.475067,5
2709,10,P18,yes,1,0.8429751626781581,0.8411308951190849,0.844807753762903,1818,1757,2026-06-01 14:14:47.484222,3
6023,20,P15,no,9,6.083498190010232,0.3518057801362553,0.2971072549863309,3735,3766,2026-06-01 14:14:47.527830,5
4877,19,P12,no,1,0.28281485045226873,0.7199965396446176,0.7143624294910559,2813,2780,2026-06-01 14:14:47.537895,5
4878,19,P09,no,1,0.2884827895068156,0.7143624294910559,0.7086608250294356,2813,2781,2026-06-01 14:14:47.538631,5
4879,19,P02,no,1,0.29421771979423283,0.7086608250294356,0.702892745013669,2813,2782,2026-06-01 14:14:47.539702,5
4880,19,P04,no,1,0.30001858469950093,0.702892745013669,0.6970592839654074,2813,2783,2026-06-01 14:14:47.559947,5
4881,19,P13,yes,10,-6.667168093777036,0.6970592839654074,0.6354235592583607,2803,2783,2026-06-01 14:14:47.566471,5
2123,9,P22,no,1,-0.5450159411034292,0.4515414720267231,0.45842951678320015,1677,1683,2026-06-01 14:14:47.566947,3
6024,20,P17,yes,16,5.537126867753614,0.2971072549863309,0.3973146620215083,3751,3766,2026-06-01 14:14:47.574838,5
6025,20,P08,no,3,1.8378097737986536,0.3973146620215083,0.37754066879814546,3751,3769,2026-06-01 14:14:47.586081,5
6538,21,P15,yes,12,0.5419119395437519,0.03833797212535963,0.05270556608289024,4018,4122,2026-06-01 14:14:47.600608,5
4882,19,P03,yes,7,4.602670940282678,0.6354235592583607,0.679178699175393,2810,2783,2026-06-01 14:14:47.635272,5
6026,20,P11,yes,1,-0.37428421573167725,0.37754066879814546,0.3710353350500268,3750,3769,2026-06-01 14:14:47.636502,5
2124,9,P11,yes,1,0.4618802833090285,0.45842951678320015,0.46533348664659613,1678,1683,2026-06-01 14:14:47.695944,3
6027,20,P10,no,1,0.6321980651018748,0.3710353350500268,0.36457644074163925,3750,3770,2026-06-01 14:14:47.708620,5
2125,9,P13,yes,1,0.4687911263558817,0.46533348664659613,0.47225076494548685,1679,1683,2026-06-01 14:14:47.731173,3
4883,19,P19,yes,3,2.064497153494358,0.679178699175393,0.6970592839654074,2813,2783,2026-06-01 14:14:47.773736,5
6028,20,P03,yes,1,-0.3613670834829463,0.36457644074163925,0.358165954911269,3749,3770,2026-06-01 14:14:47.790378,5
6539,21,P24,yes,1,0.05340478145717498,0.05270556608289024,0.05410980348435149,4019,4122,2026-06-01 14:14:47.792160,5
6029,20,P15,no,1,0.6450184025502494,0.358165954911269,0.3518057801362553,3749,3771,2026-06-01 14:14:47.880384,5
6540,21,P03,no,1,0.946595218542825,0.05410980348435149,0.05270556608289024,4019,4123,2026-06-01 14:14:47.904514,5
4884,19,P15,yes,12,8.767664806310677,0.6970592839654074,0.7625419716560975,2825,2783,2026-06-01 14:14:47.916208,5
4885,19,P24,no,1,0.23998512580601528,0.7625419716560975,0.7574755792628283,2825,2784,2026-06-01 14:14:47.933107,5
4886,19,P06,no,9,2.398113763389574,0.7574755792628283,0.7086608250294356,2825,2793,2026-06-01 14:14:47.935550,5
4887,19,P12,yes,8,-5.480293942462595,0.7086608250294356,0.6607563687658172,2817,2793,2026-06-01 14:14:47.978616,5
6541,21,P03,yes,1,-0.05201783873508248,0.05270556608289024,0.05133579311531625,4018,4123,2026-06-01 14:14:48.003129,5
4888,19,P03,no,1,-0.33613967079099893,0.6607563687658172,0.6669548851735586,2817,2792,2026-06-01 14:14:48.021536,5
6030,20,P22,no,1,-0.6450184025502494,0.3518057801362553,0.358165954911269,3749,3770,2026-06-01 14:14:48.039326,5
4889,19,P09,no,1,0.33613967079099893,0.6669548851735586,0.6607563687658172,2817,2793,2026-06-01 14:14:48.060740,5
4890,19,P03,yes,1,0.6638603292090011,0.6607563687658172,0.6669548851735586,2818,2793,2026-06-01 14:14:48.092369,5
6031,20,P03,no,3,1.954004930303654,0.358165954911269,0.33924363123418283,3749,3773,2026-06-01 14:14:48.187374,5
6032,20,P15,no,1,-0.6576338731483702,0.33924363123418283,0.3454977507481214,3749,3772,2026-06-01 14:14:48.207157,5
6542,21,P09,yes,4,0.21653313525621343,0.05133579311531625,0.0570247014210931,4022,4123,2026-06-01 14:14:48.217566,5
4891,19,P11,no,3,1.0271531430371397,0.6669548851735586,0.6481942198637447,2818,2796,2026-06-01 14:14:48.269217,5
6033,20,P03,yes,2,-0.6785057976426287,0.3454977507481214,0.3330451148264414,3747,3772,2026-06-01 14:14:48.346659,5
4892,19,P03,no,12,-3.7820171697426304,0.6481942198637447,0.7199965396446176,2818,2784,2026-06-01 14:14:48.356701,5
6034,20,P17,yes,15,5.7182266489098765,0.3330451148264414,0.4309986674318095,3762,3772,2026-06-01 14:14:48.362283,5
6035,20,P14,no,1,0.5724029720013277,0.4309986674318095,0.4241999463841996,3762,3773,2026-06-01 14:14:48.364538,5
3942,18,P24,yes,2,0.07875961120271313,0.03833797212535963,0.04043956481800324,1479,1593,2026-06-01 14:14:48.367492,5
6036,20,P15,no,5,2.963153274616161,0.4241999463841996,0.3906824581564393,3762,3778,2026-06-01 14:14:48.378663,5
4893,19,P15,no,4,1.165533944452818,0.7199965396446176,0.6970592839654074,2818,2788,2026-06-01 14:14:48.385949,5
6037,20,P10,no,3,1.8575208633410512,0.3906824581564393,0.3710353350500268,3762,3781,2026-06-01 14:14:48.446951,5
4894,19,P21,no,2,0.6176977641498524,0.6970592839654074,0.6852009766653157,2818,2790,2026-06-01 14:14:48.463662,5
2126,9,P18,no,4,2.1662394734796635,0.47225076494548685,0.444671944737631,1679,1687,2026-06-01 14:14:48.518764,3
4895,19,P13,no,1,0.3178050823553349,0.6852009766653157,0.679178699175393,2818,2791,2026-06-01 14:14:48.522569,5
6038,20,P22,no,1,0.6321980651018748,0.3710353350500268,0.36457644074163925,3762,3782,2026-06-01 14:14:48.539848,5
2127,9,P23,yes,5,2.309474487365378,0.444671944737631,0.4791787146272571,1684,1687,2026-06-01 14:14:48.553550,3
3189,11,P09,yes,1,0.6060046947259252,0.6026853379784917,0.6093175418435606,1961,1945,2026-06-01 14:14:48.571958,3
4896,19,P23,yes,11,-7.092389868725149,0.679178699175393,0.6093175418435606,2807,2791,2026-06-01 14:14:48.608966,5
4897,19,P03,yes,6,3.773370247510229,0.6093175418435606,0.6481942198637447,2813,2791,2026-06-01 14:14:48.644309,5
6039,20,P03,no,1,0.6386329165165989,0.36457644074163925,0.358165954911269,3762,3783,2026-06-01 14:14:48.655337,5
4898,19,P03,no,1,-0.34864734539496567,0.6481942198637447,0.6545022492518787,2813,2790,2026-06-01 14:14:48.655845,5
6543,21,P09,yes,1,0.057777706214437785,0.0570247014210931,0.05853690287436789,4023,4123,2026-06-01 14:14:48.659295,5
6040,20,P03,yes,1,-0.35498159744975055,0.358165954911269,0.3518057801362553,3761,3783,2026-06-01 14:14:48.663144,5
2128,9,P09,no,5,-2.5173538588051088,0.4791787146272571,0.5138853177460049,1684,1682,2026-06-01 14:14:48.819551,3
3943,18,P24,yes,6,0.2630653983239881,0.04043956481800324,0.04742587317756679,1485,1593,2026-06-01 14:14:48.882327,5
4899,19,P19,no,1,-0.3423661268516298,0.6545022492518787,0.6607563687658172,2813,2789,2026-06-01 14:14:48.958795,5
6041,20,P03,yes,1,-0.3486473453945109,0.3518057801362553,0.3454977507481214,3760,3783,2026-06-01 14:14:48.964988,5
3944,18,P22,no,8,7.658174990473299,0.04742587317756679,0.03833797212535963,1485,1601,2026-06-01 14:14:48.981513,5
3190,11,P09,no,1,0.3939953052740748,0.6093175418435606,0.6026853379784917,1961,1946,2026-06-01 14:14:49.000692,3
3945,18,P24,yes,4,0.1618316516521645,0.03833797212535963,0.042651252130942854,1489,1601,2026-06-01 14:14:49.014317,5
3191,11,P18,yes,3,1.8378097737986536,0.6026853379784917,0.6224593312018546,1964,1946,2026-06-01 14:14:49.113562,3
6544,21,P17,no,15,-13.926882931449654,0.05853690287436789,0.08618664479793421,4023,4108,2026-06-01 14:14:49.164538,5
6042,20,P15,yes,5,1.807082176957465,0.3454977507481214,0.37754066879814546,3765,3783,2026-06-01 14:14:49.183581,5
6043,20,P03,no,1,0.6257157842687775,0.37754066879814546,0.3710353350500268,3765,3784,2026-06-01 14:14:49.231783,5
2710,10,P18,no,1,-0.15338290922727538,0.844807753762903,0.8484148512107131,1818,1756,2026-06-01 14:14:49.236578,3
6545,21,P13,no,7,6.447506465367951,0.08618664479793421,0.07205414361856403,4023,4115,2026-06-01 14:14:49.250138,5
3946,18,P05,no,4,3.838168348348063,0.042651252130942854,0.03833797212535963,1489,1605,2026-06-01 14:14:49.251305,5
3192,11,P18,no,1,0.38081192452750656,0.6224593312018546,0.6159095915435134,1964,1947,2026-06-01 14:14:49.265501,3
6044,20,P24,no,1,0.6321980651009653,0.3710353350500268,0.36457644074163925,3765,3785,2026-06-01 14:14:49.279771,5
6045,20,P15,yes,1,-0.3613670834829463,0.36457644074163925,0.358165954911269,3764,3785,2026-06-01 14:14:49.286632,5
4900,19,P03,no,1,-0.33613967079099893,0.6607563687658172,0.6669548851735586,2813,2788,2026-06-01 14:14:49.358719,5
3786,17,P17,yes,11,0.5165571097982138,0.04043956481800324,0.05410980348435149,1214,1317,2026-06-01 14:14:49.404852,5
4901,19,P09,no,1,0.33613967079099893,0.6669548851735586,0.6607563687658172,2813,2789,2026-06-01 14:14:49.411645,5
6546,21,P19,yes,1,-0.07113282368209184,0.07205414361856403,0.0702187918305528,4022,4115,2026-06-01 14:14:49.458871,5
6046,20,P24,no,1,0.6450184025507042,0.358165954911269,0.3518057801362553,3764,3786,2026-06-01 14:14:49.519889,5
6047,20,P03,yes,15,-4.597138263657598,0.3518057801362553,0.26351515505832507,3749,3786,2026-06-01 14:14:49.533871,5
6048,20,P02,no,2,-1.4620937897234398,0.26351515505832507,0.2744377878410785,3749,3784,2026-06-01 14:14:49.598281,5
6547,21,P24,yes,5,0.3746879085647379,0.0702187918305528,0.07984576661461423,4027,4115,2026-06-01 14:14:49.701439,5
6548,21,P03,yes,1,-0.07883324699378136,0.07984576661461423,0.07782859364011989,4026,4115,2026-06-01 14:14:49.728119,5
6049,20,P14,yes,1,0.2772148836384076,0.2744377878410785,0.2800034603553825,3750,3784,2026-06-01 14:14:49.748767,5
6050,20,P08,no,2,-1.4287023600413704,0.2800034603553825,0.29133917497056444,3750,3782,2026-06-01 14:14:49.762419,5
6051,20,P12,yes,5,1.5297391509993759,0.29133917497056444,0.32082130082460697,3755,3782,2026-06-01 14:14:49.878111,5
3787,17,P17,yes,1,0.05482656515209783,0.05410980348435149,0.055549260157611746,1215,1317,2026-06-01 14:14:49.950266,5
6549,21,P15,yes,4,0.3277716967431843,0.07782859364011989,0.08618664479793421,4030,4115,2026-06-01 14:14:49.959325,5
4902,19,P03,yes,1,0.6638603292090011,0.6607563687658172,0.6669548851735586,2814,2789,2026-06-01 14:14:49.988177,5
3947,18,P24,yes,11,0.48989410080866946,0.03833797212535963,0.05133579311531625,1500,1605,2026-06-01 14:14:49.992571,5
4903,19,P15,no,7,2.4855879746000937,0.6669548851735586,0.6224593312018546,2814,2796,2026-06-01 14:14:50.008056,5
4904,19,P17,yes,16,10.75954799869487,0.6224593312018546,0.7199965396446176,2830,2796,2026-06-01 14:14:50.038498,5
3193,11,P18,no,1,0.38738299639976503,0.6159095915435134,0.6093175418435606,1964,1948,2026-06-01 14:14:50.044920,3
6052,20,P17,no,10,7.083842115126572,0.32082130082460697,0.26351515505832507,3755,3792,2026-06-01 14:14:50.077140,5
6053,20,P11,yes,1,0.26622241539280367,0.26351515505832507,0.2689414213699951,3756,3792,2026-06-01 14:14:50.080798,5
3948,18,P19,no,13,12.435443572100212,0.05133579311531625,0.03634146014678239,1500,1618,2026-06-01 14:14:50.102047,5
6054,20,P01,no,1,-0.7283162051157888,0.2689414213699951,0.2744377878410785,3756,3791,2026-06-01 14:14:50.128783,5
6550,21,P24,yes,5,0.45935096955145127,0.08618664479793421,0.09777259985079932,4035,4115,2026-06-01 14:14:50.136956,5
6055,20,P14,yes,1,0.2772148836384076,0.2744377878410785,0.2800034603553825,3757,3791,2026-06-01 14:14:50.141516,5
6056,20,P13,yes,2,0.5712976399586296,0.2800034603553825,0.29133917497056444,3759,3791,2026-06-01 14:14:50.142107,5
4905,19,P20,no,4,1.165533944452818,0.7199965396446176,0.6970592839654074,2830,2800,2026-06-01 14:14:50.163095,5
6551,21,P21,no,1,0.9034434934937963,0.09777259985079932,0.0953494648991095,4035,4116,2026-06-01 14:14:50.183346,5
4906,19,P03,no,1,-0.3000185846999557,0.6970592839654074,0.702892745013669,2830,2799,2026-06-01 14:14:50.193672,5
6057,20,P18,yes,1,0.29421771979423283,0.29133917497056444,0.2971072549863309,3760,3791,2026-06-01 14:14:50.198465,5
4907,19,P15,yes,1,-0.6999814153004991,0.702892745013669,0.6970592839654074,2829,2799,2026-06-01 14:14:50.222003,5
6058,20,P13,yes,8,2.567854464595257,0.2971072549863309,0.3454977507481214,3768,3791,2026-06-01 14:14:50.223093,5
3194,11,P09,no,1,-0.38738299639976503,0.6093175418435606,0.6159095915435134,1964,1947,2026-06-01 14:14:50.230263,3
4908,19,P20,no,7,2.2678358798953013,0.6970592839654074,0.6545022492518787,2829,2806,2026-06-01 14:14:50.244313,5
3788,17,P03,no,8,7.5992981894985405,0.055549260157611746,0.04497822937897771,1215,1325,2026-06-01 14:14:50.268562,5
6552,21,P04,no,5,4.552104414849055,0.0953494648991095,0.084023907816312,4035,4121,2026-06-01 14:14:50.323273,5
4909,19,P19,no,1,-0.3423661268516298,0.6545022492518787,0.6607563687658172,2829,2805,2026-06-01 14:14:50.345007,5
3789,17,P03,no,1,0.9556133716921522,0.04497822937897771,0.04379999771646115,1215,1326,2026-06-01 14:14:50.347449,5
6553,21,P15,yes,13,1.2921129354690493,0.084023907816312,0.11631714397765597,4048,4121,2026-06-01 14:14:50.351037,5
6554,21,P13,no,1,0.8851003515255798,0.11631714397765597,0.11349222580422871,4048,4122,2026-06-01 14:14:50.362238,5
6555,21,P01,yes,1,-0.11210480668796663,0.11349222580422871,0.1107273179723682,4047,4122,2026-06-01 14:14:50.380174,5
3790,17,P17,yes,1,0.04438662830807516,0.04379999771646115,0.04497822937897771,1216,1326,2026-06-01 14:14:50.386986,5
2711,10,P09,no,1,-0.14981043757006773,0.8484148512107131,0.8519528019683106,1818,1755,2026-06-01 14:14:50.403254,3
6556,21,P17,yes,13,1.6932308371824547,0.1107273179723682,0.1515851487892869,4060,4122,2026-06-01 14:14:50.447696,5
6557,21,P21,no,1,0.8501895624294775,0.1515851487892869,0.1480471980316895,4060,4123,2026-06-01 14:14:50.467782,5
6558,21,P17,yes,1,0.14981043757052248,0.1480471980316895,0.1515851487892869,4061,4123,2026-06-01 14:14:50.548771,5
3949,18,P17,yes,14,0.6165742666341885,0.03634146014678239,0.05270556608289024,1514,1618,2026-06-01 14:14:50.569725,5
6559,21,P24,yes,8,1.332998154037341,0.1515851487892869,0.18242552380635632,4069,4123,2026-06-01 14:14:50.580424,5
4910,19,P24,yes,13,9.093875208588997,0.6607563687658172,0.736484844941675,2842,2805,2026-06-01 14:14:50.606000,5
6560,21,P19,yes,14,-2.18065911780468,0.18242552380635632,0.13137120953080678,4055,4123,2026-06-01 14:14:50.616512,5
6561,21,P22,no,13,-10.999707095513259,0.13137120953080678,0.17831905610769247,4055,4110,2026-06-01 14:14:50.619921,5
6562,21,P02,yes,1,-0.1762961436261321,0.17831905610769247,0.17428532117858547,4054,4110,2026-06-01 14:14:50.665586,5
4911,19,P19,yes,1,0.7391684975477801,0.736484844941675,0.7418402904888368,2843,2805,2026-06-01 14:14:50.666007,5
3195,11,P18,yes,3,-1.8179750320191488,0.6159095915435134,0.5960151933265168,1961,1947,2026-06-01 14:14:50.681496,3
6563,21,P10,no,1,0.8277013900196835,0.17428532117858547,0.17032391864384583,4054,4111,2026-06-01 14:14:50.691534,5
6059,20,P15,yes,1,-0.34236612685208456,0.3454977507481214,0.33924363123418283,3767,3791,2026-06-01 14:14:50.693506,5
4912,19,P08,no,2,0.5270539178450235,0.7418402904888368,0.7310585786300049,2843,2807,2026-06-01 14:14:50.703559,5
6564,21,P01,no,1,0.831626808449073,0.17032391864384583,0.16643440755425876,4054,4112,2026-06-01 14:14:50.710579,5
4913,19,P13,yes,4,-2.8798036815192063,0.7310585786300049,0.7086608250294356,2839,2807,2026-06-01 14:14:50.716802,5
6060,20,P15,no,1,0.6638603292090011,0.33924363123418283,0.3330451148264414,3767,3792,2026-06-01 14:14:50.751834,5
4914,19,P24,no,1,-0.28848278950636086,0.7086608250294356,0.7143624294910559,2839,2806,2026-06-01 14:14:50.754647,5
4915,19,P17,no,7,2.14207954195399,0.7143624294910559,0.6730961777222321,2839,2813,2026-06-01 14:14:50.770171,5
3950,18,P24,yes,6,0.3424790834151281,0.05270556608289024,0.06167473878348325,1520,1618,2026-06-01 14:14:50.780534,5
6565,21,P24,yes,1,0.168373191550927,0.16643440755425876,0.17032391864384583,4055,4112,2026-06-01 14:14:50.822423,5
4916,19,P17,yes,18,-11.076148846853357,0.6730961777222321,0.555328055262369,2821,2813,2026-06-01 14:14:50.849089,5
3791,17,P09,yes,2,0.09238353387490861,0.04497822937897771,0.04742587317756679,1218,1326,2026-06-01 14:14:50.849352,5
6566,21,P21,no,1,0.8316268084481635,0.17032391864384583,0.16643440755425876,4055,4113,2026-06-01 14:14:50.883996,5
6567,21,P09,no,1,0.8354805720709919,0.16643440755425876,0.16261630836153196,4055,4114,2026-06-01 14:14:50.884654,5
4917,19,P13,no,1,-0.44124585909275993,0.555328055262369,0.5621765008857981,2821,2812,2026-06-01 14:14:50.907803,5
4918,19,P18,yes,9,5.332952314844988,0.5621765008857981,0.6224593312018546,2830,2812,2026-06-01 14:14:50.909934,5
6568,21,P06,no,2,1.6822383415947115,0.16261630836153196,0.15519224623709701,4055,4116,2026-06-01 14:14:50.924436,5
4919,19,P14,yes,4,2.5415651684375007,0.6224593312018546,0.6481942198637447,2834,2812,2026-06-01 14:14:50.934961,5
3951,18,P03,yes,16,1.2215650727498542,0.06167473878348325,0.09298019452229982,1536,1618,2026-06-01 14:14:50.954520,5
6569,21,P14,yes,8,-1.1308409692883288,0.15519224623709701,0.12823373759251924,4047,4116,2026-06-01 14:14:50.955568,5
3952,18,P02,no,1,0.9081823317403632,0.09298019452229982,0.09066389627358525,1536,1619,2026-06-01 14:14:50.967360,5
3953,18,P20,no,2,1.823183583381251,0.09066389627358525,0.08618664479793421,1536,1621,2026-06-01 14:14:50.974953,5
3954,18,P12,no,7,6.447506465367496,0.08618664479793421,0.07205414361856403,1536,1628,2026-06-01 14:14:50.995933,5
3792,17,P22,yes,3,-0.13677016218298377,0.04742587317756679,0.04379999771646115,1215,1326,2026-06-01 14:14:51.005103,5
6570,21,P02,no,1,0.8733082429480419,0.12823373759251924,0.1251603995749971,4047,4117,2026-06-01 14:14:51.023935,5
6571,21,P03,yes,9,-1.0107304636439949,0.1251603995749971,0.10025049035751298,4038,4117,2026-06-01 14:14:51.033212,5
3793,17,P22,yes,1,-0.0432231956913256,0.04379999771646115,0.042651252130942854,1214,1326,2026-06-01 14:14:51.066959,5
6061,20,P17,yes,12,-3.5699851206204585,0.3330451148264414,0.26351515505832507,3755,3792,2026-06-01 14:14:51.072058,5
4920,19,P24,yes,1,0.6513526546050343,0.6481942198637447,0.6545022492518787,2835,2812,2026-06-01 14:14:51.073937,5
4921,19,P03,no,1,-0.3423661268516298,0.6545022492518787,0.6607563687658172,2835,2811,2026-06-01 14:14:51.108674,5
6062,20,P18,no,13,-9.093875208588088,0.26351515505832507,0.33924363123418283,3755,3779,2026-06-01 14:14:51.144659,5
6063,20,P24,no,1,0.6638603292085463,0.33924363123418283,0.3330451148264414,3755,3780,2026-06-01 14:14:51.150645,5
3955,18,P19,no,9,8.421598759867948,0.07205414361856403,0.0570247014210931,1536,1637,2026-06-01 14:14:51.168804,5
4922,19,P03,no,1,-0.33613967079099893,0.6607563687658172,0.6669548851735586,2835,2810,2026-06-01 14:14:51.170579,5
6572,21,P12,yes,6,-0.5583579146259581,0.10025049035751298,0.08618664479793421,4032,4117,2026-06-01 14:14:51.196330,5
4923,19,P03,no,20,-5.511736527450466,0.6669548851735586,0.7772998611746911,2835,2790,2026-06-01 14:14:51.218878,5
4924,19,P03,no,3,-0.646796025641379,0.7772998611746911,0.791391472673955,2835,2787,2026-06-01 14:14:51.218879,5
4925,19,P20,no,1,0.21091383190969282,0.791391472673955,0.7867684891624728,2835,2788,2026-06-01 14:14:51.235940,5
4926,19,P18,yes,1,-0.7844260635774845,0.7867684891624728,0.7820712676154848,2834,2788,2026-06-01 14:14:51.241391,5
6573,21,P15,yes,11,1.0921121648889311,0.08618664479793421,0.11349222580422871,4043,4117,2026-06-01 14:14:51.248178,5
6574,21,P04,no,1,0.8878951933120334,0.11349222580422871,0.1107273179723682,4043,4118,2026-06-01 14:14:51.261254,5
3794,17,P22,no,2,1.9169279595500939,0.042651252130942854,0.04043956481800324,1214,1328,2026-06-01 14:14:51.283339,5
4927,19,P15,yes,2,-1.5545750310229778,0.7820712676154848,0.7724543828071839,2832,2788,2026-06-01 14:14:51.284743,5
4928,19,P06,no,13,3.3972711488304412,0.7724543828071839,0.702892745013669,2832,2801,2026-06-01 14:14:51.295637,5
6575,21,P17,no,1,-0.8878951933120334,0.1107273179723682,0.11349222580422871,4043,4117,2026-06-01 14:14:51.319225,5
6576,21,P24,yes,1,0.11489964847442025,0.11349222580422871,0.11631714397765597,4044,4117,2026-06-01 14:14:51.328813,5
6064,20,P24,no,1,0.670030365700768,0.3330451148264414,0.32690382227776793,3755,3781,2026-06-01 14:14:51.331046,5
4929,19,P12,no,3,0.9177163488493534,0.702892745013669,0.6852009766653157,2832,2804,2026-06-01 14:14:51.352430,5
6577,21,P23,no,1,0.8851003515246703,0.11631714397765597,0.11349222580422871,4044,4118,2026-06-01 14:14:51.391008,5
6578,21,P03,no,1,0.8878951933129429,0.11349222580422871,0.1107273179723682,4044,4119,2026-06-01 14:14:51.401121,5
4930,19,P15,no,1,0.31780508235578964,0.6852009766653157,0.679178699175393,2832,2805,2026-06-01 14:14:51.447155,5
6065,20,P24,no,1,0.6761423985522015,0.32690382227776793,0.32082130082460697,3755,3782,2026-06-01 14:14:51.458999,5
6066,20,P03,yes,2,-0.6296185947730919,0.32082130082460697,0.30883838763748533,3753,3782,2026-06-01 14:14:51.475298,5
6579,21,P12,yes,8,-0.8031909415813061,0.1107273179723682,0.09066389627358525,4036,4119,2026-06-01 14:14:51.477069,5
3956,18,P24,yes,1,0.057777706214437785,0.0570247014210931,0.05853690287436789,1537,1637,2026-06-01 14:14:51.548095,5
6580,21,P22,no,1,0.9104725159895679,0.09066389627358525,0.08839967720705841,4036,4120,2026-06-01 14:14:51.584698,5
3957,18,P17,yes,1,0.059308614707106244,0.05853690287436789,0.06008665017400762,1538,1637,2026-06-01 14:14:51.592606,5
4931,19,P19,no,6,-1.8182219405057367,0.679178699175393,0.7143624294910559,2832,2799,2026-06-01 14:14:51.609769,5
6581,21,P19,yes,1,-0.08728893260922632,0.08839967720705841,0.08618664479793421,4035,4120,2026-06-01 14:14:51.630500,5
3958,18,P19,no,7,6.6157155563616925,0.06008665017400762,0.049999740399933254,1538,1644,2026-06-01 14:14:51.648598,5
4932,19,P14,no,1,0.28848278950636086,0.7143624294910559,0.7086608250294356,2832,2800,2026-06-01 14:14:51.668493,5
4933,19,P03,no,1,-0.28848278950636086,0.7086608250294356,0.7143624294910559,2832,2799,2026-06-01 14:14:51.670716,5
6067,20,P15,yes,12,4.14984572964795,0.30883838763748533,0.3840904084564866,3765,3782,2026-06-01 14:14:51.687971,5
4934,19,P02,no,7,2.14207954195399,0.7143624294910559,0.6730961777222321,2832,2806,2026-06-01 14:14:51.695828,5
6068,20,P20,yes,6,-2.187894101484744,0.3840904084564866,0.3454977507481214,3759,3782,2026-06-01 14:14:51.703378,5
6582,21,P22,no,7,6.4475064653670415,0.08618664479793421,0.07205414361856403,4035,4127,2026-06-01 14:14:51.779134,5
6069,20,P09,no,1,0.6576338731479154,0.3454977507481214,0.33924363123418283,3759,3783,2026-06-01 14:14:51.780663,5
6070,20,P15,yes,1,-0.33613967079099893,0.33924363123418283,0.3330451148264414,3758,3783,2026-06-01 14:14:51.793868,5
4935,19,P15,yes,4,2.7406395520461047,0.6730961777222321,0.6970592839654074,2836,2806,2026-06-01 14:14:51.837683,5
6071,20,P03,yes,2,-0.6538272357474852,0.3330451148264414,0.32082130082460697,3756,3783,2026-06-01 14:14:51.850087,5
4936,19,P19,no,1,-0.30001858469950093,0.6970592839654074,0.702892745013669,2836,2805,2026-06-01 14:14:51.865159,5
3795,17,P17,yes,6,0.2630653983239881,0.04043956481800324,0.04742587317756679,1220,1328,2026-06-01 14:14:51.872720,5
4937,19,P17,yes,2,-1.3940971635674941,0.702892745013669,0.6911616123625146,2834,2805,2026-06-01 14:14:51.879785,5
3196,11,P09,no,1,-0.4006466663070114,0.5960151933265168,0.6026853379784917,1961,1946,2026-06-01 14:14:51.907946,3
6583,21,P22,no,2,1.8595479822661218,0.07205414361856403,0.06842674250359211,4035,4129,2026-06-01 14:14:51.946122,5
3959,18,P19,no,1,0.9506545111553351,0.049999740399933254,0.04869667456442473,1538,1645,2026-06-01 14:14:51.986119,5
4938,19,P19,yes,2,1.3940971635674941,0.6911616123625146,0.702892745013669,2836,2805,2026-06-01 14:14:51.987024,5
4939,19,P10,no,7,2.2254883377431725,0.702892745013669,0.6607563687658172,2836,2812,2026-06-01 14:14:52.004429,5
6584,21,P03,yes,7,-0.43794922239794687,0.06842674250359211,0.0570247014210931,4028,4129,2026-06-01 14:14:52.010998,5
6072,20,P09,no,4,2.7644785687953117,0.32082130082460697,0.2971072549863309,3756,3787,2026-06-01 14:14:52.049299,5
4940,19,P19,yes,1,0.6638603292090011,0.6607563687658172,0.6669548851735586,2837,2812,2026-06-01 14:14:52.063828,5
4941,19,P15,no,2,0.6785057976430835,0.6669548851735586,0.6545022492518787,2837,2814,2026-06-01 14:14:52.073745,5
6073,20,P24,no,10,7.307668516816193,0.2971072549863309,0.24252442073717165,3756,3797,2026-06-01 14:14:52.075611,5
6074,20,P03,yes,1,-0.23998512580601528,0.24252442073717165,0.23745802834390253,3755,3797,2026-06-01 14:14:52.111628,5
6075,20,P01,yes,1,0.23998512580601528,0.23745802834390253,0.24252442073717165,3756,3797,2026-06-01 14:14:52.132903,5
6076,20,P20,yes,1,0.24508804575862086,0.24252442073717165,0.2476638011390716,3757,3797,2026-06-01 14:14:52.139906,5
6585,21,P22,no,1,0.9437160500883692,0.0570247014210931,0.055549260157611746,4028,4130,2026-06-01 14:14:52.152435,5
3796,17,P24,yes,1,0.048058614977435354,0.04742587317756679,0.04869667456442473,1221,1328,2026-06-01 14:14:52.161627,5
6077,20,P04,yes,6,1.581728077671869,0.2476638011390716,0.2800034603553825,3763,3797,2026-06-01 14:14:52.168099,5
6078,20,P14,yes,1,0.2828148504527235,0.2800034603553825,0.2856375705089441,3764,3797,2026-06-01 14:14:52.179917,5
6079,20,P15,no,4,2.9020640556323087,0.2856375705089441,0.26351515505832507,3764,3801,2026-06-01 14:14:52.217755,5
4942,19,P17,no,1,0.3486473453945109,0.6545022492518787,0.6481942198637447,2837,2815,2026-06-01 14:14:52.219833,5
3197,11,P18,no,2,0.8079815047858574,0.6026853379784917,0.5893093760914265,1961,1948,2026-06-01 14:14:52.223806,3
6080,20,P02,no,10,-7.083842115126572,0.26351515505832507,0.32082130082460697,3764,3791,2026-06-01 14:14:52.236832,5
3198,11,P09,yes,1,0.592665161521154,0.5893093760914265,0.5960151933265168,1962,1948,2026-06-01 14:14:52.260114,3
3199,11,P21,yes,1,0.5993533336929886,0.5960151933265168,0.6026853379784917,1963,1948,2026-06-01 14:14:52.320973,3
3797,17,P17,yes,2,0.10001047630476023,0.04869667456442473,0.05133579311531625,1223,1328,2026-06-01 14:14:52.335642,5
3960,18,P17,yes,1,0.049345488844892316,0.04869667456442473,0.049999740399933254,1539,1645,2026-06-01 14:14:52.377362,5
2712,10,P18,no,6,-0.8276476224916678,0.8519528019683106,0.8717662624074807,1818,1749,2026-06-01 14:14:52.453543,3
4943,19,P15,no,6,2.226629752489771,0.6481942198637447,0.6093175418435606,2837,2821,2026-06-01 14:14:52.470647,5
4944,19,P08,yes,1,0.6126170036004623,0.6093175418435606,0.6159095915435134,2838,2821,2026-06-01 14:14:52.478650,5
3200,11,P18,no,2,0.80798150478563,0.6026853379784917,0.5893093760914265,1963,1950,2026-06-01 14:14:52.555388,3
4945,19,P20,no,1,-0.38081192452773394,0.6159095915435134,0.6224593312018546,2838,2820,2026-06-01 14:14:52.601032,5
4946,19,P12,yes,1,0.6257157842687775,0.6224593312018546,0.6289646649499733,2839,2820,2026-06-01 14:14:52.748148,5
6081,20,P24,yes,1,0.32385760144825326,0.32082130082460697,0.32690382227776793,3765,3791,2026-06-01 14:14:52.759820,5
6082,20,P17,yes,12,4.378394501407911,0.32690382227776793,0.4039848066734832,3777,3791,2026-06-01 14:14:52.790273,5
6083,20,P14,no,4,2.43716310749096,0.4039848066734832,0.37754066879814546,3777,3795,2026-06-01 14:14:52.799576,5
6084,20,P08,no,1,0.6257157842683227,0.37754066879814546,0.3710353350500268,3777,3796,2026-06-01 14:14:52.806900,5
6085,20,P14,no,1,0.6321980651018748,0.3710353350500268,0.36457644074163925,3777,3797,2026-06-01 14:14:52.818613,5
3961,18,P05,no,7,6.680513623309253,0.049999740399933254,0.04153132619455174,1539,1652,2026-06-01 14:14:52.822452,5
3798,17,P24,yes,15,0.9428166865950516,0.05133579311531625,0.07585818002124356,1238,1328,2026-06-01 14:14:52.882290,5
2713,10,P09,no,6,0.8276476224916678,0.8717662624074807,0.8519528019683106,1818,1755,2026-06-01 14:14:52.898138,3
6086,20,P24,no,7,4.602670940282678,0.36457644074163925,0.32082130082460697,3777,3804,2026-06-01 14:14:52.939498,5
6087,20,P17,yes,1,0.32385760144825326,0.32082130082460697,0.32690382227776793,3778,3804,2026-06-01 14:14:53.015507,5
6088,20,P09,no,1,0.6761423985517467,0.32690382227776793,0.32082130082460697,3778,3805,2026-06-01 14:14:53.017902,5
6089,20,P03,yes,2,-0.6296185947730919,0.32082130082460697,0.30883838763748533,3776,3805,2026-06-01 14:14:53.042143,5
6586,21,P03,yes,9,-0.445088438809762,0.055549260157611746,0.04379999771646115,4019,4130,2026-06-01 14:14:53.070326,5
3799,17,P03,no,1,0.9251078713211882,0.07585818002124356,0.07393365254646753,1238,1329,2026-06-01 14:14:53.087503,5
6090,20,P24,yes,13,-3.538219445422328,0.30883838763748533,0.23745802834390253,3763,3805,2026-06-01 14:14:53.106121,5
3962,18,P24,yes,1,0.04208891499411038,0.04153132619455174,0.042651252130942854,1540,1652,2026-06-01 14:14:53.109559,5
2714,10,P09,yes,1,-0.8501895624299323,0.8519528019683106,0.8484148512107131,1817,1755,2026-06-01 14:14:53.116191,3
6091,20,P03,yes,2,-0.46495453984061896,0.23745802834390253,0.22754561719281613,3761,3805,2026-06-01 14:14:53.147872,5
4947,19,P17,no,1,0.3742842157312225,0.6289646649499733,0.6224593312018546,2839,2821,2026-06-01 14:14:53.152547,5
4948,19,P15,yes,15,10.042362849146684,0.6224593312018546,0.7143624294910559,2854,2821,2026-06-01 14:14:53.216893,5
6092,20,P08,yes,4,0.9500277114052551,0.22754561719281613,0.2476638011390716,3765,3805,2026-06-01 14:14:53.220411,5
6093,20,P09,no,1,0.7549119542418339,0.2476638011390716,0.24252442073717165,3765,3806,2026-06-01 14:14:53.244624,5
6094,20,P15,no,1,0.7600148741939847,0.24252442073717165,0.23745802834390253,3765,3807,2026-06-01 14:14:53.252639,5
4949,19,P14,no,7,2.14207954195399,0.7143624294910559,0.6730961777222321,2854,2828,2026-06-01 14:14:53.257230,5
6095,20,P20,yes,6,1.517902570714341,0.23745802834390253,0.2689414213699951,3771,3807,2026-06-01 14:14:53.268658,5
4950,19,P03,yes,10,7.026206929071577,0.6730961777222321,0.7310585786300049,2864,2828,2026-06-01 14:14:53.318232,5
6096,20,P03,no,2,1.4729460821554312,0.2689414213699951,0.2581597095111632,3771,3809,2026-06-01 14:14:53.329104,5
4951,19,P12,no,1,0.27168379488421124,0.7310585786300049,0.7255622121589215,2864,2829,2026-06-01 14:14:53.329616,5
6097,20,P02,yes,4,1.0759525963671877,0.2581597095111632,0.2800034603553825,3775,3809,2026-06-01 14:14:53.356766,5
6587,21,P15,no,10,-9.498627611278607,0.04379999771646115,0.0570247014210931,4019,4120,2026-06-01 14:14:53.367077,5
6098,20,P24,no,7,5.17318387656951,0.2800034603553825,0.24252442073717165,3775,3816,2026-06-01 14:14:53.400831,5
6588,21,P09,yes,7,0.43794922239794687,0.0570247014210931,0.06842674250359211,4026,4120,2026-06-01 14:14:53.402724,5
6099,20,P21,yes,1,0.24508804575771137,0.24252442073717165,0.2476638011390716,3776,3816,2026-06-01 14:14:53.413389,5
3963,18,P17,yes,13,0.6616819053347172,0.042651252130942854,0.06008665017400762,1553,1652,2026-06-01 14:14:53.421517,5
3964,18,P03,yes,10,-0.528492196404386,0.06008665017400762,0.04618662486055427,1543,1652,2026-06-01 14:14:53.450042,5
3965,18,P22,no,1,0.9544201150690697,0.04618662486055427,0.04497822937897771,1543,1653,2026-06-01 14:14:53.482503,5
4952,19,P20,no,1,0.2772148836384076,0.7255622121589215,0.7199965396446176,2864,2830,2026-06-01 14:14:53.490193,5
6100,20,P21,yes,1,0.2502637410184434,0.2476638011390716,0.25287573272933045,3777,3816,2026-06-01 14:14:53.498533,5
4953,19,P11,no,2,0.5712976399586296,0.7199965396446176,0.7086608250294356,2864,2832,2026-06-01 14:14:53.517660,5
4954,19,P01,no,7,2.1835663867464064,0.7086608250294356,0.6669548851735586,2864,2839,2026-06-01 14:14:53.526300,5
6101,20,P04,yes,1,0.2555117402871474,0.25287573272933045,0.2581597095111632,3778,3816,2026-06-01 14:14:53.527597,5
6102,20,P01,yes,1,0.26083150245221987,0.2581597095111632,0.26351515505832507,3779,3816,2026-06-01 14:14:53.534496,5
6103,20,P15,no,1,0.7391684975473254,0.26351515505832507,0.2581597095111632,3779,3817,2026-06-01 14:14:53.546991,5
2715,10,P18,no,8,-1.1041498171134663,0.8484148512107131,0.8748396004250029,1817,1747,2026-06-01 14:14:53.589422,3
3966,18,P22,no,1,0.9556133716919248,0.04497822937897771,0.04379999771646115,1543,1654,2026-06-01 14:14:53.607478,5
6104,20,P20,yes,4,1.0759525963671877,0.2581597095111632,0.2800034603553825,3783,3817,2026-06-01 14:14:53.620207,5
6105,20,P17,no,19,14.609067776519623,0.2800034603553825,0.18660508209316082,3783,3836,2026-06-01 14:14:53.671359,5
4955,19,P15,no,8,2.8663998991278277,0.6669548851735586,0.6159095915435134,2864,2847,2026-06-01 14:14:53.690767,5
4956,19,P23,no,1,-0.38081192452773394,0.6159095915435134,0.6224593312018546,2864,2846,2026-06-01 14:14:53.693939,5
4957,19,P13,no,1,-0.3742842157312225,0.6224593312018546,0.6289646649499733,2864,2845,2026-06-01 14:14:53.694663,5
6589,21,P19,no,2,1.8666318319619677,0.06842674250359211,0.06496916912866407,4026,4122,2026-06-01 14:14:53.697372,5
3967,18,P05,no,9,8.649512484389106,0.04379999771646115,0.034445195666211174,1543,1663,2026-06-01 14:14:53.717737,5
4958,19,P01,yes,1,0.6321980651009653,0.6289646649499733,0.6354235592583607,2865,2845,2026-06-01 14:14:53.745051,5
4959,19,P19,no,12,-3.9270682107166976,0.6354235592583607,0.7086608250294356,2865,2833,2026-06-01 14:14:53.771209,5
6106,20,P04,yes,1,0.18872543433963074,0.18660508209316082,0.19085804424486547,3784,3836,2026-06-01 14:14:53.775771,5
6590,21,P03,no,1,0.9358677927939425,0.06496916912866407,0.0633019736959414,4026,4123,2026-06-01 14:14:53.782158,5
6107,20,P01,yes,1,0.19301521156148738,0.19085804424486547,0.19518467701384015,3785,3836,2026-06-01 14:14:53.813216,5
4960,19,P08,no,1,0.29421771979514233,0.7086608250294356,0.702892745013669,2865,2834,2026-06-01 14:14:53.846373,5
6108,20,P17,no,1,0.8069847884380579,0.19518467701384015,0.19085804424486547,3785,3837,2026-06-01 14:14:53.893969,5
6109,20,P10,yes,3,0.5922102950066801,0.19085804424486547,0.20405977695922933,3788,3837,2026-06-01 14:14:53.900865,5
3800,17,P03,no,1,0.9270098174724808,0.07393365254646753,0.07205414361856403,1238,1330,2026-06-01 14:14:53.925700,5
6110,20,P03,no,1,0.7981836892058709,0.20405977695922933,0.19958519865373256,3788,3838,2026-06-01 14:14:53.958293,5
6111,20,P10,no,1,-0.7981836892058709,0.19958519865373256,0.20405977695922933,3788,3837,2026-06-01 14:14:53.980219,5
4961,19,P09,yes,1,-0.6999814153004991,0.702892745013669,0.6970592839654074,2864,2834,2026-06-01 14:14:53.997087,5
4962,19,P02,yes,1,-0.6941157482679046,0.6970592839654074,0.6911616123625146,2863,2834,2026-06-01 14:14:53.999810,5
4963,19,P17,yes,1,0.6941157482679046,0.6911616123625146,0.6970592839654074,2864,2834,2026-06-01 14:14:54.024882,5
4964,19,P17,no,1,0.30588425173209544,0.6970592839654074,0.6911616123625146,2864,2835,2026-06-01 14:14:54.094933,5
6112,20,P03,yes,14,-2.448253519272839,0.20405977695922933,0.1480471980316895,3774,3837,2026-06-01 14:14:54.098817,5
6113,20,P18,yes,8,1.3024423782899248,0.1480471980316895,0.17831905610769247,3782,3837,2026-06-01 14:14:54.123162,5
4965,19,P19,yes,1,0.6941157482674498,0.6911616123625146,0.6970592839654074,2865,2835,2026-06-01 14:14:54.123238,5
6114,20,P11,no,13,-10.31099361411907,0.17831905610769247,0.23745802834390253,3782,3824,2026-06-01 14:14:54.152393,5
3201,11,P18,yes,4,-2.3031240458326465,0.5893093760914265,0.5621765008857981,1959,1950,2026-06-01 14:14:54.153913,3
6115,20,P12,yes,1,0.23998512580601528,0.23745802834390253,0.24252442073717165,3783,3824,2026-06-01 14:14:54.174280,5
6116,20,P02,yes,1,0.24508804575862086,0.24252442073717165,0.2476638011390716,3784,3824,2026-06-01 14:14:54.175141,5
4966,19,P19,yes,4,2.8344660555476366,0.6970592839654074,0.7199965396446176,2869,2835,2026-06-01 14:14:54.206590,5
6117,20,P12,yes,1,0.25026374101798865,0.2476638011390716,0.25287573272933045,3785,3824,2026-06-01 14:14:54.230132,5
3801,17,P05,no,1,0.9288671763185903,0.07205414361856403,0.0702187918305528,1238,1331,2026-06-01 14:14:54.247661,5
3802,17,P03,no,9,8.436447633636817,0.0702187918305528,0.055549260157611746,1238,1340,2026-06-01 14:14:54.258308,5
6118,20,P09,no,20,15.894169328449152,0.25287573272933045,0.16261630836153196,3785,3844,2026-06-01 14:14:54.266444,5
4967,19,P21,yes,1,-0.7171851495477313,0.7199965396446176,0.7143624294910559,2868,2835,2026-06-01 14:14:54.270740,5
6119,20,P04,yes,13,2.460114250150127,0.16261630836153196,0.21792873238451507,3798,3844,2026-06-01 14:14:54.295646,5
3803,17,P17,yes,1,0.056283949912540265,0.055549260157611746,0.0570247014210931,1239,1340,2026-06-01 14:14:54.298330,5
4968,19,P09,no,1,0.28848278950636086,0.7143624294910559,0.7086608250294356,2868,2836,2026-06-01 14:14:54.324693,5
6120,20,P20,yes,3,0.675424124863639,0.21792873238451507,0.2324649929561242,3801,3844,2026-06-01 14:14:54.341267,5
6121,20,P14,yes,10,2.5845714836432307,0.2324649929561242,0.2856375705089441,3811,3844,2026-06-01 14:14:54.359232,5
3202,11,P18,yes,3,1.717181573180369,0.5621765008857981,0.5825702064623147,1962,1950,2026-06-01 14:14:54.473459,3
4969,19,P17,yes,2,-1.4057636955058115,0.7086608250294356,0.6970592839654074,2866,2836,2026-06-01 14:14:54.475675,5
4970,19,P04,no,1,0.3058842517325502,0.6970592839654074,0.6911616123625146,2866,2837,2026-06-01 14:14:54.482112,5
6122,20,P17,no,9,6.650383900311226,0.2856375705089441,0.23745802834390253,3811,3853,2026-06-01 14:14:54.498180,5
3203,11,P18,no,1,0.42081238797641163,0.5825702064623147,0.5758000536158003,1962,1951,2026-06-01 14:14:54.517055,3
6123,20,P17,yes,1,0.23998512580601528,0.23745802834390253,0.24252442073717165,3812,3853,2026-06-01 14:14:54.522430,5
6591,21,P15,yes,9,0.6415074778615235,0.0633019736959414,0.07984576661461423,4035,4123,2026-06-01 14:14:54.588257,5
3204,11,P18,yes,1,0.5791876120235884,0.5758000536158003,0.5825702064623147,1963,1951,2026-06-01 14:14:54.594039,3
6592,21,P15,yes,16,1.5737051893383978,0.07984576661461423,0.11920292202211755,4051,4123,2026-06-01 14:14:54.597742,5
3804,17,P05,no,1,0.9437160500874597,0.0570247014210931,0.055549260157611746,1239,1341,2026-06-01 14:14:54.632284,5
6593,21,P09,no,1,0.8822450737743566,0.11920292202211755,0.11631714397765597,4051,4124,2026-06-01 14:14:54.639842,5
4971,19,P03,no,2,-0.6059028364325059,0.6911616123625146,0.702892745013669,2866,2835,2026-06-01 14:14:54.673544,5
6594,21,P22,no,1,0.8851003515246703,0.11631714397765597,0.11349222580422871,4051,4125,2026-06-01 14:14:54.683456,5
6124,20,P03,no,1,0.7600148741939847,0.24252442073717165,0.23745802834390253,3812,3854,2026-06-01 14:14:54.711414,5
6125,20,P17,yes,1,0.23998512580647002,0.23745802834390253,0.24252442073717165,3813,3854,2026-06-01 14:14:54.749633,5
6126,20,P13,yes,1,0.24508804575771137,0.24252442073717165,0.2476638011390716,3814,3854,2026-06-01 14:14:54.758745,5
6595,21,P10,no,1,0.8878951933129429,0.11349222580422871,0.1107273179723682,4051,4126,2026-06-01 14:14:54.786146,5
3205,11,P09,yes,3,-1.717181573180369,0.5825702064623147,0.5621765008857981,1960,1951,2026-06-01 14:14:54.797833,3
3805,17,P22,no,7,6.644878074429926,0.055549260157611746,0.04618662486055427,1239,1348,2026-06-01 14:14:54.862151,5
6596,21,P19,no,1,0.8906304535830714,0.1107273179723682,0.10802156134341918,4051,4127,2026-06-01 14:14:54.883765,5
6597,21,P20,no,1,0.8933069957292901,0.10802156134341918,0.10537408848177848,4051,4128,2026-06-01 14:14:54.899773,5
6598,21,P13,no,1,0.8959256908101452,0.10537408848177848,0.10278402491725176,4051,4129,2026-06-01 14:14:54.956202,5
3806,17,P03,no,8,7.667148373049258,0.04618662486055427,0.037326887344129464,1239,1356,2026-06-01 14:14:54.957357,5
6599,21,P12,no,1,0.898487416302487,0.10278402491725176,0.10025049035751298,4051,4130,2026-06-01 14:14:55.002669,5
3206,11,P23,no,1,-0.4344090108443197,0.5621765008857981,0.5690013325681905,1960,1950,2026-06-01 14:14:55.041500,3
6127,20,P15,no,6,4.604547319618177,0.2476638011390716,0.21792873238451507,3814,3860,2026-06-01 14:14:55.077555,5
3968,18,P24,yes,1,0.034911128706198724,0.034445195666211174,0.03538109202197851,1544,1663,2026-06-01 14:14:55.121903,5
6128,20,P17,yes,7,-1.4137514654262304,0.21792873238451507,0.18660508209316082,3807,3860,2026-06-01 14:14:55.131130,5
4972,19,P24,yes,1,0.7057822802057672,0.702892745013669,0.7086608250294356,2867,2835,2026-06-01 14:14:55.141798,5
6129,20,P24,yes,1,0.18872543433963074,0.18660508209316082,0.19085804424486547,3808,3860,2026-06-01 14:14:55.143372,5
4973,19,P23,no,5,1.5297391509993759,0.7086608250294356,0.679178699175393,2867,2840,2026-06-01 14:14:55.173261,5
6130,20,P21,no,11,-8.624609334289744,0.19085804424486547,0.24252442073717165,3808,3849,2026-06-01 14:14:55.197032,5
6131,20,P03,no,6,4.634061428953828,0.24252442073717165,0.2132315108375271,3808,3855,2026-06-01 14:14:55.226338,5
6132,20,P04,yes,1,0.2155739364220608,0.2132315108375271,0.21792873238451507,3809,3855,2026-06-01 14:14:55.245395,5
6133,20,P10,no,11,-8.300034125583352,0.21792873238451507,0.2744377878410785,3809,3844,2026-06-01 14:14:55.247315,5
6134,20,P03,yes,1,-0.27168379488421124,0.2744377878410785,0.2689414213699951,3808,3844,2026-06-01 14:14:55.256253,5
3207,11,P18,no,1,-0.42759702799889965,0.5690013325681905,0.5758000536158003,1960,1949,2026-06-01 14:14:55.313577,3
6600,21,P03,yes,6,-0.5583579146250486,0.10025049035751298,0.08618664479793421,4045,4130,2026-06-01 14:14:55.335739,5
3807,17,P17,yes,1,0.03783026636801878,0.037326887344129464,0.03833797212535963,1240,1356,2026-06-01 14:14:55.395209,5
6601,21,P03,yes,1,-0.08510112210660736,0.08618664479793421,0.084023907816312,4044,4130,2026-06-01 14:14:55.442414,5
6602,21,P17,yes,1,0.08510112210660736,0.084023907816312,0.08618664479793421,4045,4130,2026-06-01 14:14:55.454029,5
4974,19,P03,yes,1,0.6821949176442104,0.679178699175393,0.6852009766653157,2868,2840,2026-06-01 14:14:55.482010,5
6135,20,P17,yes,1,-0.26622241539280367,0.2689414213699951,0.26351515505832507,3807,3844,2026-06-01 14:14:55.512605,5
6136,20,P23,yes,6,1.680636453668285,0.26351515505832507,0.2971072549863309,3813,3844,2026-06-01 14:14:55.536093,5
3208,11,P09,yes,3,1.7577952461972473,0.5758000536158003,0.5960151933265168,1963,1949,2026-06-01 14:14:55.900501,3
6137,20,P17,no,9,6.552756562574359,0.2971072549863309,0.2476638011390716,3813,3853,2026-06-01 14:14:55.991410,5
4975,19,P15,no,10,3.457220292702914,0.6852009766653157,0.6224593312018546,2868,2850,2026-06-01 14:14:56.084242,5
4976,19,P21,yes,10,6.542779707297086,0.6224593312018546,0.6852009766653157,2878,2850,2026-06-01 14:14:56.104049,5
3969,18,P17,yes,1,0.03585921247031365,0.03538109202197851,0.03634146014678239,1545,1663,2026-06-01 14:14:56.113070,5
6138,20,P12,yes,1,0.25026374101798865,0.2476638011390716,0.25287573272933045,3814,3853,2026-06-01 14:14:56.175871,5
4977,19,P03,no,1,-0.31181351241730226,0.6852009766653157,0.6911616123625146,2878,2849,2026-06-01 14:14:56.207743,5
3970,18,P09,yes,1,0.036832060722872484,0.03634146014678239,0.037326887344129464,1546,1663,2026-06-01 14:14:56.232883,5
6139,20,P09,no,1,-0.7444882597123978,0.25287573272933045,0.2581597095111632,3814,3852,2026-06-01 14:14:56.273535,5
6140,20,P24,no,1,0.7444882597123978,0.2581597095111632,0.25287573272933045,3814,3853,2026-06-01 14:14:56.301696,5
6141,20,P03,no,3,2.26466308741783,0.25287573272933045,0.23745802834390253,3814,3856,2026-06-01 14:14:56.411755,5
3209,11,P18,no,1,-0.4006466663070114,0.5960151933265168,0.6026853379784917,1963,1948,2026-06-01 14:14:56.434996,3
4978,19,P15,no,2,0.6296185947730919,0.6911616123625146,0.679178699175393,2878,2851,2026-06-01 14:14:56.500849,5
6142,20,P02,no,12,-8.767664806310677,0.23745802834390253,0.3029407160345927,3814,3844,2026-06-01 14:14:56.607930,5
6143,20,P18,yes,19,-4.775530438587339,0.3029407160345927,0.20405977695922933,3795,3844,2026-06-01 14:14:56.683312,5
6144,20,P11,yes,14,3.3327816104965677,0.20405977695922933,0.2744377878410785,3809,3844,2026-06-01 14:14:56.684187,5
6603,21,P19,yes,6,-0.479503352105894,0.08618664479793421,0.07393365254646753,4039,4130,2026-06-01 14:14:56.700094,5
3808,17,P24,yes,4,0.1618316516521645,0.03833797212535963,0.042651252130942854,1244,1356,2026-06-01 14:14:56.727663,5
4979,19,P03,yes,1,0.6821949176446651,0.679178699175393,0.6852009766653157,2879,2851,2026-06-01 14:14:56.733053,5
4980,19,P09,no,1,0.3178050823553349,0.6852009766653157,0.679178699175393,2879,2852,2026-06-01 14:14:56.795653,5
4981,19,P24,yes,3,2.0644971534948127,0.679178699175393,0.6970592839654074,2882,2852,2026-06-01 14:14:56.816927,5
3809,17,P09,yes,1,0.0432231956913256,0.042651252130942854,0.04379999771646115,1245,1356,2026-06-01 14:14:56.818878,5
6145,20,P24,no,11,8.300034125583352,0.2744377878410785,0.21792873238451507,3809,3855,2026-06-01 14:14:56.833279,5
6146,20,P03,yes,8,-1.5982606637444405,0.21792873238451507,0.18242552380635632,3801,3855,2026-06-01 14:14:56.834791,5
6604,21,P09,yes,8,0.6563197687246429,0.07393365254646753,0.09066389627358525,4047,4130,2026-06-01 14:14:56.841594,5
4982,19,P15,no,8,2.6164832252898123,0.6970592839654074,0.6481942198637447,2882,2860,2026-06-01 14:14:56.904239,5
6147,20,P11,yes,2,0.37323463265784085,0.18242552380635632,0.19085804424486547,3803,3855,2026-06-01 14:14:56.910323,5
6148,20,P13,no,8,-6.329548999935923,0.19085804424486547,0.22754561719281613,3803,3847,2026-06-01 14:14:56.919538,5
6149,20,P17,no,7,5.5225642114978655,0.22754561719281613,0.19518467701384015,3803,3854,2026-06-01 14:14:56.922464,5
6150,20,P17,yes,1,-0.19301521156148738,0.19518467701384015,0.19085804424486547,3802,3854,2026-06-01 14:14:56.926884,5
6151,20,P03,no,2,1.6267653673417044,0.19085804424486547,0.18242552380635632,3802,3856,2026-06-01 14:14:56.927896,5
6152,20,P01,no,8,-6.4017393362555595,0.18242552380635632,0.21792873238451507,3802,3848,2026-06-01 14:14:56.929561,5
6153,20,P08,no,13,-9.74000439149313,0.21792873238451507,0.2856375705089441,3802,3835,2026-06-01 14:14:57.001680,5
4983,19,P19,no,1,-0.3486473453945109,0.6481942198637447,0.6545022492518787,2882,2859,2026-06-01 14:14:57.014400,5
4984,19,P03,no,5,-1.6501381157459036,0.6545022492518787,0.6852009766653157,2882,2854,2026-06-01 14:14:57.097426,5
6154,20,P24,yes,1,0.28848278950636086,0.2856375705089441,0.29133917497056444,3803,3835,2026-06-01 14:14:57.120643,5
4985,19,P09,no,19,7.124267977857926,0.6852009766653157,0.5621765008857981,2882,2873,2026-06-01 14:14:57.238435,5
4986,19,P20,no,1,-0.43440901084477446,0.5621765008857981,0.5690013325681905,2882,2872,2026-06-01 14:14:57.247498,5
4987,19,P03,yes,3,1.7375330566769662,0.5690013325681905,0.5893093760914265,2885,2872,2026-06-01 14:14:57.261791,5
6155,20,P15,no,6,4.352749763674183,0.29133917497056444,0.2581597095111632,3803,3841,2026-06-01 14:14:57.264077,5
4988,19,P14,yes,14,8.890413058665217,0.5893093760914265,0.679178699175393,2899,2872,2026-06-01 14:14:57.296626,5
4989,19,P24,yes,6,4.181778059494263,0.679178699175393,0.7143624294910559,2905,2872,2026-06-01 14:14:57.303596,5
4990,19,P03,no,4,-1.0979359443667818,0.7143624294910559,0.736484844941675,2905,2868,2026-06-01 14:14:57.311695,5
4991,19,P12,no,6,1.6806364536678302,0.736484844941675,0.702892745013669,2905,2874,2026-06-01 14:14:57.312677,5
6605,21,P03,yes,3,-0.2619175387253563,0.09066389627358525,0.084023907816312,4044,4130,2026-06-01 14:14:57.409764,5
3810,17,P09,yes,1,0.04438662830807516,0.04379999771646115,0.04497822937897771,1246,1356,2026-06-01 14:14:57.435346,5
6156,20,P23,yes,9,2.547370792552556,0.2581597095111632,0.30883838763748533,3812,3841,2026-06-01 14:14:57.456806,5
4992,19,P15,yes,16,-10.462873132246386,0.702892745013669,0.6026853379784917,2889,2874,2026-06-01 14:14:57.474331,5
4993,19,P10,yes,1,0.6060046947259252,0.6026853379784917,0.6093175418435606,2890,2874,2026-06-01 14:14:57.521724,5
6157,20,P24,no,1,0.6941157482679046,0.30883838763748533,0.3029407160345927,3812,3842,2026-06-01 14:14:57.558804,5
3811,17,P09,no,16,-15.105065017188736,0.04497822937897771,0.06842674250359211,1246,1340,2026-06-01 14:14:57.565986,5
6158,20,P09,yes,1,0.3058842517325502,0.3029407160345927,0.30883838763748533,3813,3842,2026-06-01 14:14:57.576865,5
4994,19,P10,yes,1,0.6126170036004623,0.6093175418435606,0.6159095915435134,2891,2874,2026-06-01 14:14:57.614789,5
6159,20,P13,no,1,0.6941157482674498,0.30883838763748533,0.3029407160345927,3813,3843,2026-06-01 14:14:57.721011,5
4995,19,P21,no,1,-0.38081192452773394,0.6159095915435134,0.6224593312018546,2891,2873,2026-06-01 14:14:57.772943,5
3210,11,P18,no,1,0.4006466663070114,0.6026853379784917,0.5960151933265168,1963,1949,2026-06-01 14:14:57.783883,3
4996,19,P19,yes,1,0.6257157842683227,0.6224593312018546,0.6289646649499733,2892,2873,2026-06-01 14:14:57.785852,5
4997,19,P09,no,1,0.37428421573167725,0.6289646649499733,0.6224593312018546,2892,2874,2026-06-01 14:14:57.797417,5
4998,19,P11,yes,1,0.6257157842687775,0.6224593312018546,0.6289646649499733,2893,2874,2026-06-01 14:14:57.805871,5
6606,21,P03,no,1,0.9170368377317573,0.084023907816312,0.08191057715532518,4044,4131,2026-06-01 14:14:57.860489,5
6160,20,P11,no,5,3.5572511719087743,0.3029407160345927,0.2744377878410785,3813,3848,2026-06-01 14:14:57.862658,5
3211,11,P09,no,1,-0.4006466663070114,0.5960151933265168,0.6026853379784917,1963,1948,2026-06-01 14:14:57.870527,3
4999,19,P24,yes,5,3.2248359119221277,0.6289646649499733,0.6607563687658172,2898,2874,2026-06-01 14:14:57.871598,5
6607,21,P15,no,8,-7.273577801000101,0.08191057715532518,0.10025049035751298,4044,4123,2026-06-01 14:14:57.915993,5
5000,19,P09,no,3,1.045995069696346,0.6607563687658172,0.6418340450887311,2898,2877,2026-06-01 14:14:57.923258,5
5001,19,P19,no,15,-4.685897445715,0.6418340450887311,0.7310585786300049,2898,2862,2026-06-01 14:14:57.944154,5
6608,21,P19,yes,1,-0.0990069450745068,0.10025049035751298,0.09777259985079932,4043,4123,2026-06-01 14:14:58.004932,5
6609,21,P24,yes,6,0.6327611953365704,0.09777259985079932,0.11349222580422871,4049,4123,2026-06-01 14:14:58.010616,5
5002,19,P21,yes,1,-0.728316205115334,0.7310585786300049,0.7255622121589215,2897,2862,2026-06-01 14:14:58.035137,5
5003,19,P20,no,8,2.3782516745959583,0.7255622121589215,0.679178699175393,2897,2870,2026-06-01 14:14:58.047591,5
5004,19,P19,yes,7,4.898963209041995,0.679178699175393,0.7199965396446176,2904,2870,2026-06-01 14:14:58.072178,5
3812,17,P09,yes,6,0.4440071026174337,0.06842674250359211,0.07984576661461423,1252,1340,2026-06-01 14:14:58.075381,5
6161,20,P17,yes,15,4.77558073431328,0.2744377878410785,0.36457644074163925,3828,3848,2026-06-01 14:14:58.085157,5
5005,19,P13,no,1,0.28281485045226873,0.7199965396446176,0.7143624294910559,2904,2871,2026-06-01 14:14:58.099154,5
5006,19,P03,yes,1,0.7171851495477313,0.7143624294910559,0.7199965396446176,2905,2871,2026-06-01 14:14:58.137812,5
3813,17,P05,no,9,8.358492522138931,0.07984576661461423,0.0633019736959414,1252,1349,2026-06-01 14:14:58.148036,5
3814,17,P24,yes,1,0.06413220720583013,0.0633019736959414,0.06496916912866407,1253,1349,2026-06-01 14:14:58.182883,5
5007,19,P10,no,2,0.5712976399586296,0.7199965396446176,0.7086608250294356,2905,2873,2026-06-01 14:14:58.184940,5
6162,20,P13,no,2,1.2836513190677579,0.36457644074163925,0.3518057801362553,3828,3850,2026-06-01 14:14:58.185638,5
6163,20,P03,yes,1,-0.34864734539496567,0.3518057801362553,0.3454977507481214,3827,3850,2026-06-01 14:14:58.215140,5
6164,20,P03,no,1,0.6576338731488249,0.3454977507481214,0.33924363123418283,3827,3851,2026-06-01 14:14:58.215273,5
6165,20,P02,no,1,0.6638603292085463,0.33924363123418283,0.3330451148264414,3827,3852,2026-06-01 14:14:58.220375,5
3815,17,P03,no,10,9.428220822923777,0.06496916912866407,0.049999740399933254,1253,1359,2026-06-01 14:14:58.246629,5
6166,20,P09,yes,1,0.33613967079099893,0.3330451148264414,0.33924363123418283,3828,3852,2026-06-01 14:14:58.259855,5
6610,21,P19,yes,1,-0.11210480668705713,0.11349222580422871,0.1107273179723682,4048,4123,2026-06-01 14:14:58.261690,5
5008,19,P03,no,1,-0.2884827895068156,0.7086608250294356,0.7143624294910559,2905,2872,2026-06-01 14:14:58.321614,5
3816,17,P19,no,9,8.5996253201929,0.049999740399933254,0.039375324260408275,1253,1368,2026-06-01 14:14:58.344580,5
6167,20,P20,no,1,0.6638603292090011,0.33924363123418283,0.3330451148264414,3828,3853,2026-06-01 14:14:58.358315,5
6168,20,P17,yes,5,1.7435018239702913,0.3330451148264414,0.36457644074163925,3833,3853,2026-06-01 14:14:58.396719,5
6169,20,P20,no,1,0.6386329165170537,0.36457644074163925,0.358165954911269,3833,3854,2026-06-01 14:14:58.411806,5
3817,17,P09,yes,1,0.0399051776610122,0.039375324260408275,0.04043956481800324,1254,1368,2026-06-01 14:14:58.471295,5
6170,20,P15,no,8,5.334419428992533,0.358165954911269,0.30883838763748533,3833,3862,2026-06-01 14:14:58.513910,5
6611,21,P24,yes,2,0.22700445516238688,0.1107273179723682,0.11631714397765597,4050,4123,2026-06-01 14:14:58.542224,5
5009,19,P09,yes,1,-0.7115172104931844,0.7143624294910559,0.7086608250294356,2904,2872,2026-06-01 14:14:58.584498,5
5010,19,P23,no,1,0.29421771979423283,0.7086608250294356,0.702892745013669,2904,2873,2026-06-01 14:14:58.600023,5
3212,11,P09,no,1,0.4006466663070114,0.6026853379784917,0.5960151933265168,1963,1949,2026-06-01 14:14:58.612020,3
6171,20,P09,no,15,-9.668129302370744,0.30883838763748533,0.4039848066734832,3833,3847,2026-06-01 14:14:58.654650,5
5011,19,P09,yes,1,0.7057822802057672,0.702892745013669,0.7086608250294356,2905,2873,2026-06-01 14:14:58.667384,5
6612,21,P03,yes,1,-0.11489964847532974,0.11631714397765597,0.11349222580422871,4049,4123,2026-06-01 14:14:58.714667,5
5012,19,P19,no,6,-1.647250236326272,0.7086608250294356,0.7418402904888368,2905,2867,2026-06-01 14:14:58.734275,5
6172,20,P14,yes,3,-1.182024967981306,0.4039848066734832,0.3840904084564866,3830,3847,2026-06-01 14:14:58.740338,5
5013,19,P13,no,1,0.2608315024526746,0.7418402904888368,0.736484844941675,2905,2868,2026-06-01 14:14:58.794762,5
5014,19,P02,no,1,0.2662224153923489,0.736484844941675,0.7310585786300049,2905,2869,2026-06-01 14:14:58.801226,5
5015,19,P03,yes,1,0.7337775846076511,0.7310585786300049,0.736484844941675,2906,2869,2026-06-01 14:14:58.822613,5
6173,20,P08,no,1,0.6191880754722661,0.3840904084564866,0.37754066879814546,3830,3848,2026-06-01 14:14:58.827432,5
3818,17,P09,yes,12,0.5713836749500842,0.04043956481800324,0.055549260157611746,1266,1368,2026-06-01 14:14:58.863104,5
5016,19,P13,no,9,2.5983528025176383,0.736484844941675,0.6852009766653157,2906,2878,2026-06-01 14:14:58.892273,5
6174,20,P02,no,1,0.6257157842687775,0.37754066879814546,0.3710353350500268,3830,3849,2026-06-01 14:14:58.935890,5
6175,20,P04,yes,6,-2.1113037588688712,0.3710353350500268,0.3330451148264414,3824,3849,2026-06-01 14:14:58.951060,5
6176,20,P11,no,1,0.6700303657012228,0.3330451148264414,0.32690382227776793,3824,3850,2026-06-01 14:14:58.965777,5
3819,17,P03,no,1,0.9451734348481295,0.055549260157611746,0.05410980348435149,1266,1369,2026-06-01 14:14:58.997065,5
5017,19,P03,no,1,-0.31181351241730226,0.6852009766653157,0.6911616123625146,2906,2877,2026-06-01 14:14:58.998552,5
6613,21,P15,yes,14,1.8915337770440601,0.11349222580422871,0.15886910488091516,4063,4123,2026-06-01 14:14:59.021220,5
5018,19,P19,yes,2,1.3940971635674941,0.6911616123625146,0.702892745013669,2908,2877,2026-06-01 14:14:59.072545,5
6614,21,P08,no,1,0.8429751626781581,0.15886910488091516,0.15519224623709701,4063,4124,2026-06-01 14:14:59.086676,5
6615,21,P10,no,1,0.8466170907731794,0.15519224623709701,0.1515851487892869,4063,4125,2026-06-01 14:14:59.119787,5
6616,21,P24,yes,5,0.8040371871129537,0.1515851487892869,0.17032391864384583,4068,4125,2026-06-01 14:14:59.142413,5
5019,19,P10,yes,11,-7.367149509077535,0.702892745013669,0.6354235592583607,2897,2877,2026-06-01 14:14:59.154983,5
5020,19,P17,no,1,0.36780193489857993,0.6354235592583607,0.6289646649499733,2897,2878,2026-06-01 14:14:59.174614,5
6617,21,P20,no,1,0.8316268084481635,0.17032391864384583,0.16643440755425876,4068,4126,2026-06-01 14:14:59.181079,5
6177,20,P10,no,7,4.857920458045555,0.32690382227776793,0.2856375705089441,3824,3857,2026-06-01 14:14:59.182740,5
3820,17,P03,no,1,0.9465952185423703,0.05410980348435149,0.05270556608289024,1266,1370,2026-06-01 14:14:59.185800,5
5021,19,P24,no,1,-0.36780193489857993,0.6289646649499733,0.6354235592583607,2897,2877,2026-06-01 14:14:59.185959,5
5022,19,P24,yes,1,0.6386329165170537,0.6354235592583607,0.6418340450887311,2898,2877,2026-06-01 14:14:59.187395,5
5023,19,P24,no,1,0.3613670834824916,0.6418340450887311,0.6354235592583607,2898,2878,2026-06-01 14:14:59.204154,5
3821,17,P09,yes,7,0.4049641436758975,0.05270556608289024,0.0633019736959414,1273,1370,2026-06-01 14:14:59.221795,5
6178,20,P14,no,1,-0.7115172104931844,0.2856375705089441,0.29133917497056444,3824,3856,2026-06-01 14:14:59.228953,5
6618,21,P12,yes,6,-0.9317812263234373,0.16643440755425876,0.14457775046587726,4062,4126,2026-06-01 14:14:59.247317,5
5024,19,P17,yes,1,0.6386329165170537,0.6354235592583607,0.6418340450887311,2899,2878,2026-06-01 14:14:59.317934,5
6179,20,P03,yes,14,-3.5484783980132306,0.29133917497056444,0.21792873238451507,3810,3856,2026-06-01 14:14:59.321570,5
6619,21,P13,no,1,0.8571286811311438,0.14457775046587726,0.14117613544185983,4062,4127,2026-06-01 14:14:59.349200,5
3822,17,P05,no,6,5.648440637781505,0.0633019736959414,0.05410980348435149,1273,1376,2026-06-01 14:14:59.366030,5
6180,20,P17,no,8,6.401739336255105,0.21792873238451507,0.18242552380635632,3810,3864,2026-06-01 14:14:59.370499,5
5025,19,P24,yes,1,0.6450184025507042,0.6418340450887311,0.6481942198637447,2900,2878,2026-06-01 14:14:59.377028,5
5026,19,P02,yes,6,4.00121453886004,0.6481942198637447,0.6852009766653157,2906,2878,2026-06-01 14:14:59.383006,5
6620,21,P11,yes,1,-0.1395033311264342,0.14117613544185983,0.13784165696493572,4061,4127,2026-06-01 14:14:59.388720,5
3823,17,P05,no,1,0.9465952185425976,0.05410980348435149,0.05270556608289024,1273,1377,2026-06-01 14:14:59.397961,5
3824,17,P19,no,12,11.45808806045693,0.05270556608289024,0.03833797212535963,1273,1389,2026-06-01 14:14:59.475150,5
5027,19,P03,no,1,-0.31181351241730226,0.6852009766653157,0.6911616123625146,2906,2877,2026-06-01 14:14:59.489799,5
6181,20,P02,yes,11,2.2736847886080795,0.18242552380635632,0.2324649929561242,3821,3864,2026-06-01 14:14:59.495018,5
6182,20,P24,no,11,8.72631521139192,0.2324649929561242,0.18242552380635632,3821,3875,2026-06-01 14:14:59.524578,5
6183,20,P11,yes,9,1.8185689210540659,0.18242552380635632,0.22270013882530884,3830,3875,2026-06-01 14:14:59.527443,5
6621,21,P03,yes,1,-0.1362021220384122,0.13784165696493572,0.13457359546569392,4060,4127,2026-06-01 14:14:59.556848,5
6184,20,P03,no,4,3.146876006610455,0.22270013882530884,0.20405977695922933,3830,3879,2026-06-01 14:14:59.562391,5
5028,19,P19,no,7,-2.0203168747075324,0.6911616123625146,0.7310585786300049,2906,2870,2026-06-01 14:14:59.584594,5
5029,19,P14,yes,7,-4.979683125292922,0.7310585786300049,0.6911616123625146,2899,2870,2026-06-01 14:14:59.590081,5
5030,19,P15,no,1,0.31181351241730226,0.6911616123625146,0.6852009766653157,2899,2871,2026-06-01 14:14:59.670449,5
5031,19,P15,no,1,0.3178050823553349,0.6852009766653157,0.679178699175393,2899,2872,2026-06-01 14:14:59.680624,5
6185,20,P01,no,1,-0.793672032251834,0.20405977695922933,0.20860852732604496,3830,3878,2026-06-01 14:14:59.709339,5
6186,20,P20,no,8,-6.178059551285969,0.20860852732604496,0.2476638011390716,3830,3870,2026-06-01 14:14:59.714213,5
6622,21,P15,yes,1,0.1362021220384122,0.13457359546569392,0.13784165696493572,4061,4127,2026-06-01 14:14:59.862495,5
6623,21,P19,yes,1,-0.1362021220384122,0.13784165696493572,0.13457359546569392,4060,4127,2026-06-01 14:14:59.875829,5
6187,20,P04,yes,1,0.2502637410184434,0.2476638011390716,0.25287573272933045,3831,3870,2026-06-01 14:14:59.890837,5
6188,20,P23,yes,1,0.2555117402871474,0.25287573272933045,0.2581597095111632,3832,3870,2026-06-01 14:14:59.948941,5
5032,19,P17,no,1,0.32385760144825326,0.679178699175393,0.6730961777222321,2899,2873,2026-06-01 14:14:59.965469,5
6189,20,P14,yes,1,0.26083150245221987,0.2581597095111632,0.26351515505832507,3833,3870,2026-06-01 14:14:59.973088,5
6624,21,P09,yes,1,-0.13296696097131644,0.13457359546569392,0.13137120953080678,4059,4127,2026-06-01 14:14:59.978830,5
6190,20,P17,no,13,10.003308288985863,0.26351515505832507,0.19958519865373256,3833,3883,2026-06-01 14:14:59.979531,5
6191,20,P20,yes,1,0.2018163107941291,0.19958519865373256,0.20405977695922933,3834,3883,2026-06-01 14:15:00.018966,5
5033,19,P03,no,12,-3.5008469887734464,0.6730961777222321,0.7418402904888368,2899,2861,2026-06-01 14:15:00.053410,5
5034,19,P24,yes,6,4.544196807289609,0.7418402904888368,0.7724543828071839,2905,2861,2026-06-01 14:15:00.115818,5
5035,19,P02,no,1,0.2299991558866168,0.7724543828071839,0.7675350070438758,2905,2862,2026-06-01 14:15:00.126324,5
6625,21,P14,no,1,0.870202903705831,0.13137120953080678,0.12823373759251924,4059,4128,2026-06-01 14:15:00.138229,5
6192,20,P17,no,12,9.854939827524504,0.20405977695922933,0.15519224623709701,3834,3895,2026-06-01 14:15:00.139958,5
5036,19,P11,no,15,4.084988341793633,0.7675350070438758,0.6852009766653157,2905,2877,2026-06-01 14:15:00.156129,5
6193,20,P01,yes,1,0.15702483732229666,0.15519224623709701,0.15886910488091516,3835,3895,2026-06-01 14:15:00.171309,5
6194,20,P21,yes,1,0.1607368210829918,0.15886910488091516,0.16261630836153196,3836,3895,2026-06-01 14:15:00.234665,5
6195,20,P02,no,2,-1.6671073805191554,0.16261630836153196,0.17032391864384583,3836,3893,2026-06-01 14:15:00.251568,5
6626,21,P09,no,1,0.8733082429480419,0.12823373759251924,0.1251603995749971,4059,4129,2026-06-01 14:15:00.317901,5
6196,20,P20,yes,1,0.1722986099798618,0.17032391864384583,0.17428532117858547,3837,3893,2026-06-01 14:15:00.326866,5
5037,19,P19,yes,1,0.6881864875831525,0.6852009766653157,0.6911616123625146,2906,2877,2026-06-01 14:15:00.343575,5
6197,20,P14,yes,5,0.9229122011647632,0.17428532117858547,0.19518467701384015,3842,3893,2026-06-01 14:15:00.355500,5
6198,20,P24,no,1,0.8069847884385126,0.19518467701384015,0.19085804424486547,3842,3894,2026-06-01 14:15:00.444614,5
6199,20,P04,no,2,-1.6096060157879037,0.19085804424486547,0.19958519865373256,3842,3892,2026-06-01 14:15:00.474313,5
6200,20,P20,no,1,-0.7981836892058709,0.19958519865373256,0.20405977695922933,3842,3891,2026-06-01 14:15:00.474320,5
6201,20,P08,yes,1,0.20632796774771123,0.20405977695922933,0.20860852732604496,3843,3891,2026-06-01 14:15:00.496925,5
6202,20,P10,yes,1,0.21091383191014756,0.20860852732604496,0.2132315108375271,3844,3891,2026-06-01 14:15:00.505311,5
5038,19,P03,no,2,-0.6059028364325059,0.6911616123625146,0.702892745013669,2906,2875,2026-06-01 14:15:00.544389,5
5039,19,P09,no,1,0.3000185846999557,0.702892745013669,0.6970592839654074,2906,2876,2026-06-01 14:15:00.546484,5
6627,21,P19,yes,11,-1.2062939152247054,0.1251603995749971,0.0953494648991095,4048,4129,2026-06-01 14:15:00.567038,5
3825,17,P09,no,4,-3.838168348348063,0.03833797212535963,0.042651252130942854,1273,1385,2026-06-01 14:15:00.759395,5
5040,19,P03,yes,2,1.4057636955053567,0.6970592839654074,0.7086608250294356,2908,2876,2026-06-01 14:15:00.780421,5
6628,21,P19,no,1,0.9058396218333655,0.0953494648991095,0.09298019452229982,4048,4130,2026-06-01 14:15:00.801668,5
3971,18,P24,yes,9,0.37965527589449266,0.037326887344129464,0.04742587317756679,1555,1663,2026-06-01 14:15:00.813681,5
5041,19,P03,yes,4,2.8798036815192063,0.7086608250294356,0.7310585786300049,2912,2876,2026-06-01 14:15:00.826313,5
5042,19,P23,no,1,0.27168379488421124,0.7310585786300049,0.7255622121589215,2912,2877,2026-06-01 14:15:00.880637,5
3972,18,P19,no,1,0.9531963510562491,0.04742587317756679,0.04618662486055427,1555,1664,2026-06-01 14:15:00.886094,5
5043,19,P03,no,1,-0.27168379488421124,0.7255622121589215,0.7310585786300049,2912,2876,2026-06-01 14:15:00.938618,5
5044,19,P23,no,1,0.27168379488421124,0.7310585786300049,0.7255622121589215,2912,2877,2026-06-01 14:15:00.953186,5
6203,20,P21,yes,1,0.2155739364220608,0.2132315108375271,0.21792873238451507,3845,3891,2026-06-01 14:15:00.985618,5
5045,19,P10,yes,1,-0.7227851163615924,0.7255622121589215,0.7199965396446176,2911,2877,2026-06-01 14:15:00.991411,5
6204,20,P14,yes,5,1.1503646346241112,0.21792873238451507,0.24252442073717165,3850,3891,2026-06-01 14:15:00.996876,5
5046,19,P04,yes,3,-2.1344846402471376,0.7199965396446176,0.702892745013669,2908,2877,2026-06-01 14:15:01.061691,5
3826,17,P22,no,14,13.501863759034222,0.042651252130942854,0.029312230751356316,1273,1399,2026-06-01 14:15:01.065323,5
5047,19,P15,yes,5,-3.4406209673466037,0.702892745013669,0.6730961777222321,2903,2877,2026-06-01 14:15:01.294451,5
6629,21,P24,yes,15,1.689910107709693,0.09298019452229982,0.13457359546569392,4063,4130,2026-06-01 14:15:01.294719,5
5048,19,P17,no,2,0.6661093050897762,0.6730961777222321,0.6607563687658172,2903,2879,2026-06-01 14:15:01.346824,5
6205,20,P23,yes,4,1.011695029515522,0.24252442073717165,0.26351515505832507,3854,3891,2026-06-01 14:15:01.425947,5
5049,19,P15,no,1,0.3423661268516298,0.6607563687658172,0.6545022492518787,2903,2880,2026-06-01 14:15:01.428287,5
6630,21,P24,no,1,-0.8637978779615878,0.13457359546569392,0.13784165696493572,4063,4129,2026-06-01 14:15:01.438759,5
6206,20,P01,no,2,1.4836567572610875,0.26351515505832507,0.25287573272933045,3854,3893,2026-06-01 14:15:01.465042,5
6631,21,P14,no,1,0.8637978779615878,0.13784165696493572,0.13457359546569392,4063,4130,2026-06-01 14:15:01.475167,5
5050,19,P09,no,1,-0.3423661268516298,0.6545022492518787,0.6607563687658172,2903,2879,2026-06-01 14:15:01.482719,5
6207,20,P24,no,8,6.1387096421772185,0.25287573272933045,0.2132315108375271,3854,3901,2026-06-01 14:15:01.487833,5
6208,20,P14,no,1,-0.7844260635779392,0.2132315108375271,0.21792873238451507,3854,3900,2026-06-01 14:15:01.524630,5
6209,20,P24,yes,2,0.4454249689770222,0.21792873238451507,0.22754561719281613,3856,3900,2026-06-01 14:15:01.543913,5
6210,20,P03,yes,1,-0.22511671166739688,0.22754561719281613,0.22270013882530884,3855,3900,2026-06-01 14:15:01.702573,5
6211,20,P03,yes,1,-0.22030825730962533,0.22270013882530884,0.21792873238451507,3854,3900,2026-06-01 14:15:01.735096,5
6212,20,P12,no,1,-0.7796917426903747,0.21792873238451507,0.22270013882530884,3854,3899,2026-06-01 14:15:01.735552,5
6632,21,P03,yes,10,-1.19459938507498,0.13457359546569392,0.10537408848177848,4053,4130,2026-06-01 14:15:01.745645,5
3973,18,P03,no,1,0.9544201150688423,0.04618662486055427,0.04497822937897771,1555,1665,2026-06-01 14:15:01.767228,5
6213,20,P09,yes,1,0.22511671166785163,0.22270013882530884,0.22754561719281613,3855,3899,2026-06-01 14:15:01.767388,5
6214,20,P03,yes,7,-1.4774357885021345,0.22754561719281613,0.19518467701384015,3848,3899,2026-06-01 14:15:01.801436,5
6633,21,P19,no,1,0.8959256908101452,0.10537408848177848,0.10278402491725176,4053,4131,2026-06-01 14:15:01.805556,5
6215,20,P04,yes,13,2.9332389812125257,0.19518467701384015,0.2581597095111632,3861,3899,2026-06-01 14:15:01.834361,5
6216,20,P03,no,3,2.249136472936698,0.2581597095111632,0.24252442073717165,3861,3902,2026-06-01 14:15:01.851916,5
6217,20,P24,no,11,8.624609334289289,0.24252442073717165,0.19085804424486547,3861,3913,2026-06-01 14:15:01.906281,5
6218,20,P20,yes,1,0.19301521156148738,0.19085804424486547,0.19518467701384015,3862,3913,2026-06-01 14:15:01.914835,5
6219,20,P10,yes,1,0.19737877265060888,0.19518467701384015,0.19958519865373256,3863,3913,2026-06-01 14:15:01.917245,5
6220,20,P15,yes,13,2.9966917110141367,0.19958519865373256,0.26351515505832507,3876,3913,2026-06-01 14:15:01.937926,5
5051,19,P17,no,5,-1.6195855013111213,0.6607563687658172,0.6911616123625146,2903,2874,2026-06-01 14:15:01.941417,5
3974,18,P05,no,12,11.538051689512258,0.04497822937897771,0.0326445247140918,1555,1677,2026-06-01 14:15:01.955019,5
5052,19,P19,no,17,-4.448598954239969,0.6911616123625146,0.7820712676154848,2903,2857,2026-06-01 14:15:01.958865,5
5053,19,P16,no,4,0.9103795088180959,0.7820712676154848,0.7625419716560975,2903,2861,2026-06-01 14:15:01.967675,5
5054,19,P21,no,1,0.23998512580647002,0.7625419716560975,0.7574755792628283,2903,2862,2026-06-01 14:15:01.968339,5
5055,19,P11,no,14,3.9278529143884953,0.7574755792628283,0.679178699175393,2903,2876,2026-06-01 14:15:02.003995,5
3827,17,P17,no,1,-0.9702891226309021,0.029312230751356316,0.030113010965194673,1273,1398,2026-06-01 14:15:02.075304,5
3828,17,P17,yes,1,0.03052220421432139,0.030113010965194673,0.03093497049195357,1274,1398,2026-06-01 14:15:02.083661,5
3975,18,P24,yes,1,0.03308693886151559,0.0326445247140918,0.03353319492319511,1556,1677,2026-06-01 14:15:02.097927,5
6221,20,P24,no,4,2.988304970484478,0.26351515505832507,0.24252442073717165,3876,3917,2026-06-01 14:15:02.099285,5
6222,20,P13,yes,1,0.24508804575771137,0.24252442073717165,0.2476638011390716,3877,3917,2026-06-01 14:15:02.155550,5
5056,19,P19,yes,1,0.6821949176442104,0.679178699175393,0.6852009766653157,2904,2876,2026-06-01 14:15:02.158687,5
6223,20,P23,yes,1,0.2502637410184434,0.2476638011390716,0.25287573272933045,3878,3917,2026-06-01 14:15:02.163065,5
6224,20,P24,yes,5,1.331464336654335,0.25287573272933045,0.2800034603553825,3883,3917,2026-06-01 14:15:02.197876,5
3829,17,P09,no,1,-0.9686450297028841,0.03093497049195357,0.03177863095923023,1274,1397,2026-06-01 14:15:02.200975,5
6225,20,P15,yes,11,3.4333698243481194,0.2800034603553825,0.3454977507481214,3894,3917,2026-06-01 14:15:02.238596,5
5057,19,P09,no,1,-0.3118135124168475,0.6852009766653157,0.6911616123625146,2904,2875,2026-06-01 14:15:02.263784,5
6634,21,P19,yes,1,-0.10151258369751304,0.10278402491725176,0.10025049035751298,4052,4131,2026-06-01 14:15:02.274107,5
5058,19,P17,yes,1,0.6941157482669951,0.6911616123625146,0.6970592839654074,2905,2875,2026-06-01 14:15:02.282404,5
6226,20,P14,no,4,2.667666966609886,0.3454977507481214,0.32082130082460697,3894,3921,2026-06-01 14:15:02.295003,5
5059,19,P09,no,13,4.4557299813805,0.6970592839654074,0.6159095915435134,2905,2888,2026-06-01 14:15:02.306422,5
6227,20,P18,no,2,1.3703814052273628,0.32082130082460697,0.30883838763748533,3894,3923,2026-06-01 14:15:02.320812,5
3830,17,P17,no,8,-7.716429029024994,0.03177863095923023,0.039375324260408275,1274,1389,2026-06-01 14:15:02.323027,5
6228,20,P24,yes,10,-2.8028825328397033,0.30883838763748533,0.25287573272933045,3884,3923,2026-06-01 14:15:02.340992,5
5060,19,P03,yes,1,0.6191880754722661,0.6159095915435134,0.6224593312018546,2906,2888,2026-06-01 14:15:02.343519,5
5061,19,P20,yes,1,0.6257157842683227,0.6224593312018546,0.6289646649499733,2907,2888,2026-06-01 14:15:02.358491,5
5062,19,P11,yes,9,5.917063923028763,0.6289646649499733,0.6852009766653157,2916,2888,2026-06-01 14:15:02.367828,5
5063,19,P15,no,8,2.7151341420726567,0.6852009766653157,0.6354235592583607,2916,2896,2026-06-01 14:15:02.403625,5
5064,19,P19,no,7,-2.397329059716867,0.6354235592583607,0.679178699175393,2916,2889,2026-06-01 14:15:02.415592,5
6229,20,P01,no,1,0.7497362589815566,0.25287573272933045,0.2476638011390716,3884,3924,2026-06-01 14:15:02.430801,5
6635,21,P17,no,1,-0.898487416302487,0.10025049035751298,0.10278402491725176,4052,4130,2026-06-01 14:15:02.434191,5
5065,19,P03,no,4,-1.235521431205143,0.679178699175393,0.702892745013669,2916,2885,2026-06-01 14:15:02.447850,5
5066,19,P03,yes,1,0.7057822802053124,0.702892745013669,0.7086608250294356,2917,2885,2026-06-01 14:15:02.454186,5
6230,20,P17,no,8,6.178059551285969,0.2476638011390716,0.20860852732604496,3884,3932,2026-06-01 14:15:02.460528,5
6231,20,P03,yes,1,-0.20632796774816597,0.20860852732604496,0.20405977695922933,3883,3932,2026-06-01 14:15:02.470633,5
6232,20,P17,no,17,14.123065037540528,0.20405977695922933,0.13784165696493572,3883,3949,2026-06-01 14:15:02.491989,5
6233,20,P02,yes,1,0.1395033311264342,0.13784165696493572,0.14117613544185983,3884,3949,2026-06-01 14:15:02.501917,5
6234,20,P13,yes,5,0.7493962961798388,0.14117613544185983,0.15886910488091516,3889,3949,2026-06-01 14:15:02.546211,5
6235,20,P23,yes,1,0.1607368210829918,0.15886910488091516,0.16261630836153196,3890,3949,2026-06-01 14:15:02.547923,5
5067,19,P15,no,8,2.51970605753786,0.7086608250294356,0.6607563687658172,2917,2893,2026-06-01 14:15:02.564146,5
6236,20,P15,yes,1,0.1645194279290081,0.16261630836153196,0.16643440755425876,3891,3949,2026-06-01 14:15:02.565677,5
6237,20,P18,yes,1,0.1683731915518365,0.16643440755425876,0.17032391864384583,3892,3949,2026-06-01 14:15:02.684263,5
6238,20,P17,yes,1,0.1722986099798618,0.17032391864384583,0.17428532117858547,3893,3949,2026-06-01 14:15:02.780215,5
5068,19,P19,yes,6,4.0745302469563285,0.6607563687658172,0.6970592839654074,2923,2893,2026-06-01 14:15:02.792998,5
6239,20,P21,yes,6,1.1202909738153721,0.17428532117858547,0.19958519865373256,3899,3949,2026-06-01 14:15:02.849716,5
6240,20,P10,no,2,-1.5918557214581597,0.19958519865373256,0.20860852732604496,3899,3947,2026-06-01 14:15:02.860519,5
5069,19,P09,yes,2,-1.3823022358501476,0.6970592839654074,0.6852009766653157,2921,2893,2026-06-01 14:15:02.908861,5
6241,20,P17,yes,1,0.21091383191014756,0.20860852732604496,0.2132315108375271,3900,3947,2026-06-01 14:15:02.963157,5
3831,17,P17,yes,13,0.6112888526110964,0.039375324260408275,0.055549260157611746,1287,1389,2026-06-01 14:15:02.971169,5
6636,21,P03,yes,1,-0.10151258369751304,0.10278402491725176,0.10025049035751298,4051,4130,2026-06-01 14:15:03.038562,5
5070,19,P19,yes,5,3.499583141849598,0.6852009766653157,0.7143624294910559,2926,2893,2026-06-01 14:15:03.047210,5
5071,19,P17,yes,1,-0.7115172104931844,0.7143624294910559,0.7086608250294356,2925,2893,2026-06-01 14:15:03.107545,5
6242,20,P10,yes,13,3.192754694476662,0.2132315108375271,0.2800034603553825,3913,3947,2026-06-01 14:15:03.156669,5
6243,20,P17,yes,7,2.10103679095846,0.2800034603553825,0.32082130082460697,3920,3947,2026-06-01 14:15:03.167987,5
6244,20,P21,no,1,0.6821949176442104,0.32082130082460697,0.3147990233346844,3920,3948,2026-06-01 14:15:03.208708,5
5072,19,P15,no,1,0.29421771979423283,0.7086608250294356,0.702892745013669,2925,2894,2026-06-01 14:15:03.214020,5
6245,20,P21,no,1,0.6881864875826977,0.3147990233346844,0.30883838763748533,3920,3949,2026-06-01 14:15:03.226291,5
6246,20,P09,yes,1,-0.3058842517325502,0.30883838763748533,0.3029407160345927,3919,3949,2026-06-01 14:15:03.253979,5
5073,19,P03,no,1,-0.29421771979423283,0.702892745013669,0.7086608250294356,2925,2893,2026-06-01 14:15:03.259824,5
5074,19,P20,yes,12,-8.072931789283302,0.7086608250294356,0.6354235592583607,2913,2893,2026-06-01 14:15:03.272989,5
5075,19,P04,no,1,-0.3613670834829463,0.6354235592583607,0.6418340450887311,2913,2892,2026-06-01 14:15:03.286112,5
6247,20,P20,no,1,0.6999814153004991,0.3029407160345927,0.2971072549863309,3919,3950,2026-06-01 14:15:03.299580,5
3832,17,P05,no,1,0.9451734348479022,0.055549260157611746,0.05410980348435149,1287,1390,2026-06-01 14:15:03.331260,5
6248,20,P11,yes,1,-0.29421771979423283,0.2971072549863309,0.29133917497056444,3918,3950,2026-06-01 14:15:03.383794,5
6249,20,P08,yes,1,-0.28848278950636086,0.29133917497056444,0.2856375705089441,3917,3950,2026-06-01 14:15:03.384404,5
5076,19,P14,yes,5,3.287895625213878,0.6418340450887311,0.6730961777222321,2918,2892,2026-06-01 14:15:03.412212,5
5077,19,P03,yes,1,0.676142398551292,0.6730961777222321,0.679178699175393,2919,2892,2026-06-01 14:15:03.421363,5
6637,21,P19,yes,1,-0.0990069450745068,0.10025049035751298,0.09777259985079932,4050,4130,2026-06-01 14:15:03.427619,5
6250,20,P09,no,10,7.4154285163563145,0.2856375705089441,0.2324649929561242,3917,3960,2026-06-01 14:15:03.438582,5
3833,17,P17,no,1,-0.9451734348479022,0.05410980348435149,0.055549260157611746,1287,1389,2026-06-01 14:15:03.459457,5
6251,20,P09,yes,5,-1.1019118931953926,0.2324649929561242,0.20860852732604496,3912,3960,2026-06-01 14:15:03.474491,5
3834,17,P24,yes,3,0.1733702708340843,0.055549260157611746,0.06008665017400762,1290,1389,2026-06-01 14:15:03.529638,5
3835,17,P03,no,1,0.9406913852928938,0.06008665017400762,0.05853690287436789,1290,1390,2026-06-01 14:15:03.536990,5
6638,21,P15,yes,2,0.20051952877201984,0.09777259985079932,0.10278402491725176,4052,4130,2026-06-01 14:15:03.599153,5
6252,20,P09,yes,16,3.974966166345439,0.20860852732604496,0.29133917497056444,3928,3960,2026-06-01 14:15:03.613854,5
6253,20,P11,no,1,0.7115172104931844,0.29133917497056444,0.2856375705089441,3928,3961,2026-06-01 14:15:03.615646,5
5078,19,P09,no,2,0.6538272357474852,0.679178699175393,0.6669548851735586,2919,2894,2026-06-01 14:15:03.680327,5
6254,20,P02,no,10,7.415428516357224,0.2856375705089441,0.2324649929561242,3928,3971,2026-06-01 14:15:03.696412,5
6639,21,P17,yes,1,0.10407430918985483,0.10278402491725176,0.10537408848177848,4053,4130,2026-06-01 14:15:03.792020,5
5079,19,P17,yes,1,0.6700303657012228,0.6669548851735586,0.6730961777222321,2920,2894,2026-06-01 14:15:03.833614,5
6255,20,P24,yes,1,-0.2299991558866168,0.2324649929561242,0.22754561719281613,3927,3971,2026-06-01 14:15:03.865219,5
5080,19,P03,no,1,-0.32385760144825326,0.6730961777222321,0.679178699175393,2920,2893,2026-06-01 14:15:03.865913,5
6640,21,P03,no,1,0.8959256908101452,0.10537408848177848,0.10278402491725176,4053,4131,2026-06-01 14:15:03.878635,5
6641,21,P19,yes,1,-0.10151258369751304,0.10278402491725176,0.10025049035751298,4052,4131,2026-06-01 14:15:03.896097,5
6642,21,P19,yes,4,-0.38154149800629966,0.10025049035751298,0.09066389627358525,4048,4131,2026-06-01 14:15:03.902121,5
6643,21,P17,yes,12,1.2686218070684845,0.09066389627358525,0.122150398495942,4060,4131,2026-06-01 14:15:03.939601,5
3836,17,P17,yes,1,0.059308614707106244,0.05853690287436789,0.06008665017400762,1291,1390,2026-06-01 14:15:04.047181,5
6256,20,P24,no,1,0.7748832883321484,0.22754561719281613,0.22270013882530884,3927,3972,2026-06-01 14:15:04.052575,5
3837,17,P03,no,1,0.9406913852926664,0.06008665017400762,0.05853690287436789,1291,1391,2026-06-01 14:15:04.098580,5
6257,20,P24,yes,1,0.22511671166739688,0.22270013882530884,0.22754561719281613,3928,3972,2026-06-01 14:15:04.111431,5
5081,19,P03,no,6,-1.8182219405057367,0.679178699175393,0.7143624294910559,2920,2887,2026-06-01 14:15:04.193619,5
5082,19,P17,yes,2,-1.4172994906994063,0.7143624294910559,0.702892745013669,2918,2887,2026-06-01 14:15:04.199955,5
6258,20,P03,yes,4,-0.8719127373092306,0.22754561719281613,0.20860852732604496,3924,3972,2026-06-01 14:15:04.274688,5
5083,19,P15,no,15,5.143131562479539,0.702892745013669,0.6093175418435606,2918,2902,2026-06-01 14:15:04.293223,5
6644,21,P15,yes,7,0.9316827409329562,0.122150398495942,0.14457775046587726,4067,4131,2026-06-01 14:15:04.346491,5
5084,19,P11,yes,9,5.746217104472635,0.6093175418435606,0.6669548851735586,2927,2902,2026-06-01 14:15:04.347339,5
6645,21,P04,yes,2,-0.2823746499943809,0.14457775046587726,0.13784165696493572,4065,4131,2026-06-01 14:15:04.386748,5
6259,20,P24,yes,7,1.5768524029563196,0.20860852732604496,0.24252442073717165,3931,3972,2026-06-01 14:15:04.395814,5
6646,21,P05,no,1,-0.8604966688735658,0.13784165696493572,0.14117613544185983,4065,4130,2026-06-01 14:15:04.430335,5
6647,21,P11,yes,6,-0.7888114220650095,0.14117613544185983,0.122150398495942,4059,4130,2026-06-01 14:15:04.462223,5
3838,17,P22,no,1,0.9422222937853348,0.05853690287436789,0.0570247014210931,1291,1392,2026-06-01 14:15:04.494522,5
6260,20,P09,no,6,4.634061428953828,0.24252442073717165,0.2132315108375271,3931,3978,2026-06-01 14:15:04.544586,5
6261,20,P24,yes,1,0.2155739364220608,0.2132315108375271,0.21792873238451507,3932,3978,2026-06-01 14:15:04.573108,5
5085,19,P03,yes,2,1.3461727642529695,0.6669548851735586,0.679178699175393,2929,2902,2026-06-01 14:15:04.615824,5
5086,19,P15,no,2,0.6538272357470305,0.679178699175393,0.6669548851735586,2929,2904,2026-06-01 14:15:04.658741,5
6648,21,P19,no,1,0.8793285159008519,0.122150398495942,0.11920292202211755,4059,4131,2026-06-01 14:15:04.708153,5
3839,17,P05,no,1,0.9437160500876871,0.0570247014210931,0.055549260157611746,1291,1393,2026-06-01 14:15:04.741591,5
5087,19,P17,yes,1,0.6700303657012228,0.6669548851735586,0.6730961777222321,2930,2904,2026-06-01 14:15:04.840605,5
3840,17,P05,no,1,0.9451734348479022,0.055549260157611746,0.05410980348435149,1291,1394,2026-06-01 14:15:04.845718,5
5088,19,P03,yes,1,0.6761423985517467,0.6730961777222321,0.679178699175393,2931,2904,2026-06-01 14:15:04.860295,5
3976,18,P24,yes,1,0.033987227707484635,0.03353319492319511,0.034445195666211174,1557,1677,2026-06-01 14:15:04.873325,5
3841,17,P05,no,1,0.9465952185425976,0.05410980348435149,0.05270556608289024,1291,1395,2026-06-01 14:15:04.922520,5
3842,17,P19,no,1,0.9479821612653723,0.05270556608289024,0.05133579311531625,1291,1396,2026-06-01 14:15:04.936336,5
5089,19,P03,no,1,-0.31780508235578964,0.679178699175393,0.6852009766653157,2931,2903,2026-06-01 14:15:05.097357,5
6649,21,P19,yes,1,-0.11775492622564343,0.11920292202211755,0.11631714397765597,4058,4131,2026-06-01 14:15:05.196120,5
6262,20,P17,yes,1,0.22030825730962533,0.21792873238451507,0.22270013882530884,3933,3978,2026-06-01 14:15:05.218393,5
3843,17,P22,no,1,0.9493350125401321,0.05133579311531625,0.049999740399933254,1291,1397,2026-06-01 14:15:05.221471,5
6650,21,P19,yes,1,-0.11489964847442025,0.11631714397765597,0.11349222580422871,4057,4131,2026-06-01 14:15:05.291218,5
6263,20,P03,yes,12,-2.347529887978908,0.22270013882530884,0.17032391864384583,3921,3978,2026-06-01 14:15:05.333966,5
6264,20,P17,yes,1,0.17229860998031654,0.17032391864384583,0.17428532117858547,3922,3978,2026-06-01 14:15:05.343975,5
6265,20,P21,no,1,-0.8237038563738679,0.17428532117858547,0.17831905610769247,3922,3977,2026-06-01 14:15:05.375037,5
6266,20,P13,yes,11,2.224051846040311,0.17831905610769247,0.22754561719281613,3933,3977,2026-06-01 14:15:05.375723,5
6267,20,P03,no,4,3.1280872626903147,0.22754561719281613,0.20860852732604496,3933,3981,2026-06-01 14:15:05.411000,5
5090,19,P15,no,1,0.31780508235578964,0.6852009766653157,0.679178699175393,2931,2904,2026-06-01 14:15:05.455281,5
5091,19,P15,yes,8,-5.234869005384553,0.679178699175393,0.6289646649499733,2923,2904,2026-06-01 14:15:05.569330,5
5092,19,P23,yes,1,0.6321980651018748,0.6289646649499733,0.6354235592583607,2924,2904,2026-06-01 14:15:05.569703,5
5093,19,P21,yes,1,0.6386329165170537,0.6354235592583607,0.6418340450887311,2925,2904,2026-06-01 14:15:05.683798,5
3844,17,P19,no,1,0.9506545111553351,0.049999740399933254,0.04869667456442473,1291,1398,2026-06-01 14:15:05.718805,5
3845,17,P24,yes,15,0.8949448516932534,0.04869667456442473,0.07205414361856403,1306,1398,2026-06-01 14:15:05.727662,5
3846,17,P03,no,1,0.9288671763188177,0.07205414361856403,0.0702187918305528,1306,1399,2026-06-01 14:15:05.736423,5
5094,19,P02,yes,1,0.6450184025497947,0.6418340450887311,0.6481942198637447,2926,2904,2026-06-01 14:15:05.742647,5
5095,19,P09,yes,1,0.6513526546059438,0.6481942198637447,0.6545022492518787,2927,2904,2026-06-01 14:15:05.770252,5
3847,17,P03,no,1,0.9306808059463947,0.0702187918305528,0.06842674250359211,1306,1400,2026-06-01 14:15:05.838440,5
5096,19,P03,yes,1,0.6576338731479154,0.6545022492518787,0.6607563687658172,2928,2904,2026-06-01 14:15:05.864935,5
6268,20,P24,yes,13,3.1264536427488565,0.20860852732604496,0.2744377878410785,3946,3981,2026-06-01 14:15:05.947083,5
6269,20,P21,no,5,3.695486805966084,0.2744377878410785,0.2476638011390716,3946,3986,2026-06-01 14:15:05.952976,5
3848,17,P03,no,4,3.740014564495823,0.06842674250359211,0.06167473878348325,1306,1404,2026-06-01 14:15:06.059864,5
3849,17,P19,no,9,8.505492601545484,0.06167473878348325,0.04869667456442473,1306,1413,2026-06-01 14:15:06.082954,5
6651,21,P24,yes,1,0.11489964847442025,0.11349222580422871,0.11631714397765597,4058,4131,2026-06-01 14:15:06.121864,5
6270,20,P17,yes,1,0.25026374101798865,0.2476638011390716,0.25287573272933045,3947,3986,2026-06-01 14:15:06.201733,5
5097,19,P17,no,5,1.7751640880774175,0.6607563687658172,0.6289646649499733,2928,2909,2026-06-01 14:15:06.222489,5
5098,19,P20,yes,12,7.99934757417941,0.6289646649499733,0.702892745013669,2940,2909,2026-06-01 14:15:06.245978,5
6271,20,P17,yes,18,5.468463103846716,0.25287573272933045,0.358165954911269,3965,3986,2026-06-01 14:15:06.330344,5
6272,20,P02,no,9,6.028535177260437,0.358165954911269,0.3029407160345927,3965,3995,2026-06-01 14:15:06.370865,5
6273,20,P12,no,1,0.6999814153000443,0.3029407160345927,0.2971072549863309,3965,3996,2026-06-01 14:15:06.396470,5
5099,19,P19,no,1,-0.29421771979423283,0.702892745013669,0.7086608250294356,2940,2908,2026-06-01 14:15:06.406024,5
6274,20,P24,no,13,9.602728851169559,0.2971072549863309,0.22754561719281613,3965,4009,2026-06-01 14:15:06.448827,5
6275,20,P09,no,14,11.258980208801859,0.22754561719281613,0.16643440755425876,3965,4023,2026-06-01 14:15:06.452456,5
6276,20,P23,yes,1,0.16837319155138175,0.16643440755425876,0.17032391864384583,3966,4023,2026-06-01 14:15:06.514134,5
6277,20,P18,yes,5,0.9021955995831377,0.17032391864384583,0.19085804424486547,3971,4023,2026-06-01 14:15:06.515162,5
6278,20,P02,yes,1,0.19301521156148738,0.19085804424486547,0.19518467701384015,3972,4023,2026-06-01 14:15:06.553999,5
6279,20,P12,yes,1,0.19737877265060888,0.19518467701384015,0.19958519865373256,3973,4023,2026-06-01 14:15:06.555428,5
6652,21,P15,yes,6,0.7515323792240451,0.11631714397765597,0.13457359546569392,4064,4131,2026-06-01 14:15:06.584008,5
6280,20,P03,yes,7,-1.292589583795234,0.19958519865373256,0.17032391864384583,3966,4023,2026-06-01 14:15:06.627626,5
5100,19,P09,no,3,-0.8485125235965825,0.7086608250294356,0.7255622121589215,2940,2905,2026-06-01 14:15:06.652909,5
5101,19,P15,no,7,2.0604465922401687,0.7255622121589215,0.6852009766653157,2940,2912,2026-06-01 14:15:06.656098,5
6281,20,P17,yes,10,1.9116476942472218,0.17032391864384583,0.2132315108375271,3976,4023,2026-06-01 14:15:06.661486,5
5102,19,P24,no,1,-0.3118135124168475,0.6852009766653157,0.6911616123625146,2940,2911,2026-06-01 14:15:06.667051,5
5103,19,P09,no,1,0.3118135124168475,0.6911616123625146,0.6852009766653157,2940,2912,2026-06-01 14:15:06.725794,5
3850,17,P22,yes,1,-0.04805861497720798,0.04869667456442473,0.04742587317756679,1305,1413,2026-06-01 14:15:06.745597,5
5104,19,P15,no,8,2.7151341420731114,0.6852009766653157,0.6354235592583607,2940,2920,2026-06-01 14:15:06.837619,5
6653,21,P03,yes,1,-0.13296696097131644,0.13457359546569392,0.13137120953080678,4063,4131,2026-06-01 14:15:06.858544,5
5105,19,P21,no,2,-0.7163486809326969,0.6354235592583607,0.6481942198637447,2940,2918,2026-06-01 14:15:06.884710,5
5106,19,P09,no,2,-0.6910134722461407,0.6481942198637447,0.6607563687658172,2940,2916,2026-06-01 14:15:06.884954,5
6282,20,P24,yes,9,2.116802098109929,0.2132315108375271,0.2581597095111632,3985,4023,2026-06-01 14:15:06.927236,5
3851,17,P19,no,1,0.9531963510560217,0.04742587317756679,0.04618662486055427,1305,1414,2026-06-01 14:15:06.950879,5
6654,21,P15,yes,1,0.13296696097131644,0.13137120953080678,0.13457359546569392,4064,4131,2026-06-01 14:15:06.968008,5
3852,17,P03,no,1,0.9544201150688423,0.04618662486055427,0.04497822937897771,1305,1415,2026-06-01 14:15:07.010229,5
6283,20,P03,no,1,0.7444882597123978,0.2581597095111632,0.25287573272933045,3985,4024,2026-06-01 14:15:07.015118,5
5107,19,P17,no,1,0.3423661268516298,0.6607563687658172,0.6545022492518787,2940,2917,2026-06-01 14:15:07.021486,5
3853,17,P19,no,1,0.9556133716921522,0.04497822937897771,0.04379999771646115,1305,1416,2026-06-01 14:15:07.034598,5
3854,17,P05,no,1,0.9567768043086744,0.04379999771646115,0.042651252130942854,1305,1417,2026-06-01 14:15:07.061002,5
5108,19,P17,yes,2,1.3214942023573713,0.6545022492518787,0.6669548851735586,2942,2917,2026-06-01 14:15:07.068964,5
5109,19,P24,yes,1,0.670030365700768,0.6669548851735586,0.6730961777222321,2943,2917,2026-06-01 14:15:07.111989,5
6655,21,P19,yes,1,-0.13296696097131644,0.13457359546569392,0.13137120953080678,4063,4131,2026-06-01 14:15:07.126126,5
5110,19,P09,yes,1,0.676142398551292,0.6730961777222321,0.679178699175393,2944,2917,2026-06-01 14:15:07.130955,5
6656,21,P09,no,1,-0.8670330390277741,0.13137120953080678,0.13457359546569392,4063,4130,2026-06-01 14:15:07.166060,5
6657,21,P05,no,1,0.8670330390277741,0.13457359546569392,0.13137120953080678,4063,4131,2026-06-01 14:15:07.315313,5
5111,19,P17,yes,1,0.6821949176446651,0.679178699175393,0.6852009766653157,2945,2917,2026-06-01 14:15:07.339044,5
6284,20,P15,no,15,11.756022914855293,0.25287573272933045,0.18242552380635632,3985,4039,2026-06-01 14:15:07.347633,5
5112,19,P03,no,1,-0.31181351241730226,0.6852009766653157,0.6911616123625146,2945,2916,2026-06-01 14:15:07.375400,5
6285,20,P18,yes,19,4.298226538161089,0.18242552380635632,0.2744377878410785,4004,4039,2026-06-01 14:15:07.380198,5
6286,20,P21,yes,1,-0.27168379488421124,0.2744377878410785,0.2689414213699951,4003,4039,2026-06-01 14:15:07.393347,5
5113,19,P17,yes,9,-5.973052345509586,0.6911616123625146,0.6354235592583607,2936,2916,2026-06-01 14:15:07.433096,5
6287,20,P13,no,11,8.356143984045502,0.2689414213699951,0.2132315108375271,4003,4050,2026-06-01 14:15:07.446006,5
6288,20,P03,no,1,0.7890861680898524,0.2132315108375271,0.20860852732604496,4003,4051,2026-06-01 14:15:07.452345,5
6289,20,P17,yes,12,-2.1943633029013654,0.20860852732604496,0.15886910488091516,3991,4051,2026-06-01 14:15:07.455524,5
6658,21,P17,no,10,8.834293266707391,0.13137120953080678,0.10278402491725176,4063,4141,2026-06-01 14:15:07.477271,5
6290,20,P01,yes,4,0.6659280505441529,0.15886910488091516,0.17428532117858547,3995,4051,2026-06-01 14:15:07.483178,5
6291,20,P24,yes,2,0.3566623569449803,0.17428532117858547,0.18242552380635632,3997,4051,2026-06-01 14:15:07.535890,5
6292,20,P17,no,1,-0.8154908016817899,0.18242552380635632,0.18660508209316082,3997,4050,2026-06-01 14:15:07.535918,5
5114,19,P12,yes,1,0.6386329165165989,0.6354235592583607,0.6418340450887311,2937,2916,2026-06-01 14:15:07.556821,5
6659,21,P09,yes,1,0.10407430918985483,0.10278402491725176,0.10537408848177848,4064,4141,2026-06-01 14:15:07.644277,5
5115,19,P19,no,1,-0.35498159744975055,0.6418340450887311,0.6481942198637447,2937,2915,2026-06-01 14:15:07.667901,5
3977,18,P24,yes,6,0.2241922794698894,0.034445195666211174,0.04043956481800324,1563,1677,2026-06-01 14:15:07.678473,5
5116,19,P17,yes,10,6.789280470216454,0.6481942198637447,0.7086608250294356,2947,2915,2026-06-01 14:15:07.719409,5
5117,19,P09,yes,11,8.126945726850408,0.7086608250294356,0.7675350070438758,2958,2915,2026-06-01 14:15:07.794910,5
6293,20,P04,yes,8,1.6340597227358558,0.18660508209316082,0.22270013882530884,4005,4050,2026-06-01 14:15:07.807555,5
6660,21,P03,no,1,0.8959256908101452,0.10537408848177848,0.10278402491725176,4064,4142,2026-06-01 14:15:07.811792,5
5118,19,P14,no,9,2.301756633190962,0.7675350070438758,0.7199965396446176,2958,2924,2026-06-01 14:15:07.837873,5
5119,19,P23,yes,1,-0.717185149548186,0.7199965396446176,0.7143624294910559,2957,2924,2026-06-01 14:15:07.889830,5
5120,19,P10,no,1,0.2884827895068156,0.7143624294910559,0.7086608250294356,2957,2925,2026-06-01 14:15:07.911274,5
6294,20,P15,yes,14,-2.6804225074592978,0.22270013882530884,0.16261630836153196,3991,4050,2026-06-01 14:15:07.954129,5
6295,20,P14,yes,1,0.1645194279290081,0.16261630836153196,0.16643440755425876,3992,4050,2026-06-01 14:15:07.977304,5
6296,20,P03,yes,7,-1.0746525451922935,0.16643440755425876,0.14117613544185983,3985,4050,2026-06-01 14:15:08.057645,5
6661,21,P15,yes,7,0.7855677253646718,0.10278402491725176,0.122150398495942,4071,4142,2026-06-01 14:15:08.058997,5
6662,21,P03,yes,6,-0.681493416174817,0.122150398495942,0.10537408848177848,4065,4142,2026-06-01 14:15:08.073050,5
6297,20,P08,no,5,-4.250603703820161,0.14117613544185983,0.15886910488091516,3985,4045,2026-06-01 14:15:08.073194,5
3855,17,P05,no,1,0.9579110850056622,0.042651252130942854,0.04153132619455174,1305,1418,2026-06-01 14:15:08.089841,5
6298,20,P09,yes,1,0.16073682108344656,0.15886910488091516,0.16261630836153196,3986,4045,2026-06-01 14:15:08.106053,5
6299,20,P14,yes,3,0.5051912294607064,0.16261630836153196,0.17428532117858547,3989,4045,2026-06-01 14:15:08.108382,5
5121,19,P10,no,11,3.5657011272332966,0.7086608250294356,0.6418340450887311,2957,2936,2026-06-01 14:15:08.110492,5
6300,20,P23,no,5,-4.077087798835237,0.17428532117858547,0.19518467701384015,3989,4040,2026-06-01 14:15:08.124784,5
5122,19,P12,yes,1,0.6450184025507042,0.6418340450887311,0.6481942198637447,2958,2936,2026-06-01 14:15:08.182065,5
6301,20,P15,yes,1,-0.19301521156194212,0.19518467701384015,0.19085804424486547,3988,4040,2026-06-01 14:15:08.219831,5
5123,19,P24,yes,1,0.6513526546050343,0.6481942198637447,0.6545022492518787,2959,2936,2026-06-01 14:15:08.235754,5
5124,19,P01,no,2,-0.6785057976426287,0.6545022492518787,0.6669548851735586,2959,2934,2026-06-01 14:15:08.373780,5
6663,21,P15,yes,1,0.10669300427070993,0.10537408848177848,0.10802156134341918,4066,4142,2026-06-01 14:15:08.392386,5
5125,19,P19,no,1,0.33613967079099893,0.6669548851735586,0.6607563687658172,2959,2935,2026-06-01 14:15:08.396803,5
6302,20,P02,yes,1,0.19301521156194212,0.19085804424486547,0.19518467701384015,3989,4040,2026-06-01 14:15:08.453265,5
6303,20,P15,no,7,5.7364159973035385,0.19518467701384015,0.16643440755425876,3989,4047,2026-06-01 14:15:08.526524,5
6304,20,P21,no,1,-0.8316268084486182,0.16643440755425876,0.17032391864384583,3989,4046,2026-06-01 14:15:08.620517,5
6305,20,P13,yes,1,0.1722986099798618,0.17032391864384583,0.17428532117858547,3990,4046,2026-06-01 14:15:08.622963,5
6306,20,P20,yes,6,1.1202909738153721,0.17428532117858547,0.19958519865373256,3996,4046,2026-06-01 14:15:08.645963,5
6664,21,P19,yes,5,-0.5078433487387883,0.10802156134341918,0.0953494648991095,4061,4142,2026-06-01 14:15:08.653601,5
5126,19,P24,yes,1,0.6638603292094558,0.6607563687658172,0.6669548851735586,2960,2935,2026-06-01 14:15:08.692177,5
5127,19,P19,no,1,-0.32996963429877724,0.6669548851735586,0.6730961777222321,2960,2934,2026-06-01 14:15:08.704456,5
6665,21,P17,yes,9,0.9619722765437473,0.0953494648991095,0.11920292202211755,4070,4142,2026-06-01 14:15:08.805417,5
6666,21,P15,yes,13,1.8196160234265335,0.11920292202211755,0.16261630836153196,4083,4142,2026-06-01 14:15:08.811865,5
6667,21,P19,yes,6,-0.9101331172623759,0.16261630836153196,0.14117613544185983,4077,4142,2026-06-01 14:15:08.859700,5
5128,19,P24,yes,1,0.676142398551292,0.6730961777222321,0.679178699175393,2961,2934,2026-06-01 14:15:08.952196,5
6668,21,P19,yes,2,-0.2757054531657559,0.14117613544185983,0.13457359546569392,4075,4142,2026-06-01 14:15:09.012418,5
6669,21,P19,no,2,1.7372359427345145,0.13457359546569392,0.12823373759251924,4075,4144,2026-06-01 14:15:09.042262,5
3856,17,P03,no,8,7.700837367367285,0.04153132619455174,0.03353319492319511,1305,1426,2026-06-01 14:15:09.114652,5
6307,20,P03,no,1,0.8026212273498459,0.19958519865373256,0.19518467701384015,3996,4047,2026-06-01 14:15:09.151610,5
6670,21,P15,yes,10,1.4486026276936173,0.12823373759251924,0.16261630836153196,4085,4144,2026-06-01 14:15:09.152754,5
6671,21,P23,no,2,1.682238341595621,0.16261630836153196,0.15519224623709701,4085,4146,2026-06-01 14:15:09.158434,5
6672,21,P09,no,8,-6.635875556871724,0.15519224623709701,0.18660508209316082,4085,4138,2026-06-01 14:15:09.166673,5
6673,21,P11,yes,12,-1.9564959019871822,0.18660508209316082,0.14117613544185983,4073,4138,2026-06-01 14:15:09.199178,5
3857,17,P15,yes,1,0.033987227707484635,0.03353319492319511,0.034445195666211174,1306,1426,2026-06-01 14:15:09.359947,5
5129,19,P19,yes,1,0.6821949176442104,0.679178699175393,0.6852009766653157,2962,2934,2026-06-01 14:15:09.449986,5
5130,19,P15,no,13,4.61941051890426,0.6852009766653157,0.6026853379784917,2962,2947,2026-06-01 14:15:09.514854,5
5131,19,P18,yes,8,5.030727596841189,0.6026853379784917,0.6545022492518787,2970,2947,2026-06-01 14:15:09.570152,5
5132,19,P09,no,1,0.34864734539496567,0.6545022492518787,0.6481942198637447,2970,2948,2026-06-01 14:15:09.574623,5
5133,19,P23,yes,10,6.7892804702155445,0.6481942198637447,0.7086608250294356,2980,2948,2026-06-01 14:15:09.577926,5
6308,20,P15,no,12,9.950941564171899,0.19518467701384015,0.1480471980316895,3996,4059,2026-06-01 14:15:09.683118,5
6674,21,P17,no,1,0.8604966688744753,0.14117613544185983,0.13784165696493572,4073,4139,2026-06-01 14:15:09.688667,5
3978,18,P24,yes,1,0.04098312545556837,0.04043956481800324,0.04153132619455174,1564,1677,2026-06-01 14:15:09.698699,5
6309,20,P13,yes,10,1.6673177899260736,0.1480471980316895,0.18660508209316082,4006,4059,2026-06-01 14:15:09.711291,5
5134,19,P02,yes,4,-2.788065931355959,0.7086608250294356,0.6852009766653157,2976,2948,2026-06-01 14:15:09.711773,5
6675,21,P17,yes,4,-0.5256579363567653,0.13784165696493572,0.1251603995749971,4069,4139,2026-06-01 14:15:09.913793,5
6676,21,P17,no,7,6.194856429243373,0.1251603995749971,0.10537408848177848,4069,4146,2026-06-01 14:15:09.943233,5
5135,19,P17,no,3,-0.9177163488493534,0.6852009766653157,0.702892745013669,2976,2945,2026-06-01 14:15:09.969783,5
6310,20,P17,yes,10,-1.6673177899260736,0.18660508209316082,0.1480471980316895,3996,4059,2026-06-01 14:15:10.031327,5
5136,19,P24,yes,14,-9.244251433919999,0.702892745013669,0.6159095915435134,2962,2945,2026-06-01 14:15:10.038098,5
6311,20,P10,yes,1,0.14981043757006773,0.1480471980316895,0.1515851487892869,3997,4059,2026-06-01 14:15:10.041979,5
5137,19,P17,yes,3,1.8771019248424636,0.6159095915435134,0.6354235592583607,2965,2945,2026-06-01 14:15:10.066989,5
5138,19,P23,yes,1,0.6386329165165989,0.6354235592583607,0.6418340450887311,2966,2945,2026-06-01 14:15:10.070030,5
5139,19,P11,no,6,-2.0359619762339207,0.6418340450887311,0.679178699175393,2966,2939,2026-06-01 14:15:10.070657,5
6677,21,P24,yes,1,0.10669300427070993,0.10537408848177848,0.10802156134341918,4070,4146,2026-06-01 14:15:10.088071,5
6312,20,P13,yes,2,0.3104077465491173,0.1515851487892869,0.15886910488091516,3999,4059,2026-06-01 14:15:10.121948,5
6313,20,P01,yes,1,0.16073682108344656,0.15886910488091516,0.16261630836153196,4000,4059,2026-06-01 14:15:10.169712,5
6314,20,P03,yes,1,-0.16073682108344656,0.16261630836153196,0.15886910488091516,3999,4059,2026-06-01 14:15:10.214461,5
6315,20,P17,no,13,11.223365871430815,0.15886910488091516,0.11631714397765597,3999,4072,2026-06-01 14:15:10.222567,5
3979,18,P05,no,1,0.9590168745444316,0.04153132619455174,0.04043956481800324,1564,1678,2026-06-01 14:15:10.284628,5
6316,20,P13,yes,4,0.4887683219585597,0.11631714397765597,0.12823373759251924,4003,4072,2026-06-01 14:15:10.299337,5
5140,19,P24,yes,1,0.6821949176442104,0.679178699175393,0.6852009766653157,2967,2939,2026-06-01 14:15:10.315255,5
5141,19,P17,yes,1,-0.6821949176442104,0.6852009766653157,0.679178699175393,2966,2939,2026-06-01 14:15:10.356270,5
6317,20,P01,yes,1,0.12979709629462377,0.12823373759251924,0.13137120953080678,4004,4072,2026-06-01 14:15:10.387801,5
6318,20,P02,yes,15,2.365168316123345,0.13137120953080678,0.18660508209316082,4019,4072,2026-06-01 14:15:10.415932,5
6678,21,P09,yes,2,0.22147435310489527,0.10802156134341918,0.11349222580422871,4072,4146,2026-06-01 14:15:10.523467,5
5142,19,P24,yes,1,-0.6761423985517467,0.679178699175393,0.6730961777222321,2965,2939,2026-06-01 14:15:10.536390,5
5143,19,P15,yes,4,2.7406395520465594,0.6730961777222321,0.6970592839654074,2969,2939,2026-06-01 14:15:10.556719,5
6679,21,P09,yes,5,0.6036679704329799,0.11349222580422871,0.12823373759251924,4077,4146,2026-06-01 14:15:10.587987,5
5144,19,P15,no,4,1.2593604479538953,0.6970592839654074,0.6730961777222321,2969,2943,2026-06-01 14:15:10.601264,5
6680,21,P19,yes,1,-0.12669175705195812,0.12823373759251924,0.1251603995749971,4076,4146,2026-06-01 14:15:10.657415,5
5145,19,P09,yes,1,0.676142398551292,0.6730961777222321,0.679178699175393,2970,2943,2026-06-01 14:15:10.698958,5
6681,21,P09,yes,1,0.12669175705195812,0.1251603995749971,0.12823373759251924,4077,4146,2026-06-01 14:15:10.720117,5
5146,19,P09,yes,1,-0.676142398551292,0.679178699175393,0.6730961777222321,2969,2943,2026-06-01 14:15:10.731281,5
6682,21,P17,no,1,0.8733082429480419,0.12823373759251924,0.1251603995749971,4077,4147,2026-06-01 14:15:10.767708,5
5147,19,P19,no,15,-4.251710515837658,0.6730961777222321,0.7574755792628283,2969,2928,2026-06-01 14:15:10.775926,5
6319,20,P24,yes,4,0.7809357293458561,0.18660508209316082,0.20405977695922933,4023,4072,2026-06-01 14:15:10.814605,5
5148,19,P02,no,1,0.24508804575862086,0.7574755792628283,0.7523361988609284,2969,2929,2026-06-01 14:15:10.822031,5
5149,19,P19,yes,1,0.7549119542418339,0.7523361988609284,0.7574755792628283,2970,2929,2026-06-01 14:15:10.846598,5
5150,19,P10,yes,2,-1.5046482132238452,0.7574755792628283,0.7471242672706695,2968,2929,2026-06-01 14:15:10.851936,5
5151,19,P19,no,2,-0.49535178677615477,0.7471242672706695,0.7574755792628283,2968,2927,2026-06-01 14:15:10.872255,5
5152,19,P12,yes,13,-9.389952167967294,0.7574755792628283,0.6852009766653157,2955,2927,2026-06-01 14:15:10.942725,5
5153,19,P24,yes,1,0.6881864875831525,0.6852009766653157,0.6911616123625146,2956,2927,2026-06-01 14:15:10.977409,5
6320,20,P09,no,1,-0.7936720322522888,0.20405977695922933,0.20860852732604496,4023,4071,2026-06-01 14:15:10.990523,5
5154,19,P09,no,4,-1.1886033457330996,0.6911616123625146,0.7143624294910559,2956,2923,2026-06-01 14:15:11.011568,5
6321,20,P17,no,1,-0.7890861680898524,0.20860852732604496,0.2132315108375271,4023,4070,2026-06-01 14:15:11.062371,5
5155,19,P17,yes,1,0.7171851495472765,0.7143624294910559,0.7199965396446176,2957,2923,2026-06-01 14:15:11.077020,5
3980,18,P09,yes,2,0.08307204044967875,0.04043956481800324,0.042651252130942854,1566,1678,2026-06-01 14:15:11.104290,5
5156,19,P17,yes,10,-6.908996302503056,0.7199965396446176,0.6607563687658172,2947,2923,2026-06-01 14:15:11.124709,5
5157,19,P19,yes,1,0.6638603292085463,0.6607563687658172,0.6669548851735586,2948,2923,2026-06-01 14:15:11.136534,5
5158,19,P09,yes,1,0.6700303657012228,0.6669548851735586,0.6730961777222321,2949,2923,2026-06-01 14:15:11.217504,5
5159,19,P24,yes,1,-0.6700303657012228,0.6730961777222321,0.6669548851735586,2948,2923,2026-06-01 14:15:11.265741,5
3981,18,P09,yes,1,0.0432231956913256,0.042651252130942854,0.04379999771646115,1567,1678,2026-06-01 14:15:11.281514,5
6322,20,P03,yes,1,-0.21091383190969282,0.2132315108375271,0.20860852732604496,4022,4070,2026-06-01 14:15:11.363429,5
6683,21,P03,yes,1,-0.12365015458181006,0.1251603995749971,0.122150398495942,4076,4147,2026-06-01 14:15:11.419190,5
6323,20,P03,no,1,0.793672032251834,0.20860852732604496,0.20405977695922933,4022,4071,2026-06-01 14:15:11.446627,5
5160,19,P24,yes,9,6.245135973294509,0.6669548851735586,0.7199965396446176,2957,2923,2026-06-01 14:15:11.488098,5
3858,17,P09,yes,7,0.26517540492545777,0.034445195666211174,0.04153132619455174,1313,1426,2026-06-01 14:15:11.540622,5
3859,17,P24,yes,1,0.04208891499411038,0.04153132619455174,0.042651252130942854,1314,1426,2026-06-01 14:15:11.553003,5
6684,21,P17,no,3,2.6466739411998788,0.122150398495942,0.11349222580422871,4076,4150,2026-06-01 14:15:11.611562,5
6685,21,P24,yes,4,0.4769762133819313,0.11349222580422871,0.1251603995749971,4080,4150,2026-06-01 14:15:11.656774,5
5161,19,P19,yes,1,0.7227851163625019,0.7199965396446176,0.7255622121589215,2958,2923,2026-06-01 14:15:11.778243,5
5162,19,P11,no,8,2.3782516745959583,0.7255622121589215,0.679178699175393,2958,2931,2026-06-01 14:15:11.780963,5
5163,19,P19,yes,4,2.764478568794857,0.679178699175393,0.702892745013669,2962,2931,2026-06-01 14:15:11.939563,5
3982,18,P19,no,1,0.956776804308447,0.04379999771646115,0.042651252130942854,1567,1679,2026-06-01 14:15:11.940524,5
3860,17,P24,yes,10,0.48831163450063286,0.042651252130942854,0.055549260157611746,1324,1426,2026-06-01 14:15:11.986834,5
6686,21,P24,yes,1,0.12669175705195812,0.1251603995749971,0.12823373759251924,4081,4150,2026-06-01 14:15:12.028628,5
5164,19,P19,no,1,-0.2942177197946876,0.702892745013669,0.7086608250294356,2962,2930,2026-06-01 14:15:12.098058,5
6687,21,P15,yes,1,0.12979709629416902,0.12823373759251924,0.13137120953080678,4082,4150,2026-06-01 14:15:12.160685,5
5165,19,P19,no,1,-0.28848278950636086,0.7086608250294356,0.7143624294910559,2962,2929,2026-06-01 14:15:12.247740,5
6324,20,P03,yes,1,-0.2018163107941291,0.20405977695922933,0.19958519865373256,4021,4071,2026-06-01 14:15:12.262361,5
6325,20,P17,yes,1,0.2018163107941291,0.19958519865373256,0.20405977695922933,4022,4071,2026-06-01 14:15:12.296742,5
6688,21,P19,yes,1,-0.12979709629416902,0.13137120953080678,0.12823373759251924,4081,4150,2026-06-01 14:15:12.336149,5
6326,20,P09,no,7,5.677892715390499,0.20405977695922933,0.17428532117858547,4022,4078,2026-06-01 14:15:12.345508,5
6689,21,P15,yes,6,0.8276476224909857,0.12823373759251924,0.1480471980316895,4087,4150,2026-06-01 14:15:12.427939,5
6327,20,P17,yes,5,0.9229122011647632,0.17428532117858547,0.19518467701384015,4027,4078,2026-06-01 14:15:12.473653,5
3861,17,P03,no,6,5.6916817233736765,0.055549260157611746,0.04742587317756679,1324,1432,2026-06-01 14:15:12.474632,5
3862,17,P22,no,9,8.62034472410528,0.04742587317756679,0.037326887344129464,1324,1441,2026-06-01 14:15:12.491942,5
6690,21,P09,yes,3,0.460218184119185,0.1480471980316895,0.15886910488091516,4090,4150,2026-06-01 14:15:12.536874,5
5166,19,P19,no,1,-0.28281485045226873,0.7143624294910559,0.7199965396446176,2962,2928,2026-06-01 14:15:12.539081,5
6691,21,P09,yes,1,0.16073682108344656,0.15886910488091516,0.16261630836153196,4091,4150,2026-06-01 14:15:12.561740,5
3983,18,P22,yes,1,-0.04208891499411038,0.042651252130942854,0.04153132619455174,1566,1679,2026-06-01 14:15:12.579324,5
5167,19,P19,yes,1,0.7227851163620471,0.7199965396446176,0.7255622121589215,2963,2928,2026-06-01 14:15:12.580804,5
6692,21,P15,yes,1,0.1645194279290081,0.16261630836153196,0.16643440755425876,4092,4150,2026-06-01 14:15:12.602523,5
5168,19,P20,no,1,0.2772148836384076,0.7255622121589215,0.7199965396446176,2963,2929,2026-06-01 14:15:12.618317,5
3984,18,P09,yes,1,0.04208891499411038,0.04153132619455174,0.042651252130942854,1567,1679,2026-06-01 14:15:12.664142,5
6328,20,P24,no,1,-0.8026212273493911,0.19518467701384015,0.19958519865373256,4027,4077,2026-06-01 14:15:12.746885,5
6693,21,P03,no,1,0.8354805720709919,0.16643440755425876,0.16261630836153196,4092,4151,2026-06-01 14:15:12.769294,5
6694,21,P20,yes,1,-0.16073682108253706,0.16261630836153196,0.15886910488091516,4091,4151,2026-06-01 14:15:12.828558,5
5169,19,P09,yes,5,3.668535663345665,0.7199965396446176,0.7471242672706695,2968,2929,2026-06-01 14:15:12.829377,5
5170,19,P12,yes,9,-6.503001718893302,0.7471242672706695,0.6970592839654074,2959,2929,2026-06-01 14:15:12.843688,5
6329,20,P09,no,5,4.056005169811215,0.19958519865373256,0.17831905610769247,4027,4082,2026-06-01 14:15:12.882181,5
3985,18,P19,no,3,2.8770227818895364,0.042651252130942854,0.039375324260408275,1567,1682,2026-06-01 14:15:12.883820,5
6695,21,P12,no,1,0.8429751626772486,0.15886910488091516,0.15519224623709701,4091,4152,2026-06-01 14:15:12.995275,5
5171,19,P09,yes,3,-2.064497153494358,0.6970592839654074,0.679178699175393,2956,2929,2026-06-01 14:15:13.004215,5
6330,20,P03,yes,12,-1.8673259435149703,0.17831905610769247,0.13457359546569392,4015,4082,2026-06-01 14:15:13.006786,5
5172,19,P24,yes,1,0.6821949176442104,0.679178699175393,0.6852009766653157,2957,2929,2026-06-01 14:15:13.016161,5
6331,20,P08,yes,1,0.1362021220384122,0.13457359546569392,0.13784165696493572,4016,4082,2026-06-01 14:15:13.030265,5
5173,19,P17,no,7,2.3537670585897104,0.6852009766653157,0.6418340450887311,2957,2936,2026-06-01 14:15:13.033067,5
6332,20,P13,no,10,-8.445172322149574,0.13784165696493572,0.17428532117858547,4016,4072,2026-06-01 14:15:13.036138,5
5174,19,P09,yes,1,-0.6386329165165989,0.6418340450887311,0.6354235592583607,2956,2936,2026-06-01 14:15:13.087102,5
6696,21,P17,yes,1,-0.15338290922682063,0.15519224623709701,0.1515851487892869,4090,4152,2026-06-01 14:15:13.090126,5
5175,19,P21,yes,11,7.367149509077535,0.6354235592583607,0.702892745013669,2967,2936,2026-06-01 14:15:13.117916,5
5176,19,P15,yes,1,-0.6999814153004991,0.702892745013669,0.6970592839654074,2966,2936,2026-06-01 14:15:13.119217,5
5177,19,P15,no,2,0.6176977641498524,0.6970592839654074,0.6852009766653157,2966,2938,2026-06-01 14:15:13.176810,5
5178,19,P24,yes,5,3.499583141849598,0.6852009766653157,0.7143624294910559,2971,2938,2026-06-01 14:15:13.241371,5
5179,19,P15,yes,5,-3.499583141849598,0.7143624294910559,0.6852009766653157,2966,2938,2026-06-01 14:15:13.242046,5
5180,19,P17,yes,4,-2.692228011106181,0.6852009766653157,0.6607563687658172,2962,2938,2026-06-01 14:15:13.292757,5
6333,20,P09,no,1,0.8277013900196835,0.17428532117858547,0.17032391864384583,4016,4073,2026-06-01 14:15:13.345399,5
5181,19,P02,yes,13,9.093875208588997,0.6607563687658172,0.736484844941675,2975,2938,2026-06-01 14:15:13.372062,5
6334,20,P15,yes,1,0.1722986099798618,0.17032391864384583,0.17428532117858547,4017,4073,2026-06-01 14:15:13.384315,5
5182,19,P21,no,1,0.2662224153923489,0.736484844941675,0.7310585786300049,2975,2939,2026-06-01 14:15:13.393056,5
5183,19,P19,no,1,-0.2662224153923489,0.7310585786300049,0.736484844941675,2975,2938,2026-06-01 14:15:13.449541,5
5184,19,P24,yes,9,6.837940335859912,0.736484844941675,0.7820712676154848,2984,2938,2026-06-01 14:15:13.459264,5
5185,19,P17,yes,1,-0.7796917426899199,0.7820712676154848,0.7772998611746911,2983,2938,2026-06-01 14:15:13.485093,5
5186,19,P17,yes,1,0.7796917426899199,0.7772998611746911,0.7820712676154848,2984,2938,2026-06-01 14:15:13.512718,5
5187,19,P08,no,1,0.22030825730962533,0.7820712676154848,0.7772998611746911,2984,2939,2026-06-01 14:15:13.520242,5
5188,19,P11,no,7,1.680919904377788,0.7772998611746911,0.7418402904888368,2984,2946,2026-06-01 14:15:13.546672,5
3986,18,P17,yes,20,1.0379735823821648,0.039375324260408275,0.06667714818800587,1587,1682,2026-06-01 14:15:13.610563,5
5189,19,P17,yes,6,4.544196807290064,0.7418402904888368,0.7724543828071839,2990,2946,2026-06-01 14:15:13.612346,5
5190,19,P12,no,12,3.1030534290362084,0.7724543828071839,0.7086608250294356,2990,2958,2026-06-01 14:15:13.632652,5
3987,18,P05,no,3,2.8075630070345596,0.06667714818800587,0.06167473878348325,1587,1685,2026-06-01 14:15:13.634748,5
5191,19,P15,yes,1,-0.7057822802057672,0.7086608250294356,0.702892745013669,2989,2958,2026-06-01 14:15:13.737402,5
6335,20,P03,yes,6,-0.9763357970928155,0.17428532117858547,0.1515851487892869,4011,4073,2026-06-01 14:15:13.751365,5
3988,18,P19,no,1,0.9391225340286837,0.06167473878348325,0.06008665017400762,1587,1686,2026-06-01 14:15:13.756833,5
6697,21,P19,yes,1,-0.14981043757052248,0.1515851487892869,0.1480471980316895,4089,4152,2026-06-01 14:15:13.776352,5
5192,19,P19,no,5,-1.4144140382754813,0.702892745013669,0.7310585786300049,2989,2953,2026-06-01 14:15:13.829447,5
6336,20,P04,no,1,-0.8466170907727246,0.1515851487892869,0.15519224623709701,4011,4072,2026-06-01 14:15:13.859773,5
3989,18,P09,yes,2,0.12336252623208566,0.06008665017400762,0.0633019736959414,1589,1686,2026-06-01 14:15:13.922623,5
5193,19,P15,no,1,0.27168379488421124,0.7310585786300049,0.7255622121589215,2989,2954,2026-06-01 14:15:13.946037,5
6337,20,P02,no,4,-3.3493457221143217,0.15519224623709701,0.17032391864384583,4011,4068,2026-06-01 14:15:13.954112,5
3990,18,P03,no,11,10.39494892630728,0.0633019736959414,0.04742587317756679,1589,1697,2026-06-01 14:15:13.996686,5
5194,19,P19,yes,2,1.462093789722985,0.7255622121589215,0.736484844941675,2991,2954,2026-06-01 14:15:14.007577,5
3991,18,P05,no,9,8.620344724105507,0.04742587317756679,0.037326887344129464,1589,1706,2026-06-01 14:15:14.060356,5
6338,20,P09,no,5,4.195962812887046,0.17032391864384583,0.1515851487892869,4011,4073,2026-06-01 14:15:14.114521,5
6339,20,P24,yes,12,2.0966267709081876,0.1515851487892869,0.19958519865373256,4023,4073,2026-06-01 14:15:14.125753,5
3992,18,P09,yes,1,0.03783026636801878,0.037326887344129464,0.03833797212535963,1590,1706,2026-06-01 14:15:14.134811,5
5195,19,P19,no,4,-1.011695029515522,0.736484844941675,0.7574755792628283,2991,2950,2026-06-01 14:15:14.226592,5
6340,20,P17,yes,1,-0.19737877265060888,0.19958519865373256,0.19518467701384015,4022,4073,2026-06-01 14:15:14.237661,5
5196,19,P19,yes,1,0.7600148741939847,0.7574755792628283,0.7625419716560975,2992,2950,2026-06-01 14:15:14.261904,5
5197,19,P04,yes,14,-10.14996704216037,0.7625419716560975,0.6852009766653157,2978,2950,2026-06-01 14:15:14.293423,5
5198,19,P24,yes,1,0.688186487582243,0.6852009766653157,0.6911616123625146,2979,2950,2026-06-01 14:15:14.379036,5
6698,21,P09,yes,1,0.14981043757052248,0.1480471980316895,0.1515851487892869,4090,4152,2026-06-01 14:15:14.405111,5
3863,17,P24,yes,6,0.24288511371173627,0.037326887344129464,0.04379999771646115,1330,1441,2026-06-01 14:15:14.427911,5
6699,21,P17,yes,2,-0.2961172307623201,0.1515851487892869,0.14457775046587726,4088,4152,2026-06-01 14:15:14.452526,5
6700,21,P19,yes,1,-0.14287131886885618,0.14457775046587726,0.14117613544185983,4087,4152,2026-06-01 14:15:14.463304,5
5199,19,P09,yes,8,5.713460709900119,0.6911616123625146,0.736484844941675,2987,2950,2026-06-01 14:15:14.464070,5
6341,20,P24,yes,8,1.7074349443882966,0.19518467701384015,0.2324649929561242,4030,4073,2026-06-01 14:15:14.550668,5
3864,17,P17,yes,18,1.0086408051724902,0.04379999771646115,0.0702187918305528,1348,1441,2026-06-01 14:15:14.583970,5
6342,20,P02,no,6,4.691760139056441,0.2324649929561242,0.20405977695922933,4030,4079,2026-06-01 14:15:14.602659,5
6701,21,P09,yes,12,1.9564959019871822,0.14117613544185983,0.18660508209316082,4099,4152,2026-06-01 14:15:14.602811,5
5200,19,P23,no,1,0.26622241539280367,0.736484844941675,0.7310585786300049,2987,2951,2026-06-01 14:15:14.617764,5
3993,18,P09,yes,10,0.4392291133485742,0.03833797212535963,0.049999740399933254,1600,1706,2026-06-01 14:15:14.650188,5
6702,21,P13,yes,1,-0.18450919831866486,0.18660508209316082,0.18242552380635632,4098,4152,2026-06-01 14:15:14.692685,5
6703,21,P14,yes,1,-0.18036621331793867,0.18242552380635632,0.17831905610769247,4097,4152,2026-06-01 14:15:14.714398,5
5201,19,P17,no,3,0.8317135289744328,0.7310585786300049,0.7143624294910559,2987,2954,2026-06-01 14:15:14.774940,5
6343,20,P17,yes,1,0.20632796774816597,0.20405977695922933,0.20860852732604496,4031,4079,2026-06-01 14:15:14.786907,5
5202,19,P19,no,1,-0.2828148504527235,0.7143624294910559,0.7199965396446176,2987,2953,2026-06-01 14:15:14.824846,5
5203,19,P15,no,14,4.498365850675782,0.7199965396446176,0.6354235592583607,2987,2967,2026-06-01 14:15:14.868924,5
6704,21,P09,yes,1,0.18036621331793867,0.17831905610769247,0.18242552380635632,4098,4152,2026-06-01 14:15:14.891046,5
5204,19,P14,yes,1,0.6386329165170537,0.6354235592583607,0.6418340450887311,2988,2967,2026-06-01 14:15:14.906810,5
6344,20,P03,no,2,1.591855721457705,0.20860852732604496,0.19958519865373256,4031,4081,2026-06-01 14:15:14.957350,5
6705,21,P21,no,1,0.8196337866820613,0.18242552380635632,0.17831905610769247,4098,4153,2026-06-01 14:15:14.974173,5
3865,17,P05,no,1,0.9306808059466221,0.0702187918305528,0.06842674250359211,1348,1442,2026-06-01 14:15:14.994140,5
5205,19,P02,yes,1,0.6450184025497947,0.6418340450887311,0.6481942198637447,2989,2967,2026-06-01 14:15:15.008251,5
6345,20,P24,yes,1,0.2018163107941291,0.19958519865373256,0.20405977695922933,4032,4081,2026-06-01 14:15:15.031472,5
5206,19,P20,yes,1,0.6513526546059438,0.6481942198637447,0.6545022492518787,2990,2967,2026-06-01 14:15:15.031931,5
3866,17,P19,no,1,0.9324515574612633,0.06842674250359211,0.06667714818800587,1348,1443,2026-06-01 14:15:15.046838,5
5207,19,P24,yes,6,4.038048371837249,0.6545022492518787,0.6911616123625146,2996,2967,2026-06-01 14:15:15.054583,5
5208,19,P24,no,5,1.6195855013111213,0.6911616123625146,0.6607563687658172,2996,2972,2026-06-01 14:15:15.108895,5
3994,18,P22,no,1,0.9506545111553351,0.049999740399933254,0.04869667456442473,1600,1707,2026-06-01 14:15:15.110745,5
3995,18,P05,no,1,0.9519413850225646,0.04869667456442473,0.04742587317756679,1600,1708,2026-06-01 14:15:15.111175,5
5209,19,P19,yes,1,0.6638603292085463,0.6607563687658172,0.6669548851735586,2997,2972,2026-06-01 14:15:15.151116,5
6706,21,P03,yes,1,-0.1762961436261321,0.17831905610769247,0.17428532117858547,4097,4153,2026-06-01 14:15:15.162515,5
5210,19,P11,yes,8,5.527950823747233,0.6669548851735586,0.7143624294910559,3005,2972,2026-06-01 14:15:15.164942,5
5211,19,P19,no,9,-2.3496160996892286,0.7143624294910559,0.7625419716560975,3005,2963,2026-06-01 14:15:15.169753,5
5212,19,P20,yes,13,-9.461780554577672,0.7625419716560975,0.6911616123625146,2992,2963,2026-06-01 14:15:15.174124,5
3996,18,P22,no,12,11.512742322206122,0.04742587317756679,0.034445195666211174,1600,1720,2026-06-01 14:15:15.207527,5
6707,21,P19,no,1,0.8277013900196835,0.17428532117858547,0.17032391864384583,4097,4154,2026-06-01 14:15:15.224371,5
3867,17,P19,no,1,0.9341802745011591,0.06667714818800587,0.06496916912866407,1348,1444,2026-06-01 14:15:15.273292,5
5213,19,P17,no,8,2.6655805710070126,0.6911616123625146,0.6418340450887311,2992,2971,2026-06-01 14:15:15.471841,5
5214,19,P19,yes,3,1.954004930303654,0.6418340450887311,0.6607563687658172,2995,2971,2026-06-01 14:15:15.491348,5
5215,19,P23,yes,7,4.7745116622568275,0.6607563687658172,0.702892745013669,3002,2971,2026-06-01 14:15:15.557512,5
6346,20,P09,no,1,0.7981836892058709,0.20405977695922933,0.19958519865373256,4032,4082,2026-06-01 14:15:15.572552,5
6708,21,P12,yes,8,-1.24302573674413,0.17032391864384583,0.14117613544185983,4089,4154,2026-06-01 14:15:15.644757,5
5216,19,P15,no,2,0.6059028364320511,0.702892745013669,0.6911616123625146,3002,2973,2026-06-01 14:15:15.664178,5
6347,20,P15,no,1,-0.7981836892058709,0.19958519865373256,0.20405977695922933,4032,4081,2026-06-01 14:15:15.677372,5
6348,20,P17,no,1,-0.7936720322522888,0.20405977695922933,0.20860852732604496,4032,4080,2026-06-01 14:15:15.781619,5
5217,19,P17,no,2,0.6296185947730919,0.6911616123625146,0.679178699175393,3002,2975,2026-06-01 14:15:15.782933,5
6349,20,P03,no,1,0.7936720322522888,0.20860852732604496,0.20405977695922933,4032,4081,2026-06-01 14:15:15.819219,5
6709,21,P03,yes,1,-0.1395033311264342,0.14117613544185983,0.13784165696493572,4088,4154,2026-06-01 14:15:15.865641,5
5218,19,P17,no,7,2.397329059716867,0.679178699175393,0.6354235592583607,3002,2982,2026-06-01 14:15:15.890648,5
5219,19,P11,no,1,-0.3613670834829463,0.6354235592583607,0.6418340450887311,3002,2981,2026-06-01 14:15:15.909903,5
6350,20,P03,yes,1,-0.2018163107941291,0.20405977695922933,0.19958519865373256,4031,4081,2026-06-01 14:15:15.911053,5
3868,17,P24,yes,4,0.27382018577213785,0.06496916912866407,0.07205414361856403,1352,1444,2026-06-01 14:15:15.916044,5
6351,20,P03,no,1,0.8026212273493911,0.19958519865373256,0.19518467701384015,4031,4082,2026-06-01 14:15:15.941768,5
3869,17,P05,no,1,0.9288671763185903,0.07205414361856403,0.0702187918305528,1352,1445,2026-06-01 14:15:15.967176,5
5220,19,P24,yes,1,0.6450184025507042,0.6418340450887311,0.6481942198637447,3003,2981,2026-06-01 14:15:15.981746,5
5221,19,P23,yes,1,0.6513526546050343,0.6481942198637447,0.6545022492518787,3004,2981,2026-06-01 14:15:16.005461,5
5222,19,P13,yes,1,0.6576338731488249,0.6545022492518787,0.6607563687658172,3005,2981,2026-06-01 14:15:16.018405,5
6710,21,P09,yes,5,0.7318747899844311,0.13784165696493572,0.15519224623709701,4093,4154,2026-06-01 14:15:16.031971,5
3870,17,P19,no,1,0.9306808059468494,0.0702187918305528,0.06842674250359211,1352,1446,2026-06-01 14:15:16.035040,5
6352,20,P03,yes,5,-0.9229122011647632,0.19518467701384015,0.17428532117858547,4026,4082,2026-06-01 14:15:16.069312,5
5223,19,P15,no,8,2.9176432247359116,0.6607563687658172,0.6093175418435606,3005,2989,2026-06-01 14:15:16.161255,5
5224,19,P15,no,1,-0.38738299639953766,0.6093175418435606,0.6159095915435134,3005,2988,2026-06-01 14:15:16.216090,5
3871,17,P19,no,1,0.9324515574610359,0.06842674250359211,0.06667714818800587,1352,1447,2026-06-01 14:15:16.219924,5
5225,19,P15,no,2,0.7813783016736124,0.6159095915435134,0.6026853379784917,3005,2990,2026-06-01 14:15:16.244138,5
5226,19,P12,yes,1,0.6060046947259252,0.6026853379784917,0.6093175418435606,3006,2990,2026-06-01 14:15:16.246273,5
6711,21,P24,yes,1,0.15702483732184191,0.15519224623709701,0.15886910488091516,4094,4154,2026-06-01 14:15:16.249875,5
5227,19,P12,yes,12,7.7745847863698145,0.6093175418435606,0.6852009766653157,3018,2990,2026-06-01 14:15:16.311987,5
6353,20,P15,yes,14,2.8653025295075167,0.17428532117858547,0.23745802834390253,4040,4082,2026-06-01 14:15:16.315257,5
6354,20,P09,no,12,9.491359827437918,0.23745802834390253,0.18242552380635632,4040,4094,2026-06-01 14:15:16.322565,5
6712,21,P19,yes,5,-0.7493962961798388,0.15886910488091516,0.14117613544185983,4089,4154,2026-06-01 14:15:16.327707,5
6713,21,P15,yes,10,1.5916204903505786,0.14117613544185983,0.17831905610769247,4099,4154,2026-06-01 14:15:16.350894,5
5228,19,P09,no,1,0.3178050823553349,0.6852009766653157,0.679178699175393,3018,2991,2026-06-01 14:15:16.355072,5
5229,19,P19,yes,1,0.6821949176446651,0.679178699175393,0.6852009766653157,3019,2991,2026-06-01 14:15:16.361712,5
6714,21,P15,yes,2,0.36487541163660353,0.17831905610769247,0.18660508209316082,4101,4154,2026-06-01 14:15:16.373219,5
6715,21,P09,no,10,8.332682210074381,0.18660508209316082,0.1480471980316895,4101,4164,2026-06-01 14:15:16.378757,5
5230,19,P19,no,7,-2.0604465922406234,0.6852009766653157,0.7255622121589215,3019,2984,2026-06-01 14:15:16.385960,5
6716,21,P09,yes,20,3.756493380215943,0.1480471980316895,0.2324649929561242,4121,4164,2026-06-01 14:15:16.392851,5
5231,19,P19,yes,1,0.7283162051157888,0.7255622121589215,0.7310585786300049,3020,2984,2026-06-01 14:15:16.409420,5
6717,21,P11,no,2,1.5448841324459863,0.2324649929561242,0.22270013882530884,4121,4166,2026-06-01 14:15:16.415532,5
5232,19,P19,yes,1,0.7337775846076511,0.7310585786300049,0.736484844941675,3021,2984,2026-06-01 14:15:16.432344,5
6718,21,P23,no,1,0.7796917426903747,0.22270013882530884,0.21792873238451507,4121,4167,2026-06-01 14:15:16.450282,5
5233,19,P04,no,10,2.9161578848729732,0.736484844941675,0.679178699175393,3021,2994,2026-06-01 14:15:16.479152,5
6719,21,P12,no,1,0.7844260635774845,0.21792873238451507,0.2132315108375271,4121,4168,2026-06-01 14:15:16.483909,5
6720,21,P20,yes,1,-0.21091383191014756,0.2132315108375271,0.20860852732604496,4120,4168,2026-06-01 14:15:16.491163,5
6355,20,P15,yes,3,0.566249844219783,0.18242552380635632,0.19518467701384015,4043,4094,2026-06-01 14:15:16.515426,5
6721,21,P24,no,1,-0.7890861680898524,0.20860852732604496,0.2132315108375271,4120,4167,2026-06-01 14:15:16.517118,5
6356,20,P09,no,3,2.433750155780217,0.19518467701384015,0.18242552380635632,4043,4097,2026-06-01 14:15:16.536381,5
6722,21,P10,yes,5,-1.0094520946640841,0.2132315108375271,0.19085804424486547,4115,4167,2026-06-01 14:15:16.540999,5
3997,18,P17,yes,4,0.14543266826763102,0.034445195666211174,0.03833797212535963,1604,1720,2026-06-01 14:15:16.553049,5
6723,21,P21,yes,1,-0.18872543434008549,0.19085804424486547,0.18660508209316082,4114,4167,2026-06-01 14:15:16.583610,5
5234,19,P19,no,1,-0.31780508235578964,0.679178699175393,0.6852009766653157,3021,2993,2026-06-01 14:15:16.617031,5
3872,17,P05,no,4,3.746685541063016,0.06667714818800587,0.06008665017400762,1352,1451,2026-06-01 14:15:16.648977,5
6357,20,P09,no,13,10.952307843166636,0.18242552380635632,0.13457359546569392,4043,4110,2026-06-01 14:15:16.673549,5
6358,20,P01,yes,8,1.1858385704272223,0.13457359546569392,0.16261630836153196,4051,4110,2026-06-01 14:15:16.676278,5
5235,19,P09,yes,11,7.885303954743449,0.6852009766653157,0.7471242672706695,3032,2993,2026-06-01 14:15:16.699156,5
6359,20,P24,no,1,-0.8354805720709919,0.16261630836153196,0.16643440755425876,4051,4109,2026-06-01 14:15:16.728480,5
5236,19,P13,no,1,0.2555117402871474,0.7471242672706695,0.7418402904888368,3032,2994,2026-06-01 14:15:16.756488,5
5237,19,P13,no,8,2.2414865408200058,0.7418402904888368,0.6970592839654074,3032,3002,2026-06-01 14:15:16.774759,5
6724,21,P20,yes,1,-0.18450919831775536,0.18660508209316082,0.18242552380635632,4113,4167,2026-06-01 14:15:16.779410,5
5238,19,P17,no,20,7.307556731162549,0.6970592839654074,0.5690013325681905,3032,3022,2026-06-01 14:15:16.786591,5
5239,19,P17,no,3,1.3237599278963899,0.5690013325681905,0.548458527973277,3032,3025,2026-06-01 14:15:16.786592,5
5240,19,P07,yes,2,1.1106490829479299,0.548458527973277,0.5621765008857981,3034,3025,2026-06-01 14:15:16.810685,5
5241,19,P06,yes,1,0.5655909891556803,0.5621765008857981,0.5690013325681905,3035,3025,2026-06-01 14:15:16.819628,5
6725,21,P24,yes,1,0.18450919831775536,0.18242552380635632,0.18660508209316082,4114,4167,2026-06-01 14:15:16.819821,5
5242,19,P23,yes,1,0.572402972000873,0.5690013325681905,0.5758000536158003,3036,3025,2026-06-01 14:15:16.825443,5
3873,17,P05,no,10,9.471507803595841,0.06008665017400762,0.04618662486055427,1352,1461,2026-06-01 14:15:16.920429,5
5243,19,P01,yes,5,2.963153274616161,0.5758000536158003,0.6093175418435606,3041,3025,2026-06-01 14:15:17.026729,5
5244,19,P20,yes,14,9.156887022220417,0.6093175418435606,0.6970592839654074,3055,3025,2026-06-01 14:15:17.091746,5
3874,17,P19,no,1,0.9544201150690697,0.04618662486055427,0.04497822937897771,1352,1462,2026-06-01 14:15:17.103754,5
3875,17,P05,no,1,0.9556133716916975,0.04497822937897771,0.04379999771646115,1352,1463,2026-06-01 14:15:17.121413,5
6726,21,P15,yes,3,0.5791194185521817,0.18660508209316082,0.19958519865373256,4117,4167,2026-06-01 14:15:17.161831,5
6727,21,P23,yes,1,-0.19737877265015413,0.19958519865373256,0.19518467701384015,4116,4167,2026-06-01 14:15:17.163113,5
3876,17,P19,no,1,0.9567768043086744,0.04379999771646115,0.042651252130942854,1352,1464,2026-06-01 14:15:17.204296,5
5245,19,P07,yes,1,-0.6941157482679046,0.6970592839654074,0.6911616123625146,3054,3025,2026-06-01 14:15:17.228967,5
3877,17,P03,no,1,0.9579110850058896,0.042651252130942854,0.04153132619455174,1352,1465,2026-06-01 14:15:17.278400,5
5246,19,P15,no,1,0.31181351241730226,0.6911616123625146,0.6852009766653157,3054,3026,2026-06-01 14:15:17.317939,5
6728,21,P03,yes,1,-0.19301521156194212,0.19518467701384015,0.19085804424486547,4115,4167,2026-06-01 14:15:17.347019,5
3878,17,P05,no,6,5.769735723780741,0.04153132619455174,0.03538109202197851,1352,1471,2026-06-01 14:15:17.367939,5
6360,20,P17,yes,3,0.5169679451582851,0.16643440755425876,0.17831905610769247,4054,4109,2026-06-01 14:15:17.371719,5
6729,21,P17,yes,10,-1.7062327866960914,0.19085804424486547,0.1515851487892869,4105,4167,2026-06-01 14:15:17.427477,5
6730,21,P03,yes,12,-1.581126030494488,0.1515851487892869,0.11349222580422871,4093,4167,2026-06-01 14:15:17.441673,5
6731,21,P21,no,5,-4.39633202956702,0.11349222580422871,0.12823373759251924,4093,4162,2026-06-01 14:15:17.448800,5
5247,19,P15,no,3,0.9716323181028201,0.6852009766653157,0.6669548851735586,3054,3029,2026-06-01 14:15:17.460576,5
5248,19,P24,yes,4,2.7165541694798776,0.6669548851735586,0.6911616123625146,3058,3029,2026-06-01 14:15:17.510104,5
6732,21,P19,no,1,0.8733082429480419,0.12823373759251924,0.1251603995749971,4093,4163,2026-06-01 14:15:17.586098,5
6361,20,P17,yes,1,0.18036621331793867,0.17831905610769247,0.18242552380635632,4055,4109,2026-06-01 14:15:17.631083,5
5249,19,P06,no,10,3.394749589388539,0.6911616123625146,0.6289646649499733,3058,3039,2026-06-01 14:15:17.637313,5
6733,21,P15,no,11,-9.424705615254425,0.1251603995749971,0.16261630836153196,4093,4152,2026-06-01 14:15:17.675755,5
5250,19,P01,no,3,-1.084150615830822,0.6289646649499733,0.6481942198637447,3058,3036,2026-06-01 14:15:17.693017,5
3879,17,P24,yes,1,0.03585921247031365,0.03538109202197851,0.03634146014678239,1353,1471,2026-06-01 14:15:17.696123,5
6734,21,P15,yes,1,0.1645194279290081,0.16261630836153196,0.16643440755425876,4094,4152,2026-06-01 14:15:17.700579,5
6362,20,P09,no,16,13.562852028849193,0.18242552380635632,0.1251603995749971,4055,4125,2026-06-01 14:15:17.768907,5
5251,19,P19,no,6,-1.9987854611404146,0.6481942198637447,0.6852009766653157,3058,3030,2026-06-01 14:15:17.771542,5
6735,21,P03,no,2,1.6747437509875454,0.16643440755425876,0.15886910488091516,4094,4154,2026-06-01 14:15:17.810567,5
6363,20,P17,yes,1,0.12669175705195812,0.1251603995749971,0.12823373759251924,4056,4125,2026-06-01 14:15:17.849566,5
6364,20,P20,yes,5,0.681340829299188,0.12823373759251924,0.14457775046587726,4061,4125,2026-06-01 14:15:17.852126,5
6736,21,P15,no,2,-1.6747437509875454,0.15886910488091516,0.16643440755425876,4094,4152,2026-06-01 14:15:17.860959,5
6365,20,P02,no,10,-8.37088461519943,0.14457775046587726,0.18242552380635632,4061,4115,2026-06-01 14:15:17.868820,5
6366,20,P17,no,13,-10.251374701631903,0.18242552380635632,0.24252442073717165,4061,4102,2026-06-01 14:15:17.965235,5
5252,19,P17,no,1,0.31780508235578964,0.6852009766653157,0.679178699175393,3058,3031,2026-06-01 14:15:17.968066,5
6367,20,P11,yes,4,-0.9300563773140311,0.24252442073717165,0.22270013882530884,4057,4102,2026-06-01 14:15:17.970273,5
6737,21,P17,no,1,0.8354805720709919,0.16643440755425876,0.16261630836153196,4094,4153,2026-06-01 14:15:17.988745,5
5253,19,P24,yes,1,0.6821949176446651,0.679178699175393,0.6852009766653157,3059,3031,2026-06-01 14:15:18.035052,5
5254,19,P24,yes,1,0.688186487582243,0.6852009766653157,0.6911616123625146,3060,3031,2026-06-01 14:15:18.078346,5
5255,19,P09,no,1,0.31181351241730226,0.6911616123625146,0.6852009766653157,3060,3032,2026-06-01 14:15:18.088363,5
3880,17,P17,yes,1,0.03683206072309986,0.03634146014678239,0.037326887344129464,1354,1471,2026-06-01 14:15:18.096693,5
5256,19,P19,yes,1,0.6881864875826977,0.6852009766653157,0.6911616123625146,3061,3032,2026-06-01 14:15:18.197951,5
5257,19,P24,no,6,1.9619516281627511,0.6911616123625146,0.6545022492518787,3061,3038,2026-06-01 14:15:18.255353,5
5258,19,P04,yes,1,0.6576338731483702,0.6545022492518787,0.6607563687658172,3062,3038,2026-06-01 14:15:18.271521,5
6368,20,P01,no,1,0.7796917426903747,0.22270013882530884,0.21792873238451507,4057,4103,2026-06-01 14:15:18.313770,5
6738,21,P24,yes,1,0.1645194279290081,0.16261630836153196,0.16643440755425876,4095,4153,2026-06-01 14:15:18.361254,5
6739,21,P17,no,1,0.8354805720709919,0.16643440755425876,0.16261630836153196,4095,4154,2026-06-01 14:15:18.372069,5
6369,20,P15,no,1,0.7844260635774845,0.21792873238451507,0.2132315108375271,4057,4104,2026-06-01 14:15:18.545062,5
5259,19,P19,yes,1,0.6638603292090011,0.6607563687658172,0.6669548851735586,3063,3038,2026-06-01 14:15:18.579606,5
6370,20,P24,yes,5,-1.0094520946640841,0.2132315108375271,0.19085804424486547,4052,4104,2026-06-01 14:15:18.604587,5
5260,19,P15,no,17,6.593881518847411,0.6669548851735586,0.555328055262369,3063,3055,2026-06-01 14:15:18.619067,5
5261,19,P01,yes,12,7.14962030512288,0.555328055262369,0.6354235592583607,3075,3055,2026-06-01 14:15:18.650089,5
5262,19,P02,yes,3,1.9350039736723375,0.6354235592583607,0.6545022492518787,3078,3055,2026-06-01 14:15:18.673170,5
6371,20,P17,no,1,-0.8069847884380579,0.19085804424486547,0.19518467701384015,4052,4103,2026-06-01 14:15:18.698577,5
6740,21,P03,yes,11,-1.5752943847455754,0.16261630836153196,0.1251603995749971,4084,4154,2026-06-01 14:15:18.802069,5
6741,21,P13,yes,7,0.9543393795429438,0.1251603995749971,0.1480471980316895,4091,4154,2026-06-01 14:15:18.863165,5
5263,19,P19,yes,2,1.3214942023573713,0.6545022492518787,0.6669548851735586,3080,3055,2026-06-01 14:15:18.947598,5
6372,20,P09,no,5,-3.967989180476252,0.19518467701384015,0.21792873238451507,4052,4098,2026-06-01 14:15:19.036844,5
6742,21,P03,yes,14,-1.7594829502995708,0.1480471980316895,0.10537408848177848,4077,4154,2026-06-01 14:15:19.068123,5
6743,21,P24,yes,3,0.3281673573746957,0.10537408848177848,0.11349222580422871,4080,4154,2026-06-01 14:15:19.082177,5
6744,21,P01,no,1,-0.8851003515246703,0.11349222580422871,0.11631714397765597,4080,4153,2026-06-01 14:15:19.092715,5
6373,20,P09,no,5,3.967989180476252,0.21792873238451507,0.19518467701384015,4052,4103,2026-06-01 14:15:19.199307,5
5264,19,P17,no,1,-0.32996963429877724,0.6669548851735586,0.6730961777222321,3080,3054,2026-06-01 14:15:19.215780,5
6374,20,P03,no,1,0.8069847884380579,0.19518467701384015,0.19085804424486547,4052,4104,2026-06-01 14:15:19.266221,5
5265,19,P24,yes,1,0.676142398551292,0.6730961777222321,0.679178699175393,3081,3054,2026-06-01 14:15:19.284098,5
5266,19,P17,no,12,4.30160543654938,0.679178699175393,0.6026853379784917,3081,3066,2026-06-01 14:15:19.286383,5
5267,19,P02,no,11,-3.977747835100672,0.6026853379784917,0.6730961777222321,3081,3055,2026-06-01 14:15:19.295742,5
3881,17,P24,yes,7,0.28727174201958405,0.037326887344129464,0.04497822937897771,1361,1471,2026-06-01 14:15:19.301367,5
6745,21,P10,yes,6,0.7515323792249546,0.11631714397765597,0.13457359546569392,4086,4153,2026-06-01 14:15:19.310410,5
5268,19,P24,no,7,-2.1420795419544447,0.6730961777222321,0.7143624294910559,3081,3048,2026-06-01 14:15:19.366210,5
5269,19,P02,yes,2,-1.4172994906989516,0.7143624294910559,0.702892745013669,3079,3048,2026-06-01 14:15:19.378097,5
6746,21,P09,yes,5,-0.6337774529984017,0.13457359546569392,0.11920292202211755,4081,4153,2026-06-01 14:15:19.467355,5
6747,21,P11,no,1,-0.8793285159017614,0.11920292202211755,0.122150398495942,4081,4152,2026-06-01 14:15:19.477788,5
6375,20,P03,yes,1,-0.18872543434008549,0.19085804424486547,0.18660508209316082,4051,4104,2026-06-01 14:15:19.516146,5
5270,19,P15,no,1,0.30001858469950093,0.702892745013669,0.6970592839654074,3079,3049,2026-06-01 14:15:19.543472,5
5271,19,P09,no,1,0.3058842517325502,0.6970592839654074,0.6911616123625146,3079,3050,2026-06-01 14:15:19.569722,5
5272,19,P19,no,13,-3.5382194454218734,0.6911616123625146,0.7625419716560975,3079,3037,2026-06-01 14:15:19.634399,5
5273,19,P20,no,1,0.23998512580601528,0.7625419716560975,0.7574755792628283,3079,3038,2026-06-01 14:15:19.682694,5
5274,19,P20,no,1,0.24508804575816612,0.7574755792628283,0.7523361988609284,3079,3039,2026-06-01 14:15:19.707067,5
5275,19,P04,no,6,1.5817280776723237,0.7523361988609284,0.7199965396446176,3079,3045,2026-06-01 14:15:19.783708,5
6376,20,P17,yes,5,0.9872636970940221,0.18660508209316082,0.20860852732604496,4056,4104,2026-06-01 14:15:19.795381,5
5276,19,P24,no,7,2.1010367909580054,0.7199965396446176,0.679178699175393,3079,3052,2026-06-01 14:15:19.838809,5
6377,20,P09,no,1,0.7936720322522888,0.20860852732604496,0.20405977695922933,4056,4105,2026-06-01 14:15:19.846365,5
5277,19,P15,no,13,4.702252102856164,0.679178699175393,0.5960151933265168,3079,3065,2026-06-01 14:15:19.846426,5
5278,19,P23,yes,1,0.5993533336927612,0.5960151933265168,0.6026853379784917,3080,3065,2026-06-01 14:15:19.847155,5
6378,20,P03,yes,10,-1.8272985140702076,0.20405977695922933,0.16261630836153196,4046,4105,2026-06-01 14:15:19.878051,5
5279,19,P21,yes,7,4.379374942236154,0.6026853379784917,0.6481942198637447,3087,3065,2026-06-01 14:15:19.889683,5
5280,19,P19,yes,5,3.319019621215375,0.6481942198637447,0.679178699175393,3092,3065,2026-06-01 14:15:19.935898,5
5281,19,P19,no,14,-3.9278529143884953,0.679178699175393,0.7574755792628283,3092,3051,2026-06-01 14:15:19.954365,5
5282,19,P11,no,6,1.5496012397920822,0.7574755792628283,0.7255622121589215,3092,3057,2026-06-01 14:15:19.970006,5
5283,19,P21,no,8,2.378251674596413,0.7255622121589215,0.679178699175393,3092,3065,2026-06-01 14:15:20.001599,5
3998,18,P24,yes,1,0.03885443354170093,0.03833797212535963,0.039375324260408275,1605,1720,2026-06-01 14:15:20.066581,5
3882,17,P17,yes,1,0.04557988493093035,0.04497822937897771,0.04618662486055427,1362,1471,2026-06-01 14:15:20.067170,5
5284,19,P09,yes,1,0.6821949176442104,0.679178699175393,0.6852009766653157,3093,3065,2026-06-01 14:15:20.082833,5
6748,21,P15,yes,1,0.12365015458181006,0.122150398495942,0.1251603995749971,4082,4152,2026-06-01 14:15:20.181569,5
6749,21,P03,no,2,1.7556783613190419,0.1251603995749971,0.11920292202211755,4082,4154,2026-06-01 14:15:20.188329,5
5285,19,P17,no,12,4.22541521363064,0.6852009766653157,0.6093175418435606,3093,3077,2026-06-01 14:15:20.200428,5
5286,19,P10,no,12,-4.22541521363064,0.6093175418435606,0.6852009766653157,3093,3065,2026-06-01 14:15:20.216859,5
6750,21,P15,yes,1,0.12067148409914807,0.11920292202211755,0.122150398495942,4083,4154,2026-06-01 14:15:20.219508,5
6379,20,P12,yes,4,0.6814873730872932,0.16261630836153196,0.17831905610769247,4050,4105,2026-06-01 14:15:20.259708,5
6380,20,P03,no,2,1.6514052463935514,0.17831905610769247,0.17032391864384583,4050,4107,2026-06-01 14:15:20.302240,5
3883,17,P22,no,9,8.630316312326386,0.04618662486055427,0.03634146014678239,1362,1480,2026-06-01 14:15:20.304572,5
6751,21,P03,yes,10,-1.0826437606428954,0.122150398495942,0.0953494648991095,4073,4154,2026-06-01 14:15:20.326539,5
5287,19,P17,no,1,0.31780508235578964,0.6852009766653157,0.679178699175393,3093,3066,2026-06-01 14:15:20.398902,5
5288,19,P09,yes,6,-3.9640380237656245,0.679178699175393,0.6418340450887311,3087,3066,2026-06-01 14:15:20.438071,5
6752,21,P01,yes,8,0.8442173503181039,0.0953494648991095,0.11631714397765597,4081,4154,2026-06-01 14:15:20.464454,5
6381,20,P03,yes,11,-1.6516981508802928,0.17032391864384583,0.13137120953080678,4039,4107,2026-06-01 14:15:20.496499,5
6382,20,P14,yes,4,0.551543733005019,0.13137120953080678,0.14457775046587726,4043,4107,2026-06-01 14:15:20.500981,5
6383,20,P09,yes,1,0.14630679319179762,0.14457775046587726,0.1480471980316895,4044,4107,2026-06-01 14:15:20.510959,5
5289,19,P15,no,1,0.3613670834824916,0.6418340450887311,0.6354235592583607,3087,3067,2026-06-01 14:15:20.519710,5
5290,19,P21,yes,1,0.6386329165170537,0.6354235592583607,0.6418340450887311,3088,3067,2026-06-01 14:15:20.536082,5
6753,21,P20,yes,1,0.11775492622564343,0.11631714397765597,0.11920292202211755,4082,4154,2026-06-01 14:15:20.644043,5
6384,20,P21,yes,1,0.14981043757052248,0.1480471980316895,0.1515851487892869,4045,4107,2026-06-01 14:15:20.657518,5
5291,19,P04,yes,5,3.2878956252143325,0.6418340450887311,0.6730961777222321,3093,3067,2026-06-01 14:15:20.797506,5
5292,19,P19,yes,6,4.146403247551916,0.6730961777222321,0.7086608250294356,3099,3067,2026-06-01 14:15:20.826670,5
6385,20,P13,yes,4,0.6356639955611172,0.1515851487892869,0.16643440755425876,4049,4107,2026-06-01 14:15:20.827429,5
6386,20,P09,yes,1,0.1683731915518365,0.16643440755425876,0.17032391864384583,4050,4107,2026-06-01 14:15:20.897522,5
5293,19,P21,yes,11,-7.434298872766249,0.7086608250294356,0.6418340450887311,3088,3067,2026-06-01 14:15:20.909215,5
5294,19,P02,yes,1,0.6450184025507042,0.6418340450887311,0.6481942198637447,3089,3067,2026-06-01 14:15:20.923191,5
5295,19,P17,yes,1,0.6513526546050343,0.6481942198637447,0.6545022492518787,3090,3067,2026-06-01 14:15:20.937183,5
5296,19,P19,no,15,-4.509322420715307,0.6545022492518787,0.7418402904888368,3090,3052,2026-06-01 14:15:21.006459,5
5297,19,P01,no,6,1.6472502363258172,0.7418402904888368,0.7086608250294356,3090,3058,2026-06-01 14:15:21.029235,5
6754,21,P09,no,13,11.675233260411005,0.11920292202211755,0.08618664479793421,4082,4167,2026-06-01 14:15:21.116667,5
6755,21,P21,no,1,-0.9127110673907737,0.08618664479793421,0.08839967720705841,4082,4166,2026-06-01 14:15:21.124075,5
5298,19,P08,no,1,0.29421771979514233,0.7086608250294356,0.702892745013669,3090,3059,2026-06-01 14:15:21.150194,5
6756,21,P15,yes,1,0.08952748401043209,0.08839967720705841,0.09066389627358525,4083,4166,2026-06-01 14:15:21.153200,5
6757,21,P19,yes,11,-0.869761968986495,0.09066389627358525,0.06842674250359211,4072,4166,2026-06-01 14:15:21.204710,5
6758,21,P11,yes,1,0.06931919405360532,0.06842674250359211,0.0702187918305528,4073,4166,2026-06-01 14:15:21.242437,5
5299,19,P15,no,15,5.143131562479084,0.702892745013669,0.6093175418435606,3090,3074,2026-06-01 14:15:21.251849,5
5300,19,P02,yes,1,0.6126170036004623,0.6093175418435606,0.6159095915435134,3091,3074,2026-06-01 14:15:21.262418,5
6759,21,P03,no,1,0.9306808059463947,0.0702187918305528,0.06842674250359211,4073,4167,2026-06-01 14:15:21.273613,5
6760,21,P03,yes,1,-0.06754844253919146,0.06842674250359211,0.06667714818800587,4072,4167,2026-06-01 14:15:21.282520,5
5301,19,P15,no,4,1.5893598064594698,0.6159095915435134,0.5893093760914265,3091,3078,2026-06-01 14:15:21.286164,5
6761,21,P23,no,1,-0.9324515574608085,0.06667714818800587,0.06842674250359211,4072,4166,2026-06-01 14:15:21.299945,5
5302,19,P01,yes,1,0.5926651615218361,0.5893093760914265,0.5960151933265168,3092,3078,2026-06-01 14:15:21.325962,5
6762,21,P01,yes,1,0.06931919405360532,0.06842674250359211,0.0702187918305528,4073,4166,2026-06-01 14:15:21.371238,5
6763,21,P11,yes,6,0.4555620739392907,0.0702187918305528,0.08191057715532518,4079,4166,2026-06-01 14:15:21.376463,5
6764,21,P24,no,1,-0.9170368377326668,0.08191057715532518,0.084023907816312,4079,4165,2026-06-01 14:15:21.378472,5
5303,19,P17,no,6,2.545456651738732,0.5960151933265168,0.555328055262369,3092,3084,2026-06-01 14:15:21.404023,5
5304,19,P06,no,1,-0.44124585909275993,0.555328055262369,0.5621765008857981,3092,3083,2026-06-01 14:15:21.418268,5
5305,19,P19,no,1,-0.43440901084477446,0.5621765008857981,0.5690013325681905,3092,3082,2026-06-01 14:15:21.418270,5
5306,19,P20,yes,10,6.02527517505996,0.5690013325681905,0.6354235592583607,3102,3082,2026-06-01 14:15:21.469203,5
5307,19,P01,yes,1,0.6386329165165989,0.6354235592583607,0.6418340450887311,3103,3082,2026-06-01 14:15:21.487075,5
6765,21,P24,no,1,-0.9148988778924831,0.084023907816312,0.08618664479793421,4079,4164,2026-06-01 14:15:21.527196,5
5308,19,P10,yes,1,0.6450184025507042,0.6418340450887311,0.6481942198637447,3104,3082,2026-06-01 14:15:21.531630,5
5309,19,P11,yes,1,0.6513526546050343,0.6481942198637447,0.6545022492518787,3105,3082,2026-06-01 14:15:21.593477,5
5310,19,P19,yes,5,3.349861884254551,0.6545022492518787,0.6852009766653157,3110,3082,2026-06-01 14:15:21.620383,5
6387,20,P15,yes,5,0.9021955995831377,0.17032391864384583,0.19085804424486547,4055,4107,2026-06-01 14:15:21.742997,5
6388,20,P03,no,1,0.8112745656599145,0.19085804424486547,0.18660508209316082,4055,4108,2026-06-01 14:15:21.864941,5
6766,21,P12,no,1,-0.9127110673925927,0.08618664479793421,0.08839967720705841,4079,4163,2026-06-01 14:15:21.935615,5
6767,21,P02,yes,11,1.1197228807550346,0.08839967720705841,0.11631714397765597,4090,4163,2026-06-01 14:15:21.988683,5
6389,20,P17,no,1,0.8154908016813351,0.18660508209316082,0.18242552380635632,4055,4109,2026-06-01 14:15:22.019296,5
6768,21,P03,no,2,1.7729955448376131,0.11631714397765597,0.1107273179723682,4090,4165,2026-06-01 14:15:22.022677,5
6769,21,P09,no,1,0.8906304535830714,0.1107273179723682,0.10802156134341918,4090,4166,2026-06-01 14:15:22.031005,5
5311,19,P19,yes,2,1.3823022358501476,0.6852009766653157,0.6970592839654074,3112,3082,2026-06-01 14:15:22.037714,5
5312,19,P15,no,12,4.074918056852766,0.6970592839654074,0.6224593312018546,3112,3094,2026-06-01 14:15:22.040920,5
6770,21,P20,yes,2,0.22147435310489527,0.10802156134341918,0.11349222580422871,4092,4166,2026-06-01 14:15:22.042790,5
6390,20,P09,no,2,1.6433376430559292,0.18242552380635632,0.17428532117858547,4055,4111,2026-06-01 14:15:22.051796,5
6391,20,P15,yes,1,0.1762961436261321,0.17428532117858547,0.17831905610769247,4056,4111,2026-06-01 14:15:22.061271,5
6771,21,P04,yes,1,0.11489964847442025,0.11349222580422871,0.11631714397765597,4093,4166,2026-06-01 14:15:22.070299,5
5313,19,P24,yes,1,-0.6191880754722661,0.6224593312018546,0.6159095915435134,3111,3094,2026-06-01 14:15:22.076208,5
5314,19,P11,no,1,-0.38081192452773394,0.6159095915435134,0.6224593312018546,3111,3093,2026-06-01 14:15:22.128927,5
6392,20,P17,no,1,0.8237038563738679,0.17831905610769247,0.17428532117858547,4056,4112,2026-06-01 14:15:22.129780,5
6772,21,P17,yes,2,-0.22700445516238688,0.11631714397765597,0.1107273179723682,4091,4166,2026-06-01 14:15:22.153838,5
5315,19,P21,yes,1,0.6257157842683227,0.6224593312018546,0.6289646649499733,3112,3093,2026-06-01 14:15:22.238737,5
5316,19,P01,yes,1,0.6321980651018748,0.6289646649499733,0.6354235592583607,3113,3093,2026-06-01 14:15:22.312311,5
5317,19,P19,no,1,-0.3613670834829463,0.6354235592583607,0.6418340450887311,3113,3092,2026-06-01 14:15:22.331889,5
6393,20,P03,no,1,0.8277013900196835,0.17428532117858547,0.17032391864384583,4056,4113,2026-06-01 14:15:22.356240,5
6394,20,P03,yes,1,-0.1683731915518365,0.17032391864384583,0.16643440755425876,4055,4113,2026-06-01 14:15:22.410079,5
3999,18,P09,yes,8,0.3510291909622083,0.039375324260408275,0.04869667456442473,1613,1720,2026-06-01 14:15:22.467063,5
5318,19,P17,no,6,2.265643460314095,0.6418340450887311,0.6026853379784917,3113,3098,2026-06-01 14:15:22.508345,5
4000,18,P03,yes,6,-0.2701408878460825,0.04869667456442473,0.04153132619455174,1607,1720,2026-06-01 14:15:22.511803,5
5319,19,P09,no,1,0.4006466663072388,0.6026853379784917,0.5960151933265168,3113,3099,2026-06-01 14:15:22.557878,5
5320,19,P04,yes,1,0.5993533336927612,0.5960151933265168,0.6026853379784917,3114,3099,2026-06-01 14:15:22.611786,5
5321,19,P11,yes,1,0.6060046947259252,0.6026853379784917,0.6093175418435606,3115,3099,2026-06-01 14:15:22.643651,5
5322,19,P24,no,4,1.6160343374076547,0.6093175418435606,0.5825702064623147,3115,3103,2026-06-01 14:15:22.684233,5
5323,19,P15,no,1,0.420812387976639,0.5825702064623147,0.5758000536158003,3115,3104,2026-06-01 14:15:22.710600,5
5324,19,P04,no,12,-4.61212382326903,0.5758000536158003,0.6545022492518787,3115,3092,2026-06-01 14:15:22.749102,5
4001,18,P22,no,9,8.66775042850577,0.04153132619455174,0.0326445247140918,1607,1729,2026-06-01 14:15:22.805386,5
5325,19,P09,yes,15,10.490677579284693,0.6545022492518787,0.7418402904888368,3130,3092,2026-06-01 14:15:22.870854,5
6773,21,P24,yes,13,1.6932308371824547,0.1107273179723682,0.1515851487892869,4104,4166,2026-06-01 14:15:22.871791,5
5326,19,P21,no,1,0.2608315024526746,0.7418402904888368,0.736484844941675,3130,3093,2026-06-01 14:15:22.910901,5
5327,19,P18,no,1,0.2662224153923489,0.736484844941675,0.7310585786300049,3130,3094,2026-06-01 14:15:22.919578,5
5328,19,P12,no,1,0.27168379488421124,0.7310585786300049,0.7255622121589215,3130,3095,2026-06-01 14:15:22.922180,5
6395,20,P17,no,8,6.785844123682182,0.16643440755425876,0.13784165696493572,4055,4121,2026-06-01 14:15:22.923756,5
5329,19,P04,no,1,0.2772148836384076,0.7255622121589215,0.7199965396446176,3130,3096,2026-06-01 14:15:22.933334,5
6396,20,P13,yes,1,0.1395033311264342,0.13784165696493572,0.14117613544185983,4056,4121,2026-06-01 14:15:22.964167,5
6774,21,P09,no,2,1.70388276923768,0.1515851487892869,0.14457775046587726,4104,4168,2026-06-01 14:15:22.973822,5
6775,21,P24,yes,1,0.14630679319179762,0.14457775046587726,0.1480471980316895,4105,4168,2026-06-01 14:15:22.998271,5
5330,19,P09,no,1,0.282814850451814,0.7199965396446176,0.7143624294910559,3130,3097,2026-06-01 14:15:23.011976,5
5331,19,P01,yes,1,-0.7115172104931844,0.7143624294910559,0.7086608250294356,3129,3097,2026-06-01 14:15:23.020262,5
6776,21,P03,yes,1,-0.14630679319179762,0.1480471980316895,0.14457775046587726,4104,4168,2026-06-01 14:15:23.021697,5
6397,20,P17,yes,9,-1.1421374808642213,0.14117613544185983,0.11349222580422871,4047,4121,2026-06-01 14:15:23.041782,5
6398,20,P11,yes,6,0.733465066727149,0.11349222580422871,0.13137120953080678,4053,4121,2026-06-01 14:15:23.091295,5
6399,20,P14,no,1,-0.8670330390286836,0.13137120953080678,0.13457359546569392,4053,4120,2026-06-01 14:15:23.105568,5
5332,19,P17,no,3,0.9001205562267387,0.7086608250294356,0.6911616123625146,3129,3100,2026-06-01 14:15:23.106866,5
5333,19,P24,no,13,4.537228726047488,0.6911616123625146,0.6093175418435606,3129,3113,2026-06-01 14:15:23.208018,5
5334,19,P24,yes,10,6.416247470173403,0.6093175418435606,0.6730961777222321,3139,3113,2026-06-01 14:15:23.232051,5
4002,18,P09,yes,1,0.03308693886151559,0.0326445247140918,0.03353319492319511,1608,1729,2026-06-01 14:15:23.302774,5
5335,19,P24,yes,13,9.243641270939406,0.6730961777222321,0.7471242672706695,3152,3113,2026-06-01 14:15:23.457835,5
6400,20,P01,yes,1,0.1362021220393217,0.13457359546569392,0.13784165696493572,4054,4120,2026-06-01 14:15:23.480406,5
5336,19,P20,no,1,0.2555117402871474,0.7471242672706695,0.7418402904888368,3152,3114,2026-06-01 14:15:23.531419,5
5337,19,P02,no,1,0.26083150245221987,0.7418402904888368,0.736484844941675,3152,3115,2026-06-01 14:15:23.634728,5
6401,20,P13,no,1,-0.8604966688735658,0.13784165696493572,0.14117613544185983,4054,4119,2026-06-01 14:15:23.661006,5
5338,19,P15,no,10,2.9161578848729732,0.736484844941675,0.679178699175393,3152,3125,2026-06-01 14:15:23.664876,5
6402,20,P20,yes,6,0.9101331172623759,0.14117613544185983,0.16261630836153196,4060,4119,2026-06-01 14:15:23.754811,5
5339,19,P19,yes,1,0.6821949176442104,0.679178699175393,0.6852009766653157,3153,3125,2026-06-01 14:15:23.758168,5
5340,19,P09,no,8,2.7151341420726567,0.6852009766653157,0.6354235592583607,3153,3133,2026-06-01 14:15:23.802647,5
5341,19,P12,yes,11,7.36714950907799,0.6354235592583607,0.702892745013669,3164,3133,2026-06-01 14:15:23.845409,5
4003,18,P17,yes,1,0.03398722770725726,0.03353319492319511,0.034445195666211174,1609,1729,2026-06-01 14:15:23.935313,5
5342,19,P19,no,1,-0.29421771979423283,0.702892745013669,0.7086608250294356,3164,3132,2026-06-01 14:15:23.968374,5
5343,19,P02,yes,1,-0.7057822802057672,0.7086608250294356,0.702892745013669,3163,3132,2026-06-01 14:15:23.978736,5
5344,19,P23,no,1,0.3000185846999557,0.702892745013669,0.6970592839654074,3163,3133,2026-06-01 14:15:23.985795,5
5345,19,P15,no,1,0.3058842517325502,0.6970592839654074,0.6911616123625146,3163,3134,2026-06-01 14:15:24.054642,5
4004,18,P17,yes,18,0.795575954420201,0.034445195666211174,0.055549260157611746,1627,1729,2026-06-01 14:15:24.099093,5
4005,18,P03,yes,1,-0.054826565151870454,0.055549260157611746,0.05410980348435149,1626,1729,2026-06-01 14:15:24.118869,5
6777,21,P17,yes,2,0.2961172307623201,0.14457775046587726,0.1515851487892869,4106,4168,2026-06-01 14:15:24.138949,5
6778,21,P17,yes,1,-0.14981043757052248,0.1515851487892869,0.1480471980316895,4105,4168,2026-06-01 14:15:24.244390,5
6779,21,P09,no,3,2.5713185568138215,0.1480471980316895,0.13784165696493572,4105,4171,2026-06-01 14:15:24.327469,5
6403,20,P17,no,1,0.8392631789165534,0.16261630836153196,0.15886910488091516,4060,4120,2026-06-01 14:15:24.404676,5
5346,19,P24,yes,1,0.6941157482669951,0.6911616123625146,0.6970592839654074,3164,3134,2026-06-01 14:15:24.429700,5
5347,19,P19,no,11,-2.992350067882853,0.6970592839654074,0.7574755792628283,3164,3123,2026-06-01 14:15:24.480322,5
5348,19,P15,no,14,3.9278529143884953,0.7574755792628283,0.679178699175393,3164,3137,2026-06-01 14:15:24.492693,5
4006,18,P03,no,8,7.609738126342791,0.05410980348435149,0.04379999771646115,1626,1737,2026-06-01 14:15:24.519974,5
5349,19,P15,no,2,0.6538272357470305,0.679178699175393,0.6669548851735586,3164,3139,2026-06-01 14:15:24.560413,5
5350,19,P24,no,9,3.2537828955273653,0.6669548851735586,0.6093175418435606,3164,3148,2026-06-01 14:15:24.568140,5
5351,19,P15,no,1,0.39399530527452953,0.6093175418435606,0.6026853379784917,3164,3149,2026-06-01 14:15:24.583145,5
5352,19,P12,yes,2,1.2186216983259328,0.6026853379784917,0.6159095915435134,3166,3149,2026-06-01 14:15:24.589469,5
5353,19,P11,yes,7,4.469739771663171,0.6159095915435134,0.6607563687658172,3173,3149,2026-06-01 14:15:24.622586,5
6780,21,P19,yes,1,-0.1362021220384122,0.13784165696493572,0.13457359546569392,4104,4171,2026-06-01 14:15:24.637219,5
4007,18,P17,yes,1,0.044386628307847786,0.04379999771646115,0.04497822937897771,1627,1737,2026-06-01 14:15:24.690290,5
5354,19,P15,no,9,3.311638530010896,0.6607563687658172,0.6026853379784917,3173,3158,2026-06-01 14:15:24.869454,5
6781,21,P17,yes,1,-0.13296696097222593,0.13457359546569392,0.13137120953080678,4103,4171,2026-06-01 14:15:24.890016,5
5355,19,P17,no,1,0.4006466663072388,0.6026853379784917,0.5960151933265168,3173,3159,2026-06-01 14:15:24.939469,5
5356,19,P12,yes,1,0.5993533336923065,0.5960151933265168,0.6026853379784917,3174,3159,2026-06-01 14:15:24.994352,5
5357,19,P18,yes,5,3.095723623168851,0.6026853379784917,0.6354235592583607,3179,3159,2026-06-01 14:15:24.995419,5
5358,19,P17,no,14,5.753468811733455,0.6354235592583607,0.5415704832167999,3179,3173,2026-06-01 14:15:25.009879,5
4008,18,P22,no,1,0.9556133716921522,0.04497822937897771,0.04379999771646115,1627,1738,2026-06-01 14:15:25.024004,5
5359,19,P10,yes,5,2.7936589852074576,0.5415704832167999,0.5758000536158003,3184,3173,2026-06-01 14:15:25.051474,5
5360,19,P02,yes,1,0.5791876120238157,0.5758000536158003,0.5825702064623147,3185,3173,2026-06-01 14:15:25.095162,5
5361,19,P24,no,8,3.5578248124334095,0.5825702064623147,0.5277492350545132,3185,3181,2026-06-01 14:15:25.097406,5
6782,21,P15,no,1,-0.8670330390286836,0.13137120953080678,0.13457359546569392,4103,4170,2026-06-01 14:15:25.097436,5
5362,19,P14,yes,11,6.220136155433011,0.5277492350545132,0.6026853379784917,3196,3181,2026-06-01 14:15:25.100055,5
4009,18,P24,yes,4,0.18482877716041912,0.04379999771646115,0.04869667456442473,1631,1738,2026-06-01 14:15:25.126297,5
5363,19,P13,yes,1,0.6060046947259252,0.6026853379784917,0.6093175418435606,3197,3181,2026-06-01 14:15:25.156026,5
5364,19,P08,yes,5,3.128351844959525,0.6093175418435606,0.6418340450887311,3202,3181,2026-06-01 14:15:25.174161,5
6783,21,P09,yes,1,-0.13296696097131644,0.13457359546569392,0.13137120953080678,4102,4170,2026-06-01 14:15:25.286405,5
5365,19,P21,yes,7,4.64623294141029,0.6418340450887311,0.6852009766653157,3209,3181,2026-06-01 14:15:25.325064,5
5366,19,P09,no,7,2.3537670585897104,0.6852009766653157,0.6418340450887311,3209,3188,2026-06-01 14:15:25.360106,5
5367,19,P24,no,3,1.1034532341132035,0.6418340450887311,0.6224593312018546,3209,3191,2026-06-01 14:15:25.390264,5
5368,19,P21,no,1,-0.37428421573167725,0.6224593312018546,0.6289646649499733,3209,3190,2026-06-01 14:15:25.436751,5
5369,19,P17,yes,1,0.6321980651018748,0.6289646649499733,0.6354235592583607,3210,3190,2026-06-01 14:15:25.516991,5
6784,21,P15,yes,1,0.13296696097131644,0.13137120953080678,0.13457359546569392,4103,4170,2026-06-01 14:15:25.521012,5
4010,18,P05,no,1,0.9519413850225646,0.04869667456442473,0.04742587317756679,1631,1739,2026-06-01 14:15:25.626548,5
5370,19,P21,yes,3,1.9350039736723375,0.6354235592583607,0.6545022492518787,3213,3190,2026-06-01 14:15:25.667704,5
6785,21,P24,yes,4,0.5648835652255002,0.13457359546569392,0.1480471980316895,4107,4170,2026-06-01 14:15:25.749416,5
6404,20,P09,no,6,5.1111003726946365,0.15886910488091516,0.13784165696493572,4060,4126,2026-06-01 14:15:25.858747,5
6405,20,P03,yes,1,-0.1362021220384122,0.13784165696493572,0.13457359546569392,4059,4126,2026-06-01 14:15:25.862939,5
6786,21,P09,no,4,3.4351164347745,0.1480471980316895,0.13457359546569392,4107,4174,2026-06-01 14:15:25.900673,5
6406,20,P12,yes,1,0.1362021220384122,0.13457359546569392,0.13784165696493572,4060,4126,2026-06-01 14:15:25.918006,5
5371,19,P17,yes,4,2.6676669666103408,0.6545022492518787,0.679178699175393,3217,3190,2026-06-01 14:15:25.950892,5
5372,19,P09,no,8,2.7651309946159017,0.679178699175393,0.6289646649499733,3217,3198,2026-06-01 14:15:25.956303,5
6787,21,P19,no,1,0.8670330390286836,0.13457359546569392,0.13137120953080678,4107,4175,2026-06-01 14:15:26.032132,5
6788,21,P24,yes,8,1.1580687103169112,0.13137120953080678,0.15886910488091516,4115,4175,2026-06-01 14:15:26.159024,5
5373,19,P17,yes,9,5.917063923028309,0.6289646649499733,0.6852009766653157,3226,3198,2026-06-01 14:15:26.174281,5
5374,19,P14,no,4,1.3077719888942738,0.6852009766653157,0.6607563687658172,3226,3202,2026-06-01 14:15:26.186922,5
6789,21,P17,yes,1,-0.15702483732184191,0.15886910488091516,0.15519224623709701,4114,4175,2026-06-01 14:15:26.202996,5
6790,21,P03,yes,10,-1.3811828809230065,0.15519224623709701,0.122150398495942,4104,4175,2026-06-01 14:15:26.227572,5
6791,21,P24,yes,9,1.2277999716952763,0.122150398495942,0.1515851487892869,4113,4175,2026-06-01 14:15:26.235899,5
6792,21,P03,yes,13,-1.6932308371824547,0.1515851487892869,0.1107273179723682,4100,4175,2026-06-01 14:15:26.286903,5
5375,19,P09,no,1,0.3423661268516298,0.6607563687658172,0.6545022492518787,3226,3203,2026-06-01 14:15:26.297014,5
5376,19,P09,no,4,1.4327979612257877,0.6545022492518787,0.6289646649499733,3226,3207,2026-06-01 14:15:26.518922,5
6793,21,P09,no,2,1.7839374493123614,0.1107273179723682,0.10537408848177848,4100,4177,2026-06-01 14:15:26.548987,5
6794,21,P19,yes,1,-0.10407430918985483,0.10537408848177848,0.10278402491725176,4099,4177,2026-06-01 14:15:26.663321,5
6795,21,P17,yes,1,0.10407430918985483,0.10278402491725176,0.10537408848177848,4100,4177,2026-06-01 14:15:26.813742,5
5377,19,P21,no,6,-2.1113037588688712,0.6289646649499733,0.6669548851735586,3226,3201,2026-06-01 14:15:26.861774,5
5378,19,P19,yes,1,0.6700303657012228,0.6669548851735586,0.6730961777222321,3227,3201,2026-06-01 14:15:26.897222,5
5379,19,P15,no,2,0.6661093050897762,0.6730961777222321,0.6607563687658172,3227,3203,2026-06-01 14:15:26.912265,5
5380,19,P17,no,1,0.3423661268516298,0.6607563687658172,0.6545022492518787,3227,3204,2026-06-01 14:15:26.951221,5
6796,21,P17,yes,2,0.21606255068763858,0.10537408848177848,0.1107273179723682,4102,4177,2026-06-01 14:15:27.094110,5
5381,19,P15,no,1,0.34864734539496567,0.6545022492518787,0.6481942198637447,3227,3205,2026-06-01 14:15:27.150397,5
6797,21,P09,no,3,2.6798631401225066,0.1107273179723682,0.10278402491725176,4102,4180,2026-06-01 14:15:27.151615,5
6407,20,P17,no,1,0.8637978779606783,0.13784165696493572,0.13457359546569392,4060,4127,2026-06-01 14:15:27.165295,5
5382,19,P17,no,18,7.40048890233038,0.6481942198637447,0.5277492350545132,3227,3223,2026-06-01 14:15:27.171779,5
5383,19,P12,yes,1,0.5312088736441183,0.5277492350545132,0.534666513353404,3228,3223,2026-06-01 14:15:27.322701,5
5384,19,P10,no,11,-4.705068023484273,0.534666513353404,0.6093175418435606,3228,3212,2026-06-01 14:15:27.332621,5
5385,19,P19,no,1,-0.3873829963999924,0.6093175418435606,0.6159095915435134,3228,3211,2026-06-01 14:15:27.375730,5
5386,19,P09,yes,5,-2.9965826661928077,0.6159095915435134,0.5825702064623147,3223,3211,2026-06-01 14:15:27.425925,5
5387,19,P09,no,1,0.420812387976639,0.5825702064623147,0.5758000536158003,3223,3212,2026-06-01 14:15:27.427053,5
5388,19,P17,yes,13,8.04551004987934,0.5758000536158003,0.6607563687658172,3236,3212,2026-06-01 14:15:27.433491,5
6798,21,P15,yes,1,0.10407430918985483,0.10278402491725176,0.10537408848177848,4103,4180,2026-06-01 14:15:27.455632,5
5389,19,P19,yes,4,2.692228011106181,0.6607563687658172,0.6852009766653157,3240,3212,2026-06-01 14:15:27.513058,5
5390,19,P07,yes,1,-0.6821949176442104,0.6852009766653157,0.679178699175393,3239,3212,2026-06-01 14:15:27.525447,5
5391,19,P10,no,1,0.323857601448708,0.679178699175393,0.6730961777222321,3239,3213,2026-06-01 14:15:27.586294,5
5392,19,P17,no,11,3.9777478350997626,0.6730961777222321,0.6026853379784917,3239,3224,2026-06-01 14:15:27.593551,5
6408,20,P03,no,1,0.8670330390286836,0.13457359546569392,0.13137120953080678,4060,4128,2026-06-01 14:15:27.627448,5
6409,20,P09,no,1,0.870202903705831,0.13137120953080678,0.12823373759251924,4060,4129,2026-06-01 14:15:27.635254,5
5393,19,P11,yes,3,1.8378097737986536,0.6026853379784917,0.6224593312018546,3242,3224,2026-06-01 14:15:27.663632,5
5394,19,P17,yes,20,-11.099585827191731,0.6224593312018546,0.4861146822539951,3222,3224,2026-06-01 14:15:27.727888,5
5395,19,P17,yes,2,-0.9583601020399328,0.4861146822539951,0.47225076494548685,3220,3224,2026-06-01 14:15:27.727889,5
5396,19,P12,yes,1,0.47571396084458684,0.47225076494548685,0.4791787146272571,3221,3224,2026-06-01 14:15:27.803500,5
5397,19,P21,yes,1,0.482646141195346,0.4791787146272571,0.4861146822539951,3222,3224,2026-06-01 14:15:27.805797,5
5398,19,P02,yes,1,0.48958500746130085,0.4861146822539951,0.49305600205173933,3223,3224,2026-06-01 14:15:27.835589,5
5399,19,P11,no,14,-6.419827449282366,0.49305600205173933,0.5893093760914265,3223,3210,2026-06-01 14:15:27.839483,5
5400,19,P08,yes,1,0.5926651615218361,0.5893093760914265,0.5960151933265168,3224,3210,2026-06-01 14:15:27.852868,5
5401,19,P14,yes,1,0.5993533336927612,0.5960151933265168,0.6026853379784917,3225,3210,2026-06-01 14:15:27.871009,5
6410,20,P24,yes,1,0.12979709629416902,0.12823373759251924,0.13137120953080678,4061,4129,2026-06-01 14:15:27.926070,5
5402,19,P04,yes,1,0.6060046947259252,0.6026853379784917,0.6093175418435606,3226,3210,2026-06-01 14:15:27.930981,5
5403,19,P19,no,11,-3.9076101312748506,0.6093175418435606,0.679178699175393,3226,3199,2026-06-01 14:15:27.933659,5
5404,19,P18,no,1,0.32385760144825326,0.679178699175393,0.6730961777222321,3226,3200,2026-06-01 14:15:27.967922,5
5405,19,P17,no,3,-0.9534761962208904,0.6730961777222321,0.6911616123625146,3226,3197,2026-06-01 14:15:27.974122,5
5406,19,P19,yes,5,3.5285818038146317,0.6911616123625146,0.7199965396446176,3231,3197,2026-06-01 14:15:27.983718,5
6799,21,P17,yes,2,0.21606255068763858,0.10537408848177848,0.1107273179723682,4105,4180,2026-06-01 14:15:28.046838,5
5407,19,P04,no,2,0.5712976399586296,0.7199965396446176,0.7086608250294356,3231,3199,2026-06-01 14:15:28.109481,5
6800,21,P09,yes,10,1.254242287552188,0.1107273179723682,0.14117613544185983,4115,4180,2026-06-01 14:15:28.229983,5
6801,21,P17,yes,2,0.2891781120597443,0.14117613544185983,0.1480471980316895,4117,4180,2026-06-01 14:15:28.232623,5
5408,19,P13,no,3,0.900120556226284,0.7086608250294356,0.6911616123625146,3231,3202,2026-06-01 14:15:28.241738,5
5409,19,P10,no,6,1.9619516281627511,0.6911616123625146,0.6545022492518787,3231,3208,2026-06-01 14:15:28.264017,5
5410,19,P09,no,3,1.0649960263272078,0.6545022492518787,0.6354235592583607,3231,3211,2026-06-01 14:15:28.265093,5
6802,21,P19,yes,3,-0.4286814431861785,0.1480471980316895,0.13784165696493572,4114,4180,2026-06-01 14:15:28.423973,5
6803,21,P19,yes,13,-1.5363884000007602,0.13784165696493572,0.10025049035751298,4101,4180,2026-06-01 14:15:28.444509,5
5411,19,P15,no,1,0.36780193489857993,0.6354235592583607,0.6289646649499733,3231,3212,2026-06-01 14:15:28.542583,5
5412,19,P09,no,15,6.316338286500013,0.6289646649499733,0.5277492350545132,3231,3227,2026-06-01 14:15:28.550674,5
5413,19,P09,no,5,2.4479451095016884,0.5277492350545132,0.49305600205173933,3231,3232,2026-06-01 14:15:28.650349,5
5414,19,P16,yes,2,0.9999999999995453,0.49305600205173933,0.5069439979482607,3233,3232,2026-06-01 14:15:28.700056,5
5415,19,P11,yes,2,1.027768851343808,0.5069439979482607,0.520821285372743,3235,3232,2026-06-01 14:15:28.702809,5
5416,19,P12,no,1,-0.4757139608450416,0.520821285372743,0.5277492350545132,3235,3231,2026-06-01 14:15:28.723254,5
5417,19,P02,no,1,-0.4687911263558817,0.5277492350545132,0.534666513353404,3235,3230,2026-06-01 14:15:28.746405,5
6804,21,P24,yes,1,0.10151258369751304,0.10025049035751298,0.10278402491725176,4102,4180,2026-06-01 14:15:28.786347,5
6805,21,P19,yes,1,-0.10151258369751304,0.10278402491725176,0.10025049035751298,4101,4180,2026-06-01 14:15:28.795226,5
5418,19,P04,no,13,-5.473262944412454,0.534666513353404,0.6224593312018546,3235,3217,2026-06-01 14:15:28.803196,5
5419,19,P09,no,5,1.9701717309872038,0.6224593312018546,0.5893093760914265,3235,3222,2026-06-01 14:15:28.816849,5
6806,21,P03,no,1,0.9009930549254932,0.10025049035751298,0.09777259985079932,4101,4181,2026-06-01 14:15:28.834609,5
6411,20,P17,yes,2,-0.25648885334612714,0.13137120953080678,0.1251603995749971,4059,4129,2026-06-01 14:15:28.858291,5
5420,19,P23,yes,3,1.7980231899400678,0.5893093760914265,0.6093175418435606,3238,3222,2026-06-01 14:15:28.864432,5
5421,19,P20,yes,2,1.2318050790727284,0.6093175418435606,0.6224593312018546,3240,3222,2026-06-01 14:15:28.877403,5
6412,20,P03,yes,1,-0.12365015458181006,0.1251603995749971,0.122150398495942,4058,4129,2026-06-01 14:15:28.903624,5
6413,20,P03,yes,12,-1.268621807069394,0.122150398495942,0.09066389627358525,4046,4129,2026-06-01 14:15:28.937166,5
5422,19,P09,no,1,0.38081192452773394,0.6224593312018546,0.6159095915435134,3240,3223,2026-06-01 14:15:28.974020,5
6414,20,P04,yes,1,0.09181766825986415,0.09066389627358525,0.09298019452229982,4047,4129,2026-06-01 14:15:28.988215,5
6415,20,P11,yes,1,0.09416037816663447,0.09298019452229982,0.0953494648991095,4048,4129,2026-06-01 14:15:28.994111,5
5423,19,P17,no,1,0.38738299639953766,0.6159095915435134,0.6093175418435606,3240,3224,2026-06-01 14:15:29.063939,5
5424,19,P17,no,14,6.132219251880997,0.6093175418435606,0.5138853177460049,3240,3238,2026-06-01 14:15:29.078949,5
5425,19,P02,yes,1,0.517353858804654,0.5138853177460049,0.520821285372743,3241,3238,2026-06-01 14:15:29.138117,5
5426,19,P19,yes,1,0.5242860391554132,0.520821285372743,0.5277492350545132,3242,3238,2026-06-01 14:15:29.162639,5
6416,20,P09,yes,4,0.4011503444680784,0.0953494648991095,0.10537408848177848,4052,4129,2026-06-01 14:15:29.188839,5
5427,19,P18,yes,4,2.166239473479436,0.5277492350545132,0.555328055262369,3246,3238,2026-06-01 14:15:29.204773,5
6807,21,P03,no,2,1.8092831153271618,0.09777259985079932,0.09298019452229982,4101,4183,2026-06-01 14:15:29.241606,5
5428,19,P01,no,11,-4.482577759978994,0.555328055262369,0.6289646649499733,3246,3227,2026-06-01 14:15:29.242650,5
6417,20,P20,yes,9,1.0616324241027542,0.10537408848177848,0.13137120953080678,4061,4129,2026-06-01 14:15:29.288163,5
5429,19,P15,no,1,0.3742842157312225,0.6289646649499733,0.6224593312018546,3246,3228,2026-06-01 14:15:29.327928,5
6808,21,P19,yes,5,-0.4366983692525537,0.09298019452229982,0.08191057715532518,4096,4183,2026-06-01 14:15:29.400993,5
5430,19,P08,no,1,0.38081192452773394,0.6224593312018546,0.6159095915435134,3246,3229,2026-06-01 14:15:29.410998,5
6809,21,P15,no,1,-0.9170368377317573,0.08191057715532518,0.084023907816312,4096,4182,2026-06-01 14:15:29.412872,5
5431,19,P19,no,10,-3.520227134874858,0.6159095915435134,0.679178699175393,3246,3219,2026-06-01 14:15:29.438552,5
5432,19,P11,yes,15,-9.476355531317495,0.679178699175393,0.5825702064623147,3231,3219,2026-06-01 14:15:29.506500,5
5433,19,P15,no,13,6.005769921934643,0.5825702064623147,0.49305600205173933,3231,3232,2026-06-01 14:15:29.557061,5
5434,19,P23,yes,7,3.621383480833174,0.49305600205173933,0.5415704832167999,3238,3232,2026-06-01 14:15:29.595928,5
6418,20,P17,yes,3,-0.3801390079279372,0.13137120953080678,0.122150398495942,4058,4129,2026-06-01 14:15:29.662949,5
6419,20,P03,yes,13,-1.3581492910789166,0.122150398495942,0.08839967720705841,4045,4129,2026-06-01 14:15:29.754289,5
6420,20,P03,no,1,0.9127110673916832,0.08839967720705841,0.08618664479793421,4045,4130,2026-06-01 14:15:29.773198,5
6421,20,P03,yes,6,-0.479503352105894,0.08618664479793421,0.07393365254646753,4039,4130,2026-06-01 14:15:29.795214,5
6422,20,P03,no,2,1.8558769937908437,0.07393365254646753,0.0702187918305528,4039,4132,2026-06-01 14:15:29.816385,5
6423,20,P24,yes,5,0.3746879085647379,0.0702187918305528,0.07984576661461423,4044,4132,2026-06-01 14:15:29.871129,5
6810,21,P24,no,1,-0.9148988778943021,0.084023907816312,0.08618664479793421,4096,4181,2026-06-01 14:15:29.897000,5
6424,20,P11,yes,3,0.24893844974940293,0.07984576661461423,0.08618664479793421,4047,4132,2026-06-01 14:15:29.904772,5
6811,21,P19,no,1,0.9148988778943021,0.08618664479793421,0.084023907816312,4096,4182,2026-06-01 14:15:29.933864,5
6812,21,P14,yes,1,0.08510112210660736,0.084023907816312,0.08618664479793421,4097,4182,2026-06-01 14:15:29.952355,5
6425,20,P13,yes,12,1.2070118133633514,0.08618664479793421,0.11631714397765597,4059,4132,2026-06-01 14:15:29.960917,5
6813,21,P19,no,1,0.9148988778924831,0.08618664479793421,0.084023907816312,4097,4183,2026-06-01 14:15:30.114110,5
6426,20,P15,yes,1,0.11775492622564343,0.11631714397765597,0.11920292202211755,4060,4132,2026-06-01 14:15:30.338560,5
6427,20,P17,no,1,0.8822450737743566,0.11920292202211755,0.11631714397765597,4060,4133,2026-06-01 14:15:30.499603,5
6428,20,P17,yes,1,-0.11489964847442025,0.11631714397765597,0.11349222580422871,4059,4133,2026-06-01 14:15:30.566587,5
6814,21,P10,yes,4,0.35373520698522043,0.084023907816312,0.09298019452229982,4101,4183,2026-06-01 14:15:30.931947,5
6429,20,P17,no,1,0.8878951933120334,0.11349222580422871,0.1107273179723682,4059,4134,2026-06-01 14:15:30.968297,5
6815,21,P03,yes,8,-0.6732453083050132,0.09298019452229982,0.07585818002124356,4093,4183,2026-06-01 14:15:31.306058,5
6816,21,P15,yes,2,0.15567277367699717,0.07585818002124356,0.07984576661461423,4095,4183,2026-06-01 14:15:31.307884,5
6817,21,P03,no,1,0.9211667530062186,0.07984576661461423,0.07782859364011989,4095,4184,2026-06-01 14:15:31.480461,5
6818,21,P09,yes,1,0.07883324699378136,0.07782859364011989,0.07984576661461423,4096,4184,2026-06-01 14:15:31.620771,5
6430,20,P09,yes,1,0.11210480668705713,0.1107273179723682,0.11349222580422871,4060,4134,2026-06-01 14:15:31.936606,5
6431,20,P03,yes,1,-0.11210480668705713,0.11349222580422871,0.1107273179723682,4059,4134,2026-06-01 14:15:32.627154,5
6432,20,P03,yes,1,-0.10936954641692864,0.1107273179723682,0.10802156134341918,4058,4134,2026-06-01 14:15:32.650657,5
6819,21,P09,no,1,-0.9191258346245377,0.07984576661461423,0.08191057715532518,4096,4183,2026-06-01 14:15:33.026679,5
6820,21,P24,yes,1,0.08296316226733325,0.08191057715532518,0.084023907816312,4097,4183,2026-06-01 14:15:33.327877,5
6821,21,P19,yes,8,-0.6078444302602293,0.084023907816312,0.06842674250359211,4089,4183,2026-06-01 14:15:33.620290,5
6822,21,P19,yes,13,-0.7544928339584658,0.06842674250359211,0.04869667456442473,4076,4183,2026-06-01 14:15:33.642646,5
6823,21,P19,no,1,0.9519413850221099,0.04869667456442473,0.04742587317756679,4076,4184,2026-06-01 14:15:33.686194,5
6824,21,P20,yes,5,0.25349171147445304,0.04742587317756679,0.05410980348435149,4081,4184,2026-06-01 14:15:33.695738,5
6825,21,P24,yes,11,0.6895117551966905,0.05410980348435149,0.07205414361856403,4092,4184,2026-06-01 14:15:33.722669,5
6826,21,P15,yes,2,0.14788231120655837,0.07205414361856403,0.07585818002124356,4094,4184,2026-06-01 14:15:33.731256,5
6827,21,P03,yes,1,-0.07489212867949391,0.07585818002124356,0.07393365254646753,4093,4184,2026-06-01 14:15:33.913889,5
6828,21,P19,yes,12,-0.762501937723755,0.07393365254646753,0.05410980348435149,4081,4184,2026-06-01 14:15:34.242716,5
6829,21,P19,no,1,0.946595218542825,0.05410980348435149,0.05270556608289024,4081,4185,2026-06-01 14:15:34.276890,5
6830,21,P21,no,3,-2.835484703478869,0.05270556608289024,0.0570247014210931,4081,4182,2026-06-01 14:15:34.308747,5
6831,21,P15,no,16,-14.869105225234307,0.0570247014210931,0.08618664479793421,4081,4166,2026-06-01 14:15:34.310506,5
6433,20,P03,yes,1,-0.10669300427070993,0.10802156134341918,0.10537408848177848,4057,4134,2026-06-01 14:15:34.322422,5
6832,21,P19,no,1,0.9148988778924831,0.08618664479793421,0.084023907816312,4081,4167,2026-06-01 14:15:34.722538,5
6833,21,P19,yes,1,-0.08296316226733325,0.084023907816312,0.08191057715532518,4080,4167,2026-06-01 14:15:34.744344,5
6834,21,P24,yes,10,0.9320090918872665,0.08191057715532518,0.10537408848177848,4090,4167,2026-06-01 14:15:34.756970,5
6835,21,P09,no,2,1.7944131071126321,0.10537408848177848,0.10025049035751298,4090,4169,2026-06-01 14:15:35.010093,5
6836,21,P19,yes,1,-0.0990069450745068,0.10025049035751298,0.09777259985079932,4089,4169,2026-06-01 14:15:35.088106,5
6837,21,P17,yes,1,-0.09655650650620373,0.09777259985079932,0.0953494648991095,4088,4169,2026-06-01 14:15:35.314404,5
6838,21,P17,yes,13,-1.0557400154120842,0.0953494648991095,0.06842674250359211,4075,4169,2026-06-01 14:15:35.338164,5
6839,21,P24,yes,4,0.28833432894043654,0.06842674250359211,0.07585818002124356,4079,4169,2026-06-01 14:15:35.652090,5
6840,21,P15,yes,2,0.15567277367699717,0.07585818002124356,0.07984576661461423,4081,4169,2026-06-01 14:15:35.766803,5
6841,21,P24,no,12,-10.880423738466561,0.07984576661461423,0.10802156134341918,4081,4157,2026-06-01 14:15:35.880628,5
6842,21,P03,yes,1,-0.10669300427070993,0.10802156134341918,0.10537408848177848,4080,4157,2026-06-01 14:15:36.088295,5
6843,21,P19,yes,1,-0.10407430918985483,0.10537408848177848,0.10278402491725176,4079,4157,2026-06-01 14:15:36.201758,5
6844,21,P19,yes,7,-0.6598704983225616,0.10278402491725176,0.08618664479793421,4072,4157,2026-06-01 14:15:36.395452,5
6845,21,P19,no,1,0.9148988778924831,0.08618664479793421,0.084023907816312,4072,4158,2026-06-01 14:15:36.468596,5
6846,21,P15,no,1,-0.9148988778924831,0.084023907816312,0.08618664479793421,4072,4157,2026-06-01 14:15:37.096720,5
6847,21,P19,yes,1,-0.08510112210660736,0.08618664479793421,0.084023907816312,4071,4157,2026-06-01 14:15:38.386026,5
6848,21,P19,yes,1,-0.08296316226824274,0.084023907816312,0.08191057715532518,4070,4157,2026-06-01 14:15:38.441964,5
6849,21,P03,no,1,0.9191258346245377,0.08191057715532518,0.07984576661461423,4070,4158,2026-06-01 14:15:39.019688,5
6850,21,P19,yes,1,-0.07883324699378136,0.07984576661461423,0.07782859364011989,4069,4158,2026-06-01 14:15:39.089412,5
6851,21,P17,yes,1,0.07883324699378136,0.07782859364011989,0.07984576661461423,4070,4158,2026-06-01 14:15:39.332328,5
6852,21,P09,yes,1,0.08087416537546233,0.07984576661461423,0.08191057715532518,4071,4158,2026-06-01 14:15:39.503041,5
6853,21,P17,yes,1,0.08296316226733325,0.08191057715532518,0.084023907816312,4072,4158,2026-06-01 14:15:40.304023,5
6854,21,P17,yes,1,0.08510112210660736,0.084023907816312,0.08618664479793421,4073,4158,2026-06-01 14:15:40.411076,5
6855,21,P09,no,1,-0.9127110673907737,0.08618664479793421,0.08839967720705841,4073,4157,2026-06-01 14:15:40.582013,5
6856,21,P22,no,1,-0.9104725159904774,0.08839967720705841,0.09066389627358525,4073,4156,2026-06-01 14:15:40.636168,5
