trade_id,market_id,round_id,direction,quantity,price_impact,abs_price_impact
1,1,1,no,3,-0.020821285372742915,0.020821285372742915
2,1,1,no,13,-0.08849625647081777,0.08849625647081777
3,1,1,yes,2,0.013302348517043872,0.013302348517043872
4,1,1,yes,1,0.006705817235090283,0.006705817235090283
5,1,1,yes,12,0.08236537814316586,0.08236537814316586
6,1,1,no,11,-0.075626208514054,0.075626208514054
7,1,1,yes,15,0.10339149183505764,0.10339149183505764
8,1,1,no,2,-0.013877287424482243,0.013877287424482243
9,1,1,no,1,-0.006943997948260727,0.006943997948260727
10,1,1,no,1,-0.006943997948260672,0.006943997948260672
11,1,1,no,1,-0.006941319797744205,0.006941319797744205
12,2,2,no,2,-0.013885317746004877,0.013885317746004877
13,2,2,no,11,-0.07542405834542165,0.07542405834542165
14,2,2,yes,13,0.08930937609142653,0.08930937609142653
15,2,2,no,1,-0.006943997948260672,0.006943997948260672
16,2,2,no,6,-0.041514530025016205,0.041514530025016205
17,2,2,yes,1,0.00688804475647703,0.00688804475647703
18,2,2,yes,13,0.09002901119007684,0.09002901119007684
19,2,2,no,1,-0.006888044756477085,0.006888044756477085
20,2,2,no,7,-0.048514481165060575,0.048514481165060575
21,2,2,no,1,-0.006941319797744205,0.006941319797744205
22,3,7,yes,1,0.006943997948260727,0.006943997948260727
23,3,7,yes,1,0.00694131979774415,0.00694131979774415
24,3,7,no,1,-0.00694131979774415,0.00694131979774415
25,3,7,yes,14,0.09574134003023094,0.09574134003023094
26,3,7,no,20,-0.13735185133189554,0.13735185133189554
27,3,7,no,2,-0.013792014619873005,0.013792014619873005
28,3,7,yes,17,0.1174598605414674,0.1174598605414674
29,3,7,yes,20,0.12805795139721687,0.12805795139721687
30,3,7,yes,2,0.01160154106402822,0.01160154106402822
31,3,7,no,3,-0.017499212666921005,0.017499212666921005
32,3,7,no,1,-0.005960635697198957,0.005960635697198957
33,3,7,no,13,-0.08251563868682399,0.08251563868682399
34,3,7,no,1,-0.0066701446519749075,0.0066701446519749075
35,3,7,no,2,-0.013444986864202035,0.013444986864202035
36,3,7,no,8,-0.05482097140780151,0.05482097140780151
37,3,7,yes,20,0.13300713371130402,0.13300713371130402
38,3,7,yes,4,0.024444607899498427,0.024444607899498427
39,3,7,yes,14,0.07734099499078184,0.07734099499078184
40,3,7,yes,2,0.009912411151086431,0.009912411151086431
41,3,7,no,1,-0.0049193757633081425,0.0049193757633081425
42,3,7,no,20,-0.11303275779199706,0.11303275779199706
43,3,7,no,6,-0.038592657708365286,0.038592657708365286
44,3,7,no,7,-0.046908258975322914,0.046908258975322914
45,3,7,yes,1,0.0067987210476098126,0.0067987210476098126
46,3,7,no,1,-0.0067987210476098126,0.0067987210476098126
47,3,7,no,13,-0.08982261794093344,0.08982261794093344
48,3,7,yes,1,0.006935967626738038,0.006935967626738038
49,3,7,no,3,-0.020781195607398995,0.020781195607398995
50,3,7,yes,1,0.006917278298890717,0.006917278298890717
51,3,7,yes,11,0.07620776302779014,0.07620776302779014
52,3,7,yes,9,0.060859013870283585,0.060859013870283585
53,3,7,no,7,-0.0471410409577625,0.0471410409577625
54,3,7,no,8,-0.05523250293753734,0.05523250293753734
55,3,7,yes,13,0.08907119537825603,0.08907119537825603
56,3,7,yes,5,0.03294947162345652,0.03294947162345652
57,3,7,yes,7,0.044131512772258796,0.044131512772258796
58,3,7,no,1,-0.00614129254867346,0.00614129254867346
59,3,7,no,15,-0.09795355260536809,0.09795355260536809
60,3,7,yes,3,0.020308043523236008,0.020308043523236008
61,3,7,yes,7,0.046114183166934164,0.046114183166934164
62,3,7,no,1,-0.0064588943083874195,0.0064588943083874195
63,3,7,no,2,-0.013055073406459838,0.013055073406459838
64,3,7,no,8,-0.053733090657715366,0.053733090657715366
65,3,7,no,3,-0.020606017668998167,0.020606017668998167
66,3,7,yes,1,0.006888044756477085,0.006888044756477085
67,3,7,yes,1,0.006869527289091959,0.006869527289091959
68,3,7,yes,10,0.06713127593948565,0.06713127593948565
69,3,7,yes,19,0.1140255137398204,0.1140255137398204
70,3,7,no,5,-0.027824019912239373,0.027824019912239373
71,3,7,no,1,-0.0057680800157665635,0.0057680800157665635
72,3,7,no,15,-0.09357520317010848,0.09357520317010848
73,3,7,no,1,-0.006632203865068909,0.006632203865068909
74,3,7,no,1,-0.0066701446519749075,0.0066701446519749075
75,3,7,yes,11,0.07093969184704185,0.07093969184704185
76,3,7,no,1,-0.0061985164077413835,0.0061985164077413835
77,3,7,no,9,-0.05807103078732556,0.05807103078732556
78,3,7,no,11,-0.07493610292397845,0.07493610292397845
79,3,7,yes,1,0.006917278298890772,0.006917278298890772
80,3,7,yes,10,0.06801882462508768,0.06801882462508768
81,3,7,no,12,-0.0818640526057487,0.0818640526057487
82,3,7,yes,1,0.00692794968177024,0.00692794968177024
83,3,7,no,2,-0.013863917308508333,0.013863917308508333
84,3,7,no,9,0.061914735869795456,0.061914735869795456
85,3,7,yes,8,0.05316461133417294,0.05316461133417294
86,3,7,no,13,-0.08739418173317337,0.08739418173317337
87,3,7,yes,1,0.006888044756477085,0.006888044756477085
88,3,7,yes,16,0.10604372127860173,0.10604372127860173
89,3,7,yes,1,0.006254119513938505,0.006254119513938505
90,3,7,no,20,-0.13300713371130402,0.13300713371130402
91,3,7,no,8,-0.055498470109026365,0.055498470109026365
92,3,7,yes,1,0.00692794968177024,0.00692794968177024
93,3,7,yes,4,0.027765283321003642,0.027765283321003642
94,3,7,yes,19,0.12847956131009997,0.12847956131009997
95,3,7,yes,1,0.006410485830370405,0.006410485830370405
96,3,7,no,13,-0.08650598982636215,0.08650598982636215
97,3,7,yes,6,0.04068713806414781,0.04068713806414781
98,3,7,yes,1,0.0066701446519749075,0.0066701446519749075
99,3,7,yes,1,0.006632203865068909,0.006632203865068909
100,3,7,no,20,-0.13706677689807373,0.13706677689807373
101,3,7,no,13,-0.08816035648900022,0.08816035648900022
102,3,7,yes,18,0.1228535894917741,0.1228535894917741
103,3,7,yes,1,0.00694131979774415,0.00694131979774415
104,3,7,yes,1,0.006935967626738093,0.006935967626738093
105,3,7,yes,18,0.12101275971598813,0.12101275971598813
106,3,7,yes,1,0.006360174775013605,0.006360174775013605
107,3,7,yes,1,0.006308029388134018,0.006308029388134018
108,3,7,no,9,-0.058487055925361964,0.058487055925361964
109,3,7,yes,1,0.0066701446519749075,0.0066701446519749075
110,3,7,yes,1,0.006632203865068909,0.006632203865068909
111,3,7,no,1,-0.006632203865068909,0.006632203865068909
112,3,7,yes,17,0.10597548705094395,0.10597548705094395
113,3,7,no,1,-0.0057680800157665635,0.0057680800157665635
114,3,7,no,2,-0.011731132651154441,0.011731132651154441
115,3,7,no,1,-0.005960635697198957,0.005960635697198957
116,3,7,no,1,-0.006022277489922678,0.006022277489922678
117,3,7,yes,16,0.08835630786848281,0.08835630786848281
118,3,7,no,2,-0.010059427781047514,0.010059427781047514
119,3,7,no,1,-0.0051393804018998734,0.0051393804018998734
120,3,7,no,4,-0.0212776202309235,0.0212776202309235
121,3,7,yes,2,0.010781711858831922,0.010781711858831922
122,3,7,no,2,-0.010781711858831922,0.010781711858831922
123,3,7,no,12,-0.07030220986418767,0.07030220986418767
124,3,7,yes,1,0.0061985164077413835,0.0061985164077413835
125,3,7,no,2,-0.012452635921679889,0.012452635921679889
126,3,7,yes,1,0.006254119513938505,0.006254119513938505
127,3,7,no,13,-0.08495631515001689,0.08495631515001689
128,3,7,yes,1,0.006770152846514388,0.006770152846514388
129,3,7,yes,10,0.06562401340142998,0.06562401340142998
130,3,7,yes,1,0.006308029388134018,0.006308029388134018
131,3,7,no,5,-0.03204291805002413,0.03204291805002413
132,3,7,no,1,-0.006549739658341158,0.006549739658341158
133,3,7,yes,20,0.12057525339816155,0.12057525339816155
134,3,7,yes,3,0.015851353919253408,0.015851353919253408
135,3,7,yes,6,0.02973506875455645,0.02973506875455645
136,3,7,no,1,-0.004771406440793768,0.004771406440793768
137,3,7,yes,4,0.018640361866079647,0.018640361866079647
138,3,7,no,2,-0.00917173387829795,0.00917173387829795
139,3,7,no,2,0.00917173387829795,0.00917173387829795
140,3,7,no,14,-0.07037801088184925,0.07037801088184925
141,3,7,no,1,-0.005565672514303843,0.005565672514303843
142,3,7,no,1,-0.005634110153561744,0.005634110153561744
143,3,7,no,1,0.005634110153561744,0.005634110153561744
144,3,7,yes,7,0.03747903961821064,0.03747903961821064
145,3,7,no,8,-0.043113149771772385,0.043113149771772385
146,3,7,no,2,-0.011469684477386832,0.011469684477386832
147,3,7,no,2,-0.011731132651154441,0.011731132651154441
148,3,7,no,2,-0.011982913187121635,0.011982913187121635
149,3,7,no,1,-0.006082521453160905,0.006082521453160905
150,3,7,no,1,-0.00614129254867346,0.00614129254867346
151,3,7,no,13,-0.08438467871124389,0.08438467871124389
152,3,7,yes,1,0.0067391696291118075,0.0067391696291118075
153,3,7,yes,1,0.006705817235090228,0.006705817235090228
154,3,7,yes,1,0.0066701446519749075,0.0066701446519749075
155,3,7,yes,20,0.12287687418042981,0.12287687418042981
156,3,7,yes,4,0.021562055111748024,0.021562055111748024
157,3,7,no,1,-0.005283976781832678,0.005283976781832678
158,3,7,no,6,-0.0331794654594012,0.0331794654594012
159,3,7,no,10,0.05388114662666188,0.05388114662666188
160,3,7,no,1,-0.005066392393269226,0.005066392393269226
161,3,7,no,1,-0.0051393804018998734,0.0051393804018998734
162,3,7,no,5,-0.026773986702006924,0.026773986702006924
163,3,7,yes,5,0.026773986702006924,0.026773986702006924
164,3,7,no,6,-0.03233965921631077,0.03233965921631077
165,3,7,yes,7,0.03747903961821064,0.03747903961821064
166,3,7,yes,8,0.03846464377794245,0.03846464377794245
167,3,7,no,7,-0.03339825138467323,0.03339825138467323
168,3,7,no,12,-0.0654826876906901,0.0654826876906901
169,3,7,yes,1,-0.0058976716028927845,0.0058976716028927845
170,3,7,no,1,-0.005960635697198957,0.005960635697198957
171,3,7,no,1,-0.006022277489922678,0.006022277489922678
172,3,7,no,8,-0.0502140342254197,0.0502140342254197
173,3,7,yes,1,0.0064588943083874195,0.0064588943083874195
174,3,7,yes,8,0.04977741740695496,0.04977741740695496
175,3,7,no,10,-0.06274164546346106,0.06274164546346106
176,3,7,yes,15,0.09190309828920129,0.09190309828920129
177,3,7,no,1,-0.005701604461620269,0.005701604461620269
178,3,7,yes,9,0.048814754233392654,0.048814754233392654
179,3,7,no,6,-0.0319133671039068,0.0319133671039068
180,3,7,no,20,-0.12287687418042981,0.12287687418042981
181,3,7,no,5,-0.03368400541030114,0.03368400541030114
182,3,7,yes,2,0.0135688738941242,0.0135688738941242
183,3,7,no,4,-0.027242151199945774,0.027242151199945774
184,3,7,yes,1,0.0068484456234291224,0.0068484456234291224
185,3,7,yes,1,0.0068248316823924515,0.0068248316823924515
186,3,7,yes,1,0.0067987210476098126,0.0067987210476098126
187,3,7,yes,1,0.006770152846514388,0.006770152846514388
188,3,7,yes,16,0.10263077020300093,0.10263077020300093
189,3,7,yes,1,0.005960635697198957,0.005960635697198957
190,3,7,yes,6,0.03440059979640686,0.03440059979640686
191,3,7,no,1,-0.005565672514303843,0.005565672514303843
192,3,7,no,12,-0.07180231978087293,0.07180231978087293
193,3,7,no,1,-0.006360174775013605,0.006360174775013605
194,3,7,no,1,-0.006410485830370405,0.006410485830370405
195,3,7,yes,1,0.006410485830370405,0.006410485830370405
196,3,7,yes,20,0.11564153417409717,0.11564153417409717
197,3,7,no,1,-0.0051393804018998734,0.0051393804018998734
198,3,7,yes,16,0.07337847996048619,0.07337847996048619
199,3,7,no,1,-0.00403373492910708,0.00403373492910708
200,3,7,no,5,-0.02126614254603998,0.02126614254603998
201,3,7,yes,15,0.05840906321187256,0.05840906321187256
202,3,7,no,1,-0.003401615024017257,0.003401615024017257
203,3,7,yes,2,0.006736093500941509,0.006736093500941509
639,3,8,yes,2,0.010351311992158774,0.010351311992158774
204,3,7,no,1,-0.003334478476924252,0.003334478476924252
205,3,7,no,1,-0.003401615024017257,0.003401615024017257
206,3,7,no,2,-0.007007398323409686,0.007007398323409686
207,3,7,no,1,-0.0036070974478101814,0.0036070974478101814
208,3,7,no,17,-0.07235337095571903,0.07235337095571903
209,3,7,no,1,-0.0049193757633081425,0.0049193757633081425
210,3,7,yes,2,0.009764854130815293,0.009764854130815293
211,3,7,no,11,-0.05730332153007345,0.05730332153007345
640,3,8,no,10,0.047339743723331495,0.047339743723331495
641,3,8,no,1,-0.004400521639892241,0.004400521639892241
642,3,8,no,13,-0.06392995640459254,0.06392995640459254
212,3,7,yes,2,0.011062038985387268,0.011062038985387268
213,3,7,yes,3,0.0160656886406646,0.0160656886406646
214,3,7,no,1,-0.005283976781832678,0.005283976781832678
215,3,7,no,2,-0.010781711858831922,0.010781711858831922
216,3,7,yes,1,0.0054262663116700915,0.0054262663116700915
217,3,7,yes,1,0.00535544554716183,0.00535544554716183
218,3,7,no,1,-0.00535544554716183,0.00535544554716183
219,3,7,no,2,-0.010922632782753516,0.010922632782753516
220,3,7,no,1,-0.005565672514303843,0.005565672514303843
221,3,7,yes,9,0.047538467399258155,0.047538467399258155
222,3,7,no,1,-0.0049930353877782885,0.0049930353877782885
643,3,8,yes,1,0.00535544554716183,0.00535544554716183
223,3,7,yes,1,0.0049930353877782885,0.0049930353877782885
644,3,8,yes,1,0.005283976781832678,0.005283976781832678
224,3,7,yes,1,0.0049193757633081425,0.0049193757633081425
225,3,7,no,4,0.018937089866771117,0.018937089866771117
645,3,8,no,1,-0.005283976781832678,0.005283976781832678
226,3,7,no,8,-0.03905527381302665,0.03905527381302665
646,3,8,no,1,0.005283976781832678,0.005283976781832678
227,3,7,yes,9,0.04360402417984233,0.04360402417984233
228,3,7,no,1,-0.004548750366815679,0.004548750366815679
229,3,7,no,1,-0.00462298351148227,0.00462298351148227
230,3,7,yes,17,0.06865376037165005,0.06865376037165005
231,3,7,yes,1,-0.0034694475658122448,0.0034694475658122448
647,3,8,yes,13,-0.07402808954843743,0.07402808954843743
232,3,7,yes,1,0.0034694475658122448,0.0034694475658122448
648,3,8,yes,1,0.006082521453160905,0.006082521453160905
233,3,7,no,6,-0.02185665708838147,0.02185665708838147
234,3,7,yes,13,0.04428400905831664,0.04428400905831664
235,3,7,yes,5,-0.015691258468993663,0.015691258468993663
236,3,7,yes,14,0.04006905711413644,0.04006905711413644
649,3,8,yes,6,0.03518373031566291,0.03518373031566291
237,3,7,no,20,-0.06109650503011588,0.06109650503011588
238,3,7,no,3,-0.011454813762930671,0.011454813762930671
239,3,7,yes,17,0.056831692839616976,0.056831692839616976
240,3,7,no,1,-0.0028249181734271156,0.0028249181734271156
241,3,7,yes,11,0.027917466770597588,0.027917466770597588
650,3,8,yes,1,-0.005701604461620269,0.005701604461620269
651,3,8,yes,14,0.07341044258604923,0.07341044258604923
652,3,8,no,4,-0.01952929595938735,0.01952929595938735
242,3,7,no,17,-0.04617391825863559,0.04617391825863559
243,3,7,yes,1,-0.003268061499241748,0.003268061499241748
244,3,7,yes,4,0.012681257389938527,0.012681257389938527
653,3,8,yes,1,-0.005066392393269226,0.005066392393269226
245,3,7,no,1,-0.003073338017522187,0.003073338017522187
654,3,8,no,3,-0.01563528877399145,0.01563528877399145
246,3,7,no,1,-0.003137471938287395,0.003137471938287395
247,3,7,yes,13,0.03602174463169727,0.03602174463169727
248,3,7,no,17,-0.04922828556676773,0.04922828556676773
249,3,7,yes,1,0.003401615024017257,0.003401615024017257
250,3,7,no,1,-0.003401615024017257,0.003401615024017257
655,3,8,no,1,0.005283976781832678,0.005283976781832678
251,3,7,no,1,-0.0034694475658122448,0.0034694475658122448
252,3,7,no,4,-0.014569110329842427,0.014569110329842427
253,3,7,no,1,-0.003818099192726798,0.003818099192726798
656,3,8,no,3,-0.0160656886406646,0.0160656886406646
254,3,7,yes,1,0.003818099192726798,0.003818099192726798
255,3,7,no,4,-0.01570274774616065,0.01570274774616065
256,3,7,no,1,-0.0041064676986638515,0.0041064676986638515
657,3,8,no,1,0.0054262663116700915,0.0054262663116700915
257,3,7,no,1,-0.004179558286804386,0.004179558286804386
658,3,8,no,1,-0.0054262663116700915,0.0054262663116700915
258,3,7,no,1,-0.004252962151704676,0.004252962151704676
259,3,7,no,4,-0.017750483081179547,0.017750483081179547
260,3,7,no,1,-0.00462298351148227,0.00462298351148227
261,3,7,yes,13,-0.06677194951785514,0.06677194951785514
659,3,8,yes,1,0.0054262663116700915,0.0054262663116700915
262,3,7,yes,7,0.03747903961821064,0.03747903961821064
660,3,8,no,1,-0.0054262663116700915,0.0054262663116700915
661,3,8,yes,1,0.0054262663116700915,0.0054262663116700915
263,3,7,yes,17,0.07609001318291309,0.07609001318291309
264,3,7,no,20,-0.09172530195690454,0.09172530195690454
265,3,7,no,5,-0.027477860997780934,0.027477860997780934
266,3,7,yes,1,0.005634110153561744,0.005634110153561744
267,3,7,yes,1,0.005565672514303843,0.005565672514303843
268,3,7,yes,5,0.026773986702006924,0.026773986702006924
662,3,8,yes,1,0.00535544554716183,0.00535544554716183
269,3,7,yes,1,0.0051393804018998734,0.0051393804018998734
270,3,7,no,12,-0.06631396690031366,0.06631396690031366
271,3,7,yes,2,0.011731132651154441,0.011731132651154441
272,3,7,yes,11,0.05964922664242844,0.05964922664242844
273,3,7,no,2,-0.010205772795169099,0.010205772795169099
274,3,7,yes,8,0.03905527381302665,0.03905527381302665
275,3,7,no,3,-0.014091611499263967,0.014091611499263967
276,3,7,yes,1,0.004771406440793768,0.004771406440793768
277,3,7,no,2,-0.009616884808300918,0.009616884808300918
278,3,7,yes,4,-0.02011818394625553,0.02011818394625553
279,3,7,yes,13,0.06105871904591087,0.06105871904591087
280,3,7,no,7,-0.03132365029135442,0.03132365029135442
281,3,7,yes,2,0.009320205058470199,0.009320205058470199
282,3,7,no,5,-0.02385646563007926,0.02385646563007926
283,3,7,yes,1,0.0049193757633081425,0.0049193757633081425
284,3,7,no,2,-0.009912411151086431,0.009912411151086431
285,3,7,yes,14,0.06317270716531709,0.06317270716531709
286,3,7,yes,1,-0.00403373492910708,0.00403373492910708
287,3,7,no,10,-0.04438108271761643,0.04438108271761643
288,3,7,yes,8,0.03609505673214819,0.03609505673214819
289,3,7,no,1,-0.004252962151704676,0.004252962151704676
290,3,7,no,5,-0.022373466592661817,0.022373466592661817
291,3,7,yes,6,0.026626428744366493,0.026626428744366493
292,3,7,no,5,-0.022003445232884222,0.022003445232884222
663,3,8,no,2,-0.010781711858831922,0.010781711858831922
664,3,8,no,2,0.010781711858831922,0.010781711858831922
293,3,7,yes,7,0.03028947121835246,0.03028947121835246
665,3,8,yes,1,0.005283976781832678,0.005283976781832678
666,3,8,no,1,0.0052119315902589,0.0052119315902589
294,3,7,no,3,-0.012538988137172913,0.012538988137172913
295,3,7,yes,13,0.04968190880300549,0.04968190880300549
296,3,7,no,20,-0.081524003383449,0.081524003383449
297,3,7,no,3,-0.014757889518593581,0.014757889518593581
298,3,7,no,2,-0.010205772795169099,0.010205772795169099
299,3,7,no,2,-0.010495908372091578,0.010495908372091578
300,3,7,yes,1,0.005283976781832678,0.005283976781832678
667,3,8,yes,1,-0.0052119315902589,0.0052119315902589
668,3,8,no,1,-0.005283976781832678,0.005283976781832678
301,3,7,yes,1,0.0052119315902589,0.0052119315902589
302,3,7,no,2,-0.010495908372091578,0.010495908372091578
669,3,8,yes,2,-0.010781711858831922,0.010781711858831922
303,3,7,yes,1,0.005283976781832678,0.005283976781832678
304,3,7,yes,5,0.02533011553651443,0.02533011553651443
305,3,7,yes,1,0.00484547836750715,0.00484547836750715
670,3,8,no,2,-0.011062038985387268,0.011062038985387268
1393,3,9,yes,1,0.006632203865068909,0.006632203865068909
671,3,8,no,2,-0.011335714615182013,0.011335714615182013
1394,3,9,yes,14,-0.0954322240975557,0.0954322240975557
1395,3,9,yes,5,0.03457321022727211,0.03457321022727211
1396,3,9,yes,1,0.006869527289091959,0.006869527289091959
672,3,8,no,1,-0.0057680800157665635,0.0057680800157665635
673,3,8,no,2,-0.011731132651154441,0.011731132651154441
674,3,8,yes,1,0.0058976716028927845,0.0058976716028927845
675,3,8,no,1,0.005833461048261657,0.005833461048261657
1397,3,9,no,2,-0.013757572045569044,0.013757572045569044
1398,3,9,no,3,-0.020749197844056932,0.020749197844056932
1399,3,9,yes,12,-0.0829977862585411,0.0829977862585411
1400,3,9,yes,1,0.0068484456234291224,0.0068484456234291224
1401,3,9,no,7,-0.04735728271612272,0.04735728271612272
676,3,8,yes,11,0.05964922664242844,0.05964922664242844
306,3,7,no,2,-0.009764854130815293,0.009764854130815293
1402,3,9,no,1,0.0066701446519749075,0.0066701446519749075
307,3,7,yes,1,0.0049193757633081425,0.0049193757633081425
1403,3,9,no,5,-0.032949471623456406,0.032949471623456406
1404,3,9,yes,7,0.04639445848765855,0.04639445848765855
677,3,8,yes,3,-0.015417704385428,0.015417704385428
1405,3,9,no,1,0.006770152846514277,0.006770152846514277
1406,3,9,yes,1,0.006798721047609868,0.006798721047609868
308,3,7,no,7,0.03236094017897584,0.03236094017897584
1407,3,9,yes,1,0.006824831682392396,0.006824831682392396
1408,3,9,yes,8,-0.053733090657715255,0.053733090657715255
1409,3,9,yes,1,0.006592049699952696,0.006592049699952696
1410,3,9,yes,2,0.013302348517043872,0.013302348517043872
678,3,8,no,1,0.0052119315902589,0.0052119315902589
1411,3,9,yes,1,0.006705817235090283,0.006705817235090283
309,3,7,no,1,-0.004400521639892241,0.004400521639892241
1412,3,9,yes,1,0.006739169629111863,0.006739169629111863
1413,3,9,yes,1,0.006770152846514277,0.006770152846514277
1414,3,9,yes,2,0.013623552730002264,0.013623552730002264
679,3,8,yes,1,-0.0052119315902589,0.0052119315902589
1415,3,9,yes,1,0.0068484456234291224,0.0068484456234291224
1416,3,9,yes,1,0.0068695272890921255,0.0068695272890921255
1417,3,9,yes,2,0.013792014619873005,0.013792014619873005
1418,3,9,yes,1,0.006917278298890717,0.006917278298890717
680,3,8,no,20,-0.11815960232069622,0.11815960232069622
310,3,7,yes,1,0.004400521639892241,0.004400521639892241
681,3,8,no,1,0.0064588943083874195,0.0064588943083874195
1419,3,9,no,14,0.09675056762270368,0.09675056762270368
311,3,7,no,1,-0.004400521639892241,0.004400521639892241
682,3,8,yes,4,0.025332809507456533,0.025332809507456533
683,3,8,no,2,-0.012562148902072523,0.012562148902072523
1420,3,9,no,1,-0.0068248316823924515,0.0068248316823924515
684,3,8,yes,4,0.024901957858487367,0.024901957858487367
685,3,8,no,11,0.06338866721944292,0.06338866721944292
686,3,8,no,3,-0.01648830529705736,0.01648830529705736
687,3,8,yes,2,-0.011335714615182013,0.011335714615182013
312,3,7,no,13,-0.06392995640459254,0.06392995640459254
688,3,8,yes,1,0.005701604461620269,0.005701604461620269
1421,3,9,yes,2,-0.013717972912521081,0.013717972912521081
689,3,8,no,1,-0.005701604461620269,0.005701604461620269
1422,3,9,no,1,-0.006888044756477085,0.006888044756477085
1423,3,9,no,1,-0.00690396986339592,0.00690396986339592
313,3,7,yes,1,0.00535544554716183,0.00535544554716183
1424,3,9,yes,13,0.08779281784845061,0.08779281784845061
1425,3,9,no,1,-0.006549739658341158,0.006549739658341158
1426,3,9,no,1,-0.006592049699952862,0.006592049699952862
690,3,8,no,16,-0.09934328318587504,0.09934328318587504
1427,3,9,no,14,0.08774174212184682,0.08774174212184682
691,3,8,yes,2,0.01314178935829402,0.01314178935829402
1428,3,9,no,1,-0.0058976716028927845,0.0058976716028927845
692,3,8,yes,4,0.02573488866189011,0.02573488866189011
1429,3,9,no,15,-0.09514641903599785,0.09514641903599785
1430,3,9,no,1,-0.006705817235090228,0.006705817235090228
693,3,8,no,10,0.06046660516569091,0.06046660516569091
1431,3,9,no,8,-0.054642862738022546,0.054642862738022546
314,3,7,yes,1,0.005283976781832678,0.005283976781832678
315,3,7,no,4,-0.021562055111748024,0.021562055111748024
694,3,8,no,1,-0.0057680800157665635,0.0057680800157665635
1432,3,9,yes,1,-0.006917278298890772,0.006917278298890772
316,3,7,yes,17,0.08357974359621312,0.08357974359621312
1433,3,9,yes,1,0.006917278298890772,0.006917278298890772
1434,3,9,no,1,-0.006917278298890772,0.006917278298890772
695,3,8,yes,1,0.0057680800157665635,0.0057680800157665635
1435,3,9,yes,11,-0.07620776302779009,0.07620776302779009
696,3,8,no,1,0.005701604461620269,0.005701604461620269
1436,3,9,yes,1,0.00688804475647703,0.00688804475647703
1437,3,9,yes,4,0.02768516547079497,0.02768516547079497
1438,3,9,yes,9,0.062343845719281865,0.062343845719281865
317,3,7,no,4,-0.017750483081179547,0.017750483081179547
1439,3,9,yes,1,0.006869527289091959,0.006869527289091959
697,3,8,no,1,-0.005701604461620269,0.005701604461620269
318,3,7,yes,1,0.004548750366815679,0.004548750366815679
319,3,7,no,1,-0.004548750366815679,0.004548750366815679
1440,3,9,yes,2,-0.013757572045569044,0.013757572045569044
698,3,8,yes,1,0.005701604461620269,0.005701604461620269
1441,3,9,no,11,-0.07623699657020377,0.07623699657020377
699,3,8,no,20,0.09903248841578338,0.09903248841578338
700,3,8,no,1,0.004179558286804386,0.004179558286804386
701,3,8,no,7,-0.03080598703117088,0.03080598703117088
1442,3,9,yes,10,0.06933302670680785,0.06933302670680785
702,3,8,no,13,-0.06677194951785514,0.06677194951785514
703,3,8,yes,14,-0.08457298038625694,0.08457298038625694
320,3,7,no,7,-0.033915893411126774,0.033915893411126774
1443,3,9,yes,8,-0.0554877987261469,0.0554877987261469
321,3,7,no,1,-0.0051393804018998734,0.0051393804018998734
322,3,7,yes,1,-0.0052119315902589,0.0052119315902589
704,3,8,no,9,0.05573805310415392,0.05573805310415392
705,3,8,yes,2,0.011731132651154441,0.011731132651154441
706,3,8,yes,11,0.05964922664242844,0.05964922664242844
1444,3,9,yes,7,0.048570520427256125,0.048570520427256125
323,3,7,no,11,-0.06192329060535384,0.06192329060535384
324,3,7,yes,1,0.005960635697198957,0.005960635697198957
707,3,8,no,11,-0.05964922664242844,0.05964922664242844
325,3,7,yes,8,0.04532323257916038,0.04532323257916038
1445,3,9,no,1,0.006917278298890772,0.006917278298890772
326,3,7,no,8,-0.04532323257916038,0.04532323257916038
327,3,7,yes,10,0.055962654908154885,0.055962654908154885
328,3,7,yes,8,0.03964422189180328,0.03964422189180328
708,3,8,yes,1,0.0057680800157665635,0.0057680800157665635
1446,3,9,yes,1,0.00690396986339592,0.00690396986339592
1447,3,9,yes,12,-0.08314096643359975,0.08314096643359975
1448,3,9,yes,1,0.006903969863395976,0.006903969863395976
329,3,7,no,8,-0.03964422189180328,0.03964422189180328
709,3,8,yes,1,-0.0057680800157665635,0.0057680800157665635
1449,3,9,yes,1,0.006917278298890717,0.006917278298890717
1450,3,9,no,1,0.00692794968177024,0.00692794968177024
1451,3,9,no,1,0.006935967626738038,0.006935967626738038
330,3,7,no,10,-0.055962654908154885,0.055962654908154885
331,3,7,yes,2,0.011731132651154441,0.011731132651154441
1452,3,9,no,1,0.006941319797744205,0.006941319797744205
710,3,8,no,20,-0.12709269139786872,0.12709269139786872
711,3,8,no,5,-0.03422957039900043,0.03422957039900043
1453,3,9,no,3,-0.020805237106252483,0.020805237106252483
1454,3,9,yes,12,0.0830772903168821,0.0830772903168821
332,3,7,yes,8,0.044231522257000444,0.044231522257000444
712,3,8,yes,15,0.1002635618719312,0.1002635618719312
1455,3,9,no,7,-0.04838405731410822,0.04838405731410822
1456,3,9,yes,6,0.04151453002501626,0.04151453002501626
713,3,8,yes,1,0.006360174775013605,0.006360174775013605
1457,3,9,yes,1,0.006869527289091959,0.006869527289091959
1458,3,9,no,3,-0.020661541908964964,0.020661541908964964
714,3,8,yes,18,-0.12044498480923149,0.12044498480923149
1459,3,9,yes,2,0.013792014619873005,0.013792014619873005
1460,3,9,no,1,-0.006888044756477085,0.006888044756477085
715,3,8,yes,1,0.006917278298890772,0.006917278298890772
716,3,8,yes,17,-0.11723671981571865,0.11723671981571865
717,3,8,no,20,0.1378982617246836,0.1378982617246836
718,3,8,no,1,0.0068484456234291224,0.0068484456234291224
333,3,7,no,1,-0.005283976781832678,0.005283976781832678
719,3,8,yes,1,0.0068248316823924515,0.0068248316823924515
334,3,7,yes,1,0.005283976781832678,0.005283976781832678
720,3,8,no,2,0.0135688738941242,0.0135688738941242
335,3,7,yes,1,0.0052119315902589,0.0052119315902589
721,3,8,yes,7,-0.04790369310891074,0.04790369310891074
1461,3,9,yes,5,-0.034626485268539176,0.034626485268539176
1462,3,9,yes,1,0.00694131979774415,0.00694131979774415
722,3,8,yes,9,0.061348679973112774,0.061348679973112774
723,3,8,yes,2,-0.013444986864202035,0.013444986864202035
724,3,8,yes,20,-0.13789826172468372,0.13789826172468372
725,3,8,yes,8,-0.05398948658119168,0.05398948658119168
1463,3,9,yes,7,0.04829118313979319,0.04829118313979319
726,3,8,yes,1,0.006632203865068964,0.006632203865068964
727,3,8,yes,1,0.0066701446519749075,0.0066701446519749075
728,3,8,yes,7,0.047556665353239935,0.047556665353239935
729,3,8,no,2,0.013792014619873005,0.013792014619873005
730,3,8,yes,1,0.006917278298890717,0.006917278298890717
1464,3,9,no,5,-0.03442726583128486,0.03442726583128486
731,3,8,no,1,-0.006917278298890717,0.006917278298890717
732,3,8,no,1,-0.006903969863395976,0.006903969863395976
336,3,7,yes,2,0.010205772795169099,0.010205772795169099
1465,3,9,no,1,0.006917278298890772,0.006917278298890772
733,3,8,yes,17,0.11737053683260018,0.11737053683260018
734,3,8,yes,1,0.006770152846514388,0.006770152846514388
735,3,8,yes,7,0.04639445848765855,0.04639445848765855
736,3,8,yes,6,0.037990220223585336,0.037990220223585336
737,3,8,no,3,-0.018760665309813906,0.018760665309813906
738,3,8,yes,1,0.006308029388134018,0.006308029388134018
739,3,8,no,2,-0.012668204163147623,0.012668204163147623
740,3,8,no,2,-0.012869380138757824,0.012869380138757824
741,3,8,yes,2,-0.013055073406459838,0.013055073406459838
337,3,7,no,2,-0.010205772795169099,0.010205772795169099
742,3,8,no,2,-0.01322425356502177,0.01322425356502177
743,3,8,no,1,0.006632203865068909,0.006632203865068909
338,3,7,no,4,-0.0212776202309235,0.0212776202309235
744,3,8,no,2,-0.013302348517043816,0.013302348517043816
745,3,8,no,2,-0.013444986864202035,0.013444986864202035
339,3,7,no,4,0.0212776202309235,0.0212776202309235
746,3,8,yes,2,0.013444986864202035,0.013444986864202035
1466,3,9,no,9,0.061348679973112774,0.061348679973112774
1467,3,9,no,1,-0.006705817235090228,0.006705817235090228
747,3,8,yes,18,-0.12376442838102991,0.12376442838102991
1468,3,9,no,1,-0.0067391696291118075,0.0067391696291118075
748,3,8,yes,1,0.00692794968177024,0.00692794968177024
340,3,7,no,2,-0.010495908372091578,0.010495908372091578
341,3,7,yes,1,0.005283976781832678,0.005283976781832678
749,3,8,yes,2,0.013877287424482243,0.013877287424482243
1469,3,9,yes,11,-0.075626208514054,0.075626208514054
750,3,8,yes,1,0.006943997948260672,0.006943997948260672
751,3,8,yes,2,0.013885317746004877,0.013885317746004877
752,3,8,yes,1,0.006935967626738093,0.006935967626738093
753,3,8,no,8,0.05497876824305736,0.05497876824305736
754,3,8,yes,12,0.07870219563607839,0.07870219563607839
1470,3,9,yes,1,-0.006943997948260727,0.006943997948260727
1471,3,9,yes,5,-0.03466651335340387,0.03466651335340387
755,3,8,no,20,-0.13368096387913575,0.13368096387913575
756,3,8,no,10,-0.06927981334601985,0.06927981334601985
757,3,8,yes,15,0.10378658323564582,0.10378658323564582
342,3,7,no,4,-0.021562055111748024,0.021562055111748024
758,3,8,no,3,-0.020661541908964964,0.020661541908964964
759,3,8,yes,1,0.00690396986339592,0.00690396986339592
760,3,8,no,1,-0.00690396986339592,0.00690396986339592
2129,3,10,no,1,0.006935967626738093,0.006935967626738093
343,3,7,yes,10,0.051737649015769605,0.051737649015769605
344,3,7,yes,3,-0.014757889518593581,0.014757889518593581
761,3,8,yes,1,0.00690396986339592,0.00690396986339592
762,3,8,no,10,0.06774705862676067,0.06774705862676067
1472,3,9,yes,1,0.006917278298890717,0.006917278298890717
1473,3,9,yes,10,-0.06826595827200366,0.06826595827200366
1474,3,9,no,12,0.08212987558051194,0.08212987558051194
1475,3,9,no,1,-0.006935967626738038,0.006935967626738038
1476,3,9,no,2,0.013877287424482243,0.013877287424482243
763,3,8,no,6,-0.04031620927537005,0.04031620927537005
764,3,8,no,12,0.07919288729555418,0.07919288729555418
765,3,8,no,19,-0.12737293449100173,0.12737293449100173
766,3,8,no,1,-0.006935967626738093,0.006935967626738093
2130,3,10,no,1,0.00692794968177024,0.00692794968177024
1477,3,9,no,3,-0.020805237106252483,0.020805237106252483
767,3,8,yes,1,0.006935967626738093,0.006935967626738093
2131,3,10,no,1,-0.00692794968177024,0.00692794968177024
768,3,8,yes,11,-0.07614934063511197,0.07614934063511197
769,3,8,no,1,-0.0068484456234291224,0.0068484456234291224
770,3,8,yes,1,0.0068484456234291224,0.0068484456234291224
345,3,7,no,1,-0.005066392393269226,0.005066392393269226
1478,3,9,yes,1,0.00692794968177024,0.00692794968177024
771,3,8,no,19,0.13112810887816934,0.13112810887816934
772,3,8,no,2,-0.013623552730002264,0.013623552730002264
1479,3,9,yes,5,0.03470660311874779,0.03470660311874779
346,3,7,no,2,-0.010351311992158774,0.010351311992158774
773,3,8,yes,2,-0.013717972912521081,0.013717972912521081
1480,3,9,yes,2,0.013863917308508333,0.013863917308508333
774,3,8,no,13,0.0869650312850837,0.0869650312850837
1481,3,9,no,1,0.006917278298890772,0.006917278298890772
1482,3,9,yes,1,0.00690396986339592,0.00690396986339592
775,3,8,no,5,-0.03273822127986903,0.03273822127986903
776,3,8,no,2,-0.013375961887065135,0.013375961887065135
777,3,8,no,1,-0.0067391696291118075,0.0067391696291118075
778,3,8,yes,7,0.04639445848765855,0.04639445848765855
779,3,8,no,1,-0.00650533374811868,0.00650533374811868
780,3,8,no,10,-0.06713127593948565,0.06713127593948565
781,3,8,no,2,-0.013757572045569044,0.013757572045569044
782,3,8,yes,1,0.006888044756477085,0.006888044756477085
1483,3,9,no,1,0.006888044756477085,0.006888044756477085
1484,3,9,no,1,-0.006888044756477085,0.006888044756477085
783,3,8,yes,13,0.0869650312850837,0.0869650312850837
347,3,7,no,2,-0.010639422328994508,0.010639422328994508
784,3,8,no,3,-0.019513967714847258,0.019513967714847258
348,3,7,yes,2,0.010639422328994508,0.010639422328994508
785,3,8,yes,1,-0.006592049699952862,0.006592049699952862
1485,3,9,no,9,0.06111485476169176,0.06111485476169176
1486,3,9,no,4,-0.02688528436269133,0.02688528436269133
1487,3,9,yes,1,-0.0067987210476098126,0.0067987210476098126
786,3,8,yes,15,0.09357520317010848,0.09357520317010848
787,3,8,no,4,-0.023714045838276077,0.023714045838276077
349,3,7,yes,3,0.015417704385428,0.015417704385428
1488,3,9,no,1,-0.0068248316823924515,0.0068248316823924515
788,3,8,no,1,-0.006082521453160905,0.006082521453160905
789,3,8,no,3,-0.01859392847035335,0.01859392847035335
790,3,8,no,6,-0.038592657708365286,0.038592657708365286
791,3,8,no,4,-0.026600215452086906,0.026600215452086906
792,3,8,yes,4,0.026600215452086906,0.026600215452086906
2132,3,10,yes,1,0.00692794968177024,0.00692794968177024
2133,3,10,yes,1,0.006917278298890772,0.006917278298890772
1489,3,9,no,1,-0.0068484456234291224,0.0068484456234291224
1490,3,9,yes,1,0.0068484456234291224,0.0068484456234291224
1491,3,9,yes,1,-0.0068484456234291224,0.0068484456234291224
2134,3,10,no,12,0.08124307819010945,0.08124307819010945
2135,3,10,no,1,-0.006592049699952862,0.006592049699952862
350,3,7,no,17,-0.09558708648253889,0.09558708648253889
2136,3,10,yes,1,-0.006632203865068909,0.006632203865068909
793,3,8,no,10,0.06326910763187954,0.06326910763187954
794,3,8,no,1,-0.006082521453160905,0.006082521453160905
351,3,7,yes,11,0.06410369345644629,0.06410369345644629
795,3,8,no,1,-0.00614129254867346,0.00614129254867346
352,3,7,yes,1,0.0054262663116700915,0.0054262663116700915
1492,3,9,yes,4,-0.027578820207855737,0.027578820207855737
2137,3,10,no,1,-0.0066701446519749075,0.0066701446519749075
2138,3,10,yes,4,-0.027013860758326236,0.027013860758326236
796,3,8,yes,8,-0.051045293630045174,0.051045293630045174
797,3,8,yes,3,-0.019894398216996678,0.019894398216996678
2139,3,10,no,7,0.046908258975322914,0.046908258975322914
2140,3,10,no,13,-0.08816035648900022,0.08816035648900022
798,3,8,no,9,0.058487055925361964,0.058487055925361964
2141,3,10,yes,8,0.05482097140780151,0.05482097140780151
1493,3,9,no,10,-0.06931971827131306,0.06931971827131306
1494,3,9,yes,13,0.09002901119007684,0.09002901119007684
1495,3,9,yes,1,-0.006888044756477085,0.006888044756477085
2142,3,10,no,1,-0.006770152846514388,0.006770152846514388
1496,3,9,no,1,-0.00690396986339592,0.00690396986339592
2143,3,10,yes,4,0.02688528436269133,0.02688528436269133
2144,3,10,no,6,-0.040508837092693595,0.040508837092693595
799,3,8,no,1,-0.006308029388134018,0.006308029388134018
2145,3,10,no,1,-0.0068484456234291224,0.0068484456234291224
2146,3,10,no,1,0.0068484456234291224,0.0068484456234291224
2147,3,10,no,1,-0.0068484456234291224,0.0068484456234291224
2148,3,10,no,1,-0.006869527289091959,0.006869527289091959
1497,3,9,no,1,-0.006917278298890772,0.006917278298890772
1498,3,9,yes,11,-0.07620776302779009,0.07620776302779009
800,3,8,no,5,-0.03228462832023127,0.03228462832023127
1499,3,9,yes,1,0.00688804475647703,0.00688804475647703
353,3,7,no,1,0.00535544554716183,0.00535544554716183
801,3,8,no,10,-0.06745106357023645,0.06745106357023645
2149,3,10,no,1,0.006869527289091959,0.006869527289091959
802,3,8,no,15,0.09973569189046771,0.09973569189046771
803,3,8,no,1,-0.006360174775013605,0.006360174775013605
1500,3,9,no,11,0.07623699657020383,0.07623699657020383
2150,3,10,yes,5,0.03398132082905758,0.03398132082905758
804,3,8,no,1,-0.006410485830370405,0.006410485830370405
2151,3,10,yes,1,0.006705817235090228,0.006705817235090228
1501,3,9,yes,1,0.00690396986339592,0.00690396986339592
2152,3,10,no,7,-0.04755666535323977,0.04755666535323977
2153,3,10,no,11,-0.07620776302779014,0.07620776302779014
354,3,7,no,1,-0.00535544554716183,0.00535544554716183
2154,3,10,yes,12,0.0830772903168821,0.0830772903168821
1502,3,9,no,2,-0.013821248162286692,0.013821248162286692
2155,3,10,no,8,-0.05532805526236895,0.05532805526236895
1503,3,9,yes,6,0.04125209751367731,0.04125209751367731
2156,3,10,no,1,0.006943997948260727,0.006943997948260727
805,3,8,yes,2,0.01277066060538401,0.01277066060538401
355,3,7,no,6,0.031050162102200796,0.031050162102200796
806,3,8,no,5,-0.03228462832023127,0.03228462832023127
1504,3,9,no,6,-0.04125209751367731,0.04125209751367731
1505,3,9,yes,7,0.04805081856128712,0.04805081856128712
807,3,8,no,2,-0.01322425356502177,0.01322425356502177
1506,3,9,no,1,-0.0067987210476098126,0.0067987210476098126
1507,3,9,yes,8,-0.055116014822185644,0.055116014822185644
808,3,8,no,1,-0.0066701446519749075,0.0066701446519749075
809,3,8,yes,4,0.026444137875337836,0.026444137875337836
810,3,8,yes,2,0.0129642280565061,0.0129642280565061
811,3,8,no,1,-0.0064588943083874195,0.0064588943083874195
2157,3,10,yes,1,0.00694131979774415,0.00694131979774415
2158,3,10,no,1,0.006935967626738093,0.006935967626738093
2159,3,10,yes,1,0.00692794968177024,0.00692794968177024
2160,3,10,no,6,0.04125209751367731,0.04125209751367731
812,3,8,no,10,-0.0667881640641752,0.0667881640641752
1508,3,9,no,1,-0.00694131979774415,0.00694131979774415
813,3,8,yes,1,-0.0068484456234291224,0.0068484456234291224
814,3,8,no,6,-0.04144273751636407,0.04144273751636407
1509,3,9,yes,1,-0.006943997948260727,0.006943997948260727
815,3,8,yes,1,0.006935967626738093,0.006935967626738093
356,3,7,yes,2,0.009764854130815293,0.009764854130815293
2161,3,10,no,1,-0.0068248316823924515,0.0068248316823924515
816,3,8,yes,3,0.020749197844056932,0.020749197844056932
2162,3,10,no,6,-0.0413552155130551,0.0413552155130551
1510,3,9,yes,3,0.02082128537274297,0.02082128537274297
817,3,8,no,2,0.013757572045569044,0.013757572045569044
818,3,8,no,2,0.013673277305821574,0.013673277305821574
2163,3,10,yes,1,0.00692794968177024,0.00692794968177024
819,3,8,no,1,0.0067987210476098126,0.0067987210476098126
820,3,8,yes,3,0.020215139710716423,0.020215139710716423
1511,3,9,no,17,0.11460227388561772,0.11460227388561772
1512,3,9,no,11,-0.07324705837256262,0.07324705837256262
2164,3,10,no,14,0.09471009614734138,0.09471009614734138
357,3,7,no,1,0.004771406440793768,0.004771406440793768
2165,3,10,no,6,-0.03988912473953987,0.03988912473953987
821,3,8,yes,2,-0.013444986864202035,0.013444986864202035
822,3,8,yes,2,0.013444986864202035,0.013444986864202035
358,3,7,no,1,0.004697221546987929,0.004697221546987929
2166,3,10,no,1,-0.006770152846514388,0.006770152846514388
359,3,7,no,3,0.013646312183794751,0.013646312183794751
2167,3,10,no,1,0.006770152846514388,0.006770152846514388
1513,3,9,no,9,-0.06217650088579807,0.06217650088579807
360,3,7,no,1,-0.004474578305496801,0.004474578305496801
823,3,8,yes,2,-0.013444986864202035,0.013444986864202035
824,3,8,yes,1,0.0067391696291118075,0.0067391696291118075
2168,3,10,yes,1,0.0067391696291118075,0.0067391696291118075
361,3,7,yes,1,0.004474578305496801,0.004474578305496801
2169,3,10,yes,10,-0.06848809071868356,0.06848809071868356
1514,3,9,yes,1,-0.006943997948260672,0.006943997948260672
362,3,7,no,9,-0.042939222083439255,0.042939222083439255
1515,3,9,yes,2,0.013887995896521399,0.013887995896521399
2170,3,10,yes,7,0.04818004719544755,0.04818004719544755
825,3,8,no,8,-0.054642862738022546,0.054642862738022546
2171,3,10,no,1,0.0067987210476098126,0.0067987210476098126
826,3,8,yes,1,0.00690396986339592,0.00690396986339592
2172,3,10,no,4,-0.027341525642523345,0.027341525642523345
363,3,7,yes,2,-0.010351311992158774,0.010351311992158774
2173,3,10,no,12,0.08050613697669629,0.08050613697669629
2174,3,10,yes,7,0.044131512772258796,0.044131512772258796
827,3,8,no,1,-0.00690396986339592,0.00690396986339592
1516,3,9,yes,3,0.020805237106252483,0.020805237106252483
364,3,7,no,9,-0.0500649833052621,0.0500649833052621
828,3,8,no,10,0.06801882462508768,0.06801882462508768
365,3,7,yes,2,0.01160154106402822,0.01160154106402822
366,3,7,no,1,0.005701604461620269,0.005701604461620269
367,3,7,yes,1,0.005634110153561744,0.005634110153561744
829,3,8,yes,2,-0.013375961887065135,0.013375961887065135
1517,3,9,no,1,0.006917278298890772,0.006917278298890772
830,3,8,yes,1,0.006705817235090228,0.006705817235090228
2175,3,10,no,1,-0.00614129254867346,0.00614129254867346
1518,3,9,no,1,-0.006917278298890772,0.006917278298890772
1519,3,9,yes,1,0.006917278298890772,0.006917278298890772
831,3,8,no,2,-0.013444986864202035,0.013444986864202035
2716,3,11,no,1,-0.003073338017522187,0.003073338017522187
368,3,7,yes,2,0.011062038985387268,0.011062038985387268
832,3,8,yes,6,0.03988912473953987,0.03988912473953987
2176,3,10,no,13,-0.08438467871124389,0.08438467871124389
1520,3,9,yes,6,0.04113354026239635,0.04113354026239635
1521,3,9,no,3,-0.020471998353431387,0.020471998353431387
1522,3,9,yes,2,-0.013757572045569044,0.013757572045569044
833,3,8,no,3,0.019374713886876505,0.019374713886876505
369,3,7,no,1,0.0054262663116700915,0.0054262663116700915
1523,3,9,yes,1,0.006888044756477085,0.006888044756477085
834,3,8,no,18,-0.12101275971598813,0.12101275971598813
2177,3,10,yes,1,0.0067391696291118075,0.0067391696291118075
835,3,8,no,9,-0.06239176858954282,0.06239176858954282
370,3,7,no,1,0.00535544554716183,0.00535544554716183
1524,3,9,yes,1,0.006869527289091959,0.006869527289091959
2717,3,11,yes,1,-0.003137471938287395,0.003137471938287395
371,3,7,yes,1,0.005283976781832678,0.005283976781832678
836,3,8,yes,11,0.07623699657020383,0.07623699657020383
2178,3,10,no,14,-0.0962533740396872,0.0962533740396872
837,3,8,yes,1,-0.006917278298890772,0.006917278298890772
838,3,8,no,1,0.006917278298890772,0.006917278298890772
839,3,8,yes,9,0.061348679973112774,0.061348679973112774
2179,3,10,yes,1,0.006943997948260672,0.006943997948260672
840,3,8,no,1,0.0066701446519749075,0.0066701446519749075
2180,3,10,yes,1,-0.006943997948260672,0.006943997948260672
1525,3,9,yes,1,-0.006869527289091959,0.006869527289091959
372,3,7,no,1,0.0052119315902589,0.0052119315902589
2181,3,10,no,1,0.006943997948260672,0.006943997948260672
2182,3,10,yes,1,0.006943997948260727,0.006943997948260727
1526,3,9,no,2,-0.013792014619873005,0.013792014619873005
373,3,7,yes,2,0.010205772795169099,0.010205772795169099
841,3,8,yes,1,-0.0066701446519749075,0.0066701446519749075
2183,3,10,no,1,0.00694131979774415,0.00694131979774415
1527,3,9,no,2,-0.013845227980661012,0.013845227980661012
842,3,8,no,1,-0.006705817235090228,0.006705817235090228
2184,3,10,yes,5,0.03457321022727211,0.03457321022727211
2718,3,11,yes,6,-0.02021393925848014,0.02021393925848014
1528,3,9,yes,1,-0.006935967626738093,0.006935967626738093
2185,3,10,yes,3,0.020542804594913533,0.020542804594913533
843,3,8,yes,16,-0.11013066146416944,0.11013066146416944
844,3,8,yes,2,0.013877287424482243,0.013877287424482243
1529,3,9,no,1,-0.00694131979774415,0.00694131979774415
2186,3,10,no,5,-0.03433481921478654,0.03433481921478654
845,3,8,no,1,0.006943997948260672,0.006943997948260672
1530,3,9,yes,1,-0.006943997948260727,0.006943997948260727
1531,3,9,yes,5,0.03466651335340398,0.03466651335340398
1532,3,9,yes,1,0.00690396986339592,0.00690396986339592
846,3,8,no,1,0.006943997948260727,0.006943997948260727
1533,3,9,no,1,0.006888044756477085,0.006888044756477085
1534,3,9,yes,1,-0.006888044756477085,0.006888044756477085
1535,3,9,yes,13,0.08739418173317337,0.08739418173317337
2187,3,10,no,9,0.061348679973112774,0.061348679973112774
847,3,8,yes,1,0.00694131979774415,0.00694131979774415
1536,3,9,no,9,0.05623631171534238,0.05623631171534238
1537,3,9,no,4,-0.024444607899498427,0.024444607899498427
1538,3,9,yes,1,0.0061985164077413835,0.0061985164077413835
1539,3,9,yes,1,-0.0061985164077413835,0.0061985164077413835
1540,3,9,no,6,-0.03829703756396263,0.03829703756396263
1541,3,9,no,7,-0.04665927758605426,0.04665927758605426
1542,3,9,yes,1,-0.0067987210476098126,0.0067987210476098126
2188,3,10,no,1,-0.006705817235090228,0.006705817235090228
1543,3,9,yes,1,0.0067987210476098126,0.0067987210476098126
2189,3,10,no,1,-0.0067391696291118075,0.0067391696291118075
848,3,8,no,2,-0.013885317746004877,0.013885317746004877
1544,3,9,yes,2,0.013509322475626195,0.013509322475626195
2190,3,10,yes,3,-0.020393705576516652,0.020393705576516652
849,3,8,yes,1,0.006943997948260727,0.006943997948260727
850,3,8,yes,10,0.0688560556675396,0.0688560556675396
1545,3,9,yes,2,-0.013509322475626195,0.013509322475626195
851,3,8,yes,2,-0.013623552730002264,0.013623552730002264
1546,3,9,no,12,-0.082744051564061,0.082744051564061
852,3,8,yes,7,0.0471410409577625,0.0471410409577625
1547,3,9,no,1,-0.006941319797744205,0.006941319797744205
1548,3,9,yes,14,0.0964555242083196,0.0964555242083196
2191,3,10,yes,6,0.040508837092693595,0.040508837092693595
2192,3,10,no,7,-0.04735728271612272,0.04735728271612272
2193,3,10,yes,1,0.0068484456234291224,0.0068484456234291224
374,3,7,no,1,-0.005066392393269226,0.005066392393269226
1549,3,9,yes,7,-0.04790369310891074,0.04790369310891074
1550,3,9,yes,1,0.00690396986339592,0.00690396986339592
2719,3,11,no,1,-0.0036070974478101814,0.0036070974478101814
853,3,8,no,1,0.006592049699952862,0.006592049699952862
854,3,8,no,2,-0.01322425356502177,0.01322425356502177
1551,3,9,no,4,-0.027685165470795026,0.027685165470795026
2194,3,10,yes,2,0.013623552730002264,0.013623552730002264
855,3,8,yes,13,-0.08880002023248679,0.08880002023248679
2195,3,10,yes,1,-0.0067987210476098126,0.0067987210476098126
2196,3,10,yes,1,0.0067987210476098126,0.0067987210476098126
856,3,8,yes,1,0.006935967626738093,0.006935967626738093
1552,3,9,no,1,0.006935967626738093,0.006935967626738093
857,3,8,yes,5,0.03450676988962598,0.03450676988962598
1553,3,9,yes,2,-0.013877287424482243,0.013877287424482243
2197,3,10,yes,14,-0.09662133898854325,0.09662133898854325
2720,3,11,no,1,-0.0036768586438180595,0.0036768586438180595
2198,3,10,yes,9,0.06239176858954282,0.06239176858954282
858,3,8,no,2,-0.013757572045569044,0.013757572045569044
375,3,7,no,7,-0.03747903961821064,0.03747903961821064
2721,3,11,yes,6,-0.023556418925441247,0.023556418925441247
859,3,8,yes,14,0.09385307604156079,0.09385307604156079
860,3,8,yes,3,-0.019513967714847258,0.019513967714847258
861,3,8,no,1,-0.006592049699952862,0.006592049699952862
2199,3,10,no,1,-0.00690396986339592,0.00690396986339592
376,3,7,yes,9,0.047538467399258155,0.047538467399258155
862,3,8,no,1,-0.006632203865068909,0.006632203865068909
863,3,8,no,8,-0.054226810005214676,0.054226810005214676
1554,3,9,no,1,-0.006943997948260727,0.006943997948260727
2722,3,11,yes,1,0.0041064676986638515,0.0041064676986638515
2723,3,11,no,20,-0.09611873173338603,0.09611873173338603
2724,3,11,no,3,-0.016901387129485856,0.016901387129485856
2725,3,11,yes,1,0.005701604461620269,0.005701604461620269
2726,3,11,yes,1,0.005634110153561744,0.005634110153561744
2727,3,11,yes,3,0.01648830529705736,0.01648830529705736
2200,3,10,yes,2,0.013792014619873005,0.013792014619873005
1555,3,9,yes,12,-0.08257020646231467,0.08257020646231467
377,3,7,yes,8,0.03728031594228398,0.03728031594228398
2201,3,10,no,9,-0.062343845719281865,0.062343845719281865
1556,3,9,yes,1,0.006770152846514277,0.006770152846514277
2728,3,11,yes,1,-0.0054262663116700915,0.0054262663116700915
2202,3,10,no,17,0.11657065572449654,0.11657065572449654
1557,3,9,yes,2,0.013623552730002264,0.013623552730002264
1558,3,9,no,5,-0.03383869244071869,0.03383869244071869
2203,3,10,no,2,-0.013375961887065135,0.013375961887065135
2729,3,11,yes,1,0.0054262663116700915,0.0054262663116700915
378,3,7,yes,4,-0.018046833823686992,0.018046833823686992
864,3,8,yes,1,0.006869527289091959,0.006869527289091959
2730,3,11,no,1,0.00535544554716183,0.00535544554716183
865,3,8,no,1,0.0068484456234291224,0.0068484456234291224
2731,3,11,yes,1,0.005283976781832678,0.005283976781832678
379,3,7,yes,3,-0.014314106355288847,0.014314106355288847
1559,3,9,no,10,-0.06474117543930036,0.06474117543930036
2732,3,11,yes,1,0.0052119315902589,0.0052119315902589
1560,3,9,no,4,0.025332809507456422,0.025332809507456422
1561,3,9,no,3,0.01951396771484737,0.01951396771484737
2733,3,11,no,9,0.04360402417984233,0.04360402417984233
1562,3,9,no,1,-0.006549739658341158,0.006549739658341158
1563,3,9,yes,2,0.013141789358293854,0.013141789358293854
2734,3,11,yes,1,0.004474578305496801,0.004474578305496801
866,3,8,no,9,-0.06217650088579807,0.06217650088579807
2735,3,11,no,5,0.02126614254603998,0.02126614254603998
1564,3,9,no,1,0.006632203865068964,0.006632203865068964
2204,3,10,no,8,-0.054642862738022546,0.054642862738022546
1565,3,9,yes,1,0.0066701446519749075,0.0066701446519749075
1566,3,9,yes,4,0.02701386075832629,0.02701386075832629
867,3,8,yes,1,0.006943997948260727,0.006943997948260727
868,3,8,no,4,0.027722515405143255,0.027722515405143255
869,3,8,no,1,-0.006917278298890772,0.006917278298890772
870,3,8,yes,1,0.006917278298890772,0.006917278298890772
1567,3,9,yes,7,0.048180047195447606,0.048180047195447606
871,3,8,yes,1,0.00690396986339592,0.00690396986339592
2736,3,11,no,7,-0.03028947121835246,0.03028947121835246
1568,3,9,yes,1,-0.00692794968177024,0.00692794968177024
1569,3,9,yes,1,-0.006917278298890717,0.006917278298890717
1570,3,9,no,1,-0.006903969863395976,0.006903969863395976
2737,3,11,yes,7,-0.033915893411126774,0.033915893411126774
1571,3,9,no,1,0.006903969863395976,0.006903969863395976
872,3,8,yes,1,0.006888044756477085,0.006888044756477085
1572,3,9,yes,3,0.020781195607398995,0.020781195607398995
2738,3,11,yes,6,0.029292909899644504,0.029292909899644504
2739,3,11,yes,1,0.00462298351148227,0.00462298351148227
873,3,8,no,20,0.130720171202116,0.130720171202116
874,3,8,no,10,0.05730614576628201,0.05730614576628201
2205,3,10,yes,1,0.00690396986339592,0.00690396986339592
875,3,8,no,1,-0.0054262663116700915,0.0054262663116700915
876,3,8,yes,9,-0.05187987945461192,0.05187987945461192
1573,3,9,no,2,-0.013863917308508278,0.013863917308508278
1574,3,9,yes,1,-0.006917278298890717,0.006917278298890717
877,3,8,no,14,-0.08986932308396645,0.08986932308396645
2206,3,10,yes,1,-0.00690396986339592,0.00690396986339592
380,3,7,yes,2,0.009616884808300918,0.009616884808300918
878,3,8,yes,2,-0.013509322475626195,0.013509322475626195
2207,3,10,no,14,0.09429815159656929,0.09429815159656929
2208,3,10,no,10,-0.0667881640641752,0.0667881640641752
1575,3,9,no,1,-0.006903969863395976,0.006903969863395976
2209,3,10,no,2,0.013623552730002264,0.013623552730002264
1576,3,9,yes,2,0.013821248162286692,0.013821248162286692
381,3,7,yes,6,-0.02973506875455645,0.02973506875455645
879,3,8,yes,1,0.006770152846514388,0.006770152846514388
382,3,7,no,4,-0.0212776202309235,0.0212776202309235
880,3,8,no,1,0.0067391696291118075,0.0067391696291118075
1577,3,9,no,1,0.00692794968177024,0.00692794968177024
2740,3,11,no,10,0.04217411977178631,0.04217411977178631
1578,3,9,yes,1,0.006935967626738038,0.006935967626738038
881,3,8,no,3,-0.020308043523236008,0.020308043523236008
2741,3,11,yes,1,-0.0038895110895871277,0.0038895110895871277
2742,3,11,no,11,-0.04760481374066938,0.04760481374066938
882,3,8,yes,15,-0.10366784592159439,0.10366784592159439
2743,3,11,no,1,0.004697221546987929,0.004697221546987929
2210,3,10,yes,3,0.020215139710716423,0.020215139710716423
2211,3,10,no,1,-0.006705817235090228,0.006705817235090228
2212,3,10,yes,1,-0.0067391696291118075,0.0067391696291118075
883,3,8,yes,8,0.05548779872614684,0.05548779872614684
884,3,8,yes,2,0.013845227980661012,0.013845227980661012
885,3,8,no,1,0.00690396986339592,0.00690396986339592
886,3,8,yes,3,0.020606017668998167,0.020606017668998167
887,3,8,yes,1,0.0068248316823924515,0.0068248316823924515
888,3,8,no,20,-0.13800266513638104,0.13800266513638104
889,3,8,no,7,-0.04690825897532286,0.04690825897532286
890,3,8,no,1,0.006592049699952696,0.006592049699952696
891,3,8,yes,1,0.006632203865068964,0.006632203865068964
892,3,8,yes,9,0.06111485476169187,0.06111485476169187
893,3,8,yes,1,0.006903969863395976,0.006903969863395976
894,3,8,yes,11,0.07623699657020377,0.07623699657020377
1579,3,9,yes,8,-0.055116014822185644,0.055116014822185644
895,3,8,yes,4,0.027430849351390618,0.027430849351390618
2213,3,10,yes,7,0.04639445848765855,0.04639445848765855
896,3,8,yes,10,-0.06900133256819052,0.06900133256819052
2214,3,10,no,4,-0.02627932697148161,0.02627932697148161
897,3,8,no,4,0.02774923505451321,0.02774923505451321
898,3,8,no,1,-0.00692794968177024,0.00692794968177024
1580,3,9,no,4,0.027430849351390674,0.027430849351390674
1581,3,9,no,17,0.11737053683260018,0.11737053683260018
1582,3,9,yes,18,-0.12425858158907721,0.12425858158907721
2744,3,11,no,5,0.022373466592661817,0.022373466592661817
899,3,8,yes,6,0.0413552155130551,0.0413552155130551
2745,3,11,no,18,-0.08914541611051696,0.08914541611051696
2746,3,11,yes,10,-0.0592401708788004,0.0592401708788004
2215,3,10,yes,1,0.006632203865068909,0.006632203865068909
2216,3,10,no,1,-0.006632203865068909,0.006632203865068909
2747,3,11,yes,11,0.06480584339310425,0.06480584339310425
2217,3,10,yes,7,0.04550888188525304,0.04550888188525304
2748,3,11,no,7,0.036979759497176024,0.036979759497176024
2218,3,10,no,1,-0.006360174775013605,0.006360174775013605
383,3,7,yes,5,0.026417000632823373,0.026417000632823373
2749,3,11,yes,5,0.024226517506375278,0.024226517506375278
1583,3,9,yes,4,0.027637242600533962,0.027637242600533962
2750,3,11,no,1,-0.004697221546987929,0.004697221546987929
2751,3,11,no,2,0.009320205058470199,0.009320205058470199
2219,3,10,no,2,-0.012869380138757824,0.012869380138757824
2220,3,10,no,1,-0.00650533374811868,0.00650533374811868
2221,3,10,yes,12,-0.08088884798505469,0.08088884798505469
2222,3,10,no,6,0.04099972324551482,0.04099972324551482
900,3,8,no,1,-0.0068484456234291224,0.0068484456234291224
901,3,8,yes,14,-0.0968985384791688,0.0968985384791688
2223,3,10,no,1,0.0067391696291118075,0.0067391696291118075
902,3,8,yes,1,0.006903969863395976,0.006903969863395976
903,3,8,no,1,0.006917278298890717,0.006917278298890717
904,3,8,yes,18,0.12376442838102991,0.12376442838102991
905,3,8,no,1,-0.006705817235090228,0.006705817235090228
2752,3,11,yes,1,0.004548750366815679,0.004548750366815679
2224,3,10,no,8,0.05252466899730457,0.05252466899730457
906,3,8,no,1,-0.0067391696291118075,0.0067391696291118075
2225,3,10,no,8,-0.05252466899730457,0.05252466899730457
1584,3,9,yes,16,-0.1081433795772303,0.1081433795772303
1585,3,9,no,10,-0.06219694741254145,0.06219694741254145
1586,3,9,yes,20,0.12898511147671654,0.12898511147671654
1587,3,9,yes,2,0.013717972912521248,0.013717972912521248
1588,3,9,yes,1,0.00688804475647703,0.00688804475647703
907,3,8,yes,9,-0.06174892108957175,0.06174892108957175
908,3,8,yes,11,-0.07614934063511197,0.07614934063511197
1589,3,9,no,11,0.07623699657020383,0.07623699657020383
909,3,8,yes,1,0.0068695272890921255,0.0068695272890921255
1590,3,9,no,1,-0.006917278298890772,0.006917278298890772
910,3,8,yes,11,-0.07400080322857766,0.07400080322857766
384,3,7,yes,2,0.010059427781047514,0.010059427781047514
2753,3,11,no,1,0.004474578305496801,0.004474578305496801
911,3,8,yes,2,0.013141789358293854,0.013141789358293854
2226,3,10,yes,1,0.006705817235090228,0.006705817235090228
912,3,8,yes,1,0.006632203865068964,0.006632203865068964
1591,3,9,no,4,-0.02774923505451321,0.02774923505451321
913,3,8,yes,9,0.06111485476169187,0.06111485476169187
1592,3,9,no,1,0.006943997948260727,0.006943997948260727
2754,3,11,no,16,-0.0804182617016499,0.0804182617016499
914,3,8,no,1,-0.00688804475647703,0.00688804475647703
915,3,8,no,8,-0.05422681000521484,0.05422681000521484
1593,3,9,yes,3,0.020805237106252483,0.020805237106252483
2227,3,10,yes,1,0.0066701446519749075,0.0066701446519749075
1594,3,9,yes,1,-0.00692794968177024,0.00692794968177024
2228,3,10,no,16,0.10020740703517739,0.10020740703517739
2229,3,10,no,9,-0.05469852514992435,0.05469852514992435
2230,3,10,no,1,-0.006360174775013605,0.006360174775013605
1595,3,9,yes,1,0.00692794968177024,0.00692794968177024
1596,3,9,no,1,-0.00692794968177024,0.00692794968177024
1597,3,9,no,1,0.00692794968177024,0.00692794968177024
2755,3,11,yes,6,0.03233965921631077,0.03233965921631077
1598,3,9,no,10,0.06826595827200355,0.06826595827200355
1599,3,9,no,11,-0.07519390795377379,0.07519390795377379
916,3,8,yes,1,0.0066701446519749075,0.0066701446519749075
1600,3,9,no,2,-0.013877287424482243,0.013877287424482243
2231,3,10,yes,4,0.02512084008482751,0.02512084008482751
917,3,8,yes,4,0.02701386075832629,0.02701386075832629
2232,3,10,yes,13,-0.08438467871124389,0.08438467871124389
918,3,8,yes,4,0.027430849351390674,0.027430849351390674
2756,3,11,no,1,-0.0052119315902589,0.0052119315902589
2757,3,11,yes,1,0.0052119315902589,0.0052119315902589
2758,3,11,no,9,0.04360402417984233,0.04360402417984233
919,3,8,yes,3,-0.020606017668998278,0.020606017668998278
2759,3,11,yes,3,-0.013868955425285878,0.013868955425285878
920,3,8,no,1,0.0068484456234291224,0.0068484456234291224
2760,3,11,no,4,-0.01952929595938735,0.01952929595938735
1601,3,9,yes,1,0.00694131979774415,0.00694131979774415
1602,3,9,yes,6,-0.04163455280051803,0.04163455280051803
2761,3,11,no,1,-0.005066392393269226,0.005066392393269226
1603,3,9,yes,1,0.00692794968177024,0.00692794968177024
2233,3,10,yes,14,0.09052597125991735,0.09052597125991735
1604,3,9,no,3,-0.020749197844056932,0.020749197844056932
2762,3,11,yes,1,-0.0051393804018998734,0.0051393804018998734
1605,3,9,yes,2,0.013821248162286692,0.013821248162286692
1606,3,9,no,2,0.013863917308508278,0.013863917308508278
2763,3,11,no,2,-0.010495908372091578,0.010495908372091578
921,3,8,yes,7,0.04838405731410833,0.04838405731410833
2764,3,11,yes,2,0.010495908372091578,0.010495908372091578
2234,3,10,no,10,-0.0637786358786715,0.0637786358786715
2235,3,10,no,10,0.0637786358786715,0.0637786358786715
2236,3,10,no,14,-0.09052597125991735,0.09052597125991735
922,3,8,yes,1,-0.006941319797744205,0.006941319797744205
923,3,8,yes,1,0.006941319797744205,0.006941319797744205
924,3,8,yes,1,-0.006941319797744205,0.006941319797744205
385,3,7,no,1,-0.0049930353877782885,0.0049930353877782885
925,3,8,no,1,0.006941319797744205,0.006941319797744205
2237,3,10,no,1,-0.006770152846514388,0.006770152846514388
926,3,8,yes,11,0.07594533051645119,0.07594533051645119
1607,3,9,no,1,0.006941319797744205,0.006941319797744205
927,3,8,no,1,-0.0068248316823924515,0.0068248316823924515
2765,3,11,no,3,0.015198808182947388,0.015198808182947388
2766,3,11,yes,1,0.0049193757633081425,0.0049193757633081425
1608,3,9,yes,8,0.05540252592153766,0.05540252592153766
928,3,8,no,13,-0.08992573594031122,0.08992573594031122
2767,3,11,yes,1,0.00484547836750715,0.00484547836750715
929,3,8,no,3,-0.020709292918763722,0.020709292918763722
1609,3,9,yes,1,-0.006888044756477085,0.006888044756477085
930,3,8,yes,1,0.00688804475647703,0.00688804475647703
2768,3,11,no,9,0.040274615018952575,0.040274615018952575
931,3,8,no,1,0.006903969863395976,0.006903969863395976
2769,3,11,no,1,-0.004179558286804386,0.004179558286804386
2238,3,10,no,1,0.006770152846514388,0.006770152846514388
932,3,8,yes,13,0.08999456861577282,0.08999456861577282
1610,3,9,no,14,-0.0968985384791689,0.0968985384791689
2239,3,10,yes,6,0.03988912473953987,0.03988912473953987
2240,3,10,no,1,-0.006549739658341158,0.006549739658341158
1611,3,9,yes,1,0.0068695272890921255,0.0068695272890921255
933,3,8,no,1,-0.006869527289091959,0.006869527289091959
2770,3,11,no,1,-0.004252962151704676,0.004252962151704676
934,3,8,no,1,-0.006888044756477085,0.006888044756477085
1612,3,9,no,1,0.00688804475647703,0.00688804475647703
935,3,8,no,4,0.027430849351390618,0.027430849351390618
1613,3,9,yes,1,0.006903969863395976,0.006903969863395976
936,3,8,no,1,-0.0068248316823924515,0.0068248316823924515
937,3,8,yes,3,0.020393705576516652,0.020393705576516652
1614,3,9,no,1,-0.006903969863395976,0.006903969863395976
1615,3,9,yes,3,0.020749197844056932,0.020749197844056932
1616,3,9,yes,11,-0.0751939079537739,0.0751939079537739
2241,3,10,no,1,0.006549739658341158,0.006549739658341158
938,3,8,no,8,-0.05482097140780151,0.05482097140780151
1617,3,9,yes,6,0.04068713806414781,0.04068713806414781
2242,3,10,yes,1,-0.006549739658341158,0.006549739658341158
2771,3,11,yes,8,-0.036687572947950664,0.036687572947950664
1618,3,9,yes,11,-0.07363660968760422,0.07363660968760422
1619,3,9,yes,10,0.06678816406417509,0.06678816406417509
939,3,8,yes,1,0.006917278298890772,0.006917278298890772
1620,3,9,yes,1,-0.006824831682392396,0.006824831682392396
940,3,8,yes,10,-0.06933302670680785,0.06933302670680785
941,3,8,yes,1,0.006917278298890717,0.006917278298890717
1621,3,9,yes,6,0.041252097513677366,0.041252097513677366
942,3,8,no,1,0.00692794968177024,0.00692794968177024
943,3,8,yes,13,-0.08849625647081777,0.08849625647081777
2243,3,10,yes,1,0.006549739658341158,0.006549739658341158
944,3,8,yes,2,0.013302348517043872,0.013302348517043872
2244,3,10,no,13,-0.08779281784845061,0.08779281784845061
2245,3,10,no,15,0.10075704590495671,0.10075704590495671
945,3,8,no,8,0.054444710109716965,0.054444710109716965
946,3,8,no,1,0.006903969863395976,0.006903969863395976
947,3,8,yes,1,0.006917278298890717,0.006917278298890717
948,3,8,no,10,-0.06826595827200366,0.06826595827200366
949,3,8,yes,1,-0.0066701446519749075,0.0066701446519749075
950,3,8,yes,6,0.040508837092693595,0.040508837092693595
2246,3,10,no,5,0.031531325915197916,0.031531325915197916
3213,4,12,no,6,-0.04157048321679985,0.04157048321679985
2247,3,10,no,5,-0.031531325915197916,0.031531325915197916
2248,3,10,yes,1,0.006410485830370405,0.006410485830370405
2249,3,10,no,1,-0.006410485830370405,0.006410485830370405
2250,3,10,no,8,0.04977741740695496,0.04977741740695496
3214,4,12,yes,7,0.048514481165060575,0.048514481165060575
2251,3,10,no,8,0.04585760196468924,0.04585760196468924
1622,3,9,yes,1,-0.006917278298890717,0.006917278298890717
2252,3,10,yes,1,-0.005496366471083425,0.005496366471083425
2253,3,10,yes,1,0.005496366471083425,0.005496366471083425
951,3,8,no,1,0.0068484456234291224,0.0068484456234291224
952,3,8,no,9,-0.06058153628114438,0.06058153628114438
3215,4,12,no,11,-0.07594533051645125,0.07594533051645125
3216,4,12,yes,11,0.07594533051645125,0.07594533051645125
2254,3,10,no,9,-0.05187987945461192,0.05187987945461192
3217,4,12,no,1,-0.006943997948260727,0.006943997948260727
1623,3,9,no,1,-0.006903969863395976,0.006903969863395976
1624,3,9,yes,11,0.07623699657020383,0.07623699657020383
953,3,8,no,3,-0.01951396771484737,0.01951396771484737
1625,3,9,no,19,-0.1306817066799208,0.1306817066799208
954,3,8,no,2,-0.012770660605383954,0.012770660605383954
2255,3,10,no,1,0.006022277489922678,0.006022277489922678
2772,3,11,yes,9,-0.046892170648262455,0.046892170648262455
1626,3,9,yes,10,0.06826595827200366,0.06826595827200366
2256,3,10,no,14,-0.0891857833387989,0.0891857833387989
955,3,8,yes,5,0.03228462832023132,0.03228462832023132
2773,3,11,yes,1,0.005496366471083425,0.005496366471083425
2774,3,11,no,10,0.05101268898547995,0.05101268898547995
2257,3,10,yes,19,-0.13068170667992063,0.13068170667992063
2258,3,10,yes,1,0.006917278298890717,0.006917278298890717
2259,3,10,yes,8,0.055498470109026365,0.055498470109026365
956,3,8,yes,1,0.006592049699952696,0.006592049699952696
2260,3,10,yes,6,0.04125209751367731,0.04125209751367731
957,3,8,yes,1,0.006632203865068964,0.006632203865068964
1627,3,9,yes,2,0.013863917308508278,0.013863917308508278
1628,3,9,no,1,0.006941319797744205,0.006941319797744205
2261,3,10,yes,2,0.0135688738941242,0.0135688738941242
2262,3,10,no,1,0.0067391696291118075,0.0067391696291118075
2775,3,11,no,19,-0.10289256844009187,0.10289256844009187
958,3,8,no,1,-0.006632203865068964,0.006632203865068964
959,3,8,yes,10,0.06774705862676084,0.06774705862676084
2263,3,10,no,2,-0.013509322475626195,0.013509322475626195
1629,3,9,yes,17,-0.11551533325359387,0.11551533325359387
1630,3,9,yes,1,0.006549739658341158,0.006549739658341158
1631,3,9,yes,1,0.006592049699952696,0.006592049699952696
960,3,8,yes,1,0.006903969863395976,0.006903969863395976
1632,3,9,yes,1,0.006632203865068964,0.006632203865068964
2264,3,10,no,4,0.02688528436269133,0.02688528436269133
2265,3,10,yes,2,0.01322425356502177,0.01322425356502177
961,3,8,no,1,0.006917278298890717,0.006917278298890717
386,3,7,yes,1,0.0049930353877782885,0.0049930353877782885
2266,3,10,yes,2,0.013055073406459838,0.013055073406459838
2267,3,10,yes,12,-0.08050613697669629,0.08050613697669629
1633,3,9,yes,6,0.040508837092693595,0.040508837092693595
1634,3,9,no,14,0.09684301423920211,0.09684301423920211
2776,3,11,yes,5,0.02948212585404264,0.02948212585404264
2777,3,11,yes,1,0.005701604461620269,0.005701604461620269
962,3,8,yes,1,0.00692794968177024,0.00692794968177024
387,3,7,no,14,-0.07637339468136117,0.07637339468136117
1635,3,9,no,9,-0.06241574840791714,0.06241574840791714
388,3,7,no,5,-0.030405243596697384,0.030405243596697384
2778,3,11,no,10,-0.05986018023917716,0.05986018023917716
389,3,7,yes,7,0.042136376247851826,0.042136376247851826
2779,3,11,yes,1,0.006254119513938505,0.006254119513938505
390,3,7,no,1,-0.005833461048261657,0.005833461048261657
2780,3,11,yes,1,0.0061985164077413835,0.0061985164077413835
2268,3,10,yes,16,0.10604372127860173,0.10604372127860173
391,3,7,yes,8,0.04478100652342942,0.04478100652342942
963,3,8,no,2,-0.013845227980660957,0.013845227980660957
964,3,8,no,9,-0.06134867997311294,0.06134867997311294
2781,3,11,yes,5,0.030104398791848785,0.030104398791848785
2782,3,11,yes,1,0.005833461048261657,0.005833461048261657
2783,3,11,no,8,0.044231522257000444,0.044231522257000444
2269,3,10,no,4,-0.025537584301905447,0.025537584301905447
965,3,8,yes,1,-0.0066701446519749075,0.0066701446519749075
1636,3,9,no,1,-0.006917278298890717,0.006917278298890717
966,3,8,yes,4,0.02688528436269133,0.02688528436269133
2270,3,10,no,1,-0.00650533374811868,0.00650533374811868
1637,3,9,no,10,0.06933302670680785,0.06933302670680785
967,3,8,yes,9,0.06191473586979551,0.06191473586979551
1638,3,9,no,4,-0.027722515405143255,0.027722515405143255
1639,3,9,no,19,-0.12940332915011526,0.12940332915011526
2784,3,11,no,16,-0.09262201801879077,0.09262201801879077
968,3,8,yes,1,-0.006935967626738038,0.006935967626738038
2785,3,11,yes,1,0.006254119513938505,0.006254119513938505
969,3,8,yes,1,0.006935967626738038,0.006935967626738038
2271,3,10,yes,1,0.00650533374811868,0.00650533374811868
392,3,7,yes,2,0.010495908372091578,0.010495908372091578
1640,3,9,yes,2,0.013141789358293854,0.013141789358293854
2786,3,11,yes,1,0.0061985164077413835,0.0061985164077413835
2787,3,11,yes,1,-0.0061985164077413835,0.0061985164077413835
1641,3,9,yes,10,0.06774705862676084,0.06774705862676084
393,3,7,yes,1,0.0051393804018998734,0.0051393804018998734
2272,3,10,no,8,0.0502140342254197,0.0502140342254197
1642,3,9,yes,9,-0.06111485476169187,0.06111485476169187
2788,3,11,yes,4,0.024444607899498427,0.024444607899498427
2273,3,10,no,11,-0.0698611573318324,0.0698611573318324
970,3,8,yes,1,0.006941319797744205,0.006941319797744205
1643,3,9,no,2,-0.01322425356502166,0.01322425356502166
2274,3,10,yes,2,0.01314178935829402,0.01314178935829402
971,3,8,no,1,0.006943997948260672,0.006943997948260672
1644,3,9,yes,2,0.01322425356502166,0.01322425356502166
1645,3,9,no,19,0.13043457303300493,0.13043457303300493
972,3,8,no,1,-0.006943997948260672,0.006943997948260672
2789,3,11,yes,5,0.02916145282574023,0.02916145282574023
1646,3,9,no,1,-0.00692794968177024,0.00692794968177024
1647,3,9,no,14,-0.09662133898854336,0.09662133898854336
1648,3,9,yes,11,0.07580005361580039,0.07580005361580039
2790,3,11,yes,1,0.005634110153561744,0.005634110153561744
394,3,7,no,7,-0.03747903961821064,0.03747903961821064
395,3,7,yes,1,0.005565672514303843,0.005565672514303843
1649,3,9,no,9,-0.062176500885798125,0.062176500885798125
2275,3,10,no,1,0.00650533374811868,0.00650533374811868
2276,3,10,no,1,-0.00650533374811868,0.00650533374811868
973,3,8,yes,1,-0.006941319797744205,0.006941319797744205
1650,3,9,yes,1,-0.006824831682392396,0.006824831682392396
2791,3,11,yes,8,0.04254543201147987,0.04254543201147987
2277,3,10,yes,1,-0.006549739658341158,0.006549739658341158
2278,3,10,yes,1,0.006549739658341158,0.006549739658341158
1651,3,9,no,12,0.0828866503141954,0.0828866503141954
1652,3,9,no,2,-0.013885317746004877,0.013885317746004877
3218,4,12,no,10,-0.06900133256819052,0.06900133256819052
1653,3,9,no,1,-0.006943997948260672,0.006943997948260672
2279,3,10,yes,3,0.019374713886876505,0.019374713886876505
3219,4,12,yes,1,0.006824831682392396,0.006824831682392396
3220,4,12,yes,1,0.0068484456234291224,0.0068484456234291224
3221,4,12,yes,1,0.0068695272890921255,0.0068695272890921255
2280,3,10,no,1,-0.006410485830370405,0.006410485830370405
2281,3,10,no,1,0.006410485830370405,0.006410485830370405
2792,3,11,no,2,-0.010205772795169099,0.010205772795169099
2282,3,10,yes,1,-0.006410485830370405,0.006410485830370405
2283,3,10,no,1,-0.0064588943083874195,0.0064588943083874195
2284,3,10,yes,4,-0.02627932697148161,0.02627932697148161
2285,3,10,yes,4,0.02627932697148161,0.02627932697148161
3222,4,12,yes,1,0.00688804475647703,0.00688804475647703
974,3,8,no,1,-0.006935967626738038,0.006935967626738038
975,3,8,no,3,-0.020749197844056932,0.020749197844056932
3223,4,12,yes,1,0.006903969863395976,0.006903969863395976
1654,3,9,yes,20,0.13590866289823395,0.13590866289823395
1655,3,9,yes,1,0.0064588943083874195,0.0064588943083874195
1656,3,9,no,2,-0.0129642280565061,0.0129642280565061
976,3,8,yes,2,-0.013757572045569155,0.013757572045569155
977,3,8,yes,13,0.08999456861577299,0.08999456861577299
1657,3,9,no,1,-0.006549739658341158,0.006549739658341158
1658,3,9,no,3,-0.019894398216996678,0.019894398216996678
1659,3,9,no,15,-0.10295919127477743,0.10295919127477743
978,3,8,yes,1,-0.006917278298890772,0.006917278298890772
979,3,8,no,1,-0.00692794968177024,0.00692794968177024
2286,3,10,no,20,0.11815960232069622,0.11815960232069622
2287,3,10,no,3,0.015417704385428,0.015417704385428
3224,4,12,yes,5,0.03466651335340387,0.03466651335340387
396,3,7,yes,1,0.005496366471083425,0.005496366471083425
980,3,8,no,1,-0.006935967626738093,0.006935967626738093
2288,3,10,no,12,-0.0654826876906901,0.0654826876906901
2289,3,10,no,4,-0.023963106243175325,0.023963106243175325
1660,3,9,no,6,-0.041514530025016205,0.041514530025016205
2290,3,10,no,1,-0.00614129254867346,0.00614129254867346
2291,3,10,no,1,-0.0061985164077413835,0.0061985164077413835
2292,3,10,no,1,-0.006254119513938505,0.006254119513938505
981,3,8,no,2,-0.013885317746004877,0.013885317746004877
2293,3,10,no,1,0.006254119513938505,0.006254119513938505
2793,3,11,no,3,0.015198808182947388,0.015198808182947388
1661,3,9,yes,5,0.034573210227272,0.034573210227272
2294,3,10,yes,8,-0.05143882692225665,0.05143882692225665
2295,3,10,yes,2,0.01314178935829402,0.01314178935829402
1662,3,9,no,10,0.06921337300837382,0.06921337300837382
2296,3,10,no,7,-0.04665927758605426,0.04665927758605426
1663,3,9,yes,1,0.0068484456234291224,0.0068484456234291224
2794,3,11,yes,9,-0.047538467399258155,0.047538467399258155
1664,3,9,yes,4,-0.027509987532394087,0.027509987532394087
2795,3,11,yes,3,0.01648830529705736,0.01648830529705736
1665,3,9,no,1,-0.006917278298890772,0.006917278298890772
2297,3,10,no,1,0.006770152846514388,0.006770152846514388
1666,3,9,no,1,-0.00692794968177024,0.00692794968177024
2298,3,10,yes,1,0.0067391696291118075,0.0067391696291118075
2299,3,10,yes,1,0.006705817235090228,0.006705817235090228
982,3,8,no,2,-0.013885317746004877,0.013885317746004877
1667,3,9,no,1,-0.006935967626738093,0.006935967626738093
397,3,7,yes,6,-0.0339992946645975,0.0339992946645975
1668,3,9,yes,3,-0.02082931569426555,0.02082931569426555
398,3,7,yes,1,0.005833461048261657,0.005833461048261657
2796,3,11,yes,3,0.015851353919253408,0.015851353919253408
2300,3,10,no,1,-0.006705817235090228,0.006705817235090228
2797,3,11,yes,1,-0.0052119315902589,0.0052119315902589
2301,3,10,no,1,0.006705817235090228,0.006705817235090228
2798,3,11,no,8,0.03964422189180328,0.03964422189180328
399,3,7,yes,11,0.05964922664242844,0.05964922664242844
983,3,8,yes,3,-0.020781195607398995,0.020781195607398995
2302,3,10,yes,1,0.0066701446519749075,0.0066701446519749075
400,3,7,yes,9,0.04227335133006227,0.04227335133006227
401,3,7,no,13,-0.06297503249732295,0.06297503249732295
984,3,8,yes,1,0.006917278298890717,0.006917278298890717
2303,3,10,no,1,0.006632203865068909,0.006632203865068909
1669,3,9,no,4,-0.0277225154051432,0.0277225154051432
2799,3,11,no,1,-0.004697221546987929,0.004697221546987929
985,3,8,no,13,0.08992573594031122,0.08992573594031122
1670,3,9,yes,16,-0.10716753173532712,0.10716753173532712
986,3,8,no,2,0.013623552730002264,0.013623552730002264
1671,3,9,yes,18,0.12101275971598807,0.12101275971598807
987,3,8,yes,1,-0.0067987210476098126,0.0067987210476098126
988,3,8,no,3,-0.020542804594913533,0.020542804594913533
989,3,8,yes,1,0.006869527289091959,0.006869527289091959
990,3,8,no,1,0.0068484456234291224,0.0068484456234291224
991,3,8,no,1,-0.0068484456234291224,0.0068484456234291224
992,3,8,no,1,-0.006869527289091959,0.006869527289091959
993,3,8,no,7,-0.04845852797327699,0.04845852797327699
2304,3,10,yes,1,-0.006632203865068909,0.006632203865068909
2305,3,10,no,1,0.006632203865068909,0.006632203865068909
1672,3,9,no,6,0.041642570745485885,0.041642570745485885
2800,3,11,no,1,-0.004771406440793768,0.004771406440793768
994,3,8,no,1,-0.006943997948260672,0.006943997948260672
1673,3,9,no,14,-0.09662133898854336,0.09662133898854336
1674,3,9,yes,3,0.020471998353431387,0.020471998353431387
995,3,8,yes,12,0.082744051564061,0.082744051564061
2801,3,11,no,13,-0.06863903614525546,0.06863903614525546
996,3,8,no,3,-0.020471998353431387,0.020471998353431387
2802,3,11,yes,1,0.005701604461620269,0.005701604461620269
2306,3,10,no,11,0.0698611573318324,0.0698611573318324
1675,3,9,yes,1,0.0068695272890921255,0.0068695272890921255
1676,3,9,yes,12,0.08312504132668086,0.08312504132668086
2803,3,11,yes,5,0.027477860997780934,0.027477860997780934
2307,3,10,no,1,-0.006082521453160905,0.006082521453160905
997,3,8,yes,1,-0.006869527289091959,0.006869527289091959
2804,3,11,yes,1,-0.00535544554716183,0.00535544554716183
1677,3,9,no,4,-0.027722515405143255,0.027722515405143255
998,3,8,yes,2,0.013717972912521081,0.013717972912521081
1678,3,9,no,2,0.013877287424482243,0.013877287424482243
999,3,8,no,1,-0.0068484456234291224,0.0068484456234291224
1000,3,8,no,10,-0.06921337300837382,0.06921337300837382
2308,3,10,no,1,-0.00614129254867346,0.00614129254867346
2805,3,11,yes,1,-0.0054262663116700915,0.0054262663116700915
1679,3,9,no,2,-0.013877287424482243,0.013877287424482243
1001,3,8,no,1,-0.006935967626738038,0.006935967626738038
1680,3,9,no,14,0.09574134003023094,0.09574134003023094
2309,3,10,no,1,-0.0061985164077413835,0.0061985164077413835
1002,3,8,yes,6,0.041642570745485885,0.041642570745485885
1003,3,8,yes,1,-0.006935967626738093,0.006935967626738093
1681,3,9,no,1,-0.0066701446519749075,0.0066701446519749075
402,3,7,yes,4,0.020701681167260677,0.020701681167260677
2310,3,10,no,1,0.0061985164077413835,0.0061985164077413835
2311,3,10,no,1,-0.0061985164077413835,0.0061985164077413835
1682,3,9,no,4,-0.027013860758326236,0.027013860758326236
1004,3,8,yes,8,-0.055455800962804724,0.055455800962804724
1683,3,9,yes,2,-0.013673277305821574,0.013673277305821574
1684,3,9,no,2,-0.013757572045569044,0.013757572045569044
2312,3,10,no,5,-0.03179170381584395,0.03179170381584395
2313,3,10,yes,1,0.0064588943083874195,0.0064588943083874195
2314,3,10,no,3,-0.019513967714847258,0.019513967714847258
1685,3,9,no,1,-0.00690396986339592,0.00690396986339592
1686,3,9,no,1,-0.006917278298890772,0.006917278298890772
1687,3,9,no,1,-0.00692794968177024,0.00692794968177024
1005,3,8,yes,1,0.006903969863395976,0.006903969863395976
1006,3,8,yes,11,0.07623699657020377,0.07623699657020377
403,3,7,yes,5,0.024226517506375278,0.024226517506375278
2806,3,11,yes,1,0.0054262663116700915,0.0054262663116700915
1688,3,9,yes,1,-0.006935967626738093,0.006935967626738093
2315,3,10,yes,1,0.006549739658341158,0.006549739658341158
1007,3,8,no,2,0.013757572045569044,0.013757572045569044
2316,3,10,no,1,0.00650533374811868,0.00650533374811868
1008,3,8,no,9,-0.06227205321062962,0.06227205321062962
404,3,7,no,2,-0.009468627987781697,0.009468627987781697
1009,3,8,yes,2,0.013887995896521399,0.013887995896521399
2807,3,11,no,6,-0.033592099928005936,0.033592099928005936
1010,3,8,no,4,0.027722515405143255,0.027722515405143255
1689,3,9,yes,3,0.020781195607399106,0.020781195607399106
1690,3,9,no,1,-0.006917278298890772,0.006917278298890772
1691,3,9,yes,7,0.04805081856128712,0.04805081856128712
1692,3,9,no,1,-0.0067987210476098126,0.0067987210476098126
1693,3,9,no,14,-0.09675056762270368,0.09675056762270368
405,3,7,no,1,-0.00484547836750715,0.00484547836750715
1694,3,9,no,1,-0.006917278298890717,0.006917278298890717
2317,3,10,no,9,0.05623631171534238,0.05623631171534238
2318,3,10,no,10,0.056639313823521165,0.056639313823521165
1695,3,9,yes,6,0.0416105113016646,0.0416105113016646
2808,3,11,yes,2,-0.011731132651154441,0.011731132651154441
2319,3,10,no,1,-0.00535544554716183,0.00535544554716183
2320,3,10,no,1,-0.0054262663116700915,0.0054262663116700915
1696,3,9,yes,1,-0.006943997948260727,0.006943997948260727
2809,3,11,yes,1,0.0058976716028927845,0.0058976716028927845
406,3,7,no,4,-0.02011818394625553,0.02011818394625553
2321,3,10,yes,1,-0.005496366471083425,0.005496366471083425
1697,3,9,no,1,-0.006943997948260672,0.006943997948260672
407,3,7,no,1,-0.0052119315902589,0.0052119315902589
2810,3,11,yes,13,0.07047572307846839,0.07047572307846839
2811,3,11,no,3,-0.015198808182947388,0.015198808182947388
2812,3,11,no,20,-0.1169126396025677,0.1169126396025677
2322,3,10,no,13,-0.07736799229517677,0.07736799229517677
2813,3,11,yes,5,0.031531325915197916,0.031531325915197916
2814,3,11,yes,6,0.03593785984011044,0.03593785984011044
1011,3,8,yes,11,-0.07623699657020383,0.07623699657020383
2815,3,11,no,3,0.017103794630948577,0.017103794630948577
2816,3,11,no,7,0.03747903961821064,0.03747903961821064
1698,3,9,yes,1,-0.006941319797744205,0.006941319797744205
2817,3,11,no,1,-0.0051393804018998734,0.0051393804018998734
2323,3,10,yes,2,0.012562148902072523,0.012562148902072523
1699,3,9,no,2,-0.013863917308508278,0.013863917308508278
2324,3,10,yes,2,0.012339808956414844,0.012339808956414844
2818,3,11,yes,1,0.0051393804018998734,0.0051393804018998734
2325,3,10,no,2,0.012104798943083583,0.012104798943083583
1012,3,8,yes,1,0.006903969863395976,0.006903969863395976
2819,3,11,no,2,-0.010351311992158774,0.010351311992158774
2326,3,10,yes,1,0.005960635697198957,0.005960635697198957
2327,3,10,no,1,-0.005960635697198957,0.005960635697198957
1700,3,9,no,5,-0.03442726583128497,0.03442726583128497
1701,3,9,yes,2,0.013717972912521248,0.013717972912521248
2328,3,10,no,8,-0.04977741740695496,0.04977741740695496
2329,3,10,yes,1,0.006410485830370405,0.006410485830370405
1702,3,9,yes,2,0.013792014619873005,0.013792014619873005
1013,3,8,no,1,-0.006903969863395976,0.006903969863395976
1014,3,8,yes,3,0.020749197844056932,0.020749197844056932
1015,3,8,yes,2,0.013877287424482243,0.013877287424482243
1016,3,8,yes,4,0.027765283321003642,0.027765283321003642
1703,3,9,no,1,0.006917278298890717,0.006917278298890717
1704,3,9,no,5,-0.03442726583128497,0.03442726583128497
1705,3,9,yes,3,0.020606017668998278,0.020606017668998278
1017,3,8,yes,12,-0.0829977862585411,0.0829977862585411
2330,3,10,yes,2,0.012668204163147623,0.012668204163147623
1018,3,8,yes,1,0.0068484456234291224,0.0068484456234291224
2820,3,11,no,1,-0.005283976781832678,0.005283976781832678
1019,3,8,no,3,0.02066154190896513,0.02066154190896513
1020,3,8,yes,1,0.006917278298890717,0.006917278298890717
1021,3,8,no,1,-0.006917278298890717,0.006917278298890717
1022,3,8,yes,1,0.006917278298890717,0.006917278298890717
2821,3,11,yes,1,-0.00535544554716183,0.00535544554716183
2822,3,11,yes,1,0.00535544554716183,0.00535544554716183
1023,3,8,no,1,-0.006917278298890717,0.006917278298890717
2823,3,11,yes,1,0.005283976781832678,0.005283976781832678
1706,3,9,yes,4,0.02768516547079497,0.02768516547079497
2331,3,10,no,2,-0.012668204163147623,0.012668204163147623
1707,3,9,no,1,-0.006935967626738038,0.006935967626738038
1024,3,8,no,1,0.006917278298890717,0.006917278298890717
1025,3,8,no,6,0.04163455280051803,0.04163455280051803
1026,3,8,no,3,-0.02082931569426555,0.02082931569426555
1708,3,9,no,1,0.006935967626738038,0.006935967626738038
2332,3,10,no,1,0.006360174775013605,0.006360174775013605
1709,3,9,yes,1,0.006941319797744205,0.006941319797744205
2824,3,11,no,1,-0.005283976781832678,0.005283976781832678
2825,3,11,no,1,-0.00535544554716183,0.00535544554716183
1027,3,8,no,1,0.006943997948260672,0.006943997948260672
2333,3,10,yes,12,-0.07919288729555418,0.07919288729555418
1028,3,8,yes,1,0.006943997948260727,0.006943997948260727
2334,3,10,no,1,0.0067987210476098126,0.0067987210476098126
1029,3,8,no,1,0.00694131979774415,0.00694131979774415
1030,3,8,no,3,-0.02082931569426555,0.02082931569426555
2335,3,10,no,12,0.07870219563607839,0.07870219563607839
2336,3,10,yes,1,0.006254119513938505,0.006254119513938505
2826,3,11,yes,2,0.010639422328994508,0.010639422328994508
2337,3,10,yes,1,0.0061985164077413835,0.0061985164077413835
2338,3,10,yes,1,-0.0061985164077413835,0.0061985164077413835
1031,3,8,yes,1,0.006943997948260672,0.006943997948260672
2339,3,10,yes,8,-0.05143882692225665,0.05143882692225665
1710,3,9,yes,2,0.013887995896521399,0.013887995896521399
2340,3,10,no,1,0.006592049699952862,0.006592049699952862
1032,3,8,no,1,0.006943997948260727,0.006943997948260727
2341,3,10,yes,1,0.006549739658341158,0.006549739658341158
1711,3,9,no,1,0.00694131979774415,0.00694131979774415
1033,3,8,yes,1,0.00694131979774415,0.00694131979774415
1712,3,9,no,7,-0.04855183109940875,0.04855183109940875
2342,3,10,no,19,0.1140255137398204,0.1140255137398204
2343,3,10,no,11,-0.06338866721944292,0.06338866721944292
1713,3,9,no,1,-0.006903969863395976,0.006903969863395976
1714,3,9,no,10,0.06931971827131306,0.06931971827131306
1715,3,9,no,9,-0.06241574840791708,0.06241574840791708
2344,3,10,yes,1,-0.00614129254867346,0.00614129254867346
2345,3,10,no,1,0.00614129254867346,0.00614129254867346
2346,3,10,yes,6,-0.03767261846387138,0.03767261846387138
1716,3,9,yes,2,0.013845227980660957,0.013845227980660957
1034,3,8,no,1,0.006935967626738093,0.006935967626738093
1035,3,8,yes,1,0.00692794968177024,0.00692794968177024
1036,3,8,no,1,-0.00692794968177024,0.00692794968177024
1717,3,9,no,1,-0.00692794968177024,0.00692794968177024
1037,3,8,no,2,-0.013877287424482243,0.013877287424482243
2827,3,11,yes,1,0.0052119315902589,0.0052119315902589
408,3,7,yes,1,0.0052119315902589,0.0052119315902589
2828,3,11,no,1,-0.0052119315902589,0.0052119315902589
2347,3,10,no,1,-0.0064588943083874195,0.0064588943083874195
2348,3,10,no,15,-0.10121542989546006,0.10121542989546006
1038,3,8,no,1,-0.006943997948260727,0.006943997948260727
2349,3,10,yes,1,0.006917278298890772,0.006917278298890772
2350,3,10,yes,1,0.00690396986339592,0.00690396986339592
409,3,7,yes,1,0.0051393804018998734,0.0051393804018998734
2351,3,10,yes,1,0.006888044756477085,0.006888044756477085
2352,3,10,yes,12,0.08050613697669629,0.08050613697669629
1039,3,8,no,3,0.02082128537274297,0.02082128537274297
2353,3,10,no,1,0.0064588943083874195,0.0064588943083874195
1040,3,8,no,3,-0.02082128537274297,0.02082128537274297
1041,3,8,no,1,-0.006943997948260672,0.006943997948260672
2354,3,10,yes,6,0.03767261846387138,0.03767261846387138
410,3,7,yes,11,-0.060416295297420874,0.060416295297420874
1718,3,9,yes,2,-0.013821248162286692,0.013821248162286692
411,3,7,yes,1,0.005833461048261657,0.005833461048261657
412,3,7,yes,1,0.0057680800157665635,0.0057680800157665635
2355,3,10,no,1,-0.00614129254867346,0.00614129254867346
413,3,7,no,1,0.005701604461620269,0.005701604461620269
2829,3,11,yes,3,0.015417704385428,0.015417704385428
1719,3,9,no,2,-0.013757572045569155,0.013757572045569155
2356,3,10,yes,1,-0.0061985164077413835,0.0061985164077413835
2357,3,10,yes,1,0.0061985164077413835,0.0061985164077413835
2358,3,10,no,1,-0.0061985164077413835,0.0061985164077413835
1720,3,9,no,4,0.027578820207855848,0.027578820207855848
2359,3,10,yes,1,-0.006254119513938505,0.006254119513938505
1721,3,9,no,1,-0.006917278298890717,0.006917278298890717
1722,3,9,no,20,0.13735185133189554,0.13735185133189554
1723,3,9,no,3,0.01977399322336293,0.01977399322336293
1724,3,9,no,2,-0.01314178935829402,0.01314178935829402
1725,3,9,yes,1,-0.006632203865068909,0.006632203865068909
1726,3,9,no,1,-0.0066701446519749075,0.0066701446519749075
1727,3,9,yes,1,0.0066701446519749075,0.0066701446519749075
1042,3,8,no,1,0.006943997948260672,0.006943997948260672
2360,3,10,no,1,0.006254119513938505,0.006254119513938505
1728,3,9,no,1,-0.0066701446519749075,0.0066701446519749075
414,3,7,no,1,0.005634110153561744,0.005634110153561744
1729,3,9,no,1,-0.006705817235090228,0.006705817235090228
1730,3,9,yes,1,-0.0067391696291118075,0.0067391696291118075
2361,3,10,no,3,-0.018922323677086128,0.018922323677086128
1731,3,9,no,1,-0.006770152846514388,0.006770152846514388
1732,3,9,yes,1,-0.0067987210476098126,0.0067987210476098126
1733,3,9,yes,1,-0.0068248316823924515,0.0068248316823924515
2362,3,10,no,4,0.02512084008482751,0.02512084008482751
2363,3,10,no,1,0.00614129254867346,0.00614129254867346
2830,3,11,yes,1,-0.005066392393269226,0.005066392393269226
1734,3,9,yes,1,-0.0068484456234291224,0.0068484456234291224
2364,3,10,no,1,-0.00614129254867346,0.00614129254867346
2365,3,10,yes,13,-0.08438467871124389,0.08438467871124389
2831,3,11,no,1,-0.0051393804018998734,0.0051393804018998734
1043,3,8,no,10,0.06900133256819052,0.06900133256819052
2366,3,10,yes,4,0.02674733538124585,0.02674733538124585
2367,3,10,yes,5,0.032516503245170525,0.032516503245170525
1735,3,9,no,13,-0.08999456861577282,0.08999456861577282
1044,3,8,yes,3,0.020308043523236008,0.020308043523236008
2368,3,10,no,2,0.012668204163147623,0.012668204163147623
1736,3,9,yes,1,0.006917278298890717,0.006917278298890717
1737,3,9,yes,6,-0.041252097513677366,0.041252097513677366
1738,3,9,yes,1,0.006824831682392396,0.006824831682392396
1739,3,9,yes,11,0.076061818631803,0.076061818631803
1740,3,9,no,1,-0.00694131979774415,0.00694131979774415
1045,3,8,no,1,-0.0067391696291118075,0.0067391696291118075
1046,3,8,no,1,-0.006770152846514388,0.006770152846514388
1047,3,8,no,8,-0.05497876824305736,0.05497876824305736
2832,3,11,no,2,-0.010495908372091578,0.010495908372091578
2369,3,10,yes,1,0.006254119513938505,0.006254119513938505
415,3,7,yes,2,0.011062038985387268,0.011062038985387268
2370,3,10,no,1,0.0061985164077413835,0.0061985164077413835
2371,3,10,yes,2,0.012223814001834366,0.012223814001834366
1741,3,9,yes,1,-0.006943997948260727,0.006943997948260727
416,3,7,no,3,-0.016696149138949012,0.016696149138949012
2372,3,10,yes,1,-0.006082521453160905,0.006082521453160905
2373,3,10,no,12,0.06874411276660475,0.06874411276660475
417,3,7,no,1,-0.005701604461620269,0.005701604461620269
2374,3,10,no,1,-0.00535544554716183,0.00535544554716183
1048,3,8,no,1,0.00692794968177024,0.00692794968177024
2375,3,10,yes,1,0.00535544554716183,0.00535544554716183
2376,3,10,yes,2,0.010495908372091578,0.010495908372091578
2377,3,10,no,1,-0.0052119315902589,0.0052119315902589
2378,3,10,yes,6,0.03017559390402158,0.03017559390402158
418,3,7,no,3,-0.017499212666921005,0.017499212666921005
2379,3,10,no,1,-0.00484547836750715,0.00484547836750715
1742,3,9,yes,15,0.10268533797849166,0.10268533797849166
419,3,7,no,5,0.028834927282103018,0.028834927282103018
2380,3,10,yes,1,-0.0049193757633081425,0.0049193757633081425
2381,3,10,yes,2,-0.010059427781047514,0.010059427781047514
2382,3,10,no,13,-0.07227460259751262,0.07227460259751262
2383,3,10,no,12,0.06713522219561274,0.06713522219561274
2384,3,10,yes,8,-0.04367537383149278,0.04367537383149278
1049,3,8,no,9,0.06156014103691332,0.06156014103691332
1743,3,9,yes,1,-0.0066701446519749075,0.0066701446519749075
1744,3,9,no,8,-0.054444710109716854,0.054444710109716854
2385,3,10,no,1,-0.0057680800157665635,0.0057680800157665635
1745,3,9,no,1,-0.00690396986339592,0.00690396986339592
1746,3,9,no,12,-0.08312504132668086,0.08312504132668086
1747,3,9,yes,4,0.027637242600533962,0.027637242600533962
2386,3,10,no,11,0.05964922664242844,0.05964922664242844
1050,3,8,no,3,-0.020308043523236008,0.020308043523236008
2833,3,11,yes,3,0.01563528877399145,0.01563528877399145
2387,3,10,no,4,-0.020701681167260677,0.020701681167260677
2388,3,10,yes,6,0.030614092318347108,0.030614092318347108
2389,3,10,no,13,-0.06956163779351487,0.06956163779351487
2834,3,11,yes,2,-0.010351311992158774,0.010351311992158774
1748,3,9,no,1,-0.00692794968177024,0.00692794968177024
1749,3,9,yes,2,0.013863917308508278,0.013863917308508278
1750,3,9,no,2,0.013885317746004877,0.013885317746004877
1751,3,9,yes,1,-0.006943997948260672,0.006943997948260672
1051,3,8,yes,1,-0.0068248316823924515,0.0068248316823924515
1752,3,9,yes,3,0.02082931569426555,0.02082931569426555
1052,3,8,no,7,-0.04829118313979319,0.04829118313979319
2390,3,10,yes,1,0.0057680800157665635,0.0057680800157665635
2391,3,10,yes,1,0.005701604461620269,0.005701604461620269
2392,3,10,no,1,-0.005701604461620269,0.005701604461620269
1753,3,9,yes,4,-0.027770635492009754,0.027770635492009754
2393,3,10,no,10,0.05388114662666188,0.05388114662666188
1754,3,9,yes,7,0.04855183109940886,0.04855183109940886
2394,3,10,no,10,-0.05388114662666188,0.05388114662666188
1755,3,9,yes,3,0.020661541908964964,0.020661541908964964
2395,3,10,no,12,-0.07323726577107492,0.07323726577107492
1756,3,9,no,7,-0.04838405731410822,0.04838405731410822
1053,3,8,yes,3,0.020781195607399106,0.020781195607399106
1757,3,9,no,1,0.00694131979774415,0.00694131979774415
2396,3,10,yes,1,0.006410485830370405,0.006410485830370405
1758,3,9,yes,1,-0.00694131979774415,0.00694131979774415
1759,3,9,yes,1,0.00694131979774415,0.00694131979774415
2835,3,11,no,5,-0.027127727626051867,0.027127727626051867
2397,3,10,yes,9,0.0552252388766763,0.0552252388766763
420,3,7,no,6,-0.034795562979301975,0.034795562979301975
1054,3,8,no,1,-0.006917278298890772,0.006917278298890772
2398,3,10,yes,1,0.005833461048261657,0.005833461048261657
421,3,7,yes,1,0.005960635697198957,0.005960635697198957
1760,3,9,no,1,-0.00694131979774415,0.00694131979774415
2399,3,10,yes,1,0.0057680800157665635,0.0057680800157665635
2400,3,10,no,2,0.011335714615182013,0.011335714615182013
1761,3,9,yes,13,-0.0895142044105754,0.0895142044105754
1762,3,9,yes,2,0.013568873894124145,0.013568873894124145
1763,3,9,yes,1,0.006824831682392396,0.006824831682392396
1764,3,9,yes,5,0.03442726583128497,0.03442726583128497
1055,3,8,no,6,0.04125209751367731,0.04125209751367731
1765,3,9,yes,13,-0.08816035648900022,0.08816035648900022
2401,3,10,no,3,0.01648830529705736,0.01648830529705736
1766,3,9,yes,8,0.053733090657715255,0.053733090657715255
1767,3,9,yes,13,0.08992573594031134,0.08992573594031134
2402,3,10,no,6,-0.033592099928005936,0.033592099928005936
1056,3,8,no,1,-0.0068248316823924515,0.0068248316823924515
2836,3,11,no,5,0.027127727626051867,0.027127727626051867
2403,3,10,no,18,-0.11358336892224252,0.11358336892224252
1057,3,8,no,1,-0.0068484456234291224,0.0068484456234291224
1768,3,9,no,1,-0.00692794968177024,0.00692794968177024
2404,3,10,yes,1,0.006705817235090228,0.006705817235090228
422,3,7,yes,1,0.0058976716028927845,0.0058976716028927845
1769,3,9,no,12,0.0818640526057487,0.0818640526057487
2405,3,10,yes,2,0.013302348517043816,0.013302348517043816
1770,3,9,no,1,-0.0066701446519749075,0.0066701446519749075
1771,3,9,no,1,-0.006705817235090228,0.006705817235090228
1772,3,9,no,4,-0.02713287520562846,0.02713287520562846
1773,3,9,no,1,-0.0068484456234291224,0.0068484456234291224
2406,3,10,yes,3,0.0196471231064127,0.0196471231064127
1058,3,8,yes,2,-0.013757572045569044,0.013757572045569044
1059,3,8,no,1,-0.00690396986339592,0.00690396986339592
1774,3,9,yes,14,-0.0968985384791688,0.0968985384791688
2407,3,10,yes,1,0.0064588943083874195,0.0064588943083874195
1775,3,9,yes,3,0.020749197844056932,0.020749197844056932
2408,3,10,yes,3,0.019078689993518028,0.019078689993518028
1060,3,8,no,1,-0.006917278298890772,0.006917278298890772
1776,3,9,no,7,-0.048180047195447606,0.048180047195447606
2409,3,10,yes,13,-0.0855009166836882,0.0855009166836882
2410,3,10,yes,1,0.0067987210476098126,0.0067987210476098126
1777,3,9,yes,9,0.06205733461992985,0.06205733461992985
2411,3,10,no,2,0.013509322475626195,0.013509322475626195
2412,3,10,no,1,0.006705817235090228,0.006705817235090228
2837,3,11,no,1,-0.005283976781832678,0.005283976781832678
1061,3,8,yes,1,-0.00692794968177024,0.00692794968177024
1778,3,9,no,5,0.03469323300277388,0.03469323300277388
2413,3,10,no,1,0.0066701446519749075,0.0066701446519749075
2838,3,11,yes,1,0.005283976781832678,0.005283976781832678
2414,3,10,yes,1,0.006632203865068909,0.006632203865068909
2415,3,10,yes,1,0.006592049699952862,0.006592049699952862
2416,3,10,no,1,0.006549739658341158,0.006549739658341158
2417,3,10,yes,1,0.00650533374811868,0.00650533374811868
1779,3,9,no,11,-0.07620776302779009,0.07620776302779009
1780,3,9,yes,7,0.04845852797327688,0.04845852797327688
1062,3,8,yes,1,-0.006935967626738093,0.006935967626738093
1781,3,9,yes,6,-0.04157048321679985,0.04157048321679985
2418,3,10,no,13,0.07969616007946234,0.07969616007946234
2419,3,10,no,1,-0.0057680800157665635,0.0057680800157665635
2420,3,10,no,7,0.038947545475167766,0.038947545475167766
2421,3,10,no,12,-0.06874411276660475,0.06874411276660475
1782,3,9,yes,1,0.006903969863395976,0.006903969863395976
1783,3,9,yes,1,0.006917278298890717,0.006917278298890717
2839,3,11,yes,2,-0.010639422328994508,0.010639422328994508
2840,3,11,no,3,0.015851353919253408,0.015851353919253408
2422,3,10,yes,1,0.006082521453160905,0.006082521453160905
1784,3,9,yes,5,-0.03442726583128497,0.03442726583128497
2841,3,11,no,5,-0.026773986702006924,0.026773986702006924
1785,3,9,no,1,0.0068484456234291224,0.0068484456234291224
1786,3,9,yes,6,0.041442737516364125,0.041442737516364125
2423,3,10,yes,1,0.006022277489922678,0.006022277489922678
2424,3,10,no,1,-0.006022277489922678,0.006022277489922678
1063,3,8,no,2,0.013863917308508333,0.013863917308508333
2425,3,10,no,1,-0.006082521453160905,0.006082521453160905
1064,3,8,yes,1,-0.00692794968177024,0.00692794968177024
2426,3,10,no,1,0.006082521453160905,0.006082521453160905
1787,3,9,no,1,0.006941319797744205,0.006941319797744205
2427,3,10,yes,7,-0.04375513991703228,0.04375513991703228
2842,3,11,yes,1,0.005496366471083425,0.005496366471083425
1065,3,8,no,1,0.00692794968177024,0.00692794968177024
1788,3,9,no,11,-0.075626208514054,0.075626208514054
2428,3,10,no,8,0.04977741740695496,0.04977741740695496
1789,3,9,no,1,0.006770152846514277,0.006770152846514277
1790,3,9,yes,3,0.020471998353431387,0.020471998353431387
1791,3,9,yes,1,0.0068695272890921255,0.0068695272890921255
2429,3,10,yes,1,-0.006022277489922678,0.006022277489922678
2430,3,10,yes,4,0.023714045838276077,0.023714045838276077
1792,3,9,yes,5,0.034573210227272,0.034573210227272
2431,3,10,no,1,-0.005833461048261657,0.005833461048261657
2843,3,11,yes,1,0.0054262663116700915,0.0054262663116700915
1793,3,9,no,2,0.013885317746004877,0.013885317746004877
2432,3,10,no,1,0.005833461048261657,0.005833461048261657
2844,3,11,no,1,0.00535544554716183,0.00535544554716183
1794,3,9,yes,1,-0.006943997948260672,0.006943997948260672
2433,3,10,yes,1,-0.005833461048261657,0.005833461048261657
2434,3,10,no,1,-0.0058976716028927845,0.0058976716028927845
2435,3,10,no,2,0.011731132651154441,0.011731132651154441
1795,3,9,no,12,-0.08236537814316586,0.08236537814316586
1796,3,9,yes,1,0.006739169629111863,0.006739169629111863
1797,3,9,yes,1,0.006770152846514277,0.006770152846514277
2436,3,10,no,1,-0.005833461048261657,0.005833461048261657
2437,3,10,yes,5,-0.030104398791848785,0.030104398791848785
2438,3,10,yes,1,0.00614129254867346,0.00614129254867346
1798,3,9,yes,2,0.013623552730002264,0.013623552730002264
2845,3,11,yes,1,-0.00535544554716183,0.00535544554716183
2439,3,10,no,11,0.06338866721944292,0.06338866721944292
1799,3,9,yes,3,0.020606017668998278,0.020606017668998278
1800,3,9,yes,3,0.020749197844056932,0.020749197844056932
1801,3,9,yes,11,-0.0751939079537739,0.0751939079537739
2440,3,10,no,1,-0.0054262663116700915,0.0054262663116700915
2441,3,10,no,1,-0.005496366471083425,0.005496366471083425
1802,3,9,no,12,0.08212987558051194,0.08212987558051194
2442,3,10,yes,3,0.016278078329915346,0.016278078329915346
1803,3,9,no,3,0.020829315694265604,0.020829315694265604
1066,3,8,yes,1,0.006917278298890772,0.006917278298890772
423,3,7,yes,1,-0.0058976716028927845,0.0058976716028927845
2846,3,11,yes,13,-0.07572847617585776,0.07572847617585776
2847,3,11,no,6,0.03630291519959017,0.03630291519959017
1804,3,9,yes,6,-0.0416105113016646,0.0416105113016646
1805,3,9,no,1,-0.006903969863395976,0.006903969863395976
1806,3,9,yes,1,-0.00688804475647703,0.00688804475647703
1067,3,8,yes,1,0.00690396986339592,0.00690396986339592
2848,3,11,no,1,0.005833461048261657,0.005833461048261657
2849,3,11,no,5,0.028165833616335845,0.028165833616335845
2443,3,10,no,11,-0.06266159131344384,0.06266159131344384
1807,3,9,no,4,-0.027341525642523512,0.027341525642523512
424,3,7,no,11,-0.06870228116066002,0.06870228116066002
425,3,7,yes,2,0.0129642280565061,0.0129642280565061
2850,3,11,no,2,0.010781711858831922,0.010781711858831922
426,3,7,yes,1,0.006410485830370405,0.006410485830370405
2444,3,10,no,3,-0.01842233040957575,0.01842233040957575
2445,3,10,no,5,-0.03179170381584395,0.03179170381584395
1068,3,8,no,1,0.006888044756477085,0.006888044756477085
1808,3,9,yes,1,0.006798721047609868,0.006798721047609868
1809,3,9,no,5,-0.0336840054103012,0.0336840054103012
1810,3,9,yes,2,0.01337596188706519,0.01337596188706519
2446,3,10,yes,5,0.03179170381584395,0.03179170381584395
1811,3,9,yes,1,0.006739169629111863,0.006739169629111863
1069,3,8,yes,6,0.04085084811814954,0.04085084811814954
1070,3,8,no,1,-0.0067391696291118075,0.0067391696291118075
1812,3,9,yes,1,0.006770152846514277,0.006770152846514277
2851,3,11,no,13,-0.07488540531527821,0.07488540531527821
2852,3,11,yes,1,0.00614129254867346,0.00614129254867346
1813,3,9,yes,2,0.013623552730002264,0.013623552730002264
1814,3,9,yes,8,0.05523250293753745,0.05523250293753745
1071,3,8,no,1,-0.006770152846514388,0.006770152846514388
427,3,7,no,14,0.08372816707019037,0.08372816707019037
428,3,7,no,3,-0.016901387129485856,0.016901387129485856
2447,3,10,yes,1,0.0061985164077413835,0.0061985164077413835
2853,3,11,no,8,-0.050636846520377476,0.050636846520377476
2854,3,11,yes,1,0.00650533374811868,0.00650533374811868
1815,3,9,no,1,-0.006941319797744205,0.006941319797744205
1072,3,8,yes,1,-0.0067987210476098126,0.0067987210476098126
2448,3,10,no,1,0.00614129254867346,0.00614129254867346
2855,3,11,no,8,0.0502140342254197,0.0502140342254197
2449,3,10,yes,1,0.006082521453160905,0.006082521453160905
1073,3,8,no,1,0.0067987210476098126,0.0067987210476098126
2856,3,11,no,1,-0.006082521453160905,0.006082521453160905
1074,3,8,no,5,0.03351748822776024,0.03351748822776024
1075,3,8,no,1,-0.006632203865068909,0.006632203865068909
1816,3,9,yes,2,-0.013863917308508278,0.013863917308508278
1076,3,8,no,1,-0.0066701446519749075,0.0066701446519749075
1077,3,8,yes,3,-0.020215139710716423,0.020215139710716423
1817,3,9,no,1,-0.006917278298890717,0.006917278298890717
1818,3,9,no,8,-0.05464286273802266,0.05464286273802266
1078,3,8,no,1,-0.0067987210476098126,0.0067987210476098126
2857,3,11,yes,17,0.09443882932164371,0.09443882932164371
2858,3,11,yes,1,-0.0049930353877782885,0.0049930353877782885
1819,3,9,no,1,0.006739169629111863,0.006739169629111863
1820,3,9,no,2,-0.013444986864202146,0.013444986864202146
1821,3,9,yes,1,0.006705817235090283,0.006705817235090283
1822,3,9,yes,1,-0.006705817235090283,0.006705817235090283
1079,3,8,no,1,-0.0068248316823924515,0.0068248316823924515
2859,3,11,no,1,-0.005066392393269226,0.005066392393269226
2450,3,10,no,11,0.06266159131344384,0.06266159131344384
1823,3,9,yes,2,0.013444986864202146,0.013444986864202146
1080,3,8,yes,1,-0.0068484456234291224,0.0068484456234291224
429,3,7,no,2,-0.01160154106402822,0.01160154106402822
1824,3,9,yes,1,0.006770152846514277,0.006770152846514277
1081,3,8,yes,5,0.03398132082905758,0.03398132082905758
1825,3,9,yes,7,0.048050818561287234,0.048050818561287234
2451,3,10,no,5,0.025694716555038966,0.025694716555038966
2860,3,11,no,1,-0.0051393804018998734,0.0051393804018998734
1082,3,8,yes,4,-0.02713287520562846,0.02713287520562846
430,3,7,no,3,-0.01788058479001442,0.01788058479001442
1083,3,8,yes,1,0.0068248316823924515,0.0068248316823924515
1084,3,8,yes,1,0.0067987210476098126,0.0067987210476098126
2861,3,11,no,1,-0.0052119315902589,0.0052119315902589
2452,3,10,yes,1,0.0049193757633081425,0.0049193757633081425
2862,3,11,no,2,-0.010639422328994508,0.010639422328994508
2453,3,10,yes,2,0.009616884808300918,0.009616884808300918
1085,3,8,no,1,0.006770152846514388,0.006770152846514388
2454,3,10,no,11,0.04760481374066938,0.04760481374066938
1086,3,8,no,1,-0.006770152846514388,0.006770152846514388
2455,3,10,no,2,0.007707610282313926,0.007707610282313926
1826,3,9,yes,1,0.00692794968177024,0.00692794968177024
2456,3,10,yes,1,0.0037472034806167454,0.0037472034806167454
2457,3,10,no,12,-0.049739422445129855,0.049739422445129855
2458,3,10,no,1,-0.00462298351148227,0.00462298351148227
2459,3,10,no,5,-0.024226517506375278,0.024226517506375278
2460,3,10,no,1,-0.005066392393269226,0.005066392393269226
2461,3,10,yes,2,0.010059427781047514,0.010059427781047514
2462,3,10,no,6,-0.031050162102200796,0.031050162102200796
1087,3,8,no,3,0.020215139710716423,0.020215139710716423
2463,3,10,yes,1,0.00535544554716183,0.00535544554716183
2863,3,11,no,1,-0.0054262663116700915,0.0054262663116700915
1088,3,8,yes,13,-0.08907119537825603,0.08907119537825603
1827,3,9,no,1,-0.00692794968177024,0.00692794968177024
2464,3,10,yes,2,0.010495908372091578,0.010495908372091578
1089,3,8,no,6,-0.0416105113016646,0.0416105113016646
1090,3,8,yes,1,0.006917278298890717,0.006917278298890717
2465,3,10,no,4,-0.0212776202309235,0.0212776202309235
1091,3,8,yes,2,0.013863917308508278,0.013863917308508278
2466,3,10,yes,6,-0.0339992946645975,0.0339992946645975
2864,3,11,yes,8,-0.04585760196468924,0.04585760196468924
1092,3,8,yes,1,0.006941319797744205,0.006941319797744205
2467,3,10,no,12,0.0654826876906901,0.0654826876906901
2468,3,10,yes,4,0.01952929595938735,0.01952929595938735
2865,3,11,yes,5,0.02916145282574023,0.02916145282574023
1828,3,9,yes,5,-0.03442726583128497,0.03442726583128497
2469,3,10,yes,14,-0.07341044258604923,0.07341044258604923
2866,3,11,yes,19,-0.11834723616453913,0.11834723616453913
1093,3,8,yes,13,0.0895142044105754,0.0895142044105754
1829,3,9,no,4,-0.027132875205628404,0.027132875205628404
2867,3,11,yes,1,0.0066701446519749075,0.0066701446519749075
1830,3,9,yes,1,0.006739169629111863,0.006739169629111863
2470,3,10,yes,1,0.005701604461620269,0.005701604461620269
1094,3,8,yes,5,-0.03411167848903773,0.03411167848903773
2868,3,11,yes,13,0.08251563868682399,0.08251563868682399
1095,3,8,no,4,0.027341525642523345,0.027341525642523345
2869,3,11,no,6,-0.03700675680157095,0.03700675680157095
1096,3,8,no,1,-0.0067987210476098126,0.0067987210476098126
2870,3,11,no,7,0.04296739249876991,0.04296739249876991
1831,3,9,yes,9,0.06174892108957175,0.06174892108957175
2871,3,11,yes,1,0.0058976716028927845,0.0058976716028927845
1097,3,8,no,3,-0.020542804594913533,0.020542804594913533
1098,3,8,yes,2,0.013717972912521081,0.013717972912521081
1099,3,8,no,6,-0.0413552155130551,0.0413552155130551
431,3,7,yes,1,-0.006082521453160905,0.006082521453160905
2471,3,10,yes,1,0.005634110153561744,0.005634110153561744
2472,3,10,yes,3,0.01648830529705736,0.01648830529705736
2473,3,10,no,7,0.03596953786550894,0.03596953786550894
1100,3,8,no,1,0.00692794968177024,0.00692794968177024
2872,3,11,yes,1,0.005833461048261657,0.005833461048261657
432,3,7,no,10,-0.0637786358786715,0.0637786358786715
2474,3,10,no,1,-0.0049193757633081425,0.0049193757633081425
2475,3,10,no,6,-0.031050162102200796,0.031050162102200796
1832,3,9,yes,8,-0.054978768243057474,0.054978768243057474
1833,3,9,yes,1,0.006798721047609868,0.006798721047609868
433,3,7,no,1,0.006592049699952862,0.006592049699952862
434,3,7,no,8,0.051045293630045174,0.051045293630045174
2476,3,10,no,1,-0.0054262663116700915,0.0054262663116700915
435,3,7,no,1,-0.0061985164077413835,0.0061985164077413835
436,3,7,no,8,0.04790445626361839,0.04790445626361839
2873,3,11,no,1,-0.005833461048261657,0.005833461048261657
2477,3,10,no,1,0.0054262663116700915,0.0054262663116700915
2874,3,11,no,10,-0.0616357247070467,0.0616357247070467
1834,3,9,no,3,0.020542804594913644,0.020542804594913644
2875,3,11,yes,11,0.06746918575530836,0.06746918575530836
2478,3,10,no,11,0.054906627732280056,0.054906627732280056
2479,3,10,no,1,-0.00462298351148227,0.00462298351148227
1101,3,8,no,1,-0.00692794968177024,0.00692794968177024
2480,3,10,no,12,-0.0612062770035513,0.0612062770035513
2481,3,10,no,1,-0.005565672514303843,0.005565672514303843
1102,3,8,yes,1,0.00692794968177024,0.00692794968177024
2482,3,10,yes,1,0.005565672514303843,0.005565672514303843
2876,3,11,no,4,-0.023714045838276077,0.023714045838276077
2877,3,11,no,1,-0.006082521453160905,0.006082521453160905
437,3,7,yes,1,0.005701604461620269,0.005701604461620269
2878,3,11,yes,1,0.006082521453160905,0.006082521453160905
2483,3,10,yes,6,-0.03440059979640686,0.03440059979640686
2484,3,10,yes,1,0.0058976716028927845,0.0058976716028927845
2879,3,11,yes,1,-0.006082521453160905,0.006082521453160905
1103,3,8,yes,1,0.006917278298890772,0.006917278298890772
2880,3,11,yes,1,0.006082521453160905,0.006082521453160905
438,3,7,yes,14,0.07240605967141689,0.07240605967141689
1835,3,9,no,3,-0.020542804594913644,0.020542804594913644
439,3,7,no,5,-0.024226517506375278,0.024226517506375278
1836,3,9,no,1,0.006824831682392396,0.006824831682392396
440,3,7,no,11,-0.05964922664242844,0.05964922664242844
2485,3,10,yes,1,0.005833461048261657,0.005833461048261657
2881,3,11,yes,1,0.006022277489922678,0.006022277489922678
1104,3,8,no,1,0.00690396986339592,0.00690396986339592
441,3,7,yes,10,0.05458283424915922,0.05458283424915922
442,3,7,no,2,-0.010351311992158774,0.010351311992158774
2486,3,10,yes,3,0.017103794630948577,0.017103794630948577
2487,3,10,yes,1,-0.005634110153561744,0.005634110153561744
1105,3,8,no,5,0.03422957039900043,0.03422957039900043
2882,3,11,no,4,0.023459848364119962,0.023459848364119962
1837,3,9,yes,15,-0.09857986788001905,0.09857986788001905
2883,3,11,no,8,-0.04790445626361839,0.04790445626361839
443,3,7,no,8,-0.044231522257000444,0.044231522257000444
2884,3,11,no,3,0.01842233040957575,0.01842233040957575
1106,3,8,no,1,0.006770152846514388,0.006770152846514388
1107,3,8,no,1,0.0067391696291118075,0.0067391696291118075
1838,3,9,yes,1,0.006254119513938561,0.006254119513938561
1839,3,9,yes,1,0.006308029388133907,0.006308029388133907
1840,3,9,yes,1,0.006360174775013716,0.006360174775013716
2885,3,11,no,12,-0.07649336119690131,0.07649336119690131
1841,3,9,yes,1,0.006410485830370238,0.006410485830370238
2886,3,11,no,5,0.03273822127986903,0.03273822127986903
1842,3,9,yes,1,0.0064588943083875305,0.0064588943083875305
1843,3,9,no,1,0.00650533374811868,0.00650533374811868
1844,3,9,yes,1,0.006549739658341158,0.006549739658341158
1845,3,9,yes,1,0.006592049699952696,0.006592049699952696
2887,3,11,yes,2,0.01277066060538401,0.01277066060538401
1108,3,8,no,3,-0.020308043523236008,0.020308043523236008
1846,3,9,yes,15,0.10237354389530001,0.10237354389530001
1109,3,8,yes,1,0.0067987210476098126,0.0067987210476098126
2488,3,10,yes,1,0.005634110153561744,0.005634110153561744
1110,3,8,no,5,-0.03422957039900043,0.03422957039900043
1111,3,8,no,10,0.06774705862676067,0.06774705862676067
1847,3,9,no,10,-0.06885605566753972,0.06885605566753972
1112,3,8,yes,3,0.0196471231064127,0.0196471231064127
2489,3,10,yes,1,0.005565672514303843,0.005565672514303843
2888,3,11,yes,1,0.006308029388134018,0.006308029388134018
2889,3,11,yes,1,-0.006308029388134018,0.006308029388134018
2890,3,11,no,8,0.04886506410166269,0.04886506410166269
1848,3,9,yes,2,0.013623552730002264,0.013623552730002264
2891,3,11,no,1,-0.0058976716028927845,0.0058976716028927845
1113,3,8,no,13,-0.08739418173317337,0.08739418173317337
2892,3,11,no,1,-0.005960635697198957,0.005960635697198957
1849,3,9,yes,1,-0.006824831682392396,0.006824831682392396
1850,3,9,no,1,-0.006798721047609868,0.006798721047609868
1114,3,8,yes,7,0.047738892874626626,0.047738892874626626
1115,3,8,no,1,0.006705817235090228,0.006705817235090228
2893,3,11,no,13,-0.08251563868682399,0.08251563868682399
1116,3,8,no,8,-0.054444710109716854,0.054444710109716854
444,3,7,no,1,-0.005833461048261657,0.005833461048261657
2490,3,10,yes,4,-0.02266946714525242,0.02266946714525242
2894,3,11,no,1,0.006632203865068909,0.006632203865068909
2895,3,11,no,1,0.006592049699952862,0.006592049699952862
1851,3,9,yes,5,-0.033517488227760295,0.033517488227760295
1852,3,9,no,1,0.006632203865068964,0.006632203865068964
445,3,7,yes,14,0.07539509884177653,0.07539509884177653
1853,3,9,yes,1,0.0066701446519749075,0.0066701446519749075
2896,3,11,yes,2,0.013055073406459838,0.013055073406459838
2491,3,10,yes,1,0.0057680800157665635,0.0057680800157665635
446,3,7,no,5,-0.02533011553651443,0.02533011553651443
447,3,7,no,1,-0.005283976781832678,0.005283976781832678
2897,3,11,yes,1,0.0064588943083874195,0.0064588943083874195
1854,3,9,no,1,-0.0066701446519749075,0.0066701446519749075
2898,3,11,yes,1,0.006410485830370405,0.006410485830370405
1855,3,9,yes,1,0.0066701446519749075,0.0066701446519749075
1856,3,9,yes,1,0.006705817235090283,0.006705817235090283
448,3,7,yes,1,-0.00535544554716183,0.00535544554716183
2492,3,10,yes,1,0.005701604461620269,0.005701604461620269
2899,3,11,yes,1,0.006360174775013605,0.006360174775013605
1117,3,8,no,1,0.006888044756477085,0.006888044756477085
2493,3,10,no,14,0.07240605967141689,0.07240605967141689
449,3,7,yes,3,-0.01648830529705736,0.01648830529705736
2494,3,10,no,1,0.00462298351148227,0.00462298351148227
2495,3,10,no,1,-0.00462298351148227,0.00462298351148227
1118,3,8,yes,1,0.006869527289091959,0.006869527289091959
2496,3,10,no,1,-0.004697221546987929,0.004697221546987929
2900,3,11,yes,1,0.006308029388134018,0.006308029388134018
2497,3,10,no,1,0.004697221546987929,0.004697221546987929
2498,3,10,no,5,-0.024226517506375278,0.024226517506375278
450,3,7,no,1,0.005565672514303843,0.005565672514303843
1119,3,8,yes,2,0.013673277305821574,0.013673277305821574
3225,5,17,no,19,-0.12896466494997322,0.12896466494997322
3226,5,17,yes,1,0.00650533374811868,0.00650533374811868
3227,5,17,yes,1,0.006549739658341158,0.006549739658341158
3228,5,17,yes,1,0.006592049699952696,0.006592049699952696
2499,3,10,no,1,-0.005066392393269226,0.005066392393269226
2500,3,10,no,1,0.005066392393269226,0.005066392393269226
3229,5,17,yes,1,0.006632203865068964,0.006632203865068964
3230,5,17,yes,1,0.0066701446519749075,0.0066701446519749075
3231,5,17,yes,1,0.006705817235090283,0.006705817235090283
1857,3,9,no,6,-0.03965528885854669,0.03965528885854669
3232,5,17,no,1,-0.006705817235090283,0.006705817235090283
2501,3,10,no,1,-0.005066392393269226,0.005066392393269226
2502,3,10,no,1,-0.0051393804018998734,0.0051393804018998734
1858,3,9,yes,2,0.013055073406459838,0.013055073406459838
3233,5,17,yes,1,0.006705817235090283,0.006705817235090283
3234,5,17,yes,1,0.006739169629111863,0.006739169629111863
1120,3,8,no,1,0.0067987210476098126,0.0067987210476098126
1121,3,8,yes,1,-0.0067987210476098126,0.0067987210476098126
3235,5,17,no,2,-0.013444986864202146,0.013444986864202146
1122,3,8,yes,1,0.0067987210476098126,0.0067987210476098126
1859,3,9,no,1,0.006592049699952696,0.006592049699952696
2503,3,10,no,6,0.02973506875455645,0.02973506875455645
3236,5,17,no,12,-0.07708098439571526,0.07708098439571526
2504,3,10,no,1,-0.004771406440793768,0.004771406440793768
3237,5,17,no,1,-0.006082521453160961,0.006082521453160961
2505,3,10,no,1,-0.00484547836750715,0.00484547836750715
1123,3,8,no,7,-0.04805081856128712,0.04805081856128712
3238,5,17,yes,1,0.006082521453160961,0.006082521453160961
1124,3,8,no,1,0.006917278298890772,0.006917278298890772
2506,3,10,yes,1,-0.0049193757633081425,0.0049193757633081425
2507,3,10,no,1,-0.0049930353877782885,0.0049930353877782885
1860,3,9,yes,4,-0.026106017414800065,0.026106017414800065
3239,5,17,no,2,-0.012104798943083528,0.012104798943083528
1861,3,9,no,3,-0.01907868999351786,0.01907868999351786
1125,3,8,no,2,0.013792014619873005,0.013792014619873005
1126,3,8,yes,3,0.020542804594913533,0.020542804594913533
2508,3,10,no,1,-0.005066392393269226,0.005066392393269226
3240,5,17,yes,1,0.006022277489922567,0.006022277489922567
451,3,7,no,17,0.08357974359621312,0.08357974359621312
1862,3,9,yes,8,0.05181691127338689,0.05181691127338689
2901,3,11,no,1,0.006254119513938505,0.006254119513938505
2902,3,11,yes,1,0.0061985164077413835,0.0061985164077413835
452,3,7,no,1,-0.004326632768974825,0.004326632768974825
2509,3,10,yes,1,0.005066392393269226,0.005066392393269226
2903,3,11,no,1,0.00614129254867346,0.00614129254867346
1863,3,9,no,2,-0.01322425356502166,0.01322425356502166
2510,3,10,no,1,-0.005066392393269226,0.005066392393269226
453,3,7,no,13,-0.06297503249732295,0.06297503249732295
3241,5,17,yes,7,0.04375513991703228,0.04375513991703228
3242,5,17,yes,1,0.0064588943083875305,0.0064588943083875305
454,3,7,no,5,-0.027477860997780934,0.027477860997780934
2511,3,10,no,8,-0.043113149771772385,0.043113149771772385
3243,5,17,yes,2,0.013055073406459838,0.013055073406459838
1864,3,9,no,1,0.006592049699952696,0.006592049699952696
1865,3,9,no,1,0.006632203865068964,0.006632203865068964
2904,3,11,no,1,-0.00614129254867346,0.00614129254867346
1127,3,8,no,1,0.0067987210476098126,0.0067987210476098126
3244,5,17,yes,1,0.006592049699952696,0.006592049699952696
455,3,7,yes,1,0.005634110153561744,0.005634110153561744
2512,3,10,no,9,0.04817954216504161,0.04817954216504161
1866,3,9,yes,3,-0.019773993223362818,0.019773993223362818
2513,3,10,no,1,-0.005066392393269226,0.005066392393269226
1867,3,9,yes,1,0.006549739658341158,0.006549739658341158
2905,3,11,no,1,-0.0061985164077413835,0.0061985164077413835
3245,5,17,yes,1,0.006632203865068964,0.006632203865068964
1868,3,9,no,12,0.08124307819010951,0.08124307819010951
456,3,7,no,1,0.005565672514303843,0.005565672514303843
1869,3,9,yes,1,-0.006903969863395976,0.006903969863395976
3246,5,17,yes,10,0.06801882462508785,0.06801882462508785
3247,5,17,no,2,-0.013792014619873005,0.013792014619873005
3248,5,17,no,1,-0.0068695272890921255,0.0068695272890921255
3249,5,17,no,3,-0.020471998353431387,0.020471998353431387
2514,3,10,yes,3,0.014978803544355657,0.014978803544355657
3250,5,17,yes,1,0.006798721047609868,0.006798721047609868
3251,5,17,yes,1,0.006824831682392396,0.006824831682392396
457,3,7,no,4,-0.02266946714525242,0.02266946714525242
3252,5,17,yes,5,0.03442726583128497,0.03442726583128497
1870,3,9,yes,3,0.020749197844056932,0.020749197844056932
1871,3,9,yes,13,-0.08849625647081777,0.08849625647081777
2515,3,10,yes,2,0.009616884808300918,0.009616884808300918
2906,3,11,yes,1,-0.006254119513938505,0.006254119513938505
3253,5,17,no,1,-0.006917278298890717,0.006917278298890717
3254,5,17,no,11,-0.07465102849015681,0.07465102849015681
2516,3,10,no,7,-0.03494700034481535,0.03494700034481535
1128,3,8,yes,1,0.006770152846514388,0.006770152846514388
3255,5,17,no,2,-0.013141789358293854,0.013141789358293854
458,3,7,yes,1,0.0057680800157665635,0.0057680800157665635
2907,3,11,no,7,0.042557034713528674,0.042557034713528674
3256,5,17,no,1,-0.00650533374811868,0.00650533374811868
3257,5,17,no,14,-0.08539776454108267,0.08539776454108267
3258,5,17,yes,1,0.005701604461620324,0.005701604461620324
3259,5,17,yes,1,0.0057680800157664525,0.0057680800157664525
2517,3,10,no,1,0.0052119315902589,0.0052119315902589
3260,5,17,yes,1,0.005833461048261823,0.005833461048261823
2908,3,11,no,3,0.01730314552564849,0.01730314552564849
3261,5,17,yes,1,0.005897671602892618,0.005897671602892618
3262,5,17,no,1,-0.005897671602892618,0.005897671602892618
1872,3,9,no,1,0.006632203865068964,0.006632203865068964
3263,5,17,yes,2,0.011858307300091686,0.011858307300091686
3264,5,17,yes,1,0.006022277489922567,0.006022277489922567
2518,3,10,yes,2,0.010205772795169099,0.010205772795169099
2519,3,10,no,3,0.014757889518593581,0.014757889518593581
2520,3,10,yes,1,-0.00484547836750715,0.00484547836750715
2521,3,10,yes,2,0.009616884808300918,0.009616884808300918
2522,3,10,no,4,-0.01952929595938735,0.01952929595938735
2523,3,10,no,1,-0.005066392393269226,0.005066392393269226
3265,5,17,no,1,-0.006022277489922567,0.006022277489922567
2909,3,11,no,1,-0.005701604461620269,0.005701604461620269
2910,3,11,yes,5,-0.02948212585404264,0.02948212585404264
3266,5,17,yes,1,0.006022277489922567,0.006022277489922567
3267,5,17,no,1,-0.006022277489922567,0.006022277489922567
1129,3,8,no,1,-0.006770152846514388,0.006770152846514388
3268,5,17,yes,1,0.006022277489922567,0.006022277489922567
3269,5,17,yes,1,0.006082521453160961,0.006082521453160961
3270,5,17,no,2,-0.012104798943083528,0.012104798943083528
2524,3,10,no,1,-0.0051393804018998734,0.0051393804018998734
2525,3,10,yes,1,0.0051393804018998734,0.0051393804018998734
3271,5,17,yes,1,0.006022277489922567,0.006022277489922567
2526,3,10,no,1,0.005066392393269226,0.005066392393269226
2527,3,10,no,1,0.0049930353877782885,0.0049930353877782885
2911,3,11,no,1,-0.006082521453160905,0.006082521453160905
2528,3,10,yes,6,0.02840521599689494,0.02840521599689494
2529,3,10,yes,1,0.004474578305496801,0.004474578305496801
3272,5,17,no,10,-0.0573061457662819,0.0573061457662819
3273,5,17,yes,12,0.06952995976811632,0.06952995976811632
2530,3,10,no,14,-0.06935622271626263,0.06935622271626263
2531,3,10,yes,1,0.0054262663116700915,0.0054262663116700915
459,3,7,no,12,-0.07323726577107492,0.07323726577107492
3274,5,17,yes,11,0.0709396918470418,0.0709396918470418
3275,5,17,no,2,-0.013302348517043872,0.013302348517043872
3276,5,17,no,1,-0.006592049699952696,0.006592049699952696
3277,5,17,yes,8,0.053733090657715255,0.053733090657715255
2532,3,10,yes,1,0.00535544554716183,0.00535544554716183
460,3,7,yes,1,0.006410485830370405,0.006410485830370405
3278,5,17,no,2,-0.013623552730002264,0.013623552730002264
461,3,7,yes,15,0.0892245335412738,0.0892245335412738
2533,3,10,no,1,0.005283976781832678,0.005283976781832678
3279,5,17,yes,9,0.06191473586979551,0.06191473586979551
3280,5,17,no,1,-0.006935967626738038,0.006935967626738038
2534,3,10,no,1,-0.005283976781832678,0.005283976781832678
3281,5,17,no,13,-0.08849625647081777,0.08849625647081777
1873,3,9,no,1,-0.006632203865068964,0.006632203865068964
1874,3,9,no,1,0.006632203865068964,0.006632203865068964
3282,5,17,no,20,-0.12174103678644421,0.12174103678644421
3283,5,17,no,5,-0.026417000632823456,0.026417000632823456
3284,5,17,yes,9,0.04881475423339279,0.04881475423339279
2912,3,11,no,1,-0.00614129254867346,0.00614129254867346
3285,5,17,yes,1,0.0057680800157664525,0.0057680800157664525
3286,5,17,yes,16,0.10020740703517739,0.10020740703517739
3287,5,17,no,20,-0.12287687418042981,0.12287687418042981
3288,5,17,no,2,-0.010922632782753405,0.010922632782753405
1875,3,9,no,1,-0.006632203865068964,0.006632203865068964
2535,3,10,no,1,0.005283976781832678,0.005283976781832678
3289,5,17,yes,1,0.005426266311670036,0.005426266311670036
3290,5,17,yes,11,0.06410369345644629,0.06410369345644629
3291,5,17,yes,11,0.0709396918470418,0.0709396918470418
2536,3,10,no,10,0.04881595577010123,0.04881595577010123
2913,3,11,yes,1,-0.0061985164077413835,0.0061985164077413835
462,3,7,no,13,-0.07655632937812618,0.07655632937812618
2537,3,10,yes,1,0.004474578305496801,0.004474578305496801
3292,5,17,yes,11,0.0751939079537739,0.0751939079537739
1876,3,9,no,1,-0.006592049699952696,0.006592049699952696
3293,5,17,no,5,-0.03450676988962609,0.03450676988962609
2538,3,10,yes,1,0.004400521639892241,0.004400521639892241
2539,3,10,no,7,-0.03236094017897584,0.03236094017897584
463,3,7,yes,15,0.0873380412369581,0.0873380412369581
3294,5,17,no,1,-0.0068484456234291224,0.0068484456234291224
2540,3,10,no,3,0.014314106355288847,0.014314106355288847
3295,5,17,no,6,-0.040508837092693595,0.040508837092693595
3296,5,17,no,2,-0.01322425356502166,0.01322425356502166
3297,5,17,yes,11,0.07433910832671353,0.07433910832671353
3298,5,17,yes,9,0.06239176858954282,0.06239176858954282
464,3,7,no,12,-0.06874411276660475,0.06874411276660475
1877,3,9,no,1,-0.006549739658341158,0.006549739658341158
2914,3,11,yes,1,0.0061985164077413835,0.0061985164077413835
3299,5,17,no,11,-0.07614934063511197,0.07614934063511197
465,3,7,yes,3,0.01806543464028254,0.01806543464028254
2541,3,10,no,4,0.018046833823686992,0.018046833823686992
2542,3,10,no,1,-0.004400521639892241,0.004400521639892241
3300,5,17,no,5,-0.033981320829057526,0.033981320829057526
2543,3,10,yes,6,-0.027960418539083598,0.027960418539083598
2544,3,10,yes,1,0.00484547836750715,0.00484547836750715
2545,3,10,yes,2,0.009468627987781697,0.009468627987781697
466,3,7,yes,4,0.023200817128541273,0.023200817128541273
2546,3,10,no,10,-0.050283644220797785,0.050283644220797785
2547,3,10,yes,2,0.010639422328994508,0.010639422328994508
3301,5,17,no,20,-0.12505305339962935,0.12505305339962935
3302,5,17,no,1,-0.005634110153561633,0.005634110153561633
3303,5,17,yes,4,0.022937255679210233,0.022937255679210233
1878,3,9,no,13,0.08779281784845067,0.08779281784845067
3304,5,17,yes,16,0.10104409063889047,0.10104409063889047
2915,3,11,yes,1,0.00614129254867346,0.00614129254867346
1879,3,9,yes,1,-0.006903969863395976,0.006903969863395976
1880,3,9,no,1,-0.00688804475647703,0.00688804475647703
3305,5,17,no,1,-0.0066701446519749075,0.0066701446519749075
1881,3,9,no,1,0.00688804475647703,0.00688804475647703
2548,3,10,no,1,0.0052119315902589,0.0052119315902589
467,3,7,yes,1,0.005634110153561744,0.005634110153561744
1882,3,9,yes,1,-0.00688804475647703,0.00688804475647703
1130,3,8,no,10,0.06603399147293076,0.06603399147293076
1131,3,8,no,5,-0.032516503245170525,0.032516503245170525
1132,3,8,no,4,-0.02674733538124585,0.02674733538124585
2549,3,10,no,1,0.0051393804018998734,0.0051393804018998734
468,3,7,no,11,0.05730332153007345,0.05730332153007345
469,3,7,no,1,-0.00484547836750715,0.00484547836750715
3306,5,17,no,2,-0.01322425356502166,0.01322425356502166
1883,3,9,no,1,-0.0068695272890921255,0.0068695272890921255
3307,5,17,yes,1,0.006592049699952696,0.006592049699952696
3308,5,17,yes,1,0.006632203865068964,0.006632203865068964
3309,5,17,yes,2,0.01337596188706519,0.01337596188706519
1884,3,9,yes,12,-0.08009550399599175,0.08009550399599175
1133,3,8,yes,6,0.03988912473953987,0.03988912473953987
1134,3,8,no,2,-0.01314178935829402,0.01314178935829402
3310,5,17,no,12,-0.07764550908213208,0.07764550908213208
470,3,7,yes,1,-0.0049193757633081425,0.0049193757633081425
1885,3,9,yes,13,0.08696503128508387,0.08696503128508387
3311,5,17,no,12,-0.06952995976811632,0.06952995976811632
1886,3,9,no,4,0.027637242600533962,0.027637242600533962
1887,3,9,yes,1,-0.00692794968177024,0.00692794968177024
1888,3,9,no,16,0.11031944151682788,0.11031944151682788
3312,5,17,yes,1,0.005426266311670036,0.005426266311670036
3313,5,17,yes,2,0.011062038985387379,0.011062038985387379
3314,5,17,no,20,-0.09757793654902616,0.09757793654902616
1889,3,9,no,2,-0.0135688738941242,0.0135688738941242
3315,5,17,yes,3,0.012759153207483831,0.012759153207483831
3316,5,17,yes,15,0.07375674435615495,0.07375674435615495
3317,5,17,yes,10,0.057962400907772826,0.057962400907772826
471,3,7,no,6,-0.031050162102200796,0.031050162102200796
472,3,7,yes,20,0.09319123641447924,0.09319123641447924
473,3,7,yes,1,0.0038895110895871277,0.0038895110895871277
1890,3,9,no,1,-0.0068248316823924515,0.0068248316823924515
1891,3,9,no,1,-0.0068484456234291224,0.0068484456234291224
3318,5,17,yes,1,0.00614129254867346,0.00614129254867346
3319,5,17,yes,1,0.006198516407741439,0.006198516407741439
3320,5,17,yes,2,0.012562148902072467,0.012562148902072467
3321,5,17,no,1,-0.006308029388133907,0.006308029388133907
474,3,7,yes,1,-0.0038895110895871277,0.0038895110895871277
2916,3,11,no,2,-0.012339808956414844,0.012339808956414844
475,3,7,no,4,-0.01628116344931496,0.01628116344931496
2550,3,10,no,1,0.005066392393269226,0.005066392393269226
1892,3,9,yes,2,-0.013757572045569044,0.013757572045569044
3322,5,17,no,1,-0.006254119513938561,0.006254119513938561
1135,3,8,no,1,-0.006632203865068909,0.006632203865068909
476,3,7,no,9,-0.04094053509965534,0.04094053509965534
3323,5,17,yes,1,0.006254119513938561,0.006254119513938561
1893,3,9,no,5,-0.034626485268539176,0.034626485268539176
477,3,7,no,6,-0.030614092318347108,0.030614092318347108
1894,3,9,no,1,0.00694131979774415,0.00694131979774415
2551,3,10,yes,1,0.0049930353877782885,0.0049930353877782885
3324,5,17,yes,1,0.006308029388133907,0.006308029388133907
1895,3,9,yes,4,0.027685165470795026,0.027685165470795026
3325,5,17,no,7,-0.04296739249876996,0.04296739249876996
1136,3,8,no,2,0.01322425356502177,0.01322425356502177
3326,5,17,yes,2,0.011982913187121635,0.011982913187121635
1137,3,8,no,1,-0.006592049699952862,0.006592049699952862
3327,5,17,no,1,-0.006022277489922567,0.006022277489922567
2917,3,11,yes,1,0.0061985164077413835,0.0061985164077413835
3328,5,17,yes,11,0.06929138512180222,0.06929138512180222
1896,3,9,yes,1,0.006888044756477085,0.006888044756477085
1897,3,9,no,1,-0.006888044756477085,0.006888044756477085
478,3,7,yes,1,0.005283976781832678,0.005283976781832678
2552,3,10,no,3,0.014536260571609061,0.014536260571609061
1898,3,9,no,1,-0.00690396986339592,0.00690396986339592
2553,3,10,no,1,0.004697221546987929,0.004697221546987929
2554,3,10,no,1,0.00462298351148227,0.00462298351148227
3329,5,17,yes,9,0.06058153628114438,0.06058153628114438
3330,5,17,no,7,-0.04735728271612272,0.04735728271612272
3331,5,17,no,1,-0.006632203865068964,0.006632203865068964
1899,3,9,no,6,-0.041610511301664654,0.041610511301664654
479,3,7,no,1,-0.005283976781832678,0.005283976781832678
2555,3,10,no,1,-0.00462298351148227,0.00462298351148227
1138,3,8,yes,4,-0.02674733538124585,0.02674733538124585
3332,5,17,no,15,-0.09357520317010842,0.09357520317010842
2556,3,10,no,1,0.00462298351148227,0.00462298351148227
3333,5,17,yes,1,0.005833461048261823,0.005833461048261823
3334,5,17,yes,14,0.0877417421218466,0.0877417421218466
3335,5,17,no,12,-0.07588343482175491,0.07588343482175491
1139,3,8,yes,1,-0.006770152846514388,0.006770152846514388
3336,5,17,yes,1,0.006022277489922567,0.006022277489922567
480,3,7,no,1,0.005283976781832678,0.005283976781832678
3337,5,17,yes,1,0.006082521453160961,0.006082521453160961
2918,3,11,no,1,0.00614129254867346,0.00614129254867346
3338,5,17,yes,1,0.00614129254867346,0.00614129254867346
3339,5,17,yes,7,0.04449555397170407,0.04449555397170407
1900,3,9,no,1,-0.006941319797744205,0.006941319797744205
3340,5,17,no,1,-0.00650533374811868,0.00650533374811868
2557,3,10,no,1,-0.00462298351148227,0.00462298351148227
1901,3,9,yes,2,0.013885317746004877,0.013885317746004877
2558,3,10,no,1,0.00462298351148227,0.00462298351148227
3341,5,17,no,1,-0.0064588943083875305,0.0064588943083875305
481,3,7,no,1,-0.005283976781832678,0.005283976781832678
3342,5,17,no,1,-0.006410485830370238,0.006410485830370238
482,3,7,no,1,0.005283976781832678,0.005283976781832678
1902,3,9,no,9,-0.062176500885798125,0.062176500885798125
1903,3,9,no,1,-0.006824831682392396,0.006824831682392396
1904,3,9,yes,5,0.03433481921478665,0.03433481921478665
1905,3,9,yes,1,0.006917278298890717,0.006917278298890717
483,3,7,yes,13,0.062017688484465094,0.062017688484465094
3343,5,17,no,6,-0.037344654086662044,0.037344654086662044
2559,3,10,no,1,0.004548750366815679,0.004548750366815679
2919,3,11,yes,13,-0.08378680163080554,0.08378680163080554
2920,3,11,yes,11,0.0714469926743907,0.0714469926743907
484,3,7,no,6,-0.027070688139649746,0.027070688139649746
2560,3,10,yes,1,0.004474578305496801,0.004474578305496801
3344,5,17,yes,1,0.006082521453160961,0.006082521453160961
3345,5,17,yes,1,0.00614129254867346,0.00614129254867346
2561,3,10,yes,1,-0.004474578305496801,0.004474578305496801
3346,5,17,yes,5,0.03153132591519786,0.03153132591519786
2921,3,11,yes,2,-0.012562148902072523,0.012562148902072523
485,3,7,no,1,-0.004771406440793768,0.004771406440793768
2922,3,11,yes,2,0.012562148902072523,0.012562148902072523
3347,5,17,no,1,-0.006410485830370238,0.006410485830370238
3348,5,17,yes,4,0.025924453545217607,0.025924453545217607
3884,5,18,no,2,0.0019965119785772395,0.0019965119785772395
1906,3,9,yes,1,-0.006917278298890717,0.006917278298890717
2923,3,11,no,4,-0.025332809507456533,0.025332809507456533
3349,5,17,no,1,-0.006549739658341158,0.006549739658341158
486,3,7,yes,4,-0.019824281911862807,0.019824281911862807
2924,3,11,yes,3,0.019078689993518028,0.019078689993518028
1907,3,9,no,6,0.0416105113016646,0.0416105113016646
3350,5,17,yes,7,-0.04449555397170407,0.04449555397170407
3351,5,17,no,20,-0.11034497600113255,0.11034497600113255
3352,5,17,no,2,-0.009468627987781753,0.009468627987781753
1908,3,9,no,13,-0.0895142044105754,0.0895142044105754
3353,5,17,no,1,-0.004622983511482132,0.004622983511482132
2925,3,11,no,20,-0.13368096387913575,0.13368096387913575
1140,3,8,yes,4,0.02688528436269133,0.02688528436269133
2562,3,10,no,8,-0.03846464377794245,0.03846464377794245
3354,5,17,yes,1,0.004622983511482132,0.004622983511482132
2926,3,11,no,1,0.00692794968177024,0.00692794968177024
2927,3,11,no,7,0.04805081856128712,0.04805081856128712
1909,3,9,no,1,-0.006739169629111863,0.006739169629111863
487,3,7,yes,5,0.024595688352656575,0.024595688352656575
2928,3,11,no,1,0.006770152846514388,0.006770152846514388
1910,3,9,yes,1,0.006739169629111863,0.006739169629111863
2563,3,10,no,1,0.005066392393269226,0.005066392393269226
488,3,7,no,11,-0.05650905545656337,0.05650905545656337
3355,5,17,no,8,-0.03491245472983462,0.03491245472983462
2929,3,11,no,1,0.0067391696291118075,0.0067391696291118075
3356,5,17,yes,1,0.0041064676986638515,0.0041064676986638515
2930,3,11,yes,1,0.006705817235090228,0.006705817235090228
1141,3,8,no,1,0.006632203865068909,0.006632203865068909
2931,3,11,no,14,0.0891857833387989,0.0891857833387989
2932,3,11,yes,1,-0.006022277489922678,0.006022277489922678
3357,5,17,yes,1,0.004179558286804497,0.004179558286804497
3358,5,17,yes,8,0.03609505673214802,0.03609505673214802
3359,5,17,yes,2,0.009764854130815348,0.009764854130815348
3360,5,17,yes,9,0.047538467399258294,0.047538467399258294
3361,5,17,no,1,-0.00556567251430401,0.00556567251430401
3362,5,17,yes,14,0.08372816707019054,0.08372816707019054
1911,3,9,yes,1,0.006770152846514277,0.006770152846514277
489,3,7,yes,2,0.010922632782753516,0.010922632782753516
2564,3,10,yes,1,0.0049930353877782885,0.0049930353877782885
2933,3,11,no,1,-0.006082521453160905,0.006082521453160905
1142,3,8,no,1,-0.006632203865068909,0.006632203865068909
3363,5,17,no,4,-0.025120840084827623,0.025120840084827623
3364,5,17,yes,14,0.09115483155775822,0.09115483155775822
1143,3,8,no,1,0.006632203865068909,0.006632203865068909
3365,5,17,no,1,-0.006770152846514277,0.006770152846514277
3366,5,17,no,1,-0.006739169629111863,0.006739169629111863
2934,3,11,no,11,-0.0704108397437404,0.0704108397437404
1144,3,8,no,1,-0.006632203865068909,0.006632203865068909
2935,3,11,no,1,-0.0066701446519749075,0.0066701446519749075
3367,5,17,no,1,-0.006705817235090283,0.006705817235090283
2936,3,11,yes,6,-0.04068713806414781,0.04068713806414781
3368,5,17,no,1,-0.0066701446519749075,0.0066701446519749075
3369,5,17,no,6,-0.03914870711023927,0.03914870711023927
3370,5,17,no,3,-0.018922323677086184,0.018922323677086184
3371,5,17,yes,5,0.03179170381584395,0.03179170381584395
2937,3,11,yes,4,0.027242151199945774,0.027242151199945774
2565,3,10,no,1,0.0049193757633081425,0.0049193757633081425
2566,3,10,no,1,-0.0049193757633081425,0.0049193757633081425
3372,5,17,yes,5,0.032949471623456406,0.032949471623456406
2567,3,10,no,11,-0.05887418201444017,0.05887418201444017
1145,3,8,no,1,0.006632203865068909,0.006632203865068909
2938,3,11,no,2,0.013444986864202035,0.013444986864202035
3373,5,17,no,19,-0.11834723616453907,0.11834723616453907
1912,3,9,no,1,-0.006770152846514277,0.006770152846514277
3374,5,17,yes,1,0.005701604461620324,0.005701604461620324
3375,5,17,yes,4,0.023459848364119962,0.023459848364119962
3376,5,17,no,1,0.006022277489922567,0.006022277489922567
3377,5,17,no,2,-0.011982913187121635,0.011982913187121635
490,3,7,no,1,0.00535544554716183,0.00535544554716183
1146,3,8,no,1,-0.006632203865068909,0.006632203865068909
1147,3,8,yes,6,-0.040508837092693595,0.040508837092693595
3378,5,17,yes,4,0.024206727188956056,0.024206727188956056
2939,3,11,yes,1,0.0066701446519749075,0.0066701446519749075
2568,3,10,no,1,0.005701604461620269,0.005701604461620269
2569,3,10,yes,1,0.005634110153561744,0.005634110153561744
3379,5,17,no,20,-0.11034497600113255,0.11034497600113255
3380,5,17,yes,1,0.004845478367507289,0.004845478367507289
491,3,7,yes,1,0.005283976781832678,0.005283976781832678
2940,3,11,no,1,0.006632203865068909,0.006632203865068909
3381,5,17,yes,1,0.004919375763308059,0.004919375763308059
3382,5,17,yes,11,0.05887418201444025,0.05887418201444025
1148,3,8,no,1,0.0068248316823924515,0.0068248316823924515
1149,3,8,no,3,0.020308043523236008,0.020308043523236008
3383,5,17,no,17,-0.08727939801133511,0.08727939801133511
2941,3,11,no,1,0.006592049699952862,0.006592049699952862
492,3,7,yes,2,0.010351311992158774,0.010351311992158774
3384,5,17,yes,1,0.004548750366815624,0.004548750366815624
3385,5,17,yes,8,0.03905527381302665,0.03905527381302665
2942,3,11,yes,1,0.006549739658341158,0.006549739658341158
1913,3,9,no,4,-0.026747335381246018,0.026747335381246018
3386,5,17,yes,1,0.005211931590258845,0.005211931590258845
3387,5,17,no,16,-0.07455667662163798,0.07455667662163798
2943,3,11,no,1,0.00650533374811868,0.00650533374811868
3388,5,17,no,3,0.012538988137172996,0.012538988137172996
1914,3,9,yes,3,0.020008165752134155,0.020008165752134155
1915,3,9,yes,20,0.13776790406470352,0.13776790406470352
1916,3,9,no,1,-0.006888044756477085,0.006888044756477085
1150,3,8,yes,1,0.006705817235090228,0.006705817235090228
1917,3,9,no,2,-0.013821248162286692,0.013821248162286692
1918,3,9,no,1,-0.00692794968177024,0.00692794968177024
3389,5,17,yes,1,0.004326632768974686,0.004326632768974686
2570,3,10,no,1,0.005565672514303843,0.005565672514303843
1919,3,9,no,1,-0.006935967626738093,0.006935967626738093
3390,5,17,yes,3,0.013423850312204805,0.013423850312204805
3391,5,17,yes,14,0.07139493302933753,0.07139493302933753
3392,5,17,yes,1,0.005634110153561633,0.005634110153561633
2944,3,11,no,10,0.06219694741254134,0.06219694741254134
3393,5,17,yes,1,0.005701604461620324,0.005701604461620324
2945,3,11,no,1,-0.005960635697198957,0.005960635697198957
3394,5,17,no,10,0.060466605165690857,0.060466605165690857
493,3,7,yes,8,0.03846464377794245,0.03846464377794245
2571,3,10,yes,5,0.026773986702006924,0.026773986702006924
3395,5,17,no,6,-0.037006756801570895,0.037006756801570895
3396,5,17,yes,13,0.08251563868682388,0.08251563868682388
3397,5,17,no,1,-0.006632203865068964,0.006632203865068964
3398,5,17,no,1,-0.006592049699952696,0.006592049699952696
3399,5,17,no,1,-0.006549739658341158,0.006549739658341158
3400,5,17,no,1,-0.00650533374811868,0.00650533374811868
1920,3,9,no,1,-0.00694131979774415,0.00694131979774415
3401,5,17,yes,8,0.05316461133417283,0.05316461133417283
3402,5,17,yes,4,-0.02688528436269133,0.02688528436269133
2946,3,11,no,1,-0.006022277489922678,0.006022277489922678
3403,5,17,no,1,-0.006632203865068964,0.006632203865068964
3404,5,17,yes,1,-0.006592049699952696,0.006592049699952696
494,3,7,no,14,-0.07037801088184925,0.07037801088184925
1921,3,9,no,1,-0.006943997948260727,0.006943997948260727
3405,5,17,yes,1,-0.006549739658341158,0.006549739658341158
3406,5,17,no,1,-0.00650533374811868,0.00650533374811868
2947,3,11,no,6,-0.03734465408666188,0.03734465408666188
2948,3,11,no,8,0.04932756727378351,0.04932756727378351
3407,5,17,no,10,-0.06219694741254145,0.06219694741254145
3408,5,17,no,1,-0.005897671602892618,0.005897671602892618
1151,3,8,yes,1,0.0066701446519749075,0.0066701446519749075
1152,3,8,yes,1,0.006632203865068909,0.006632203865068909
3409,5,17,yes,2,0.011858307300091686,0.011858307300091686
3410,5,17,yes,1,-0.005960635697199068,0.005960635697199068
3411,5,17,yes,19,0.12216027979432414,0.12216027979432414
3412,5,17,no,1,-0.006798721047609868,0.006798721047609868
2572,3,10,no,14,0.06523827733271526,0.06523827733271526
2573,3,10,no,5,-0.02163425315287293,0.02163425315287293
1922,3,9,no,6,-0.04157048321679985,0.04157048321679985
3413,5,17,no,9,-0.05962350564256036,0.05962350564256036
2574,3,10,no,6,-0.02840521599689494,0.02840521599689494
1923,3,9,no,1,-0.00688804475647703,0.00688804475647703
2949,3,11,yes,1,0.0058976716028927845,0.0058976716028927845
1924,3,9,no,6,-0.04085084811814965,0.04085084811814965
495,3,7,yes,1,0.005496366471083425,0.005496366471083425
1925,3,9,no,1,-0.006705817235090283,0.006705817235090283
2950,3,11,no,1,-0.0058976716028927845,0.0058976716028927845
3414,5,17,no,1,-0.006410485830370238,0.006410485830370238
1153,3,8,yes,1,0.006592049699952862,0.006592049699952862
2951,3,11,no,1,-0.005960635697198957,0.005960635697198957
3415,5,17,no,1,-0.006360174775013716,0.006360174775013716
3416,5,17,no,1,-0.006308029388133907,0.006308029388133907
2952,3,11,yes,1,-0.006022277489922678,0.006022277489922678
1926,3,9,no,11,0.0751939079537739,0.0751939079537739
2953,3,11,no,1,-0.006082521453160905,0.006082521453160905
1154,3,8,no,1,-0.006592049699952862,0.006592049699952862
2575,3,10,no,8,0.03728031594228398,0.03728031594228398
3417,5,17,yes,1,0.006308029388133907,0.006308029388133907
3418,5,17,no,1,-0.006308029388133907,0.006308029388133907
2576,3,10,no,5,-0.02274405537067492,0.02274405537067492
2577,3,10,yes,2,0.009320205058470199,0.009320205058470199
3419,5,17,no,1,-0.006254119513938561,0.006254119513938561
2578,3,10,yes,1,-0.00462298351148227,0.00462298351148227
496,3,7,no,1,0.0054262663116700915,0.0054262663116700915
1927,3,9,yes,5,-0.03450676988962609,0.03450676988962609
497,3,7,yes,1,-0.0054262663116700915,0.0054262663116700915
2954,3,11,no,1,-0.00614129254867346,0.00614129254867346
3420,5,17,no,4,0.025332809507456422,0.025332809507456422
2579,3,10,yes,1,-0.004697221546987929,0.004697221546987929
1155,3,8,no,1,-0.006632203865068909,0.006632203865068909
1928,3,9,yes,1,0.0068695272890921255,0.0068695272890921255
3421,5,17,no,1,-0.006410485830370238,0.006410485830370238
2955,3,11,no,1,-0.0061985164077413835,0.0061985164077413835
2956,3,11,no,5,-0.03179170381584395,0.03179170381584395
3422,5,17,no,1,-0.006360174775013716,0.006360174775013716
498,3,7,yes,2,0.010781711858831922,0.010781711858831922
2957,3,11,no,4,0.025537584301905447,0.025537584301905447
1156,3,8,yes,2,-0.013375961887065135,0.013375961887065135
1929,3,9,yes,1,0.00688804475647703,0.00688804475647703
1930,3,9,no,1,-0.00688804475647703,0.00688804475647703
4011,5,19,no,5,-0.005894546983015045,0.005894546983015045
4012,5,19,no,1,-0.0010917613765485043,0.0010917613765485043
3423,5,17,no,3,-0.018760665309813906,0.018760665309813906
2580,3,10,yes,4,0.01834353373078268,0.01834353373078268
2958,3,11,no,1,-0.006308029388134018,0.006308029388134018
3424,5,17,no,13,-0.07488540531527821,0.07488540531527821
1931,3,9,no,1,-0.0068695272890921255,0.0068695272890921255
499,3,7,yes,14,-0.08108392172301959,0.08108392172301959
2581,3,10,no,1,0.004400521639892241,0.004400521639892241
3425,5,17,no,5,-0.025694716555038993,0.025694716555038993
500,3,7,yes,8,0.04790445626361839,0.04790445626361839
3426,5,17,yes,1,0.004993035387778344,0.004993035387778344
2582,3,10,no,1,-0.004400521639892241,0.004400521639892241
3427,5,17,yes,10,0.05388114662666191,0.05388114662666191
3428,5,17,no,1,0.0057680800157664525,0.0057680800157664525
2583,3,10,no,5,-0.023114940171576448,0.023114940171576448
2959,3,11,no,1,0.006308029388134018,0.006308029388134018
1932,3,9,no,7,0.04838405731410833,0.04838405731410833
501,3,7,no,8,-0.04790445626361839,0.04790445626361839
1933,3,9,no,1,-0.006941319797744205,0.006941319797744205
3429,5,17,no,1,-0.0057680800157664525,0.0057680800157664525
502,3,7,yes,1,0.0061985164077413835,0.0061985164077413835
2584,3,10,no,1,0.004771406440793768,0.004771406440793768
503,3,7,yes,1,0.00614129254867346,0.00614129254867346
504,3,7,no,12,0.06874411276660475,0.06874411276660475
2960,3,11,no,9,-0.058487055925361964,0.058487055925361964
3430,5,17,yes,9,0.05415857577755695,0.05415857577755695
2961,3,11,yes,1,0.0066701446519749075,0.0066701446519749075
1157,3,8,yes,1,0.006705817235090228,0.006705817235090228
3431,5,17,yes,1,0.006308029388133907,0.006308029388133907
2585,3,10,no,9,0.03960967627682266,0.03960967627682266
2962,3,11,yes,1,0.006632203865068909,0.006632203865068909
1934,3,9,no,5,-0.034573210227272,0.034573210227272
1158,3,8,no,7,0.04581885176221434,0.04581885176221434
2963,3,11,no,8,0.05143882692225665,0.05143882692225665
3885,5,18,yes,12,0.014367593957530608,0.014367593957530608
1935,3,9,yes,3,0.020709292918763722,0.020709292918763722
3432,5,17,no,1,-0.006308029388133907,0.006308029388133907
505,3,7,yes,1,0.005283976781832678,0.005283976781832678
2586,3,10,no,1,-0.0041064676986638515,0.0041064676986638515
3433,5,17,yes,1,0.006308029388133907,0.006308029388133907
4013,5,19,yes,13,0.016585136603089863,0.016585136603089863
2587,3,10,no,1,-0.004179558286804386,0.004179558286804386
3434,5,17,yes,1,0.006360174775013716,0.006360174775013716
3886,5,18,yes,13,0.021228086463577288,0.021228086463577288
1159,3,8,no,1,-0.006410485830370405,0.006410485830370405
2588,3,10,yes,1,0.004179558286804386,0.004179558286804386
1936,3,9,no,10,0.06931971827131306,0.06931971827131306
3435,5,17,yes,9,0.05926383862641632,0.05926383862641632
1160,3,8,no,7,-0.046114183166934164,0.046114183166934164
3436,5,17,yes,10,-0.06562401340143004,0.06562401340143004
3437,5,17,no,2,-0.012562148902072467,0.012562148902072467
1937,3,9,yes,1,-0.00690396986339592,0.00690396986339592
1938,3,9,no,1,-0.006917278298890772,0.006917278298890772
2964,3,11,yes,1,-0.006254119513938505,0.006254119513938505
2965,3,11,yes,1,-0.006308029388134018,0.006308029388134018
3438,5,17,no,1,-0.006198516407741439,0.006198516407741439
3439,5,17,no,20,-0.11034497600113255,0.11034497600113255
3440,5,17,no,2,-0.009468627987781753,0.009468627987781753
2589,3,10,yes,1,0.0041064676986638515,0.0041064676986638515
3441,5,17,no,4,-0.018046833823686936,0.018046833823686936
3442,5,17,no,1,0.004400521639892407,0.004400521639892407
2590,3,10,no,1,-0.0041064676986638515,0.0041064676986638515
2591,3,10,no,8,-0.03550320857815881,0.03550320857815881
1939,3,9,yes,1,-0.00692794968177024,0.00692794968177024
3443,5,17,yes,9,0.04293922208343909,0.04293922208343909
3444,5,17,no,6,-0.02929290989964456,0.02929290989964456
3445,5,17,no,6,-0.02662642874436627,0.02662642874436627
3446,5,17,no,1,-0.004179558286804497,0.004179558286804497
3447,5,17,no,1,0.004179558286804497,0.004179558286804497
3448,5,17,no,4,-0.01628116344931499,0.01628116344931499
3449,5,17,yes,2,0.007995137463846641,0.007995137463846641
2966,3,11,no,1,-0.006360174775013605,0.006360174775013605
3887,5,18,no,15,-0.023933912146534272,0.023933912146534272
2967,3,11,yes,2,-0.012869380138757824,0.012869380138757824
1940,3,9,no,1,-0.006935967626738093,0.006935967626738093
3888,5,18,no,12,-0.013658280253150863,0.013658280253150863
506,3,7,yes,1,0.0052119315902589,0.0052119315902589
507,3,7,no,2,0.010205772795169099,0.010205772795169099
2968,3,11,no,2,-0.013055073406459838,0.013055073406459838
2969,3,11,yes,1,0.006549739658341158,0.006549739658341158
3450,5,17,no,2,-0.007995137463846641,0.007995137463846641
2970,3,11,yes,5,0.03204291805002413,0.03204291805002413
2592,3,10,yes,4,0.01834353373078268,0.01834353373078268
1161,3,8,no,2,-0.013509322475626195,0.013509322475626195
2971,3,11,yes,1,0.006254119513938505,0.006254119513938505
3451,5,17,no,13,-0.04516351906884872,0.04516351906884872
3452,5,17,yes,2,0.006210809955809665,0.006210809955809665
2593,3,10,no,1,0.004400521639892241,0.004400521639892241
3453,5,17,yes,1,0.003202385934887142,0.003202385934887142
3454,5,17,yes,1,0.0032680614992418033,0.0032680614992418033
3455,5,17,yes,1,0.003334478476924113,0.003334478476924113
508,3,7,yes,7,0.03339825138467323,0.03339825138467323
1941,3,9,no,1,-0.00694131979774415,0.00694131979774415
1942,3,9,no,1,-0.006943997948260727,0.006943997948260727
3456,5,17,no,2,-0.0066025399761659165,0.0066025399761659165
3457,5,17,yes,1,0.0032680614992418033,0.0032680614992418033
509,3,7,no,1,-0.004548750366815679,0.004548750366815679
510,3,7,no,14,-0.07139493302933742,0.07139493302933742
4014,5,19,yes,20,0.0383247634780164,0.0383247634780164
4015,5,19,yes,1,0.0024231349516898176,0.0024231349516898176
1943,3,9,yes,1,-0.006943997948260672,0.006943997948260672
4016,5,19,yes,9,-0.019944006210679432,0.019944006210679432
3458,5,17,yes,1,0.003334478476924113,0.003334478476924113
4017,5,19,yes,17,0.04137432838199766,0.04137432838199766
4018,5,19,no,9,-0.023853457123008043,0.023853457123008043
1162,3,8,no,1,-0.0067987210476098126,0.0067987210476098126
3459,5,17,yes,16,0.0628836415173695,0.0628836415173695
3460,5,17,no,1,-0.004474578305496774,0.004474578305496774
3461,5,17,yes,2,0.009023328672312397,0.009023328672312397
3462,5,17,yes,2,0.009320205058470116,0.009320205058470116
3463,5,17,no,10,-0.0436434112059296,0.0436434112059296
4019,5,19,no,1,-0.0023692703768096873,0.0023692703768096873
3464,5,17,no,1,0.004033734929106997,0.004033734929106997
511,3,7,yes,4,0.02184375084421919,0.02184375084421919
3465,5,17,no,1,-0.004033734929106997,0.004033734929106997
3466,5,17,yes,15,0.06823909955858617,0.06823909955858617
4020,5,19,yes,6,0.015041366821119367,0.015041366821119367
3467,5,17,yes,15,0.08437940154059628,0.08437940154059628
3468,5,17,yes,1,0.00614129254867346,0.00614129254867346
3469,5,17,no,8,-0.047407544317497274,0.047407544317497274
2594,3,10,yes,17,-0.08481878334154214,0.08481878334154214
2595,3,10,no,6,-0.034795562979301975,0.034795562979301975
4021,5,19,no,1,-0.002647472861640701,0.002647472861640701
3470,5,17,yes,7,0.041266251768823814,0.041266251768823814
1944,3,9,yes,1,0.006943997948260672,0.006943997948260672
3471,5,17,no,14,-0.07924002113869633,0.07924002113869633
2972,3,11,yes,4,-0.025332809507456533,0.025332809507456533
3472,5,17,no,15,-0.06934474503137913,0.06934474503137913
3473,5,17,yes,14,0.06420536462947918,0.06420536462947918
2596,3,10,no,1,0.005960635697198957,0.005960635697198957
3474,5,17,no,4,-0.019824281911862807,0.019824281911862807
2597,3,10,yes,1,0.0058976716028927845,0.0058976716028927845
4022,5,19,no,1,-0.0025900635645267206,0.0025900635645267206
3475,5,17,yes,1,0.004845478367507289,0.004845478367507289
4023,5,19,no,5,-0.012120128643666517,0.012120128643666517
2598,3,10,no,11,0.060416295297420874,0.060416295297420874
2599,3,10,no,1,0.005066392393269226,0.005066392393269226
3476,5,17,no,17,-0.07235337095571912,0.07235337095571912
3477,5,17,yes,15,0.06273648614741806,0.06273648614741806
1945,3,9,yes,6,-0.04157048321679985,0.04157048321679985
2600,3,10,yes,1,0.0049930353877782885,0.0049930353877782885
3478,5,17,yes,3,0.014536260571609116,0.014536260571609116
3479,5,17,no,1,-0.004919375763308059,0.004919375763308059
3480,5,17,no,1,-0.004845478367507289,0.004845478367507289
1163,3,8,no,1,0.0067987210476098126,0.0067987210476098126
1946,3,9,yes,5,0.034626485268539176,0.034626485268539176
2601,3,10,no,3,0.014536260571609061,0.014536260571609061
1947,3,9,yes,6,0.041610511301664654,0.041610511301664654
3481,5,17,yes,1,0.004845478367507289,0.004845478367507289
1948,3,9,yes,5,0.03433481921478654,0.03433481921478654
3482,5,17,yes,1,0.004919375763308059,0.004919375763308059
1949,3,9,no,1,-0.0068248316823924515,0.0068248316823924515
3483,5,17,yes,1,0.004993035387778344,0.004993035387778344
2973,3,11,no,4,-0.02610601741480012,0.02610601741480012
4024,5,19,no,1,-0.0022642190665268375,0.0022642190665268375
4025,5,19,no,6,-0.012541497185814848,0.012541497185814848
1950,3,9,no,14,-0.09684301423920194,0.09684301423920194
2974,3,11,no,1,0.006592049699952862,0.006592049699952862
2975,3,11,yes,1,0.006549739658341158,0.006549739658341158
3484,5,17,no,2,-0.009912411151086403,0.009912411151086403
3485,5,17,no,1,-0.004845478367507289,0.004845478367507289
1164,3,8,no,1,0.006770152846514388,0.006770152846514388
512,3,7,no,8,0.040230977126648026,0.040230977126648026
4026,5,19,no,2,0.003987586593370673,0.003987586593370673
3486,5,17,no,1,-0.004771406440793768,0.004771406440793768
2602,3,10,no,1,0.004697221546987929,0.004697221546987929
1165,3,8,yes,4,0.02674733538124585,0.02674733538124585
513,3,7,no,10,0.04364341120592974,0.04364341120592974
4027,5,19,no,20,0.05152544291619254,0.05152544291619254
4028,5,19,no,8,0.02749789535010838,0.02749789535010838
3487,5,17,yes,1,0.004771406440793768,0.004771406440793768
2603,3,10,yes,1,0.00462298351148227,0.00462298351148227
1166,3,8,no,1,0.006592049699952862,0.006592049699952862
1167,3,8,yes,1,-0.006592049699952862,0.006592049699952862
514,3,7,no,1,-0.00403373492910708,0.00403373492910708
515,3,7,no,1,-0.0041064676986638515,0.0041064676986638515
4029,5,19,no,13,-0.04255196090325919,0.04255196090325919
4030,5,19,no,1,-0.0028249181734272544,0.0028249181734272544
2604,3,10,yes,1,0.004548750366815679,0.004548750366815679
4031,5,19,no,1,-0.002764907831860508,0.002764907831860508
4032,5,19,yes,10,-0.024540673174433994,0.024540673174433994
3488,5,17,no,10,-0.04438108271761637,0.04438108271761637
3489,5,17,yes,2,0.008286025985468348,0.008286025985468348
4033,5,19,yes,9,0.021834916545484973,0.021834916545484973
4034,5,19,yes,20,0.06626375983516629,0.06626375983516629
4035,5,19,yes,6,0.025299877475147087,0.025299877475147087
3490,5,17,yes,12,0.05591933864401083,0.05591933864401083
3491,5,17,no,2,-0.010059427781047459,0.010059427781047459
516,3,7,no,7,-0.03080598703117088,0.03080598703117088
4036,5,19,yes,1,0.004474578305496774,0.004474578305496774
4037,5,19,yes,1,-0.004474578305496774,0.004474578305496774
4038,5,19,yes,16,-0.06174354168879684,0.06174354168879684
4039,5,19,no,8,-0.024349431160707008,0.024349431160707008
3492,5,17,yes,1,0.004993035387778344,0.004993035387778344
3493,5,17,yes,2,0.010205772795169071,0.010205772795169071
4040,5,19,no,1,-0.002764907831860508,0.002764907831860508
517,3,7,yes,1,-0.004697221546987929,0.004697221546987929
1168,3,8,yes,1,0.006592049699952862,0.006592049699952862
3494,5,17,no,17,-0.07733988249522578,0.07733988249522578
518,3,7,no,4,-0.01952929595938735,0.01952929595938735
4041,5,19,yes,15,0.04814178690854695,0.04814178690854695
3495,5,17,no,1,-0.003889511089587072,0.003889511089587072
3496,5,17,yes,1,0.003889511089587072,0.003889511089587072
3497,5,17,yes,15,0.0671341097000567,0.0671341097000567
4042,5,19,no,1,-0.0036768586438181428,0.0036768586438181428
4043,5,19,no,1,-0.003607097447810126,0.003607097447810126
3498,5,17,yes,9,0.04817954216504158,0.04817954216504158
1951,3,9,no,1,0.006917278298890717,0.006917278298890717
4044,5,19,no,1,-0.0035379507575973856,0.0035379507575973856
4045,5,19,no,1,-0.0034694475658122448,0.0034694475658122448
4046,5,19,no,1,-0.0034016150240174237,0.0034016150240174237
4047,5,19,no,13,-0.03839211052460807,0.03839211052460807
2605,3,10,yes,1,0.004474578305496801,0.004474578305496801
1952,3,9,yes,1,0.00692794968177024,0.00692794968177024
3499,5,17,no,1,-0.005634110153561633,0.005634110153561633
3500,5,17,no,16,-0.08041826170164992,0.08041826170164992
4048,5,19,yes,1,0.0025900635645267206,0.0025900635645267206
3501,5,17,no,9,-0.0369688902922006,0.0369688902922006
1953,3,9,no,1,-0.00692794968177024,0.00692794968177024
1954,3,9,no,1,0.00692794968177024,0.00692794968177024
2606,3,10,yes,1,0.004400521639892241,0.004400521639892241
4049,5,19,yes,1,0.002647472861640701,0.002647472861640701
3502,5,17,yes,1,0.003818099192726798,0.003818099192726798
4050,5,19,no,2,-0.005237536426167422,0.005237536426167422
3503,5,17,no,5,-0.018387209522569253,0.018387209522569253
3504,5,17,yes,4,0.014569110329842455,0.014569110329842455
4051,5,19,no,14,0.041793725548625496,0.041793725548625496
4052,5,19,no,13,-0.039203661984098775,0.039203661984098775
3505,5,17,no,16,-0.05188899038916375,0.05188899038916375
3506,5,17,yes,8,0.023846277493325713,0.023846277493325713
3507,5,17,yes,1,0.0032680614992418033,0.0032680614992418033
4053,5,19,yes,8,0.02285964911074076,0.02285964911074076
2976,3,11,yes,1,-0.006549739658341158,0.006549739658341158
4054,5,19,no,1,-0.0030733380175221314,0.0030733380175221314
2977,3,11,yes,11,-0.07433910832671353,0.07433910832671353
3508,5,17,yes,14,0.053016387279929744,0.053016387279929744
3509,5,17,yes,11,0.05166637649230618,0.05166637649230618
4055,5,19,yes,2,0.006210809955809665,0.006210809955809665
2978,3,11,yes,5,0.03422957039900043,0.03422957039900043
4056,5,19,no,1,-0.003137471938287534,0.003137471938287534
4057,5,19,no,1,-0.0030733380175221314,0.0030733380175221314
2979,3,11,yes,1,0.006770152846514388,0.006770152846514388
519,3,7,no,1,-0.005066392393269226,0.005066392393269226
3510,5,17,no,1,-0.005066392393269115,0.005066392393269115
2980,3,11,yes,11,0.071932042789564,0.071932042789564
1955,3,9,no,1,-0.00692794968177024,0.00692794968177024
3511,5,17,no,7,-0.0333982513846732,0.0333982513846732
520,3,7,no,1,-0.0051393804018998734,0.0051393804018998734
2981,3,11,yes,16,-0.10604372127860173,0.10604372127860173
2982,3,11,yes,4,0.027341525642523345,0.027341525642523345
2983,3,11,yes,1,0.006770152846514388,0.006770152846514388
2984,3,11,yes,7,0.04639445848765855,0.04639445848765855
2607,3,10,no,3,-0.013423850312204721,0.013423850312204721
4058,5,19,no,1,-0.003010001079055108,0.003010001079055108
3512,5,17,no,2,-0.008875099945389181,0.008875099945389181
2608,3,10,yes,17,-0.08849872766028599,0.08849872766028599
1169,3,8,yes,1,0.006549739658341158,0.006549739658341158
3513,5,17,yes,1,0.004400521639892407,0.004400521639892407
2609,3,10,yes,2,0.011469684477386832,0.011469684477386832
4059,5,19,no,1,-0.0029474764738244563,0.0029474764738244563
4060,5,19,no,1,-0.002885778044461579,0.002885778044461579
2985,3,11,no,1,-0.00650533374811868,0.00650533374811868
2610,3,10,no,14,0.07240605967141689,0.07240605967141689
2986,3,11,no,2,0.0129642280565061,0.0129642280565061
3514,5,17,yes,1,0.004474578305496774,0.004474578305496774
1956,3,9,no,1,0.00692794968177024,0.00692794968177024
3515,5,17,yes,7,0.0333982513846732,0.0333982513846732
3516,5,17,yes,16,0.0894457939338654,0.0894457939338654
1170,3,8,yes,1,-0.006549739658341158,0.006549739658341158
3517,5,17,no,12,-0.06874411276660475,0.06874411276660475
3518,5,17,no,2,-0.010495908372091578,0.010495908372091578
1957,3,9,yes,1,0.006935967626738038,0.006935967626738038
521,3,7,yes,1,-0.0052119315902589,0.0052119315902589
1171,3,8,yes,4,0.025924453545217663,0.025924453545217663
1172,3,8,yes,1,0.006360174775013605,0.006360174775013605
3519,5,17,no,1,-0.005139380401899957,0.005139380401899957
3520,5,17,yes,3,0.015635288773991535,0.015635288773991535
3889,5,18,yes,1,0.0009854271973470732,0.0009854271973470732
2987,3,11,yes,1,0.006410485830370405,0.006410485830370405
1173,3,8,no,1,-0.006360174775013605,0.006360174775013605
3521,5,17,no,17,-0.07984065340347071,0.07984065340347071
1174,3,8,no,6,0.03734465408666188,0.03734465408666188
1175,3,8,no,1,0.006022277489922678,0.006022277489922678
1176,3,8,no,1,-0.006022277489922678,0.006022277489922678
3522,5,17,yes,1,0.0041064676986638515,0.0041064676986638515
1177,3,8,no,1,-0.006082521453160905,0.006082521453160905
3523,5,17,yes,1,0.004179558286804497,0.004179558286804497
1178,3,8,yes,9,-0.057186586178718635,0.057186586178718635
1179,3,8,no,1,0.006549739658341158,0.006549739658341158
3524,5,17,yes,5,0.02200344523288414,0.02200344523288414
2611,3,10,no,5,-0.024226517506375278,0.024226517506375278
3525,5,17,yes,9,0.04426720540328549,0.04426720540328549
522,3,7,no,1,-0.005283976781832678,0.005283976781832678
4061,5,19,no,13,-0.03229323616134397,0.03229323616134397
523,3,7,no,2,-0.010781711858831922,0.010781711858831922
2612,3,10,no,6,0.02884950101785755,0.02884950101785755
3526,5,17,no,5,-0.02533011553651432,0.02533011553651432
3527,5,17,no,20,-0.08296786672693887,0.08296786672693887
2988,3,11,no,1,-0.006410485830370405,0.006410485830370405
3528,5,17,no,1,-0.0034016150240174237,0.0034016150240174237
3529,5,17,yes,9,0.03310918573672564,0.03310918573672564
2989,3,11,no,1,-0.0064588943083874195,0.0064588943083874195
3530,5,17,no,2,-0.007850913624326716,0.007850913624326716
3531,5,17,no,15,-0.05011726357660279,0.05011726357660279
3532,5,17,yes,1,0.002885778044461579,0.002885778044461579
3533,5,17,yes,10,0.03238222676716934,0.03238222676716934
3534,5,17,yes,1,0.003607097447810126,0.003607097447810126
3535,5,17,yes,6,0.023126809870595455,0.023126809870595455
4062,5,19,yes,9,0.021350180665466484,0.021350180665466484
1180,3,8,no,1,-0.006549739658341158,0.006549739658341158
2613,3,10,no,1,0.004548750366815679,0.004548750366815679
3536,5,17,no,1,0.0041064676986638515,0.0041064676986638515
3537,5,17,no,1,-0.0041064676986638515,0.0041064676986638515
3538,5,17,yes,1,0.0041064676986638515,0.0041064676986638515
2990,3,11,yes,1,0.0064588943083874195,0.0064588943083874195
3539,5,17,yes,14,0.06523827733271528,0.06523827733271528
4063,5,19,no,7,0.019786311093218628,0.019786311093218628
4064,5,19,no,12,-0.032180205052697294,0.032180205052697294
3540,5,17,yes,14,0.07924002113869633,0.07924002113869633
1181,3,8,no,1,0.006549739658341158,0.006549739658341158
1958,3,9,no,1,-0.006935967626738038,0.006935967626738038
2614,3,10,no,8,0.033735858315383505,0.033735858315383505
1182,3,8,no,3,0.019374713886876505,0.019374713886876505
2991,3,11,no,4,0.025332809507456533,0.025332809507456533
1183,3,8,no,1,-0.006410485830370405,0.006410485830370405
3890,5,18,yes,2,0.0020484369162788105,0.0020484369162788105
2615,3,10,no,6,-0.024860758369994462,0.024860758369994462
3541,5,17,no,1,-0.006082521453160961,0.006082521453160961
2616,3,10,yes,2,0.0085795949206795,0.0085795949206795
3891,5,18,no,1,0.0010642405575949643,0.0010642405575949643
3542,5,17,no,6,-0.03518373031566285,0.03518373031566285
3543,5,17,no,14,-0.07240605967141703,0.07240605967141703
2617,3,10,yes,1,0.004179558286804386,0.004179558286804386
1184,3,8,no,8,-0.05285335279604597,0.05285335279604597
3544,5,17,yes,20,0.10758978998707988,0.10758978998707988
2992,3,11,yes,7,-0.04484677722230379,0.04484677722230379
3545,5,17,no,2,-0.011982913187121635,0.011982913187121635
3546,5,17,no,1,-0.005897671602892618,0.005897671602892618
2618,3,10,no,1,0.0041064676986638515,0.0041064676986638515
3547,5,17,no,3,-0.0173031455256486,0.0173031455256486
2993,3,11,no,8,-0.053733090657715366,0.053733090657715366
2994,3,11,yes,1,0.0068248316823924515,0.0068248316823924515
2995,3,11,no,15,0.09795355260536809,0.09795355260536809
3548,5,17,no,20,-0.0990324884157833,0.0990324884157833
3549,5,17,no,1,-0.004179558286804497,0.004179558286804497
2996,3,11,no,1,-0.0061985164077413835,0.0061985164077413835
4065,5,19,no,8,-0.017122014501056257,0.017122014501056257
4066,5,19,no,2,0.003987586593370673,0.003987586593370673
3550,5,17,yes,1,0.004179558286804497,0.004179558286804497
4067,5,19,no,1,-0.002017172974494344,0.002017172974494344
3551,5,17,yes,1,0.004252962151704648,0.004252962151704648
4068,5,19,no,1,-0.0019704136188763294,0.0019704136188763294
5435,5,20,yes,13,0.08739418173317337,0.08739418173317337
4069,5,19,yes,1,0.0019704136188763294,0.0019704136188763294
3552,5,17,no,7,-0.028241735883333507,0.028241735883333507
3553,5,17,no,1,-0.003747203480616801,0.003747203480616801
3554,5,17,yes,1,0.003747203480616801,0.003747203480616801
3555,5,17,yes,8,0.032568368652308194,0.032568368652308194
3556,5,17,no,1,-0.004326632768974686,0.004326632768974686
3557,5,17,yes,10,0.04659998409903707,0.04659998409903707
2619,3,10,no,1,-0.0041064676986638515,0.0041064676986638515
3558,5,17,no,1,-0.004993035387778344,0.004993035387778344
5436,5,20,no,8,-0.05316461133417294,0.05316461133417294
5437,5,20,no,9,0.05962350564256036,0.05962350564256036
1959,3,9,no,1,0.006935967626738038,0.006935967626738038
5438,5,20,yes,2,0.01277066060538401,0.01277066060538401
3559,5,17,yes,4,0.02041073977320626,0.02041073977320626
2997,3,11,no,1,-0.006254119513938505,0.006254119513938505
1185,3,8,no,5,-0.03411167848903773,0.03411167848903773
5439,5,20,no,8,-0.052179026537227946,0.052179026537227946
3560,5,17,no,1,-0.005211931590258845,0.005211931590258845
2998,3,11,no,1,-0.006308029388134018,0.006308029388134018
2999,3,11,no,3,-0.01922955491377143,0.01922955491377143
2620,3,10,no,3,-0.012759153207483886,0.012759153207483886
1186,3,8,yes,8,0.054226810005214676,0.054226810005214676
5440,5,20,no,1,-0.006705817235090228,0.006705817235090228
5441,5,20,no,1,0.006705817235090228,0.006705817235090228
524,3,7,no,2,-0.011062038985387268,0.011062038985387268
3561,5,17,no,6,-0.029735068754556532,0.029735068754556532
5442,5,20,yes,3,0.019894398216996678,0.019894398216996678
1960,3,9,no,1,-0.006935967626738038,0.006935967626738038
3000,3,11,no,2,-0.013055073406459838,0.013055073406459838
5443,5,20,no,11,0.06929138512180222,0.06929138512180222
3562,5,17,yes,4,0.01952929595938746,0.01952929595938746
5444,5,20,no,1,-0.006022277489922678,0.006022277489922678
5445,5,20,no,1,-0.006082521453160905,0.006082521453160905
3563,5,17,no,19,-0.08226578210680552,0.08226578210680552
3564,5,17,yes,8,0.0314128358560638,0.0314128358560638
4070,5,19,yes,1,0.002017172974494344,0.002017172974494344
4071,5,19,yes,1,0.0020648105407109485,0.0020648105407109485
3001,3,11,no,7,0.04484677722230379,0.04484677722230379
5446,5,20,yes,1,-0.00614129254867346,0.00614129254867346
3565,5,17,no,10,-0.038557884061471315,0.038557884061471315
1187,3,8,yes,3,0.01977399322336293,0.01977399322336293
5447,5,20,no,3,-0.018760665309813906,0.018760665309813906
3566,5,17,no,14,-0.04267310954991102,0.04267310954991102
1961,3,9,yes,1,0.006935967626738038,0.006935967626738038
4072,5,19,yes,5,0.011069617366974635,0.011069617366974635
5448,5,20,no,20,-0.13430890211773983,0.13430890211773983
5449,5,20,no,1,-0.00694131979774415,0.00694131979774415
5450,5,20,no,1,-0.006943997948260727,0.006943997948260727
4073,5,19,no,1,-0.002316298248714571,0.002316298248714571
5451,5,20,yes,5,0.03466651335340398,0.03466651335340398
5452,5,20,yes,2,0.013792014619873005,0.013792014619873005
3567,5,17,no,1,-0.0025900635645267206,0.0025900635645267206
5453,5,20,yes,13,0.0869650312850837,0.0869650312850837
3568,5,17,no,3,0.007943293055116443,0.007943293055116443
3569,5,17,yes,13,0.04085783081691868,0.04085783081691868
3002,3,11,no,6,-0.03829703756396263,0.03829703756396263
3570,5,17,no,1,0.003607097447810126,0.003607097447810126
1188,3,8,no,12,0.0745999527635528,0.0745999527635528
3571,5,17,yes,10,0.03999243077674314,0.03999243077674314
3572,5,17,yes,13,0.06297503249732303,0.06297503249732303
5454,5,20,no,13,-0.0869650312850837,0.0869650312850837
3003,3,11,no,1,-0.006549739658341158,0.006549739658341158
3004,3,11,no,1,-0.006592049699952862,0.006592049699952862
3005,3,11,yes,1,0.006592049699952862,0.006592049699952862
4074,5,19,yes,2,0.0046855686255242585,0.0046855686255242585
3573,5,17,no,5,-0.025694716555038993,0.025694716555038993
3006,3,11,yes,6,0.038592657708365286,0.038592657708365286
2621,3,10,yes,1,0.004326632768974825,0.004326632768974825
1189,3,8,no,7,-0.042557034713528674,0.042557034713528674
5455,5,20,yes,5,0.03411167848903773,0.03411167848903773
5456,5,20,no,7,-0.04790369310891074,0.04790369310891074
5457,5,20,yes,3,0.020661541908964964,0.020661541908964964
1190,3,8,yes,6,0.03665936311063589,0.03665936311063589
4075,5,19,no,8,-0.017520871258989615,0.017520871258989615
1191,3,8,no,1,-0.005960635697198957,0.005960635697198957
4076,5,19,no,5,0.010571083566938519,0.010571083566938519
5458,5,20,yes,1,0.0068484456234291224,0.0068484456234291224
4077,5,19,no,2,-0.004375769390746409,0.004375769390746409
1192,3,8,no,6,-0.03700675680157095,0.03700675680157095
3007,3,11,no,5,-0.03204291805002413,0.03204291805002413
5459,5,20,yes,12,-0.08299778625854098,0.08299778625854098
5460,5,20,no,1,0.006935967626738038,0.006935967626738038
5461,5,20,yes,1,0.006941319797744205,0.006941319797744205
3574,5,17,no,1,-0.004919375763308059,0.004919375763308059
1193,3,8,yes,10,-0.06562401340142998,0.06562401340142998
1194,3,8,no,1,0.0067391696291118075,0.0067391696291118075
1195,3,8,no,1,0.006705817235090228,0.006705817235090228
3575,5,17,no,1,-0.004845478367507289,0.004845478367507289
525,3,7,yes,1,0.005565672514303843,0.005565672514303843
3576,5,17,no,7,-0.031842094580443375,0.031842094580443375
5462,5,20,yes,7,0.048514481165060575,0.048514481165060575
3577,5,17,no,1,-0.004252962151704648,0.004252962151704648
5463,5,20,no,4,-0.027685165470795026,0.027685165470795026
3578,5,17,yes,1,0.004252962151704648,0.004252962151704648
3579,5,17,yes,9,0.04160694871125872,0.04160694871125872
1196,3,8,yes,1,-0.006705817235090228,0.006705817235090228
5464,5,20,yes,6,0.04144273751636407,0.04144273751636407
4078,5,19,no,1,-0.0021133306609868174,0.0021133306609868174
5465,5,20,yes,8,0.053989486581191626,0.053989486581191626
5466,5,20,no,1,-0.006632203865068909,0.006632203865068909
3008,3,11,yes,13,0.08043341381181446,0.08043341381181446
2622,3,10,yes,6,0.024423636690606765,0.024423636690606765
4079,5,19,yes,19,0.049460632375481595,0.049460632375481595
526,3,7,no,1,-0.005565672514303843,0.005565672514303843
2623,3,10,no,13,-0.05626573127105028,0.05626573127105028
1197,3,8,no,1,0.006705817235090228,0.006705817235090228
4080,5,19,yes,1,0.003202385934887142,0.003202385934887142
3580,5,17,no,14,-0.06214107431227836,0.06214107431227836
3581,5,17,yes,1,0.003961402534739644,0.003961402534739644
1198,3,8,yes,1,-0.006705817235090228,0.006705817235090228
3582,5,17,no,9,-0.03310918573672564,0.03310918573672564
3009,3,11,no,1,-0.005833461048261657,0.005833461048261657
3010,3,11,no,7,-0.042557034713528674,0.042557034713528674
1199,3,8,yes,1,-0.0067391696291118075,0.0067391696291118075
527,3,7,yes,1,0.005565672514303843,0.005565672514303843
3583,5,17,no,1,-0.003334478476924113,0.003334478476924113
1200,3,8,yes,13,0.08438467871124389,0.08438467871124389
3011,3,11,yes,1,-0.006308029388134018,0.006308029388134018
4081,5,19,no,2,-0.006339857873174676,0.006339857873174676
3584,5,17,yes,8,0.028592750589323035,0.028592750589323035
3585,5,17,no,13,-0.04428400905831675,0.04428400905831675
4082,5,19,no,1,0.003137471938287534,0.003137471938287534
3586,5,17,yes,1,0.003010001079055108,0.003010001079055108
4083,5,19,no,1,-0.003137471938287534,0.003137471938287534
4084,5,19,no,3,-0.009030815570401696,0.009030815570401696
5467,5,20,no,20,0.12287687418042981,0.12287687418042981
5468,5,20,no,2,0.010922632782753516,0.010922632782753516
2624,3,10,no,1,0.004771406440793768,0.004771406440793768
4085,5,19,yes,2,0.005957477552879564,0.005957477552879564
2625,3,10,no,1,0.004697221546987929,0.004697221546987929
3587,5,17,yes,6,0.019417350890880147,0.019417350890880147
4086,5,19,yes,1,0.0030733380175221314,0.0030733380175221314
5469,5,20,no,2,-0.010922632782753516,0.010922632782753516
3588,5,17,yes,1,0.0034694475658122448,0.0034694475658122448
3589,5,17,yes,8,0.030271858076002967,0.030271858076002967
3012,3,11,yes,1,-0.006360174775013605,0.006360174775013605
3013,3,11,no,1,-0.006410485830370405,0.006410485830370405
2626,3,10,yes,3,0.013646312183794751,0.013646312183794751
4087,5,19,no,12,-0.03288427269340974,0.03288427269340974
3590,5,17,no,2,-0.007995137463846641,0.007995137463846641
3591,5,17,yes,2,-0.00770761028231387,0.00770761028231387
4088,5,19,no,20,0.05984278133798751,0.05984278133798751
4089,5,19,no,2,0.007424062124434944,0.007424062124434944
5470,5,20,no,9,-0.0524660344366894,0.0524660344366894
5471,5,20,no,1,-0.00614129254867346,0.00614129254867346
1201,3,8,yes,1,-0.0061985164077413835,0.0061985164077413835
5472,5,20,no,2,-0.012452635921679889,0.012452635921679889
5473,5,20,no,13,-0.0855009166836882,0.0855009166836882
4090,5,19,no,1,-0.003747203480616801,0.003747203480616801
3592,5,17,yes,1,0.003818099192726798,0.003818099192726798
5474,5,20,no,2,-0.013673277305821574,0.013673277305821574
3593,5,17,yes,1,0.003889511089587072,0.003889511089587072
5475,5,20,yes,4,0.027242151199945774,0.027242151199945774
4091,5,19,no,8,-0.02749789535010838,0.02749789535010838
1202,3,8,no,5,-0.03179170381584395,0.03179170381584395
4092,5,19,yes,12,-0.033598609680007455,0.033598609680007455
3594,5,17,no,4,0.01628116344931499,0.01628116344931499
4093,5,19,no,1,0.0024778905067136536,0.0024778905067136536
3595,5,17,yes,5,0.02200344523288414,0.02200344523288414
3596,5,17,no,1,-0.004548750366815624,0.004548750366815624
3014,3,11,no,1,-0.0064588943083874195,0.0064588943083874195
4094,5,19,yes,9,0.024909909217484136,0.024909909217484136
5476,5,20,yes,14,0.09052597125991735,0.09052597125991735
5477,5,20,yes,1,0.006082521453160905,0.006082521453160905
5478,5,20,yes,1,-0.006082521453160905,0.006082521453160905
3597,5,17,no,1,-0.004474578305496774,0.004474578305496774
5479,5,20,no,5,-0.03126213263350097,0.03126213263350097
4095,5,19,no,10,-0.02738779972419779,0.02738779972419779
1203,3,8,no,1,-0.00650533374811868,0.00650533374811868
3598,5,17,no,1,-0.004400521639892407,0.004400521639892407
5480,5,20,no,8,-0.05252466899730457,0.05252466899730457
1204,3,8,no,1,-0.006549739658341158,0.006549739658341158
4096,5,19,yes,2,0.005011425066452441,0.005011425066452441
4097,5,19,no,1,-0.002533534559738787,0.002533534559738787
3599,5,17,no,7,-0.028750269459581396,0.028750269459581396
528,3,7,yes,2,0.010922632782753516,0.010922632782753516
4098,5,19,yes,1,0.002533534559738787,0.002533534559738787
5481,5,20,yes,2,0.013375961887065135,0.013375961887065135
3600,5,17,yes,10,0.0421741197717862,0.0421741197717862
4099,5,19,yes,8,0.02237637465774535,0.02237637465774535
3601,5,17,yes,11,0.05490662773228011,0.05490662773228011
5482,5,20,yes,8,0.051816911273387056,0.051816911273387056
3602,5,17,no,9,-0.045586422673809995,0.045586422673809995
3603,5,17,yes,1,0.004771406440793768,0.004771406440793768
4100,5,19,yes,3,0.009413195890696807,0.009413195890696807
1205,3,8,yes,2,0.013055073406459838,0.013055073406459838
2627,3,10,yes,2,-0.00902332867231248,0.00902332867231248
5483,5,20,no,1,-0.006308029388134018,0.006308029388134018
5484,5,20,no,1,-0.006360174775013605,0.006360174775013605
4101,5,19,yes,11,-0.031789570548442156,0.031789570548442156
5485,5,20,no,9,0.0552252388766763,0.0552252388766763
4102,5,19,no,1,-0.002533534559738787,0.002533534559738787
5486,5,20,no,1,-0.0058976716028927845,0.0058976716028927845
3015,3,11,no,1,-0.00650533374811868,0.00650533374811868
5487,5,20,no,1,-0.005960635697198957,0.005960635697198957
2628,3,10,yes,1,0.004548750366815679,0.004548750366815679
1206,3,8,no,5,0.03179170381584395,0.03179170381584395
4103,5,19,no,14,-0.03003169852696018,0.03003169852696018
4104,5,19,no,3,-0.005249622701888723,0.005249622701888723
1962,3,9,yes,1,0.006941319797744205,0.006941319797744205
5488,5,20,no,1,-0.006022277489922678,0.006022277489922678
1207,3,8,no,12,-0.0781861623035025,0.0781861623035025
1963,3,9,yes,1,-0.006941319797744205,0.006941319797744205
1964,3,9,no,1,-0.006935967626738038,0.006935967626738038
5489,5,20,no,1,-0.006082521453160905,0.006082521453160905
3604,5,17,no,8,-0.03609505673214802,0.03609505673214802
5490,5,20,yes,5,0.02979656729143698,0.02979656729143698
3605,5,17,no,12,-0.04542894665130098,0.04542894665130098
3606,5,17,yes,1,0.0034016150240174237,0.0034016150240174237
4105,5,19,yes,20,0.04305239221475511,0.04305239221475511
4106,5,19,yes,3,0.008295582634236784,0.008295582634236784
5491,5,20,no,2,-0.011731132651154441,0.011731132651154441
3607,5,17,yes,7,0.02574616817796857,0.02574616817796857
3608,5,17,yes,1,0.003961402534739644,0.003961402534739644
1208,3,8,yes,1,0.0067391696291118075,0.0067391696291118075
4107,5,19,yes,5,0.015054065553150808,0.015054065553150808
1965,3,9,yes,1,0.006935967626738038,0.006935967626738038
4108,5,19,yes,16,0.05948683471405869,0.05948683471405869
4109,5,19,no,2,-0.008432520438509145,0.008432520438509145
3609,5,17,yes,1,0.004033734929106997,0.004033734929106997
3016,3,11,yes,2,0.0129642280565061,0.0129642280565061
3017,3,11,no,2,-0.0129642280565061,0.0129642280565061
4110,5,19,yes,1,-0.0041064676986638515,0.0041064676986638515
4111,5,19,no,1,-0.004033734929106997,0.004033734929106997
5492,5,20,no,3,-0.01806543464028254,0.01806543464028254
529,3,7,no,5,0.026057126714422507,0.026057126714422507
4112,5,19,yes,6,-0.022700172389298584,0.022700172389298584
4113,5,19,no,1,-0.0035379507575973856,0.0035379507575973856
5493,5,20,no,4,-0.024901957858487367,0.024901957858487367
1209,3,8,yes,1,0.006705817235090228,0.006705817235090228
5494,5,20,no,12,-0.07919288729555418,0.07919288729555418
5495,5,20,no,1,-0.0068248316823924515,0.0068248316823924515
3610,5,17,yes,1,0.0041064676986638515,0.0041064676986638515
3611,5,17,no,2,-0.008140202627770848,0.008140202627770848
3612,5,17,yes,1,0.004033734929106997,0.004033734929106997
4114,5,19,no,5,-0.016675988500882727,0.016675988500882727
4115,5,19,no,14,0.051054314275549545,0.051054314275549545
3613,5,17,no,1,-0.004033734929106997,0.004033734929106997
4116,5,19,no,1,-0.0041064676986638515,0.0041064676986638515
5496,5,20,yes,1,0.0068248316823924515,0.0068248316823924515
1210,3,8,no,4,0.026444137875337836,0.026444137875337836
530,3,7,yes,2,0.009912411151086431,0.009912411151086431
1211,3,8,yes,2,0.0129642280565061,0.0129642280565061
3614,5,17,yes,2,0.008140202627770848,0.008140202627770848
5497,5,20,no,1,-0.0068248316823924515,0.0068248316823924515
3892,5,18,yes,1,0.0010917613765485043,0.0010917613765485043
531,3,7,no,1,-0.0049193757633081425,0.0049193757633081425
4117,5,19,no,2,-0.007995137463846641,0.007995137463846641
5498,5,20,yes,1,0.0068248316823924515,0.0068248316823924515
5499,5,20,yes,11,0.07283271252054058,0.07283271252054058
4118,5,19,no,10,-0.03575032317815191,0.03575032317815191
3615,5,17,yes,1,0.004179558286804497,0.004179558286804497
3616,5,17,no,5,-0.02017067453890206,0.02017067453890206
3893,5,18,no,1,-0.0010917613765485043,0.0010917613765485043
3617,5,17,yes,13,0.056265731271050085,0.056265731271050085
1966,3,9,yes,1,-0.006935967626738038,0.006935967626738038
4119,5,19,yes,3,0.01000415500018334,0.01000415500018334
3018,3,11,no,5,0.03204291805002413,0.03204291805002413
1967,3,9,yes,1,0.006935967626738038,0.006935967626738038
4120,5,19,no,1,0.0034694475658122448,0.0034694475658122448
3618,5,17,no,4,-0.018640361866079508,0.018640361866079508
5500,5,20,no,3,-0.019374713886876505,0.019374713886876505
3894,5,18,yes,1,0.0010917613765485043,0.0010917613765485043
3019,3,11,yes,1,0.006254119513938505,0.006254119513938505
3619,5,17,yes,6,0.028405215996894856,0.028405215996894856
3020,3,11,no,1,0.0061985164077413835,0.0061985164077413835
4121,5,19,no,1,-0.0034694475658122448,0.0034694475658122448
532,3,7,yes,1,-0.0049930353877782885,0.0049930353877782885
5501,5,20,no,4,-0.026444137875337836,0.026444137875337836
3620,5,17,no,1,-0.004919375763308059,0.004919375763308059
4122,5,19,yes,20,0.08296786672693887,0.08296786672693887
4123,5,19,yes,4,0.020118183946255475,0.020118183946255475
4124,5,19,no,1,-0.005139380401899957,0.005139380401899957
1968,3,9,no,1,-0.006935967626738038,0.006935967626738038
1212,3,8,no,1,0.006410485830370405,0.006410485830370405
1213,3,8,yes,1,0.006360174775013605,0.006360174775013605
3021,3,11,yes,1,-0.0061985164077413835,0.0061985164077413835
2629,3,10,yes,1,0.004474578305496801,0.004474578305496801
4125,5,19,no,1,-0.005066392393269115,0.005066392393269115
3621,5,17,no,1,-0.004845478367507289,0.004845478367507289
3622,5,17,no,1,-0.004771406440793768,0.004771406440793768
5502,5,20,no,1,-0.006705817235090228,0.006705817235090228
4126,5,19,no,1,-0.004993035387778344,0.004993035387778344
4127,5,19,no,12,-0.05414593684843172,0.05414593684843172
533,3,7,no,2,-0.010205772795169099,0.010205772795169099
5503,5,20,yes,4,0.026600215452086906,0.026600215452086906
5504,5,20,yes,10,-0.06745106357023645,0.06745106357023645
5505,5,20,no,19,-0.13102873443559165,0.13102873443559165
4128,5,19,no,1,-0.004033734929106997,0.004033734929106997
4129,5,19,no,13,-0.04605158358606623,0.04605158358606623
5506,5,20,no,8,0.05482097140780151,0.05482097140780151
3022,3,11,yes,1,-0.006254119513938505,0.006254119513938505
5507,5,20,yes,1,0.00692794968177024,0.00692794968177024
5508,5,20,no,1,0.006935967626738038,0.006935967626738038
4130,5,19,no,1,0.003137471938287534,0.003137471938287534
1214,3,8,no,1,-0.006360174775013605,0.006360174775013605
5509,5,20,yes,1,0.006941319797744205,0.006941319797744205
5510,5,20,yes,8,0.05540252592153766,0.05540252592153766
5511,5,20,yes,6,0.04085084811814954,0.04085084811814954
3623,5,17,no,1,-0.004697221546987984,0.004697221546987984
1969,3,9,yes,3,-0.020749197844056932,0.020749197844056932
4131,5,19,no,8,-0.023349648187387592,0.023349648187387592
3023,3,11,yes,13,-0.0855009166836882,0.0855009166836882
3024,3,11,no,1,-0.0068248316823924515,0.0068248316823924515
3025,3,11,yes,1,0.0068248316823924515,0.0068248316823924515
3026,3,11,yes,2,0.0135688738941242,0.0135688738941242
1970,3,9,yes,8,-0.054444710109716965,0.054444710109716965
1971,3,9,no,6,0.04068713806414781,0.04068713806414781
5512,5,20,no,2,-0.013509322475626195,0.013509322475626195
5513,5,20,yes,1,0.006770152846514388,0.006770152846514388
2630,3,10,yes,1,0.004400521639892241,0.004400521639892241
3027,3,11,yes,1,0.0067391696291118075,0.0067391696291118075
3624,5,17,yes,2,0.009468627987781753,0.009468627987781753
3028,3,11,yes,1,0.006705817235090228,0.006705817235090228
3625,5,17,no,1,-0.004771406440793768,0.004771406440793768
5514,5,20,no,5,-0.03411167848903773,0.03411167848903773
1215,3,8,no,3,0.018922323677086128,0.018922323677086128
1972,3,9,yes,1,0.0068695272890921255,0.0068695272890921255
3029,3,11,no,1,-0.006705817235090228,0.006705817235090228
1216,3,8,no,4,-0.025332809507456533,0.025332809507456533
4132,5,19,no,14,-0.032163381322175624,0.032163381322175624
3030,3,11,yes,3,0.020008165752134044,0.020008165752134044
4133,5,19,yes,1,0.0019704136188763294,0.0019704136188763294
5515,5,20,yes,1,0.006869527289091959,0.006869527289091959
3895,5,18,no,1,-0.0010917613765485043,0.0010917613765485043
5516,5,20,yes,1,0.0068484456234291224,0.0068484456234291224
4134,5,19,no,1,0.002017172974494344,0.002017172974494344
5517,5,20,yes,1,0.0068248316823924515,0.0068248316823924515
3626,5,17,no,1,-0.004697221546987984,0.004697221546987984
4135,5,19,yes,17,0.04230463188132777,0.04230463188132777
5518,5,20,yes,5,0.03368400541030114,0.03368400541030114
1217,3,8,yes,1,-0.0064588943083874195,0.0064588943083874195
3627,5,17,yes,19,-0.07538985387259137,0.07538985387259137
3628,5,17,yes,10,0.03644366421364975,0.03644366421364975
5519,5,20,no,17,-0.11657065572449654,0.11657065572449654
3629,5,17,yes,1,0.004033734929106997,0.004033734929106997
3630,5,17,no,14,-0.05008531851517323,0.05008531851517323
5520,5,20,yes,1,0.006941319797744205,0.006941319797744205
5521,5,20,yes,1,0.006943997948260672,0.006943997948260672
3631,5,17,no,1,0.003137471938287534,0.003137471938287534
3031,3,11,yes,13,0.08184407051895404,0.08184407051895404
5522,5,20,no,2,-0.013885317746004877,0.013885317746004877
534,3,7,no,10,0.04807860248533913,0.04807860248533913
3032,3,11,no,1,-0.005960635697198957,0.005960635697198957
3632,5,17,no,16,-0.04297153232374837,0.04297153232374837
535,3,7,no,11,-0.05329053407559803,0.05329053407559803
536,3,7,no,5,0.02533011553651443,0.02533011553651443
5523,5,20,yes,1,0.006941319797744205,0.006941319797744205
3033,3,11,no,1,-0.006022277489922678,0.006022277489922678
5524,5,20,yes,10,0.06912049883405874,0.06912049883405874
3034,3,11,no,6,-0.03734465408666188,0.03734465408666188
3035,3,11,yes,1,0.006360174775013605,0.006360174775013605
4136,5,19,no,2,0.006083339096577239,0.006083339096577239
1973,3,9,yes,1,0.00688804475647703,0.00688804475647703
4137,5,19,yes,3,0.009607919372416479,0.009607919372416479
4138,5,19,no,1,-0.0032680614992418033,0.0032680614992418033
5525,5,20,yes,1,0.0068248316823924515,0.0068248316823924515
5526,5,20,no,2,-0.013673277305821574,0.013673277305821574
3633,5,17,no,1,0.0022642190665268375,0.0022642190665268375
4139,5,19,no,6,-0.01825645148803795,0.01825645148803795
3634,5,17,yes,9,0.022828329530643468,0.022828329530643468
5527,5,20,yes,4,0.027242151199945774,0.027242151199945774
4140,5,19,yes,1,0.002885778044461579,0.002885778044461579
3635,5,17,yes,1,0.0028249181734272544,0.0028249181734272544
1218,3,8,yes,1,0.0064588943083874195,0.0064588943083874195
4141,5,19,yes,20,0.07165512222274792,0.07165512222274792
4142,5,19,yes,4,0.01775048308117949,0.01775048308117949
3636,5,17,no,1,0.002885778044461579,0.002885778044461579
4143,5,19,no,7,-0.030289471218352487,0.030289471218352487
5528,5,20,no,8,-0.05482097140780151,0.05482097140780151
537,3,7,no,1,-0.0049193757633081425,0.0049193757633081425
5529,5,20,yes,1,0.006917278298890772,0.006917278298890772
4144,5,19,yes,10,-0.037142920665832635,0.037142920665832635
4145,5,19,no,13,-0.03839211052460807,0.03839211052460807
5530,5,20,no,4,-0.027722515405143255,0.027722515405143255
538,3,7,yes,1,0.0049193757633081425,0.0049193757633081425
3637,5,17,yes,2,0.005957477552879564,0.005957477552879564
5531,5,20,yes,2,0.013877287424482243,0.013877287424482243
3638,5,17,yes,1,0.0030733380175221314,0.0030733380175221314
3036,3,11,no,1,-0.006360174775013605,0.006360174775013605
3639,5,17,yes,8,0.026958508644577772,0.026958508644577772
2631,3,10,no,1,-0.004400521639892241,0.004400521639892241
3640,5,17,yes,11,0.044392952416635545,0.044392952416635545
3641,5,17,no,7,0.03287979430239163,0.03287979430239163
3642,5,17,no,7,-0.03287979430239163,0.03287979430239163
3643,5,17,no,5,-0.02126614254604009,0.02126614254604009
5532,5,20,yes,3,0.020749197844056932,0.020749197844056932
5533,5,20,yes,7,-0.048514481165060575,0.048514481165060575
4146,5,19,yes,1,0.0025900635645267206,0.0025900635645267206
5534,5,20,no,11,0.07594533051645119,0.07594533051645119
4147,5,19,yes,5,0.013828833540339064,0.013828833540339064
1219,3,8,yes,1,-0.0064588943083874195,0.0064588943083874195
4148,5,19,yes,1,0.0029474764738244563,0.0029474764738244563
1220,3,8,yes,1,0.0064588943083874195,0.0064588943083874195
4149,5,19,yes,9,0.029434750293344886,0.029434750293344886
4150,5,19,yes,20,0.08587287955461564,0.08587287955461564
4151,5,19,yes,1,0.005066392393269115,0.005066392393269115
1974,3,9,yes,13,-0.08739418173317337,0.08739418173317337
1975,3,9,no,1,-0.0064588943083875305,0.0064588943083875305
3644,5,17,yes,1,0.0041064676986638515,0.0041064676986638515
4152,5,19,no,1,-0.005066392393269115,0.005066392393269115
4153,5,19,no,1,-0.004993035387778344,0.004993035387778344
1976,3,9,yes,9,0.05962350564256036,0.05962350564256036
4154,5,19,no,1,-0.004919375763308059,0.004919375763308059
4155,5,19,no,1,-0.004845478367507289,0.004845478367507289
5535,5,20,no,2,-0.013673277305821574,0.013673277305821574
1977,3,9,yes,6,0.04113354026239652,0.04113354026239652
4156,5,19,yes,1,-0.004771406440793768,0.004771406440793768
5536,5,20,no,1,0.0068484456234291224,0.0068484456234291224
4157,5,19,no,10,-0.0436434112059296,0.0436434112059296
5537,5,20,no,1,-0.0068484456234291224,0.0068484456234291224
4158,5,19,no,12,-0.0429141116477787,0.0429141116477787
4159,5,19,no,1,-0.003137471938287534,0.003137471938287534
539,3,7,no,5,0.023485840233586797,0.023485840233586797
3645,5,17,no,2,-0.008140202627770848,0.008140202627770848
3037,3,11,yes,4,-0.025924453545217663,0.025924453545217663
3646,5,17,no,1,-0.003961402534739644,0.003961402534739644
4160,5,19,yes,1,0.003137471938287534,0.003137471938287534
5538,5,20,no,1,-0.006869527289091959,0.006869527289091959
3038,3,11,no,1,-0.006592049699952862,0.006592049699952862
3647,5,17,no,1,-0.003889511089587072,0.003889511089587072
540,3,7,yes,3,0.013201732714363867,0.013201732714363867
541,3,7,yes,1,-0.004326632768974825,0.004326632768974825
3648,5,17,no,13,-0.04428400905831675,0.04428400905831675
3649,5,17,no,1,0.003010001079055108,0.003010001079055108
5539,5,20,no,6,-0.04151453002501626,0.04151453002501626
542,3,7,no,1,-0.004400521639892241,0.004400521639892241
543,3,7,no,14,-0.06935622271626263,0.06935622271626263
5540,5,20,yes,1,0.00694131979774415,0.00694131979774415
5541,5,20,yes,6,0.04144273751636407,0.04144273751636407
2632,3,10,yes,1,0.004400521639892241,0.004400521639892241
544,3,7,no,1,0.0054262663116700915,0.0054262663116700915
3650,5,17,no,1,-0.003010001079055108,0.003010001079055108
4161,5,19,no,12,-0.033598609680007455,0.033598609680007455
4162,5,19,no,5,0.012954718121568884,0.012954718121568884
3651,5,17,yes,6,0.01902573694591783,0.01902573694591783
1978,3,9,no,1,0.006917278298890717,0.006917278298890717
5542,5,20,yes,1,0.0068484456234291224,0.0068484456234291224
3652,5,17,yes,1,0.0034016150240174237,0.0034016150240174237
5543,5,20,yes,1,-0.0068484456234291224,0.0068484456234291224
4163,5,19,yes,10,0.03044881746949163,0.03044881746949163
2633,3,10,no,1,0.004326632768974825,0.004326632768974825
4164,5,19,no,6,-0.01902573694591783,0.01902573694591783
4165,5,19,no,1,-0.0029474764738244563,0.0029474764738244563
545,3,7,yes,2,0.010639422328994508,0.010639422328994508
3896,5,18,no,2,0.0022116873129396156,0.0022116873129396156
1221,3,8,yes,1,0.006410485830370405,0.006410485830370405
3653,5,17,yes,1,0.0034694475658122448,0.0034694475658122448
4166,5,19,yes,11,0.03598932421497947,0.03598932421497947
546,3,7,no,8,0.03964422189180328,0.03964422189180328
3654,5,17,no,2,-0.0068710625898296684,0.0068710625898296684
3655,5,17,yes,11,0.041249388364496486,0.041249388364496486
1222,3,8,no,2,-0.012869380138757824,0.012869380138757824
3656,5,17,no,1,-0.0041064676986638515,0.0041064676986638515
3039,3,11,yes,2,0.01314178935829402,0.01314178935829402
3040,3,11,no,5,-0.033149955110428064,0.033149955110428064
4167,5,19,yes,9,-0.030031846662099904,0.030031846662099904
3041,3,11,no,1,0.006705817235090228,0.006705817235090228
4168,5,19,yes,3,0.009413195890696807,0.009413195890696807
5544,5,20,no,1,-0.006869527289091959,0.006869527289091959
4169,5,19,yes,5,0.01701155332359297,0.01701155332359297
5545,5,20,no,1,-0.006888044756477085,0.006888044756477085
5546,5,20,no,2,-0.013821248162286692,0.013821248162286692
5547,5,20,no,15,0.10121542989546006,0.10121542989546006
3042,3,11,no,1,-0.006705817235090228,0.006705817235090228
3657,5,17,no,7,-0.02673390731840558,0.02673390731840558
5548,5,20,yes,7,-0.04639445848765855,0.04639445848765855
4170,5,19,no,1,0.003607097447810126,0.003607097447810126
3043,3,11,yes,8,0.05252466899730457,0.05252466899730457
3658,5,17,yes,1,0.003607097447810126,0.003607097447810126
4171,5,19,yes,2,0.007424062124434944,0.007424062124434944
4172,5,19,yes,2,0.00770761028231387,0.00770761028231387
5549,5,20,yes,1,0.0067391696291118075,0.0067391696291118075
5550,5,20,yes,1,0.006705817235090228,0.006705817235090228
4173,5,19,yes,1,-0.003889511089587072,0.003889511089587072
3897,5,18,yes,1,0.0011487455855182932,0.0011487455855182932
3659,5,17,no,2,-0.0071450482054075115,0.0071450482054075115
547,3,7,no,1,-0.004697221546987929,0.004697221546987929
548,3,7,yes,1,0.004697221546987929,0.004697221546987929
3660,5,17,no,1,0.0035379507575973856,0.0035379507575973856
3661,5,17,yes,1,0.003607097447810126,0.003607097447810126
5551,5,20,no,12,-0.08212987558051188,0.08212987558051188
1979,3,9,no,1,-0.006917278298890717,0.006917278298890717
4174,5,19,no,6,-0.021856657088381498,0.021856657088381498
2634,3,10,no,1,-0.004326632768974825,0.004326632768974825
4175,5,19,no,1,-0.0034016150240174237,0.0034016150240174237
4176,5,19,no,1,-0.003334478476924113,0.003334478476924113
5552,5,20,yes,7,0.04829118313979319,0.04829118313979319
3044,3,11,yes,1,-0.006410485830370405,0.006410485830370405
4177,5,19,yes,1,0.003334478476924113,0.003334478476924113
5553,5,20,no,1,0.0068248316823924515,0.0068248316823924515
1223,3,8,no,1,0.0064588943083874195,0.0064588943083874195
5554,5,20,no,15,-0.10366784592159439,0.10366784592159439
5555,5,20,yes,2,0.013845227980660957,0.013845227980660957
3045,3,11,no,2,-0.0129642280565061,0.0129642280565061
5556,5,20,yes,6,0.041642570745485885,0.041642570745485885
5557,5,20,no,1,0.00692794968177024,0.00692794968177024
5558,5,20,yes,4,0.027578820207855737,0.027578820207855737
3662,5,17,yes,1,0.0036768586438181428,0.0036768586438181428
3046,3,11,no,2,-0.01314178935829402,0.01314178935829402
5559,5,20,yes,1,0.0068484456234291224,0.0068484456234291224
3047,3,11,no,2,-0.013302348517043816,0.013302348517043816
3663,5,17,no,1,-0.0036768586438181428,0.0036768586438181428
4178,5,19,yes,1,0.0034016150240174237,0.0034016150240174237
1224,3,8,no,2,0.01277066060538401,0.01277066060538401
4179,5,19,yes,1,0.0034694475658122448,0.0034694475658122448
3048,3,11,no,1,-0.006705817235090228,0.006705817235090228
1225,3,8,no,6,0.03700675680157095,0.03700675680157095
1226,3,8,yes,1,0.005960635697198957,0.005960635697198957
1227,3,8,no,1,-0.005960635697198957,0.005960635697198957
5560,5,20,yes,11,-0.07606181863180295,0.07606181863180295
549,3,7,no,1,-0.004697221546987929,0.004697221546987929
5561,5,20,yes,12,0.0828866503141954,0.0828866503141954
3049,3,11,yes,1,0.006705817235090228,0.006705817235090228
4180,5,19,yes,19,0.07949841916112663,0.07949841916112663
4181,5,19,no,12,-0.05326029601423066,0.05326029601423066
5562,5,20,no,8,-0.055116014822185644,0.055116014822185644
5563,5,20,yes,13,0.08880002023248679,0.08880002023248679
3898,5,18,no,1,-0.0011487455855182932,0.0011487455855182932
4182,5,19,no,4,-0.015416216297670315,0.015416216297670315
5564,5,20,no,4,-0.02688528436269133,0.02688528436269133
1228,3,8,no,1,-0.006022277489922678,0.006022277489922678
4183,5,19,no,15,-0.04814178690854695,0.04814178690854695
3050,3,11,no,3,-0.020215139710716423,0.020215139710716423
1229,3,8,yes,2,-0.012223814001834366,0.012223814001834366
5565,5,20,yes,1,0.006770152846514388,0.006770152846514388
3899,5,18,yes,1,0.0011487455855182932,0.0011487455855182932
1230,3,8,no,1,-0.0061985164077413835,0.0061985164077413835
3051,3,11,yes,1,-0.0067987210476098126,0.0067987210476098126
4184,5,19,yes,20,0.06759173813532426,0.06759173813532426
4185,5,19,yes,6,0.025740720851536864,0.025740720851536864
4186,5,19,no,2,-0.008875099945389181,0.008875099945389181
550,3,7,yes,3,0.013868955425285878,0.013868955425285878
1980,3,9,yes,1,0.006917278298890717,0.006917278298890717
4187,5,19,no,2,-0.008579594920679334,0.008579594920679334
3052,3,11,yes,4,0.027013860758326236,0.027013860758326236
4188,5,19,no,8,-0.0314128358560638,0.0314128358560638
5566,5,20,no,5,0.033339385081198714,0.033339385081198714
4189,5,19,no,16,-0.04981815775531853,0.04981815775531853
5567,5,20,no,7,-0.046908258975322914,0.046908258975322914
3664,5,17,no,1,-0.003607097447810126,0.003607097447810126
5568,5,20,yes,2,-0.013673277305821574,0.013673277305821574
1231,3,8,no,1,0.0061985164077413835,0.0061985164077413835
4190,5,19,yes,1,0.002647472861640701,0.002647472861640701
3053,3,11,yes,13,-0.08907119537825603,0.08907119537825603
4191,5,19,yes,20,0.06626375983516629,0.06626375983516629
4192,5,19,yes,1,0.004033734929106997,0.004033734929106997
5569,5,20,no,1,-0.006869527289091959,0.006869527289091959
551,3,7,no,6,-0.02840521599689494,0.02840521599689494
552,3,7,yes,20,-0.11303275779199706,0.11303275779199706
553,3,7,yes,8,-0.051816911273387056,0.051816911273387056
6434,5,21,yes,1,-0.0025900635645267206,0.0025900635645267206
3054,3,11,yes,2,0.013877287424482243,0.013877287424482243
554,3,7,yes,15,0.09437394598691573,0.09437394598691573
555,3,7,yes,10,0.055276914895521,0.055276914895521
4193,5,19,no,1,-0.004033734929106997,0.004033734929106997
4194,5,19,no,1,-0.003961402534739644,0.003961402534739644
4195,5,19,yes,1,0.003961402534739644,0.003961402534739644
5570,5,20,no,5,0.03411167848903773,0.03411167848903773
3900,5,18,yes,2,0.0023866271440931217,0.0023866271440931217
3055,3,11,no,12,0.0818640526057487,0.0818640526057487
3665,5,17,no,1,-0.0035379507575973856,0.0035379507575973856
1232,3,8,no,2,0.012223814001834366,0.012223814001834366
3666,5,17,yes,2,0.0071450482054075115,0.0071450482054075115
4196,5,19,yes,1,0.004033734929106997,0.004033734929106997
5571,5,20,no,3,-0.020393705576516652,0.020393705576516652
1981,3,9,no,1,-0.006917278298890717,0.006917278298890717
3056,3,11,yes,1,-0.0066701446519749075,0.0066701446519749075
4197,5,19,no,2,0.008286025985468348,0.008286025985468348
5572,5,20,yes,1,0.0068248316823924515,0.0068248316823924515
5573,5,20,yes,12,-0.0828866503141954,0.0828866503141954
5574,5,20,yes,1,0.006941319797744205,0.006941319797744205
5575,5,20,yes,1,0.006943997948260672,0.006943997948260672
3667,5,17,no,1,-0.003607097447810126,0.003607097447810126
5576,5,20,no,10,0.06900133256819052,0.06900133256819052
4198,5,19,no,11,-0.04202733162728356,0.04202733162728356
5577,5,20,no,2,-0.013673277305821574,0.013673277305821574
556,3,7,no,11,-0.061174586498413785,0.061174586498413785
3668,5,17,no,1,-0.0035379507575973856,0.0035379507575973856
3901,5,18,no,1,-0.0012083954815765574,0.0012083954815765574
5578,5,20,yes,18,0.11776812245986312,0.11776812245986312
3669,5,17,yes,2,0.0071450482054075115,0.0071450482054075115
557,3,7,yes,2,-0.011982913187121635,0.011982913187121635
558,3,7,yes,1,0.006022277489922678,0.006022277489922678
559,3,7,yes,5,0.02916145282574023,0.02916145282574023
1982,3,9,no,1,-0.006903969863395976,0.006903969863395976
5579,5,20,yes,2,0.012104798943083583,0.012104798943083583
1233,3,8,no,1,0.006022277489922678,0.006022277489922678
5580,5,20,no,13,-0.08251563868682399,0.08251563868682399
560,3,7,yes,3,0.016696149138949012,0.016696149138949012
3670,5,17,no,6,-0.020618650771403096,0.020618650771403096
5581,5,20,no,1,-0.0066701446519749075,0.0066701446519749075
1234,3,8,yes,3,0.0176917683483534,0.0176917683483534
5582,5,20,no,1,-0.006705817235090228,0.006705817235090228
5583,5,20,yes,2,0.013375961887065135,0.013375961887065135
3671,5,17,yes,1,0.0032680614992418033,0.0032680614992418033
3672,5,17,no,8,-0.024349431160707008,0.024349431160707008
3057,3,11,no,1,-0.006705817235090228,0.006705817235090228
3673,5,17,no,1,-0.002764907831860508,0.002764907831860508
4199,5,19,yes,20,0.08296786672693887,0.08296786672693887
4200,5,19,yes,4,0.020118183946255475,0.020118183946255475
3674,5,17,yes,1,0.002764907831860508,0.002764907831860508
3675,5,17,yes,1,0.0028249181734272544,0.0028249181734272544
4201,5,19,yes,12,0.0671352221956128,0.0671352221956128
561,3,7,no,5,-0.028165833616335845,0.028165833616335845
5584,5,20,yes,11,0.0704108397437404,0.0704108397437404
5585,5,20,no,1,-0.00614129254867346,0.00614129254867346
1235,3,8,yes,1,-0.005833461048261657,0.005833461048261657
3676,5,17,no,1,-0.0028249181734272544,0.0028249181734272544
5586,5,20,yes,1,-0.0061985164077413835,0.0061985164077413835
1236,3,8,yes,1,0.005833461048261657,0.005833461048261657
562,3,7,no,1,0.0057680800157665635,0.0057680800157665635
4202,5,19,no,1,-0.005960635697199068,0.005960635697199068
1237,3,8,no,1,-0.005833461048261657,0.005833461048261657
4203,5,19,no,17,-0.09090965525297026,0.09090965525297026
3677,5,17,yes,1,0.0028249181734272544,0.0028249181734272544
3058,3,11,no,12,-0.0823653781431658,0.0823653781431658
3059,3,11,no,12,0.0823653781431658,0.0823653781431658
4204,5,19,no,1,-0.004697221546987984,0.004697221546987984
4205,5,19,yes,3,0.014314106355289041,0.014314106355289041
3678,5,17,no,1,-0.0028249181734272544,0.0028249181734272544
5587,5,20,no,2,-0.012562148902072523,0.012562148902072523
5588,5,20,no,15,-0.09973569189046771,0.09973569189046771
5589,5,20,no,7,0.04755666535323977,0.04755666535323977
563,3,7,yes,1,0.005701604461620269,0.005701604461620269
564,3,7,yes,1,0.005634110153561744,0.005634110153561744
3679,5,17,yes,1,0.0028249181734272544,0.0028249181734272544
6435,5,21,yes,13,-0.028850372370784236,0.028850372370784236
3680,5,17,yes,1,0.002885778044461579,0.002885778044461579
6436,5,21,no,1,0.0019245274747760333,0.0019245274747760333
3060,3,11,yes,1,-0.0067391696291118075,0.0067391696291118075
5590,5,20,yes,5,0.03294947162345652,0.03294947162345652
6437,5,21,no,1,0.0019704136188763294,0.0019704136188763294
4206,5,19,yes,17,0.09327568363179084,0.09327568363179084
4207,5,19,yes,2,0.012223814001834421,0.012223814001834421
5591,5,20,no,12,-0.08050613697669629,0.08050613697669629
4208,5,19,no,3,-0.01824609149175699,0.01824609149175699
4209,5,19,no,6,-0.03479556297930192,0.03479556297930192
4210,5,19,no,2,-0.011062038985387379,0.011062038985387379
1238,3,8,no,8,-0.04886506410166269,0.04886506410166269
5592,5,20,no,9,0.060859013870283585,0.060859013870283585
1983,3,9,no,4,0.02768516547079497,0.02768516547079497
3061,3,11,no,1,-0.006770152846514388,0.006770152846514388
4211,5,19,no,8,-0.041395804177178974,0.041395804177178974
1984,3,9,yes,5,0.03470660311874785,0.03470660311874785
3062,3,11,yes,1,0.006770152846514388,0.006770152846514388
3681,5,17,yes,1,0.0029474764738244563,0.0029474764738244563
3063,3,11,no,2,-0.0135688738941242,0.0135688738941242
4212,5,19,yes,3,0.014978803544355518,0.014978803544355518
1985,3,9,no,8,-0.05548779872614684,0.05548779872614684
565,3,7,no,1,-0.005634110153561744,0.005634110153561744
5593,5,20,yes,12,0.07588343482175508,0.07588343482175508
3064,3,11,no,1,-0.0068248316823924515,0.0068248316823924515
4213,5,19,yes,13,-0.060098896930815326,0.060098896930815326
566,3,7,yes,1,0.005634110153561744,0.005634110153561744
3682,5,17,no,14,-0.03596375369800779,0.03596375369800779
5594,5,20,no,1,-0.006022277489922678,0.006022277489922678
5595,5,20,yes,1,-0.006082521453160905,0.006082521453160905
5596,5,20,no,1,-0.00614129254867346,0.00614129254867346
3065,3,11,yes,1,0.0068248316823924515,0.0068248316823924515
6438,5,21,yes,9,0.019944006210679432,0.019944006210679432
3683,5,17,yes,1,0.0022130324091241965,0.0022130324091241965
4214,5,19,no,1,-0.0041064676986638515,0.0041064676986638515
5597,5,20,no,6,-0.037990220223585336,0.037990220223585336
3684,5,17,yes,1,0.0022642190665268375,0.0022642190665268375
5598,5,20,no,1,-0.00650533374811868,0.00650533374811868
3685,5,17,yes,1,0.002316298248714571,0.002316298248714571
3902,5,18,no,1,-0.0011782316625165642,0.0011782316625165642
4215,5,19,yes,10,0.04438108271761637,0.04438108271761637
3686,5,17,no,1,-0.002316298248714571,0.002316298248714571
1239,3,8,no,1,0.006308029388134018,0.006308029388134018
4216,5,19,yes,20,0.11034497600113255,0.11034497600113255
4217,5,19,yes,1,0.006198516407741439,0.006198516407741439
3687,5,17,no,1,0.002316298248714571,0.002316298248714571
567,3,7,yes,1,0.005565672514303843,0.005565672514303843
4218,5,19,no,1,-0.006198516407741439,0.006198516407741439
4219,5,19,yes,2,-0.012223814001834421,0.012223814001834421
4220,5,19,no,1,-0.006022277489922567,0.006022277489922567
3688,5,17,yes,11,0.029170203973642186,0.029170203973642186
3066,3,11,no,1,0.0067987210476098126,0.0067987210476098126
6439,5,21,yes,4,0.010248961492619862,0.010248961492619862
5599,5,20,no,1,-0.006549739658341158,0.006549739658341158
4221,5,19,no,1,-0.005960635697199068,0.005960635697199068
4222,5,19,no,1,-0.005897671602892618,0.005897671602892618
4223,5,19,no,1,-0.005833461048261823,0.005833461048261823
4224,5,19,no,1,-0.0057680800157664525,0.0057680800157664525
4225,5,19,yes,16,0.09934328318587488,0.09934328318587488
4226,5,19,no,1,-0.006592049699952696,0.006592049699952696
3067,3,11,yes,1,0.006770152846514388,0.006770152846514388
2635,3,10,no,1,0.004326632768974825,0.004326632768974825
5600,5,20,no,1,0.006549739658341158,0.006549739658341158
2636,3,10,no,1,-0.004326632768974825,0.004326632768974825
4227,5,19,no,1,-0.006549739658341158,0.006549739658341158
5601,5,20,no,5,-0.033149955110428064,0.033149955110428064
1240,3,8,no,1,-0.006308029388134018,0.006308029388134018
4228,5,19,no,16,-0.09753720844276298,0.09753720844276298
4229,5,19,yes,1,-0.00556567251430401,0.00556567251430401
1241,3,8,no,1,0.006308029388134018,0.006308029388134018
568,3,7,no,9,-0.0524660344366894,0.0524660344366894
569,3,7,yes,13,0.07402808954843743,0.07402808954843743
5602,5,20,yes,1,0.006705817235090228,0.006705817235090228
1986,3,9,no,6,0.0416105113016646,0.0416105113016646
1987,3,9,no,1,-0.006943997948260727,0.006943997948260727
1988,3,9,yes,1,0.006943997948260727,0.006943997948260727
4230,5,19,no,2,-0.010922632782753405,0.010922632782753405
4231,5,19,yes,3,0.016488305297057415,0.016488305297057415
4232,5,19,no,1,-0.00556567251430401,0.00556567251430401
1242,3,8,no,1,0.006254119513938505,0.006254119513938505
3689,5,17,no,2,-0.005833254518286035,0.005833254518286035
1989,3,9,yes,1,0.00694131979774415,0.00694131979774415
1990,3,9,yes,1,-0.00694131979774415,0.00694131979774415
3690,5,17,yes,1,0.002885778044461579,0.002885778044461579
4233,5,19,no,7,-0.03697975949717594,0.03697975949717594
3691,5,17,no,1,-0.002885778044461579,0.002885778044461579
3692,5,17,yes,5,0.015054065553150808,0.015054065553150808
3693,5,17,no,14,-0.03839101500850696,0.03839101500850696
3903,5,18,no,1,-0.0011487455855182932,0.0011487455855182932
570,3,7,no,3,-0.0160656886406646,0.0160656886406646
6440,5,21,yes,7,0.02021217624910006,0.02021217624910006
4234,5,19,yes,1,-0.004993035387778344,0.004993035387778344
5603,5,20,yes,1,-0.006705817235090228,0.006705817235090228
3694,5,17,no,1,-0.002316298248714571,0.002316298248714571
3904,5,18,no,9,-0.009118057207747741,0.009118057207747741
3695,5,17,yes,9,0.022828329530643468,0.022828329530643468
4235,5,19,no,10,-0.04585991086296337,0.04585991086296337
4236,5,19,no,1,0.004252962151704648,0.004252962151704648
5604,5,20,yes,2,0.013375961887065135,0.013375961887065135
1991,3,9,no,2,-0.013887995896521399,0.013887995896521399
6441,5,21,no,1,0.003137471938287534,0.003137471938287534
3905,5,18,yes,1,0.0009120007430160615,0.0009120007430160615
1992,3,9,no,1,-0.006941319797744205,0.006941319797744205
1243,3,8,yes,1,-0.006254119513938505,0.006254119513938505
3696,5,17,yes,2,-0.0054706644608095295,0.0054706644608095295
4237,5,19,yes,20,0.10048113072569897,0.10048113072569897
4238,5,19,yes,3,0.017499212666920894,0.017499212666920894
2637,3,10,no,1,-0.004400521639892241,0.004400521639892241
3697,5,17,no,2,-0.005237536426167422,0.005237536426167422
3698,5,17,yes,13,0.03839211052460807,0.03839211052460807
3699,5,17,no,1,-0.003334478476924113,0.003334478476924113
1993,3,9,yes,11,0.07606181863180295,0.07606181863180295
1994,3,9,no,1,-0.0068484456234291224,0.0068484456234291224
4239,5,19,no,1,-0.005897671602892618,0.005897671602892618
1995,3,9,no,4,-0.027578820207855737,0.027578820207855737
3700,5,17,no,14,-0.0400690571141364,0.0400690571141364
3701,5,17,yes,6,0.015719625953429392,0.015719625953429392
1996,3,9,no,10,-0.06931971827131306,0.06931971827131306
4240,5,19,yes,8,0.04886506410166258,0.04886506410166258
4241,5,19,yes,5,0.03228462832023132,0.03228462832023132
4242,5,19,yes,1,-0.006549739658341158,0.006549739658341158
5605,5,20,no,4,-0.02688528436269133,0.02688528436269133
571,3,7,no,9,0.04624128254468618,0.04624128254468618
5606,5,20,no,2,-0.013623552730002264,0.013623552730002264
5607,5,20,no,1,0.0068248316823924515,0.0068248316823924515
4243,5,19,no,1,-0.00650533374811868,0.00650533374811868
5608,5,20,yes,9,0.05996333238178275,0.05996333238178275
3702,5,17,yes,1,0.0028249181734272544,0.0028249181734272544
5609,5,20,no,1,-0.00650533374811868,0.00650533374811868
3703,5,17,yes,10,0.031730054054033535,0.031730054054033535
4244,5,19,no,1,0.00650533374811868,0.00650533374811868
5610,5,20,no,1,-0.006549739658341158,0.006549739658341158
4245,5,19,yes,1,-0.00650533374811868,0.00650533374811868
6442,5,21,yes,1,0.003202385934887142,0.003202385934887142
4246,5,19,no,16,-0.09659754720894831,0.09659754720894831
4247,5,19,no,6,-0.031913367103906826,0.031913367103906826
4248,5,19,no,2,0.010351311992158801,0.010351311992158801
572,3,7,no,10,-0.051737649015769605,0.051737649015769605
4249,5,19,yes,1,-0.005211931590258845,0.005211931590258845
1997,3,9,no,1,-0.00688804475647703,0.00688804475647703
6443,5,21,yes,1,-0.003202385934887142,0.003202385934887142
3704,5,17,no,7,-0.022886798456692392,0.022886798456692392
4250,5,19,yes,1,0.005211931590258845,0.005211931590258845
4251,5,19,no,14,-0.06627065063616963,0.06627065063616963
4252,5,19,yes,1,0.004252962151704648,0.004252962151704648
3068,3,11,yes,1,0.0067391696291118075,0.0067391696291118075
4253,5,19,no,4,0.01775048308117949,0.01775048308117949
5611,5,20,no,3,-0.019894398216996678,0.019894398216996678
1998,3,9,no,1,-0.0068695272890921255,0.0068695272890921255
4254,5,19,yes,18,0.09433218870854776,0.09433218870854776
4255,5,19,no,1,-0.005833461048261823,0.005833461048261823
5612,5,20,yes,1,0.0066701446519749075,0.0066701446519749075
1244,3,8,yes,3,-0.019078689993518028,0.019078689993518028
1999,3,9,no,1,-0.0068484456234291224,0.0068484456234291224
4256,5,19,no,1,-0.0057680800157664525,0.0057680800157664525
1245,3,8,no,4,-0.02610601741480012,0.02610601741480012
1246,3,8,no,2,-0.013302348517043816,0.013302348517043816
3705,5,17,no,11,-0.029810934675887607,0.029810934675887607
5613,5,20,no,1,-0.0066701446519749075,0.0066701446519749075
3706,5,17,no,1,-0.0023692703768096873,0.0023692703768096873
5614,5,20,yes,1,-0.006705817235090228,0.006705817235090228
2000,3,9,yes,1,0.0068484456234291224,0.0068484456234291224
1247,3,8,yes,1,0.0066701446519749075,0.0066701446519749075
2001,3,9,no,1,0.0068695272890921255,0.0068695272890921255
4257,5,19,no,1,-0.005701604461620324,0.005701604461620324
4258,5,19,yes,2,-0.011199782667865643,0.011199782667865643
4259,5,19,yes,3,0.016901387129485967,0.016901387129485967
3707,5,17,yes,14,0.03839101500850696,0.03839101500850696
3708,5,17,no,1,-0.003137471938287534,0.003137471938287534
4260,5,19,no,1,0.0057680800157664525,0.0057680800157664525
3709,5,17,no,3,-0.009030815570401696,0.009030815570401696
1248,3,8,yes,10,0.06426954719506695,0.06426954719506695
2638,3,10,no,1,-0.004474578305496801,0.004474578305496801
3710,5,17,no,13,-0.033016277224183335,0.033016277224183335
4261,5,19,no,10,-0.054582834249159246,0.054582834249159246
6444,5,21,yes,7,-0.02064389155843857,0.02064389155843857
3711,5,17,yes,1,0.0022130324091241965,0.0022130324091241965
6445,5,21,no,8,0.023846277493325713,0.023846277493325713
3069,3,11,yes,2,0.013375961887065135,0.013375961887065135
6446,5,21,no,3,-0.009413195890696807,0.009413195890696807
2639,3,10,yes,1,-0.004548750366815679,0.004548750366815679
4262,5,19,no,7,-0.03391589341112669,0.03391589341112669
3712,5,17,yes,7,0.016974411274720075,0.016974411274720075
6447,5,21,yes,10,0.033708705305918046,0.033708705305918046
4263,5,19,yes,1,0.004622983511482132,0.004622983511482132
1249,3,8,yes,1,0.00614129254867346,0.00614129254867346
2002,3,9,yes,1,-0.0068695272890921255,0.0068695272890921255
3713,5,17,yes,1,0.002647472861640701,0.002647472861640701
4264,5,19,yes,1,0.004697221546987984,0.004697221546987984
6448,5,21,yes,1,-0.0036768586438181428,0.0036768586438181428
3714,5,17,no,4,-0.010248961492619862,0.010248961492619862
6449,5,21,yes,1,-0.003607097447810126,0.003607097447810126
573,3,7,yes,1,0.005496366471083425,0.005496366471083425
2003,3,9,no,1,-0.0068484456234291224,0.0068484456234291224
5615,5,20,yes,10,0.06519287316045219,0.06519287316045219
5616,5,20,no,1,-0.006308029388134018,0.006308029388134018
5617,5,20,no,7,-0.04550888188525304,0.04550888188525304
2640,3,10,yes,3,0.013423850312204721,0.013423850312204721
4265,5,19,yes,18,0.09687029095016933,0.09687029095016933
5618,5,20,no,1,-0.0066701446519749075,0.0066701446519749075
3715,5,17,yes,1,0.0024778905067136536,0.0024778905067136536
3716,5,17,no,1,-0.0024778905067136536,0.0024778905067136536
4266,5,19,no,1,-0.005960635697199068,0.005960635697199068
4267,5,19,no,1,-0.005897671602892618,0.005897671602892618
4268,5,19,yes,9,0.0552252388766763,0.0552252388766763
1250,3,8,no,1,0.006082521453160905,0.006082521453160905
4269,5,19,yes,2,0.012869380138757769,0.012869380138757769
4270,5,19,yes,15,-0.0910318746946443,0.0910318746946443
4271,5,19,no,1,0.005634110153561633,0.005634110153561633
5619,5,20,no,1,-0.006705817235090228,0.006705817235090228
4272,5,19,yes,11,-0.05809195331612799,0.05809195331612799
4273,5,19,yes,4,0.020118183946255475,0.020118183946255475
4274,5,19,no,6,-0.029735068754556532,0.029735068754556532
4275,5,19,no,1,0.004771406440793768,0.004771406440793768
2641,3,10,yes,1,0.004326632768974825,0.004326632768974825
1251,3,8,no,9,0.05187987945461192,0.05187987945461192
1252,3,8,no,1,-0.005496366471083425,0.005496366471083425
3717,5,17,no,1,-0.0024231349516898176,0.0024231349516898176
6450,5,21,no,1,-0.0035379507575973856,0.0035379507575973856
1253,3,8,no,4,-0.02266946714525242,0.02266946714525242
2642,3,10,no,3,0.012538988137172913,0.012538988137172913
1254,3,8,no,3,0.017103794630948577,0.017103794630948577
2004,3,9,no,3,0.020606017668998278,0.020606017668998278
1255,3,8,yes,12,-0.07180231978087293,0.07180231978087293
3718,5,17,yes,9,0.023853457123008043,0.023853457123008043
6451,5,21,yes,3,-0.010205541066753782,0.010205541066753782
6452,5,21,yes,1,-0.0032680614992418033,0.0032680614992418033
2005,3,9,yes,1,0.006903969863395976,0.006903969863395976
4276,5,19,yes,3,0.014757889518593692,0.014757889518593692
3719,5,17,no,13,-0.033016277224183335,0.033016277224183335
3720,5,17,no,1,-0.0021627369816222125,0.0021627369816222125
4277,5,19,no,1,0.005066392393269115,0.005066392393269115
5620,5,20,yes,1,0.006705817235090228,0.006705817235090228
3721,5,17,yes,13,0.03229323616134397,0.03229323616134397
4278,5,19,no,2,0.010351311992158801,0.010351311992158801
6453,5,21,yes,13,-0.0368009956148946,0.0368009956148946
5621,5,20,yes,8,0.052179026537227946,0.052179026537227946
1256,3,8,yes,4,0.024901957858487367,0.024901957858487367
5622,5,20,no,3,-0.01922955491377143,0.01922955491377143
5623,5,20,no,1,-0.00650533374811868,0.00650533374811868
5624,5,20,yes,14,-0.09471009614734138,0.09471009614734138
3722,5,17,yes,6,-0.016066653620142993,0.016066653620142993
5625,5,20,yes,4,0.027578820207855737,0.027578820207855737
574,3,7,yes,2,0.010781711858831922,0.010781711858831922
4279,5,19,no,11,-0.05329053407559789,0.05329053407559789
4280,5,19,yes,9,0.04293922208343909,0.04293922208343909
5626,5,20,yes,11,0.07363660968760433,0.07363660968760433
4281,5,19,no,2,-0.010059427781047459,0.010059427781047459
4282,5,19,yes,5,0.025694716555038993,0.025694716555038993
6454,5,21,no,1,-0.0024231349516898176,0.0024231349516898176
575,3,7,no,1,0.005283976781832678,0.005283976781832678
3723,5,17,no,8,-0.018339913202187794,0.018339913202187794
5627,5,20,no,12,-0.08050613697669629,0.08050613697669629
576,3,7,yes,1,0.0052119315902589,0.0052119315902589
5628,5,20,no,1,0.006869527289091959,0.006869527289091959
3724,5,17,yes,1,0.0021133306609868174,0.0021133306609868174
3725,5,17,no,12,-0.02234916903282875,0.02234916903282875
3726,5,17,no,1,0.001627234912458149,0.001627234912458149
3727,5,17,yes,10,0.018608603459383782,0.018608603459383782
3728,5,17,yes,1,-0.0020648105407109485,0.0020648105407109485
6455,5,21,yes,3,-0.006949787692051096,0.006949787692051096
4283,5,19,no,2,-0.010495908372091578,0.010495908372091578
5629,5,20,yes,1,0.0068484456234291224,0.0068484456234291224
4284,5,19,yes,2,0.010495908372091578,0.010495908372091578
4285,5,19,yes,1,-0.005283976781832733,0.005283976781832733
6456,5,21,no,1,-0.0022130324091241965,0.0022130324091241965
4286,5,19,no,4,0.021562055111748024,0.021562055111748024
4287,5,19,no,1,-0.005496366471083369,0.005496366471083369
4288,5,19,yes,15,0.08922453354127391,0.08922453354127391
2643,3,10,yes,8,0.030271858076003078,0.030271858076003078
5630,5,20,yes,9,0.060282830316056524,0.060282830316056524
4289,5,19,yes,1,-0.006360174775013716,0.006360174775013716
6457,5,21,yes,1,0.0022130324091241965,0.0022130324091241965
4290,5,19,no,2,-0.012562148902072467,0.012562148902072467
6458,5,21,yes,11,0.02791746677059756,0.02791746677059756
2006,3,9,yes,3,0.020781195607398995,0.020781195607398995
3729,5,17,no,1,-0.002017172974494344,0.002017172974494344
3730,5,17,yes,2,0.0040819835152052925,0.0040819835152052925
2644,3,10,yes,5,-0.018387209522569226,0.018387209522569226
3731,5,17,yes,8,0.018339913202187794,0.018339913202187794
4291,5,19,no,1,-0.006198516407741439,0.006198516407741439
4292,5,19,no,8,-0.047407544317497274,0.047407544317497274
4293,5,19,yes,2,0.011469684477386777,0.011469684477386777
5631,5,20,no,2,-0.01314178935829402,0.01314178935829402
6459,5,21,yes,1,0.002885778044461579,0.002885778044461579
4294,5,19,no,7,-0.03894754547516771,0.03894754547516771
3070,3,11,no,1,0.006632203865068909,0.006632203865068909
5632,5,20,yes,20,-0.13706677689807373,0.13706677689807373
5633,5,20,yes,8,-0.05482097140780151,0.05482097140780151
5634,5,20,yes,16,0.11031944151682788,0.11031944151682788
5635,5,20,yes,1,0.006917278298890772,0.006917278298890772
5636,5,20,no,16,0.10716753173532712,0.10716753173532712
4295,5,19,no,1,0.005355445547161886,0.005355445547161886
2645,3,10,no,1,0.003818099192726798,0.003818099192726798
5637,5,20,yes,1,0.006360174775013605,0.006360174775013605
5638,5,20,no,1,-0.006360174775013605,0.006360174775013605
5639,5,20,no,11,-0.07283271252054058,0.07283271252054058
6460,5,21,no,5,0.015370673443576371,0.015370673443576371
6461,5,21,yes,6,-0.01825645148803795,0.01825645148803795
4296,5,19,yes,8,-0.04081501623301623,0.04081501623301623
5640,5,20,no,1,-0.0068248316823924515,0.0068248316823924515
577,3,7,no,1,-0.0052119315902589,0.0052119315902589
3732,5,17,no,5,-0.011850813150454567,0.011850813150454567
5641,5,20,no,1,0.0068248316823924515,0.0068248316823924515
3733,5,17,yes,1,0.0022642190665268375,0.0022642190665268375
4297,5,19,yes,8,0.04081501623301623,0.04081501623301623
4298,5,19,no,1,-0.005355445547161886,0.005355445547161886
3906,5,18,yes,1,0.0009358963557673378,0.0009358963557673378
4299,5,19,no,5,0.027477860997780934,0.027477860997780934
3071,3,11,no,1,-0.006632203865068909,0.006632203865068909
4300,5,19,no,14,-0.07240605967141703,0.07240605967141703
5642,5,20,no,1,-0.0068248316823924515,0.0068248316823924515
3734,5,17,yes,1,0.002316298248714571,0.002316298248714571
6462,5,21,no,1,-0.0028249181734272544,0.0028249181734272544
4301,5,19,yes,1,0.004697221546987984,0.004697221546987984
578,3,7,no,9,-0.0500649833052621,0.0500649833052621
6463,5,21,no,1,-0.002764907831860508,0.002764907831860508
3072,3,11,no,1,0.006632203865068909,0.006632203865068909
2007,3,9,no,12,0.0828866503141954,0.0828866503141954
2008,3,9,no,1,-0.0068248316823924515,0.0068248316823924515
5643,5,20,no,2,0.013623552730002264,0.013623552730002264
579,3,7,no,1,0.005833461048261657,0.005833461048261657
3735,5,17,no,7,-0.015151600882179928,0.015151600882179928
5644,5,20,no,12,0.07870219563607839,0.07870219563607839
3736,5,17,yes,1,0.002017172974494344,0.002017172974494344
6464,5,21,yes,1,-0.0027057566289490215,0.0027057566289490215
5645,5,20,no,1,-0.006308029388134018,0.006308029388134018
5646,5,20,yes,4,-0.02573488866189011,0.02573488866189011
5647,5,20,yes,1,0.00650533374811868,0.00650533374811868
2009,3,9,no,6,-0.0413552155130551,0.0413552155130551
2010,3,9,no,1,-0.006935967626738093,0.006935967626738093
5648,5,20,no,7,-0.04639445848765855,0.04639445848765855
2646,3,10,no,5,-0.0198092154448245,0.0198092154448245
5649,5,20,no,10,-0.06868488871630984,0.06868488871630984
6465,5,21,yes,1,0.0027057566289490215,0.0027057566289490215
1257,3,8,no,1,-0.00614129254867346,0.00614129254867346
1258,3,8,no,2,0.012223814001834366,0.012223814001834366
6466,5,21,yes,6,-0.015377853073258702,0.015377853073258702
1259,3,8,no,1,-0.006082521453160905,0.006082521453160905
6467,5,21,no,2,0.004901025458403471,0.004901025458403471
5650,5,20,no,4,0.027685165470795026,0.027685165470795026
5651,5,20,no,1,0.006888044756477085,0.006888044756477085
2011,3,9,no,12,-0.0828866503141954,0.0828866503141954
3737,5,17,yes,5,0.010818129658971012,0.010818129658971012
6468,5,21,no,1,-0.0024778905067136536,0.0024778905067136536
4302,5,19,no,7,0.03494700034481538,0.03494700034481538
4303,5,19,no,2,0.010639422328994619,0.010639422328994619
2012,3,9,yes,1,0.006824831682392396,0.006824831682392396
3738,5,17,no,1,-0.0022642190665268375,0.0022642190665268375
4304,5,19,yes,4,0.02212241545061905,0.02212241545061905
580,3,7,no,1,0.0057680800157665635,0.0057680800157665635
4305,5,19,no,1,-0.005634110153561633,0.005634110153561633
6469,5,21,yes,1,-0.0024231349516898176,0.0024231349516898176
2013,3,9,yes,8,0.05523250293753745,0.05523250293753745
5652,5,20,yes,1,0.006869527289091959,0.006869527289091959
2014,3,9,yes,1,0.006943997948260672,0.006943997948260672
3739,5,17,no,10,-0.019972934703466297,0.019972934703466297
3740,5,17,no,1,-0.0017495943155862448,0.0017495943155862448
2015,3,9,no,1,-0.006943997948260672,0.006943997948260672
4306,5,19,yes,1,0.005634110153561633,0.005634110153561633
3073,3,11,no,1,0.006592049699952862,0.006592049699952862
2016,3,9,yes,1,0.006943997948260672,0.006943997948260672
2017,3,9,yes,1,0.006943997948260727,0.006943997948260727
5653,5,20,yes,1,0.0068484456234291224,0.0068484456234291224
3074,3,11,no,5,-0.033339385081198714,0.033339385081198714
3741,5,17,yes,1,0.0017495943155862448,0.0017495943155862448
2647,3,10,yes,2,-0.008432520438509061,0.008432520438509061
2018,3,9,no,1,-0.006943997948260727,0.006943997948260727
5654,5,20,no,1,-0.0068484456234291224,0.0068484456234291224
4307,5,19,no,8,0.047407544317497274,0.047407544317497274
3742,5,17,no,11,-0.017090949388275864,0.017090949388275864
4308,5,19,yes,1,0.006198516407741439,0.006198516407741439
4309,5,19,no,8,-0.04790445626361839,0.04790445626361839
4310,5,19,no,1,-0.005701604461620324,0.005701604461620324
4311,5,19,no,1,-0.005634110153561633,0.005634110153561633
3743,5,17,no,1,-0.0013360527153829932,0.0013360527153829932
4312,5,19,yes,3,0.01710379463094841,0.01710379463094841
4313,5,19,no,13,-0.06956163779351476,0.06956163779351476
1260,3,8,yes,1,0.006082521453160905,0.006082521453160905
5655,5,20,no,3,-0.020661541908964964,0.020661541908964964
581,3,7,yes,1,0.005701604461620269,0.005701604461620269
4314,5,19,yes,4,0.020118183946255475,0.020118183946255475
5656,5,20,yes,4,0.027509987532394087,0.027509987532394087
3744,5,17,no,8,-0.009560175581930015,0.009560175581930015
5657,5,20,no,3,-0.020606017668998167,0.020606017668998167
2019,3,9,yes,1,0.006943997948260727,0.006943997948260727
2020,3,9,yes,1,-0.006943997948260727,0.006943997948260727
4315,5,19,yes,2,0.010495908372091578,0.010495908372091578
3745,5,17,no,1,0.0010917613765485043,0.0010917613765485043
1261,3,8,yes,18,-0.1170021982895949,0.1170021982895949
1262,3,8,yes,1,0.0068248316823924515,0.0068248316823924515
5658,5,20,yes,1,0.006888044756477085,0.006888044756477085
5659,5,20,no,5,-0.03457321022727211,0.03457321022727211
4316,5,19,yes,12,0.06874411276660475,0.06874411276660475
1263,3,8,no,1,0.0067987210476098126,0.0067987210476098126
5660,5,20,no,1,0.006935967626738093,0.006935967626738093
4317,5,19,yes,15,0.09729612410643168,0.09729612410643168
5661,5,20,no,1,-0.006935967626738093,0.006935967626738093
4318,5,19,no,1,-0.006770152846514277,0.006770152846514277
3746,5,17,yes,1,0.0011199259363911113,0.0011199259363911113
5662,5,20,no,1,-0.00694131979774415,0.00694131979774415
3747,5,17,yes,1,0.0011487455855182932,0.0011487455855182932
3748,5,17,yes,1,0.0011782316625165642,0.0011782316625165642
3749,5,17,yes,4,0.005021511020955542,0.005021511020955542
2021,3,9,yes,1,0.006943997948260727,0.006943997948260727
4319,5,19,no,7,-0.04639445848765855,0.04639445848765855
2648,3,10,no,2,0.008432520438509061,0.008432520438509061
6470,5,21,no,4,0.010024623582668979,0.010024623582668979
2649,3,10,yes,1,0.0041064676986638515,0.0041064676986638515
4320,5,19,no,10,-0.06219694741254145,0.06219694741254145
1264,3,8,yes,11,0.07239416624794437,0.07239416624794437
3750,5,17,yes,13,0.020219051430619542,0.020219051430619542
4321,5,19,no,1,-0.005897671602892618,0.005897671602892618
4322,5,19,no,1,-0.005833461048261823,0.005833461048261823
5663,5,20,no,1,-0.006943997948260727,0.006943997948260727
4323,5,19,yes,1,0.005833461048261823,0.005833461048261823
4324,5,19,no,1,-0.005833461048261823,0.005833461048261823
5664,5,20,yes,4,0.02774923505451321,0.02774923505451321
4325,5,19,no,1,-0.0057680800157664525,0.0057680800157664525
4326,5,19,no,1,-0.005701604461620324,0.005701604461620324
4327,5,19,yes,1,0.005701604461620324,0.005701604461620324
3751,5,17,no,1,0.0018353517880112385,0.0018353517880112385
2650,3,10,no,1,-0.0041064676986638515,0.0041064676986638515
6471,5,21,no,2,-0.005123598124265508,0.005123598124265508
6472,5,21,yes,6,-0.014063845559578764,0.014063845559578764
5665,5,20,no,17,-0.11705861114593974,0.11705861114593974
3075,3,11,yes,1,0.0067391696291118075,0.0067391696291118075
5666,5,20,yes,4,0.027132875205628404,0.027132875205628404
4328,5,19,no,1,-0.005701604461620324,0.005701604461620324
5667,5,20,yes,2,-0.013623552730002264,0.013623552730002264
5668,5,20,yes,9,0.06191473586979551,0.06191473586979551
5669,5,20,yes,7,0.04855183109940886,0.04855183109940886
5670,5,20,yes,1,0.00690396986339592,0.00690396986339592
3752,5,17,no,1,-0.0018353517880112385,0.0018353517880112385
582,3,7,yes,1,0.005634110153561744,0.005634110153561744
5671,5,20,no,1,-0.00690396986339592,0.00690396986339592
6473,5,21,yes,4,-0.008358051157814322,0.008358051157814322
3076,3,11,yes,1,-0.0067391696291118075,0.0067391696291118075
4329,5,19,no,1,-0.005634110153561633,0.005634110153561633
3753,5,17,no,7,-0.011681888956184903,0.011681888956184903
3754,5,17,no,1,-0.0015122014532747904,0.0015122014532747904
583,3,7,yes,1,0.005565672514303843,0.005565672514303843
5672,5,20,yes,4,0.027509987532394087,0.027509987532394087
1265,3,8,yes,1,0.006308029388134018,0.006308029388134018
5673,5,20,no,2,-0.013717972912521081,0.013717972912521081
3755,5,17,yes,1,0.0015122014532747904,0.0015122014532747904
3756,5,17,yes,4,0.00643226625429618,0.00643226625429618
5674,5,20,no,8,-0.05540252592153766,0.05540252592153766
5675,5,20,yes,2,0.013887995896521399,0.013887995896521399
5676,5,20,no,1,0.00694131979774415,0.00694131979774415
3077,3,11,yes,1,0.0067391696291118075,0.0067391696291118075
5677,5,20,yes,1,0.006935967626738093,0.006935967626738093
4330,5,19,no,7,-0.037479039618210835,0.037479039618210835
5678,5,20,no,14,0.09508830617077046,0.09508830617077046
4331,5,19,no,1,0.005139380401899957,0.005139380401899957
5679,5,20,no,1,-0.006592049699952862,0.006592049699952862
3757,5,17,yes,1,0.0017079790593417937,0.0017079790593417937
5680,5,20,yes,10,-0.06774705862676067,0.06774705862676067
3907,5,18,yes,1,0.0009603681248038787,0.0009603681248038787
5681,5,20,yes,1,0.006888044756477085,0.006888044756477085
6474,5,21,yes,1,0.002017172974494344,0.002017172974494344
4332,5,19,no,1,-0.005139380401899957,0.005139380401899957
4333,5,19,yes,3,0.015635288773991535,0.015635288773991535
3758,5,17,yes,1,0.0017495943155862448,0.0017495943155862448
2651,3,10,no,6,-0.026183003519688608,0.026183003519688608
5682,5,20,yes,1,-0.006888044756477085,0.006888044756477085
4334,5,19,no,2,0.010781711858831922,0.010781711858831922
1266,3,8,no,1,0.006254119513938505,0.006254119513938505
5683,5,20,yes,1,0.006888044756477085,0.006888044756477085
2022,3,9,yes,1,-0.006943997948260727,0.006943997948260727
1267,3,8,yes,1,0.0061985164077413835,0.0061985164077413835
3078,3,11,no,2,0.013375961887065135,0.013375961887065135
3079,3,11,no,2,0.01322425356502177,0.01322425356502177
5684,5,20,no,1,-0.006888044756477085,0.006888044756477085
4335,5,19,no,2,0.011062038985387379,0.011062038985387379
4336,5,19,no,4,0.022937255679210233,0.022937255679210233
4337,5,19,no,1,-0.005833461048261823,0.005833461048261823
2023,3,9,no,1,0.006943997948260727,0.006943997948260727
5685,5,20,yes,1,-0.00690396986339592,0.00690396986339592
4338,5,19,no,20,0.12709269139786872,0.12709269139786872
4339,5,19,no,7,0.048050818561287234,0.048050818561287234
4340,5,19,yes,13,-0.08816035648900022,0.08816035648900022
4341,5,19,no,1,-0.006549739658341158,0.006549739658341158
5686,5,20,no,1,-0.006917278298890772,0.006917278298890772
5687,5,20,no,1,-0.00692794968177024,0.00692794968177024
2024,3,9,yes,1,0.00694131979774415,0.00694131979774415
4342,5,19,no,1,-0.00650533374811868,0.00650533374811868
3759,5,17,no,5,-0.008340092329584492,0.008340092329584492
4343,5,19,no,1,-0.0064588943083875305,0.0064588943083875305
3760,5,17,no,11,-0.015108420795029907,0.015108420795029907
3761,5,17,yes,13,0.018323744316963687,0.018323744316963687
1268,3,8,yes,6,0.03593785984011044,0.03593785984011044
1269,3,8,no,1,-0.005833461048261657,0.005833461048261657
3908,5,18,yes,15,0.017768343337569097,0.017768343337569097
4344,5,19,yes,4,-0.025332809507456422,0.025332809507456422
1270,3,8,no,1,0.005833461048261657,0.005833461048261657
4345,5,19,yes,3,0.018922323677086184,0.018922323677086184
5688,5,20,yes,7,-0.048570520427256125,0.048570520427256125
4346,5,19,no,1,-0.006360174775013716,0.006360174775013716
5689,5,20,yes,9,0.06241574840791714,0.06241574840791714
5690,5,20,no,1,-0.006917278298890772,0.006917278298890772
3080,3,11,yes,2,0.013055073406459838,0.013055073406459838
1271,3,8,no,1,-0.005833461048261657,0.005833461048261657
6475,5,21,no,1,-0.002017172974494344,0.002017172974494344
4347,5,19,no,1,-0.006308029388133907,0.006308029388133907
4348,5,19,no,13,-0.07655632937812629,0.07655632937812629
6476,5,21,yes,4,-0.007609801809567093,0.007609801809567093
5691,5,20,no,6,0.04125209751367731,0.04125209751367731
1272,3,8,yes,12,-0.0745999527635528,0.0745999527635528
1273,3,8,yes,2,0.0129642280565061,0.0129642280565061
5692,5,20,no,1,-0.0068248316823924515,0.0068248316823924515
3762,5,17,no,1,0.0016671954327226735,0.0016671954327226735
4349,5,19,yes,2,0.011062038985387379,0.011062038985387379
3909,5,18,no,1,-0.0014042374014612488,0.0014042374014612488
6477,5,21,yes,1,0.0018353517880112385,0.0018353517880112385
4350,5,19,yes,5,0.02883492728210285,0.02883492728210285
1274,3,8,no,2,0.01277066060538401,0.01277066060538401
5693,5,20,no,1,-0.0068484456234291224,0.0068484456234291224
5694,5,20,yes,5,0.03398132082905758,0.03398132082905758
3763,5,17,no,1,-0.0016671954327226735,0.0016671954327226735
5695,5,20,no,1,-0.0067391696291118075,0.0067391696291118075
2025,3,9,yes,1,0.006935967626738093,0.006935967626738093
4351,5,19,no,6,-0.03440059979640686,0.03440059979640686
2026,3,9,no,9,-0.06239176858954282,0.06239176858954282
5696,5,20,no,1,-0.006770152846514388,0.006770152846514388
4352,5,19,no,1,-0.005496366471083369,0.005496366471083369
1275,3,8,yes,1,0.006308029388134018,0.006308029388134018
1276,3,8,no,1,-0.006308029388134018,0.006308029388134018
5697,5,20,no,8,-0.05497876824305736,0.05497876824305736
4353,5,19,yes,1,0.005496366471083369,0.005496366471083369
1277,3,8,no,4,0.024901957858487367,0.024901957858487367
4354,5,19,yes,3,0.016901387129485967,0.016901387129485967
4355,5,19,no,7,0.04170593985587695,0.04170593985587695
4356,5,19,no,1,-0.00614129254867346,0.00614129254867346
4357,5,19,yes,6,-0.03556464730720349,0.03556464730720349
6478,5,21,yes,4,0.007791622996050199,0.007791622996050199
5698,5,20,yes,2,0.013845227980661012,0.013845227980661012
6479,5,21,yes,7,-0.013168618426608367,0.013168618426608367
4358,5,19,yes,20,0.1260906185671209,0.1260906185671209
4359,5,19,yes,2,0.013568873894124145,0.013568873894124145
1278,3,8,yes,1,-0.00614129254867346,0.00614129254867346
4360,5,19,no,10,-0.06642222669017023,0.06642222669017023
3764,5,17,no,1,-0.001627234912458149,0.001627234912458149
5699,5,20,no,5,-0.03466651335340398,0.03466651335340398
4361,5,19,no,1,-0.006410485830370238,0.006410485830370238
4362,5,19,yes,7,0.045818851762214174,0.045818851762214174
4363,5,19,no,1,-0.0066701446519749075,0.0066701446519749075
5700,5,20,no,14,0.09601519332651676,0.09601519332651676
4364,5,19,no,16,-0.10020740703517739,0.10020740703517739
1279,3,8,no,14,0.08016938209711089,0.08016938209711089
5701,5,20,yes,1,-0.006705817235090228,0.006705817235090228
4365,5,19,yes,4,0.023714045838276077,0.023714045838276077
4366,5,19,no,13,-0.07315749968553537,0.07315749968553537
1280,3,8,no,12,-0.06794556809527652,0.06794556809527652
4367,5,19,yes,4,0.0212776202309235,0.0212776202309235
584,3,7,no,1,-0.005565672514303843,0.005565672514303843
5702,5,20,no,1,-0.0067391696291118075,0.0067391696291118075
5703,5,20,no,1,-0.006770152846514388,0.006770152846514388
3910,5,18,no,1,-0.0013697729675739914,0.0013697729675739914
3765,5,17,no,10,-0.014248865605916462,0.014248865605916462
3766,5,17,yes,11,0.01587610051837461,0.01587610051837461
3767,5,17,no,1,-0.001627234912458149,0.001627234912458149
3768,5,17,yes,1,0.001627234912458149,0.001627234912458149
4368,5,19,no,1,0.005496366471083369,0.005496366471083369
1281,3,8,no,1,-0.006082521453160905,0.006082521453160905
1282,3,8,yes,1,0.006082521453160905,0.006082521453160905
1283,3,8,no,2,-0.012223814001834366,0.012223814001834366
1284,3,8,no,1,-0.0061985164077413835,0.0061985164077413835
4369,5,19,no,1,-0.005496366471083369,0.005496366471083369
3911,5,18,no,1,-0.0013360527153829932,0.0013360527153829932
5704,5,20,yes,1,-0.0067987210476098126,0.0067987210476098126
4370,5,19,yes,19,0.11514898708649152,0.11514898708649152
4371,5,19,yes,1,-0.006549739658341158,0.006549739658341158
4372,5,19,no,14,-0.08620149382758102,0.08620149382758102
4373,5,19,yes,2,0.011601541064028276,0.011601541064028276
4374,5,19,yes,20,0.12805795139721676,0.12805795139721676
4375,5,19,yes,3,0.020542804594913644,0.020542804594913644
4376,5,19,yes,1,-0.0068695272890921255,0.0068695272890921255
4377,5,19,yes,17,-0.1116268299111896,0.1116268299111896
4378,5,19,yes,1,0.006198516407741439,0.006198516407741439
3769,5,17,no,9,-0.013302233296008145,0.013302233296008145
6480,5,21,yes,18,0.038696940293772616,0.038696940293772616
4379,5,19,no,4,-0.024444607899498427,0.024444607899498427
5705,5,20,no,2,-0.013673277305821574,0.013673277305821574
4380,5,19,yes,1,-0.005960635697199068,0.005960635697199068
4381,5,19,no,20,0.12898511147671654,0.12898511147671654
4382,5,19,no,8,0.05523250293753745,0.05523250293753745
4383,5,19,no,15,-0.10237354389530001,0.10237354389530001
6481,5,21,yes,6,-0.014710192208193237,0.014710192208193237
4384,5,19,no,1,-0.006592049699952696,0.006592049699952696
4385,5,19,no,6,-0.03859265770836523,0.03859265770836523
4386,5,19,no,1,-0.006254119513938561,0.006254119513938561
4387,5,19,no,1,0.006254119513938561,0.006254119513938561
4388,5,19,no,8,0.05181691127338689,0.05181691127338689
2027,3,9,yes,1,-0.00688804475647703,0.00688804475647703
4389,5,19,yes,1,-0.006632203865068964,0.006632203865068964
4390,5,19,yes,8,-0.051438826922256486,0.051438826922256486
3770,5,17,no,6,-0.0073484882689904,0.0073484882689904
3081,3,11,yes,1,0.0064588943083874195,0.0064588943083874195
2652,3,10,yes,1,-0.00462298351148227,0.00462298351148227
4391,5,19,no,1,-0.006198516407741439,0.006198516407741439
5706,5,20,yes,1,-0.006869527289091959,0.006869527289091959
4392,5,19,no,1,-0.00614129254867346,0.00614129254867346
2028,3,9,yes,1,0.00688804475647703,0.00688804475647703
3912,5,18,no,1,-0.0013030658355085226,0.0013030658355085226
3082,3,11,no,5,0.031531325915197916,0.031531325915197916
3083,3,11,no,6,-0.037990220223585336,0.037990220223585336
3771,5,17,yes,3,0.003535372729611415,0.003535372729611415
4393,5,19,yes,5,0.03126213263350108,0.03126213263350108
4394,5,19,yes,13,-0.07816249455588653,0.07816249455588653
585,3,7,no,1,0.005565672514303843,0.005565672514303843
3772,5,17,yes,1,0.0012392483170125188,0.0012392483170125188
5707,5,20,yes,15,0.09973569189046771,0.09973569189046771
5708,5,20,yes,12,-0.07919288729555418,0.07919288729555418
1285,3,8,no,1,-0.006254119513938505,0.006254119513938505
3913,5,18,no,1,-0.0012708013868579435,0.0012708013868579435
2029,3,9,no,6,0.04157048321679985,0.04157048321679985
4395,5,19,yes,7,-0.037479039618210835,0.037479039618210835
4396,5,19,no,1,0.005139380401899957,0.005139380401899957
4397,5,19,yes,2,0.010495908372091578,0.010495908372091578
4398,5,19,no,1,0.005355445547161886,0.005355445547161886
3914,5,18,no,1,-0.0012392483170125188,0.0012392483170125188
4399,5,19,yes,2,0.010922632782753405,0.010922632782753405
3084,3,11,yes,1,0.0064588943083874195,0.0064588943083874195
3085,3,11,yes,2,0.01277066060538401,0.01277066060538401
6482,5,21,yes,1,0.002316298248714571,0.002316298248714571
4400,5,19,no,18,0.10965262061540815,0.10965262061540815
4401,5,19,no,11,-0.06929138512180222,0.06929138512180222
1286,3,8,no,1,-0.006308029388134018,0.006308029388134018
4402,5,19,no,14,0.08918578333879879,0.08918578333879879
6483,5,21,yes,1,-0.002316298248714571,0.002316298248714571
6484,5,21,no,1,0.002316298248714571,0.002316298248714571
5709,5,20,no,1,-0.0068248316823924515,0.0068248316823924515
4403,5,19,yes,4,0.02701386075832629,0.02701386075832629
4404,5,19,no,1,-0.006798721047609868,0.006798721047609868
5710,5,20,no,5,-0.03442726583128486,0.03442726583128486
3773,5,17,yes,11,0.01587610051837461,0.01587610051837461
5711,5,20,no,1,0.006917278298890772,0.006917278298890772
4405,5,19,yes,20,0.13797655450159846,0.13797655450159846
4406,5,19,yes,5,0.03383869244071869,0.03383869244071869
4407,5,19,no,1,-0.006705817235090228,0.006705817235090228
3086,3,11,no,1,0.006308029388134018,0.006308029388134018
4408,5,19,yes,6,-0.04085084811814954,0.04085084811814954
3087,3,11,no,1,-0.006308029388134018,0.006308029388134018
3915,5,18,no,8,-0.008859737516424805,0.008859737516424805
4409,5,19,yes,1,-0.006888044756477085,0.006888044756477085
4410,5,19,no,1,-0.00690396986339592,0.00690396986339592
1287,3,8,yes,5,0.030984479311648272,0.030984479311648272
2030,3,9,no,1,-0.006943997948260672,0.006943997948260672
4411,5,19,yes,1,-0.006917278298890772,0.006917278298890772
3916,5,18,yes,12,0.014008905771186783,0.014008905771186783
4412,5,19,no,6,-0.04163455280051809,0.04163455280051809
3774,5,17,no,1,-0.001627234912458149,0.001627234912458149
1288,3,8,no,9,0.05187987945461192,0.05187987945461192
1289,3,8,yes,1,0.0054262663116700915,0.0054262663116700915
4413,5,19,no,1,0.006941319797744205,0.006941319797744205
1290,3,8,no,14,-0.08198259568979627,0.08198259568979627
4414,5,19,yes,2,0.013887995896521399,0.013887995896521399
4415,5,19,yes,1,0.00694131979774415,0.00694131979774415
5712,5,20,yes,1,-0.006917278298890772,0.006917278298890772
5713,5,20,no,1,-0.00692794968177024,0.00692794968177024
4416,5,19,no,5,-0.03470660311874779,0.03470660311874779
4417,5,19,no,5,-0.03450676988962609,0.03450676988962609
4418,5,19,yes,1,-0.0068484456234291224,0.0068484456234291224
4419,5,19,yes,2,-0.013623552730002264,0.013623552730002264
6485,5,21,no,1,-0.002316298248714571,0.002316298248714571
4420,5,19,no,6,-0.04010953792771299,0.04010953792771299
1291,3,8,yes,3,0.01859392847035335,0.01859392847035335
3088,3,11,no,1,-0.006360174775013605,0.006360174775013605
4421,5,19,yes,2,0.01322425356502166,0.01322425356502166
2031,3,9,yes,1,-0.006941319797744205,0.006941319797744205
3917,5,18,no,12,-0.014008905771186783,0.014008905771186783
1292,3,8,no,1,-0.00614129254867346,0.00614129254867346
4422,5,19,yes,1,-0.006632203865068964,0.006632203865068964
3775,5,17,no,12,-0.01669650940450554,0.01669650940450554
4423,5,19,yes,1,0.006632203865068964,0.006632203865068964
4424,5,19,yes,1,-0.006632203865068964,0.006632203865068964
4425,5,19,yes,8,-0.051438826922256486,0.051438826922256486
4426,5,19,no,1,0.006254119513938561,0.006254119513938561
4427,5,19,yes,20,0.1336809638791357,0.1336809638791357
4428,5,19,yes,4,0.027765283321003642,0.027765283321003642
4429,5,19,yes,4,-0.027765283321003642,0.027765283321003642
4430,5,19,yes,1,0.006935967626738038,0.006935967626738038
4431,5,19,no,1,-0.006935967626738038,0.006935967626738038
1293,3,8,no,5,0.030104398791848785,0.030104398791848785
4432,5,19,no,8,-0.054978768243057474,0.054978768243057474
4433,5,19,no,1,-0.006770152846514277,0.006770152846514277
4434,5,19,no,10,-0.06562401340143004,0.06562401340143004
1294,3,8,no,10,-0.0616357247070467,0.0616357247070467
4435,5,19,no,9,-0.054698525149924404,0.054698525149924404
1295,3,8,no,1,0.006410485830370405,0.006410485830370405
5714,5,20,no,1,-0.006935967626738093,0.006935967626738093
4436,5,19,yes,1,0.005833461048261823,0.005833461048261823
3776,5,17,no,1,-0.0011782316625165642,0.0011782316625165642
5715,5,20,no,12,-0.0828866503141954,0.0828866503141954
5716,5,20,no,3,0.020542804594913644,0.020542804594913644
4437,5,19,no,1,0.005897671602892618,0.005897671602892618
4438,5,19,yes,1,0.005960635697199068,0.005960635697199068
5717,5,20,yes,1,0.00688804475647703,0.00688804475647703
4439,5,19,yes,13,0.08251563868682388,0.08251563868682388
5718,5,20,yes,3,0.020749197844056932,0.020749197844056932
3089,3,11,yes,1,-0.006410485830370405,0.006410485830370405
586,3,7,no,1,0.005496366471083425,0.005496366471083425
2032,3,9,no,1,-0.006935967626738038,0.006935967626738038
1296,3,8,yes,3,0.018922323677086128,0.018922323677086128
4440,5,19,no,1,-0.006632203865068964,0.006632203865068964
6486,5,21,yes,1,-0.0022642190665268375,0.0022642190665268375
3777,5,17,no,7,-0.007458537569678757,0.007458537569678757
6487,5,21,yes,8,-0.016345533588494374,0.016345533588494374
6488,5,21,yes,12,-0.019348577535673796,0.019348577535673796
5719,5,20,yes,8,0.0554877987261469,0.0554877987261469
1297,3,8,no,6,0.03630291519959017,0.03630291519959017
2033,3,9,yes,3,-0.020749197844056932,0.020749197844056932
1298,3,8,no,1,0.005833461048261657,0.005833461048261657
2034,3,9,yes,1,0.006903969863395976,0.006903969863395976
5720,5,20,yes,1,0.00690396986339592,0.00690396986339592
4441,5,19,yes,18,0.12320285958956556,0.12320285958956556
1299,3,8,no,6,-0.03593785984011044,0.03593785984011044
4442,5,19,yes,1,-0.00694131979774415,0.00694131979774415
4443,5,19,yes,5,0.034626485268539176,0.034626485268539176
3778,5,17,yes,6,0.0063097919841604636,0.0063097919841604636
4444,5,19,no,1,-0.00690396986339592,0.00690396986339592
4445,5,19,yes,2,-0.013845227980661012,0.013845227980661012
6489,5,21,yes,7,0.01059640761305116,0.01059640761305116
4446,5,19,no,1,-0.006935967626738093,0.006935967626738093
2653,3,10,no,1,-0.004697221546987929,0.004697221546987929
4447,5,19,no,7,0.04829118313979319,0.04829118313979319
4448,5,19,no,14,-0.09684301423920194,0.09684301423920194
4449,5,19,yes,5,-0.03433481921478665,0.03433481921478665
5721,5,20,no,5,-0.034626485268539176,0.034626485268539176
4450,5,19,no,2,-0.013568873894124145,0.013568873894124145
5722,5,20,no,7,-0.048514481165060575,0.048514481165060575
5723,5,20,no,7,-0.04773889287462668,0.04773889287462668
4451,5,19,yes,2,0.013568873894124145,0.013568873894124145
5724,5,20,yes,1,0.006739169629111863,0.006739169629111863
5725,5,20,yes,8,0.05482097140780151,0.05482097140780151
5726,5,20,yes,2,0.013863917308508278,0.013863917308508278
587,3,7,no,2,-0.011062038985387268,0.011062038985387268
3090,3,11,no,1,-0.0064588943083874195,0.0064588943083874195
2654,3,10,no,1,0.004697221546987929,0.004697221546987929
4452,5,19,no,4,-0.02701386075832629,0.02701386075832629
5727,5,20,yes,1,0.006941319797744205,0.006941319797744205
6490,5,21,yes,3,0.005124768807650712,0.005124768807650712
4453,5,19,no,1,-0.0066701446519749075,0.0066701446519749075
3779,5,17,yes,1,0.0011487455855182932,0.0011487455855182932
3780,5,17,no,1,-0.0011487455855182932,0.0011487455855182932
4454,5,19,no,1,-0.006632203865068964,0.006632203865068964
5728,5,20,yes,3,0.02082931569426555,0.02082931569426555
3781,5,17,no,10,-0.010006727416851054,0.010006727416851054
5729,5,20,no,1,-0.00694131979774415,0.00694131979774415
4455,5,19,no,2,0.013302348517043872,0.013302348517043872
5730,5,20,yes,2,0.013877287424482243,0.013877287424482243
4456,5,19,yes,1,0.006705817235090283,0.006705817235090283
6491,5,21,no,1,-0.0017495943155862448,0.0017495943155862448
6492,5,21,yes,11,-0.016677407788072612,0.016677407788072612
2655,3,10,no,1,0.00462298351148227,0.00462298351148227
5731,5,20,yes,2,-0.013877287424482243,0.013877287424482243
6493,5,21,yes,1,0.0013360527153829932,0.0013360527153829932
6494,5,21,yes,8,0.011966180580625152,0.011966180580625152
4457,5,19,yes,3,0.020308043523236008,0.020308043523236008
4458,5,19,no,1,-0.006798721047609868,0.006798721047609868
1300,3,8,no,1,0.00614129254867346,0.00614129254867346
4459,5,19,yes,3,0.020471998353431387,0.020471998353431387
2656,3,10,no,1,-0.00462298351148227,0.00462298351148227
5732,5,20,yes,1,0.00694131979774415,0.00694131979774415
4460,5,19,yes,1,-0.0068484456234291224,0.0068484456234291224
4461,5,19,yes,1,-0.006824831682392396,0.006824831682392396
1301,3,8,no,9,-0.057186586178718635,0.057186586178718635
1302,3,8,no,1,0.006549739658341158,0.006549739658341158
1303,3,8,yes,1,0.00650533374811868,0.00650533374811868
4462,5,19,no,1,-0.006798721047609868,0.006798721047609868
588,3,7,yes,1,-0.005634110153561744,0.005634110153561744
4463,5,19,no,1,-0.006770152846514277,0.006770152846514277
5733,5,20,yes,1,0.006935967626738093,0.006935967626738093
1304,3,8,yes,1,0.0064588943083874195,0.0064588943083874195
4464,5,19,yes,13,-0.08438467871124394,0.08438467871124394
4465,5,19,yes,1,0.006198516407741439,0.006198516407741439
6495,5,21,no,1,-0.001627234912458149,0.001627234912458149
4466,5,19,no,1,-0.006198516407741439,0.006198516407741439
4467,5,19,yes,1,0.006198516407741439,0.006198516407741439
4468,5,19,no,1,0.006254119513938561,0.006254119513938561
6496,5,21,no,1,-0.001588088609475631,0.001588088609475631
4469,5,19,yes,13,0.08550091668368809,0.08550091668368809
1305,3,8,yes,1,0.006410485830370405,0.006410485830370405
5734,5,20,yes,1,-0.006935967626738093,0.006935967626738093
3918,5,18,yes,14,0.016782916140222023,0.016782916140222023
4470,5,19,no,13,-0.08550091668368809,0.08550091668368809
1306,3,8,yes,2,0.012668204163147623,0.012668204163147623
3919,5,18,no,14,-0.016782916140222023,0.016782916140222023
5735,5,20,no,8,-0.055455800962804724,0.055455800962804724
4471,5,19,yes,6,0.03859265770836523,0.03859265770836523
1307,3,8,yes,1,-0.006308029388134018,0.006308029388134018
5736,5,20,yes,1,0.006903969863395976,0.006903969863395976
2035,3,9,no,1,0.006917278298890717,0.006917278298890717
4472,5,19,yes,5,-0.03228462832023132,0.03228462832023132
4473,5,19,yes,2,-0.012562148902072467,0.012562148902072467
5737,5,20,no,11,-0.07465102849015681,0.07465102849015681
4474,5,19,yes,7,0.04484677722230379,0.04484677722230379
5738,5,20,yes,4,0.026747335381246018,0.026747335381246018
4475,5,19,no,20,0.13673087691625635,0.13673087691625635
4476,5,19,no,7,0.04818004719544755,0.04818004719544755
1308,3,8,yes,3,0.018760665309813906,0.018760665309813906
589,3,7,yes,1,0.005634110153561744,0.005634110153561744
5739,5,20,yes,1,0.006770152846514277,0.006770152846514277
5740,5,20,yes,10,0.06885605566753972,0.06885605566753972
6497,5,21,yes,1,0.001588088609475631,0.001588088609475631
6498,5,21,yes,4,0.006752003720108861,0.006752003720108861
4477,5,19,yes,2,-0.013673277305821574,0.013673277305821574
4478,5,19,no,12,-0.0830772903168821,0.0830772903168821
4479,5,19,yes,6,-0.041252097513677366,0.041252097513677366
4480,5,19,no,1,-0.006798721047609868,0.006798721047609868
5741,5,20,yes,20,-0.13489004714047031,0.13489004714047031
5742,5,20,yes,8,-0.04932756727378368,0.04932756727378368
5743,5,20,no,14,0.08847627438402295,0.08847627438402295
5744,5,20,no,6,0.040508837092693595,0.040508837092693595
5745,5,20,yes,1,0.0068484456234291224,0.0068484456234291224
5746,5,20,yes,1,0.0068695272890921255,0.0068695272890921255
5747,5,20,yes,1,0.00688804475647703,0.00688804475647703
4481,5,19,no,8,-0.05316461133417283,0.05316461133417283
590,3,7,no,1,-0.005634110153561744,0.005634110153561744
2657,3,10,no,1,-0.004697221546987929,0.004697221546987929
591,3,7,yes,1,0.005634110153561744,0.005634110153561744
4482,5,19,yes,18,0.12202066700171255,0.12202066700171255
4483,5,19,no,14,-0.09574134003023105,0.09574134003023105
3091,3,11,no,1,0.0064588943083874195,0.0064588943083874195
4484,5,19,yes,1,-0.006632203865068964,0.006632203865068964
1309,3,8,no,2,-0.012452635921679889,0.012452635921679889
2036,3,9,yes,1,-0.006917278298890717,0.006917278298890717
1310,3,8,no,1,0.006254119513938505,0.006254119513938505
4485,5,19,yes,1,0.006632203865068964,0.006632203865068964
5748,5,20,yes,1,0.006903969863395976,0.006903969863395976
5749,5,20,no,12,-0.08124307819010951,0.08124307819010951
5750,5,20,yes,5,0.033339385081198714,0.033339385081198714
5751,5,20,yes,7,0.047903693108910794,0.047903693108910794
5752,5,20,no,19,-0.1260898554124133,0.1260898554124133
4486,5,19,no,2,0.01337596188706519,0.01337596188706519
1311,3,8,yes,1,0.0061985164077413835,0.0061985164077413835
5753,5,20,no,1,0.006254119513938561,0.006254119513938561
2037,3,9,yes,3,0.020781195607398995,0.020781195607398995
1312,3,8,no,1,0.00614129254867346,0.00614129254867346
5754,5,20,yes,1,0.006308029388133907,0.006308029388133907
4487,5,19,no,17,-0.10774990787398075,0.10774990787398075
5755,5,20,yes,7,0.04550888188525298,0.04550888188525298
4488,5,19,no,1,-0.005833461048261823,0.005833461048261823
5756,5,20,yes,1,0.0066701446519749075,0.0066701446519749075
5757,5,20,no,1,-0.0066701446519749075,0.0066701446519749075
4489,5,19,yes,2,0.011731132651154441,0.011731132651154441
4490,5,19,yes,5,-0.02883492728210285,0.02883492728210285
5758,5,20,yes,1,0.0066701446519749075,0.0066701446519749075
5759,5,20,yes,1,0.006705817235090283,0.006705817235090283
4491,5,19,yes,11,0.06549429039273891,0.06549429039273891
6499,5,21,yes,1,-0.0017495943155862448,0.0017495943155862448
5760,5,20,no,8,-0.05252466899730446,0.05252466899730446
5761,5,20,no,1,-0.006360174775013716,0.006360174775013716
4492,5,19,yes,1,0.006308029388133907,0.006308029388133907
5762,5,20,no,1,0.006360174775013716,0.006360174775013716
5763,5,20,yes,11,0.07283271252054047,0.07283271252054047
6500,5,21,no,1,-0.0017079790593417937,0.0017079790593417937
4493,5,19,yes,1,0.006360174775013716,0.006360174775013716
4494,5,19,no,5,-0.03126213263350108,0.03126213263350108
4495,5,19,no,1,0.00614129254867346,0.00614129254867346
5764,5,20,yes,1,0.006824831682392396,0.006824831682392396
5765,5,20,no,1,0.0068484456234291224,0.0068484456234291224
5766,5,20,no,9,0.06227205321062973,0.06227205321062973
4496,5,19,no,9,-0.05304165447105891,0.05304165447105891
2038,3,9,yes,1,0.006941319797744205,0.006941319797744205
4497,5,19,yes,5,0.02883492728210285,0.02883492728210285
3092,3,11,no,17,0.1010612856833143,0.1010612856833143
5767,5,20,no,1,-0.006943997948260727,0.006943997948260727
3093,3,11,yes,1,-0.0054262663116700915,0.0054262663116700915
3094,3,11,no,1,-0.005496366471083425,0.005496366471083425
4498,5,19,yes,2,0.011982913187121635,0.011982913187121635
4499,5,19,yes,1,0.006082521453160961,0.006082521453160961
4500,5,19,yes,13,0.08378680163080554,0.08378680163080554
5768,5,20,no,1,-0.006943997948260672,0.006943997948260672
3095,3,11,no,1,-0.005565672514303843,0.005565672514303843
4501,5,19,yes,20,0.13776790406470352,0.13776790406470352
4502,5,19,yes,8,0.054226810005214676,0.054226810005214676
4503,5,19,no,1,-0.0066701446519749075,0.0066701446519749075
3096,3,11,no,2,-0.011335714615182013,0.011335714615182013
4504,5,19,no,1,-0.006705817235090228,0.006705817235090228
4505,5,19,no,1,-0.0067391696291118075,0.0067391696291118075
3097,3,11,no,1,-0.0057680800157665635,0.0057680800157665635
1313,3,8,no,1,0.006082521453160905,0.006082521453160905
6501,5,21,no,9,0.01694140802666111,0.01694140802666111
4506,5,19,no,1,-0.006770152846514388,0.006770152846514388
5769,5,20,yes,2,-0.013877287424482243,0.013877287424482243
4507,5,19,yes,1,-0.0067987210476098126,0.0067987210476098126
3098,3,11,no,6,-0.03593785984011044,0.03593785984011044
1314,3,8,yes,1,0.006022277489922678,0.006022277489922678
4508,5,19,yes,20,0.12805795139721687,0.12805795139721687
4509,5,19,no,1,-0.0058976716028927845,0.0058976716028927845
5770,5,20,no,3,-0.020749197844056932,0.020749197844056932
4510,5,19,no,3,-0.01806543464028254,0.01806543464028254
1315,3,8,yes,1,0.005960635697198957,0.005960635697198957
2039,3,9,yes,8,-0.05523250293753745,0.05523250293753745
1316,3,8,yes,1,-0.005960635697198957,0.005960635697198957
2040,3,9,yes,1,0.0068484456234291224,0.0068484456234291224
4511,5,19,no,18,-0.11776812245986312,0.11776812245986312
5771,5,20,yes,1,-0.00688804475647703,0.00688804475647703
5772,5,20,yes,14,0.09691705594655387,0.09691705594655387
5773,5,20,no,1,-0.006888044756477085,0.006888044756477085
5774,5,20,yes,4,-0.027685165470795026,0.027685165470795026
592,3,7,yes,1,-0.005634110153561744,0.005634110153561744
4512,5,19,no,1,-0.006869527289091959,0.006869527289091959
5775,5,20,no,1,-0.00694131979774415,0.00694131979774415
4513,5,19,no,5,-0.03457321022727211,0.03457321022727211
5776,5,20,yes,11,-0.07594533051645125,0.07594533051645125
4514,5,19,no,1,-0.00694131979774415,0.00694131979774415
3099,3,11,no,1,-0.0061985164077413835,0.0061985164077413835
4515,5,19,no,4,-0.027765283321003642,0.027765283321003642
1317,3,8,no,1,0.005960635697198957,0.005960635697198957
4516,5,19,yes,2,-0.013845227980660957,0.013845227980660957
4517,5,19,no,10,-0.06801882462508785,0.06801882462508785
6502,5,21,yes,13,0.03158164864890353,0.03158164864890353
4518,5,19,yes,1,0.0066701446519749075,0.0066701446519749075
4519,5,19,yes,1,0.006705817235090283,0.006705817235090283
2041,3,9,yes,12,0.08307729031688221,0.08307729031688221
2042,3,9,yes,2,-0.013863917308508333,0.013863917308508333
4520,5,19,no,10,-0.06519287316045208,0.06519287316045208
3920,5,18,no,1,0.0010110847812301663,0.0010110847812301663
5777,5,20,yes,1,0.006824831682392396,0.006824831682392396
6503,5,21,yes,9,-0.022828329530643468,0.022828329530643468
593,3,7,no,2,0.011199782667865588,0.011199782667865588
4521,5,19,yes,5,0.03204291805002407,0.03204291805002407
6504,5,21,yes,1,-0.0022642190665268375,0.0022642190665268375
4522,5,19,no,7,0.04665927758605415,0.04665927758605415
3100,3,11,no,1,-0.006254119513938505,0.006254119513938505
5778,5,20,yes,4,0.027509987532394253,0.027509987532394253
1318,3,8,no,1,-0.005960635697198957,0.005960635697198957
5779,5,20,yes,1,0.006917278298890717,0.006917278298890717
4523,5,19,yes,5,0.03422957039900054,0.03422957039900054
2043,3,9,no,11,-0.076061818631803,0.076061818631803
4524,5,19,no,7,-0.04773889287462668,0.04773889287462668
594,3,7,yes,1,0.005496366471083425,0.005496366471083425
4525,5,19,yes,1,0.006739169629111863,0.006739169629111863
2044,3,9,yes,1,0.0068484456234291224,0.0068484456234291224
3782,5,17,yes,4,0.00369693543269059,0.00369693543269059
3101,3,11,yes,1,0.006254119513938505,0.006254119513938505
5780,5,20,no,2,-0.013821248162286692,0.013821248162286692
5781,5,20,yes,1,0.006903969863395976,0.006903969863395976
5782,5,20,no,9,-0.06134867997311294,0.06134867997311294
5783,5,20,yes,1,0.006705817235090283,0.006705817235090283
5784,5,20,no,14,0.09625337403968726,0.09625337403968726
3102,3,11,no,6,0.03630291519959017,0.03630291519959017
4526,5,19,yes,11,0.075626208514054,0.075626208514054
3103,3,11,no,8,-0.04886506410166269,0.04886506410166269
2658,3,10,yes,1,-0.004771406440793768,0.004771406440793768
6505,5,21,yes,1,-0.0022130324091241965,0.0022130324091241965
5785,5,20,yes,4,-0.027765283321003642,0.027765283321003642
4527,5,19,yes,6,-0.041514530025016205,0.041514530025016205
5786,5,20,no,1,0.006935967626738038,0.006935967626738038
595,3,7,no,1,-0.005496366471083425,0.005496366471083425
4528,5,19,yes,2,0.013792014619873005,0.013792014619873005
4529,5,19,no,7,-0.047903693108910794,0.047903693108910794
5787,5,20,yes,1,-0.006935967626738038,0.006935967626738038
4530,5,19,no,2,0.013568873894124145,0.013568873894124145
4531,5,19,yes,1,0.006824831682392396,0.006824831682392396
596,3,7,no,7,0.036979759497176024,0.036979759497176024
1319,3,8,yes,1,0.005960635697198957,0.005960635697198957
2045,3,9,yes,4,0.027578820207855848,0.027578820207855848
4532,5,19,no,1,-0.006824831682392396,0.006824831682392396
3104,3,11,yes,1,0.006308029388134018,0.006308029388134018
5788,5,20,yes,2,-0.013845227980660957,0.013845227980660957
6506,5,21,yes,7,0.01659738011931755,0.01659738011931755
4533,5,19,yes,5,0.03433481921478665,0.03433481921478665
1320,3,8,no,2,0.011731132651154441,0.011731132651154441
5789,5,20,yes,1,0.006917278298890717,0.006917278298890717
3105,3,11,yes,2,0.012452635921679889,0.012452635921679889
4534,5,19,no,1,-0.006903969863395976,0.006903969863395976
4535,5,19,no,1,-0.00688804475647703,0.00688804475647703
1321,3,8,no,1,0.0057680800157665635,0.0057680800157665635
4536,5,19,no,1,-0.0068695272890921255,0.0068695272890921255
5790,5,20,no,1,-0.006917278298890717,0.006917278298890717
597,3,7,no,10,-0.05388114662666188,0.05388114662666188
5791,5,20,yes,11,0.07623699657020377,0.07623699657020377
2046,3,9,yes,1,0.00692794968177024,0.00692794968177024
5792,5,20,no,4,-0.027685165470795026,0.027685165470795026
2047,3,9,no,2,-0.013845227980660957,0.013845227980660957
6507,5,21,no,1,-0.002533534559738787,0.002533534559738787
6508,5,21,yes,1,0.002533534559738787,0.002533534559738787
4537,5,19,no,4,-0.027242151199945663,0.027242151199945663
1322,3,8,yes,1,0.005701604461620269,0.005701604461620269
3106,3,11,yes,1,0.00614129254867346,0.00614129254867346
5793,5,20,yes,5,-0.03470660311874779,0.03470660311874779
4538,5,19,no,1,0.006770152846514277,0.006770152846514277
2048,3,9,yes,1,-0.006903969863395976,0.006903969863395976
6509,5,21,no,1,-0.002533534559738787,0.002533534559738787
5794,5,20,yes,1,0.006935967626738038,0.006935967626738038
4539,5,19,no,1,-0.006770152846514277,0.006770152846514277
2049,3,9,yes,1,0.006903969863395976,0.006903969863395976
6510,5,21,yes,1,-0.0024778905067136536,0.0024778905067136536
5795,5,20,yes,3,0.020829315694265604,0.020829315694265604
2659,3,10,no,1,0.004771406440793768,0.004771406440793768
5796,5,20,yes,20,0.13489004714047037,0.13489004714047037
5797,5,20,yes,3,0.018922323677086128,0.018922323677086128
4540,5,19,yes,15,0.10339149183505764,0.10339149183505764
1323,3,8,no,1,-0.005701604461620269,0.005701604461620269
5798,5,20,no,6,-0.03829703756396263,0.03829703756396263
1324,3,8,yes,1,0.005701604461620269,0.005701604461620269
3107,3,11,no,3,0.01806543464028254,0.01806543464028254
3108,3,11,no,8,-0.04932756727378351,0.04932756727378351
4541,5,19,no,1,-0.006935967626738093,0.006935967626738093
4542,5,19,yes,2,-0.013885317746004877,0.013885317746004877
5799,5,20,yes,10,-0.06713127593948565,0.06713127593948565
5800,5,20,no,1,-0.006869527289091959,0.006869527289091959
5801,5,20,no,4,-0.027637242600534018,0.027637242600534018
4543,5,19,no,1,-0.006943997948260672,0.006943997948260672
4544,5,19,no,5,-0.034626485268539176,0.034626485268539176
2050,3,9,yes,3,0.020781195607398995,0.020781195607398995
5802,5,20,no,1,-0.006935967626738093,0.006935967626738093
5803,5,20,no,1,-0.00694131979774415,0.00694131979774415
1325,3,8,no,1,0.005634110153561744,0.005634110153561744
5804,5,20,yes,9,-0.06227205321062973,0.06227205321062973
2051,3,9,no,1,0.006941319797744205,0.006941319797744205
4545,5,19,yes,4,0.02768516547079497,0.02768516547079497
5805,5,20,yes,6,0.041442737516364125,0.041442737516364125
4546,5,19,no,10,-0.06868488871630979,0.06868488871630979
3921,5,18,yes,14,0.017211288032252116,0.017211288032252116
4547,5,19,yes,8,0.05482097140780151,0.05482097140780151
3922,5,18,no,1,-0.0014394566732602587,0.0014394566732602587
4548,5,19,no,3,0.020805237106252483,0.020805237106252483
3109,3,11,no,1,0.006360174775013605,0.006360174775013605
4549,5,19,no,1,-0.006941319797744205,0.006941319797744205
4550,5,19,no,4,-0.02768516547079497,0.02768516547079497
2052,3,9,yes,4,0.027765283321003642,0.027765283321003642
3923,5,18,no,8,-0.01030980576789034,0.01030980576789034
1326,3,8,yes,9,-0.05304165447105902,0.05304165447105902
4551,5,19,no,6,-0.04099972324551482,0.04099972324551482
3110,3,11,yes,1,0.006308029388134018,0.006308029388134018
3924,5,18,no,1,-0.0011487455855182932,0.0011487455855182932
6511,5,21,yes,4,-0.009372922643740914,0.009372922643740914
2053,3,9,yes,4,-0.027765283321003642,0.027765283321003642
4552,5,19,yes,2,0.013568873894124145,0.013568873894124145
4553,5,19,yes,2,0.013673277305821518,0.013673277305821518
4554,5,19,yes,20,0.13789826172468372,0.13789826172468372
4555,5,19,yes,1,0.0067391696291118075,0.0067391696291118075
4556,5,19,yes,1,-0.0067391696291118075,0.0067391696291118075
4557,5,19,no,13,-0.0895142044105754,0.0895142044105754
4558,5,19,yes,1,-0.006941319797744205,0.006941319797744205
4559,5,19,no,1,-0.006935967626738038,0.006935967626738038
5806,5,20,yes,1,0.006941319797744205,0.006941319797744205
4560,5,19,no,10,-0.06848809071868361,0.06848809071868361
3925,5,18,no,1,-0.0011199259363911113,0.0011199259363911113
2054,3,9,no,3,-0.020805237106252483,0.020805237106252483
598,3,7,yes,6,0.0331794654594012,0.0331794654594012
3926,5,18,yes,4,0.004655298666002526,0.004655298666002526
599,3,7,yes,6,0.030614092318347108,0.030614092318347108
4561,5,19,yes,1,0.006739169629111863,0.006739169629111863
4562,5,19,yes,7,0.047903693108910794,0.047903693108910794
1327,3,8,no,1,-0.0061985164077413835,0.0061985164077413835
600,3,7,yes,3,-0.014978803544355657,0.014978803544355657
5807,5,20,yes,15,-0.10237354389530001,0.10237354389530001
5808,5,20,yes,2,0.013302348517043872,0.013302348517043872
601,3,7,no,6,0.029292909899644504,0.029292909899644504
5809,5,20,no,1,0.006705817235090283,0.006705817235090283
602,3,7,yes,12,-0.0612062770035513,0.0612062770035513
5810,5,20,no,1,-0.006705817235090283,0.006705817235090283
603,3,7,yes,1,0.005496366471083425,0.005496366471083425
1328,3,8,no,1,0.0061985164077413835,0.0061985164077413835
5811,5,20,no,1,-0.0066701446519749075,0.0066701446519749075
4563,5,19,yes,3,0.020781195607398995,0.020781195607398995
5812,5,20,no,5,0.0336840054103012,0.0336840054103012
5813,5,20,yes,1,0.006824831682392396,0.006824831682392396
1329,3,8,no,1,0.00614129254867346,0.00614129254867346
5814,5,20,no,2,0.013717972912521248,0.013717972912521248
4564,5,19,yes,2,-0.013863917308508278,0.013863917308508278
6512,5,21,yes,10,-0.019972934703466297,0.019972934703466297
5815,5,20,yes,1,0.00688804475647703,0.00688804475647703
4565,5,19,no,14,0.09675056762270368,0.09675056762270368
4566,5,19,no,1,-0.0068248316823924515,0.0068248316823924515
4567,5,19,yes,14,-0.09684301423920194,0.09684301423920194
5816,5,20,yes,5,0.034626485268539176,0.034626485268539176
4568,5,19,yes,3,-0.02066154190896513,0.02066154190896513
5817,5,20,yes,1,0.006943997948260672,0.006943997948260672
3111,3,11,no,1,0.006254119513938505,0.006254119513938505
4569,5,19,no,2,0.013757572045569155,0.013757572045569155
4570,5,19,no,1,-0.00688804475647703,0.00688804475647703
6513,5,21,no,1,-0.0017495943155862448,0.0017495943155862448
2660,3,10,no,18,-0.09687029095016919,0.09687029095016919
3112,3,11,yes,5,0.030405243596697384,0.030405243596697384
2661,3,10,yes,6,0.034795562979301975,0.034795562979301975
3927,5,18,no,12,-0.012653429937359156,0.012653429937359156
2662,3,10,yes,6,0.03233965921631077,0.03233965921631077
3113,3,11,no,1,0.0058976716028927845,0.0058976716028927845
4571,5,19,no,8,-0.05422681000521484,0.05422681000521484
2663,3,10,no,2,0.010205772795169099,0.010205772795169099
1330,3,8,yes,1,-0.00614129254867346,0.00614129254867346
4572,5,19,yes,4,0.02688528436269133,0.02688528436269133
2664,3,10,no,1,-0.005066392393269226,0.005066392393269226
4573,5,19,no,10,0.06885605566753972,0.06885605566753972
6514,5,21,yes,1,-0.0017079790593417937,0.0017079790593417937
3114,3,11,no,10,-0.0616357247070467,0.0616357247070467
4574,5,19,no,1,-0.006941319797744205,0.006941319797744205
5818,5,20,no,12,-0.08257020646231467,0.08257020646231467
5819,5,20,no,1,0.006770152846514277,0.006770152846514277
5820,5,20,no,2,0.013623552730002264,0.013623552730002264
5821,5,20,yes,1,0.0068484456234291224,0.0068484456234291224
4575,5,19,yes,2,0.013885317746004877,0.013885317746004877
4576,5,19,no,4,-0.027749235054513155,0.027749235054513155
4577,5,19,no,11,-0.07493610292397856,0.07493610292397856
3115,3,11,no,1,0.006410485830370405,0.006410485830370405
5822,5,20,yes,1,-0.0068484456234291224,0.0068484456234291224
604,3,7,yes,1,0.0054262663116700915,0.0054262663116700915
6515,5,21,yes,1,-0.0016671954327226735,0.0016671954327226735
4578,5,19,no,1,0.0066701446519749075,0.0066701446519749075
5823,5,20,yes,3,0.020606017668998278,0.020606017668998278
3928,5,18,yes,5,0.004804777202164517,0.004804777202164517
2055,3,9,yes,1,-0.006917278298890717,0.006917278298890717
4579,5,19,yes,1,0.006705817235090283,0.006705817235090283
3116,3,11,yes,1,0.006360174775013605,0.006360174775013605
4580,5,19,yes,1,0.006739169629111863,0.006739169629111863
2665,3,10,no,4,0.019824281911862807,0.019824281911862807
5824,5,20,no,1,0.006903969863395976,0.006903969863395976
5825,5,20,no,3,0.020781195607398995,0.020781195607398995
2666,3,10,yes,1,0.004771406440793768,0.004771406440793768
4581,5,19,yes,1,0.006770152846514277,0.006770152846514277
4582,5,19,no,1,0.006798721047609868,0.006798721047609868
4583,5,19,yes,1,0.006824831682392396,0.006824831682392396
5826,5,20,no,1,-0.006935967626738038,0.006935967626738038
2667,3,10,no,2,-0.009616884808300918,0.009616884808300918
3117,3,11,no,1,-0.006360174775013605,0.006360174775013605
5827,5,20,no,1,-0.00692794968177024,0.00692794968177024
3118,3,11,yes,14,-0.09337551711545411,0.09337551711545411
3119,3,11,yes,8,0.054226810005214676,0.054226810005214676
4584,5,19,yes,1,0.0068484456234291224,0.0068484456234291224
3120,3,11,yes,4,0.02627932697148161,0.02627932697148161
3929,5,18,no,1,0.0010373521350486442,0.0010373521350486442
4585,5,19,no,7,-0.04735728271612272,0.04735728271612272
4586,5,19,no,1,-0.006632203865068964,0.006632203865068964
4587,5,19,yes,5,0.033517488227760295,0.033517488227760295
4588,5,19,yes,4,0.027341525642523512,0.027341525642523512
4589,5,19,no,15,0.10378658323564582,0.10378658323564582
4590,5,19,no,2,-0.013757572045569044,0.013757572045569044
1331,3,8,no,1,0.00614129254867346,0.00614129254867346
605,3,7,yes,5,-0.027824019912239373,0.027824019912239373
4591,5,19,no,1,-0.00690396986339592,0.00690396986339592
2056,3,9,yes,1,0.006917278298890717,0.006917278298890717
4592,5,19,no,2,-0.013845227980661012,0.013845227980661012
5828,5,20,no,1,-0.006917278298890717,0.006917278298890717
4593,5,19,no,1,-0.006935967626738093,0.006935967626738093
4594,5,19,no,1,-0.00694131979774415,0.00694131979774415
4595,5,19,no,13,-0.0895142044105754,0.0895142044105754
1332,3,8,no,8,0.04690036192238556,0.04690036192238556
1333,3,8,no,3,-0.017103794630948577,0.017103794630948577
5829,5,20,yes,10,-0.06801882462508785,0.06801882462508785
5830,5,20,no,14,-0.08847627438402295,0.08847627438402295
2057,3,9,yes,6,-0.041252097513677366,0.041252097513677366
1334,3,8,yes,1,-0.005833461048261657,0.005833461048261657
5831,5,20,yes,1,0.005960635697199068,0.005960635697199068
5832,5,20,yes,8,0.04977741740695485,0.04977741740695485
1335,3,8,yes,1,0.005833461048261657,0.005833461048261657
1336,3,8,yes,1,-0.005833461048261657,0.005833461048261657
606,3,7,no,1,0.005701604461620269,0.005701604461620269
5833,5,20,yes,15,0.10075704590495688,0.10075704590495688
3121,3,11,no,1,-0.00650533374811868,0.00650533374811868
4596,5,19,yes,2,0.013568873894124145,0.013568873894124145
6516,5,21,yes,1,-0.001627234912458149,0.001627234912458149
4597,5,19,yes,3,0.020542804594913644,0.020542804594913644
2668,3,10,no,2,-0.009912411151086431,0.009912411151086431
2058,3,9,no,2,-0.013568873894124145,0.013568873894124145
2059,3,9,yes,1,0.006770152846514277,0.006770152846514277
4598,5,19,yes,2,0.013792014619873005,0.013792014619873005
4599,5,19,no,1,-0.006903969863395976,0.006903969863395976
4600,5,19,no,1,-0.00688804475647703,0.00688804475647703
607,3,7,yes,4,0.022122415450619104,0.022122415450619104
1337,3,8,yes,14,-0.08774174212184682,0.08774174212184682
2060,3,9,yes,9,0.06191473586979551,0.06191473586979551
608,3,7,no,1,-0.0054262663116700915,0.0054262663116700915
1338,3,8,yes,1,0.006592049699952862,0.006592049699952862
609,3,7,no,12,0.06033289404395015,0.06033289404395015
2669,3,10,yes,1,0.0049930353877782885,0.0049930353877782885
610,3,7,no,1,-0.00462298351148227,0.00462298351148227
611,3,7,no,9,-0.044928198673635955,0.044928198673635955
5834,5,20,no,1,-0.006903969863395976,0.006903969863395976
4601,5,19,yes,13,0.09002901119007678,0.09002901119007678
1339,3,8,yes,10,0.06326910763187954,0.06326910763187954
3122,3,11,yes,1,0.00650533374811868,0.00650533374811868
2061,3,9,no,1,0.006941319797744205,0.006941319797744205
612,3,7,no,1,-0.00535544554716183,0.00535544554716183
4602,5,19,no,2,-0.013821248162286692,0.013821248162286692
1340,3,8,no,1,0.006022277489922678,0.006022277489922678
4603,5,19,no,13,-0.08992573594031134,0.08992573594031134
4604,5,19,yes,20,0.13797655450159846,0.13797655450159846
4605,5,19,yes,4,0.02688528436269133,0.02688528436269133
4606,5,19,no,1,-0.0066701446519749075,0.0066701446519749075
613,3,7,yes,1,0.00535544554716183,0.00535544554716183
4607,5,19,no,4,-0.027013860758326236,0.027013860758326236
1341,3,8,yes,2,0.011858307300091742,0.011858307300091742
5835,5,20,no,7,-0.04773889287462668,0.04773889287462668
4608,5,19,no,14,0.0917550361976267,0.0917550361976267
5836,5,20,yes,10,0.06848809071868361,0.06848809071868361
4609,5,19,no,1,-0.006254119513938505,0.006254119513938505
4610,5,19,no,14,-0.09232574836608065,0.09232574836608065
5837,5,20,yes,10,-0.06848809071868361,0.06848809071868361
3123,3,11,no,4,-0.02627932697148161,0.02627932697148161
3124,3,11,no,6,0.039148707110239434,0.039148707110239434
4611,5,19,no,2,-0.013717972912521081,0.013717972912521081
4612,5,19,yes,1,-0.006888044756477085,0.006888044756477085
5838,5,20,yes,1,0.006739169629111863,0.006739169629111863
2062,3,9,no,2,-0.013877287424482243,0.013877287424482243
4613,5,19,yes,1,0.006888044756477085,0.006888044756477085
4614,5,19,yes,1,0.006869527289091959,0.006869527289091959
5839,5,20,yes,4,0.027242151199945663,0.027242151199945663
4615,5,19,yes,1,-0.006869527289091959,0.006869527289091959
3125,3,11,yes,1,0.006360174775013605,0.006360174775013605
5840,5,20,yes,1,-0.0068484456234291224,0.0068484456234291224
4616,5,19,no,1,-0.006888044756477085,0.006888044756477085
4617,5,19,no,12,-0.08314096643359975,0.08314096643359975
2063,3,9,yes,1,0.006935967626738038,0.006935967626738038
4618,5,19,yes,1,0.006903969863395976,0.006903969863395976
4619,5,19,yes,4,0.0277225154051432,0.0277225154051432
4620,5,19,no,2,-0.013877287424482243,0.013877287424482243
2064,3,9,no,5,0.03470660311874785,0.03470660311874785
5841,5,20,yes,5,0.03442726583128497,0.03442726583128497
2065,3,9,no,9,-0.06239176858954282,0.06239176858954282
2670,3,10,no,1,0.0049193757633081425,0.0049193757633081425
614,3,7,yes,3,-0.016278078329915346,0.016278078329915346
5842,5,20,no,16,-0.1076743242038476,0.1076743242038476
5843,5,20,no,1,0.0064588943083875305,0.0064588943083875305
2066,3,9,yes,7,-0.04773889287462668,0.04773889287462668
615,3,7,no,2,-0.011199782667865588,0.011199782667865588
2067,3,9,yes,13,0.08930937609142653,0.08930937609142653
5844,5,20,no,3,0.019647123106412534,0.019647123106412534
616,3,7,yes,4,-0.023200817128541273,0.023200817128541273
617,3,7,no,1,0.0058976716028927845,0.0058976716028927845
5845,5,20,yes,9,0.06085901387028381,0.06085901387028381
3126,3,11,yes,3,0.018760665309813906,0.018760665309813906
6517,5,21,yes,1,0.001627234912458149,0.001627234912458149
618,3,7,no,7,0.03942556097626759,0.03942556097626759
2671,3,10,no,1,0.00484547836750715,0.00484547836750715
2068,3,9,no,1,-0.006943997948260672,0.006943997948260672
3930,5,18,yes,1,0.0010642405575949643,0.0010642405575949643
1342,3,8,no,7,-0.042557034713528674,0.042557034713528674
4621,5,19,no,5,-0.03450676988962609,0.03450676988962609
4622,5,19,yes,9,0.06227205321062973,0.06227205321062973
4623,5,19,no,1,-0.006943997948260727,0.006943997948260727
619,3,7,yes,5,0.026057126714422507,0.026057126714422507
2069,3,9,no,1,-0.006941319797744205,0.006941319797744205
5846,5,20,no,1,-0.0068695272890921255,0.0068695272890921255
4624,5,19,yes,1,-0.006943997948260672,0.006943997948260672
620,3,7,yes,1,0.0049930353877782885,0.0049930353877782885
4625,5,19,yes,3,-0.020805237106252483,0.020805237106252483
621,3,7,yes,3,-0.015198808182947388,0.015198808182947388
4626,5,19,yes,6,0.04163455280051803,0.04163455280051803
4627,5,19,no,1,-0.00694131979774415,0.00694131979774415
1343,3,8,no,1,-0.006308029388134018,0.006308029388134018
4628,5,19,yes,6,-0.0416105113016646,0.0416105113016646
5847,5,20,yes,2,-0.013673277305821518,0.013673277305821518
4629,5,19,yes,1,0.006917278298890717,0.006917278298890717
5848,5,20,no,11,0.07594533051645125,0.07594533051645125
5849,5,20,no,10,-0.06912049883405885,0.06912049883405885
6518,5,21,yes,6,-0.009192170211589912,0.009192170211589912
4630,5,19,no,3,-0.020709292918763722,0.020709292918763722
4631,5,19,no,3,0.020709292918763722,0.020709292918763722
4632,5,19,no,3,0.020805237106252483,0.020805237106252483
622,3,7,yes,1,0.0051393804018998734,0.0051393804018998734
4633,5,19,no,13,-0.08907119537825614,0.08907119537825614
3127,3,11,yes,5,0.030104398791848785,0.030104398791848785
3128,3,11,no,2,-0.011858307300091742,0.011858307300091742
3129,3,11,yes,1,-0.006022277489922678,0.006022277489922678
5850,5,20,no,4,-0.027132875205628404,0.027132875205628404
5851,5,20,yes,5,0.033981320829057526,0.033981320829057526
2672,3,10,no,1,0.004771406440793768,0.004771406440793768
4634,5,19,yes,1,0.006705817235090283,0.006705817235090283
623,3,7,no,1,0.005066392393269226,0.005066392393269226
5852,5,20,yes,1,0.0068695272890921255,0.0068695272890921255
4635,5,19,yes,8,0.05464286273802266,0.05464286273802266
3130,3,11,no,1,-0.006082521453160905,0.006082521453160905
4636,5,19,no,1,0.006917278298890717,0.006917278298890717
4637,5,19,yes,2,0.013863917308508278,0.013863917308508278
4638,5,19,yes,1,-0.006935967626738038,0.006935967626738038
5853,5,20,no,10,-0.0674510635702365,0.0674510635702365
5854,5,20,yes,1,0.006592049699952696,0.006592049699952696
5855,5,20,yes,1,0.006632203865068964,0.006632203865068964
624,3,7,yes,2,0.009912411151086431,0.009912411151086431
5856,5,20,yes,1,0.0066701446519749075,0.0066701446519749075
4639,5,19,no,2,0.013877287424482243,0.013877287424482243
5857,5,20,yes,3,0.020215139710716423,0.020215139710716423
1344,3,8,yes,1,0.006308029388134018,0.006308029388134018
4640,5,19,no,1,-0.006941319797744205,0.006941319797744205
5858,5,20,yes,5,-0.033517488227760295,0.033517488227760295
5859,5,20,no,3,-0.019647123106412534,0.019647123106412534
4641,5,19,yes,6,0.04163455280051809,0.04163455280051809
4642,5,19,no,1,-0.00692794968177024,0.00692794968177024
3131,3,11,yes,2,0.012104798943083583,0.012104798943083583
5860,5,20,yes,6,0.03965528885854669,0.03965528885854669
4643,5,19,no,1,-0.006935967626738093,0.006935967626738093
4644,5,19,no,7,-0.04855183109940875,0.04855183109940875
625,3,7,yes,1,-0.0049193757633081425,0.0049193757633081425
2070,3,9,yes,4,0.027770635492009754,0.027770635492009754
5861,5,20,yes,1,0.006739169629111863,0.006739169629111863
2071,3,9,no,3,-0.02082931569426555,0.02082931569426555
4645,5,19,yes,19,0.13068170667992063,0.13068170667992063
4646,5,19,no,16,0.10104409063889064,0.10104409063889064
4647,5,19,no,1,-0.0058976716028927845,0.0058976716028927845
4648,5,19,no,2,-0.011982913187121635,0.011982913187121635
4649,5,19,no,10,-0.06326910763187954,0.06326910763187954
4650,5,19,yes,1,0.006549739658341158,0.006549739658341158
4651,5,19,no,1,-0.006549739658341158,0.006549739658341158
5862,5,20,yes,14,-0.0905259712599174,0.0905259712599174
5863,5,20,yes,9,0.05718658617871869,0.05718658617871869
4652,5,19,yes,1,0.006549739658341158,0.006549739658341158
4653,5,19,no,1,-0.006549739658341158,0.006549739658341158
4654,5,19,no,2,-0.01322425356502177,0.01322425356502177
4655,5,19,no,10,0.06426954719506695,0.06426954719506695
4656,5,19,no,2,-0.012452635921679889,0.012452635921679889
4657,5,19,no,1,-0.006308029388134018,0.006308029388134018
5864,5,20,yes,3,0.019894398216996567,0.019894398216996567
4658,5,19,no,7,-0.04550888188525304,0.04550888188525304
2072,3,9,no,2,-0.013877287424482243,0.013877287424482243
1345,3,8,yes,3,0.01859392847035335,0.01859392847035335
3132,3,11,no,1,0.005960635697198957,0.005960635697198957
3133,3,11,no,5,-0.030405243596697384,0.030405243596697384
4659,5,19,no,10,-0.06801882462508768,0.06801882462508768
4660,5,19,yes,1,0.00690396986339592,0.00690396986339592
5865,5,20,yes,1,0.006705817235090283,0.006705817235090283
4661,5,19,yes,1,0.006888044756477085,0.006888044756477085
4662,5,19,no,12,-0.08312504132668086,0.08312504132668086
5866,5,20,no,8,-0.05252466899730446,0.05252466899730446
3134,3,11,yes,1,0.0061985164077413835,0.0061985164077413835
626,3,7,no,5,-0.025694716555038966,0.025694716555038966
5867,5,20,yes,1,0.006410485830370238,0.006410485830370238
4663,5,19,yes,8,0.05548779872614684,0.05548779872614684
1346,3,8,yes,1,0.006082521453160905,0.006082521453160905
5868,5,20,yes,8,0.05285335279604608,0.05285335279604608
1347,3,8,no,1,0.006022277489922678,0.006022277489922678
2673,3,10,yes,1,0.004697221546987929,0.004697221546987929
2674,3,10,yes,12,-0.0612062770035513,0.0612062770035513
6519,5,21,yes,1,-0.0014042374014612488,0.0014042374014612488
2675,3,10,no,9,0.046892170648262455,0.046892170648262455
4664,5,19,no,1,-0.006935967626738093,0.006935967626738093
4665,5,19,no,2,-0.013885317746004877,0.013885317746004877
4666,5,19,yes,4,0.02774923505451321,0.02774923505451321
4667,5,19,yes,7,0.04805081856128712,0.04805081856128712
4668,5,19,no,9,-0.061914735869795456,0.061914735869795456
2073,3,9,yes,5,-0.03450676988962609,0.03450676988962609
1348,3,8,no,2,-0.012104798943083583,0.012104798943083583
1349,3,8,no,1,0.006082521453160905,0.006082521453160905
4669,5,19,no,1,-0.00694131979774415,0.00694131979774415
1350,3,8,yes,5,-0.030984479311648272,0.030984479311648272
4670,5,19,yes,6,0.04151453002501626,0.04151453002501626
4671,5,19,no,7,-0.04845852797327699,0.04845852797327699
4672,5,19,yes,1,0.006943997948260727,0.006943997948260727
627,3,7,no,1,-0.00535544554716183,0.00535544554716183
1351,3,8,no,4,-0.02573488866189011,0.02573488866189011
3135,3,11,yes,1,-0.0061985164077413835,0.0061985164077413835
5869,5,20,yes,2,0.013568873894124145,0.013568873894124145
4673,5,19,yes,10,0.0688560556675396,0.0688560556675396
6520,5,21,no,1,-0.0013697729675739914,0.0013697729675739914
1352,3,8,no,11,0.06870228116066002,0.06870228116066002
628,3,7,yes,2,0.010639422328994508,0.010639422328994508
4674,5,19,no,6,-0.04113354026239635,0.04113354026239635
6521,5,21,yes,1,-0.0013360527153829932,0.0013360527153829932
2074,3,9,yes,1,0.0068695272890921255,0.0068695272890921255
4675,5,19,yes,12,-0.08312504132668086,0.08312504132668086
4676,5,19,yes,7,0.04845852797327688,0.04845852797327688
2676,3,10,no,3,0.014314106355288847,0.014314106355288847
4677,5,19,yes,3,0.02082128537274297,0.02082128537274297
4678,5,19,no,13,0.0884962564708176,0.0884962564708176
4679,5,19,no,12,-0.08156830678904736,0.08156830678904736
4680,5,19,yes,1,-0.00692794968177024,0.00692794968177024
4681,5,19,yes,6,0.0413552155130551,0.0413552155130551
4682,5,19,no,6,-0.0413552155130551,0.0413552155130551
4683,5,19,yes,1,0.00692794968177024,0.00692794968177024
3136,3,11,yes,1,-0.006254119513938505,0.006254119513938505
4684,5,19,yes,1,0.006917278298890772,0.006917278298890772
2075,3,9,no,1,-0.0068695272890921255,0.0068695272890921255
5870,5,20,yes,1,-0.006798721047609868,0.006798721047609868
2677,3,10,no,1,0.00462298351148227,0.00462298351148227
6522,5,21,yes,12,-0.013658280253150863,0.013658280253150863
4685,5,19,no,1,-0.006917278298890772,0.006917278298890772
4686,5,19,no,2,-0.013863917308508333,0.013863917308508333
4687,5,19,no,1,-0.00694131979774415,0.00694131979774415
4688,5,19,no,1,-0.006943997948260727,0.006943997948260727
2076,3,9,no,2,-0.013673277305821518,0.013673277305821518
2077,3,9,yes,5,0.03433481921478665,0.03433481921478665
629,3,7,no,1,0.0052119315902589,0.0052119315902589
6523,5,21,yes,1,0.0009854271973470732,0.0009854271973470732
2678,3,10,yes,1,0.004548750366815679,0.004548750366815679
5871,5,20,yes,1,0.006798721047609868,0.006798721047609868
5872,5,20,no,1,-0.006798721047609868,0.006798721047609868
4689,5,19,no,12,-0.08257020646231467,0.08257020646231467
4690,5,19,yes,9,0.06174892108957175,0.06174892108957175
5873,5,20,no,9,-0.05962350564256036,0.05962350564256036
4691,5,19,no,6,-0.04135521551305521,0.04135521551305521
4692,5,19,yes,1,0.0068484456234291224,0.0068484456234291224
4693,5,19,no,3,0.02066154190896513,0.02066154190896513
5874,5,20,no,8,0.05285335279604608,0.05285335279604608
4694,5,19,no,12,0.08312504132668086,0.08312504132668086
4695,5,19,no,18,0.11849635720028162,0.11849635720028162
4696,5,19,no,11,-0.07093969184704185,0.07093969184704185
3137,3,11,yes,1,0.006254119513938505,0.006254119513938505
4697,5,19,no,1,-0.006705817235090228,0.006705817235090228
5875,5,20,no,1,-0.006739169629111863,0.006739169629111863
4698,5,19,no,1,0.006705817235090228,0.006705817235090228
4699,5,19,no,1,-0.006705817235090228,0.006705817235090228
5876,5,20,yes,2,-0.01337596188706519,0.01337596188706519
4700,5,19,yes,5,-0.03398132082905758,0.03398132082905758
4701,5,19,no,5,-0.03450676988962598,0.03450676988962598
5877,5,20,yes,10,0.06801882462508785,0.06801882462508785
1353,3,8,no,1,-0.005960635697198957,0.005960635697198957
5878,5,20,no,1,-0.006903969863395976,0.006903969863395976
5879,5,20,no,8,-0.054444710109716965,0.054444710109716965
2679,3,10,no,1,-0.004548750366815679,0.004548750366815679
5880,5,20,no,1,-0.0066701446519749075,0.0066701446519749075
4702,5,19,yes,13,0.0884962564708176,0.0884962564708176
4703,5,19,yes,8,-0.053989486581191626,0.053989486581191626
4704,5,19,no,2,-0.013757572045569044,0.013757572045569044
4705,5,19,no,10,-0.06931971827131306,0.06931971827131306
5881,5,20,no,1,-0.006632203865068964,0.006632203865068964
4706,5,19,yes,13,0.08992573594031122,0.08992573594031122
5882,5,20,yes,1,0.006632203865068964,0.006632203865068964
4707,5,19,yes,3,0.020393705576516652,0.020393705576516652
3783,5,17,yes,1,0.0009854271973470732,0.0009854271973470732
3138,3,11,no,5,-0.03179170381584395,0.03179170381584395
1354,3,8,yes,1,-0.006022277489922678,0.006022277489922678
4708,5,19,yes,1,-0.006770152846514388,0.006770152846514388
4709,5,19,no,8,-0.05497876824305736,0.05497876824305736
4710,5,19,no,5,-0.03470660311874785,0.03470660311874785
4711,5,19,no,2,0.013885317746004877,0.013885317746004877
1355,3,8,no,5,-0.030984479311648272,0.030984479311648272
2078,3,9,no,4,-0.027509987532394253,0.027509987532394253
4712,5,19,yes,3,0.02082128537274297,0.02082128537274297
630,3,7,yes,1,0.0051393804018998734,0.0051393804018998734
2079,3,9,no,7,0.04829118313979325,0.04829118313979325
631,3,7,no,1,0.005066392393269226,0.005066392393269226
5883,5,20,no,2,-0.01322425356502166,0.01322425356502166
2080,3,9,no,1,0.006941319797744205,0.006941319797744205
5884,5,20,yes,1,0.006592049699952696,0.006592049699952696
5885,5,20,no,15,-0.09357520317010842,0.09357520317010842
5886,5,20,yes,1,-0.0057680800157664525,0.0057680800157664525
5887,5,20,yes,1,0.0057680800157664525,0.0057680800157664525
1356,3,8,yes,2,-0.01277066060538401,0.01277066060538401
4713,5,19,no,1,0.00692794968177024,0.00692794968177024
5888,5,20,yes,1,0.005833461048261823,0.005833461048261823
5889,5,20,yes,6,0.03630291519959011,0.03630291519959011
2680,3,10,yes,10,0.04217411977178631,0.04217411977178631
5890,5,20,yes,1,0.006254119513938561,0.006254119513938561
4714,5,19,yes,19,0.1267530141973655,0.1267530141973655
2681,3,10,no,1,-0.0038895110895871277,0.0038895110895871277
1357,3,8,yes,1,0.006410485830370405,0.006410485830370405
1358,3,8,yes,1,0.006360174775013605,0.006360174775013605
4715,5,19,no,1,-0.006308029388134018,0.006308029388134018
5891,5,20,yes,14,-0.08198259568979632,0.08198259568979632
6524,5,21,yes,1,0.0010110847812301663,0.0010110847812301663
4716,5,19,no,1,-0.006360174775013605,0.006360174775013605
4717,5,19,no,11,-0.07283271252054058,0.07283271252054058
2081,3,9,no,2,0.013887995896521399,0.013887995896521399
2682,3,10,yes,1,0.0038895110895871277,0.0038895110895871277
2683,3,10,no,12,-0.05149432483025651,0.05149432483025651
5892,5,20,no,1,0.005426266311670036,0.005426266311670036
4718,5,19,no,2,-0.013673277305821574,0.013673277305821574
5893,5,20,no,1,0.005496366471083369,0.005496366471083369
5894,5,20,yes,3,0.016901387129485967,0.016901387129485967
1359,3,8,yes,8,-0.052179026537227946,0.052179026537227946
632,3,7,no,1,0.0049930353877782885,0.0049930353877782885
5895,5,20,yes,11,0.06682677994070457,0.06682677994070457
1360,3,8,yes,1,0.0066701446519749075,0.0066701446519749075
4719,5,19,yes,19,0.12385064391302403,0.12385064391302403
5896,5,20,no,1,0.006410485830370238,0.006410485830370238
4720,5,19,no,6,-0.03734465408666188,0.03734465408666188
2684,3,10,no,18,0.07335098191863798,0.07335098191863798
2685,3,10,yes,1,-0.0034694475658122448,0.0034694475658122448
4721,5,19,no,1,0.006360174775013605,0.006360174775013605
4722,5,19,no,8,-0.052179026537227946,0.052179026537227946
4723,5,19,no,1,-0.006705817235090228,0.006705817235090228
5897,5,20,yes,7,-0.04375513991703228,0.04375513991703228
4724,5,19,no,1,-0.0067391696291118075,0.0067391696291118075
4725,5,19,yes,5,0.033339385081198714,0.033339385081198714
2686,3,10,no,5,-0.018387209522569226,0.018387209522569226
4726,5,19,no,1,-0.006592049699952862,0.006592049699952862
1361,3,8,no,1,0.006632203865068909,0.006632203865068909
4727,5,19,yes,1,-0.006632203865068909,0.006632203865068909
1362,3,8,no,10,0.0637786358786715,0.0637786358786715
4728,5,19,no,1,-0.0066701446519749075,0.0066701446519749075
4729,5,19,no,1,0.0066701446519749075,0.0066701446519749075
1363,3,8,yes,1,-0.00614129254867346,0.00614129254867346
4730,5,19,yes,1,-0.0066701446519749075,0.0066701446519749075
2082,3,9,no,5,-0.03469323300277388,0.03469323300277388
5898,5,20,no,6,-0.03518373031566285,0.03518373031566285
2687,3,10,no,1,-0.0038895110895871277,0.0038895110895871277
5899,5,20,yes,1,0.005701604461620324,0.005701604461620324
4731,5,19,no,1,-0.006705817235090228,0.006705817235090228
3139,3,11,yes,16,-0.1081433795772303,0.1081433795772303
3140,3,11,yes,1,0.00692794968177024,0.00692794968177024
5900,5,20,yes,6,0.03556464730720349,0.03556464730720349
2688,3,10,no,1,-0.003961402534739644,0.003961402534739644
4732,5,19,no,15,-0.1031946938374314,0.1031946938374314
5901,5,20,yes,4,0.024901957858487367,0.024901957858487367
5902,5,20,no,1,0.006360174775013716,0.006360174775013716
3141,3,11,yes,1,0.006917278298890772,0.006917278298890772
3142,3,11,yes,1,0.00690396986339592,0.00690396986339592
4733,5,19,no,3,0.020829315694265604,0.020829315694265604
3143,3,11,yes,4,0.027430849351390618,0.027430849351390618
4734,5,19,yes,1,0.00694131979774415,0.00694131979774415
3144,3,11,no,1,-0.0068248316823924515,0.0068248316823924515
3145,3,11,yes,2,0.013623552730002264,0.013623552730002264
4735,5,19,no,10,0.06868488871630984,0.06868488871630984
2689,3,10,no,1,0.003961402534739644,0.003961402534739644
4736,5,19,no,1,-0.006770152846514388,0.006770152846514388
4737,5,19,no,13,-0.08968537136180521,0.08968537136180521
5903,5,20,no,12,-0.0725283844023249,0.0725283844023249
3146,3,11,yes,5,0.03351748822776024,0.03351748822776024
4738,5,19,yes,10,0.06921337300837382,0.06921337300837382
4739,5,19,no,17,0.11162682991118966,0.11162682991118966
4740,5,19,no,1,-0.0061985164077413835,0.0061985164077413835
4741,5,19,no,1,-0.006254119513938505,0.006254119513938505
5904,5,20,no,5,0.029161452825740286,0.029161452825740286
633,3,7,no,1,-0.0049930353877782885,0.0049930353877782885
5905,5,20,yes,1,0.006022277489922567,0.006022277489922567
5906,5,20,no,7,-0.04081784046922449,0.04081784046922449
5907,5,20,no,1,-0.00556567251430401,0.00556567251430401
2083,3,9,no,2,-0.013821248162286692,0.013821248162286692
4742,5,19,no,10,-0.06519287316045219,0.06519287316045219
5908,5,20,yes,1,0.00556567251430401,0.00556567251430401
2084,3,9,no,1,0.006903969863395976,0.006903969863395976
5909,5,20,no,1,0.005634110153561633,0.005634110153561633
5910,5,20,yes,8,0.047407544317497274,0.047407544317497274
4743,5,19,no,5,-0.03398132082905758,0.03398132082905758
2085,3,9,yes,1,0.006917278298890717,0.006917278298890717
5911,5,20,no,7,0.04449555397170407,0.04449555397170407
4744,5,19,yes,13,0.08650598982636215,0.08650598982636215
634,3,7,no,2,-0.010205772795169099,0.010205772795169099
4745,5,19,no,2,-0.012869380138757824,0.012869380138757824
4746,5,19,no,13,-0.08739418173317337,0.08739418173317337
5912,5,20,no,6,-0.03829703756396263,0.03829703756396263
3147,3,11,yes,1,0.006592049699952862,0.006592049699952862
4747,5,19,no,1,-0.00690396986339592,0.00690396986339592
1364,3,8,yes,12,-0.07764550908213208,0.07764550908213208
1365,3,8,yes,1,0.006705817235090228,0.006705817235090228
4748,5,19,no,1,0.00690396986339592,0.00690396986339592
5913,5,20,no,1,-0.006198516407741439,0.006198516407741439
5914,5,20,yes,13,0.08438467871124394,0.08438467871124394
5915,5,20,yes,8,-0.05285335279604608,0.05285335279604608
5916,5,20,yes,1,-0.006410485830370238,0.006410485830370238
5917,5,20,no,3,-0.018922323677086184,0.018922323677086184
5918,5,20,yes,2,0.012562148902072467,0.012562148902072467
1366,3,8,yes,1,0.0066701446519749075,0.0066701446519749075
4749,5,19,no,1,-0.00690396986339592,0.00690396986339592
1367,3,8,no,1,-0.0066701446519749075,0.0066701446519749075
1368,3,8,yes,1,0.0066701446519749075,0.0066701446519749075
2690,3,10,no,1,-0.003961402534739644,0.003961402534739644
1369,3,8,yes,1,0.006632203865068909,0.006632203865068909
5919,5,20,no,4,-0.024901957858487367,0.024901957858487367
5920,5,20,yes,1,0.00614129254867346,0.00614129254867346
5921,5,20,yes,4,-0.024206727188956056,0.024206727188956056
1370,3,8,no,1,0.006592049699952862,0.006592049699952862
5922,5,20,yes,1,0.005960635697199068,0.005960635697199068
5923,5,20,yes,1,0.006022277489922567,0.006022277489922567
4750,5,19,no,1,0.00690396986339592,0.00690396986339592
1371,3,8,no,1,0.006549739658341158,0.006549739658341158
4751,5,19,yes,6,0.04099972324551482,0.04099972324551482
5924,5,20,yes,1,0.006082521453160961,0.006082521453160961
6525,5,21,yes,4,0.004313280005583224,0.004313280005583224
4752,5,19,no,1,-0.006770152846514388,0.006770152846514388
635,3,7,yes,16,-0.09157983009511117,0.09157983009511117
636,3,7,no,12,0.07030220986418767,0.07030220986418767
5925,5,20,no,1,0.00614129254867346,0.00614129254867346
637,3,7,no,4,-0.02239775360056928,0.02239775360056928
638,3,7,yes,7,0.03846344224123388,0.03846344224123388
5926,5,20,yes,4,0.025120840084827623,0.025120840084827623
2691,3,10,yes,5,-0.020899355835254818,0.020899355835254818
4753,5,19,no,1,-0.0067987210476098126,0.0067987210476098126
4754,5,19,yes,1,-0.0068248316823924515,0.0068248316823924515
5927,5,20,yes,1,-0.006360174775013716,0.006360174775013716
4755,5,19,yes,1,0.0068248316823924515,0.0068248316823924515
1372,3,8,yes,1,0.00650533374811868,0.00650533374811868
1373,3,8,yes,10,0.06219694741254134,0.06219694741254134
2086,3,9,no,10,0.06931971827131306,0.06931971827131306
4756,5,19,yes,1,0.0067987210476098126,0.0067987210476098126
5928,5,20,yes,1,0.006360174775013716,0.006360174775013716
4757,5,19,no,1,0.006770152846514388,0.006770152846514388
5929,5,20,yes,1,0.006410485830370238,0.006410485830370238
4758,5,19,no,16,0.10263077020300093,0.10263077020300093
3148,3,11,no,1,-0.006592049699952862,0.006592049699952862
5930,5,20,yes,1,-0.006410485830370238,0.006410485830370238
1374,3,8,no,1,-0.005960635697198957,0.005960635697198957
2087,3,9,yes,5,-0.034626485268539176,0.034626485268539176
1375,3,8,no,10,-0.06274164546346106,0.06274164546346106
2692,3,10,yes,3,0.012759153207483886,0.012759153207483886
1376,3,8,yes,1,0.00650533374811868,0.00650533374811868
2088,3,9,no,1,0.00694131979774415,0.00694131979774415
2089,3,9,no,1,-0.00694131979774415,0.00694131979774415
4759,5,19,no,8,-0.04977741740695496,0.04977741740695496
4760,5,19,no,2,0.01277066060538401,0.01277066060538401
4761,5,19,no,1,-0.006360174775013605,0.006360174775013605
4762,5,19,no,6,-0.039148707110239434,0.039148707110239434
4763,5,19,yes,2,0.01322425356502177,0.01322425356502177
4764,5,19,yes,11,-0.07433910832671353,0.07433910832671353
1377,3,8,yes,11,-0.07363660968760433,0.07363660968760433
3149,3,11,yes,3,-0.020008165752134044,0.020008165752134044
1378,3,8,yes,12,0.08009550399599175,0.08009550399599175
3150,3,11,yes,3,0.020008165752134044,0.020008165752134044
6526,5,21,yes,1,0.0011487455855182932,0.0011487455855182932
3151,3,11,yes,3,-0.020008165752134044,0.020008165752134044
3152,3,11,no,1,0.006705817235090228,0.006705817235090228
2090,3,9,no,3,-0.020829315694265604,0.020829315694265604
2693,3,10,no,5,0.0198092154448245,0.0198092154448245
4765,5,19,no,2,0.013757572045569044,0.013757572045569044
4766,5,19,yes,1,0.0068484456234291224,0.0068484456234291224
4767,5,19,yes,1,-0.0068484456234291224,0.0068484456234291224
5931,5,20,yes,17,0.11408481003421783,0.11408481003421783
5932,5,20,no,2,-0.013821248162286692,0.013821248162286692
3153,3,11,yes,13,0.08316350584887622,0.08316350584887622
5933,5,20,no,1,-0.00688804475647703,0.00688804475647703
2694,3,10,yes,1,0.0037472034806167454,0.0037472034806167454
5934,5,20,no,1,-0.0068695272890921255,0.0068695272890921255
5935,5,20,no,1,-0.0068484456234291224,0.0068484456234291224
5936,5,20,yes,1,-0.006824831682392396,0.006824831682392396
2695,3,10,yes,11,-0.045190672078314176,0.045190672078314176
3154,3,11,no,2,-0.012223814001834366,0.012223814001834366
3155,3,11,yes,3,-0.018760665309813906,0.018760665309813906
5937,5,20,yes,2,-0.013568873894124145,0.013568873894124145
5938,5,20,no,1,-0.006739169629111863,0.006739169629111863
4768,5,19,yes,5,0.03398132082905758,0.03398132082905758
4769,5,19,no,10,-0.06848809071868356,0.06848809071868356
2091,3,9,yes,1,0.006941319797744205,0.006941319797744205
3156,3,11,no,1,-0.006360174775013605,0.006360174775013605
2092,3,9,yes,4,-0.0277225154051432,0.0277225154051432
4770,5,19,no,1,0.00692794968177024,0.00692794968177024
4771,5,19,yes,1,0.006917278298890772,0.006917278298890772
3157,3,11,no,1,-0.006410485830370405,0.006410485830370405
5939,5,20,no,1,-0.006705817235090283,0.006705817235090283
4772,5,19,yes,2,0.013792014619873005,0.013792014619873005
2696,3,10,no,7,0.02977445578064386,0.02977445578064386
3158,3,11,no,1,-0.0064588943083874195,0.0064588943083874195
5940,5,20,yes,2,0.013444986864202146,0.013444986864202146
4773,5,19,yes,7,0.04755666535323977,0.04755666535323977
5941,5,20,no,3,-0.020115131516177054,0.020115131516177054
4774,5,19,no,1,0.0066701446519749075,0.0066701446519749075
4775,5,19,no,14,-0.09574134003023094,0.09574134003023094
3159,3,11,yes,3,0.01922955491377143,0.01922955491377143
3160,3,11,yes,1,-0.006360174775013605,0.006360174775013605
4776,5,19,yes,6,0.04151453002501626,0.04151453002501626
6527,5,21,no,1,0.0011782316625165642,0.0011782316625165642
6528,5,21,yes,1,-0.0011782316625165642,0.0011782316625165642
2697,3,10,yes,1,0.003961402534739644,0.003961402534739644
4777,5,19,yes,11,0.0740008032285776,0.0740008032285776
3161,3,11,no,2,-0.012869380138757824,0.012869380138757824
4778,5,19,yes,1,-0.006549739658341158,0.006549739658341158
5942,5,20,yes,4,-0.026279326971481498,0.026279326971481498
2093,3,9,no,1,0.006917278298890717,0.006917278298890717
4779,5,19,no,9,0.057186586178718635,0.057186586178718635
4780,5,19,yes,7,-0.044131512772258796,0.044131512772258796
4781,5,19,no,13,-0.08739418173317337,0.08739418173317337
2698,3,10,yes,1,0.0038895110895871277,0.0038895110895871277
3162,3,11,yes,1,0.0064588943083874195,0.0064588943083874195
4782,5,19,yes,2,0.013757572045569044,0.013757572045569044
1379,3,8,no,3,-0.019513967714847258,0.019513967714847258
4783,5,19,yes,1,0.0068484456234291224,0.0068484456234291224
4784,5,19,yes,2,0.013623552730002264,0.013623552730002264
2699,3,10,no,1,-0.0038895110895871277,0.0038895110895871277
4785,5,19,no,2,0.013509322475626195,0.013509322475626195
3931,5,18,no,1,0.0010917613765485043,0.0010917613765485043
1380,3,8,no,3,0.019513967714847258,0.019513967714847258
5943,5,20,no,18,-0.10752017999170171,0.10752017999170171
2094,3,9,yes,1,0.00692794968177024,0.00692794968177024
5944,5,20,yes,4,0.02212241545061905,0.02212241545061905
4786,5,19,yes,6,0.039655288858546744,0.039655288858546744
5945,5,20,no,1,0.005701604461620324,0.005701604461620324
4787,5,19,no,2,-0.013055073406459838,0.013055073406459838
4788,5,19,yes,8,-0.053733090657715366,0.053733090657715366
5946,5,20,yes,4,0.023459848364119962,0.023459848364119962
2095,3,9,no,1,0.006935967626738038,0.006935967626738038
5947,5,20,no,7,0.04336693157658461,0.04336693157658461
2096,3,9,yes,1,0.006941319797744205,0.006941319797744205
1381,3,8,no,1,-0.0064588943083874195,0.0064588943083874195
3163,3,11,no,13,-0.0869650312850837,0.0869650312850837
3164,3,11,no,1,0.006869527289091959,0.006869527289091959
3932,5,18,no,1,-0.0010917613765485043,0.0010917613765485043
3165,3,11,yes,1,0.0068484456234291224,0.0068484456234291224
6529,5,21,no,1,0.0011782316625165642,0.0011782316625165642
5948,5,20,yes,16,-0.09465079985294395,0.09465079985294395
4789,5,19,no,8,0.053733090657715366,0.053733090657715366
3166,3,11,yes,6,0.040508837092693595,0.040508837092693595
5949,5,20,yes,2,-0.010639422328994619,0.010639422328994619
4790,5,19,no,8,-0.053733090657715366,0.053733090657715366
2700,3,10,yes,1,0.0038895110895871277,0.0038895110895871277
5950,5,20,yes,4,0.021562055111748024,0.021562055111748024
5951,5,20,no,10,0.05860732698536292,0.05860732698536292
5952,5,20,no,1,0.006198516407741439,0.006198516407741439
5953,5,20,no,1,0.006254119513938561,0.006254119513938561
1382,3,8,yes,1,0.0064588943083874195,0.0064588943083874195
2097,3,9,yes,2,0.013887995896521399,0.013887995896521399
3167,3,11,no,1,0.006632203865068909,0.006632203865068909
4791,5,19,no,1,-0.0068484456234291224,0.0068484456234291224
3168,3,11,no,1,-0.006632203865068909,0.006632203865068909
2701,3,10,no,1,-0.0038895110895871277,0.0038895110895871277
6530,5,21,yes,3,0.0037184451854470196,0.0037184451854470196
5954,5,20,yes,1,0.006308029388133907,0.006308029388133907
2098,3,9,yes,2,0.013877287424482243,0.013877287424482243
5955,5,20,no,1,-0.006308029388133907,0.006308029388133907
4792,5,19,yes,1,0.0068484456234291224,0.0068484456234291224
5956,5,20,yes,13,-0.07655632937812629,0.07655632937812629
2702,3,10,no,1,-0.003961402534739644,0.003961402534739644
1383,3,8,no,1,-0.0064588943083874195,0.0064588943083874195
5957,5,20,no,8,0.0458576019646893,0.0458576019646893
5958,5,20,yes,1,0.006022277489922567,0.006022277489922567
5959,5,20,no,13,0.08316350584887622,0.08316350584887622
4793,5,19,yes,1,0.0068248316823924515,0.0068248316823924515
2099,3,9,yes,1,0.00692794968177024,0.00692794968177024
2100,3,9,no,2,-0.013863917308508333,0.013863917308508333
4794,5,19,no,1,-0.0068248316823924515,0.0068248316823924515
5960,5,20,yes,1,-0.0066701446519749075,0.0066701446519749075
3169,3,11,yes,1,0.006632203865068909,0.006632203865068909
5961,5,20,no,1,-0.006632203865068964,0.006632203865068964
5962,5,20,no,1,-0.006592049699952696,0.006592049699952696
5963,5,20,no,1,-0.006549739658341158,0.006549739658341158
1384,3,8,no,2,-0.013055073406459838,0.013055073406459838
1385,3,8,no,1,-0.006592049699952862,0.006592049699952862
2703,3,10,yes,1,0.003961402534739644,0.003961402534739644
4795,5,19,no,1,0.0068248316823924515,0.0068248316823924515
2101,3,9,no,10,-0.06921337300837388,0.06921337300837388
2102,3,9,no,9,0.06227205321062973,0.06227205321062973
2704,3,10,yes,1,0.0038895110895871277,0.0038895110895871277
3933,5,18,yes,11,0.013670238666348249,0.013670238666348249
4796,5,19,no,1,-0.0068248316823924515,0.0068248316823924515
5964,5,20,no,1,-0.00650533374811868,0.00650533374811868
4797,5,19,yes,1,-0.0068484456234291224,0.0068484456234291224
4798,5,19,no,8,0.053989486581191626,0.053989486581191626
4799,5,19,no,1,0.006592049699952862,0.006592049699952862
5965,5,20,yes,2,-0.012869380138757769,0.012869380138757769
4800,5,19,yes,1,-0.006592049699952862,0.006592049699952862
4801,5,19,no,1,0.006592049699952862,0.006592049699952862
3934,5,18,no,1,-0.0014042374014612488,0.0014042374014612488
4802,5,19,yes,1,0.006549739658341158,0.006549739658341158
4803,5,19,no,1,-0.006549739658341158,0.006549739658341158
5966,5,20,yes,1,-0.006360174775013716,0.006360174775013716
4804,5,19,no,14,0.08698315347015562,0.08698315347015562
6531,5,21,yes,2,-0.0025100497038704622,0.0025100497038704622
4805,5,19,no,1,-0.005833461048261657,0.005833461048261657
2103,3,9,yes,8,0.05523250293753734,0.05523250293753734
4806,5,19,no,12,-0.0745999527635528,0.0745999527635528
4807,5,19,yes,3,-0.01977399322336293,0.01977399322336293
4808,5,19,yes,6,0.039148707110239434,0.039148707110239434
4809,5,19,no,1,-0.006410485830370405,0.006410485830370405
4810,5,19,no,3,-0.019513967714847258,0.019513967714847258
3170,3,11,no,1,-0.006632203865068909,0.006632203865068909
3935,5,18,yes,1,0.0014042374014612488,0.0014042374014612488
2705,3,10,yes,1,0.003818099192726798,0.003818099192726798
4811,5,19,yes,1,-0.006592049699952862,0.006592049699952862
5967,5,20,no,1,-0.006308029388133907,0.006308029388133907
4812,5,19,no,3,-0.020008165752134044,0.020008165752134044
2104,3,9,no,13,-0.08992573594031122,0.08992573594031122
3171,3,11,no,1,0.006632203865068909,0.006632203865068909
2105,3,9,yes,1,0.00692794968177024,0.00692794968177024
2106,3,9,yes,1,0.006935967626738038,0.006935967626738038
3936,5,18,no,1,-0.0014042374014612488,0.0014042374014612488
4813,5,19,yes,2,0.013375961887065135,0.013375961887065135
4814,5,19,no,7,-0.04735728271612272,0.04735728271612272
4815,5,19,yes,1,0.0068484456234291224,0.0068484456234291224
6532,5,21,yes,9,-0.009845164713771878,0.009845164713771878
5968,5,20,yes,1,-0.006254119513938561,0.006254119513938561
2107,3,9,no,5,0.03470660311874785,0.03470660311874785
2108,3,9,yes,5,0.03450676988962598,0.03450676988962598
2706,3,10,no,2,-0.007707610282313926,0.007707610282313926
2109,3,9,yes,1,-0.006869527289091959,0.006869527289091959
2110,3,9,yes,1,-0.006888044756477085,0.006888044756477085
5969,5,20,yes,8,0.051438826922256486,0.051438826922256486
2111,3,9,yes,1,-0.00690396986339592,0.00690396986339592
3937,5,18,no,1,-0.0013697729675739914,0.0013697729675739914
2112,3,9,no,1,-0.006917278298890772,0.006917278298890772
5970,5,20,no,1,-0.006592049699952696,0.006592049699952696
1386,3,8,no,14,-0.0954322240975557,0.0954322240975557
1387,3,8,no,1,0.006935967626738093,0.006935967626738093
2113,3,9,no,2,-0.013863917308508333,0.013863917308508333
1388,3,8,yes,1,0.00692794968177024,0.00692794968177024
1389,3,8,yes,1,0.006917278298890772,0.006917278298890772
4816,5,19,no,1,-0.0068484456234291224,0.0068484456234291224
4817,5,19,yes,7,0.04735728271612272,0.04735728271612272
1390,3,8,yes,1,0.00690396986339592,0.00690396986339592
1391,3,8,yes,1,0.006888044756477085,0.006888044756477085
4818,5,19,yes,1,0.006632203865068909,0.006632203865068909
1392,3,8,yes,8,0.054226810005214676,0.054226810005214676
3172,3,11,yes,1,-0.006632203865068909,0.006632203865068909
5971,5,20,yes,8,-0.05104529363004523,0.05104529363004523
4819,5,19,no,1,0.006592049699952862,0.006592049699952862
4820,5,19,no,1,-0.006592049699952862,0.006592049699952862
2114,3,9,no,1,0.006935967626738093,0.006935967626738093
4821,5,19,no,11,-0.07465102849015659,0.07465102849015659
4822,5,19,yes,1,0.00690396986339592,0.00690396986339592
4823,5,19,no,16,0.1066237366469448,0.1066237366469448
4824,5,19,no,1,0.006308029388134018,0.006308029388134018
4825,5,19,no,9,-0.058487055925361964,0.058487055925361964
5972,5,20,yes,3,0.018760665309813906,0.018760665309813906
5973,5,20,no,9,-0.054698525149924404,0.054698525149924404
5974,5,20,yes,1,0.005833461048261823,0.005833461048261823
5975,5,20,yes,1,0.005897671602892618,0.005897671602892618
5976,5,20,no,4,0.024206727188956056,0.024206727188956056
3938,5,18,no,1,-0.0013360527153829932,0.0013360527153829932
4826,5,19,yes,1,-0.006705817235090228,0.006705817235090228
5977,5,20,no,1,-0.00614129254867346,0.00614129254867346
3173,3,11,no,1,-0.0066701446519749075,0.0066701446519749075
5978,5,20,yes,1,0.00614129254867346,0.00614129254867346
5979,5,20,yes,7,0.04449555397170407,0.04449555397170407
5980,5,20,no,1,-0.00650533374811868,0.00650533374811868
2115,3,9,yes,1,-0.006935967626738093,0.006935967626738093
3174,3,11,yes,3,-0.020215139710716423,0.020215139710716423
5981,5,20,yes,1,0.00650533374811868,0.00650533374811868
3939,5,18,no,1,-0.0013030658355085226,0.0013030658355085226
3940,5,18,no,10,-0.011369787220295267,0.011369787220295267
4827,5,19,yes,1,0.006705817235090228,0.006705817235090228
6533,5,21,yes,16,0.019207800010829355,0.019207800010829355
4828,5,19,yes,1,0.0066701446519749075,0.0066701446519749075
3175,3,11,yes,1,0.006770152846514388,0.006770152846514388
3176,3,11,no,2,0.013444986864202035,0.013444986864202035
3177,3,11,yes,1,0.0066701446519749075,0.0066701446519749075
6534,5,21,no,1,-0.0014394566732602587,0.0014394566732602587
4829,5,19,no,1,-0.0066701446519749075,0.0066701446519749075
3178,3,11,no,1,-0.0066701446519749075,0.0066701446519749075
4830,5,19,yes,3,0.019894398216996678,0.019894398216996678
5982,5,20,yes,1,-0.00650533374811868,0.00650533374811868
5983,5,20,no,12,-0.07392808006369589,0.07392808006369589
4831,5,19,no,1,-0.006592049699952862,0.006592049699952862
5984,5,20,yes,1,0.005833461048261823,0.005833461048261823
4832,5,19,yes,7,0.04518470740831815,0.04518470740831815
5985,5,20,no,1,0.005897671602892618,0.005897671602892618
3784,5,17,yes,2,0.0020484369162788105,0.0020484369162788105
4833,5,19,no,1,-0.006308029388134018,0.006308029388134018
4834,5,19,no,2,0.012562148902072523,0.012562148902072523
5986,5,20,no,4,0.024206727188956056,0.024206727188956056
4835,5,19,yes,4,-0.025332809507456533,0.025332809507456533
4836,5,19,yes,2,0.01277066060538401,0.01277066060538401
5987,5,20,yes,13,-0.07488540531527821,0.07488540531527821
4837,5,19,yes,1,0.006308029388134018,0.006308029388134018
4838,5,19,no,13,0.07655632937812618,0.07655632937812618
4839,5,19,yes,2,-0.011062038985387268,0.011062038985387268
5988,5,20,yes,1,0.005355445547161886,0.005355445547161886
5989,5,20,yes,12,0.06952995976811632,0.06952995976811632
4840,5,19,no,1,-0.005634110153561744,0.005634110153561744
4841,5,19,no,17,-0.10504488764749531,0.10504488764749531
4842,5,19,yes,4,-0.02674733538124585,0.02674733538124585
5990,5,20,yes,4,-0.024206727188956056,0.024206727188956056
5991,5,20,yes,2,0.011982913187121635,0.011982913187121635
5992,5,20,yes,13,-0.07315749968553537,0.07315749968553537
2116,3,9,no,1,-0.00694131979774415,0.00694131979774415
5993,5,20,yes,1,0.005211931590258845,0.005211931590258845
5994,5,20,yes,10,0.055962654908154885,0.055962654908154885
5995,5,20,yes,1,0.005960635697199068,0.005960635697199068
2117,3,9,no,2,0.013877287424482243,0.013877287424482243
4843,5,19,yes,7,0.04639445848765855,0.04639445848765855
5996,5,20,no,1,0.006022277489922567,0.006022277489922567
5997,5,20,no,2,-0.011982913187121635,0.011982913187121635
4844,5,19,no,9,0.05623631171534238,0.05623631171534238
5998,5,20,yes,8,0.04932756727378368,0.04932756727378368
4845,5,19,no,8,-0.04977741740695496,0.04977741740695496
5999,5,20,yes,1,0.006410485830370238,0.006410485830370238
4846,5,19,yes,1,-0.0064588943083874195,0.0064588943083874195
6535,5,21,yes,7,-0.009131574105373776,0.009131574105373776
3785,5,17,yes,1,0.0010642405575949643,0.0010642405575949643
6000,5,20,no,12,-0.07323726577107481,0.07323726577107481
6001,5,20,no,1,0.0057680800157664525,0.0057680800157664525
6002,5,20,yes,1,0.005833461048261823,0.005833461048261823
6003,5,20,yes,1,0.005897671602892618,0.005897671602892618
2118,3,9,no,1,-0.006935967626738093,0.006935967626738093
6004,5,20,yes,9,0.05573805310415392,0.05573805310415392
4847,5,19,no,1,-0.00650533374811868,0.00650533374811868
3179,3,11,yes,1,0.0066701446519749075,0.0066701446519749075
4848,5,19,no,18,0.1085992474281503,0.1085992474281503
2119,3,9,yes,4,-0.027770635492009754,0.027770635492009754
4849,5,19,no,1,-0.005496366471083425,0.005496366471083425
4850,5,19,no,5,-0.028502928193514077,0.028502928193514077
4851,5,19,no,15,0.08024057720928368,0.08024057720928368
4852,5,19,yes,1,-0.00484547836750715,0.00484547836750715
3180,3,11,yes,8,-0.054226810005214676,0.054226810005214676
3181,3,11,no,10,0.06745106357023645,0.06745106357023645
4853,5,19,no,9,-0.046892170648262455,0.046892170648262455
4854,5,19,yes,1,-0.005565672514303843,0.005565672514303843
3182,3,11,yes,1,0.006549739658341158,0.006549739658341158
6005,5,20,no,8,0.05285335279604608,0.05285335279604608
4855,5,19,yes,1,0.005565672514303843,0.005565672514303843
6536,5,21,yes,7,-0.007651342034848248,0.007651342034848248
6006,5,20,no,7,-0.04639445848765855,0.04639445848765855
2707,3,10,yes,1,0.0038895110895871277,0.0038895110895871277
4856,5,19,no,4,-0.02266946714525242,0.02266946714525242
3183,3,11,yes,1,0.00650533374811868,0.00650533374811868
4857,5,19,yes,6,0.033592099928005936,0.033592099928005936
4858,5,19,no,2,-0.010922632782753516,0.010922632782753516
4859,5,19,no,6,-0.03440059979640686,0.03440059979640686
6537,5,21,yes,1,0.0010110847812301663,0.0010110847812301663
4860,5,19,no,1,-0.005960635697198957,0.005960635697198957
6007,5,20,no,12,-0.07392808006369589,0.07392808006369589
3184,3,11,no,1,0.0064588943083874195,0.0064588943083874195
6008,5,20,yes,7,0.04213637624785194,0.04213637624785194
4861,5,19,yes,11,-0.06929138512180222,0.06929138512180222
3185,3,11,no,7,-0.046114183166934164,0.046114183166934164
4862,5,19,yes,7,0.04484677722230379,0.04484677722230379
4863,5,19,no,8,-0.05143882692225665,0.05143882692225665
3186,3,11,yes,4,-0.02713287520562846,0.02713287520562846
2120,3,9,no,1,-0.006935967626738038,0.006935967626738038
6009,5,20,no,12,-0.07030220986418773,0.07030220986418773
2121,3,9,yes,1,0.006935967626738038,0.006935967626738038
6010,5,20,yes,9,0.051879879454611866,0.051879879454611866
4864,5,19,yes,6,0.03887667802018413,0.03887667802018413
3187,3,11,yes,1,0.0068248316823924515,0.0068248316823924515
6011,5,20,yes,4,0.02467644992351442,0.02467644992351442
4865,5,19,yes,1,0.006308029388134018,0.006308029388134018
6012,5,20,no,6,-0.036659363110636056,0.036659363110636056
3941,5,18,yes,1,0.0010110847812301663,0.0010110847812301663
4866,5,19,yes,5,0.030698727413436933,0.030698727413436933
4867,5,19,no,10,0.056639313823521165,0.056639313823521165
4868,5,19,yes,1,0.005283976781832678,0.005283976781832678
2708,3,10,no,2,0.0075653026733435436,0.0075653026733435436
4869,5,19,no,11,-0.06192329060535384,0.06192329060535384
3188,3,11,yes,5,0.03368400541030114,0.03368400541030114
4870,5,19,no,7,-0.043366931576584555,0.043366931576584555
6013,5,20,no,1,0.005960635697199068,0.005960635697199068
4871,5,19,yes,9,0.0552252388766763,0.0552252388766763
6014,5,20,yes,1,0.006022277489922567,0.006022277489922567
6015,5,20,no,7,-0.04081784046922449,0.04081784046922449
4872,5,19,yes,8,-0.04886506410166269,0.04886506410166269
4873,5,19,yes,7,0.04296739249876991,0.04296739249876991
6016,5,20,no,8,-0.04254543201147995,0.04254543201147995
6017,5,20,yes,4,0.02070168116726065,0.02070168116726065
6018,5,20,yes,1,0.005355445547161886,0.005355445547161886
4874,5,19,no,1,-0.005960635697198957,0.005960635697198957
6019,5,20,yes,1,0.005426266311670036,0.005426266311670036
2122,3,9,yes,5,-0.034573210227272,0.034573210227272
6020,5,20,yes,3,0.016696149138949012,0.016696149138949012
6021,5,20,yes,2,0.011469684477386777,0.011469684477386777
6022,5,20,no,9,0.054698525149924404,0.054698525149924404
4875,5,19,no,1,-0.006022277489922678,0.006022277489922678
4876,5,19,no,7,0.04081784046922465,0.04081784046922465
2709,3,10,yes,1,0.0036768586438180595,0.0036768586438180595
6023,5,20,no,9,-0.054698525149924404,0.054698525149924404
4877,5,19,no,1,-0.005634110153561744,0.005634110153561744
4878,5,19,no,1,-0.005701604461620269,0.005701604461620269
4879,5,19,no,1,-0.0057680800157665635,0.0057680800157665635
4880,5,19,no,1,-0.005833461048261657,0.005833461048261657
4881,5,19,yes,10,-0.0616357247070467,0.0616357247070467
2123,3,9,no,1,0.00688804475647703,0.00688804475647703
6024,5,20,yes,16,0.10020740703517739,0.10020740703517739
6025,5,20,no,3,-0.019773993223362818,0.019773993223362818
6538,5,21,yes,12,0.014367593957530608,0.014367593957530608
4882,5,19,yes,7,0.04375513991703228,0.04375513991703228
6026,5,20,yes,1,-0.00650533374811868,0.00650533374811868
2124,3,9,yes,1,0.006903969863395976,0.006903969863395976
6027,5,20,no,1,-0.0064588943083875305,0.0064588943083875305
2125,3,9,yes,1,0.006917278298890717,0.006917278298890717
4883,5,19,yes,3,0.01788058479001442,0.01788058479001442
6028,5,20,yes,1,-0.006410485830370238,0.006410485830370238
6539,5,21,yes,1,0.0014042374014612488,0.0014042374014612488
6029,5,20,no,1,-0.006360174775013716,0.006360174775013716
6540,5,21,no,1,-0.0014042374014612488,0.0014042374014612488
4884,5,19,yes,12,0.0654826876906901,0.0654826876906901
4885,5,19,no,1,-0.005066392393269226,0.005066392393269226
4886,5,19,no,9,-0.048814754233392654,0.048814754233392654
4887,5,19,yes,8,-0.04790445626361839,0.04790445626361839
6541,5,21,yes,1,-0.0013697729675739914,0.0013697729675739914
4888,5,19,no,1,0.0061985164077413835,0.0061985164077413835
6030,5,20,no,1,0.006360174775013716,0.006360174775013716
4889,5,19,no,1,-0.0061985164077413835,0.0061985164077413835
4890,5,19,yes,1,0.0061985164077413835,0.0061985164077413835
6031,5,20,no,3,-0.018922323677086184,0.018922323677086184
6032,5,20,no,1,0.006254119513938561,0.006254119513938561
6542,5,21,yes,4,0.005688908305776855,0.005688908305776855
4891,5,19,no,3,-0.018760665309813906,0.018760665309813906
6033,5,20,yes,2,-0.01245263592168,0.01245263592168
4892,5,19,no,12,0.07180231978087293,0.07180231978087293
6034,5,20,yes,15,0.09795355260536809,0.09795355260536809
6035,5,20,no,1,-0.006798721047609868,0.006798721047609868
3942,5,18,yes,2,0.0021015926926436085,0.0021015926926436085
6036,5,20,no,5,-0.033517488227760295,0.033517488227760295
4893,5,19,no,4,-0.022937255679210233,0.022937255679210233
6037,5,20,no,3,-0.019647123106412534,0.019647123106412534
4894,5,19,no,2,-0.011858307300091742,0.011858307300091742
2126,3,9,no,4,-0.027578820207855848,0.027578820207855848
4895,5,19,no,1,-0.006022277489922678,0.006022277489922678
6038,5,20,no,1,-0.0064588943083875305,0.0064588943083875305
2127,3,9,yes,5,0.03450676988962609,0.03450676988962609
3189,3,11,yes,1,0.006632203865068909,0.006632203865068909
4896,5,19,yes,11,-0.0698611573318324,0.0698611573318324
4897,5,19,yes,6,0.03887667802018413,0.03887667802018413
6039,5,20,no,1,-0.006410485830370238,0.006410485830370238
4898,5,19,no,1,0.006308029388134018,0.006308029388134018
6543,5,21,yes,1,0.0015122014532747904,0.0015122014532747904
6040,5,20,yes,1,-0.006360174775013716,0.006360174775013716
2128,3,9,no,5,0.03470660311874779,0.03470660311874779
3943,5,18,yes,6,0.006986308359563549,0.006986308359563549
4899,5,19,no,1,0.006254119513938505,0.006254119513938505
6041,5,20,yes,1,-0.006308029388133907,0.006308029388133907
3944,5,18,no,8,-0.009087901052207158,0.009087901052207158
3190,3,11,no,1,-0.006632203865068909,0.006632203865068909
3945,5,18,yes,4,0.004313280005583224,0.004313280005583224
3191,3,11,yes,3,0.01977399322336293,0.01977399322336293
6544,5,21,no,15,0.02764974192356632,0.02764974192356632
6042,5,20,yes,5,0.03204291805002407,0.03204291805002407
6043,5,20,no,1,-0.00650533374811868,0.00650533374811868
2710,3,10,no,1,0.0036070974478101814,0.0036070974478101814
6545,5,21,no,7,-0.014132501179370177,0.014132501179370177
3946,5,18,no,4,-0.004313280005583224,0.004313280005583224
3192,3,11,no,1,-0.006549739658341158,0.006549739658341158
6044,5,20,no,1,-0.0064588943083875305,0.0064588943083875305
6045,5,20,yes,1,-0.006410485830370238,0.006410485830370238
4900,5,19,no,1,0.0061985164077413835,0.0061985164077413835
3786,5,17,yes,11,0.013670238666348249,0.013670238666348249
4901,5,19,no,1,-0.0061985164077413835,0.0061985164077413835
6546,5,21,yes,1,-0.0018353517880112385,0.0018353517880112385
6046,5,20,no,1,-0.006360174775013716,0.006360174775013716
6047,5,20,yes,15,-0.08829062507793023,0.08829062507793023
6048,5,20,no,2,0.010922632782753405,0.010922632782753405
6547,5,21,yes,5,0.009626974784061437,0.009626974784061437
6548,5,21,yes,1,-0.002017172974494344,0.002017172974494344
6049,5,20,yes,1,0.00556567251430401,0.00556567251430401
6050,5,20,no,2,0.011335714615181958,0.011335714615181958
6051,5,20,yes,5,0.02948212585404253,0.02948212585404253
3787,5,17,yes,1,0.0014394566732602587,0.0014394566732602587
6549,5,21,yes,4,0.008358051157814322,0.008358051157814322
4902,5,19,yes,1,0.0061985164077413835,0.0061985164077413835
3947,5,18,yes,11,0.012997820989956617,0.012997820989956617
4903,5,19,no,7,-0.044495553971704016,0.044495553971704016
4904,5,19,yes,16,0.09753720844276303,0.09753720844276303
3193,3,11,no,1,-0.006592049699952862,0.006592049699952862
6052,5,20,no,10,-0.0573061457662819,0.0573061457662819
6053,5,20,yes,1,0.005426266311670036,0.005426266311670036
3948,5,18,no,13,-0.014994332968533856,0.014994332968533856
6054,5,20,no,1,0.005496366471083369,0.005496366471083369
6550,5,21,yes,5,0.01158595505286511,0.01158595505286511
6055,5,20,yes,1,0.00556567251430401,0.00556567251430401
6056,5,20,yes,2,0.011335714615181958,0.011335714615181958
4905,5,19,no,4,-0.022937255679210233,0.022937255679210233
6551,5,21,no,1,-0.0024231349516898176,0.0024231349516898176
4906,5,19,no,1,0.005833461048261657,0.005833461048261657
6057,5,20,yes,1,0.0057680800157664525,0.0057680800157664525
4907,5,19,yes,1,-0.005833461048261657,0.005833461048261657
6058,5,20,yes,8,0.0483904957617905,0.0483904957617905
3194,3,11,no,1,0.006592049699952862,0.006592049699952862
4908,5,19,no,7,-0.042557034713528674,0.042557034713528674
3788,5,17,no,8,-0.010571030778634034,0.010571030778634034
6552,5,21,no,5,-0.011325557082797505,0.011325557082797505
4909,5,19,no,1,0.006254119513938505,0.006254119513938505
3789,5,17,no,1,-0.0011782316625165642,0.0011782316625165642
6553,5,21,yes,13,0.03229323616134397,0.03229323616134397
6554,5,21,no,1,-0.0028249181734272544,0.0028249181734272544
6555,5,21,yes,1,-0.002764907831860508,0.002764907831860508
3790,5,17,yes,1,0.0011782316625165642,0.0011782316625165642
2711,3,10,no,1,0.003537950757597441,0.003537950757597441
6556,5,21,yes,13,0.04085783081691868,0.04085783081691868
6557,5,21,no,1,-0.0035379507575973856,0.0035379507575973856
6558,5,21,yes,1,0.0035379507575973856,0.0035379507575973856
3949,5,18,yes,14,0.016364105936107848,0.016364105936107848
6559,5,21,yes,8,0.030840375017069432,0.030840375017069432
4910,5,19,yes,13,0.07572847617585776,0.07572847617585776
6560,5,21,yes,14,-0.051054314275549545,0.051054314275549545
6561,5,21,no,13,0.04694784657688569,0.04694784657688569
6562,5,21,yes,1,-0.004033734929106997,0.004033734929106997
4911,5,19,yes,1,0.00535544554716183,0.00535544554716183
3195,3,11,yes,3,-0.019894398216996678,0.019894398216996678
6563,5,21,no,1,-0.003961402534739644,0.003961402534739644
6059,5,20,yes,1,-0.006254119513938561,0.006254119513938561
4912,5,19,no,2,-0.010781711858831922,0.010781711858831922
6564,5,21,no,1,-0.003889511089587072,0.003889511089587072
4913,5,19,yes,4,-0.02239775360056928,0.02239775360056928
6060,5,20,no,1,-0.006198516407741439,0.006198516407741439
4914,5,19,no,1,0.005701604461620269,0.005701604461620269
4915,5,19,no,7,-0.041266251768823814,0.041266251768823814
3950,5,18,yes,6,0.008969172700593012,0.008969172700593012
6565,5,21,yes,1,0.003889511089587072,0.003889511089587072
4916,5,19,yes,18,-0.11776812245986312,0.11776812245986312
3791,5,17,yes,2,0.002447643798589076,0.002447643798589076
6566,5,21,no,1,-0.003889511089587072,0.003889511089587072
6567,5,21,no,1,-0.003818099192726798,0.003818099192726798
4917,5,19,no,1,0.0068484456234291224,0.0068484456234291224
4918,5,19,yes,9,0.060282830316056524,0.060282830316056524
6568,5,21,no,2,-0.007424062124434944,0.007424062124434944
4919,5,19,yes,4,0.02573488866189011,0.02573488866189011
3951,5,18,yes,16,0.031305455738816566,0.031305455738816566
6569,5,21,yes,8,-0.026958508644577772,0.026958508644577772
3952,5,18,no,1,-0.002316298248714571,0.002316298248714571
3953,5,18,no,2,-0.004477251475651034,0.004477251475651034
3954,5,18,no,7,-0.014132501179370177,0.014132501179370177
3792,5,17,yes,3,-0.0036258754611056404,0.0036258754611056404
6570,5,21,no,1,-0.0030733380175221314,0.0030733380175221314
6571,5,21,yes,9,-0.024909909217484136,0.024909909217484136
3793,5,17,yes,1,-0.0011487455855182932,0.0011487455855182932
6061,5,20,yes,12,-0.06952995976811632,0.06952995976811632
4920,5,19,yes,1,0.006308029388134018,0.006308029388134018
4921,5,19,no,1,0.006254119513938505,0.006254119513938505
6062,5,20,no,13,0.07572847617585776,0.07572847617585776
6063,5,20,no,1,-0.006198516407741439,0.006198516407741439
3955,5,18,no,9,-0.015029442197470932,0.015029442197470932
4922,5,19,no,1,0.0061985164077413835,0.0061985164077413835
6572,5,21,yes,6,-0.014063845559578764,0.014063845559578764
4923,5,19,no,20,0.11034497600113247,0.11034497600113247
4924,5,19,no,3,0.014091611499263967,0.014091611499263967
4925,5,19,no,1,-0.00462298351148227,0.00462298351148227
4926,5,19,yes,1,-0.004697221546987929,0.004697221546987929
6573,5,21,yes,11,0.027305581006294502,0.027305581006294502
6574,5,21,no,1,-0.002764907831860508,0.002764907831860508
3794,5,17,no,2,-0.0022116873129396156,0.0022116873129396156
4927,5,19,yes,2,-0.009616884808300918,0.009616884808300918
4928,5,19,no,13,-0.06956163779351487,0.06956163779351487
6575,5,21,no,1,0.002764907831860508,0.002764907831860508
6576,5,21,yes,1,0.0028249181734272544,0.0028249181734272544
6064,5,20,no,1,-0.00614129254867346,0.00614129254867346
4929,5,19,no,3,-0.0176917683483534,0.0176917683483534
6577,5,21,no,1,-0.0028249181734272544,0.0028249181734272544
6578,5,21,no,1,-0.002764907831860508,0.002764907831860508
4930,5,19,no,1,-0.006022277489922678,0.006022277489922678
6065,5,20,no,1,-0.006082521453160961,0.006082521453160961
6066,5,20,yes,2,-0.011982913187121635,0.011982913187121635
6579,5,21,yes,8,-0.02006342169878296,0.02006342169878296
3956,5,18,yes,1,0.0015122014532747904,0.0015122014532747904
6580,5,21,no,1,-0.0022642190665268375,0.0022642190665268375
3957,5,18,yes,1,0.0015497472996397268,0.0015497472996397268
4931,5,19,no,6,0.03518373031566291,0.03518373031566291
6581,5,21,yes,1,-0.0022130324091241965,0.0022130324091241965
3958,5,18,no,7,-0.010086909774074365,0.010086909774074365
4932,5,19,no,1,-0.005701604461620269,0.005701604461620269
4933,5,19,no,1,0.005701604461620269,0.005701604461620269
6067,5,20,yes,12,0.07525202081900129,0.07525202081900129
4934,5,19,no,7,-0.041266251768823814,0.041266251768823814
6068,5,20,yes,6,-0.03859265770836523,0.03859265770836523
6582,5,21,no,7,-0.014132501179370177,0.014132501179370177
6069,5,20,no,1,-0.006254119513938561,0.006254119513938561
6070,5,20,yes,1,-0.006198516407741439,0.006198516407741439
4935,5,19,yes,4,0.023963106243175325,0.023963106243175325
6071,5,20,yes,2,-0.012223814001834421,0.012223814001834421
4936,5,19,no,1,0.005833461048261657,0.005833461048261657
3795,5,17,yes,6,0.006986308359563549,0.006986308359563549
4937,5,19,yes,2,-0.011731132651154441,0.011731132651154441
3196,3,11,no,1,0.0066701446519749075,0.0066701446519749075
6583,5,21,no,2,-0.003627401114971923,0.003627401114971923
3959,5,18,no,1,-0.0013030658355085226,0.0013030658355085226
4938,5,19,yes,2,0.011731132651154441,0.011731132651154441
4939,5,19,no,7,-0.042136376247851826,0.042136376247851826
6584,5,21,yes,7,-0.01140204108249901,0.01140204108249901
6072,5,20,no,4,-0.023714045838276077,0.023714045838276077
4940,5,19,yes,1,0.0061985164077413835,0.0061985164077413835
4941,5,19,no,2,-0.012452635921679889,0.012452635921679889
6073,5,20,no,10,-0.054582834249159246,0.054582834249159246
6074,5,20,yes,1,-0.005066392393269115,0.005066392393269115
6075,5,20,yes,1,0.005066392393269115,0.005066392393269115
6076,5,20,yes,1,0.005139380401899957,0.005139380401899957
6585,5,21,no,1,-0.0014754412634813557,0.0014754412634813557
3796,5,17,yes,1,0.0012708013868579435,0.0012708013868579435
6077,5,20,yes,6,0.03233965921631088,0.03233965921631088
6078,5,20,yes,1,0.005634110153561633,0.005634110153561633
6079,5,20,no,4,-0.02212241545061905,0.02212241545061905
4942,5,19,no,1,-0.006308029388134018,0.006308029388134018
3197,3,11,no,2,-0.013375961887065135,0.013375961887065135
6080,5,20,no,10,0.0573061457662819,0.0573061457662819
3198,3,11,yes,1,0.006705817235090228,0.006705817235090228
3199,3,11,yes,1,0.0066701446519749075,0.0066701446519749075
3797,5,17,yes,2,0.0026391185508915158,0.0026391185508915158
3960,5,18,yes,1,0.0013030658355085226,0.0013030658355085226
2712,3,10,no,6,0.019813460439170094,0.019813460439170094
4943,5,19,no,6,-0.03887667802018413,0.03887667802018413
4944,5,19,yes,1,0.006592049699952862,0.006592049699952862
3200,3,11,no,2,-0.013375961887065135,0.013375961887065135
4945,5,19,no,1,0.006549739658341158,0.006549739658341158
4946,5,19,yes,1,0.00650533374811868,0.00650533374811868
6081,5,20,yes,1,0.006082521453160961,0.006082521453160961
6082,5,20,yes,12,0.07708098439571526,0.07708098439571526
6083,5,20,no,4,-0.026444137875337725,0.026444137875337725
6084,5,20,no,1,-0.00650533374811868,0.00650533374811868
6085,5,20,no,1,-0.0064588943083875305,0.0064588943083875305
3961,5,18,no,7,-0.008468414205381511,0.008468414205381511
3798,5,17,yes,15,0.024522386905927313,0.024522386905927313
2713,3,10,no,6,-0.019813460439170094,0.019813460439170094
6086,5,20,no,7,-0.04375513991703228,0.04375513991703228
6087,5,20,yes,1,0.006082521453160961,0.006082521453160961
6088,5,20,no,1,-0.006082521453160961,0.006082521453160961
6089,5,20,yes,2,-0.011982913187121635,0.011982913187121635
6586,5,21,yes,9,-0.011749262441150599,0.011749262441150599
3799,5,17,no,1,-0.0019245274747760333,0.0019245274747760333
6090,5,20,yes,13,-0.0713803592935828,0.0713803592935828
3962,5,18,yes,1,0.0011199259363911113,0.0011199259363911113
2714,3,10,yes,1,-0.003537950757597441,0.003537950757597441
6091,5,20,yes,2,-0.009912411151086403,0.009912411151086403
4947,5,19,no,1,-0.00650533374811868,0.00650533374811868
4948,5,19,yes,15,0.09190309828920129,0.09190309828920129
6092,5,20,yes,4,0.020118183946255475,0.020118183946255475
6093,5,20,no,1,-0.005139380401899957,0.005139380401899957
6094,5,20,no,1,-0.005066392393269115,0.005066392393269115
4949,5,19,no,7,-0.041266251768823814,0.041266251768823814
6095,5,20,yes,6,0.03148339302609257,0.03148339302609257
4950,5,19,yes,10,0.057962400907772826,0.057962400907772826
6096,5,20,no,2,-0.010781711858831922,0.010781711858831922
4951,5,19,no,1,-0.005496366471083425,0.005496366471083425
6097,5,20,yes,4,0.0218437508442193,0.0218437508442193
6587,5,21,no,10,0.013224703704631954,0.013224703704631954
6098,5,20,no,7,-0.037479039618210835,0.037479039618210835
6588,5,21,yes,7,0.01140204108249901,0.01140204108249901
6099,5,20,yes,1,0.005139380401899957,0.005139380401899957
3963,5,18,yes,13,0.017435398043064765,0.017435398043064765
3964,5,18,yes,10,-0.01390002531345335,0.01390002531345335
3965,5,18,no,1,-0.0012083954815765574,0.0012083954815765574
4952,5,19,no,1,-0.005565672514303843,0.005565672514303843
6100,5,20,yes,1,0.005211931590258845,0.005211931590258845
4953,5,19,no,2,-0.011335714615182013,0.011335714615182013
4954,5,19,no,7,-0.041705939855877006,0.041705939855877006
6101,5,20,yes,1,0.005283976781832733,0.005283976781832733
6102,5,20,yes,1,0.005355445547161886,0.005355445547161886
6103,5,20,no,1,-0.005355445547161886,0.005355445547161886
2715,3,10,no,8,0.026424749214289722,0.026424749214289722
3966,5,18,no,1,-0.0011782316625165642,0.0011782316625165642
6104,5,20,yes,4,0.0218437508442193,0.0218437508442193
6105,5,20,no,19,-0.09339837826222167,0.09339837826222167
4955,5,19,no,8,-0.051045293630045174,0.051045293630045174
4956,5,19,no,1,0.006549739658341158,0.006549739658341158
4957,5,19,no,1,0.00650533374811868,0.00650533374811868
6589,5,21,no,2,-0.0034575733749280385,0.0034575733749280385
3967,5,18,no,9,-0.009354802050249973,0.009354802050249973
4958,5,19,yes,1,0.0064588943083874195,0.0064588943083874195
4959,5,19,no,12,0.07323726577107492,0.07323726577107492
6106,5,20,yes,1,0.004252962151704648,0.004252962151704648
6590,5,21,no,1,-0.0016671954327226735,0.0016671954327226735
6107,5,20,yes,1,0.004326632768974686,0.004326632768974686
4960,5,19,no,1,-0.0057680800157665635,0.0057680800157665635
6108,5,20,no,1,-0.004326632768974686,0.004326632768974686
6109,5,20,yes,3,0.013201732714363867,0.013201732714363867
3800,5,17,no,1,-0.0018795089279034921,0.0018795089279034921
6110,5,20,no,1,-0.004474578305496774,0.004474578305496774
6111,5,20,no,1,0.004474578305496774,0.004474578305496774
4961,5,19,yes,1,-0.005833461048261657,0.005833461048261657
4962,5,19,yes,1,-0.0058976716028927845,0.0058976716028927845
4963,5,19,yes,1,0.0058976716028927845,0.0058976716028927845
4964,5,19,no,1,-0.0058976716028927845,0.0058976716028927845
6112,5,20,yes,14,-0.05601257892753983,0.05601257892753983
6113,5,20,yes,8,0.030271858076002967,0.030271858076002967
4965,5,19,yes,1,0.0058976716028927845,0.0058976716028927845
6114,5,20,no,13,0.05913897223621006,0.05913897223621006
3201,3,11,yes,4,-0.02713287520562846,0.02713287520562846
6115,5,20,yes,1,0.005066392393269115,0.005066392393269115
6116,5,20,yes,1,0.005139380401899957,0.005139380401899957
4966,5,19,yes,4,0.022937255679210233,0.022937255679210233
6117,5,20,yes,1,0.005211931590258845,0.005211931590258845
3801,5,17,no,1,-0.0018353517880112385,0.0018353517880112385
3802,5,17,no,9,-0.01466953167294105,0.01466953167294105
6118,5,20,no,20,-0.09025942436779849,0.09025942436779849
4967,5,19,yes,1,-0.005634110153561744,0.005634110153561744
6119,5,20,yes,13,0.055312424022983114,0.055312424022983114
3803,5,17,yes,1,0.0014754412634813557,0.0014754412634813557
4968,5,19,no,1,-0.005701604461620269,0.005701604461620269
6120,5,20,yes,3,0.014536260571609116,0.014536260571609116
6121,5,20,yes,10,0.05317257755281993,0.05317257755281993
3202,3,11,yes,3,0.020393705576516652,0.020393705576516652
4969,5,19,yes,2,-0.01160154106402822,0.01160154106402822
4970,5,19,no,1,-0.0058976716028927845,0.0058976716028927845
6122,5,20,no,9,-0.04817954216504158,0.04817954216504158
3203,3,11,no,1,-0.006770152846514388,0.006770152846514388
6123,5,20,yes,1,0.005066392393269115,0.005066392393269115
6591,5,21,yes,9,0.016543792918672834,0.016543792918672834
3204,3,11,yes,1,0.006770152846514388,0.006770152846514388
6592,5,21,yes,16,0.039357155407503314,0.039357155407503314
3804,5,17,no,1,-0.0014754412634813557,0.0014754412634813557
6593,5,21,no,1,-0.002885778044461579,0.002885778044461579
4971,5,19,no,2,0.011731132651154441,0.011731132651154441
6594,5,21,no,1,-0.0028249181734272544,0.0028249181734272544
6124,5,20,no,1,-0.005066392393269115,0.005066392393269115
6125,5,20,yes,1,0.005066392393269115,0.005066392393269115
6126,5,20,yes,1,0.005139380401899957,0.005139380401899957
6595,5,21,no,1,-0.002764907831860508,0.002764907831860508
3205,3,11,yes,3,-0.020393705576516652,0.020393705576516652
3805,5,17,no,7,-0.009362635297057477,0.009362635297057477
6596,5,21,no,1,-0.0027057566289490215,0.0027057566289490215
6597,5,21,no,1,-0.002647472861640701,0.002647472861640701
6598,5,21,no,1,-0.0025900635645267206,0.0025900635645267206
3806,5,17,no,8,-0.008859737516424805,0.008859737516424805
6599,5,21,no,1,-0.002533534559738787,0.002533534559738787
3206,3,11,no,1,0.0068248316823924515,0.0068248316823924515
6127,5,20,no,6,-0.029735068754556532,0.029735068754556532
3968,5,18,yes,1,0.0009358963557673378,0.0009358963557673378
6128,5,20,yes,7,-0.031323650291354255,0.031323650291354255
4972,5,19,yes,1,0.0057680800157665635,0.0057680800157665635
6129,5,20,yes,1,0.004252962151704648,0.004252962151704648
4973,5,19,no,5,-0.02948212585404264,0.02948212585404264
6130,5,20,no,11,0.05166637649230618,0.05166637649230618
6131,5,20,no,6,-0.02929290989964456,0.02929290989964456
6132,5,20,yes,1,0.004697221546987984,0.004697221546987984
6133,5,20,no,11,0.0565090554565634,0.0565090554565634
6134,5,20,yes,1,-0.005496366471083369,0.005496366471083369
3207,3,11,no,1,0.0067987210476098126,0.0067987210476098126
6600,5,21,yes,6,-0.014063845559578764,0.014063845559578764
3807,5,17,yes,1,0.0010110847812301663,0.0010110847812301663
6601,5,21,yes,1,-0.0021627369816222125,0.0021627369816222125
6602,5,21,yes,1,0.0021627369816222125,0.0021627369816222125
4974,5,19,yes,1,0.006022277489922678,0.006022277489922678
6135,5,20,yes,1,-0.005426266311670036,0.005426266311670036
6136,5,20,yes,6,0.033592099928005825,0.033592099928005825
3208,3,11,yes,3,0.020215139710716423,0.020215139710716423
6137,5,20,no,9,-0.04944345384725929,0.04944345384725929
4975,5,19,no,10,-0.06274164546346106,0.06274164546346106
4976,5,19,yes,10,0.06274164546346106,0.06274164546346106
3969,5,18,yes,1,0.0009603681248038787,0.0009603681248038787
6138,5,20,yes,1,0.005211931590258845,0.005211931590258845
4977,5,19,no,1,0.005960635697198957,0.005960635697198957
3970,5,18,yes,1,0.0009854271973470732,0.0009854271973470732
6139,5,20,no,1,0.005283976781832733,0.005283976781832733
6140,5,20,no,1,-0.005283976781832733,0.005283976781832733
6141,5,20,no,3,-0.015417704385427916,0.015417704385427916
3209,3,11,no,1,0.0066701446519749075,0.0066701446519749075
4978,5,19,no,2,-0.011982913187121635,0.011982913187121635
6142,5,20,no,12,0.06548268769069018,0.06548268769069018
6143,5,20,yes,19,-0.09888093907536338,0.09888093907536338
6144,5,20,yes,14,0.07037801088184914,0.07037801088184914
6603,5,21,yes,6,-0.012252992251466685,0.012252992251466685
3808,5,17,yes,4,0.004313280005583224,0.004313280005583224
4979,5,19,yes,1,0.006022277489922678,0.006022277489922678
4980,5,19,no,1,-0.006022277489922678,0.006022277489922678
4981,5,19,yes,3,0.01788058479001442,0.01788058479001442
3809,5,17,yes,1,0.0011487455855182932,0.0011487455855182932
6145,5,20,no,11,-0.0565090554565634,0.0565090554565634
6146,5,20,yes,8,-0.03550320857815875,0.03550320857815875
6604,5,21,yes,8,0.01673024372711772,0.01673024372711772
4982,5,19,no,8,-0.04886506410166269,0.04886506410166269
6147,5,20,yes,2,0.008432520438509145,0.008432520438509145
6148,5,20,no,8,0.036687572947950664,0.036687572947950664
6149,5,20,no,7,-0.03236094017897598,0.03236094017897598
6150,5,20,yes,1,-0.004326632768974686,0.004326632768974686
6151,5,20,no,2,-0.008432520438509145,0.008432520438509145
6152,5,20,no,8,0.03550320857815875,0.03550320857815875
6153,5,20,no,13,0.06770883812442904,0.06770883812442904
4983,5,19,no,1,0.006308029388134018,0.006308029388134018
4984,5,19,no,5,0.030698727413436933,0.030698727413436933
6154,5,20,yes,1,0.005701604461620324,0.005701604461620324
4985,5,19,no,19,-0.12302447577951758,0.12302447577951758
4986,5,19,no,1,0.0068248316823924515,0.0068248316823924515
4987,5,19,yes,3,0.020308043523236008,0.020308043523236008
6155,5,20,no,6,-0.03317946545940126,0.03317946545940126
4988,5,19,yes,14,0.08986932308396645,0.08986932308396645
4989,5,19,yes,6,0.03518373031566291,0.03518373031566291
4990,5,19,no,4,0.022122415450619104,0.022122415450619104
4991,5,19,no,6,-0.033592099928005936,0.033592099928005936
6605,5,21,yes,3,-0.0066399884572732465,0.0066399884572732465
3810,5,17,yes,1,0.0011782316625165642,0.0011782316625165642
6156,5,20,yes,9,0.05067867812632215,0.05067867812632215
4992,5,19,yes,16,-0.10020740703517739,0.10020740703517739
4993,5,19,yes,1,0.006632203865068909,0.006632203865068909
6157,5,20,no,1,-0.005897671602892618,0.005897671602892618
3811,5,17,no,16,0.0234485131246144,0.0234485131246144
6158,5,20,yes,1,0.005897671602892618,0.005897671602892618
4994,5,19,yes,1,0.006592049699952862,0.006592049699952862
6159,5,20,no,1,-0.005897671602892618,0.005897671602892618
4995,5,19,no,1,0.006549739658341158,0.006549739658341158
3210,3,11,no,1,-0.0066701446519749075,0.0066701446519749075
4996,5,19,yes,1,0.00650533374811868,0.00650533374811868
4997,5,19,no,1,-0.00650533374811868,0.00650533374811868
4998,5,19,yes,1,0.00650533374811868,0.00650533374811868
6606,5,21,no,1,-0.0021133306609868174,0.0021133306609868174
6160,5,20,no,5,-0.028502928193514243,0.028502928193514243
3211,3,11,no,1,0.0066701446519749075,0.0066701446519749075
4999,5,19,yes,5,0.03179170381584395,0.03179170381584395
6607,5,21,no,8,0.018339913202187794,0.018339913202187794
5000,5,19,no,3,-0.018922323677086128,0.018922323677086128
5001,5,19,no,15,0.0892245335412738,0.0892245335412738
6608,5,21,yes,1,-0.0024778905067136536,0.0024778905067136536
6609,5,21,yes,6,0.015719625953429392,0.015719625953429392
5002,5,19,yes,1,-0.005496366471083425,0.005496366471083425
5003,5,19,no,8,-0.046383512983528496,0.046383512983528496
5004,5,19,yes,7,0.04081784046922465,0.04081784046922465
3812,5,17,yes,6,0.011419024111022122,0.011419024111022122
6161,5,20,yes,15,0.09013865290056078,0.09013865290056078
5005,5,19,no,1,-0.005634110153561744,0.005634110153561744
5006,5,19,yes,1,0.005634110153561744,0.005634110153561744
3813,5,17,no,9,-0.016543792918672834,0.016543792918672834
3814,5,17,yes,1,0.0016671954327226735,0.0016671954327226735
5007,5,19,no,2,-0.011335714615182013,0.011335714615182013
6162,5,20,no,2,-0.012770660605383954,0.012770660605383954
6163,5,20,yes,1,-0.006308029388133907,0.006308029388133907
6164,5,20,no,1,-0.006254119513938561,0.006254119513938561
6165,5,20,no,1,-0.006198516407741439,0.006198516407741439
3815,5,17,no,10,-0.014969428728730819,0.014969428728730819
6166,5,20,yes,1,0.006198516407741439,0.006198516407741439
6610,5,21,yes,1,-0.002764907831860508,0.002764907831860508
5008,5,19,no,1,0.005701604461620269,0.005701604461620269
3816,5,17,no,9,-0.01062441613952498,0.01062441613952498
6167,5,20,no,1,-0.006198516407741439,0.006198516407741439
6168,5,20,yes,5,0.03153132591519786,0.03153132591519786
6169,5,20,no,1,-0.006410485830370238,0.006410485830370238
3817,5,17,yes,1,0.0010642405575949643,0.0010642405575949643
6170,5,20,no,8,-0.04932756727378368,0.04932756727378368
6611,5,21,yes,2,0.005589826005287762,0.005589826005287762
5009,5,19,yes,1,-0.005701604461620269,0.005701604461620269
5010,5,19,no,1,-0.0057680800157665635,0.0057680800157665635
3212,3,11,no,1,-0.0066701446519749075,0.0066701446519749075
6171,5,20,no,15,0.09514641903599785,0.09514641903599785
5011,5,19,yes,1,0.0057680800157665635,0.0057680800157665635
6612,5,21,yes,1,-0.0028249181734272544,0.0028249181734272544
5012,5,19,no,6,0.0331794654594012,0.0331794654594012
6172,5,20,yes,3,-0.019894398216996567,0.019894398216996567
5013,5,19,no,1,-0.00535544554716183,0.00535544554716183
5014,5,19,no,1,-0.0054262663116700915,0.0054262663116700915
5015,5,19,yes,1,0.0054262663116700915,0.0054262663116700915
6173,5,20,no,1,-0.006549739658341158,0.006549739658341158
3818,5,17,yes,12,0.015109695339608507,0.015109695339608507
5016,5,19,no,9,-0.051283868276359335,0.051283868276359335
6174,5,20,no,1,-0.00650533374811868,0.00650533374811868
6175,5,20,yes,6,-0.03799022022358539,0.03799022022358539
6176,5,20,no,1,-0.00614129254867346,0.00614129254867346
3819,5,17,no,1,-0.0014394566732602587,0.0014394566732602587
5017,5,19,no,1,0.005960635697198957,0.005960635697198957
6613,5,21,yes,14,0.045376879076686444,0.045376879076686444
5018,5,19,yes,2,0.011731132651154441,0.011731132651154441
6614,5,21,no,1,-0.0036768586438181428,0.0036768586438181428
6615,5,21,no,1,-0.003607097447810126,0.003607097447810126
6616,5,21,yes,5,0.01873876985455894,0.01873876985455894
5019,5,19,yes,11,-0.06746918575530836,0.06746918575530836
5020,5,19,no,1,-0.0064588943083874195,0.0064588943083874195
6617,5,21,no,1,-0.003889511089587072,0.003889511089587072
6177,5,20,no,7,-0.041266251768823814,0.041266251768823814
3820,5,17,no,1,-0.0014042374014612488,0.0014042374014612488
5021,5,19,no,1,0.0064588943083874195,0.0064588943083874195
5022,5,19,yes,1,0.006410485830370405,0.006410485830370405
5023,5,19,no,1,-0.006410485830370405,0.006410485830370405
3821,5,17,yes,7,0.01059640761305116,0.01059640761305116
6178,5,20,no,1,0.005701604461620324,0.005701604461620324
6618,5,21,yes,6,-0.021856657088381498,0.021856657088381498
5024,5,19,yes,1,0.006410485830370405,0.006410485830370405
6179,5,20,yes,14,-0.07341044258604937,0.07341044258604937
6619,5,21,no,1,-0.0034016150240174237,0.0034016150240174237
3822,5,17,no,6,-0.009192170211589912,0.009192170211589912
6180,5,20,no,8,-0.03550320857815875,0.03550320857815875
5025,5,19,yes,1,0.006360174775013605,0.006360174775013605
5026,5,19,yes,6,0.03700675680157095,0.03700675680157095
6620,5,21,yes,1,-0.003334478476924113,0.003334478476924113
3823,5,17,no,1,-0.0014042374014612488,0.0014042374014612488
3824,5,17,no,12,-0.014367593957530608,0.014367593957530608
5027,5,19,no,1,0.005960635697198957,0.005960635697198957
6181,5,20,yes,11,0.05003946914976787,0.05003946914976787
6182,5,20,no,11,-0.05003946914976787,0.05003946914976787
6183,5,20,yes,9,0.04027461501895252,0.04027461501895252
6621,5,21,yes,1,-0.0032680614992418033,0.0032680614992418033
6184,5,20,no,4,-0.018640361866079508,0.018640361866079508
5028,5,19,no,7,0.039896966267490286,0.039896966267490286
5029,5,19,yes,7,-0.039896966267490286,0.039896966267490286
5030,5,19,no,1,-0.005960635697198957,0.005960635697198957
5031,5,19,no,1,-0.006022277489922678,0.006022277489922678
6185,5,20,no,1,0.004548750366815624,0.004548750366815624
6186,5,20,no,8,0.03905527381302665,0.03905527381302665
6622,5,21,yes,1,0.0032680614992418033,0.0032680614992418033
6623,5,21,yes,1,-0.0032680614992418033,0.0032680614992418033
6187,5,20,yes,1,0.005211931590258845,0.005211931590258845
6188,5,20,yes,1,0.005283976781832733,0.005283976781832733
5032,5,19,no,1,-0.006082521453160905,0.006082521453160905
6189,5,20,yes,1,0.005355445547161886,0.005355445547161886
6624,5,21,yes,1,-0.003202385934887142,0.003202385934887142
6190,5,20,no,13,-0.06392995640459251,0.06392995640459251
6191,5,20,yes,1,0.004474578305496774,0.004474578305496774
5033,5,19,no,12,0.06874411276660475,0.06874411276660475
5034,5,19,yes,6,0.030614092318347108,0.030614092318347108
5035,5,19,no,1,-0.0049193757633081425,0.0049193757633081425
6625,5,21,no,1,-0.003137471938287534,0.003137471938287534
6192,5,20,no,12,-0.04886753072213232,0.04886753072213232
5036,5,19,no,15,-0.08233403037856013,0.08233403037856013
6193,5,20,yes,1,0.0036768586438181428,0.0036768586438181428
6194,5,20,yes,1,0.003747203480616801,0.003747203480616801
6195,5,20,no,2,0.00770761028231387,0.00770761028231387
6626,5,21,no,1,-0.0030733380175221314,0.0030733380175221314
6196,5,20,yes,1,0.003961402534739644,0.003961402534739644
5037,5,19,yes,1,0.005960635697198957,0.005960635697198957
6197,5,20,yes,5,0.02089935583525468,0.02089935583525468
6198,5,20,no,1,-0.004326632768974686,0.004326632768974686
6199,5,20,no,2,0.008727154408867094,0.008727154408867094
6200,5,20,no,1,0.004474578305496774,0.004474578305496774
6201,5,20,yes,1,0.004548750366815624,0.004548750366815624
6202,5,20,yes,1,0.004622983511482132,0.004622983511482132
5038,5,19,no,2,0.011731132651154441,0.011731132651154441
5039,5,19,no,1,-0.005833461048261657,0.005833461048261657
6627,5,21,yes,11,-0.029810934675887607,0.029810934675887607
3825,5,17,no,4,0.004313280005583224,0.004313280005583224
5040,5,19,yes,2,0.01160154106402822,0.01160154106402822
6628,5,21,no,1,-0.0023692703768096873,0.0023692703768096873
3971,5,18,yes,9,0.010098985833437324,0.010098985833437324
5041,5,19,yes,4,0.02239775360056928,0.02239775360056928
5042,5,19,no,1,-0.005496366471083425,0.005496366471083425
3972,5,18,no,1,-0.0012392483170125188,0.0012392483170125188
5043,5,19,no,1,0.005496366471083425,0.005496366471083425
5044,5,19,no,1,-0.005496366471083425,0.005496366471083425
6203,5,20,yes,1,0.004697221546987984,0.004697221546987984
5045,5,19,yes,1,-0.005565672514303843,0.005565672514303843
6204,5,20,yes,5,0.024595688352656575,0.024595688352656575
5046,5,19,yes,3,-0.017103794630948577,0.017103794630948577
3826,5,17,no,14,-0.013339021379586539,0.013339021379586539
5047,5,19,yes,5,-0.02979656729143698,0.02979656729143698
6629,5,21,yes,15,0.0415934009433941,0.0415934009433941
5048,5,19,no,2,-0.012339808956414844,0.012339808956414844
6205,5,20,yes,4,0.02099073432115342,0.02099073432115342
5049,5,19,no,1,-0.006254119513938505,0.006254119513938505
6630,5,21,no,1,0.0032680614992418033,0.0032680614992418033
6206,5,20,no,2,-0.010639422328994619,0.010639422328994619
6631,5,21,no,1,-0.0032680614992418033,0.0032680614992418033
5050,5,19,no,1,0.006254119513938505,0.006254119513938505
6207,5,20,no,8,-0.03964422189180336,0.03964422189180336
6208,5,20,no,1,0.004697221546987984,0.004697221546987984
6209,5,20,yes,2,0.009616884808301057,0.009616884808301057
6210,5,20,yes,1,-0.004845478367507289,0.004845478367507289
6211,5,20,yes,1,-0.004771406440793768,0.004771406440793768
6212,5,20,no,1,0.004771406440793768,0.004771406440793768
6632,5,21,yes,10,-0.029199506983915435,0.029199506983915435
3973,5,18,no,1,-0.0012083954815765574,0.0012083954815765574
6213,5,20,yes,1,0.004845478367507289,0.004845478367507289
6214,5,20,yes,7,-0.03236094017897598,0.03236094017897598
6633,5,21,no,1,-0.0025900635645267206,0.0025900635645267206
6215,5,20,yes,13,0.06297503249732303,0.06297503249732303
6216,5,20,no,3,-0.015635288773991535,0.015635288773991535
6217,5,20,no,11,-0.05166637649230618,0.05166637649230618
6218,5,20,yes,1,0.004326632768974686,0.004326632768974686
6219,5,20,yes,1,0.004400521639892407,0.004400521639892407
6220,5,20,yes,13,0.06392995640459251,0.06392995640459251
5051,5,19,no,5,0.030405243596697384,0.030405243596697384
3974,5,18,no,12,-0.012333704664885911,0.012333704664885911
5052,5,19,no,17,0.09090965525297023,0.09090965525297023
5053,5,19,no,4,-0.01952929595938735,0.01952929595938735
5054,5,19,no,1,-0.005066392393269226,0.005066392393269226
5055,5,19,no,14,-0.0782968800874353,0.0782968800874353
3827,5,17,no,1,0.0008007802138383577,0.0008007802138383577
3828,5,17,yes,1,0.0008219595267588975,0.0008219595267588975
3975,5,18,yes,1,0.0008886702091033122,0.0008886702091033122
6221,5,20,no,4,-0.02099073432115342,0.02099073432115342
6222,5,20,yes,1,0.005139380401899957,0.005139380401899957
5056,5,19,yes,1,0.006022277489922678,0.006022277489922678
6223,5,20,yes,1,0.005211931590258845,0.005211931590258845
6224,5,20,yes,5,0.027127727626052034,0.027127727626052034
3829,5,17,no,1,0.0008436604672766614,0.0008436604672766614
6225,5,20,yes,11,0.06549429039273891,0.06549429039273891
5057,5,19,no,1,0.005960635697198957,0.005960635697198957
6634,5,21,yes,1,-0.002533534559738787,0.002533534559738787
5058,5,19,yes,1,0.0058976716028927845,0.0058976716028927845
6226,5,20,no,4,-0.02467644992351442,0.02467644992351442
5059,5,19,no,13,-0.08114969242189396,0.08114969242189396
6227,5,20,no,2,-0.011982913187121635,0.011982913187121635
3830,5,17,no,8,0.007596693301178042,0.007596693301178042
6228,5,20,yes,10,-0.055962654908154885,0.055962654908154885
5060,5,19,yes,1,0.006549739658341158,0.006549739658341158
5061,5,19,yes,1,0.00650533374811868,0.00650533374811868
5062,5,19,yes,9,0.05623631171534238,0.05623631171534238
5063,5,19,no,8,-0.04977741740695496,0.04977741740695496
5064,5,19,no,7,0.04375513991703228,0.04375513991703228
6229,5,20,no,1,-0.005211931590258845,0.005211931590258845
6635,5,21,no,1,0.002533534559738787,0.002533534559738787
5065,5,19,no,4,0.023714045838276077,0.023714045838276077
5066,5,19,yes,1,0.0057680800157665635,0.0057680800157665635
6230,5,20,no,8,-0.03905527381302665,0.03905527381302665
6231,5,20,yes,1,-0.004548750366815624,0.004548750366815624
6232,5,20,no,17,-0.06621811999429361,0.06621811999429361
6233,5,20,yes,1,0.003334478476924113,0.003334478476924113
6234,5,20,yes,5,0.017692969439055323,0.017692969439055323
6235,5,20,yes,1,0.003747203480616801,0.003747203480616801
5067,5,19,no,8,-0.04790445626361839,0.04790445626361839
6236,5,20,yes,1,0.003818099192726798,0.003818099192726798
6237,5,20,yes,1,0.003889511089587072,0.003889511089587072
6238,5,20,yes,1,0.003961402534739644,0.003961402534739644
5068,5,19,yes,6,0.03630291519959017,0.03630291519959017
6239,5,20,yes,6,0.025299877475147087,0.025299877475147087
6240,5,20,no,2,0.009023328672312397,0.009023328672312397
5069,5,19,yes,2,-0.011858307300091742,0.011858307300091742
6241,5,20,yes,1,0.004622983511482132,0.004622983511482132
3831,5,17,yes,13,0.01617393589720347,0.01617393589720347
6636,5,21,yes,1,-0.002533534559738787,0.002533534559738787
5070,5,19,yes,5,0.02916145282574023,0.02916145282574023
5071,5,19,yes,1,-0.005701604461620269,0.005701604461620269
6242,5,20,yes,13,0.0667719495178554,0.0667719495178554
6243,5,20,yes,7,0.04081784046922449,0.04081784046922449
6244,5,20,no,1,-0.006022277489922567,0.006022277489922567
5072,5,19,no,1,-0.0057680800157665635,0.0057680800157665635
6245,5,20,no,1,-0.005960635697199068,0.005960635697199068
6246,5,20,yes,1,-0.005897671602892618,0.005897671602892618
5073,5,19,no,1,0.0057680800157665635,0.0057680800157665635
5074,5,19,yes,12,-0.07323726577107492,0.07323726577107492
5075,5,19,no,1,0.006410485830370405,0.006410485830370405
6247,5,20,no,1,-0.005833461048261823,0.005833461048261823
3832,5,17,no,1,-0.0014394566732602587,0.0014394566732602587
6248,5,20,yes,1,-0.0057680800157664525,0.0057680800157664525
6249,5,20,yes,1,-0.005701604461620324,0.005701604461620324
5076,5,19,yes,5,0.03126213263350097,0.03126213263350097
5077,5,19,yes,1,0.006082521453160905,0.006082521453160905
6637,5,21,yes,1,-0.0024778905067136536,0.0024778905067136536
6250,5,20,no,10,-0.05317257755281993,0.05317257755281993
3833,5,17,no,1,0.0014394566732602587,0.0014394566732602587
6251,5,20,yes,5,-0.023856465630079232,0.023856465630079232
3834,5,17,yes,3,0.004537390016395873,0.004537390016395873
3835,5,17,no,1,-0.0015497472996397268,0.0015497472996397268
6638,5,21,yes,2,0.005011425066452441,0.005011425066452441
6252,5,20,yes,16,0.08273064764451948,0.08273064764451948
6253,5,20,no,1,-0.005701604461620324,0.005701604461620324
5078,5,19,no,2,-0.012223814001834366,0.012223814001834366
6254,5,20,no,10,-0.05317257755281993,0.05317257755281993
6639,5,21,yes,1,0.0025900635645267206,0.0025900635645267206
5079,5,19,yes,1,0.00614129254867346,0.00614129254867346
6255,5,20,yes,1,-0.004919375763308059,0.004919375763308059
5080,5,19,no,1,0.006082521453160905,0.006082521453160905
6640,5,21,no,1,-0.0025900635645267206,0.0025900635645267206
6641,5,21,yes,1,-0.002533534559738787,0.002533534559738787
6642,5,21,yes,4,-0.00958659408392773,0.00958659408392773
6643,5,21,yes,12,0.03148650222235676,0.03148650222235676
3836,5,17,yes,1,0.0015497472996397268,0.0015497472996397268
6256,5,20,no,1,-0.004845478367507289,0.004845478367507289
3837,5,17,no,1,-0.0015497472996397268,0.0015497472996397268
6257,5,20,yes,1,0.004845478367507289,0.004845478367507289
5081,5,19,no,6,0.03518373031566291,0.03518373031566291
5082,5,19,yes,2,-0.011469684477386832,0.011469684477386832
6258,5,20,yes,4,-0.018937089866771173,0.018937089866771173
5083,5,19,no,15,-0.09357520317010848,0.09357520317010848
6644,5,21,yes,7,0.022427351969935255,0.022427351969935255
5084,5,19,yes,9,0.057637343329998036,0.057637343329998036
6645,5,21,yes,2,-0.006736093500941537,0.006736093500941537
6259,5,20,yes,7,0.03391589341112669,0.03391589341112669
6646,5,21,no,1,0.003334478476924113,0.003334478476924113
6647,5,21,yes,6,-0.01902573694591783,0.01902573694591783
3838,5,17,no,1,-0.0015122014532747904,0.0015122014532747904
6260,5,20,no,6,-0.02929290989964456,0.02929290989964456
6261,5,20,yes,1,0.004697221546987984,0.004697221546987984
5085,5,19,yes,2,0.012223814001834366,0.012223814001834366
5086,5,19,no,2,-0.012223814001834366,0.012223814001834366
6648,5,21,no,1,-0.0029474764738244563,0.0029474764738244563
3839,5,17,no,1,-0.0014754412634813557,0.0014754412634813557
5087,5,19,yes,1,0.00614129254867346,0.00614129254867346
3840,5,17,no,1,-0.0014394566732602587,0.0014394566732602587
5088,5,19,yes,1,0.006082521453160905,0.006082521453160905
3976,5,18,yes,1,0.0009120007430160615,0.0009120007430160615
3841,5,17,no,1,-0.0014042374014612488,0.0014042374014612488
3842,5,17,no,1,-0.0013697729675739914,0.0013697729675739914
5089,5,19,no,1,0.006022277489922678,0.006022277489922678
6649,5,21,yes,1,-0.002885778044461579,0.002885778044461579
6262,5,20,yes,1,0.004771406440793768,0.004771406440793768
3843,5,17,no,1,-0.0013360527153829932,0.0013360527153829932
6650,5,21,yes,1,-0.0028249181734272544,0.0028249181734272544
6263,5,20,yes,12,-0.05237622018146301,0.05237622018146301
6264,5,20,yes,1,0.003961402534739644,0.003961402534739644
6265,5,20,no,1,0.004033734929106997,0.004033734929106997
6266,5,20,yes,11,0.04922656108512366,0.04922656108512366
6267,5,20,no,4,-0.018937089866771173,0.018937089866771173
5090,5,19,no,1,-0.006022277489922678,0.006022277489922678
5091,5,19,yes,8,-0.0502140342254197,0.0502140342254197
5092,5,19,yes,1,0.0064588943083874195,0.0064588943083874195
5093,5,19,yes,1,0.006410485830370405,0.006410485830370405
3844,5,17,no,1,-0.0013030658355085226,0.0013030658355085226
3845,5,17,yes,15,0.023357469054139303,0.023357469054139303
3846,5,17,no,1,-0.0018353517880112385,0.0018353517880112385
5094,5,19,yes,1,0.006360174775013605,0.006360174775013605
5095,5,19,yes,1,0.006308029388134018,0.006308029388134018
3847,5,17,no,1,-0.0017920493269606846,0.0017920493269606846
5096,5,19,yes,1,0.006254119513938505,0.006254119513938505
6268,5,20,yes,13,0.06582926051503352,0.06582926051503352
6269,5,20,no,5,-0.02677398670200687,0.02677398670200687
3848,5,17,no,4,-0.006752003720108861,0.006752003720108861
3849,5,17,no,9,-0.012978064219058519,0.012978064219058519
6651,5,21,yes,1,0.0028249181734272544,0.0028249181734272544
6270,5,20,yes,1,0.005211931590258845,0.005211931590258845
5097,5,19,no,5,-0.03179170381584395,0.03179170381584395
5098,5,19,yes,12,0.07392808006369578,0.07392808006369578
6271,5,20,yes,18,0.10529022218193856,0.10529022218193856
6272,5,20,no,9,-0.0552252388766763,0.0552252388766763
6273,5,20,no,1,-0.005833461048261823,0.005833461048261823
5099,5,19,no,1,0.0057680800157665635,0.0057680800157665635
6274,5,20,no,13,-0.06956163779351476,0.06956163779351476
6275,5,20,no,14,-0.06111120963855737,0.06111120963855737
6276,5,20,yes,1,0.003889511089587072,0.003889511089587072
6277,5,20,yes,5,0.020534125601019637,0.020534125601019637
6278,5,20,yes,1,0.004326632768974686,0.004326632768974686
6279,5,20,yes,1,0.004400521639892407,0.004400521639892407
6652,5,21,yes,6,0.01825645148803795,0.01825645148803795
6280,5,20,yes,7,-0.02926128000988673,0.02926128000988673
5100,5,19,no,3,0.016901387129485856,0.016901387129485856
5101,5,19,no,7,-0.04036123549360582,0.04036123549360582
6281,5,20,yes,10,0.04290759219368126,0.04290759219368126
5102,5,19,no,1,0.005960635697198957,0.005960635697198957
5103,5,19,no,1,-0.005960635697198957,0.005960635697198957
3850,5,17,yes,1,-0.0012708013868579435,0.0012708013868579435
5104,5,19,no,8,-0.04977741740695496,0.04977741740695496
6653,5,21,yes,1,-0.003202385934887142,0.003202385934887142
5105,5,19,no,2,0.01277066060538401,0.01277066060538401
5106,5,19,no,2,0.012562148902072523,0.012562148902072523
6282,5,20,yes,9,0.044928198673636094,0.044928198673636094
3851,5,17,no,1,-0.0012392483170125188,0.0012392483170125188
6654,5,21,yes,1,0.003202385934887142,0.003202385934887142
3852,5,17,no,1,-0.0012083954815765574,0.0012083954815765574
6283,5,20,no,1,-0.005283976781832733,0.005283976781832733
5107,5,19,no,1,-0.006254119513938505,0.006254119513938505
3853,5,17,no,1,-0.0011782316625165642,0.0011782316625165642
3854,5,17,no,1,-0.0011487455855182932,0.0011487455855182932
5108,5,19,yes,2,0.012452635921679889,0.012452635921679889
5109,5,19,yes,1,0.00614129254867346,0.00614129254867346
6655,5,21,yes,1,-0.003202385934887142,0.003202385934887142
5110,5,19,yes,1,0.006082521453160905,0.006082521453160905
6656,5,21,no,1,0.003202385934887142,0.003202385934887142
6657,5,21,no,1,-0.003202385934887142,0.003202385934887142
5111,5,19,yes,1,0.006022277489922678,0.006022277489922678
6284,5,20,no,15,-0.07045020892297413,0.07045020892297413
5112,5,19,no,1,0.005960635697198957,0.005960635697198957
6285,5,20,yes,19,0.09201226403472215,0.09201226403472215
6286,5,20,yes,1,-0.005496366471083369,0.005496366471083369
5113,5,19,yes,9,-0.05573805310415392,0.05573805310415392
6287,5,20,no,11,-0.055709910532468015,0.055709910532468015
6288,5,20,no,1,-0.004622983511482132,0.004622983511482132
6289,5,20,yes,12,-0.0497394224451298,0.0497394224451298
6658,5,21,no,10,-0.028587184613555014,0.028587184613555014
6290,5,20,yes,4,0.015416216297670315,0.015416216297670315
6291,5,20,yes,2,0.008140202627770848,0.008140202627770848
6292,5,20,no,1,0.004179558286804497,0.004179558286804497
5114,5,19,yes,1,0.006410485830370405,0.006410485830370405
6659,5,21,yes,1,0.0025900635645267206,0.0025900635645267206
5115,5,19,no,1,0.006360174775013605,0.006360174775013605
3977,5,18,yes,6,0.005994369151792064,0.005994369151792064
5116,5,19,yes,10,0.06046660516569091,0.06046660516569091
5117,5,19,yes,11,0.05887418201444017,0.05887418201444017
6293,5,20,yes,8,0.03609505673214802,0.03609505673214802
6660,5,21,no,1,-0.0025900635645267206,0.0025900635645267206
5118,5,19,no,9,-0.047538467399258155,0.047538467399258155
5119,5,19,yes,1,-0.005634110153561744,0.005634110153561744
5120,5,19,no,1,-0.005701604461620269,0.005701604461620269
6294,5,20,yes,14,-0.06008383046377688,0.06008383046377688
6295,5,20,yes,1,0.003818099192726798,0.003818099192726798
6296,5,20,yes,7,-0.025258272112398922,0.025258272112398922
6661,5,21,yes,7,0.01936637357869024,0.01936637357869024
6662,5,21,yes,6,-0.01677631001416352,0.01677631001416352
6297,5,20,no,5,0.017692969439055323,0.017692969439055323
3855,5,17,no,1,-0.0011199259363911113,0.0011199259363911113
6298,5,20,yes,1,0.003747203480616801,0.003747203480616801
6299,5,20,yes,3,0.011669012817053515,0.011669012817053515
5121,5,19,no,11,-0.06682677994070452,0.06682677994070452
6300,5,20,no,5,0.02089935583525468,0.02089935583525468
5122,5,19,yes,1,0.006360174775013605,0.006360174775013605
6301,5,20,yes,1,-0.004326632768974686,0.004326632768974686
5123,5,19,yes,1,0.006308029388134018,0.006308029388134018
5124,5,19,no,2,0.012452635921679889,0.012452635921679889
6663,5,21,yes,1,0.002647472861640701,0.002647472861640701
5125,5,19,no,1,-0.0061985164077413835,0.0061985164077413835
6302,5,20,yes,1,0.004326632768974686,0.004326632768974686
6303,5,20,no,7,-0.028750269459581396,0.028750269459581396
6304,5,20,no,1,0.003889511089587072,0.003889511089587072
6305,5,20,yes,1,0.003961402534739644,0.003961402534739644
6306,5,20,yes,6,0.025299877475147087,0.025299877475147087
6664,5,21,yes,5,-0.01267209644430968,0.01267209644430968
5126,5,19,yes,1,0.0061985164077413835,0.0061985164077413835
5127,5,19,no,1,0.00614129254867346,0.00614129254867346
6665,5,21,yes,9,0.023853457123008043,0.023853457123008043
6666,5,21,yes,13,0.04341338633941441,0.04341338633941441
6667,5,21,yes,6,-0.021440172919672124,0.021440172919672124
5128,5,19,yes,1,0.006082521453160905,0.006082521453160905
6668,5,21,yes,2,-0.0066025399761659165,0.0066025399761659165
6669,5,21,no,2,-0.006339857873174676,0.006339857873174676
3856,5,17,no,8,-0.00799813127135663,0.00799813127135663
6307,5,20,no,1,-0.004400521639892407,0.004400521639892407
6670,5,21,yes,10,0.034382570769012716,0.034382570769012716
6671,5,21,no,2,-0.007424062124434944,0.007424062124434944
6672,5,21,no,8,0.0314128358560638,0.0314128358560638
6673,5,21,yes,12,-0.04542894665130098,0.04542894665130098
3857,5,17,yes,1,0.0009120007430160615,0.0009120007430160615
5129,5,19,yes,1,0.006022277489922678,0.006022277489922678
5130,5,19,no,13,-0.08251563868682399,0.08251563868682399
5131,5,19,yes,8,0.051816911273387056,0.051816911273387056
5132,5,19,no,1,-0.006308029388134018,0.006308029388134018
5133,5,19,yes,10,0.06046660516569091,0.06046660516569091
6308,5,20,no,12,-0.04713747898215065,0.04713747898215065
6674,5,21,no,1,-0.003334478476924113,0.003334478476924113
3978,5,18,yes,1,0.0010917613765485043,0.0010917613765485043
6309,5,20,yes,10,0.038557884061471315,0.038557884061471315
5134,5,19,yes,4,-0.023459848364119962,0.023459848364119962
6675,5,21,yes,4,-0.01268125738993861,0.01268125738993861
6676,5,21,no,7,-0.019786311093218628,0.019786311093218628
5135,5,19,no,3,0.0176917683483534,0.0176917683483534
6310,5,20,yes,10,-0.038557884061471315,0.038557884061471315
5136,5,19,yes,14,-0.08698315347015562,0.08698315347015562
6311,5,20,yes,1,0.0035379507575973856,0.0035379507575973856
5137,5,19,yes,3,0.019513967714847258,0.019513967714847258
5138,5,19,yes,1,0.006410485830370405,0.006410485830370405
5139,5,19,no,6,0.03734465408666188,0.03734465408666188
6677,5,21,yes,1,0.002647472861640701,0.002647472861640701
6312,5,20,yes,2,0.007283956091628269,0.007283956091628269
6313,5,20,yes,1,0.003747203480616801,0.003747203480616801
6314,5,20,yes,1,-0.003747203480616801,0.003747203480616801
6315,5,20,no,13,-0.04255196090325919,0.04255196090325919
3979,5,18,no,1,-0.0010917613765485043,0.0010917613765485043
6316,5,20,yes,4,0.011916593614863275,0.011916593614863275
5140,5,19,yes,1,0.006022277489922678,0.006022277489922678
5141,5,19,yes,1,-0.006022277489922678,0.006022277489922678
6317,5,20,yes,1,0.003137471938287534,0.003137471938287534
6318,5,20,yes,15,0.05523387256235404,0.05523387256235404
6678,5,21,yes,2,0.0054706644608095295,0.0054706644608095295
5142,5,19,yes,1,-0.006082521453160905,0.006082521453160905
5143,5,19,yes,4,0.023963106243175325,0.023963106243175325
6679,5,21,yes,5,0.014741511788290529,0.014741511788290529
5144,5,19,no,4,-0.023963106243175325,0.023963106243175325
6680,5,21,yes,1,-0.0030733380175221314,0.0030733380175221314
5145,5,19,yes,1,0.006082521453160905,0.006082521453160905
6681,5,21,yes,1,0.0030733380175221314,0.0030733380175221314
5146,5,19,yes,1,-0.006082521453160905,0.006082521453160905
6682,5,21,no,1,-0.0030733380175221314,0.0030733380175221314
5147,5,19,no,15,0.0843794015405962,0.0843794015405962
6319,5,20,yes,4,0.017454694866068515,0.017454694866068515
5148,5,19,no,1,-0.0051393804018998734,0.0051393804018998734
5149,5,19,yes,1,0.0051393804018998734,0.0051393804018998734
5150,5,19,yes,2,-0.010351311992158774,0.010351311992158774
5151,5,19,no,2,0.010351311992158774,0.010351311992158774
5152,5,19,yes,13,-0.07227460259751262,0.07227460259751262
5153,5,19,yes,1,0.005960635697198957,0.005960635697198957
6320,5,20,no,1,0.004548750366815624,0.004548750366815624
5154,5,19,no,4,0.023200817128541273,0.023200817128541273
6321,5,20,no,1,0.004622983511482132,0.004622983511482132
5155,5,19,yes,1,0.005634110153561744,0.005634110153561744
3980,5,18,yes,2,0.0022116873129396156,0.0022116873129396156
5156,5,19,yes,10,-0.0592401708788004,0.0592401708788004
5157,5,19,yes,1,0.0061985164077413835,0.0061985164077413835
5158,5,19,yes,1,0.00614129254867346,0.00614129254867346
5159,5,19,yes,1,-0.00614129254867346,0.00614129254867346
3981,5,18,yes,1,0.0011487455855182932,0.0011487455855182932
6322,5,20,yes,1,-0.004622983511482132,0.004622983511482132
6683,5,21,yes,1,-0.003010001079055108,0.003010001079055108
6323,5,20,no,1,-0.004548750366815624,0.004548750366815624
5160,5,19,yes,9,0.05304165447105902,0.05304165447105902
3858,5,17,yes,7,0.007086130528340569,0.007086130528340569
3859,5,17,yes,1,0.0011199259363911113,0.0011199259363911113
6684,5,21,no,3,-0.00865817269171329,0.00865817269171329
6685,5,21,yes,4,0.011668173770768397,0.011668173770768397
5161,5,19,yes,1,0.005565672514303843,0.005565672514303843
5162,5,19,no,8,-0.046383512983528496,0.046383512983528496
5163,5,19,yes,4,0.023714045838276077,0.023714045838276077
3982,5,18,no,1,-0.0011487455855182932,0.0011487455855182932
3860,5,17,yes,10,0.012898008026668892,0.012898008026668892
6686,5,21,yes,1,0.0030733380175221314,0.0030733380175221314
5164,5,19,no,1,0.0057680800157665635,0.0057680800157665635
6687,5,21,yes,1,0.003137471938287534,0.003137471938287534
5165,5,19,no,1,0.005701604461620269,0.005701604461620269
6324,5,20,yes,1,-0.004474578305496774,0.004474578305496774
6325,5,20,yes,1,0.004474578305496774,0.004474578305496774
6688,5,21,yes,1,-0.003137471938287534,0.003137471938287534
6326,5,20,no,7,-0.02977445578064386,0.02977445578064386
6689,5,21,yes,6,0.01981346043917026,0.01981346043917026
6327,5,20,yes,5,0.02089935583525468,0.02089935583525468
3861,5,17,no,6,-0.008123386980044958,0.008123386980044958
3862,5,17,no,9,-0.010098985833437324,0.010098985833437324
6690,5,21,yes,3,0.010821906849225654,0.010821906849225654
5166,5,19,no,1,0.005634110153561744,0.005634110153561744
6691,5,21,yes,1,0.003747203480616801,0.003747203480616801
3983,5,18,yes,1,-0.0011199259363911113,0.0011199259363911113
5167,5,19,yes,1,0.005565672514303843,0.005565672514303843
6692,5,21,yes,1,0.003818099192726798,0.003818099192726798
5168,5,19,no,1,-0.005565672514303843,0.005565672514303843
3984,5,18,yes,1,0.0011199259363911113,0.0011199259363911113
6328,5,20,no,1,0.004400521639892407,0.004400521639892407
6693,5,21,no,1,-0.003818099192726798,0.003818099192726798
6694,5,21,yes,1,-0.003747203480616801,0.003747203480616801
5169,5,19,yes,5,0.027127727626051867,0.027127727626051867
5170,5,19,yes,9,-0.0500649833052621,0.0500649833052621
6329,5,20,no,5,-0.02126614254604009,0.02126614254604009
3985,5,18,no,3,-0.00327592787053458,0.00327592787053458
6695,5,21,no,1,-0.0036768586438181428,0.0036768586438181428
5171,5,19,yes,3,-0.01788058479001442,0.01788058479001442
6330,5,20,yes,12,-0.04374546064199855,0.04374546064199855
5172,5,19,yes,1,0.006022277489922678,0.006022277489922678
6331,5,20,yes,1,0.0032680614992418033,0.0032680614992418033
5173,5,19,no,7,-0.043366931576584555,0.043366931576584555
6332,5,20,no,10,0.03644366421364975,0.03644366421364975
5174,5,19,yes,1,-0.006410485830370405,0.006410485830370405
6696,5,21,yes,1,-0.003607097447810126,0.003607097447810126
5175,5,19,yes,11,0.06746918575530836,0.06746918575530836
5176,5,19,yes,1,-0.005833461048261657,0.005833461048261657
5177,5,19,no,2,-0.011858307300091742,0.011858307300091742
5178,5,19,yes,5,0.02916145282574023,0.02916145282574023
5179,5,19,yes,5,-0.02916145282574023,0.02916145282574023
5180,5,19,yes,4,-0.024444607899498427,0.024444607899498427
6333,5,20,no,1,-0.003961402534739644,0.003961402534739644
5181,5,19,yes,13,0.07572847617585776,0.07572847617585776
6334,5,20,yes,1,0.003961402534739644,0.003961402534739644
5182,5,19,no,1,-0.0054262663116700915,0.0054262663116700915
5183,5,19,no,1,0.0054262663116700915,0.0054262663116700915
5184,5,19,yes,9,0.04558642267380986,0.04558642267380986
5185,5,19,yes,1,-0.004771406440793768,0.004771406440793768
5186,5,19,yes,1,0.004771406440793768,0.004771406440793768
5187,5,19,no,1,-0.004771406440793768,0.004771406440793768
5188,5,19,no,7,-0.03545957068585426,0.03545957068585426
3986,5,18,yes,20,0.027301823927597592,0.027301823927597592
5189,5,19,yes,6,0.030614092318347108,0.030614092318347108
5190,5,19,no,12,-0.06379355777774831,0.06379355777774831
3987,5,18,no,3,-0.005002409404522616,0.005002409404522616
5191,5,19,yes,1,-0.0057680800157665635,0.0057680800157665635
6335,5,20,yes,6,-0.022700172389298584,0.022700172389298584
3988,5,18,no,1,-0.001588088609475631,0.001588088609475631
6697,5,21,yes,1,-0.0035379507575973856,0.0035379507575973856
5192,5,19,no,5,0.028165833616335845,0.028165833616335845
6336,5,20,no,1,0.003607097447810126,0.003607097447810126
3989,5,18,yes,2,0.00321532352193378,0.00321532352193378
5193,5,19,no,1,-0.005496366471083425,0.005496366471083425
6337,5,20,no,4,0.015131672406748814,0.015131672406748814
3990,5,18,no,11,-0.01587610051837461,0.01587610051837461
5194,5,19,yes,2,0.010922632782753516,0.010922632782753516
3991,5,18,no,9,-0.010098985833437324,0.010098985833437324
6338,5,20,no,5,-0.01873876985455894,0.01873876985455894
6339,5,20,yes,12,0.04800004986444567,0.04800004986444567
3992,5,18,yes,1,0.0010110847812301663,0.0010110847812301663
5195,5,19,no,4,0.02099073432115328,0.02099073432115328
6340,5,20,yes,1,-0.004400521639892407,0.004400521639892407
5196,5,19,yes,1,0.005066392393269226,0.005066392393269226
5197,5,19,yes,14,-0.07734099499078184,0.07734099499078184
5198,5,19,yes,1,0.005960635697198957,0.005960635697198957
6698,5,21,yes,1,0.0035379507575973856,0.0035379507575973856
3863,5,17,yes,6,0.0064731103723316835,0.0064731103723316835
6699,5,21,yes,2,-0.00700739832340963,0.00700739832340963
6700,5,21,yes,1,-0.0034016150240174237,0.0034016150240174237
5199,5,19,yes,8,0.04532323257916038,0.04532323257916038
6341,5,20,yes,8,0.03728031594228404,0.03728031594228404
3864,5,17,yes,18,0.026418794114091648,0.026418794114091648
6342,5,20,no,6,-0.028405215996894856,0.028405215996894856
6701,5,21,yes,12,0.04542894665130098,0.04542894665130098
5200,5,19,no,1,-0.0054262663116700915,0.0054262663116700915
3993,5,18,yes,10,0.011661768274573624,0.011661768274573624
6702,5,21,yes,1,-0.004179558286804497,0.004179558286804497
6703,5,21,yes,1,-0.0041064676986638515,0.0041064676986638515
5201,5,19,no,3,-0.016696149138949012,0.016696149138949012
6343,5,20,yes,1,0.004548750366815624,0.004548750366815624
5202,5,19,no,1,0.005634110153561744,0.005634110153561744
5203,5,19,no,14,-0.08457298038625694,0.08457298038625694
6704,5,21,yes,1,0.0041064676986638515,0.0041064676986638515
5204,5,19,yes,1,0.006410485830370405,0.006410485830370405
6344,5,20,no,2,-0.009023328672312397,0.009023328672312397
6705,5,21,no,1,-0.0041064676986638515,0.0041064676986638515
3865,5,17,no,1,-0.0017920493269606846,0.0017920493269606846
5205,5,19,yes,1,0.006360174775013605,0.006360174775013605
6345,5,20,yes,1,0.004474578305496774,0.004474578305496774
5206,5,19,yes,1,0.006308029388134018,0.006308029388134018
3866,5,17,no,1,-0.0017495943155862448,0.0017495943155862448
5207,5,19,yes,6,0.03665936311063589,0.03665936311063589
5208,5,19,no,5,-0.030405243596697384,0.030405243596697384
3994,5,18,no,1,-0.0013030658355085226,0.0013030658355085226
3995,5,18,no,1,-0.0012708013868579435,0.0012708013868579435
5209,5,19,yes,1,0.0061985164077413835,0.0061985164077413835
6706,5,21,yes,1,-0.004033734929106997,0.004033734929106997
5210,5,19,yes,8,0.047407544317497274,0.047407544317497274
5211,5,19,no,9,0.04817954216504161,0.04817954216504161
5212,5,19,yes,13,-0.07138035929358288,0.07138035929358288
3996,5,18,no,12,-0.012980677511355614,0.012980677511355614
6707,5,21,no,1,-0.003961402534739644,0.003961402534739644
3867,5,17,no,1,-0.0017079790593417937,0.0017079790593417937
5213,5,19,no,8,-0.04932756727378351,0.04932756727378351
5214,5,19,yes,3,0.018922323677086128,0.018922323677086128
5215,5,19,yes,7,0.042136376247851826,0.042136376247851826
6346,5,20,no,1,-0.004474578305496774,0.004474578305496774
6708,5,21,yes,8,-0.029147783201985994,0.029147783201985994
5216,5,19,no,2,-0.011731132651154441,0.011731132651154441
6347,5,20,no,1,0.004474578305496774,0.004474578305496774
6348,5,20,no,1,0.004548750366815624,0.004548750366815624
5217,5,19,no,2,-0.011982913187121635,0.011982913187121635
6349,5,20,no,1,-0.004548750366815624,0.004548750366815624
6709,5,21,yes,1,-0.003334478476924113,0.003334478476924113
5218,5,19,no,7,-0.04375513991703228,0.04375513991703228
5219,5,19,no,1,0.006410485830370405,0.006410485830370405
6350,5,20,yes,1,-0.004474578305496774,0.004474578305496774
3868,5,17,yes,4,0.007084974489899962,0.007084974489899962
6351,5,20,no,1,-0.004400521639892407,0.004400521639892407
3869,5,17,no,1,-0.0018353517880112385,0.0018353517880112385
5220,5,19,yes,1,0.006360174775013605,0.006360174775013605
5221,5,19,yes,1,0.006308029388134018,0.006308029388134018
5222,5,19,yes,1,0.006254119513938505,0.006254119513938505
6710,5,21,yes,5,0.017350589272161293,0.017350589272161293
3870,5,17,no,1,-0.0017920493269606846,0.0017920493269606846
6352,5,20,yes,5,-0.02089935583525468,0.02089935583525468
5223,5,19,no,8,-0.05143882692225665,0.05143882692225665
5224,5,19,no,1,0.006592049699952862,0.006592049699952862
3871,5,17,no,1,-0.0017495943155862448,0.0017495943155862448
5225,5,19,no,2,-0.01322425356502177,0.01322425356502177
5226,5,19,yes,1,0.006632203865068909,0.006632203865068909
6711,5,21,yes,1,0.0036768586438181428,0.0036768586438181428
5227,5,19,yes,12,0.07588343482175508,0.07588343482175508
6353,5,20,yes,14,0.06317270716531706,0.06317270716531706
6354,5,20,no,12,-0.05503250453754621,0.05503250453754621
6712,5,21,yes,5,-0.017692969439055323,0.017692969439055323
6713,5,21,yes,10,0.037142920665832635,0.037142920665832635
5228,5,19,no,1,-0.006022277489922678,0.006022277489922678
5229,5,19,yes,1,0.006022277489922678,0.006022277489922678
6714,5,21,yes,2,0.008286025985468348,0.008286025985468348
6715,5,21,no,10,-0.038557884061471315,0.038557884061471315
5230,5,19,no,7,0.04036123549360582,0.04036123549360582
6716,5,21,yes,20,0.08441779492443469,0.08441779492443469
5231,5,19,yes,1,0.005496366471083425,0.005496366471083425
6717,5,21,no,2,-0.009764854130815348,0.009764854130815348
5232,5,19,yes,1,0.0054262663116700915,0.0054262663116700915
6718,5,21,no,1,-0.004771406440793768,0.004771406440793768
5233,5,19,no,10,-0.05730614576628201,0.05730614576628201
6719,5,21,no,1,-0.004697221546987984,0.004697221546987984
6720,5,21,yes,1,-0.004622983511482132,0.004622983511482132
6355,5,20,yes,3,0.012759153207483831,0.012759153207483831
6721,5,21,no,1,0.004622983511482132,0.004622983511482132
6356,5,20,no,3,-0.012759153207483831,0.012759153207483831
6722,5,21,yes,5,-0.022373466592661623,0.022373466592661623
3997,5,18,yes,4,0.003892776459148456,0.003892776459148456
6723,5,21,yes,1,-0.004252962151704648,0.004252962151704648
5234,5,19,no,1,0.006022277489922678,0.006022277489922678
3872,5,17,no,4,-0.006590498013998247,0.006590498013998247
6357,5,20,no,13,-0.0478519283406624,0.0478519283406624
6358,5,20,yes,8,0.02804271289583804,0.02804271289583804
5235,5,19,yes,11,0.06192329060535384,0.06192329060535384
6359,5,20,no,1,0.003818099192726798,0.003818099192726798
5236,5,19,no,1,-0.005283976781832678,0.005283976781832678
5237,5,19,no,8,-0.04478100652342942,0.04478100652342942
6724,5,21,yes,1,-0.004179558286804497,0.004179558286804497
5238,5,19,no,20,-0.12805795139721687,0.12805795139721687
5239,5,19,no,3,-0.020542804594913533,0.020542804594913533
5240,5,19,yes,2,0.013717972912521081,0.013717972912521081
5241,5,19,yes,1,0.0068248316823924515,0.0068248316823924515
6725,5,21,yes,1,0.004179558286804497,0.004179558286804497
5242,5,19,yes,1,0.0067987210476098126,0.0067987210476098126
3873,5,17,no,10,-0.01390002531345335,0.01390002531345335
5243,5,19,yes,5,0.03351748822776024,0.03351748822776024
5244,5,19,yes,14,0.08774174212184682,0.08774174212184682
3874,5,17,no,1,-0.0012083954815765574,0.0012083954815765574
3875,5,17,no,1,-0.0011782316625165642,0.0011782316625165642
6726,5,21,yes,3,0.012980116560571742,0.012980116560571742
6727,5,21,yes,1,-0.004400521639892407,0.004400521639892407
3876,5,17,no,1,-0.0011487455855182932,0.0011487455855182932
5245,5,19,yes,1,-0.0058976716028927845,0.0058976716028927845
3877,5,17,no,1,-0.0011199259363911113,0.0011199259363911113
5246,5,19,no,1,-0.005960635697198957,0.005960635697198957
6728,5,21,yes,1,-0.004326632768974686,0.004326632768974686
3878,5,17,no,6,-0.006150234172573231,0.006150234172573231
6360,5,20,yes,3,0.011884648553433713,0.011884648553433713
6729,5,21,yes,10,-0.03927289545557858,0.03927289545557858
6730,5,21,yes,12,-0.038092922985058175,0.038092922985058175
6731,5,21,no,5,0.014741511788290529,0.014741511788290529
5247,5,19,no,3,-0.018246091491757044,0.018246091491757044
5248,5,19,yes,4,0.024206727188956,0.024206727188956
6732,5,21,no,1,-0.0030733380175221314,0.0030733380175221314
6361,5,20,yes,1,0.0041064676986638515,0.0041064676986638515
5249,5,19,no,10,-0.06219694741254134,0.06219694741254134
6733,5,21,no,11,0.03745590878653485,0.03745590878653485
5250,5,19,no,3,0.01922955491377143,0.01922955491377143
3879,5,17,yes,1,0.0009603681248038787,0.0009603681248038787
6734,5,21,yes,1,0.003818099192726798,0.003818099192726798
6362,5,20,no,16,-0.05726512423135921,0.05726512423135921
5251,5,19,no,6,0.03700675680157095,0.03700675680157095
6735,5,21,no,2,-0.007565302673343599,0.007565302673343599
6363,5,20,yes,1,0.0030733380175221314,0.0030733380175221314
6364,5,20,yes,5,0.016344012873358016,0.016344012873358016
6736,5,21,no,2,0.007565302673343599,0.007565302673343599
6365,5,20,no,10,0.03784777334047906,0.03784777334047906
6366,5,20,no,13,0.060098896930815326,0.060098896930815326
5252,5,19,no,1,-0.006022277489922678,0.006022277489922678
6367,5,20,yes,4,-0.019824281911862807,0.019824281911862807
6737,5,21,no,1,-0.003818099192726798,0.003818099192726798
5253,5,19,yes,1,0.006022277489922678,0.006022277489922678
5254,5,19,yes,1,0.005960635697198957,0.005960635697198957
5255,5,19,no,1,-0.005960635697198957,0.005960635697198957
3880,5,17,yes,1,0.0009854271973470732,0.0009854271973470732
5256,5,19,yes,1,0.005960635697198957,0.005960635697198957
5257,5,19,no,6,-0.03665936311063589,0.03665936311063589
5258,5,19,yes,1,0.006254119513938505,0.006254119513938505
6368,5,20,no,1,-0.004771406440793768,0.004771406440793768
6738,5,21,yes,1,0.003818099192726798,0.003818099192726798
6739,5,21,no,1,-0.003818099192726798,0.003818099192726798
6369,5,20,no,1,-0.004697221546987984,0.004697221546987984
5259,5,19,yes,1,0.0061985164077413835,0.0061985164077413835
6370,5,20,yes,5,-0.022373466592661623,0.022373466592661623
5260,5,19,no,17,-0.11162682991118966,0.11162682991118966
5261,5,19,yes,12,0.08009550399599175,0.08009550399599175
5262,5,19,yes,3,0.019078689993518028,0.019078689993518028
6371,5,20,no,1,0.004326632768974686,0.004326632768974686
6740,5,21,yes,11,-0.03745590878653485,0.03745590878653485
6741,5,21,yes,7,0.022886798456692392,0.022886798456692392
5263,5,19,yes,2,0.012452635921679889,0.012452635921679889
6372,5,20,no,5,0.02274405537067492,0.02274405537067492
6742,5,21,yes,14,-0.04267310954991102,0.04267310954991102
6743,5,21,yes,3,0.00811813732245023,0.00811813732245023
6744,5,21,no,1,0.0028249181734272544,0.0028249181734272544
6373,5,20,no,5,-0.02274405537067492,0.02274405537067492
5264,5,19,no,1,0.00614129254867346,0.00614129254867346
6374,5,20,no,1,-0.004326632768974686,0.004326632768974686
5265,5,19,yes,1,0.006082521453160905,0.006082521453160905
5266,5,19,no,12,-0.07649336119690131,0.07649336119690131
5267,5,19,no,11,0.0704108397437404,0.0704108397437404
3881,5,17,yes,7,0.007651342034848248,0.007651342034848248
6745,5,21,yes,6,0.01825645148803795,0.01825645148803795
5268,5,19,no,7,0.041266251768823814,0.041266251768823814
5269,5,19,yes,2,-0.011469684477386832,0.011469684477386832
6746,5,21,yes,5,-0.015370673443576371,0.015370673443576371
6747,5,21,no,1,0.0029474764738244563,0.0029474764738244563
6375,5,20,yes,1,-0.004252962151704648,0.004252962151704648
5270,5,19,no,1,-0.005833461048261657,0.005833461048261657
5271,5,19,no,1,-0.0058976716028927845,0.0058976716028927845
5272,5,19,no,13,0.07138035929358288,0.07138035929358288
5273,5,19,no,1,-0.005066392393269226,0.005066392393269226
5274,5,19,no,1,-0.0051393804018998734,0.0051393804018998734
5275,5,19,no,6,-0.03233965921631077,0.03233965921631077
6376,5,20,yes,5,0.02200344523288414,0.02200344523288414
5276,5,19,no,7,-0.04081784046922465,0.04081784046922465
6377,5,20,no,1,-0.004548750366815624,0.004548750366815624
5277,5,19,no,13,-0.08316350584887622,0.08316350584887622
5278,5,19,yes,1,0.0066701446519749075,0.0066701446519749075
6378,5,20,yes,10,-0.041443468597697375,0.041443468597697375
5279,5,19,yes,7,0.04550888188525304,0.04550888188525304
5280,5,19,yes,5,0.030984479311648272,0.030984479311648272
5281,5,19,no,14,0.0782968800874353,0.0782968800874353
5282,5,19,no,6,-0.0319133671039068,0.0319133671039068
5283,5,19,no,8,-0.046383512983528496,0.046383512983528496
3998,5,18,yes,1,0.0010373521350486442,0.0010373521350486442
3882,5,17,yes,1,0.0012083954815765574,0.0012083954815765574
5284,5,19,yes,1,0.006022277489922678,0.006022277489922678
6748,5,21,yes,1,0.003010001079055108,0.003010001079055108
6749,5,21,no,2,-0.005957477552879564,0.005957477552879564
5285,5,19,no,12,-0.07588343482175508,0.07588343482175508
5286,5,19,no,12,0.07588343482175508,0.07588343482175508
6750,5,21,yes,1,0.0029474764738244563,0.0029474764738244563
6379,5,20,yes,4,0.01570274774616051,0.01570274774616051
6380,5,20,no,2,-0.007995137463846641,0.007995137463846641
3883,5,17,no,9,-0.009845164713771878,0.009845164713771878
6751,5,21,yes,10,-0.0268009335968325,0.0268009335968325
5287,5,19,no,1,-0.006022277489922678,0.006022277489922678
5288,5,19,yes,6,-0.03734465408666188,0.03734465408666188
6752,5,21,yes,8,0.020967679078546464,0.020967679078546464
6381,5,20,yes,11,-0.03895270911303905,0.03895270911303905
6382,5,20,yes,4,0.013206540935070482,0.013206540935070482
6383,5,20,yes,1,0.0034694475658122448,0.0034694475658122448
5289,5,19,no,1,-0.006410485830370405,0.006410485830370405
5290,5,19,yes,1,0.006410485830370405,0.006410485830370405
6753,5,21,yes,1,0.002885778044461579,0.002885778044461579
6384,5,20,yes,1,0.0035379507575973856,0.0035379507575973856
5291,5,19,yes,5,0.03126213263350097,0.03126213263350097
5292,5,19,yes,6,0.035564647307203545,0.035564647307203545
6385,5,20,yes,4,0.014849258764971868,0.014849258764971868
6386,5,20,yes,1,0.003889511089587072,0.003889511089587072
5293,5,19,yes,11,-0.06682677994070452,0.06682677994070452
5294,5,19,yes,1,0.006360174775013605,0.006360174775013605
5295,5,19,yes,1,0.006308029388134018,0.006308029388134018
5296,5,19,no,15,0.0873380412369581,0.0873380412369581
5297,5,19,no,6,-0.0331794654594012,0.0331794654594012
6754,5,21,no,13,-0.033016277224183335,0.033016277224183335
6755,5,21,no,1,0.0022130324091241965,0.0022130324091241965
5298,5,19,no,1,-0.0057680800157665635,0.0057680800157665635
6756,5,21,yes,1,0.0022642190665268375,0.0022642190665268375
6757,5,21,yes,11,-0.022237153769993134,0.022237153769993134
6758,5,21,yes,1,0.0017920493269606846,0.0017920493269606846
5299,5,19,no,15,-0.09357520317010848,0.09357520317010848
5300,5,19,yes,1,0.006592049699952862,0.006592049699952862
6759,5,21,no,1,-0.0017920493269606846,0.0017920493269606846
6760,5,21,yes,1,-0.0017495943155862448,0.0017495943155862448
5301,5,19,no,4,-0.026600215452086906,0.026600215452086906
6761,5,21,no,1,0.0017495943155862448,0.0017495943155862448
5302,5,19,yes,1,0.006705817235090228,0.006705817235090228
6762,5,21,yes,1,0.0017920493269606846,0.0017920493269606846
6763,5,21,yes,6,0.011691785324772386,0.011691785324772386
6764,5,21,no,1,0.0021133306609868174,0.0021133306609868174
5303,5,19,no,6,-0.04068713806414781,0.04068713806414781
5304,5,19,no,1,0.0068484456234291224,0.0068484456234291224
5305,5,19,no,1,0.0068248316823924515,0.0068248316823924515
5306,5,19,yes,10,0.06642222669017017,0.06642222669017017
5307,5,19,yes,1,0.006410485830370405,0.006410485830370405
6765,5,21,no,1,0.0021627369816222125,0.0021627369816222125
5308,5,19,yes,1,0.006360174775013605,0.006360174775013605
5309,5,19,yes,1,0.006308029388134018,0.006308029388134018
5310,5,19,yes,5,0.030698727413436933,0.030698727413436933
6387,5,20,yes,5,0.020534125601019637,0.020534125601019637
6388,5,20,no,1,-0.004252962151704648,0.004252962151704648
6766,5,21,no,1,0.0022130324091241965,0.0022130324091241965
6767,5,21,yes,11,0.02791746677059756,0.02791746677059756
6389,5,20,no,1,-0.004179558286804497,0.004179558286804497
6768,5,21,no,2,-0.005589826005287762,0.005589826005287762
6769,5,21,no,1,-0.0027057566289490215,0.0027057566289490215
5311,5,19,yes,2,0.011858307300091742,0.011858307300091742
5312,5,19,no,12,-0.0745999527635528,0.0745999527635528
6770,5,21,yes,2,0.0054706644608095295,0.0054706644608095295
6390,5,20,no,2,-0.008140202627770848,0.008140202627770848
6391,5,20,yes,1,0.004033734929106997,0.004033734929106997
6771,5,21,yes,1,0.0028249181734272544,0.0028249181734272544
5313,5,19,yes,1,-0.006549739658341158,0.006549739658341158
5314,5,19,no,1,0.006549739658341158,0.006549739658341158
6392,5,20,no,1,-0.004033734929106997,0.004033734929106997
6772,5,21,yes,2,-0.005589826005287762,0.005589826005287762
5315,5,19,yes,1,0.00650533374811868,0.00650533374811868
5316,5,19,yes,1,0.0064588943083874195,0.0064588943083874195
5317,5,19,no,1,0.006410485830370405,0.006410485830370405
6393,5,20,no,1,-0.003961402534739644,0.003961402534739644
6394,5,20,yes,1,-0.003889511089587072,0.003889511089587072
3999,5,18,yes,8,0.009321350304016457,0.009321350304016457
5318,5,19,no,6,-0.039148707110239434,0.039148707110239434
4000,5,18,yes,6,-0.007165348369872988,0.007165348369872988
5319,5,19,no,1,-0.0066701446519749075,0.0066701446519749075
5320,5,19,yes,1,0.0066701446519749075,0.0066701446519749075
5321,5,19,yes,1,0.006632203865068909,0.006632203865068909
5322,5,19,no,4,-0.02674733538124585,0.02674733538124585
5323,5,19,no,1,-0.006770152846514388,0.006770152846514388
5324,5,19,no,12,0.07870219563607839,0.07870219563607839
4001,5,18,no,9,-0.008886801480459942,0.008886801480459942
5325,5,19,yes,15,0.0873380412369581,0.0873380412369581
6773,5,21,yes,13,0.04085783081691868,0.04085783081691868
5326,5,19,no,1,-0.00535544554716183,0.00535544554716183
5327,5,19,no,1,-0.0054262663116700915,0.0054262663116700915
5328,5,19,no,1,-0.005496366471083425,0.005496366471083425
6395,5,20,no,8,-0.028592750589323035,0.028592750589323035
5329,5,19,no,1,-0.005565672514303843,0.005565672514303843
6396,5,20,yes,1,0.003334478476924113,0.003334478476924113
6774,5,21,no,2,-0.00700739832340963,0.00700739832340963
6775,5,21,yes,1,0.0034694475658122448,0.0034694475658122448
5330,5,19,no,1,-0.005634110153561744,0.005634110153561744
5331,5,19,yes,1,-0.005701604461620269,0.005701604461620269
6776,5,21,yes,1,-0.0034694475658122448,0.0034694475658122448
6397,5,20,yes,9,-0.02768390963763112,0.02768390963763112
6398,5,20,yes,6,0.017878983726578063,0.017878983726578063
6399,5,20,no,1,0.003202385934887142,0.003202385934887142
5332,5,19,no,3,-0.017499212666921005,0.017499212666921005
5333,5,19,no,13,-0.08184407051895404,0.08184407051895404
5334,5,19,yes,10,0.0637786358786715,0.0637786358786715
4002,5,18,yes,1,0.0008886702091033122,0.0008886702091033122
5335,5,19,yes,13,0.07402808954843743,0.07402808954843743
6400,5,20,yes,1,0.0032680614992418033,0.0032680614992418033
5336,5,19,no,1,-0.005283976781832678,0.005283976781832678
5337,5,19,no,1,-0.00535544554716183,0.00535544554716183
6401,5,20,no,1,0.003334478476924113,0.003334478476924113
5338,5,19,no,10,-0.05730614576628201,0.05730614576628201
6402,5,20,yes,6,0.021440172919672124,0.021440172919672124
5339,5,19,yes,1,0.006022277489922678,0.006022277489922678
5340,5,19,no,8,-0.04977741740695496,0.04977741740695496
5341,5,19,yes,11,0.06746918575530836,0.06746918575530836
4003,5,18,yes,1,0.0009120007430160615,0.0009120007430160615
5342,5,19,no,1,0.0057680800157665635,0.0057680800157665635
5343,5,19,yes,1,-0.0057680800157665635,0.0057680800157665635
5344,5,19,no,1,-0.005833461048261657,0.005833461048261657
5345,5,19,no,1,-0.0058976716028927845,0.0058976716028927845
4004,5,18,yes,18,0.021104064491400572,0.021104064491400572
4005,5,18,yes,1,-0.0014394566732602587,0.0014394566732602587
6777,5,21,yes,2,0.00700739832340963,0.00700739832340963
6778,5,21,yes,1,-0.0035379507575973856,0.0035379507575973856
6779,5,21,no,3,-0.010205541066753782,0.010205541066753782
6403,5,20,no,1,-0.003747203480616801,0.003747203480616801
5346,5,19,yes,1,0.0058976716028927845,0.0058976716028927845
5347,5,19,no,11,0.060416295297420874,0.060416295297420874
5348,5,19,no,14,-0.0782968800874353,0.0782968800874353
4006,5,18,no,8,-0.01030980576789034,0.01030980576789034
5349,5,19,no,2,-0.012223814001834366,0.012223814001834366
5350,5,19,no,9,-0.057637343329998036,0.057637343329998036
5351,5,19,no,1,-0.006632203865068909,0.006632203865068909
5352,5,19,yes,2,0.01322425356502177,0.01322425356502177
5353,5,19,yes,7,0.04484677722230379,0.04484677722230379
6780,5,21,yes,1,-0.0032680614992418033,0.0032680614992418033
4007,5,18,yes,1,0.0011782316625165642,0.0011782316625165642
5354,5,19,no,9,-0.05807103078732556,0.05807103078732556
6781,5,21,yes,1,-0.003202385934887142,0.003202385934887142
5355,5,19,no,1,-0.0066701446519749075,0.0066701446519749075
5356,5,19,yes,1,0.0066701446519749075,0.0066701446519749075
5357,5,19,yes,5,0.03273822127986903,0.03273822127986903
5358,5,19,no,14,-0.09385307604156079,0.09385307604156079
4008,5,18,no,1,-0.0011782316625165642,0.0011782316625165642
5359,5,19,yes,5,0.03422957039900043,0.03422957039900043
5360,5,19,yes,1,0.006770152846514388,0.006770152846514388
5361,5,19,no,8,-0.05482097140780151,0.05482097140780151
6782,5,21,no,1,0.003202385934887142,0.003202385934887142
5362,5,19,yes,11,0.07493610292397845,0.07493610292397845
4009,5,18,yes,4,0.004896676847963584,0.004896676847963584
5363,5,19,yes,1,0.006632203865068909,0.006632203865068909
5364,5,19,yes,5,0.032516503245170525,0.032516503245170525
6783,5,21,yes,1,-0.003202385934887142,0.003202385934887142
5365,5,19,yes,7,0.043366931576584555,0.043366931576584555
5366,5,19,no,7,-0.043366931576584555,0.043366931576584555
5367,5,19,no,3,-0.019374713886876505,0.019374713886876505
5368,5,19,no,1,0.00650533374811868,0.00650533374811868
5369,5,19,yes,1,0.0064588943083874195,0.0064588943083874195
6784,5,21,yes,1,0.003202385934887142,0.003202385934887142
4010,5,18,no,1,-0.0012708013868579435,0.0012708013868579435
5370,5,19,yes,3,0.019078689993518028,0.019078689993518028
6785,5,21,yes,4,0.013473602565995585,0.013473602565995585
6404,5,20,no,6,-0.021027447915979436,0.021027447915979436
6405,5,20,yes,1,-0.0032680614992418033,0.0032680614992418033
6786,5,21,no,4,-0.013473602565995585,0.013473602565995585
6406,5,20,yes,1,0.0032680614992418033,0.0032680614992418033
5371,5,19,yes,4,0.024676449923514254,0.024676449923514254
5372,5,19,no,8,-0.0502140342254197,0.0502140342254197
6787,5,21,no,1,-0.003202385934887142,0.003202385934887142
6788,5,21,yes,8,0.02749789535010838,0.02749789535010838
5373,5,19,yes,9,0.05623631171534238,0.05623631171534238
5374,5,19,no,4,-0.024444607899498427,0.024444607899498427
6789,5,21,yes,1,-0.0036768586438181428,0.0036768586438181428
6790,5,21,yes,10,-0.03304184774115501,0.03304184774115501
6791,5,21,yes,9,0.029434750293344886,0.029434750293344886
6792,5,21,yes,13,-0.04085783081691868,0.04085783081691868
5375,5,19,no,1,-0.006254119513938505,0.006254119513938505
5376,5,19,no,4,-0.025537584301905447,0.025537584301905447
6793,5,21,no,2,-0.005353229490589723,0.005353229490589723
6794,5,21,yes,1,-0.0025900635645267206,0.0025900635645267206
6795,5,21,yes,1,0.0025900635645267206,0.0025900635645267206
5377,5,19,no,6,0.037990220223585336,0.037990220223585336
5378,5,19,yes,1,0.00614129254867346,0.00614129254867346
5379,5,19,no,2,-0.012339808956414844,0.012339808956414844
5380,5,19,no,1,-0.006254119513938505,0.006254119513938505
6796,5,21,yes,2,0.005353229490589723,0.005353229490589723
5381,5,19,no,1,-0.006308029388134018,0.006308029388134018
6797,5,21,no,3,-0.007943293055116443,0.007943293055116443
6407,5,20,no,1,-0.0032680614992418033,0.0032680614992418033
5382,5,19,no,18,-0.12044498480923149,0.12044498480923149
5383,5,19,yes,1,0.006917278298890772,0.006917278298890772
5384,5,19,no,11,0.07465102849015659,0.07465102849015659
5385,5,19,no,1,0.006592049699952862,0.006592049699952862
5386,5,19,yes,5,-0.033339385081198714,0.033339385081198714
5387,5,19,no,1,-0.006770152846514388,0.006770152846514388
5388,5,19,yes,13,0.08495631515001689,0.08495631515001689
6798,5,21,yes,1,0.0025900635645267206,0.0025900635645267206
5389,5,19,yes,4,0.024444607899498427,0.024444607899498427
5390,5,19,yes,1,-0.006022277489922678,0.006022277489922678
5391,5,19,no,1,-0.006082521453160905,0.006082521453160905
5392,5,19,no,11,-0.0704108397437404,0.0704108397437404
6408,5,20,no,1,-0.003202385934887142,0.003202385934887142
6409,5,20,no,1,-0.003137471938287534,0.003137471938287534
5393,5,19,yes,3,0.01977399322336293,0.01977399322336293
5394,5,19,yes,20,-0.13634464894785947,0.13634464894785947
5395,5,19,yes,2,-0.013863917308508278,0.013863917308508278
5396,5,19,yes,1,0.00692794968177024,0.00692794968177024
5397,5,19,yes,1,0.006935967626738038,0.006935967626738038
5398,5,19,yes,1,0.006941319797744205,0.006941319797744205
5399,5,19,no,14,0.0962533740396872,0.0962533740396872
5400,5,19,yes,1,0.006705817235090228,0.006705817235090228
5401,5,19,yes,1,0.0066701446519749075,0.0066701446519749075
6410,5,20,yes,1,0.003137471938287534,0.003137471938287534
5402,5,19,yes,1,0.006632203865068909,0.006632203865068909
5403,5,19,no,11,0.0698611573318324,0.0698611573318324
5404,5,19,no,1,-0.006082521453160905,0.006082521453160905
5405,5,19,no,3,0.01806543464028254,0.01806543464028254
5406,5,19,yes,5,0.028834927282103018,0.028834927282103018
6799,5,21,yes,2,0.005353229490589723,0.005353229490589723
5407,5,19,no,2,-0.011335714615182013,0.011335714615182013
6800,5,21,yes,10,0.03044881746949163,0.03044881746949163
6801,5,21,yes,2,0.0068710625898296684,0.0068710625898296684
5408,5,19,no,3,-0.017499212666921005,0.017499212666921005
5409,5,19,no,6,-0.03665936311063589,0.03665936311063589
5410,5,19,no,3,-0.019078689993518028,0.019078689993518028
6802,5,21,yes,3,-0.010205541066753782,0.010205541066753782
6803,5,21,yes,13,-0.037591166607422746,0.037591166607422746
5411,5,19,no,1,-0.0064588943083874195,0.0064588943083874195
5412,5,19,no,15,-0.10121542989546006,0.10121542989546006
5413,5,19,no,5,-0.03469323300277388,0.03469323300277388
5414,5,19,yes,2,0.013887995896521399,0.013887995896521399
5415,5,19,yes,2,0.013877287424482243,0.013877287424482243
5416,5,19,no,1,0.00692794968177024,0.00692794968177024
5417,5,19,no,1,0.006917278298890772,0.006917278298890772
6804,5,21,yes,1,0.002533534559738787,0.002533534559738787
6805,5,21,yes,1,-0.002533534559738787,0.002533534559738787
5418,5,19,no,13,0.08779281784845061,0.08779281784845061
5419,5,19,no,5,-0.033149955110428064,0.033149955110428064
6806,5,21,no,1,-0.0024778905067136536,0.0024778905067136536
6411,5,20,yes,2,-0.006210809955809665,0.006210809955809665
5420,5,19,yes,3,0.020008165752134044,0.020008165752134044
5421,5,19,yes,2,0.01314178935829402,0.01314178935829402
6412,5,20,yes,1,-0.003010001079055108,0.003010001079055108
6413,5,20,yes,12,-0.03148650222235676,0.03148650222235676
5422,5,19,no,1,-0.006549739658341158,0.006549739658341158
6414,5,20,yes,1,0.002316298248714571,0.002316298248714571
6415,5,20,yes,1,0.0023692703768096873,0.0023692703768096873
5423,5,19,no,1,-0.006592049699952862,0.006592049699952862
5424,5,19,no,14,-0.0954322240975557,0.0954322240975557
5425,5,19,yes,1,0.006935967626738093,0.006935967626738093
5426,5,19,yes,1,0.00692794968177024,0.00692794968177024
6416,5,20,yes,4,0.010024623582668979,0.010024623582668979
5427,5,19,yes,4,0.027578820207855737,0.027578820207855737
6807,5,21,no,2,-0.004792405328499505,0.004792405328499505
5428,5,19,no,11,0.07363660968760433,0.07363660968760433
6417,5,20,yes,9,0.025997121049028293,0.025997121049028293
5429,5,19,no,1,-0.00650533374811868,0.00650533374811868
6808,5,21,yes,5,-0.011069617366974635,0.011069617366974635
5430,5,19,no,1,-0.006549739658341158,0.006549739658341158
6809,5,21,no,1,0.0021133306609868174,0.0021133306609868174
5431,5,19,no,10,0.06326910763187954,0.06326910763187954
5432,5,19,yes,15,-0.09660849271307825,0.09660849271307825
5433,5,19,no,13,-0.0895142044105754,0.0895142044105754
5434,5,19,yes,7,0.048514481165060575,0.048514481165060575
6418,5,20,yes,3,-0.009220811034864773,0.009220811034864773
6419,5,20,yes,13,-0.033750721288883595,0.033750721288883595
6420,5,20,no,1,-0.0022130324091241965,0.0022130324091241965
6421,5,20,yes,6,-0.012252992251466685,0.012252992251466685
6422,5,20,no,2,-0.0037148607159147307,0.0037148607159147307
6423,5,20,yes,5,0.009626974784061437,0.009626974784061437
6810,5,21,no,1,0.0021627369816222125,0.0021627369816222125
6424,5,20,yes,3,0.0063408781833199784,0.0063408781833199784
6811,5,21,no,1,-0.0021627369816222125,0.0021627369816222125
6812,5,21,yes,1,0.0021627369816222125,0.0021627369816222125
6425,5,20,yes,12,0.030130499179721756,0.030130499179721756
6813,5,21,no,1,-0.0021627369816222125,0.0021627369816222125
6426,5,20,yes,1,0.002885778044461579,0.002885778044461579
6427,5,20,no,1,-0.002885778044461579,0.002885778044461579
6428,5,20,yes,1,-0.0028249181734272544,0.0028249181734272544
6814,5,21,yes,4,0.008956286705987818,0.008956286705987818
6429,5,20,no,1,-0.002764907831860508,0.002764907831860508
6815,5,21,yes,8,-0.017122014501056257,0.017122014501056257
6816,5,21,yes,2,0.003987586593370673,0.003987586593370673
6817,5,21,no,1,-0.002017172974494344,0.002017172974494344
6818,5,21,yes,1,0.002017172974494344,0.002017172974494344
6430,5,20,yes,1,0.002764907831860508,0.002764907831860508
6431,5,20,yes,1,-0.002764907831860508,0.002764907831860508
6432,5,20,yes,1,-0.0027057566289490215,0.0027057566289490215
6819,5,21,no,1,0.0020648105407109485,0.0020648105407109485
6820,5,21,yes,1,0.0021133306609868174,0.0021133306609868174
6821,5,21,yes,8,-0.015597165312719888,0.015597165312719888
6822,5,21,yes,13,-0.01973006793916738,0.01973006793916738
6823,5,21,no,1,-0.0012708013868579435,0.0012708013868579435
6824,5,21,yes,5,0.0066839303067846995,0.0066839303067846995
6825,5,21,yes,11,0.017944340134212547,0.017944340134212547
6826,5,21,yes,2,0.0038040364026795254,0.0038040364026795254
6827,5,21,yes,1,-0.0019245274747760333,0.0019245274747760333
6828,5,21,yes,12,-0.01982384906211604,0.01982384906211604
6829,5,21,no,1,-0.0014042374014612488,0.0014042374014612488
6830,5,21,no,3,0.004319135338202863,0.004319135338202863
6831,5,21,no,16,0.02916194337684111,0.02916194337684111
6433,5,20,yes,1,-0.002647472861640701,0.002647472861640701
6832,5,21,no,1,-0.0021627369816222125,0.0021627369816222125
6833,5,21,yes,1,-0.0021133306609868174,0.0021133306609868174
6834,5,21,yes,10,0.0234635113264533,0.0234635113264533
6835,5,21,no,2,-0.005123598124265508,0.005123598124265508
6836,5,21,yes,1,-0.0024778905067136536,0.0024778905067136536
6837,5,21,yes,1,-0.0024231349516898176,0.0024231349516898176
6838,5,21,yes,13,-0.026922722395517393,0.026922722395517393
6839,5,21,yes,4,0.0074314375176514486,0.0074314375176514486
6840,5,21,yes,2,0.003987586593370673,0.003987586593370673
6841,5,21,no,12,0.02817579472880495,0.02817579472880495
6842,5,21,yes,1,-0.002647472861640701,0.002647472861640701
6843,5,21,yes,1,-0.0025900635645267206,0.0025900635645267206
6844,5,21,yes,7,-0.01659738011931755,0.01659738011931755
6845,5,21,no,1,-0.0021627369816222125,0.0021627369816222125
6846,5,21,no,1,0.0021627369816222125,0.0021627369816222125
6847,5,21,yes,1,-0.0021627369816222125,0.0021627369816222125
6848,5,21,yes,1,-0.0021133306609868174,0.0021133306609868174
6849,5,21,no,1,-0.0020648105407109485,0.0020648105407109485
6850,5,21,yes,1,-0.002017172974494344,0.002017172974494344
6851,5,21,yes,1,0.002017172974494344,0.002017172974494344
6852,5,21,yes,1,0.0020648105407109485,0.0020648105407109485
6853,5,21,yes,1,0.0021133306609868174,0.0021133306609868174
6854,5,21,yes,1,0.0021627369816222125,0.0021627369816222125
6855,5,21,no,1,0.0022130324091241965,0.0022130324091241965
6856,5,21,no,1,0.0022642190665268375,0.0022642190665268375
