trade_id,round_id,participant_id,direction,quantity,cost,price_before,price_after,q_yes_after,q_no_after,executed_at
1277,25,P05,yes,1,0.5035,0.5,0.506944,1.0,0.0,2026-05-29T13:59:10.303922+00:00
1282,25,P04,no,1,0.4896,0.513885,0.506944,3.0,2.0,2026-05-29T13:59:10.680838+00:00
1289,25,P05,yes,1,0.5381,0.534667,0.54157,9.0,3.0,2026-05-29T13:59:11.577524+00:00
1293,25,P05,yes,1,0.5656,0.562177,0.569001,13.0,3.0,2026-05-29T13:59:12.160587+00:00
1294,25,P08,yes,1,0.5724,0.569001,0.5758,14.0,3.0,2026-05-29T13:59:12.248963+00:00
1296,25,P09,no,20,9.7241,0.58257,0.444672,15.0,23.0,2026-05-29T13:59:12.327922+00:00
1298,25,P05,yes,1,0.455,0.451541,0.45843,17.0,23.0,2026-05-29T13:59:12.441295+00:00
1300,25,P08,yes,1,0.4688,0.465333,0.472251,19.0,23.0,2026-05-29T13:59:12.618939+00:00
1302,25,P08,yes,1,0.4826,0.479179,0.486115,21.0,23.0,2026-05-29T13:59:12.769375+00:00
1308,25,P05,yes,1,0.5104,0.506944,0.513885,25.0,23.0,2026-05-29T13:59:13.159726+00:00
1319,25,P05,yes,1,0.5519,0.548459,0.555328,33.0,25.0,2026-05-29T13:59:14.428125+00:00
1328,25,P01,no,10,5.1386,0.520821,0.451541,38.0,45.0,2026-05-29T13:59:15.618619+00:00
1338,25,P02,yes,20,3.5906,0.141176,0.2227,60.0,105.0,2026-05-29T13:59:16.589073+00:00
1363,25,P06,yes,1,0.034,0.033533,0.034445,85.0,205.0,2026-05-29T13:59:18.890499+00:00
1370,25,P08,yes,1,0.0289,0.028532,0.029312,89.0,215.0,2026-05-29T13:59:19.534924+00:00
1375,25,P08,yes,1,0.0534,0.052706,0.05411,112.0,215.0,2026-05-29T13:59:19.981056+00:00
1389,25,P02,yes,20,4.1968,0.166434,0.25816,177.0,215.0,2026-05-29T13:59:21.221456+00:00
1400,25,P08,yes,1,0.2828,0.280003,0.285638,182.0,215.0,2026-05-29T13:59:22.366869+00:00
1406,25,P08,yes,1,0.2942,0.291339,0.297107,184.0,215.0,2026-05-29T13:59:23.500912+00:00
1413,25,P08,yes,1,0.3,0.297107,0.302941,185.0,215.0,2026-05-29T13:59:24.388282+00:00
1424,25,P06,yes,1,0.3239,0.320821,0.326904,189.0,215.0,2026-05-29T13:59:25.753160+00:00
1465,25,P01,yes,1,0.2942,0.291339,0.297107,204.0,235.0,2026-05-29T13:59:34.425970+00:00
1467,25,P01,yes,1,0.3059,0.302941,0.308838,206.0,235.0,2026-05-29T13:59:34.769140+00:00
1472,25,P01,yes,1,0.3361,0.333045,0.339244,211.0,235.0,2026-05-29T13:59:35.618941+00:00
1475,25,P01,yes,1,0.355,0.351806,0.358166,214.0,235.0,2026-05-29T13:59:36.084909+00:00
1482,25,P01,yes,1,0.2662,0.263515,0.268941,219.0,255.0,2026-05-29T13:59:36.958070+00:00
1485,25,P01,yes,1,0.2828,0.280003,0.285638,222.0,255.0,2026-05-29T13:59:37.410850+00:00
1489,25,P01,yes,1,0.3,0.297107,0.302941,225.0,255.0,2026-05-29T13:59:37.893264+00:00
1496,25,P01,yes,1,0.3424,0.339244,0.345498,232.0,255.0,2026-05-29T13:59:39.043463+00:00
1504,25,P01,yes,1,0.3874,0.38409,0.390682,239.0,255.0,2026-05-29T13:59:40.225091+00:00
1513,25,P07,no,20,12.5639,0.437823,0.308838,246.0,275.0,2026-05-29T13:59:41.513690+00:00
1518,25,P02,yes,20,-3.5098,0.217929,0.137842,229.0,295.0,2026-05-29T13:59:42.120436+00:00
1521,25,P01,yes,1,0.1463,0.144578,0.148047,232.0,295.0,2026-05-29T13:59:42.482852+00:00
1527,25,P03,yes,8,1.6705,0.190858,0.227546,251.0,295.0,2026-05-29T13:59:43.390513+00:00
1537,25,P04,yes,1,0.235,0.232465,0.237458,233.0,275.0,2026-05-29T13:59:50.138605+00:00
1541,25,P08,yes,1,0.2451,0.242524,0.247664,235.0,275.0,2026-05-29T13:59:53.385959+00:00
1544,25,P02,yes,20,-4.9773,0.302941,0.199585,225.0,275.0,2026-05-29T13:59:57.032423+00:00
1565,25,P09,no,20,16.4094,0.2227,0.141176,231.0,296.0,2026-05-29T14:00:07.324324+00:00
1580,25,P08,no,1,0.5381,0.465333,0.45843,291.0,297.0,2026-05-29T14:00:10.273070+00:00
1631,25,P07,yes,20,7.8269,0.326904,0.45843,332.0,338.0,2026-05-29T14:00:19.288887+00:00
1658,25,P05,yes,1,-0.0788,0.079846,0.077829,281.0,370.0,2026-05-29T14:00:27.930162+00:00
1662,25,P02,yes,20,4.9773,0.199585,0.302941,320.0,350.0,2026-05-29T14:00:28.460446+00:00
1670,25,P05,yes,1,-0.6941,0.697059,0.691162,379.0,350.0,2026-05-29T14:00:30.124949+00:00
1676,25,P05,yes,1,-0.6639,0.666955,0.660756,374.0,350.0,2026-05-29T14:00:30.922968+00:00
1678,25,P05,yes,1,-0.6576,0.660756,0.654502,373.0,350.0,2026-05-29T14:00:31.075467+00:00
1682,25,P05,yes,1,-0.6386,0.641834,0.635424,370.0,350.0,2026-05-29T14:00:31.492172+00:00
1686,25,P08,yes,1,-0.6192,0.622459,0.61591,367.0,350.0,2026-05-29T14:00:31.730587+00:00
1697,25,P07,no,20,10.2759,0.555328,0.41743,358.0,370.0,2026-05-29T14:00:32.413024+00:00
1703,25,P08,yes,1,-0.2662,0.268941,0.263515,353.0,390.0,2026-05-29T14:00:32.847429+00:00
1279,25,P05,yes,1,0.5104,0.506944,0.513885,2.0,0.0,2026-05-29T13:59:10.461994+00:00
1284,25,P04,no,1,0.4896,0.513885,0.506944,4.0,3.0,2026-05-29T13:59:10.821097+00:00
1286,25,P05,yes,1,0.5174,0.513885,0.520821,6.0,3.0,2026-05-29T13:59:11.091631+00:00
1291,25,P05,yes,1,0.5519,0.548459,0.555328,11.0,3.0,2026-05-29T13:59:11.860722+00:00
1295,25,P05,yes,1,0.5792,0.5758,0.58257,15.0,3.0,2026-05-29T13:59:12.295771+00:00
1309,25,P08,yes,1,0.5174,0.513885,0.520821,26.0,23.0,2026-05-29T13:59:13.317641+00:00
1311,25,P05,yes,1,0.5312,0.527749,0.534667,28.0,23.0,2026-05-29T13:59:13.508958+00:00
1313,25,P05,yes,1,0.5381,0.534667,0.54157,29.0,23.0,2026-05-29T13:59:13.694177+00:00
1315,25,P05,yes,1,0.5519,0.548459,0.555328,31.0,23.0,2026-05-29T13:59:14.058312+00:00
1323,25,P05,yes,1,0.5724,0.569001,0.5758,36.0,25.0,2026-05-29T13:59:14.974484+00:00
1329,25,P01,no,10,5.8244,0.451541,0.38409,38.0,55.0,2026-05-29T13:59:15.762517+00:00
1340,25,P01,no,10,8.4084,0.178319,0.141176,60.0,125.0,2026-05-29T13:59:16.812210+00:00
1342,25,P01,no,10,9.02,0.110727,0.086187,60.0,145.0,2026-05-29T13:59:17.127114+00:00
1347,25,P01,no,10,9.4131,0.066677,0.051336,60.0,165.0,2026-05-29T13:59:17.518455+00:00
1362,25,P01,no,10,9.6155,0.0438,0.033533,84.0,205.0,2026-05-29T13:59:18.846692+00:00
1369,25,P06,yes,1,0.0282,0.027772,0.028532,88.0,215.0,2026-05-29T13:59:19.287758+00:00
1371,25,P06,yes,1,0.0297,0.029312,0.030113,90.0,215.0,2026-05-29T13:59:19.726197+00:00
1372,25,P08,yes,1,0.0305,0.030113,0.030935,91.0,215.0,2026-05-29T13:59:19.766761+00:00
1376,25,P06,yes,1,0.0548,0.05411,0.055549,113.0,215.0,2026-05-29T13:59:20.017604+00:00
1378,25,P08,yes,1,0.0563,0.055549,0.057025,114.0,215.0,2026-05-29T13:59:20.200078+00:00
1379,25,P06,yes,1,0.0578,0.057025,0.058537,115.0,215.0,2026-05-29T13:59:20.354154+00:00
1396,25,P06,yes,1,0.2717,0.268941,0.274438,180.0,215.0,2026-05-29T13:59:22.000379+00:00
1398,25,P08,yes,1,0.2772,0.274438,0.280003,181.0,215.0,2026-05-29T13:59:22.154172+00:00
1419,25,P08,yes,1,0.3118,0.308838,0.314799,187.0,215.0,2026-05-29T13:59:25.113831+00:00
1447,25,P04,yes,1,0.2717,0.268941,0.274438,200.0,235.0,2026-05-29T13:59:31.728529+00:00
1466,25,P01,yes,1,0.3,0.297107,0.302941,205.0,235.0,2026-05-29T13:59:34.610198+00:00
1469,25,P01,yes,1,0.3178,0.314799,0.320821,208.0,235.0,2026-05-29T13:59:35.096839+00:00
1473,25,P01,yes,1,0.3424,0.339244,0.345498,212.0,235.0,2026-05-29T13:59:35.777641+00:00
1480,25,P01,yes,1,0.2555,0.252876,0.25816,217.0,255.0,2026-05-29T13:59:36.620531+00:00
1484,25,P01,yes,1,0.2772,0.274438,0.280003,221.0,255.0,2026-05-29T13:59:37.260190+00:00
1488,25,P01,yes,1,0.2942,0.291339,0.297107,224.0,255.0,2026-05-29T13:59:37.736867+00:00
1492,25,P01,yes,1,0.3178,0.314799,0.320821,228.0,255.0,2026-05-29T13:59:38.408735+00:00
1494,25,P01,yes,1,0.33,0.326904,0.333045,230.0,255.0,2026-05-29T13:59:38.726687+00:00
1499,25,P01,yes,1,0.3614,0.358166,0.364576,235.0,255.0,2026-05-29T13:59:39.544443+00:00
1502,25,P01,yes,1,0.3743,0.371035,0.377541,237.0,255.0,2026-05-29T13:59:39.877562+00:00
1506,25,P01,yes,1,0.4006,0.397315,0.403985,241.0,255.0,2026-05-29T13:59:40.585667+00:00
1508,25,P01,yes,1,0.4073,0.403985,0.410691,242.0,255.0,2026-05-29T13:59:40.746635+00:00
1510,25,P01,yes,1,0.4208,0.41743,0.4242,244.0,255.0,2026-05-29T13:59:41.092901+00:00
1512,25,P01,yes,1,0.4344,0.430999,0.437823,246.0,255.0,2026-05-29T13:59:41.405419+00:00
1517,25,P01,yes,1,0.2156,0.213232,0.217929,249.0,295.0,2026-05-29T13:59:41.969467+00:00
1522,25,P01,yes,1,0.1498,0.148047,0.151585,233.0,295.0,2026-05-29T13:59:42.651505+00:00
1526,25,P03,yes,8,1.3958,0.158869,0.190858,243.0,295.0,2026-05-29T13:59:43.214475+00:00
1528,25,P04,yes,1,0.23,0.227546,0.232465,252.0,295.0,2026-05-29T13:59:44.089581+00:00
1547,25,P05,yes,1,0.2063,0.20406,0.208609,227.0,275.0,2026-05-29T13:59:59.073149+00:00
1550,25,P05,yes,1,0.2203,0.217929,0.2227,230.0,275.0,2026-05-29T14:00:00.034562+00:00
1571,25,P05,yes,20,7.9589,0.333045,0.465333,291.0,296.0,2026-05-29T14:00:08.701938+00:00
1592,25,P09,no,20,12.0411,0.465333,0.333045,312.0,337.0,2026-05-29T14:00:13.007998+00:00
1641,25,P04,no,1,0.6126,0.390682,0.38409,332.0,349.0,2026-05-29T14:00:23.499867+00:00
1643,25,P06,no,1,0.6192,0.38409,0.377541,332.0,350.0,2026-05-29T14:00:25.473949+00:00
1280,25,P04,no,1,0.4896,0.513885,0.506944,2.0,1.0,2026-05-29T13:59:10.513827+00:00
1285,25,P05,yes,1,0.5104,0.506944,0.513885,5.0,3.0,2026-05-29T13:59:10.940942+00:00
1287,25,P05,yes,1,0.5243,0.520821,0.527749,7.0,3.0,2026-05-29T13:59:11.262212+00:00
1305,25,P08,yes,1,0.4965,0.493056,0.5,23.0,23.0,2026-05-29T13:59:12.951276+00:00
1307,25,P08,yes,1,0.5035,0.5,0.506944,24.0,23.0,2026-05-29T13:59:13.114864+00:00
1318,25,P04,no,1,0.4481,0.555328,0.548459,32.0,25.0,2026-05-29T13:59:14.323021+00:00
1322,25,P05,yes,1,0.5656,0.562177,0.569001,35.0,25.0,2026-05-29T13:59:14.780039+00:00
1327,25,P05,yes,1,0.5174,0.513885,0.520821,38.0,35.0,2026-05-29T13:59:15.578823+00:00
1332,25,P05,yes,1,0.33,0.326904,0.333045,40.0,65.0,2026-05-29T13:59:15.958067+00:00
1336,25,P01,no,10,8.0011,0.2227,0.178319,40.0,95.0,2026-05-29T13:59:16.361697+00:00
1361,25,P08,yes,1,0.0432,0.042651,0.0438,84.0,195.0,2026-05-29T13:59:18.820486+00:00
1366,25,P01,no,10,9.6897,0.035381,0.027032,86.0,215.0,2026-05-29T13:59:19.059947+00:00
1368,25,P08,yes,1,0.0274,0.027032,0.027772,87.0,215.0,2026-05-29T13:59:19.223053+00:00
1373,25,P02,yes,20,0.818,0.030935,0.052706,111.0,215.0,2026-05-29T13:59:19.783864+00:00
1382,25,P06,yes,1,0.099,0.097773,0.10025,136.0,215.0,2026-05-29T13:59:20.666314+00:00
1384,25,P02,yes,20,2.586,0.10025,0.162616,156.0,215.0,2026-05-29T13:59:20.777556+00:00
1386,25,P06,yes,1,0.1645,0.162616,0.166434,157.0,215.0,2026-05-29T13:59:20.963499+00:00
1390,25,P06,yes,1,0.2608,0.25816,0.263515,178.0,215.0,2026-05-29T13:59:21.260988+00:00
1414,25,P06,yes,1,0.3059,0.302941,0.308838,186.0,215.0,2026-05-29T13:59:24.524141+00:00
1430,25,P07,no,20,13.4425,0.390682,0.268941,199.0,235.0,2026-05-29T13:59:27.756663+00:00
1460,25,P01,yes,1,0.2772,0.274438,0.280003,201.0,235.0,2026-05-29T13:59:33.919778+00:00
1470,25,P01,yes,1,0.3239,0.320821,0.326904,209.0,235.0,2026-05-29T13:59:35.286852+00:00
1471,25,P01,yes,1,0.33,0.326904,0.333045,210.0,235.0,2026-05-29T13:59:35.470064+00:00
1477,25,P07,no,20,14.0362,0.358166,0.242524,214.0,255.0,2026-05-29T13:59:36.146713+00:00
1479,25,P01,yes,1,0.2503,0.247664,0.252876,216.0,255.0,2026-05-29T13:59:36.453101+00:00
1487,25,P01,yes,1,0.2885,0.285638,0.291339,223.0,255.0,2026-05-29T13:59:37.579011+00:00
1493,25,P01,yes,1,0.3239,0.320821,0.326904,229.0,255.0,2026-05-29T13:59:38.561051+00:00
1495,25,P01,yes,1,0.3361,0.333045,0.339244,231.0,255.0,2026-05-29T13:59:38.883482+00:00
1509,25,P01,yes,1,0.4141,0.410691,0.41743,243.0,255.0,2026-05-29T13:59:40.909324+00:00
1511,25,P01,yes,1,0.4276,0.4242,0.430999,245.0,255.0,2026-05-29T13:59:41.253417+00:00
1516,25,P01,yes,1,0.2109,0.208609,0.213232,248.0,295.0,2026-05-29T13:59:41.794656+00:00
1524,25,P01,yes,1,0.157,0.155192,0.158869,235.0,295.0,2026-05-29T13:59:42.967360+00:00
1535,25,P02,yes,20,-5.7351,0.345498,0.232465,232.0,275.0,2026-05-29T13:59:48.840753+00:00
1562,25,P02,yes,20,-5.6228,0.339244,0.227546,231.0,275.0,2026-05-29T14:00:07.156610+00:00
1569,25,P05,yes,20,5.5117,0.2227,0.333045,271.0,296.0,2026-05-29T14:00:08.266973+00:00
1582,25,P09,no,20,12.1731,0.45843,0.326904,291.0,317.0,2026-05-29T14:00:10.506241+00:00
1586,25,P07,yes,20,10.5515,0.45843,0.596015,331.0,317.0,2026-05-29T14:00:11.514167+00:00
1588,25,P03,yes,9,-5.0281,0.589309,0.527749,321.0,317.0,2026-05-29T14:00:12.541370+00:00
1608,25,P06,no,1,0.67,0.333045,0.326904,312.0,338.0,2026-05-29T14:00:15.257038+00:00
1640,25,P09,no,10,5.7568,0.45843,0.390682,332.0,348.0,2026-05-29T14:00:23.244414+00:00
1649,25,P01,yes,10,-2.8592,0.314799,0.25816,312.0,350.0,2026-05-29T14:00:27.073040+00:00
1660,25,P02,yes,20,3.2759,0.128234,0.20406,301.0,350.0,2026-05-29T14:00:28.130346+00:00
1665,25,P02,yes,20,12.6924,0.569001,0.697059,380.0,350.0,2026-05-29T14:00:29.335986+00:00
1681,25,P05,yes,1,-0.645,0.648194,0.641834,371.0,350.0,2026-05-29T14:00:31.358380+00:00
1685,25,P05,yes,1,-0.6257,0.628965,0.622459,368.0,350.0,2026-05-29T14:00:31.640805+00:00
1687,25,P05,yes,1,-0.6126,0.61591,0.609318,366.0,350.0,2026-05-29T14:00:31.807320+00:00
1689,25,P05,yes,1,-0.5994,0.602685,0.596015,364.0,350.0,2026-05-29T14:00:31.958171+00:00
1695,25,P08,yes,1,-0.5656,0.569001,0.562177,359.0,350.0,2026-05-29T14:00:32.375406+00:00
109,4,P06,yes,1,0.5035,0.5,0.506944,1.0,0.0,2026-05-29T13:34:33.466762+00:00
111,4,P06,yes,1,0.5104,0.506944,0.513885,2.0,0.0,2026-05-29T13:34:34.870462+00:00
115,4,P09,yes,1,0.5174,0.513885,0.520821,3.0,0.0,2026-05-29T13:34:35.862531+00:00
118,4,P06,yes,1,0.5243,0.520821,0.527749,4.0,0.0,2026-05-29T13:34:36.602669+00:00
120,4,P03,no,5,2.4479,0.527749,0.493056,4.0,5.0,2026-05-29T13:34:37.221387+00:00
121,4,P02,no,8,4.277,0.493056,0.437823,4.0,13.0,2026-05-29T13:34:37.473126+00:00
122,4,P06,yes,1,0.4412,0.437823,0.444672,5.0,13.0,2026-05-29T13:34:37.616170+00:00
125,4,P06,yes,1,0.4481,0.444672,0.451541,6.0,13.0,2026-05-29T13:34:38.897405+00:00
126,4,P09,yes,20,10.4138,0.451541,0.589309,26.0,13.0,2026-05-29T13:34:38.975098+00:00
127,4,P09,yes,20,13.0722,0.589309,0.714362,46.0,13.0,2026-05-29T13:34:39.257930+00:00
128,4,P09,yes,20,15.3263,0.714362,0.813395,66.0,13.0,2026-05-29T13:34:39.471284+00:00
129,4,P09,yes,20,17.0163,0.813395,0.883683,86.0,13.0,2026-05-29T13:34:39.749105+00:00
130,4,P09,yes,20,18.1694,0.883683,0.929781,106.0,13.0,2026-05-29T13:34:39.970165+00:00
131,4,P09,yes,20,18.906,0.929781,0.958469,126.0,13.0,2026-05-29T13:34:40.153835+00:00
133,4,P07,yes,20,19.357,0.958469,0.975742,146.0,13.0,2026-05-29T13:34:41.729014+00:00
134,4,P05,yes,20,19.6258,0.975742,0.985936,166.0,13.0,2026-05-29T13:34:42.069053+00:00
137,4,P04,no,1,0.0143,0.985936,0.985546,166.0,14.0,2026-05-29T13:34:43.908481+00:00
138,4,P02,no,17,0.3127,0.985546,0.977023,166.0,31.0,2026-05-29T13:34:44.090794+00:00
140,4,P05,yes,20,19.6457,0.977023,0.986686,186.0,31.0,2026-05-29T13:34:46.495116+00:00
146,4,P06,yes,1,-0.9865,0.986686,0.986316,185.0,31.0,2026-05-29T13:34:49.669484+00:00
151,4,P07,yes,20,19.7894,0.986316,0.992103,205.0,31.0,2026-05-29T13:34:51.742327+00:00
162,4,P06,yes,1,-0.992,0.992103,0.991882,204.0,31.0,2026-05-29T13:34:53.982350+00:00
170,4,P06,yes,1,-0.9918,0.991882,0.991656,203.0,31.0,2026-05-29T13:34:56.939706+00:00
171,4,P09,yes,20,-19.7775,0.991656,0.985546,183.0,31.0,2026-05-29T13:34:57.262412+00:00
172,4,P06,yes,1,-0.9853,0.985546,0.985145,182.0,31.0,2026-05-29T13:34:57.919138+00:00
173,4,P02,no,20,0.3951,0.985145,0.974392,182.0,51.0,2026-05-29T13:34:58.405786+00:00
177,4,P06,yes,1,-0.974,0.974392,0.973689,181.0,51.0,2026-05-29T13:35:00.171196+00:00
178,4,P05,no,5,0.1409,0.973689,0.969887,181.0,56.0,2026-05-29T13:35:00.264660+00:00
179,4,P09,yes,20,-19.2035,0.969887,0.948664,161.0,56.0,2026-05-29T13:35:00.758757+00:00
180,4,P09,yes,20,-18.6526,0.948664,0.913813,141.0,56.0,2026-05-29T13:35:02.028391+00:00
181,4,P07,yes,20,-17.7658,0.913813,0.858824,121.0,56.0,2026-05-29T13:35:03.403659+00:00
183,4,P09,yes,20,-16.4094,0.858824,0.7773,101.0,56.0,2026-05-29T13:35:05.249106+00:00
184,4,P09,yes,20,-14.4883,0.7773,0.666955,81.0,56.0,2026-05-29T13:35:05.438176+00:00
185,4,P09,yes,20,-12.0411,0.666955,0.534667,61.0,56.0,2026-05-29T13:35:05.571825+00:00
186,4,P07,yes,20,-9.3111,0.534667,0.397315,41.0,56.0,2026-05-29T13:35:06.192246+00:00
187,4,P01,yes,1,0.4006,0.397315,0.403985,42.0,56.0,2026-05-29T13:35:07.486162+00:00
188,4,P02,no,1,-0.5927,0.403985,0.410691,42.0,55.0,2026-05-29T13:35:07.695578+00:00
189,4,P01,yes,1,0.4141,0.410691,0.41743,43.0,55.0,2026-05-29T13:35:08.509101+00:00
191,4,P08,no,1,0.5859,0.41743,0.410691,43.0,56.0,2026-05-29T13:35:09.179231+00:00
193,4,P01,yes,10,4.4476,0.410691,0.479179,53.0,56.0,2026-05-29T13:35:10.407852+00:00
199,4,P01,yes,10,6.4798,0.61591,0.679179,83.0,56.0,2026-05-29T13:35:12.571578+00:00
200,4,P01,yes,10,7.0838,0.679179,0.736485,93.0,56.0,2026-05-29T13:35:13.986998+00:00
223,4,P04,no,3,0.3801,0.87785,0.868629,135.0,67.0,2026-05-29T13:35:32.991463+00:00
224,4,P05,yes,20,-16.6476,0.868629,0.791391,115.0,67.0,2026-05-29T13:35:33.206117+00:00
236,4,P01,yes,10,7.1408,0.685201,0.74184,105.0,67.0,2026-05-29T13:35:40.867822+00:00
239,4,P01,yes,10,8.2138,0.800415,0.841131,115.0,55.0,2026-05-29T13:35:41.955066+00:00
240,4,P03,yes,4,3.3935,0.841131,0.855422,119.0,55.0,2026-05-29T13:35:43.504531+00:00
270,6,P01,yes,1,-0.7,0.702893,0.697059,122.0,92.0,2026-05-29T13:37:03.401947+00:00
274,6,P01,yes,1,-0.6761,0.679179,0.673096,118.0,92.0,2026-05-29T13:37:04.119366+00:00
1281,25,P05,yes,1,0.5104,0.506944,0.513885,3.0,1.0,2026-05-29T13:59:10.625342+00:00
1288,25,P05,yes,1,0.5312,0.527749,0.534667,8.0,3.0,2026-05-29T13:59:11.408487+00:00
1304,25,P05,yes,1,0.4896,0.486115,0.493056,22.0,23.0,2026-05-29T13:59:12.901502+00:00
1317,25,P05,yes,1,0.5519,0.548459,0.555328,32.0,24.0,2026-05-29T13:59:14.227016+00:00
1325,25,P05,yes,1,0.5792,0.5758,0.58257,37.0,25.0,2026-05-29T13:59:15.190071+00:00
1326,25,P01,no,10,4.5162,0.58257,0.513885,37.0,35.0,2026-05-29T13:59:15.497642+00:00
1331,25,P01,no,10,6.4162,0.390682,0.326904,39.0,65.0,2026-05-29T13:59:15.909195+00:00
1333,25,P01,no,10,6.9679,0.333045,0.274438,40.0,75.0,2026-05-29T13:59:16.067647+00:00
1335,25,P01,no,10,7.5203,0.274438,0.2227,40.0,85.0,2026-05-29T13:59:16.199235+00:00
1337,25,P01,no,10,8.4084,0.178319,0.141176,40.0,105.0,2026-05-29T13:59:16.501977+00:00
1351,25,P08,yes,1,0.052,0.051336,0.052706,61.0,165.0,2026-05-29T13:59:18.020750+00:00
1353,25,P02,yes,20,1.3827,0.052706,0.0884,81.0,165.0,2026-05-29T13:59:18.075865+00:00
1355,25,P06,yes,1,0.0693,0.068427,0.070219,82.0,175.0,2026-05-29T13:59:18.469444+00:00
1359,25,P01,no,10,9.5117,0.055549,0.042651,83.0,195.0,2026-05-29T13:59:18.701378+00:00
1421,25,P06,yes,1,0.3178,0.314799,0.320821,188.0,215.0,2026-05-29T13:59:25.324760+00:00
1425,25,P03,yes,5,1.7121,0.326904,0.358166,194.0,215.0,2026-05-29T13:59:26.128095+00:00
1468,25,P01,yes,1,0.3118,0.308838,0.314799,207.0,235.0,2026-05-29T13:59:34.954076+00:00
1474,25,P01,yes,1,0.3486,0.345498,0.351806,213.0,235.0,2026-05-29T13:59:35.926981+00:00
1481,25,P01,yes,1,0.2608,0.25816,0.263515,218.0,255.0,2026-05-29T13:59:36.793021+00:00
1491,25,P01,yes,1,0.3118,0.308838,0.314799,227.0,255.0,2026-05-29T13:59:38.228493+00:00
1498,25,P01,yes,1,0.355,0.351806,0.358166,234.0,255.0,2026-05-29T13:59:39.375012+00:00
1500,25,P01,yes,1,0.3678,0.364576,0.371035,236.0,255.0,2026-05-29T13:59:39.710727+00:00
1503,25,P01,yes,1,0.3808,0.377541,0.38409,238.0,255.0,2026-05-29T13:59:40.043287+00:00
1514,25,P09,no,20,14.9186,0.308838,0.20406,246.0,295.0,2026-05-29T13:59:41.537154+00:00
1519,25,P01,yes,1,0.1395,0.137842,0.141176,230.0,295.0,2026-05-29T13:59:42.146129+00:00
1520,25,P01,yes,1,0.1429,0.141176,0.144578,231.0,295.0,2026-05-29T13:59:42.296915+00:00
1533,25,P09,no,20,-14.2649,0.232465,0.345498,252.0,275.0,2026-05-29T13:59:46.384747+00:00
1542,25,P09,yes,10,2.7473,0.247664,0.302941,245.0,275.0,2026-05-29T13:59:55.488209+00:00
1549,25,P05,yes,1,0.2156,0.213232,0.217929,229.0,275.0,2026-05-29T13:59:59.525542+00:00
1552,25,P05,yes,1,0.2251,0.2227,0.227546,231.0,275.0,2026-05-29T14:00:00.289379+00:00
1574,25,P05,yes,20,10.6889,0.465333,0.602685,311.0,296.0,2026-05-29T14:00:09.190187+00:00
1585,25,P05,yes,20,7.8269,0.326904,0.45843,311.0,317.0,2026-05-29T14:00:11.412795+00:00
1589,25,P03,yes,9,-4.4688,0.527749,0.465333,312.0,317.0,2026-05-29T14:00:12.706548+00:00
1648,25,P01,yes,10,-3.4572,0.377541,0.314799,322.0,350.0,2026-05-29T14:00:26.896452+00:00
1671,25,P05,yes,1,-0.6882,0.691162,0.685201,378.0,350.0,2026-05-29T14:00:30.294854+00:00
1680,25,P05,yes,1,-0.6514,0.654502,0.648194,372.0,350.0,2026-05-29T14:00:31.209926+00:00
1684,25,P08,yes,1,-0.6322,0.635424,0.628965,369.0,350.0,2026-05-29T14:00:31.567507+00:00
1688,25,P08,yes,1,-0.606,0.609318,0.602685,365.0,350.0,2026-05-29T14:00:31.887890+00:00
1690,25,P08,yes,1,-0.5927,0.596015,0.589309,363.0,350.0,2026-05-29T14:00:32.055738+00:00
197,4,P09,yes,20,10.963,0.479179,0.61591,73.0,56.0,2026-05-29T13:35:11.592564+00:00
201,4,P02,no,11,-2.5885,0.736485,0.791391,93.0,45.0,2026-05-29T13:35:14.572031+00:00
210,4,P07,yes,20,18.7855,0.922171,0.953813,153.0,44.0,2026-05-29T13:35:20.457667+00:00
211,4,P09,yes,20,-18.7855,0.953813,0.922171,133.0,44.0,2026-05-29T13:35:21.419407+00:00
225,4,P09,no,20,5.1869,0.791391,0.685201,115.0,87.0,2026-05-29T13:35:33.980935+00:00
228,4,P07,yes,20,-9.7241,0.555328,0.41743,75.0,87.0,2026-05-29T13:35:35.167801+00:00
1283,25,P05,yes,1,0.5104,0.506944,0.513885,4.0,2.0,2026-05-29T13:59:10.778044+00:00
1290,25,P05,yes,1,0.545,0.54157,0.548459,10.0,3.0,2026-05-29T13:59:11.708772+00:00
1292,25,P05,yes,1,0.5588,0.555328,0.562177,12.0,3.0,2026-05-29T13:59:12.006800+00:00
1297,25,P08,yes,1,0.4481,0.444672,0.451541,16.0,23.0,2026-05-29T13:59:12.420721+00:00
1299,25,P05,yes,1,0.4619,0.45843,0.465333,18.0,23.0,2026-05-29T13:59:12.597019+00:00
1301,25,P05,yes,1,0.4757,0.472251,0.479179,20.0,23.0,2026-05-29T13:59:12.741493+00:00
1310,25,P05,yes,1,0.5243,0.520821,0.527749,27.0,23.0,2026-05-29T13:59:13.342282+00:00
1314,25,P05,yes,1,0.545,0.54157,0.548459,30.0,23.0,2026-05-29T13:59:13.878728+00:00
1316,25,P04,no,1,0.4481,0.555328,0.548459,31.0,24.0,2026-05-29T13:59:14.135069+00:00
1321,25,P05,yes,1,0.5588,0.555328,0.562177,34.0,25.0,2026-05-29T13:59:14.593812+00:00
1330,25,P05,yes,1,0.3874,0.38409,0.390682,39.0,55.0,2026-05-29T13:59:15.780177+00:00
1339,25,P01,no,10,8.0011,0.2227,0.178319,60.0,115.0,2026-05-29T13:59:16.671997+00:00
1341,25,P01,no,10,8.7458,0.141176,0.110727,60.0,135.0,2026-05-29T13:59:16.960003+00:00
1344,25,P01,no,10,9.2395,0.086187,0.066677,60.0,155.0,2026-05-29T13:59:17.301521+00:00
1354,25,P01,no,10,9.2198,0.0884,0.068427,81.0,175.0,2026-05-29T13:59:18.344089+00:00
1356,25,P01,no,10,9.3816,0.070219,0.05411,82.0,185.0,2026-05-29T13:59:18.515275+00:00
1358,25,P08,yes,1,0.0548,0.05411,0.055549,83.0,185.0,2026-05-29T13:59:18.625011+00:00
1365,25,P08,yes,1,0.0349,0.034445,0.035381,86.0,205.0,2026-05-29T13:59:19.042970+00:00
1381,25,P09,yes,20,1.5325,0.058537,0.097773,135.0,215.0,2026-05-29T13:59:20.617818+00:00
1393,25,P06,yes,1,0.2662,0.263515,0.268941,179.0,215.0,2026-05-29T13:59:21.619006+00:00
1403,25,P06,yes,1,0.2885,0.285638,0.291339,183.0,215.0,2026-05-29T13:59:23.050462+00:00
1426,25,P03,yes,5,1.8716,0.358166,0.390682,199.0,215.0,2026-05-29T13:59:26.401888+00:00
1462,25,P01,yes,1,0.2828,0.280003,0.285638,202.0,235.0,2026-05-29T13:59:34.093483+00:00
1464,25,P01,yes,1,0.2885,0.285638,0.291339,203.0,235.0,2026-05-29T13:59:34.277846+00:00
1478,25,P01,yes,1,0.2451,0.242524,0.247664,215.0,255.0,2026-05-29T13:59:36.303750+00:00
1483,25,P01,yes,1,0.2717,0.268941,0.274438,220.0,255.0,2026-05-29T13:59:37.100329+00:00
1490,25,P01,yes,1,0.3059,0.302941,0.308838,226.0,255.0,2026-05-29T13:59:38.068674+00:00
1497,25,P01,yes,1,0.3486,0.345498,0.351806,233.0,255.0,2026-05-29T13:59:39.210438+00:00
1505,25,P01,yes,1,0.394,0.390682,0.397315,240.0,255.0,2026-05-29T13:59:40.405427+00:00
1515,25,P01,yes,1,0.2063,0.20406,0.208609,247.0,295.0,2026-05-29T13:59:41.567991+00:00
1523,25,P01,yes,1,0.1534,0.151585,0.155192,234.0,295.0,2026-05-29T13:59:42.772782+00:00
1539,25,P08,yes,1,0.24,0.237458,0.242524,234.0,275.0,2026-05-29T13:59:52.219885+00:00
1545,25,P05,yes,1,0.2018,0.199585,0.20406,226.0,275.0,2026-05-29T13:59:57.624726+00:00
1548,25,P05,yes,1,0.2109,0.208609,0.213232,228.0,275.0,2026-05-29T13:59:59.274600+00:00
1558,25,P05,yes,20,5.6228,0.227546,0.339244,251.0,275.0,2026-05-29T14:00:05.932241+00:00
1564,25,P06,no,1,0.7749,0.227546,0.2227,231.0,276.0,2026-05-29T14:00:07.304761+00:00
1567,25,P05,yes,20,3.5906,0.141176,0.2227,251.0,296.0,2026-05-29T14:00:07.783175+00:00
1575,25,P02,yes,20,-10.6889,0.602685,0.465333,291.0,296.0,2026-05-29T14:00:09.222486+00:00
203,4,P01,yes,10,8.1309,0.791391,0.833566,103.0,45.0,2026-05-29T13:35:15.574473+00:00
204,4,P04,no,1,-0.1645,0.833566,0.837384,103.0,44.0,2026-05-29T13:35:16.642069+00:00
207,4,P07,yes,20,17.9764,0.871766,0.922171,133.0,44.0,2026-05-29T13:35:17.660521+00:00
212,4,P06,yes,1,0.9232,0.922171,0.924142,134.0,44.0,2026-05-29T13:35:22.446394+00:00
227,4,P07,yes,20,-12.4345,0.685201,0.555328,95.0,87.0,2026-05-29T13:35:34.955817+00:00
229,4,P02,no,20,-10.2759,0.41743,0.555328,75.0,67.0,2026-05-29T13:35:35.571775+00:00
231,4,P01,yes,10,5.8917,0.555328,0.622459,85.0,67.0,2026-05-29T13:35:36.020309+00:00
238,4,P02,no,12,-2.7359,0.74184,0.800415,105.0,55.0,2026-05-29T13:35:41.527192+00:00
246,4,P04,yes,3,2.5814,0.855422,0.865426,122.0,55.0,2026-05-29T13:35:48.204728+00:00
263,6,P07,no,20,4.9773,0.800415,0.697059,122.0,92.0,2026-05-29T13:37:00.890613+00:00
268,6,P06,yes,1,0.7058,0.702893,0.708661,124.0,92.0,2026-05-29T13:37:02.766175+00:00
271,6,P01,yes,1,-0.6941,0.697059,0.691162,121.0,92.0,2026-05-29T13:37:03.549554+00:00
272,6,P01,yes,1,-0.6882,0.691162,0.685201,120.0,92.0,2026-05-29T13:37:03.717877+00:00
1587,25,P04,yes,1,-0.5927,0.596015,0.589309,330.0,317.0,2026-05-29T14:00:12.122970+00:00
1651,25,P01,yes,10,-2.3277,0.25816,0.208609,302.0,350.0,2026-05-29T14:00:27.235280+00:00
1654,25,P07,no,20,17.351,0.166434,0.102784,292.0,370.0,2026-05-29T14:00:27.503381+00:00
1663,25,P02,yes,20,7.3076,0.302941,0.430999,340.0,350.0,2026-05-29T14:00:28.776523+00:00
1673,25,P05,yes,1,-0.6761,0.679179,0.673096,376.0,350.0,2026-05-29T14:00:30.628663+00:00
1692,25,P08,yes,1,-0.5792,0.58257,0.5758,361.0,350.0,2026-05-29T14:00:32.220288+00:00
1694,25,P05,yes,1,-0.5724,0.5758,0.569001,360.0,350.0,2026-05-29T14:00:32.257765+00:00
1699,25,P08,yes,1,-0.4073,0.410691,0.403985,356.0,370.0,2026-05-29T14:00:32.573316+00:00
1701,25,P05,yes,1,-0.2772,0.280003,0.274438,355.0,390.0,2026-05-29T14:00:32.690205+00:00
1704,25,P05,yes,1,-0.2608,0.263515,0.25816,352.0,390.0,2026-05-29T14:00:33.031408+00:00
1745,26,P06,yes,1,0.2717,0.268941,0.274438,375.0,410.0,2026-05-29T14:01:13.318308+00:00
1747,26,P06,yes,1,0.2772,0.274438,0.280003,376.0,410.0,2026-05-29T14:01:14.212391+00:00
1749,26,P06,yes,1,0.2828,0.280003,0.285638,377.0,410.0,2026-05-29T14:01:14.503279+00:00
1818,26,P05,yes,20,-6.0801,0.364576,0.247664,380.0,420.0,2026-05-29T14:01:42.444491+00:00
1825,26,P04,no,5,-2.1042,0.562177,0.596015,399.0,385.0,2026-05-29T14:01:46.700037+00:00
1835,26,P05,yes,20,-16.3272,0.855422,0.772454,359.0,315.0,2026-05-29T14:01:47.792946+00:00
1841,26,P05,yes,20,-13.1967,0.719997,0.596015,299.0,285.0,2026-05-29T14:01:48.390202+00:00
1846,26,P06,yes,1,-0.6576,0.660756,0.654502,278.0,255.0,2026-05-29T14:01:48.960096+00:00
1851,26,P06,yes,1,-0.807,0.809142,0.804815,277.0,226.0,2026-05-29T14:01:49.889091+00:00
1857,26,P02,yes,20,-9.3111,0.534667,0.397315,212.0,227.0,2026-05-29T14:01:50.975454+00:00
1867,26,P08,yes,1,0.0918,0.090664,0.09298,155.0,237.0,2026-05-29T14:01:55.341567+00:00
1871,26,P08,yes,1,0.157,0.155192,0.158869,157.0,217.0,2026-05-29T14:01:55.754364+00:00
2601,34,P02,yes,20,7.5655,0.314799,0.444672,150.0,158.0,2026-05-29T14:10:31.022592+00:00
2608,34,P08,yes,1,0.33,0.326904,0.333045,153.0,178.0,2026-05-29T14:10:31.696705+00:00
2617,34,P01,no,10,6.9679,0.333045,0.274438,193.0,228.0,2026-05-29T14:10:32.365717+00:00
2619,34,P08,yes,1,0.2772,0.274438,0.280003,194.0,228.0,2026-05-29T14:10:32.794642+00:00
2624,34,P02,yes,20,6.8033,0.280003,0.403985,214.0,228.0,2026-05-29T14:10:33.339180+00:00
2633,34,P04,yes,1,0.5519,0.548459,0.555328,236.0,228.0,2026-05-29T14:10:34.371528+00:00
2643,34,P06,yes,3,2.0999,0.691162,0.708661,260.0,228.0,2026-05-29T14:10:36.522654+00:00
206,4,P01,yes,10,8.5514,0.837384,0.871766,113.0,44.0,2026-05-29T13:35:16.968693+00:00
217,4,P06,yes,1,0.9251,0.924142,0.926066,135.0,44.0,2026-05-29T13:35:28.100468+00:00
222,4,P09,no,20,1.9249,0.926066,0.87785,135.0,64.0,2026-05-29T13:35:31.960495+00:00
233,4,P01,yes,10,6.5428,0.622459,0.685201,95.0,67.0,2026-05-29T13:35:37.284514+00:00
253,4,P08,no,1,0.1362,0.865426,0.862158,122.0,56.0,2026-05-29T13:35:51.992527+00:00
257,4,P02,no,1,-0.1362,0.862158,0.865426,122.0,55.0,2026-05-29T13:35:54.355960+00:00
260,4,P03,no,3,-0.3895,0.865426,0.87484,122.0,52.0,2026-05-29T13:35:57.278106+00:00
262,6,P09,no,20,3.2008,0.87484,0.800415,122.0,72.0,2026-05-29T13:36:57.862692+00:00
266,6,P04,yes,1,0.7,0.697059,0.702893,123.0,92.0,2026-05-29T13:37:01.526386+00:00
269,6,P01,yes,1,-0.7058,0.708661,0.702893,123.0,92.0,2026-05-29T13:37:02.821185+00:00
273,6,P01,yes,1,-0.6822,0.685201,0.679179,119.0,92.0,2026-05-29T13:37:03.884981+00:00
275,6,P01,yes,1,-0.67,0.673096,0.666955,117.0,92.0,2026-05-29T13:37:04.461699+00:00
276,6,P06,yes,1,0.67,0.666955,0.673096,118.0,92.0,2026-05-29T13:37:04.607692+00:00
277,6,P01,yes,1,-0.67,0.673096,0.666955,117.0,92.0,2026-05-29T13:37:04.835439+00:00
278,6,P01,yes,1,-0.6639,0.666955,0.660756,116.0,92.0,2026-05-29T13:37:05.043039+00:00
279,6,P01,yes,1,-0.6576,0.660756,0.654502,115.0,92.0,2026-05-29T13:37:05.245870+00:00
281,6,P01,yes,1,-0.6514,0.654502,0.648194,114.0,92.0,2026-05-29T13:37:05.726672+00:00
283,6,P03,yes,4,-2.5416,0.648194,0.622459,110.0,92.0,2026-05-29T13:37:06.381180+00:00
286,6,P06,yes,1,0.6257,0.622459,0.628965,111.0,92.0,2026-05-29T13:37:10.077403+00:00
287,6,P07,no,20,-6.1976,0.628965,0.747124,111.0,72.0,2026-05-29T13:37:10.949191+00:00
288,6,P04,no,1,0.2555,0.747124,0.74184,111.0,73.0,2026-05-29T13:37:11.190485+00:00
293,6,P06,yes,1,-0.7392,0.74184,0.736485,110.0,73.0,2026-05-29T13:37:15.581114+00:00
294,6,P06,yes,1,-0.7338,0.736485,0.731059,109.0,73.0,2026-05-29T13:37:17.413673+00:00
296,6,P06,yes,1,-0.7283,0.731059,0.725562,108.0,73.0,2026-05-29T13:37:18.080559+00:00
299,6,P06,yes,1,-0.7228,0.725562,0.719997,107.0,73.0,2026-05-29T13:37:18.988091+00:00
300,6,P06,yes,1,-0.7172,0.719997,0.714362,106.0,73.0,2026-05-29T13:37:19.647793+00:00
301,6,P03,no,8,2.472,0.714362,0.666955,106.0,81.0,2026-05-29T13:37:20.310874+00:00
313,6,P08,yes,1,0.67,0.666955,0.673096,107.0,81.0,2026-05-29T13:37:29.187768+00:00
318,6,P04,yes,1,-0.67,0.673096,0.666955,106.0,81.0,2026-05-29T13:37:31.234666+00:00
319,6,P03,yes,3,2.0284,0.666955,0.685201,109.0,81.0,2026-05-29T13:37:31.252106+00:00
325,6,P02,no,8,2.7151,0.685201,0.635424,109.0,89.0,2026-05-29T13:37:35.940159+00:00
326,6,P07,yes,20,13.9199,0.635424,0.752336,129.0,89.0,2026-05-29T13:37:37.043151+00:00
334,6,P05,no,5,-1.1751,0.752336,0.7773,129.0,84.0,2026-05-29T13:37:41.003808+00:00
338,6,P02,no,11,2.7569,0.7773,0.719997,129.0,95.0,2026-05-29T13:37:41.893487+00:00
341,6,P04,yes,1,-0.7172,0.719997,0.714362,128.0,95.0,2026-05-29T13:37:45.623932+00:00
344,6,P06,yes,1,0.7172,0.714362,0.719997,129.0,95.0,2026-05-29T13:37:49.839791+00:00
349,6,P06,yes,1,0.7445,0.74184,0.747124,134.0,95.0,2026-05-29T13:37:51.582874+00:00
368,6,P09,yes,20,12.9466,0.58257,0.708661,157.0,125.0,2026-05-29T13:38:05.055213+00:00
379,6,P02,no,20,-3.9282,0.757476,0.844808,172.0,111.0,2026-05-29T13:38:13.586356+00:00
407,8,P06,no,1,0.3059,0.697059,0.691162,195.0,166.0,2026-05-29T13:39:09.323572+00:00
417,8,P06,yes,1,-0.77,0.772454,0.767535,190.0,147.0,2026-05-29T13:39:18.107448+00:00
429,8,P08,yes,1,0.7445,0.74184,0.747124,190.0,151.0,2026-05-29T13:39:31.371207+00:00
450,8,P04,no,3,0.5412,0.825715,0.813395,180.0,127.0,2026-05-29T13:39:53.706953+00:00
451,8,P05,no,20,4.6737,0.813395,0.714362,180.0,147.0,2026-05-29T13:39:54.973918+00:00
452,8,P01,yes,20,-13.0722,0.714362,0.589309,160.0,147.0,2026-05-29T13:39:55.288883+00:00
462,8,P09,yes,20,-13.3201,0.725562,0.602685,141.0,126.0,2026-05-29T13:40:09.575376+00:00
1653,25,P01,yes,10,-1.8691,0.208609,0.166434,292.0,350.0,2026-05-29T14:00:27.401384+00:00
1655,25,P01,yes,10,-0.9088,0.102784,0.079846,282.0,370.0,2026-05-29T14:00:27.589727+00:00
1659,25,P09,no,20,-17.9764,0.077829,0.128234,281.0,350.0,2026-05-29T14:00:27.988288+00:00
1661,25,P05,yes,1,-0.2018,0.20406,0.199585,300.0,350.0,2026-05-29T14:00:28.150940+00:00
1664,25,P02,yes,20,10.0,0.430999,0.569001,360.0,350.0,2026-05-29T14:00:29.108460+00:00
1672,25,P05,yes,1,-0.6822,0.685201,0.679179,377.0,350.0,2026-05-29T14:00:30.457584+00:00
1674,25,P05,yes,1,-0.67,0.673096,0.666955,375.0,350.0,2026-05-29T14:00:30.785992+00:00
1691,25,P05,yes,1,-0.5859,0.589309,0.58257,362.0,350.0,2026-05-29T14:00:32.092691+00:00
1696,25,P05,yes,1,-0.5588,0.562177,0.555328,358.0,350.0,2026-05-29T14:00:32.393888+00:00
1727,26,P09,yes,20,-4.2893,0.263515,0.170324,333.0,390.0,2026-05-29T14:01:07.899763+00:00
1733,26,P04,yes,1,-0.2662,0.268941,0.263515,353.0,390.0,2026-05-29T14:01:09.329941+00:00
1739,26,P09,no,20,13.5636,0.38409,0.263515,373.0,410.0,2026-05-29T14:01:10.941479+00:00
1744,26,P06,yes,1,0.2662,0.263515,0.268941,374.0,410.0,2026-05-29T14:01:13.068000+00:00
1756,26,P05,yes,1,0.3,0.297107,0.302941,380.0,410.0,2026-05-29T14:01:16.994844+00:00
1781,26,P03,no,5,3.6412,0.285638,0.25816,382.0,420.0,2026-05-29T14:01:23.229447+00:00
1794,26,P09,yes,20,6.4364,0.263515,0.38409,403.0,420.0,2026-05-29T14:01:26.642266+00:00
1824,26,P01,no,10,-4.723,0.493056,0.562177,399.0,390.0,2026-05-29T14:01:46.544354+00:00
1829,26,P01,no,10,-3.7123,0.596015,0.660756,379.0,355.0,2026-05-29T14:01:47.034227+00:00
1834,26,P01,no,10,-1.6291,0.817574,0.855422,379.0,315.0,2026-05-29T14:01:47.719742+00:00
1840,26,P01,no,10,-3.091,0.660756,0.719997,319.0,285.0,2026-05-29T14:01:48.248077+00:00
1845,26,P01,no,10,-3.7123,0.596015,0.660756,279.0,255.0,2026-05-29T14:01:48.800933+00:00
1850,26,P08,no,1,0.1887,0.813395,0.809142,278.0,226.0,2026-05-29T14:01:49.607940+00:00
1856,26,P06,yes,1,-0.5381,0.54157,0.534667,232.0,227.0,2026-05-29T14:01:50.852515+00:00
1861,26,P02,yes,20,-2.2342,0.141176,0.086187,152.0,237.0,2026-05-29T14:01:52.035104+00:00
1868,26,P08,yes,1,0.0942,0.09298,0.095349,156.0,237.0,2026-05-29T14:01:55.551356+00:00
1873,26,P08,yes,1,0.2503,0.247664,0.252876,158.0,197.0,2026-05-29T14:01:55.955969+00:00
1875,26,P08,yes,1,0.3743,0.371035,0.377541,159.0,177.0,2026-05-29T14:01:56.103584+00:00
2610,34,P01,no,10,6.9679,0.333045,0.274438,153.0,188.0,2026-05-29T14:10:31.763544+00:00
2615,34,P02,yes,20,6.6799,0.274438,0.397315,193.0,208.0,2026-05-29T14:10:32.082375+00:00
2634,34,P02,yes,20,12.4345,0.555328,0.685201,256.0,228.0,2026-05-29T14:10:34.392169+00:00
2636,34,P04,yes,1,0.6882,0.685201,0.691162,257.0,228.0,2026-05-29T14:10:34.541138+00:00
2653,34,P09,yes,20,-12.9466,0.708661,0.58257,240.0,228.0,2026-05-29T14:10:40.776218+00:00
2666,34,P01,no,10,-3.7123,0.596015,0.660756,242.0,218.0,2026-05-29T14:10:54.242300+00:00
2671,34,P01,no,10,-1.9989,0.7773,0.821681,243.0,188.0,2026-05-29T14:10:54.693623+00:00
2677,34,P01,no,10,-0.7605,0.913813,0.933323,243.0,148.0,2026-05-29T14:10:55.401634+00:00
345,6,P06,yes,1,0.7228,0.719997,0.725562,130.0,95.0,2026-05-29T13:37:50.205221+00:00
346,6,P06,yes,1,0.7283,0.725562,0.731059,131.0,95.0,2026-05-29T13:37:50.584833+00:00
347,6,P06,yes,1,0.7338,0.731059,0.736485,132.0,95.0,2026-05-29T13:37:51.034041+00:00
354,6,P06,yes,1,0.6761,0.673096,0.679179,137.0,110.0,2026-05-29T13:37:54.166149+00:00
359,6,P03,no,6,1.9988,0.685201,0.648194,138.0,116.0,2026-05-29T13:37:56.415987+00:00
366,6,P06,yes,1,-0.7115,0.714362,0.708661,157.0,125.0,2026-05-29T13:38:03.396096+00:00
370,6,P08,yes,1,0.7172,0.714362,0.719997,158.0,124.0,2026-05-29T13:38:05.860417+00:00
372,6,P04,no,7,1.7896,0.762542,0.725562,166.0,131.0,2026-05-29T13:38:08.282850+00:00
392,8,P01,yes,10,-6.909,0.719997,0.660756,155.0,131.0,2026-05-29T13:38:53.789236+00:00
398,8,P01,yes,10,6.7285,0.641834,0.702893,175.0,144.0,2026-05-29T13:39:01.207737+00:00
403,8,P07,no,20,4.8747,0.804815,0.702893,195.0,164.0,2026-05-29T13:39:05.060480+00:00
414,8,P06,yes,1,-0.7844,0.786768,0.782071,193.0,147.0,2026-05-29T13:39:15.855532+00:00
423,8,P03,yes,1,-0.765,0.767535,0.762542,189.0,147.0,2026-05-29T13:39:27.161363+00:00
430,8,P07,yes,20,15.8942,0.747124,0.837384,210.0,151.0,2026-05-29T13:39:31.933834+00:00
438,8,P07,yes,20,-14.9186,0.79594,0.691162,180.0,151.0,2026-05-29T13:39:38.783276+00:00
457,8,P02,no,1,-0.2772,0.719997,0.725562,161.0,126.0,2026-05-29T13:40:01.495524+00:00
1698,25,P05,yes,1,-0.4141,0.41743,0.410691,357.0,370.0,2026-05-29T14:00:32.554126+00:00
1728,26,P05,yes,1,0.1723,0.170324,0.174285,334.0,390.0,2026-05-29T14:01:08.043103+00:00
1751,26,P05,yes,1,0.2942,0.291339,0.297107,379.0,410.0,2026-05-29T14:01:15.242879+00:00
1776,26,P05,yes,1,0.3178,0.314799,0.320821,383.0,410.0,2026-05-29T14:01:22.694226+00:00
1777,26,P08,yes,1,-0.3178,0.320821,0.314799,382.0,410.0,2026-05-29T14:01:23.000463+00:00
1793,26,P05,yes,1,0.2608,0.25816,0.263515,383.0,420.0,2026-05-29T14:01:26.027783+00:00
1826,26,P01,no,10,-3.7123,0.596015,0.660756,399.0,375.0,2026-05-29T14:01:46.720064+00:00
1837,26,P05,yes,20,-15.4246,0.817574,0.719997,339.0,305.0,2026-05-29T14:01:48.056598+00:00
1842,26,P01,no,10,-3.7123,0.596015,0.660756,299.0,275.0,2026-05-29T14:01:48.417435+00:00
1847,26,P01,no,10,-3.1506,0.654502,0.714362,278.0,245.0,2026-05-29T14:01:48.978353+00:00
1852,26,P08,no,1,0.1974,0.804815,0.800415,277.0,227.0,2026-05-29T14:01:49.908571+00:00
1853,26,P03,yes,4,-3.1654,0.800415,0.782071,273.0,227.0,2026-05-29T14:01:50.470622+00:00
1858,26,P02,yes,20,-6.6799,0.397315,0.274438,192.0,227.0,2026-05-29T14:01:51.158219+00:00
1866,26,P08,yes,1,0.0895,0.0884,0.090664,154.0,237.0,2026-05-29T14:01:55.139797+00:00
1872,26,P07,no,20,-15.9837,0.158869,0.247664,157.0,197.0,2026-05-29T14:01:55.932279+00:00
1874,26,P09,no,20,-13.8024,0.252876,0.371035,158.0,177.0,2026-05-29T14:01:56.084132+00:00
2669,34,P01,no,10,-2.5318,0.719997,0.772454,242.0,198.0,2026-05-29T14:10:54.549044+00:00
2674,34,P01,no,10,-1.2542,0.858824,0.889273,243.0,168.0,2026-05-29T14:10:55.017106+00:00
2680,34,P01,no,10,-0.5869,0.933323,0.948664,243.0,138.0,2026-05-29T14:10:55.606761+00:00
2682,34,P01,no,10,-0.451,0.948664,0.960625,243.0,128.0,2026-05-29T14:10:55.775531+00:00
2689,34,P01,no,10,-0.2012,0.977023,0.982498,223.0,78.0,2026-05-29T14:10:56.567965+00:00
2699,34,P08,yes,1,-0.9568,0.957349,0.9562,179.0,68.0,2026-05-29T14:10:58.204205+00:00
2704,34,P02,yes,20,-15.1253,0.804815,0.702893,119.0,88.0,2026-05-29T14:10:59.188491+00:00
2708,34,P05,yes,1,-0.5656,0.569001,0.562177,117.0,108.0,2026-05-29T14:11:00.176484+00:00
2728,34,P01,no,1,0.3424,0.660756,0.654502,135.0,112.0,2026-05-29T14:11:08.538987+00:00
2732,34,P01,no,1,0.3678,0.635424,0.628965,135.0,116.0,2026-05-29T14:11:09.468404+00:00
2905,36,P05,no,1,0.4006,0.602685,0.596015,226.0,212.0,2026-05-29T14:13:12.863371+00:00
2984,39,P02,yes,1,0.67,0.666955,0.673096,249.0,223.0,2026-05-29T14:13:50.890750+00:00
2990,39,P05,no,1,0.24,0.762542,0.757476,249.0,208.0,2026-05-29T14:13:54.074973+00:00
2995,39,P05,no,1,0.2503,0.752336,0.747124,249.0,210.0,2026-05-29T14:13:56.227357+00:00
348,6,P06,yes,1,0.7392,0.736485,0.74184,133.0,95.0,2026-05-29T13:37:51.289230+00:00
350,6,P06,yes,1,0.7497,0.747124,0.752336,135.0,95.0,2026-05-29T13:37:51.922440+00:00
353,6,P06,yes,1,0.67,0.666955,0.673096,136.0,110.0,2026-05-29T13:37:53.652659+00:00
355,6,P06,yes,1,0.6822,0.679179,0.685201,138.0,110.0,2026-05-29T13:37:54.444016+00:00
360,6,P09,no,11,4.2635,0.648194,0.5758,138.0,127.0,2026-05-29T13:37:56.982652+00:00
362,6,P08,no,2,-0.8349,0.5758,0.589309,138.0,125.0,2026-05-29T13:37:59.928031+00:00
364,6,P05,yes,20,13.0722,0.589309,0.714362,158.0,125.0,2026-05-29T13:38:01.116243+00:00
367,6,P07,yes,20,-12.9466,0.708661,0.58257,137.0,125.0,2026-05-29T13:38:03.851780+00:00
369,6,P02,no,1,-0.2885,0.708661,0.714362,157.0,124.0,2026-05-29T13:38:05.095318+00:00
371,6,P01,yes,8,5.9332,0.719997,0.762542,166.0,124.0,2026-05-29T13:38:06.087926+00:00
378,6,P01,yes,8,5.8904,0.714362,0.757476,172.0,131.0,2026-05-29T13:38:13.165683+00:00
381,6,P06,yes,1,-0.843,0.844808,0.841131,171.0,111.0,2026-05-29T13:38:15.252797+00:00
383,6,P09,yes,20,-15.9837,0.841131,0.752336,151.0,111.0,2026-05-29T13:38:15.821500+00:00
385,6,P05,no,20,6.0801,0.752336,0.635424,151.0,131.0,2026-05-29T13:38:17.030369+00:00
386,6,P06,yes,1,-0.6322,0.635424,0.628965,150.0,131.0,2026-05-29T13:38:17.686530+00:00
387,6,P01,yes,8,5.2349,0.628965,0.679179,158.0,131.0,2026-05-29T13:38:18.055717+00:00
388,6,P06,yes,1,-0.6761,0.679179,0.673096,157.0,131.0,2026-05-29T13:38:18.713339+00:00
393,8,P01,yes,10,-6.2877,0.660756,0.596015,145.0,131.0,2026-05-29T13:38:54.535924+00:00
400,8,P01,yes,10,7.3077,0.702893,0.757476,185.0,144.0,2026-05-29T13:39:02.008003+00:00
408,8,P09,no,20,-5.0814,0.691162,0.79594,195.0,146.0,2026-05-29T13:39:10.378777+00:00
412,8,P04,yes,1,-0.7891,0.791391,0.786768,194.0,147.0,2026-05-29T13:39:12.578246+00:00
416,8,P06,yes,1,-0.7749,0.7773,0.772454,191.0,147.0,2026-05-29T13:39:17.500752+00:00
425,8,P09,no,20,5.8488,0.762542,0.648194,189.0,167.0,2026-05-29T13:39:28.137830+00:00
441,8,P09,no,20,-5.0814,0.691162,0.79594,180.0,131.0,2026-05-29T13:39:45.100575+00:00
445,8,P09,no,20,-3.2759,0.79594,0.871766,180.0,111.0,2026-05-29T13:39:49.266648+00:00
454,8,P07,no,20,-6.9278,0.589309,0.714362,160.0,127.0,2026-05-29T13:39:58.143221+00:00
1700,25,P09,no,20,13.1967,0.403985,0.280003,356.0,390.0,2026-05-29T14:00:32.599395+00:00
1702,25,P08,yes,1,-0.2717,0.274438,0.268941,354.0,390.0,2026-05-29T14:00:32.719921+00:00
1705,25,P04,no,1,-0.7392,0.25816,0.263515,352.0,389.0,2026-05-29T14:00:33.740546+00:00
1731,26,P02,yes,20,4.3832,0.174285,0.268941,354.0,390.0,2026-05-29T14:01:08.959369+00:00
1762,26,P08,yes,1,-0.3059,0.308838,0.302941,380.0,410.0,2026-05-29T14:01:18.707679+00:00
1797,26,P05,yes,1,-0.3808,0.38409,0.377541,402.0,420.0,2026-05-29T14:01:28.497975+00:00
1803,26,P05,yes,1,-0.3743,0.377541,0.371035,401.0,420.0,2026-05-29T14:01:32.371730+00:00
1823,26,P01,no,10,-5.415,0.4242,0.493056,399.0,400.0,2026-05-29T14:01:46.385297+00:00
1828,26,P01,no,10,-4.3792,0.527749,0.596015,379.0,365.0,2026-05-29T14:01:46.851477+00:00
1833,26,P01,no,10,-2.0437,0.772454,0.817574,379.0,325.0,2026-05-29T14:01:47.535270+00:00
1839,26,P05,yes,20,-14.3772,0.772454,0.660756,319.0,295.0,2026-05-29T14:01:48.229044+00:00
1844,26,P01,no,10,-4.3792,0.527749,0.596015,279.0,265.0,2026-05-29T14:01:48.603052+00:00
1849,26,P01,no,10,-2.0892,0.767535,0.813395,278.0,225.0,2026-05-29T14:01:49.358238+00:00
1855,26,P02,yes,20,-12.1731,0.673096,0.54157,233.0,227.0,2026-05-29T14:01:50.815782+00:00
1860,26,P09,no,10,8.4084,0.178319,0.141176,172.0,237.0,2026-05-29T14:01:51.988894+00:00
1870,26,P09,no,20,-17.5362,0.095349,0.155192,156.0,217.0,2026-05-29T14:01:55.724555+00:00
1877,26,P09,no,20,-10.963,0.38409,0.520821,160.0,157.0,2026-05-29T14:01:56.352600+00:00
2663,34,P05,yes,1,0.5859,0.58257,0.589309,241.0,228.0,2026-05-29T14:10:51.117974+00:00
351,6,P02,no,15,4.3366,0.752336,0.666955,135.0,110.0,2026-05-29T13:37:52.733951+00:00
375,6,P06,yes,1,-0.7228,0.725562,0.719997,165.0,131.0,2026-05-29T13:38:11.445196+00:00
377,6,P06,yes,1,-0.7172,0.719997,0.714362,164.0,131.0,2026-05-29T13:38:12.550780+00:00
389,6,P01,yes,8,5.5751,0.673096,0.719997,165.0,131.0,2026-05-29T13:38:19.031186+00:00
394,8,P04,no,1,0.4073,0.596015,0.589309,145.0,132.0,2026-05-29T13:38:54.796353+00:00
395,8,P09,yes,20,13.0722,0.589309,0.714362,165.0,132.0,2026-05-29T13:38:55.575820+00:00
396,8,P03,no,6,1.8182,0.714362,0.679179,165.0,138.0,2026-05-29T13:38:56.283440+00:00
397,8,P03,no,6,2.036,0.679179,0.641834,165.0,144.0,2026-05-29T13:38:59.832489+00:00
401,8,P01,yes,10,7.8176,0.757476,0.804815,195.0,144.0,2026-05-29T13:39:03.415666+00:00
405,8,P06,no,1,0.3,0.702893,0.697059,195.0,165.0,2026-05-29T13:39:06.742448+00:00
409,8,P06,no,1,0.2063,0.79594,0.791391,195.0,147.0,2026-05-29T13:39:10.474501+00:00
415,8,P06,yes,1,-0.7797,0.782071,0.7773,192.0,147.0,2026-05-29T13:39:16.623014+00:00
427,8,P06,no,3,-1.0272,0.648194,0.666955,189.0,164.0,2026-05-29T13:39:28.447292+00:00
428,8,P02,no,13,-3.8308,0.666955,0.74184,189.0,151.0,2026-05-29T13:39:30.783643+00:00
435,8,P01,yes,10,-8.1727,0.837384,0.79594,200.0,151.0,2026-05-29T13:39:37.566099+00:00
448,8,P08,no,3,0.399,0.871766,0.862158,180.0,114.0,2026-05-29T13:39:53.007581+00:00
449,8,P02,no,10,1.5548,0.862158,0.825715,180.0,124.0,2026-05-29T13:39:53.118754+00:00
455,8,P04,yes,1,0.7172,0.714362,0.719997,161.0,127.0,2026-05-29T13:39:58.650273+00:00
464,8,P07,yes,20,13.3201,0.602685,0.725562,161.0,126.0,2026-05-29T13:40:10.672491+00:00
465,8,P02,no,9,-2.2545,0.725562,0.772454,161.0,117.0,2026-05-29T13:40:11.250640+00:00
466,8,P08,yes,4,3.1281,0.772454,0.791391,165.0,117.0,2026-05-29T13:40:11.511221+00:00
469,10,P06,no,1,0.2109,0.791391,0.786768,165.0,118.0,2026-05-29T13:40:37.378370+00:00
470,10,P06,no,1,0.2156,0.786768,0.782071,165.0,119.0,2026-05-29T13:40:37.726058+00:00
471,10,P06,no,1,0.2203,0.782071,0.7773,165.0,120.0,2026-05-29T13:40:38.134553+00:00
472,10,P06,no,1,0.2251,0.7773,0.772454,165.0,121.0,2026-05-29T13:40:38.429537+00:00
473,10,P06,no,1,0.23,0.772454,0.767535,165.0,122.0,2026-05-29T13:40:38.783315+00:00
474,10,P06,no,1,0.235,0.767535,0.762542,165.0,123.0,2026-05-29T13:40:39.122241+00:00
475,10,P06,no,1,0.24,0.762542,0.757476,165.0,124.0,2026-05-29T13:40:39.479970+00:00
476,10,P06,no,1,0.2451,0.757476,0.752336,165.0,125.0,2026-05-29T13:40:39.867366+00:00
477,10,P06,no,1,0.2503,0.752336,0.747124,165.0,126.0,2026-05-29T13:40:40.218577+00:00
478,10,P06,no,1,0.2555,0.747124,0.74184,165.0,127.0,2026-05-29T13:40:41.289797+00:00
479,10,P07,yes,20,15.8032,0.74184,0.833566,185.0,127.0,2026-05-29T13:40:43.291123+00:00
484,10,P01,yes,20,-15.8032,0.833566,0.74184,165.0,127.0,2026-05-29T13:40:49.621849+00:00
486,10,P01,yes,20,-13.6836,0.74184,0.622459,145.0,127.0,2026-05-29T13:40:50.323788+00:00
487,10,P01,yes,20,-11.0996,0.622459,0.486115,125.0,127.0,2026-05-29T13:40:50.989605+00:00
488,10,P04,yes,1,0.4896,0.486115,0.493056,126.0,127.0,2026-05-29T13:40:51.470584+00:00
490,10,P01,yes,20,-8.4935,0.493056,0.358166,106.0,127.0,2026-05-29T13:40:52.382614+00:00
491,10,P04,yes,1,0.3614,0.358166,0.364576,107.0,127.0,2026-05-29T13:40:52.734567+00:00
492,10,P09,no,20,-11.3714,0.364576,0.5,107.0,107.0,2026-05-29T13:40:54.332733+00:00
493,10,P07,yes,20,11.3714,0.5,0.635424,127.0,107.0,2026-05-29T13:40:55.116807+00:00
494,10,P06,no,1,-0.3614,0.635424,0.641834,127.0,106.0,2026-05-29T13:40:55.321001+00:00
495,10,P05,no,20,-5.9638,0.641834,0.757476,127.0,86.0,2026-05-29T13:40:55.480170+00:00
496,10,P08,yes,6,4.6341,0.757476,0.786768,133.0,86.0,2026-05-29T13:40:56.349826+00:00
501,10,P04,yes,1,-0.7844,0.786768,0.782071,132.0,86.0,2026-05-29T13:41:08.752400+00:00
504,10,P09,no,20,5.4021,0.782071,0.673096,132.0,106.0,2026-05-29T13:41:11.311162+00:00
507,10,P01,yes,1,0.6761,0.673096,0.679179,133.0,106.0,2026-05-29T13:41:12.745477+00:00
510,10,P01,yes,1,0.6822,0.679179,0.685201,134.0,106.0,2026-05-29T13:41:16.330435+00:00
511,10,P09,no,20,-5.1869,0.685201,0.791391,134.0,86.0,2026-05-29T13:41:17.524585+00:00
512,10,P06,no,1,-0.2063,0.791391,0.79594,134.0,85.0,2026-05-29T13:41:17.876288+00:00
514,10,P01,yes,1,0.7982,0.79594,0.800415,135.0,85.0,2026-05-29T13:41:18.005405+00:00
515,10,P01,yes,1,0.8026,0.800415,0.804815,136.0,85.0,2026-05-29T13:41:18.275652+00:00
516,10,P01,yes,1,0.807,0.804815,0.809142,137.0,85.0,2026-05-29T13:41:18.486231+00:00
518,10,P02,no,20,4.7735,0.809142,0.708661,137.0,105.0,2026-05-29T13:41:18.649272+00:00
519,10,P01,yes,1,0.7115,0.708661,0.714362,138.0,105.0,2026-05-29T13:41:18.686702+00:00
520,10,P01,yes,1,0.7172,0.714362,0.719997,139.0,105.0,2026-05-29T13:41:19.201291+00:00
521,10,P01,yes,1,0.7228,0.719997,0.725562,140.0,105.0,2026-05-29T13:41:19.470323+00:00
522,10,P06,no,1,-0.2717,0.725562,0.731059,140.0,104.0,2026-05-29T13:41:21.405748+00:00
524,10,P09,no,20,6.5575,0.731059,0.609318,140.0,124.0,2026-05-29T13:41:22.660294+00:00
547,10,P02,no,20,-7.8269,0.54157,0.673096,159.0,133.0,2026-05-29T13:41:45.003542+00:00
550,10,P09,no,20,-4.5754,0.719997,0.817574,159.0,105.0,2026-05-29T13:41:50.826778+00:00
561,10,P02,no,20,-5.4021,0.673096,0.782071,171.0,125.0,2026-05-29T13:42:02.151178+00:00
562,10,P04,no,1,-0.2156,0.782071,0.786768,171.0,124.0,2026-05-29T13:42:02.640586+00:00
563,12,P01,yes,10,-7.6224,0.786768,0.736485,161.0,124.0,2026-05-29T13:42:27.100702+00:00
568,12,P06,no,1,-0.5174,0.479179,0.486115,121.0,123.0,2026-05-29T13:42:28.690408+00:00
570,12,P06,no,1,-0.5792,0.41743,0.4242,111.0,122.0,2026-05-29T13:42:29.526109+00:00
578,12,P09,no,20,-6.3164,0.622459,0.74184,111.0,73.0,2026-05-29T13:42:38.415753+00:00
598,12,P01,yes,10,7.6723,0.74184,0.791391,141.0,93.0,2026-05-29T13:43:15.880545+00:00
1715,25,P06,no,1,0.7392,0.263515,0.25816,352.0,390.0,2026-05-29T14:00:38.108541+00:00
1722,26,P05,yes,1,0.2608,0.25816,0.263515,353.0,390.0,2026-05-29T14:01:07.493686+00:00
1734,26,P02,yes,20,6.4364,0.263515,0.38409,373.0,390.0,2026-05-29T14:01:09.942164+00:00
1750,26,P06,yes,1,0.2885,0.285638,0.291339,378.0,410.0,2026-05-29T14:01:15.126259+00:00
1760,26,P05,yes,1,0.3059,0.302941,0.308838,381.0,410.0,2026-05-29T14:01:17.600607+00:00
1766,26,P05,yes,1,0.3059,0.302941,0.308838,381.0,410.0,2026-05-29T14:01:20.095409+00:00
1767,26,P05,yes,1,0.3118,0.308838,0.314799,382.0,410.0,2026-05-29T14:01:20.982913+00:00
1778,26,P03,no,5,3.4996,0.314799,0.285638,382.0,415.0,2026-05-29T14:01:23.048005+00:00
1804,26,P08,yes,1,-0.3678,0.371035,0.364576,400.0,420.0,2026-05-29T14:01:32.658416+00:00
1820,26,P03,yes,1,-0.2451,0.247664,0.242524,379.0,420.0,2026-05-29T14:01:42.770824+00:00
1821,26,P02,yes,20,5.9638,0.242524,0.358166,399.0,420.0,2026-05-29T14:01:43.794312+00:00
1822,26,P01,no,10,-6.0915,0.358166,0.4242,399.0,410.0,2026-05-29T14:01:45.892456+00:00
1827,26,P05,yes,20,-11.9085,0.660756,0.527749,379.0,375.0,2026-05-29T14:01:46.759886+00:00
1831,26,P01,no,10,-3.091,0.660756,0.719997,379.0,345.0,2026-05-29T14:01:47.260436+00:00
1832,26,P01,no,10,-2.5318,0.719997,0.772454,379.0,335.0,2026-05-29T14:01:47.376950+00:00
1836,26,P01,no,10,-2.0437,0.772454,0.817574,359.0,305.0,2026-05-29T14:01:47.884269+00:00
1838,26,P01,no,10,-2.5318,0.719997,0.772454,339.0,295.0,2026-05-29T14:01:48.075971+00:00
1843,26,P05,yes,20,-11.9085,0.660756,0.527749,279.0,275.0,2026-05-29T14:01:48.543343+00:00
1848,26,P01,no,10,-2.5846,0.714362,0.767535,278.0,235.0,2026-05-29T14:01:49.143949+00:00
1854,26,P02,yes,20,-14.5979,0.782071,0.673096,253.0,227.0,2026-05-29T14:01:50.669615+00:00
1859,26,P02,yes,20,-4.4786,0.274438,0.178319,172.0,227.0,2026-05-29T14:01:51.618173+00:00
1865,26,P08,yes,1,0.0873,0.086187,0.0884,153.0,237.0,2026-05-29T14:01:54.973369+00:00
1876,26,P08,yes,1,0.3808,0.377541,0.38409,160.0,177.0,2026-05-29T14:01:56.311195+00:00
2664,34,P05,yes,1,0.5927,0.589309,0.596015,242.0,228.0,2026-05-29T14:10:51.858585+00:00
2670,34,P05,yes,1,0.7749,0.772454,0.7773,243.0,198.0,2026-05-29T14:10:54.589393+00:00
2675,34,P01,no,10,-0.98,0.889273,0.913813,243.0,158.0,2026-05-29T14:10:55.191230+00:00
2684,34,P01,no,10,-0.5869,0.933323,0.948664,223.0,118.0,2026-05-29T14:10:55.914360+00:00
2686,34,P01,no,10,-0.3454,0.960625,0.969887,223.0,98.0,2026-05-29T14:10:56.250503+00:00
2691,34,P02,yes,20,-19.5349,0.982498,0.969887,203.0,78.0,2026-05-29T14:10:56.627791+00:00
2695,34,P08,yes,1,-0.9601,0.960625,0.95956,182.0,68.0,2026-05-29T14:10:57.556814+00:00
2703,34,P07,yes,20,-16.873,0.87785,0.804815,139.0,88.0,2026-05-29T14:10:59.164732+00:00
2923,36,P09,yes,10,-8.4084,0.858824,0.821681,236.0,181.0,2026-05-29T14:13:18.795261+00:00
2999,39,P05,no,1,0.2608,0.74184,0.736485,249.0,212.0,2026-05-29T14:13:57.977839+00:00
3026,39,P02,no,20,4.7735,0.809142,0.708661,249.0,217.0,2026-05-29T14:14:16.505271+00:00
3032,39,P05,no,1,0.2942,0.708661,0.702893,249.0,218.0,2026-05-29T14:14:19.942105+00:00
3036,39,P05,no,1,0.3118,0.691162,0.685201,249.0,221.0,2026-05-29T14:14:20.391299+00:00
3037,39,P05,no,1,0.3178,0.685201,0.679179,249.0,222.0,2026-05-29T14:14:20.542234+00:00
3039,39,P05,no,1,0.3239,0.679179,0.673096,249.0,223.0,2026-05-29T14:14:20.693417+00:00
3041,39,P05,no,1,0.3361,0.666955,0.660756,249.0,225.0,2026-05-29T14:14:21.648443+00:00
3044,39,P05,no,1,0.3486,0.654502,0.648194,249.0,227.0,2026-05-29T14:14:22.006923+00:00
3045,39,P05,no,1,0.355,0.648194,0.641834,249.0,228.0,2026-05-29T14:14:22.173824+00:00
3049,39,P05,no,1,0.3743,0.628965,0.622459,249.0,231.0,2026-05-29T14:14:22.776128+00:00
3053,39,P05,no,1,0.394,0.609318,0.602685,249.0,234.0,2026-05-29T14:14:23.326560+00:00
3055,39,P08,yes,1,0.67,0.666955,0.673096,260.0,234.0,2026-05-29T14:14:24.510866+00:00
3065,39,P05,no,20,-4.3832,0.731059,0.825715,260.0,204.0,2026-05-29T14:14:37.344930+00:00
534,10,P01,yes,10,8.1309,0.791391,0.833566,180.0,122.0,2026-05-29T13:41:39.678009+00:00
536,10,P01,yes,10,8.8343,0.868629,0.897216,200.0,122.0,2026-05-29T13:41:40.346103+00:00
541,10,P09,no,20,4.2893,0.829676,0.736485,179.0,142.0,2026-05-29T13:41:43.076294+00:00
545,10,P06,no,1,-0.5174,0.479179,0.486115,159.0,161.0,2026-05-29T13:41:44.701298+00:00
546,10,P03,no,8,-3.889,0.486115,0.54157,159.0,153.0,2026-05-29T13:41:44.796435+00:00
554,10,P02,no,20,2.9141,0.886508,0.817574,179.0,125.0,2026-05-29T13:41:54.586301+00:00
559,10,P08,yes,8,-6.4017,0.817574,0.782071,171.0,125.0,2026-05-29T13:41:59.797591+00:00
565,12,P01,yes,10,-6.4798,0.679179,0.61591,141.0,124.0,2026-05-29T13:42:27.614540+00:00
566,12,P01,yes,10,-5.8244,0.61591,0.548459,131.0,124.0,2026-05-29T13:42:27.812071+00:00
574,12,P05,no,20,-9.3111,0.465333,0.602685,111.0,96.0,2026-05-29T13:42:32.947503+00:00
580,12,P09,no,20,6.3164,0.74184,0.622459,111.0,93.0,2026-05-29T13:42:49.630435+00:00
1880,26,P02,yes,20,-9.037,0.520821,0.38409,140.0,157.0,2026-05-29T14:02:01.421666+00:00
1885,26,P08,yes,1,-0.33,0.333045,0.326904,136.0,162.0,2026-05-29T14:02:02.157948+00:00
1890,26,P05,yes,20,7.8269,0.326904,0.45843,156.0,162.0,2026-05-29T14:02:08.142457+00:00
1903,26,P04,no,6,3.0416,0.513885,0.472251,183.0,187.0,2026-05-29T14:02:17.539097+00:00
1906,26,P06,no,1,-0.5174,0.479179,0.486115,183.0,185.0,2026-05-29T14:02:21.109415+00:00
1912,26,P04,no,6,4.2856,0.302941,0.268941,161.0,197.0,2026-05-29T14:02:24.487202+00:00
1918,29,P05,yes,20,-4.4786,0.274438,0.178319,141.0,196.0,2026-05-29T14:02:47.103265+00:00
1921,29,P02,yes,20,4.6737,0.186605,0.285638,163.0,196.0,2026-05-29T14:02:49.161995+00:00
1939,29,P01,yes,10,7.9108,0.767535,0.813395,246.0,193.0,2026-05-29T14:03:02.780088+00:00
1944,29,P06,yes,10,-7.9108,0.813395,0.767535,256.0,213.0,2026-05-29T14:03:03.241074+00:00
1946,29,P01,yes,10,8.1309,0.791391,0.833566,271.0,213.0,2026-05-29T14:03:03.378186+00:00
1951,29,P08,yes,1,-0.645,0.648194,0.641834,274.0,253.0,2026-05-29T14:03:04.472427+00:00
1955,29,P08,yes,1,-0.6322,0.635424,0.628965,272.0,253.0,2026-05-29T14:03:04.802445+00:00
1958,29,P08,yes,1,-0.6192,0.622459,0.61591,270.0,253.0,2026-05-29T14:03:05.114067+00:00
1978,29,P01,no,10,6.4162,0.390682,0.326904,269.0,295.0,2026-05-29T14:03:11.261989+00:00
1996,29,P06,no,1,0.645,0.358166,0.351806,286.0,308.0,2026-05-29T14:03:25.431710+00:00
1998,29,P04,yes,1,-0.3424,0.345498,0.339244,285.0,309.0,2026-05-29T14:03:29.587986+00:00
2004,29,P05,yes,1,-0.4688,0.472251,0.465333,304.0,309.0,2026-05-29T14:03:37.511746+00:00
2012,29,P05,yes,1,-0.4276,0.430999,0.4242,299.0,310.0,2026-05-29T14:03:38.459994+00:00
2024,29,P05,yes,20,9.3111,0.397315,0.534667,295.0,290.0,2026-05-29T14:03:43.608488+00:00
2027,29,P05,yes,1,-0.4688,0.472251,0.465333,285.0,290.0,2026-05-29T14:03:45.682819+00:00
2029,29,P04,no,1,0.545,0.45843,0.451541,284.0,291.0,2026-05-29T14:03:45.969702+00:00
2036,29,P07,yes,20,-7.3076,0.430999,0.302941,241.0,271.0,2026-05-29T14:04:00.825962+00:00
2047,29,P08,no,1,-0.4344,0.562177,0.569001,237.0,227.0,2026-05-29T14:04:09.279030+00:00
2052,31,P01,yes,10,-3.9085,0.4242,0.358166,207.0,228.0,2026-05-29T14:04:33.773139+00:00
2057,31,P01,yes,10,-2.1824,0.242524,0.195185,177.0,228.0,2026-05-29T14:04:34.290296+00:00
2067,31,P09,no,20,-18.8472,0.0438,0.073934,117.0,208.0,2026-05-29T14:04:37.345117+00:00
2073,31,P02,yes,20,7.18,0.297107,0.4242,157.0,168.0,2026-05-29T14:04:39.268365+00:00
2085,31,P05,yes,1,-0.5243,0.527749,0.520821,154.0,151.0,2026-05-29T14:04:42.910039+00:00
2087,31,P01,no,1,0.4896,0.513885,0.506944,153.0,152.0,2026-05-29T14:04:43.106859+00:00
2096,31,P01,no,1,0.5519,0.451541,0.444672,149.0,157.0,2026-05-29T14:04:43.945012+00:00
2101,31,P05,yes,1,-0.4208,0.4242,0.41743,147.0,159.0,2026-05-29T14:04:44.275478+00:00
2108,31,P01,no,10,7.5203,0.274438,0.2227,147.0,192.0,2026-05-29T14:04:47.623131+00:00
2110,31,P01,no,10,8.4084,0.178319,0.141176,147.0,212.0,2026-05-29T14:04:47.985230+00:00
2112,31,P01,no,10,9.02,0.110727,0.086187,147.0,232.0,2026-05-29T14:04:48.277220+00:00
2114,31,P01,no,10,9.4131,0.066677,0.051336,147.0,252.0,2026-05-29T14:04:48.627869+00:00
2116,31,P01,no,10,9.4852,0.058537,0.044978,152.0,262.0,2026-05-29T14:04:48.846319+00:00
2120,31,P05,yes,20,3.5906,0.141176,0.2227,217.0,262.0,2026-05-29T14:04:49.611453+00:00
2121,31,P05,yes,20,5.5117,0.2227,0.333045,237.0,262.0,2026-05-29T14:04:49.867667+00:00
2131,31,P01,no,10,6.1573,0.41743,0.351806,257.0,279.0,2026-05-29T14:04:54.115670+00:00
2133,31,P01,no,10,7.3619,0.291339,0.237458,257.0,299.0,2026-05-29T14:04:54.468776+00:00
2136,31,P01,no,10,8.2938,0.190858,0.151585,257.0,319.0,2026-05-29T14:04:54.819601+00:00
2143,31,P02,yes,20,1.8773,0.072054,0.119203,267.0,339.0,2026-05-29T14:04:55.879323+00:00
2150,31,P01,no,1,-0.5792,0.41743,0.4242,327.0,338.0,2026-05-29T14:04:59.635005+00:00
2162,31,P01,no,1,-0.6882,0.308838,0.314799,300.0,328.0,2026-05-29T14:05:01.249501+00:00
2166,31,P01,no,1,-0.67,0.326904,0.333045,300.0,325.0,2026-05-29T14:05:01.742498+00:00
2183,31,P01,no,1,-0.7,0.297107,0.302941,280.0,310.0,2026-05-29T14:05:04.251125+00:00
2185,31,P01,no,1,-0.6882,0.308838,0.314799,280.0,308.0,2026-05-29T14:05:04.619754+00:00
2683,34,P02,yes,20,-18.962,0.960625,0.933323,223.0,128.0,2026-05-29T14:10:55.863721+00:00
2685,34,P01,no,10,-0.451,0.948664,0.960625,223.0,108.0,2026-05-29T14:10:56.074663+00:00
2694,34,P02,yes,20,-19.3907,0.977023,0.960625,183.0,68.0,2026-05-29T14:10:57.462619+00:00
2698,34,P08,yes,1,-0.9579,0.958469,0.957349,180.0,68.0,2026-05-29T14:10:57.957365+00:00
2702,34,P09,no,20,1.9249,0.926066,0.87785,159.0,88.0,2026-05-29T14:10:58.941998+00:00
2706,34,P09,no,20,7.18,0.702893,0.5758,119.0,108.0,2026-05-29T14:10:59.758856+00:00
2718,34,P09,yes,20,12.3042,0.548459,0.679179,135.0,108.0,2026-05-29T14:11:04.147849+00:00
526,10,P07,yes,20,13.4425,0.609318,0.731059,160.0,124.0,2026-05-29T13:41:23.668209+00:00
535,10,P01,yes,10,8.5167,0.833566,0.868629,190.0,122.0,2026-05-29T13:41:40.005381+00:00
542,10,P09,no,20,6.4364,0.736485,0.61591,179.0,162.0,2026-05-29T13:41:43.626899+00:00
548,10,P03,no,8,-2.4249,0.673096,0.719997,159.0,125.0,2026-05-29T13:41:45.661057+00:00
551,10,P07,yes,20,17.0859,0.817574,0.886508,179.0,105.0,2026-05-29T13:41:51.668964+00:00
564,12,P01,yes,10,-7.0838,0.736485,0.679179,151.0,124.0,2026-05-29T13:42:27.293397+00:00
567,12,P01,yes,10,-5.1386,0.548459,0.479179,121.0,124.0,2026-05-29T13:42:28.146646+00:00
569,12,P01,yes,10,-4.5162,0.486115,0.41743,111.0,123.0,2026-05-29T13:42:28.827753+00:00
572,12,P04,no,4,-2.2213,0.430999,0.45843,111.0,117.0,2026-05-29T13:42:30.767911+00:00
575,12,P08,no,3,-1.1622,0.602685,0.622459,111.0,93.0,2026-05-29T13:42:33.920284+00:00
1881,26,P08,yes,1,-0.3808,0.38409,0.377541,139.0,157.0,2026-05-29T14:02:01.619446+00:00
1891,26,P01,yes,10,4.9307,0.45843,0.527749,166.0,162.0,2026-05-29T14:02:08.617704+00:00
1902,26,P08,yes,1,-0.5174,0.520821,0.513885,183.0,181.0,2026-05-29T14:02:17.478474+00:00
1907,26,P08,yes,1,-0.4826,0.486115,0.479179,182.0,185.0,2026-05-29T14:02:21.644913+00:00
1917,29,P04,no,1,-0.7283,0.268941,0.274438,161.0,196.0,2026-05-29T14:02:46.676885+00:00
1940,29,P01,yes,10,8.3327,0.813395,0.851953,256.0,193.0,2026-05-29T14:03:02.960314+00:00
1945,29,P03,yes,5,3.8981,0.767535,0.791391,261.0,213.0,2026-05-29T14:03:03.280523+00:00
1947,29,P03,yes,5,4.2145,0.833566,0.851953,276.0,213.0,2026-05-29T14:03:03.410798+00:00
1962,29,P08,yes,1,-0.4619,0.465333,0.45843,248.0,254.0,2026-05-29T14:03:05.560419+00:00
1976,29,P02,yes,20,6.4364,0.263515,0.38409,268.0,285.0,2026-05-29T14:03:10.490892+00:00
1981,29,P05,yes,20,9.1739,0.390682,0.527749,309.0,305.0,2026-05-29T14:03:13.950344+00:00
1986,29,P08,yes,1,-0.6386,0.641834,0.635424,307.0,287.0,2026-05-29T14:03:15.972653+00:00
1992,29,P09,no,20,-14.0362,0.242524,0.358166,286.0,307.0,2026-05-29T14:03:19.340426+00:00
1999,29,P02,yes,20,-5.6228,0.339244,0.227546,265.0,309.0,2026-05-29T14:03:30.374422+00:00
2007,29,P05,yes,1,-0.455,0.45843,0.451541,303.0,310.0,2026-05-29T14:03:37.673525+00:00
2008,29,P05,yes,1,-0.4481,0.451541,0.444672,302.0,310.0,2026-05-29T14:03:37.981617+00:00
2010,29,P05,yes,1,-0.4412,0.444672,0.437823,301.0,310.0,2026-05-29T14:03:38.126407+00:00
2015,29,P05,yes,1,-0.4073,0.410691,0.403985,296.0,310.0,2026-05-29T14:03:38.925031+00:00
2022,29,P09,no,20,-13.3201,0.274438,0.397315,275.0,290.0,2026-05-29T14:03:43.306025+00:00
2032,29,P08,yes,1,-0.4344,0.437823,0.430999,281.0,291.0,2026-05-29T14:03:46.592738+00:00
2038,29,P04,no,2,-1.3823,0.302941,0.314799,241.0,269.0,2026-05-29T14:04:02.187806+00:00
2042,29,P09,no,20,-12.3042,0.320821,0.451541,241.0,248.0,2026-05-29T14:04:05.861501+00:00
2043,29,P03,yes,4,-1.7514,0.451541,0.4242,237.0,248.0,2026-05-29T14:04:07.662869+00:00
2044,29,P05,yes,20,-7.18,0.4242,0.297107,217.0,248.0,2026-05-29T14:04:08.100581+00:00
2046,29,P09,no,20,-10.138,0.4242,0.562177,237.0,228.0,2026-05-29T14:04:09.135093+00:00
2048,29,P04,no,1,0.4344,0.569001,0.562177,237.0,228.0,2026-05-29T14:04:10.125253+00:00
2063,31,P01,yes,10,-0.5014,0.057025,0.0438,117.0,228.0,2026-05-29T14:04:35.217897+00:00
2070,31,P07,no,20,-16.873,0.12215,0.195185,117.0,168.0,2026-05-29T14:04:38.331139+00:00
2072,31,P02,yes,20,4.8747,0.195185,0.297107,137.0,168.0,2026-05-29T14:04:38.545735+00:00
2081,31,P04,no,1,0.455,0.548459,0.54157,157.0,151.0,2026-05-29T14:04:40.882309+00:00
2089,31,P05,yes,1,-0.4965,0.5,0.493056,152.0,153.0,2026-05-29T14:04:43.425231+00:00
2091,31,P05,yes,1,-0.4826,0.486115,0.479179,151.0,154.0,2026-05-29T14:04:43.593677+00:00
2093,31,P05,yes,1,-0.4688,0.472251,0.465333,150.0,155.0,2026-05-29T14:04:43.758916+00:00
2098,31,P01,no,1,0.5588,0.444672,0.437823,149.0,158.0,2026-05-29T14:04:44.085036+00:00
2103,31,P01,no,1,0.5927,0.410691,0.403985,147.0,161.0,2026-05-29T14:04:44.534276+00:00
2109,31,P01,no,10,8.0011,0.2227,0.178319,147.0,202.0,2026-05-29T14:04:47.883095+00:00
2118,31,P05,yes,20,1.3474,0.051336,0.086187,177.0,262.0,2026-05-29T14:04:49.025699+00:00
2125,31,P08,no,1,-0.5312,0.465333,0.472251,257.0,261.0,2026-05-29T14:04:51.136909+00:00
2137,31,P01,no,10,8.6515,0.151585,0.119203,257.0,329.0,2026-05-29T14:04:54.991627+00:00
2139,31,P01,no,10,9.1789,0.09298,0.072054,257.0,349.0,2026-05-29T14:04:55.322318+00:00
2140,31,P07,no,20,-18.1227,0.072054,0.119203,257.0,329.0,2026-05-29T14:04:55.463691+00:00
2144,31,P02,yes,20,3.0547,0.119203,0.190858,287.0,339.0,2026-05-29T14:04:56.807586+00:00
2146,31,P02,yes,20,4.7735,0.190858,0.291339,307.0,339.0,2026-05-29T14:04:58.269427+00:00
2153,31,P01,no,1,-0.5588,0.437823,0.444672,327.0,335.0,2026-05-29T14:05:00.128760+00:00
2155,31,P05,yes,20,-7.6958,0.451541,0.320821,307.0,334.0,2026-05-29T14:05:00.309669+00:00
2157,31,P01,no,1,-0.67,0.326904,0.333045,307.0,332.0,2026-05-29T14:05:00.604405+00:00
2159,31,P01,no,1,-0.6576,0.339244,0.345498,307.0,330.0,2026-05-29T14:05:00.933874+00:00
2163,31,P01,no,1,-0.6822,0.314799,0.320821,300.0,327.0,2026-05-29T14:05:01.410175+00:00
2176,31,P01,no,1,-0.6126,0.38409,0.390682,300.0,316.0,2026-05-29T14:05:03.250819+00:00
2178,31,P01,no,1,-0.5994,0.397315,0.403985,300.0,314.0,2026-05-29T14:05:03.570097+00:00
2696,34,P08,yes,1,-0.959,0.95956,0.958469,181.0,68.0,2026-05-29T14:10:57.747442+00:00
2711,34,P05,yes,1,-0.5519,0.555328,0.548459,115.0,108.0,2026-05-29T14:11:00.573777+00:00
2724,34,P01,no,1,0.3239,0.679179,0.673096,135.0,109.0,2026-05-29T14:11:08.075289+00:00
527,10,P03,no,1,-0.2662,0.731059,0.736485,160.0,123.0,2026-05-29T13:41:24.030053+00:00
528,10,P06,no,1,-0.2608,0.736485,0.74184,160.0,122.0,2026-05-29T13:41:25.802433+00:00
533,10,P01,yes,10,7.6723,0.74184,0.791391,170.0,122.0,2026-05-29T13:41:39.063549+00:00
538,10,P07,yes,20,-17.351,0.897216,0.833566,180.0,122.0,2026-05-29T13:41:41.807268+00:00
539,10,P08,yes,1,-0.8316,0.833566,0.829676,179.0,122.0,2026-05-29T13:41:41.961738+00:00
544,10,P05,yes,20,-10.963,0.61591,0.479179,159.0,162.0,2026-05-29T13:41:44.397242+00:00
560,10,P09,no,20,5.4021,0.782071,0.673096,171.0,145.0,2026-05-29T13:42:01.270967+00:00
571,12,P06,no,1,-0.5724,0.4242,0.430999,111.0,121.0,2026-05-29T13:42:30.243685+00:00
573,12,P06,no,1,-0.5381,0.45843,0.465333,111.0,116.0,2026-05-29T13:42:31.336330+00:00
576,12,P09,no,20,-6.3164,0.622459,0.74184,111.0,73.0,2026-05-29T13:42:34.193906+00:00
577,12,P02,no,20,6.3164,0.74184,0.622459,111.0,93.0,2026-05-29T13:42:37.166632+00:00
583,12,P09,yes,20,13.6836,0.622459,0.74184,131.0,93.0,2026-05-29T13:42:53.604596+00:00
599,12,P01,yes,10,8.1309,0.791391,0.833566,151.0,93.0,2026-05-29T13:43:16.880662+00:00
600,12,P01,yes,10,8.5167,0.833566,0.868629,161.0,93.0,2026-05-29T13:43:18.494890+00:00
601,12,P08,yes,4,-3.4485,0.868629,0.855422,157.0,93.0,2026-05-29T13:43:18.513724+00:00
602,12,P04,no,1,0.1463,0.855422,0.851953,157.0,94.0,2026-05-29T13:43:19.086061+00:00
603,12,P04,no,1,0.1498,0.851953,0.848415,157.0,95.0,2026-05-29T13:43:19.716076+00:00
604,12,P04,no,1,0.1534,0.848415,0.844808,157.0,96.0,2026-05-29T13:43:19.893200+00:00
606,12,P04,no,1,0.157,0.844808,0.841131,157.0,97.0,2026-05-29T13:43:20.632254+00:00
607,12,P07,yes,20,-15.9837,0.841131,0.752336,137.0,97.0,2026-05-29T13:43:20.879461+00:00
608,12,P07,yes,20,-13.9199,0.752336,0.635424,117.0,97.0,2026-05-29T13:43:21.049561+00:00
609,12,P01,yes,10,6.6672,0.635424,0.697059,127.0,97.0,2026-05-29T13:43:21.108591+00:00
610,12,P07,yes,20,-12.6924,0.697059,0.569001,107.0,97.0,2026-05-29T13:43:21.272784+00:00
611,12,P07,yes,20,-10.0,0.569001,0.430999,87.0,97.0,2026-05-29T13:43:21.449602+00:00
612,12,P03,no,5,-2.7594,0.430999,0.465333,87.0,92.0,2026-05-29T13:43:22.160740+00:00
613,12,P03,no,5,-2.5867,0.465333,0.5,87.0,87.0,2026-05-29T13:43:22.525236+00:00
614,12,P01,yes,10,5.3461,0.5,0.569001,97.0,87.0,2026-05-29T13:43:23.892617+00:00
615,12,P01,yes,10,6.0253,0.569001,0.635424,107.0,87.0,2026-05-29T13:43:24.047332+00:00
616,12,P01,yes,10,6.6672,0.635424,0.697059,117.0,87.0,2026-05-29T13:43:24.228400+00:00
617,12,P01,yes,10,7.2527,0.697059,0.752336,127.0,87.0,2026-05-29T13:43:24.449828+00:00
618,12,P01,yes,10,7.7699,0.752336,0.800415,137.0,87.0,2026-05-29T13:43:24.638311+00:00
619,12,P01,yes,10,8.2138,0.800415,0.841131,147.0,87.0,2026-05-29T13:43:24.788055+00:00
620,12,P09,yes,20,-15.9837,0.841131,0.752336,127.0,87.0,2026-05-29T13:43:25.559904+00:00
621,12,P05,yes,20,-13.9199,0.752336,0.635424,107.0,87.0,2026-05-29T13:43:26.010476+00:00
623,12,P08,yes,1,0.6386,0.635424,0.641834,108.0,87.0,2026-05-29T13:43:30.484990+00:00
624,12,P07,yes,20,14.0362,0.641834,0.757476,128.0,87.0,2026-05-29T13:43:30.609039+00:00
625,12,P02,no,20,-3.9282,0.757476,0.844808,128.0,67.0,2026-05-29T13:43:30.805664+00:00
626,12,P04,yes,1,-0.843,0.844808,0.841131,127.0,67.0,2026-05-29T13:43:32.507462+00:00
627,12,P01,yes,1,-0.8393,0.841131,0.837384,126.0,67.0,2026-05-29T13:43:32.743720+00:00
628,12,P04,yes,1,-0.8355,0.837384,0.833566,125.0,67.0,2026-05-29T13:43:33.491087+00:00
629,12,P08,yes,1,-0.8316,0.833566,0.829676,124.0,67.0,2026-05-29T13:43:35.233763+00:00
630,12,P05,no,1,0.1723,0.829676,0.825715,124.0,68.0,2026-05-29T13:43:36.820318+00:00
631,12,P01,yes,10,-8.0451,0.825715,0.782071,114.0,68.0,2026-05-29T13:43:37.471188+00:00
632,12,P01,yes,10,-7.5717,0.782071,0.731059,104.0,68.0,2026-05-29T13:43:37.620528+00:00
633,12,P01,yes,10,-7.0262,0.731059,0.673096,94.0,68.0,2026-05-29T13:43:37.787966+00:00
634,12,P01,yes,10,-6.4162,0.673096,0.609318,84.0,68.0,2026-05-29T13:43:37.964244+00:00
635,12,P01,yes,10,-5.7568,0.609318,0.54157,74.0,68.0,2026-05-29T13:43:38.179379+00:00
637,12,P06,no,1,-0.455,0.54157,0.548459,74.0,67.0,2026-05-29T13:43:39.250294+00:00
638,12,P09,no,20,-7.6958,0.548459,0.679179,74.0,47.0,2026-05-29T13:43:41.476885+00:00
639,12,P01,yes,10,-6.4798,0.679179,0.61591,64.0,47.0,2026-05-29T13:43:41.956777+00:00
640,12,P01,yes,10,-5.8244,0.61591,0.548459,54.0,47.0,2026-05-29T13:43:42.112435+00:00
641,12,P01,yes,10,-5.1386,0.548459,0.479179,44.0,47.0,2026-05-29T13:43:42.265961+00:00
642,12,P01,yes,10,-4.4476,0.479179,0.410691,34.0,47.0,2026-05-29T13:43:42.411072+00:00
643,12,P01,yes,10,-3.7773,0.410691,0.345498,24.0,47.0,2026-05-29T13:43:42.561316+00:00
644,12,P04,no,1,-0.6514,0.345498,0.351806,24.0,46.0,2026-05-29T13:43:43.637983+00:00
645,12,P09,no,20,-11.6412,0.351806,0.486115,24.0,26.0,2026-05-29T13:43:44.073403+00:00
646,12,P04,no,1,-0.5104,0.486115,0.493056,24.0,25.0,2026-05-29T13:43:45.025562+00:00
647,12,P07,yes,20,-8.4935,0.493056,0.358166,4.0,25.0,2026-05-29T13:43:45.057285+00:00
648,12,P04,no,1,-0.6386,0.358166,0.364576,4.0,24.0,2026-05-29T13:43:45.997756+00:00
649,14,P04,yes,1,0.5035,0.5,0.506944,1.0,0.0,2026-05-29T13:48:13.788653+00:00
650,14,P04,yes,1,0.5104,0.506944,0.513885,2.0,0.0,2026-05-29T13:48:14.529902+00:00
651,14,P09,yes,1,0.5174,0.513885,0.520821,3.0,0.0,2026-05-29T13:48:14.626009+00:00
652,14,P04,yes,1,0.5243,0.520821,0.527749,4.0,0.0,2026-05-29T13:48:14.722957+00:00
653,14,P04,yes,1,0.5312,0.527749,0.534667,5.0,0.0,2026-05-29T13:48:14.888973+00:00
655,14,P09,yes,20,12.0411,0.534667,0.666955,25.0,0.0,2026-05-29T13:48:15.588745+00:00
656,14,P02,yes,1,0.67,0.666955,0.673096,26.0,0.0,2026-05-29T13:48:16.030225+00:00
658,14,P09,yes,20,14.5979,0.673096,0.782071,46.0,0.0,2026-05-29T13:48:16.082593+00:00
659,14,P09,yes,20,16.4902,0.782071,0.862158,66.0,0.0,2026-05-29T13:48:16.592267+00:00
661,14,P09,yes,20,17.8202,0.862158,0.915976,86.0,0.0,2026-05-29T13:48:17.121356+00:00
662,14,P08,yes,5,4.6056,0.915976,0.926066,91.0,0.0,2026-05-29T13:48:17.151345+00:00
665,14,P02,yes,20,18.8472,0.926066,0.9562,111.0,0.0,2026-05-29T13:48:19.093190+00:00
687,14,P09,no,20,7.0534,0.708661,0.58257,52.0,40.0,2026-05-29T13:48:25.302023+00:00
692,14,P01,yes,7,4.2415,0.58257,0.628965,73.0,54.0,2026-05-29T13:48:26.696107+00:00
700,14,P02,yes,6,5.2665,0.868629,0.886508,128.0,54.0,2026-05-29T13:48:27.911166+00:00
709,14,P04,yes,1,-0.7115,0.714362,0.708661,126.0,94.0,2026-05-29T13:48:33.770803+00:00
710,14,P05,no,20,7.0534,0.708661,0.58257,126.0,114.0,2026-05-29T13:48:34.195998+00:00
718,14,P06,yes,1,0.8277,0.825715,0.829676,171.0,114.0,2026-05-29T13:48:35.148993+00:00
720,14,P01,yes,7,6.0683,0.855422,0.87785,185.0,114.0,2026-05-29T13:48:35.803263+00:00
764,14,P05,no,20,-4.8747,0.702893,0.804815,167.0,116.0,2026-05-29T13:49:25.347287+00:00
770,14,P01,yes,10,-8.2541,0.844808,0.804815,167.0,116.0,2026-05-29T13:49:32.881272+00:00
775,14,P01,yes,10,-5.415,0.5758,0.506944,117.0,116.0,2026-05-29T13:49:33.560997+00:00
778,14,P03,yes,5,1.9371,0.371035,0.403985,102.0,116.0,2026-05-29T13:49:34.267888+00:00
1882,26,P04,no,5,3.1929,0.377541,0.345498,139.0,162.0,2026-05-29T14:02:01.725121+00:00
1892,26,P01,yes,10,5.6208,0.527749,0.596015,176.0,162.0,2026-05-29T14:02:09.045341+00:00
1909,26,P08,yes,1,-0.4344,0.437823,0.430999,181.0,191.0,2026-05-29T14:02:22.644897+00:00
1919,29,P06,yes,1,0.1804,0.178319,0.182426,142.0,196.0,2026-05-29T14:02:48.274460+00:00
1922,29,P06,yes,1,0.2885,0.285638,0.291339,164.0,196.0,2026-05-29T14:02:49.729924+00:00
1924,29,P06,yes,1,0.3118,0.308838,0.314799,165.0,193.0,2026-05-29T14:02:50.544066+00:00
1925,29,P06,yes,1,0.3178,0.314799,0.320821,166.0,193.0,2026-05-29T14:02:51.382780+00:00
1935,29,P01,yes,10,4.8614,0.451541,0.520821,196.0,193.0,2026-05-29T14:03:02.252994+00:00
1938,29,P01,yes,10,7.4154,0.714362,0.767535,236.0,193.0,2026-05-29T14:03:02.583998+00:00
1948,29,P09,no,20,3.7565,0.851953,0.767535,276.0,233.0,2026-05-29T14:03:03.590835+00:00
1953,29,P08,yes,1,-0.6386,0.641834,0.635424,273.0,253.0,2026-05-29T14:03:04.651083+00:00
1957,29,P08,yes,1,-0.6257,0.628965,0.622459,271.0,253.0,2026-05-29T14:03:04.968110+00:00
1959,29,P04,no,1,0.3874,0.61591,0.609318,270.0,254.0,2026-05-29T14:03:05.132330+00:00
1960,29,P02,yes,20,-10.8261,0.609318,0.472251,250.0,254.0,2026-05-29T14:03:05.325198+00:00
1963,29,P07,no,20,12.1731,0.45843,0.326904,248.0,274.0,2026-05-29T14:03:06.739200+00:00
1966,29,P09,yes,20,-5.2938,0.320821,0.213232,228.0,275.0,2026-05-29T14:03:07.322187+00:00
1977,29,P08,yes,1,0.3874,0.38409,0.390682,269.0,285.0,2026-05-29T14:03:10.674850+00:00
1979,29,P01,no,10,7.0262,0.326904,0.268941,269.0,305.0,2026-05-29T14:03:12.904626+00:00
1983,29,P04,no,2,0.691,0.660756,0.648194,309.0,287.0,2026-05-29T14:03:14.657724+00:00
1988,29,P09,no,20,8.6286,0.635424,0.5,307.0,307.0,2026-05-29T14:03:16.298845+00:00
1990,29,P09,no,20,11.5065,0.493056,0.358166,306.0,327.0,2026-05-29T14:03:17.258963+00:00
1991,29,P02,yes,20,-5.9638,0.358166,0.242524,286.0,327.0,2026-05-29T14:03:17.707980+00:00
2000,29,P09,yes,20,5.6228,0.227546,0.339244,285.0,309.0,2026-05-29T14:03:31.453051+00:00
2002,29,P02,yes,20,8.0915,0.339244,0.472251,305.0,309.0,2026-05-29T14:03:34.029558+00:00
2014,29,P05,yes,1,-0.4141,0.41743,0.410691,297.0,310.0,2026-05-29T14:03:38.760338+00:00
2020,29,P02,yes,20,-6.6799,0.397315,0.274438,275.0,310.0,2026-05-29T14:03:40.880331+00:00
2030,29,P05,yes,1,-0.4481,0.451541,0.444672,283.0,291.0,2026-05-29T14:03:46.061271+00:00
2040,29,P02,yes,20,7.6958,0.320821,0.451541,261.0,268.0,2026-05-29T14:04:02.875640+00:00
2041,29,P07,yes,20,-7.6958,0.451541,0.320821,241.0,268.0,2026-05-29T14:04:04.789016+00:00
2058,31,P01,yes,10,-1.7459,0.195185,0.155192,167.0,228.0,2026-05-29T14:04:34.451821+00:00
2060,31,P01,yes,10,-1.0826,0.12215,0.095349,147.0,228.0,2026-05-29T14:04:34.760665+00:00
2061,31,P01,yes,10,-0.8423,0.095349,0.073934,137.0,228.0,2026-05-29T14:04:34.900167+00:00
2069,31,P09,no,20,-18.0751,0.073934,0.12215,117.0,188.0,2026-05-29T14:04:38.061135+00:00
2079,31,P04,no,1,0.4412,0.562177,0.555328,157.0,149.0,2026-05-29T14:04:40.466145+00:00
2095,31,P05,yes,1,-0.455,0.45843,0.451541,149.0,156.0,2026-05-29T14:04:43.926011+00:00
2100,31,P01,no,1,0.5724,0.430999,0.4242,148.0,159.0,2026-05-29T14:04:44.219175+00:00
2106,31,P01,no,10,6.3522,0.397315,0.333045,147.0,172.0,2026-05-29T14:04:47.308972+00:00
2111,31,P01,no,10,8.7458,0.141176,0.110727,147.0,222.0,2026-05-29T14:04:48.143764+00:00
2115,31,P03,yes,5,0.2743,0.051336,0.058537,152.0,252.0,2026-05-29T14:04:48.809428+00:00
2126,31,P08,no,1,-0.5243,0.472251,0.479179,257.0,260.0,2026-05-29T14:04:51.637003+00:00
2132,31,P01,no,10,6.7893,0.351806,0.291339,257.0,289.0,2026-05-29T14:04:54.285321+00:00
2141,31,P01,no,10,8.9439,0.119203,0.09298,257.0,339.0,2026-05-29T14:04:55.536170+00:00
2147,31,P09,yes,10,3.2107,0.291339,0.351806,317.0,339.0,2026-05-29T14:04:58.529915+00:00
2152,31,P01,no,1,-0.5656,0.430999,0.437823,327.0,336.0,2026-05-29T14:04:59.966352+00:00
2168,31,P01,no,1,-0.6576,0.339244,0.345498,300.0,323.0,2026-05-29T14:05:02.056724+00:00
2171,31,P01,no,1,-0.6386,0.358166,0.364576,300.0,320.0,2026-05-29T14:05:02.564705+00:00
2174,31,P01,no,1,-0.6192,0.377541,0.38409,300.0,317.0,2026-05-29T14:05:03.074232+00:00
2180,31,P01,no,1,-0.5859,0.410691,0.41743,300.0,312.0,2026-05-29T14:05:03.943017+00:00
2182,31,P01,no,1,-0.7058,0.291339,0.297107,280.0,311.0,2026-05-29T14:05:04.092605+00:00
669,14,P09,yes,20,-18.8472,0.9562,0.926066,91.0,0.0,2026-05-29T13:48:21.030561+00:00
681,14,P09,yes,20,-12.82,0.702893,0.5758,31.0,20.0,2026-05-29T13:48:22.930046+00:00
685,14,P02,yes,1,0.7058,0.702893,0.708661,52.0,20.0,2026-05-29T13:48:24.941299+00:00
695,14,P01,yes,7,4.899,0.679179,0.719997,88.0,54.0,2026-05-29T13:48:26.953675+00:00
713,14,P02,yes,15,10.2244,0.635424,0.725562,149.0,114.0,2026-05-29T13:48:34.479358+00:00
716,14,P01,yes,7,5.4568,0.762542,0.79594,163.0,114.0,2026-05-29T13:48:34.980305+00:00
726,14,P09,yes,20,-17.2867,0.894626,0.829676,171.0,114.0,2026-05-29T13:48:38.567491+00:00
765,14,P07,yes,20,16.873,0.804815,0.87785,187.0,116.0,2026-05-29T13:49:25.533047+00:00
773,14,P01,yes,10,-6.7285,0.702893,0.641834,137.0,116.0,2026-05-29T13:49:33.279663+00:00
780,14,P05,yes,20,12.1731,0.54157,0.673096,142.0,116.0,2026-05-29T13:49:34.770308+00:00
1883,26,P08,yes,1,-0.3424,0.345498,0.339244,138.0,162.0,2026-05-29T14:02:01.769738+00:00
1894,26,P02,yes,20,-10.5515,0.596015,0.45843,156.0,162.0,2026-05-29T14:02:09.329599+00:00
1896,26,P01,yes,10,4.9307,0.45843,0.527749,166.0,162.0,2026-05-29T14:02:09.834385+00:00
1898,26,P09,no,20,10.963,0.520821,0.38409,165.0,182.0,2026-05-29T14:02:10.039608+00:00
1899,26,P05,yes,20,9.037,0.38409,0.520821,185.0,182.0,2026-05-29T14:02:15.611100+00:00
1901,26,P08,yes,1,-0.5243,0.527749,0.520821,184.0,181.0,2026-05-29T14:02:16.920938+00:00
1905,26,P06,no,1,-0.5243,0.472251,0.479179,183.0,186.0,2026-05-29T14:02:19.909125+00:00
1923,29,P04,no,3,-2.0999,0.291339,0.308838,164.0,193.0,2026-05-29T14:02:50.011567+00:00
1934,29,P05,yes,20,7.6958,0.320821,0.451541,186.0,193.0,2026-05-29T14:03:00.650348+00:00
1937,29,P05,yes,20,13.0722,0.589309,0.714362,226.0,193.0,2026-05-29T14:03:02.495080+00:00
1942,29,P09,no,20,3.7565,0.851953,0.767535,256.0,213.0,2026-05-29T14:03:03.123431+00:00
1949,29,P09,no,20,5.7351,0.767535,0.654502,276.0,253.0,2026-05-29T14:03:04.174199+00:00
1973,29,P02,yes,20,5.2938,0.213232,0.320821,248.0,275.0,2026-05-29T14:03:09.641018+00:00
1980,29,P05,yes,20,6.5575,0.268941,0.390682,289.0,305.0,2026-05-29T14:03:13.301928+00:00
1989,29,P08,yes,1,-0.4965,0.5,0.493056,306.0,307.0,2026-05-29T14:03:16.627146+00:00
1997,29,P06,no,1,0.6514,0.351806,0.345498,286.0,309.0,2026-05-29T14:03:26.615356+00:00
2005,29,P08,no,1,0.5381,0.465333,0.45843,304.0,310.0,2026-05-29T14:03:37.570427+00:00
2011,29,P05,yes,1,-0.4344,0.437823,0.430999,300.0,310.0,2026-05-29T14:03:38.293326+00:00
2016,29,P05,yes,1,-0.4006,0.403985,0.397315,295.0,310.0,2026-05-29T14:03:39.058842+00:00
2031,29,P05,yes,1,-0.4412,0.444672,0.437823,282.0,291.0,2026-05-29T14:03:46.226498+00:00
2033,29,P05,yes,20,-7.3076,0.430999,0.302941,261.0,291.0,2026-05-29T14:03:56.687796+00:00
2034,29,P09,no,20,-12.6924,0.302941,0.430999,261.0,271.0,2026-05-29T14:03:57.753801+00:00
2039,29,P01,no,1,-0.6822,0.314799,0.320821,241.0,268.0,2026-05-29T14:04:02.311280+00:00
2045,29,P02,yes,20,7.18,0.297107,0.4242,237.0,248.0,2026-05-29T14:04:09.094644+00:00
2049,29,P05,yes,20,-9.862,0.562177,0.4242,217.0,228.0,2026-05-29T14:04:10.798706+00:00
2056,31,P01,yes,10,-2.6923,0.297107,0.242524,187.0,228.0,2026-05-29T14:04:34.127633+00:00
2080,31,P04,no,1,0.4481,0.555328,0.548459,157.0,150.0,2026-05-29T14:04:40.694636+00:00
2083,31,P05,yes,1,-0.5381,0.54157,0.534667,156.0,151.0,2026-05-29T14:04:42.602873+00:00
2090,31,P01,no,1,0.5104,0.493056,0.486115,152.0,154.0,2026-05-29T14:04:43.441625+00:00
2092,31,P01,no,1,0.5243,0.479179,0.472251,151.0,155.0,2026-05-29T14:04:43.612739+00:00
2094,31,P01,no,1,0.5381,0.465333,0.45843,150.0,156.0,2026-05-29T14:04:43.777680+00:00
2099,31,P05,yes,1,-0.4344,0.437823,0.430999,148.0,158.0,2026-05-29T14:04:44.116445+00:00
2113,31,P01,no,10,9.2395,0.086187,0.066677,147.0,242.0,2026-05-29T14:04:48.448672+00:00
2117,31,P03,yes,5,0.2405,0.044978,0.051336,157.0,262.0,2026-05-29T14:04:48.967792+00:00
2119,31,P05,yes,20,2.2342,0.086187,0.141176,197.0,262.0,2026-05-29T14:04:49.395287+00:00
2127,31,P08,no,1,-0.5174,0.479179,0.486115,257.0,259.0,2026-05-29T14:04:51.848479+00:00
2135,31,P01,no,10,7.8646,0.237458,0.190858,257.0,309.0,2026-05-29T14:04:54.649647+00:00
2142,31,P09,yes,10,-0.8211,0.09298,0.072054,247.0,339.0,2026-05-29T14:04:55.602283+00:00
2154,31,P01,no,1,-0.5519,0.444672,0.451541,327.0,334.0,2026-05-29T14:05:00.285912+00:00
2161,31,P01,no,1,-0.6941,0.302941,0.308838,300.0,329.0,2026-05-29T14:05:01.093363+00:00
2164,31,P01,no,1,-0.6761,0.320821,0.326904,300.0,326.0,2026-05-29T14:05:01.584928+00:00
2172,31,P01,no,1,-0.6322,0.364576,0.371035,300.0,319.0,2026-05-29T14:05:02.733591+00:00
2173,31,P01,no,1,-0.6257,0.371035,0.377541,300.0,318.0,2026-05-29T14:05:02.901682+00:00
2177,31,P01,no,1,-0.606,0.390682,0.397315,300.0,315.0,2026-05-29T14:05:03.400544+00:00
2179,31,P01,no,1,-0.5927,0.403985,0.410691,300.0,313.0,2026-05-29T14:05:03.759385+00:00
2710,34,P05,yes,1,-0.5588,0.562177,0.555328,116.0,108.0,2026-05-29T14:11:00.399691+00:00
2730,34,P01,no,1,0.355,0.648194,0.641834,135.0,114.0,2026-05-29T14:11:08.991939+00:00
2736,34,P05,no,12,-4.1498,0.61591,0.691162,135.0,106.0,2026-05-29T14:11:11.635428+00:00
682,14,P07,yes,20,12.82,0.5758,0.702893,51.0,20.0,2026-05-29T13:48:23.641439+00:00
694,14,P01,yes,7,4.6027,0.635424,0.679179,81.0,54.0,2026-05-29T13:48:26.810768+00:00
696,14,P01,yes,7,5.1732,0.719997,0.757476,95.0,54.0,2026-05-29T13:48:27.103675+00:00
698,14,P01,yes,7,5.4231,0.757476,0.791391,102.0,54.0,2026-05-29T13:48:27.286306+00:00
702,14,P05,no,20,2.9141,0.886508,0.817574,128.0,74.0,2026-05-29T13:48:28.385916+00:00
712,14,P01,yes,7,4.2877,0.589309,0.635424,134.0,114.0,2026-05-29T13:48:34.461980+00:00
743,14,P02,yes,15,11.3135,0.714362,0.791391,167.0,119.0,2026-05-29T13:48:55.879202+00:00
763,14,P09,no,15,3.8427,0.782071,0.702893,167.0,136.0,2026-05-29T13:49:23.894038+00:00
772,14,P01,yes,10,-7.3077,0.757476,0.702893,147.0,116.0,2026-05-29T13:49:33.147354+00:00
777,14,P01,yes,10,-4.0413,0.437823,0.371035,97.0,116.0,2026-05-29T13:49:33.912396+00:00
781,14,P03,yes,5,3.4406,0.673096,0.702893,147.0,116.0,2026-05-29T13:49:34.842111+00:00
1884,26,P08,yes,1,-0.3361,0.339244,0.333045,137.0,162.0,2026-05-29T14:02:01.940314+00:00
1897,26,P06,yes,1,-0.5243,0.527749,0.520821,165.0,162.0,2026-05-29T14:02:09.951974+00:00
1900,26,P06,no,1,-0.4757,0.520821,0.527749,185.0,181.0,2026-05-29T14:02:16.477436+00:00
1908,26,P04,no,6,3.2493,0.479179,0.437823,182.0,191.0,2026-05-29T14:02:22.395922+00:00
1910,26,P05,yes,20,-7.3076,0.430999,0.302941,161.0,191.0,2026-05-29T14:02:22.707690+00:00
1920,29,P06,yes,1,0.1845,0.182426,0.186605,143.0,196.0,2026-05-29T14:02:48.947565+00:00
1936,29,P01,yes,10,5.5524,0.520821,0.589309,206.0,193.0,2026-05-29T14:03:02.400937+00:00
1943,29,P01,yes,10,7.9108,0.767535,0.813395,266.0,213.0,2026-05-29T14:03:03.178108+00:00
1950,29,P08,yes,1,-0.6514,0.654502,0.648194,275.0,253.0,2026-05-29T14:03:04.311430+00:00
1961,29,P08,yes,1,-0.4688,0.472251,0.465333,249.0,254.0,2026-05-29T14:03:05.343325+00:00
1964,29,P04,no,1,0.6761,0.326904,0.320821,248.0,275.0,2026-05-29T14:03:07.188112+00:00
1975,29,P01,no,10,7.0838,0.320821,0.263515,248.0,285.0,2026-05-29T14:03:10.469090+00:00
1982,29,P09,no,20,-8.0915,0.527749,0.660756,309.0,285.0,2026-05-29T14:03:14.195700+00:00
1984,29,P08,yes,1,-0.645,0.648194,0.641834,308.0,287.0,2026-05-29T14:03:15.299149+00:00
2013,29,P05,yes,1,-0.4208,0.4242,0.41743,298.0,310.0,2026-05-29T14:03:38.607408+00:00
2025,29,P03,yes,9,-4.5312,0.534667,0.472251,286.0,290.0,2026-05-29T14:03:44.600557+00:00
2028,29,P05,yes,1,-0.4619,0.465333,0.45843,284.0,290.0,2026-05-29T14:03:45.877091+00:00
2054,31,P01,yes,10,-3.2715,0.358166,0.297107,197.0,228.0,2026-05-29T14:04:33.950124+00:00
2059,31,P01,yes,10,-1.3812,0.155192,0.12215,157.0,228.0,2026-05-29T14:04:34.609108+00:00
2062,31,P01,yes,10,-0.6514,0.073934,0.057025,127.0,228.0,2026-05-29T14:04:35.075506+00:00
2074,31,P09,no,20,-10.138,0.4242,0.562177,157.0,148.0,2026-05-29T14:04:39.473438+00:00
2084,31,P05,yes,1,-0.5312,0.534667,0.527749,155.0,151.0,2026-05-29T14:04:42.760046+00:00
2086,31,P05,yes,1,-0.5174,0.520821,0.513885,153.0,151.0,2026-05-29T14:04:43.073530+00:00
2088,31,P01,no,1,0.4965,0.506944,0.5,153.0,153.0,2026-05-29T14:04:43.273961+00:00
2102,31,P01,no,1,0.5859,0.41743,0.410691,147.0,160.0,2026-05-29T14:04:44.374117+00:00
2104,31,P01,no,1,0.5994,0.403985,0.397315,147.0,162.0,2026-05-29T14:04:44.760276+00:00
2107,31,P01,no,10,6.9679,0.333045,0.274438,147.0,182.0,2026-05-29T14:04:47.451747+00:00
2123,31,P05,yes,20,7.9589,0.333045,0.465333,257.0,262.0,2026-05-29T14:04:50.026080+00:00
2129,31,P01,no,10,5.4838,0.486115,0.41743,257.0,269.0,2026-05-29T14:04:53.885376+00:00
2138,31,P01,no,10,8.9439,0.119203,0.09298,257.0,339.0,2026-05-29T14:04:55.162385+00:00
2149,31,P09,yes,10,3.8427,0.351806,0.41743,327.0,339.0,2026-05-29T14:04:59.252217+00:00
2151,31,P01,no,1,-0.5724,0.4242,0.430999,327.0,337.0,2026-05-29T14:04:59.793622+00:00
2156,31,P01,no,1,-0.6761,0.320821,0.326904,307.0,333.0,2026-05-29T14:05:00.444820+00:00
2158,31,P01,no,1,-0.6639,0.333045,0.339244,307.0,331.0,2026-05-29T14:05:00.776141+00:00
2160,31,P03,yes,7,-2.2678,0.345498,0.302941,300.0,330.0,2026-05-29T14:05:00.953265+00:00
2167,31,P01,no,1,-0.6639,0.333045,0.339244,300.0,324.0,2026-05-29T14:05:01.900439+00:00
2169,31,P01,no,1,-0.6514,0.345498,0.351806,300.0,322.0,2026-05-29T14:05:02.236947+00:00
2170,31,P01,no,1,-0.645,0.351806,0.358166,300.0,321.0,2026-05-29T14:05:02.409863+00:00
2181,31,P05,yes,20,-7.0534,0.41743,0.291339,280.0,312.0,2026-05-29T14:05:03.960071+00:00
2727,34,P01,no,1,0.3361,0.666955,0.660756,135.0,111.0,2026-05-29T14:11:08.375455+00:00
2731,34,P01,no,1,0.3614,0.641834,0.635424,135.0,115.0,2026-05-29T14:11:09.254539+00:00
2924,36,P03,yes,4,-3.2534,0.821681,0.804815,232.0,181.0,2026-05-29T14:13:19.329355+00:00
2932,39,P05,no,1,0.23,0.772454,0.767535,232.0,189.0,2026-05-29T14:13:38.824915+00:00
2940,39,P05,no,1,0.2717,0.731059,0.725562,232.0,197.0,2026-05-29T14:13:41.437724+00:00
2941,39,P05,no,1,0.2772,0.725562,0.719997,232.0,198.0,2026-05-29T14:13:41.925926+00:00
2946,39,P05,no,1,0.3059,0.697059,0.691162,232.0,203.0,2026-05-29T14:13:42.807544+00:00
675,14,P09,yes,20,-18.0751,0.926066,0.87785,71.0,0.0,2026-05-29T13:48:21.510303+00:00
691,14,P01,yes,7,3.911,0.534667,0.58257,66.0,54.0,2026-05-29T13:48:26.535620+00:00
693,14,P04,yes,1,0.6322,0.628965,0.635424,74.0,54.0,2026-05-29T13:48:26.778650+00:00
706,14,P04,yes,1,-0.8155,0.817574,0.813395,127.0,74.0,2026-05-29T13:48:33.142964+00:00
708,14,P09,no,20,4.6737,0.813395,0.714362,127.0,94.0,2026-05-29T13:48:33.531318+00:00
715,14,P01,yes,7,5.2104,0.725562,0.762542,156.0,114.0,2026-05-29T13:48:34.828097+00:00
717,14,P01,yes,7,5.6779,0.79594,0.825715,170.0,114.0,2026-05-29T13:48:35.128838+00:00
721,14,P01,yes,7,6.2144,0.87785,0.897216,192.0,114.0,2026-05-29T13:48:36.287801+00:00
739,14,P07,yes,20,-15.3263,0.813395,0.714362,152.0,119.0,2026-05-29T13:48:54.668875+00:00
750,14,P04,no,2,0.4265,0.791391,0.782071,167.0,121.0,2026-05-29T13:49:04.360614+00:00
774,14,P01,yes,10,-6.0915,0.641834,0.5758,127.0,116.0,2026-05-29T13:49:33.422777+00:00
779,14,P09,yes,20,9.4485,0.403985,0.54157,122.0,116.0,2026-05-29T13:49:34.585945+00:00
2184,31,P01,no,1,-0.6941,0.302941,0.308838,280.0,309.0,2026-05-29T14:05:04.407178+00:00
2726,34,P01,no,1,0.33,0.673096,0.666955,135.0,110.0,2026-05-29T14:11:08.241363+00:00
2735,34,P01,no,1,0.3808,0.622459,0.61591,135.0,118.0,2026-05-29T14:11:09.946637+00:00
2926,39,P05,no,1,0.2018,0.800415,0.79594,232.0,183.0,2026-05-29T14:13:37.715261+00:00
3017,39,P03,yes,1,0.807,0.804815,0.809142,249.0,197.0,2026-05-29T14:14:09.327517+00:00
3018,39,P02,no,20,4.7735,0.809142,0.708661,249.0,217.0,2026-05-29T14:14:10.225542+00:00
3033,39,P05,no,1,0.3,0.702893,0.697059,249.0,219.0,2026-05-29T14:14:20.124571+00:00
3048,39,P05,no,1,0.3678,0.635424,0.628965,249.0,230.0,2026-05-29T14:14:22.576128+00:00
3060,39,P09,no,10,-2.9738,0.673096,0.731059,260.0,224.0,2026-05-29T14:14:28.463851+00:00
3075,39,P01,yes,1,-0.7283,0.731059,0.725562,259.0,224.0,2026-05-29T14:14:44.173777+00:00
3081,39,P06,yes,1,-0.7058,0.708661,0.702893,256.0,225.0,2026-05-29T14:14:48.004672+00:00
3082,39,P02,no,20,-4.8747,0.702893,0.804815,256.0,205.0,2026-05-29T14:14:48.244945+00:00
3084,39,P05,no,1,0.1974,0.804815,0.800415,256.0,206.0,2026-05-29T14:14:49.815021+00:00
3088,39,P06,yes,1,-0.7844,0.786768,0.782071,255.0,209.0,2026-05-29T14:14:50.565086+00:00
3090,39,P05,no,1,0.2251,0.7773,0.772454,255.0,211.0,2026-05-29T14:14:51.191607+00:00
3094,39,P05,no,1,0.2451,0.757476,0.752336,255.0,215.0,2026-05-29T14:14:51.856934+00:00
3107,39,P01,yes,1,-0.7283,0.731059,0.725562,251.0,216.0,2026-05-29T14:15:00.915125+00:00
3116,39,P04,yes,13,-10.0033,0.800415,0.736485,233.0,196.0,2026-05-29T14:15:04.440405+00:00
3117,41,P05,no,20,6.4364,0.736485,0.61591,233.0,216.0,2026-05-29T14:15:33.263292+00:00
3121,41,P02,no,20,-11.6412,0.351806,0.486115,234.0,236.0,2026-05-29T14:15:34.262896+00:00
3149,41,P01,no,1,0.1974,0.804815,0.800415,269.0,219.0,2026-05-29T14:15:51.488622+00:00
3151,41,P01,no,1,0.2063,0.79594,0.791391,269.0,221.0,2026-05-29T14:15:51.831816+00:00
3153,41,P01,no,1,0.2156,0.786768,0.782071,269.0,223.0,2026-05-29T14:15:52.189796+00:00
3156,41,P01,no,1,0.2772,0.725562,0.719997,259.0,225.0,2026-05-29T14:15:52.540444+00:00
3160,41,P01,no,1,0.3,0.702893,0.697059,259.0,229.0,2026-05-29T14:15:53.230213+00:00
3164,41,P01,no,1,0.3239,0.679179,0.673096,259.0,233.0,2026-05-29T14:15:53.914885+00:00
3165,41,P07,yes,20,14.5979,0.673096,0.782071,279.0,233.0,2026-05-29T14:15:54.045306+00:00
3167,41,P01,no,1,0.2251,0.7773,0.772454,279.0,235.0,2026-05-29T14:15:54.288088+00:00
3169,41,P01,no,1,0.23,0.772454,0.767535,279.0,236.0,2026-05-29T14:15:54.504916+00:00
3170,41,P02,yes,1,-0.765,0.767535,0.762542,278.0,236.0,2026-05-29T14:15:58.021351+00:00
3172,41,P01,no,1,0.24,0.762542,0.757476,278.0,237.0,2026-05-29T14:16:02.804826+00:00
3173,41,P05,no,1,-0.24,0.757476,0.762542,278.0,236.0,2026-05-29T14:16:04.083584+00:00
3175,41,P05,no,1,-0.235,0.762542,0.767535,278.0,235.0,2026-05-29T14:16:04.310604+00:00
3176,41,P05,no,1,-0.23,0.767535,0.772454,278.0,234.0,2026-05-29T14:16:04.507462+00:00
3177,41,P05,no,1,-0.2251,0.772454,0.7773,278.0,233.0,2026-05-29T14:16:04.707886+00:00
3178,41,P05,no,1,-0.2203,0.7773,0.782071,278.0,232.0,2026-05-29T14:16:04.890519+00:00
3179,41,P05,no,1,-0.2156,0.782071,0.786768,278.0,231.0,2026-05-29T14:16:05.077871+00:00
3180,41,P05,no,1,-0.2109,0.786768,0.791391,278.0,230.0,2026-05-29T14:16:05.272939+00:00
3181,41,P05,no,1,-0.2063,0.791391,0.79594,278.0,229.0,2026-05-29T14:16:05.476331+00:00
3183,41,P05,no,1,-0.2018,0.79594,0.800415,278.0,228.0,2026-05-29T14:16:05.691435+00:00
3184,41,P05,no,1,-0.1974,0.800415,0.804815,278.0,227.0,2026-05-29T14:16:05.890380+00:00
3185,41,P05,no,1,-0.193,0.804815,0.809142,278.0,226.0,2026-05-29T14:16:06.077133+00:00
3186,41,P05,no,1,-0.1887,0.809142,0.813395,278.0,225.0,2026-05-29T14:16:06.273548+00:00
3188,41,P05,no,1,-0.1845,0.813395,0.817574,278.0,224.0,2026-05-29T14:16:07.078175+00:00
3189,41,P05,no,1,-0.1804,0.817574,0.821681,278.0,223.0,2026-05-29T14:16:08.184159+00:00
3190,41,P05,no,1,-0.1763,0.821681,0.825715,278.0,222.0,2026-05-29T14:16:08.783309+00:00
3191,41,P05,no,1,-0.1723,0.825715,0.829676,278.0,221.0,2026-05-29T14:16:09.500215+00:00
3192,41,P05,no,1,-0.1684,0.829676,0.833566,278.0,220.0,2026-05-29T14:16:10.045010+00:00
3193,41,P05,no,1,-0.1645,0.833566,0.837384,278.0,219.0,2026-05-29T14:16:10.312059+00:00
3194,41,P04,yes,1,-0.8355,0.837384,0.833566,277.0,219.0,2026-05-29T14:16:10.341075+00:00
3195,41,P05,no,1,-0.1645,0.833566,0.837384,277.0,218.0,2026-05-29T14:16:10.506951+00:00
3196,41,P05,no,1,-0.1607,0.837384,0.841131,277.0,217.0,2026-05-29T14:16:10.708608+00:00
3197,41,P05,no,1,-0.157,0.841131,0.844808,277.0,216.0,2026-05-29T14:16:10.941080+00:00
3198,41,P05,no,1,-0.1534,0.844808,0.848415,277.0,215.0,2026-05-29T14:16:11.244434+00:00
678,14,P09,yes,20,-16.873,0.87785,0.804815,51.0,0.0,2026-05-29T13:48:22.010401+00:00
680,14,P05,no,20,4.8747,0.804815,0.702893,51.0,20.0,2026-05-29T13:48:22.852117+00:00
688,14,P03,no,14,6.5162,0.58257,0.486115,52.0,54.0,2026-05-29T13:48:25.523895+00:00
690,14,P01,yes,7,3.5728,0.486115,0.534667,59.0,54.0,2026-05-29T13:48:26.410277+00:00
699,14,P09,yes,20,16.6476,0.791391,0.868629,122.0,54.0,2026-05-29T13:48:27.626341+00:00
711,14,P06,yes,1,0.5859,0.58257,0.589309,127.0,114.0,2026-05-29T13:48:34.245526+00:00
719,14,P01,yes,7,5.8998,0.829676,0.855422,178.0,114.0,2026-05-29T13:48:35.344504+00:00
725,14,P04,yes,1,-0.8959,0.897216,0.894626,191.0,114.0,2026-05-29T13:48:37.379556+00:00
727,14,P08,no,5,0.9022,0.829676,0.809142,171.0,119.0,2026-05-29T13:48:39.114209+00:00
733,14,P06,yes,1,0.8113,0.809142,0.813395,172.0,119.0,2026-05-29T13:48:47.244659+00:00
769,14,P01,yes,10,-8.6188,0.87785,0.844808,177.0,116.0,2026-05-29T13:49:32.747738+00:00
771,14,P01,yes,10,-7.8176,0.804815,0.757476,157.0,116.0,2026-05-29T13:49:33.019107+00:00
776,14,P01,yes,10,-4.723,0.506944,0.437823,107.0,116.0,2026-05-29T13:49:33.676878+00:00
782,14,P09,yes,20,15.1253,0.702893,0.804815,167.0,116.0,2026-05-29T13:49:35.102813+00:00
783,14,P08,yes,4,3.2534,0.804815,0.821681,171.0,116.0,2026-05-29T13:49:35.226130+00:00
784,14,P04,yes,1,0.8237,0.821681,0.825715,172.0,116.0,2026-05-29T13:49:35.408094+00:00
785,14,P02,yes,1,-0.8237,0.825715,0.821681,171.0,116.0,2026-05-29T13:49:35.461595+00:00
787,14,P09,yes,20,-15.5214,0.821681,0.725562,151.0,116.0,2026-05-29T13:49:39.472045+00:00
788,14,P02,yes,13,9.8735,0.725562,0.791391,164.0,116.0,2026-05-29T13:49:40.989484+00:00
789,14,P06,yes,1,0.7937,0.791391,0.79594,165.0,116.0,2026-05-29T13:49:41.161453+00:00
790,16,P04,yes,1,0.7982,0.79594,0.800415,166.0,116.0,2026-05-29T13:50:11.842350+00:00
792,16,P09,no,10,2.2301,0.800415,0.752336,166.0,126.0,2026-05-29T13:50:14.101275+00:00
794,16,P09,yes,10,7.7699,0.752336,0.800415,176.0,126.0,2026-05-29T13:50:17.357150+00:00
797,16,P09,yes,20,-15.0227,0.800415,0.697059,156.0,126.0,2026-05-29T13:50:22.475720+00:00
798,16,P01,yes,10,7.2527,0.697059,0.752336,166.0,126.0,2026-05-29T13:50:24.191125+00:00
800,16,P09,yes,20,15.9837,0.752336,0.841131,186.0,126.0,2026-05-29T13:50:24.983620+00:00
804,16,P02,yes,20,-15.9837,0.841131,0.752336,166.0,126.0,2026-05-29T13:50:27.905138+00:00
809,16,P02,yes,20,15.9837,0.752336,0.841131,186.0,126.0,2026-05-29T13:50:37.586812+00:00
810,16,P05,no,20,4.0163,0.841131,0.752336,186.0,146.0,2026-05-29T13:50:38.980999+00:00
812,16,P09,no,20,-4.0163,0.752336,0.841131,186.0,126.0,2026-05-29T13:50:40.135152+00:00
813,16,P04,no,1,0.1607,0.841131,0.837384,186.0,127.0,2026-05-29T13:50:41.171177+00:00
815,16,P04,no,1,0.1645,0.837384,0.833566,186.0,128.0,2026-05-29T13:50:44.951692+00:00
816,16,P08,no,3,0.517,0.833566,0.821681,186.0,131.0,2026-05-29T13:50:45.503680+00:00
817,16,P05,yes,20,-15.5214,0.821681,0.725562,166.0,131.0,2026-05-29T13:50:45.810426+00:00
820,16,P02,yes,20,15.5214,0.725562,0.821681,186.0,131.0,2026-05-29T13:50:52.091897+00:00
821,16,P06,yes,1,-0.8196,0.821681,0.817574,185.0,131.0,2026-05-29T13:50:54.180858+00:00
822,16,P01,yes,18,-13.9735,0.817574,0.731059,167.0,131.0,2026-05-29T13:50:55.703758+00:00
829,16,P05,no,20,-4.3832,0.731059,0.825715,167.0,111.0,2026-05-29T13:50:59.769393+00:00
830,16,P06,yes,1,-0.8237,0.825715,0.821681,166.0,111.0,2026-05-29T13:51:00.686121+00:00
833,16,P06,yes,1,-0.8196,0.821681,0.817574,165.0,111.0,2026-05-29T13:51:02.109031+00:00
835,16,P06,yes,1,-0.8155,0.817574,0.813395,164.0,111.0,2026-05-29T13:51:03.880945+00:00
837,16,P09,yes,11,-8.6759,0.813395,0.762542,153.0,111.0,2026-05-29T13:51:07.008794+00:00
838,16,P07,yes,20,16.1584,0.762542,0.848415,173.0,111.0,2026-05-29T13:51:08.211055+00:00
840,16,P04,yes,1,-0.8466,0.848415,0.844808,172.0,111.0,2026-05-29T13:51:14.483300+00:00
841,16,P02,yes,20,-16.0718,0.844808,0.757476,152.0,111.0,2026-05-29T13:51:14.643385+00:00
848,16,P01,yes,10,8.2541,0.804815,0.844808,172.0,111.0,2026-05-29T13:51:24.075095+00:00
850,16,P01,yes,10,8.9174,0.87785,0.904651,192.0,111.0,2026-05-29T13:51:24.477662+00:00
857,16,P01,yes,10,9.6452,0.95956,0.969065,235.0,111.0,2026-05-29T13:51:25.875534+00:00
863,16,P02,yes,20,-18.9344,0.95956,0.931573,205.0,111.0,2026-05-29T13:51:28.010839+00:00
869,16,P09,yes,20,-17.0163,0.883683,0.813395,165.0,112.0,2026-05-29T13:51:30.947186+00:00
874,16,P06,no,1,0.1362,0.865426,0.862158,181.0,115.0,2026-05-29T13:51:34.497035+00:00
876,16,P06,no,1,0.1395,0.862158,0.858824,181.0,116.0,2026-05-29T13:51:35.496904+00:00
883,17,P06,no,1,-0.1645,0.833566,0.837384,191.0,132.0,2026-05-29T13:52:10.801817+00:00
890,17,P06,yes,1,0.8393,0.837384,0.841131,192.0,132.0,2026-05-29T13:52:22.307771+00:00
895,17,P01,yes,10,-6.0253,0.635424,0.569001,142.0,132.0,2026-05-29T13:52:25.394984+00:00
900,17,P01,yes,10,-3.3328,0.364576,0.302941,102.0,132.0,2026-05-29T13:52:26.061919+00:00
904,17,P09,yes,10,4.6539,0.430999,0.5,132.0,132.0,2026-05-29T13:52:26.495388+00:00
905,17,P04,yes,1,0.5035,0.5,0.506944,133.0,132.0,2026-05-29T13:52:26.866215+00:00
907,17,P08,no,5,-2.0368,0.5758,0.609318,143.0,127.0,2026-05-29T13:52:27.193365+00:00
913,17,P06,yes,1,0.917,0.915976,0.918089,214.0,127.0,2026-05-29T13:52:29.631849+00:00
916,17,P08,no,1,0.0851,0.915976,0.913813,214.0,129.0,2026-05-29T13:52:32.338987+00:00
918,17,P08,no,1,0.0895,0.9116,0.909336,214.0,131.0,2026-05-29T13:52:32.840079+00:00
922,17,P08,no,1,0.099,0.902227,0.89975,214.0,135.0,2026-05-29T13:52:33.654456+00:00
923,17,P08,no,1,0.1015,0.89975,0.897216,214.0,136.0,2026-05-29T13:52:34.321080+00:00
928,17,P08,no,1,0.1094,0.891978,0.889273,214.0,139.0,2026-05-29T13:52:40.269944+00:00
929,17,P03,no,4,0.4654,0.889273,0.87785,214.0,143.0,2026-05-29T13:52:41.434561+00:00
930,17,P02,yes,20,-16.873,0.87785,0.804815,194.0,143.0,2026-05-29T13:52:41.660579+00:00
931,17,P03,no,4,0.8164,0.804815,0.786768,194.0,147.0,2026-05-29T13:52:42.504104+00:00
2192,31,P01,no,12,-4.6911,0.569001,0.648194,282.0,260.0,2026-05-29T14:05:08.684729+00:00
2198,31,P04,no,1,0.0942,0.90702,0.904651,282.0,201.0,2026-05-29T14:05:09.518268+00:00
2201,31,P04,no,1,0.1178,0.883683,0.880797,262.0,190.0,2026-05-29T14:05:09.694878+00:00
2203,31,P01,no,12,-2.0024,0.809142,0.855422,242.0,178.0,2026-05-29T14:05:09.793486+00:00
2218,31,P01,no,12,-6.9075,0.38409,0.465333,142.0,147.0,2026-05-29T14:05:10.834211+00:00
2252,31,P03,yes,7,0.9775,0.128234,0.151585,55.0,117.0,2026-05-29T14:05:58.465096+00:00
2264,32,P08,yes,1,0.099,0.097773,0.10025,58.0,137.0,2026-05-29T14:06:14.555828+00:00
2268,32,P01,no,10,9.4574,0.061675,0.047426,59.0,167.0,2026-05-29T14:06:15.165388+00:00
2271,32,P01,no,10,9.7567,0.027772,0.021179,59.0,197.0,2026-05-29T14:06:15.732473+00:00
2279,32,P05,yes,20,6.4364,0.263515,0.38409,160.0,177.0,2026-05-29T14:06:20.324716+00:00
2290,32,P08,yes,1,0.157,0.155192,0.158869,137.0,197.0,2026-05-29T14:06:30.746070+00:00
2295,32,P05,yes,1,0.1763,0.174285,0.178319,142.0,197.0,2026-05-29T14:06:31.707676+00:00
2297,32,P09,yes,10,2.0437,0.182426,0.227546,153.0,197.0,2026-05-29T14:06:32.019987+00:00
2306,32,P05,yes,1,0.2717,0.268941,0.274438,162.0,197.0,2026-05-29T14:06:33.306711+00:00
2311,32,P05,yes,1,0.2772,0.274438,0.280003,163.0,197.0,2026-05-29T14:06:33.792703+00:00
2316,32,P05,yes,1,0.3,0.297107,0.302941,167.0,197.0,2026-05-29T14:06:34.424696+00:00
2321,32,P05,yes,1,0.33,0.326904,0.333045,172.0,197.0,2026-05-29T14:06:35.256994+00:00
2323,32,P05,yes,1,0.3424,0.339244,0.345498,174.0,197.0,2026-05-29T14:06:35.591990+00:00
2332,32,P05,yes,1,-0.2203,0.2227,0.217929,153.0,199.0,2026-05-29T14:06:46.723094+00:00
2353,32,P02,yes,20,3.4304,0.134574,0.213232,152.0,199.0,2026-05-29T14:07:02.017766+00:00
2354,32,P05,yes,20,-3.4304,0.213232,0.134574,132.0,199.0,2026-05-29T14:07:03.767704+00:00
2357,32,P02,yes,20,3.3524,0.131371,0.208609,151.0,199.0,2026-05-29T14:07:05.222260+00:00
2376,32,P08,yes,1,-0.3059,0.308838,0.302941,150.0,180.0,2026-05-29T14:07:24.250948+00:00
2381,32,P05,yes,20,-4.9773,0.302941,0.199585,150.0,200.0,2026-05-29T14:07:30.027257+00:00
2740,34,P05,yes,20,-12.5639,0.691162,0.562177,115.0,106.0,2026-05-29T14:11:18.628701+00:00
2749,34,P05,yes,1,0.6639,0.660756,0.666955,131.0,106.0,2026-05-29T14:11:27.807659+00:00
2764,36,P05,no,1,0.4208,0.58257,0.5758,130.0,119.0,2026-05-29T14:12:02.942852+00:00
2767,36,P05,no,1,0.4412,0.562177,0.555328,130.0,122.0,2026-05-29T14:12:04.108285+00:00
2788,36,P01,yes,1,0.5656,0.562177,0.569001,152.0,142.0,2026-05-29T14:12:12.986953+00:00
2790,36,P01,yes,1,0.5724,0.569001,0.5758,153.0,142.0,2026-05-29T14:12:13.134950+00:00
2812,36,P04,yes,20,13.1967,0.596015,0.719997,196.0,162.0,2026-05-29T14:12:21.977327+00:00
2818,36,P01,yes,1,-0.7058,0.708661,0.702893,193.0,162.0,2026-05-29T14:12:24.480469+00:00
2823,36,P01,yes,1,-0.6761,0.679179,0.673096,188.0,162.0,2026-05-29T14:12:25.930834+00:00
2825,36,P01,yes,1,-0.6639,0.666955,0.660756,186.0,162.0,2026-05-29T14:12:26.538977+00:00
2931,39,P05,no,1,0.2251,0.7773,0.772454,232.0,188.0,2026-05-29T14:13:38.656538+00:00
2938,39,P05,no,1,0.2608,0.74184,0.736485,232.0,195.0,2026-05-29T14:13:41.025787+00:00
2944,39,P05,no,1,0.2942,0.708661,0.702893,232.0,201.0,2026-05-29T14:13:42.473030+00:00
2954,39,P01,yes,1,0.7,0.697059,0.702893,237.0,206.0,2026-05-29T14:13:43.502272+00:00
2959,39,P05,no,1,0.2885,0.714362,0.708661,240.0,208.0,2026-05-29T14:13:44.006999+00:00
2965,39,P01,yes,1,0.7392,0.736485,0.74184,246.0,208.0,2026-05-29T14:13:44.841154+00:00
842,16,P09,yes,10,7.8176,0.757476,0.804815,162.0,111.0,2026-05-29T13:51:16.594710+00:00
855,16,P08,yes,7,-6.6631,0.9562,0.947294,215.0,111.0,2026-05-29T13:51:25.670536+00:00
860,16,P09,yes,10,9.6452,0.95956,0.969065,235.0,111.0,2026-05-29T13:51:26.080269+00:00
877,16,P05,no,20,3.5906,0.858824,0.7773,181.0,136.0,2026-05-29T13:51:35.522369+00:00
881,17,P06,no,1,-0.1723,0.825715,0.829676,191.0,134.0,2026-05-29T13:52:04.725367+00:00
882,17,P06,no,1,-0.1684,0.829676,0.833566,191.0,133.0,2026-05-29T13:52:06.421239+00:00
891,17,P01,yes,10,-8.2138,0.841131,0.800415,182.0,132.0,2026-05-29T13:52:24.826449+00:00
893,17,P01,yes,10,-7.2527,0.752336,0.697059,162.0,132.0,2026-05-29T13:52:25.121087+00:00
897,17,P01,yes,10,-4.6539,0.5,0.430999,122.0,132.0,2026-05-29T13:52:25.728857+00:00
902,17,P01,yes,10,-3.3328,0.364576,0.302941,102.0,132.0,2026-05-29T13:52:26.227439+00:00
906,17,P09,yes,10,5.415,0.506944,0.5758,143.0,132.0,2026-05-29T13:52:26.941962+00:00
911,17,P09,yes,10,8.7759,0.862158,0.891978,203.0,127.0,2026-05-29T13:52:28.199738+00:00
912,17,P09,yes,10,9.0443,0.891978,0.915976,213.0,127.0,2026-05-29T13:52:29.156224+00:00
915,17,P08,no,1,0.083,0.918089,0.915976,214.0,128.0,2026-05-29T13:52:31.922071+00:00
920,17,P08,no,1,0.0942,0.90702,0.904651,214.0,133.0,2026-05-29T13:52:33.246055+00:00
924,17,P08,no,1,0.1041,0.897216,0.894626,214.0,137.0,2026-05-29T13:52:34.538982+00:00
925,17,P06,yes,1,0.8959,0.894626,0.897216,215.0,137.0,2026-05-29T13:52:34.801173+00:00
2187,31,P06,yes,1,0.3178,0.314799,0.320821,281.0,308.0,2026-05-29T14:05:07.869807+00:00
2191,31,P06,yes,1,0.5656,0.562177,0.569001,282.0,272.0,2026-05-29T14:05:08.658075+00:00
2193,31,P01,no,12,-3.782,0.648194,0.719997,282.0,248.0,2026-05-29T14:05:08.825439+00:00
2197,31,P01,no,12,-1.3005,0.87484,0.90702,282.0,200.0,2026-05-29T14:05:09.469611+00:00
2202,31,P05,yes,20,-16.9453,0.880797,0.809142,242.0,190.0,2026-05-29T14:05:09.712681+00:00
2208,31,P05,yes,20,-13.3201,0.725562,0.602685,202.0,187.0,2026-05-29T14:05:10.044145+00:00
2210,31,P02,yes,20,-7.9589,0.465333,0.333045,182.0,207.0,2026-05-29T14:05:10.127202+00:00
2216,31,P01,no,12,-6.2493,0.437823,0.520821,162.0,159.0,2026-05-29T14:05:10.625215+00:00
2224,31,P07,no,20,-12.0411,0.333045,0.465333,142.0,147.0,2026-05-29T14:05:17.952342+00:00
2234,31,P09,no,20,-12.0411,0.333045,0.465333,102.0,107.0,2026-05-29T14:05:30.851917+00:00
2237,31,P09,yes,20,-5.5117,0.333045,0.2227,62.0,107.0,2026-05-29T14:05:34.640408+00:00
2244,31,P05,yes,1,0.3424,0.339244,0.345498,64.0,87.0,2026-05-29T14:05:54.843051+00:00
2246,31,P05,yes,1,0.355,0.351806,0.358166,66.0,87.0,2026-05-29T14:05:55.195196+00:00
2262,32,P01,no,10,9.3315,0.075858,0.058537,57.0,157.0,2026-05-29T14:06:14.453534+00:00
2266,32,P01,no,10,9.0912,0.102784,0.079846,59.0,147.0,2026-05-29T14:06:14.807517+00:00
2267,32,P01,no,10,9.296,0.079846,0.061675,59.0,157.0,2026-05-29T14:06:14.982788+00:00
2270,32,P01,no,10,9.6813,0.036341,0.027772,59.0,187.0,2026-05-29T14:06:15.519446+00:00
2274,32,P08,yes,1,0.0368,0.036341,0.037327,60.0,177.0,2026-05-29T14:06:18.983153+00:00
2276,32,P05,yes,20,1.6544,0.063302,0.105374,100.0,177.0,2026-05-29T14:06:19.776445+00:00
2284,32,P08,yes,1,-0.3614,0.364576,0.358166,156.0,177.0,2026-05-29T14:06:23.378847+00:00
2286,32,P07,no,20,14.1512,0.351806,0.237458,155.0,197.0,2026-05-29T14:06:25.266611+00:00
2287,32,P05,yes,20,-3.8416,0.237458,0.151585,135.0,197.0,2026-05-29T14:06:27.544851+00:00
2288,32,P08,yes,1,0.1534,0.151585,0.155192,136.0,197.0,2026-05-29T14:06:28.971337+00:00
2292,32,P05,yes,1,0.1645,0.162616,0.166434,139.0,197.0,2026-05-29T14:06:31.207317+00:00
2299,32,P05,yes,1,0.235,0.232465,0.237458,155.0,197.0,2026-05-29T14:06:32.207137+00:00
2300,32,P05,yes,1,0.24,0.237458,0.242524,156.0,197.0,2026-05-29T14:06:32.357126+00:00
2302,32,P05,yes,1,0.2503,0.247664,0.252876,158.0,197.0,2026-05-29T14:06:32.673886+00:00
2308,32,P08,yes,1,-0.2772,0.280003,0.274438,162.0,197.0,2026-05-29T14:06:33.476937+00:00
2322,32,P05,yes,1,0.3361,0.333045,0.339244,173.0,197.0,2026-05-29T14:06:35.428978+00:00
2325,32,P05,yes,1,0.355,0.351806,0.358166,176.0,197.0,2026-05-29T14:06:35.958747+00:00
2335,32,P05,yes,1,-0.2109,0.213232,0.208609,151.0,199.0,2026-05-29T14:06:48.632222+00:00
2336,32,P09,yes,10,2.3277,0.208609,0.25816,161.0,199.0,2026-05-29T14:06:50.873249+00:00
2340,32,P05,yes,1,-0.24,0.242524,0.237458,157.0,199.0,2026-05-29T14:06:52.291140+00:00
2341,32,P05,yes,1,-0.235,0.237458,0.232465,156.0,199.0,2026-05-29T14:06:52.423821+00:00
2345,32,P05,yes,1,-0.2156,0.217929,0.213232,152.0,199.0,2026-05-29T14:06:53.074127+00:00
2349,32,P05,yes,20,-3.3524,0.208609,0.131371,131.0,199.0,2026-05-29T14:06:59.046634+00:00
2355,32,P08,yes,1,-0.133,0.134574,0.131371,131.0,199.0,2026-05-29T14:07:04.074244+00:00
2369,32,P05,yes,1,-0.133,0.134574,0.131371,111.0,179.0,2026-05-29T14:07:15.124526+00:00
2373,32,P05,yes,20,3.2759,0.128234,0.20406,131.0,180.0,2026-05-29T14:07:23.257639+00:00
2379,32,P09,no,20,15.0227,0.302941,0.199585,150.0,200.0,2026-05-29T14:07:26.177871+00:00
2741,34,P01,yes,10,5.9587,0.562177,0.628965,125.0,106.0,2026-05-29T14:11:19.616705+00:00
2744,34,P05,yes,1,0.6322,0.628965,0.635424,126.0,106.0,2026-05-29T14:11:27.093266+00:00
2746,34,P08,yes,1,0.645,0.641834,0.648194,128.0,106.0,2026-05-29T14:11:27.294551+00:00
2748,34,P05,yes,1,0.6576,0.654502,0.660756,130.0,106.0,2026-05-29T14:11:27.658619+00:00
2754,36,P06,yes,1,-0.6386,0.641834,0.635424,130.0,110.0,2026-05-29T14:12:00.284075+00:00
2756,36,P05,no,1,0.3743,0.628965,0.622459,130.0,112.0,2026-05-29T14:12:00.680919+00:00
2761,36,P05,no,1,0.4006,0.602685,0.596015,130.0,116.0,2026-05-29T14:12:02.007869+00:00
2793,36,P01,yes,1,0.5859,0.58257,0.589309,155.0,142.0,2026-05-29T14:12:13.433617+00:00
2798,36,P01,yes,1,0.5994,0.596015,0.602685,157.0,142.0,2026-05-29T14:12:14.165723+00:00
2814,36,P05,yes,1,0.7228,0.719997,0.725562,197.0,162.0,2026-05-29T14:12:22.465614+00:00
2816,36,P01,yes,1,-0.7172,0.719997,0.714362,195.0,162.0,2026-05-29T14:12:24.071359+00:00
2820,36,P01,yes,1,-0.6941,0.697059,0.691162,191.0,162.0,2026-05-29T14:12:24.836052+00:00
2824,36,P05,yes,1,-0.67,0.673096,0.666955,187.0,162.0,2026-05-29T14:12:26.332592+00:00
849,16,P01,yes,10,8.6188,0.844808,0.87785,182.0,111.0,2026-05-29T13:51:24.273494+00:00
856,16,P01,yes,10,9.5368,0.947294,0.95956,225.0,111.0,2026-05-29T13:51:25.709605+00:00
861,16,P01,yes,10,9.7289,0.969065,0.976391,245.0,111.0,2026-05-29T13:51:26.277193+00:00
867,16,P09,yes,20,-18.2149,0.931573,0.886508,185.0,111.0,2026-05-29T13:51:29.663948+00:00
870,16,P03,yes,4,-3.2191,0.813395,0.79594,161.0,112.0,2026-05-29T13:51:32.054495+00:00
871,16,P06,no,1,0.2063,0.79594,0.791391,161.0,113.0,2026-05-29T13:51:32.773113+00:00
879,16,P09,yes,10,8.0011,0.7773,0.821681,191.0,136.0,2026-05-29T13:51:35.758154+00:00
880,17,P06,no,1,-0.1763,0.821681,0.825715,191.0,135.0,2026-05-29T13:51:58.441310+00:00
894,17,P01,yes,10,-6.6672,0.697059,0.635424,152.0,132.0,2026-05-29T13:52:25.258232+00:00
903,17,P02,yes,20,7.3076,0.302941,0.430999,122.0,132.0,2026-05-29T13:52:26.276245+00:00
909,17,P09,yes,10,7.5717,0.731059,0.782071,173.0,127.0,2026-05-29T13:52:27.574951+00:00
926,17,P04,yes,1,-0.8959,0.897216,0.894626,214.0,137.0,2026-05-29T13:52:36.777387+00:00
927,17,P08,no,1,0.1067,0.894626,0.891978,214.0,138.0,2026-05-29T13:52:37.390321+00:00
2188,31,P01,no,12,-7.6984,0.320821,0.397315,281.0,296.0,2026-05-29T14:05:08.209001+00:00
2190,31,P01,no,12,-5.7507,0.479179,0.562177,281.0,272.0,2026-05-29T14:05:08.517092+00:00
2194,31,P01,no,12,-2.9772,0.719997,0.782071,282.0,236.0,2026-05-29T14:05:08.984932+00:00
2196,31,P01,no,12,-1.7398,0.833566,0.87484,282.0,212.0,2026-05-29T14:05:09.309816+00:00
2205,31,P04,no,1,0.23,0.772454,0.767535,242.0,199.0,2026-05-29T14:05:09.836807+00:00
2211,31,P01,no,12,-7.5442,0.333045,0.410691,182.0,195.0,2026-05-29T14:05:10.144065+00:00
2217,31,P02,yes,20,-9.037,0.520821,0.38409,142.0,159.0,2026-05-29T14:05:10.644792+00:00
2219,31,P09,no,20,12.0411,0.465333,0.333045,142.0,167.0,2026-05-29T14:05:11.431291+00:00
2226,31,P02,yes,20,-7.9589,0.465333,0.333045,122.0,147.0,2026-05-29T14:05:22.743577+00:00
2227,31,P07,no,20,-12.0411,0.333045,0.465333,122.0,127.0,2026-05-29T14:05:23.888028+00:00
2232,31,P05,no,20,14.4883,0.333045,0.2227,102.0,147.0,2026-05-29T14:05:29.808667+00:00
2240,31,P09,no,20,-14.4883,0.2227,0.333045,62.0,87.0,2026-05-29T14:05:38.601043+00:00
2243,31,P05,yes,1,0.3361,0.333045,0.339244,63.0,87.0,2026-05-29T14:05:54.683189+00:00
2256,32,P01,no,10,8.2541,0.195185,0.155192,56.0,117.0,2026-05-29T14:06:12.718075+00:00
2257,32,P01,no,10,8.6188,0.155192,0.12215,56.0,127.0,2026-05-29T14:06:12.879622+00:00
2259,32,P01,no,10,9.1577,0.095349,0.073934,56.0,147.0,2026-05-29T14:06:13.198973+00:00
2269,32,P01,no,10,9.5835,0.047426,0.036341,59.0,177.0,2026-05-29T14:06:15.337613+00:00
2272,32,P09,no,20,-19.438,0.021179,0.036341,59.0,177.0,2026-05-29T14:06:16.037667+00:00
2282,32,P08,yes,1,-0.3743,0.377541,0.371035,158.0,177.0,2026-05-29T14:06:22.938279+00:00
2294,32,P05,yes,1,0.1723,0.170324,0.174285,141.0,197.0,2026-05-29T14:06:31.540877+00:00
2303,32,P05,yes,1,0.2555,0.252876,0.25816,159.0,197.0,2026-05-29T14:06:32.842858+00:00
2305,32,P05,yes,1,0.2662,0.263515,0.268941,161.0,197.0,2026-05-29T14:06:33.142108+00:00
2310,32,P08,yes,1,-0.2772,0.280003,0.274438,162.0,197.0,2026-05-29T14:06:33.675134+00:00
2315,32,P05,yes,1,0.2942,0.291339,0.297107,166.0,197.0,2026-05-29T14:06:34.274585+00:00
2317,32,P05,yes,1,0.3059,0.302941,0.308838,168.0,197.0,2026-05-29T14:06:34.593881+00:00
2320,32,P05,yes,1,0.3239,0.320821,0.326904,171.0,197.0,2026-05-29T14:06:35.108848+00:00
2327,32,P09,yes,20,-5.8488,0.351806,0.237458,156.0,198.0,2026-05-29T14:06:36.936057+00:00
2328,32,P06,no,1,0.765,0.237458,0.232465,156.0,199.0,2026-05-29T14:06:38.515110+00:00
2331,32,P05,yes,1,-0.2251,0.227546,0.2227,154.0,199.0,2026-05-29T14:06:46.090795+00:00
2338,32,P05,yes,1,-0.2503,0.252876,0.247664,159.0,199.0,2026-05-29T14:06:51.964864+00:00
2343,32,P05,yes,1,-0.2251,0.227546,0.2227,154.0,199.0,2026-05-29T14:06:52.741316+00:00
2351,32,P08,yes,1,0.133,0.131371,0.134574,132.0,199.0,2026-05-29T14:07:01.456626+00:00
2363,32,P02,yes,20,-3.3524,0.208609,0.131371,131.0,199.0,2026-05-29T14:07:11.114114+00:00
2365,32,P08,yes,1,0.133,0.131371,0.134574,132.0,199.0,2026-05-29T14:07:13.043636+00:00
2375,32,P05,yes,20,5.0814,0.20406,0.308838,151.0,180.0,2026-05-29T14:07:24.026054+00:00
2380,32,P09,yes,20,4.9773,0.199585,0.302941,170.0,200.0,2026-05-29T14:07:29.033606+00:00
2751,36,P05,no,1,0.3424,0.660756,0.654502,131.0,108.0,2026-05-29T14:11:58.873544+00:00
2752,36,P05,no,1,0.3486,0.654502,0.648194,131.0,109.0,2026-05-29T14:11:59.395725+00:00
2768,36,P08,yes,1,0.5588,0.555328,0.562177,131.0,122.0,2026-05-29T14:12:07.077969+00:00
2772,36,P04,yes,20,12.5639,0.562177,0.691162,151.0,122.0,2026-05-29T14:12:08.398806+00:00
2792,36,P01,yes,1,0.5792,0.5758,0.58257,154.0,142.0,2026-05-29T14:12:13.267485+00:00
2822,36,P01,yes,1,-0.6822,0.685201,0.679179,189.0,162.0,2026-05-29T14:12:25.230017+00:00
2826,36,P06,no,1,0.3424,0.660756,0.654502,186.0,163.0,2026-05-29T14:12:26.576507+00:00
2830,36,P01,yes,1,-0.6386,0.641834,0.635424,183.0,163.0,2026-05-29T14:12:27.267186+00:00
2836,36,P05,yes,1,0.6192,0.61591,0.622459,182.0,164.0,2026-05-29T14:12:29.907391+00:00
2839,36,P05,yes,1,0.6386,0.635424,0.641834,185.0,164.0,2026-05-29T14:12:30.458936+00:00
2843,36,P05,yes,1,0.6576,0.654502,0.660756,188.0,164.0,2026-05-29T14:12:31.639170+00:00
2854,36,P05,yes,1,-0.6882,0.691162,0.685201,192.0,164.0,2026-05-29T14:12:35.679965+00:00
2869,36,P01,no,10,5.0,0.534667,0.465333,189.0,194.0,2026-05-29T14:12:58.147402+00:00
2871,36,P04,yes,20,13.3201,0.602685,0.725562,229.0,194.0,2026-05-29T14:12:58.833059+00:00
2874,36,P01,no,1,-0.33,0.666955,0.673096,229.0,203.0,2026-05-29T14:13:04.417958+00:00
2879,36,P01,no,1,-0.3,0.697059,0.702893,229.0,198.0,2026-05-29T14:13:05.263739+00:00
858,16,P02,yes,20,-19.182,0.969065,0.947294,215.0,111.0,2026-05-29T13:51:25.997092+00:00
862,16,P02,yes,20,-19.374,0.976391,0.95956,225.0,111.0,2026-05-29T13:51:27.009508+00:00
868,16,P04,no,1,0.1149,0.886508,0.883683,185.0,112.0,2026-05-29T13:51:30.894005+00:00
892,17,P01,yes,10,-7.7699,0.800415,0.752336,172.0,132.0,2026-05-29T13:52:24.970041+00:00
896,17,P01,yes,10,-5.3461,0.569001,0.5,132.0,132.0,2026-05-29T13:52:25.552437+00:00
901,17,P09,yes,10,3.3328,0.302941,0.364576,112.0,132.0,2026-05-29T13:52:26.083214+00:00
908,17,P07,yes,20,13.4425,0.609318,0.731059,163.0,127.0,2026-05-29T13:52:27.514872+00:00
919,17,P08,no,1,0.0918,0.909336,0.90702,214.0,132.0,2026-05-29T13:52:33.058663+00:00
2189,31,P01,no,12,-6.7444,0.397315,0.479179,281.0,284.0,2026-05-29T14:05:08.367359+00:00
2195,31,P01,no,12,-2.2956,0.782071,0.833566,282.0,224.0,2026-05-29T14:05:09.153924+00:00
2204,31,P09,no,20,3.6728,0.855422,0.772454,242.0,198.0,2026-05-29T14:05:09.814432+00:00
2207,31,P01,no,12,-3.7106,0.654502,0.725562,222.0,187.0,2026-05-29T14:05:09.958209+00:00
2209,31,P09,no,20,9.3111,0.602685,0.465333,202.0,207.0,2026-05-29T14:05:10.106009+00:00
2214,31,P01,no,12,-8.1458,0.285638,0.358166,162.0,183.0,2026-05-29T14:05:10.283891+00:00
2215,31,P01,no,12,-7.2295,0.358166,0.437823,162.0,171.0,2026-05-29T14:05:10.451776+00:00
2248,31,P05,yes,1,0.3678,0.364576,0.371035,68.0,87.0,2026-05-29T14:05:55.524451+00:00
2249,31,P02,yes,20,-6.1976,0.371035,0.252876,48.0,87.0,2026-05-29T14:05:56.696779+00:00
2251,31,P07,no,20,16.7241,0.20406,0.128234,48.0,117.0,2026-05-29T14:05:57.282834+00:00
2253,31,P08,yes,1,0.1534,0.151585,0.155192,56.0,117.0,2026-05-29T14:05:58.546827+00:00
2254,32,P05,no,20,-16.0718,0.155192,0.242524,56.0,97.0,2026-05-29T14:06:11.868030+00:00
2261,32,P08,yes,1,0.0749,0.073934,0.075858,57.0,147.0,2026-05-29T14:06:14.306601+00:00
2263,32,P07,no,20,-18.4675,0.058537,0.097773,57.0,137.0,2026-05-29T14:06:14.531563+00:00
2265,32,P08,yes,1,0.1015,0.10025,0.102784,59.0,137.0,2026-05-29T14:06:14.747313+00:00
2275,32,P05,yes,20,0.9847,0.037327,0.063302,80.0,177.0,2026-05-29T14:06:19.592960+00:00
2277,32,P05,yes,20,2.7133,0.105374,0.170324,120.0,177.0,2026-05-29T14:06:19.991893+00:00
2283,32,P08,yes,1,-0.3678,0.371035,0.364576,157.0,177.0,2026-05-29T14:06:23.184961+00:00
2285,32,P08,yes,1,-0.355,0.358166,0.351806,155.0,177.0,2026-05-29T14:06:23.586261+00:00
2293,32,P05,yes,1,0.1684,0.166434,0.170324,140.0,197.0,2026-05-29T14:06:31.376059+00:00
2304,32,P05,yes,1,0.2608,0.25816,0.263515,160.0,197.0,2026-05-29T14:06:32.991992+00:00
2309,32,P05,yes,1,0.2772,0.274438,0.280003,163.0,197.0,2026-05-29T14:06:33.623855+00:00
2314,32,P05,yes,1,0.2885,0.285638,0.291339,165.0,197.0,2026-05-29T14:06:34.107526+00:00
2318,32,P05,yes,1,0.3118,0.308838,0.314799,169.0,197.0,2026-05-29T14:06:34.756408+00:00
2319,32,P05,yes,1,0.3178,0.314799,0.320821,170.0,197.0,2026-05-29T14:06:34.923858+00:00
2326,32,P06,no,1,0.645,0.358166,0.351806,176.0,198.0,2026-05-29T14:06:36.467156+00:00
2333,32,P05,yes,1,-0.2156,0.217929,0.213232,152.0,199.0,2026-05-29T14:06:47.776924+00:00
2342,32,P05,yes,1,-0.23,0.232465,0.227546,155.0,199.0,2026-05-29T14:06:52.558330+00:00
2371,32,P06,no,1,0.8702,0.131371,0.128234,111.0,180.0,2026-05-29T14:07:22.727175+00:00
2385,32,P05,yes,20,-3.2008,0.199585,0.12516,130.0,200.0,2026-05-29T14:07:37.577850+00:00
2745,34,P05,yes,1,0.6386,0.635424,0.641834,127.0,106.0,2026-05-29T14:11:27.274295+00:00
2747,34,P05,yes,1,0.6514,0.648194,0.654502,129.0,106.0,2026-05-29T14:11:27.492269+00:00
2750,36,P05,no,1,0.3361,0.666955,0.660756,131.0,107.0,2026-05-29T14:11:58.130876+00:00
2755,36,P05,no,1,0.3678,0.635424,0.628965,130.0,111.0,2026-05-29T14:12:00.357413+00:00
2760,36,P05,no,1,0.394,0.609318,0.602685,130.0,115.0,2026-05-29T14:12:01.813215+00:00
2762,36,P05,no,1,0.4073,0.596015,0.589309,130.0,117.0,2026-05-29T14:12:02.156880+00:00
2766,36,P05,no,1,0.4344,0.569001,0.562177,130.0,121.0,2026-05-29T14:12:03.907070+00:00
2780,36,P07,no,20,7.4361,0.691162,0.562177,151.0,142.0,2026-05-29T14:12:10.089434+00:00
2806,36,P07,no,20,6.6799,0.725562,0.602685,177.0,162.0,2026-05-29T14:12:15.563444+00:00
2815,36,P01,yes,1,-0.7228,0.725562,0.719997,196.0,162.0,2026-05-29T14:12:23.860358+00:00
2817,36,P01,yes,1,-0.7115,0.714362,0.708661,194.0,162.0,2026-05-29T14:12:24.324623+00:00
2819,36,P01,yes,1,-0.7,0.702893,0.697059,192.0,162.0,2026-05-29T14:12:24.648731+00:00
2832,36,P01,yes,1,-0.6322,0.635424,0.628965,182.0,163.0,2026-05-29T14:12:27.682015+00:00
2833,36,P06,no,1,0.3743,0.628965,0.622459,182.0,164.0,2026-05-29T14:12:28.327782+00:00
2841,36,P05,yes,1,0.645,0.641834,0.648194,186.0,164.0,2026-05-29T14:12:31.282909+00:00
2844,36,P03,yes,6,4.0745,0.660756,0.697059,194.0,164.0,2026-05-29T14:12:31.789686+00:00
2849,36,P05,yes,1,-0.7115,0.714362,0.708661,196.0,164.0,2026-05-29T14:12:33.942207+00:00
2853,36,P05,yes,1,-0.6941,0.697059,0.691162,193.0,164.0,2026-05-29T14:12:35.137577+00:00
2876,36,P01,no,1,-0.3178,0.679179,0.685201,229.0,201.0,2026-05-29T14:13:04.749161+00:00
2892,36,P05,no,1,0.3178,0.685201,0.679179,227.0,200.0,2026-05-29T14:13:09.672631+00:00
2897,36,P05,no,1,0.3486,0.654502,0.648194,226.0,204.0,2026-05-29T14:13:10.306643+00:00
2904,36,P05,no,1,0.394,0.609318,0.602685,226.0,211.0,2026-05-29T14:13:12.658299+00:00
2912,36,P04,yes,20,12.82,0.5758,0.702893,246.0,215.0,2026-05-29T14:13:13.590633+00:00
2913,36,P01,no,10,-2.6923,0.702893,0.757476,246.0,205.0,2026-05-29T14:13:15.057935+00:00
2920,36,P08,no,1,0.133,0.868629,0.865426,246.0,179.0,2026-05-29T14:13:16.942804+00:00
851,16,P01,yes,10,9.1577,0.904651,0.926066,202.0,111.0,2026-05-29T13:51:24.697977+00:00
852,16,P01,yes,10,9.3486,0.926066,0.942975,212.0,111.0,2026-05-29T13:51:25.327916+00:00
854,16,P01,yes,10,9.4986,0.942975,0.9562,222.0,111.0,2026-05-29T13:51:25.508922+00:00
859,16,P01,yes,10,9.5368,0.947294,0.95956,225.0,111.0,2026-05-29T13:51:26.061935+00:00
872,16,P06,no,1,0.2109,0.791391,0.786768,161.0,114.0,2026-05-29T13:51:33.567300+00:00
873,16,P07,yes,20,16.5696,0.786768,0.865426,181.0,114.0,2026-05-29T13:51:34.477153+00:00
899,17,P01,yes,10,-3.9747,0.430999,0.364576,112.0,132.0,2026-05-29T13:52:25.914989+00:00
910,17,P02,yes,20,16.4902,0.782071,0.862158,193.0,127.0,2026-05-29T13:52:27.813968+00:00
917,17,P08,no,1,0.0873,0.913813,0.9116,214.0,130.0,2026-05-29T13:52:32.647377+00:00
921,17,P08,no,1,0.0966,0.904651,0.902227,214.0,134.0,2026-05-29T13:52:33.422579+00:00
936,17,P09,yes,10,8.0884,0.786768,0.829676,204.0,147.0,2026-05-29T13:52:48.203595+00:00
943,17,P01,yes,10,8.4813,0.829676,0.865426,214.0,147.0,2026-05-29T13:52:53.468640+00:00
944,17,P01,yes,10,8.8054,0.865426,0.894626,224.0,147.0,2026-05-29T13:52:53.648142+00:00
945,17,P01,yes,10,9.068,0.894626,0.918089,234.0,147.0,2026-05-29T13:52:53.861694+00:00
946,17,P01,yes,10,9.2776,0.918089,0.936698,244.0,147.0,2026-05-29T13:52:54.450151+00:00
948,17,P01,yes,10,9.443,0.936698,0.951303,254.0,147.0,2026-05-29T13:52:54.635660+00:00
949,17,P01,yes,10,9.5723,0.951303,0.962673,264.0,147.0,2026-05-29T13:52:54.870244+00:00
950,17,P02,yes,20,-19.0153,0.962673,0.936698,244.0,147.0,2026-05-29T13:52:54.979050+00:00
951,17,P04,no,1,0.0641,0.936698,0.935031,244.0,148.0,2026-05-29T13:52:57.541337+00:00
952,17,P04,no,1,0.0658,0.935031,0.933323,244.0,149.0,2026-05-29T13:52:58.811855+00:00
953,17,P04,no,1,0.0675,0.933323,0.931573,244.0,150.0,2026-05-29T13:52:59.610024+00:00
954,17,P09,yes,20,-18.2149,0.931573,0.886508,224.0,150.0,2026-05-29T13:53:00.058640+00:00
955,17,P08,yes,1,-0.8851,0.886508,0.883683,223.0,150.0,2026-05-29T13:53:00.242278+00:00
956,17,P07,yes,20,-17.0163,0.883683,0.813395,203.0,150.0,2026-05-29T13:53:00.532168+00:00
957,17,P09,no,20,-2.9837,0.813395,0.883683,203.0,130.0,2026-05-29T13:53:02.886009+00:00
958,17,P02,yes,10,-8.6836,0.883683,0.851953,193.0,130.0,2026-05-29T13:53:05.840988+00:00
960,17,P06,yes,1,0.8537,0.851953,0.855422,194.0,130.0,2026-05-29T13:53:11.826136+00:00
965,17,P06,yes,1,0.8571,0.855422,0.858824,195.0,130.0,2026-05-29T13:53:25.831028+00:00
966,20,P06,yes,1,0.8605,0.858824,0.862158,196.0,130.0,2026-05-29T13:53:50.194390+00:00
968,20,P06,yes,1,0.8638,0.862158,0.865426,197.0,130.0,2026-05-29T13:53:53.644314+00:00
970,20,P09,no,10,-1.1946,0.865426,0.894626,197.0,120.0,2026-05-29T13:54:00.610627+00:00
971,20,P05,no,3,0.3282,0.894626,0.886508,197.0,123.0,2026-05-29T13:54:01.365147+00:00
974,20,P05,no,3,0.3533,0.886508,0.87785,197.0,126.0,2026-05-29T13:54:09.236729+00:00
982,20,P05,no,1,0.1237,0.87785,0.87484,197.0,127.0,2026-05-29T13:54:13.398133+00:00
991,20,P01,yes,10,-8.5854,0.87484,0.841131,187.0,127.0,2026-05-29T13:54:19.156402+00:00
996,20,P04,no,1,-0.157,0.841131,0.844808,187.0,126.0,2026-05-29T13:54:24.819422+00:00
997,20,P07,yes,20,17.5362,0.844808,0.904651,207.0,126.0,2026-05-29T13:54:25.317461+00:00
998,20,P04,no,1,-0.0942,0.904651,0.90702,207.0,125.0,2026-05-29T13:54:25.403311+00:00
999,20,P06,yes,1,-0.9058,0.90702,0.904651,206.0,125.0,2026-05-29T13:54:25.935909+00:00
1000,20,P09,yes,10,-8.9174,0.904651,0.87785,196.0,125.0,2026-05-29T13:54:26.247892+00:00
1002,20,P06,yes,1,-0.8763,0.87785,0.87484,195.0,125.0,2026-05-29T13:54:27.138923+00:00
1003,20,P06,yes,1,-0.8733,0.87484,0.871766,194.0,125.0,2026-05-29T13:54:28.320922+00:00
1005,20,P05,no,1,0.1298,0.871766,0.868629,194.0,126.0,2026-05-29T13:54:32.682625+00:00
1006,20,P05,no,1,0.133,0.868629,0.865426,194.0,127.0,2026-05-29T13:54:33.861821+00:00
1007,20,P06,yes,1,-0.8638,0.865426,0.862158,193.0,127.0,2026-05-29T13:54:34.055254+00:00
1008,20,P05,no,1,0.1395,0.862158,0.858824,193.0,128.0,2026-05-29T13:54:34.375680+00:00
1010,20,P09,no,6,0.9101,0.858824,0.837384,193.0,134.0,2026-05-29T13:54:34.927320+00:00
2199,31,P01,no,12,-0.9864,0.904651,0.929781,282.0,189.0,2026-05-29T14:05:09.626557+00:00
2200,31,P02,yes,20,-18.1694,0.929781,0.883683,262.0,189.0,2026-05-29T14:05:09.672845+00:00
2206,31,P05,yes,20,-14.2649,0.767535,0.654502,222.0,199.0,2026-05-29T14:05:09.874896+00:00
2213,31,P05,yes,20,-6.9278,0.410691,0.285638,162.0,195.0,2026-05-29T14:05:10.223246+00:00
2231,31,P02,yes,20,-7.9589,0.465333,0.333045,102.0,127.0,2026-05-29T14:05:28.795101+00:00
2233,31,P07,no,20,-14.4883,0.2227,0.333045,102.0,127.0,2026-05-29T14:05:30.536160+00:00
2236,31,P02,yes,20,-7.9589,0.465333,0.333045,82.0,107.0,2026-05-29T14:05:34.257975+00:00
2245,31,P05,yes,1,0.3486,0.345498,0.351806,65.0,87.0,2026-05-29T14:05:55.009242+00:00
2247,31,P05,yes,1,0.3614,0.358166,0.364576,67.0,87.0,2026-05-29T14:05:55.342240+00:00
2250,31,P01,no,10,7.7215,0.252876,0.20406,48.0,97.0,2026-05-29T14:05:57.126322+00:00
2255,32,P01,no,10,7.8176,0.242524,0.195185,56.0,107.0,2026-05-29T14:06:12.559271+00:00
2258,32,P01,no,10,8.9174,0.12215,0.095349,56.0,137.0,2026-05-29T14:06:13.026614+00:00
2278,32,P05,yes,20,4.2893,0.170324,0.263515,140.0,177.0,2026-05-29T14:06:20.159988+00:00
2281,32,P08,yes,1,-0.3808,0.38409,0.377541,159.0,177.0,2026-05-29T14:06:22.429211+00:00
2291,32,P05,yes,1,0.1607,0.158869,0.162616,138.0,197.0,2026-05-29T14:06:31.025696+00:00
2296,32,P05,yes,1,0.1804,0.178319,0.182426,143.0,197.0,2026-05-29T14:06:31.873793+00:00
2298,32,P05,yes,1,0.23,0.227546,0.232465,154.0,197.0,2026-05-29T14:06:32.041891+00:00
2301,32,P05,yes,1,0.2451,0.242524,0.247664,157.0,197.0,2026-05-29T14:06:32.523438+00:00
2307,32,P05,yes,1,0.2772,0.274438,0.280003,163.0,197.0,2026-05-29T14:06:33.458979+00:00
2312,32,P05,yes,1,0.2828,0.280003,0.285638,164.0,197.0,2026-05-29T14:06:33.957039+00:00
2324,32,P05,yes,1,0.3486,0.345498,0.351806,175.0,197.0,2026-05-29T14:06:35.774438+00:00
2330,32,P05,yes,1,-0.23,0.232465,0.227546,155.0,199.0,2026-05-29T14:06:45.628161+00:00
2337,32,P05,yes,1,-0.2555,0.25816,0.252876,160.0,199.0,2026-05-29T14:06:50.919809+00:00
2339,32,P05,yes,1,-0.2451,0.247664,0.242524,158.0,199.0,2026-05-29T14:06:52.126900+00:00
2344,32,P05,yes,1,-0.2203,0.2227,0.217929,153.0,199.0,2026-05-29T14:06:52.908994+00:00
2346,32,P05,yes,1,-0.2109,0.213232,0.208609,151.0,199.0,2026-05-29T14:06:53.224321+00:00
2366,32,P07,no,20,-16.5696,0.134574,0.213232,132.0,179.0,2026-05-29T14:07:13.414841+00:00
2368,32,P02,yes,20,-3.4304,0.213232,0.134574,112.0,179.0,2026-05-29T14:07:14.924848+00:00
2753,36,P05,no,1,0.355,0.648194,0.641834,131.0,110.0,2026-05-29T14:11:59.639365+00:00
2757,36,P05,no,1,0.3808,0.622459,0.61591,130.0,113.0,2026-05-29T14:12:01.428762+00:00
2759,36,P05,no,1,0.3874,0.61591,0.609318,130.0,114.0,2026-05-29T14:12:01.638954+00:00
2763,36,P05,no,1,0.4141,0.589309,0.58257,130.0,118.0,2026-05-29T14:12:02.375439+00:00
2765,36,P05,no,1,0.4276,0.5758,0.569001,130.0,120.0,2026-05-29T14:12:03.683636+00:00
2795,36,P01,yes,1,0.5927,0.589309,0.596015,156.0,142.0,2026-05-29T14:12:13.657488+00:00
2799,36,P04,yes,20,13.3201,0.602685,0.725562,177.0,142.0,2026-05-29T14:12:14.221843+00:00
2808,36,P06,yes,1,-0.5994,0.602685,0.596015,176.0,162.0,2026-05-29T14:12:18.042848+00:00
2821,36,P01,yes,1,-0.6882,0.691162,0.685201,190.0,162.0,2026-05-29T14:12:25.007974+00:00
2829,36,P05,yes,1,-0.645,0.648194,0.641834,184.0,163.0,2026-05-29T14:12:27.189324+00:00
2838,36,P05,yes,1,0.6322,0.628965,0.635424,184.0,164.0,2026-05-29T14:12:30.290172+00:00
2877,36,P01,no,1,-0.3118,0.685201,0.691162,229.0,200.0,2026-05-29T14:13:04.908826+00:00
2894,36,P05,no,1,0.33,0.673096,0.666955,227.0,202.0,2026-05-29T14:13:09.990897+00:00
2902,36,P05,no,1,0.3808,0.622459,0.61591,226.0,209.0,2026-05-29T14:13:12.324877+00:00
2910,36,P05,no,1,0.4208,0.58257,0.5758,226.0,215.0,2026-05-29T14:13:13.374191+00:00
2918,36,P08,no,1,0.1267,0.87484,0.871766,246.0,177.0,2026-05-29T14:13:16.395209+00:00
2929,39,P05,no,1,0.2156,0.786768,0.782071,232.0,186.0,2026-05-29T14:13:38.241188+00:00
2933,39,P05,no,1,0.235,0.767535,0.762542,232.0,190.0,2026-05-29T14:13:39.209359+00:00
2934,39,P05,no,1,0.24,0.762542,0.757476,232.0,191.0,2026-05-29T14:13:39.393091+00:00
2935,39,P05,no,1,0.2451,0.757476,0.752336,232.0,192.0,2026-05-29T14:13:40.475046+00:00
2937,39,P05,no,1,0.2555,0.747124,0.74184,232.0,194.0,2026-05-29T14:13:40.839885+00:00
2939,39,P05,no,1,0.2662,0.736485,0.731059,232.0,196.0,2026-05-29T14:13:41.207013+00:00
2943,39,P05,no,1,0.2885,0.714362,0.708661,232.0,200.0,2026-05-29T14:13:42.290023+00:00
2945,39,P05,no,1,0.3,0.702893,0.697059,232.0,202.0,2026-05-29T14:13:42.658465+00:00
2947,39,P01,yes,1,0.6941,0.691162,0.697059,233.0,203.0,2026-05-29T14:13:42.892229+00:00
2948,39,P05,no,1,0.3059,0.697059,0.691162,233.0,204.0,2026-05-29T14:13:42.975550+00:00
2949,39,P01,yes,1,0.6941,0.691162,0.697059,234.0,204.0,2026-05-29T14:13:43.056717+00:00
2950,39,P05,no,1,0.3059,0.697059,0.691162,234.0,205.0,2026-05-29T14:13:43.141451+00:00
2951,39,P01,yes,1,0.6941,0.691162,0.697059,235.0,205.0,2026-05-29T14:13:43.216100+00:00
2955,39,P01,yes,1,0.7058,0.702893,0.708661,238.0,206.0,2026-05-29T14:13:43.648536+00:00
2956,39,P05,no,1,0.2942,0.708661,0.702893,238.0,207.0,2026-05-29T14:13:43.681537+00:00
2960,39,P01,yes,1,0.7115,0.708661,0.714362,241.0,208.0,2026-05-29T14:13:44.076715+00:00
2961,39,P01,yes,1,0.7172,0.714362,0.719997,242.0,208.0,2026-05-29T14:13:44.230499+00:00
2962,39,P01,yes,1,0.7228,0.719997,0.725562,243.0,208.0,2026-05-29T14:13:44.365736+00:00
2966,39,P05,no,1,0.2608,0.74184,0.736485,246.0,209.0,2026-05-29T14:13:44.873689+00:00
2967,39,P01,yes,1,0.7392,0.736485,0.74184,247.0,209.0,2026-05-29T14:13:45.019045+00:00
2971,39,P05,no,1,0.2662,0.736485,0.731059,248.0,212.0,2026-05-29T14:13:45.990150+00:00
2975,39,P05,no,1,0.2828,0.719997,0.714362,248.0,215.0,2026-05-29T14:13:49.075140+00:00
2976,39,P05,no,1,0.2885,0.714362,0.708661,248.0,216.0,2026-05-29T14:13:49.256167+00:00
2978,39,P01,no,1,0.3,0.702893,0.697059,248.0,218.0,2026-05-29T14:13:49.856711+00:00
2981,39,P01,no,1,0.3178,0.685201,0.679179,248.0,221.0,2026-05-29T14:13:50.383054+00:00
2982,39,P01,no,1,0.3239,0.679179,0.673096,248.0,222.0,2026-05-29T14:13:50.554857+00:00
1011,20,P05,no,1,0.1645,0.837384,0.833566,193.0,135.0,2026-05-29T13:54:34.977968+00:00
2390,34,P05,yes,1,0.5035,0.5,0.506944,1.0,0.0,2026-05-29T14:10:00.803604+00:00
2400,34,P05,yes,1,0.5724,0.569001,0.5758,11.0,0.0,2026-05-29T14:10:02.307682+00:00
2402,34,P05,yes,1,0.5859,0.58257,0.589309,13.0,0.0,2026-05-29T14:10:02.591424+00:00
2404,34,P05,yes,1,0.5994,0.596015,0.602685,15.0,0.0,2026-05-29T14:10:02.901051+00:00
2408,34,P05,yes,1,0.6257,0.622459,0.628965,19.0,0.0,2026-05-29T14:10:03.458945+00:00
2410,34,P05,yes,1,0.6386,0.635424,0.641834,21.0,0.0,2026-05-29T14:10:03.780073+00:00
2425,34,P06,no,1,0.2608,0.74184,0.736485,41.0,4.0,2026-05-29T14:10:06.813931+00:00
2433,34,P06,no,1,0.2828,0.719997,0.714362,41.0,8.0,2026-05-29T14:10:07.445926+00:00
2435,34,P06,no,1,0.3059,0.697059,0.691162,41.0,12.0,2026-05-29T14:10:07.759647+00:00
2439,34,P06,no,1,0.4412,0.562177,0.555328,41.0,33.0,2026-05-29T14:10:08.072892+00:00
2446,34,P06,no,1,0.3239,0.679179,0.673096,61.0,35.0,2026-05-29T14:10:08.853321+00:00
2452,34,P01,yes,1,0.6761,0.673096,0.679179,63.0,36.0,2026-05-29T14:10:09.380175+00:00
2473,34,P06,no,1,0.3743,0.628965,0.622459,63.0,45.0,2026-05-29T14:10:13.431354+00:00
2482,34,P09,yes,10,6.5428,0.622459,0.685201,73.0,45.0,2026-05-29T14:10:14.878575+00:00
2514,34,P05,no,1,0.2251,0.7773,0.772454,95.0,51.0,2026-05-29T14:10:16.840125+00:00
2551,34,P05,no,1,0.2555,0.747124,0.74184,95.0,57.0,2026-05-29T14:10:20.850930+00:00
2555,34,P06,yes,3,2.2334,0.736485,0.752336,98.0,58.0,2026-05-29T14:10:23.890197+00:00
2577,34,P01,no,10,2.7473,0.752336,0.697059,98.0,68.0,2026-05-29T14:10:28.062160+00:00
2581,34,P01,no,10,5.3461,0.5,0.430999,98.0,108.0,2026-05-29T14:10:29.056554+00:00
2598,34,P01,no,10,6.5428,0.377541,0.314799,130.0,158.0,2026-05-29T14:10:30.525137+00:00
2605,34,P08,yes,1,0.3874,0.38409,0.390682,152.0,168.0,2026-05-29T14:10:31.510372+00:00
2614,34,P01,no,10,6.9679,0.333045,0.274438,173.0,208.0,2026-05-29T14:10:32.032478+00:00
2629,34,P09,yes,20,9.4485,0.403985,0.54157,234.0,228.0,2026-05-29T14:10:34.079078+00:00
2631,34,P04,yes,1,0.545,0.54157,0.548459,235.0,228.0,2026-05-29T14:10:34.205712+00:00
2667,34,P01,no,10,-3.091,0.660756,0.719997,242.0,208.0,2026-05-29T14:10:54.380919+00:00
2672,34,P01,no,10,-1.5916,0.821681,0.858824,243.0,178.0,2026-05-29T14:10:54.857936+00:00
2688,34,P01,no,10,-0.2639,0.969887,0.977023,223.0,88.0,2026-05-29T14:10:56.407907+00:00
2692,34,P01,no,10,-0.2639,0.969887,0.977023,203.0,68.0,2026-05-29T14:10:56.725354+00:00
2700,34,P02,yes,20,-18.8472,0.9562,0.926066,159.0,68.0,2026-05-29T14:10:58.285318+00:00
2707,34,P05,yes,1,-0.5724,0.5758,0.569001,118.0,108.0,2026-05-29T14:11:00.010543+00:00
2729,34,P01,no,1,0.3486,0.654502,0.648194,135.0,113.0,2026-05-29T14:11:08.706967+00:00
2733,34,P01,no,1,0.3743,0.628965,0.622459,135.0,117.0,2026-05-29T14:11:09.724378+00:00
2828,36,P01,yes,1,-0.6514,0.654502,0.648194,185.0,163.0,2026-05-29T14:12:27.041854+00:00
2834,36,P01,yes,1,-0.6192,0.622459,0.61591,181.0,164.0,2026-05-29T14:12:28.459604+00:00
2842,36,P05,yes,1,0.6514,0.648194,0.654502,187.0,164.0,2026-05-29T14:12:31.462452+00:00
2846,36,P05,yes,1,-0.7283,0.731059,0.725562,199.0,164.0,2026-05-29T14:12:33.442463+00:00
2848,36,P05,yes,1,-0.7172,0.719997,0.714362,197.0,164.0,2026-05-29T14:12:33.789836+00:00
2852,36,P05,yes,1,-0.7,0.702893,0.697059,194.0,164.0,2026-05-29T14:12:34.963947+00:00
2857,36,P05,yes,1,-0.6761,0.679179,0.673096,190.0,164.0,2026-05-29T14:12:38.634186+00:00
2868,36,P01,no,10,4.3111,0.602685,0.534667,189.0,184.0,2026-05-29T14:12:57.748403+00:00
1012,20,P05,no,1,0.1684,0.833566,0.829676,193.0,136.0,2026-05-29T13:54:35.544634+00:00
1013,20,P05,no,1,0.1723,0.829676,0.825715,193.0,137.0,2026-05-29T13:54:36.460352+00:00
2391,34,P05,yes,1,0.5104,0.506944,0.513885,2.0,0.0,2026-05-29T14:10:00.968294+00:00
2397,34,P05,yes,1,0.5519,0.548459,0.555328,8.0,0.0,2026-05-29T14:10:01.908608+00:00
2837,36,P05,yes,1,0.6257,0.622459,0.628965,183.0,164.0,2026-05-29T14:12:30.111888+00:00
2845,36,P03,yes,6,4.2856,0.697059,0.731059,200.0,164.0,2026-05-29T14:12:31.943729+00:00
2847,36,P05,yes,1,-0.7228,0.725562,0.719997,198.0,164.0,2026-05-29T14:12:33.629628+00:00
2851,36,P05,yes,1,-0.7058,0.708661,0.702893,195.0,164.0,2026-05-29T14:12:34.345980+00:00
2856,36,P05,yes,1,-0.6822,0.685201,0.679179,191.0,164.0,2026-05-29T14:12:38.293607+00:00
2858,36,P05,yes,1,-0.67,0.673096,0.666955,189.0,164.0,2026-05-29T14:12:38.757744+00:00
2867,36,P01,no,10,3.6478,0.666955,0.602685,189.0,174.0,2026-05-29T14:12:57.537863+00:00
2873,36,P01,no,10,3.0321,0.725562,0.666955,229.0,204.0,2026-05-29T14:12:59.902866+00:00
2875,36,P01,no,1,-0.3239,0.673096,0.679179,229.0,202.0,2026-05-29T14:13:04.590478+00:00
2953,39,P01,yes,1,0.6941,0.691162,0.697059,236.0,206.0,2026-05-29T14:13:43.365919+00:00
2958,39,P01,yes,1,0.7115,0.708661,0.714362,240.0,207.0,2026-05-29T14:13:43.945846+00:00
2964,39,P01,yes,1,0.7338,0.731059,0.736485,245.0,208.0,2026-05-29T14:13:44.690070+00:00
2969,39,P01,yes,1,0.7392,0.736485,0.74184,248.0,210.0,2026-05-29T14:13:45.229265+00:00
2972,39,P05,no,1,0.2717,0.731059,0.725562,248.0,213.0,2026-05-29T14:13:46.189172+00:00
2973,39,P05,no,1,0.2772,0.725562,0.719997,248.0,214.0,2026-05-29T14:13:48.428447+00:00
2979,39,P01,no,1,0.3059,0.697059,0.691162,248.0,219.0,2026-05-29T14:13:50.043944+00:00
2987,39,P05,no,1,0.2251,0.7773,0.772454,249.0,205.0,2026-05-29T14:13:53.477338+00:00
3008,39,P08,yes,1,-0.8026,0.804815,0.800415,247.0,197.0,2026-05-29T14:14:05.500413+00:00
3014,39,P07,no,20,-4.9773,0.697059,0.800415,247.0,197.0,2026-05-29T14:14:08.920418+00:00
3016,39,P03,yes,1,0.8026,0.800415,0.804815,248.0,197.0,2026-05-29T14:14:09.155192+00:00
3034,39,P05,no,1,0.3059,0.697059,0.691162,249.0,220.0,2026-05-29T14:14:20.240643+00:00
3040,39,P05,no,1,0.33,0.673096,0.666955,249.0,224.0,2026-05-29T14:14:20.823087+00:00
3043,39,P05,no,1,0.3424,0.660756,0.654502,249.0,226.0,2026-05-29T14:14:21.823050+00:00
3047,39,P05,no,1,0.3614,0.641834,0.635424,249.0,229.0,2026-05-29T14:14:22.393729+00:00
3079,39,P05,no,1,0.2885,0.714362,0.708661,257.0,225.0,2026-05-29T14:14:46.407197+00:00
3086,39,P05,no,1,0.2063,0.79594,0.791391,256.0,208.0,2026-05-29T14:14:50.156458+00:00
3087,39,P05,no,1,0.2109,0.791391,0.786768,256.0,209.0,2026-05-29T14:14:50.322515+00:00
3089,39,P05,no,1,0.2203,0.782071,0.7773,255.0,210.0,2026-05-29T14:14:50.996547+00:00
3092,39,P05,no,1,0.235,0.767535,0.762542,255.0,213.0,2026-05-29T14:14:51.556628+00:00
3093,39,P05,no,1,0.24,0.762542,0.757476,255.0,214.0,2026-05-29T14:14:51.721573+00:00
3103,39,P01,yes,1,-0.7392,0.74184,0.736485,253.0,216.0,2026-05-29T14:15:00.195079+00:00
3105,39,P06,yes,1,0.7338,0.731059,0.736485,253.0,216.0,2026-05-29T14:15:00.549297+00:00
3106,39,P01,yes,1,-0.7338,0.736485,0.731059,252.0,216.0,2026-05-29T14:15:00.641805+00:00
3108,39,P01,yes,1,-0.7228,0.725562,0.719997,250.0,216.0,2026-05-29T14:15:01.125155+00:00
3113,39,P01,yes,1,-0.7,0.702893,0.697059,246.0,216.0,2026-05-29T14:15:02.325701+00:00
3114,39,P05,no,20,-4.9773,0.697059,0.800415,246.0,196.0,2026-05-29T14:15:03.056963+00:00
3118,41,P06,yes,1,0.6192,0.61591,0.622459,234.0,216.0,2026-05-29T14:15:33.638637+00:00
3119,41,P05,no,20,8.9004,0.622459,0.486115,234.0,236.0,2026-05-29T14:15:33.658046+00:00
3122,41,P04,yes,20,11.0996,0.486115,0.622459,254.0,236.0,2026-05-29T14:15:34.450973+00:00
3123,41,P06,yes,1,0.6257,0.622459,0.628965,255.0,236.0,2026-05-29T14:15:34.685819+00:00
3124,41,P07,yes,20,13.8024,0.628965,0.747124,275.0,236.0,2026-05-29T14:15:34.827089+00:00
3125,41,P03,yes,5,3.7997,0.747124,0.772454,280.0,236.0,2026-05-29T14:15:34.997242+00:00
3126,41,P02,no,20,-3.6728,0.772454,0.855422,280.0,216.0,2026-05-29T14:15:35.047867+00:00
3127,41,P03,yes,5,4.3187,0.855422,0.871766,285.0,216.0,2026-05-29T14:15:35.199938+00:00
3128,41,P09,yes,10,-8.5514,0.871766,0.837384,275.0,216.0,2026-05-29T14:15:38.481514+00:00
3129,41,P05,no,20,4.1058,0.837384,0.747124,275.0,236.0,2026-05-29T14:15:38.640495+00:00
3133,41,P01,yes,1,-0.7445,0.747124,0.74184,274.0,236.0,2026-05-29T14:15:46.260784+00:00
3134,41,P01,yes,1,-0.7392,0.74184,0.736485,273.0,236.0,2026-05-29T14:15:46.438693+00:00
3137,41,P01,yes,1,-0.7228,0.725562,0.719997,270.0,236.0,2026-05-29T14:15:46.913740+00:00
3138,41,P01,yes,1,-0.7172,0.719997,0.714362,269.0,236.0,2026-05-29T14:15:47.097557+00:00
3152,41,P01,no,1,0.2109,0.791391,0.786768,269.0,222.0,2026-05-29T14:15:52.009340+00:00
3154,41,P04,yes,10,-7.5717,0.782071,0.731059,259.0,223.0,2026-05-29T14:15:52.221186+00:00
3155,41,P01,no,1,0.2717,0.731059,0.725562,259.0,224.0,2026-05-29T14:15:52.350174+00:00
3157,41,P01,no,1,0.2828,0.719997,0.714362,259.0,226.0,2026-05-29T14:15:52.698563+00:00
3158,41,P01,no,1,0.2885,0.714362,0.708661,259.0,227.0,2026-05-29T14:15:52.893976+00:00
3159,41,P01,no,1,0.2942,0.708661,0.702893,259.0,228.0,2026-05-29T14:15:53.056196+00:00
3161,41,P01,no,1,0.3059,0.697059,0.691162,259.0,230.0,2026-05-29T14:15:53.403540+00:00
3162,41,P01,no,1,0.3118,0.691162,0.685201,259.0,231.0,2026-05-29T14:15:53.581293+00:00
3163,41,P01,no,1,0.3178,0.685201,0.679179,259.0,232.0,2026-05-29T14:15:53.755912+00:00
3166,41,P01,no,1,0.2203,0.782071,0.7773,279.0,234.0,2026-05-29T14:15:54.098897+00:00
1014,20,P07,yes,20,17.2211,0.825715,0.891978,213.0,137.0,2026-05-29T13:54:37.039711+00:00
1015,20,P04,no,1,-0.1067,0.891978,0.894626,213.0,136.0,2026-05-29T13:54:37.177874+00:00
1016,20,P05,no,1,0.1067,0.894626,0.891978,213.0,137.0,2026-05-29T13:54:37.594241+00:00
1018,20,P02,no,20,2.7789,0.891978,0.825715,213.0,157.0,2026-05-29T13:54:38.643275+00:00
1019,20,P07,yes,20,17.2211,0.825715,0.891978,233.0,157.0,2026-05-29T13:54:39.748751+00:00
1027,20,P08,no,1,-0.1067,0.891978,0.894626,233.0,156.0,2026-05-29T13:54:59.775706+00:00
1028,20,P05,no,20,-1.6544,0.894626,0.936698,233.0,136.0,2026-05-29T13:54:59.984029+00:00
1029,20,P01,yes,15,-13.8409,0.936698,0.90702,218.0,136.0,2026-05-29T13:55:03.050939+00:00
1030,20,P07,yes,20,-17.5954,0.90702,0.848415,198.0,136.0,2026-05-29T13:55:03.439744+00:00
1031,20,P01,yes,15,-12.2843,0.848415,0.786768,183.0,136.0,2026-05-29T13:55:03.543714+00:00
1032,20,P09,yes,20,-14.7062,0.786768,0.679179,163.0,136.0,2026-05-29T13:55:04.186017+00:00
1033,20,P05,no,20,-5.2938,0.679179,0.786768,163.0,116.0,2026-05-29T13:55:04.427911+00:00
1034,20,P05,no,20,-3.4304,0.786768,0.865426,163.0,96.0,2026-05-29T13:55:05.060058+00:00
1035,20,P08,no,1,-0.133,0.865426,0.868629,163.0,95.0,2026-05-29T13:55:05.314094+00:00
1036,20,P02,no,1,-0.1298,0.868629,0.871766,163.0,94.0,2026-05-29T13:55:06.762992+00:00
1038,20,P08,no,1,-0.1267,0.871766,0.87484,163.0,93.0,2026-05-29T13:55:13.924518+00:00
1041,22,P04,no,3,-0.3621,0.87484,0.883683,163.0,90.0,2026-05-29T13:55:29.623622+00:00
1044,22,P05,no,20,2.9837,0.883683,0.813395,163.0,110.0,2026-05-29T13:55:37.595802+00:00
1046,22,P02,no,19,-2.866,0.813395,0.880797,163.0,91.0,2026-05-29T13:55:43.429844+00:00
1049,22,P05,no,20,3.0547,0.880797,0.809142,163.0,111.0,2026-05-29T13:55:45.727440+00:00
1050,22,P07,yes,20,16.9453,0.809142,0.880797,183.0,111.0,2026-05-29T13:55:46.682077+00:00
1052,22,P08,yes,1,-0.8793,0.880797,0.87785,182.0,111.0,2026-05-29T13:55:47.671230+00:00
1053,22,P05,no,20,3.127,0.87785,0.804815,182.0,131.0,2026-05-29T13:55:48.742502+00:00
1055,22,P09,yes,10,8.2541,0.804815,0.844808,192.0,131.0,2026-05-29T13:55:49.634500+00:00
1057,22,P01,no,4,0.6507,0.844808,0.829676,192.0,135.0,2026-05-29T13:55:51.412388+00:00
1058,22,P01,no,4,0.7135,0.829676,0.813395,192.0,139.0,2026-05-29T13:55:51.535750+00:00
1059,22,P01,no,4,0.7809,0.813395,0.79594,192.0,143.0,2026-05-29T13:55:51.703248+00:00
1060,22,P01,no,4,0.8531,0.79594,0.7773,192.0,147.0,2026-05-29T13:55:51.870222+00:00
1061,22,P01,no,4,0.9301,0.7773,0.757476,192.0,151.0,2026-05-29T13:55:52.051950+00:00
1062,22,P01,no,4,1.0117,0.757476,0.736485,192.0,155.0,2026-05-29T13:55:52.211646+00:00
1064,22,P01,no,4,1.0979,0.736485,0.714362,192.0,159.0,2026-05-29T13:55:52.393853+00:00
1066,22,P01,no,4,1.1886,0.714362,0.691162,192.0,163.0,2026-05-29T13:55:52.552535+00:00
1067,22,P09,yes,20,14.9186,0.691162,0.79594,212.0,163.0,2026-05-29T13:55:52.701288+00:00
1068,22,P01,no,4,0.8531,0.79594,0.7773,212.0,167.0,2026-05-29T13:55:52.720692+00:00
1069,22,P03,no,6,-1.2523,0.7773,0.804815,212.0,161.0,2026-05-29T13:55:52.743209+00:00
1070,22,P01,no,4,0.8164,0.804815,0.786768,212.0,165.0,2026-05-29T13:55:52.868845+00:00
1071,22,P03,no,6,-1.1982,0.786768,0.813395,212.0,159.0,2026-05-29T13:55:52.925441+00:00
1072,22,P01,no,4,0.7809,0.813395,0.79594,212.0,163.0,2026-05-29T13:55:53.060865+00:00
1073,22,P01,no,4,0.8531,0.79594,0.7773,212.0,167.0,2026-05-29T13:55:53.241948+00:00
1074,22,P01,no,4,0.9301,0.7773,0.757476,212.0,171.0,2026-05-29T13:55:53.458400+00:00
1075,22,P08,no,1,-0.24,0.757476,0.762542,212.0,170.0,2026-05-29T13:55:54.426437+00:00
1077,22,P08,no,1,-0.235,0.762542,0.767535,212.0,169.0,2026-05-29T13:55:55.046062+00:00
1078,22,P09,yes,20,16.2435,0.767535,0.851953,232.0,169.0,2026-05-29T13:55:55.138672+00:00
1080,22,P03,no,6,-0.8276,0.851953,0.871766,232.0,163.0,2026-05-29T13:55:55.852021+00:00
1085,22,P01,no,4,0.5385,0.871766,0.858824,232.0,167.0,2026-05-29T13:55:56.705330+00:00
1086,22,P01,no,4,0.5924,0.858824,0.844808,232.0,171.0,2026-05-29T13:55:56.904718+00:00
1087,22,P01,no,4,0.6507,0.844808,0.829676,232.0,175.0,2026-05-29T13:55:57.116846+00:00
1088,22,P05,no,1,0.1723,0.829676,0.825715,232.0,176.0,2026-05-29T13:55:58.257976+00:00
1089,22,P05,no,1,0.1763,0.825715,0.821681,232.0,177.0,2026-05-29T13:55:58.462013+00:00
1090,22,P05,no,1,0.1804,0.821681,0.817574,232.0,178.0,2026-05-29T13:55:58.627909+00:00
1091,22,P05,no,1,0.1845,0.817574,0.813395,232.0,179.0,2026-05-29T13:55:58.861464+00:00
1093,22,P05,no,1,0.1887,0.813395,0.809142,232.0,180.0,2026-05-29T13:55:59.084276+00:00
1095,22,P05,no,1,0.193,0.809142,0.804815,232.0,181.0,2026-05-29T13:55:59.792452+00:00
1096,22,P05,no,1,0.1974,0.804815,0.800415,232.0,182.0,2026-05-29T13:55:59.979456+00:00
1097,22,P05,no,1,0.2018,0.800415,0.79594,232.0,183.0,2026-05-29T13:56:00.195025+00:00
1098,22,P05,no,1,0.2063,0.79594,0.791391,232.0,184.0,2026-05-29T13:56:00.409440+00:00
1099,22,P05,no,1,0.2109,0.791391,0.786768,232.0,185.0,2026-05-29T13:56:00.611902+00:00
1101,22,P04,yes,1,0.7891,0.786768,0.791391,233.0,185.0,2026-05-29T13:56:01.691244+00:00
1107,22,P01,yes,1,0.7982,0.79594,0.800415,235.0,185.0,2026-05-29T13:56:03.148875+00:00
1118,22,P01,yes,1,0.8316,0.829676,0.833566,243.0,185.0,2026-05-29T13:56:05.641380+00:00
1158,22,P07,yes,20,-3.5906,0.2227,0.141176,124.0,189.0,2026-05-29T13:56:29.379962+00:00
1165,22,P08,no,1,-0.8196,0.178319,0.182426,129.0,183.0,2026-05-29T13:56:30.773868+00:00
1172,22,P05,no,1,-0.7937,0.20406,0.208609,130.0,178.0,2026-05-29T13:56:31.426389+00:00
1186,22,P05,no,1,-0.7392,0.25816,0.263515,130.0,167.0,2026-05-29T13:56:33.360629+00:00
1191,22,P03,yes,1,0.2828,0.280003,0.285638,131.0,164.0,2026-05-29T13:56:33.847851+00:00
1195,22,P02,no,20,15.0227,0.302941,0.199585,131.0,181.0,2026-05-29T13:56:34.315182+00:00
1197,22,P05,no,1,-0.7937,0.20406,0.208609,131.0,179.0,2026-05-29T13:56:34.559229+00:00
1201,22,P09,yes,20,5.5117,0.2227,0.333045,152.0,177.0,2026-05-29T13:56:34.892470+00:00
1203,22,P05,no,1,-0.6576,0.339244,0.345498,152.0,175.0,2026-05-29T13:56:35.159142+00:00
1205,22,P05,no,1,-0.645,0.351806,0.358166,152.0,173.0,2026-05-29T13:56:35.445486+00:00
1210,22,P05,no,1,-0.6126,0.38409,0.390682,152.0,168.0,2026-05-29T13:56:36.191824+00:00
1214,22,P05,no,1,-0.5859,0.410691,0.41743,153.0,165.0,2026-05-29T13:56:36.644190+00:00
1220,22,P05,no,1,-0.4141,0.58257,0.589309,174.0,161.0,2026-05-29T13:56:37.290917+00:00
1222,22,P05,no,1,-0.4006,0.596015,0.602685,175.0,160.0,2026-05-29T13:56:37.442017+00:00
1224,22,P05,no,1,-0.3874,0.609318,0.61591,176.0,159.0,2026-05-29T13:56:37.607988+00:00
1234,22,P02,no,20,-5.6228,0.660756,0.772454,181.0,137.0,2026-05-29T13:56:40.541288+00:00
1260,22,P05,no,1,-0.2109,0.786768,0.791391,182.0,134.0,2026-05-29T13:56:53.845253+00:00
1269,22,P05,no,1,-0.1804,0.817574,0.821681,182.0,127.0,2026-05-29T13:56:55.124829+00:00
2392,34,P05,yes,1,0.5174,0.513885,0.520821,3.0,0.0,2026-05-29T14:10:01.095388+00:00
2399,34,P05,yes,1,0.5656,0.562177,0.569001,10.0,0.0,2026-05-29T14:10:02.173970+00:00
2401,34,P05,yes,1,0.5792,0.5758,0.58257,12.0,0.0,2026-05-29T14:10:02.440677+00:00
2419,34,P07,yes,20,13.9199,0.635424,0.752336,41.0,1.0,2026-05-29T14:10:06.102288+00:00
2429,34,P06,no,1,0.2717,0.731059,0.725562,41.0,6.0,2026-05-29T14:10:07.139070+00:00
2442,34,P06,no,1,0.4481,0.555328,0.548459,41.0,34.0,2026-05-29T14:10:08.394361+00:00
2456,34,P06,no,1,0.33,0.673096,0.666955,63.0,38.0,2026-05-29T14:10:09.918704+00:00
2467,34,P06,no,1,0.3614,0.641834,0.635424,63.0,43.0,2026-05-29T14:10:12.076584+00:00
2587,34,P01,no,10,7.2527,0.302941,0.247664,98.0,138.0,2026-05-29T14:10:29.507293+00:00
2592,34,P02,yes,20,4.9773,0.199585,0.302941,118.0,148.0,2026-05-29T14:10:29.830814+00:00
2602,34,P08,yes,1,0.4481,0.444672,0.451541,151.0,158.0,2026-05-29T14:10:31.315012+00:00
2607,34,P01,no,10,6.4162,0.390682,0.326904,152.0,178.0,2026-05-29T14:10:31.632824+00:00
2611,34,P01,no,10,7.5203,0.274438,0.2227,153.0,198.0,2026-05-29T14:10:31.900298+00:00
2616,34,P01,no,10,6.3522,0.397315,0.333045,193.0,218.0,2026-05-29T14:10:32.157581+00:00
2870,36,P09,yes,20,10.6889,0.465333,0.602685,209.0,194.0,2026-05-29T14:12:58.659291+00:00
2878,36,P01,no,1,-0.3059,0.691162,0.697059,229.0,199.0,2026-05-29T14:13:05.057805+00:00
2882,36,P01,no,1,-0.2885,0.708661,0.714362,229.0,196.0,2026-05-29T14:13:06.397169+00:00
2888,36,P01,yes,1,-0.7058,0.708661,0.702893,228.0,197.0,2026-05-29T14:13:09.223645+00:00
2891,36,P05,no,1,0.3118,0.691162,0.685201,227.0,199.0,2026-05-29T14:13:09.540968+00:00
2896,36,P01,yes,1,-0.6576,0.660756,0.654502,226.0,203.0,2026-05-29T14:13:10.171959+00:00
2899,36,P05,no,1,0.3614,0.641834,0.635424,226.0,206.0,2026-05-29T14:13:10.705756+00:00
2921,36,P08,no,1,0.1362,0.865426,0.862158,246.0,180.0,2026-05-29T14:13:17.421915+00:00
2922,36,P08,no,1,0.1395,0.862158,0.858824,246.0,181.0,2026-05-29T14:13:18.052958+00:00
2925,39,P05,no,1,0.1974,0.804815,0.800415,232.0,182.0,2026-05-29T14:13:37.276121+00:00
1106,22,P01,yes,1,0.7937,0.791391,0.79594,234.0,185.0,2026-05-29T13:56:02.957874+00:00
1111,22,P01,yes,1,0.8155,0.813395,0.817574,239.0,185.0,2026-05-29T13:56:03.688452+00:00
1122,22,P05,no,1,0.1645,0.837384,0.833566,244.0,186.0,2026-05-29T13:56:09.764291+00:00
1129,22,P05,no,1,0.1804,0.821681,0.817574,244.0,190.0,2026-05-29T13:56:12.478160+00:00
1131,22,P05,no,1,0.1887,0.813395,0.809142,244.0,192.0,2026-05-29T13:56:13.791718+00:00
1154,22,P07,yes,20,-10.6889,0.602685,0.465333,184.0,189.0,2026-05-29T13:56:28.847373+00:00
1161,22,P08,no,1,-0.8355,0.162616,0.166434,129.0,187.0,2026-05-29T13:56:29.991950+00:00
1163,22,P08,no,1,-0.8277,0.170324,0.174285,129.0,185.0,2026-05-29T13:56:30.466213+00:00
1170,22,P08,no,1,-0.8026,0.195185,0.199585,129.0,179.0,2026-05-29T13:56:31.285036+00:00
1175,22,P05,no,1,-0.7797,0.217929,0.2227,130.0,175.0,2026-05-29T13:56:31.809020+00:00
1177,22,P05,no,1,-0.7749,0.2227,0.227546,130.0,174.0,2026-05-29T13:56:32.174879+00:00
1185,22,P05,no,1,-0.7445,0.252876,0.25816,130.0,168.0,2026-05-29T13:56:33.194010+00:00
1190,22,P05,no,1,-0.7228,0.274438,0.280003,130.0,164.0,2026-05-29T13:56:33.793421+00:00
1192,22,P05,no,1,-0.7115,0.285638,0.291339,131.0,163.0,2026-05-29T13:56:33.942208+00:00
1196,22,P05,no,1,-0.7982,0.199585,0.20406,131.0,180.0,2026-05-29T13:56:34.409131+00:00
1198,22,P03,yes,1,0.2109,0.208609,0.213232,132.0,179.0,2026-05-29T13:56:34.594981+00:00
1204,22,P05,no,1,-0.6514,0.345498,0.351806,152.0,174.0,2026-05-29T13:56:35.297181+00:00
1206,22,P05,no,1,-0.6386,0.358166,0.364576,152.0,172.0,2026-05-29T13:56:35.591744+00:00
1211,22,P05,no,1,-0.606,0.390682,0.397315,152.0,167.0,2026-05-29T13:56:36.359694+00:00
1215,22,P05,no,1,-0.5792,0.41743,0.4242,153.0,164.0,2026-05-29T13:56:36.793088+00:00
1217,22,P09,yes,20,10.0,0.430999,0.569001,174.0,164.0,2026-05-29T13:56:36.920622+00:00
1219,22,P05,no,1,-0.4208,0.5758,0.58257,174.0,162.0,2026-05-29T13:56:37.127009+00:00
1225,22,P01,yes,1,0.6192,0.61591,0.622459,177.0,159.0,2026-05-29T13:56:37.707766+00:00
1227,22,P01,yes,1,0.6322,0.628965,0.635424,178.0,158.0,2026-05-29T13:56:37.893960+00:00
1229,22,P01,yes,1,0.645,0.641834,0.648194,179.0,157.0,2026-05-29T13:56:38.050768+00:00
1251,22,P05,no,1,-0.23,0.767535,0.772454,182.0,138.0,2026-05-29T13:56:49.326898+00:00
1258,22,P05,no,1,-0.2203,0.7773,0.782071,182.0,136.0,2026-05-29T13:56:53.445384+00:00
1262,22,P05,no,1,-0.2063,0.791391,0.79594,182.0,133.0,2026-05-29T13:56:54.026142+00:00
1264,22,P05,no,1,-0.1974,0.800415,0.804815,182.0,131.0,2026-05-29T13:56:54.394897+00:00
1268,22,P05,no,1,-0.1845,0.813395,0.817574,182.0,128.0,2026-05-29T13:56:54.943365+00:00
2393,34,P05,yes,1,0.5243,0.520821,0.527749,4.0,0.0,2026-05-29T14:10:01.226878+00:00
2395,34,P05,yes,1,0.5381,0.534667,0.54157,6.0,0.0,2026-05-29T14:10:01.627511+00:00
2396,34,P05,yes,1,0.545,0.54157,0.548459,7.0,0.0,2026-05-29T14:10:01.776223+00:00
2403,34,P05,yes,1,0.5927,0.589309,0.596015,14.0,0.0,2026-05-29T14:10:02.740590+00:00
2406,34,P05,yes,1,0.6126,0.609318,0.61591,17.0,0.0,2026-05-29T14:10:03.157044+00:00
2434,34,P04,no,3,0.8827,0.714362,0.697059,41.0,11.0,2026-05-29T14:10:07.718373+00:00
2437,34,P09,no,20,7.4361,0.691162,0.562177,41.0,32.0,2026-05-29T14:10:07.904851+00:00
2448,34,P01,yes,1,0.6761,0.673096,0.679179,62.0,35.0,2026-05-29T14:10:09.165819+00:00
2454,34,P06,no,1,0.3239,0.679179,0.673096,63.0,37.0,2026-05-29T14:10:09.574543+00:00
2472,34,P06,no,1,0.3678,0.635424,0.628965,63.0,44.0,2026-05-29T14:10:13.141158+00:00
2511,34,P05,no,1,0.2063,0.79594,0.791391,95.0,47.0,2026-05-29T14:10:16.656555+00:00
2522,34,P05,no,1,0.235,0.767535,0.762542,95.0,53.0,2026-05-29T14:10:17.657645+00:00
2524,34,P05,no,1,0.24,0.762542,0.757476,95.0,54.0,2026-05-29T14:10:17.857039+00:00
2531,34,P05,no,1,0.2503,0.752336,0.747124,95.0,56.0,2026-05-29T14:10:18.208752+00:00
2578,34,P01,no,10,3.3328,0.697059,0.635424,98.0,78.0,2026-05-29T14:10:28.274988+00:00
2580,34,P09,no,10,4.6539,0.569001,0.5,98.0,98.0,2026-05-29T14:10:28.647370+00:00
2590,34,P01,no,10,7.7699,0.247664,0.199585,98.0,148.0,2026-05-29T14:10:29.724106+00:00
1108,22,P01,yes,1,0.8026,0.800415,0.804815,236.0,185.0,2026-05-29T13:56:03.332715+00:00
1113,22,P01,yes,1,0.8196,0.817574,0.821681,240.0,185.0,2026-05-29T13:56:03.861978+00:00
1114,22,P01,yes,1,0.8237,0.821681,0.825715,241.0,185.0,2026-05-29T13:56:04.078886+00:00
1123,22,P05,no,1,0.1684,0.833566,0.829676,244.0,187.0,2026-05-29T13:56:09.963613+00:00
1141,22,P04,no,1,-0.1887,0.809142,0.813395,244.0,191.0,2026-05-29T13:56:18.441765+00:00
1153,22,P07,yes,20,-13.3201,0.725562,0.602685,204.0,189.0,2026-05-29T13:56:28.681355+00:00
1160,22,P03,yes,5,0.7673,0.144578,0.162616,129.0,188.0,2026-05-29T13:56:29.829827+00:00
1168,22,P08,no,1,-0.8113,0.186605,0.190858,129.0,181.0,2026-05-29T13:56:31.125211+00:00
1182,22,P05,no,1,-0.7549,0.242524,0.247664,130.0,170.0,2026-05-29T13:56:32.863470+00:00
1184,22,P05,no,1,-0.7497,0.247664,0.252876,130.0,169.0,2026-05-29T13:56:33.042540+00:00
1189,22,P05,no,1,-0.7283,0.268941,0.274438,130.0,165.0,2026-05-29T13:56:33.644844+00:00
1193,22,P05,no,1,-0.7058,0.291339,0.297107,131.0,162.0,2026-05-29T13:56:34.092094+00:00
1208,22,P05,no,1,-0.6257,0.371035,0.377541,152.0,170.0,2026-05-29T13:56:35.894973+00:00
1213,22,P05,no,1,-0.5927,0.403985,0.410691,153.0,166.0,2026-05-29T13:56:36.510735+00:00
1231,22,P01,yes,1,0.6576,0.654502,0.660756,181.0,157.0,2026-05-29T13:56:38.426141+00:00
1237,22,P04,no,1,0.23,0.772454,0.767535,181.0,138.0,2026-05-29T13:56:42.026743+00:00
1253,22,P05,no,1,-0.2251,0.772454,0.7773,182.0,137.0,2026-05-29T13:56:49.843682+00:00
1263,22,P05,no,1,-0.2018,0.79594,0.800415,182.0,132.0,2026-05-29T13:56:54.240185+00:00
1265,22,P05,no,1,-0.193,0.804815,0.809142,182.0,130.0,2026-05-29T13:56:54.575693+00:00
1267,22,P05,no,1,-0.1887,0.809142,0.813395,182.0,129.0,2026-05-29T13:56:54.745459+00:00
2394,34,P05,yes,1,0.5312,0.527749,0.534667,5.0,0.0,2026-05-29T14:10:01.460388+00:00
2398,34,P05,yes,1,0.5588,0.555328,0.562177,9.0,0.0,2026-05-29T14:10:02.061261+00:00
2422,34,P06,no,1,0.2555,0.747124,0.74184,41.0,3.0,2026-05-29T14:10:06.539925+00:00
2430,34,P05,no,1,0.2772,0.725562,0.719997,41.0,7.0,2026-05-29T14:10:07.156877+00:00
2445,34,P07,yes,20,12.3042,0.548459,0.679179,61.0,34.0,2026-05-29T14:10:08.729329+00:00
2462,34,P06,no,1,0.3486,0.654502,0.648194,63.0,41.0,2026-05-29T14:10:11.162120+00:00
2485,34,P03,yes,11,7.8853,0.685201,0.747124,84.0,45.0,2026-05-29T14:10:14.982359+00:00
2487,34,P03,yes,11,8.5197,0.747124,0.800415,95.0,45.0,2026-05-29T14:10:15.155887+00:00
2507,34,P05,no,1,0.2018,0.800415,0.79594,95.0,46.0,2026-05-29T14:10:16.478050+00:00
2513,34,P04,no,3,0.6468,0.791391,0.7773,95.0,50.0,2026-05-29T14:10:16.802978+00:00
2517,34,P05,no,1,0.23,0.772454,0.767535,95.0,52.0,2026-05-29T14:10:16.974307+00:00
2880,36,P01,no,1,-0.2942,0.702893,0.708661,229.0,197.0,2026-05-29T14:13:05.481341+00:00
2889,36,P06,yes,1,-0.7,0.702893,0.697059,227.0,197.0,2026-05-29T14:13:09.242621+00:00
2893,36,P05,no,1,0.3239,0.679179,0.673096,227.0,201.0,2026-05-29T14:13:09.889172+00:00
2900,36,P05,no,1,0.3678,0.635424,0.628965,226.0,207.0,2026-05-29T14:13:11.343377+00:00
2901,36,P05,no,1,0.3743,0.628965,0.622459,226.0,208.0,2026-05-29T14:13:12.131170+00:00
2917,36,P08,no,1,0.1237,0.87785,0.87484,246.0,176.0,2026-05-29T14:13:15.867416+00:00
2919,36,P08,no,1,0.1298,0.871766,0.868629,246.0,178.0,2026-05-29T14:13:16.663224+00:00
2927,39,P05,no,1,0.2063,0.79594,0.791391,232.0,184.0,2026-05-29T14:13:37.873301+00:00
2928,39,P05,no,1,0.2109,0.791391,0.786768,232.0,185.0,2026-05-29T14:13:38.059362+00:00
2930,39,P05,no,1,0.2203,0.782071,0.7773,232.0,187.0,2026-05-29T14:13:38.440036+00:00
2936,39,P05,no,1,0.2503,0.752336,0.747124,232.0,193.0,2026-05-29T14:13:40.657246+00:00
2942,39,P05,no,1,0.2828,0.719997,0.714362,232.0,199.0,2026-05-29T14:13:42.109120+00:00
2952,39,P05,no,1,0.3059,0.697059,0.691162,235.0,206.0,2026-05-29T14:13:43.305592+00:00
2957,39,P01,yes,1,0.7058,0.702893,0.708661,239.0,207.0,2026-05-29T14:13:43.797151+00:00
2963,39,P01,yes,1,0.7283,0.725562,0.731059,244.0,208.0,2026-05-29T14:13:44.530729+00:00
2968,39,P05,no,1,0.2608,0.74184,0.736485,247.0,210.0,2026-05-29T14:13:45.059008+00:00
2970,39,P05,no,1,0.2608,0.74184,0.736485,248.0,211.0,2026-05-29T14:13:45.647995+00:00
2977,39,P05,no,1,0.2942,0.708661,0.702893,248.0,217.0,2026-05-29T14:13:49.456677+00:00
2980,39,P01,no,1,0.3118,0.691162,0.685201,248.0,220.0,2026-05-29T14:13:50.213930+00:00
2985,39,P07,no,20,-5.4021,0.673096,0.782071,249.0,203.0,2026-05-29T14:13:51.162215+00:00
2986,39,P05,no,1,0.2203,0.782071,0.7773,249.0,204.0,2026-05-29T14:13:52.327962+00:00
2988,39,P05,no,1,0.23,0.772454,0.767535,249.0,206.0,2026-05-29T14:13:53.659433+00:00
2989,39,P05,no,1,0.235,0.767535,0.762542,249.0,207.0,2026-05-29T14:13:53.891794+00:00
2998,39,P05,no,1,0.2555,0.747124,0.74184,249.0,211.0,2026-05-29T14:13:57.774130+00:00
3001,39,P04,no,5,1.3864,0.736485,0.708661,249.0,217.0,2026-05-29T14:13:59.882602+00:00
3003,39,P05,no,20,-4.7735,0.708661,0.809142,249.0,197.0,2026-05-29T14:14:03.045877+00:00
3006,39,P08,yes,1,-0.807,0.809142,0.804815,248.0,197.0,2026-05-29T14:14:05.286873+00:00
3012,39,P02,no,20,4.9773,0.800415,0.697059,247.0,217.0,2026-05-29T14:14:07.498368+00:00
1109,22,P01,yes,1,0.807,0.804815,0.809142,237.0,185.0,2026-05-29T13:56:03.512774+00:00
1116,22,P01,yes,1,0.8277,0.825715,0.829676,242.0,185.0,2026-05-29T13:56:04.847555+00:00
1120,22,P01,yes,1,0.8355,0.833566,0.837384,244.0,185.0,2026-05-29T13:56:06.177394+00:00
1140,22,P04,no,1,-0.193,0.804815,0.809142,244.0,192.0,2026-05-29T13:56:18.164270+00:00
1146,22,P05,no,1,-0.1845,0.813395,0.817574,244.0,190.0,2026-05-29T13:56:19.494164+00:00
1147,22,P05,no,1,-0.1804,0.817574,0.821681,244.0,189.0,2026-05-29T13:56:20.115453+00:00
1155,22,P07,yes,20,-7.9589,0.465333,0.333045,164.0,189.0,2026-05-29T13:56:29.014068+00:00
1157,22,P07,yes,20,-5.5117,0.333045,0.2227,144.0,189.0,2026-05-29T13:56:29.198295+00:00
1159,22,P08,no,1,-0.8571,0.141176,0.144578,124.0,188.0,2026-05-29T13:56:29.666045+00:00
1162,22,P08,no,1,-0.8316,0.166434,0.170324,129.0,186.0,2026-05-29T13:56:30.207735+00:00
1164,22,P08,no,1,-0.8237,0.174285,0.178319,129.0,184.0,2026-05-29T13:56:30.616872+00:00
1171,22,P04,yes,1,0.2018,0.199585,0.20406,130.0,179.0,2026-05-29T13:56:31.323470+00:00
1179,22,P05,no,1,-0.77,0.227546,0.232465,130.0,173.0,2026-05-29T13:56:32.359859+00:00
1181,22,P05,no,1,-0.76,0.237458,0.242524,130.0,171.0,2026-05-29T13:56:32.710558+00:00
1188,22,P05,no,1,-0.7338,0.263515,0.268941,130.0,166.0,2026-05-29T13:56:33.507937+00:00
1194,22,P05,no,1,-0.7,0.297107,0.302941,131.0,161.0,2026-05-29T13:56:34.241595+00:00
1200,22,P05,no,1,-0.7797,0.217929,0.2227,132.0,177.0,2026-05-29T13:56:34.845147+00:00
1202,22,P05,no,1,-0.6639,0.333045,0.339244,152.0,176.0,2026-05-29T13:56:34.992329+00:00
1209,22,P05,no,1,-0.6192,0.377541,0.38409,152.0,169.0,2026-05-29T13:56:36.043169+00:00
1212,22,P01,yes,1,0.4006,0.397315,0.403985,153.0,167.0,2026-05-29T13:56:36.470085+00:00
1216,22,P01,yes,1,0.4276,0.4242,0.430999,154.0,164.0,2026-05-29T13:56:36.811124+00:00
1218,22,P05,no,1,-0.4276,0.569001,0.5758,174.0,163.0,2026-05-29T13:56:36.958132+00:00
1226,22,P05,no,1,-0.3743,0.622459,0.628965,177.0,158.0,2026-05-29T13:56:37.781769+00:00
1228,22,P05,no,1,-0.3614,0.635424,0.641834,178.0,157.0,2026-05-29T13:56:37.913779+00:00
1230,22,P01,yes,1,0.6514,0.648194,0.654502,180.0,157.0,2026-05-29T13:56:38.210369+00:00
1238,22,P04,no,1,0.235,0.767535,0.762542,181.0,139.0,2026-05-29T13:56:42.850287+00:00
1244,22,P06,yes,1,0.765,0.762542,0.767535,182.0,139.0,2026-05-29T13:56:46.883516+00:00
1270,22,P05,no,1,-0.1763,0.821681,0.825715,182.0,126.0,2026-05-29T13:56:55.327033+00:00
2405,34,P05,yes,1,0.606,0.602685,0.609318,16.0,0.0,2026-05-29T14:10:03.024296+00:00
2407,34,P05,yes,1,0.6192,0.61591,0.622459,18.0,0.0,2026-05-29T14:10:03.307584+00:00
2409,34,P05,yes,1,0.6322,0.628965,0.635424,20.0,0.0,2026-05-29T14:10:03.640347+00:00
2415,34,P06,no,1,0.3614,0.641834,0.635424,21.0,1.0,2026-05-29T14:10:05.739897+00:00
2420,34,P06,no,1,0.2503,0.752336,0.747124,41.0,2.0,2026-05-29T14:10:06.143140+00:00
2426,34,P05,no,1,0.2662,0.736485,0.731059,41.0,5.0,2026-05-29T14:10:06.857994+00:00
2449,34,P06,no,1,0.3239,0.679179,0.673096,62.0,36.0,2026-05-29T14:10:09.184351+00:00
2458,34,P06,no,1,0.3361,0.666955,0.660756,63.0,39.0,2026-05-29T14:10:10.441251+00:00
2460,34,P06,no,1,0.3424,0.660756,0.654502,63.0,40.0,2026-05-29T14:10:10.765967+00:00
2465,34,P06,no,1,0.355,0.648194,0.641834,63.0,42.0,2026-05-29T14:10:11.564323+00:00
2527,34,P05,no,1,0.2451,0.757476,0.752336,95.0,55.0,2026-05-29T14:10:18.024639+00:00
2552,34,P05,no,1,0.2608,0.74184,0.736485,95.0,58.0,2026-05-29T14:10:21.243754+00:00
2579,34,P01,no,10,3.9747,0.635424,0.569001,98.0,88.0,2026-05-29T14:10:28.624166+00:00
2594,34,P03,yes,6,1.9255,0.302941,0.339244,124.0,148.0,2026-05-29T14:10:30.036470+00:00
2596,34,P03,yes,6,2.1494,0.339244,0.377541,130.0,148.0,2026-05-29T14:10:30.232346+00:00
2604,34,P01,no,10,5.8244,0.451541,0.38409,151.0,168.0,2026-05-29T14:10:31.491238+00:00
1110,22,P06,yes,1,0.8113,0.809142,0.813395,238.0,185.0,2026-05-29T13:56:03.533131+00:00
1124,22,P05,no,1,0.1723,0.829676,0.825715,244.0,188.0,2026-05-29T13:56:10.403618+00:00
1126,22,P05,no,1,0.1763,0.825715,0.821681,244.0,189.0,2026-05-29T13:56:10.695043+00:00
1130,22,P05,no,1,0.1845,0.817574,0.813395,244.0,191.0,2026-05-29T13:56:13.147131+00:00
1133,22,P05,no,1,0.193,0.809142,0.804815,244.0,193.0,2026-05-29T13:56:14.527257+00:00
1152,22,P07,yes,20,-15.5214,0.821681,0.725562,224.0,189.0,2026-05-29T13:56:28.466016+00:00
1167,22,P08,no,1,-0.8155,0.182426,0.186605,129.0,182.0,2026-05-29T13:56:30.928580+00:00
1169,22,P05,no,1,-0.807,0.190858,0.195185,129.0,180.0,2026-05-29T13:56:31.224845+00:00
1173,22,P08,no,1,-0.7891,0.208609,0.213232,130.0,177.0,2026-05-29T13:56:31.458950+00:00
1174,22,P05,no,1,-0.7844,0.213232,0.217929,130.0,176.0,2026-05-29T13:56:31.592583+00:00
1180,22,P05,no,1,-0.765,0.232465,0.237458,130.0,172.0,2026-05-29T13:56:32.526076+00:00
1199,22,P05,no,1,-0.7844,0.213232,0.217929,132.0,178.0,2026-05-29T13:56:34.692335+00:00
1207,22,P05,no,1,-0.6322,0.364576,0.371035,152.0,171.0,2026-05-29T13:56:35.741753+00:00
1221,22,P01,yes,1,0.5927,0.589309,0.596015,175.0,161.0,2026-05-29T13:56:37.371799+00:00
1223,22,P01,yes,1,0.606,0.602685,0.609318,176.0,160.0,2026-05-29T13:56:37.554327+00:00
1259,22,P05,no,1,-0.2156,0.782071,0.786768,182.0,135.0,2026-05-29T13:56:53.640468+00:00
2582,34,P01,no,10,6.0253,0.430999,0.364576,98.0,118.0,2026-05-29T14:10:29.200165+00:00
2586,34,P01,no,10,6.6672,0.364576,0.302941,98.0,128.0,2026-05-29T14:10:29.376007+00:00
2613,34,P07,yes,20,5.5117,0.2227,0.333045,173.0,198.0,2026-05-29T14:10:31.996746+00:00
2887,36,P05,no,1,0.2885,0.714362,0.708661,229.0,197.0,2026-05-29T14:13:09.198287+00:00
2890,36,P05,no,1,0.3059,0.697059,0.691162,227.0,198.0,2026-05-29T14:13:09.357998+00:00
2895,36,P05,no,1,0.3361,0.666955,0.660756,227.0,203.0,2026-05-29T14:13:10.141978+00:00
2898,36,P05,no,1,0.355,0.648194,0.641834,226.0,205.0,2026-05-29T14:13:10.456948+00:00
2903,36,P05,no,1,0.3874,0.61591,0.609318,226.0,210.0,2026-05-29T14:13:12.488924+00:00
2906,36,P05,no,1,0.4073,0.596015,0.589309,226.0,213.0,2026-05-29T14:13:13.024621+00:00
2908,36,P05,no,1,0.4141,0.589309,0.58257,226.0,214.0,2026-05-29T14:13:13.188967+00:00
2914,36,P01,no,10,-2.1824,0.757476,0.804815,246.0,195.0,2026-05-29T14:13:15.243564+00:00
2915,36,P01,no,10,-1.7459,0.804815,0.844808,246.0,185.0,2026-05-29T14:13:15.425205+00:00
2916,36,P01,no,10,-1.3812,0.844808,0.87785,246.0,175.0,2026-05-29T14:13:15.614397+00:00
2983,39,P01,no,1,0.33,0.673096,0.666955,248.0,223.0,2026-05-29T14:13:50.766623+00:00
2992,39,P05,no,1,0.2451,0.757476,0.752336,249.0,209.0,2026-05-29T14:13:54.258859+00:00
3020,39,P09,no,20,-4.7735,0.708661,0.809142,249.0,197.0,2026-05-29T14:14:12.312115+00:00
3022,39,P02,no,20,4.7735,0.809142,0.708661,249.0,217.0,2026-05-29T14:14:13.269656+00:00
3023,39,P09,no,20,-4.7735,0.708661,0.809142,249.0,197.0,2026-05-29T14:14:14.690429+00:00
3051,39,P05,no,1,0.3808,0.622459,0.61591,249.0,232.0,2026-05-29T14:14:22.958504+00:00
3052,39,P05,no,1,0.3874,0.61591,0.609318,249.0,233.0,2026-05-29T14:14:23.138956+00:00
3054,39,P04,yes,10,6.3522,0.602685,0.666955,259.0,234.0,2026-05-29T14:14:23.550210+00:00
3074,39,P02,no,20,4.3832,0.825715,0.731059,260.0,224.0,2026-05-29T14:14:42.495157+00:00
3076,39,P01,yes,1,-0.7228,0.725562,0.719997,258.0,224.0,2026-05-29T14:14:45.595498+00:00
3078,39,P01,yes,1,-0.7172,0.719997,0.714362,257.0,224.0,2026-05-29T14:14:46.244873+00:00
3085,39,P05,no,1,0.2018,0.800415,0.79594,256.0,207.0,2026-05-29T14:14:49.991390+00:00
3091,39,P05,no,1,0.23,0.772454,0.767535,255.0,212.0,2026-05-29T14:14:51.406074+00:00
3095,39,P05,no,1,0.2503,0.752336,0.747124,255.0,216.0,2026-05-29T14:14:52.008781+00:00
3100,39,P06,yes,1,-0.7445,0.747124,0.74184,254.0,216.0,2026-05-29T14:14:57.560931+00:00
3104,39,P01,yes,1,-0.7338,0.736485,0.731059,252.0,216.0,2026-05-29T14:15:00.454496+00:00
3109,39,P01,yes,1,-0.7172,0.719997,0.714362,249.0,216.0,2026-05-29T14:15:01.314304+00:00
3111,39,P01,yes,1,-0.7115,0.714362,0.708661,248.0,216.0,2026-05-29T14:15:01.571437+00:00
3112,39,P01,yes,1,-0.7058,0.708661,0.702893,247.0,216.0,2026-05-29T14:15:01.779753+00:00
3120,41,P05,no,20,11.6412,0.486115,0.351806,234.0,256.0,2026-05-29T14:15:34.009576+00:00
3130,41,P05,no,20,6.1976,0.747124,0.628965,275.0,256.0,2026-05-29T14:15:38.933096+00:00
3132,41,P02,no,20,-6.1976,0.628965,0.747124,275.0,236.0,2026-05-29T14:15:40.743819+00:00
3135,41,P01,yes,1,-0.7338,0.736485,0.731059,272.0,236.0,2026-05-29T14:15:46.593158+00:00
3136,41,P01,yes,1,-0.7283,0.731059,0.725562,271.0,236.0,2026-05-29T14:15:46.746578+00:00
3143,41,P02,no,20,-4.6737,0.714362,0.813395,269.0,216.0,2026-05-29T14:15:50.504689+00:00
3145,41,P01,no,1,0.1887,0.813395,0.809142,269.0,217.0,2026-05-29T14:15:51.174248+00:00
3147,41,P01,no,1,0.193,0.809142,0.804815,269.0,218.0,2026-05-29T14:15:51.322428+00:00
3150,41,P01,no,1,0.2018,0.800415,0.79594,269.0,220.0,2026-05-29T14:15:51.663799+00:00
3199,41,P04,yes,1,-0.8466,0.848415,0.844808,276.0,215.0,2026-05-29T14:16:11.593412+00:00
3203,41,P05,no,1,-0.1429,0.855422,0.858824,276.0,211.0,2026-05-29T14:16:13.127391+00:00
3205,41,P05,no,1,-0.2203,0.7773,0.782071,276.0,230.0,2026-05-29T14:16:13.405508+00:00
3218,41,P05,no,20,-4.3832,0.731059,0.825715,265.0,209.0,2026-05-29T14:16:23.165168+00:00
3232,41,P02,no,20,4.5754,0.817574,0.719997,265.0,231.0,2026-05-29T14:16:36.673808+00:00
3249,41,P05,no,1,0.193,0.809142,0.804815,265.0,214.0,2026-05-29T14:16:45.109364+00:00
3251,41,P05,no,1,0.1974,0.804815,0.800415,265.0,215.0,2026-05-29T14:16:45.275414+00:00
3264,41,P05,no,1,0.2555,0.747124,0.74184,265.0,227.0,2026-05-29T14:16:47.273049+00:00
3266,41,P05,no,1,0.2662,0.736485,0.731059,265.0,229.0,2026-05-29T14:16:47.643705+00:00
3271,41,P07,yes,20,17.0163,0.813395,0.883683,285.0,212.0,2026-05-29T14:16:48.230845+00:00
3273,41,P05,no,1,0.1207,0.880797,0.87785,285.0,214.0,2026-05-29T14:16:48.524371+00:00
3278,41,P05,no,1,0.1207,0.880797,0.87785,285.0,214.0,2026-05-29T14:16:48.907216+00:00
3200,41,P05,no,1,-0.1534,0.844808,0.848415,276.0,214.0,2026-05-29T14:16:12.029208+00:00
3208,41,P09,yes,10,-7.5717,0.782071,0.731059,265.0,229.0,2026-05-29T14:16:14.141374+00:00
3225,41,P08,no,1,0.1094,0.891978,0.889273,265.0,190.0,2026-05-29T14:16:28.523919+00:00
3227,41,P02,no,20,2.8459,0.889273,0.821681,265.0,210.0,2026-05-29T14:16:29.209147+00:00
3256,41,P05,no,1,0.2156,0.786768,0.782071,265.0,219.0,2026-05-29T14:16:45.908006+00:00
3258,41,P05,no,1,0.2251,0.7773,0.772454,265.0,221.0,2026-05-29T14:16:46.255458+00:00
3265,41,P05,no,1,0.2608,0.74184,0.736485,265.0,228.0,2026-05-29T14:16:47.455093+00:00
3267,41,P05,no,1,0.2717,0.731059,0.725562,265.0,230.0,2026-05-29T14:16:47.806852+00:00
3274,41,P08,no,1,-0.1207,0.87785,0.880797,285.0,213.0,2026-05-29T14:16:48.598935+00:00
3201,41,P05,no,1,-0.1498,0.848415,0.851953,276.0,213.0,2026-05-29T14:16:12.611965+00:00
3204,41,P02,no,20,3.5906,0.858824,0.7773,276.0,231.0,2026-05-29T14:16:13.374153+00:00
3228,41,P08,no,1,0.1804,0.821681,0.817574,265.0,211.0,2026-05-29T14:16:29.229204+00:00
3248,41,P05,no,1,0.1887,0.813395,0.809142,265.0,213.0,2026-05-29T14:16:44.940878+00:00
3260,41,P05,no,1,0.235,0.767535,0.762542,265.0,223.0,2026-05-29T14:16:46.590354+00:00
3262,41,P05,no,1,0.2451,0.757476,0.752336,265.0,225.0,2026-05-29T14:16:46.923861+00:00
3269,41,P02,no,20,-4.5754,0.719997,0.817574,265.0,211.0,2026-05-29T14:16:48.060719+00:00
3202,41,P05,no,1,-0.1463,0.851953,0.855422,276.0,212.0,2026-05-29T14:16:12.893606+00:00
3206,41,P04,yes,1,-0.7797,0.782071,0.7773,275.0,230.0,2026-05-29T14:16:13.422877+00:00
3222,41,P05,no,20,-2.7789,0.825715,0.891978,265.0,189.0,2026-05-29T14:16:27.156245+00:00
3247,41,P05,no,1,0.1845,0.817574,0.813395,265.0,212.0,2026-05-29T14:16:44.760105+00:00
3254,41,P05,no,1,0.2109,0.791391,0.786768,265.0,218.0,2026-05-29T14:16:45.740027+00:00
3263,41,P05,no,1,0.2503,0.752336,0.747124,265.0,226.0,2026-05-29T14:16:47.088783+00:00
3270,41,P05,no,1,0.1845,0.817574,0.813395,265.0,212.0,2026-05-29T14:16:48.155773+00:00
3272,41,P05,no,1,0.1178,0.883683,0.880797,285.0,213.0,2026-05-29T14:16:48.341374+00:00
3277,41,P08,no,1,-0.1207,0.87785,0.880797,285.0,213.0,2026-05-29T14:16:48.739603+00:00
3207,41,P05,no,1,-0.2203,0.7773,0.782071,275.0,229.0,2026-05-29T14:16:13.639606+00:00
3238,41,P02,no,20,-4.5754,0.719997,0.817574,265.0,211.0,2026-05-29T14:16:41.108944+00:00
3252,41,P05,no,1,0.2018,0.800415,0.79594,265.0,216.0,2026-05-29T14:16:45.422895+00:00
3253,41,P05,no,1,0.2063,0.79594,0.791391,265.0,217.0,2026-05-29T14:16:45.589562+00:00
3257,41,P05,no,1,0.2203,0.782071,0.7773,265.0,220.0,2026-05-29T14:16:46.073006+00:00
3259,41,P05,no,1,0.23,0.772454,0.767535,265.0,222.0,2026-05-29T14:16:46.408198+00:00
3261,41,P05,no,1,0.24,0.762542,0.757476,265.0,224.0,2026-05-29T14:16:46.756503+00:00
3268,41,P05,no,1,0.2772,0.725562,0.719997,265.0,231.0,2026-05-29T14:16:47.992473+00:00
3276,41,P05,no,1,0.1207,0.880797,0.87785,285.0,214.0,2026-05-29T14:16:48.707474+00:00
3279,42,P05,no,1,0.1237,0.87785,0.87484,285.0,215.0,2026-05-29T14:17:34.722209+00:00
3280,42,P05,no,1,0.1267,0.87484,0.871766,285.0,216.0,2026-05-29T14:17:34.897878+00:00
3281,42,P05,no,1,0.1298,0.871766,0.868629,285.0,217.0,2026-05-29T14:17:35.040015+00:00
3282,42,P05,no,1,0.133,0.868629,0.865426,285.0,218.0,2026-05-29T14:17:35.206671+00:00
3283,42,P05,no,1,0.1362,0.865426,0.862158,285.0,219.0,2026-05-29T14:17:35.490653+00:00
3284,42,P05,no,1,0.1395,0.862158,0.858824,285.0,220.0,2026-05-29T14:17:35.641351+00:00
3285,42,P05,no,1,0.1429,0.858824,0.855422,285.0,221.0,2026-05-29T14:17:35.807039+00:00
3286,42,P05,no,1,0.1463,0.855422,0.851953,285.0,222.0,2026-05-29T14:17:35.973945+00:00
3287,42,P05,no,1,0.1498,0.851953,0.848415,285.0,223.0,2026-05-29T14:17:36.123132+00:00
3288,42,P05,no,1,0.1534,0.848415,0.844808,285.0,224.0,2026-05-29T14:17:36.274875+00:00
3289,42,P05,no,1,0.157,0.844808,0.841131,285.0,225.0,2026-05-29T14:17:36.439974+00:00
3290,42,P05,no,1,0.1607,0.841131,0.837384,285.0,226.0,2026-05-29T14:17:36.591603+00:00
3291,42,P05,no,1,0.1645,0.837384,0.833566,285.0,227.0,2026-05-29T14:17:36.757073+00:00
3292,42,P05,no,1,0.1684,0.833566,0.829676,285.0,228.0,2026-05-29T14:17:36.907036+00:00
3293,42,P05,no,1,0.1723,0.829676,0.825715,285.0,229.0,2026-05-29T14:17:37.073941+00:00
3294,42,P05,no,1,0.1763,0.825715,0.821681,285.0,230.0,2026-05-29T14:17:37.258300+00:00
3295,42,P05,no,1,0.1804,0.821681,0.817574,285.0,231.0,2026-05-29T14:17:37.455410+00:00
3296,42,P05,no,1,0.1845,0.817574,0.813395,285.0,232.0,2026-05-29T14:17:37.623499+00:00
3297,42,P05,no,1,0.1887,0.813395,0.809142,285.0,233.0,2026-05-29T14:17:37.809018+00:00
3298,42,P05,no,1,0.193,0.809142,0.804815,285.0,234.0,2026-05-29T14:17:37.972879+00:00
3299,42,P05,no,1,0.1974,0.804815,0.800415,285.0,235.0,2026-05-29T14:17:38.174643+00:00
3300,42,P05,no,1,0.2018,0.800415,0.79594,285.0,236.0,2026-05-29T14:17:38.340188+00:00
3301,42,P05,no,1,0.2063,0.79594,0.791391,285.0,237.0,2026-05-29T14:17:38.525929+00:00
3302,42,P05,no,1,0.2109,0.791391,0.786768,285.0,238.0,2026-05-29T14:17:38.712839+00:00
3303,42,P05,no,1,0.2156,0.786768,0.782071,285.0,239.0,2026-05-29T14:17:38.907990+00:00
3304,42,P05,no,1,0.2203,0.782071,0.7773,285.0,240.0,2026-05-29T14:17:39.092862+00:00
3305,42,P05,no,1,0.2251,0.7773,0.772454,285.0,241.0,2026-05-29T14:17:39.562357+00:00
3306,42,P05,no,1,0.23,0.772454,0.767535,285.0,242.0,2026-05-29T14:17:39.776627+00:00
3307,42,P05,no,1,0.235,0.767535,0.762542,285.0,243.0,2026-05-29T14:17:39.973376+00:00
3308,42,P09,yes,20,16.1584,0.762542,0.848415,305.0,243.0,2026-05-29T14:17:40.794553+00:00
3309,42,P05,no,1,0.1534,0.848415,0.844808,305.0,244.0,2026-05-29T14:17:42.440071+00:00
3310,42,P05,no,1,0.157,0.844808,0.841131,305.0,245.0,2026-05-29T14:17:42.741576+00:00
3311,42,P05,no,1,0.1607,0.841131,0.837384,305.0,246.0,2026-05-29T14:17:42.905825+00:00
3312,42,P05,no,1,0.1645,0.837384,0.833566,305.0,247.0,2026-05-29T14:17:43.127637+00:00
3313,42,P05,no,1,0.1684,0.833566,0.829676,305.0,248.0,2026-05-29T14:17:43.327073+00:00
3314,42,P05,no,1,0.1723,0.829676,0.825715,305.0,249.0,2026-05-29T14:17:43.506449+00:00
3316,42,P09,no,10,1.9549,0.825715,0.782071,305.0,259.0,2026-05-29T14:17:47.798447+00:00
3317,42,P02,no,20,-3.5098,0.782071,0.862158,305.0,239.0,2026-05-29T14:17:49.114882+00:00
3320,42,P09,no,10,1.5548,0.862158,0.825715,305.0,249.0,2026-05-29T14:17:56.349716+00:00
3321,42,P01,no,1,0.1763,0.825715,0.821681,305.0,250.0,2026-05-29T14:17:56.693527+00:00
3322,42,P01,no,1,0.1804,0.821681,0.817574,305.0,251.0,2026-05-29T14:17:57.087130+00:00
3323,42,P01,no,1,0.1845,0.817574,0.813395,305.0,252.0,2026-05-29T14:17:57.480232+00:00
3324,42,P01,no,1,0.1887,0.813395,0.809142,305.0,253.0,2026-05-29T14:17:57.898558+00:00
3326,42,P01,no,1,0.193,0.809142,0.804815,305.0,254.0,2026-05-29T14:17:58.346434+00:00
3330,42,P04,yes,20,-15.1253,0.804815,0.702893,285.0,254.0,2026-05-29T14:17:59.823091+00:00
3331,42,P08,no,1,-0.2942,0.702893,0.708661,285.0,253.0,2026-05-29T14:18:01.011578+00:00
3332,42,P05,no,1,-0.2885,0.708661,0.714362,285.0,252.0,2026-05-29T14:18:01.815897+00:00
3333,42,P07,yes,20,15.3263,0.714362,0.813395,305.0,252.0,2026-05-29T14:18:02.491751+00:00
3334,42,P09,yes,10,8.3327,0.813395,0.851953,315.0,252.0,2026-05-29T14:18:02.633526+00:00
3338,42,P08,yes,1,-0.8502,0.851953,0.848415,314.0,252.0,2026-05-29T14:18:05.709471+00:00
3343,42,P04,no,15,2.7157,0.848415,0.786768,314.0,267.0,2026-05-29T14:18:13.122253+00:00
3345,42,P08,no,1,-0.2109,0.786768,0.791391,314.0,266.0,2026-05-29T14:18:14.376699+00:00
3347,42,P07,yes,20,16.6476,0.791391,0.868629,334.0,266.0,2026-05-29T14:18:15.479754+00:00
3349,42,P02,no,20,3.3524,0.868629,0.791391,334.0,286.0,2026-05-29T14:18:16.411628+00:00
3351,42,P08,no,1,-0.2063,0.791391,0.79594,334.0,285.0,2026-05-29T14:18:17.515452+00:00
3384,42,P08,no,1,-0.3,0.697059,0.702893,294.0,263.0,2026-05-29T14:18:35.691088+00:00
3417,42,P06,no,1,-0.193,0.804815,0.809142,286.0,234.0,2026-05-29T14:18:53.726999+00:00
3437,42,P05,no,1,-0.3239,0.673096,0.679179,296.0,269.0,2026-05-29T14:18:59.090640+00:00
3446,42,P05,no,1,-0.2828,0.714362,0.719997,296.0,262.0,2026-05-29T14:19:00.043620+00:00
3450,42,P05,no,1,-0.2717,0.725562,0.731059,296.0,260.0,2026-05-29T14:19:00.414532+00:00
3358,42,P01,no,1,0.2063,0.79594,0.791391,334.0,286.0,2026-05-29T14:18:21.149577+00:00
3362,42,P08,no,1,-0.2063,0.791391,0.79594,334.0,285.0,2026-05-29T14:18:24.379292+00:00
3391,42,P04,yes,20,-16.3272,0.855422,0.772454,286.0,242.0,2026-05-29T14:18:40.722298+00:00
3398,42,P02,no,20,3.6728,0.855422,0.772454,286.0,242.0,2026-05-29T14:18:45.964485+00:00
3416,42,P06,no,1,-0.1974,0.800415,0.804815,286.0,235.0,2026-05-29T14:18:53.459271+00:00
3422,42,P06,no,1,-0.2772,0.719997,0.725562,286.0,251.0,2026-05-29T14:18:54.628368+00:00
3369,42,P05,no,1,-0.2018,0.79594,0.800415,334.0,284.0,2026-05-29T14:18:26.519199+00:00
3372,42,P02,no,20,-3.2008,0.800415,0.87484,334.0,264.0,2026-05-29T14:18:29.237268+00:00
3374,42,P07,yes,20,-16.7992,0.87484,0.800415,314.0,264.0,2026-05-29T14:18:30.686744+00:00
3382,42,P04,yes,20,-15.0227,0.800415,0.697059,294.0,264.0,2026-05-29T14:18:34.558107+00:00
3385,42,P08,no,1,-0.2942,0.702893,0.708661,294.0,262.0,2026-05-29T14:18:36.282149+00:00
3386,42,P06,yes,2,1.4287,0.708661,0.719997,296.0,262.0,2026-05-29T14:18:37.146281+00:00
3387,42,P09,yes,10,7.4682,0.719997,0.772454,306.0,262.0,2026-05-29T14:18:39.276667+00:00
3388,42,P05,no,20,-3.6728,0.772454,0.855422,306.0,242.0,2026-05-29T14:18:39.690215+00:00
3393,42,P04,yes,20,-14.3772,0.772454,0.660756,266.0,242.0,2026-05-29T14:18:40.907027+00:00
3394,42,P05,no,20,-5.6228,0.660756,0.772454,266.0,222.0,2026-05-29T14:18:42.230070+00:00
3396,42,P07,yes,20,16.3272,0.772454,0.855422,286.0,222.0,2026-05-29T14:18:44.396895+00:00
3403,42,P06,no,1,-0.2251,0.772454,0.7773,286.0,241.0,2026-05-29T14:18:49.147631+00:00
3406,42,P06,no,1,-0.2203,0.7773,0.782071,286.0,240.0,2026-05-29T14:18:49.722951+00:00
3407,42,P06,no,1,-0.2156,0.782071,0.786768,286.0,239.0,2026-05-29T14:18:50.609964+00:00
3409,42,P06,no,1,-0.2109,0.786768,0.791391,286.0,238.0,2026-05-29T14:18:51.256846+00:00
3411,42,P06,no,1,-0.2063,0.791391,0.79594,286.0,237.0,2026-05-29T14:18:52.044364+00:00
3415,42,P06,no,1,-0.2018,0.79594,0.800415,286.0,236.0,2026-05-29T14:18:53.239448+00:00
3418,42,P06,no,1,-0.1887,0.809142,0.813395,286.0,233.0,2026-05-29T14:18:53.972579+00:00
3420,42,P06,no,1,-0.1845,0.813395,0.817574,286.0,232.0,2026-05-29T14:18:54.357939+00:00
3421,42,P02,no,20,4.5754,0.817574,0.719997,286.0,252.0,2026-05-29T14:18:54.590926+00:00
3424,42,P06,no,1,-0.2717,0.725562,0.731059,286.0,250.0,2026-05-29T14:18:54.888383+00:00
3425,42,P02,no,20,6.5575,0.731059,0.609318,286.0,270.0,2026-05-29T14:18:55.527967+00:00
3434,42,P09,yes,10,6.4162,0.609318,0.673096,296.0,270.0,2026-05-29T14:18:58.417369+00:00
3438,42,P05,no,1,-0.3178,0.679179,0.685201,296.0,268.0,2026-05-29T14:18:59.256637+00:00
3439,42,P05,no,1,-0.3118,0.685201,0.691162,296.0,267.0,2026-05-29T14:18:59.446375+00:00
3442,42,P05,no,1,-0.3059,0.691162,0.697059,296.0,266.0,2026-05-29T14:18:59.572235+00:00
3443,42,P06,no,1,-0.3,0.697059,0.702893,296.0,265.0,2026-05-29T14:18:59.639127+00:00
3444,42,P05,no,1,-0.2942,0.702893,0.708661,296.0,264.0,2026-05-29T14:18:59.740675+00:00
3445,42,P05,no,1,-0.2885,0.708661,0.714362,296.0,263.0,2026-05-29T14:18:59.872919+00:00
3447,42,P05,no,1,-0.2772,0.719997,0.725562,296.0,261.0,2026-05-29T14:19:00.192476+00:00
3451,42,P05,no,1,-0.2662,0.731059,0.736485,296.0,259.0,2026-05-29T14:19:00.505487+00:00
3452,42,P01,no,20,-4.2893,0.736485,0.829676,296.0,239.0,2026-05-29T14:19:00.775681+00:00
3455,42,P05,no,1,-0.1684,0.829676,0.833566,296.0,238.0,2026-05-29T14:19:01.397934+00:00